# Blender 5.1.2
# www.blender.org
o tripo_node_59e4cdf0-6b07-4ca2-9126-597883b5e883
v -0.177040 0.014436 -0.359337
v -0.176409 -0.000017 -0.361791
v -0.152238 -0.001162 -0.308030
v -0.152995 -0.004775 -0.352489
v -0.139640 0.058671 -0.328359
v -0.158935 0.149301 -0.298852
v -0.152570 0.145833 -0.341959
v -0.148379 0.045798 -0.367969
v -0.145634 0.168430 -0.290703
v -0.152423 0.064286 -0.376089
v -0.144417 0.107064 -0.300510
v -0.139254 0.163449 -0.270654
v -0.148055 0.100629 -0.330939
v -0.137592 0.111894 -0.356922
v -0.144051 0.118304 -0.266843
v -0.125248 0.036926 -0.287953
v -0.133640 0.154397 -0.351324
v -0.140946 0.066261 -0.394433
v -0.116860 0.083720 -0.240197
v -0.121756 0.022290 -0.368215
v -0.117045 -0.000260 -0.253685
v -0.114820 0.118223 -0.362689
v -0.126256 0.065530 -0.254940
v -0.111766 0.040539 -0.392276
v -0.114017 0.068835 -0.400926
v -0.116380 0.164597 -0.298142
v -0.125834 -0.263877 -0.351558
v -0.095558 -0.007999 -0.284586
v -0.121618 -0.238438 -0.337575
v -0.120159 -0.238998 -0.356920
v -0.128111 -0.278090 -0.276483
v -0.113410 -0.247954 -0.316037
v -0.117720 -0.260015 -0.364082
v -0.088340 0.096672 -0.249136
v -0.119297 0.332874 -0.145769
v -0.117226 0.394457 -0.144519
v -0.120837 0.403265 -0.062278
v -0.112316 -0.261824 -0.236970
v -0.112087 0.383637 -0.097378
v -0.114010 0.357875 -0.154547
v -0.113289 0.349822 -0.186542
v -0.099461 -0.005877 -0.221344
v -0.113082 0.422133 -0.132756
v -0.111799 0.407635 -0.036263
v -0.113129 -0.271912 -0.310381
v -0.113021 -0.242449 -0.225547
v -0.113424 -0.262338 -0.196836
v -0.100648 -0.242854 -0.315033
v -0.106295 0.321413 -0.181652
v -0.092270 0.392371 -0.080478
v -0.105839 0.375126 -0.076813
v -0.103945 -0.233085 -0.209346
v -0.090927 0.312992 -0.152429
v -0.091687 0.380980 -0.163779
v -0.096755 0.019964 -0.198186
v -0.086643 0.070472 -0.183213
v -0.107651 0.296288 -0.122777
v -0.080962 -0.286091 -0.264857
v -0.099440 0.414052 -0.060537
v -0.099220 0.422401 -0.149242
v -0.096073 0.387886 -0.015720
v -0.096538 -0.264542 -0.152615
v -0.104208 -0.267467 -0.097418
v -0.097941 0.145037 -0.227976
v -0.104368 0.234483 -0.143794
v -0.093727 -0.283337 -0.217995
v -0.093383 -0.281038 -0.174171
v -0.100629 0.161351 -0.209207
v -0.100746 0.116379 -0.188199
v -0.085325 0.022271 -0.315839
v -0.098257 0.261445 -0.118569
v -0.100827 -0.250577 -0.101764
v -0.091449 0.063261 -0.382239
v -0.088988 0.358417 -0.162717
v -0.092268 -0.238363 -0.367412
v -0.085043 0.336440 -0.189481
v -0.088966 0.354217 -0.182887
v -0.083060 -0.257198 -0.365210
v -0.067256 0.048277 -0.337749
v -0.089235 0.181290 -0.124521
v -0.092442 -0.261211 -0.070764
v -0.085110 0.154093 -0.229297
v -0.080025 -0.313562 -0.134973
v -0.096635 -0.462147 -0.214373
v -0.077355 0.424897 -0.127820
v -0.084976 0.084649 -0.221215
v -0.070054 -0.252823 -0.240390
v -0.085750 0.274870 -0.132816
v -0.070861 -0.247364 -0.157219
v -0.087779 -0.034708 -0.268751
v -0.091367 0.241924 -0.175951
v -0.076751 0.119133 -0.161203
v -0.079939 0.164930 -0.207427
v -0.077064 0.263179 -0.140452
v -0.090882 -0.462391 -0.099560
v -0.085329 0.005448 -0.203221
v -0.086655 -0.233148 -0.088494
v -0.082817 -0.440582 -0.232104
v -0.080863 0.411461 -0.022778
v -0.077905 0.143941 -0.182481
v -0.092177 -0.402887 -0.138275
v -0.074164 -0.448757 -0.018094
v -0.092893 0.160784 -0.125324
v -0.081759 0.183535 -0.096913
v -0.072107 0.396585 -0.150122
v -0.058149 0.085770 -0.321690
v -0.080377 -0.400097 -0.221917
v -0.086520 -0.215643 -0.052609
v -0.073397 -0.452396 -0.295298
v -0.074715 0.191810 -0.162214
v -0.079360 0.369843 0.027177
v -0.063187 0.250261 -0.180601
v -0.069815 0.328791 -0.159219
v -0.082153 -0.067469 -0.279810
v -0.077095 0.152237 -0.149169
v -0.077270 -0.361381 -0.174038
v -0.078785 0.327801 0.032714
v -0.067191 -0.384139 -0.009328
v -0.068150 0.006387 -0.153166
v -0.065470 0.414383 -0.142754
v -0.069511 -0.192635 0.023288
v -0.078433 -0.183430 -0.024483
v -0.048727 0.037608 -0.139152
v -0.059623 -0.464455 -0.303814
v -0.062820 -0.324727 -0.207812
v -0.057486 -0.220885 -0.098471
v -0.060386 0.402997 -0.052385
v -0.050659 -0.475780 -0.192193
v -0.076447 -0.299648 -0.256197
v -0.056046 0.279374 0.059523
v -0.056360 -0.258111 0.011097
v -0.076727 0.383389 0.059903
v -0.064835 -0.453569 -0.005490
v -0.076615 -0.104365 -0.318156
v -0.058562 -0.239386 -0.387935
v -0.062393 -0.228503 -0.375944
v -0.055969 0.086721 -0.293944
v -0.058884 -0.398474 -0.268102
v -0.052511 0.105870 -0.105383
v -0.063247 0.324002 0.098318
v -0.067177 0.129570 -0.094612
v -0.067849 0.348906 -0.155842
v -0.058021 -0.254177 -0.382003
v -0.064057 0.098574 -0.223282
v -0.064454 0.309436 0.058391
v -0.065708 -0.102036 -0.264175
v -0.075082 0.423343 -0.010509
v -0.069068 -0.069053 -0.336445
v -0.076944 -0.333458 -0.094608
v -0.049567 0.059952 -0.136045
v -0.054498 0.174471 -0.013664
v -0.054329 0.462466 -0.002087
v -0.059272 -0.053814 -0.173365
v -0.046012 0.162410 -0.161042
v -0.049768 -0.192884 -0.061926
v -0.054047 -0.046255 -0.295456
v -0.062827 0.145324 -0.191639
v -0.069474 0.463030 -0.033298
v -0.072925 0.299773 0.103633
v -0.057522 -0.436301 -0.285289
v -0.053300 -0.331654 0.011862
v -0.064637 -0.077089 -0.354580
v -0.055197 -0.024065 -0.281162
v -0.064754 0.312009 0.123666
v -0.051499 0.211024 -0.169981
v -0.049132 0.391890 -0.086960
v -0.058938 0.432135 0.045748
v -0.067825 0.462180 -0.011859
v -0.054647 0.364848 0.104330
v -0.068389 -0.042623 -0.378960
v -0.051062 0.414483 0.027994
v -0.048125 0.104144 -0.212872
v -0.050703 0.146797 -0.173713
v -0.050519 -0.175442 0.019355
v -0.046550 0.263345 -0.143078
v -0.044227 -0.350413 -0.232145
v -0.051775 0.424548 -0.038437
v -0.054905 -0.097211 -0.214675
v -0.063738 -0.064144 -0.379606
v -0.056161 -0.415663 0.012730
v -0.049358 -0.008869 -0.131734
v -0.044028 0.291629 -0.133384
v -0.058468 0.375245 0.081743
v -0.054754 0.472574 -0.034204
v -0.063276 -0.036728 -0.356601
v -0.020342 0.042849 -0.250345
v -0.032554 -0.297488 -0.248456
v -0.048363 0.069072 -0.238268
v -0.021408 -0.245376 -0.335825
v -0.050400 0.278284 0.138842
v -0.047880 -0.139086 -0.310664
v -0.046483 -0.433585 0.045838
v -0.050134 0.018900 -0.130734
v -0.041101 0.430863 0.060597
v -0.035739 -0.120293 -0.338129
v -0.040803 -0.241876 -0.149244
v -0.029153 -0.234676 0.088105
v -0.032590 -0.048746 -0.388363
v -0.037449 0.109767 -0.157345
v -0.043985 0.322172 0.138336
v -0.036861 0.457367 -0.052161
v -0.054363 -0.145605 -0.391967
v -0.055461 -0.127580 -0.381265
v -0.033059 -0.045844 -0.334927
v -0.040592 -0.452841 -0.324393
v -0.034131 0.181816 0.052220
v -0.042625 -0.163033 0.070633
v -0.023684 -0.407115 -0.298438
v -0.026732 -0.192912 -0.065614
v -0.049713 -0.164802 -0.380630
v -0.027727 -0.070532 -0.370636
v -0.035340 -0.027678 -0.370404
v -0.025451 0.319858 0.122422
v -0.023709 -0.098114 -0.172677
v -0.039475 0.109480 -0.019696
v -0.043502 0.372578 -0.097353
v -0.035251 0.283026 0.157455
v -0.053644 0.388864 0.182322
v -0.042966 -0.118963 -0.263881
v -0.022180 0.134327 -0.129266
v -0.043064 0.326014 0.106741
v -0.040071 -0.215191 -0.114507
v -0.047218 0.094505 -0.080143
v -0.049854 0.357837 0.154165
v -0.041209 -0.207904 0.096480
v -0.024211 0.369803 0.099199
v -0.042895 0.041816 -0.110997
v -0.037575 0.271032 0.096661
v -0.029752 0.441371 -0.059310
v -0.046114 0.003668 -0.097273
v -0.025615 0.084955 -0.142160
v -0.032204 0.386027 0.153034
v -0.023638 -0.347554 0.085009
v -0.037456 -0.167536 0.090705
v -0.046086 -0.159571 -0.337183
v -0.025386 0.341116 0.215096
v -0.006425 0.029550 -0.296821
v -0.032306 0.120632 -0.129843
v -0.025939 -0.129237 -0.396452
v -0.038582 0.370037 0.144150
v -0.029131 -0.126396 -0.347772
v -0.019695 -0.388558 0.068839
v -0.036580 -0.025813 -0.096174
v -0.019469 -0.413561 0.094405
v -0.026638 -0.195702 -0.302836
v -0.022796 -0.032772 -0.273397
v -0.029116 0.362425 0.104062
v -0.027564 0.396700 0.180136
v -0.009368 -0.364776 -0.258737
v -0.032391 0.115076 -0.172874
v -0.036990 0.385354 0.235796
v -0.033164 0.295730 0.185145
v -0.024538 -0.210607 -0.094371
v -0.021606 0.372918 0.077267
v -0.018717 -0.436834 -0.303957
v -0.014066 -0.236057 -0.293047
v -0.021940 0.429551 0.050026
v -0.025243 -0.017918 -0.273692
v -0.032868 -0.157814 0.112687
v -0.011494 0.149644 -0.113982
v -0.020621 0.036899 -0.215831
v -0.019057 0.320026 0.097059
v -0.022468 0.409837 0.027296
v -0.029358 -0.183798 -0.354427
v -0.023578 0.021775 -0.078106
v -0.021431 0.359545 0.249964
v -0.021720 0.113912 0.024250
v -0.013320 0.439176 -0.060450
v -0.017622 0.272819 0.174640
v -0.017188 -0.166037 -0.383695
v -0.017708 0.459598 -0.049186
v -0.025145 -0.153324 -0.224921
v -0.025532 -0.164273 0.132080
v -0.019609 -0.065546 -0.363347
v -0.015091 -0.213497 -0.146733
v -0.013887 -0.156999 0.047987
v -0.007610 0.183630 0.116397
v -0.016453 0.055020 -0.325688
v -0.019159 0.042361 -0.059092
v 0.019436 0.066755 -0.156878
v 0.003309 0.067726 -0.290373
v -0.009419 -0.321795 -0.259343
v -0.018548 -0.154509 -0.192165
v -0.015560 -0.118222 -0.104612
v -0.017070 -0.044062 -0.066077
v -0.018803 -0.201632 0.131696
v -0.029176 -0.061411 0.002003
v -0.012787 -0.055746 -0.348307
v -0.013829 -0.143706 -0.160673
v -0.012716 -0.220323 -0.294751
v -0.010264 0.069849 -0.307244
v -0.017744 -0.107139 -0.000655
v -0.012451 -0.159698 0.075121
v -0.012406 -0.263854 -0.366148
v -0.000203 -0.143067 0.143013
v -0.017387 -0.071547 0.045323
v -0.013837 -0.180194 -0.241824
v 0.064042 -0.465573 -0.014764
v -0.018177 -0.186280 -0.116648
v -0.013330 -0.052452 -0.024932
v -0.009392 -0.223005 -0.240179
v -0.013205 -0.208421 -0.197425
v -0.003665 0.302503 0.228848
v -0.005695 -0.267581 -0.318698
v -0.003794 -0.197288 -0.337924
v 0.002492 0.191075 -0.046935
v 0.000267 0.007498 -0.285016
v -0.016443 -0.158430 -0.104971
v -0.005979 -0.455090 -0.318551
v -0.005964 -0.048295 0.030588
v -0.002581 0.346309 0.243580
v -0.002371 -0.141178 -0.353502
v -0.001807 0.385137 0.225000
v -0.011842 -0.144007 0.108075
v -0.003659 0.085046 -0.148713
v 0.028296 0.277655 0.018240
v -0.015907 -0.038776 -0.239902
v -0.004537 -0.285867 -0.279988
v -0.011226 -0.158377 -0.212308
v -0.014675 -0.043923 0.069599
v -0.002750 -0.112691 -0.342251
v 0.022736 -0.219487 0.196424
v 0.007924 -0.022760 -0.047621
v 0.013282 0.108415 0.114344
v -0.001746 0.290587 0.111244
v 0.000763 -0.060308 -0.280171
v 0.013623 -0.299862 0.170467
v 0.007301 0.044948 0.013024
v -0.002696 -0.162772 -0.367461
v -0.002976 0.443632 -0.028944
v 0.004164 -0.124382 -0.016848
v -0.006901 -0.136116 0.040779
v 0.044107 -0.461928 -0.268571
v -0.000898 0.017830 -0.053807
v -0.001668 0.003361 -0.040527
v -0.000952 0.354851 0.034110
v 0.008771 -0.007889 -0.231980
v 0.000875 -0.161083 0.000126
v 0.011507 0.340514 0.179056
v 0.002828 -0.228922 -0.315091
v 0.000812 -0.244976 -0.307219
v 0.002241 -0.069327 -0.247561
v -0.001084 -0.223156 -0.336074
v 0.009522 0.400252 -0.006071
v 0.000979 -0.050833 -0.205634
v 0.005960 -0.154590 -0.037978
v 0.006229 -0.215225 0.179100
v -0.004308 -0.041158 0.078340
v 0.031461 0.275416 0.156549
v 0.012818 0.356222 0.201101
v 0.015235 -0.397587 0.130356
v 0.014643 -0.372272 -0.263781
v -0.001346 -0.196181 -0.225802
v 0.001852 -0.088073 0.095881
v -0.003352 -0.108393 -0.063599
v 0.004109 -0.413320 -0.296780
v 0.010608 -0.041616 0.045320
v 0.006348 -0.131864 0.122562
v 0.014685 -0.004810 -0.196160
v 0.000454 0.301657 0.051728
v 0.006553 0.251576 0.246732
v 0.010218 -0.322277 -0.255858
v 0.017578 -0.445383 -0.297899
v 0.022541 -0.167018 0.161554
v 0.026809 -0.018079 0.008286
v 0.007621 0.025154 -0.272762
v 0.041113 -0.382981 0.110886
v 0.010899 0.215395 0.224511
v 0.016811 0.184188 -0.041637
v 0.015793 -0.038756 -0.195736
v 0.010006 0.357801 0.223566
v 0.028393 0.138959 -0.113364
v 0.000266 -0.046186 -0.149457
v 0.012523 0.339348 0.272249
v 0.023000 0.237386 0.060142
v 0.026383 -0.266363 -0.305615
v 0.014212 -0.293946 -0.274396
v 0.031429 0.024274 0.083561
v 0.041238 -0.190246 -0.280169
v 0.025084 -0.037089 0.039866
v 0.016728 0.143991 0.194255
v 0.028768 0.197810 -0.006839
v 0.016396 -0.088862 -0.144039
v 0.015340 0.293815 0.324228
v 0.012492 0.315950 0.283541
v 0.022938 -0.002502 -0.124877
v 0.039290 -0.336647 0.162079
v 0.018064 -0.216182 -0.340594
v 0.061196 0.156216 -0.092312
v 0.023384 -0.033959 -0.103998
v 0.016451 0.193617 0.240595
v 0.022068 -0.177815 -0.330129
v 0.020697 0.247958 0.254657
v 0.029106 -0.327886 -0.278408
v 0.018777 0.259504 0.314219
v 0.033982 -0.408022 0.139348
v 0.028037 -0.081113 0.092620
v 0.026343 0.194105 -0.024567
v 0.011576 0.277309 -0.060480
v 0.035229 -0.233181 -0.311695
v 0.036291 0.218458 0.110496
v 0.019912 0.285790 -0.074905
v 0.026261 0.059935 -0.136339
v 0.023857 -0.059076 0.066405
v 0.027094 0.270433 0.329057
v 0.027016 0.231392 0.235320
v 0.039536 -0.309062 -0.281697
v 0.028971 0.233205 -0.021327
v 0.036726 -0.106316 0.100944
v 0.032333 0.035213 -0.159807
v 0.043863 -0.288724 0.213001
v 0.046090 -0.170780 -0.188014
v 0.023574 0.088141 0.190374
v 0.029062 0.106260 0.256147
v 0.037709 0.200136 -0.059614
v 0.037167 0.316347 0.279576
v 0.075136 -0.471871 -0.165590
v 0.043044 -0.338441 -0.286560
v 0.028164 0.297482 -0.055226
v 0.032362 0.144011 0.264201
v 0.032550 -0.023379 0.054742
v 0.040619 -0.102545 -0.140718
v 0.051841 0.181016 -0.074135
v 0.040860 0.183905 0.071697
v 0.032619 0.196797 -0.026395
v 0.049319 -0.143982 0.142143
v 0.035682 -0.127852 -0.161398
v 0.054503 -0.378281 -0.244516
v 0.041684 -0.029918 -0.101442
v 0.059001 -0.285486 -0.291937
v 0.055005 0.357595 0.236445
v 0.041726 -0.167673 -0.234680
v 0.041805 0.332411 0.266516
v 0.054477 0.218093 0.233829
v 0.057469 0.070855 -0.113423
v 0.051725 0.000424 0.183381
v 0.043610 0.241524 0.026225
v 0.045923 -0.137995 0.123495
v 0.044191 0.053775 0.229836
v 0.054463 -0.401811 0.138957
v 0.039436 0.248911 0.231753
v 0.048198 0.266709 0.308853
v 0.053491 0.255666 -0.079167
v 0.041619 0.291917 -0.076268
v 0.043398 0.352160 0.194228
v 0.050306 -0.162111 0.182026
v 0.050869 -0.253274 0.256595
v 0.039837 0.127732 0.297287
v 0.042865 0.232976 0.049367
v 0.033138 -0.156183 0.326894
v 0.056513 -0.189055 -0.149141
v 0.038710 -0.145508 0.295795
v 0.074331 0.190345 0.250627
v 0.043088 -0.015462 0.097290
v 0.044317 0.294452 -0.059262
v 0.043069 -0.171283 0.223745
v 0.050340 -0.223992 -0.301431
v 0.063413 -0.271385 -0.313290
v 0.061541 0.037206 0.289063
v 0.050876 0.224615 -0.029176
v 0.068545 -0.064763 -0.134942
v 0.048785 -0.127918 0.332141
v 0.056262 0.307185 0.221147
v 0.081919 -0.426017 0.119920
v 0.065871 -0.160916 0.355013
v 0.058069 0.254942 0.197885
v 0.063039 -0.249612 -0.316074
v 0.066241 0.195981 0.067585
v 0.066250 -0.301442 -0.285151
v 0.044778 0.298802 0.318014
v 0.054079 0.105767 0.336962
v 0.051333 0.124491 0.323829
v 0.049003 0.303245 0.244922
v 0.057763 -0.205335 0.287692
v 0.055472 -0.312839 -0.316664
v 0.070204 0.203465 0.249158
v 0.059069 -0.155348 -0.133328
v 0.050016 0.132859 0.092409
v 0.051877 -0.283574 0.250531
v 0.057877 -0.181515 0.341623
v 0.068463 0.011491 0.342900
v 0.062905 0.207196 -0.014147
v 0.066573 -0.155228 0.216494
v 0.079328 0.141276 0.285619
v 0.066425 -0.299517 0.217703
v 0.065886 0.343792 0.244108
v 0.078194 0.007843 -0.076289
v 0.070356 -0.314855 0.184697
v 0.079096 -0.224830 -0.143160
v 0.081657 -0.004803 0.247020
v 0.070150 0.237156 -0.034430
v 0.084113 0.143761 0.168631
v 0.070049 0.230712 -0.094624
v 0.078593 -0.298355 -0.321365
v 0.066825 -0.189510 -0.255578
v 0.054960 0.126592 -0.038121
v 0.060236 -0.324510 0.267753
v 0.056250 0.120508 0.009177
v 0.074749 -0.015791 -0.085138
v 0.074078 0.178396 -0.074507
v 0.080974 -0.192955 -0.202005
v 0.087457 -0.030150 -0.130977
v 0.076779 0.247452 -0.080421
v 0.063561 0.060688 -0.023333
v 0.089002 -0.337570 0.161406
v 0.073399 0.114009 0.107899
v 0.067428 -0.319646 0.328325
v 0.071146 0.120805 0.139998
v 0.062935 -0.129454 0.333495
v 0.075293 -0.256399 -0.302190
v 0.079177 0.004610 0.019333
v 0.071578 0.204837 -0.006328
v 0.090256 0.198974 0.232919
v 0.085259 0.126601 0.318003
v 0.068142 0.096774 0.044992
v 0.075146 0.136843 -0.072880
v 0.081666 -0.039439 0.203923
v 0.087484 -0.107054 0.197809
v 0.075389 0.043009 0.344472
v 0.070904 -0.394654 0.107856
v 0.085641 0.229398 0.026041
v 0.076671 0.212863 0.015859
v 0.077386 0.186585 -0.006784
v 0.073230 0.237482 0.050380
v 0.074061 -0.306326 0.234883
v 0.085568 0.193262 0.190416
v 0.091419 -0.458378 -0.189571
v 0.074550 -0.284700 -0.276616
v 0.097010 -0.378004 -0.195042
v 0.102139 -0.320239 -0.328535
v 0.097341 0.172378 0.274463
v 0.081258 0.177144 0.036664
v 0.074256 -0.023359 0.202353
v 0.097731 -0.223410 0.369592
v 0.090008 0.214213 -0.036627
v 0.090451 -0.153876 0.201434
v 0.084242 -0.341051 -0.262626
v 0.086634 0.105216 0.344474
v 0.102159 -0.401893 -0.161854
v 0.103186 -0.315597 0.265866
v 0.070242 -0.002333 0.332943
v 0.087158 -0.307163 -0.329845
v 0.100159 -0.026340 -0.120016
v 0.106044 -0.409389 0.076836
v 0.086957 0.179972 0.064349
v 0.089292 0.020618 -0.015714
v 0.101644 -0.426532 0.103066
v 0.083042 -0.221123 -0.261914
v 0.093077 -0.323938 0.329138
v 0.116244 0.076003 -0.085983
v 0.080009 -0.281432 -0.206053
v 0.091943 -0.166716 -0.122647
v 0.090393 -0.306762 -0.257817
v 0.093496 -0.290324 0.363402
v 0.091963 0.228260 0.050127
v 0.103486 -0.284650 0.215397
v 0.112938 0.091491 -0.069849
v 0.113243 -0.091122 -0.129393
v 0.094939 0.232471 -0.077648
v 0.085392 -0.004851 0.286655
v 0.096559 -0.296715 -0.173823
v 0.096686 -0.169010 0.357730
v 0.098674 -0.028036 -0.077784
v 0.134836 -0.074349 0.268540
v 0.107095 -0.022844 0.070033
v 0.088530 -0.257245 -0.192735
v 0.090598 -0.053689 0.000521
v 0.107657 -0.170395 0.235619
v 0.105975 -0.065434 -0.124649
v 0.112275 0.134893 0.086732
v 0.095451 -0.302818 -0.212597
v 0.119674 -0.298474 -0.317779
v 0.094615 0.173653 0.047553
v 0.101312 -0.292818 0.165062
v 0.117766 -0.026971 0.228539
v 0.104347 -0.001123 0.323355
v 0.089729 -0.078462 -0.080308
v 0.094220 -0.041148 -0.031923
v 0.101780 0.114729 0.140432
v 0.123324 -0.452722 0.016904
v 0.099739 -0.157165 -0.054411
v 0.122226 -0.457306 -0.105604
v 0.112387 0.071543 -0.044492
v 0.106413 -0.383608 0.091547
v 0.100038 -0.277453 0.397985
v 0.116990 -0.147223 0.044834
v 0.115569 0.125884 0.350197
v 0.132662 0.110212 0.355334
v 0.116047 0.053602 0.091779
v 0.114426 -0.000549 -0.043422
v 0.110567 -0.276156 -0.133655
v 0.096673 0.094758 0.210789
v 0.130029 0.088789 0.343285
v 0.165562 -0.297519 -0.088819
v 0.111128 -0.077161 -0.112606
v 0.105433 0.143051 0.281306
v 0.118787 -0.244956 0.395154
v 0.106255 -0.210579 -0.015050
v 0.124428 0.132343 0.116078
v 0.105210 0.050328 0.181467
v 0.115377 0.136416 0.174732
v 0.122976 -0.052042 0.239005
v 0.122608 0.058275 -0.058976
v 0.117190 0.033599 0.229569
v 0.119776 0.102561 0.152171
v 0.111377 -0.204171 0.367324
v 0.115397 0.182219 0.186551
v 0.163197 -0.319979 -0.173926
v 0.135284 -0.014746 0.237396
v 0.124557 -0.301666 0.322214
v 0.115383 0.023633 -0.033578
v 0.124265 -0.197779 0.345007
v 0.143987 -0.135364 0.242652
v 0.123349 -0.287481 0.392232
v 0.122017 -0.215347 -0.033922
v 0.125017 -0.360389 0.059002
v 0.115639 -0.218261 0.042646
v 0.137881 -0.147697 -0.091619
v 0.121402 -0.285337 0.359735
v 0.138807 -0.109855 0.242574
v 0.111904 0.135135 0.270725
v 0.116887 -0.255920 0.406593
v 0.125804 0.120867 0.086729
v 0.142145 -0.230417 0.400370
v 0.123040 -0.301006 -0.157980
v 0.159233 -0.020828 0.276861
v 0.132263 -0.320857 -0.250136
v 0.122080 -0.288912 0.061015
v 0.125113 -0.155668 -0.066257
v 0.124094 0.172949 0.262887
v 0.122300 -0.235189 0.111204
v 0.153736 -0.285244 -0.242415
v 0.123537 -0.274115 0.406418
v 0.155001 0.023785 0.326260
v 0.127161 -0.431169 -0.039458
v 0.145978 -0.290046 -0.285469
v 0.131931 -0.312319 -0.035184
v 0.133762 0.062222 0.145048
v 0.126472 -0.304353 -0.130756
v 0.136444 0.127249 0.333732
v 0.125858 -0.387744 -0.083655
v 0.138186 -0.369142 -0.131633
v 0.156530 -0.202005 0.227243
v 0.134668 -0.195672 0.319110
v 0.155960 0.047749 0.340315
v 0.130216 0.173177 0.207862
v 0.141907 -0.308743 -0.308498
v 0.136796 -0.267617 0.263502
v 0.138465 -0.007593 0.324928
v 0.139881 0.114289 0.122165
v 0.134912 0.036664 0.129927
v 0.134078 -0.360662 -0.085057
v 0.142104 -0.212957 0.374982
v 0.139050 -0.059358 0.266992
v 0.142400 0.008942 0.176575
v 0.166590 0.010743 0.304957
v 0.141841 -0.251235 0.393506
v 0.136464 -0.315500 -0.041913
v 0.155635 -0.269155 -0.206492
v 0.164533 -0.201721 0.333877
v 0.154256 -0.087068 0.273580
v 0.142579 0.094495 0.327394
v 0.144041 -0.172076 0.268142
v 0.150268 -0.011384 0.221365
v 0.156848 -0.049000 0.236791
v 0.145033 -0.001548 0.234899
v 0.166822 -0.292198 -0.266297
v 0.170793 -0.142682 0.220575
v 0.167798 -0.223037 0.332981
v 0.165833 -0.272053 -0.196333
v 0.155928 -0.194295 -0.030466
v 0.167265 -0.300520 -0.162629
v 0.155397 -0.229154 0.383485
v 0.159592 -0.173836 -0.056087
v 0.164437 -0.300171 -0.234178
v 0.163800 -0.180044 0.314763
v 0.175977 -0.297197 -0.040133
v 0.166989 -0.001949 0.316858
v 0.169629 -0.320260 -0.121356
v 0.166073 -0.063829 0.230116
v 0.156160 -0.179609 0.280809
v 0.168454 -0.352386 -0.131594
v 0.164932 -0.202766 0.367158
v 0.170998 -0.061445 0.266235
v 0.169072 -0.205115 -0.060630
v 0.167748 -0.150225 0.250236
v 0.161025 -0.176997 0.258202
v 0.164609 -0.318241 -0.064485
v 0.170563 -0.219211 0.375793
v 0.167477 -0.104231 0.232582
v 0.173773 -0.095085 0.257091
v 0.176461 -0.186626 0.308074
v 0.173176 -0.320440 -0.142470
v 0.178849 -0.285730 -0.203686
v 0.171345 -0.201449 -0.041029
v 0.173410 -0.306401 -0.077683
v 0.178013 -0.211432 0.353518
vn -0.2096 -0.0009 -0.9778
vn -0.8541 0.1267 -0.5045
vn -0.6172 0.5635 -0.5491
vn -0.0112 0.5091 -0.8606
vn 0.1314 0.1411 -0.9812
vn 0.3232 0.3490 -0.8796
vn -0.2037 0.4376 -0.8758
vn 0.6468 -0.2927 -0.7042
vn -0.3290 0.4479 -0.8314
vn -0.6884 0.0889 -0.7199
vn -0.2467 -0.6439 -0.7242
vn 0.6032 0.1101 -0.7899
vn 0.6096 -0.6191 -0.4951
vn 0.3977 -0.8297 -0.3917
vn 0.6539 -0.5944 -0.4682
vn 0.8322 -0.4922 -0.2552
vn 0.4850 -0.8635 -0.1384
vn 0.9107 -0.3160 -0.2659
vn 0.7400 -0.2452 -0.6263
vn 0.7137 -0.6920 -0.1091
vn 0.8879 -0.2410 -0.3919
vn 0.7919 -0.4686 -0.3916
vn 0.3555 -0.2481 -0.9011
vn -0.4024 -0.7763 -0.4852
vn -0.1087 -0.9939 -0.0198
vn 0.2461 -0.9657 -0.0823
vn 0.0388 -0.9867 0.1581
vn -0.8785 -0.4493 -0.1625
vn -0.7596 -0.6294 0.1639
vn -0.4862 -0.8018 0.3474
vn -0.9057 -0.2917 0.3077
vn -0.9117 0.3137 -0.2655
vn -0.6857 0.4427 -0.5777
vn -0.6832 0.3080 -0.6621
vn -0.9156 0.2836 -0.2851
vn -0.9895 0.1442 0.0134
vn -0.9431 0.0745 0.3242
vn -0.9944 -0.0415 0.0973
vn -0.9654 -0.2584 -0.0353
vn -0.9551 0.2059 -0.2132
vn -0.8344 -0.3616 -0.4159
vn -0.8874 0.1213 0.4448
vn -0.9410 0.0101 0.3382
vn -0.9632 -0.0713 0.2592
vn -0.9112 -0.1385 0.3880
vn -0.8065 -0.2450 0.5381
vn -0.8156 0.0975 0.5703
vn -0.3093 0.1357 0.9412
vn -0.5114 0.3874 0.7671
vn 0.3058 0.3092 0.9005
vn -0.3197 -0.6849 0.6547
vn -0.7245 -0.4349 0.5347
vn 0.3603 -0.5769 0.7331
vn -0.7239 -0.2588 0.6396
vn -0.2299 -0.3221 0.9184
vn 0.7759 -0.2566 0.5763
vn 0.5726 0.0359 0.8190
vn 0.9203 -0.0222 0.3906
vn -0.8444 0.5343 -0.0390
vn -0.7362 0.6350 -0.2342
vn -0.4419 0.7926 -0.4201
vn -0.5122 0.8329 -0.2098
vn -0.6370 0.7334 -0.2375
vn -0.8889 0.4117 -0.2009
vn -0.9698 0.2122 -0.1205
vn -0.9938 -0.0894 0.0664
vn -0.9544 0.2399 -0.1777
vn -0.9750 -0.2065 0.0820
vn -0.2370 0.9710 0.0304
vn -0.9322 0.3599 0.0373
vn -0.2397 -0.5348 -0.8102
vn -0.3992 -0.1684 -0.9013
vn -0.1729 -0.5521 -0.8157
vn -0.0745 -0.7983 -0.5977
vn -0.0444 -0.4784 -0.8770
vn -0.2227 -0.9203 -0.3215
vn -0.3336 -0.6813 -0.6516
vn -0.3869 -0.7200 -0.5761
vn -0.8546 -0.5177 0.0418
vn -0.7413 -0.6707 0.0274
vn -0.8998 -0.4355 -0.0270
vn -0.9689 0.2473 -0.0003
vn -0.9458 -0.2234 0.2357
vn -0.9652 -0.1718 0.1972
vn 0.7686 -0.5973 0.2290
vn 0.8410 -0.5277 -0.1194
vn 0.9951 -0.0987 -0.0058
vn -0.5853 -0.7632 -0.2736
vn -0.7649 0.5688 0.3023
vn -0.1731 -0.7578 -0.6291
vn -0.1248 -0.6651 -0.7362
vn -0.7438 -0.5060 0.4367
vn -0.9355 0.2504 -0.2494
vn -0.6937 -0.5548 -0.4594
vn 0.0820 -0.9312 -0.3553
vn 0.2192 -0.7042 -0.6753
vn -0.2195 -0.8410 -0.4945
vn 0.4019 -0.6916 -0.6002
vn 0.0297 -0.0754 -0.9967
vn -0.7587 -0.6104 -0.2277
vn -0.6013 0.6718 -0.4325
vn -0.3979 -0.4904 -0.7754
vn -0.6616 0.7217 0.2033
vn -0.3592 0.6310 -0.6876
vn 0.0476 0.9438 -0.3272
vn -0.1334 0.9695 0.2058
vn 0.0446 0.2713 -0.9614
vn 0.7220 -0.3001 -0.6234
vn 0.4872 0.8616 -0.1422
vn 0.3404 -0.4995 -0.7967
vn -0.5620 -0.2946 -0.7729
vn -0.7292 -0.4659 -0.5012
vn -0.8802 -0.4066 -0.2449
vn -0.9226 -0.3830 -0.0453
vn -0.9356 0.3455 -0.0720
vn -0.9882 -0.0414 -0.1473
vn -0.7961 -0.5537 0.2443
vn -0.6892 -0.6531 0.3139
vn -0.8737 -0.3247 0.3622
vn -0.7733 -0.5704 0.2770
vn -0.8900 -0.3664 0.2714
vn -0.8708 -0.4909 0.0263
vn -0.8582 -0.4303 0.2798
vn -0.7364 0.3996 -0.5460
vn -0.5445 -0.5029 -0.6713
vn -0.5943 0.7394 0.3163
vn -0.4216 0.7598 -0.4950
vn 0.0213 0.9931 0.1151
vn -0.8078 -0.2549 -0.5315
vn 0.4007 0.0963 -0.9112
vn 0.2996 0.9305 -0.2107
vn 0.8490 0.4754 -0.2307
vn 0.8307 -0.0313 -0.5558
vn -0.7186 -0.1462 -0.6799
vn -0.7429 0.6515 -0.1535
vn 0.3121 0.5422 -0.7802
vn -0.4136 0.8306 -0.3729
vn 0.7699 0.4257 -0.4754
vn 0.7757 -0.2340 -0.5862
vn 0.3978 -0.5610 -0.7260
vn -0.6727 -0.6198 -0.4042
vn -0.9826 -0.1696 0.0752
vn -0.3730 -0.8598 -0.3488
vn -0.1904 -0.4764 -0.8584
vn 0.8238 0.2025 -0.5294
vn 0.6281 0.0705 -0.7750
vn 0.7019 0.4808 -0.5255
vn 0.8640 -0.1453 -0.4820
vn 0.1056 0.1963 -0.9748
vn -0.6971 0.6547 -0.2924
vn -0.4585 -0.6200 -0.6367
vn 0.3392 -0.2707 -0.9009
vn -0.4977 -0.6933 -0.5212
vn -0.9545 -0.2459 -0.1685
vn 0.7939 0.4712 -0.3844
vn 0.8635 0.5027 -0.0414
vn 0.8110 0.5687 -0.1372
vn 0.8851 0.4653 -0.0082
vn 0.9497 -0.0129 -0.3129
vn 0.9584 -0.2046 -0.1988
vn 0.9720 -0.0348 -0.2326
vn 0.8661 -0.4728 -0.1623
vn 0.2325 -0.2676 -0.9350
vn -0.8474 -0.4536 0.2760
vn -0.9474 0.0400 0.3174
vn -0.9576 0.0576 0.2824
vn -0.9287 -0.1339 0.3459
vn -0.9469 -0.2808 0.1564
vn -0.8557 -0.0812 -0.5111
vn -0.6971 0.6011 -0.3908
vn -0.1090 0.9914 -0.0720
vn -0.3160 0.9480 0.0382
vn -0.9288 0.3702 -0.0174
vn -0.9975 -0.0038 0.0701
vn -0.8671 -0.3717 0.3317
vn -0.9034 0.4024 -0.1481
vn -0.9261 0.2439 0.2879
vn -0.2577 0.8587 -0.4429
vn -0.6824 0.7242 -0.0987
vn -0.5657 0.7953 -0.2181
vn 0.4949 -0.3160 -0.8095
vn -0.7565 -0.4190 0.5022
vn -0.8549 -0.1175 0.5053
vn -0.8237 -0.0325 0.5661
vn -0.8338 -0.2486 0.4929
vn -0.4307 0.8966 -0.1031
vn -0.6859 0.7192 -0.1108
vn -0.9691 -0.1785 -0.1700
vn -0.9644 -0.2100 -0.1610
vn -0.8452 0.4971 -0.1961
vn -0.8194 0.5590 0.1266
vn -0.5917 0.7878 0.1711
vn -0.6965 0.7164 -0.0407
vn -0.9092 -0.2126 0.3579
vn -0.8860 -0.1932 0.4216
vn -0.8660 -0.0423 0.4983
vn -0.8942 0.1551 0.4200
vn -0.9093 0.0947 0.4052
vn -0.9318 0.3629 -0.0040
vn -0.9802 -0.1057 0.1675
vn -0.9668 -0.1378 0.2153
vn -0.9902 0.1241 0.0641
vn -0.9582 0.2688 0.0978
vn 0.5847 -0.4082 -0.7010
vn 0.6242 -0.4411 -0.6448
vn 0.5867 -0.4109 -0.6978
vn 0.5410 -0.0316 -0.8404
vn 0.9906 0.1334 -0.0288
vn -0.7011 0.6957 -0.1566
vn -0.8218 -0.5694 0.0179
vn 0.6302 0.6155 -0.4733
vn 0.5412 0.7230 -0.4294
vn -0.5803 0.0302 -0.8138
vn -0.6886 0.2883 -0.6654
vn 0.3114 0.5761 -0.7557
vn -0.9630 -0.0176 -0.2690
vn -0.9942 -0.1049 -0.0239
vn 0.1969 0.1960 -0.9606
vn 0.7591 0.0402 -0.6497
vn -0.9997 0.0226 -0.0004
vn -0.9466 -0.0329 0.3208
vn -0.8003 -0.0937 0.5922
vn -0.8609 -0.3628 0.3566
vn -0.9855 -0.1175 0.1227
vn -0.9599 0.0781 0.2693
vn -0.8888 -0.3671 0.2743
vn -0.8996 -0.2688 0.3443
vn -0.0770 0.9812 0.1769
vn -0.7253 0.6420 0.2485
vn -0.9433 0.3112 -0.1152
vn -0.4126 0.8837 -0.2209
vn -0.8735 -0.3139 -0.3722
vn -0.7862 0.6027 0.1363
vn 0.9842 -0.0992 -0.1467
vn 0.9793 -0.1838 -0.0848
vn 0.8130 0.5098 -0.2813
vn 0.8934 0.2022 -0.4013
vn 0.9577 0.1377 -0.2527
vn -0.8851 -0.2398 0.3988
vn -0.8797 -0.2457 0.4071
vn -0.8330 0.5320 0.1520
vn -0.3863 0.6565 0.6479
vn -0.4747 0.3550 0.8053
vn -0.9838 0.1064 0.1444
vn -0.7931 -0.1676 0.5855
vn -0.7495 0.1846 0.6357
vn -0.8794 0.1210 0.4605
vn -0.7975 -0.3077 0.5190
vn -0.3244 0.7254 0.6071
vn -0.4486 0.6695 0.5921
vn -0.5044 0.7134 0.4865
vn -0.7955 -0.0823 0.6004
vn -0.4666 0.3534 0.8108
vn -0.4779 0.5137 0.7126
vn -0.5460 0.7778 0.3114
vn -0.4959 0.6432 0.5834
vn -0.1685 0.9839 -0.0596
vn -0.7960 0.5679 0.2094
vn -0.0796 0.8015 0.5927
vn -0.7082 -0.5944 0.3809
vn -0.9218 -0.0810 0.3790
vn -0.8989 0.4379 0.0143
vn 0.2831 0.4594 0.8419
vn -0.7317 -0.1336 0.6684
vn -0.9734 0.0853 0.2124
vn -0.4870 0.6402 0.5941
vn 0.1813 -0.6081 -0.7729
vn -0.8188 0.3216 -0.4755
vn 0.0499 0.7035 -0.7089
vn 0.5276 0.8491 0.0275
vn 0.5838 0.7935 0.1720
vn 0.3934 0.7568 0.5220
vn 0.6341 0.6821 -0.3643
vn -0.5227 0.8216 -0.2274
vn 0.6165 0.7294 0.2967
vn -0.6161 0.3225 0.7186
vn -0.8637 -0.0790 0.4977
vn -0.9751 0.1924 0.1099
vn -0.2210 0.6904 0.6889
vn -0.4416 0.8910 0.1054
vn -0.8693 -0.0234 0.4937
vn -0.9494 -0.0162 0.3136
vn -0.6735 0.0803 -0.7348
vn 0.1743 0.5263 -0.8322
vn 0.1463 0.2231 -0.9637
vn 0.6665 0.4127 -0.6208
vn -0.7161 0.6937 0.0771
vn -0.9605 0.0128 0.2781
vn 0.3286 0.9437 0.0376
vn 0.7786 0.6258 -0.0469
vn 0.7746 0.5591 -0.2957
vn 0.5548 0.7509 -0.3582
vn -0.4829 0.2890 0.8266
vn -0.3242 0.6894 0.6478
vn 0.5740 0.8072 -0.1379
vn 0.4191 0.8593 0.2933
vn -0.9256 -0.0708 -0.3719
vn -0.3332 0.6901 -0.6424
vn -0.6100 0.2186 -0.7616
vn -0.9924 -0.0325 -0.1183
vn 0.2495 0.4547 -0.8550
vn 0.5802 0.3984 -0.7103
vn 0.4941 -0.0736 -0.8663
vn 0.3163 -0.3570 -0.8789
vn -0.5276 -0.2826 -0.8011
vn -0.9999 -0.0109 -0.0117
vn -0.9377 -0.1486 0.3140
vn -0.9316 -0.3141 -0.1827
vn -0.4631 -0.1489 -0.8737
vn 0.6816 0.0745 -0.7280
vn 0.5893 0.4697 -0.6574
vn -0.1684 -0.7400 -0.6512
vn -0.9578 -0.2788 -0.0697
vn -0.9277 -0.2274 0.2959
vn 0.7949 0.1923 -0.5754
vn 0.3269 0.2380 -0.9146
vn 0.6672 0.5330 -0.5204
vn -0.0402 0.3081 -0.9505
vn -0.1874 0.6455 -0.7405
vn -0.8507 0.2068 -0.4833
vn 0.1546 0.6104 -0.7769
vn -0.8088 0.2934 -0.5097
vn -0.3732 -0.7342 -0.5672
vn -0.6196 0.3874 -0.6826
vn 0.4685 -0.1973 -0.8612
vn 0.3097 0.7400 -0.5971
vn 0.6476 -0.3232 -0.6900
vn -0.9075 0.0112 0.4199
vn -0.9937 -0.0060 0.1118
vn -0.9680 0.1639 0.1899
vn -0.9602 -0.1887 0.2062
vn -0.9545 -0.2839 0.0917
vn -0.9220 -0.3372 0.1905
vn -0.9226 0.0735 0.3788
vn 0.2703 0.5834 0.7658
vn -0.9739 -0.2239 -0.0368
vn -0.5379 -0.5027 -0.6767
vn -0.8952 -0.3645 -0.2565
vn -0.8896 -0.4061 0.2090
vn 0.8116 0.5814 0.0573
vn -0.3006 -0.1280 -0.9451
vn 0.3439 0.1320 -0.9297
vn -0.5499 0.8352 0.0071
vn -0.9160 -0.3504 0.1954
vn -0.8863 -0.3396 0.3147
vn -0.9047 -0.2562 0.3405
vn -0.8834 -0.3302 0.3326
vn 0.8668 0.1637 -0.4709
vn 0.7747 0.4015 -0.4884
vn 0.5963 0.3363 -0.7289
vn 0.9471 0.2818 0.1539
vn 0.9695 0.2443 -0.0195
vn -0.9447 -0.2605 0.1994
vn -0.9375 -0.2704 0.2190
vn 0.3244 0.4275 -0.8438
vn 0.5194 -0.0311 -0.8540
vn 0.8406 0.1935 -0.5059
vn 0.8014 0.0336 -0.5972
vn 0.8007 0.5610 0.2102
vn 0.9974 -0.0444 -0.0567
vn 0.5628 0.5170 0.6449
vn 0.8033 -0.0561 0.5930
vn 0.8181 0.3818 0.4300
vn 0.7307 0.2254 0.6444
vn 0.9734 -0.0274 0.2276
vn 0.9786 -0.0843 -0.1879
vn 0.9733 0.2182 -0.0710
vn 0.8527 -0.0067 -0.5224
vn 0.4144 0.4838 -0.7709
vn 0.0211 0.7973 -0.6032
vn 0.3492 0.7734 -0.5291
vn -0.3270 0.9429 -0.0633
vn -0.7799 -0.0210 -0.6256
vn -0.9854 0.1692 0.0168
vn -0.3075 0.7187 0.6236
vn -0.3328 0.7225 0.6060
vn 0.5435 0.7850 0.2972
vn 0.6365 0.3188 -0.7023
vn 0.6301 0.7327 -0.2571
vn 0.6446 0.5371 -0.5441
vn -0.8822 0.3173 0.3478
vn -0.6751 0.7296 0.1092
vn -0.9273 0.2644 -0.2650
vn -0.3334 0.9229 -0.1925
vn -0.0706 0.9276 -0.3668
vn -0.7577 0.4832 0.4387
vn -0.5604 0.8258 -0.0631
vn -0.3323 0.8300 -0.4479
vn -0.5822 0.8027 -0.1294
vn -0.9091 0.3173 0.2699
vn -0.1480 0.7788 0.6096
vn -0.8542 0.3468 0.3874
vn 0.2285 0.9576 0.1753
vn 0.2030 0.8585 -0.4709
vn -0.2857 0.4097 -0.8663
vn -0.7384 0.2687 -0.6186
vn -0.7829 0.4239 -0.4554
vn -0.5794 0.7965 0.1727
vn -0.0775 0.7518 0.6548
vn -0.8096 0.3963 -0.4331
vn -0.7077 0.5584 0.4329
vn -0.1922 0.4901 -0.8502
vn -0.1242 0.9623 -0.2422
vn 0.7363 0.6576 0.1594
vn 0.8805 0.2252 0.4171
vn 0.6335 0.7717 0.0567
vn 0.8459 0.5225 0.1072
vn 0.4884 0.7787 -0.3939
vn -0.8071 -0.5439 0.2296
vn -0.9765 -0.1987 0.0833
vn -0.5664 -0.7102 0.4182
vn -0.7716 -0.5408 0.3348
vn -0.8448 -0.4357 0.3107
vn -0.9261 -0.2442 0.2877
vn -0.8248 0.3254 0.4624
vn -0.9204 0.3910 0.0052
vn 0.4571 0.8250 -0.3322
vn -0.3969 0.4251 -0.8135
vn 0.1088 0.7459 -0.6571
vn -0.9730 0.0344 -0.2284
vn -0.8363 -0.3812 0.3942
vn -0.8433 -0.3103 0.4387
vn -0.8773 0.4798 0.0130
vn -0.9044 -0.1637 0.3940
vn -0.8142 -0.4531 0.3631
vn -0.7991 -0.1655 0.5780
vn -0.4505 0.3388 0.8260
vn -0.1481 0.5383 0.8297
vn 0.8318 0.4171 0.3662
vn 0.8198 0.5473 -0.1686
vn -0.3836 0.4057 0.8296
vn -0.0105 0.7690 0.6392
vn 0.7470 0.4355 0.5024
vn 0.5854 0.6226 0.5193
vn 0.8001 0.3707 -0.4716
vn 0.5322 0.5142 -0.6726
vn 0.4779 0.8202 -0.3143
vn 0.6035 0.7220 0.3382
vn 0.2723 0.9417 -0.1975
vn -0.9736 -0.1554 0.1671
vn 0.8293 0.4688 0.3041
vn 0.8837 0.2576 0.3909
vn 0.5470 0.6387 -0.5412
vn 0.2925 0.1879 0.9376
vn -0.2443 -0.1317 0.9607
vn -0.5857 0.4990 0.6387
vn 0.4429 0.8166 0.3703
vn 0.4636 0.8714 0.1607
vn -0.3210 0.6408 0.6973
vn 0.5891 0.4532 0.6690
vn 0.9097 0.2675 0.3177
vn 0.9932 -0.0640 -0.0971
vn 0.9635 -0.1533 0.2193
vn -0.6053 0.5295 0.5944
vn 0.2566 -0.4936 -0.8310
vn -0.6370 0.0706 -0.7676
vn -0.6185 0.1768 -0.7657
vn 0.9162 -0.0782 -0.3930
vn 0.2508 0.7637 -0.5948
vn 0.1747 -0.6232 -0.7623
vn 0.3018 0.9475 -0.1052
vn 0.2276 0.8910 -0.3928
vn 0.2224 0.9564 -0.1894
vn -0.1057 0.1946 -0.9752
vn 0.2415 0.6893 -0.6830
vn 0.9360 0.2569 -0.2405
vn 0.4003 0.2323 -0.8865
vn 0.8956 0.0519 -0.4417
vn 0.3030 -0.5001 -0.8113
vn -0.2411 0.8524 -0.4640
vn 0.9272 -0.3226 -0.1906
vn 0.4860 -0.5048 0.7134
vn 0.9814 -0.1749 0.0789
vn 0.6052 -0.7045 0.3707
vn 0.7588 -0.6464 -0.0796
vn 0.9969 0.0664 -0.0413
vn 0.7481 0.5465 0.3764
vn 0.9715 0.2134 -0.1036
vn 0.0004 0.9954 -0.0954
vn 0.4050 0.8848 0.2305
vn 0.2547 0.9655 0.0542
vn 0.2638 0.9595 -0.0989
vn 0.6734 0.6756 -0.3000
vn -0.2304 0.8108 0.5381
vn 0.6481 0.6978 -0.3050
vn 0.8453 0.3221 -0.4263
vn 0.9549 0.1893 -0.2287
vn 0.9941 0.0376 -0.1022
vn 0.8345 0.5437 0.0894
vn 0.9722 -0.1142 0.2043
vn 0.9964 0.0435 0.0722
vn 0.9484 -0.0228 0.3161
vn 0.7170 -0.2981 0.6301
vn 0.9927 -0.0950 -0.0746
vn 0.9756 0.1584 0.1524
vn 0.7643 -0.3764 0.5236
vn 0.8909 0.4505 -0.0577
vn 0.7779 0.3530 -0.5199
vn 0.8756 0.4372 -0.2054
vn 0.9286 0.1733 -0.3281
vn 0.6769 0.1286 -0.7248
vn 0.4579 0.0337 -0.8883
vn 0.8444 0.3944 -0.3626
vn 0.5855 0.1343 -0.7995
vn 0.6873 0.4087 -0.6005
vn 0.7403 0.4476 -0.5016
vn 0.5755 0.2117 -0.7899
vn -0.1670 0.7551 -0.6340
vn 0.3360 0.3061 -0.8907
vn -0.1227 0.2417 -0.9626
vn 0.8345 0.5509 0.0131
vn 0.6828 0.4262 -0.5934
vn 0.7564 0.2476 -0.6054
vn 0.9520 0.2614 0.1596
vn 0.0570 0.5932 -0.8030
vn 0.6360 0.6792 -0.3663
vn 0.9643 0.2149 -0.1547
vn 0.2437 0.6489 -0.7208
vn 0.9722 -0.2267 0.0581
vn 0.9772 -0.1649 0.1337
vn 0.6486 0.6669 -0.3668
vn 0.9266 0.2416 -0.2881
vn 0.5710 -0.0636 -0.8185
vn 0.8542 0.3620 0.3732
vn 0.1831 0.8031 0.5671
vn 0.2029 0.3801 0.9024
vn 0.7163 0.6625 0.2191
vn 0.3832 0.2270 0.8953
vn 0.9915 0.0199 -0.1282
vn 0.9808 -0.1798 -0.0760
vn 0.9730 0.0560 -0.2241
vn 0.9921 0.1239 -0.0215
vn 0.9506 0.0353 0.3085
vn 0.9031 0.1049 -0.4165
vn 0.8081 -0.0402 -0.5877
vn 0.8913 0.2455 0.3811
vn 0.5141 -0.5418 0.6650
vn -0.5516 -0.6809 0.4817
vn 0.3017 -0.6941 0.6536
vn -0.1496 -0.9835 0.1018
vn 0.6723 -0.7113 -0.2051
vn 0.8886 -0.3753 0.2636
vn 0.9984 0.0136 0.0544
vn 0.9344 -0.3147 -0.1668
vn 0.9475 0.2496 0.2001
vn 0.7644 0.3729 0.5259
vn -0.0463 0.8406 0.5396
vn 0.4044 0.9142 0.0257
vn 0.9379 -0.3413 -0.0626
vn 0.9194 0.3823 0.0922
vn 0.5836 0.7320 0.3515
vn 0.9922 0.1249 -0.0043
vn 0.7351 -0.1508 0.6610
vn 0.8086 -0.0204 0.5880
vn 0.7223 -0.3177 0.6143
vn 0.5253 -0.8048 0.2763
vn 0.7386 -0.6680 0.0908
vn 0.5015 -0.8230 -0.2668
vn 0.2014 -0.9197 0.3370
vn 0.8462 -0.4764 -0.2388
vn -0.5699 -0.7986 -0.1933
vn -0.1882 -0.8759 -0.4443
vn -0.7046 -0.5613 0.4342
vn -0.9579 -0.2569 0.1278
vn -0.5281 -0.5723 0.6274
vn -0.3490 0.4503 0.8219
vn -0.2535 0.4188 0.8720
vn 0.3012 -0.3813 0.8740
vn -0.6922 -0.3303 0.6417
vn 0.2703 0.2794 0.9213
vn -0.7030 0.1430 0.6967
vn 0.4167 -0.8513 0.3187
vn -0.9289 -0.2884 0.2324
vn -0.7578 -0.4126 0.5055
vn -0.4247 0.8325 0.3558
vn -0.8084 0.5580 -0.1874
vn -0.9392 -0.0259 0.3423
vn 0.3085 0.8858 0.3467
vn -0.0054 0.9430 0.3329
vn -0.9683 -0.1003 0.2287
vn -0.8727 -0.4380 0.2158
vn -0.9019 -0.3812 0.2032
vn -0.5969 -0.7587 0.2610
vn -0.8898 -0.4557 -0.0256
vn -0.7572 -0.4418 0.4811
vn -0.5559 -0.0696 0.8284
vn -0.2959 0.6167 0.7294
vn -0.2038 -0.2663 0.9421
vn 0.5392 0.6840 0.4913
vn 0.8953 0.2867 0.3408
vn 0.3636 -0.9155 0.1725
vn -0.5178 -0.8554 0.0163
vn 0.0165 0.9510 0.3086
vn 0.4452 0.8466 0.2917
vn -0.4987 -0.7694 0.3991
vn 0.0409 -0.7700 0.6368
vn -0.4417 -0.3604 0.8216
vn -0.0543 -0.0858 0.9948
vn -0.6377 0.1783 0.7494
vn 0.6128 -0.7813 -0.1183
vn 0.0195 -0.6534 0.7568
vn 0.4510 -0.3152 0.8350
vn 0.7914 -0.3646 0.4907
vn 0.9741 0.2095 -0.0847
vn 0.7611 -0.0107 0.6486
vn 0.4546 0.5758 0.6796
vn 0.0480 0.5820 0.8118
vn 0.1180 0.8308 0.5439
vn -0.3469 0.2216 0.9114
vn 0.2072 0.8816 0.4240
vn -0.1261 0.3369 0.9330
vn -0.3001 -0.4503 0.8410
vn 0.0323 -0.3721 0.9276
vn -0.3176 0.6108 0.7253
vn 0.1621 0.8847 0.4370
vn 0.9125 -0.2342 0.3354
vn 0.9637 0.0134 -0.2667
vn 0.6893 0.4845 0.5386
vn 0.9720 0.2128 -0.0998
vn 0.9734 0.1697 -0.1537
vn 0.8786 0.3900 -0.2757
vn 0.9994 -0.0249 -0.0221
vn 0.8347 -0.4603 0.3024
vn 0.9163 0.1386 0.3757
vn 0.8823 0.4468 0.1479
vn 0.8887 0.3410 0.3065
vn -0.4787 0.1465 -0.8657
vn -0.0157 0.0781 -0.9968
vn -0.1311 0.1901 -0.9730
vn 0.7874 -0.1649 -0.5940
vn 0.8739 0.3787 0.3048
vn 0.9503 0.1228 0.2860
vn 0.9107 0.2698 -0.3128
vn 0.4982 0.5701 0.6532
vn 0.5575 0.7910 0.2521
vn -0.4207 0.0818 0.9035
vn 0.0470 0.1927 0.9801
vn -0.6079 0.3666 -0.7043
vn 0.3601 0.6265 -0.6912
vn -0.2581 0.8796 0.3997
vn 0.5764 0.6969 -0.4267
vn 0.9939 -0.0879 0.0671
vn 0.9242 0.0280 -0.3808
vn 0.7774 -0.2596 -0.5729
vn 0.8497 0.2073 -0.4849
vn 0.3958 0.8204 0.4126
vn -0.9631 -0.2428 0.1161
vn -0.9686 -0.1503 0.1981
vn -0.8071 0.2319 0.5429
vn -0.7334 0.2087 0.6470
vn 0.1825 0.5400 0.8217
vn 0.0854 0.5461 0.8333
vn -0.1124 0.7512 0.6504
vn -0.4714 -0.7672 0.4350
vn -0.0230 -0.9416 0.3358
vn 0.7919 -0.5068 0.3406
vn 0.8182 -0.1733 0.5482
vn 0.9566 0.2854 -0.0588
vn 0.5788 0.5534 -0.5990
vn 0.5532 0.7888 0.2677
vn 0.2285 0.5198 0.8231
vn -0.5718 0.3820 0.7261
vn 0.0763 -0.4094 0.9091
vn 0.9106 0.3261 -0.2539
vn 0.6611 0.4183 0.6229
vn 0.5538 0.4398 -0.7070
vn 0.6046 0.6648 -0.4388
vn -0.0141 -0.3825 0.9239
vn 0.6113 0.5041 0.6101
vn -0.2789 0.7179 0.6378
vn -0.2216 0.2833 0.9331
vn -0.5030 0.6584 0.5598
vn -0.1448 0.8794 0.4536
vn -0.7743 0.4953 0.3938
vn 0.4888 0.6452 0.5872
vn -0.0992 0.6718 0.7341
vn 0.7360 0.6610 0.1465
vn 0.4738 0.0206 0.8804
vn 0.9983 0.0550 -0.0171
vn 0.0462 0.5962 0.8015
vn 0.7899 0.3986 0.4661
vn 0.9422 0.3162 -0.1112
vn 0.7165 0.5756 0.3941
vn 0.2120 0.9406 0.2651
vn 0.1377 0.3362 0.9317
vn 0.1917 0.7254 0.6611
vn 0.7722 0.5103 0.3786
vn 0.1863 0.8433 0.5042
vn 0.6146 0.3405 0.7116
vn 0.2991 0.9292 0.2170
vn 0.9278 0.3446 0.1429
vn 0.1643 0.9836 -0.0738
vn 0.8580 0.3216 0.4004
vn 0.8764 0.1810 -0.4463
vn 0.4767 0.6572 -0.5838
vn 0.9843 0.1738 0.0317
vn 0.3644 -0.1319 0.9218
vt 0.675661 0.386806
vt 0.682924 0.379027
vt 0.691287 0.380691
vt 0.696592 0.395967
vt 0.744503 0.425848
vt 0.714088 0.413044
vt 0.717551 0.400812
vt 0.744171 0.452258
vt 0.747951 0.409356
vt 0.754093 0.421541
vt 0.758418 0.428066
vt 0.695626 0.419043
vt 0.688376 0.447020
vt 0.776076 0.460340
vt 0.764013 0.434573
vt 0.750218 0.498769
vt 0.784280 0.510108
vt 0.802552 0.484303
vt 0.810048 0.499973
vt 0.817217 0.488696
vt 0.801828 0.510866
vt 0.756715 0.533822
vt 0.731484 0.520890
vt 0.694238 0.503400
vt 0.682920 0.403846
vt 0.656020 0.409155
vt 0.611934 0.465524
vt 0.672464 0.509054
vt 0.615149 0.522175
vt 0.404030 0.685956
vt 0.363317 0.714892
vt 0.351713 0.708471
vt 0.464483 0.650979
vt 0.412320 0.648701
vt 0.718411 0.180059
vt 0.712434 0.172745
vt 0.742362 0.144890
vt 0.371592 0.726958
vt 0.401972 0.702441
vt 0.356767 0.744799
vt 0.372943 0.758105
vt 0.395816 0.741611
vt 0.407527 0.773635
vt 0.428556 0.758224
vt 0.423390 0.721255
vt 0.467538 0.694717
vt 0.481521 0.660295
vt 0.502269 0.675910
vt 0.506273 0.724017
vt 0.486911 0.743413
vt 0.459012 0.730022
vt 0.469524 0.750068
vt 0.668120 0.179066
vt 0.681920 0.189622
vt 0.633742 0.194082
vt 0.662613 0.143816
vt 0.603090 0.169818
vt 0.597771 0.200583
vt 0.640596 0.250872
vt 0.662314 0.240833
vt 0.672937 0.291763
vt 0.673360 0.276515
vt 0.683707 0.293697
vt 0.648466 0.295537
vt 0.349076 0.724390
vt 0.691134 0.208699
vt 0.705652 0.291749
vt 0.769046 0.237274
vt 0.675106 0.241330
vt 0.680312 0.281997
vt 0.715213 0.299453
vt 0.688907 0.304467
vt 0.724078 0.309286
vt 0.253018 0.410324
vt 0.216133 0.388678
vt 0.238576 0.379050
vt 0.222142 0.410225
vt 0.243515 0.428270
vt 0.255758 0.428367
vt 0.265122 0.448139
vt 0.241914 0.470818
vt 0.265042 0.462902
vt 0.253199 0.483687
vt 0.276001 0.476482
vt 0.270780 0.502219
vt 0.239039 0.507035
vt 0.259993 0.515215
vt 0.227929 0.455158
vt 0.226264 0.438569
vt 0.876366 0.240179
vt 0.888485 0.282709
vt 0.873372 0.266402
vt 0.878198 0.297910
vt 0.874256 0.293761
vt 0.885160 0.294966
vt 0.904716 0.298213
vt 0.912284 0.285865
vt 0.919385 0.301765
vt 0.914550 0.238210
vt 0.900212 0.263432
vt 0.908390 0.241548
vt 0.872806 0.202115
vt 0.899018 0.216509
vt 0.935795 0.218971
vt 0.916473 0.202273
vt 0.847699 0.205175
vt 0.851898 0.182676
vt 0.868851 0.182640
vt 0.891041 0.197834
vt 0.783343 0.164369
vt 0.770900 0.281846
vt 0.823879 0.221608
vt 0.832670 0.259632
vt 0.849894 0.285184
vt 0.801189 0.290339
vt 0.954435 0.228686
vt 0.962339 0.219577
vt 0.962415 0.257171
vt 0.960379 0.275321
vt 0.690403 0.531828
vt 0.697313 0.538021
vt 0.411175 0.165964
vt 0.444780 0.144259
vt 0.437098 0.149746
vt 0.432718 0.165486
vt 0.456675 0.179393
vt 0.403481 0.216886
vt 0.429696 0.219895
vt 0.402178 0.251089
vt 0.042707 0.653740
vt 0.029018 0.656116
vt 0.033719 0.644161
vt 0.031442 0.668634
vt 0.049951 0.666647
vt 0.043208 0.674259
vt 0.050911 0.659233
vt 0.011895 0.647842
vt 0.017802 0.635530
vt 0.968421 0.240212
vt 0.001942 0.658321
vt 0.015779 0.686572
vt 0.965526 0.208472
vt 0.971376 0.218528
vt 0.823904 0.039241
vt 0.832075 0.036318
vt 0.831653 0.049203
vt 0.814260 0.053995
vt 0.814693 0.041190
vt 0.830237 0.009368
vt 0.779515 0.033244
vt 0.800409 0.013284
vt 0.564988 0.247702
vt 0.591346 0.283708
vt 0.558780 0.276734
vt 0.576661 0.311059
vt 0.597945 0.308045
vt 0.545606 0.290960
vt 0.547868 0.339708
vt 0.582007 0.356585
vt 0.577078 0.397491
vt 0.538644 0.404799
vt 0.604411 0.355522
vt 0.590982 0.397208
vt 0.617399 0.333880
vt 0.654687 0.353441
vt 0.633229 0.377555
vt 0.534272 0.252341
vt 0.546253 0.256249
vt 0.530383 0.275004
vt 0.523358 0.319422
vt 0.525291 0.292607
vt 0.524082 0.331580
vt 0.550391 0.229038
vt 0.539503 0.218620
vt 0.568849 0.221036
vt 0.569678 0.238112
vt 0.037579 0.955539
vt 0.047040 0.958538
vt 0.040956 0.968621
vt 0.047699 0.048937
vt 0.052411 0.063779
vt 0.033712 0.065701
vt 0.040574 0.087110
vt 0.008450 0.086967
vt 0.008145 0.053775
vt 0.013348 0.045528
vt 0.032073 0.034202
vt 0.024517 0.095097
vt 0.160083 0.852378
vt 0.188505 0.868671
vt 0.158405 0.889888
vt 0.182385 0.888847
vt 0.198942 0.889040
vt 0.217451 0.869617
vt 0.225740 0.899506
vt 0.233489 0.872413
vt 0.210866 0.855885
vt 0.130280 0.855576
vt 0.142132 0.824470
vt 0.134654 0.830202
vt 0.183882 0.843108
vt 0.198277 0.851135
vt 0.167188 0.811829
vt 0.177301 0.820749
vt 0.128250 0.812406
vt 0.129711 0.806873
vt 0.535816 0.197797
vt 0.562175 0.201533
vt 0.277243 0.335207
vt 0.323086 0.314765
vt 0.308278 0.334545
vt 0.294475 0.341204
vt 0.196458 0.036739
vt 0.157916 0.048223
vt 0.152803 0.037721
vt 0.151154 0.022110
vt 0.166022 0.015088
vt 0.181420 0.025699
vt 0.183928 0.012301
vt 0.194442 0.017881
vt 0.178299 0.001400
vt 0.301748 0.027050
vt 0.323990 0.028246
vt 0.308890 0.040579
vt 0.291693 0.034796
vt 0.303147 0.014222
vt 0.320276 0.011317
vt 0.314569 0.003462
vt 0.112052 0.812511
vt 0.261109 0.223355
vt 0.323112 0.295531
vt 0.267523 0.308863
vt 0.307416 0.252935
vt 0.334907 0.283888
vt 0.339034 0.270642
vt 0.275611 0.211333
vt 0.298957 0.231519
vt 0.236722 0.245876
vt 0.248079 0.320643
vt 0.252263 0.339311
vt 0.235863 0.336537
vt 0.246000 0.360636
vt 0.237212 0.354843
vt 0.289689 0.016029
vt 0.291017 0.027260
vt 0.303114 0.005289
vt 0.290569 0.005853
vt 0.864083 0.447108
vt 0.857693 0.486283
vt 0.831671 0.444619
vt 0.827371 0.427816
vt 0.881955 0.484120
vt 0.887109 0.525058
vt 0.896677 0.469816
vt 0.905523 0.523976
vt 0.884382 0.552398
vt 0.864856 0.532295
vt 0.910587 0.192738
vt 0.928213 0.176236
vt 0.901213 0.181454
vt 0.236584 0.419045
vt 0.880549 0.164466
vt 0.899230 0.142014
vt 0.943269 0.132889
vt 0.925694 0.126895
vt 0.968618 0.150041
vt 0.939803 0.120592
vt 0.949371 0.117387
vt 0.978045 0.165382
vt 0.970882 0.139872
vt 0.973693 0.120624
vt 0.275904 0.419696
vt 0.284733 0.403068
vt 0.288888 0.439406
vt 0.298816 0.417260
vt 0.294354 0.453900
vt 0.877145 0.416785
vt 0.837731 0.394830
vt 0.268701 0.394899
vt 0.792017 0.425570
vt 0.796203 0.429445
vt 0.784979 0.425891
vt 0.779704 0.426875
vt 0.859705 0.374933
vt 0.862811 0.373008
vt 0.888918 0.402985
vt 0.889530 0.380146
vt 0.899243 0.410543
vt 0.505850 0.901723
vt 0.525539 0.902942
vt 0.515996 0.920878
vt 0.546756 0.876631
vt 0.546790 0.916707
vt 0.561215 0.875804
vt 0.577722 0.894922
vt 0.563376 0.903718
vt 0.512638 0.860899
vt 0.524626 0.868570
vt 0.541114 0.863129
vt 0.405736 0.870243
vt 0.375202 0.854548
vt 0.390124 0.837566
vt 0.410655 0.900623
vt 0.352217 0.872396
vt 0.355672 0.860374
vt 0.329919 0.879057
vt 0.337315 0.886082
vt 0.314605 0.898139
vt 0.369976 0.922757
vt 0.396163 0.929082
vt 0.343587 0.925481
vt 0.374358 0.941992
vt 0.326917 0.943687
vt 0.319579 0.931061
vt 0.428371 0.890299
vt 0.395889 0.276111
vt 0.401053 0.269110
vt 0.399186 0.309541
vt 0.436754 0.277703
vt 0.421142 0.284162
vt 0.460964 0.230278
vt 0.459167 0.265341
vt 0.428124 0.300244
vt 0.403599 0.847899
vt 0.277518 0.460359
vt 0.292965 0.480766
vt 0.244431 0.527303
vt 0.237770 0.534344
vt 0.233219 0.525041
vt 0.229071 0.514020
vt 0.325305 0.461446
vt 0.315236 0.426475
vt 0.444054 0.917922
vt 0.441590 0.930303
vt 0.426343 0.933132
vt 0.485123 0.251470
vt 0.468270 0.279036
vt 0.495566 0.166786
vt 0.520886 0.187916
vt 0.515382 0.209903
vt 0.489292 0.155359
vt 0.519907 0.161666
vt 0.497168 0.187318
vt 0.487619 0.203470
vt 0.908702 0.876227
vt 0.931013 0.875506
vt 0.919768 0.885238
vt 0.922435 0.856334
vt 0.899405 0.858841
vt 0.889765 0.841600
vt 0.881267 0.853295
vt 0.836476 0.851726
vt 0.856124 0.818525
vt 0.873306 0.855319
vt 0.823270 0.875409
vt 0.824851 0.860587
vt 0.837752 0.884648
vt 0.823889 0.891205
vt 0.820574 0.885460
vt 0.892575 0.881659
vt 0.863485 0.871865
vt 0.656173 0.372016
vt 0.342689 0.459456
vt 0.337920 0.455160
vt 0.332564 0.449670
vt 0.451166 0.942989
vt 0.435945 0.936184
vt 0.304824 0.927999
vt 0.298518 0.905738
vt 0.588981 0.880531
vt 0.564933 0.865093
vt 0.456086 0.586264
vt 0.434205 0.584298
vt 0.415980 0.558605
vt 0.419963 0.584611
vt 0.386869 0.553042
vt 0.384390 0.611489
vt 0.399440 0.593721
vt 0.393001 0.607438
vt 0.379974 0.579076
vt 0.434844 0.592772
vt 0.413238 0.602335
vt 0.390674 0.298011
vt 0.591221 0.247957
vt 0.496382 0.863664
vt 0.477517 0.859144
vt 0.475703 0.907372
vt 0.693031 0.755008
vt 0.670711 0.745015
vt 0.697877 0.741537
vt 0.693255 0.762189
vt 0.710140 0.759138
vt 0.714365 0.739659
vt 0.708154 0.717852
vt 0.721369 0.762847
vt 0.715651 0.763667
vt 0.741868 0.746216
vt 0.755072 0.770924
vt 0.674469 0.721812
vt 0.693527 0.728536
vt 0.655267 0.737002
vt 0.657713 0.685026
vt 0.633035 0.728066
vt 0.621894 0.692779
vt 0.720714 0.724590
vt 0.738496 0.739668
vt 0.729022 0.704575
vt 0.718129 0.693570
vt 0.735672 0.685290
vt 0.743023 0.717601
vt 0.738632 0.732499
vt 0.700265 0.698723
vt 0.705129 0.676741
vt 0.721739 0.655820
vt 0.713771 0.654994
vt 0.566358 0.025845
vt 0.581482 0.020443
vt 0.578037 0.035629
vt 0.566264 0.041638
vt 0.475026 0.621921
vt 0.483802 0.608102
vt 0.487819 0.624208
vt 0.494490 0.607487
vt 0.501418 0.607458
vt 0.514388 0.592447
vt 0.501690 0.623790
vt 0.600217 0.707518
vt 0.591868 0.693799
vt 0.669123 0.693263
vt 0.640938 0.679951
vt 0.669321 0.682367
vt 0.695358 0.663129
vt 0.528726 0.601006
vt 0.529735 0.591924
vt 0.537977 0.590368
vt 0.590393 0.576212
vt 0.600951 0.609328
vt 0.515663 0.638929
vt 0.516710 0.615770
vt 0.506114 0.630091
vt 0.469334 0.159112
vt 0.477803 0.184319
vt 0.890824 0.557142
vt 0.900379 0.543303
vt 0.634386 0.829783
vt 0.619231 0.818645
vt 0.632074 0.801097
vt 0.644358 0.808440
vt 0.653348 0.835526
vt 0.670821 0.785491
vt 0.716259 0.828284
vt 0.703074 0.836754
vt 0.724367 0.790950
vt 0.750741 0.811388
vt 0.740190 0.791859
vt 0.747229 0.818868
vt 0.740898 0.962695
vt 0.720090 0.940659
vt 0.751574 0.949076
vt 0.721527 0.923726
vt 0.700819 0.927001
vt 0.722825 0.905070
vt 0.641383 0.777169
vt 0.669695 0.769232
vt 0.657225 0.773774
vt 0.693525 0.952743
vt 0.735179 0.972777
vt 0.389580 0.082524
vt 0.367369 0.057015
vt 0.385090 0.041297
vt 0.400216 0.073848
vt 0.408545 0.049211
vt 0.409660 0.017152
vt 0.440377 0.019957
vt 0.450156 0.022641
vt 0.424895 0.049245
vt 0.425540 0.065245
vt 0.436261 0.046346
vt 0.446299 0.012234
vt 0.912290 0.384703
vt 0.350083 0.024996
vt 0.346335 0.036635
vt 0.408032 0.064941
vt 0.922440 0.900421
vt 0.927118 0.896751
vt 0.946371 0.923232
vt 0.903792 0.898800
vt 0.911610 0.906727
vt 0.887939 0.934969
vt 0.881692 0.939246
vt 0.901260 0.957453
vt 0.883651 0.970690
vt 0.899976 0.973372
vt 0.892834 0.968626
vt 0.849436 0.964064
vt 0.857500 0.945964
vt 0.866786 0.976477
vt 0.933804 0.944080
vt 0.921529 0.924414
vt 0.907716 0.924368
vt 0.913574 0.936322
vt 0.361458 0.107489
vt 0.364533 0.131755
vt 0.337810 0.133798
vt 0.336716 0.114305
vt 0.342875 0.150921
vt 0.362100 0.155678
vt 0.312796 0.157758
vt 0.285494 0.162849
vt 0.300014 0.135878
vt 0.296864 0.107373
vt 0.297580 0.087406
vt 0.381352 0.112997
vt 0.370724 0.124186
vt 0.381326 0.155121
vt 0.288300 0.197620
vt 0.398530 0.125946
vt 0.399935 0.109218
vt 0.355227 0.072150
vt 0.326459 0.054475
vt 0.970533 0.363684
vt 0.948902 0.359315
vt 0.944705 0.353035
vt 0.956498 0.371295
vt 0.931934 0.366901
vt 0.942467 0.382375
vt 0.965940 0.376611
vt 0.961876 0.391801
vt 0.965929 0.895241
vt 0.976452 0.910046
vt 0.963864 0.914110
vt 0.975858 0.923434
vt 0.994106 0.908182
vt 0.992110 0.923399
vt 0.958706 0.954665
vt 0.974456 0.941743
vt 0.982037 0.960141
vt 0.967082 0.966361
vt 0.995601 0.953185
vt 0.984894 0.936011
vt 0.996541 0.941056
vt 0.993805 0.979255
vt 0.981083 0.878757
vt 0.991433 0.883658
vt 0.915811 0.449709
vt 0.921703 0.423361
vt 0.913351 0.460960
vt 0.970354 0.446961
vt 0.918839 0.478556
vt 0.917925 0.496890
vt 0.942164 0.509688
vt 0.946859 0.948435
vt 0.940284 0.971498
vt 0.913230 0.963669
vt 0.909404 0.971027
vt 0.018839 0.155666
vt 0.004740 0.131994
vt 0.023289 0.138214
vt 0.026567 0.116133
vt 0.050907 0.162763
vt 0.037131 0.173669
vt 0.005473 0.156195
vt 0.016503 0.175167
vt 0.973264 0.514087
vt 0.949352 0.885259
vt 0.934298 0.883046
vt 0.940385 0.867451
vt 0.943713 0.857102
vt 0.953779 0.863311
vt 0.734207 0.837677
vt 0.189173 0.949947
vt 0.158456 0.935292
vt 0.162485 0.922897
vt 0.174906 0.956850
vt 0.150048 0.963410
vt 0.141815 0.952251
vt 0.172508 0.968933
vt 0.177037 0.962929
vt 0.047849 0.556247
vt 0.033649 0.542907
vt 0.064860 0.547500
vt 0.041013 0.514368
vt 0.085537 0.504448
vt 0.100600 0.529942
vt 0.216493 0.041414
vt 0.223947 0.031092
vt 0.231683 0.042471
vt 0.235156 0.040882
vt 0.047498 0.116407
vt 0.049991 0.104797
vt 0.077894 0.880612
vt 0.066244 0.844820
vt 0.084725 0.844871
vt 0.105613 0.879890
vt 0.921225 0.826585
vt 0.936371 0.836949
vt 0.895895 0.803115
vt 0.378375 0.195284
vt 0.359111 0.211330
vt 0.362414 0.617616
vt 0.321278 0.618996
vt 0.290478 0.564891
vt 0.360806 0.567636
vt 0.307446 0.513148
vt 0.481624 0.287147
vt 0.462512 0.293938
vt 0.454896 0.313812
vt 0.442722 0.337916
vt 0.467314 0.327746
vt 0.868843 0.785239
vt 0.829636 0.801712
vt 0.848115 0.778052
vt 0.825265 0.833278
vt 0.168165 0.911099
vt 0.186526 0.901405
vt 0.212178 0.916669
vt 0.212539 0.932215
vt 0.283878 0.179520
vt 0.501409 0.367216
vt 0.507407 0.371232
vt 0.500478 0.379889
vt 0.524804 0.434624
vt 0.535398 0.446146
vt 0.517176 0.452812
vt 0.525273 0.461624
vt 0.498410 0.466108
vt 0.540622 0.456173
vt 0.526624 0.491182
vt 0.498312 0.484773
vt 0.548264 0.494239
vt 0.546754 0.508179
vt 0.491354 0.501051
vt 0.519673 0.528801
vt 0.158004 0.733894
vt 0.130607 0.726348
vt 0.115670 0.702615
vt 0.161222 0.689282
vt 0.146814 0.676629
vt 0.157247 0.671147
vt 0.163905 0.676440
vt 0.175986 0.689288
vt 0.181832 0.679419
vt 0.792803 0.918886
vt 0.793243 0.903441
vt 0.802121 0.916867
vt 0.808688 0.896759
vt 0.807835 0.885464
vt 0.803416 0.872644
vt 0.779734 0.871524
vt 0.799206 0.859481
vt 0.764800 0.924135
vt 0.758548 0.872862
vt 0.963930 0.409472
vt 0.931162 0.404990
vt 0.926780 0.378839
vt 0.510033 0.065793
vt 0.517381 0.078826
vt 0.501229 0.084233
vt 0.514867 0.095219
vt 0.532990 0.090500
vt 0.551615 0.091019
vt 0.538035 0.109690
vt 0.512187 0.112875
vt 0.567431 0.056014
vt 0.598494 0.067452
vt 0.582567 0.094205
vt 0.591959 0.132868
vt 0.604571 0.108285
vt 0.614306 0.118795
vt 0.609930 0.083988
vt 0.459840 0.081383
vt 0.462534 0.059913
vt 0.484890 0.062516
vt 0.447811 0.066794
vt 0.451969 0.089833
vt 0.429099 0.127311
vt 0.431076 0.114220
vt 0.469695 0.117531
vt 0.492863 0.131692
vt 0.484365 0.112481
vt 0.505556 0.134302
vt 0.522002 0.125655
vt 0.544422 0.118726
vt 0.578377 0.125510
vt 0.560569 0.129522
vt 0.535172 0.142319
vt 0.544966 0.141752
vt 0.513397 0.141355
vt 0.531374 0.147326
vt 0.368162 0.658998
vt 0.349623 0.672679
vt 0.342805 0.664642
vt 0.307395 0.641499
vt 0.310118 0.656457
vt 0.289250 0.620248
vt 0.300552 0.661291
vt 0.297642 0.655637
vt 0.367278 0.667488
vt 0.348059 0.631333
vt 0.366270 0.635846
vt 0.374386 0.623068
vt 0.374344 0.638580
vt 0.427770 0.986061
vt 0.426219 0.955747
vt 0.439915 0.957795
vt 0.433859 0.789053
vt 0.464550 0.785631
vt 0.446199 0.815387
vt 0.477889 0.807291
vt 0.491469 0.811267
vt 0.512546 0.806727
vt 0.500051 0.761057
vt 0.414373 0.805270
vt 0.439889 0.828377
vt 0.459206 0.823998
vt 0.470566 0.829671
vt 0.453078 0.831758
vt 0.403377 0.815351
vt 0.133762 0.258755
vt 0.125501 0.274223
vt 0.100288 0.253695
vt 0.092456 0.245885
vt 0.099349 0.266637
vt 0.126378 0.297074
vt 0.114185 0.307410
vt 0.079283 0.301435
vt 0.075717 0.257140
vt 0.086451 0.310143
vt 0.041791 0.499570
vt 0.045307 0.471143
vt 0.098723 0.930482
vt 0.057377 0.910479
vt 0.032533 0.888732
vt 0.512991 0.821918
vt 0.547473 0.831351
vt 0.553405 0.806846
vt 0.541721 0.774280
vt 0.558713 0.851873
vt 0.543938 0.845905
vt 0.046426 0.427702
vt 0.036109 0.436032
vt 0.028434 0.420407
vt 0.016465 0.437687
vt 0.064443 0.428627
vt 0.064394 0.406032
vt 0.083214 0.391889
vt 0.059153 0.370968
vt 0.071601 0.388715
vt 0.042987 0.383638
vt 0.035400 0.370431
vt 0.053502 0.368400
vt 0.048225 0.395434
vt 0.012791 0.375822
vt 0.144282 0.228328
vt 0.121347 0.212785
vt 0.099354 0.208011
vt 0.077619 0.218225
vt 0.077906 0.238826
vt 0.061227 0.942157
vt 0.172388 0.103887
vt 0.144835 0.116707
vt 0.166327 0.089405
vt 0.143504 0.087939
vt 0.166348 0.072332
vt 0.908390 0.684331
vt 0.900246 0.676902
vt 0.933880 0.659599
vt 0.001918 0.402252
vt 0.114208 0.203915
vt 0.122199 0.194211
vt 0.049935 0.404308
vt 0.603790 0.136602
vt 0.606519 0.145268
vt 0.532943 0.031107
vt 0.535455 0.006386
vt 0.542317 0.035303
vt 0.495134 0.013614
vt 0.512522 0.028074
vt 0.512443 0.048110
vt 0.531832 0.049684
vt 0.488402 0.033397
vt 0.925331 0.565069
vt 0.933473 0.545956
vt 0.953222 0.580612
vt 0.967777 0.547171
vt 0.971917 0.567940
vt 0.965692 0.587184
vt 0.930653 0.599268
vt 0.967688 0.614902
vt 0.975892 0.605877
vt 0.950345 0.527711
vt 0.959194 0.527789
vt 0.967866 0.536586
vt 0.293843 0.591164
vt 0.920517 0.580704
vt 0.912687 0.556500
vt 0.209477 0.313795
vt 0.156827 0.343508
vt 0.166836 0.322854
vt 0.186632 0.356877
vt 0.154347 0.332352
vt 0.145187 0.308784
vt 0.147032 0.323139
vt 0.148804 0.278931
vt 0.156340 0.290689
vt 0.145782 0.286121
vt 0.163395 0.260134
vt 0.214170 0.247601
vt 0.199214 0.232830
vt 0.194907 0.310358
vt 0.222003 0.285883
vt 0.208655 0.280653
vt 0.220492 0.258039
vt 0.090006 0.604833
vt 0.100566 0.608930
vt 0.082283 0.646842
vt 0.083870 0.577931
vt 0.047820 0.591937
vt 0.087950 0.666786
vt 0.068657 0.662268
vt 0.058019 0.621371
vt 0.711757 0.066007
vt 0.721168 0.049088
vt 0.737291 0.076357
vt 0.752053 0.054587
vt 0.791164 0.067530
vt 0.759523 0.099699
vt 0.811850 0.068700
vt 0.822539 0.085915
vt 0.803288 0.105313
vt 0.788846 0.121816
vt 0.781587 0.100709
vt 0.757238 0.121404
vt 0.744088 0.098295
vt 0.181836 0.304961
vt 0.829027 0.308946
vt 0.847827 0.321077
vt 0.803500 0.361132
vt 0.827750 0.329797
vt 0.820655 0.360927
vt 0.852257 0.338913
vt 0.656564 0.644523
vt 0.654607 0.642918
vt 0.673600 0.631774
vt 0.704650 0.611074
vt 0.690299 0.599180
vt 0.705889 0.597063
vt 0.680843 0.563949
vt 0.689130 0.576718
vt 0.693957 0.556134
vt 0.702260 0.565796
vt 0.698694 0.575112
vt 0.733242 0.591349
vt 0.740319 0.571849
vt 0.750572 0.579535
vt 0.752666 0.604452
vt 0.735256 0.608238
vt 0.795399 0.596278
vt 0.748377 0.564632
vt 0.762812 0.559369
vt 0.772929 0.565509
vt 0.811155 0.558509
vt 0.731939 0.337031
vt 0.731212 0.370703
vt 0.796195 0.362436
vt 0.815073 0.376736
vt 0.831065 0.365418
vt 0.771046 0.382006
vt 0.710514 0.321796
vt 0.691618 0.626462
vt 0.711295 0.621985
vt 0.849459 0.349389
vt 0.727789 0.631475
vt 0.793822 0.661121
vt 0.783706 0.663081
vt 0.833232 0.656963
vt 0.819537 0.630826
vt 0.810528 0.608226
vt 0.824782 0.624506
vt 0.842815 0.363626
vt 0.292151 0.053379
vt 0.852274 0.070898
vt 0.870214 0.082808
vt 0.831538 0.106479
vt 0.861583 0.125999
vt 0.435404 0.540520
vt 0.394354 0.536067
vt 0.391437 0.524695
vt 0.441459 0.525275
vt 0.417848 0.510940
vt 0.482560 0.542340
vt 0.482983 0.579659
vt 0.504286 0.564769
vt 0.471803 0.530345
vt 0.458851 0.530852
vt 0.463865 0.514955
vt 0.418115 0.483315
vt 0.420546 0.468392
vt 0.432220 0.482308
vt 0.450776 0.487823
vt 0.401845 0.499061
vt 0.394962 0.493468
vt 0.376277 0.488836
vt 0.377785 0.509862
vt 0.364429 0.480914
vt 0.363739 0.464280
vt 0.824692 0.515339
vt 0.835962 0.529407
vt 0.818531 0.524759
vt 0.798824 0.532681
vt 0.066607 0.956517
vt 0.079459 0.963075
vt 0.083298 0.981553
vt 0.104144 0.992055
vt 0.103261 0.971246
vt 0.105539 0.948617
vt 0.114356 0.956957
vt 0.478472 0.432422
vt 0.468321 0.433578
vt 0.462973 0.405118
vt 0.511292 0.404429
vt 0.482411 0.369322
vt 0.474795 0.388610
vt 0.839935 0.155011
vt 0.813090 0.158019
vt 0.111542 0.565186
vt 0.139415 0.546804
vt 0.168630 0.573257
vt 0.160918 0.592014
vt 0.159569 0.608399
vt 0.136322 0.622715
vt 0.832705 0.634201
vt 0.783193 0.965888
vt 0.810751 0.975756
vt 0.793860 0.975572
vt 0.788851 0.986540
vt 0.778717 0.988791
vt 0.862819 0.763891
vt 0.870524 0.734735
vt 0.886660 0.743143
vt 0.871215 0.764961
vt 0.901089 0.762596
vt 0.882376 0.772624
vt 0.919562 0.719709
vt 0.912094 0.716042
vt 0.854286 0.699662
vt 0.862404 0.667092
vt 0.847399 0.665171
vt 0.817543 0.741813
vt 0.818907 0.772738
vt 0.804281 0.777985
vt 0.783949 0.780162
vt 0.417465 0.445305
vt 0.439054 0.459399
vt 0.400130 0.462534
vt 0.357152 0.449686
vt 0.976123 0.793609
vt 0.981424 0.829901
vt 0.955943 0.814817
vt 0.968818 0.836189
vt 0.466021 0.485512
vt 0.469092 0.476842
vt 0.470026 0.490680
vt 0.468896 0.445521
vt 0.484591 0.460595
vt 0.160513 0.535266
vt 0.163069 0.506077
vt 0.149657 0.503773
vt 0.802083 0.382212
vt 0.097107 0.629703
vt 0.922929 0.775328
vt 0.959236 0.743453
vt 0.969181 0.753454
vt 0.901343 0.780528
vt 0.914128 0.767968
vt 0.937951 0.730624
vt 0.765766 0.992265
vt 0.682859 0.322050
vt 0.386768 0.818023
vt 0.364901 0.814611
vt 0.380287 0.802938
vt 0.381839 0.793272
vt 0.360161 0.779608
vt 0.354677 0.795586
vt 0.347687 0.777580
vt 0.326392 0.782028
vt 0.338532 0.808086
vt 0.307951 0.822738
vt 0.240553 0.813499
vt 0.265679 0.794557
vt 0.242319 0.785525
vt 0.237847 0.794529
vt 0.233457 0.780834
vt 0.238239 0.775206
vt 0.250457 0.732872
vt 0.238245 0.755795
vt 0.240268 0.735975
vt 0.239786 0.722869
vt 0.241873 0.707120
vt 0.249588 0.702292
vt 0.261085 0.695664
vt 0.287079 0.701730
vt 0.301508 0.717200
vt 0.325551 0.748414
vt 0.320901 0.711746
vt 0.690418 0.335932
vt 0.694130 0.343111
vt 0.697688 0.350073
vt 0.294380 0.759258
vt 0.269942 0.111666
vt 0.271740 0.090854
vt 0.276532 0.119553
vt 0.255639 0.143482
vt 0.254294 0.093143
vt 0.260234 0.156219
vt 0.235944 0.181983
vt 0.231733 0.163694
vt 0.196807 0.178662
vt 0.201735 0.184085
vt 0.200227 0.194498
vt 0.213797 0.191076
vt 0.217428 0.178063
vt 0.187278 0.189882
vt 0.346735 0.312017
vt 0.366657 0.310550
vt 0.364723 0.336199
vt 0.409251 0.394060
vt 0.340495 0.399855
vt 0.390249 0.347294
vt 0.253362 0.073604
vt 0.232593 0.090367
vt 0.257741 0.055164
vt 0.192322 0.157254
vt 0.226609 0.187709
vt 0.196525 0.099031
vt 0.185582 0.119209
vt 0.194858 0.061780
vt 0.221527 0.055484
vt 0.947827 0.304712
vt 0.955261 0.321138
vt 0.942819 0.321927
vt 0.995463 0.322285
vt 0.953185 0.296096
vt 0.976856 0.338204
vt 0.947217 0.329141
vt 0.990086 0.340233
vt 0.998751 0.309026
vt 0.091667 0.118776
vt 0.068091 0.134730
vt 0.069576 0.123263
vt 0.083075 0.100025
vt 0.533507 0.658299
vt 0.542919 0.639119
vt 0.590173 0.638914
vt 0.616268 0.659620
vt 0.628391 0.629485
vt 0.646209 0.658780
vt 0.603298 0.620906
vt 0.495419 0.639428
vt 0.354453 0.769571
vt 0.343683 0.767662
vt 0.557679 0.576094
vt 0.569049 0.570570
vt 0.588068 0.561474
vt 0.608459 0.586992
vt 0.624710 0.598535
vt 0.625981 0.608611
vt 0.637565 0.600070
vt 0.639681 0.600727
vt 0.635872 0.608810
vt 0.638018 0.638960
vt 0.870650 0.334311
vt 0.868064 0.321828
vt 0.884254 0.327340
vt 0.905827 0.335051
vt 0.915879 0.320484
vt 0.926515 0.313511
vt 0.082397 0.713621
vt 0.057403 0.706292
vt 0.071290 0.688174
vt 0.057890 0.724243
vt 0.045335 0.706591
vt 0.032590 0.708045
vt 0.032758 0.697226
vt 0.095899 0.717340
vt 0.098849 0.752013
vt 0.083510 0.754186
vt 0.059905 0.743249
vt 0.045676 0.754506
vt 0.060523 0.756948
vt 0.058117 0.765233
vt 0.032019 0.752581
vt 0.100084 0.053113
vt 0.122916 0.054416
vt 0.112733 0.099500
vt 0.098935 0.076575
vt 0.085040 0.059156
vt 0.079106 0.039884
vt 0.109097 0.028062
vt 0.097138 0.094236
vt 0.078499 0.068438
vt 0.066295 0.037997
vt 0.084530 0.028940
vt 0.085016 0.020733
vt 0.099566 0.029623
vt 0.075088 0.026113
vt 0.071741 0.034519
vt 0.109395 0.110062
vt 0.055682 0.347020
vt 0.033807 0.341624
vt 0.052564 0.306075
vt 0.071531 0.316967
vt 0.094432 0.329229
vt 0.088180 0.324794
vt 0.109971 0.335357
vt 0.105463 0.345489
vt 0.448136 0.415600
vt 0.433558 0.415940
vt 0.396495 0.412522
vt 0.113892 0.041514
vt 0.119197 0.027733
vt 0.033203 0.291214
vt 0.045678 0.287350
vt 0.036701 0.283032
vt 0.053231 0.294583
vt 0.061162 0.298485
vt 0.953759 0.091789
vt 0.907166 0.085703
vt 0.958767 0.032830
vt 0.975420 0.047808
vt 0.124104 0.345764
vt 0.124160 0.339487
vt 0.934632 0.022579
vt 0.895352 0.026887
vt 0.904577 0.030394
vt 0.877479 0.042195
vt 0.899058 0.022652
vt 0.097201 0.757771
vt 0.084576 0.776969
vt 0.055931 0.787691
vt 0.041634 0.780650
vt 0.231292 0.944407
vt 0.237351 0.937288
vt 0.237502 0.953991
vt 0.250976 0.946586
vt 0.267391 0.946577
vt 0.269468 0.935585
vt 0.254928 0.895519
vt 0.254249 0.915751
vt 0.248410 0.929090
vt 0.236718 0.918810
vt 0.913238 0.104338
vt 0.894659 0.083965
vt 0.904949 0.057654
vt 0.133192 0.026867
vt 0.132054 0.023882
vt 0.121403 0.019883
vt 0.880333 0.065759
vt 0.915670 0.021712
vt 0.188454 0.201671
vt 0.478637 0.359817
vt 0.173577 0.711696
vt 0.211284 0.696961
vt 0.213547 0.683107
vt 0.182513 0.728555
vt 0.169144 0.756934
vt 0.209947 0.728014
vt 0.217337 0.708080
vt 0.148945 0.793174
vt 0.121537 0.757640
vt 0.834271 0.919131
vt 0.843246 0.932730
vt 0.816781 0.926640
vt 0.820959 0.917263
vt 0.820831 0.908886
vt 0.817835 0.940672
vt 0.330754 0.973626
vt 0.305519 0.987812
vt 0.323075 0.966396
vt 0.304379 0.961743
vt 0.294009 0.983693
vt 0.292708 0.991082
vt 0.287396 0.983091
vt 0.653940 0.973953
vt 0.674953 0.967434
vt 0.670195 0.979552
vt 0.673458 0.958040
vt 0.681531 0.978010
vt 0.653584 0.948865
vt 0.651000 0.950619
vt 0.292520 0.945988
vt 0.209854 0.796858
vt 0.189978 0.778970
vt 0.213203 0.761286
vt 0.175864 0.798850
vt 0.854814 0.925794
vt 0.847459 0.928943
vt 0.709985 0.872599
vt 0.703981 0.874016
vt 0.718860 0.867292
vt 0.721017 0.862096
vt 0.696867 0.868109
vt 0.689927 0.900203
vt 0.663455 0.889002
vt 0.693859 0.886399
vt 0.673930 0.879733
vt 0.642197 0.856170
vt 0.626739 0.883011
vt 0.630297 0.890543
vt 0.224990 0.694478
vt 0.141493 0.789672
vt 0.841045 0.917061
vt 0.604761 0.780648
vt 0.579078 0.819114
vt 0.557647 0.777266
vt 0.577643 0.749722
vt 0.552782 0.755357
vt 0.554543 0.738980
vt 0.613215 0.746248
vt 0.575436 0.715706
vt 0.543417 0.705176
vt 0.535464 0.691315
vt 0.550999 0.693315
vt 0.545308 0.686179
vt 0.598201 0.724236
vt 0.155434 0.461269
vt 0.130975 0.500821
vt 0.110724 0.478519
vt 0.139477 0.457030
vt 0.159981 0.434923
vt 0.139243 0.418190
vt 0.104713 0.413565
vt 0.105816 0.445420
vt 0.204502 0.471574
vt 0.180770 0.457912
vt 0.209521 0.468757
vt 0.180812 0.444971
vt 0.207764 0.451037
vt 0.187676 0.426825
vt 0.169371 0.390920
vt 0.156069 0.403785
vt 0.146802 0.423115
vt 0.050662 0.254463
vt 0.019884 0.258021
vt 0.044779 0.211704
vt 0.026778 0.218961
vt 0.009767 0.263872
vt 0.014696 0.251786
vt 0.009674 0.270350
vt 0.173865 0.109448
vt 0.172815 0.120383
vt 0.151462 0.147172
vt 0.124410 0.144539
vt 0.150219 0.180474
vt 0.139190 0.182264
vt 0.172654 0.172463
vt 0.029846 0.208662
vt 0.038959 0.196502
vt 0.017445 0.206587
vt 0.507647 0.949708
vt 0.494096 0.958470
vt 0.499406 0.941195
vt 0.482115 0.950077
vt 0.471231 0.950479
vt 0.467192 0.958999
vt 0.506322 0.975360
vt 0.492510 0.987536
vt 0.474150 0.968691
vt 0.521247 0.936271
vt 0.518778 0.949871
vt 0.515104 0.964446
vt 0.588766 0.944322
vt 0.570960 0.948439
vt 0.576099 0.926227
vt 0.570410 0.962816
vt 0.588693 0.964234
vt 0.588819 0.987235
vt 0.560706 0.976934
vt 0.541958 0.976072
vt 0.561574 0.991758
vt 0.605566 0.985959
vt 0.607000 0.947667
vt 0.620278 0.953243
vt 0.614459 0.937387
vt 0.616769 0.982408
vt 0.094096 0.453118
vt 0.092151 0.446069
vt 0.117918 0.402884
vt 0.123358 0.386800
vt 0.144048 0.376866
vt 0.126244 0.182795
vt 0.110612 0.174977
vt 0.108553 0.183794
vt 0.105513 0.184066
vt 0.658607 0.929990
vt 0.665751 0.917153
vt 0.675291 0.935539
vt 0.685907 0.908510
vt 0.681800 0.922100
vt 0.631728 0.921530
vt 0.623201 0.915906
vt 0.661140 0.900842
vt 0.772118 0.855191
vt 0.774644 0.844706
vt 0.778960 0.854610
vt 0.770587 0.859032
vt 0.167594 0.452382
vt 0.936127 0.688202
vt 0.975812 0.652773
vt 0.946952 0.686208
vt 0.925732 0.633338
vt 0.241614 0.580238
vt 0.253608 0.588789
vt 0.243766 0.600013
vt 0.207984 0.568039
vt 0.225061 0.551894
vt 0.203459 0.593254
vt 0.230032 0.601460
vt 0.241856 0.620996
vt 0.226718 0.619435
vt 0.204575 0.605108
vt 0.198082 0.618299
vt 0.231439 0.642322
vt 0.245922 0.647719
vt 0.245195 0.669652
vt 0.236805 0.668511
vt 0.104289 0.395586
vt 0.102406 0.384551
vt 0.788870 0.848708
vt 0.798593 0.845938
vt 0.665551 0.853812
vt 0.265412 0.610468
vt 0.257195 0.630102
vt 0.183919 0.386075
vt 0.619369 0.043141
vt 0.617485 0.023948
vt 0.640256 0.034790
vt 0.654181 0.102600
vt 0.642445 0.113726
vt 0.654657 0.110040
vt 0.159234 0.380447
vt 0.636415 0.010064
vt 0.642536 0.010745
vt 0.662778 0.012989
vt 0.669009 0.061227
vt 0.684982 0.021952
vt 0.679936 0.044871
vt 0.659473 0.098705
vt 0.686475 0.012311
vt 0.000528 0.816913
vt 0.008035 0.805636
vt 0.002651 0.836091
vt 0.014497 0.835832
vt 0.612493 0.929276
vt 0.626404 0.939308
s 1
f 205/1/1 109/2/2 160/3/3
f 205/1/1 160/3/3 255/4/4
f 352/5/5 356/6/6 208/7/7
f 428/8/8 356/6/6 352/5/5
f 352/5/5 208/7/7 249/9/9
f 249/9/9 394/10/10 352/5/5
f 394/10/10 418/11/11 352/5/5
f 363/12/12 428/8/8 333/13/13
f 537/14/14 428/8/8 352/5/5
f 352/5/5 418/15/11 537/14/14
f 537/14/14 529/16/15 428/8/8
f 529/16/15 537/14/14 608/17/16
f 608/17/16 537/14/14 627/18/17
f 675/19/18 627/18/17 647/20/19
f 675/19/18 608/21/16 627/18/17
f 642/22/20 539/23/21 529/16/15
f 539/23/21 333/13/13 428/8/8
f 539/23/21 527/24/22 333/13/13
f 309/25/23 205/1/1 255/4/4
f 205/1/1 309/25/23 124/26/24
f 124/26/24 309/25/23 333/13/13
f 124/26/24 333/13/13 128/27/25
f 417/28/26 128/27/25 333/13/13
f 417/28/26 298/29/27 128/27/25
f 84/30/28 109/31/2 124/32/24
f 95/33/29 84/30/28 128/34/25
f 133/35/30 102/36/31 95/37/29
f 160/38/3 109/31/2 98/39/32
f 255/40/4 160/38/3 208/41/7
f 208/41/7 138/42/33 249/43/9
f 176/44/34 249/43/9 138/42/33
f 107/45/35 176/44/34 138/42/33
f 109/31/2 84/30/28 98/39/32
f 98/39/32 107/45/35 138/42/33
f 98/39/32 138/42/33 160/38/3
f 208/41/7 160/38/3 138/42/33
f 101/46/36 102/47/31 118/48/37
f 118/48/37 149/49/38 101/46/36
f 83/50/39 116/51/40 149/49/38
f 149/49/38 116/51/40 101/46/36
f 95/33/29 102/47/31 101/46/36
f 95/33/29 101/46/36 84/30/28
f 84/30/28 101/46/36 98/39/32
f 101/46/36 107/45/35 98/39/32
f 116/51/40 83/50/39 125/52/41
f 176/44/34 116/51/40 125/52/41
f 176/44/34 107/45/35 116/51/40
f 107/45/35 101/46/36 116/51/40
f 118/53/37 102/36/31 180/54/42
f 118/53/37 161/55/43 149/56/38
f 81/57/44 161/55/43 131/58/45
f 131/58/45 161/55/43 233/59/46
f 161/55/43 118/53/37 233/59/46
f 242/60/47 367/61/48 233/59/46
f 367/61/48 242/60/47 351/62/49
f 367/61/48 351/62/49 440/63/50
f 367/61/48 387/64/51 233/59/46
f 205/65/1 124/32/24 109/31/2
f 124/32/24 128/34/25 84/30/28
f 133/35/30 192/66/52 102/36/31
f 192/66/52 133/35/30 464/67/53
f 133/35/30 298/68/27 464/67/53
f 464/67/53 244/69/54 192/66/52
f 464/67/53 396/70/55 244/69/54
f 464/67/53 547/71/56 440/63/50
f 464/67/53 440/63/50 396/70/55
f 440/63/50 547/71/56 520/72/57
f 520/72/57 547/71/56 544/73/58
f 81/74/44 149/75/38 161/76/43
f 149/75/38 81/74/44 83/77/39
f 72/78/59 97/79/60 126/80/61
f 126/80/61 196/81/62 72/78/59
f 222/82/63 196/81/62 126/80/61
f 222/82/63 275/83/64 196/81/62
f 299/84/65 275/83/64 222/82/63
f 299/84/65 289/85/66 275/83/64
f 275/83/64 289/85/66 302/86/67
f 302/86/67 289/85/66 283/87/68
f 196/81/62 275/83/64 302/86/67
f 72/78/59 196/81/62 89/88/69
f 89/88/69 62/89/70 72/78/59
f 125/90/41 282/91/71 176/92/34
f 394/93/10 249/94/9 362/95/72
f 362/95/72 249/94/9 176/92/34
f 362/95/72 176/92/34 282/91/71
f 282/91/71 377/96/73 362/95/72
f 318/97/74 377/96/73 282/91/71
f 376/98/75 377/96/73 318/97/74
f 58/99/76 318/97/74 187/100/77
f 187/100/77 282/91/71 125/90/41
f 129/101/78 187/100/77 125/90/41
f 125/90/41 67/102/79 66/103/80
f 129/101/78 125/90/41 66/103/80
f 129/101/78 66/103/80 58/99/76
f 31/104/81 58/99/76 66/103/80
f 38/105/82 31/104/81 66/103/80
f 83/106/39 67/102/79 125/90/41
f 83/106/39 63/107/83 67/102/79
f 63/107/83 62/108/70 67/102/79
f 67/102/79 62/108/70 47/109/84
f 67/102/79 47/109/84 66/103/80
f 95/37/29 128/110/25 298/68/27
f 95/37/29 298/68/27 133/35/30
f 580/111/85 298/68/27 417/112/26
f 582/113/86 580/111/85 417/112/26
f 539/114/21 635/115/87 582/113/86
f 244/69/54 351/62/49 242/60/47
f 396/70/55 351/62/49 244/69/54
f 118/53/37 242/60/47 233/59/46
f 118/53/37 180/54/42 242/60/47
f 244/69/54 242/60/47 180/54/42
f 244/69/54 180/54/42 192/66/52
f 192/66/52 180/54/42 102/36/31
f 282/91/71 187/100/77 318/97/74
f 129/101/78 58/99/76 187/100/77
f 45/116/88 58/99/76 31/104/81
f 32/117/89 45/116/88 31/104/81
f 318/97/74 58/99/76 45/116/88
f 318/97/74 45/116/88 78/118/90
f 318/97/74 78/118/90 143/119/91
f 363/12/12 309/25/23 255/4/4
f 309/25/23 363/12/12 333/13/13
f 417/28/26 527/24/22 582/120/86
f 527/24/22 417/28/26 333/13/13
f 527/24/22 539/23/21 582/121/86
f 356/6/6 363/12/12 255/4/4
f 356/6/6 255/4/4 208/7/7
f 3/122/92 1/123/93 2/124/94
f 4/125/95 2/124/94 20/126/96
f 4/125/95 3/122/92 2/124/94
f 3/122/92 4/125/95 28/127/97
f 28/127/97 70/128/98 163/129/99
f 28/127/97 4/125/95 20/126/96
f 70/128/98 28/127/97 20/126/96
f 27/130/100 30/131/101 33/132/102
f 30/131/101 27/130/100 29/133/103
f 29/133/103 27/130/100 45/134/88
f 29/133/103 45/134/88 32/135/89
f 27/130/100 33/132/102 45/136/88
f 75/137/104 33/132/102 30/131/101
f 78/138/90 33/132/102 75/137/104
f 33/139/102 78/118/90 45/116/88
f 136/140/105 75/137/104 48/141/106
f 48/141/106 75/137/104 29/133/103
f 75/137/104 30/131/101 29/133/103
f 32/117/89 48/142/106 29/143/103
f 135/144/107 143/145/91 78/146/90
f 135/144/107 78/146/90 75/147/104
f 136/148/105 294/149/108 135/144/107
f 135/144/107 75/147/104 136/148/105
f 136/148/105 48/150/106 189/151/109
f 143/145/91 135/144/107 294/149/108
f 211/152/110 195/153/111 162/154/112
f 162/154/112 195/153/111 134/155/113
f 134/155/113 195/153/111 191/156/114
f 162/154/112 134/155/113 148/157/115
f 114/158/116 134/155/113 146/159/117
f 114/158/116 178/160/118 42/161/119
f 178/160/118 114/158/116 146/159/117
f 178/160/118 146/159/117 219/162/120
f 214/163/121 178/160/118 219/162/120
f 146/159/117 134/155/113 191/164/114
f 219/162/120 146/159/117 191/164/114
f 219/162/120 191/164/114 245/165/122
f 219/162/120 245/165/122 272/166/123
f 162/154/112 148/157/115 170/167/124
f 162/154/112 170/167/124 179/168/125
f 170/167/124 148/157/115 185/169/126
f 156/170/127 204/171/128 148/157/115
f 114/158/116 90/172/129 156/170/127
f 134/155/113 114/158/116 148/157/115
f 148/157/115 114/158/116 156/170/127
f 179/168/125 211/152/110 162/154/112
f 198/173/130 179/168/125 170/167/124
f 211/152/110 179/168/125 198/173/130
f 212/174/131 198/173/130 170/167/124
f 198/173/130 288/175/132 274/176/133
f 211/152/110 198/173/130 274/176/133
f 212/174/131 288/175/132 198/173/130
f 185/169/126 148/157/115 204/171/128
f 170/177/124 185/178/126 212/179/131
f 202/180/134 203/181/135 239/182/136
f 203/181/135 241/183/137 239/182/136
f 239/182/136 312/184/138 329/185/139
f 239/182/136 329/185/139 270/186/140
f 270/186/140 202/180/134 239/182/136
f 202/180/134 270/186/140 210/187/141
f 239/182/136 241/188/137 312/184/138
f 235/189/142 264/190/143 245/191/122
f 305/192/144 245/191/122 264/190/143
f 305/193/144 329/194/139 392/195/145
f 305/193/144 264/190/143 329/194/139
f 329/194/139 312/196/138 392/195/145
f 270/197/140 329/194/139 264/190/143
f 235/189/142 191/198/114 241/199/137
f 191/198/114 195/200/111 241/199/137
f 245/191/122 191/198/114 235/189/142
f 210/201/141 264/190/143 235/189/142
f 264/190/143 210/202/141 270/197/140
f 203/203/135 202/204/134 210/201/141
f 235/189/142 203/203/135 210/201/141
f 235/189/142 241/199/137 203/203/135
f 241/199/137 195/200/111 321/205/146
f 321/205/146 312/206/138 241/199/137
f 212/174/131 185/207/126 204/208/128
f 212/174/131 204/208/128 288/175/132
f 246/209/147 204/210/128 156/211/127
f 163/212/99 246/209/147 156/211/127
f 318/213/74 143/214/91 294/215/108
f 294/215/108 136/216/105 189/217/109
f 294/215/108 189/217/109 304/218/148
f 341/219/149 376/220/75 304/218/148
f 318/213/74 294/215/108 304/218/148
f 318/213/74 304/218/148 376/220/75
f 341/219/149 189/217/109 256/221/150
f 343/222/151 245/223/122 305/224/144
f 343/222/151 305/224/144 388/225/152
f 245/223/122 343/222/151 340/226/153
f 245/223/122 340/226/153 290/227/154
f 290/227/154 340/226/153 256/228/150
f 321/205/146 195/200/111 211/229/110
f 379/230/155 288/231/132 326/232/156
f 288/231/132 321/233/146 274/234/133
f 274/234/133 321/233/146 211/235/110
f 392/236/145 312/237/138 379/230/155
f 379/230/155 312/237/138 321/233/146
f 321/233/146 288/231/132 379/230/155
f 432/238/157 379/230/155 326/232/156
f 342/239/158 246/209/147 317/240/159
f 342/239/158 317/240/159 345/241/160
f 317/240/159 337/242/161 370/243/162
f 304/218/148 189/217/109 341/219/149
f 400/244/163 343/222/151 388/245/152
f 343/222/151 400/244/163 340/226/153
f 341/246/149 340/226/153 400/247/163
f 256/228/150 340/226/153 341/246/149
f 21/248/164 3/249/92 28/250/97
f 90/251/129 21/248/164 28/250/97
f 21/248/164 16/252/165 3/249/92
f 16/252/165 5/253/166 3/249/92
f 21/248/164 23/254/167 16/252/165
f 23/254/167 11/255/168 16/252/165
f 16/252/165 11/255/168 5/253/166
f 5/253/166 8/256/169 1/257/93
f 5/253/166 1/257/93 3/249/92
f 38/105/82 47/109/84 46/258/170
f 87/259/171 38/105/82 46/258/170
f 87/259/171 46/258/170 52/260/172
f 66/103/80 47/109/84 38/105/82
f 31/104/81 38/105/82 32/117/89
f 83/77/39 81/74/44 63/261/83
f 62/89/70 63/261/83 72/78/59
f 52/260/172 47/109/84 62/108/70
f 52/260/172 46/258/170 47/109/84
f 52/260/172 62/108/70 89/262/69
f 89/262/69 196/263/62 87/259/171
f 301/264/173 196/263/62 302/265/67
f 256/266/150 196/263/62 301/264/173
f 301/264/173 353/267/174 297/268/175
f 87/259/171 189/269/109 48/142/106
f 48/142/106 32/117/89 38/105/82
f 48/142/106 38/105/82 87/259/171
f 189/269/109 87/259/171 256/266/150
f 256/266/150 301/264/173 290/270/154
f 290/270/154 301/264/173 297/268/175
f 297/268/175 245/271/122 290/270/154
f 72/78/59 63/261/83 81/74/44
f 72/78/59 81/74/44 97/79/60
f 97/79/60 81/74/44 108/272/176
f 81/74/44 121/273/177 108/272/176
f 108/272/176 155/274/178 126/80/61
f 155/274/178 108/272/176 122/275/179
f 155/274/178 122/275/179 209/276/180
f 108/272/176 121/273/177 122/275/179
f 42/277/119 21/248/164 90/251/129
f 90/251/129 114/278/116 42/277/119
f 87/259/171 52/260/172 89/262/69
f 81/74/44 131/279/45 121/273/177
f 126/80/61 97/79/60 108/272/176
f 156/280/127 90/251/129 163/281/99
f 246/282/147 163/281/99 258/283/181
f 90/251/129 28/250/97 163/281/99
f 42/277/119 178/284/118 153/285/182
f 96/286/183 42/277/119 119/287/184
f 55/288/185 23/254/167 42/277/119
f 21/248/164 42/277/119 23/254/167
f 55/288/185 42/277/119 96/286/183
f 121/289/177 174/290/186 122/291/179
f 174/290/186 276/292/187 209/293/180
f 332/294/188 331/295/189 338/296/190
f 332/294/188 338/296/190 276/292/187
f 209/293/180 276/292/187 338/296/190
f 121/289/177 234/297/191 207/298/192
f 276/292/187 207/298/192 293/299/193
f 153/300/182 181/301/194 119/302/184
f 181/301/194 214/303/121 243/304/195
f 181/301/194 243/304/195 230/305/196
f 323/306/197 243/304/195 285/307/198
f 323/306/197 285/307/198 300/308/199
f 181/301/194 153/300/182 214/303/121
f 243/304/195 284/309/200 285/307/198
f 243/304/195 214/303/121 284/309/200
f 289/310/66 284/309/200 214/303/121
f 355/311/201 284/309/200 308/312/202
f 355/311/201 346/313/203 331/314/189
f 178/315/118 214/303/121 153/300/182
f 246/316/147 258/317/181 337/318/161
f 237/319/204 307/320/205 258/317/181
f 237/319/204 70/128/98 79/321/206
f 237/319/204 79/321/206 278/322/207
f 237/319/204 366/323/208 307/320/205
f 119/302/184 42/324/119 153/300/182
f 256/266/150 87/259/171 196/263/62
f 222/82/63 126/80/61 253/325/209
f 299/84/65 308/326/202 289/85/66
f 302/86/67 283/87/68 319/327/210
f 319/327/210 297/328/175 353/329/174
f 302/86/67 319/327/210 353/329/174
f 353/329/174 301/330/173 302/86/67
f 253/325/209 126/80/61 155/274/178
f 346/331/203 308/326/202 209/276/180
f 122/275/179 174/332/186 209/276/180
f 209/276/180 253/325/209 155/274/178
f 214/303/121 219/333/120 272/334/123
f 214/303/121 283/335/68 289/310/66
f 308/312/202 284/309/200 289/310/66
f 214/303/121 272/334/123 283/335/68
f 258/317/181 163/129/99 237/319/204
f 237/319/204 163/129/99 70/128/98
f 79/321/206 106/336/211 278/322/207
f 291/337/212 278/322/207 106/336/211
f 18/338/213 14/339/214 22/340/215
f 10/341/216 13/342/217 14/339/214
f 25/343/218 18/338/213 22/340/215
f 73/344/219 25/343/218 22/340/215
f 106/336/211 73/344/219 22/340/215
f 230/345/196 193/346/220 181/347/194
f 227/348/221 193/346/220 230/345/196
f 227/348/221 265/349/222 279/350/223
f 265/349/222 227/348/221 230/345/196
f 265/349/222 334/351/224 279/350/223
f 365/352/225 328/353/226 279/350/223
f 365/352/225 279/350/223 335/354/227
f 335/354/227 279/350/223 334/351/224
f 334/351/224 265/349/222 335/354/227
f 357/355/228 380/356/229 300/357/199
f 357/355/228 287/358/230 310/359/231
f 287/358/230 357/355/228 300/357/199
f 230/345/196 243/360/195 265/349/222
f 265/349/222 243/360/195 323/361/197
f 335/354/227 265/349/222 323/361/197
f 222/82/63 253/325/209 299/84/65
f 308/326/202 299/84/65 209/276/180
f 272/166/123 245/165/122 297/362/175
f 253/325/209 209/276/180 299/84/65
f 331/363/189 346/331/203 338/364/190
f 346/331/203 209/276/180 338/365/190
f 297/366/175 319/367/210 272/334/123
f 319/367/210 283/335/68 272/334/123
f 292/368/232 287/369/230 331/314/189
f 331/314/189 287/369/230 300/308/199
f 331/314/189 300/308/199 355/311/201
f 246/209/147 342/239/158 326/232/156
f 326/232/156 288/231/132 246/209/147
f 246/209/147 288/231/132 204/210/128
f 308/312/202 346/313/203 355/311/201
f 355/311/201 300/308/199 285/307/198
f 284/309/200 355/311/201 285/307/198
f 292/370/232 331/295/189 332/294/188
f 332/294/188 314/371/233 292/370/232
f 342/372/158 345/373/160 373/374/234
f 373/374/234 370/375/162 386/376/235
f 261/377/236 359/378/237 337/379/161
f 410/380/238 370/375/162 359/378/237
f 370/375/162 373/374/234 345/373/160
f 345/373/160 317/381/159 370/375/162
f 359/378/237 370/375/162 337/382/161
f 246/316/147 337/318/161 317/383/159
f 337/318/161 258/317/181 307/320/205
f 337/318/161 307/320/205 366/323/208
f 233/59/46 197/384/239 131/58/45
f 121/289/177 225/385/240 234/297/191
f 225/385/240 121/289/177 197/386/239
f 197/386/239 121/289/177 131/387/45
f 234/388/191 225/389/240 259/390/241
f 207/391/192 234/388/191 293/392/193
f 314/393/233 259/390/241 295/394/242
f 259/390/241 314/393/233 234/388/191
f 234/388/191 314/393/233 293/392/193
f 293/392/193 314/393/233 332/395/188
f 276/396/187 293/392/193 332/395/188
f 354/397/243 296/398/244 314/393/233
f 207/298/192 174/290/186 121/289/177
f 174/290/186 207/298/192 276/292/187
f 225/389/240 286/399/245 273/400/246
f 286/399/245 225/389/240 197/401/239
f 286/399/245 197/401/239 322/402/247
f 197/401/239 233/403/46 322/402/247
f 233/403/46 327/404/248 322/402/247
f 314/393/233 295/394/242 358/405/249
f 354/406/243 314/393/233 358/405/249
f 438/407/250 426/408/251 518/409/252
f 438/407/250 409/410/253 358/405/249
f 358/405/249 409/410/253 354/411/243
f 358/405/249 295/394/242 426/408/251
f 358/405/249 426/408/251 438/407/250
f 426/408/251 364/412/254 446/413/255
f 446/413/255 536/414/256 426/408/251
f 536/414/256 446/413/255 483/415/257
f 225/389/240 273/400/246 259/390/241
f 259/390/241 273/400/246 295/394/242
f 296/416/244 287/417/230 292/418/232
f 314/419/233 296/416/244 292/418/232
f 287/420/230 296/421/244 310/422/231
f 310/422/231 296/421/244 320/423/258
f 348/424/259 320/423/258 354/425/243
f 310/422/231 320/423/258 357/426/228
f 327/404/248 233/427/46 387/428/51
f 322/402/247 347/429/260 286/399/245
f 322/402/247 327/404/248 447/430/261
f 322/431/247 456/432/262 446/413/255
f 364/412/254 295/394/242 273/400/246
f 295/394/242 364/412/254 426/408/251
f 347/429/260 322/431/247 446/413/255
f 364/412/254 347/429/260 446/413/255
f 364/412/254 286/399/245 347/429/260
f 273/400/246 286/399/245 364/412/254
f 354/425/243 320/423/258 296/421/244
f 354/425/243 397/433/263 348/424/259
f 397/433/263 354/425/243 409/434/253
f 409/435/253 518/436/252 517/437/264
f 409/435/253 421/438/265 397/433/263
f 404/439/266 397/433/263 421/438/265
f 397/433/263 404/439/266 357/426/228
f 397/433/263 357/426/228 348/424/259
f 320/423/258 348/424/259 357/426/228
f 357/426/228 404/439/266 380/440/229
f 1/123/93 8/441/169 2/124/94
f 2/124/94 8/441/169 20/126/96
f 24/442/267 25/343/218 73/344/219
f 25/343/218 24/442/267 18/338/213
f 8/441/169 10/341/216 18/338/213
f 14/339/214 18/338/213 10/341/216
f 18/338/213 24/442/267 8/441/169
f 8/441/169 24/442/267 20/126/96
f 10/443/216 8/256/169 5/253/166
f 10/443/216 5/253/166 13/444/217
f 11/255/168 13/444/217 5/253/166
f 14/445/214 13/446/217 7/447/268
f 14/445/214 17/448/269 22/449/215
f 26/450/270 137/451/271 106/452/211
f 26/450/270 34/453/272 137/451/271
f 188/454/273 34/453/272 86/455/274
f 34/453/272 188/454/273 186/456/275
f 19/457/276 15/458/277 23/459/167
f 23/459/167 15/458/277 11/460/168
f 6/461/278 13/462/217 11/460/168
f 7/447/268 13/446/217 6/463/278
f 12/464/279 34/453/272 26/450/270
f 12/464/279 26/450/270 9/465/280
f 12/464/279 9/465/280 6/463/278
f 9/465/280 17/448/269 7/447/268
f 14/445/214 7/447/268 17/448/269
f 26/450/270 17/448/269 9/465/280
f 22/449/215 26/450/270 106/452/211
f 7/447/268 6/463/278 9/465/280
f 70/128/98 20/126/96 79/321/206
f 17/448/269 26/450/270 22/449/215
f 20/126/96 24/442/267 79/321/206
f 73/344/219 106/336/211 79/321/206
f 79/321/206 24/442/267 73/344/219
f 6/461/278 11/460/168 15/458/277
f 15/458/277 12/466/279 6/461/278
f 19/457/276 34/467/272 12/466/279
f 19/457/276 12/466/279 15/458/277
f 23/468/167 55/469/185 56/470/281
f 23/468/167 56/470/281 19/471/276
f 86/472/274 69/473/282 64/474/283
f 86/472/274 82/475/284 144/476/285
f 188/477/273 86/472/274 144/476/285
f 172/478/286 188/477/273 144/476/285
f 82/475/284 172/478/286 144/476/285
f 68/479/287 82/475/284 64/474/283
f 86/472/274 64/474/283 82/475/284
f 55/288/185 96/286/183 119/480/184
f 123/481/288 56/470/281 55/469/185
f 55/469/185 119/482/184 123/481/288
f 34/483/272 19/471/276 86/472/274
f 86/472/274 19/471/276 56/470/281
f 86/472/274 56/470/281 69/473/282
f 68/484/287 64/485/283 69/486/282
f 82/487/284 93/488/289 172/489/286
f 172/490/286 250/491/290 280/492/291
f 315/493/292 280/494/291 250/491/290
f 172/490/286 280/492/291 261/495/236
f 172/490/286 261/495/236 188/496/273
f 261/495/236 280/492/291 359/497/237
f 69/486/282 92/498/293 100/499/294
f 68/484/287 100/499/294 93/488/289
f 93/488/289 157/500/295 172/489/286
f 172/490/286 157/500/295 173/501/296
f 71/502/297 94/503/298 91/504/299
f 65/505/300 71/502/297 91/504/299
f 112/506/301 175/507/302 165/508/303
f 112/506/301 165/508/303 91/504/299
f 154/509/304 110/510/305 165/508/303
f 80/511/306 104/512/307 71/502/297
f 80/511/306 71/502/297 65/505/300
f 110/510/305 91/504/299 165/508/303
f 91/504/299 110/510/305 65/505/300
f 110/510/305 80/511/306 65/505/300
f 71/502/297 57/513/308 88/514/309
f 94/503/298 88/514/309 182/515/310
f 94/503/298 182/515/310 175/507/302
f 175/507/302 182/515/310 260/516/311
f 53/517/312 182/515/310 88/514/309
f 88/514/309 57/513/308 53/517/312
f 53/517/312 57/513/308 35/518/313
f 71/502/297 104/512/307 57/519/308
f 57/519/308 104/512/307 151/520/314
f 142/521/315 105/522/316 120/523/317
f 142/521/315 54/524/318 105/522/316
f 60/525/319 120/523/317 105/522/316
f 36/526/320 105/522/316 54/524/318
f 105/522/316 36/526/320 60/525/319
f 54/524/318 74/527/321 40/528/322
f 142/521/315 74/527/321 54/524/318
f 49/529/323 41/530/324 76/531/325
f 76/531/325 41/530/324 77/532/326
f 77/532/326 40/533/322 74/534/321
f 77/532/326 41/530/324 40/533/322
f 49/535/323 76/536/325 113/537/327
f 53/538/312 49/535/323 113/537/327
f 142/539/315 76/536/325 77/540/326
f 142/539/315 77/540/326 74/541/321
f 142/539/315 113/537/327 76/536/325
f 182/542/310 113/537/327 142/539/315
f 49/529/323 53/543/312 35/544/313
f 41/530/324 35/544/313 40/533/322
f 35/544/313 41/530/324 49/529/323
f 61/545/328 51/546/329 111/547/330
f 111/547/330 51/546/329 57/548/308
f 117/549/331 57/548/308 145/550/332
f 145/550/332 57/548/308 130/551/333
f 92/498/293 69/486/282 56/552/281
f 150/553/334 92/498/293 56/552/281
f 92/498/293 150/553/334 199/554/335
f 315/555/292 250/491/290 199/554/335
f 68/484/287 69/486/282 100/499/294
f 92/498/293 173/501/296 100/499/294
f 199/554/335 173/501/296 92/498/293
f 68/484/287 93/488/289 82/487/284
f 103/556/336 110/557/305 115/558/337
f 115/558/337 110/557/305 154/559/304
f 103/556/336 139/560/338 141/561/339
f 110/557/305 103/556/336 80/562/306
f 80/562/306 103/556/336 104/563/307
f 104/563/307 103/556/336 141/561/339
f 115/558/337 139/560/338 103/556/336
f 112/506/301 91/504/299 94/503/298
f 94/503/298 175/507/302 112/506/301
f 71/502/297 88/514/309 94/503/298
f 130/551/333 57/548/308 151/564/314
f 53/538/312 113/537/327 182/542/310
f 119/565/184 181/566/194 123/567/288
f 123/567/288 181/566/194 193/346/220
f 150/568/334 193/346/220 227/348/221
f 150/568/334 56/569/281 123/567/288
f 150/568/334 123/567/288 193/346/220
f 186/456/275 137/451/271 34/453/272
f 137/451/271 186/456/275 281/570/340
f 315/571/292 238/572/341 220/573/342
f 238/572/341 315/571/292 231/574/343
f 150/575/334 139/576/338 231/574/343
f 150/577/334 231/574/343 199/578/335
f 199/578/335 231/574/343 315/571/292
f 139/579/338 223/580/344 141/581/339
f 215/582/345 141/581/339 223/580/344
f 215/582/345 151/583/314 141/581/339
f 151/583/314 104/584/307 141/581/339
f 139/585/338 115/586/337 238/587/341
f 238/587/341 115/586/337 220/588/342
f 93/488/289 100/499/294 157/500/295
f 173/501/296 199/554/335 250/491/290
f 172/490/286 173/501/296 250/491/290
f 173/501/296 157/500/295 100/499/294
f 115/589/337 154/559/304 220/590/342
f 206/591/346 130/592/333 151/593/314
f 206/591/346 151/593/314 267/594/347
f 150/568/334 227/348/221 223/595/344
f 139/596/338 150/568/334 223/595/344
f 227/348/221 279/350/223 223/595/344
f 215/597/345 279/350/223 328/353/226
f 215/597/345 223/595/344 279/350/223
f 154/509/304 165/508/303 260/516/311
f 165/508/303 175/507/302 260/516/311
f 216/598/348 306/599/349 260/516/311
f 182/515/310 216/598/348 260/516/311
f 268/600/350 344/601/351 316/602/352
f 216/603/348 316/602/352 306/604/349
f 316/602/352 216/603/348 268/600/350
f 137/605/271 281/606/340 291/337/212
f 137/605/271 291/337/212 106/336/211
f 186/607/275 366/323/208 281/606/340
f 366/323/208 186/607/275 261/608/236
f 366/323/208 261/608/236 337/318/161
f 261/608/236 186/607/275 188/609/273
f 215/597/345 328/353/226 267/610/347
f 328/353/226 378/611/353 267/610/347
f 267/610/347 378/611/353 324/612/354
f 378/611/353 328/353/226 365/352/225
f 378/611/353 365/352/225 421/613/265
f 323/361/197 380/356/229 365/352/225
f 300/357/199 380/356/229 323/361/197
f 335/354/227 323/361/197 365/352/225
f 238/572/341 231/574/343 139/576/338
f 260/614/311 372/615/355 220/573/342
f 372/615/355 435/616/356 315/571/292
f 435/616/356 403/617/357 315/571/292
f 220/573/342 372/615/355 315/571/292
f 260/516/311 220/618/342 154/509/304
f 237/319/204 278/322/207 366/323/208
f 278/322/207 291/337/212 281/606/340
f 366/323/208 278/322/207 281/606/340
f 280/619/291 315/620/292 403/621/357
f 550/622/358 557/623/359 603/624/360
f 583/625/361 603/624/360 557/623/359
f 611/626/362 603/624/360 583/625/361
f 583/625/361 557/627/359 504/628/363
f 583/625/361 504/628/363 546/629/364
f 504/628/363 496/630/365 498/631/366
f 504/628/363 498/631/366 511/632/367
f 511/632/367 498/631/366 515/633/368
f 389/634/369 372/635/355 260/636/311
f 369/637/370 389/634/369 260/636/311
f 260/636/311 306/638/349 369/637/370
f 306/638/349 382/639/371 398/640/372
f 415/641/373 369/637/370 398/640/372
f 398/640/372 399/642/374 415/641/373
f 398/643/372 382/644/371 425/645/375
f 482/646/376 382/644/371 512/647/377
f 382/644/371 522/648/378 512/647/377
f 522/648/378 382/644/371 437/649/379
f 522/648/378 437/649/379 521/650/380
f 306/651/349 316/652/352 382/644/371
f 57/548/308 51/546/329 35/653/313
f 35/653/313 39/654/381 36/526/320
f 35/653/313 36/526/320 40/528/322
f 40/528/322 36/526/320 54/524/318
f 39/654/381 43/655/382 36/526/320
f 43/655/382 60/525/319 36/526/320
f 35/653/313 51/546/329 39/654/381
f 51/656/329 37/657/383 50/658/384
f 37/657/383 59/659/385 50/658/384
f 44/660/386 61/661/328 99/662/387
f 37/657/383 44/660/386 59/659/385
f 59/659/385 127/663/388 50/658/384
f 99/662/387 127/663/388 59/659/385
f 44/660/386 99/662/387 59/659/385
f 51/656/329 61/661/328 37/657/383
f 61/661/328 44/660/386 37/657/383
f 57/664/308 117/665/331 111/666/330
f 167/667/389 132/668/390 183/669/391
f 140/670/392 132/668/390 117/665/331
f 117/665/331 132/668/390 111/666/330
f 85/671/393 43/672/382 39/673/381
f 39/673/381 51/656/329 50/658/384
f 39/673/381 50/658/384 85/671/393
f 60/674/319 43/672/382 85/671/393
f 120/675/317 60/674/319 85/671/393
f 182/676/310 142/677/315 216/678/348
f 268/679/350 216/678/348 166/680/394
f 127/663/388 229/681/395 166/680/394
f 177/682/396 127/663/388 99/662/387
f 177/682/396 99/662/387 147/683/397
f 85/671/393 166/680/394 120/675/317
f 85/671/393 50/658/384 166/680/394
f 127/663/388 166/680/394 50/658/384
f 166/680/394 216/678/348 120/675/317
f 142/677/315 120/675/317 216/678/348
f 171/684/398 111/666/330 132/668/390
f 111/666/330 152/685/399 61/661/328
f 61/661/328 152/685/399 147/683/397
f 61/661/328 147/683/397 99/662/387
f 158/686/400 147/683/397 168/687/401
f 168/687/401 147/683/397 152/685/399
f 177/682/396 147/683/397 158/686/400
f 229/681/395 177/682/396 158/686/400
f 229/681/395 158/686/400 201/688/402
f 158/686/400 184/689/403 201/688/402
f 177/682/396 229/681/395 127/663/388
f 229/681/395 268/679/350 166/680/394
f 184/690/403 168/691/401 152/692/399
f 263/693/404 152/692/399 171/694/398
f 336/695/405 344/601/351 263/693/404
f 167/696/389 257/697/406 263/693/404
f 263/693/404 171/694/398 167/696/389
f 158/698/400 168/691/401 184/690/403
f 330/699/407 268/600/350 271/700/408
f 268/600/350 330/699/407 344/601/351
f 271/700/408 268/600/350 229/701/395
f 229/701/395 201/702/402 271/700/408
f 271/700/408 201/702/402 184/690/403
f 271/700/408 184/690/403 152/692/399
f 271/700/408 152/692/399 330/699/407
f 152/692/399 263/693/404 330/699/407
f 344/601/351 330/699/407 263/693/404
f 206/703/346 228/704/409 130/705/333
f 130/706/333 228/707/409 159/708/410
f 159/708/410 228/707/409 190/709/411
f 190/709/411 228/707/409 217/710/412
f 217/710/412 228/707/409 269/711/413
f 277/712/414 269/711/413 228/707/409
f 159/708/410 145/713/332 130/706/333
f 145/713/332 159/708/410 140/714/392
f 140/714/392 159/708/410 164/715/415
f 200/716/416 213/717/417 140/714/392
f 164/715/415 200/716/416 140/714/392
f 117/718/331 145/713/332 140/714/392
f 164/715/415 159/708/410 190/709/411
f 217/710/412 164/715/415 190/709/411
f 200/716/416 164/715/415 217/710/412
f 213/719/417 200/720/416 240/721/418
f 232/722/419 213/719/417 240/721/418
f 240/721/418 200/720/416 224/723/420
f 217/724/412 224/723/420 200/720/416
f 252/725/421 224/723/420 217/724/412
f 224/723/420 252/725/421 236/726/422
f 236/726/422 218/727/423 224/723/420
f 303/728/424 236/726/422 252/725/421
f 215/729/345 267/730/347 151/583/314
f 324/731/354 206/591/346 267/594/347
f 206/591/346 324/731/354 277/732/414
f 206/591/346 277/732/414 228/733/409
f 252/734/421 217/710/412 269/711/413
f 303/735/424 252/734/421 269/711/413
f 361/736/425 269/711/413 368/737/426
f 368/737/426 269/711/413 277/712/414
f 361/736/425 303/735/424 269/711/413
f 303/735/424 311/738/427 236/739/422
f 221/740/428 213/741/417 262/742/429
f 262/742/429 213/741/417 325/743/430
f 140/744/392 213/741/417 221/740/428
f 140/744/392 169/745/431 132/746/390
f 194/747/432 183/748/391 254/749/433
f 257/750/406 194/751/432 254/749/433
f 183/748/391 226/752/434 254/749/433
f 254/749/433 336/753/405 257/750/406
f 254/749/433 262/742/429 336/753/405
f 349/754/435 213/719/417 339/755/436
f 339/755/436 213/719/417 232/722/419
f 350/756/437 339/755/436 232/722/419
f 350/756/437 232/722/419 313/757/438
f 248/758/439 313/757/438 232/722/419
f 232/722/419 240/721/418 218/727/423
f 218/727/423 240/721/418 224/723/420
f 232/722/419 218/727/423 248/758/439
f 324/731/354 381/759/440 277/732/414
f 262/760/429 375/761/441 360/762/442
f 316/763/352 336/764/405 360/762/442
f 316/763/352 360/762/442 375/761/441
f 325/765/430 213/766/417 349/767/435
f 262/742/429 360/768/442 336/753/405
f 350/769/437 445/770/443 339/755/436
f 183/748/391 132/746/390 169/745/431
f 183/748/391 169/745/431 226/752/434
f 247/771/444 140/744/392 221/740/428
f 247/771/444 221/740/428 262/742/429
f 140/744/392 247/771/444 169/745/431
f 132/668/390 167/667/389 171/684/398
f 194/772/432 167/667/389 183/669/391
f 194/772/432 257/773/406 167/667/389
f 152/685/399 111/666/330 171/684/398
f 247/771/444 226/752/434 169/745/431
f 247/771/444 262/742/429 226/752/434
f 226/752/434 262/742/429 254/749/433
f 266/774/445 236/775/422 311/776/427
f 218/777/423 236/775/422 251/778/446
f 251/778/446 236/775/422 266/774/445
f 313/779/438 251/778/446 266/774/445
f 313/779/438 266/774/445 371/780/447
f 371/780/447 266/774/445 311/776/427
f 248/781/439 251/778/446 313/779/438
f 248/781/439 218/777/423 251/778/446
f 371/782/447 311/783/427 431/784/448
f 311/783/427 374/785/449 431/784/448
f 374/785/449 433/786/450 486/787/451
f 431/784/448 374/785/449 486/787/451
f 431/784/448 486/787/451 445/788/443
f 463/789/452 486/787/451 473/790/453
f 303/791/424 385/792/454 311/783/427
f 311/783/427 385/793/454 374/785/449
f 263/693/404 257/697/406 336/695/405
f 344/601/351 336/695/405 316/794/352
f 350/795/437 313/796/438 371/782/447
f 530/797/455 418/798/11 475/799/456
f 418/798/11 530/797/455 537/800/14
f 418/798/11 394/801/10 475/799/456
f 407/802/457 475/799/456 394/803/10
f 528/804/458 469/805/459 430/806/460
f 528/804/458 553/807/461 469/805/459
f 636/808/462 553/807/461 632/809/463
f 542/810/464 647/811/19 530/797/455
f 647/811/19 542/810/464 572/812/465
f 636/808/462 667/813/466 572/812/465
f 647/814/19 572/815/465 667/816/466
f 530/817/455 647/814/19 537/818/14
f 632/819/463 675/820/18 667/816/466
f 647/814/19 667/816/466 675/820/18
f 647/814/19 627/821/17 537/818/14
f 394/822/10 362/823/72 407/824/457
f 377/825/73 407/824/457 362/823/72
f 377/825/73 376/826/75 430/827/460
f 341/828/149 400/829/163 376/826/75
f 467/830/467 510/831/468 458/832/469
f 400/829/163 467/830/467 376/826/75
f 458/832/469 376/826/75 467/830/467
f 528/833/458 430/827/460 458/832/469
f 528/833/458 458/832/469 510/831/468
f 458/832/469 430/827/460 376/826/75
f 377/825/73 430/827/460 407/824/457
f 430/827/460 469/834/459 407/824/457
f 428/8/8 363/12/12 356/6/6
f 642/22/20 529/16/15 608/17/16
f 530/797/455 475/799/456 542/810/464
f 542/810/464 475/799/456 494/835/470
f 542/810/464 494/835/470 572/812/465
f 636/808/462 572/812/465 553/807/461
f 428/8/8 529/16/15 539/23/21
f 539/114/21 641/836/471 635/115/87
f 642/837/20 658/838/472 652/839/473
f 642/837/20 688/840/474 658/838/472
f 688/840/474 642/837/20 682/841/475
f 642/837/20 652/839/473 641/836/471
f 641/842/471 539/843/21 642/844/20
f 693/845/476 608/846/16 672/847/477
f 675/848/18 694/849/478 608/846/16
f 694/849/478 675/848/18 632/850/463
f 659/851/479 694/849/478 632/850/463
f 659/851/479 670/852/480 694/849/478
f 694/849/478 670/852/480 672/847/477
f 670/852/480 659/851/479 625/853/481
f 659/851/479 571/854/482 625/853/481
f 571/854/482 561/855/483 625/853/481
f 625/853/481 591/856/484 639/857/485
f 561/855/483 489/858/486 591/856/484
f 561/855/483 591/856/484 625/853/481
f 561/855/483 571/854/482 551/859/487
f 561/855/483 551/860/487 566/861/488
f 501/862/489 489/858/486 566/861/488
f 489/858/486 561/855/483 566/861/488
f 580/111/85 582/113/86 635/115/87
f 580/111/85 635/115/87 544/73/58
f 616/863/490 544/73/58 635/115/87
f 635/115/87 652/839/473 616/863/490
f 652/839/473 635/115/87 641/836/471
f 616/863/490 652/839/473 628/864/491
f 652/839/473 637/865/492 628/864/491
f 637/865/492 652/839/473 658/838/472
f 658/838/472 688/840/474 677/866/493
f 688/840/474 682/841/475 696/867/494
f 688/840/474 696/867/494 677/866/493
f 637/865/492 598/868/495 628/864/491
f 616/863/490 584/869/496 544/73/58
f 682/870/475 642/844/20 608/846/16
f 682/870/475 608/846/16 693/845/476
f 693/845/476 672/847/477 679/871/497
f 694/849/478 672/847/477 608/846/16
f 693/845/476 679/871/497 682/870/475
f 682/841/475 679/872/497 696/867/494
f 639/857/485 594/873/498 679/871/497
f 625/853/481 639/857/485 679/871/497
f 679/871/497 672/847/477 625/853/481
f 591/856/484 489/858/486 639/857/485
f 489/858/486 594/873/498 639/857/485
f 618/874/499 685/875/500 594/873/498
f 558/876/501 618/874/499 552/877/502
f 451/878/503 477/879/504 489/858/486
f 552/877/502 489/858/486 477/879/504
f 594/873/498 552/877/502 618/874/499
f 552/877/502 594/873/498 489/858/486
f 696/867/494 679/872/497 594/880/498
f 388/225/152 305/224/144 392/881/145
f 388/882/152 392/883/145 457/884/505
f 400/829/163 388/882/152 457/884/505
f 510/831/468 457/884/505 379/885/155
f 379/885/155 457/884/505 392/883/145
f 342/372/158 373/374/234 383/886/506
f 386/376/235 390/887/507 373/374/234
f 373/374/234 390/887/507 383/886/506
f 429/888/508 422/889/509 383/886/506
f 461/890/510 422/889/509 429/888/508
f 390/887/507 429/888/508 383/886/506
f 342/372/158 412/891/511 326/892/156
f 412/891/511 342/372/158 383/886/506
f 326/892/156 412/891/511 432/893/157
f 451/894/503 412/891/511 427/895/512
f 477/896/504 427/895/512 422/889/509
f 569/897/513 595/898/514 558/899/501
f 558/899/501 552/900/502 422/889/509
f 569/897/513 558/899/501 461/890/510
f 461/890/510 558/899/501 422/889/509
f 569/897/513 461/890/510 502/901/515
f 502/901/515 543/902/516 569/897/513
f 543/902/516 563/903/517 569/897/513
f 543/902/516 499/904/518 563/903/517
f 590/905/519 578/906/520 563/903/517
f 412/891/511 383/886/506 427/895/512
f 422/889/509 427/895/512 383/886/506
f 370/375/162 410/380/238 386/376/235
f 379/907/155 432/908/157 495/909/521
f 551/860/487 548/910/522 566/861/488
f 432/911/157 412/912/511 501/913/489
f 489/914/486 501/913/489 412/912/511
f 451/915/503 427/916/512 477/917/504
f 429/888/508 502/901/515 461/890/510
f 502/901/515 429/888/508 543/902/516
f 429/888/508 499/904/518 543/902/516
f 390/887/507 499/904/518 429/888/508
f 487/918/523 499/919/518 390/920/507
f 487/918/523 390/920/507 435/921/356
f 435/921/356 390/920/507 403/621/357
f 403/621/357 410/922/238 280/619/291
f 410/922/238 403/621/357 386/923/235
f 386/923/235 403/621/357 390/920/507
f 475/799/456 407/802/457 494/835/470
f 407/802/457 469/805/459 494/835/470
f 400/829/163 457/884/505 467/830/467
f 457/884/505 510/831/468 467/830/467
f 510/831/468 379/885/155 495/924/521
f 510/831/468 495/924/521 548/925/522
f 432/908/157 501/862/489 495/909/521
f 495/909/521 501/862/489 548/910/522
f 501/862/489 566/861/488 548/910/522
f 412/912/511 451/915/503 489/914/486
f 469/805/459 553/807/461 572/812/465
f 469/805/459 572/812/465 494/835/470
f 551/926/487 571/927/482 553/928/461
f 551/926/487 553/928/461 528/929/458
f 528/929/458 510/930/468 548/931/522
f 551/926/487 528/929/458 548/931/522
f 552/877/502 477/879/504 422/932/509
f 618/933/499 581/934/524 629/935/525
f 629/935/525 671/936/526 674/937/527
f 674/937/527 618/933/499 629/935/525
f 581/938/524 598/939/495 615/940/528
f 581/938/524 615/940/528 629/941/525
f 671/942/526 629/943/525 615/940/528
f 671/942/526 615/940/528 658/944/472
f 658/944/472 615/940/528 637/945/492
f 615/940/528 598/939/495 637/945/492
f 598/939/495 617/946/529 628/947/491
f 628/947/491 617/946/529 631/948/530
f 586/949/531 598/939/495 581/950/524
f 586/949/531 581/951/524 567/952/532
f 595/898/514 581/953/524 618/954/499
f 581/953/524 595/898/514 577/955/533
f 558/899/501 595/898/514 618/954/499
f 567/956/532 581/953/524 577/955/533
f 577/955/533 595/898/514 563/903/517
f 569/897/513 563/903/517 595/898/514
f 578/906/520 577/955/533 563/903/517
f 577/955/533 578/906/520 567/956/532
f 511/957/367 515/958/368 565/959/534
f 565/959/534 515/958/368 589/960/535
f 567/961/532 578/962/520 546/629/364
f 546/629/364 511/632/367 567/963/532
f 511/632/367 546/629/364 504/628/363
f 499/919/518 487/918/523 563/964/517
f 590/965/519 487/918/523 603/624/360
f 487/918/523 550/622/358 603/624/360
f 435/921/356 550/622/358 487/918/523
f 603/624/360 611/626/362 590/965/519
f 546/629/364 611/626/362 583/625/361
f 578/962/520 590/965/519 546/629/364
f 590/965/519 611/626/362 546/629/364
f 563/964/517 487/918/523 590/965/519
f 553/966/461 571/927/482 632/967/463
f 571/927/482 659/968/479 632/967/463
f 658/838/472 677/866/493 671/969/526
f 598/939/495 586/949/531 617/946/529
f 667/816/466 636/970/462 632/819/463
f 625/853/481 672/847/477 670/852/480
f 685/971/500 696/972/494 594/973/498
f 685/971/500 674/974/527 695/975/536
f 674/974/527 671/942/526 695/975/536
f 671/942/526 677/976/493 695/975/536
f 685/971/500 695/975/536 696/972/494
f 695/975/536 677/976/493 696/972/494
f 674/937/527 685/977/500 618/933/499
f 520/72/57 367/61/48 440/63/50
f 367/61/48 520/72/57 505/978/537
f 396/70/55 440/63/50 351/62/49
f 367/979/48 505/980/537 387/981/51
f 327/982/248 387/981/51 411/983/538
f 411/983/538 387/981/51 488/984/539
f 485/985/540 411/983/538 488/984/539
f 556/986/541 485/985/540 574/987/542
f 574/987/542 485/985/540 488/984/539
f 505/980/537 488/984/539 387/981/51
f 488/984/539 505/980/537 574/987/542
f 556/986/541 574/987/542 631/988/530
f 668/989/543 643/990/544 631/988/530
f 643/990/544 668/989/543 687/991/545
f 687/991/545 668/989/543 686/992/546
f 687/991/545 663/993/547 681/994/548
f 669/995/549 692/996/550 660/997/551
f 669/995/549 660/997/551 697/998/552
f 689/999/553 669/995/549 697/998/552
f 673/1000/554 669/995/549 689/999/553
f 669/995/549 673/1000/554 657/1001/555
f 657/1001/555 619/1002/556 610/1003/557
f 657/1001/555 610/1003/557 669/995/549
f 540/1004/558 610/1003/557 549/1005/559
f 610/1003/557 619/1002/556 549/1005/559
f 520/72/57 584/869/496 505/978/537
f 520/72/57 544/73/58 584/869/496
f 505/1006/537 584/869/496 616/863/490
f 505/1007/537 616/863/490 574/1008/542
f 628/864/491 574/1008/542 616/863/490
f 643/990/544 556/986/541 631/988/530
f 556/986/541 643/990/544 648/1009/560
f 648/1009/560 643/990/544 692/996/550
f 669/995/549 648/1009/560 692/996/550
f 610/1003/557 540/1004/558 648/1009/560
f 669/995/549 610/1003/557 648/1009/560
f 497/1010/561 525/1011/562 540/1012/558
f 497/1010/561 507/1013/563 479/1014/564
f 497/1010/561 540/1012/558 549/1015/559
f 497/1010/561 549/1015/559 507/1013/563
f 549/1015/559 619/1016/556 554/1017/565
f 597/1018/566 622/1019/567 657/1020/555
f 633/1021/568 657/1020/555 622/1019/567
f 622/1019/567 597/1018/566 585/1022/569
f 624/1023/570 597/1018/566 657/1020/555
f 648/1009/560 540/1004/558 556/986/541
f 580/111/85 547/71/56 464/67/53
f 580/111/85 464/67/53 298/68/27
f 580/111/85 544/73/58 547/71/56
f 574/1024/542 628/1025/491 631/1026/530
f 586/1027/531 668/1028/543 631/1026/530
f 631/1026/530 617/1029/529 586/1027/531
f 554/1017/565 507/1013/563 549/1015/559
f 411/1030/538 447/1031/261 327/1032/248
f 479/1014/564 507/1013/563 534/1033/571
f 534/1033/571 447/1031/261 479/1014/564
f 507/1013/563 554/1017/565 534/1033/571
f 554/1017/565 585/1022/569 534/1033/571
f 534/1033/571 585/1022/569 597/1018/566
f 585/1022/569 554/1017/565 614/1034/572
f 614/1034/572 633/1021/568 585/1022/569
f 633/1021/568 622/1019/567 585/1022/569
f 447/1031/261 534/1033/571 474/1035/573
f 534/1033/571 480/1036/574 474/1035/573
f 597/1018/566 624/1023/570 534/1033/571
f 456/1037/262 322/1038/247 447/1031/261
f 447/1031/261 474/1035/573 456/1037/262
f 462/1039/575 452/1040/576 450/1041/577
f 452/1040/576 462/1039/575 483/1042/257
f 462/1039/575 509/1043/578 483/1042/257
f 483/1042/257 456/1044/262 452/1040/576
f 452/1040/576 456/1044/262 450/1045/577
f 456/1044/262 483/1042/257 446/1046/255
f 509/1043/578 568/1047/579 483/1042/257
f 450/1048/577 456/1049/262 474/1050/573
f 450/1048/577 474/1050/573 480/1051/574
f 404/439/266 421/438/265 380/440/229
f 378/1052/353 421/438/265 454/1053/580
f 454/1053/580 436/1054/581 378/1052/353
f 454/1053/580 421/438/265 409/435/253
f 439/1055/582 436/1054/581 490/1056/583
f 439/1055/582 490/1056/583 459/1057/584
f 436/1054/581 454/1053/580 533/1058/585
f 454/1053/580 409/435/253 533/1058/585
f 517/437/264 533/1058/585 409/435/253
f 365/1059/225 380/440/229 421/438/265
f 447/1031/261 411/1030/538 479/1014/564
f 485/985/540 479/1060/564 411/983/538
f 485/985/540 525/1061/562 479/1060/564
f 540/1004/558 525/1061/562 556/986/541
f 525/1011/562 497/1010/561 479/1014/564
f 518/436/252 409/435/253 438/1062/250
f 518/436/252 426/1063/251 536/1064/256
f 564/1065/586 602/1066/587 517/437/264
f 517/437/264 575/1067/588 533/1058/585
f 575/1067/588 517/437/264 602/1066/587
f 575/1067/588 602/1066/587 665/1068/589
f 665/1068/589 664/1069/590 575/1067/588
f 664/1069/590 609/1070/591 575/1067/588
f 490/1056/583 575/1067/588 609/1070/591
f 575/1067/588 490/1056/583 533/1058/585
f 459/1057/584 490/1056/583 560/1071/592
f 556/986/541 525/1061/562 485/985/540
f 536/1072/256 483/1073/257 568/1074/579
f 568/1074/579 663/1075/547 536/1072/256
f 663/1075/547 568/1074/579 644/1076/593
f 644/1076/593 568/1074/579 612/1077/594
f 517/437/264 518/436/252 564/1065/586
f 436/1054/581 533/1058/585 490/1056/583
f 560/1078/592 541/1079/595 459/1080/584
f 560/1078/592 576/1081/596 541/1079/595
f 481/1082/597 541/1079/595 576/1081/596
f 481/1082/597 576/1081/596 519/1083/598
f 481/1082/597 519/1083/598 471/1084/599
f 541/1079/595 481/1082/597 459/1080/584
f 560/1078/592 490/1085/583 609/1086/591
f 560/1078/592 609/1086/591 626/1087/600
f 626/1087/600 649/1088/601 576/1081/596
f 634/1089/602 678/1090/603 656/1091/604
f 645/1092/605 634/1089/602 656/1091/604
f 634/1089/602 649/1088/601 678/1090/603
f 649/1088/601 634/1089/602 576/1081/596
f 612/1093/594 568/1094/579 509/1095/578
f 612/1093/594 509/1095/578 562/1096/606
f 562/1096/606 606/1097/607 612/1093/594
f 612/1093/594 653/1098/608 660/1099/551
f 612/1093/594 606/1097/607 653/1098/608
f 562/1096/606 465/1100/609 534/1101/571
f 562/1096/606 534/1101/571 606/1097/607
f 624/1102/570 606/1097/607 534/1101/571
f 606/1097/607 624/1102/570 653/1098/608
f 653/1098/608 683/1103/610 660/1099/551
f 697/1104/552 660/1105/551 683/1103/610
f 683/1103/610 689/1106/553 697/1104/552
f 673/1107/554 689/1106/553 683/1103/610
f 673/1107/554 683/1103/610 653/1098/608
f 673/1107/554 653/1098/608 624/1102/570
f 509/1095/578 462/1108/575 465/1100/609
f 509/1095/578 465/1100/609 562/1096/606
f 480/1051/574 534/1101/571 465/1100/609
f 465/1100/609 450/1048/577 480/1051/574
f 465/1100/609 462/1108/575 450/1048/577
f 518/1109/252 536/1110/256 613/1111/611
f 518/1109/252 613/1111/611 620/1112/612
f 518/1109/252 620/1112/612 564/1113/586
f 564/1113/586 620/1112/612 661/1114/613
f 654/1115/614 602/1116/587 564/1113/586
f 567/1117/532 511/1118/367 586/1027/531
f 511/1118/367 565/1119/534 586/1027/531
f 612/1093/594 660/1099/551 644/1120/593
f 644/1120/593 660/1099/551 676/1121/615
f 613/1111/611 536/1110/256 663/1122/547
f 613/1111/611 663/1122/547 686/1123/546
f 686/1123/546 663/1122/547 687/1124/545
f 613/1111/611 686/1123/546 668/1125/543
f 620/1112/612 613/1111/611 690/1126/616
f 690/1126/616 613/1111/611 668/1125/543
f 565/1127/534 651/1128/617 668/1129/543
f 565/1127/534 668/1129/543 586/1130/531
f 665/1131/589 602/1116/587 654/1115/614
f 665/1131/589 654/1115/614 684/1132/618
f 651/1128/617 680/1133/619 668/1129/543
f 666/1134/620 664/1135/590 604/1136/621
f 666/1134/620 609/1137/591 664/1135/590
f 626/1087/600 609/1086/591 666/1138/620
f 666/1138/620 604/1139/621 656/1091/604
f 656/1091/604 604/1140/621 592/1141/622
f 656/1091/604 592/1141/622 645/1092/605
f 576/1081/596 560/1078/592 626/1087/600
f 564/1142/586 661/1143/613 654/1144/614
f 684/1145/618 654/1144/614 661/1143/613
f 665/1146/589 684/1145/618 680/1147/619
f 668/1148/543 680/1147/619 690/1149/616
f 680/1147/619 684/1145/618 690/1149/616
f 690/1149/616 684/1145/618 691/1150/623
f 684/1145/618 661/1143/613 691/1150/623
f 691/1150/623 620/1151/612 690/1149/616
f 691/1150/623 661/1143/613 620/1151/612
f 651/1128/617 565/1127/534 589/1152/535
f 638/1153/624 655/1154/625 651/1128/617
f 626/1087/600 678/1090/603 649/1088/601
f 666/1138/620 656/1091/604 626/1087/600
f 678/1090/603 626/1087/600 656/1091/604
f 681/994/548 692/996/550 687/991/545
f 687/991/545 692/996/550 643/990/544
f 663/1155/547 644/1120/593 676/1121/615
f 676/1121/615 681/1156/548 663/1155/547
f 681/1156/548 676/1121/615 692/1157/550
f 692/1157/550 676/1121/615 660/1099/551
f 680/1133/619 651/1128/617 655/1154/625
f 655/1154/625 664/1135/590 680/1133/619
f 604/1136/621 664/1135/590 600/1158/626
f 664/1135/590 665/1159/589 680/1133/619
f 655/1154/625 638/1153/624 600/1158/626
f 600/1158/626 664/1135/590 655/1154/625
f 614/1034/572 554/1017/565 619/1016/556
f 614/1034/572 619/1016/556 657/1020/555
f 633/1021/568 614/1034/572 657/1020/555
f 673/1160/554 624/1023/570 657/1020/555
f 410/922/238 359/1161/237 280/619/291
f 369/637/370 423/1162/627 389/634/369
f 369/637/370 306/638/349 398/640/372
f 423/1162/627 369/637/370 415/641/373
f 423/1162/627 415/641/373 493/1163/628
f 415/641/373 443/1164/629 493/1163/628
f 423/1162/627 493/1163/628 500/1165/630
f 500/1165/630 516/1166/631 389/634/369
f 535/1167/632 500/1165/630 559/1168/633
f 557/1169/359 389/634/369 516/1166/631
f 389/634/369 435/1170/356 372/635/355
f 423/1162/627 500/1165/630 389/634/369
f 491/1171/634 455/1172/635 408/1173/636
f 460/1174/637 491/1171/634 408/1173/636
f 491/1171/634 460/1174/637 482/1175/376
f 482/1175/376 460/1174/637 425/645/375
f 425/645/375 460/1174/637 408/1173/636
f 408/1173/636 399/1176/374 425/645/375
f 399/1176/374 398/643/372 425/645/375
f 382/644/371 482/646/376 425/645/375
f 399/1177/374 402/1178/638 415/1179/373
f 443/1180/629 415/1179/373 402/1178/638
f 443/1180/629 402/1178/638 444/1181/639
f 444/1181/639 419/1182/640 455/1183/635
f 419/1182/640 444/1181/639 402/1178/638
f 408/1184/636 419/1185/640 399/1186/374
f 408/1184/636 455/1187/635 419/1185/640
f 399/1186/374 419/1185/640 402/1188/638
f 503/1189/641 455/1187/635 491/1190/634
f 443/1180/629 444/1181/639 455/1183/635
f 455/1183/635 503/1191/641 443/1180/629
f 437/649/379 382/644/371 316/652/352
f 498/1192/366 496/1193/365 523/1194/642
f 523/1194/642 496/1193/365 535/1167/632
f 535/1167/632 496/1193/365 500/1165/630
f 516/1166/631 500/1165/630 496/1193/365
f 504/1195/363 557/1169/359 516/1166/631
f 496/1193/365 504/1195/363 516/1166/631
f 491/1171/634 559/1196/633 503/1197/641
f 482/1198/376 512/1199/377 491/1200/634
f 535/1201/632 491/1200/634 512/1199/377
f 512/1199/377 523/1202/642 535/1201/632
f 521/1203/380 573/1204/643 522/1205/378
f 573/1204/643 532/1206/644 522/1205/378
f 512/1199/377 522/1205/378 532/1206/644
f 523/1202/642 512/1199/377 532/1206/644
f 515/1207/368 532/1206/644 573/1204/643
f 623/1208/645 573/1204/643 570/1209/646
f 573/1204/643 623/1208/645 515/1207/368
f 443/1164/629 503/1210/641 493/1163/628
f 493/1163/628 503/1210/641 559/1168/633
f 435/1170/356 389/634/369 550/1211/358
f 550/1211/358 389/634/369 557/1169/359
f 500/1165/630 493/1163/628 559/1168/633
f 535/1212/632 559/1196/633 491/1171/634
f 324/1213/354 378/1214/353 436/1215/581
f 324/1213/354 436/1215/581 413/1216/647
f 413/1216/647 436/1217/581 439/1218/582
f 381/1219/440 324/1213/354 413/1216/647
f 413/1216/647 414/1220/648 381/1219/440
f 439/1218/582 414/1220/648 413/1216/647
f 414/1220/648 459/1221/584 481/1222/597
f 414/1223/648 481/1222/597 471/1224/599
f 459/1221/584 414/1220/648 439/1218/582
f 420/1225/649 381/1219/440 414/1220/648
f 368/1226/426 277/1227/414 381/1228/440
f 391/1229/650 368/1226/426 381/1228/440
f 434/1230/651 368/1226/426 391/1229/650
f 453/1231/652 391/1229/650 484/1232/653
f 381/1228/440 420/1233/649 391/1229/650
f 395/1234/654 393/1235/655 442/1236/656
f 442/1236/656 441/1237/657 473/1238/453
f 473/1238/453 441/1237/657 466/1239/658
f 526/1240/659 466/1239/658 513/1241/660
f 476/1242/661 513/1241/660 434/1230/651
f 513/1241/660 466/1239/658 434/1230/651
f 441/1237/657 434/1230/651 466/1239/658
f 442/1236/656 393/1235/655 441/1237/657
f 391/1229/650 453/1231/652 476/1242/661
f 303/1243/424 361/1244/425 384/1245/662
f 384/1245/662 361/1244/425 395/1246/654
f 406/1247/663 393/1248/655 361/1244/425
f 406/1247/663 361/1244/425 368/1249/426
f 325/1250/430 375/761/441 262/760/429
f 325/1251/430 401/1252/664 375/761/441
f 375/761/441 401/1252/664 424/1253/665
f 401/1252/664 492/1254/666 508/1255/667
f 401/1252/664 466/1256/658 492/1254/666
f 361/1244/425 393/1248/655 395/1246/654
f 384/1245/662 395/1246/654 405/1257/668
f 405/1257/668 470/1258/669 384/1245/662
f 470/1258/669 405/1257/668 442/1259/656
f 442/1259/656 405/1257/668 395/1246/654
f 385/1260/454 416/1261/670 374/1262/449
f 374/1262/449 416/1261/670 433/1263/450
f 486/1264/451 433/1263/450 473/1265/453
f 470/1266/669 442/1267/656 473/1268/453
f 433/1263/450 416/1261/670 470/1266/669
f 433/1263/450 470/1266/669 473/1268/453
f 303/1269/424 384/1270/662 385/1260/454
f 470/1266/669 416/1261/670 384/1271/662
f 384/1271/662 416/1261/670 385/1260/454
f 486/787/451 463/789/452 445/788/443
f 350/795/437 371/782/447 431/784/448
f 431/784/448 445/788/443 350/795/437
f 538/1272/671 471/1273/599 519/1274/598
f 472/1275/672 471/1273/599 538/1272/671
f 472/1275/672 538/1272/671 514/1276/673
f 472/1275/672 514/1276/673 484/1277/653
f 448/1278/674 472/1275/672 484/1277/653
f 414/1279/648 471/1273/599 448/1278/674
f 472/1275/672 448/1278/674 471/1273/599
f 484/1277/653 420/1280/649 448/1278/674
f 484/1277/653 514/1276/673 596/1281/675
f 514/1276/673 538/1272/671 587/1282/676
f 596/1281/675 514/1276/673 587/1282/676
f 587/1282/676 640/1283/677 596/1281/675
f 640/1283/677 587/1282/676 588/1284/678
f 640/1283/677 621/1285/679 596/1281/675
f 414/1286/648 448/1287/674 420/1233/649
f 391/1229/650 420/1233/649 484/1232/653
f 453/1231/652 484/1232/653 531/1288/680
f 453/1231/652 630/1289/681 513/1241/660
f 513/1241/660 630/1289/681 646/1290/682
f 401/1252/664 508/1291/667 478/1292/683
f 478/1292/683 508/1293/667 506/1294/684
f 401/1252/664 478/1292/683 424/1253/665
f 424/1295/665 468/1296/685 449/1297/686
f 555/1298/687 524/1299/688 468/1296/685
f 449/1297/686 468/1296/685 524/1299/688
f 468/1296/685 424/1295/665 478/1300/683
f 570/1209/646 478/1300/683 506/1301/684
f 545/1302/689 570/1209/646 573/1204/643
f 478/1300/683 570/1209/646 545/1302/689
f 478/1300/683 545/1302/689 468/1296/685
f 468/1296/685 545/1302/689 555/1298/687
f 545/1302/689 573/1204/643 555/1298/687
f 555/1298/687 573/1204/643 521/1203/380
f 375/1303/441 424/1304/665 449/1305/686
f 316/1306/352 375/1303/441 437/649/379
f 437/649/379 375/1303/441 449/1305/686
f 434/1230/651 441/1237/657 406/1307/663
f 406/1307/663 441/1237/657 393/1235/655
f 368/1226/426 434/1230/651 406/1307/663
f 349/767/435 401/1308/664 325/765/430
f 466/1309/658 401/1310/664 349/767/435
f 466/1309/658 463/789/452 473/790/453
f 445/788/443 463/789/452 349/767/435
f 349/767/435 463/789/452 466/1309/658
f 445/788/443 349/767/435 339/1311/436
f 623/1312/645 570/1313/646 599/1314/690
f 589/1315/535 515/1316/368 623/1312/645
f 651/1317/617 623/1312/645 650/1318/691
f 589/1315/535 623/1312/645 651/1317/617
f 599/1314/690 650/1318/691 623/1312/645
f 579/1319/692 599/1314/690 570/1313/646
f 599/1314/690 579/1319/692 605/1320/693
f 650/1318/691 599/1314/690 605/1320/693
f 605/1320/693 638/1321/624 650/1318/691
f 651/1317/617 650/1318/691 638/1321/624
f 605/1320/693 600/1322/626 638/1321/624
f 601/1323/694 492/1324/666 526/1325/659
f 607/1326/695 601/1323/694 526/1325/659
f 453/1231/652 531/1288/680 630/1289/681
f 596/1327/675 531/1288/680 484/1232/653
f 596/1327/675 630/1289/681 531/1288/680
f 630/1289/681 596/1327/675 621/1328/679
f 434/1230/651 391/1229/650 476/1242/661
f 521/650/380 437/649/379 524/1329/688
f 524/1329/688 437/649/379 449/1305/686
f 524/1329/688 555/1330/687 521/650/380
f 515/1207/368 498/1331/366 532/1206/644
f 523/1202/642 532/1206/644 498/1331/366
f 506/1332/684 508/1333/667 579/1319/692
f 605/1320/693 579/1319/692 601/1323/694
f 508/1333/667 492/1324/666 601/1323/694
f 579/1319/692 508/1333/667 601/1323/694
f 492/1334/666 466/1239/658 526/1240/659
f 513/1241/660 476/1242/661 453/1231/652
f 604/1335/621 600/1336/626 592/1337/622
f 592/1337/622 662/1338/696 645/1339/605
f 662/1338/696 593/1340/697 645/1339/605
f 506/1332/684 579/1319/692 570/1313/646
f 513/1241/660 646/1290/682 526/1240/659
f 526/1240/659 646/1290/682 607/1341/695
f 600/1336/626 605/1342/693 592/1337/622
f 592/1337/622 605/1343/693 601/1344/694
f 621/1345/679 646/1346/682 630/1347/681
f 592/1337/622 640/1348/677 662/1338/696
f 640/1348/677 592/1337/622 621/1345/679
f 646/1346/682 601/1344/694 607/1349/695
f 601/1344/694 646/1346/682 592/1337/622
f 592/1337/622 646/1346/682 621/1345/679
f 538/1350/671 519/1351/598 593/1352/697
f 645/1353/605 593/1352/697 519/1351/598
f 588/1284/678 587/1282/676 538/1272/671
f 538/1272/671 593/1354/697 588/1284/678
f 634/1089/602 519/1083/598 576/1081/596
f 519/1083/598 634/1089/602 645/1092/605
f 588/1284/678 662/1355/696 640/1283/677
f 662/1355/696 588/1284/678 593/1354/697
