# Blender 5.1.2
# www.blender.org
o tripo_node_c2c086ba-cea6-4222-8835-6121ad54f53b
v -0.452662 0.108080 -0.107724
v -0.453462 0.111348 -0.067094
v -0.450012 0.078349 -0.069976
v -0.444407 0.132872 -0.084429
v -0.439513 0.088460 -0.118163
v -0.435950 0.135190 -0.106328
v -0.439201 0.104864 -0.043846
v -0.431656 0.106892 -0.128016
v -0.413619 0.057765 -0.081587
v -0.418541 0.121230 -0.048453
v -0.383645 0.082530 -0.024038
v -0.390268 0.054744 -0.058196
v -0.379319 0.059678 -0.112248
v -0.366553 0.082198 -0.127783
v -0.400844 -0.325835 -0.265502
v -0.398624 -0.314687 -0.192175
v -0.391063 -0.302172 -0.271289
v -0.388449 -0.285219 -0.215096
v -0.384355 -0.310479 -0.291727
v -0.389501 -0.348536 -0.249352
v -0.344561 0.136524 -0.072599
v -0.385099 -0.302144 -0.131051
v -0.386449 -0.292714 -0.155912
v -0.381467 -0.338955 -0.287366
v -0.342504 0.107183 -0.025246
v -0.356741 -0.367192 -0.184256
v -0.374745 -0.355991 -0.149888
v -0.384661 -0.344816 0.070285
v -0.353900 0.033513 -0.015040
v -0.382710 -0.322208 0.127076
v -0.377185 -0.327026 0.022103
v -0.371432 -0.320654 -0.118341
v -0.367065 -0.365651 0.114681
v -0.362850 -0.381537 0.013833
v -0.352183 -0.376027 -0.225478
v -0.338766 0.020552 -0.034755
v -0.365985 -0.383562 0.025229
v -0.346484 0.126947 -0.121404
v -0.363632 -0.268206 -0.206046
v -0.376140 -0.335293 0.136576
v -0.359116 -0.282660 0.126407
v -0.368743 -0.293061 -0.112937
v -0.339437 0.107510 -0.130738
v -0.356242 -0.347714 -0.012989
v -0.354936 -0.291550 0.154120
v -0.353108 -0.266105 -0.107957
v -0.313006 -0.319431 -0.305823
v -0.336288 -0.269242 -0.160421
v -0.360859 -0.275731 -0.228861
v -0.356366 -0.367050 0.010833
v -0.342352 -0.278573 -0.006307
v -0.341914 -0.349423 -0.123495
v -0.334654 -0.369070 -0.256847
v -0.327508 0.046968 -0.145878
v -0.346571 -0.370002 -0.146592
v -0.313752 0.020858 -0.138003
v -0.347142 -0.263233 -0.085917
v -0.343510 -0.362074 0.146745
v -0.352626 -0.247982 -0.247759
v -0.344871 -0.288361 -0.081323
v -0.358859 -0.002953 0.028757
v -0.350592 0.049207 0.008766
v -0.351070 -0.238170 -0.236243
v -0.328412 -0.395362 0.108636
v -0.346410 -0.380383 0.006901
v -0.330328 -0.287240 0.070871
v -0.320208 -0.323050 -0.115923
v -0.341733 -0.016175 -0.008236
v -0.315609 -0.282791 -0.274860
v -0.344851 -0.065824 0.038188
v -0.340690 -0.284679 -0.042151
v -0.302318 -0.341533 -0.299677
v -0.333026 -0.285564 0.041406
v -0.344796 -0.404966 0.032738
v -0.320532 -0.238811 -0.176637
v -0.339371 -0.012049 0.074822
v -0.342319 -0.373228 0.033323
v -0.348280 -0.239830 -0.083956
v -0.343994 -0.243957 -0.008052
v -0.342244 -0.096121 0.051823
v -0.313450 0.095590 -0.132861
v -0.337790 -0.343091 0.145440
v -0.339450 -0.264756 -0.054268
v -0.315188 -0.293293 0.183183
v -0.332821 -0.046638 0.099490
v -0.319047 -0.273738 -0.269147
v -0.320239 -0.246321 -0.137900
v -0.336124 -0.378345 0.005715
v -0.336571 0.137139 -0.110345
v -0.336425 -0.267390 -0.077066
v -0.336123 -0.366413 -0.008105
v -0.337140 -0.411925 0.006796
v -0.322793 -0.405025 -0.228825
v -0.328738 -0.333065 -0.055415
v -0.331261 -0.255013 0.019261
v -0.298432 -0.354068 -0.266461
v -0.319553 -0.021259 -0.042874
v -0.330969 -0.235236 -0.114559
v -0.335213 -0.169940 0.020182
v -0.326821 -0.209310 -0.028096
v -0.334443 -0.364140 0.027366
v -0.321835 -0.189999 0.041870
v -0.322654 -0.404053 -0.172058
v -0.313011 0.032413 0.068031
v -0.327155 -0.404339 -0.110163
v -0.331080 -0.376474 0.027451
v -0.338438 -0.329105 -0.080866
v -0.299047 -0.227863 -0.283007
v -0.298272 -0.221774 -0.189248
v -0.325635 0.133340 -0.157148
v -0.326994 -0.022975 0.155893
v -0.325713 -0.038625 0.150359
v -0.284189 -0.329964 0.161146
v -0.329940 -0.202314 0.005961
v -0.327651 -0.312542 -0.061072
v -0.328273 -0.425195 -0.018888
v -0.309258 -0.403722 0.167969
v -0.306808 -0.259207 0.139678
v -0.315586 0.164454 -0.157183
v -0.318975 -0.388212 -0.018405
v -0.320456 -0.097484 0.073276
v -0.313155 -0.069988 0.014733
v -0.310962 -0.404654 0.068907
v -0.328605 -0.309066 -0.084198
v -0.272654 0.093772 0.004389
v -0.320506 -0.436862 0.003699
v -0.313065 -0.431245 -0.103038
v -0.314444 -0.356939 -0.099823
v -0.294162 -0.428551 0.046436
v -0.314417 -0.364094 0.182496
v -0.315559 -0.276785 -0.077446
v -0.294026 0.037782 -0.157608
v -0.313216 -0.347862 -0.088345
v -0.300871 0.171176 -0.142987
v -0.306981 -0.286185 -0.065640
v -0.326833 -0.349060 0.208211
v -0.293908 0.153606 -0.102552
v -0.301048 -0.387419 -0.092859
v -0.282339 0.026927 0.134484
v -0.312011 -0.185756 -0.100099
v -0.314898 -0.319335 -0.100366
v -0.310093 0.001267 -0.117945
v -0.301264 -0.241647 -0.292867
v -0.286642 -0.187881 0.062907
v -0.313107 -0.204146 -0.131994
v -0.310520 -0.428718 -0.047121
v -0.299103 0.149221 -0.166921
v -0.316966 -0.025986 -0.088740
v -0.320947 -0.253268 0.207817
v -0.304737 -0.419801 -0.073174
v -0.297659 -0.426123 0.135545
v -0.278837 -0.268828 0.095084
v -0.304600 -0.050086 -0.072164
v -0.290283 -0.241745 0.059343
v -0.286665 -0.353370 0.163808
v -0.315478 -0.369874 0.191515
v -0.303131 -0.433263 -0.071265
v -0.311033 -0.267123 0.177152
v -0.315532 -0.004869 0.293986
v -0.289606 -0.221105 0.070092
v -0.276010 -0.256333 0.067538
v -0.299338 0.026558 0.308020
v -0.312201 -0.051562 0.372974
v -0.300431 -0.322150 0.222756
v -0.312733 0.420419 -0.001754
v -0.292968 -0.445371 -0.025717
v -0.306647 -0.027992 0.387096
v -0.302654 0.009734 0.264788
v -0.284772 -0.415143 -0.178439
v -0.296804 -0.260425 0.233560
v -0.286091 0.151750 -0.047758
v -0.305762 0.389411 -0.028857
v -0.282295 -0.122578 0.079651
v -0.296251 -0.040178 -0.131425
v -0.299182 -0.067313 0.405735
v -0.302712 -0.369917 0.234337
v -0.305905 0.420319 -0.024279
v -0.306442 -0.035378 0.324234
v -0.300468 -0.009835 0.336149
v -0.299899 0.373020 0.042878
v -0.284507 -0.037320 0.227402
v -0.291170 -0.165880 -0.031255
v -0.280471 0.009469 0.159376
v -0.306541 -0.407606 0.194973
v -0.304387 -0.416001 0.185390
v -0.299881 0.360881 0.022627
v -0.296969 -0.043433 -0.020685
v -0.301889 -0.291774 0.201638
v -0.280792 -0.277636 0.199414
v -0.284000 -0.385527 -0.045041
v -0.260345 0.078385 -0.116564
v -0.285607 -0.219112 0.202050
v -0.293509 -0.416234 0.211021
v -0.299910 0.429838 0.034364
v -0.285489 -0.033593 0.414554
v -0.290857 0.027138 0.289567
v -0.288357 -0.183169 -0.143180
v -0.272919 -0.221313 -0.223038
v -0.299866 -0.142704 -0.097252
v -0.300578 -0.308466 0.224183
v -0.296076 -0.403088 0.161802
v -0.285790 -0.410314 -0.235693
v -0.273208 -0.106882 0.347627
v -0.284631 -0.072253 0.280959
v -0.287905 -0.157038 -0.061463
v -0.288245 0.440224 0.000293
v -0.270555 -0.095171 0.131792
v -0.284520 -0.231825 0.148056
v -0.282671 -0.381228 -0.237322
v -0.275913 0.047772 -0.150396
v -0.291479 0.414182 -0.041035
v -0.278623 0.409831 0.051547
v -0.279044 -0.436896 0.206642
v -0.293461 -0.334546 0.415144
v -0.300572 -0.369241 0.371798
v -0.293087 -0.373405 0.426125
v -0.280118 -0.054127 0.175881
v -0.276082 -0.031906 0.185540
v -0.283857 -0.391063 -0.065778
v -0.283540 -0.097013 -0.039054
v -0.284784 -0.137059 -0.126184
v -0.299051 0.412173 -0.067133
v -0.285559 0.164594 -0.155372
v -0.289541 0.387512 -0.041904
v -0.286199 -0.072721 -0.147001
v -0.280184 0.043047 0.071439
v -0.271567 0.432635 0.035323
v -0.270152 0.135405 -0.149928
v -0.278056 -0.351678 0.176630
v -0.277918 -0.308786 0.271646
v -0.292837 -0.271820 0.259743
v -0.270999 -0.225888 -0.330420
v -0.279525 -0.367831 0.290161
v -0.274230 -0.022420 0.225818
v -0.272645 -0.285619 0.349411
v -0.261883 -0.012104 -0.188439
v -0.282109 -0.315097 0.202323
v -0.290893 -0.278830 0.239293
v -0.260658 0.164495 -0.084396
v -0.270070 -0.249472 -0.298990
v -0.268609 -0.324665 -0.301383
v -0.268322 -0.295136 -0.274835
v -0.281101 -0.427228 0.169803
v -0.281772 -0.401638 0.411582
v -0.255886 0.340238 -0.032047
v -0.280582 -0.297106 0.326542
v -0.269274 -0.427537 0.285151
v -0.282567 -0.219139 -0.319233
v -0.259260 0.012453 0.332372
v -0.266424 -0.303899 0.387659
v -0.276108 -0.105082 -0.137587
v -0.274080 -0.423264 0.363310
v -0.284930 -0.257159 0.316366
v -0.273382 -0.064741 0.208711
v -0.266656 0.425836 -0.035324
v -0.268570 0.371185 -0.101483
v -0.271931 -0.340707 0.442544
v -0.273306 -0.281886 0.286174
v -0.259989 -0.351423 -0.290036
v -0.271722 0.401865 -0.101141
v -0.270172 -0.313115 0.284183
v -0.265042 0.159927 -0.128357
v -0.270446 -0.379876 0.444606
v -0.232653 -0.430709 -0.093695
v -0.269973 -0.448073 0.255336
v -0.257928 -0.053215 -0.189173
v -0.276631 -0.086597 0.234129
v -0.248694 0.324727 0.016549
v -0.269441 -0.195128 0.163062
v -0.269242 -0.201601 -0.270076
v -0.227620 0.088028 0.040010
v -0.270743 0.154621 -0.147876
v -0.259016 -0.198328 0.332893
v -0.249247 -0.342805 -0.309699
v -0.258469 -0.337187 -0.237537
v -0.249908 0.191557 -0.043342
v -0.257907 -0.199860 -0.199369
v -0.241399 -0.441295 0.099847
v -0.254087 0.423910 -0.097579
v -0.255124 0.016377 -0.186342
v -0.264848 -0.452652 0.227176
v -0.246699 0.198781 -0.074517
v -0.237383 0.440729 -0.072297
v -0.239019 -0.435808 -0.025745
v -0.259812 -0.108285 0.372762
v -0.261374 0.403026 0.055196
v -0.274585 0.206916 -0.259416
v -0.259993 -0.019292 0.217491
v -0.262823 0.055208 0.105118
v -0.271324 0.235380 -0.256954
v -0.258529 -0.416566 -0.154361
v -0.254531 -0.137767 0.236354
v -0.262835 -0.192165 0.216324
v -0.269064 0.407328 -0.140658
v -0.250344 -0.318130 0.424685
v -0.263680 -0.045175 0.415532
v -0.259994 0.070855 0.139783
v -0.266177 0.192950 -0.233250
v -0.268509 -0.166948 -0.278966
v -0.261433 0.368695 -0.143570
v -0.252627 0.437456 -0.131958
v -0.232844 0.327769 0.038960
v -0.211331 -0.164531 -0.137762
v -0.253921 -0.132372 0.268238
v -0.204886 0.021797 0.366056
v -0.247220 -0.444518 -0.191875
v -0.249579 -0.200403 -0.231679
v -0.267263 0.190232 -0.215951
v -0.242603 0.107864 0.023918
v -0.261449 -0.198156 -0.286184
v -0.250495 -0.419382 -0.246932
v -0.252578 -0.246385 0.057357
v -0.216974 0.002186 0.206667
v -0.258611 -0.138958 0.331794
v -0.241704 -0.126402 0.147343
v -0.249289 0.320810 -0.019584
v -0.239707 -0.184483 -0.151044
v -0.234091 0.015779 0.299260
v -0.236908 0.172308 -0.020298
v -0.257512 -0.194382 -0.264433
v -0.255390 -0.171744 -0.285423
v -0.251117 -0.277255 0.356308
v -0.260509 0.217759 -0.291632
v -0.244792 0.429462 -0.149863
v -0.258981 0.054991 0.153148
v -0.258239 0.167991 -0.198419
v -0.229953 -0.275123 -0.317563
v -0.220757 -0.176805 0.063966
v -0.222727 0.333351 -0.124941
v -0.231166 0.427877 -0.011314
v -0.250143 0.206447 -0.195521
v -0.234193 -0.375638 -0.215720
v -0.258000 -0.353114 -0.212476
v -0.237956 0.329196 -0.093658
v -0.227342 0.050949 -0.106419
v -0.243369 0.264058 -0.262631
v -0.249744 -0.140452 0.362143
v -0.244683 -0.243315 0.349757
v -0.249190 -0.157892 0.267348
v -0.252506 -0.192362 -0.279133
v -0.226083 -0.245845 -0.324713
v -0.241774 -0.448839 0.293187
v -0.229384 0.123814 -0.198912
v -0.243058 0.214811 -0.153992
v -0.250270 0.231847 -0.326178
v -0.259090 -0.016305 -0.322830
v -0.251985 0.005861 -0.314214
v -0.244138 -0.196845 0.143969
v -0.251197 -0.157101 0.236211
v -0.224473 0.066315 -0.109613
v -0.239103 0.410527 -0.158524
v -0.234705 -0.392374 0.440643
v -0.250617 -0.022592 -0.248845
v -0.229721 0.140365 -0.243759
v -0.229410 -0.318778 -0.310203
v -0.238834 -0.156193 0.152762
v -0.227036 -0.008148 0.394271
v -0.242797 -0.196798 -0.335430
v -0.241548 0.369680 -0.157950
v -0.234208 -0.356858 -0.220220
v -0.245028 -0.184852 -0.316192
v -0.243342 -0.185061 0.359996
v -0.233731 -0.344816 0.441566
v -0.242735 -0.075075 -0.300319
v -0.239891 0.221405 -0.202073
v -0.239676 0.006199 -0.251932
v -0.224862 0.281220 -0.234234
v -0.237662 0.260362 -0.321343
v -0.226694 -0.078252 -0.216861
v -0.238597 0.213860 -0.327722
v -0.227196 -0.085332 -0.169581
v -0.200410 0.418860 0.003206
v -0.235840 -0.422618 0.384389
v -0.228564 0.312404 -0.050305
v -0.241333 0.099130 0.147298
v -0.235829 0.189194 -0.264586
v -0.240458 -0.223387 0.063736
v -0.247797 0.101027 0.184393
v -0.222841 -0.042792 0.393509
v -0.238001 -0.148849 0.249576
v -0.234213 -0.290260 0.356855
v -0.213466 -0.132636 -0.135799
v -0.243410 -0.180929 -0.213700
v -0.240445 -0.362840 -0.277455
v -0.236146 0.001348 -0.343153
v -0.232605 -0.433033 -0.263477
v -0.238306 0.158126 0.198589
v -0.233775 -0.185801 -0.210597
v -0.238281 0.239060 -0.049728
v -0.238303 -0.139860 -0.333871
v -0.237846 0.276418 -0.006947
v -0.229949 0.251314 -0.140604
v -0.242625 -0.190342 -0.271313
v -0.229183 0.170800 -0.110795
v -0.226211 -0.432106 -0.157272
v -0.233054 -0.196456 -0.345464
v -0.218527 0.015877 0.294952
v -0.228407 0.243047 -0.113693
v -0.247388 0.246623 -0.285801
v -0.230929 0.142930 0.206315
v -0.224964 0.068842 0.198015
v -0.241116 0.224839 -0.032329
v -0.222464 -0.458618 0.239483
v -0.227817 0.013758 -0.314066
v -0.230920 0.185808 -0.302462
v -0.225206 -0.146492 0.130930
v -0.220190 0.437455 -0.100785
v -0.232503 -0.150198 -0.295422
v -0.228998 -0.102880 -0.369094
v -0.184635 -0.451146 0.307274
v -0.205194 0.333819 -0.132663
v -0.231572 0.193436 0.147980
v -0.219328 0.272464 -0.137326
v -0.224582 0.172762 -0.094372
v -0.225834 -0.140518 -0.402126
v -0.230068 -0.390614 -0.260354
v -0.212457 0.239050 -0.199101
v -0.210419 -0.439502 0.148392
v -0.213994 -0.445282 -0.241539
v -0.214009 0.252700 -0.345408
v -0.212518 0.339226 0.039211
v -0.185973 -0.068902 -0.391472
v -0.215838 0.462495 -0.076178
v -0.215581 0.145764 0.120475
v -0.220420 0.289396 -0.258252
v -0.211857 -0.175999 0.070527
v -0.222573 0.204676 -0.130538
v -0.221316 0.225523 0.161678
v -0.217674 0.268024 -0.062342
v -0.218697 -0.381927 -0.280168
v -0.202394 -0.177670 -0.192793
v -0.223668 0.295600 -0.118146
v -0.211804 -0.327206 0.390674
v -0.200085 -0.154196 -0.234891
v -0.210111 -0.167210 -0.231909
v -0.217299 0.264925 -0.328732
v -0.225836 0.247087 0.129058
v -0.215223 0.012108 -0.246369
v -0.211861 -0.431264 -0.266505
v -0.199903 0.011060 -0.266692
v -0.224093 -0.241208 0.335196
v -0.219559 0.158032 -0.301592
v -0.215898 0.266973 0.034960
v -0.210533 0.457227 -0.036152
v -0.192422 -0.194718 0.352902
v -0.223470 0.030702 -0.162252
v -0.202842 0.376736 -0.152125
v -0.209313 0.192403 0.037422
v -0.212018 -0.116001 -0.418847
v -0.198055 -0.436269 -0.136512
v -0.213686 0.110133 0.062014
v -0.219967 0.251112 0.069684
v -0.195242 -0.227230 -0.341508
v -0.206989 -0.319033 0.330568
v -0.203609 0.430364 -0.142056
v -0.200723 -0.287406 0.305442
v -0.209603 0.251790 -0.283880
v -0.165204 0.364981 0.002644
v -0.193008 -0.147661 -0.228826
v -0.196305 0.022878 0.205719
v -0.192379 -0.151922 -0.425401
v -0.193712 0.228570 -0.345597
v -0.190552 -0.391398 0.429029
v -0.220519 0.387298 0.133247
v -0.204968 0.035234 0.324466
v -0.193136 0.123934 0.215758
v -0.195102 0.074547 -0.146135
v -0.212628 0.288651 0.102887
v -0.206518 0.278208 -0.145369
v -0.195907 0.267805 0.151832
v -0.209192 0.441670 0.140402
v -0.187608 0.009029 0.237089
v -0.199188 -0.348251 0.426538
v -0.210080 0.389795 0.099609
v -0.197829 0.124787 -0.218462
v -0.200969 0.278198 -0.339930
v -0.176948 -0.046099 0.376397
v -0.213814 0.300519 0.078993
v -0.192140 -0.443932 -0.194561
v -0.192026 0.114972 -0.245109
v -0.187562 -0.205774 -0.345849
v -0.202228 0.434755 0.183766
v -0.200900 0.046152 -0.078084
v -0.189770 -0.151653 0.352258
v -0.204927 0.436889 0.124665
v -0.193539 -0.323984 -0.304703
v -0.187091 0.274609 -0.282067
v -0.178964 0.076829 -0.214897
v -0.193221 0.022071 0.382369
v -0.201249 -0.229747 0.334718
v -0.201971 0.301459 0.053557
v -0.209495 0.337466 0.104908
v -0.193427 -0.130454 -0.436922
v -0.198463 0.419333 0.187355
v -0.187580 0.061847 0.197683
v -0.177954 0.024433 -0.078147
v -0.183846 -0.431495 0.412590
v -0.176856 0.105540 -0.264844
v -0.192665 -0.263962 0.305127
v -0.179658 -0.450657 0.326546
v -0.193979 0.367811 0.176119
v -0.177155 -0.169355 -0.187465
v -0.199694 0.291802 -0.243905
v -0.179032 0.374417 0.090809
v -0.190911 0.324550 0.074548
v -0.200280 0.070555 0.354920
v -0.185478 0.336774 0.155200
v -0.177505 -0.154848 -0.173072
v -0.166992 0.033067 0.275777
v -0.173662 0.012546 0.389170
v -0.170705 0.004768 -0.263573
v -0.187895 0.434325 -0.103283
v -0.159275 -0.236329 -0.320201
v -0.177786 0.312366 0.148637
v -0.178124 -0.156727 0.359552
v -0.126807 -0.018740 -0.380716
v -0.189902 -0.169633 -0.224503
v -0.186053 0.440191 0.123549
v -0.188487 0.243250 -0.199234
v -0.164969 0.461397 -0.056625
v -0.174008 0.059317 -0.079800
v -0.170871 0.271139 -0.219699
v -0.170179 0.214141 -0.354276
v -0.180027 -0.180134 -0.195770
v -0.154263 -0.265475 -0.304215
v -0.169091 0.260421 -0.189752
v -0.174778 0.257151 -0.357146
v -0.167631 0.463534 -0.034567
v -0.176500 0.049042 0.401985
v -0.172945 -0.189518 -0.352204
v -0.182919 0.310497 0.046833
v -0.185896 0.079681 0.382941
v -0.164464 -0.366178 -0.271864
v -0.183738 -0.159132 -0.232539
v -0.165607 0.007847 0.216668
v -0.181972 -0.322867 0.343363
v -0.168571 0.414598 -0.105824
v -0.179620 -0.221757 0.345500
v -0.176496 0.001251 -0.225823
v -0.177814 0.067334 0.316777
v -0.170625 0.282534 -0.141603
v -0.164896 -0.317918 0.367030
v -0.119085 0.209350 0.210243
v -0.162987 0.010564 -0.197073
v -0.163910 -0.251794 0.316031
v -0.141155 0.140039 -0.291425
v -0.158942 -0.417513 0.413985
v -0.164842 0.447664 0.151882
v -0.177197 0.102306 0.351670
v -0.157353 -0.186288 0.352332
v -0.170748 0.102835 0.341631
v -0.140850 -0.453438 -0.176087
v -0.153702 0.059536 0.184227
v -0.157891 -0.105059 -0.438048
v -0.160991 0.300243 -0.119897
v -0.181715 -0.200481 -0.267871
v -0.159821 0.378568 0.189706
v -0.169557 0.343322 0.090567
v -0.172383 -0.171242 -0.296489
v -0.145093 0.178969 0.215451
v -0.161496 0.092381 0.365830
v -0.125170 -0.443934 -0.209960
v -0.175646 -0.404725 -0.264874
v -0.165455 0.279673 -0.334200
v -0.136547 -0.445186 0.296484
v -0.178854 -0.150268 -0.214084
v -0.169302 0.316364 0.073591
v -0.177972 -0.123137 0.365305
v -0.136634 0.002203 -0.320474
v -0.163318 -0.209207 -0.184575
v -0.158328 0.355255 -0.109641
v -0.168020 0.308493 0.028351
v -0.154781 0.059209 -0.254159
v -0.133374 0.005932 0.374947
v -0.159421 0.418419 0.189841
v -0.132250 0.068717 -0.161418
v -0.166116 -0.220189 -0.319507
v -0.151408 -0.393955 0.393629
v -0.160288 -0.291308 0.305965
v -0.155710 0.266213 0.161058
v -0.134277 0.039069 -0.051744
v -0.170906 -0.196444 -0.326898
v -0.166828 -0.221586 -0.243861
v -0.157124 -0.436767 0.348419
v -0.140009 -0.315739 -0.307500
v -0.147727 0.272102 -0.284657
v -0.149417 0.016709 0.190559
v -0.148041 -0.124176 -0.440925
v -0.160399 0.326581 0.147647
v -0.157119 0.250800 -0.382132
v -0.098137 -0.366475 0.427652
v -0.152587 -0.423060 -0.250183
v -0.152237 0.401639 0.128634
v -0.117492 -0.382537 0.413639
v -0.148752 0.073241 0.327092
v -0.148325 0.059704 -0.233112
v -0.146264 0.435826 -0.057707
v -0.168209 -0.161226 -0.201068
v -0.132667 -0.120039 0.366509
v -0.146314 -0.155674 0.352243
v -0.098318 -0.332275 0.415140
v -0.095321 -0.428099 0.194490
v -0.144005 -0.151941 -0.238389
v -0.142328 -0.440131 0.314718
v -0.128343 0.263900 -0.196551
v -0.141381 0.060188 -0.272256
v -0.139999 0.271243 -0.229412
v -0.119413 -0.429621 -0.082513
v -0.147867 -0.174254 -0.343358
v -0.136735 -0.150529 -0.284745
v -0.151870 -0.277124 0.297313
v -0.122761 0.184223 -0.305416
v -0.151237 0.036841 -0.250453
v -0.133885 0.028411 -0.059432
v -0.145743 -0.229576 -0.238029
v -0.146519 0.027789 -0.225524
v -0.144946 0.413452 0.173680
v -0.135599 0.280623 0.022646
v -0.136021 0.050539 0.403784
v -0.128759 -0.004445 0.235672
v -0.153277 0.436341 -0.029559
v -0.136516 0.017312 -0.291482
v -0.139227 0.328157 -0.017578
v -0.135770 0.283454 0.110378
v -0.133571 0.066914 -0.221994
v -0.139117 -0.418502 0.345893
v -0.139441 0.313374 -0.349264
v -0.138037 -0.237181 -0.313594
v -0.131360 -0.187252 -0.198403
v -0.134115 -0.283770 0.337910
v -0.139564 0.328168 -0.093059
v -0.139344 -0.206375 -0.185986
v -0.136784 0.278726 0.140367
v -0.144129 0.277136 -0.121195
v -0.131492 0.252862 -0.392590
v -0.130199 -0.407038 0.389614
v -0.130236 0.305210 -0.376045
v -0.151487 0.320417 0.129911
v -0.144187 0.267942 -0.082138
v -0.107002 0.073389 0.154835
v -0.115727 -0.063827 -0.405009
v -0.126870 0.048532 -0.096454
v -0.117781 -0.158472 -0.385523
v -0.137056 0.382692 0.159899
v -0.099703 -0.010299 -0.345778
v -0.135417 -0.391467 -0.216411
v -0.128049 -0.170221 -0.345120
v -0.124512 0.016806 -0.133549
v -0.128312 -0.273030 0.308990
v -0.134366 -0.335128 -0.288352
v -0.142787 0.261257 -0.092525
v -0.131811 0.039253 -0.278409
v -0.123819 0.318787 -0.085058
v -0.133405 -0.334969 -0.238789
v -0.128460 0.042374 0.311948
v -0.116971 0.022539 -0.174382
v -0.135741 0.358580 -0.050159
v -0.111002 -0.416474 -0.241445
v -0.137720 -0.423738 0.305699
v -0.114179 -0.252643 0.302413
v -0.119889 0.286725 -0.289718
v -0.110893 -0.424294 0.331739
v -0.131370 -0.426843 0.322847
v -0.105708 -0.301962 0.354109
v -0.121186 0.313802 -0.032678
v -0.117311 -0.111796 -0.431634
v -0.125397 0.053817 -0.217523
v -0.114251 0.058034 0.348467
v -0.108949 -0.145418 0.356469
v -0.108548 0.305732 -0.010903
v -0.126994 0.282479 0.071157
v -0.105580 -0.027607 0.201632
v -0.103596 0.028295 0.284712
v -0.109075 -0.187199 -0.246036
v -0.100799 -0.007968 0.129940
v -0.097947 0.243285 -0.081053
v -0.103232 0.121514 -0.290171
v -0.119693 -0.206786 -0.215212
v -0.094104 -0.445317 0.311022
v -0.120979 0.029092 -0.096591
v -0.116409 -0.110150 0.352278
v -0.106737 0.048294 0.365147
v -0.078983 -0.277660 -0.317809
v -0.106112 0.028264 0.368130
v -0.103444 -0.440565 0.337759
v -0.098254 0.237795 -0.090251
v -0.102551 0.265325 0.152476
v -0.112332 0.023374 -0.282166
v -0.110338 0.283159 -0.268119
v -0.118395 -0.329385 -0.247674
v -0.105119 0.258505 -0.387224
v -0.112823 0.329734 -0.053971
v -0.081213 0.251417 -0.156616
v -0.107372 -0.029824 0.162058
v -0.105447 -0.439534 0.322442
v -0.112299 -0.229948 -0.315661
v -0.106459 -0.279521 0.314872
v -0.094830 0.314743 -0.350609
v -0.116021 0.047831 -0.162566
v -0.105270 -0.215463 -0.315982
v -0.105493 0.253994 -0.178960
v -0.109995 -0.362240 -0.217172
v -0.107099 -0.390517 -0.214412
v -0.099103 0.279736 0.034371
v -0.092184 0.308112 -0.366575
v -0.104896 -0.004024 -0.284098
v -0.108666 0.041529 -0.077252
v -0.100822 0.062083 0.337281
v -0.096840 0.309061 -0.324022
v -0.097377 0.205096 -0.325093
v -0.098883 -0.191080 -0.337723
v -0.107096 -0.101721 0.358567
v -0.087574 -0.412726 0.381976
v -0.088897 -0.027319 -0.288974
v -0.084961 -0.420651 0.321161
v -0.072022 -0.031239 -0.381369
v -0.068118 0.270686 -0.078695
v -0.078715 0.258910 0.177053
v -0.100718 0.293506 0.066593
v -0.086627 0.309727 -0.240916
v -0.096084 -0.419348 -0.247476
v -0.089609 0.278263 0.108546
v -0.090909 0.327012 -0.049889
v -0.077086 -0.164344 0.331103
v -0.080374 -0.069765 0.349706
v -0.059427 -0.440506 -0.102197
v -0.080837 -0.022943 0.227448
v -0.098661 0.321976 -0.078132
v -0.054641 -0.440190 0.270017
v -0.086187 -0.407543 0.414280
v -0.096288 -0.315585 -0.304103
v -0.066520 -0.426835 0.056642
v -0.087846 0.289937 0.015271
v -0.083015 -0.330997 -0.284188
v -0.094534 -0.321633 0.326380
v -0.092933 0.014362 0.358206
v -0.038704 -0.415541 -0.279534
v -0.071779 -0.156509 -0.381078
v -0.077486 -0.009481 0.118010
v -0.092648 0.055820 0.362775
v -0.058119 0.305292 -0.216146
v -0.101165 0.181830 -0.046806
v -0.080789 -0.214290 0.319744
v -0.089427 0.012311 -0.266116
v -0.087974 -0.093992 0.102613
v -0.080846 -0.194890 -0.356706
v -0.064934 -0.226562 0.279055
v -0.083993 -0.320054 0.319550
v -0.092657 0.184242 -0.028697
v -0.090311 -0.014621 -0.255597
v -0.089563 0.158014 -0.031479
v -0.083409 -0.087063 0.158540
v -0.077232 -0.308135 0.349909
v -0.079902 -0.223153 0.306471
v -0.098092 0.102152 -0.092948
v -0.086910 -0.104197 0.126545
v -0.087321 0.220408 -0.061017
v -0.088260 0.101309 0.342343
v -0.062492 0.193950 0.203168
v -0.092248 0.146864 -0.077193
v -0.089249 0.083981 -0.082476
v -0.056901 0.075260 0.136629
v -0.065608 -0.110576 -0.400605
v -0.054980 -0.384808 0.419691
v -0.066050 0.040196 -0.264586
v -0.076388 0.282508 -0.299599
v -0.079113 0.233252 -0.327731
v -0.076537 0.059007 0.293181
v -0.087425 -0.040249 -0.270374
v -0.084835 0.279031 -0.364232
v -0.074591 0.331674 -0.078461
v -0.083588 0.096369 0.321970
v -0.076112 0.099126 0.380538
v -0.058262 -0.437113 0.324857
v -0.077850 0.126595 -0.051494
v -0.078050 -0.063175 0.098926
v -0.061485 0.225513 0.199142
v -0.085951 0.140178 -0.139237
v -0.084354 -0.365983 -0.229757
v -0.083818 0.059933 -0.102130
v -0.069839 0.080264 -0.272291
v -0.086414 -0.118808 -0.258662
v -0.084930 -0.129754 -0.240869
v -0.074111 -0.286594 0.315139
v -0.057555 0.326493 0.058105
v -0.064280 -0.338175 0.434212
v -0.076123 0.244714 -0.133430
v -0.064441 0.201171 -0.158698
v -0.051514 0.360660 -0.045788
v -0.060706 0.037722 -0.202281
v -0.066298 0.318468 -0.089458
v -0.076939 -0.042151 -0.278841
v -0.064075 -0.303650 0.358737
v -0.073792 -0.113190 -0.280790
v -0.070951 -0.357544 -0.262543
v -0.070443 -0.109750 0.140995
v -0.064246 0.168533 -0.290964
v -0.073086 -0.091933 -0.187580
v -0.054649 0.014516 0.258201
v -0.056408 -0.367464 0.434023
v -0.061314 -0.242388 0.276390
v -0.070597 -0.446981 0.413094
v -0.065098 0.300659 0.137801
v -0.069968 -0.424944 0.439171
v -0.066466 0.273116 -0.317169
v -0.048279 -0.440946 0.347893
v -0.068701 -0.052382 -0.180457
v -0.050769 0.003278 0.354767
v -0.075981 0.192957 -0.032229
v -0.058764 0.138790 -0.190358
v -0.041929 -0.447675 -0.171163
v -0.066160 -0.112511 0.111127
v -0.054408 -0.406164 -0.280664
v -0.059930 -0.132362 -0.231913
v -0.059162 0.075784 0.393368
v -0.043985 -0.013518 -0.286103
v -0.040007 -0.007099 -0.325291
v -0.049264 0.291498 0.181050
v -0.061287 0.027008 -0.124565
v -0.066809 -0.134159 -0.271968
v -0.055843 0.111030 0.391794
v -0.044120 0.289267 -0.271408
v -0.053237 -0.227482 0.333288
v -0.058077 -0.238640 0.323244
v -0.059689 -0.070013 0.098156
v -0.047841 0.197587 -0.050931
v -0.034181 -0.432308 -0.235108
v -0.022512 -0.143863 -0.387484
v -0.064099 0.262628 -0.187236
v -0.061953 0.039048 -0.099826
v -0.057452 -0.065998 0.172933
v -0.056717 0.137238 -0.046841
v -0.053554 -0.253072 -0.340106
v -0.063937 0.375785 -0.097574
v -0.034515 0.213802 -0.305888
v -0.052730 -0.182026 0.322548
v -0.048076 0.308724 -0.247263
v -0.044272 0.335859 0.005411
v -0.051617 0.351789 -0.114142
v -0.031468 0.117157 0.326448
v -0.018720 -0.310541 0.367252
v -0.059946 0.054883 -0.236484
v -0.036819 -0.144447 0.323102
v -0.030567 -0.023104 -0.346424
v -0.053293 -0.266143 0.333753
v -0.054158 0.402283 -0.069261
v -0.020672 -0.172828 -0.378690
v -0.052100 0.168541 -0.269645
v -0.041026 -0.009159 -0.212463
v -0.039472 -0.066154 0.140090
v -0.061730 0.397313 0.178054
v -0.035564 -0.340460 -0.295942
v -0.045307 -0.068132 0.110255
v -0.051097 0.422606 0.153282
v -0.028515 -0.441663 0.436370
v -0.031930 0.124721 0.377926
v -0.046108 0.409271 -0.090438
v -0.025943 -0.036295 -0.277674
v -0.022915 -0.328225 0.406425
v -0.040582 0.413995 0.196471
v -0.026067 -0.419253 0.439695
v -0.020556 -0.052687 -0.175494
v -0.051793 0.360679 0.154634
v -0.017389 0.094796 0.156155
v -0.043936 0.362674 0.191579
v -0.036247 -0.275753 -0.319089
v -0.037653 0.016325 -0.209189
v -0.039111 0.239225 -0.208775
v -0.034915 0.290630 -0.233445
v -0.031559 0.083521 0.397990
v -0.034921 -0.457349 0.403329
v -0.030882 0.253664 -0.303234
v -0.045990 -0.006438 0.237361
v -0.018499 0.019900 -0.125343
v -0.029635 0.048980 -0.093812
v -0.030642 0.375586 0.093242
v -0.019013 -0.134844 -0.272267
v -0.011611 -0.089734 0.336629
v -0.018956 0.083358 -0.066332
v -0.010114 -0.043524 -0.170481
v 0.002713 0.113014 0.281498
v -0.004313 0.180748 0.195213
v -0.033053 0.331609 0.195968
v -0.024534 -0.280825 0.325804
v -0.017927 0.410472 -0.066260
v -0.025012 0.031522 -0.115537
v -0.013237 0.125360 -0.035207
v 0.019846 -0.080456 -0.186522
v -0.024307 0.218696 -0.279825
v -0.008737 -0.095225 -0.283840
v -0.015837 0.425801 0.189318
v -0.027739 0.430502 0.153186
v -0.020930 -0.207549 -0.352634
v -0.017252 -0.390352 0.424114
v -0.013883 0.393362 0.094351
v -0.020596 0.366788 -0.040121
v -0.005908 0.288083 0.187378
v -0.012363 0.386387 0.067533
v -0.005090 0.052943 0.157776
v -0.010101 -0.345700 -0.301820
v -0.016525 -0.021156 -0.290222
v -0.004807 0.285962 -0.087835
v -0.015948 0.406576 -0.095263
v -0.003126 -0.117119 -0.225843
v -0.024667 -0.330969 -0.293938
v -0.014623 -0.019138 -0.316257
v -0.007901 0.054532 0.231050
v 0.006760 0.372903 -0.103074
v -0.017468 0.002445 -0.193872
v -0.015883 0.000041 0.164299
v -0.002028 0.092611 0.388280
v -0.019637 -0.215600 0.283110
v -0.003786 0.203703 -0.042293
v -0.011190 0.157463 0.354436
v 0.003846 0.382487 0.023672
v 0.008585 -0.369066 0.422719
v 0.073883 -0.442251 -0.070061
v -0.000810 -0.259391 0.273450
v 0.025329 -0.438773 0.163700
v -0.016452 -0.224534 -0.285594
v -0.013731 -0.180477 0.281250
v -0.003013 -0.127771 -0.277278
v -0.016713 -0.421719 -0.232809
v -0.002215 -0.447876 -0.226680
v -0.004855 -0.448150 0.341456
v -0.004317 -0.387656 -0.298619
v -0.001888 0.151912 0.387624
v 0.014451 0.230391 0.199867
v 0.000263 -0.276651 0.298949
v -0.012401 0.355474 -0.007946
v 0.028069 -0.158779 -0.337659
v -0.001474 -0.301790 -0.254333
v -0.001802 -0.036660 -0.152992
v 0.002780 -0.138188 0.316228
v 0.019123 -0.438574 0.375316
v 0.009924 0.053546 -0.073651
v 0.010873 0.116028 -0.046358
v -0.007064 -0.196449 -0.319154
v -0.006208 -0.403250 -0.219910
v 0.032415 0.377111 0.197620
v 0.001159 0.343047 -0.104459
v -0.009669 -0.207656 0.254693
v 0.013488 0.408688 0.128760
v 0.025240 -0.190187 -0.351849
v -0.002781 0.408890 0.052443
v -0.000852 -0.226748 0.262489
v 0.033318 0.102267 0.239830
v 0.017211 -0.373380 -0.256588
v 0.014199 0.088294 0.203006
v 0.045882 -0.453372 0.269085
v 0.002178 -0.314065 0.354403
v 0.016465 -0.405504 -0.208009
v 0.000024 -0.095735 -0.316324
v 0.016081 -0.253825 -0.255642
v 0.011588 -0.312647 -0.255182
v 0.020781 -0.419529 0.413290
v 0.018732 0.374193 -0.055135
v 0.022620 0.140465 0.319909
v 0.010093 0.119378 0.183710
v 0.014769 0.167494 0.364746
v 0.015407 -0.385178 -0.223591
v 0.027680 -0.454212 -0.166257
v 0.024796 -0.345066 -0.339399
v 0.005719 -0.248410 0.264034
v 0.011777 0.400190 0.085062
v -0.001216 0.148717 0.071484
v 0.017246 0.393155 -0.081270
v 0.054642 0.161642 -0.039257
v 0.004340 0.114858 0.087959
v 0.015170 -0.237329 0.236094
v 0.025295 -0.143689 -0.312850
v 0.030789 0.083656 -0.054905
v 0.015547 0.115959 0.028248
v 0.008668 -0.259231 0.311869
v 0.040113 -0.202033 -0.301929
v 0.054165 -0.350856 0.431052
v 0.039513 0.346917 -0.118201
v 0.020877 -0.282990 0.305449
v 0.016685 0.367212 -0.002201
v 0.016148 -0.141132 -0.245364
v 0.029290 -0.156669 0.253638
v 0.031062 -0.008828 -0.064072
v 0.037985 0.021929 0.335459
v 0.069525 -0.304321 -0.338454
v 0.024795 0.190322 0.032918
v 0.019131 0.167080 0.018347
v 0.027994 0.411718 0.179212
v 0.034544 -0.082617 0.322206
v 0.026146 0.440262 0.068609
v 0.026246 -0.321444 -0.271802
v 0.020580 0.162321 0.127393
v 0.066370 0.143114 0.198244
v 0.024930 0.190459 0.110913
v 0.052343 0.300092 -0.100649
v 0.036146 -0.038452 -0.082796
v 0.036182 0.097685 0.219747
v 0.034631 -0.216424 0.222456
v 0.053218 0.148348 0.337463
v 0.023183 0.157107 0.384355
v 0.032112 0.290005 0.168814
v 0.026644 0.116351 0.124677
v 0.027593 0.437024 0.049932
v 0.032063 0.094045 0.084724
v 0.051320 -0.444768 -0.229519
v 0.027104 -0.054886 -0.155277
v 0.016844 -0.372613 -0.317656
v 0.021085 -0.255596 0.316463
v 0.035185 -0.250157 0.238914
v 0.036093 0.422803 0.103027
v 0.031433 -0.281062 -0.258600
v 0.044597 -0.055704 -0.111564
v 0.051014 -0.177072 -0.338169
v 0.069748 0.128996 -0.035199
v 0.036433 -0.138042 -0.239212
v 0.052602 0.095149 0.048637
v 0.046680 -0.335119 0.415468
v 0.047834 0.389976 -0.104982
v 0.057055 0.369877 -0.039842
v 0.045348 -0.246517 0.294661
v 0.041592 -0.179160 0.205128
v 0.055353 0.241597 -0.057508
v 0.034983 0.128377 0.013166
v 0.030184 -0.143211 0.278719
v 0.048569 0.152744 0.298935
v 0.046130 -0.353691 -0.341341
v 0.057990 0.109836 0.207539
v 0.036118 -0.271247 0.288036
v 0.026817 -0.344972 0.268956
v 0.055506 0.429166 0.161862
v 0.052150 -0.399992 0.436131
v 0.053412 -0.431450 -0.237647
v 0.051241 -0.192208 -0.336075
v 0.052532 -0.378583 -0.242138
v 0.041674 -0.258382 0.304175
v 0.059729 0.141515 0.347075
v 0.045061 0.131486 0.379161
v 0.082959 -0.325174 0.351737
v 0.045929 -0.149642 -0.303857
v 0.060486 0.184987 0.130879
v 0.036078 -0.336691 0.249272
v 0.037494 -0.355138 0.286984
v 0.057573 -0.119659 -0.240427
v 0.066289 0.452572 0.137020
v 0.055144 -0.403467 -0.219952
v 0.057447 0.398548 -0.088131
v 0.048307 -0.187358 0.205449
v 0.098212 0.203693 0.212428
v 0.058530 -0.239645 0.256156
v 0.089778 0.452966 0.055607
v 0.059304 -0.301922 -0.330587
v 0.089240 0.459664 0.080021
v 0.064688 -0.367036 0.238305
v 0.072110 0.186427 0.004678
v 0.066211 0.368827 -0.005224
v 0.066887 -0.383588 -0.289961
v 0.056678 -0.107131 0.301253
v 0.058555 0.290985 0.178561
v 0.058808 -0.267922 0.302376
v 0.066659 -0.170517 0.236530
v 0.062304 0.342200 -0.112720
v 0.070910 0.145403 0.267529
v 0.078518 -0.467092 -0.166609
v 0.082386 -0.034464 0.299931
v 0.086852 0.324094 0.181206
v 0.064003 0.089965 0.350686
v 0.080893 0.390481 0.021623
v 0.098015 0.121783 0.132465
v 0.099316 -0.427732 0.421085
v 0.079338 -0.060423 -0.164577
v 0.075321 0.228208 0.036987
v 0.076298 0.146184 0.006230
v 0.091639 0.101647 0.109267
v 0.063299 -0.211237 0.245634
v 0.082226 0.100416 0.209822
v 0.068862 -0.213508 -0.336475
v 0.083377 -0.292208 0.232949
v 0.079818 0.445884 0.107708
v 0.066965 -0.190979 0.229723
v 0.094193 -0.441532 0.384308
v 0.066401 0.147877 0.337370
v 0.096402 -0.297705 0.307459
v 0.115014 -0.400756 0.253344
v 0.080043 -0.030331 -0.089371
v 0.084702 0.125455 0.244591
v 0.075132 -0.432050 -0.249519
v 0.095653 0.429123 0.196416
v 0.106235 0.120447 0.043172
v 0.087596 -0.456116 -0.240114
v 0.087150 0.229628 0.085177
v 0.089827 -0.347090 0.211606
v 0.075809 0.313551 -0.091083
v 0.087463 -0.301972 0.324684
v 0.071488 0.374576 -0.098897
v 0.085857 -0.323786 0.326533
v 0.079778 -0.123249 0.307446
v 0.087324 0.038744 -0.058794
v 0.090940 -0.433484 0.176545
v 0.082427 0.355327 -0.015792
v 0.081318 0.190702 0.288824
v 0.081758 0.190736 0.317063
v 0.116876 0.089483 -0.059711
v 0.073617 0.256411 -0.050199
v 0.097231 -0.400019 0.438915
v 0.097904 -0.351743 0.330221
v 0.082944 -0.250534 0.301691
v 0.083586 -0.204542 -0.341513
v 0.132021 -0.430767 0.003909
v 0.078312 0.155556 -0.016345
v 0.077273 0.209561 -0.018683
v 0.075545 -0.077129 -0.194382
v 0.101110 -0.123697 -0.278075
v 0.102140 0.211077 0.114345
v 0.076996 -0.381552 -0.294968
v 0.114821 0.370218 0.205444
v 0.075320 0.358634 -0.043093
v 0.091598 0.150084 0.205723
v 0.119751 -0.135105 0.266039
v 0.081723 -0.092903 0.287843
v 0.110598 -0.133205 -0.283893
v 0.089560 -0.205651 0.244934
v 0.102707 0.276459 0.180915
v 0.115539 -0.387630 0.306987
v 0.108304 -0.180363 0.223857
v 0.100333 0.133515 0.003619
v 0.091614 0.124729 0.225885
v 0.103900 -0.445215 0.268209
v 0.098286 0.352385 0.018463
v 0.091928 -0.323926 -0.330970
v 0.105798 -0.117366 0.293770
v 0.098802 0.458243 0.139695
v 0.090207 0.136673 -0.012728
v 0.120827 0.140290 0.260097
v 0.092559 0.253622 0.066532
v 0.093593 -0.353358 0.420140
v 0.107883 -0.460140 -0.211365
v 0.092035 -0.435807 -0.271084
v 0.105617 0.435893 0.160086
v 0.133993 0.133963 0.316084
v 0.153570 -0.440114 -0.062398
v 0.105749 0.304791 0.108531
v 0.101571 -0.260381 -0.329942
v 0.106996 -0.057849 -0.199847
v 0.106134 -0.169674 0.221501
v 0.090471 -0.301187 0.184349
v 0.127675 0.078387 0.311577
v 0.121585 -0.402059 0.221515
v 0.111525 -0.100361 0.262521
v 0.116492 -0.224884 0.267186
v 0.121000 -0.423592 0.220676
v 0.111278 0.440349 0.109354
v 0.115426 -0.368211 0.411563
v 0.103144 -0.215261 -0.303275
v 0.106384 -0.005311 -0.158464
v 0.122923 -0.047894 0.260695
v 0.108152 0.323993 0.170924
v 0.130881 -0.405435 -0.267041
v 0.164889 0.041487 0.289606
v 0.109481 -0.285545 0.319372
v 0.108534 0.451167 0.065891
v 0.115536 -0.283233 -0.333063
v 0.142810 -0.348725 -0.322904
v 0.115802 -0.261505 0.217410
v 0.113577 -0.261661 0.155878
v 0.148099 0.006107 0.278049
v 0.112541 -0.315724 -0.326881
v 0.140129 0.199870 0.208737
v 0.120307 -0.429525 0.378279
v 0.157492 -0.242914 0.323238
v 0.115071 0.222311 0.120232
v 0.118852 0.331897 0.148116
v 0.109460 -0.324258 0.155701
v 0.129384 0.178743 0.128454
v 0.132769 0.102549 -0.049526
v 0.121423 -0.372123 0.340837
v 0.114483 0.183187 0.286899
v 0.126378 0.236075 0.184700
v 0.128371 -0.247265 0.190615
v 0.114272 -0.236153 -0.295506
v 0.114928 0.043091 -0.079293
v 0.114802 0.170774 0.328641
v 0.123467 -0.440533 -0.225071
v 0.123839 0.184447 0.303529
v 0.107254 -0.222911 -0.230797
v 0.123679 0.150413 0.206581
v 0.123167 -0.154521 -0.268721
v 0.114459 0.287908 0.157526
v 0.119047 0.430033 0.077154
v 0.151263 0.137311 0.030649
v 0.128922 0.417863 0.180646
v 0.122282 -0.196832 0.276228
v 0.134175 0.370222 0.196676
v 0.113653 -0.434066 -0.261745
v 0.157523 -0.260397 0.285374
v 0.127666 -0.236077 -0.225987
v 0.125845 0.134496 0.218821
v 0.125281 -0.222234 -0.192456
v 0.119878 -0.408909 0.416391
v 0.134488 -0.386992 0.184986
v 0.141438 0.035206 -0.158827
v 0.128308 0.228622 0.154049
v 0.127172 -0.239489 0.208941
v 0.143069 -0.450337 -0.220266
v 0.139438 -0.160159 -0.208721
v 0.125768 -0.154907 0.191316
v 0.132459 0.137903 0.268065
v 0.125964 0.413458 0.151119
v 0.134054 -0.100508 0.234828
v 0.129463 0.153308 0.115721
v 0.136207 -0.297204 -0.301747
v 0.126476 -0.134796 0.226031
v 0.129808 -0.412693 0.183580
v 0.127887 -0.273476 0.115728
v 0.135630 -0.170552 0.267724
v 0.163028 0.086075 -0.153120
v 0.138515 0.373412 0.182509
v 0.132260 -0.396198 0.375315
v 0.133597 -0.161177 0.193171
v 0.149038 -0.240782 -0.284986
v 0.149377 -0.278834 -0.331218
v 0.138066 -0.315838 -0.297033
v 0.131673 -0.352963 0.127327
v 0.141222 -0.224094 0.267281
v 0.157907 -0.271510 0.308324
v 0.153138 -0.252025 -0.315474
v 0.135927 -0.399948 -0.211296
v 0.144472 -0.113901 -0.257706
v 0.139668 -0.223658 0.121280
v 0.171186 -0.266513 -0.334757
v 0.145293 -0.054284 -0.207074
v 0.146939 -0.049677 0.226936
v 0.149111 -0.206062 0.140208
v 0.136164 -0.137521 0.230899
v 0.138811 -0.389966 -0.218165
v 0.144099 -0.210239 0.276894
v 0.145295 0.161059 0.118696
v 0.146751 0.128403 0.295696
v 0.161632 0.103375 -0.082495
v 0.161731 0.135826 0.193081
v 0.150296 -0.265618 0.326470
v 0.141437 -0.122477 0.236903
v 0.144718 -0.181295 0.311879
v 0.224495 -0.463482 -0.148177
v 0.153368 -0.005299 -0.178217
v 0.164180 -0.293707 0.097039
v 0.178289 0.125000 0.000172
v 0.152219 0.109980 -0.071080
v 0.156427 -0.133971 -0.247322
v 0.183798 -0.210515 0.231529
v 0.159458 -0.072151 0.227080
v 0.183112 -0.405910 0.053718
v 0.147008 -0.228112 0.271074
v 0.198171 -0.363262 -0.272435
v 0.166335 0.102013 -0.028335
v 0.158665 0.121321 0.219614
v 0.161972 0.099871 0.262420
v 0.177710 -0.098683 -0.230154
v 0.161570 -0.347160 -0.314577
v 0.164620 0.100804 -0.040426
v 0.166957 -0.387109 0.155654
v 0.149908 -0.018606 -0.066328
v 0.147368 -0.010592 -0.045169
v 0.163624 -0.314883 -0.295125
v 0.156757 -0.106450 -0.047508
v 0.162761 -0.190986 0.321435
v 0.160500 0.192901 0.182425
v 0.172750 0.148676 0.133240
v 0.157906 -0.060411 -0.090130
v 0.171286 -0.233659 -0.200744
v 0.215942 -0.461596 -0.212257
v 0.155239 -0.100518 -0.021052
v 0.166758 0.146440 0.084714
v 0.164896 -0.170375 0.310645
v 0.166906 0.002617 -0.025735
v 0.163335 -0.207081 -0.172772
v 0.166259 0.116075 -0.057207
v 0.167274 -0.241398 0.296674
v 0.180255 -0.367855 0.127199
v 0.178680 -0.111273 -0.250829
v 0.176344 0.041090 -0.167480
v 0.170710 -0.376140 -0.205806
v 0.169612 -0.245329 0.320865
v 0.176954 0.055687 0.280849
v 0.155845 -0.216456 0.291306
v 0.171792 -0.081870 0.006192
v 0.180483 -0.229800 0.101854
v 0.161731 0.107993 -0.133245
v 0.217336 -0.423069 -0.231105
v 0.195467 -0.274456 -0.331919
v 0.236087 -0.462502 -0.199661
v 0.179732 -0.021494 -0.168992
v 0.182403 -0.205373 0.351992
v 0.179204 -0.127217 -0.253075
v 0.188907 0.011480 0.290098
v 0.173377 -0.107639 -0.010900
v 0.181318 -0.223135 -0.271128
v 0.178611 -0.214076 0.282425
v 0.176227 -0.148262 -0.189950
v 0.173780 -0.095648 -0.082210
v 0.162217 0.150233 -0.164503
v 0.173532 0.140311 -0.191563
v 0.181736 0.088990 0.244118
v 0.178083 -0.320942 0.097272
v 0.193346 -0.186650 0.153946
v 0.185399 0.133049 -0.067200
v 0.194559 -0.113988 0.352139
v 0.183248 -0.055747 0.004179
v 0.191862 0.026620 -0.092951
v 0.186886 -0.324870 -0.310087
v 0.182704 0.082840 -0.169985
v 0.193088 -0.180143 -0.152323
v 0.176107 0.145670 0.169703
v 0.180308 0.166949 -0.134424
v 0.233553 -0.162701 0.213402
v 0.186467 -0.026203 -0.115986
v 0.193909 0.035719 -0.070977
v 0.176136 -0.292893 0.048271
v 0.181985 -0.379630 0.125941
v 0.201583 -0.358621 -0.295022
v 0.191634 0.122858 0.170741
v 0.210457 0.117937 0.023113
v 0.197513 -0.227764 0.351915
v 0.180617 0.168067 -0.181632
v 0.181955 -0.361030 -0.234124
v 0.183102 0.096395 -0.019057
v 0.213791 -0.090985 -0.175209
v 0.199408 -0.191063 -0.310746
v 0.187857 0.180758 -0.109183
v 0.191902 -0.211327 -0.151676
v 0.183194 -0.298693 0.039398
v 0.188386 -0.245765 0.073103
v 0.185777 -0.034583 0.277504
v 0.202125 -0.249169 -0.352501
v 0.195888 -0.236400 -0.172105
v 0.206740 0.043426 -0.048333
v 0.198754 0.109610 -0.003931
v 0.206185 0.141796 0.051701
v 0.210398 -0.418031 -0.038309
v 0.198948 -0.245061 0.046896
v 0.209251 -0.318404 -0.223948
v 0.196438 -0.345520 -0.190983
v 0.196373 -0.212007 -0.279941
v 0.191817 -0.195416 0.331734
v 0.203392 -0.244026 -0.207001
v 0.201399 -0.231398 0.326662
v 0.199539 0.182309 -0.117564
v 0.200489 0.076149 0.246449
v 0.190381 0.076327 0.190234
v 0.246348 -0.146278 -0.194644
v 0.209304 0.151471 -0.200664
v 0.200015 -0.356750 -0.187855
v 0.195326 -0.041311 -0.144941
v 0.203523 0.167305 -0.085601
v 0.215975 -0.339638 0.087529
v 0.211373 -0.177866 0.365707
v 0.219149 0.072384 0.274471
v 0.196715 0.052837 -0.151645
v 0.213192 -0.222739 -0.153769
v 0.206864 -0.215612 0.351599
v 0.216203 -0.013345 0.325777
v 0.210522 0.169991 -0.117514
v 0.238879 0.136430 0.122956
v 0.202822 0.172749 -0.144713
v 0.201558 -0.131618 -0.269158
v 0.211678 -0.264369 -0.351470
v 0.227591 -0.446069 -0.226491
v 0.222166 0.129424 -0.197490
v 0.197807 -0.057316 -0.117877
v 0.202931 -0.142853 -0.254126
v 0.209432 0.048809 0.300213
v 0.205640 0.076585 0.175998
v 0.213014 0.176277 -0.179493
v 0.228937 -0.305407 -0.313276
v 0.209771 -0.234682 0.085600
v 0.225154 0.032018 0.176351
v 0.207580 -0.208475 0.329018
v 0.227374 -0.309271 0.045589
v 0.230208 -0.102697 -0.089494
v 0.213716 -0.170333 -0.277155
v 0.214519 -0.230679 -0.251600
v 0.242264 0.186732 -0.181511
v 0.236474 -0.374762 -0.202734
v 0.241729 -0.278429 0.034633
v 0.207427 -0.152112 -0.286655
v 0.239559 -0.231177 0.058558
v 0.239878 -0.128393 0.390200
v 0.228469 -0.098335 0.383654
v 0.240795 -0.102608 -0.052263
v 0.233200 -0.199633 0.354010
v 0.245191 -0.303267 -0.264030
v 0.219110 -0.149418 -0.303220
v 0.258463 -0.077411 -0.036087
v 0.273778 -0.348981 0.031772
v 0.223206 0.029422 0.158244
v 0.255921 0.148126 0.108808
v 0.250105 0.151911 0.063157
v 0.212986 0.166685 -0.100291
v 0.226719 0.183340 -0.111060
v 0.222507 -0.172598 0.138887
v 0.240672 -0.204772 0.331247
v 0.240808 -0.248965 0.041110
v 0.253984 0.101090 -0.073530
v 0.268488 -0.231821 -0.191102
v 0.231853 0.082707 0.258115
v 0.239467 -0.209143 -0.319198
v 0.238050 -0.200036 -0.263232
v 0.242878 -0.244572 -0.352724
v 0.232084 0.197440 -0.140587
v 0.234359 -0.186608 0.255469
v 0.244487 -0.095937 -0.138613
v 0.250881 -0.336830 -0.200001
v 0.241528 -0.101435 -0.242314
v 0.267849 0.031583 -0.025467
v 0.236116 -0.126873 -0.282463
v 0.235156 -0.146356 -0.235588
v 0.249583 0.194461 -0.034471
v 0.247997 0.204842 -0.052529
v 0.266441 -0.165052 -0.178371
v 0.237076 -0.005212 0.354395
v 0.258231 -0.311178 0.031991
v 0.268360 -0.274303 -0.273477
v 0.247703 0.039203 0.356688
v 0.260485 -0.236155 -0.211552
v 0.248530 0.098314 0.363583
v 0.237488 0.034302 0.135955
v 0.270870 0.103344 0.122188
v 0.251458 0.199903 -0.085041
v 0.239840 0.123751 0.015385
v 0.247146 -0.300982 -0.246276
v 0.275010 -0.014204 -0.024529
v 0.248956 -0.147848 -0.288990
v 0.246158 -0.223557 -0.244980
v 0.251265 0.163691 -0.187864
v 0.255276 0.055578 0.121208
v 0.252314 -0.201176 -0.264971
v 0.242357 -0.162910 -0.255292
v 0.248885 -0.141325 -0.244263
v 0.256538 -0.439553 -0.157258
v 0.252272 -0.110653 -0.196283
v 0.253945 -0.138178 -0.202460
v 0.250907 0.112388 0.352365
v 0.259185 -0.376364 -0.049317
v 0.267587 0.123545 0.285771
v 0.258234 -0.424240 -0.215584
v 0.273101 -0.146240 0.068905
v 0.258754 -0.160535 0.379443
v 0.260749 0.140407 -0.170192
v 0.250300 0.033049 0.135449
v 0.255226 -0.205124 -0.299616
v 0.255876 -0.265460 -0.348007
v 0.275432 -0.106045 0.115420
v 0.278045 0.144400 -0.090259
v 0.264516 0.113681 0.319063
v 0.263023 0.151814 0.000686
v 0.255296 0.142061 0.023999
v 0.271396 0.065800 -0.038501
v 0.275272 -0.067911 0.377606
v 0.268789 0.178851 -0.114123
v 0.266936 0.184065 -0.160394
v 0.270517 -0.366626 -0.191506
v 0.264953 -0.239635 -0.236672
v 0.278222 -0.294113 -0.227195
v 0.265532 -0.251329 -0.331893
v 0.280862 -0.119507 -0.139684
v 0.287379 -0.070876 0.191394
v 0.264931 -0.184456 0.355741
v 0.285549 -0.138389 -0.154299
v 0.279708 -0.005337 0.358413
v 0.264102 -0.280082 0.013898
v 0.296954 0.098086 0.396453
v 0.272576 -0.114347 0.253377
v 0.274529 -0.217605 0.018853
v 0.288044 0.139229 0.114358
v 0.268171 -0.209040 -0.174101
v 0.303311 0.158393 0.024026
v 0.290636 0.202256 -0.058629
v 0.299392 0.087727 0.232490
v 0.314380 -0.125517 -0.115488
v 0.298920 0.133712 0.271165
v 0.310351 0.059602 0.175110
v 0.282353 -0.246607 -0.031136
v 0.280997 -0.332341 -0.185488
v 0.289326 0.197955 -0.035384
v 0.275689 -0.106204 0.358939
v 0.289833 -0.395748 -0.175934
v 0.305804 0.058902 0.129963
v 0.315600 0.078045 0.118938
v 0.279921 0.167358 -0.099068
v 0.311617 0.128553 0.385280
v 0.297691 -0.334895 -0.087106
v 0.313849 -0.104503 -0.074496
v 0.311340 -0.043827 0.181805
v 0.303040 0.039790 0.363140
v 0.290028 -0.293284 -0.008131
v 0.298619 0.188617 0.091329
v 0.295619 0.181108 0.057077
v 0.302852 -0.205144 -0.046013
v 0.288850 -0.216600 -0.156716
v 0.293846 -0.005613 0.343913
v 0.296991 -0.282402 -0.142389
v 0.334504 0.126863 -0.037543
v 0.312131 -0.023818 0.195226
v 0.339980 0.181028 0.103605
v 0.323884 0.138115 0.295984
v 0.351401 -0.132624 0.011842
v 0.308257 0.018956 0.328474
v 0.314653 0.180801 -0.028582
v 0.291247 -0.158023 -0.045037
v 0.314925 -0.316066 -0.126087
v 0.320646 0.122657 0.327831
v 0.298384 -0.148751 -0.052369
v 0.300714 -0.157621 -0.077744
v 0.306749 -0.183221 -0.123704
v 0.336737 0.068700 0.386608
v 0.304570 -0.275515 -0.051477
v 0.311602 -0.186373 -0.028456
v 0.305177 -0.218817 -0.094570
v 0.317203 -0.165317 -0.112166
v 0.330131 0.078218 0.218458
v 0.339030 0.129480 0.352357
v 0.319606 -0.082497 0.101365
v 0.329951 0.133171 0.275945
v 0.344571 0.155539 -0.030289
v 0.347363 -0.129988 -0.108873
v 0.347094 0.196064 0.082759
v 0.351758 -0.140094 -0.029333
v 0.334138 0.160508 0.023903
v 0.356748 0.116269 0.095533
v 0.339506 0.069969 0.310520
v 0.325844 -0.262994 -0.084696
v 0.332811 -0.132590 -0.047158
v 0.399311 0.087819 -0.028290
v 0.349857 0.194772 0.058096
v 0.346828 0.105195 0.394947
v 0.341784 0.068911 0.145452
v 0.337440 0.109184 0.320050
v 0.341160 0.061251 0.174682
v 0.373492 -0.127215 -0.071298
v 0.365875 0.023415 0.174595
v 0.352297 0.119698 0.383215
v 0.368531 0.105124 0.096996
v 0.341886 0.037499 0.227118
v 0.344126 0.053535 0.208214
v 0.356885 0.098099 0.362452
v 0.343555 0.102710 0.283045
v 0.363624 0.153404 0.033326
v 0.360050 0.166724 0.103409
v 0.366936 0.054490 0.161867
v 0.400258 -0.027940 -0.057385
v 0.372524 -0.116129 -0.036809
v 0.386098 -0.104619 -0.083780
v 0.384704 0.130337 -0.016297
v 0.373232 0.166617 0.076495
v 0.365778 0.118311 0.063990
v 0.369333 0.114396 0.080061
v 0.369393 0.147039 0.049032
v 0.405230 -0.061356 0.029121
v 0.408365 0.108065 0.116987
v 0.472722 0.030061 0.078244
v 0.419591 0.048314 0.139997
v 0.399918 0.092817 0.062037
v 0.404746 -0.062942 -0.017915
v 0.417447 0.084045 0.139270
v 0.411023 -0.016146 -0.047496
v 0.421362 0.101554 0.096357
v 0.411978 0.068754 0.070905
v 0.426060 0.054768 0.046425
v 0.426683 0.077082 0.025619
v 0.441591 0.062469 0.111699
v 0.436474 0.071942 0.016490
v 0.442418 0.063684 0.100678
v 0.463603 0.036086 0.021509
v 0.465084 0.002630 0.053799
v 0.450772 0.083774 0.041864
v 0.459294 0.065899 0.071581
v 0.466298 0.080346 0.034778
v 0.473460 0.051270 0.088124
vn -0.4726 -0.5441 -0.6933
vn -0.5174 0.3503 -0.7808
vn -0.0224 0.1976 -0.9800
vn -0.0913 -0.6469 -0.7571
vn -0.6187 -0.7744 -0.1321
vn -0.7253 -0.6833 -0.0833
vn -0.2014 -0.7127 -0.6719
vn -0.4471 -0.8311 -0.3307
vn -0.5982 -0.7983 -0.0697
vn -0.7084 -0.7037 0.0546
vn -0.7413 -0.6156 0.2674
vn -0.9624 -0.1275 -0.2400
vn -0.9908 -0.0837 0.1063
vn -0.7470 0.6611 -0.0700
vn -0.6818 0.6509 -0.3340
vn -0.7904 0.5984 0.1309
vn -0.6936 0.5952 -0.4057
vn -0.6805 0.7257 0.1015
vn -0.6166 0.7823 0.0880
vn -0.9046 0.1120 0.4113
vn -0.8377 0.5446 -0.0399
vn -0.8268 0.4671 -0.3134
vn -0.2597 0.6580 0.7068
vn -0.8131 0.2146 -0.5411
vn -0.6882 0.7218 -0.0737
vn -0.7305 -0.0052 0.6829
vn -0.5085 -0.3039 0.8056
vn -0.9119 -0.0627 0.4057
vn -0.5185 -0.2354 0.8220
vn -0.4805 -0.6908 0.5403
vn -0.6224 -0.5242 0.5812
vn -0.8068 -0.5430 -0.2330
vn -0.9429 -0.2097 0.2588
vn -0.6155 -0.3408 0.7107
vn -0.5517 -0.2420 0.7981
vn -0.7062 -0.6476 0.2863
vn -0.8386 -0.5415 0.0599
vn -0.9249 0.2809 -0.2561
vn -0.9841 -0.0559 -0.1686
vn -0.9136 -0.2024 -0.3526
vn -0.8612 -0.4340 -0.2647
vn -0.9136 -0.4066 -0.0071
vn -0.8072 -0.0723 0.5858
vn -0.9209 -0.0752 -0.3825
vn -0.5353 -0.8446 -0.0136
vn -0.8929 -0.2019 0.4024
vn 0.1934 -0.8342 -0.5164
vn -0.9438 0.2394 -0.2278
vn -0.7375 -0.3644 -0.5686
vn -0.5210 -0.6633 -0.5373
vn 0.4999 -0.5826 -0.6408
vn 0.3415 0.1833 -0.9218
vn -0.4278 -0.7788 -0.4587
vn -0.6484 -0.6216 -0.4395
vn -0.8862 0.0295 -0.4623
vn -0.9520 0.2902 0.0971
vn -0.4580 0.8837 -0.0964
vn -0.6363 0.7705 0.0366
vn -0.5541 0.8215 -0.1343
vn -0.4499 0.7136 0.5371
vn -0.9582 0.1277 0.2560
vn -0.6856 0.4292 0.5880
vn -0.5864 0.7967 -0.1462
vn -0.9869 -0.1608 -0.0113
vn -0.7317 0.6228 0.2769
vn -0.7512 0.0758 0.6557
vn -0.9302 0.2420 0.2761
vn -0.9751 0.1167 0.1888
vn -0.9029 -0.2881 -0.3189
vn -0.7416 0.0476 -0.6691
vn -0.8625 -0.3492 -0.3661
vn -0.5694 -0.8205 -0.0519
vn -0.1147 -0.9910 -0.0685
vn -0.5357 -0.8240 0.1846
vn -0.0687 0.6488 -0.7579
vn -0.5340 -0.0478 -0.8442
vn -0.8614 -0.4619 -0.2112
vn -0.8669 0.3028 -0.3960
vn -0.1931 0.3361 -0.9218
vn -0.7343 0.5135 -0.4441
vn -0.8451 -0.5033 -0.1803
vn -0.5995 -0.7843 0.1596
vn -0.3586 -0.9220 0.1460
vn 0.2178 -0.9756 -0.0292
vn -0.3174 -0.9481 -0.0211
vn -0.2523 -0.7099 -0.6576
vn -0.2039 -0.9781 0.0413
vn -0.2534 -0.9498 0.1835
vn -0.3368 -0.9321 0.1329
vn -0.1234 -0.9851 0.1199
vn -0.0284 -0.9987 -0.0434
vn -0.0663 -0.9977 0.0146
vn 0.6121 0.0431 -0.7896
vn 0.2428 -0.3500 -0.9047
vn -0.0435 -0.9859 -0.1614
vn -0.7586 -0.4871 -0.4326
vn -0.7140 -0.6868 0.1361
vn -0.2696 -0.9392 -0.2127
vn -0.1336 -0.3603 -0.9232
vn -0.1085 0.4151 -0.9033
vn -0.2929 0.1620 -0.9423
vn -0.8770 0.1109 0.4674
vn -0.9753 0.1342 0.1754
vn -0.3913 -0.1158 0.9129
vn -0.1855 -0.0710 0.9801
vn -0.5816 0.6802 0.4462
vn -0.2246 -0.0535 0.9730
vn -0.3903 -0.2144 0.8954
vn -0.7808 -0.1256 0.6121
vn -0.9962 0.0796 0.0363
vn -0.8690 0.4758 -0.1361
vn -0.9067 0.4135 -0.0833
vn -0.7160 0.4470 -0.5362
vn -0.7681 0.5704 -0.2909
vn -0.9344 -0.0816 0.3469
vn -0.8681 0.4941 0.0478
vn -0.9395 -0.2642 -0.2181
vn -0.9151 0.1311 -0.3814
vn -0.9075 0.4158 0.0601
vn -0.8141 0.5685 0.1188
vn -0.6488 0.0927 0.7553
vn -0.9419 -0.3211 0.0988
vn -0.8865 -0.4542 -0.0885
vn -0.8722 0.1312 0.4713
vn -0.6516 -0.0945 -0.7527
vn -0.6473 0.7252 -0.2347
vn -0.5896 0.7918 -0.1595
vn -0.7508 0.4172 -0.5121
vn -0.4587 -0.2537 -0.8516
vn -0.7892 0.5819 0.1965
vn -0.6403 0.7679 -0.0189
vn -0.5811 0.7895 0.1975
vn -0.2781 0.8283 0.4864
vn -0.4587 0.8823 -0.1053
vn -0.8186 0.4503 -0.3565
vn -0.9141 0.3845 -0.1289
vn -0.8381 0.4525 -0.3046
vn -0.9571 0.2407 0.1613
vn -0.9961 0.0620 -0.0634
vn -0.8819 0.3694 -0.2929
vn -0.9433 -0.3289 0.0438
vn -0.9965 -0.0733 -0.0407
vn -0.5938 0.0036 -0.8046
vn -0.8091 -0.1806 -0.5592
vn -0.7968 -0.3959 -0.4565
vn -0.2104 -0.4130 -0.8861
vn -0.9009 -0.1202 -0.4171
vn -0.8942 0.0439 -0.4456
vn -0.8933 -0.3015 -0.3333
vn -0.9638 -0.2147 -0.1581
vn -0.8454 -0.5099 -0.1590
vn -0.8349 -0.4848 -0.2604
vn -0.7920 -0.4149 -0.4478
vn -0.8227 -0.2425 -0.5142
vn -0.9927 0.0461 0.1115
vn -0.7941 0.2123 0.5695
vn -0.5545 0.5057 0.6609
vn -0.7439 0.6036 0.2869
vn -0.7957 0.3301 0.5077
vn -0.4675 0.6683 0.5786
vn -0.7137 -0.1816 -0.6765
vn -0.9923 -0.0386 -0.1180
vn -0.9217 -0.2096 0.3265
vn -0.5228 0.6331 -0.5708
vn -0.4726 0.8542 -0.2169
vn -0.2178 0.8576 -0.4659
vn -0.4499 0.4534 -0.7695
vn -0.5749 -0.6770 -0.4595
vn -0.4908 -0.2980 -0.8187
vn -0.1064 0.9913 -0.0770
vn -0.2308 0.9721 -0.0430
vn -0.3124 0.9335 0.1758
vn -0.7834 -0.5698 -0.2484
vn -0.6735 -0.5055 -0.5394
vn -0.9137 -0.4039 0.0463
vn -0.7474 0.3435 0.5687
vn -0.5069 -0.8290 0.2362
vn -0.4977 -0.0025 0.8674
vn -0.3417 -0.9355 -0.0897
vn -0.4285 -0.7105 -0.5582
vn -0.4204 -0.1269 -0.8984
vn -0.3291 0.2330 -0.9151
vn -0.5031 0.6533 -0.5657
vn -0.6510 -0.2612 -0.7127
vn -0.4703 -0.5606 -0.6816
vn -0.9315 -0.0058 -0.3636
vn -0.1855 -0.4661 -0.8651
vn -0.5521 0.2945 -0.7800
vn 0.1323 -0.2898 -0.9479
vn -0.0328 -0.9620 -0.2711
vn 0.1057 -0.6018 -0.7917
vn 0.5251 -0.4839 -0.7001
vn 0.4413 -0.2243 -0.8688
vn 0.4518 -0.7237 -0.5216
vn 0.4303 0.1897 -0.8825
vn -0.3032 0.3210 -0.8972
vn -0.0445 0.7868 -0.6156
vn 0.4028 -0.3089 -0.8616
vn -0.4924 -0.2111 -0.8444
vn 0.0385 -0.9376 -0.3454
vn -0.0690 -0.9959 0.0590
vn -0.1188 -0.0112 -0.9929
vn -0.5337 -0.1855 -0.8251
vn -0.3810 -0.5709 -0.7273
vn -0.0618 -0.9979 -0.0174
vn -0.0606 -0.9921 0.1101
vn -0.0678 -0.9899 0.1242
vn -0.0958 -0.9950 0.0292
vn -0.0173 -0.9985 -0.0518
vn -0.0129 -0.9913 0.1310
vn -0.0360 -0.9988 -0.0330
vn -0.5167 -0.8409 0.1607
vn -0.6508 -0.7588 0.0270
vn -0.7621 -0.5914 0.2635
vn -0.7457 -0.2862 0.6017
vn 0.3291 -0.2245 -0.9172
vn 0.0837 0.3323 -0.9394
vn 0.0236 -0.1872 -0.9820
vn -0.1133 -0.4099 -0.9051
vn -0.0399 -0.4032 -0.9142
vn 0.2716 -0.3651 -0.8905
vn -0.3582 -0.4802 -0.8007
vn -0.8286 0.3233 -0.4570
vn 0.0026 -0.3486 -0.9373
vn 0.3018 -0.8366 -0.4572
vn 0.2368 -0.5548 -0.7976
vn 0.0827 -0.7467 -0.6600
vn -0.0867 -0.9414 -0.3261
vn -0.7616 -0.1961 -0.6176
vn -0.1152 -0.4155 -0.9022
vn -0.7295 -0.2512 -0.6362
vn 0.0519 -0.7801 -0.6235
vn 0.1062 -0.8741 -0.4739
vn -0.1364 -0.9903 0.0275
vn -0.1000 -0.8571 -0.5053
vn -0.2362 -0.8058 -0.5431
vn -0.1337 -0.9907 0.0265
vn 0.6766 -0.3338 -0.6563
vn 0.0587 0.0613 -0.9964
vn -0.0924 0.5251 -0.8460
vn 0.1863 -0.7951 -0.5772
vn 0.3034 -0.9421 -0.1429
vn 0.6564 -0.7536 0.0352
vn -0.2757 -0.1584 -0.9481
vn -0.4561 -0.3343 -0.8248
vn -0.2058 -0.7472 -0.6319
vn -0.1488 -0.3756 -0.9147
vn -0.3124 -0.1064 -0.9440
vn -0.2350 0.5642 -0.7915
vn 0.4412 0.2063 -0.8734
vn -0.1019 0.4854 -0.8684
vn 0.4796 0.1386 -0.8665
vn -0.5770 0.6592 -0.4822
vn -0.1342 0.0620 -0.9890
vn -0.7538 -0.2449 -0.6097
vn -0.5025 0.0666 -0.8620
vn -0.3176 0.0721 -0.9455
vn -0.5783 -0.1328 -0.8050
vn -0.5075 -0.7856 -0.3541
vn 0.1011 -0.4435 -0.8906
vn -0.3656 -0.8118 -0.4553
vn -0.6451 0.0336 -0.7634
vn 0.5560 -0.3667 -0.7459
vn 0.6389 -0.4998 -0.5847
vn -0.0720 -0.3525 -0.9330
vn -0.7731 0.4380 -0.4587
vn -0.4862 0.8735 0.0225
vn 0.5413 0.6767 -0.4990
vn 0.2875 0.9564 -0.0516
vn -0.9422 0.3184 -0.1040
vn -0.9466 0.1313 0.2945
vn -0.6021 0.2443 0.7601
vn -0.9518 -0.2241 0.2092
vn -0.9572 0.1155 -0.2653
vn -0.9980 0.0130 -0.0620
vn -0.8758 0.1578 -0.4562
vn -0.9994 -0.0093 -0.0328
vn -0.8515 -0.1510 -0.5022
vn 0.3589 -0.8334 -0.4203
vn -0.6848 0.3513 -0.6385
vn -0.3835 -0.0644 -0.9213
vn -0.1939 -0.6769 -0.7101
vn -0.4238 0.6310 -0.6498
vn -0.3944 0.4983 -0.7721
vn -0.0947 0.4452 -0.8904
vn 0.3994 -0.0479 -0.9155
vn 0.2082 -0.2972 -0.9318
vn 0.1134 0.4679 -0.8765
vn 0.4003 0.0089 -0.9163
vn 0.3220 0.5915 -0.7392
vn -0.7176 0.6859 -0.1205
vn 0.9365 -0.3423 -0.0766
vn 0.8351 0.4512 -0.3146
vn 0.0964 -0.8062 -0.5837
vn 0.4350 -0.8980 0.0656
vn -0.1800 -0.9810 -0.0725
vn 0.0099 0.7359 -0.6770
vn -0.0980 0.9846 -0.1448
vn -0.2575 0.9635 -0.0734
vn -0.9741 0.1960 -0.1126
vn -0.1677 0.7165 -0.6771
vn -0.3312 0.3373 -0.8812
vn 0.7484 0.3700 -0.5504
vn 0.3043 0.0991 -0.9474
vn 0.6457 -0.2778 -0.7113
vn 0.9460 -0.0254 -0.3231
vn 0.2091 0.9495 -0.2338
vn 0.3657 0.8396 0.4017
vn 0.9009 0.2913 0.3217
vn 0.2707 0.3178 0.9087
vn 0.0181 0.7856 0.6185
vn 0.1410 0.9755 -0.1691
vn 0.2167 0.9658 -0.1423
vn 0.6044 0.5622 -0.5645
vn 0.7974 0.5844 -0.1507
vn 0.6829 0.5786 0.4458
vn 0.3114 0.1818 0.9327
vn 0.4044 -0.0257 -0.9142
vn 0.9579 0.2770 0.0761
vn 0.7634 -0.5770 0.2905
vn 0.6087 0.6853 0.3999
vn 0.2632 0.6409 -0.7211
vn -0.5228 0.7774 0.3497
vn 0.3782 0.4471 -0.8106
vn 0.6468 0.7567 -0.0949
vn -0.0800 0.9800 -0.1822
vn -0.6128 -0.4749 -0.6317
vn -0.6580 -0.5328 -0.5321
vn -0.4089 0.2901 -0.8653
vn -0.8266 0.4098 -0.3857
vn -0.8895 0.4500 -0.0801
vn 0.4301 -0.6127 0.6630
vn -0.4629 -0.8412 -0.2794
vn -0.2167 -0.9675 0.1302
vn -0.9333 -0.2708 -0.2357
vn -0.7662 -0.5463 -0.3385
vn 0.0642 -0.5037 -0.8615
vn -0.3675 -0.5304 -0.7640
vn -0.0029 -0.5064 -0.8623
vn 0.1668 -0.3892 -0.9059
vn 0.5628 -0.6404 -0.5226
vn 0.6614 0.4682 -0.5859
vn 0.4439 -0.5399 -0.7152
vn -0.3857 -0.7089 -0.5905
vn 0.3126 0.3879 -0.8670
vn -0.1253 -0.5542 -0.8229
vn 0.4411 -0.8604 -0.2554
vn 0.1069 0.9061 -0.4093
vn 0.6894 0.7193 -0.0861
vn 0.9035 0.3794 0.1993
vn 0.5940 0.2190 0.7741
vn 0.4945 0.7461 0.4459
vn 0.3173 0.8864 -0.3372
vn 0.0422 0.8187 -0.5727
vn -0.2908 0.8078 -0.5128
vn -0.8442 -0.5356 -0.0221
vn -0.9023 -0.0803 -0.4236
vn -0.5538 -0.8292 0.0760
vn -0.6702 -0.3980 0.6265
vn -0.6155 0.7849 -0.0712
vn -0.0069 0.9879 -0.1551
vn 0.1087 0.9940 0.0136
vn 0.1902 0.9413 -0.2790
vn -0.0092 0.9827 -0.1850
vn 0.0229 0.7833 -0.6212
vn -0.6559 0.6008 -0.4570
vn 0.4806 0.2169 0.8497
vn 0.9169 0.2822 0.2822
vn 0.2861 0.8073 0.5162
vn 0.7234 0.6643 -0.1881
vn 0.5498 0.3910 -0.7381
vn 0.0378 0.9084 -0.4163
vn 0.5678 -0.2198 -0.7933
vn 0.0504 0.3612 -0.9311
vn 0.0037 0.6975 -0.7166
vn 0.5712 0.1985 -0.7965
vn 0.5728 -0.4162 -0.7062
vn -0.1707 0.8805 0.4422
vn 0.8360 0.2764 -0.4740
vn 0.7727 0.5017 -0.3889
vn 0.6198 0.6657 -0.4155
vn 0.8423 0.4008 -0.3604
vn 0.6757 -0.1789 -0.7151
vn 0.8553 0.4947 0.1538
vn 0.9434 0.3160 0.1004
vn 0.1726 0.7351 -0.6556
vn 0.5096 0.3375 -0.7914
vn 0.2790 0.4089 -0.8689
vn -0.2968 0.4628 -0.8353
vn 0.1380 0.2767 -0.9510
vn 0.1919 0.5229 -0.8305
vn 0.1516 0.6785 -0.7188
vn -0.0273 0.3917 -0.9197
vn 0.6735 0.4316 -0.6001
vn 0.5348 0.4306 -0.7271
vn 0.0430 0.2765 -0.9601
vn 0.3540 0.3854 -0.8522
vn 0.2996 0.6913 -0.6576
vn -0.6314 -0.7707 0.0864
vn -0.6868 -0.1562 0.7099
vn -0.6950 -0.7057 0.1377
vn -0.3848 -0.9086 0.1626
vn -0.9198 0.3878 0.0601
vn -0.8936 -0.2342 0.3829
vn -0.8565 -0.4361 0.2759
vn -0.4650 -0.8784 -0.1102
vn -0.7756 -0.6258 -0.0824
vn -0.5552 -0.8277 -0.0814
vn -0.3391 0.1355 0.9309
vn -0.4793 0.6248 0.6164
vn -0.6717 -0.2945 0.6797
vn -0.5631 -0.1515 0.8124
vn -0.9312 -0.2549 -0.2604
vn -0.9607 0.1919 0.2008
vn -0.8727 -0.4620 -0.1583
vn -0.9075 -0.1417 0.3955
vn 0.0111 -0.9976 -0.0690
vn 0.0027 -0.9970 -0.0774
vn -0.3403 -0.9012 -0.2684
vn -0.9698 0.2436 0.0099
vn -0.9237 -0.0615 0.3782
vn -0.9969 -0.0793 0.0009
vn -0.9591 0.2790 -0.0476
vn -0.9980 -0.0083 0.0621
vn -0.8501 -0.4962 0.1766
vn -0.6409 -0.7401 0.2039
vn 0.0122 -0.9966 -0.0816
vn -0.8591 0.3919 0.3292
vn -0.9859 0.1111 -0.1255
vn -0.9718 0.0285 0.2343
vn -0.9518 0.0211 0.3061
vn -0.9586 0.0092 0.2846
vn -0.9801 0.0287 0.1962
vn -0.6055 -0.4285 0.6707
vn -0.8835 -0.3077 0.3531
vn -0.4197 -0.5407 0.7291
vn -0.7038 -0.6188 0.3490
vn -0.8710 0.3301 0.3640
vn -0.7437 -0.5295 0.4080
vn -0.8515 -0.3443 0.3954
vn -0.8423 0.5349 -0.0661
vn -0.9595 -0.2308 0.1615
vn -0.9581 -0.2209 0.1824
vn -0.9970 0.0768 -0.0086
vn -0.9947 -0.0927 -0.0435
vn -0.9747 0.1160 0.1912
vn -0.5949 -0.7851 0.1722
vn -0.5914 -0.7194 0.3642
vn -0.8200 0.4498 0.3540
vn -0.7909 0.4095 0.4548
vn 0.0589 0.8129 0.5795
vn -0.2544 0.8477 0.4655
vn -0.3511 0.3944 0.8492
vn 0.2395 0.3359 0.9109
vn 0.2271 0.5294 0.8174
vn 0.3163 0.8851 0.3413
vn 0.6180 0.5056 0.6020
vn -0.2992 -0.9322 0.2038
vn 0.0751 -0.8256 0.5593
vn -0.2220 -0.9139 0.3397
vn -0.0254 -0.9928 0.1172
vn 0.0043 -0.4746 0.8802
vn -0.3187 -0.3412 0.8843
vn 0.0194 -0.9930 0.1162
vn 0.1895 -0.9385 0.2886
vn -0.0568 -0.9960 -0.0688
vn -0.1294 -0.8286 0.5447
vn 0.5252 -0.8126 -0.2528
vn 0.7195 -0.2852 0.6332
vn 0.4641 -0.7256 0.5080
vn 0.3614 -0.8295 0.4259
vn -0.2953 -0.7786 0.5536
vn 0.7681 -0.3607 0.5291
vn 0.5212 -0.7404 0.4244
vn 0.4805 -0.3814 -0.7897
vn 0.7002 -0.2993 -0.6482
vn 0.1256 -0.8131 0.5685
vn -0.2780 -0.9485 0.1520
vn -0.9643 -0.0735 0.2545
vn 0.0446 -0.9890 0.1413
vn -0.6016 -0.7750 0.1935
vn 0.2141 -0.6256 0.7502
vn 0.0263 -0.9996 0.0093
vn 0.1578 -0.9579 0.2396
vn 0.0982 -0.6252 0.7742
vn 0.2714 -0.7514 0.6014
vn -0.1959 -0.2733 0.9418
vn 0.3309 -0.1086 0.9374
vn 0.7812 0.4617 0.4202
vn 0.8262 -0.2376 0.5108
vn 0.9955 0.0572 0.0753
vn 0.7170 0.6332 -0.2915
vn 0.7559 0.6522 -0.0567
vn 0.8729 0.4480 -0.1930
vn 0.1996 -0.9729 0.1168
vn 0.2716 -0.9611 -0.0506
vn 0.0162 -0.9991 -0.0381
vn 0.4569 -0.8882 -0.0486
vn 0.1872 -0.9584 0.2153
vn 0.8658 -0.5000 -0.0181
vn 0.9018 0.2776 0.3313
vn 0.7407 -0.6294 0.2352
vn 0.8031 0.2831 0.5243
vn -0.8596 -0.2004 0.4700
vn -0.0987 -0.2013 0.9745
vn -0.0936 0.7274 0.6798
vn 0.2649 -0.1455 0.9532
vn -0.0487 -0.6861 0.7259
vn 0.0539 0.5193 0.8529
vn 0.0385 -0.2150 0.9758
vn -0.1963 -0.1620 0.9671
vn -0.6194 -0.3114 0.7206
vn 0.5943 -0.3396 0.7290
vn 0.3749 -0.3666 0.8515
vn 0.1758 -0.3258 0.9290
vn 0.4259 0.2325 0.8744
vn -0.2148 0.5710 0.7924
vn -0.6522 -0.5720 0.4974
vn 0.4206 0.7544 0.5039
vn -0.2646 0.9250 0.2725
vn -0.0846 0.4413 0.8934
vn -0.0203 0.0545 0.9983
vn 0.0595 -0.2021 0.9776
vn -0.3833 -0.1176 0.9161
vn -0.3502 0.9361 0.0323
vn 0.2278 0.9219 0.3134
vn -0.1685 0.8595 0.4825
vn -0.2868 0.7192 0.6329
vn 0.2316 0.5734 0.7859
vn -0.9101 -0.2413 0.3369
vn -0.4830 0.1434 0.8638
vn -0.3642 0.3743 0.8528
vn 0.0356 0.0682 0.9970
vn -0.2793 -0.6912 0.6665
vn -0.5017 0.5248 0.6876
vn 0.2301 -0.1155 0.9663
vn 0.0702 -0.9133 0.4012
vn -0.0170 -0.4387 0.8985
vn 0.1572 0.1386 0.9778
vn 0.0011 -0.4832 0.8755
vn 0.1629 -0.6025 0.7813
vn 0.5720 -0.4288 0.6993
vn -0.4674 -0.8833 0.0364
vn -0.5104 -0.1217 0.8513
vn -0.3495 0.7443 0.5691
vn -0.3829 0.8980 -0.2166
vn -0.0947 0.8490 0.5198
vn 0.4298 0.8892 0.1565
vn 0.2171 0.1388 0.9662
vn 0.1718 0.0587 0.9834
vn 0.0647 0.7601 0.6465
vn -0.0948 0.0728 0.9928
vn 0.0238 0.4513 0.8920
vn 0.1345 0.8544 0.5018
vn 0.4512 0.6607 0.5999
vn 0.1524 0.8893 0.4311
vn 0.4612 0.5465 0.6990
vn 0.2619 0.8859 0.3829
vn 0.0501 0.6181 0.7845
vn 0.5715 0.7713 0.2802
vn -0.9169 -0.3831 -0.1117
vn -0.9471 0.0046 -0.3210
vn -0.9589 -0.2623 -0.1083
vn -0.1264 0.9645 -0.2317
vn -0.3331 0.9023 -0.2735
vn -0.3023 0.8632 -0.4043
vn 0.2497 0.9183 0.3070
vn 0.0287 0.2658 0.9636
vn -0.0666 0.8200 -0.5685
vn -0.0646 0.9751 -0.2120
vn -0.1160 0.9671 -0.2263
vn -0.9966 0.0717 -0.0403
vn -0.6492 0.5516 -0.5236
vn -0.4658 0.8394 0.2802
vn -0.1826 0.9372 0.2972
vn -0.6808 0.6238 0.3839
vn -0.7980 0.6006 -0.0495
vn -0.6238 0.5659 -0.5391
vn -0.9810 -0.1922 -0.0260
vn -0.7858 0.5169 0.3396
vn -0.7845 0.5051 0.3598
vn -0.8495 -0.5216 0.0788
vn -0.9808 -0.1928 0.0284
vn -0.9128 -0.4018 -0.0728
vn -0.9727 -0.2274 0.0461
vn -0.5899 -0.4468 0.6727
vn -0.3474 0.3825 0.8561
vn 0.0440 0.4227 0.9052
vn 0.1982 -0.1131 0.9736
vn 0.3630 -0.2109 0.9076
vn 0.0454 -0.2156 0.9754
vn -0.5763 0.3089 0.7567
vn 0.3442 -0.2610 0.9019
vn 0.1914 -0.1943 0.9621
vn -0.9398 0.1159 0.3216
vn -0.9781 0.1612 -0.1316
vn -0.9931 0.0282 0.1135
vn -0.4796 -0.3016 0.8240
vn -0.2128 -0.0920 0.9727
vn 0.4113 0.1799 0.8936
vn 0.6284 -0.0871 0.7730
vn 0.1666 -0.1792 0.9696
vn 0.2709 -0.1235 0.9547
vn 0.3581 -0.1744 0.9173
vn 0.3926 -0.3370 0.8557
vn 0.1356 -0.2727 0.9525
vn 0.3156 -0.2244 0.9220
vn 0.4379 -0.1061 0.8927
vn 0.2509 -0.1390 0.9580
vn 0.1578 -0.5147 0.8427
vn 0.1158 -0.2013 0.9727
vn 0.1002 -0.1547 0.9829
vn -0.9359 -0.2728 -0.2227
vn -0.1883 -0.1413 0.9719
vn 0.6069 0.7405 -0.2887
vn 0.2697 0.8543 -0.4444
vn 0.6223 0.4776 0.6202
vn 0.9086 0.3975 0.1283
vn 0.7052 -0.0508 0.7072
vn 0.7432 0.6675 -0.0459
vn 0.4881 0.6329 -0.6010
vn -0.2814 0.8600 0.4258
vn 0.6072 0.3743 0.7008
vn -0.3313 0.0472 0.9423
vn 0.2986 -0.2750 0.9139
vn 0.2914 -0.1616 0.9428
vn 0.0564 0.7687 -0.6371
vn -0.1287 0.7732 -0.6210
vn -0.4131 0.5566 -0.7207
vn -0.5275 0.6006 -0.6008
vn -0.1386 0.8918 -0.4306
vn -0.8287 0.2091 0.5192
vn -0.4951 0.6579 -0.5675
vn -0.8896 0.4434 -0.1098
vn -0.9456 0.3232 -0.0379
vn 0.4277 -0.2803 0.8593
vn -0.0345 -0.3289 0.9437
vn 0.2375 -0.0403 0.9705
vn 0.4698 0.2637 0.8425
vn 0.3170 -0.3354 0.8872
vn 0.2220 -0.2170 0.9506
vn 0.4334 -0.5070 0.7451
vn 0.6906 -0.4138 0.5931
vn 0.8113 0.0639 0.5811
vn 0.3344 -0.8075 0.4860
vn 0.1619 -0.4369 0.8848
vn 0.0359 0.4301 0.9021
vn -0.3623 0.1458 0.9206
vn 0.7769 0.2890 0.5594
vn -0.8446 0.0599 0.5320
vn -0.8104 0.4470 0.3787
vn -0.5556 -0.0071 0.8314
vn -0.4034 -0.2779 0.8718
vn -0.4135 0.8816 0.2276
vn -0.7994 0.5685 -0.1941
vn 0.1389 -0.1459 0.9795
vn -0.0811 -0.1968 0.9771
vn -0.3198 0.1237 0.9394
vn -0.2078 0.4376 0.8748
vn -0.6139 0.5814 0.5339
vn -0.4888 0.7374 -0.4661
vn -0.5312 0.4990 -0.6847
vn -0.4313 0.8410 -0.3266
vn -0.4973 0.6888 -0.5275
vn -0.6440 0.5986 -0.4764
vn -0.6269 0.7443 -0.2304
vn -0.3373 0.8695 -0.3607
vn -0.0226 0.9593 0.2816
vn -0.2661 0.8622 0.4311
vn -0.3132 0.8416 -0.4400
vn 0.1592 0.8454 -0.5098
vn 0.3797 0.7379 -0.5579
vn -0.3231 0.6310 -0.7053
vn -0.2983 0.8025 -0.5168
vn 0.2675 0.7035 0.6585
vn -0.5682 0.8213 0.0501
vn -0.6388 0.3187 0.7003
vn -0.0141 0.4141 0.9101
vn -0.0290 0.9198 0.3913
vn 0.1076 0.4027 0.9090
vn 0.2714 -0.1106 0.9561
vn -0.2794 0.0020 0.9602
vn 0.3146 -0.0642 0.9471
vn 0.5229 0.3182 0.7908
vn -0.2135 0.7091 0.6720
vn -0.3401 0.2323 0.9112
vn 0.8315 0.1196 0.5425
vn 0.6192 0.2852 0.7316
vn -0.1804 0.8159 0.5493
vn -0.4077 0.7668 0.4958
vn 0.1142 -0.3619 0.9252
vn 0.9666 -0.0622 -0.2485
vn -0.3464 0.4856 0.8026
vn -0.2056 0.7130 0.6703
vn -0.3989 0.3225 0.8584
vn -0.3492 0.5585 0.7524
vn -0.3636 0.5005 0.7857
vn 0.4326 -0.2553 0.8647
vn 0.3572 -0.7237 0.5905
vn -0.0271 -0.7161 0.6974
vn 0.5999 -0.2355 0.7646
vn 0.8012 -0.3914 0.4527
vn 0.6855 0.0660 0.7251
vn 0.1522 -0.2783 0.9484
vn 0.4614 -0.0820 0.8834
vn 0.8183 0.0816 0.5689
vn 0.3880 -0.6319 0.6709
vn 0.2314 -0.2760 0.9329
vn -0.8870 -0.1206 0.4458
vn -0.5626 0.3199 0.7623
vn -0.6783 -0.5441 0.4938
vn -0.3277 -0.1397 0.9344
vn 0.5314 -0.2162 0.8191
vn 0.3770 -0.2778 0.8836
vn -0.9108 0.0835 -0.4043
vn -0.7844 -0.5805 0.2185
vn -0.9042 0.2716 0.3297
vn -0.5777 0.1311 0.8057
vn -0.5808 0.8029 0.1339
vn -0.1948 0.7331 0.6516
vn -0.3421 0.1151 -0.9326
vn -0.5606 -0.5154 -0.6482
vn -0.2303 -0.1527 -0.9611
vn -0.0022 -0.1241 -0.9923
vn 0.2755 -0.0464 -0.9602
vn -0.3839 0.6153 -0.6885
vn -0.2976 -0.4822 -0.8240
vn 0.3985 0.6818 -0.6135
vn -0.3239 0.9243 0.2018
vn -0.1195 0.9919 0.0427
vn -0.2675 0.9497 0.1626
vn -0.7723 0.5023 -0.3890
vn -0.4934 0.8187 -0.2937
vn -0.5031 0.6959 -0.5124
vn 0.0917 0.0056 -0.9958
vn -0.5417 -0.1756 -0.8220
vn -0.3782 0.8315 -0.4070
vn -0.2122 0.9557 0.2040
vn -0.5164 0.6783 -0.5227
vn -0.5759 0.8171 0.0269
vn -0.3203 -0.0879 -0.9432
vn -0.5178 0.7535 0.4052
vn -0.2269 0.6294 0.7433
vn -0.4216 0.6067 0.6739
vn -0.5812 0.6767 0.4521
vn -0.8818 0.2782 -0.3809
vn -0.8622 0.3797 0.3354
vn -0.7623 0.4745 0.4402
vn -0.9383 0.3325 0.0949
vn -0.6869 0.3072 0.6587
vn -0.7845 0.2559 0.5649
vn -0.9841 -0.0101 0.1772
vn -0.9913 0.0821 -0.1025
vn -0.9514 -0.0313 0.3064
vn -0.9148 -0.1661 0.3682
vn -0.9902 0.0515 0.1296
vn -0.1267 0.9917 -0.0202
vn -0.7764 0.5263 0.3467
vn -0.4791 0.8723 -0.0975
vn 0.3189 0.8101 -0.4919
vn -0.4619 -0.5097 -0.7259
vn -0.3629 -0.2675 -0.8926
vn -0.7380 -0.4801 -0.4741
vn -0.3651 0.8258 -0.4297
vn -0.4495 0.1763 -0.8757
vn -0.5272 0.8342 -0.1618
vn -0.5661 0.8011 -0.1944
vn -0.4571 0.8532 -0.2513
vn -0.1325 0.9761 -0.1721
vn 0.0801 0.9820 0.1711
vn -0.3896 0.8656 -0.3145
vn -0.5999 0.7244 -0.3397
vn -0.4655 0.7351 0.4928
vn -0.1782 0.9689 0.1715
vn -0.0321 0.8409 0.5402
vn -0.4234 0.8926 0.1550
vn -0.3226 0.9461 -0.0277
vn -0.2761 0.9419 -0.1913
vn -0.0527 0.9671 0.2489
vn 0.2686 0.7640 -0.5866
vn -0.3595 0.5544 -0.7506
vn -0.9093 -0.1891 -0.3706
vn -0.8184 0.0352 -0.5736
vn -0.5570 -0.5593 -0.6140
vn -0.9732 -0.2249 -0.0475
vn -0.7109 -0.6535 -0.2601
vn -0.9597 -0.2313 -0.1597
vn -0.6343 -0.6530 -0.4139
vn -0.9047 0.1888 0.3819
vn -0.6316 0.7144 0.3010
vn -0.8721 0.3404 0.3514
vn -0.9700 0.2413 0.0285
vn -0.8881 0.4467 0.1082
vn -0.6992 0.4289 -0.5719
vn -0.2132 -0.5187 -0.8280
vn -0.5725 0.2716 -0.7736
vn -0.5803 -0.0511 -0.8128
vn -0.2528 0.6560 -0.7112
vn 0.4715 0.8781 -0.0817
vn 0.7527 0.4506 -0.4800
vn 0.8705 0.0455 -0.4901
vn 0.6233 0.5985 -0.5033
vn 0.6379 -0.2891 -0.7138
vn -0.5706 -0.5413 -0.6176
vn -0.0503 -0.4125 -0.9096
vn 0.0530 -0.5103 -0.8583
vn -0.4726 0.8784 -0.0720
vn -0.8513 -0.4426 -0.2820
vn -0.7292 -0.6797 -0.0789
vn -0.6036 -0.7803 -0.1637
vn -0.6385 -0.6710 -0.3770
vn -0.1905 0.9626 0.1925
vn -0.1643 0.9041 0.3945
vn -0.2766 0.9559 -0.0990
vn -0.0279 -0.2406 -0.9702
vn 0.4768 -0.2032 -0.8552
vn 0.3130 -0.5621 -0.7655
vn -0.4698 0.8824 -0.0278
vn 0.3008 0.8794 0.3691
vn 0.2751 0.9614 -0.0040
vn 0.0786 -0.2332 -0.9692
vn 0.5824 -0.3937 -0.7112
vn 0.9344 -0.3105 -0.1743
vn 0.9792 -0.2009 -0.0282
vn 0.9188 0.0253 0.3939
vn 0.6819 -0.1265 -0.7204
vn 0.9564 -0.1048 0.2726
vn 0.5778 0.7116 -0.3998
vn -0.2882 0.9540 -0.0830
vn 0.2592 0.7774 0.5732
vn 0.4696 0.5645 0.6788
vn 0.8953 0.3869 0.2206
vn 0.4239 0.8766 -0.2279
vn 0.6768 -0.3047 -0.6701
vn 0.8117 0.2726 -0.5165
vn 0.6041 0.4146 -0.6805
vn -0.2367 -0.2049 -0.9497
vn -0.2318 0.7824 -0.5780
vn 0.5786 -0.0129 -0.8155
vn -0.4599 0.8297 0.3164
vn -0.7794 0.6253 -0.0386
vn 0.0391 -0.6682 -0.7430
vn -0.3210 -0.8919 -0.3186
vn 0.0245 -0.8683 -0.4955
vn -0.9854 0.0985 0.1386
vn -0.7891 -0.5223 -0.3233
vn -0.9099 -0.3791 -0.1685
vn -0.9132 0.4049 0.0462
vn -0.7866 0.5842 0.2001
vn -0.6293 0.7353 -0.2517
vn -0.9519 0.2136 -0.2196
vn -0.9970 0.0623 -0.0465
vn -0.9465 0.1591 -0.2806
vn -0.8793 -0.4145 -0.2345
vn -0.7589 -0.5861 -0.2840
vn -0.8945 -0.3548 -0.2719
vn -0.8103 -0.4211 -0.4075
vn -0.8640 -0.4568 -0.2119
vn -0.9266 0.3231 -0.1927
vn -0.7312 0.5991 -0.3264
vn -0.7971 -0.5926 0.1158
vn -0.6898 -0.6359 0.3460
vn -0.8444 -0.2845 -0.4539
vn -0.9395 0.3419 -0.0236
vn -0.6827 -0.3095 0.6619
vn -0.6009 0.6018 0.5260
vn -0.4124 -0.2834 0.8658
vn -0.8461 -0.4911 -0.2072
vn -0.6584 -0.3874 -0.6453
vn -0.9898 -0.0393 -0.1367
vn -0.4784 -0.8759 -0.0626
vn -0.6223 -0.7776 -0.0897
vn -0.9574 -0.2183 -0.1892
vn -0.9044 0.4255 -0.0301
vn -0.8314 0.4280 0.3544
vn 0.2681 0.2288 0.9358
vn 0.5969 0.8023 -0.0068
vn 0.0933 0.9805 0.1731
vn 0.7760 0.5257 0.3485
vn 0.8591 0.4823 0.1712
vn 0.7367 0.6762 0.0061
vn 0.6680 0.2543 -0.6993
vn 0.6107 0.0658 -0.7891
vn 0.6875 0.2967 -0.6628
vn 0.1031 -0.1294 -0.9862
vn 0.4748 0.3853 -0.7913
vn 0.7187 0.3559 -0.5973
vn 0.4264 0.8960 0.1239
vn 0.9400 0.3342 0.0681
vn 0.4074 0.8200 0.4021
vn 0.7132 0.4889 0.5023
vn -0.0217 0.8356 0.5489
vn -0.3852 0.9202 0.0693
vn -0.0700 0.6790 -0.7308
vn -0.5566 -0.6838 0.4718
vn -0.9519 -0.3063 -0.0032
vn -0.6342 -0.5200 0.5722
vn -0.8062 0.5683 0.1646
vn -0.5611 -0.1993 -0.8034
vn -0.8727 -0.0718 0.4830
vn 0.1258 0.9744 0.1864
vn 0.0087 -0.2287 -0.9735
vn -0.4742 0.8333 0.2842
vn 0.3028 0.8845 0.3550
vn -0.4579 0.8887 -0.0222
vn 0.6174 0.5390 0.5730
vn 0.4220 0.8893 0.1763
vn -0.2038 0.6952 -0.6893
vn 0.6806 0.5098 -0.5262
vn 0.6401 0.7680 -0.0219
vn 0.7369 0.1982 -0.6463
vn -0.2326 -0.3911 -0.8905
vn 0.2901 -0.5017 -0.8150
vn -0.0569 -0.3232 -0.9446
vn 0.4645 -0.1886 -0.8652
vn 0.9802 -0.0150 -0.1973
vn 0.9964 0.0832 -0.0182
vn 0.4374 0.3721 -0.8187
vn -0.0393 -0.4111 -0.9108
vn -0.4099 -0.1661 -0.8969
vn -0.7350 0.5265 -0.4273
vn -0.3510 -0.0451 -0.9353
vn 0.8430 0.5021 -0.1929
vn 0.9878 0.0921 -0.1253
vn 0.4600 0.8729 -0.1627
vn 0.2455 0.7387 -0.6278
vn 0.9297 -0.0266 0.3673
vn 0.9472 -0.1375 0.2897
vn 0.0576 0.0623 -0.9964
vn -0.5718 0.6391 0.5144
vn -0.5674 0.7979 0.2033
vn -0.5166 0.8543 0.0574
vn -0.7420 0.6693 -0.0391
vn -0.8177 0.4907 -0.3010
vn -0.7499 0.6429 -0.1557
vn -0.4879 0.6717 -0.5575
vn -0.1297 0.7706 0.6240
vn -0.4003 0.9152 0.0459
vn -0.1831 0.8970 -0.4023
vn -0.5552 0.8138 0.1716
vn -0.3592 0.7528 -0.5515
vn -0.8358 0.5278 -0.1513
vn -0.6084 0.7853 0.1151
vn -0.6470 0.7462 0.1565
vn -0.9979 0.0295 -0.0585
vn -0.8313 0.5284 0.1725
vn -0.4802 0.8495 0.2186
vn -0.1735 0.9367 0.3043
vn 0.0967 -0.2870 -0.9531
vn 0.2976 -0.3842 -0.8740
vn 0.3620 -0.0260 -0.9318
vn 0.8545 -0.2516 -0.4545
vn 0.9451 0.0884 -0.3147
vn 0.9644 -0.1564 -0.2134
vn 0.9454 -0.2261 -0.2346
vn 0.9195 0.2342 -0.3156
vn -0.0841 -0.1236 -0.9888
vn -0.0130 0.3578 -0.9337
vn 0.2043 0.7575 -0.6200
vn 0.1350 0.8793 0.4568
vn 0.1983 0.9794 -0.0376
vn -0.6425 0.6403 0.4209
vn -0.3996 0.8132 -0.4231
vn -0.8221 0.3149 -0.4744
vn 0.2287 -0.4655 -0.8550
vn -0.0328 -0.0109 -0.9994
vn 0.0821 0.6496 -0.7558
vn 0.3866 0.9209 -0.0495
vn 0.2394 0.9374 0.2528
vn 0.8134 0.3449 -0.4684
vn 0.0128 0.9680 0.2507
vn 0.7372 0.6031 -0.3046
vn 0.0634 0.8275 0.5579
vn 0.1446 0.8949 -0.4222
vn 0.3124 0.5302 -0.7882
vn 0.8397 -0.2133 -0.4995
vn 0.5130 -0.0601 -0.8563
vn -0.7167 0.5037 -0.4823
vn -0.2132 0.9716 -0.1024
vn -0.2213 0.9667 -0.1287
vn -0.0500 0.9659 0.2539
vn -0.5404 0.8347 -0.1061
vn -0.3480 0.8568 0.3804
vn 0.3419 0.5743 0.7438
vn 0.1419 0.8389 0.5255
vn -0.9010 0.2421 -0.3599
vn -0.5595 0.8232 -0.0968
vn -0.1803 0.9367 -0.3000
vn -0.4723 0.8685 -0.1502
vn -0.2457 0.6394 -0.7286
vn 0.4271 0.6556 -0.6227
vn 0.3888 0.7864 -0.4800
vn 0.7528 0.3554 -0.5541
vn 0.7540 0.1149 -0.6467
vn 0.4555 -0.1040 -0.8841
vn -0.1136 0.1923 -0.9747
vn -0.8706 0.1873 -0.4550
vn -0.7437 -0.4603 -0.4848
vn -0.2315 -0.3612 -0.9033
vn -0.3102 0.9071 -0.2847
vn 0.4639 0.8519 -0.2430
vn 0.9142 0.3698 -0.1661
vn 0.3463 0.8557 0.3846
vn 0.7707 0.3338 0.5427
vn 0.1648 0.2199 0.9615
vn 0.6832 0.2606 0.6822
vn -0.2352 0.2828 0.9299
vn -0.8270 0.2017 0.5247
vn -0.9386 0.1050 -0.3285
vn -0.8843 0.4102 -0.2230
vn -0.9773 0.1125 -0.1795
vn -0.9532 0.2562 0.1606
vn -0.7923 0.4106 0.4514
vn -0.5042 0.4019 0.7643
vn -0.7830 0.2845 0.5531
vn -0.0193 -0.1093 0.9938
vn -0.4705 0.0725 0.8794
vn -0.4620 -0.1071 0.8804
vn 0.0305 0.0222 0.9993
vn -0.0381 0.3474 0.9370
vn 0.0127 0.5411 0.8409
vn -0.8986 0.4386 0.0073
vn -0.9256 0.0406 0.3762
vn -0.9621 0.2181 0.1639
vn -0.4477 0.0508 0.8927
vn -0.9915 0.0423 -0.1227
vn -0.9381 -0.1869 -0.2916
vn -0.6064 0.2236 -0.7631
vn 0.2187 0.2760 -0.9359
vn -0.4872 -0.5345 0.6906
vn 0.5306 -0.2153 0.8198
vn -0.9950 -0.0642 0.0764
vn -0.5263 -0.0271 0.8498
vn -0.5202 0.5530 0.6508
vn -0.6819 0.7289 -0.0611
vn -0.5712 -0.4138 0.7088
vn 0.3208 -0.3135 0.8937
vn 0.4080 0.3635 0.8375
vn -0.3680 0.6802 -0.6340
vn 0.8119 0.2927 -0.5052
vn 0.1680 0.7441 -0.6466
vn 0.4780 0.8775 -0.0396
vn 0.9039 0.3151 0.2893
vn 0.9907 -0.0642 0.1200
vn 0.4432 0.7223 -0.5310
vn 0.0483 0.9180 -0.3935
vn 0.5537 0.6963 0.4568
vn 0.9795 0.2010 -0.0104
vn 0.1996 0.8244 -0.5296
vn -0.6962 0.7053 -0.1333
vn 0.2175 0.9760 0.0138
vn -0.7503 0.6603 -0.0331
vn -0.5994 0.2411 0.7633
vn 0.4576 0.4720 0.7535
vn 0.2574 0.8884 0.3802
vn -0.4405 0.8714 0.2158
vn -0.3229 -0.1898 0.9272
vn -0.7337 0.3895 0.5567
vn 0.1759 -0.1047 0.9788
vn -0.3092 0.6039 0.7346
vn -0.4545 0.6877 0.5661
vn 0.2568 -0.1681 0.9517
vn -0.3106 0.5156 0.7985
vn 0.3194 0.5886 0.7427
vn 0.6252 0.0914 0.7751
vn -0.5493 0.8108 -0.2021
vn 0.0312 0.9994 0.0170
vn 0.4892 0.5649 0.6645
vn 0.5058 -0.2227 0.8334
vn -0.0912 0.9956 0.0202
vn -0.3383 0.5377 0.7723
vn 0.0023 0.2574 0.9663
vn -0.1455 0.7295 0.6683
vn 0.5629 -0.0936 0.8212
vn -0.5322 0.2142 0.8191
vn -0.2492 -0.1203 0.9610
vn -0.7571 -0.1008 0.6455
vn -0.5785 0.7511 0.3180
vn 0.1728 0.9070 0.3842
vn -0.0387 0.1621 0.9860
vn 0.1219 0.0042 0.9925
vn 0.0186 0.0768 0.9969
vn -0.1161 0.1007 0.9881
vn -0.0040 0.1260 0.9920
vn 0.4392 0.3165 0.8408
vn -0.8962 0.4414 0.0434
vn -0.5481 0.6319 0.5480
vn -0.4074 0.0872 0.9091
vn -0.5157 0.6212 -0.5901
vn -0.7220 0.6596 -0.2090
vn -0.9646 0.1010 0.2436
vn -0.3745 0.8320 -0.4093
vn -0.0537 0.9811 -0.1857
vn 0.0916 0.8198 0.5653
vn -0.4043 0.4777 0.7799
vn -0.2217 0.9561 -0.1918
vn -0.0060 0.0460 0.9989
vn -0.0437 0.8393 0.5418
vn 0.1599 -0.2363 0.9584
vn 0.2073 -0.1727 0.9629
vn 0.7305 -0.2862 0.6200
vn 0.0183 -0.6393 -0.7687
vn -0.1106 -0.6225 -0.7747
vn -0.7921 -0.0046 -0.6104
vn 0.3217 0.2281 -0.9190
vn 0.1262 -0.1773 -0.9760
vn 0.2071 -0.2332 -0.9501
vn 0.3937 0.1360 -0.9091
vn 0.2527 -0.3125 -0.9157
vn 0.4469 0.0062 -0.8945
vn 0.5714 -0.6596 -0.4882
vn 0.2990 0.1325 -0.9450
vn 0.4369 0.2402 -0.8668
vn -0.3409 0.2110 -0.9161
vn 0.4754 -0.6120 -0.6320
vn 0.4288 -0.7957 -0.4277
vn 0.6017 -0.7985 -0.0208
vn 0.5372 -0.6369 -0.5530
vn -0.0151 -0.9161 -0.4007
vn -0.2302 -0.0031 -0.9731
vn 0.1055 -0.9600 0.2593
vn 0.3346 -0.9170 0.2171
vn 0.4308 -0.5369 -0.7254
vn 0.1131 -0.9328 -0.3422
vn 0.5190 -0.8393 -0.1618
vn 0.8981 -0.3286 0.2922
vn 0.6794 -0.7336 0.0157
vn -0.0123 -0.5314 -0.8470
vn 0.0705 -0.8935 -0.4434
vn 0.4602 -0.8595 -0.2226
vn 0.2879 -0.4519 -0.8443
vn 0.0933 0.1420 -0.9855
vn 0.5387 -0.2315 -0.8101
vn 0.4389 -0.5295 -0.7259
vn 0.7028 -0.6791 -0.2120
vn 0.6172 -0.0961 -0.7809
vn 0.8292 -0.3029 0.4698
vn 0.4765 -0.8542 0.2078
vn 0.4589 -0.8395 0.2908
vn 0.7308 -0.6522 0.2015
vn 0.6782 -0.1886 -0.7103
vn 0.9194 -0.2986 -0.2560
vn 0.7331 -0.6548 0.1840
vn 0.5032 0.0668 -0.8616
vn 0.7798 -0.1464 -0.6087
vn 0.0568 0.3566 -0.9325
vn 0.2273 -0.4309 -0.8733
vn 0.3057 -0.9392 -0.1564
vn 0.8755 -0.2945 -0.3831
vn 0.1133 0.1652 -0.9797
vn 0.8912 -0.3960 0.2214
vn 0.9814 -0.1093 -0.1579
vn 0.8930 -0.0807 0.4428
vn 0.9490 -0.2598 -0.1785
vn 0.9172 0.1227 -0.3789
vn 0.5727 0.4457 0.6880
vn 0.6174 0.3068 0.7244
vn 0.1953 0.5775 0.7927
vn 0.4957 0.3393 0.7995
vn 0.4477 -0.6379 0.6266
vn 0.8961 0.0334 0.4427
vn 0.5789 -0.6128 0.5380
vn 0.6750 -0.6471 0.3543
vn 0.4446 -0.3778 0.8122
vn 0.4172 0.0206 0.9086
vn 0.7916 -0.3876 0.4723
vn 0.9851 -0.0562 0.1622
vn 0.8348 -0.4830 -0.2642
vn 0.7051 -0.6195 0.3449
vn 0.6923 -0.6552 -0.3023
vn 0.7202 -0.6832 0.1205
vn 0.4629 -0.8578 -0.2232
vn 0.8737 -0.2757 -0.4007
vn 0.8511 -0.0539 0.5223
vn 0.7675 0.1253 0.6287
vn 0.8503 0.2494 0.4634
vn 0.9994 0.0082 0.0343
vn 0.9828 0.1120 -0.1470
vn 0.7898 -0.4916 0.3668
vn 0.4544 0.3932 -0.7993
vn -0.5500 -0.1535 -0.8209
vn 0.9365 0.1310 -0.3254
vn 0.5842 0.7453 -0.3213
vn 0.8279 -0.2555 -0.4993
vn 0.9242 0.2857 -0.2534
vn 0.3014 0.9340 -0.1917
vn 0.6284 0.3647 -0.6871
vn -0.2399 0.9641 -0.1140
vn 0.3034 -0.7035 -0.6427
vn 0.3313 0.3627 -0.8710
vn 0.0636 -0.8481 -0.5260
vn 0.2545 -0.8110 -0.5268
vn 0.1788 -0.3660 -0.9133
vn 0.6853 -0.5494 -0.4781
vn 0.5581 0.2356 -0.7956
vn 0.3504 -0.5050 -0.7888
vn 0.1006 -0.6764 -0.7296
vn -0.2541 -0.0181 -0.9670
vn -0.1834 -0.6676 -0.7216
vn -0.2718 0.7623 -0.5874
vn -0.2850 0.2195 -0.9330
vn 0.2880 0.3542 -0.8897
vn -0.1282 -0.4440 -0.8868
vn 0.5907 -0.3531 -0.7255
vn -0.3434 0.8747 0.3421
vn -0.6253 0.5763 -0.5262
vn -0.4446 0.6536 0.6125
vn -0.1887 0.8426 0.5044
vn -0.2195 0.2567 0.9412
vn -0.0025 0.7594 0.6506
vn -0.7922 -0.1751 0.5846
vn 0.3727 0.5047 -0.7787
vn 0.9151 0.2823 -0.2880
vn 0.8052 0.3303 -0.4924
vn 0.9227 0.1200 -0.3663
vn 0.8847 0.4657 0.0190
vn 0.7853 0.3089 0.5365
vn 0.9608 -0.2275 0.1582
vn 0.5518 0.7768 -0.3034
vn 0.0943 -0.9606 0.2615
vn -0.3210 -0.4556 0.8303
vn 0.2671 0.8776 -0.3981
vn 0.0948 0.9381 -0.3332
vn -0.4553 0.7955 -0.3997
vn -0.0418 0.7323 -0.6797
vn 0.1937 0.5889 -0.7847
vn -0.4387 0.6382 -0.6326
vn -0.4208 0.7410 -0.5233
vn -0.3274 0.7774 -0.5371
vn -0.5731 0.6094 -0.5478
vn -0.3089 0.2430 -0.9195
vn -0.7612 0.4876 -0.4275
vn -0.2773 0.2961 -0.9140
vn 0.2619 0.3445 -0.9015
vn 0.6725 0.1990 -0.7129
vn 0.1828 0.1170 -0.9762
vn -0.7295 0.4535 -0.5120
vn -0.8550 0.1277 -0.5026
vn 0.2291 0.9365 -0.2655
vn 0.0726 0.9970 0.0277
vn -0.0581 0.9975 -0.0404
vn 0.3724 0.7381 -0.5626
vn 0.2024 0.2387 -0.9498
vn 0.8782 0.1069 -0.4662
vn 0.2673 0.8400 -0.4721
vn -0.1506 0.4575 -0.8764
vn 0.4515 -0.2555 -0.8549
vn 0.3341 0.2747 -0.9016
vn -0.0703 0.6372 -0.7675
vn 0.2194 0.8223 -0.5251
vn 0.2452 0.7121 -0.6579
vn 0.5223 0.7739 -0.3581
vn 0.7632 0.6118 -0.2078
vn -0.7160 0.0706 -0.6946
vn -0.2172 0.5154 -0.8290
vn 0.8429 -0.3402 -0.4170
vn -0.2653 -0.1601 -0.9508
vn 0.8297 0.4554 -0.3227
vn 0.0775 0.8340 -0.5463
vn 0.6571 0.7374 0.1566
vn -0.3371 0.4641 -0.8191
vn 0.2856 0.2054 -0.9361
vn -0.1552 0.9098 -0.3850
vn -0.2055 0.7102 -0.6734
vn 0.2035 0.8962 -0.3942
vn 0.5489 0.7976 -0.2501
vn 0.2986 0.9292 0.2178
vn 0.4257 0.6829 0.5937
vn 0.6619 0.5133 0.5463
vn 0.9256 -0.3523 -0.1382
vn 0.5430 -0.5525 -0.6324
vn 0.9161 -0.2282 0.3297
vn 0.8148 0.1658 0.5555
vn 0.8918 -0.0235 0.4518
vn 0.9296 0.3614 -0.0717
vn 0.6010 0.7991 0.0184
vn 0.7723 -0.6335 -0.0477
vn 0.5021 -0.6887 -0.5230
vn 0.9387 -0.3112 0.1485
vn 0.0767 -0.1704 -0.9824
vn -0.5349 -0.8449 0.0054
vn -0.9696 0.0654 -0.2357
vn -0.2800 -0.3352 -0.8996
vn 0.1695 0.4454 -0.8791
vn 0.5628 0.0623 -0.8242
vn 0.7733 0.2135 -0.5970
vn -0.2290 0.1108 -0.9671
vn 0.0787 -0.2417 -0.9672
vn 0.8051 -0.3518 -0.4775
vn 0.5137 -0.5556 -0.6537
vn 0.7580 -0.4276 -0.4925
vn 0.8259 -0.3588 -0.4349
vn 0.4686 0.2483 -0.8478
vn 0.3793 -0.1237 -0.9170
vn 0.6558 0.5713 -0.4935
vn 0.7060 0.6180 -0.3459
vn 0.8634 -0.2188 -0.4546
vn 0.7802 -0.5767 0.2425
vn 0.6621 -0.7494 0.0084
vn 0.8086 -0.2137 -0.5482
vn 0.5937 0.0913 -0.7995
vn 0.8799 -0.4676 -0.0847
vn 0.6914 -0.6720 0.2654
vn 0.6112 -0.7911 -0.0226
vn 0.6722 -0.5125 0.5343
vn 0.8827 -0.0030 -0.4700
vn 0.8391 -0.5282 0.1300
vn 0.9038 -0.3077 0.2976
vn 0.5551 -0.6824 0.4755
vn 0.6736 -0.5518 0.4917
vn 0.7998 -0.4639 0.3810
vn 0.7348 -0.2055 0.6464
vn 0.9324 -0.2759 0.2334
vn 0.9244 0.3585 0.1301
vn 0.6273 -0.1215 0.7693
vn 0.3999 0.5905 0.7009
vn 0.2415 0.9661 0.0912
vn -0.1346 0.8888 0.4381
vn 0.7440 -0.6539 0.1377
vn 0.6092 0.6246 0.4886
vn 0.9991 0.0268 -0.0320
vn 0.7846 0.4162 -0.4596
vn 0.6821 0.5532 -0.4783
vn 0.8404 -0.2063 0.5011
vn 0.7423 0.2682 0.6141
vn 0.6451 -0.7617 -0.0604
vn 0.2289 -0.3607 0.9042
vn 0.4763 -0.7490 0.4605
vn 0.6703 -0.7418 0.0200
vn 0.7774 -0.4881 -0.3968
vn 0.7513 -0.4771 -0.4559
vn -0.3316 0.3873 0.8602
vn 0.1844 -0.6191 0.7633
vn 0.7837 -0.6048 0.1414
vn 0.9364 -0.1649 0.3098
vn 0.7518 -0.6528 -0.0929
vn 0.7649 -0.6441 -0.0076
vn 0.9142 -0.3698 0.1658
vn 0.8668 0.2128 0.4509
vn 0.7163 -0.0864 0.6924
vn 0.5794 0.4824 0.6569
vn 0.7338 0.0987 0.6722
vn 0.4207 -0.5847 0.6936
vn 0.5710 0.3548 0.7403
vn 0.6766 0.5381 0.5027
vn 0.7990 0.0196 0.6010
vn 0.8286 -0.3368 0.4473
vn 0.1365 -0.2114 0.9678
vn 0.5415 0.1637 0.8246
vn 0.2058 -0.4930 0.8453
vn 0.6868 -0.3088 0.6580
vn 0.1676 -0.3614 0.9172
vn 0.7050 -0.7014 0.1046
vn 0.7031 0.6259 -0.3376
vn -0.6786 0.0490 0.7329
vn -0.1700 -0.7937 0.5841
vn -0.7676 0.5306 0.3594
vn -0.7419 0.1472 0.6541
vn -0.5515 0.1542 0.8198
vn 0.7757 0.1770 0.6057
vn 0.6184 -0.5379 0.5730
vn 0.5476 -0.8068 0.2217
vn 0.4814 -0.8671 -0.1281
vn 0.7460 -0.6365 -0.1959
vn 0.4209 -0.8664 0.2686
vn 0.6957 -0.6564 0.2918
vn 0.6994 -0.6502 -0.2968
vn 0.4489 -0.8934 0.0168
vn 0.9120 -0.3979 -0.1001
vn 0.8411 -0.5396 0.0377
vn 0.3705 -0.7822 0.5009
vn 0.6846 -0.6322 0.3627
vn -0.6846 0.2025 0.7002
vn 0.0416 -0.8077 0.5881
vn 0.4813 -0.3497 0.8037
vn -0.4766 -0.3807 0.7924
vn 0.7615 -0.5732 0.3026
vn 0.6333 -0.7452 0.2087
vn -0.3413 0.2923 0.8934
vn -0.6023 0.1414 0.7856
vn -0.6777 0.3565 0.6431
vn 0.7511 0.1023 0.6522
vn 0.3182 -0.8643 -0.3895
vn 0.7552 -0.6345 -0.1644
vn -0.9854 -0.1305 0.1095
vn -0.7928 0.1387 0.5935
vn -0.8819 0.0934 0.4620
vn -0.8175 0.1820 0.5464
vn -0.5597 -0.0851 0.8243
vn 0.3147 -0.0501 0.9479
vn 0.1971 0.4621 0.8646
vn -0.5346 0.1922 0.8229
vn 0.5424 0.0828 0.8361
vn 0.3059 0.0231 0.9518
vn -0.4411 0.1858 0.8780
vn -0.1252 -0.0761 0.9892
vn -0.7128 0.3559 0.6043
vn -0.5442 -0.0701 0.8360
vn 0.1978 -0.5685 0.7986
vn 0.5870 0.0816 0.8054
vn -0.7735 0.3056 0.5553
vn -0.8164 0.5774 0.0015
vn -0.4938 0.8656 0.0832
vn -0.4981 0.8184 0.2866
vn -0.5160 0.8531 -0.0770
vn 0.1389 0.9899 0.0283
vn 0.4369 0.8781 -0.1951
vn -0.1445 0.8409 0.5215
vn 0.7299 0.5669 0.3820
vn 0.5463 0.0488 0.8362
vn 0.9663 -0.1764 0.1872
vn 0.8802 -0.4176 0.2256
vn 0.9625 -0.2683 0.0391
vn 0.9770 0.2133 -0.0020
vn -0.4078 0.8636 -0.2966
vn -0.1717 0.8865 -0.4297
vn -0.1514 0.7781 -0.6096
vn 0.4938 -0.5716 0.6553
vn 0.9965 -0.0714 -0.0434
vn 0.8998 0.4221 -0.1101
vn 0.3493 0.9207 0.1740
vn 0.5650 0.7639 -0.3118
vn 0.1036 0.9396 0.3262
vn 0.8426 0.1958 0.5017
vn 0.6825 0.6680 -0.2966
vn 0.4400 0.8627 0.2492
vn 0.5797 0.6681 -0.4664
vn -0.1355 0.9664 0.2184
vn -0.1131 0.9124 -0.3934
vn 0.4838 0.8185 -0.3100
vn 0.4556 0.6174 0.6413
vn 0.8113 -0.1861 0.5542
vn 0.9743 -0.0777 -0.2116
vn 0.9617 -0.2737 -0.0156
vn 0.9514 0.2248 -0.2106
vn 0.9885 -0.1222 0.0888
vn 0.6713 0.6554 -0.3461
vn 0.1319 0.7657 -0.6295
vn 0.0283 0.9933 0.1122
vn 0.6788 0.7339 0.0270
vn 0.6822 -0.7043 0.1965
vn -0.7052 0.6432 -0.2984
vn -0.9905 0.1170 0.0725
vn -0.7728 0.5931 0.2259
vn -0.6889 0.7214 0.0703
vn -0.9381 0.3357 -0.0857
vn -0.5043 0.7439 -0.4386
vn 0.3196 0.9013 -0.2926
vn -0.1517 0.9838 0.0958
vn -0.5370 0.8140 0.2214
vn -0.5303 0.7759 0.3417
vn -0.4389 0.8868 -0.1450
vn -0.0709 0.9380 -0.3393
vn -0.4468 0.8933 0.0493
vn -0.3589 0.9127 0.1953
vn -0.2535 0.9611 -0.1097
vn -0.3636 0.7603 0.5383
vn -0.4562 0.8701 -0.1867
vn -0.3383 0.8295 -0.4444
vn 0.3113 0.8548 -0.4153
vn 0.3970 0.7937 -0.4610
vn -0.2391 0.9182 0.3158
vn -0.3276 0.9264 -0.1853
vn -0.1647 0.9861 -0.0201
vn -0.4125 0.8693 0.2724
vn -0.3735 0.7063 0.6013
vn -0.5317 0.8423 -0.0885
vn -0.0358 0.8907 -0.4531
vn -0.0923 0.9061 -0.4130
vn -0.0311 0.9770 -0.2111
vn 0.2224 0.9689 0.1083
vn -0.3177 0.9363 -0.1496
vn -0.5148 0.6601 -0.5470
vn 0.0498 0.9899 -0.1324
vn 0.5489 0.8318 -0.0823
vn 0.2120 0.8138 -0.5411
vn 0.2054 0.7346 0.6467
vn -0.1706 0.8250 0.5388
vn 0.9031 0.4283 -0.0300
vn 0.2605 -0.3528 -0.8987
vn -0.6139 0.0026 -0.7894
vn 0.3628 -0.4432 -0.8197
vn 0.9201 0.3910 0.0246
vn 0.8016 0.5526 -0.2284
vn 0.9543 -0.1031 -0.2804
vn -0.0711 0.1905 -0.9791
vn 0.1569 0.7648 -0.6248
vn -0.3414 0.9097 0.2364
vn -0.4152 0.9070 0.0700
vn -0.1690 0.9824 0.0800
vn 0.5829 0.0989 -0.8065
vn 0.7772 0.5591 -0.2887
vn 0.5316 0.8355 -0.1388
vn 0.8984 0.0906 -0.4296
vn 0.4608 0.8623 -0.2101
vn 0.2188 0.8350 0.5049
vn 0.4203 0.8583 0.2946
vn 0.1709 0.9432 -0.2850
vn -0.3680 0.8438 -0.3906
vn 0.3297 0.8750 -0.3544
vn -0.3240 0.8782 0.3519
vn 0.3013 0.9212 0.2463
vn 0.9908 -0.1346 0.0105
vn 0.6379 0.5365 0.5524
vn 0.6840 -0.2295 0.6924
vn 0.6814 -0.6355 0.3631
vn 0.8638 0.4702 -0.1812
vn 0.1812 0.4035 0.8968
vn 0.2937 0.9473 -0.1277
vn -0.0607 0.9235 0.3789
vn -0.3560 0.9079 0.2211
vn 0.2168 0.2576 -0.9416
vn -0.3452 0.4654 -0.8150
vn -0.4005 0.8705 -0.2861
vn 0.4336 0.4890 -0.7569
vn 0.6140 -0.1584 -0.7733
vn 0.6393 -0.6533 -0.4056
vn 0.1402 -0.4115 -0.9005
vn 0.5368 -0.7114 -0.4536
vn 0.3462 -0.4925 -0.7985
vn -0.1940 0.2514 0.9482
vn 0.8311 -0.0385 -0.5547
vn 0.4939 0.2572 0.8306
vn 0.1825 0.2371 0.9542
vn 0.8894 0.4065 0.2089
vn 0.8509 0.4882 0.1938
vn 0.6246 0.4661 0.6266
vn 0.4585 0.4153 0.7857
vn 0.6881 0.7204 0.0871
vn 0.7070 0.6795 -0.1959
vn 0.7986 0.1096 0.5917
vn 0.8552 0.4414 0.2718
vn 0.7821 0.4831 0.3938
vn 0.9021 0.3423 -0.2627
vn 0.6303 0.7191 0.2927
vn 0.3956 0.8840 -0.2490
vn 0.5463 0.7742 0.3196
vn 0.9759 0.1295 0.1756
vn 0.7403 -0.1969 0.6428
vn 0.0772 0.7008 0.7092
vn 0.7832 0.5377 0.3123
vn 0.3075 0.9303 0.1999
vn 0.4097 0.8360 0.3651
vn 0.6637 0.5414 0.5161
vn 0.8733 0.3924 0.2888
vn 0.6879 0.2079 0.6953
vn 0.8734 0.4051 0.2701
vn 0.3086 0.9153 -0.2587
vn 0.5682 0.8016 0.1858
vn 0.4911 0.5407 0.6830
vn 0.2918 0.1722 0.9409
vn 0.3408 0.1071 0.9340
vn -0.2068 0.9560 -0.2079
vn 0.3728 0.7790 -0.5041
vn -0.0837 0.5114 0.8553
vn -0.1552 0.8885 0.4318
vn -0.3392 0.8015 0.4926
vn 0.1180 0.2012 0.9724
vn 0.4904 0.2007 0.8481
vn 0.6089 0.1992 0.7678
vn 0.9547 0.2763 0.1101
vn 0.7369 0.6436 0.2067
vn -0.0308 0.7974 0.6026
vn 0.2704 0.8833 0.3831
vn 0.7104 0.7016 -0.0548
vn 0.7199 0.6599 -0.2154
vn 0.4926 0.4677 0.7339
vn 0.1456 0.5400 0.8290
vn -0.2823 0.0375 0.9586
vn -0.3857 0.8450 0.3704
vn -0.3785 0.9145 0.1430
vn -0.2066 0.9783 -0.0161
vn 0.2253 0.8836 0.4104
vn 0.8117 0.4227 0.4032
vn 0.2119 0.9732 0.0897
vn 0.7917 0.5786 -0.1961
vt 0.585697 0.455528
vt 0.597993 0.459881
vt 0.586006 0.475350
vt 0.569096 0.472025
vt 0.566433 0.431068
vt 0.584939 0.439091
vt 0.561714 0.446163
vt 0.554467 0.432106
vt 0.557489 0.409060
vt 0.574433 0.411665
vt 0.571326 0.396842
vt 0.595678 0.445344
vt 0.600983 0.416933
vt 0.616862 0.430780
vt 0.607066 0.451321
vt 0.616513 0.407104
vt 0.625247 0.441884
vt 0.627504 0.430021
vt 0.633029 0.407842
vt 0.608994 0.396304
vt 0.627213 0.389446
vt 0.635384 0.397144
vt 0.640205 0.420703
vt 0.628553 0.440022
vt 0.632059 0.439886
vt 0.635905 0.437854
vt 0.610777 0.384252
vt 0.599353 0.388725
vt 0.621036 0.378561
vt 0.612898 0.371160
vt 0.618629 0.368893
vt 0.620745 0.362352
vt 0.615957 0.360820
vt 0.618969 0.356116
vt 0.601989 0.365362
vt 0.588415 0.375186
vt 0.579965 0.385565
vt 0.583949 0.400880
vt 0.591260 0.369034
vt 0.601634 0.354721
vt 0.612061 0.356460
vt 0.593605 0.360247
vt 0.590157 0.353223
vt 0.578347 0.366033
vt 0.573717 0.372604
vt 0.561102 0.348050
vt 0.550836 0.380068
vt 0.556796 0.380910
vt 0.555239 0.460989
vt 0.649298 0.877797
vt 0.668811 0.868729
vt 0.671260 0.878980
vt 0.674637 0.877468
vt 0.681987 0.878002
vt 0.683604 0.877557
vt 0.681813 0.872782
vt 0.655159 0.855881
vt 0.648224 0.858523
vt 0.613900 0.866986
vt 0.603470 0.893477
vt 0.591370 0.858359
vt 0.604283 0.855637
vt 0.614743 0.907998
vt 0.597209 0.901037
vt 0.586155 0.876305
vt 0.634955 0.897101
vt 0.626975 0.861059
vt 0.561927 0.368312
vt 0.548658 0.364424
vt 0.560099 0.356660
vt 0.578716 0.337533
vt 0.543498 0.353073
vt 0.564425 0.337001
vt 0.546732 0.340069
vt 0.545592 0.364576
vt 0.538948 0.351158
vt 0.538897 0.341987
vt 0.588797 0.338419
vt 0.608930 0.344406
vt 0.598778 0.338198
vt 0.612548 0.347882
vt 0.618840 0.471181
vt 0.623253 0.469538
vt 0.525295 0.742584
vt 0.517571 0.747548
vt 0.517705 0.733223
vt 0.509527 0.735110
vt 0.507499 0.737094
vt 0.500640 0.735783
vt 0.504535 0.728524
vt 0.503085 0.725796
vt 0.506837 0.727729
vt 0.527990 0.752326
vt 0.499936 0.740407
vt 0.499759 0.747957
vt 0.509665 0.756123
vt 0.522182 0.773591
vt 0.537363 0.756949
vt 0.553289 0.770974
vt 0.625504 0.258730
vt 0.639766 0.264570
vt 0.618284 0.280950
vt 0.636891 0.242198
vt 0.650652 0.242259
vt 0.642298 0.278660
vt 0.655596 0.283527
vt 0.657219 0.266856
vt 0.661740 0.298345
vt 0.641771 0.303193
vt 0.624487 0.337389
vt 0.622014 0.321759
vt 0.614587 0.293116
vt 0.548203 0.449635
vt 0.545859 0.455199
vt 0.537508 0.468916
vt 0.544531 0.472611
vt 0.535655 0.478552
vt 0.551022 0.487199
vt 0.556390 0.479392
vt 0.567155 0.487939
vt 0.580303 0.485680
vt 0.606272 0.488320
vt 0.575801 0.333971
vt 0.405453 0.758289
vt 0.393881 0.749889
vt 0.405558 0.747684
vt 0.374531 0.740203
vt 0.377527 0.728902
vt 0.367357 0.743845
vt 0.363999 0.734677
vt 0.377397 0.717316
vt 0.354601 0.709779
vt 0.391344 0.724558
vt 0.405396 0.732872
vt 0.265174 0.195680
vt 0.256852 0.189192
vt 0.265830 0.180279
vt 0.276580 0.177841
vt 0.304235 0.174816
vt 0.285704 0.209816
vt 0.272045 0.212939
vt 0.267107 0.209534
vt 0.385646 0.756001
vt 0.376434 0.754575
vt 0.327452 0.734267
vt 0.363104 0.749656
vt 0.322188 0.743179
vt 0.348402 0.709278
vt 0.358816 0.727122
vt 0.322788 0.715263
vt 0.316486 0.723112
vt 0.346608 0.755070
vt 0.302539 0.746837
vt 0.313194 0.758340
vt 0.332866 0.753245
vt 0.292116 0.733079
vt 0.303162 0.727723
vt 0.288456 0.737506
vt 0.947077 0.480717
vt 0.951447 0.465124
vt 0.960220 0.490286
vt 0.966106 0.486366
vt 0.955822 0.462072
vt 0.975596 0.460731
vt 0.968566 0.502105
vt 0.964072 0.504167
vt 0.983135 0.491913
vt 0.992250 0.476549
vt 0.995046 0.485302
vt 0.992092 0.486148
vt 0.985781 0.471020
vt 0.943688 0.460639
vt 0.296955 0.220526
vt 0.274448 0.222795
vt 0.285317 0.227701
vt 0.325768 0.211319
vt 0.311736 0.220587
vt 0.342283 0.185078
vt 0.351040 0.205276
vt 0.333410 0.168401
vt 0.406828 0.181441
vt 0.374986 0.165762
vt 0.364186 0.218836
vt 0.402561 0.227694
vt 0.417213 0.240887
vt 0.385000 0.228997
vt 0.416439 0.211523
vt 0.433085 0.230622
vt 0.431540 0.210879
vt 0.422694 0.188233
vt 0.422736 0.159677
vt 0.431779 0.181819
vt 0.401950 0.148096
vt 0.424093 0.145426
vt 0.410505 0.735985
vt 0.865537 0.694596
vt 0.848923 0.681402
vt 0.870910 0.681274
vt 0.863903 0.634463
vt 0.875727 0.622490
vt 0.878688 0.642338
vt 0.854459 0.614908
vt 0.867516 0.603080
vt 0.854912 0.703101
vt 0.846912 0.693916
vt 0.839191 0.705508
vt 0.837161 0.704923
vt 0.816739 0.705011
vt 0.813410 0.690210
vt 0.836876 0.674609
vt 0.063388 0.628035
vt 0.046015 0.635594
vt 0.035662 0.631185
vt 0.084490 0.624593
vt 0.051980 0.594805
vt 0.057477 0.634076
vt 0.038990 0.612216
vt 0.033745 0.605075
vt 0.087024 0.607731
vt 0.104832 0.614419
vt 0.074211 0.582578
vt 0.077520 0.560608
vt 0.033880 0.528188
vt 0.052224 0.532600
vt 0.034622 0.551355
vt 0.068142 0.546765
vt 0.037989 0.568993
vt 0.029610 0.579358
vt 0.038256 0.572287
vt 0.029229 0.621812
vt 0.067523 0.652048
vt 0.101829 0.604456
vt 0.101103 0.580326
vt 0.103147 0.600249
vt 0.325496 0.157960
vt 0.380899 0.146609
vt 0.804194 0.700521
vt 0.802117 0.697632
vt 0.059117 0.157014
vt 0.054720 0.144296
vt 0.087427 0.143424
vt 0.090399 0.130669
vt 0.039181 0.149171
vt 0.040939 0.162971
vt 0.032850 0.165817
vt 0.034213 0.151422
vt 0.044273 0.122947
vt 0.031202 0.134508
vt 0.044150 0.108291
vt 0.064895 0.107881
vt 0.115000 0.145187
vt 0.092070 0.113942
vt 0.102957 0.122711
vt 0.114977 0.140079
vt 0.608846 0.313097
vt 0.643148 0.237361
vt 0.662797 0.244706
vt 0.673664 0.246618
vt 0.674484 0.232338
vt 0.685792 0.230837
vt 0.661007 0.224283
vt 0.684791 0.221807
vt 0.689806 0.215626
vt 0.699852 0.216359
vt 0.650061 0.235161
vt 0.655372 0.219347
vt 0.676600 0.258818
vt 0.683147 0.249453
vt 0.708166 0.243025
vt 0.698897 0.250948
vt 0.716687 0.247667
vt 0.716077 0.257189
vt 0.720965 0.259332
vt 0.710478 0.268675
vt 0.701428 0.263128
vt 0.710312 0.274298
vt 0.702418 0.281200
vt 0.674005 0.278949
vt 0.662215 0.220051
vt 0.545732 0.492511
vt 0.553163 0.488250
vt 0.577969 0.497834
vt 0.601564 0.499921
vt 0.626296 0.492795
vt 0.630942 0.486738
vt 0.634130 0.494939
vt 0.688814 0.294275
vt 0.697365 0.334740
vt 0.675229 0.330082
vt 0.674065 0.371957
vt 0.699467 0.387857
vt 0.715853 0.355043
vt 0.715072 0.312846
vt 0.530553 0.803177
vt 0.501459 0.803040
vt 0.508680 0.774264
vt 0.484683 0.738609
vt 0.478893 0.749110
vt 0.466804 0.767855
vt 0.475558 0.774749
vt 0.467404 0.777550
vt 0.549024 0.492156
vt 0.576551 0.935980
vt 0.582020 0.925864
vt 0.594136 0.936631
vt 0.602042 0.975633
vt 0.574308 0.968453
vt 0.587537 0.976215
vt 0.565150 0.952207
vt 0.555461 0.946568
vt 0.571843 0.985176
vt 0.557810 0.982574
vt 0.548042 0.968079
vt 0.550171 0.973961
vt 0.580670 0.839525
vt 0.591877 0.833281
vt 0.584486 0.840898
vt 0.616923 0.843258
vt 0.606730 0.808915
vt 0.623201 0.816090
vt 0.592438 0.802705
vt 0.628006 0.797400
vt 0.643432 0.798287
vt 0.646660 0.819858
vt 0.646352 0.830330
vt 0.675629 0.815606
vt 0.668854 0.833213
vt 0.670947 0.843043
vt 0.681881 0.837466
vt 0.668258 0.799969
vt 0.699318 0.811053
vt 0.700078 0.833428
vt 0.716746 0.297599
vt 0.357194 0.512424
vt 0.352414 0.495512
vt 0.376832 0.477229
vt 0.385747 0.535798
vt 0.391822 0.500679
vt 0.388118 0.574177
vt 0.407923 0.585552
vt 0.416205 0.550683
vt 0.403213 0.513257
vt 0.434550 0.518354
vt 0.431894 0.535455
vt 0.411053 0.488181
vt 0.424883 0.490097
vt 0.399513 0.495456
vt 0.422770 0.476292
vt 0.414116 0.461071
vt 0.387274 0.453418
vt 0.348592 0.464699
vt 0.363532 0.444824
vt 0.369404 0.474890
vt 0.396486 0.439138
vt 0.759410 0.288384
vt 0.800331 0.308901
vt 0.761472 0.311347
vt 0.774061 0.292120
vt 0.813825 0.299310
vt 0.811376 0.286793
vt 0.801674 0.278956
vt 0.787710 0.291674
vt 0.797488 0.276910
vt 0.372417 0.430931
vt 0.365396 0.429648
vt 0.356556 0.401556
vt 0.353405 0.400993
vt 0.363539 0.403413
vt 0.399591 0.395743
vt 0.379514 0.388644
vt 0.392881 0.416734
vt 0.440102 0.510077
vt 0.441775 0.499997
vt 0.442779 0.484811
vt 0.435689 0.462746
vt 0.408598 0.412949
vt 0.423053 0.430771
vt 0.355525 0.382632
vt 0.756912 0.312978
vt 0.758366 0.319717
vt 0.788558 0.332153
vt 0.748936 0.344923
vt 0.786169 0.365539
vt 0.761826 0.369730
vt 0.743780 0.353243
vt 0.509228 0.967606
vt 0.518252 0.955204
vt 0.525509 0.978607
vt 0.523985 0.950194
vt 0.521247 0.945198
vt 0.522415 0.941248
vt 0.529279 0.941362
vt 0.529978 0.948267
vt 0.534515 0.941197
vt 0.533445 0.936926
vt 0.527666 0.962684
vt 0.514036 0.978051
vt 0.014612 0.743301
vt 0.024605 0.741369
vt 0.021608 0.756655
vt 0.036384 0.740867
vt 0.032673 0.729186
vt 0.070895 0.738618
vt 0.092861 0.741229
vt 0.045763 0.753963
vt 0.070401 0.772429
vt 0.088893 0.729265
vt 0.049033 0.787345
vt 0.019841 0.767623
vt 0.019051 0.773350
vt 0.017593 0.808174
vt 0.014901 0.797292
vt 0.063618 0.795541
vt 0.059263 0.808341
vt 0.047344 0.808965
vt 0.095118 0.761193
vt 0.087742 0.789947
vt 0.077300 0.819927
vt 0.078769 0.839788
vt 0.067296 0.827703
vt 0.106144 0.825793
vt 0.097189 0.848244
vt 0.114305 0.842271
vt 0.763277 0.257850
vt 0.756814 0.272689
vt 0.746996 0.258144
vt 0.751366 0.249806
vt 0.610316 0.962891
vt 0.552195 0.940909
vt 0.559058 0.939519
vt 0.563470 0.940677
vt 0.038090 0.840557
vt 0.024251 0.828439
vt 0.025794 0.834211
vt 0.141913 0.772767
vt 0.120826 0.781836
vt 0.114044 0.774686
vt 0.148805 0.786168
vt 0.117516 0.759646
vt 0.123878 0.751287
vt 0.127102 0.735234
vt 0.129779 0.730117
vt 0.139629 0.734752
vt 0.137187 0.729763
vt 0.155276 0.729647
vt 0.146907 0.728286
vt 0.156290 0.716436
vt 0.163810 0.717134
vt 0.141752 0.744799
vt 0.166862 0.732706
vt 0.169718 0.724189
vt 0.174063 0.729569
vt 0.186711 0.741763
vt 0.158310 0.755126
vt 0.184448 0.755978
vt 0.167146 0.777799
vt 0.188684 0.768192
vt 0.197712 0.758487
vt 0.199470 0.747529
vt 0.197353 0.739259
vt 0.182922 0.782325
vt 0.842545 0.861972
vt 0.818018 0.858326
vt 0.841085 0.852146
vt 0.813065 0.873819
vt 0.870981 0.863353
vt 0.887940 0.869129
vt 0.884453 0.879655
vt 0.877434 0.861453
vt 0.878109 0.888821
vt 0.845918 0.879953
vt 0.808560 0.885298
vt 0.811381 0.905273
vt 0.849382 0.896275
vt 0.883134 0.907518
vt 0.896450 0.891745
vt 0.877390 0.901755
vt 0.863950 0.913430
vt 0.819555 0.925104
vt 0.810276 0.919334
vt 0.512136 0.623699
vt 0.509850 0.638721
vt 0.489499 0.635756
vt 0.529141 0.620928
vt 0.527594 0.621411
vt 0.497661 0.593706
vt 0.496666 0.608338
vt 0.482402 0.587658
vt 0.456767 0.617658
vt 0.479136 0.630095
vt 0.469607 0.641876
vt 0.503657 0.643519
vt 0.504574 0.574528
vt 0.504902 0.550585
vt 0.519947 0.563131
vt 0.482591 0.562070
vt 0.439974 0.580793
vt 0.443864 0.584535
vt 0.447512 0.592085
vt 0.430449 0.596523
vt 0.423378 0.611228
vt 0.442350 0.628265
vt 0.410794 0.645892
vt 0.417983 0.618765
vt 0.403535 0.636715
vt 0.451550 0.598822
vt 0.488581 0.542744
vt 0.521230 0.494776
vt 0.528465 0.515046
vt 0.506186 0.525469
vt 0.462986 0.513639
vt 0.464203 0.531633
vt 0.808254 0.329810
vt 0.521691 0.527360
vt 0.815720 0.352058
vt 0.761443 0.386730
vt 0.792327 0.394996
vt 0.815407 0.406243
vt 0.811112 0.405217
vt 0.815264 0.398432
vt 0.807764 0.374860
vt 0.391586 0.646741
vt 0.385498 0.642665
vt 0.396089 0.638378
vt 0.521054 0.477897
vt 0.513328 0.478006
vt 0.486463 0.481904
vt 0.460660 0.492888
vt 0.461151 0.484708
vt 0.456170 0.473034
vt 0.483642 0.465829
vt 0.504715 0.456874
vt 0.523721 0.447159
vt 0.520861 0.431543
vt 0.527556 0.449589
vt 0.529651 0.504042
vt 0.949580 0.115290
vt 0.938706 0.118042
vt 0.943704 0.111019
vt 0.952115 0.109896
vt 0.910369 0.620804
vt 0.893880 0.623304
vt 0.894521 0.586820
vt 0.925351 0.605626
vt 0.935502 0.622574
vt 0.971982 0.619211
vt 0.964827 0.596038
vt 0.971077 0.608440
vt 0.972306 0.631496
vt 0.961529 0.632861
vt 0.961216 0.579594
vt 0.968267 0.552813
vt 0.967510 0.572913
vt 0.976059 0.560528
vt 0.974898 0.546375
vt 0.969434 0.546173
vt 0.896679 0.571977
vt 0.960881 0.587938
vt 0.966114 0.584517
vt 0.967946 0.581726
vt 0.975054 0.571244
vt 0.977641 0.563890
vt 0.733170 0.234730
vt 0.720147 0.223117
vt 0.740413 0.228019
vt 0.758718 0.242172
vt 0.746941 0.216160
vt 0.757799 0.223290
vt 0.719709 0.209795
vt 0.727331 0.194038
vt 0.767914 0.215426
vt 0.756974 0.204355
vt 0.706115 0.196185
vt 0.707926 0.202821
vt 0.092198 0.559086
vt 0.094839 0.565437
vt 0.892344 0.880693
vt 0.857357 0.927176
vt 0.889399 0.919718
vt 0.882449 0.930688
vt 0.904388 0.898971
vt 0.908303 0.908621
vt 0.908250 0.903512
vt 0.900530 0.877055
vt 0.874103 0.860976
vt 0.903216 0.930905
vt 0.828480 0.934485
vt 0.472129 0.433908
vt 0.474972 0.419083
vt 0.484214 0.432128
vt 0.448247 0.433258
vt 0.453865 0.460324
vt 0.447368 0.422477
vt 0.448614 0.401272
vt 0.486696 0.413727
vt 0.498131 0.389864
vt 0.499919 0.419435
vt 0.485714 0.374541
vt 0.450460 0.388185
vt 0.517701 0.380185
vt 0.530296 0.401983
vt 0.532259 0.419526
vt 0.166550 0.669292
vt 0.168632 0.691351
vt 0.162084 0.689581
vt 0.500895 0.448187
vt 0.523068 0.380480
vt 0.457347 0.338852
vt 0.463912 0.331245
vt 0.476741 0.336907
vt 0.485407 0.326710
vt 0.478056 0.311820
vt 0.452822 0.331865
vt 0.430307 0.346117
vt 0.447330 0.321840
vt 0.430691 0.331364
vt 0.476805 0.303415
vt 0.491841 0.280097
vt 0.507155 0.251706
vt 0.516119 0.254557
vt 0.497626 0.264066
vt 0.477836 0.264516
vt 0.476621 0.287632
vt 0.489260 0.252837
vt 0.452550 0.269209
vt 0.449895 0.253671
vt 0.471673 0.250829
vt 0.510448 0.300477
vt 0.516310 0.308615
vt 0.495477 0.784186
vt 0.471647 0.792460
vt 0.487285 0.809343
vt 0.492574 0.810980
vt 0.468913 0.808490
vt 0.482527 0.819358
vt 0.484156 0.827915
vt 0.499604 0.817448
vt 0.486956 0.817830
vt 0.495569 0.829291
vt 0.945532 0.959626
vt 0.950179 0.964935
vt 0.935683 0.973384
vt 0.970564 0.954851
vt 0.973060 0.962677
vt 0.942266 0.994242
vt 0.931046 0.982140
vt 0.972810 0.974916
vt 0.966707 0.997769
vt 0.987229 0.983995
vt 0.979150 0.996243
vt 0.687478 0.877124
vt 0.685489 0.875261
vt 0.468609 0.812481
vt 0.462481 0.829362
vt 0.527531 0.828745
vt 0.514152 0.847509
vt 0.498070 0.843554
vt 0.459115 0.817775
vt 0.441383 0.837388
vt 0.443128 0.830595
vt 0.450653 0.822421
vt 0.449437 0.838134
vt 0.466911 0.841864
vt 0.468693 0.844408
vt 0.481838 0.848802
vt 0.489353 0.849590
vt 0.565417 0.779274
vt 0.556287 0.844374
vt 0.169375 0.021115
vt 0.176555 0.022647
vt 0.159168 0.024742
vt 0.165217 0.039989
vt 0.155791 0.029860
vt 0.175482 0.066053
vt 0.181536 0.049769
vt 0.186876 0.061341
vt 0.174001 0.074012
vt 0.173408 0.053248
vt 0.177867 0.036690
vt 0.163400 0.066924
vt 0.156724 0.052620
vt 0.186938 0.075051
vt 0.833078 0.662676
vt 0.853332 0.654480
vt 0.817083 0.655342
vt 0.831170 0.636153
vt 0.803216 0.681274
vt 0.867189 0.663315
vt 0.857366 0.636554
vt 0.847634 0.620995
vt 0.803326 0.692903
vt 0.975034 0.953809
vt 0.985458 0.957470
vt 0.989436 0.989670
vt 0.994043 0.977707
vt 0.981030 0.964658
vt 0.171563 0.895133
vt 0.174685 0.868413
vt 0.186073 0.885907
vt 0.165971 0.858171
vt 0.174403 0.851510
vt 0.170234 0.872040
vt 0.151465 0.869252
vt 0.138155 0.904467
vt 0.150991 0.850001
vt 0.178953 0.919339
vt 0.144236 0.920575
vt 0.119704 0.918508
vt 0.115863 0.892106
vt 0.135811 0.863155
vt 0.103643 0.880885
vt 0.121338 0.873027
vt 0.101145 0.894494
vt 0.088694 0.887254
vt 0.084053 0.879679
vt 0.100528 0.866951
vt 0.115868 0.861321
vt 0.282220 0.316257
vt 0.297067 0.326493
vt 0.292077 0.338147
vt 0.279675 0.341362
vt 0.295212 0.310872
vt 0.246670 0.278926
vt 0.264243 0.279059
vt 0.247226 0.313760
vt 0.262241 0.256349
vt 0.280355 0.259539
vt 0.272944 0.246335
vt 0.259233 0.318587
vt 0.234929 0.332092
vt 0.268371 0.368903
vt 0.236644 0.383710
vt 0.207189 0.359387
vt 0.218105 0.339088
vt 0.237093 0.324433
vt 0.951548 0.663280
vt 0.968509 0.667849
vt 0.969933 0.682339
vt 0.945130 0.653576
vt 0.954327 0.666227
vt 0.956375 0.688249
vt 0.937996 0.678728
vt 0.942397 0.675193
vt 0.945696 0.683993
vt 0.949848 0.667828
vt 0.936278 0.682531
vt 0.976349 0.662123
vt 0.953055 0.056031
vt 0.974627 0.060381
vt 0.947822 0.088582
vt 0.196613 0.375453
vt 0.933030 0.659825
vt 0.934924 0.647208
vt 0.203502 0.346455
vt 0.235838 0.531755
vt 0.235623 0.509619
vt 0.243534 0.546912
vt 0.239627 0.557333
vt 0.250929 0.560975
vt 0.245573 0.519175
vt 0.258744 0.533518
vt 0.267344 0.552512
vt 0.285092 0.539152
vt 0.279158 0.559928
vt 0.291132 0.552704
vt 0.315077 0.544726
vt 0.299462 0.539228
vt 0.316776 0.525646
vt 0.330289 0.502738
vt 0.325775 0.487119
vt 0.334367 0.522656
vt 0.224545 0.424336
vt 0.201893 0.416301
vt 0.260989 0.444813
vt 0.292207 0.399393
vt 0.296349 0.448731
vt 0.263968 0.488648
vt 0.297139 0.482947
vt 0.233714 0.485495
vt 0.279629 0.525674
vt 0.312787 0.467641
vt 0.322531 0.472165
vt 0.316458 0.452256
vt 0.320683 0.458211
vt 0.283284 0.282163
vt 0.100853 0.912781
vt 0.088251 0.909745
vt 0.113107 0.910211
vt 0.110366 0.917886
vt 0.452976 0.668031
vt 0.436978 0.712436
vt 0.421342 0.704827
vt 0.457061 0.672527
vt 0.468062 0.685441
vt 0.449765 0.712757
vt 0.418358 0.717222
vt 0.429346 0.724744
vt 0.441932 0.727418
vt 0.450825 0.728467
vt 0.466288 0.716096
vt 0.479518 0.700512
vt 0.465362 0.705705
vt 0.488066 0.716611
vt 0.492857 0.717246
vt 0.487381 0.694425
vt 0.468722 0.665369
vt 0.479943 0.672304
vt 0.808572 0.809314
vt 0.798422 0.813513
vt 0.795033 0.798785
vt 0.814228 0.796904
vt 0.784218 0.822592
vt 0.773840 0.809522
vt 0.815138 0.839669
vt 0.804430 0.841578
vt 0.825617 0.836478
vt 0.843707 0.812731
vt 0.844777 0.835827
vt 0.429883 0.652118
vt 0.442676 0.658427
vt 0.428040 0.653024
vt 0.421441 0.663091
vt 0.397260 0.682029
vt 0.770231 0.801001
vt 0.782587 0.781656
vt 0.800138 0.778394
vt 0.795510 0.768899
vt 0.826465 0.741223
vt 0.810360 0.745003
vt 0.815338 0.734692
vt 0.833928 0.743224
vt 0.817163 0.744516
vt 0.796909 0.755060
vt 0.811439 0.771419
vt 0.825797 0.754436
vt 0.832353 0.755779
vt 0.800828 0.790220
vt 0.835678 0.804189
vt 0.828559 0.813905
vt 0.821394 0.824779
vt 0.472588 0.727967
vt 0.468055 0.734114
vt 0.459830 0.732067
vt 0.854835 0.966528
vt 0.832430 0.968996
vt 0.841921 0.952770
vt 0.865380 0.950310
vt 0.854794 0.943380
vt 0.828170 0.954250
vt 0.869267 0.968435
vt 0.878258 0.957329
vt 0.880249 0.973612
vt 0.875430 0.946690
vt 0.379316 0.683595
vt 0.389031 0.691175
vt 0.371250 0.684530
vt 0.387810 0.697110
vt 0.367820 0.695157
vt 0.360396 0.691864
vt 0.384044 0.682360
vt 0.381956 0.672922
vt 0.246741 0.572524
vt 0.257566 0.568490
vt 0.262375 0.584532
vt 0.267728 0.592875
vt 0.268300 0.573236
vt 0.285915 0.595338
vt 0.275299 0.602473
vt 0.277679 0.575059
vt 0.285426 0.608961
vt 0.294674 0.572824
vt 0.303545 0.574810
vt 0.311428 0.557863
vt 0.311350 0.599741
vt 0.333630 0.597669
vt 0.304392 0.610306
vt 0.322831 0.585924
vt 0.344829 0.592754
vt 0.339155 0.549650
vt 0.148980 0.061271
vt 0.152065 0.039658
vt 0.331062 0.759157
vt 0.795176 0.652887
vt 0.797983 0.668442
vt 0.794091 0.644983
vt 0.806364 0.628755
vt 0.816689 0.624873
vt 0.743410 0.414785
vt 0.715511 0.404126
vt 0.721450 0.401778
vt 0.665560 0.432545
vt 0.683600 0.417419
vt 0.673043 0.450963
vt 0.670240 0.418471
vt 0.663470 0.425525
vt 0.664542 0.420254
vt 0.665180 0.442471
vt 0.677847 0.454463
vt 0.688881 0.432811
vt 0.708095 0.424949
vt 0.698549 0.419241
vt 0.694973 0.436142
vt 0.690095 0.455208
vt 0.689442 0.484135
vt 0.681018 0.476331
vt 0.703573 0.408517
vt 0.721836 0.432636
vt 0.707521 0.440714
vt 0.717097 0.451326
vt 0.753972 0.447857
vt 0.730295 0.443787
vt 0.764690 0.417622
vt 0.767321 0.447781
vt 0.735703 0.457110
vt 0.720707 0.463451
vt 0.709620 0.482157
vt 0.727317 0.470723
vt 0.727058 0.484117
vt 0.702265 0.499945
vt 0.695860 0.493710
vt 0.708643 0.514376
vt 0.734726 0.500287
vt 0.843363 0.607267
vt 0.859006 0.602673
vt 0.855544 0.603517
vt 0.852734 0.602986
vt 0.178090 0.829903
vt 0.176580 0.826343
vt 0.150758 0.827416
vt 0.298050 0.760922
vt 0.764336 0.406620
vt 0.773452 0.419219
vt 0.771238 0.411649
vt 0.772514 0.407528
vt 0.786805 0.414986
vt 0.792696 0.428199
vt 0.784003 0.446250
vt 0.136739 0.823386
vt 0.131925 0.842224
vt 0.767486 0.461665
vt 0.777838 0.488510
vt 0.699696 0.516964
vt 0.705599 0.526881
vt 0.711231 0.533433
vt 0.743860 0.534937
vt 0.758170 0.523422
vt 0.764990 0.512248
vt 0.729757 0.539570
vt 0.784247 0.535897
vt 0.792837 0.539437
vt 0.790032 0.546625
vt 0.779826 0.522227
vt 0.762840 0.522175
vt 0.788253 0.501768
vt 0.779507 0.506910
vt 0.823372 0.598341
vt 0.839304 0.597875
vt 0.736639 0.401165
vt 0.744109 0.400157
vt 0.811883 0.618064
vt 0.852656 0.794825
vt 0.854758 0.810304
vt 0.948013 0.287844
vt 0.932689 0.264054
vt 0.945431 0.269022
vt 0.940701 0.254391
vt 0.933346 0.254374
vt 0.931324 0.283743
vt 0.938034 0.298410
vt 0.927051 0.302493
vt 0.945254 0.328143
vt 0.951560 0.312752
vt 0.941989 0.337022
vt 0.938653 0.330907
vt 0.926845 0.332391
vt 0.918110 0.314693
vt 0.929022 0.327487
vt 0.922099 0.304505
vt 0.963158 0.281124
vt 0.963384 0.263143
vt 0.974538 0.270192
vt 0.975320 0.282272
vt 0.950681 0.258297
vt 0.852720 0.767884
vt 0.855725 0.777909
vt 0.911758 0.946895
vt 0.903678 0.950351
vt 0.901196 0.945579
vt 0.894199 0.953134
vt 0.892436 0.965386
vt 0.898379 0.969263
vt 0.917787 0.958357
vt 0.910869 0.966109
vt 0.919249 0.976851
vt 0.973831 0.304051
vt 0.964184 0.305672
vt 0.200482 0.568726
vt 0.228125 0.575075
vt 0.208535 0.587323
vt 0.188663 0.534088
vt 0.199416 0.545996
vt 0.222997 0.563065
vt 0.211681 0.543265
vt 0.203292 0.526891
vt 0.211179 0.534249
vt 0.912665 0.316918
vt 0.296210 0.083888
vt 0.291480 0.089403
vt 0.285519 0.081375
vt 0.340092 0.061171
vt 0.319263 0.062645
vt 0.333280 0.053769
vt 0.347180 0.061005
vt 0.340773 0.048545
vt 0.329472 0.039230
vt 0.311581 0.044647
vt 0.296188 0.042182
vt 0.301597 0.020819
vt 0.289085 0.015730
vt 0.278237 0.024009
vt 0.279943 0.014124
vt 0.287616 0.045633
vt 0.131999 0.977333
vt 0.146032 0.997422
vt 0.132764 0.993214
vt 0.129542 0.992006
vt 0.121897 0.964665
vt 0.128957 0.956527
vt 0.140715 0.965417
vt 0.114800 0.959034
vt 0.113906 0.977620
vt 0.147906 0.975038
vt 0.158403 0.939506
vt 0.141993 0.941462
vt 0.119361 0.942850
vt 0.115003 0.951163
vt 0.109796 0.948075
vt 0.108211 0.959519
vt 0.104233 0.994968
vt 0.098528 0.999047
vt 0.091692 0.990239
vt 0.090132 0.970137
vt 0.093996 0.965616
vt 0.085040 0.986471
vt 0.085860 0.952137
vt 0.083867 0.956281
vt 0.080179 0.953127
vt 0.079000 0.947083
vt 0.081213 0.940923
vt 0.094599 0.935832
vt 0.082799 0.936545
vt 0.093537 0.948539
vt 0.101023 0.945400
vt 0.691969 0.977027
vt 0.702948 0.957351
vt 0.697972 0.968529
vt 0.681830 0.971069
vt 0.274524 0.066433
vt 0.302879 0.076344
vt 0.277560 0.057448
vt 0.276830 0.051197
vt 0.265143 0.066892
vt 0.260427 0.065346
vt 0.255760 0.050337
vt 0.261364 0.072011
vt 0.252398 0.067073
vt 0.245488 0.057712
vt 0.253988 0.059795
vt 0.248574 0.063669
vt 0.237238 0.063382
vt 0.225494 0.062688
vt 0.241714 0.046445
vt 0.211123 0.032505
vt 0.297299 0.052382
vt 0.278684 0.036891
vt 0.270218 0.035745
vt 0.258728 0.033818
vt 0.222632 0.053016
vt 0.218204 0.067941
vt 0.220065 0.068632
vt 0.262371 0.020514
vt 0.258255 0.014420
vt 0.267993 0.013929
vt 0.252497 0.016615
vt 0.237864 0.022966
vt 0.356882 0.008128
vt 0.376085 0.011090
vt 0.364235 0.021265
vt 0.357988 0.041863
vt 0.378558 0.054596
vt 0.349453 0.023422
vt 0.074148 0.918350
vt 0.070607 0.930419
vt 0.059659 0.921824
vt 0.066872 0.897953
vt 0.057838 0.936728
vt 0.055196 0.946625
vt 0.047644 0.949172
vt 0.039685 0.937391
vt 0.023835 0.937025
vt 0.024315 0.932645
vt 0.036790 0.943398
vt 0.031055 0.914143
vt 0.040879 0.905521
vt 0.051537 0.908234
vt 0.016629 0.904808
vt 0.029248 0.900252
vt 0.017535 0.918839
vt 0.012797 0.929781
vt 0.013657 0.921191
vt 0.010799 0.930364
vt 0.129138 0.856673
vt 0.756202 0.462693
vt 0.782151 0.461817
vt 0.773815 0.833367
vt 0.786795 0.475762
vt 0.766467 0.496976
vt 0.779676 0.493184
vt 0.402898 0.668318
vt 0.398054 0.706460
vt 0.393833 0.673380
vt 0.845287 0.745101
vt 0.400077 0.019724
vt 0.398825 0.031367
vt 0.075558 0.009886
vt 0.082104 0.015787
vt 0.070796 0.018534
vt 0.076034 0.027732
vt 0.062370 0.017272
vt 0.068162 0.031845
vt 0.037805 0.076171
vt 0.050029 0.080473
vt 0.043681 0.087706
vt 0.033594 0.090635
vt 0.073808 0.098342
vt 0.098099 0.095238
vt 0.114072 0.099006
vt 0.125360 0.072312
vt 0.121314 0.081755
vt 0.120680 0.067726
vt 0.121041 0.058515
vt 0.110006 0.062746
vt 0.102006 0.057961
vt 0.124945 0.040982
vt 0.114122 0.044313
vt 0.109119 0.069132
vt 0.115084 0.074403
vt 0.101536 0.078424
vt 0.085085 0.037007
vt 0.100175 0.028396
vt 0.097661 0.018031
vt 0.039825 0.060247
vt 0.048024 0.065889
vt 0.030373 0.067986
vt 0.081692 0.054654
vt 0.084499 0.078361
vt 0.088111 0.070656
vt 0.088137 0.086549
vt 0.095274 0.050803
vt 0.152871 0.396341
vt 0.157833 0.394744
vt 0.165684 0.414435
vt 0.149162 0.424224
vt 0.176634 0.431698
vt 0.145804 0.448068
vt 0.182759 0.457820
vt 0.190838 0.444703
vt 0.188931 0.436606
vt 0.144477 0.405547
vt 0.113044 0.427954
vt 0.116551 0.436882
vt 0.104724 0.431792
vt 0.131625 0.417728
vt 0.097844 0.439641
vt 0.100317 0.451907
vt 0.149592 0.468953
vt 0.141050 0.482560
vt 0.140703 0.462823
vt 0.108547 0.460581
vt 0.110274 0.484599
vt 0.099459 0.508643
vt 0.098438 0.490203
vt 0.097835 0.475699
vt 0.098608 0.459720
vt 0.055532 0.044180
vt 0.773597 0.225376
vt 0.755219 0.191957
vt 0.768197 0.198306
vt 0.753281 0.163296
vt 0.724436 0.157413
vt 0.590069 0.175815
vt 0.600402 0.176241
vt 0.587311 0.192112
vt 0.587772 0.150958
vt 0.592799 0.157574
vt 0.581153 0.151554
vt 0.577111 0.157956
vt 0.560306 0.151009
vt 0.553538 0.143570
vt 0.532246 0.155688
vt 0.541313 0.157070
vt 0.550942 0.166365
vt 0.535476 0.167087
vt 0.528029 0.152547
vt 0.520306 0.162967
vt 0.523502 0.185460
vt 0.516563 0.176979
vt 0.510147 0.170142
vt 0.502515 0.166145
vt 0.499802 0.166535
vt 0.505383 0.185349
vt 0.571589 0.181329
vt 0.583594 0.168520
vt 0.592849 0.203708
vt 0.553727 0.200515
vt 0.568739 0.220042
vt 0.543544 0.217656
vt 0.560131 0.237303
vt 0.532503 0.238869
vt 0.529291 0.233210
vt 0.507319 0.212521
vt 0.519674 0.230349
vt 0.506874 0.224702
vt 0.516942 0.209826
vt 0.501498 0.224338
vt 0.509025 0.197828
vt 0.534951 0.205282
vt 0.512349 0.193144
vt 0.933587 0.512072
vt 0.938274 0.493378
vt 0.944665 0.513073
vt 0.951589 0.517333
vt 0.945028 0.528488
vt 0.935210 0.530773
vt 0.933689 0.554239
vt 0.902423 0.556414
vt 0.889344 0.542341
vt 0.904509 0.545627
vt 0.912054 0.556316
vt 0.897533 0.526628
vt 0.929856 0.478958
vt 0.911878 0.482328
vt 0.909065 0.499361
vt 0.174583 0.934854
vt 0.180277 0.939949
vt 0.173997 0.947193
vt 0.181732 0.952936
vt 0.595925 0.234724
vt 0.598253 0.253105
vt 0.583174 0.234973
vt 0.580246 0.257430
vt 0.572273 0.237764
vt 0.201380 0.944399
vt 0.202715 0.960375
vt 0.190454 0.937170
vt 0.212249 0.944371
vt 0.222464 0.960846
vt 0.234064 0.953105
vt 0.233054 0.958163
vt 0.228101 0.951060
vt 0.199920 0.972039
vt 0.205646 0.980571
vt 0.927863 0.537271
vt 0.916839 0.540882
vt 0.902692 0.516190
vt 0.175066 0.969291
vt 0.165564 0.971911
vt 0.170695 0.988524
vt 0.176098 0.987779
vt 0.186873 0.983983
vt 0.199634 0.988836
vt 0.195723 0.993799
vt 0.393405 0.350702
vt 0.369144 0.353024
vt 0.361683 0.344363
vt 0.379135 0.334153
vt 0.382301 0.324862
vt 0.360666 0.315761
vt 0.368428 0.288123
vt 0.414471 0.341432
vt 0.408283 0.299614
vt 0.324625 0.310419
vt 0.324120 0.272807
vt 0.336138 0.297618
vt 0.335323 0.267947
vt 0.340838 0.251019
vt 0.353173 0.249600
vt 0.347150 0.270772
vt 0.366687 0.268118
vt 0.347618 0.284262
vt 0.337495 0.281806
vt 0.347914 0.335329
vt 0.330111 0.323910
vt 0.358328 0.326090
vt 0.343600 0.315600
vt 0.694335 0.193299
vt 0.695817 0.188409
vt 0.711119 0.174866
vt 0.730844 0.137754
vt 0.733203 0.141095
vt 0.715396 0.159972
vt 0.176116 0.466745
vt 0.186326 0.487809
vt 0.175287 0.483797
vt 0.542519 0.275902
vt 0.557674 0.269301
vt 0.534360 0.265842
vt 0.540092 0.277668
vt 0.545361 0.296088
vt 0.552186 0.296959
vt 0.556967 0.316501
vt 0.546695 0.206181
vt 0.571932 0.200100
vt 0.560470 0.189315
vt 0.554711 0.181028
vt 0.531486 0.195084
vt 0.564907 0.166729
vt 0.830638 0.164497
vt 0.834780 0.186907
vt 0.822199 0.182137
vt 0.856130 0.172449
vt 0.840564 0.153075
vt 0.818664 0.166573
vt 0.810918 0.142438
vt 0.823965 0.124166
vt 0.831070 0.114427
vt 0.839739 0.133137
vt 0.844034 0.089744
vt 0.860944 0.099548
vt 0.855588 0.082711
vt 0.847412 0.079208
vt 0.817384 0.090799
vt 0.810230 0.116084
vt 0.838345 0.083070
vt 0.832679 0.066414
vt 0.811197 0.083512
vt 0.819210 0.061044
vt 0.797853 0.117090
vt 0.124112 0.044673
vt 0.834373 0.195930
vt 0.844125 0.195653
vt 0.861555 0.183371
vt 0.857801 0.186431
vt 0.869244 0.168620
vt 0.859931 0.132000
vt 0.870230 0.139181
vt 0.867813 0.148608
vt 0.860239 0.114979
vt 0.576357 0.288984
vt 0.567076 0.307433
vt 0.566778 0.317458
vt 0.571253 0.313145
vt 0.563599 0.323327
vt 0.806572 0.171638
vt 0.791672 0.142624
vt 0.783833 0.129348
vt 0.791919 0.120536
vt 0.761677 0.099537
vt 0.772139 0.080681
vt 0.786367 0.089860
vt 0.786367 0.081560
vt 0.786683 0.079532
vt 0.792451 0.068764
vt 0.780264 0.063733
vt 0.775070 0.058408
vt 0.785243 0.056307
vt 0.754614 0.082493
vt 0.755628 0.120065
vt 0.753915 0.131522
vt 0.740345 0.114790
vt 0.743334 0.120260
vt 0.740690 0.104364
vt 0.742603 0.050706
vt 0.740577 0.060851
vt 0.727706 0.036058
vt 0.719735 0.038125
vt 0.715058 0.023235
vt 0.710129 0.022207
vt 0.709702 0.015363
vt 0.725495 0.026967
vt 0.740916 0.038528
vt 0.755343 0.138645
vt 0.750812 0.132407
vt 0.586938 0.270061
vt 0.577475 0.298275
vt 0.577968 0.304166
vt 0.594614 0.259724
vt 0.771050 0.204928
vt 0.759480 0.173250
vt 0.409514 0.379104
vt 0.394008 0.377008
vt 0.408259 0.372520
vt 0.416682 0.378196
vt 0.424632 0.370832
vt 0.419484 0.370372
vt 0.426395 0.365689
vt 0.382803 0.359014
vt 0.989640 0.360173
vt 0.991779 0.366146
vt 0.985134 0.370081
vt 0.975793 0.362570
vt 0.748690 0.153048
vt 0.964731 0.346432
vt 0.980005 0.353246
vt 0.969863 0.336878
vt 0.962073 0.335594
vt 0.958191 0.339550
vt 0.987469 0.353393
vt 0.980368 0.335902
vt 0.993109 0.351780
vt 0.357079 0.244704
vt 0.364189 0.254911
vt 0.373982 0.259620
vt 0.758983 0.041297
vt 0.090161 0.183534
vt 0.104084 0.189136
vt 0.083249 0.199703
vt 0.075060 0.188173
vt 0.107282 0.199240
vt 0.091135 0.208742
vt 0.075498 0.223645
vt 0.077202 0.228379
vt 0.067865 0.234796
vt 0.062799 0.226898
vt 0.042152 0.208091
vt 0.053845 0.241653
vt 0.953649 0.392292
vt 0.963228 0.380532
vt 0.961714 0.393633
vt 0.938519 0.379846
vt 0.958958 0.373518
vt 0.968201 0.382757
vt 0.977803 0.395355
vt 0.965954 0.423274
vt 0.960991 0.409126
vt 0.973068 0.411835
vt 0.956895 0.431814
vt 0.951446 0.426772
vt 0.933468 0.425487
vt 0.946614 0.441143
vt 0.932905 0.442155
vt 0.787737 0.923937
vt 0.801188 0.952802
vt 0.782441 0.958118
vt 0.789626 0.969832
vt 0.777397 0.967172
vt 0.762958 0.946761
vt 0.436984 0.353953
vt 0.454980 0.284268
vt 0.442164 0.271426
vt 0.462657 0.299758
vt 0.465999 0.289031
vt 0.432045 0.258046
vt 0.393202 0.274806
vt 0.419522 0.279930
vt 0.386377 0.260233
vt 0.950124 0.208687
vt 0.945147 0.199616
vt 0.949182 0.179312
vt 0.941788 0.213617
vt 0.931070 0.216253
vt 0.922402 0.210247
vt 0.918463 0.199389
vt 0.237912 0.600533
vt 0.253618 0.613072
vt 0.225571 0.616061
vt 0.230352 0.596136
vt 0.265161 0.620645
vt 0.241046 0.636999
vt 0.275179 0.639046
vt 0.274057 0.625165
vt 0.263535 0.654136
vt 0.257103 0.683250
vt 0.238692 0.681491
vt 0.221492 0.664933
vt 0.220328 0.631451
vt 0.224486 0.644526
vt 0.210893 0.654768
vt 0.210482 0.699153
vt 0.206827 0.692468
vt 0.224815 0.682473
vt 0.219068 0.707471
vt 0.231303 0.695248
vt 0.284675 0.695294
vt 0.298608 0.674959
vt 0.297715 0.655699
vt 0.315230 0.671710
vt 0.281470 0.645180
vt 0.887900 0.202098
vt 0.887263 0.182915
vt 0.915397 0.177591
vt 0.895888 0.150936
vt 0.927338 0.152483
vt 0.953531 0.167238
vt 0.945717 0.141916
vt 0.959201 0.151376
vt 0.888165 0.141670
vt 0.879473 0.128063
vt 0.915173 0.132548
vt 0.883245 0.120391
vt 0.934645 0.136134
vt 0.753280 0.924769
vt 0.737067 0.932051
vt 0.728506 0.947115
vt 0.724659 0.963159
vt 0.722539 0.938634
vt 0.755820 0.981451
vt 0.739249 0.986708
vt 0.739593 0.973249
vt 0.736080 0.960273
vt 0.756074 0.959607
vt 0.494465 0.909986
vt 0.500957 0.947235
vt 0.487590 0.933295
vt 0.473070 0.956907
vt 0.473958 0.973465
vt 0.455419 0.971429
vt 0.438386 0.963028
vt 0.452603 0.959003
vt 0.445313 0.952307
vt 0.431028 0.933620
vt 0.456704 0.944840
vt 0.438904 0.924931
vt 0.431802 0.915150
vt 0.424525 0.953531
vt 0.422868 0.923403
vt 0.421652 0.910520
vt 0.418463 0.904158
vt 0.445428 0.905912
vt 0.482620 0.901944
vt 0.473363 0.924512
vt 0.472907 0.943178
vt 0.844078 0.071049
vt 0.908503 0.258416
vt 0.914183 0.248341
vt 0.918157 0.257988
vt 0.900659 0.243672
vt 0.912629 0.275425
vt 0.882663 0.253994
vt 0.909049 0.239540
vt 0.884318 0.227552
vt 0.908230 0.230665
vt 0.871599 0.238816
vt 0.868134 0.262968
vt 0.900386 0.273403
vt 0.375869 0.925622
vt 0.363980 0.929505
vt 0.348697 0.915939
vt 0.365221 0.949359
vt 0.370454 0.961151
vt 0.357194 0.971254
vt 0.357320 0.954752
vt 0.348598 0.953674
vt 0.336010 0.969113
vt 0.334691 0.981987
vt 0.321230 0.978916
vt 0.292296 0.962049
vt 0.311806 0.948915
vt 0.337623 0.947056
vt 0.351580 0.935656
vt 0.335239 0.924118
vt 0.325353 0.933358
vt 0.299741 0.934946
vt 0.311958 0.919850
vt 0.287723 0.944760
vt 0.279470 0.977298
vt 0.281984 0.962304
vt 0.875658 0.216606
vt 0.871274 0.223607
vt 0.834384 0.219306
vt 0.854736 0.208779
vt 0.849907 0.229568
vt 0.837327 0.238531
vt 0.820287 0.264113
vt 0.814226 0.248371
vt 0.854499 0.239281
vt 0.846678 0.248523
vt 0.886974 0.288248
vt 0.845636 0.278888
vt 0.901305 0.287049
vt 0.905502 0.300987
vt 0.869929 0.309815
vt 0.859610 0.305446
vt 0.849589 0.312122
vt 0.837476 0.302862
vt 0.851979 0.317063
vt 0.306153 0.985531
vt 0.735444 0.076094
vt 0.828612 0.292876
vt 0.235916 0.594454
vt 0.405390 0.948185
vt 0.414003 0.936641
vt 0.408981 0.959807
vt 0.426862 0.969551
vt 0.192331 0.461067
vt 0.200636 0.513943
vt 0.182323 0.503194
vt 0.195640 0.492792
vt 0.142026 0.502965
vt 0.161187 0.505161
vt 0.129983 0.522166
vt 0.111182 0.528157
vt 0.123341 0.535013
vt 0.108557 0.544069
vt 0.153320 0.531975
vt 0.170443 0.542066
vt 0.160244 0.532393
vt 0.185364 0.521745
vt 0.153332 0.567318
vt 0.137077 0.576286
vt 0.111304 0.560724
vt 0.175023 0.496576
vt 0.170820 0.517565
vt 0.789700 0.162307
vt 0.776159 0.147072
vt 0.769996 0.142907
vt 0.103477 0.546265
vt 0.896723 0.835001
vt 0.870704 0.842663
vt 0.875944 0.835632
vt 0.915153 0.847248
vt 0.901258 0.847528
vt 0.876120 0.824338
vt 0.893907 0.807432
vt 0.908536 0.810241
vt 0.907209 0.801095
vt 0.921619 0.833655
vt 0.945757 0.816012
vt 0.950652 0.822578
vt 0.943840 0.839914
vt 0.923194 0.810777
vt 0.934497 0.798696
vt 0.949552 0.803917
vt 0.965267 0.846984
vt 0.976278 0.858417
vt 0.962740 0.857590
vt 0.964884 0.863449
vt 0.864063 0.826221
vt 0.867798 0.823241
vt 0.877463 0.811897
vt 0.070147 0.238350
vt 0.034073 0.267286
vt 0.043747 0.287900
vt 0.027928 0.291242
vt 0.017097 0.274028
vt 0.008786 0.279890
vt 0.012922 0.257223
vt 0.021373 0.256859
vt 0.889676 0.842051
vt 0.984594 0.848003
vt 0.424665 0.841650
vt 0.428701 0.851862
vt 0.420250 0.856166
vt 0.428111 0.859025
vt 0.012699 0.217979
vt 0.011291 0.212648
vt 0.017842 0.205973
vt 0.023727 0.230283
vt 0.028400 0.207125
vt 0.034116 0.226752
vt 0.413691 0.849271
vt 0.409422 0.841080
vt 0.403214 0.860114
vt 0.407996 0.863779
vt 0.391614 0.854113
vt 0.390717 0.860478
vt 0.402953 0.870681
vt 0.408361 0.872095
vt 0.427401 0.867475
vt 0.431329 0.862027
vt 0.409921 0.878593
vt 0.403917 0.879868
vt 0.392107 0.891214
vt 0.388513 0.876689
vt 0.388261 0.870171
vt 0.380819 0.880137
vt 0.379475 0.872331
vt 0.370662 0.870990
vt 0.370047 0.884404
vt 0.358037 0.872831
vt 0.349762 0.875353
vt 0.349854 0.886197
vt 0.359273 0.864301
vt 0.350212 0.868068
vt 0.340877 0.879176
vt 0.354145 0.895543
vt 0.342100 0.863566
vt 0.081955 0.216493
vt 0.059304 0.198852
vt 0.063189 0.187966
vt 0.044488 0.187256
vt 0.022630 0.189956
vt 0.054131 0.256620
vt 0.114853 0.577333
vt 0.120536 0.589776
vt 0.130835 0.595757
vt 0.402051 0.850522
vt 0.371148 0.856014
vt 0.352490 0.854461
vt 0.338753 0.868151
vt 0.372895 0.899076
vt 0.358176 0.902506
vt 0.148991 0.590018
vt 0.315152 0.688938
vt 0.305479 0.701682
vt 0.300349 0.705775
vt 0.326315 0.678080
vt 0.335033 0.684708
vt 0.110570 0.993536
vt 0.106802 0.941636
vt 0.102098 0.934696
vt 0.158745 0.933245
vt 0.163434 0.935217
vt 0.147367 0.934455
vt 0.134173 0.233968
vt 0.157013 0.208993
vt 0.152475 0.243406
vt 0.115890 0.230966
vt 0.128483 0.196799
vt 0.166027 0.249033
vt 0.203498 0.214713
vt 0.189281 0.252589
vt 0.159205 0.195090
vt 0.112652 0.251225
vt 0.360794 0.849023
vt 0.444514 0.854072
vt 0.450439 0.864078
vt 0.439765 0.861734
vt 0.440890 0.879235
vt 0.434378 0.870436
vt 0.433843 0.879821
vt 0.421744 0.879488
vt 0.422290 0.884534
vt 0.429586 0.885429
vt 0.939896 0.847232
vt 0.048037 0.290920
vt 0.058540 0.267544
vt 0.038745 0.298472
vt 0.021897 0.302210
vt 0.013454 0.297387
vt 0.980526 0.036788
vt 0.962097 0.024293
vt 0.985104 0.021510
vt 0.971832 0.015242
vt 0.987169 0.034361
vt 0.993361 0.020664
vt 0.991343 0.009427
vt 0.979797 0.005403
vt 0.960010 0.010699
vt 0.243824 0.692065
vt 0.239215 0.699508
vt 0.229708 0.708475
vt 0.102538 0.266121
vt 0.098228 0.287885
vt 0.131736 0.285551
vt 0.120980 0.303611
vt 0.104197 0.296916
vt 0.171409 0.272748
vt 0.168563 0.298934
vt 0.185465 0.277496
vt 0.641157 0.960337
vt 0.651476 0.965685
vt 0.626781 0.967776
vt 0.638389 0.980632
vt 0.102094 0.306171
vt 0.900424 0.036328
vt 0.881399 0.046046
vt 0.878444 0.041147
vt 0.858372 0.056114
vt 0.851656 0.042590
vt 0.844790 0.043464
vt 0.862676 0.029988
vt 0.128341 0.684980
vt 0.121110 0.696814
vt 0.100939 0.704028
vt 0.147227 0.656938
vt 0.101464 0.690168
vt 0.091070 0.698932
vt 0.106241 0.712087
vt 0.110888 0.706237
vt 0.907313 0.046437
vt 0.901283 0.066170
vt 0.871681 0.070447
vt 0.913590 0.063733
vt 0.903758 0.080219
vt 0.918718 0.073678
vt 0.910979 0.091608
vt 0.910577 0.100564
vt 0.896263 0.096849
vt 0.888309 0.097294
vt 0.860252 0.063053
vt 0.848500 0.051577
vt 0.846084 0.038347
vt 0.852034 0.028644
vt 0.917143 0.083562
vt 0.348161 0.383796
vt 0.421024 0.051953
vt 0.399136 0.089532
vt 0.406069 0.051517
vt 0.421426 0.117636
vt 0.454978 0.098473
vt 0.022751 0.979598
vt 0.017320 0.963727
vt 0.044852 0.965479
vt 0.064374 0.979752
vt 0.426273 0.023191
vt 0.440728 0.022613
vt 0.450826 0.012977
vt 0.456498 0.015582
vt 0.455159 0.032489
vt 0.443591 0.036250
vt 0.468909 0.013223
vt 0.517751 0.043957
vt 0.501149 0.028692
vt 0.534805 0.042302
vt 0.506554 0.018090
vt 0.454746 0.041204
vt 0.462030 0.070478
vt 0.467402 0.082575
vt 0.473418 0.067296
vt 0.479829 0.059006
vt 0.489509 0.037447
vt 0.505700 0.046148
vt 0.478457 0.027530
vt 0.473915 0.029274
vt 0.697243 0.940132
vt 0.670345 0.941091
vt 0.684168 0.913331
vt 0.661463 0.901572
vt 0.649252 0.927427
vt 0.709840 0.918009
vt 0.709978 0.930267
vt 0.452383 0.129054
vt 0.487954 0.076193
vt 0.503434 0.091902
vt 0.475934 0.098095
vt 0.511871 0.076384
vt 0.526699 0.078974
vt 0.503610 0.062891
vt 0.520072 0.065538
vt 0.532946 0.047988
vt 0.543947 0.063111
vt 0.502506 0.049305
vt 0.488354 0.138635
vt 0.517401 0.128892
vt 0.532707 0.108649
vt 0.533870 0.126508
vt 0.501556 0.150644
vt 0.537364 0.021936
vt 0.543114 0.039245
vt 0.519563 0.015501
vt 0.549042 0.056926
vt 0.513941 0.018520
vt 0.545965 0.099930
vt 0.273029 0.103269
vt 0.257882 0.118544
vt 0.259659 0.106551
vt 0.261371 0.095259
vt 0.243493 0.093118
vt 0.261566 0.089788
vt 0.230275 0.099055
vt 0.243949 0.084928
vt 0.235095 0.105935
vt 0.246618 0.111184
vt 0.217938 0.119253
vt 0.209303 0.145153
vt 0.199660 0.139267
vt 0.169335 0.121694
vt 0.176308 0.138766
vt 0.165366 0.142078
vt 0.177758 0.147220
vt 0.194776 0.149735
vt 0.227176 0.139093
vt 0.241454 0.123428
vt 0.236934 0.151714
vt 0.248252 0.134296
vt 0.240372 0.170759
vt 0.230604 0.166541
vt 0.228119 0.178152
vt 0.215252 0.165764
vt 0.193859 0.161727
vt 0.272932 0.126934
vt 0.250923 0.160325
vt 0.158483 0.628235
vt 0.174481 0.623450
vt 0.152598 0.636895
vt 0.195897 0.641409
vt 0.099142 0.679945
vt 0.136786 0.650010
vt 0.100861 0.641102
vt 0.127684 0.631484
vt 0.141910 0.637105
vt 0.681021 0.511011
vt 0.695431 0.542033
vt 0.680629 0.542947
vt 0.681356 0.587874
vt 0.667746 0.522961
vt 0.674944 0.584388
vt 0.654609 0.550430
vt 0.640268 0.537391
vt 0.634446 0.555777
vt 0.649985 0.510954
vt 0.652637 0.604187
vt 0.662544 0.603939
vt 0.584701 0.615849
vt 0.619690 0.602747
vt 0.597592 0.585175
vt 0.641257 0.587666
vt 0.614362 0.565937
vt 0.939209 0.944612
vt 0.929816 0.936117
vt 0.944905 0.928297
vt 0.949213 0.936620
vt 0.931133 0.918098
vt 0.928390 0.921772
vt 0.942739 0.893058
vt 0.928126 0.901501
vt 0.658509 0.500863
vt 0.664968 0.488165
vt 0.678939 0.502138
vt 0.921960 0.888041
vt 0.922395 0.866599
vt 0.927516 0.882515
vt 0.932984 0.863890
vt 0.692269 0.043738
vt 0.668410 0.039024
vt 0.686352 0.035891
vt 0.699791 0.069259
vt 0.670836 0.078002
vt 0.698083 0.053670
vt 0.691216 0.078930
vt 0.707771 0.080078
vt 0.701646 0.093723
vt 0.715905 0.085695
vt 0.680933 0.100667
vt 0.953289 0.912835
vt 0.954270 0.897690
vt 0.950941 0.879830
vt 0.951854 0.929711
vt 0.641969 0.065579
vt 0.642446 0.039897
vt 0.627786 0.073855
vt 0.638393 0.104158
vt 0.624048 0.040384
vt 0.626684 0.030174
vt 0.600296 0.017677
vt 0.592634 0.044868
vt 0.586848 0.064964
vt 0.608373 0.084538
vt 0.598981 0.081971
vt 0.595086 0.077534
vt 0.617463 0.125014
vt 0.639225 0.145183
vt 0.613407 0.121756
vt 0.614212 0.107908
vt 0.610430 0.094738
vt 0.775670 0.893770
vt 0.770922 0.875193
vt 0.788393 0.893225
vt 0.784340 0.886144
vt 0.787267 0.903938
vt 0.777039 0.906720
vt 0.752083 0.900459
vt 0.709011 0.851128
vt 0.710698 0.894498
vt 0.702670 0.873847
vt 0.724625 0.898827
vt 0.245851 0.941649
vt 0.260628 0.949063
vt 0.250516 0.955091
vt 0.743827 0.839590
vt 0.750254 0.837336
vt 0.756669 0.847338
vt 0.738156 0.850386
vt 0.722983 0.821365
vt 0.743929 0.883491
vt 0.262541 0.966144
vt 0.523244 0.279959
vt 0.531651 0.302032
vt 0.203442 0.635213
vt 0.247213 0.969852
vt 0.029770 0.047174
vt 0.025329 0.032949
vt 0.043480 0.027991
vt 0.012203 0.017508
vt 0.046171 0.014419
vt 0.029950 0.011504
vt 0.037414 0.008544
vt 0.015033 0.009262
vt 0.006567 0.046353
vt 0.003175 0.009537
vt 0.013594 0.055247
vt 0.690260 0.168551
vt 0.683743 0.157963
vt 0.691063 0.165353
vt 0.613560 0.541496
vt 0.598688 0.515737
vt 0.596254 0.534174
vt 0.569170 0.531164
vt 0.578016 0.516353
vt 0.572113 0.516785
vt 0.562415 0.545585
vt 0.558452 0.532238
vt 0.554036 0.540042
vt 0.561004 0.566041
vt 0.549452 0.564291
vt 0.595363 0.550515
vt 0.583409 0.560690
vt 0.567433 0.600778
vt 0.595034 0.568907
vt 0.620637 0.511910
vt 0.672591 0.147639
vt 0.668853 0.161104
vt 0.646837 0.118252
vt 0.638065 0.168008
vt 0.618801 0.156748
vt 0.668878 0.123938
vt 0.657897 0.101348
vt 0.678169 0.193132
vt 0.661112 0.183940
vt 0.579422 0.621421
vt 0.676552 0.138123
vt 0.680616 0.146995
vt 0.284587 0.847695
vt 0.275550 0.851225
vt 0.279028 0.836230
vt 0.243583 0.852286
vt 0.281459 0.859498
vt 0.248256 0.839145
vt 0.218153 0.838972
vt 0.213949 0.819384
vt 0.223513 0.807632
vt 0.251391 0.821831
vt 0.272560 0.822389
vt 0.267489 0.803943
vt 0.303864 0.840586
vt 0.304454 0.851193
vt 0.299725 0.823259
vt 0.285356 0.816029
vt 0.276410 0.802209
vt 0.265258 0.794315
vt 0.272397 0.797851
vt 0.242702 0.801883
vt 0.268342 0.783201
vt 0.250124 0.782854
vt 0.268595 0.775286
vt 0.268000 0.765411
vt 0.230248 0.783908
vt 0.553138 0.710455
vt 0.563280 0.708259
vt 0.548294 0.731583
vt 0.541511 0.728466
vt 0.542713 0.708364
vt 0.528981 0.716794
vt 0.530805 0.724934
vt 0.278783 0.867863
vt 0.296893 0.862081
vt 0.684204 0.137539
vt 0.679143 0.123776
vt 0.704439 0.126318
vt 0.697188 0.118728
vt 0.707823 0.123605
vt 0.701952 0.119502
vt 0.694308 0.110329
vt 0.669960 0.106281
vt 0.520181 0.689121
vt 0.520458 0.680062
vt 0.524781 0.691534
vt 0.527238 0.679671
vt 0.203681 0.863090
vt 0.201052 0.823812
vt 0.217073 0.800633
vt 0.557371 0.729471
vt 0.591316 0.725818
vt 0.570320 0.736526
vt 0.584467 0.713605
vt 0.517090 0.706545
vt 0.514724 0.700424
vt 0.534901 0.689193
vt 0.521755 0.714175
vt 0.571505 0.689374
vt 0.576142 0.668590
vt 0.549379 0.660502
vt 0.250718 0.870978
vt 0.556084 0.591264
vt 0.623050 0.688581
vt 0.600189 0.675669
vt 0.606107 0.667510
vt 0.619133 0.673709
vt 0.609789 0.143395
vt 0.221704 0.785124
vt 0.211589 0.790401
vt 0.194282 0.804652
vt 0.554872 0.072439
vt 0.559248 0.083025
vt 0.561678 0.093493
vt 0.556084 0.109439
vt 0.547478 0.116013
vt 0.201996 0.173645
vt 0.215771 0.186528
vt 0.190326 0.172453
vt 0.168752 0.175059
vt 0.161707 0.158245
vt 0.151432 0.161577
vt 0.141550 0.158970
vt 0.133041 0.144410
vt 0.137329 0.136077
vt 0.136370 0.116610
vt 0.193581 0.793703
vt 0.194653 0.811905
vt 0.190784 0.152940
vt 0.194510 0.095261
vt 0.629349 0.722669
vt 0.634930 0.718046
vt 0.607221 0.732233
vt 0.636252 0.698185
vt 0.744707 0.580606
vt 0.757030 0.561434
vt 0.771640 0.590468
vt 0.727991 0.566117
vt 0.744582 0.595019
vt 0.703118 0.592407
vt 0.697827 0.620096
vt 0.675964 0.636486
vt 0.704136 0.638917
vt 0.689488 0.651015
vt 0.701154 0.652347
vt 0.726578 0.626452
vt 0.714670 0.646252
vt 0.710490 0.654911
vt 0.722044 0.661685
vt 0.773294 0.571166
vt 0.296361 0.522597
vt 0.858968 0.350628
vt 0.855280 0.368853
vt 0.847375 0.378264
vt 0.834651 0.355530
vt 0.836975 0.401375
vt 0.830017 0.385582
vt 0.847745 0.402821
vt 0.859546 0.402977
vt 0.863644 0.363479
vt 0.846689 0.336094
vt 0.859124 0.329216
vt 0.878433 0.346408
vt 0.877259 0.401753
vt 0.867850 0.404038
vt 0.880050 0.408408
vt 0.896940 0.420796
vt 0.908532 0.424803
vt 0.897511 0.425879
vt 0.900095 0.415352
vt 0.908930 0.407317
vt 0.916281 0.414669
vt 0.911476 0.433761
vt 0.907099 0.429729
vt 0.913867 0.434159
vt 0.891688 0.367715
vt 0.898033 0.349643
vt 0.909703 0.372107
vt 0.919806 0.362519
vt 0.918735 0.349413
vt 0.942369 0.705695
vt 0.958863 0.723748
vt 0.931892 0.721501
vt 0.979387 0.745358
vt 0.975343 0.729593
vt 0.961283 0.706472
vt 0.953998 0.739794
vt 0.930642 0.723975
vt 0.925841 0.737875
vt 0.923904 0.726991
vt 0.952586 0.755955
vt 0.930105 0.749600
vt 0.965522 0.757949
vt 0.948023 0.783360
vt 0.981362 0.785454
vt 0.975406 0.799922
vt 0.985398 0.754808
vt 0.954009 0.763452
vt 0.925962 0.762187
vt 0.920496 0.751401
vt 0.919803 0.748480
vt 0.918677 0.744332
vt 0.927390 0.772561
vt 0.291534 0.108518
vt 0.301544 0.111140
vt 0.349494 0.559669
vt 0.351636 0.582883
vt 0.342544 0.533298
vt 0.344419 0.541915
vt 0.058458 0.903320
vt 0.046669 0.894478
vt 0.045593 0.859823
vt 0.048688 0.874070
vt 0.028137 0.864848
vt 0.025437 0.882007
vt 0.017377 0.876875
vt 0.013094 0.886456
vt 0.216780 0.045721
vt 0.043538 0.949858
vt 0.919991 0.371734
vt 0.921019 0.400587
vt 0.969524 0.243530
vt 0.965566 0.230037
vt 0.974484 0.232968
vt 0.980357 0.245722
vt 0.954881 0.241252
vt 0.950424 0.229922
vt 0.943354 0.235020
vt 0.013970 0.905949
vt 0.010981 0.893971
vt 0.228948 0.019162
vt 0.222865 0.020516
vt 0.656918 0.719012
vt 0.655798 0.709132
vt 0.665465 0.714281
vt 0.657768 0.735821
vt 0.672515 0.722568
vt 0.676007 0.758124
vt 0.703399 0.752145
vt 0.689920 0.727170
vt 0.676922 0.702347
vt 0.702179 0.722180
vt 0.694201 0.767451
vt 0.683102 0.782708
vt 0.729061 0.764925
vt 0.738554 0.748885
vt 0.763595 0.752461
vt 0.756434 0.745634
vt 0.656765 0.746758
vt 0.659517 0.766757
vt 0.657962 0.762945
vt 0.686112 0.694482
vt 0.693159 0.694982
vt 0.724809 0.707331
vt 0.734157 0.720737
vt 0.983372 0.239958
vt 0.906443 0.782377
vt 0.901249 0.768178
vt 0.910416 0.781218
vt 0.900743 0.719822
vt 0.915084 0.710596
vt 0.904234 0.729826
vt 0.911861 0.705780
vt 0.895165 0.716310
vt 0.884527 0.731041
vt 0.887289 0.747689
vt 0.891220 0.740809
vt 0.895262 0.759009
vt 0.901903 0.759384
vt 0.893223 0.775783
vt 0.884014 0.738629
vt 0.873207 0.719300
vt 0.870023 0.720569
vt 0.873444 0.734022
vt 0.878662 0.742601
vt 0.889466 0.776867
vt 0.879600 0.768489
vt 0.898588 0.779233
vt 0.073950 0.424415
vt 0.056047 0.423380
vt 0.052188 0.402444
vt 0.041871 0.376596
vt 0.061088 0.381256
vt 0.098077 0.393830
vt 0.094940 0.379365
vt 0.092110 0.415956
vt 0.076665 0.425754
vt 0.070996 0.430533
vt 0.067575 0.428304
vt 0.062531 0.439630
vt 0.108966 0.390250
vt 0.659645 0.690915
vt 0.662662 0.682455
vt 0.677213 0.691152
vt 0.663532 0.771765
vt 0.670332 0.775139
vt 0.663227 0.775812
vt 0.846454 0.717120
vt 0.840291 0.719456
vt 0.839434 0.715029
vt 0.855142 0.719194
vt 0.848593 0.726503
vt 0.861843 0.735937
vt 0.102186 0.415354
vt 0.022987 0.472519
vt 0.019696 0.469283
vt 0.025919 0.460829
vt 0.033728 0.466281
vt 0.040322 0.462893
vt 0.017196 0.502878
vt 0.041236 0.481817
vt 0.233940 0.089993
vt 0.095675 0.360467
vt 0.071776 0.346861
vt 0.092251 0.343133
vt 0.063403 0.364857
vt 0.051221 0.361983
vt 0.022283 0.454224
vt 0.035371 0.451773
vt 0.019155 0.439976
vt 0.024376 0.433268
vt 0.015197 0.429194
vt 0.017875 0.418601
vt 0.013322 0.423461
vt 0.031834 0.423828
vt 0.035607 0.424140
vt 0.042908 0.427112
vt 0.045029 0.450226
vt 0.045614 0.434035
vt 0.042580 0.416562
vt 0.042206 0.411843
vt 0.039021 0.403103
vt 0.034106 0.402325
vt 0.031830 0.391894
vt 0.022112 0.394447
vt 0.215771 0.089616
vt 0.161358 0.090221
vt 0.175098 0.086976
vt 0.908857 0.698809
vt 0.892779 0.696892
vt 0.896455 0.688739
vt 0.909159 0.672236
vt 0.754410 0.716400
vt 0.030649 0.354354
vt 0.043536 0.325010
vt 0.054583 0.340256
vt 0.090789 0.324635
vt 0.086936 0.311579
vt 0.091130 0.336177
vt 0.039755 0.358633
vt 0.656085 0.655948
vt 0.523200 0.924691
vt 0.533898 0.897775
vt 0.553511 0.910996
vt 0.516481 0.895313
vt 0.510715 0.904633
vt 0.470890 0.861587
vt 0.495117 0.880661
vt 0.483929 0.878483
vt 0.473064 0.858928
vt 0.492152 0.869339
vt 0.867887 0.741364
vt 0.563110 0.915589
vt 0.559201 0.897795
vt 0.556528 0.880503
vt 0.542514 0.875646
vt 0.524967 0.882783
vt 0.509068 0.881959
vt 0.506394 0.888043
vt 0.519234 0.875569
vt 0.531119 0.866562
vt 0.716595 0.572332
vt 0.757937 0.608667
vt 0.749490 0.605106
vt 0.774712 0.603359
vt 0.788647 0.624829
vt 0.782481 0.616032
vt 0.785886 0.609468
vt 0.773398 0.608868
vt 0.814886 0.498477
vt 0.830544 0.509160
vt 0.822774 0.513553
vt 0.816510 0.490565
vt 0.810608 0.489412
vt 0.812146 0.483861
vt 0.805489 0.484781
vt 0.214555 0.880998
vt 0.209264 0.881766
vt 0.208955 0.876875
vt 0.224445 0.904965
vt 0.241680 0.888005
vt 0.237600 0.918357
vt 0.261959 0.897082
vt 0.262241 0.892404
vt 0.271298 0.896796
vt 0.250380 0.927191
vt 0.280822 0.915183
vt 0.266562 0.930299
vt 0.288284 0.911957
vt 0.291396 0.906038
vt 0.294786 0.913047
vt 0.286303 0.923562
vt 0.217215 0.894854
vt 0.835118 0.523322
vt 0.830108 0.546986
vt 0.816288 0.527366
vt 0.836213 0.540908
vt 0.849022 0.522158
vt 0.852731 0.547070
vt 0.844865 0.549712
vt 0.850476 0.554805
vt 0.861113 0.544049
vt 0.863497 0.543095
vt 0.858144 0.541078
vt 0.860322 0.533718
vt 0.863601 0.537222
vt 0.874776 0.535249
vt 0.867505 0.538136
vt 0.881303 0.526992
vt 0.891686 0.492556
vt 0.880971 0.500077
vt 0.877153 0.490922
vt 0.810300 0.524250
vt 0.805212 0.535892
vt 0.834569 0.518306
vt 0.846021 0.492072
vt 0.841606 0.505522
vt 0.840565 0.510092
vt 0.848093 0.503847
vt 0.854607 0.496330
vt 0.841061 0.516339
vt 0.882653 0.516686
vt 0.869134 0.493824
vt 0.860841 0.490241
vt 0.861807 0.478518
vt 0.840755 0.479792
vt 0.821264 0.485423
vt 0.879483 0.475932
vt 0.843122 0.448905
vt 0.854399 0.461105
vt 0.860548 0.447088
vt 0.849331 0.448506
vt 0.879926 0.457989
vt 0.882231 0.461852
vt 0.279075 0.928401
vt 0.533938 0.659845
vt 0.524658 0.669628
vt 0.584194 0.698749
vt 0.632254 0.671288
vt 0.625484 0.659596
vt 0.631447 0.664054
vt 0.629790 0.659772
vt 0.980784 0.932521
vt 0.963159 0.937977
vt 0.973755 0.923587
vt 0.969908 0.942375
vt 0.990146 0.931571
vt 0.988621 0.938044
vt 0.993281 0.926673
vt 0.984602 0.921728
vt 0.992205 0.923190
vt 0.962636 0.929912
vt 0.548825 0.633482
vt 0.547483 0.627952
vt 0.560334 0.633091
vt 0.537723 0.632531
vt 0.566748 0.639527
vt 0.560146 0.640262
vt 0.539372 0.638726
vt 0.546390 0.643601
vt 0.564253 0.632724
vt 0.544889 0.650966
vt 0.530441 0.653853
vt 0.556951 0.648741
vt 0.570535 0.653593
vt 0.574504 0.659477
vt 0.588977 0.650534
vt 0.577419 0.644372
vt 0.595376 0.647613
vt 0.584453 0.638663
vt 0.600899 0.654474
vt 0.616964 0.647116
vt 0.619034 0.655711
vt 0.628564 0.640815
vt 0.633135 0.649278
vt 0.593245 0.636294
vt 0.604776 0.642988
vt 0.893572 0.479927
vt 0.893787 0.470133
vt 0.183123 0.672414
vt 0.184059 0.700563
vt 0.637174 0.640216
vt 0.637114 0.635617
vt 0.629613 0.638608
vt 0.795244 0.600130
vt 0.794362 0.608108
vt 0.800014 0.042661
vt 0.791069 0.021871
vt 0.812255 0.023894
vt 0.822531 0.031926
vt 0.823891 0.013203
vt 0.832808 0.021997
vt 0.923923 0.117138
vt 0.913277 0.118338
vt 0.915076 0.112684
vt 0.799200 0.012689
vt 0.798948 0.464694
vt 0.796126 0.458683
vt 0.804271 0.455180
vt 0.808096 0.463795
vt 0.804300 0.473315
vt 0.825228 0.470072
vt 0.847621 0.439272
vt 0.831722 0.442926
vt 0.822551 0.450013
vt 0.967346 0.882586
vt 0.974618 0.879443
vt 0.974899 0.889912
vt 0.969950 0.901044
vt 0.981243 0.893861
vt 0.982915 0.889268
vt 0.064723 0.664824
vt 0.076545 0.668226
vt 0.052310 0.672070
vt 0.056003 0.687639
vt 0.075753 0.692202
vt 0.036818 0.686947
vt 0.019055 0.671807
vt 0.042914 0.706676
vt 0.036760 0.705480
vt 0.112719 0.936242
vt 0.130364 0.936466
vt 0.964923 0.894319
vt 0.807764 0.006822
vt 0.216904 0.910863
vt 0.208579 0.908244
vt 0.211926 0.921475
vt 0.217371 0.925374
vt 0.203737 0.900796
vt 0.203895 0.895563
vt 0.105741 0.934485
vt 0.221806 0.220614
vt 0.226861 0.197782
vt 0.208316 0.198493
vt 0.231184 0.224980
vt 0.211393 0.240663
vt 0.242637 0.199288
vt 0.068460 0.509703
vt 0.060116 0.514426
vt 0.053115 0.509997
vt 0.062358 0.499793
vt 0.070178 0.496864
vt 0.076714 0.505208
vt 0.073876 0.494336
vt 0.067214 0.481883
vt 0.070865 0.481339
vt 0.056009 0.488892
vt 0.057270 0.482349
vt 0.054499 0.469707
vt 0.048843 0.509357
vt 0.037336 0.503276
vt 0.842525 0.434463
vt 0.846116 0.432807
vt 0.849887 0.427329
vt 0.853548 0.426082
vt 0.055472 0.462591
vt 0.047586 0.450611
vt 0.052825 0.457167
vt 0.075808 0.475902
vt 0.068997 0.469964
vt 0.075028 0.470488
vt 0.079822 0.476050
vt 0.079208 0.477753
vt 0.222092 0.930915
vt 0.218701 0.248539
vt 0.209175 0.273769
vt 0.197537 0.267032
vt 0.194487 0.286303
vt 0.177867 0.304721
vt 0.183747 0.310216
vt 0.147996 0.321985
vt 0.169583 0.327382
vt 0.178306 0.335558
vt 0.179743 0.349839
vt 0.149089 0.347739
vt 0.155210 0.338550
vt 0.860217 0.428128
vt 0.857819 0.425748
vt 0.317545 0.791483
vt 0.321420 0.774539
vt 0.326655 0.773431
vt 0.340168 0.774128
vt 0.335636 0.786442
vt 0.353178 0.772977
vt 0.334465 0.796613
vt 0.314213 0.775141
vt 0.307922 0.784791
vt 0.295863 0.772424
vt 0.299793 0.771826
vt 0.863852 0.437509
vt 0.870819 0.446410
vt 0.356212 0.800673
vt 0.347796 0.806044
vt 0.345438 0.816522
vt 0.341046 0.825394
vt 0.330662 0.826106
vt 0.316065 0.816975
vt 0.368039 0.771954
vt 0.387532 0.790792
vt 0.373580 0.824052
vt 0.392181 0.810590
vt 0.382842 0.831103
vt 0.395545 0.821456
vt 0.405951 0.784542
vt 0.348604 0.839290
vt 0.349805 0.820671
vt 0.354048 0.835079
vt 0.367530 0.836814
vt 0.501418 0.866523
vt 0.543864 0.863321
vt 0.551987 0.868343
vt 0.755064 0.698768
vt 0.750583 0.700382
vt 0.752512 0.690377
vt 0.748453 0.697908
vt 0.741588 0.689610
vt 0.755107 0.662292
vt 0.769156 0.675489
vt 0.774063 0.668734
vt 0.761342 0.654640
vt 0.768140 0.652834
vt 0.777294 0.657129
vt 0.732900 0.674215
vt 0.751119 0.656878
vt 0.746587 0.645113
vt 0.768494 0.637012
vt 0.753519 0.638114
vt 0.734551 0.636148
vt 0.724028 0.672053
vt 0.402948 0.799051
vt 0.770525 0.685789
vt 0.768680 0.698128
vt 0.780772 0.683081
vt 0.784289 0.675112
vt 0.401287 0.776509
vt 0.026229 0.408492
vt 0.018669 0.402797
vt 0.535945 0.859238
vt 0.191803 0.660288
vt 0.126134 0.323302
vt 0.108123 0.321212
vt 0.105279 0.311809
vt 0.126422 0.342344
vt 0.109747 0.347670
vt 0.139171 0.355069
vt 0.167666 0.354969
vt 0.105923 0.333380
vt 0.192266 0.709121
vt 0.148404 0.365216
vt 0.631547 0.654001
vt 0.780577 0.662367
vt 0.771475 0.619470
vt 0.742470 0.620010
vt 0.747723 0.619486
vt 0.764725 0.628258
s 1
f 24/1/1 19/2/2 47/3/3
f 24/1/1 47/3/3 72/4/4
f 24/1/1 35/5/5 20/6/6
f 35/5/5 53/7/7 93/8/8
f 103/9/9 26/10/10 93/8/8
f 55/11/11 26/10/10 103/9/9
f 26/10/10 35/5/5 93/8/8
f 20/6/6 15/12/12 24/1/1
f 20/6/6 16/13/13 15/12/12
f 20/6/6 26/10/10 16/13/13
f 26/10/10 20/6/6 35/5/5
f 15/12/12 19/2/2 24/1/1
f 18/14/14 17/15/15 15/12/12
f 15/12/12 17/15/15 19/2/2
f 16/13/13 18/14/14 15/12/12
f 23/16/16 18/14/14 16/13/13
f 49/17/17 18/14/14 39/18/18
f 39/18/18 18/14/14 23/16/16
f 48/19/19 39/18/18 23/16/16
f 23/16/16 16/13/13 22/20/20
f 46/21/21 23/16/16 22/20/20
f 46/21/21 87/22/22 48/19/19
f 48/19/19 75/23/23 39/18/18
f 59/24/24 49/17/17 39/18/18
f 59/25/24 39/18/18 63/26/25
f 75/23/23 63/26/25 39/18/18
f 35/5/5 24/1/1 53/7/7
f 42/27/26 22/20/20 32/28/27
f 46/21/21 22/20/20 42/27/26
f 46/21/21 42/27/26 57/29/28
f 60/30/29 57/29/28 42/27/26
f 90/31/30 57/29/28 60/30/29
f 90/32/30 131/33/31 83/34/32
f 124/35/33 60/30/29 42/27/26
f 67/36/34 124/35/33 42/27/26
f 67/36/34 42/27/26 32/28/27
f 67/36/34 32/28/27 52/37/35
f 52/37/35 32/28/27 27/38/36
f 124/35/33 67/36/34 141/39/37
f 124/35/33 115/40/38 135/41/39
f 107/42/40 115/40/38 124/35/33
f 115/40/38 107/42/40 94/43/41
f 107/42/40 124/35/33 133/44/42
f 94/43/41 107/42/40 133/44/42
f 133/44/42 124/35/33 141/39/37
f 133/44/42 141/39/37 128/45/43
f 128/45/43 141/39/37 67/36/34
f 94/43/41 133/44/42 190/46/44
f 131/33/31 124/35/33 135/41/39
f 131/33/31 90/31/30 60/30/29
f 131/33/31 60/30/29 124/35/33
f 55/11/11 103/9/9 127/47/45
f 127/47/45 105/48/46 55/11/11
f 55/11/11 105/48/46 52/37/35
f 52/37/35 27/38/36 55/11/11
f 27/38/36 26/10/10 55/11/11
f 26/10/10 27/38/36 16/13/13
f 16/13/13 27/38/36 22/20/20
f 27/38/36 32/28/27 22/20/20
f 53/7/7 24/1/1 96/49/47
f 96/49/47 24/1/1 72/4/4
f 31/50/48 44/51/49 34/52/50
f 44/51/49 50/53/51 34/52/50
f 77/54/52 50/53/51 101/55/53
f 91/56/54 101/55/53 50/53/51
f 91/56/54 50/53/51 44/51/49
f 71/57/55 31/50/48 51/58/56
f 66/59/57 31/50/48 41/60/58
f 66/59/57 152/61/59 161/62/60
f 30/63/61 45/64/62 41/60/58
f 41/60/58 118/65/63 66/59/57
f 66/59/57 118/65/63 152/61/59
f 28/66/64 30/63/61 31/50/48
f 73/67/65 51/58/56 31/50/48
f 73/67/65 31/50/48 66/59/57
f 52/37/35 128/45/43 67/36/34
f 128/45/43 52/37/35 105/48/46
f 138/68/66 128/45/43 105/48/46
f 138/68/66 105/48/46 150/69/67
f 133/44/42 128/45/43 219/70/68
f 219/70/68 128/45/43 138/68/66
f 94/43/41 190/46/44 91/71/54
f 190/46/44 133/44/42 219/70/68
f 219/70/68 150/69/67 190/46/44
f 138/68/66 150/69/67 219/70/68
f 150/69/67 146/72/69 190/46/44
f 190/46/44 146/72/69 120/73/70
f 116/74/71 120/73/70 146/72/69
f 150/69/67 157/75/72 146/72/69
f 116/74/71 166/76/73 126/77/74
f 166/76/73 116/74/71 146/72/69
f 157/75/72 166/76/73 146/72/69
f 105/48/46 157/75/72 150/69/67
f 157/75/72 105/48/46 127/47/45
f 44/78/49 94/43/41 91/71/54
f 115/40/38 94/43/41 44/78/49
f 115/40/38 44/78/49 71/79/55
f 71/79/55 44/78/49 31/80/48
f 115/40/38 71/79/55 135/41/39
f 71/81/55 83/34/32 135/41/39
f 135/41/39 83/34/32 131/33/31
f 19/2/2 17/15/15 69/82/75
f 49/17/17 86/83/76 69/82/75
f 49/17/17 69/82/75 17/15/15
f 18/14/14 49/17/17 17/15/15
f 116/84/71 92/85/77 120/86/70
f 120/86/70 92/85/77 88/87/78
f 65/88/79 50/89/51 77/90/52
f 77/90/52 101/91/53 106/92/80
f 77/90/52 106/92/80 65/88/79
f 88/87/78 65/88/79 106/92/80
f 92/85/77 116/84/71 126/93/74
f 65/88/79 88/87/78 92/85/77
f 65/88/79 34/94/50 50/89/51
f 34/94/50 65/88/79 37/95/81
f 65/88/79 92/85/77 37/95/81
f 37/95/81 92/85/77 74/96/82
f 129/97/83 92/85/77 126/93/74
f 74/96/82 92/85/77 129/97/83
f 166/98/73 284/99/84 129/97/83
f 166/98/73 129/97/83 126/93/74
f 103/100/9 169/101/85 127/102/45
f 93/103/8 169/101/85 103/100/9
f 202/104/86 169/101/85 93/103/8
f 291/105/87 169/101/85 395/106/88
f 306/107/89 395/106/88 169/101/85
f 395/106/88 450/108/90 264/109/91
f 291/105/87 395/106/88 264/109/91
f 291/105/87 127/102/45 169/101/85
f 291/105/87 264/109/91 127/102/45
f 278/110/92 284/111/84 264/109/91
f 264/109/91 284/111/84 157/112/72
f 127/102/45 264/109/91 157/112/72
f 202/113/86 53/7/7 96/49/47
f 202/113/86 96/49/47 209/114/93
f 333/115/94 209/114/93 96/49/47
f 333/115/94 96/49/47 275/116/95
f 275/116/95 360/117/96 333/115/94
f 384/118/97 360/117/96 275/116/95
f 275/116/95 96/49/47 259/119/98
f 96/49/47 72/4/4 259/119/98
f 274/120/99 72/4/4 241/121/100
f 241/121/100 47/3/3 69/82/75
f 241/121/100 69/82/75 242/122/101
f 19/2/2 69/82/75 47/3/3
f 91/71/54 120/73/70 88/123/78
f 91/71/54 190/46/44 120/73/70
f 47/3/3 241/121/100 72/4/4
f 23/16/16 46/21/21 48/19/19
f 51/124/56 95/125/102 79/126/103
f 154/127/104 160/128/105 95/125/102
f 161/129/60 312/130/106 154/127/104
f 144/131/107 312/130/106 328/132/108
f 144/131/107 160/128/105 312/130/106
f 102/133/109 160/128/105 144/131/107
f 102/133/109 79/126/103 95/125/102
f 114/134/110 79/126/103 102/133/109
f 83/135/32 71/136/55 51/137/56
f 79/138/103 100/139/111 78/140/112
f 51/137/56 79/138/103 78/140/112
f 78/140/112 83/135/32 51/137/56
f 57/141/28 83/135/32 78/140/112
f 90/142/30 83/135/32 57/141/28
f 51/124/56 73/143/65 95/125/102
f 154/127/104 95/125/102 73/143/65
f 161/129/60 73/143/65 66/144/57
f 161/129/60 154/127/104 73/143/65
f 348/145/113 152/146/59 269/147/114
f 426/148/115 377/149/116 152/146/59
f 426/148/115 152/146/59 348/145/113
f 426/148/115 348/145/113 406/150/117
f 356/151/118 406/150/117 348/145/113
f 356/151/118 348/145/113 269/147/114
f 269/147/114 152/146/59 118/152/63
f 293/153/119 269/147/114 192/154/120
f 208/155/121 192/154/120 269/147/114
f 356/151/118 269/147/114 293/153/119
f 293/153/119 292/156/122 356/151/118
f 315/157/123 356/151/118 292/156/122
f 292/156/122 293/153/119 349/158/124
f 86/159/76 59/160/24 143/161/125
f 143/161/125 59/160/24 108/162/126
f 108/162/126 59/160/24 63/163/25
f 109/164/127 108/162/126 63/163/25
f 248/165/128 232/166/129 143/161/125
f 248/165/128 143/161/125 108/162/126
f 108/162/126 270/167/130 248/165/128
f 307/168/131 393/169/132 320/170/133
f 307/168/131 270/167/130 108/162/126
f 307/168/131 108/162/126 198/171/134
f 86/159/76 49/172/17 59/160/24
f 98/173/135 46/174/21 78/140/112
f 87/175/22 46/174/21 98/173/135
f 140/176/136 145/177/137 100/139/111
f 145/177/137 98/173/135 100/139/111
f 78/140/112 46/174/21 57/141/28
f 100/139/111 98/173/135 78/140/112
f 205/178/138 199/179/139 140/176/136
f 140/176/136 182/180/140 205/178/138
f 205/178/138 153/181/141 199/179/139
f 153/181/141 205/178/138 220/182/142
f 221/183/143 199/179/139 225/184/144
f 225/184/144 266/185/145 251/186/146
f 266/185/145 225/184/144 174/187/147
f 266/185/145 174/187/147 236/188/148
f 142/189/149 236/188/148 174/187/147
f 174/187/147 148/190/150 142/189/149
f 174/187/147 153/181/141 148/190/150
f 97/191/151 148/190/150 153/181/141
f 97/191/151 142/192/149 148/190/150
f 187/193/152 97/191/151 153/181/141
f 97/191/151 187/193/152 68/194/153
f 100/195/111 79/126/103 114/134/110
f 68/196/153 70/197/154 61/198/155
f 111/199/156 183/200/157 139/201/158
f 218/202/159 313/203/160 183/200/157
f 187/204/152 70/197/154 68/196/153
f 122/205/161 220/206/142 182/207/140
f 122/205/161 182/208/140 99/209/162
f 70/197/154 99/209/162 80/210/163
f 109/211/127 48/212/19 87/213/22
f 198/214/134 109/211/127 197/215/164
f 109/211/127 75/216/23 48/212/19
f 87/213/22 145/217/137 109/211/127
f 109/211/127 145/217/137 197/215/164
f 140/218/136 197/215/164 145/217/137
f 198/214/134 277/219/165 307/220/131
f 317/221/166 277/219/165 197/215/164
f 317/221/166 197/215/164 303/222/167
f 266/223/145 371/224/168 251/225/146
f 371/224/168 382/226/169 251/225/146
f 251/225/146 382/226/169 221/227/143
f 221/227/143 382/226/169 303/222/167
f 221/227/143 303/222/167 197/215/164
f 197/215/164 199/228/139 221/229/143
f 199/228/139 197/215/164 140/218/136
f 98/230/135 145/217/137 87/213/22
f 108/162/126 109/164/127 198/171/134
f 109/211/127 63/231/25 75/216/23
f 307/220/131 277/219/165 383/232/170
f 277/219/165 317/221/166 431/233/171
f 431/233/171 388/234/172 277/219/165
f 277/219/165 388/234/172 383/232/170
f 307/220/131 383/232/170 388/234/172
f 277/219/165 198/214/134 197/215/164
f 100/139/111 99/235/162 182/180/140
f 220/182/142 122/236/161 187/193/152
f 187/193/152 153/181/141 220/182/142
f 153/181/141 174/187/147 199/179/139
f 225/184/144 199/179/139 174/187/147
f 221/183/143 225/184/144 251/186/146
f 220/182/142 205/178/138 182/180/140
f 100/237/111 114/238/110 99/209/162
f 122/205/161 99/209/162 70/197/154
f 122/205/161 70/197/154 187/204/152
f 97/239/151 36/240/173 142/241/149
f 56/242/174 142/241/149 36/240/173
f 97/239/151 29/243/175 36/240/173
f 29/243/175 97/239/151 68/244/153
f 29/243/175 68/244/153 61/245/155
f 61/245/155 62/246/176 29/243/175
f 36/240/173 29/243/175 12/247/177
f 11/248/178 29/243/175 62/246/176
f 29/243/175 11/248/178 12/247/177
f 12/247/177 9/249/179 13/250/180
f 236/251/148 142/241/149 56/242/174
f 54/252/181 56/242/174 13/250/180
f 56/242/174 54/252/181 132/253/182
f 56/242/174 132/253/182 280/254/183
f 236/251/148 56/242/174 280/254/183
f 284/111/84 166/255/73 157/112/72
f 202/104/86 93/103/8 53/256/7
f 169/101/85 202/104/86 306/107/89
f 306/107/89 202/104/86 311/257/184
f 386/258/185 311/257/184 416/259/186
f 416/259/186 430/260/187 386/258/185
f 311/257/184 332/261/188 416/259/186
f 430/260/187 259/262/98 274/263/99
f 430/260/187 274/263/99 486/264/189
f 311/257/184 202/104/86 209/265/93
f 209/265/93 333/266/94 332/261/188
f 209/265/93 332/261/188 311/257/184
f 419/267/190 386/258/185 439/268/191
f 533/269/192 430/260/187 486/264/189
f 430/260/187 439/268/191 386/258/185
f 430/260/187 533/269/192 439/268/191
f 563/270/193 439/268/191 533/269/192
f 533/269/192 654/271/194 646/272/195
f 646/272/195 703/273/196 658/274/197
f 646/272/195 658/274/197 592/275/198
f 658/274/197 721/276/199 592/275/198
f 563/270/193 592/275/198 439/268/191
f 562/277/200 592/275/198 721/276/199
f 562/277/200 479/278/201 419/267/190
f 592/275/198 562/277/200 419/267/190
f 439/268/191 592/275/198 419/267/190
f 332/261/188 333/266/94 360/279/96
f 332/261/188 360/279/96 416/259/186
f 360/117/96 384/118/97 416/280/186
f 259/119/98 384/118/97 275/116/95
f 430/281/187 384/118/97 259/119/98
f 72/4/4 274/120/99 259/119/98
f 355/282/202 274/120/99 241/121/100
f 355/282/202 241/121/100 242/122/101
f 327/283/203 242/122/101 240/284/204
f 86/83/76 242/122/101 69/82/75
f 86/83/76 240/284/204 242/122/101
f 240/284/204 143/285/125 232/286/129
f 240/284/204 86/83/76 143/285/125
f 479/278/201 562/277/200 552/287/205
f 395/106/88 479/278/201 450/108/90
f 450/108/90 479/278/201 552/287/205
f 450/108/90 552/287/205 726/288/206
f 264/109/91 450/108/90 608/289/207
f 732/290/208 264/109/91 608/289/207
f 608/289/207 726/288/206 732/290/208
f 919/291/209 726/288/206 917/292/210
f 608/289/207 450/108/90 726/288/206
f 811/293/211 726/288/206 552/287/205
f 395/106/88 306/107/89 479/278/201
f 311/257/184 386/258/185 306/107/89
f 306/107/89 386/258/185 419/267/190
f 129/97/83 284/99/84 278/294/92
f 278/294/92 151/295/212 129/97/83
f 129/97/83 123/296/213 74/96/82
f 31/297/48 34/94/50 28/298/64
f 30/299/61 28/298/64 33/300/214
f 40/301/215 30/299/61 33/300/214
f 416/280/186 384/118/97 430/302/187
f 327/283/203 355/282/202 242/122/101
f 419/267/190 479/278/201 306/107/89
f 513/303/216 628/304/217 525/305/218
f 525/305/218 355/306/202 341/307/219
f 341/307/219 355/306/202 327/308/203
f 341/307/219 453/309/220 513/303/216
f 525/305/218 341/307/219 513/303/216
f 453/309/220 481/310/221 513/303/216
f 481/310/221 453/309/220 341/307/219
f 240/311/204 341/307/219 327/308/203
f 232/312/129 341/307/219 240/311/204
f 481/310/221 341/307/219 396/313/222
f 396/313/222 341/307/219 232/312/129
f 396/313/222 232/312/129 358/314/223
f 355/315/202 486/316/189 274/317/99
f 533/318/192 486/316/189 585/319/224
f 585/319/224 650/320/225 533/318/192
f 585/319/224 486/316/189 525/321/218
f 650/320/225 585/319/224 731/322/226
f 650/320/225 731/322/226 734/323/227
f 650/320/225 690/324/228 654/325/194
f 654/325/194 533/318/192 650/320/225
f 779/326/229 702/327/230 690/324/228
f 690/324/228 702/327/230 654/325/194
f 646/328/195 702/327/230 703/329/196
f 703/329/196 702/327/230 779/326/229
f 779/326/229 734/323/227 795/330/231
f 734/323/227 779/326/229 690/324/228
f 734/323/227 690/324/228 650/320/225
f 795/330/231 721/331/199 779/326/229
f 703/329/196 779/326/229 721/331/199
f 703/329/196 721/331/199 658/332/197
f 702/327/230 646/328/195 654/325/194
f 646/272/195 592/275/198 563/270/193
f 563/270/193 533/269/192 646/272/195
f 811/333/211 552/287/205 562/277/200
f 562/334/200 721/335/199 737/336/232
f 811/337/211 562/334/200 827/338/233
f 726/339/206 811/337/211 917/340/210
f 811/337/211 962/341/234 917/340/210
f 924/342/235 962/341/234 811/337/211
f 924/342/235 1004/343/236 962/341/234
f 1062/344/237 962/341/234 1004/343/236
f 924/342/235 811/337/211 827/338/233
f 939/345/238 952/346/239 923/347/240
f 827/338/233 939/345/238 923/347/240
f 961/348/241 939/345/238 948/349/242
f 926/350/243 948/349/242 827/338/233
f 939/345/238 827/338/233 948/349/242
f 721/335/199 795/351/231 852/352/244
f 721/335/199 852/352/244 813/353/245
f 813/353/245 1006/354/246 737/336/232
f 737/336/232 721/335/199 813/353/245
f 795/355/231 683/356/247 852/357/244
f 683/356/247 795/355/231 734/358/227
f 696/359/248 683/356/247 525/360/218
f 525/360/218 683/356/247 585/361/224
f 683/356/247 731/362/226 585/363/224
f 827/338/233 562/334/200 737/336/232
f 737/336/232 926/350/243 827/338/233
f 900/364/249 905/365/250 955/366/251
f 905/365/250 932/367/252 955/366/251
f 955/366/251 990/368/253 900/364/249
f 984/369/254 900/364/249 990/368/253
f 984/369/254 990/368/253 1050/370/255
f 900/364/249 984/369/254 963/371/256
f 852/352/244 1006/354/246 813/353/245
f 1006/354/246 926/350/243 737/336/232
f 948/349/242 926/350/243 1006/354/246
f 961/348/241 952/346/239 939/345/238
f 924/342/235 827/338/233 1031/372/257
f 1031/373/257 952/346/239 1044/374/258
f 827/338/233 923/347/240 1031/372/257
f 952/346/239 961/348/241 1033/375/259
f 1033/375/259 961/348/241 948/349/242
f 1025/376/260 1055/377/261 1006/354/246
f 1025/376/260 963/371/256 984/369/254
f 1010/378/262 1050/370/255 990/368/253
f 1006/354/246 900/364/249 963/371/256
f 1006/354/246 963/371/256 1025/376/260
f 900/379/249 852/357/244 905/380/250
f 866/381/263 905/380/250 852/357/244
f 932/382/252 905/380/250 920/383/264
f 920/383/264 905/380/250 866/381/263
f 932/382/252 920/383/264 954/384/265
f 932/382/252 954/384/265 955/385/251
f 732/290/208 726/288/206 919/291/209
f 1004/343/236 924/342/235 1031/372/257
f 852/352/244 900/364/249 1006/354/246
f 248/386/128 270/387/130 358/388/223
f 358/388/223 270/387/130 310/389/266
f 310/389/266 270/390/130 299/391/267
f 299/391/267 321/392/268 310/389/266
f 310/389/266 321/392/268 340/393/269
f 320/394/133 321/392/268 299/395/267
f 321/392/268 320/394/133 340/393/269
f 340/393/269 361/396/270 310/389/266
f 310/389/266 361/396/270 358/388/223
f 358/388/223 232/397/129 248/386/128
f 340/398/269 393/399/132 361/400/270
f 408/401/271 393/399/132 434/402/272
f 408/401/271 434/402/272 364/403/273
f 364/403/273 346/404/274 390/405/275
f 390/405/275 346/404/274 409/406/276
f 346/404/274 364/403/273 353/407/277
f 390/405/275 408/401/271 364/403/273
f 415/408/278 358/409/223 390/405/275
f 409/406/276 415/408/278 390/405/275
f 415/408/278 396/410/222 358/409/223
f 530/411/279 481/412/221 396/410/222
f 361/400/270 393/399/132 408/401/271
f 408/401/271 390/405/275 361/400/270
f 390/405/275 358/409/223 361/400/270
f 449/413/280 415/408/278 409/406/276
f 415/408/278 493/414/281 461/415/282
f 493/414/281 415/408/278 449/413/280
f 385/416/283 422/417/284 409/406/276
f 554/418/285 666/419/286 588/420/287
f 666/419/286 554/418/285 641/421/288
f 666/419/286 641/421/288 763/422/289
f 763/422/289 641/421/288 716/423/290
f 385/424/283 409/425/276 346/426/274
f 385/424/283 346/426/274 347/427/291
f 355/306/202 525/305/218 486/428/189
f 554/418/285 493/414/281 449/413/280
f 449/413/280 422/417/284 554/418/285
f 641/421/288 554/418/285 422/417/284
f 588/420/287 493/414/281 554/418/285
f 461/415/282 396/410/222 415/408/278
f 409/406/276 422/417/284 449/413/280
f 481/310/221 530/429/279 582/430/292
f 577/431/293 481/310/221 582/430/292
f 481/310/221 577/431/293 513/303/216
f 461/415/282 530/411/279 396/410/222
f 643/432/294 530/411/279 461/415/282
f 530/411/279 643/432/294 609/433/295
f 647/434/296 609/433/295 643/432/294
f 666/419/286 643/432/294 588/420/287
f 493/414/281 588/420/287 461/415/282
f 588/420/287 643/432/294 461/415/282
f 516/435/297 422/436/284 385/437/283
f 641/438/288 422/436/284 516/435/297
f 516/435/297 385/439/283 404/440/298
f 511/441/299 613/442/300 622/443/301
f 613/442/300 652/444/302 622/443/301
f 706/445/303 622/443/301 688/446/304
f 706/445/303 688/446/304 744/447/305
f 744/447/305 750/448/306 706/445/303
f 622/443/301 706/445/303 569/449/307
f 569/449/307 706/445/303 714/450/308
f 769/451/309 714/450/308 706/445/303
f 769/451/309 706/445/303 750/448/306
f 714/450/308 769/451/309 792/452/310
f 714/450/308 792/452/310 816/453/311
f 714/450/308 816/453/311 645/454/312
f 816/453/311 817/455/313 645/454/312
f 645/454/312 569/449/307 714/450/308
f 622/443/301 569/449/307 511/441/299
f 645/454/312 516/435/297 404/440/298
f 645/454/312 404/440/298 569/449/307
f 645/454/312 817/455/313 716/456/290
f 716/456/290 817/455/313 844/457/314
f 844/457/314 817/455/313 906/458/315
f 906/458/315 817/455/313 901/459/316
f 901/459/316 817/455/313 816/453/311
f 858/460/317 901/459/316 816/453/311
f 844/457/314 828/461/318 716/456/290
f 716/456/290 641/438/288 516/435/297
f 556/462/319 582/463/292 559/464/320
f 577/465/293 582/463/292 556/462/319
f 556/462/319 559/464/320 517/466/321
f 517/466/321 431/467/171 524/468/322
f 517/466/321 435/469/323 431/467/171
f 524/468/322 570/470/324 517/466/321
f 556/462/319 517/466/321 570/470/324
f 577/465/293 556/462/319 583/471/325
f 513/472/216 577/465/293 628/473/217
f 628/473/217 577/465/293 615/474/326
f 615/474/326 577/465/293 583/471/325
f 583/471/325 556/462/319 570/470/324
f 615/474/326 583/471/325 570/470/324
f 629/475/327 524/468/322 598/476/328
f 632/477/329 524/468/322 629/475/327
f 524/468/322 632/477/329 570/470/324
f 615/474/326 570/470/324 632/477/329
f 678/478/330 615/474/326 632/477/329
f 615/474/326 678/478/330 700/479/331
f 615/474/326 700/479/331 628/473/217
f 700/479/331 696/480/248 628/473/217
f 559/481/320 582/482/292 609/483/295
f 534/484/332 517/485/321 559/481/320
f 603/486/333 610/487/334 674/488/335
f 674/488/335 610/487/334 711/489/336
f 711/489/336 610/487/334 647/490/296
f 643/491/294 711/489/336 647/490/296
f 582/482/292 530/492/279 609/483/295
f 516/435/297 645/454/312 716/456/290
f 647/490/296 610/487/334 559/481/320
f 647/490/296 559/481/320 609/483/295
f 643/493/294 738/494/337 746/495/338
f 643/493/294 666/496/286 738/494/337
f 525/497/218 628/498/217 696/499/248
f 711/489/336 683/500/247 696/499/248
f 833/501/339 683/500/247 746/502/338
f 833/501/339 746/502/338 847/503/340
f 833/504/339 847/503/340 893/505/341
f 711/489/336 643/491/294 746/502/338
f 746/502/338 683/500/247 711/489/336
f 700/506/331 711/489/336 696/499/248
f 763/507/289 738/494/337 666/496/286
f 931/508/342 944/509/343 828/510/318
f 931/508/342 828/510/318 844/511/314
f 763/507/289 716/512/290 828/510/318
f 866/381/263 683/356/247 833/513/339
f 683/356/247 866/381/263 852/357/244
f 731/362/226 683/356/247 734/358/227
f 746/495/338 738/494/337 847/514/340
f 738/494/337 763/507/289 828/510/318
f 866/381/263 833/513/339 893/515/341
f 920/383/264 866/381/263 893/515/341
f 1010/516/262 954/384/265 975/517/344
f 954/384/265 920/383/264 975/517/344
f 1012/518/345 1032/519/346 944/520/343
f 944/520/343 1032/519/346 975/517/344
f 975/517/344 938/521/347 944/520/343
f 847/503/340 944/522/343 893/505/341
f 944/522/343 938/523/347 893/524/341
f 738/494/337 828/510/318 847/514/340
f 944/509/343 847/514/340 828/510/318
f 1038/525/348 931/508/342 971/526/349
f 844/511/314 971/526/349 931/508/342
f 971/526/349 844/511/314 953/527/350
f 953/527/350 844/511/314 906/528/315
f 953/527/350 906/529/315 901/530/316
f 953/527/350 901/530/316 890/531/351
f 971/526/349 953/527/350 890/531/351
f 971/526/349 890/531/351 922/532/352
f 980/533/353 971/526/349 922/532/352
f 904/534/354 980/533/353 922/532/352
f 980/533/353 1014/535/355 1038/525/348
f 980/533/353 1038/525/348 971/526/349
f 893/515/341 938/521/347 920/383/264
f 938/521/347 975/517/344 920/383/264
f 931/508/342 1012/536/345 944/509/343
f 100/139/111 182/180/140 140/176/136
f 320/537/133 299/538/267 270/539/130
f 270/539/130 307/540/131 320/537/133
f 266/541/145 236/542/148 353/543/277
f 266/541/145 353/543/277 369/544/356
f 371/545/168 266/541/145 369/544/356
f 508/546/357 371/545/168 369/544/356
f 508/546/357 369/544/356 566/547/358
f 566/547/358 598/548/328 508/546/357
f 508/546/357 303/549/167 382/550/169
f 371/545/168 508/546/357 382/550/169
f 434/551/272 393/552/132 435/553/323
f 435/553/323 393/552/132 307/554/131
f 320/555/133 393/552/132 340/556/269
f 364/557/273 369/544/356 353/543/277
f 364/557/273 459/558/359 369/544/356
f 459/558/359 364/557/273 434/551/272
f 459/558/359 434/551/272 534/559/332
f 517/560/321 534/559/332 434/551/272
f 431/561/171 435/553/323 388/562/172
f 388/562/172 435/553/323 307/554/131
f 353/563/277 236/564/148 366/565/360
f 347/427/291 353/563/277 366/565/360
f 353/563/277 347/427/291 346/426/274
f 347/427/291 366/565/360 404/566/298
f 366/565/360 438/567/361 440/568/362
f 366/565/360 440/568/362 404/566/298
f 280/569/183 446/570/363 366/565/360
f 438/567/361 366/565/360 446/570/363
f 511/571/299 440/568/362 438/567/361
f 438/567/361 539/572/364 511/571/299
f 446/570/363 280/569/183 210/573/365
f 210/573/365 280/569/183 132/574/182
f 280/569/183 366/565/360 236/564/148
f 303/222/167 508/575/357 502/576/366
f 303/222/167 502/576/366 431/233/171
f 303/222/167 431/233/171 317/221/166
f 459/558/359 566/547/358 369/544/356
f 598/476/328 524/468/322 502/577/366
f 632/477/329 629/475/327 678/478/330
f 678/478/330 629/475/327 674/578/335
f 674/578/335 598/476/328 603/579/333
f 598/476/328 674/578/335 629/475/327
f 610/580/334 603/579/333 566/581/358
f 610/580/334 566/581/358 534/582/332
f 534/582/332 566/581/358 459/583/359
f 566/581/358 603/579/333 598/476/328
f 598/476/328 502/577/366 508/584/357
f 435/469/323 517/466/321 434/585/272
f 524/468/322 431/467/171 502/577/366
f 534/582/332 559/586/320 610/580/334
f 674/578/335 700/479/331 678/478/330
f 700/479/331 674/578/335 711/587/336
f 794/588/367 782/589/368 820/590/369
f 792/591/310 890/531/351 858/592/317
f 890/531/351 792/591/310 794/588/367
f 769/593/309 782/589/368 792/591/310
f 792/591/310 782/589/368 794/588/367
f 782/589/368 750/594/306 783/595/370
f 783/595/370 750/594/306 798/596/371
f 782/589/368 783/595/370 820/590/369
f 814/597/372 783/595/370 798/596/371
f 807/598/373 750/594/306 744/599/305
f 769/593/309 750/594/306 782/589/368
f 798/596/371 750/594/306 807/598/373
f 862/600/374 798/596/371 807/598/373
f 814/597/372 798/596/371 904/534/354
f 798/596/371 888/601/375 904/534/354
f 904/534/354 888/601/375 1014/602/355
f 792/452/310 858/460/317 816/453/311
f 880/603/376 807/604/373 849/605/377
f 849/605/377 807/604/373 744/447/305
f 820/590/369 783/595/370 814/597/372
f 820/590/369 814/597/372 877/606/378
f 877/606/378 814/597/372 904/534/354
f 922/532/352 877/606/378 904/534/354
f 877/606/378 890/531/351 794/588/367
f 877/606/378 794/588/367 820/590/369
f 862/600/374 807/598/373 880/607/376
f 880/607/376 888/601/375 862/600/374
f 798/596/371 862/600/374 888/601/375
f 849/608/377 909/609/379 880/610/376
f 880/610/376 909/609/379 933/611/380
f 874/612/381 933/611/380 909/609/379
f 867/613/382 909/609/379 849/608/377
f 849/608/377 765/614/383 867/613/382
f 790/615/384 867/613/382 842/616/385
f 909/609/379 867/613/382 790/615/384
f 874/612/381 886/617/386 936/618/387
f 1013/619/388 1101/620/389 972/621/390
f 879/622/391 972/621/390 936/618/387
f 886/617/386 875/623/392 936/618/387
f 875/623/392 879/622/391 936/618/387
f 937/624/393 972/621/390 879/622/391
f 879/622/391 875/623/392 761/625/394
f 761/625/394 775/626/395 887/627/396
f 937/624/393 879/622/391 887/627/396
f 890/531/351 877/606/378 922/532/352
f 890/531/351 901/530/316 858/592/317
f 933/611/380 874/612/381 982/628/397
f 982/628/397 995/629/398 933/611/380
f 982/628/397 936/618/387 972/621/390
f 936/618/387 982/628/397 874/612/381
f 28/298/64 34/94/50 37/95/81
f 33/300/214 28/298/64 37/95/81
f 31/50/48 30/63/61 41/60/58
f 37/95/81 74/96/82 64/630/399
f 37/95/81 64/630/399 33/300/214
f 40/301/215 33/300/214 58/631/400
f 123/296/213 64/630/399 74/96/82
f 129/97/83 64/630/399 123/296/213
f 151/295/212 64/630/399 129/97/83
f 151/295/212 117/632/401 64/630/399
f 201/633/402 117/632/401 151/295/212
f 130/634/403 58/631/400 117/632/401
f 130/634/403 117/632/401 184/635/404
f 130/634/403 184/635/404 193/636/405
f 201/633/402 243/637/406 185/638/407
f 201/633/402 185/638/407 117/632/401
f 185/638/407 243/637/406 213/639/408
f 151/295/212 243/637/406 201/633/402
f 58/640/400 82/641/409 40/642/215
f 58/640/400 130/643/403 82/641/409
f 82/641/409 130/643/403 155/644/410
f 45/645/62 30/646/61 40/642/215
f 40/642/215 82/641/409 113/647/411
f 40/642/215 113/647/411 84/648/412
f 45/645/62 40/642/215 84/648/412
f 113/647/411 237/649/413 188/650/414
f 113/647/411 188/650/414 84/648/412
f 64/630/399 117/632/401 33/300/214
f 33/300/214 117/632/401 58/631/400
f 101/55/53 91/56/54 106/651/80
f 106/651/80 91/56/54 88/652/78
f 156/653/415 130/634/403 193/636/405
f 176/654/416 156/653/415 193/636/405
f 418/655/417 243/637/406 151/295/212
f 418/655/417 213/639/408 243/637/406
f 418/655/417 403/656/418 213/639/408
f 403/656/418 281/657/419 213/639/408
f 156/653/415 176/654/416 136/658/420
f 230/659/421 200/660/422 164/661/423
f 230/662/421 164/661/423 176/654/416
f 233/663/424 176/654/416 247/664/425
f 247/665/425 176/654/416 265/666/426
f 193/636/405 213/639/408 281/657/419
f 193/636/405 265/666/426 176/654/416
f 281/657/419 265/666/426 193/636/405
f 264/667/91 602/668/427 418/655/417
f 278/294/92 264/667/91 418/655/417
f 151/295/212 278/294/92 418/655/417
f 136/658/420 176/654/416 164/661/423
f 41/669/58 45/670/62 118/671/63
f 45/670/62 158/672/428 118/671/63
f 118/671/63 158/672/428 208/673/121
f 238/674/429 188/675/414 200/676/422
f 200/676/422 231/677/430 238/674/429
f 188/675/414 238/674/429 189/678/431
f 188/675/414 189/678/431 84/679/412
f 84/679/412 158/672/428 45/670/62
f 84/679/412 189/678/431 158/672/428
f 158/672/428 189/678/431 170/680/432
f 158/672/428 170/680/432 149/681/433
f 189/678/431 238/674/429 170/680/432
f 231/677/430 170/680/432 238/674/429
f 200/676/422 230/682/421 231/677/430
f 80/210/163 121/683/434 85/684/435
f 121/683/434 173/685/436 207/686/437
f 102/687/109 173/685/436 121/683/434
f 70/197/154 80/210/163 61/198/155
f 80/210/163 85/684/435 61/198/155
f 111/199/156 139/201/158 76/688/438
f 183/200/157 111/199/156 218/202/159
f 61/198/155 85/684/435 76/688/438
f 111/199/156 76/688/438 85/684/435
f 112/689/439 217/690/440 111/199/156
f 217/690/440 112/689/439 85/684/435
f 85/684/435 112/689/439 111/199/156
f 102/133/109 95/125/102 160/128/105
f 154/127/104 312/130/106 160/128/105
f 121/683/434 80/210/163 102/687/109
f 99/209/162 114/691/110 102/687/109
f 80/210/163 99/209/162 102/687/109
f 185/638/407 184/635/404 117/632/401
f 193/636/405 184/635/404 185/638/407
f 193/636/405 185/638/407 213/639/408
f 156/692/415 136/693/420 130/643/403
f 188/650/414 237/649/413 200/694/422
f 164/695/423 200/694/422 237/649/413
f 130/643/403 229/696/441 155/644/410
f 82/641/409 155/644/410 113/647/411
f 113/647/411 155/644/410 229/696/441
f 164/695/423 229/696/441 130/643/403
f 136/693/420 164/695/423 130/643/403
f 233/697/424 230/698/421 176/699/416
f 258/700/442 231/701/430 230/698/421
f 230/698/421 233/697/424 261/702/443
f 246/703/444 261/702/443 215/704/445
f 215/704/445 261/702/443 233/697/424
f 261/702/443 246/703/444 230/698/421
f 246/703/444 253/705/446 258/700/442
f 231/701/430 258/700/442 253/705/446
f 246/703/444 258/700/442 230/698/421
f 247/706/425 215/704/445 233/697/424
f 215/704/445 247/706/425 252/707/447
f 244/708/448 215/704/445 252/707/447
f 113/647/411 229/696/441 237/649/413
f 164/695/423 237/649/413 229/696/441
f 215/704/445 214/709/449 235/710/450
f 214/709/449 295/711/451 250/712/452
f 257/713/453 295/711/451 214/709/449
f 257/713/453 363/714/454 295/711/451
f 295/711/451 473/715/455 433/716/456
f 295/711/451 363/714/454 473/715/455
f 295/711/451 433/716/456 381/717/457
f 295/711/451 381/717/457 250/712/452
f 214/709/449 250/712/452 235/710/450
f 342/718/458 265/719/426 281/720/419
f 281/720/419 403/721/418 342/718/458
f 265/719/426 342/718/458 247/722/425
f 497/723/459 373/724/460 500/725/461
f 373/724/460 497/723/459 352/726/462
f 244/727/448 373/724/460 352/726/462
f 263/728/463 244/727/448 352/726/462
f 342/718/458 403/721/418 410/729/464
f 565/730/465 403/721/418 418/731/417
f 565/730/465 418/731/417 602/732/427
f 565/730/465 602/732/427 729/733/466
f 565/730/465 729/733/466 679/734/467
f 410/729/464 403/721/418 565/730/465
f 410/729/464 565/730/465 604/735/468
f 604/735/468 500/725/461 410/729/464
f 662/736/469 626/737/470 584/738/471
f 715/739/472 626/737/470 662/736/469
f 662/736/469 584/738/471 685/740/473
f 584/738/471 500/741/461 685/740/473
f 715/739/472 662/736/469 659/742/474
f 659/742/474 662/736/469 663/743/475
f 663/743/475 604/744/468 659/742/474
f 663/743/475 662/736/469 695/745/476
f 663/743/475 695/745/476 604/744/468
f 500/741/461 604/744/468 695/745/476
f 695/745/476 685/740/473 500/741/461
f 604/744/468 565/746/465 659/742/474
f 626/737/470 636/747/477 584/738/471
f 732/748/208 602/749/427 264/750/91
f 729/733/466 602/732/427 919/751/209
f 565/746/465 715/739/472 659/742/474
f 715/739/472 565/746/465 679/752/467
f 774/753/478 715/739/472 679/752/467
f 679/734/467 729/733/466 774/754/478
f 806/755/479 774/756/478 871/757/480
f 802/758/481 871/757/480 855/759/482
f 871/757/480 925/760/483 935/761/484
f 871/757/480 935/761/484 956/762/485
f 956/762/485 1068/763/486 1030/764/487
f 1030/764/487 1068/763/486 1103/765/488
f 1151/766/489 1103/765/488 1197/767/490
f 1103/765/488 1068/763/486 1197/767/490
f 1151/766/489 1197/767/490 1216/768/491
f 1122/769/492 1216/768/491 1082/770/493
f 1174/771/494 1216/768/491 1122/769/492
f 732/772/208 919/773/209 602/732/427
f 919/774/209 1107/775/495 1097/776/496
f 919/774/209 1097/776/496 950/777/497
f 950/777/497 1097/776/496 1126/778/498
f 919/774/209 950/777/497 729/779/466
f 925/760/483 729/779/466 950/777/497
f 729/779/466 925/760/483 774/756/478
f 871/757/480 774/756/478 925/760/483
f 950/777/497 935/761/484 925/760/483
f 1079/780/499 950/777/497 1126/778/498
f 1126/778/498 1097/776/496 1149/781/500
f 1146/782/501 1211/783/502 1198/784/503
f 1211/783/502 1149/781/500 1097/776/496
f 244/727/448 252/785/447 373/724/460
f 363/714/454 257/713/453 263/786/463
f 263/786/463 352/787/462 363/714/454
f 263/786/463 216/788/504 244/789/448
f 244/708/448 216/788/504 215/704/445
f 214/709/449 215/704/445 216/788/504
f 257/713/453 216/788/504 263/786/463
f 216/788/504 257/713/453 214/709/449
f 252/785/447 247/722/425 342/718/458
f 342/718/458 410/729/464 373/724/460
f 342/718/458 373/724/460 252/785/447
f 500/725/461 373/724/460 410/729/464
f 473/790/455 591/791/505 601/792/506
f 473/793/455 463/794/507 591/791/505
f 591/791/505 463/794/507 594/795/508
f 601/792/506 591/791/505 786/796/509
f 786/796/509 591/791/505 800/797/510
f 800/797/510 591/791/505 764/798/511
f 764/798/511 591/791/505 594/795/508
f 730/799/512 764/798/511 594/795/508
f 636/800/477 730/799/512 594/795/508
f 547/801/513 636/800/477 578/802/514
f 547/801/513 578/802/514 463/794/507
f 636/800/477 547/801/513 584/803/471
f 500/804/461 584/803/471 497/805/459
f 497/805/459 584/803/471 547/801/513
f 363/806/454 463/794/507 473/793/455
f 463/794/507 363/806/454 352/807/462
f 463/794/507 578/802/514 594/795/508
f 352/807/462 497/805/459 547/801/513
f 463/794/507 352/807/462 547/801/513
f 499/808/515 456/809/516 579/810/517
f 499/808/515 579/810/517 545/811/518
f 454/812/519 579/810/517 456/809/516
f 579/810/517 454/812/519 536/813/520
f 322/814/521 381/815/457 338/816/522
f 338/816/522 445/817/523 362/818/524
f 454/819/519 433/820/456 536/821/520
f 536/821/520 433/820/456 542/822/525
f 542/822/525 433/820/456 664/823/526
f 664/823/526 433/820/456 601/792/506
f 473/790/455 601/792/506 433/820/456
f 536/813/520 542/824/525 579/810/517
f 579/810/517 542/824/525 630/825/527
f 630/825/527 649/826/528 579/810/517
f 630/825/527 697/827/529 649/826/528
f 824/828/530 801/829/531 845/830/532
f 823/831/533 824/828/530 845/830/532
f 747/832/534 801/829/531 824/828/530
f 784/833/535 801/829/531 660/834/536
f 697/827/529 784/833/535 660/834/536
f 747/832/534 660/834/536 801/829/531
f 747/832/534 754/835/537 660/834/536
f 824/828/530 823/831/533 754/835/537
f 754/835/537 823/831/533 743/836/538
f 611/837/539 660/834/536 538/838/540
f 611/837/539 538/838/540 545/811/518
f 445/817/523 490/839/541 538/838/540
f 445/817/523 338/816/522 490/839/541
f 490/839/541 338/816/522 441/840/542
f 685/740/473 695/745/476 662/736/469
f 578/802/514 636/800/477 594/795/508
f 636/800/477 626/841/470 715/842/472
f 713/843/543 636/800/477 715/842/472
f 730/799/512 636/800/477 713/843/543
f 713/844/543 715/845/472 806/846/479
f 713/844/543 806/846/479 802/847/481
f 802/847/481 806/846/479 871/848/480
f 715/845/472 774/849/478 806/846/479
f 730/850/512 713/844/543 802/847/481
f 804/851/544 764/852/511 730/850/512
f 855/853/482 804/851/544 802/847/481
f 730/850/512 802/847/481 804/851/544
f 748/854/545 753/855/546 784/856/535
f 753/855/546 793/857/547 845/858/532
f 845/858/532 801/859/531 784/856/535
f 845/858/532 784/856/535 753/855/546
f 748/854/545 735/860/548 753/855/546
f 735/860/548 664/823/526 753/855/546
f 748/854/545 784/856/535 697/861/529
f 697/861/529 735/860/548 748/854/545
f 804/862/544 861/863/549 764/864/511
f 861/863/549 804/862/544 855/759/482
f 800/865/510 764/864/511 894/866/550
f 800/865/510 859/867/551 786/868/509
f 859/867/551 800/865/510 916/869/552
f 786/868/509 859/867/551 601/870/506
f 976/871/553 859/867/551 916/869/552
f 976/871/553 1016/872/554 859/867/551
f 800/865/510 894/866/550 916/869/552
f 956/762/485 916/869/552 894/866/550
f 916/869/552 956/762/485 1030/764/487
f 1030/764/487 1103/765/488 976/871/553
f 1016/872/554 976/871/553 1134/873/555
f 976/871/553 916/869/552 1030/764/487
f 841/874/556 601/870/506 859/867/551
f 884/875/557 793/876/547 841/874/556
f 841/874/556 951/877/558 884/875/557
f 929/878/559 884/875/557 951/877/558
f 929/878/559 951/877/558 1037/879/560
f 841/874/556 859/867/551 1016/872/554
f 861/863/549 894/866/550 764/864/511
f 871/757/480 956/762/485 855/759/482
f 894/866/550 861/863/549 956/762/485
f 855/759/482 956/762/485 861/863/549
f 149/681/433 170/680/432 192/880/120
f 192/881/120 158/672/428 149/681/433
f 158/882/428 192/154/120 208/155/121
f 208/155/121 269/147/114 118/152/63
f 328/883/108 173/685/436 144/884/107
f 207/686/437 426/885/115 406/886/117
f 315/887/123 207/686/437 406/886/117
f 207/686/437 217/690/440 85/684/435
f 121/683/434 207/686/437 85/684/435
f 102/687/109 144/884/107 173/685/436
f 204/888/561 181/889/562 254/890/563
f 472/891/564 288/892/565 397/893/566
f 313/894/160 535/895/567 460/896/568
f 313/894/160 472/891/564 535/895/567
f 472/891/564 313/894/160 288/892/565
f 397/893/566 509/897/569 472/891/564
f 288/892/565 318/898/570 397/893/566
f 288/892/565 196/899/571 318/898/570
f 204/888/561 159/900/572 181/889/562
f 168/901/573 181/889/562 159/900/572
f 162/902/574 196/899/571 168/901/573
f 168/901/573 159/900/572 162/902/574
f 318/898/570 249/903/575 305/904/576
f 465/905/577 318/898/570 305/904/576
f 162/902/574 249/903/575 196/899/571
f 168/901/573 288/892/565 234/906/578
f 168/901/573 234/906/578 181/889/562
f 178/907/579 159/900/572 204/888/561
f 159/900/572 178/907/579 179/908/580
f 179/908/580 178/907/579 167/909/581
f 179/908/580 162/902/574 159/900/572
f 162/902/574 179/908/580 249/903/575
f 204/888/561 203/910/582 178/907/579
f 178/907/579 203/910/582 163/911/583
f 203/910/582 204/888/561 304/912/584
f 203/910/582 304/912/584 314/913/585
f 178/907/579 163/911/583 167/909/581
f 167/909/581 163/911/583 175/914/586
f 195/915/587 357/916/588 305/904/576
f 195/915/587 305/904/576 167/909/581
f 167/909/581 249/903/575 179/908/580
f 249/903/575 167/909/581 305/904/576
f 195/915/587 296/917/589 357/916/588
f 357/916/588 296/917/589 379/918/590
f 510/919/591 489/920/592 357/916/588
f 305/904/576 357/916/588 489/920/592
f 574/921/593 510/919/591 477/922/594
f 357/916/588 379/918/590 510/919/591
f 296/917/589 195/915/587 175/914/586
f 175/914/586 195/915/587 167/909/581
f 203/910/582 175/914/586 163/911/583
f 218/202/159 111/199/156 217/690/440
f 254/923/563 218/202/159 217/690/440
f 313/203/160 218/202/159 288/924/565
f 288/924/565 218/202/159 234/925/578
f 234/925/578 218/202/159 181/926/562
f 254/923/563 217/690/440 207/686/437
f 207/686/437 315/887/123 254/923/563
f 170/927/432 231/701/430 293/928/119
f 273/929/595 231/701/430 253/705/446
f 253/705/446 246/703/444 235/710/450
f 235/710/450 246/703/444 215/704/445
f 293/153/119 192/154/120 170/930/432
f 254/923/563 181/926/562 218/202/159
f 292/931/122 304/912/584 204/888/561
f 304/912/584 339/932/596 314/913/585
f 380/933/597 304/912/584 292/931/122
f 292/931/122 349/934/124 380/933/597
f 339/932/596 380/933/597 349/934/124
f 349/934/124 293/935/119 339/932/596
f 293/935/119 231/936/430 273/937/595
f 293/935/119 273/937/595 339/932/596
f 377/149/116 312/130/106 161/129/60
f 328/132/108 312/130/106 377/149/116
f 377/149/116 426/148/115 328/132/108
f 152/146/59 377/149/116 161/129/60
f 362/938/524 273/929/595 338/939/522
f 273/937/595 314/913/585 339/932/596
f 380/933/597 339/932/596 304/912/584
f 477/922/594 337/940/598 484/941/599
f 510/919/591 379/918/590 477/922/594
f 619/942/600 574/921/593 684/943/601
f 736/944/602 684/943/601 574/921/593
f 736/944/602 574/921/593 725/945/603
f 725/945/603 574/921/593 712/946/604
f 712/946/604 574/921/593 599/947/605
f 808/948/606 736/944/602 725/945/603
f 724/949/607 743/950/538 836/951/608
f 725/945/603 712/946/604 724/949/607
f 669/952/609 724/949/607 712/946/604
f 681/953/610 712/946/604 599/947/605
f 550/954/611 669/952/609 600/955/612
f 600/955/612 669/952/609 681/953/610
f 681/953/610 669/952/609 712/946/604
f 600/955/612 681/953/610 599/947/605
f 254/923/563 292/956/122 267/957/613
f 292/956/122 254/923/563 315/887/123
f 254/958/563 267/959/613 204/888/561
f 292/931/122 204/888/561 267/959/613
f 173/685/436 328/883/108 426/885/115
f 173/685/436 426/885/115 207/686/437
f 356/960/118 315/887/123 406/886/117
f 288/892/565 168/901/573 196/899/571
f 249/903/575 318/898/570 196/899/571
f 381/815/457 456/809/516 441/840/542
f 381/815/457 441/840/542 338/816/522
f 441/840/542 456/809/516 499/808/515
f 490/839/541 441/840/542 499/808/515
f 499/808/515 545/811/518 490/839/541
f 445/817/523 538/838/540 550/961/611
f 445/817/523 550/961/611 515/962/614
f 579/810/517 611/837/539 545/811/518
f 649/826/528 611/837/539 579/810/517
f 660/834/536 611/837/539 649/826/528
f 672/963/615 535/964/567 620/965/616
f 509/966/569 620/965/616 472/967/564
f 535/964/567 472/967/564 620/965/616
f 587/968/617 535/964/567 672/963/615
f 587/968/617 694/969/618 675/970/619
f 756/971/620 694/969/618 752/972/621
f 756/971/620 812/973/622 745/974/623
f 825/975/624 745/974/623 812/973/622
f 825/975/624 739/976/625 776/977/626
f 675/970/619 776/977/626 739/978/625
f 776/977/626 675/970/619 745/974/623
f 745/974/623 675/970/619 694/969/618
f 776/977/626 745/974/623 825/975/624
f 694/969/618 672/963/615 752/972/621
f 752/972/621 672/963/615 727/979/627
f 620/965/616 727/979/627 672/963/615
f 727/979/627 673/980/628 799/981/629
f 799/981/629 873/982/630 727/979/627
f 587/968/617 672/963/615 694/969/618
f 673/980/628 620/965/616 509/983/569
f 620/965/616 673/980/628 727/979/627
f 660/834/536 649/826/528 697/827/529
f 660/834/536 743/836/538 538/838/540
f 538/838/540 743/836/538 724/984/607
f 538/838/540 724/984/607 669/985/609
f 538/838/540 669/985/609 550/961/611
f 743/836/538 660/834/536 754/835/537
f 752/986/621 796/987/631 756/988/620
f 796/987/631 812/989/622 756/988/620
f 825/990/624 812/989/622 853/991/632
f 752/986/621 831/992/633 796/987/631
f 796/987/631 831/992/633 850/993/634
f 850/993/634 910/994/635 853/991/632
f 694/969/618 756/971/620 745/974/623
f 873/982/630 850/995/634 831/996/633
f 831/996/633 727/979/627 873/982/630
f 727/979/627 831/996/633 752/972/621
f 640/997/636 739/998/625 762/999/637
f 640/997/636 495/1000/638 553/1001/639
f 640/997/636 553/1001/639 675/1002/619
f 640/997/636 675/1002/619 739/998/625
f 553/1001/639 587/1003/617 675/1002/619
f 553/1001/639 495/1000/638 460/1004/568
f 553/1001/639 460/1004/568 587/1003/617
f 460/1004/568 535/1005/567 587/1003/617
f 754/835/537 747/832/534 824/828/530
f 796/987/631 850/993/634 812/989/622
f 812/989/622 850/993/634 853/991/632
f 762/1006/637 739/976/625 825/975/624
f 845/1007/532 793/1008/547 884/1009/557
f 724/1010/607 836/1011/608 843/1012/640
f 724/1010/607 843/1012/640 725/1013/603
f 878/1014/641 843/1012/640 934/1015/642
f 921/1016/643 934/1015/642 843/1012/640
f 843/1012/640 836/1011/608 921/1016/643
f 942/1017/644 981/1018/645 921/1016/643
f 1020/1019/646 997/1020/647 1046/1021/648
f 997/1020/647 1020/1019/646 942/1017/644
f 946/1022/649 997/1020/647 942/1017/644
f 899/1023/650 825/1024/624 853/1025/632
f 899/1023/650 853/1025/632 910/1026/635
f 949/1027/651 959/1028/652 899/1023/650
f 864/1029/653 899/1023/650 959/1028/652
f 996/1030/654 949/1027/651 907/1031/655
f 959/1028/652 949/1027/651 996/1030/654
f 899/1023/650 864/1029/653 762/1032/637
f 762/1032/637 825/1024/624 899/1023/650
f 759/1033/656 762/1032/637 864/1029/653
f 882/1034/657 864/1029/653 959/1028/652
f 992/1035/658 959/1028/652 1026/1036/659
f 996/1030/654 1026/1036/659 959/1028/652
f 1026/1036/659 996/1030/654 1074/1037/660
f 947/1038/661 996/1030/654 907/1031/655
f 799/1039/629 673/1040/628 768/1041/662
f 840/1042/663 881/1043/664 772/1044/665
f 1024/1045/666 958/1046/667 998/1047/668
f 998/1047/668 1100/1048/669 1024/1045/666
f 1024/1045/666 1100/1048/669 1099/1049/670
f 1132/1050/671 1099/1049/670 1175/1051/672
f 1061/1052/673 1099/1049/670 1132/1050/671
f 1099/1049/670 1061/1052/673 1024/1045/666
f 1084/1053/674 1061/1052/673 1132/1050/671
f 910/1054/635 873/1055/630 907/1056/655
f 910/1054/635 850/1057/634 873/1055/630
f 884/1009/557 929/1058/559 823/1059/533
f 929/1058/559 918/1060/675 823/1059/533
f 964/1061/676 918/1060/675 929/1058/559
f 964/1061/676 929/1058/559 974/1062/677
f 964/1061/676 1007/1063/678 1019/1064/679
f 1007/1063/678 964/1061/676 974/1062/677
f 929/1058/559 978/1065/680 974/1062/677
f 1027/1066/681 1058/1067/682 1034/1068/683
f 1027/1069/681 978/1070/680 1092/1071/684
f 1092/1071/684 1058/1067/682 1027/1069/681
f 1034/1068/683 1058/1067/682 1105/1072/685
f 1105/1072/685 1058/1067/682 1168/1073/686
f 1105/1072/685 1019/1064/679 1034/1068/683
f 1027/1066/681 1034/1068/683 978/1065/680
f 1034/1068/683 1019/1064/679 1007/1063/678
f 1034/1068/683 1007/1063/678 978/1065/680
f 1007/1063/678 974/1062/677 978/1065/680
f 823/1059/533 912/1074/687 836/1011/608
f 836/1011/608 912/1074/687 921/1016/643
f 946/1022/649 942/1017/644 912/1074/687
f 912/1074/687 942/1017/644 921/1016/643
f 823/1059/533 918/1060/675 912/1074/687
f 964/1061/676 970/1075/688 918/1060/675
f 946/1022/649 918/1060/675 970/1075/688
f 912/1074/687 918/1060/675 946/1022/649
f 970/1075/688 964/1061/676 1008/1076/689
f 1008/1076/689 964/1061/676 1019/1064/679
f 1048/1077/690 1008/1076/689 1019/1064/679
f 1168/1073/686 1058/1067/682 1158/1078/691
f 1058/1067/682 1092/1071/684 1158/1078/691
f 1094/1079/692 1092/1071/684 1037/1080/560
f 997/1020/647 946/1022/649 970/1075/688
f 997/1020/647 970/1075/688 1008/1076/689
f 997/1020/647 1008/1076/689 1048/1077/690
f 997/1020/647 1048/1077/690 1073/1081/693
f 1123/1082/694 1078/1083/695 1120/1084/696
f 1120/1084/696 1078/1083/695 1073/1081/693
f 1073/1081/693 1048/1077/690 1120/1084/696
f 1148/1085/697 1120/1084/696 1048/1077/690
f 934/1086/642 988/1087/698 878/1088/641
f 725/1089/603 878/1088/641 808/1090/606
f 843/1091/640 878/1088/641 725/1089/603
f 934/1092/642 921/1093/643 1023/1094/699
f 1023/1094/699 988/1095/698 934/1092/642
f 921/1093/643 981/1096/645 1023/1094/699
f 981/1096/645 942/1097/644 1020/1098/646
f 1020/1098/646 1059/1099/700 981/1096/645
f 1123/1100/694 1143/1101/701 1078/1102/695
f 1059/1099/700 1078/1102/695 1143/1101/701
f 1059/1099/700 1143/1101/701 1117/1103/702
f 1059/1099/700 1117/1103/702 1023/1094/699
f 1129/1104/703 1095/1105/704 1117/1103/702
f 1207/1106/705 1147/1107/706 1210/1108/707
f 1204/1109/708 1210/1108/707 1143/1101/701
f 1210/1108/707 1117/1103/702 1143/1101/701
f 1210/1108/707 1204/1109/708 1232/1110/709
f 1217/1111/710 1232/1110/709 1204/1109/708
f 899/1023/650 910/1026/635 907/1031/655
f 899/1023/650 907/1031/655 949/1027/651
f 322/1112/521 235/710/450 250/712/452
f 250/712/452 381/717/457 322/1112/521
f 235/710/450 322/1112/521 338/939/522
f 235/710/450 338/939/522 273/929/595
f 235/710/450 273/929/595 253/705/446
f 175/914/586 203/910/582 285/1113/711
f 314/913/585 337/940/598 203/910/582
f 362/1114/524 337/940/598 273/937/595
f 337/940/598 285/1113/711 203/910/582
f 296/917/589 175/914/586 285/1113/711
f 337/940/598 314/913/585 273/937/595
f 296/917/589 285/1113/711 337/940/598
f 379/918/590 337/940/598 477/922/594
f 433/1115/456 454/812/519 381/815/457
f 381/815/457 454/812/519 456/809/516
f 484/941/599 362/1114/524 445/1116/523
f 362/1114/524 484/941/599 337/940/598
f 568/1117/712 515/1118/614 599/947/605
f 515/1118/614 550/954/611 600/955/612
f 515/1118/614 568/1117/712 484/941/599
f 337/940/598 379/918/590 296/917/589
f 515/1118/614 484/941/599 445/1116/523
f 477/922/594 484/941/599 568/1117/712
f 599/947/605 477/922/594 568/1117/712
f 490/839/541 545/811/518 538/838/540
f 599/947/605 515/1118/614 600/955/612
f 477/922/594 599/947/605 574/921/593
f 664/823/526 630/1119/527 542/822/525
f 793/857/547 664/823/526 601/792/506
f 664/823/526 793/857/547 753/855/546
f 601/792/506 841/1120/556 793/857/547
f 664/823/526 735/860/548 697/861/529
f 697/1121/529 630/1119/527 664/823/526
f 836/1122/608 743/836/538 823/831/533
f 988/1087/698 1063/1123/713 983/1124/714
f 878/1088/641 988/1087/698 983/1124/714
f 878/1088/641 983/1124/714 808/1090/606
f 845/1007/532 884/1009/557 823/1059/533
f 1/1125/715 3/1126/716 2/1127/717
f 2/1127/717 7/1128/718 4/1129/719
f 10/1130/720 4/1129/719 7/1128/718
f 1/1131/715 8/1132/721 5/1133/722
f 5/1133/722 9/249/179 3/1134/716
f 9/249/179 5/1133/722 13/250/180
f 5/1133/722 8/1132/721 13/250/180
f 13/250/180 8/1132/721 14/1135/723
f 13/250/180 14/1135/723 54/252/181
f 14/1135/723 81/1136/724 54/252/181
f 54/252/181 81/1136/724 132/253/182
f 132/253/182 81/1136/724 191/1137/725
f 272/1138/726 228/1139/727 223/1140/728
f 262/1141/729 134/1142/730 137/1143/731
f 414/1144/732 262/1141/729 239/1145/733
f 239/1145/733 262/1141/729 137/1143/731
f 134/1142/730 262/1141/729 223/1140/728
f 272/1138/726 223/1140/728 262/1141/729
f 134/1142/730 223/1140/728 119/1146/734
f 119/1146/734 223/1140/728 147/1147/735
f 223/1140/728 228/1139/727 147/1147/735
f 228/1139/727 191/1137/725 81/1136/724
f 81/1136/724 147/1147/735 228/1139/727
f 81/1136/724 110/1148/736 147/1147/735
f 7/1128/718 3/1126/716 11/1149/178
f 11/1149/178 3/1126/716 12/1150/177
f 7/1128/718 2/1127/717 3/1126/716
f 9/1151/179 12/1150/177 3/1126/716
f 3/1134/716 1/1131/715 5/1133/722
f 4/1152/719 6/1153/737 1/1131/715
f 4/1152/719 1/1131/715 2/1154/717
f 8/1132/721 1/1131/715 6/1153/737
f 21/1155/738 6/1153/737 4/1152/719
f 6/1153/737 21/1155/738 38/1156/739
f 89/1157/740 38/1156/739 21/1155/738
f 81/1136/724 14/1135/723 43/1158/741
f 43/1158/741 8/1132/721 38/1156/739
f 43/1158/741 14/1135/723 8/1132/721
f 171/1159/742 137/1143/731 21/1155/738
f 21/1155/738 137/1143/731 89/1157/740
f 89/1157/740 137/1143/731 134/1142/730
f 10/1160/720 7/1161/718 11/1162/178
f 25/1163/743 10/1160/720 11/1162/178
f 62/1164/176 125/1165/744 11/1162/178
f 11/1162/178 125/1165/744 25/1163/743
f 125/1165/744 62/1164/176 104/1166/745
f 76/1167/438 104/1166/745 61/1168/155
f 62/1164/176 61/1168/155 104/1166/745
f 21/1169/738 10/1160/720 25/1163/743
f 137/1170/731 171/1171/742 239/1172/733
f 21/1173/738 25/1163/743 171/1171/742
f 171/1171/742 25/1163/743 125/1165/744
f 239/1172/733 171/1171/742 282/1174/746
f 282/1174/746 171/1171/742 276/1175/747
f 271/1176/748 451/1177/749 309/1178/750
f 319/1179/751 309/1178/750 451/1177/749
f 448/1180/752 319/1179/751 451/1177/749
f 448/1180/752 452/1181/753 443/1182/754
f 448/1180/752 391/1183/755 319/1179/751
f 319/1179/751 402/1184/756 276/1175/747
f 21/1155/738 4/1152/719 10/1185/720
f 12/247/177 13/250/180 56/242/174
f 56/242/174 36/240/173 12/247/177
f 38/1156/739 8/1132/721 6/1153/737
f 81/1136/724 43/1158/741 110/1148/736
f 119/1146/734 147/1147/735 110/1148/736
f 89/1157/740 119/1146/734 38/1156/739
f 110/1148/736 43/1158/741 38/1156/739
f 110/1148/736 38/1156/739 119/1146/734
f 119/1146/734 89/1157/740 134/1142/730
f 511/571/299 404/566/298 440/568/362
f 511/571/299 569/1186/307 404/566/298
f 511/571/299 539/572/364 544/1187/757
f 616/1188/758 511/571/299 544/1187/757
f 438/567/361 544/1187/757 539/572/364
f 446/570/363 544/1187/757 438/567/361
f 648/1189/759 544/1187/757 496/1190/760
f 544/1187/757 446/570/363 496/1190/760
f 370/1191/761 462/1192/762 405/1193/763
f 476/1194/764 420/1195/765 436/1196/766
f 436/1196/766 368/1197/767 457/1198/768
f 487/1199/769 436/1196/766 457/1198/768
f 503/1200/770 487/1199/769 425/1201/771
f 425/1201/771 336/1202/772 367/1203/773
f 425/1201/771 367/1203/773 503/1200/770
f 607/1204/774 503/1200/770 522/1205/775
f 367/1203/773 522/1205/775 503/1200/770
f 417/1206/776 519/1207/777 522/1205/775
f 417/1206/776 522/1205/775 367/1203/773
f 522/1205/775 519/1207/777 526/1208/778
f 605/1209/779 526/1208/778 541/1210/780
f 541/1210/780 526/1208/778 469/1211/781
f 405/1193/763 323/1212/782 370/1191/761
f 345/1213/783 370/1191/761 323/1212/782
f 420/1195/765 345/1213/783 368/1197/767
f 370/1191/761 345/1213/783 420/1195/765
f 370/1191/761 420/1195/765 462/1192/762
f 368/1197/767 436/1196/766 420/1195/765
f 385/424/283 347/427/291 404/566/298
f 462/1192/762 442/1214/784 405/1193/763
f 298/1215/785 354/1216/786 326/1217/787
f 326/1217/787 354/1216/786 343/1218/788
f 228/1219/727 326/1217/787 343/1218/788
f 326/1217/787 228/1219/727 272/1220/726
f 427/1221/789 262/1222/729 394/1223/790
f 262/1222/729 427/1221/789 344/1224/791
f 427/1221/789 394/1223/790 414/1225/732
f 344/1224/791 427/1221/789 392/1226/792
f 326/1217/787 272/1220/726 331/1227/793
f 331/1227/793 272/1220/726 344/1224/791
f 272/1220/726 262/1222/729 344/1224/791
f 344/1224/791 392/1226/792 331/1227/793
f 417/1206/776 469/1211/781 526/1208/778
f 417/1206/776 526/1208/778 519/1207/777
f 417/1206/776 413/1228/794 469/1211/781
f 523/1229/795 442/1230/784 462/1231/762
f 462/1231/762 420/1232/765 527/1233/796
f 590/1234/797 527/1233/796 637/1235/798
f 698/1236/799 805/1237/800 770/1238/801
f 698/1236/799 770/1238/801 705/1239/802
f 805/1237/800 767/1240/803 770/1238/801
f 498/1241/804 442/1230/784 546/1242/805
f 442/1230/784 523/1229/795 546/1242/805
f 462/1231/762 527/1233/796 523/1229/795
f 523/1229/795 527/1233/796 590/1234/797
f 612/1243/806 546/1242/805 523/1229/795
f 420/1244/765 476/1245/764 527/1246/796
f 476/1245/764 564/1247/807 527/1246/796
f 498/1248/804 573/1249/808 480/1250/809
f 573/1249/808 488/1251/810 480/1250/809
f 480/1250/809 488/1251/810 475/1252/811
f 343/1218/788 475/1252/811 488/1251/810
f 498/1248/804 480/1250/809 354/1216/786
f 354/1216/786 442/1214/784 498/1248/804
f 564/1247/807 476/1245/764 487/1253/769
f 564/1247/807 487/1253/769 586/1254/812
f 487/1253/769 476/1245/764 436/1255/766
f 503/1256/770 607/1257/774 487/1253/769
f 526/1258/778 605/1259/779 607/1257/774
f 522/1260/775 526/1258/778 607/1257/774
f 661/1261/813 586/1254/812 689/1262/814
f 689/1262/814 586/1254/812 607/1257/774
f 590/1234/797 635/1263/815 523/1229/795
f 523/1229/795 635/1263/815 612/1243/806
f 590/1234/797 637/1235/798 635/1263/815
f 691/1264/816 705/1239/802 770/1238/801
f 710/1265/817 612/1243/806 635/1263/815
f 710/1265/817 635/1263/815 691/1264/816
f 767/1240/803 691/1264/816 770/1238/801
f 527/1246/796 564/1247/807 627/1266/818
f 637/1267/798 527/1246/796 627/1266/818
f 705/1268/802 637/1267/798 698/1269/799
f 698/1269/799 637/1267/798 627/1266/818
f 709/1270/819 766/1271/820 805/1272/800
f 661/1261/813 689/1262/814 766/1271/820
f 709/1270/819 805/1272/800 698/1269/799
f 586/1254/812 627/1266/818 564/1247/807
f 586/1254/812 661/1261/813 627/1266/818
f 627/1266/818 661/1261/813 709/1270/819
f 627/1266/818 709/1270/819 698/1269/799
f 635/1263/815 637/1235/798 691/1264/816
f 637/1235/798 705/1239/802 691/1264/816
f 677/1273/821 612/1274/806 710/1275/817
f 677/1273/821 710/1275/817 797/1276/822
f 848/1277/823 889/1278/824 868/1279/825
f 797/1276/822 781/1280/826 677/1273/821
f 781/1280/826 797/1276/822 848/1277/823
f 848/1277/823 842/616/385 781/1280/826
f 842/616/385 848/1277/823 810/1281/827
f 710/1265/817 691/1264/816 767/1240/803
f 766/1282/820 689/1283/814 822/1284/828
f 720/1285/829 607/1286/774 605/1287/779
f 741/1288/830 605/1287/779 829/1289/831
f 869/1290/832 829/1289/831 868/1279/825
f 837/1291/833 741/1288/830 869/1290/832
f 720/1285/829 837/1291/833 822/1284/828
f 822/1284/828 689/1283/814 720/1285/829
f 741/1288/830 837/1291/833 720/1285/829
f 607/1286/774 720/1285/829 689/1283/814
f 767/1292/803 805/1293/800 835/1294/834
f 835/1294/834 805/1293/800 872/1295/835
f 835/1294/834 872/1295/835 889/1278/824
f 889/1278/824 872/1295/835 822/1284/828
f 872/1295/835 805/1293/800 822/1284/828
f 822/1284/828 805/1293/800 766/1282/820
f 132/1296/182 191/1297/725 210/573/365
f 335/1298/836 210/573/365 191/1297/725
f 496/1190/760 581/1299/837 614/1300/838
f 581/1299/837 496/1190/760 483/1301/839
f 483/1301/839 496/1190/760 335/1298/836
f 335/1298/836 446/570/363 210/573/365
f 446/570/363 335/1298/836 496/1190/760
f 125/1165/744 104/1166/745 226/1302/840
f 226/1302/840 271/1176/748 125/1165/744
f 104/1166/745 139/1303/158 226/1302/840
f 289/1304/841 226/1302/840 139/1303/158
f 226/1302/840 289/1304/841 271/1176/748
f 276/1175/747 171/1171/742 125/1165/744
f 276/1175/747 125/1165/744 319/1179/751
f 309/1178/750 125/1165/744 271/1176/748
f 350/1305/842 343/1218/788 467/1306/843
f 228/1219/727 350/1305/842 191/1307/725
f 335/1308/836 191/1307/725 350/1305/842
f 335/1308/836 350/1305/842 483/1309/839
f 483/1309/839 521/1310/844 581/1311/837
f 350/1305/842 521/1310/844 483/1309/839
f 309/1178/750 319/1179/751 125/1165/744
f 308/1312/845 326/1217/787 331/1227/793
f 354/1216/786 298/1215/785 376/1313/846
f 308/1312/845 298/1215/785 326/1217/787
f 287/1314/847 298/1215/785 290/1315/848
f 290/1315/848 298/1215/785 365/1316/849
f 376/1313/846 323/1212/782 405/1193/763
f 290/1315/848 323/1212/782 287/1314/847
f 399/1317/850 323/1212/782 290/1315/848
f 399/1317/850 290/1315/848 336/1202/772
f 323/1212/782 399/1317/850 345/1213/783
f 345/1213/783 399/1317/850 368/1197/767
f 367/1203/773 336/1202/772 290/1315/848
f 365/1316/849 298/1215/785 308/1312/845
f 365/1316/849 308/1312/845 331/1227/793
f 417/1206/776 365/1316/849 413/1228/794
f 413/1228/794 365/1316/849 392/1226/792
f 365/1316/849 331/1227/793 392/1226/792
f 389/1318/851 282/1319/746 276/1320/747
f 398/1321/852 282/1319/746 389/1318/851
f 398/1321/852 389/1318/851 429/1322/853
f 402/1323/756 389/1318/851 276/1320/747
f 391/1324/755 316/1325/854 402/1323/756
f 245/1326/855 374/1327/856 316/1325/854
f 245/1326/855 224/1328/857 256/1329/858
f 222/1330/859 224/1328/857 211/1331/860
f 316/1325/854 186/1332/861 245/1326/855
f 186/1332/861 316/1325/854 268/1333/862
f 245/1326/855 186/1332/861 172/1334/863
f 224/1328/857 245/1326/855 172/1334/863
f 172/1334/863 186/1332/861 165/1335/864
f 165/1335/864 186/1332/861 180/1336/865
f 165/1335/864 180/1336/865 194/1337/866
f 180/1336/865 186/1332/861 268/1333/862
f 180/1336/865 268/1333/862 302/1338/867
f 391/1324/755 302/1338/867 268/1333/862
f 391/1324/755 268/1333/862 316/1325/854
f 290/1315/848 365/1316/849 367/1203/773
f 365/1316/849 417/1206/776 367/1203/773
f 475/1252/811 343/1218/788 354/1216/786
f 354/1216/786 480/1250/809 475/1252/811
f 442/1214/784 354/1216/786 405/1193/763
f 354/1216/786 376/1313/846 405/1193/763
f 262/1141/729 414/1144/732 394/1339/790
f 239/1340/733 282/1319/746 414/1341/732
f 282/1319/746 398/1321/852 414/1341/732
f 427/1342/789 414/1343/732 398/1321/852
f 427/1342/789 398/1321/852 392/1344/792
f 334/1345/868 329/1346/869 432/1347/870
f 432/1347/870 398/1321/852 429/1322/853
f 432/1347/870 429/1322/853 374/1327/856
f 374/1327/856 429/1322/853 316/1325/854
f 334/1345/868 374/1327/856 245/1326/855
f 245/1326/855 256/1329/858 334/1345/868
f 256/1329/858 329/1348/869 334/1345/868
f 334/1345/868 432/1347/870 374/1327/856
f 376/1313/846 287/1314/847 323/1212/782
f 298/1215/785 287/1314/847 376/1313/846
f 316/1325/854 389/1318/851 402/1323/756
f 429/1322/853 389/1318/851 316/1325/854
f 350/1305/842 228/1219/727 343/1218/788
f 343/1218/788 488/1251/810 467/1306/843
f 576/1349/871 350/1305/842 467/1306/843
f 350/1305/842 576/1349/871 521/1310/844
f 521/1310/844 576/1349/871 642/1350/872
f 521/1310/844 642/1350/872 581/1311/837
f 581/1311/837 642/1350/872 707/1351/873
f 707/1351/873 680/1352/874 614/1353/838
f 642/1350/872 680/1352/874 707/1351/873
f 391/1324/755 402/1323/756 319/1354/751
f 302/1338/867 391/1324/755 443/1355/754
f 491/1356/875 302/1338/867 443/1355/754
f 491/1356/875 421/1357/876 302/1338/867
f 457/1198/768 399/1317/850 336/1202/772
f 425/1201/771 487/1199/769 336/1202/772
f 336/1202/772 487/1199/769 457/1198/768
f 368/1197/767 399/1317/850 457/1198/768
f 392/1344/792 398/1321/852 432/1347/870
f 541/1358/780 634/1359/877 693/1360/878
f 693/1361/878 634/1359/877 787/1362/879
f 686/1363/880 634/1359/877 651/1364/881
f 651/1364/881 639/1365/882 676/1366/883
f 651/1364/881 634/1359/877 639/1365/882
f 634/1359/877 555/1367/884 639/1365/882
f 541/1358/780 555/1367/884 634/1359/877
f 469/1368/781 413/1369/794 329/1370/869
f 413/1369/794 432/1371/870 329/1370/869
f 469/1368/781 329/1370/869 411/1372/885
f 653/1373/886 555/1367/884 631/1374/887
f 692/1375/888 631/1374/887 657/1376/889
f 665/1377/890 657/1376/889 623/1378/891
f 623/1378/891 670/1379/892 665/1377/890
f 665/1377/890 670/1379/892 723/1380/893
f 665/1377/890 723/1380/893 692/1375/888
f 657/1376/889 665/1377/890 692/1375/888
f 692/1375/888 723/1380/893 728/1381/894
f 413/1369/794 392/1382/792 432/1383/870
f 625/1384/895 576/1349/871 467/1306/843
f 642/1350/872 576/1349/871 699/1385/896
f 680/1352/874 642/1350/872 699/1386/896
f 573/1249/808 596/1387/897 488/1251/810
f 488/1251/810 625/1384/895 467/1306/843
f 487/1253/769 607/1257/774 586/1254/812
f 541/1358/780 469/1368/781 411/1372/885
f 411/1372/885 555/1367/884 541/1358/780
f 613/1388/300 511/571/299 616/1188/758
f 656/1389/898 616/1188/758 544/1187/757
f 573/1390/808 498/1391/804 606/1392/899
f 573/1390/808 606/1392/899 613/1393/300
f 622/1394/301 652/1395/302 688/1396/304
f 688/1396/304 652/1395/302 606/1392/899
f 606/1392/899 677/1273/821 688/1396/304
f 688/1396/304 677/1273/821 781/1280/826
f 765/614/383 688/1396/304 781/1280/826
f 677/1273/821 606/1392/899 546/1397/805
f 612/1274/806 677/1273/821 546/1397/805
f 596/1398/897 573/1399/808 613/1400/300
f 616/1401/758 596/1398/897 613/1400/300
f 656/1389/898 544/1187/757 648/1189/759
f 648/1189/759 614/1300/838 680/1402/874
f 496/1190/760 614/1300/838 648/1189/759
f 616/1401/758 656/1403/898 667/1404/900
f 667/1404/900 656/1403/898 699/1405/896
f 656/1403/898 680/1406/874 699/1405/896
f 680/1406/874 656/1403/898 648/1407/759
f 596/1398/897 616/1401/758 667/1404/900
f 613/1393/300 606/1392/899 652/1395/302
f 498/1391/804 546/1397/805 606/1392/899
f 596/1398/897 667/1404/900 625/1408/895
f 667/1404/900 699/1405/896 576/1409/871
f 667/1404/900 576/1409/871 625/1408/895
f 625/1408/895 488/1410/810 596/1398/897
f 581/1311/837 707/1351/873 614/1353/838
f 541/1411/780 701/1412/901 605/1287/779
f 701/1412/901 541/1411/780 693/1413/878
f 701/1412/901 693/1413/878 829/1289/831
f 829/1289/831 605/1287/779 701/1412/901
f 720/1285/829 605/1287/779 741/1288/830
f 717/1414/902 639/1365/882 653/1373/886
f 728/1381/894 717/1414/902 653/1373/886
f 692/1375/888 728/1381/894 653/1373/886
f 692/1375/888 653/1373/886 631/1374/887
f 639/1365/882 555/1367/884 653/1373/886
f 733/1415/903 670/1416/892 618/1417/904
f 618/1417/904 704/1418/905 733/1415/903
f 618/1417/904 670/1416/892 623/1419/891
f 618/1417/904 623/1419/891 572/1420/906
f 531/1421/907 491/1422/875 505/1423/908
f 567/1424/909 531/1421/907 505/1423/908
f 531/1421/907 567/1424/909 624/1425/910
f 531/1421/907 624/1425/910 618/1417/904
f 567/1424/909 505/1423/908 558/1426/911
f 686/1427/880 651/1428/881 676/1429/883
f 686/1427/880 787/1430/879 634/1431/877
f 639/1432/882 717/1433/902 676/1429/883
f 809/1434/912 757/1435/913 826/1436/914
f 826/1436/914 757/1435/913 717/1433/902
f 749/1437/915 742/1438/916 757/1435/913
f 686/1427/880 742/1438/916 760/1439/917
f 760/1439/917 742/1438/916 751/1440/918
f 742/1438/916 749/1437/915 751/1440/918
f 751/1440/918 775/1441/395 760/1439/917
f 902/1442/919 717/1443/902 791/1444/920
f 791/1444/920 717/1443/902 728/1445/894
f 728/1445/894 771/1446/921 791/1444/920
f 902/1442/919 791/1444/920 839/1447/922
f 766/1271/820 709/1270/819 661/1261/813
f 744/1448/305 688/1396/304 765/614/383
f 849/608/377 744/1448/305 765/614/383
f 842/616/385 867/613/382 781/1280/826
f 867/613/382 765/614/383 781/1280/826
f 780/1449/923 790/615/384 755/1450/924
f 780/1449/923 819/1451/925 790/615/384
f 830/1452/926 875/623/392 819/1451/925
f 819/1451/925 875/623/392 886/617/386
f 875/623/392 830/1452/926 761/625/394
f 887/627/396 879/622/391 761/625/394
f 761/625/394 755/1450/924 760/1453/917
f 761/625/394 760/1453/917 775/626/395
f 761/625/394 830/1452/926 780/1449/923
f 780/1449/923 830/1452/926 819/1451/925
f 790/615/384 842/616/385 810/1281/827
f 788/1454/927 778/1455/928 810/1281/827
f 760/1453/917 788/1454/927 787/1456/879
f 788/1454/927 760/1453/917 778/1455/928
f 778/1455/928 755/1450/924 790/615/384
f 810/1281/827 778/1455/928 790/615/384
f 761/625/394 780/1449/923 755/1450/924
f 760/1453/917 755/1450/924 778/1455/928
f 775/1457/395 832/1458/929 887/1459/396
f 751/1460/918 749/1461/915 809/1462/912
f 751/1460/918 809/1462/912 832/1458/929
f 832/1458/929 809/1462/912 826/1463/914
f 832/1458/929 775/1457/395 751/1460/918
f 710/1275/817 767/1292/803 797/1276/822
f 797/1276/822 767/1292/803 835/1294/834
f 848/1277/823 797/1276/822 835/1294/834
f 889/1278/824 848/1277/823 835/1294/834
f 686/1427/880 760/1439/917 787/1430/879
f 742/1438/916 686/1427/880 676/1429/883
f 717/1433/902 757/1435/913 676/1429/883
f 749/1437/915 757/1435/913 809/1434/912
f 676/1429/883 757/1435/913 742/1438/916
f 723/1464/893 670/1465/892 789/1466/930
f 771/1467/921 723/1464/893 789/1466/930
f 670/1465/892 733/1468/903 789/1466/930
f 838/1469/931 789/1466/930 733/1468/903
f 719/1470/932 733/1468/903 704/1471/905
f 719/1470/932 785/1472/933 733/1468/903
f 733/1468/903 785/1472/933 838/1469/931
f 785/1472/933 876/1473/934 898/1474/935
f 898/1474/935 915/1475/936 785/1472/933
f 896/1476/937 789/1466/930 838/1469/931
f 838/1469/931 930/1477/938 896/1476/937
f 979/1478/939 930/1477/938 915/1475/936
f 930/1477/938 785/1472/933 915/1475/936
f 989/1479/940 1002/1480/941 945/1481/942
f 1009/1482/943 989/1479/940 965/1483/944
f 965/1483/944 989/1479/940 945/1481/942
f 965/1483/944 945/1481/942 898/1474/935
f 863/1484/945 876/1473/934 803/1485/946
f 785/1472/933 803/1485/946 876/1473/934
f 803/1485/946 722/1486/947 687/1487/948
f 719/1488/932 722/1486/947 785/1472/933
f 785/1472/933 722/1486/947 803/1485/946
f 819/1451/925 874/612/381 790/615/384
f 790/615/384 874/612/381 909/609/379
f 874/612/381 819/1451/925 886/617/386
f 788/1454/927 810/1281/827 868/1279/825
f 788/1454/927 829/1289/831 787/1456/879
f 826/1463/914 717/1489/902 902/1490/919
f 887/1459/396 826/1463/914 913/1491/949
f 902/1490/919 913/1491/949 826/1463/914
f 913/1491/949 1021/1492/950 968/1493/951
f 829/1289/831 693/1413/878 787/1456/879
f 889/1278/824 869/1290/832 868/1279/825
f 869/1290/832 889/1278/824 822/1284/828
f 869/1290/832 822/1284/828 837/1291/833
f 868/1279/825 829/1289/831 788/1454/927
f 741/1288/830 829/1289/831 869/1290/832
f 810/1281/827 848/1277/823 868/1279/825
f 887/1459/396 832/1458/929 826/1463/914
f 913/1491/949 968/1493/951 887/1459/396
f 887/1459/396 968/1493/951 937/1494/393
f 937/1494/393 1013/1495/388 972/1496/390
f 1013/1495/388 937/1494/393 968/1493/951
f 902/1490/919 1021/1492/950 913/1491/949
f 1102/1497/952 1127/1498/953 1109/1499/954
f 1109/1499/954 1127/1498/953 1133/1500/955
f 1102/1497/952 968/1493/951 1021/1492/950
f 1109/1499/954 968/1493/951 1102/1497/952
f 1109/1499/954 1108/1501/956 968/1493/951
f 1013/1495/388 968/1493/951 1108/1501/956
f 902/1442/919 839/1447/922 941/1502/957
f 908/1503/958 941/1502/957 839/1447/922
f 903/1504/959 885/1505/960 967/1506/961
f 789/1507/930 896/1508/937 885/1505/960
f 789/1507/930 885/1505/960 846/1509/962
f 857/1510/963 846/1509/962 885/1505/960
f 839/1447/922 857/1510/963 903/1504/959
f 903/1504/959 908/1503/958 839/1447/922
f 857/1510/963 839/1447/922 834/1511/964
f 789/1507/930 846/1509/962 771/1446/921
f 771/1446/921 846/1509/962 834/1511/964
f 834/1511/964 846/1509/962 857/1510/963
f 771/1446/921 834/1511/964 839/1447/922
f 839/1447/922 791/1444/920 771/1446/921
f 1021/1512/950 902/1513/919 994/1514/965
f 977/1515/966 902/1513/919 941/1516/957
f 908/1517/958 967/1518/961 1017/1519/967
f 1017/1519/967 967/1518/961 1045/1520/968
f 1018/1521/969 1045/1520/968 967/1518/961
f 1093/1522/970 1017/1519/967 1045/1520/968
f 1045/1520/968 1018/1521/969 1115/1523/971
f 1098/1524/972 1115/1523/971 1018/1521/969
f 957/1525/973 1018/1521/969 967/1518/961
f 1018/1521/969 1054/1526/974 1098/1524/972
f 1054/1527/974 1066/1528/975 1098/1524/972
f 1127/1529/953 1102/1530/952 1091/1531/976
f 1091/1531/976 1102/1530/952 1021/1512/950
f 1021/1512/950 994/1514/965 1091/1531/976
f 1091/1531/976 994/1514/965 1060/1532/977
f 1060/1532/977 994/1514/965 977/1515/966
f 1093/1522/970 1060/1532/977 1017/1519/967
f 1017/1519/967 1060/1532/977 977/1515/966
f 1017/1519/967 977/1515/966 908/1517/958
f 172/1334/863 211/1331/860 224/1328/857
f 172/1334/863 177/1533/978 211/1331/860
f 177/1533/978 172/1334/863 165/1335/864
f 206/1534/979 177/1535/978 165/1536/864
f 255/1537/980 177/1535/978 206/1534/979
f 165/1536/864 194/1538/866 206/1534/979
f 255/1537/980 206/1534/979 330/1539/981
f 255/1537/980 211/1540/860 177/1535/978
f 211/1540/860 255/1537/980 283/1541/982
f 211/1540/860 283/1541/982 222/1542/859
f 283/1541/982 330/1539/981 444/1543/983
f 283/1541/982 255/1537/980 330/1539/981
f 372/1544/984 330/1539/981 227/1545/985
f 222/1546/859 260/1547/986 256/1548/858
f 279/1549/987 260/1547/986 222/1546/859
f 283/1550/982 407/1551/988 279/1549/987
f 222/1546/859 283/1550/982 279/1549/987
f 301/1552/989 279/1549/987 407/1551/988
f 260/1547/986 279/1549/987 301/1552/989
f 324/1553/990 301/1552/989 455/1554/991
f 512/1555/992 301/1552/989 407/1551/988
f 512/1555/992 455/1554/991 301/1552/989
f 455/1554/991 512/1555/992 537/1556/993
f 455/1554/991 537/1556/993 571/1557/994
f 447/1558/995 455/1554/991 571/1557/994
f 351/1559/996 455/1554/991 447/1558/995
f 351/1559/996 324/1553/990 455/1554/991
f 301/1552/989 324/1553/990 294/1560/997
f 294/1560/997 260/1547/986 301/1552/989
f 294/1560/997 300/1561/998 256/1548/858
f 256/1548/858 260/1547/986 294/1560/997
f 294/1560/997 324/1553/990 351/1559/996
f 351/1559/996 447/1558/995 359/1562/999
f 294/1560/997 351/1559/996 359/1562/999
f 300/1561/998 294/1560/997 359/1562/999
f 300/1561/998 359/1562/999 411/1563/885
f 329/1564/869 300/1561/998 411/1563/885
f 300/1561/998 329/1564/869 256/1548/858
f 359/1562/999 447/1558/995 411/1563/885
f 411/1563/885 447/1558/995 571/1557/994
f 411/1563/885 571/1557/994 555/1565/884
f 657/1566/889 631/1567/887 571/1557/994
f 256/1329/858 224/1328/857 222/1330/859
f 407/1568/988 283/1541/982 423/1569/1000
f 537/1570/993 512/1571/992 520/1572/1001
f 520/1572/1001 597/1573/1002 537/1570/993
f 597/1573/1002 657/1574/889 571/1575/994
f 597/1573/1002 520/1572/1001 528/1576/1003
f 528/1576/1003 621/1577/1004 597/1573/1002
f 621/1577/1004 657/1574/889 597/1573/1002
f 372/1544/984 286/1578/1005 458/1579/1006
f 372/1544/984 227/1545/985 286/1578/1005
f 227/1545/985 212/1580/1007 286/1578/1005
f 194/1538/866 212/1580/1007 227/1545/985
f 286/1578/1005 212/1580/1007 180/1581/865
f 286/1578/1005 302/1582/867 421/1583/876
f 531/1584/907 572/1585/906 421/1583/876
f 531/1584/907 421/1583/876 491/1586/875
f 458/1579/1006 421/1583/876 572/1585/906
f 372/1544/984 458/1579/1006 621/1577/1004
f 528/1576/1003 372/1544/984 621/1577/1004
f 372/1544/984 444/1543/983 330/1539/981
f 372/1544/984 528/1576/1003 444/1543/983
f 423/1569/1000 512/1571/992 407/1568/988
f 520/1572/1001 512/1571/992 423/1569/1000
f 528/1576/1003 520/1572/1001 444/1543/983
f 444/1543/983 520/1572/1001 423/1569/1000
f 423/1569/1000 283/1541/982 444/1543/983
f 597/1587/1002 571/1557/994 537/1556/993
f 555/1367/884 571/1588/994 631/1374/887
f 621/1577/1004 458/1579/1006 657/1574/889
f 458/1579/1006 623/1589/891 657/1574/889
f 572/1585/906 623/1589/891 458/1579/1006
f 723/1464/893 771/1467/921 728/1590/894
f 930/1477/938 838/1469/931 785/1472/933
f 903/1504/959 967/1506/961 908/1503/958
f 903/1504/959 857/1510/963 885/1505/960
f 1018/1521/969 930/1591/938 979/1592/939
f 979/1592/939 1054/1526/974 1018/1521/969
f 957/1525/973 930/1591/938 1018/1521/969
f 896/1593/937 930/1591/938 957/1525/973
f 885/1594/960 957/1525/973 967/1518/961
f 885/1594/960 896/1593/937 957/1525/973
f 76/1595/438 139/1303/158 104/1166/745
f 313/1596/160 325/1597/1008 183/1598/157
f 183/1598/157 325/1597/1008 139/1303/158
f 451/1177/749 271/1176/748 289/1304/841
f 448/1180/752 451/1177/749 424/1599/1009
f 375/1600/1010 424/1599/1009 451/1177/749
f 424/1599/1009 412/1601/1011 437/1602/1012
f 428/1603/1013 437/1602/1012 412/1601/1011
f 470/1604/1014 428/1603/1013 387/1605/1015
f 412/1601/1011 387/1605/1015 428/1603/1013
f 466/1606/1016 400/1607/1017 401/1608/1018
f 466/1606/1016 401/1608/1018 495/1000/638
f 400/1607/1017 466/1606/1016 560/1609/1019
f 543/1610/1020 470/1604/1014 387/1605/1015
f 470/1604/1014 543/1610/1020 580/1611/1021
f 543/1610/1020 387/1605/1015 560/1609/1019
f 387/1605/1015 400/1607/1017 560/1609/1019
f 297/1612/1022 289/1304/841 139/1303/158
f 139/1303/158 325/1597/1008 297/1612/1022
f 289/1304/841 297/1612/1022 375/1600/1010
f 400/1607/1017 387/1605/1015 378/1613/1023
f 313/1596/160 401/1608/1018 325/1597/1008
f 297/1612/1022 325/1597/1008 378/1613/1023
f 378/1613/1023 387/1605/1015 375/1600/1010
f 297/1612/1022 378/1613/1023 375/1600/1010
f 412/1601/1011 375/1600/1010 387/1605/1015
f 378/1613/1023 325/1597/1008 401/1608/1018
f 451/1177/749 289/1304/841 375/1600/1010
f 401/1608/1018 313/1596/160 460/1004/568
f 495/1000/638 401/1608/1018 460/1004/568
f 560/1609/1019 466/1606/1016 495/1000/638
f 640/997/636 560/1609/1019 495/1000/638
f 401/1608/1018 400/1607/1017 378/1613/1023
f 424/1599/1009 375/1600/1010 412/1601/1011
f 443/1355/754 391/1324/755 448/1614/752
f 491/1356/875 443/1355/754 452/1615/753
f 468/1616/1024 491/1356/875 452/1615/753
f 437/1602/1012 452/1181/753 424/1599/1009
f 424/1599/1009 452/1181/753 448/1180/752
f 437/1602/1012 428/1603/1013 470/1604/1014
f 437/1602/1012 470/1604/1014 514/1617/1025
f 492/1618/1026 491/1619/875 478/1620/1027
f 474/1621/1028 504/1622/1029 492/1618/1026
f 492/1618/1026 468/1623/1024 514/1624/1025
f 507/1625/1030 492/1618/1026 514/1624/1025
f 514/1624/1025 589/1626/1031 507/1625/1030
f 464/1627/1032 494/1628/1033 482/1629/1034
f 482/1629/1034 471/1630/1035 464/1627/1032
f 501/1631/1036 494/1628/1033 464/1627/1032
f 507/1625/1030 557/1632/1037 501/1631/1036
f 557/1632/1037 507/1625/1030 589/1626/1031
f 557/1632/1037 575/1633/1038 494/1628/1033
f 540/1634/1039 397/1635/566 465/1636/577
f 318/1637/570 465/1636/577 397/1635/566
f 491/1619/875 468/1623/1024 478/1620/1027
f 478/1620/1027 468/1623/1024 492/1618/1026
f 452/1638/753 437/1639/1012 468/1623/1024
f 514/1624/1025 468/1623/1024 437/1640/1012
f 180/1581/865 302/1582/867 286/1578/1005
f 491/1422/875 492/1641/1026 505/1423/908
f 593/1642/1040 518/1643/1041 548/1644/1042
f 617/1645/1043 593/1642/1040 548/1644/1042
f 575/1646/1038 557/1647/1037 617/1645/1043
f 557/1647/1037 644/1648/1044 617/1645/1043
f 575/1646/1038 617/1645/1043 548/1644/1042
f 504/1622/1029 505/1649/908 492/1618/1026
f 509/1650/569 397/1635/566 540/1634/1039
f 509/1651/569 540/1652/1039 595/1653/1045
f 595/1653/1045 540/1652/1039 551/1654/1046
f 514/1655/1025 470/1656/1014 580/1657/1021
f 589/1658/1031 514/1655/1025 580/1657/1021
f 589/1658/1031 580/1657/1021 633/1659/1047
f 589/1658/1031 633/1659/1047 638/1660/1048
f 589/1658/1031 638/1660/1048 644/1648/1044
f 558/1426/911 593/1642/1040 644/1648/1044
f 617/1645/1043 644/1648/1044 593/1642/1040
f 509/1651/569 595/1653/1045 655/1661/1049
f 673/1662/628 655/1661/1049 708/1663/1050
f 708/1663/1050 655/1661/1049 668/1664/1051
f 772/1665/665 708/1663/1050 758/1666/1052
f 740/1667/1053 708/1663/1050 668/1664/1051
f 740/1667/1053 668/1664/1051 682/1668/1054
f 668/1664/1051 655/1661/1049 595/1653/1045
f 551/1654/1046 561/1669/1055 595/1653/1045
f 549/1670/1056 561/1669/1055 551/1654/1046
f 595/1653/1045 561/1669/1055 668/1664/1051
f 682/1668/1054 684/1671/601 736/1672/602
f 740/1667/1053 682/1668/1054 736/1672/602
f 808/1673/606 815/1674/1057 736/1672/602
f 815/1674/1057 740/1667/1053 736/1672/602
f 708/1663/1050 740/1667/1053 773/1675/1058
f 773/1675/1058 740/1667/1053 815/1674/1057
f 870/1676/1059 815/1674/1057 808/1673/606
f 821/1677/1060 870/1676/1059 856/1678/1061
f 870/1676/1059 911/1679/1062 856/1678/1061
f 870/1676/1059 821/1677/1060 815/1674/1057
f 927/1680/1063 856/1678/1061 911/1679/1062
f 927/1680/1063 911/1679/1062 999/1681/1064
f 1036/1682/1065 999/1681/1064 911/1679/1062
f 914/1683/1066 927/1680/1063 960/1684/1067
f 927/1680/1063 914/1683/1066 856/1678/1061
f 960/1684/1067 927/1680/1063 999/1681/1064
f 1035/1685/1068 1036/1682/1065 1065/1686/1069
f 1035/1685/1068 998/1687/668 960/1684/1067
f 1035/1685/1068 960/1684/1067 999/1681/1064
f 999/1681/1064 1036/1682/1065 1035/1685/1068
f 531/1421/907 618/1417/904 572/1688/906
f 671/1689/1070 618/1417/904 624/1425/910
f 618/1417/904 671/1689/1070 704/1418/905
f 671/1689/1070 719/1690/932 704/1418/905
f 719/1690/932 671/1689/1070 722/1691/947
f 687/1692/948 722/1691/947 671/1689/1070
f 671/1689/1070 624/1425/910 687/1692/948
f 687/1692/948 624/1425/910 633/1659/1047
f 687/1692/948 633/1659/1047 580/1657/1021
f 638/1660/1048 633/1659/1047 624/1425/910
f 567/1424/909 638/1660/1048 624/1425/910
f 655/1661/1049 673/1662/628 509/1651/569
f 638/1660/1048 558/1426/911 644/1648/1044
f 504/1693/1029 593/1642/1040 558/1426/911
f 558/1426/911 638/1660/1048 567/1424/909
f 687/1694/948 580/1611/1021 718/1695/1071
f 543/1610/1020 777/1696/1072 718/1695/1071
f 580/1611/1021 543/1610/1020 718/1695/1071
f 673/1662/628 708/1663/1050 768/1697/662
f 772/1665/665 768/1697/662 708/1663/1050
f 758/1666/1052 708/1663/1050 773/1675/1058
f 758/1666/1052 840/1698/663 772/1665/665
f 958/1699/667 840/1698/663 914/1683/1066
f 960/1684/1067 998/1687/668 958/1699/667
f 998/1687/668 1035/1685/1068 1080/1700/1073
f 911/1679/1062 870/1676/1059 808/1673/606
f 911/1679/1062 808/1673/606 983/1701/714
f 983/1701/714 1065/1686/1069 911/1679/1062
f 1065/1686/1069 1036/1682/1065 911/1679/1062
f 983/1701/714 1145/1702/1074 1065/1686/1069
f 759/1703/656 560/1609/1019 762/999/637
f 759/1703/656 543/1610/1020 560/1609/1019
f 640/997/636 762/999/637 560/1609/1019
f 803/1485/946 687/1487/948 818/1704/1075
f 883/1705/1076 865/1706/1077 818/1704/1075
f 803/1485/946 818/1704/1075 863/1484/945
f 865/1706/1077 863/1484/945 818/1704/1075
f 718/1707/1071 777/1708/1072 818/1704/1075
f 818/1704/1075 687/1487/948 718/1707/1071
f 799/1039/629 907/1031/655 873/1709/630
f 907/1031/655 799/1039/629 947/1038/661
f 947/1038/661 799/1039/629 881/1043/664
f 772/1044/665 881/1043/664 768/1041/662
f 768/1041/662 881/1043/664 799/1039/629
f 881/1043/664 958/1046/667 1024/1045/666
f 947/1038/661 881/1043/664 1061/1052/673
f 1061/1052/673 881/1043/664 1024/1045/666
f 1061/1052/673 1084/1053/674 947/1038/661
f 996/1030/654 947/1038/661 1074/1037/660
f 1074/1037/660 947/1038/661 1084/1053/674
f 1074/1037/660 1084/1053/674 1125/1710/1078
f 1132/1050/671 1195/1711/1079 1125/1710/1078
f 1132/1050/671 1125/1710/1078 1084/1053/674
f 759/1033/656 864/1029/653 882/1034/657
f 882/1034/657 959/1028/652 992/1035/658
f 759/1033/656 777/1712/1072 543/1713/1020
f 928/1714/1080 777/1712/1072 882/1034/657
f 882/1034/657 777/1712/1072 759/1033/656
f 897/1715/1081 928/1716/1080 1000/1717/1082
f 897/1715/1081 818/1718/1075 928/1716/1080
f 777/1719/1072 928/1716/1080 818/1718/1075
f 928/1716/1080 1057/1720/1083 1000/1717/1082
f 1057/1720/1083 928/1716/1080 1047/1721/1084
f 1057/1720/1083 1047/1721/1084 1121/1722/1085
f 928/1716/1080 882/1723/657 1047/1721/1084
f 818/1718/1075 897/1715/1081 883/1724/1076
f 958/1699/667 881/1725/664 840/1698/663
f 465/1726/577 305/1727/576 506/1728/1086
f 506/1728/1086 305/1727/576 489/1729/592
f 532/1730/1087 506/1728/1086 529/1731/1088
f 506/1728/1086 549/1670/1056 551/1654/1046
f 506/1728/1086 561/1669/1055 549/1670/1056
f 532/1730/1087 561/1669/1055 506/1728/1086
f 489/1729/592 529/1731/1088 506/1728/1086
f 668/1664/1051 561/1669/1055 682/1668/1054
f 682/1668/1054 561/1669/1055 619/1732/600
f 574/1733/593 619/1732/600 510/1734/591
f 619/1732/600 529/1731/1088 510/1734/591
f 510/1734/591 529/1731/1088 489/1729/592
f 561/1669/1055 532/1730/1087 619/1732/600
f 619/1732/600 532/1730/1087 529/1731/1088
f 682/1668/1054 619/1732/600 684/1671/601
f 506/1728/1086 551/1654/1046 540/1652/1039
f 465/1726/577 506/1728/1086 540/1652/1039
f 773/1675/1058 821/1677/1060 758/1666/1052
f 856/1678/1061 758/1666/1052 821/1677/1060
f 840/1698/663 856/1678/1061 914/1683/1066
f 758/1666/1052 856/1678/1061 840/1698/663
f 773/1675/1058 815/1674/1057 821/1677/1060
f 960/1684/1067 958/1699/667 914/1683/1066
f 180/1581/865 212/1580/1007 194/1538/866
f 227/1545/985 206/1534/979 194/1538/866
f 330/1539/981 206/1534/979 227/1545/985
f 458/1579/1006 286/1578/1005 421/1583/876
f 464/1627/1032 492/1618/1026 501/1631/1036
f 501/1631/1036 492/1618/1026 507/1625/1030
f 492/1618/1026 464/1627/1032 474/1621/1028
f 471/1630/1035 474/1621/1028 464/1627/1032
f 471/1630/1035 485/1735/1089 474/1621/1028
f 504/1693/1029 485/1736/1089 518/1643/1041
f 474/1737/1028 485/1736/1089 504/1693/1029
f 593/1642/1040 504/1693/1029 518/1643/1041
f 548/1644/1042 518/1643/1041 471/1738/1035
f 471/1738/1035 518/1643/1041 485/1736/1089
f 558/1426/911 505/1423/908 504/1693/1029
f 501/1631/1036 557/1632/1037 494/1628/1033
f 482/1739/1034 494/1740/1033 575/1646/1038
f 575/1646/1038 548/1644/1042 482/1739/1034
f 482/1739/1034 548/1644/1042 471/1738/1035
f 557/1647/1037 589/1658/1031 644/1648/1044
f 876/1741/934 863/1742/945 854/1743/1090
f 854/1743/1090 863/1742/945 851/1744/1091
f 876/1741/934 854/1743/1090 895/1745/1092
f 892/1746/1093 854/1743/1090 891/1747/1094
f 860/1748/1095 891/1747/1094 854/1743/1090
f 865/1749/1077 860/1748/1095 851/1744/1091
f 854/1743/1090 851/1744/1091 860/1748/1095
f 865/1749/1077 851/1744/1091 863/1742/945
f 898/1474/935 876/1473/934 895/1750/1092
f 898/1474/935 895/1750/1092 943/1751/1096
f 898/1474/935 943/1752/1096 965/1483/944
f 915/1475/936 898/1474/935 945/1481/942
f 865/1753/1077 883/1724/1076 860/1754/1095
f 860/1754/1095 883/1724/1076 940/1755/1097
f 987/1756/1098 891/1757/1094 940/1755/1097
f 891/1757/1094 860/1754/1095 940/1755/1097
f 897/1715/1081 1000/1717/1082 940/1755/1097
f 883/1724/1076 897/1715/1081 940/1755/1097
f 940/1755/1097 1057/1720/1083 1064/1758/1099
f 1057/1720/1083 940/1755/1097 1000/1717/1082
f 940/1755/1097 1064/1758/1099 1114/1759/1100
f 1064/1758/1099 1121/1722/1085 1155/1760/1101
f 1064/1758/1099 1057/1720/1083 1121/1722/1085
f 854/1761/1090 892/1762/1093 895/1763/1092
f 892/1762/1093 943/1764/1096 895/1763/1092
f 987/1756/1098 892/1765/1093 891/1757/1094
f 1025/1766/260 1113/1767/1102 1055/1768/261
f 1136/1769/1103 1085/1770/1104 1055/1768/261
f 1136/1769/1103 1055/1768/261 1113/1767/1102
f 1085/1770/1104 1136/1769/1103 1004/1771/236
f 1085/1770/1104 1033/1772/259 1055/1768/261
f 1141/1773/1105 1160/1774/1106 1128/1775/1107
f 1106/1776/1108 1141/1773/1105 984/1777/254
f 1141/1773/1105 1128/1775/1107 984/1777/254
f 1128/1775/1107 1025/1778/260 984/1777/254
f 1161/1779/1109 1128/1775/1107 1165/1780/1110
f 1165/1780/1110 1128/1775/1107 1160/1774/1106
f 1025/1766/260 1128/1781/1107 1113/1767/1102
f 1128/1781/1107 1161/1782/1109 1113/1767/1102
f 1161/1782/1109 1156/1783/1111 1113/1767/1102
f 1161/1782/1109 1165/1784/1110 1257/1785/1112
f 1165/1784/1110 1220/1786/1113 1257/1785/1112
f 1257/1785/1112 1308/1787/1114 1372/1788/1115
f 1257/1785/1112 1372/1788/1115 1318/1789/1116
f 1161/1782/1109 1257/1785/1112 1318/1789/1116
f 1318/1789/1116 1252/1790/1117 1161/1782/1109
f 1161/1782/1109 1252/1790/1117 1156/1783/1111
f 1156/1783/1111 1192/1791/1118 1136/1769/1103
f 1136/1769/1103 1088/1792/1119 1004/1771/236
f 1031/1793/257 1085/1770/1104 1004/1771/236
f 1044/1794/258 1085/1770/1104 1031/1793/257
f 1033/1772/259 1085/1770/1104 1044/1794/258
f 1257/1785/1112 1220/1786/1113 1262/1795/1120
f 1257/1785/1112 1262/1795/1120 1308/1787/1114
f 1044/374/258 952/346/239 1033/375/259
f 923/347/240 952/346/239 1031/372/257
f 990/368/253 955/366/251 1010/378/262
f 1010/378/262 955/366/251 954/1796/265
f 1062/1797/237 917/1798/210 962/1799/234
f 1139/1800/1121 917/1798/210 1242/1801/1122
f 917/1802/210 1139/1803/1121 1107/1804/495
f 917/1802/210 1107/1804/495 919/1805/209
f 1033/375/259 1006/354/246 1055/377/261
f 1033/375/259 948/349/242 1006/354/246
f 1062/1797/237 1004/1806/236 1088/1807/1119
f 1088/1807/1119 1136/1808/1103 1192/1809/1118
f 1181/1810/1123 1088/1807/1119 1192/1809/1118
f 1088/1807/1119 1181/1810/1123 1135/1811/1124
f 1181/1810/1123 1192/1809/1118 1156/1812/1111
f 1339/1813/1125 1323/1814/1126 1389/1815/1127
f 1252/1816/1117 1389/1815/1127 1323/1814/1126
f 1062/1797/237 1088/1807/1119 1135/1811/1124
f 1135/1811/1124 1202/1817/1128 1269/1818/1129
f 1289/1819/1130 1135/1811/1124 1269/1818/1129
f 1289/1819/1130 1242/1801/1122 1062/1797/237
f 1269/1818/1129 1202/1817/1128 1365/1820/1131
f 1202/1817/1128 1181/1810/1123 1287/1821/1132
f 1280/1822/1133 1323/1814/1126 1339/1813/1125
f 1340/1823/1134 1280/1822/1133 1339/1813/1125
f 1289/1819/1130 1062/1797/237 1135/1811/1124
f 1156/1783/1111 1136/1769/1103 1113/1767/1102
f 1280/1822/1133 1233/1824/1135 1252/1816/1117
f 1252/1816/1117 1233/1824/1135 1156/1812/1111
f 1156/1812/1111 1233/1824/1135 1225/1825/1136
f 1181/1810/1123 1156/1812/1111 1225/1825/1136
f 1392/1826/1137 1250/1827/1138 1337/1828/1139
f 1139/1829/1121 1337/1828/1139 1107/1830/495
f 1250/1827/1138 1107/1830/495 1337/1828/1139
f 1441/1831/1140 1392/1832/1137 1337/1828/1139
f 1202/1817/1128 1135/1811/1124 1181/1810/1123
f 1242/1801/1122 917/1798/210 1062/1797/237
f 1139/1800/1121 1242/1801/1122 1337/1833/1139
f 1365/1820/1131 1289/1819/1130 1269/1818/1129
f 1443/1834/1141 1289/1819/1130 1365/1820/1131
f 1289/1819/1130 1443/1834/1141 1484/1835/1142
f 1287/1821/1132 1443/1834/1141 1365/1820/1131
f 1437/1836/1143 1242/1801/1122 1289/1819/1130
f 1437/1836/1143 1289/1819/1130 1484/1835/1142
f 1459/1837/1144 1443/1834/1141 1287/1821/1132
f 1443/1834/1141 1459/1837/1144 1484/1835/1142
f 1484/1835/1142 1459/1837/1144 1481/1838/1145
f 1459/1837/1144 1287/1821/1132 1381/1839/1146
f 1459/1837/1144 1381/1839/1146 1410/1840/1147
f 1459/1837/1144 1410/1840/1147 1481/1838/1145
f 1410/1840/1147 1428/1841/1148 1461/1842/1149
f 1481/1838/1145 1410/1840/1147 1461/1842/1149
f 1340/1823/1134 1410/1840/1147 1350/1843/1150
f 1340/1823/1134 1339/1813/1125 1410/1840/1147
f 1410/1840/1147 1339/1813/1125 1428/1841/1148
f 1365/1820/1131 1202/1817/1128 1287/1821/1132
f 1287/1821/1132 1181/1810/1123 1280/1822/1133
f 1225/1825/1136 1280/1822/1133 1181/1810/1123
f 1323/1814/1126 1280/1822/1133 1252/1816/1117
f 1280/1822/1133 1225/1825/1136 1233/1824/1135
f 1242/1801/1122 1441/1844/1140 1337/1833/1139
f 1242/1801/1122 1437/1836/1143 1441/1844/1140
f 1489/1845/1151 1441/1844/1140 1484/1835/1142
f 1489/1845/1151 1484/1835/1142 1508/1846/1152
f 1489/1845/1151 1508/1846/1152 1514/1847/1153
f 1441/1844/1140 1489/1845/1151 1392/1848/1137
f 1280/1822/1133 1340/1823/1134 1350/1843/1150
f 1287/1821/1132 1280/1822/1133 1381/1839/1146
f 1381/1839/1146 1280/1822/1133 1350/1843/1150
f 1350/1843/1150 1410/1840/1147 1381/1839/1146
f 1437/1836/1143 1484/1835/1142 1441/1844/1140
f 1372/1849/1115 1420/1850/1154 1318/1851/1116
f 1461/1842/1149 1389/1815/1127 1420/1852/1154
f 1461/1842/1149 1428/1841/1148 1389/1815/1127
f 1389/1815/1127 1428/1841/1148 1339/1813/1125
f 1420/1850/1154 1389/1815/1127 1252/1853/1117
f 1318/1851/1116 1420/1850/1154 1252/1853/1117
f 1499/1854/1155 1508/1846/1152 1481/1838/1145
f 1484/1835/1142 1481/1838/1145 1508/1846/1152
f 1481/1838/1145 1461/1842/1149 1499/1854/1155
f 1353/1855/1156 1419/1856/1157 1376/1857/1158
f 1329/1858/1159 1353/1855/1156 1376/1857/1158
f 1338/1859/1160 1316/1860/1161 1329/1858/1159
f 1338/1859/1160 1384/1861/1162 1330/1862/1163
f 1384/1861/1162 1338/1859/1160 1400/1863/1164
f 1338/1859/1160 1329/1858/1159 1382/1864/1165
f 1338/1859/1160 1382/1864/1165 1400/1863/1164
f 1471/1865/1166 1496/1866/1167 1515/1867/1168
f 1515/1867/1168 1504/1868/1169 1471/1865/1166
f 1515/1867/1168 1525/1869/1170 1504/1868/1169
f 1549/1870/1171 1504/1868/1169 1525/1869/1170
f 1525/1869/1170 1515/1867/1168 1530/1871/1172
f 1507/1872/1173 1530/1871/1172 1515/1867/1168
f 1507/1872/1173 1515/1867/1168 1496/1866/1167
f 1496/1866/1167 1471/1865/1166 1480/1873/1174
f 1480/1873/1174 1468/1874/1175 1514/1875/1153
f 1493/1876/1176 1514/1875/1153 1468/1874/1175
f 1514/1875/1153 1508/1877/1152 1529/1878/1177
f 1529/1878/1177 1499/1879/1155 1516/1880/1178
f 1516/1880/1178 1496/1866/1167 1529/1878/1177
f 1496/1866/1167 1516/1880/1178 1511/1881/1179
f 1496/1866/1167 1511/1881/1179 1507/1872/1173
f 1480/1873/1174 1514/1875/1153 1496/1866/1167
f 1514/1875/1153 1529/1878/1177 1496/1866/1167
f 1392/1882/1137 1489/1883/1151 1514/1875/1153
f 1493/1876/1176 1392/1882/1137 1514/1875/1153
f 1392/1882/1137 1493/1876/1176 1419/1856/1157
f 1353/1855/1156 1392/1882/1137 1419/1856/1157
f 1376/1857/1158 1419/1856/1157 1382/1864/1165
f 1419/1856/1157 1493/1876/1176 1468/1874/1175
f 1382/1864/1165 1419/1856/1157 1468/1874/1175
f 1468/1874/1175 1400/1863/1164 1382/1864/1165
f 1400/1863/1164 1468/1874/1175 1471/1865/1166
f 1480/1873/1174 1471/1865/1166 1468/1874/1175
f 931/1884/342 1038/1885/348 1012/1886/345
f 1119/1887/1180 1106/1776/1108 1012/1886/345
f 1119/1887/1180 1012/1886/345 1038/1885/348
f 984/1777/254 1050/1888/255 1075/1889/1181
f 984/1777/254 1075/1889/1181 1106/1776/1108
f 1106/1776/1108 1075/1889/1181 1012/1886/345
f 1075/1889/1181 1050/1888/255 1010/1890/262
f 975/1891/344 1075/1889/1181 1010/1890/262
f 975/1891/344 1032/1892/346 1075/1889/1181
f 1075/1889/1181 1032/1892/346 1012/1886/345
f 1141/1893/1105 1106/1894/1108 1152/1895/1182
f 1106/1894/1108 1119/1896/1180 1152/1895/1182
f 1141/1893/1105 1152/1895/1182 1178/1897/1183
f 1152/1895/1182 1119/1896/1180 1185/1898/1184
f 1183/1899/1185 1152/1895/1182 1185/1898/1184
f 1152/1895/1182 1183/1899/1185 1178/1897/1183
f 1194/1900/1186 1178/1897/1183 1183/1899/1185
f 1183/1899/1185 1196/1901/1187 1194/1900/1186
f 1178/1897/1183 1194/1900/1186 1218/1902/1188
f 1185/1898/1184 1119/1896/1180 1247/1903/1189
f 1247/1903/1189 1119/1896/1180 1226/1904/1190
f 1247/1903/1189 1348/1905/1191 1297/1906/1192
f 1297/1906/1192 1348/1905/1191 1310/1907/1193
f 1203/1908/1194 1297/1906/1192 1310/1907/1193
f 1310/1907/1193 1274/1909/1195 1203/1908/1194
f 1203/1908/1194 1247/1903/1189 1297/1906/1192
f 1185/1898/1184 1203/1908/1194 1183/1899/1185
f 1183/1899/1185 1203/1908/1194 1196/1901/1187
f 1247/1903/1189 1203/1908/1194 1185/1898/1184
f 1165/1910/1110 1160/1911/1106 1209/1912/1196
f 1165/1910/1110 1209/1912/1196 1220/1913/1113
f 1219/1914/1197 1209/1912/1196 1160/1911/1106
f 1219/1914/1197 1160/1911/1106 1228/1915/1198
f 1209/1912/1196 1219/1914/1197 1288/1916/1199
f 1288/1916/1199 1219/1914/1197 1228/1917/1198
f 1224/1918/1200 1141/1893/1105 1178/1897/1183
f 1228/1919/1198 1141/1893/1105 1224/1918/1200
f 1178/1897/1183 1218/1902/1188 1224/1918/1200
f 1160/1920/1106 1141/1893/1105 1228/1919/1198
f 1332/1921/1201 1406/1922/1202 1364/1923/1203
f 1406/1922/1202 1449/1924/1204 1364/1923/1203
f 1224/1925/1200 1332/1926/1201 1228/1927/1198
f 1295/1928/1205 1326/1929/1206 1218/1930/1188
f 1326/1929/1206 1295/1928/1205 1341/1931/1207
f 1379/1932/1208 1341/1931/1207 1295/1928/1205
f 1341/1931/1207 1379/1932/1208 1405/1933/1209
f 1379/1932/1208 1431/1934/1210 1405/1933/1209
f 1405/1933/1209 1378/1935/1211 1341/1931/1207
f 1326/1929/1206 1341/1931/1207 1378/1935/1211
f 1228/1917/1198 1332/1921/1201 1364/1923/1203
f 1228/1917/1198 1364/1923/1203 1288/1916/1199
f 1262/1936/1120 1288/1916/1199 1308/1937/1114
f 1372/1938/1115 1308/1937/1114 1288/1916/1199
f 1372/1938/1115 1288/1916/1199 1364/1923/1203
f 1372/1938/1115 1364/1923/1203 1449/1924/1204
f 1262/1936/1120 1209/1912/1196 1288/1916/1199
f 1209/1912/1196 1262/1936/1120 1220/1939/1113
f 1326/1929/1206 1224/1925/1200 1218/1930/1188
f 1332/1926/1201 1224/1925/1200 1326/1929/1206
f 1332/1926/1201 1326/1929/1206 1404/1940/1212
f 1332/1926/1201 1404/1940/1212 1406/1941/1202
f 1448/1942/1213 1404/1940/1212 1430/1943/1214
f 1462/1944/1215 1406/1941/1202 1404/1940/1212
f 1462/1944/1215 1404/1940/1212 1448/1942/1213
f 1449/1945/1204 1406/1941/1202 1462/1944/1215
f 1372/1946/1115 1449/1945/1204 1420/1947/1154
f 1462/1944/1215 1420/1947/1154 1449/1945/1204
f 1462/1944/1215 1448/1942/1213 1460/1948/1216
f 1460/1948/1216 1448/1942/1213 1434/1949/1217
f 1405/1950/1209 1431/1951/1210 1434/1949/1217
f 1431/1951/1210 1460/1948/1216 1434/1949/1217
f 1430/1943/1214 1434/1949/1217 1448/1942/1213
f 1436/1952/1218 1434/1949/1217 1430/1943/1214
f 1436/1952/1218 1430/1943/1214 1411/1953/1219
f 1436/1952/1218 1414/1954/1220 1435/1955/1221
f 1405/1956/1209 1434/1949/1217 1435/1955/1221
f 1435/1955/1221 1434/1949/1217 1436/1952/1218
f 1005/1957/1222 888/1958/375 933/1959/380
f 888/1958/375 880/1960/376 933/1959/380
f 1005/1957/1222 933/1959/380 1011/1961/1223
f 1005/1957/1222 1011/1962/1223 1069/1963/1224
f 1111/1964/1225 1229/1965/1226 1226/1966/1190
f 1111/1964/1225 1142/1967/1227 1229/1965/1226
f 933/1968/380 995/1969/398 1011/1970/1223
f 1014/1971/355 980/1972/353 904/1973/354
f 1014/1971/355 1042/1974/1228 1038/1975/348
f 1042/1974/1228 1111/1964/1225 1038/1975/348
f 1042/1974/1228 1110/1976/1229 1111/1964/1225
f 1110/1976/1229 1069/1963/1224 1142/1967/1227
f 1142/1967/1227 1111/1964/1225 1110/1976/1229
f 888/1958/375 1042/1974/1228 1014/1971/355
f 1042/1974/1228 888/1958/375 1005/1957/1222
f 1042/1974/1228 1005/1957/1222 1110/1976/1229
f 1069/1963/1224 1110/1976/1229 1005/1957/1222
f 995/1969/398 1083/1977/1230 1011/1970/1223
f 1101/620/389 1096/1978/1231 972/621/390
f 982/628/397 972/621/390 1096/1978/1231
f 995/629/398 982/628/397 1083/1979/1230
f 1083/1979/1230 982/628/397 1096/1978/1231
f 1038/1885/348 1111/1980/1225 1119/1887/1180
f 1069/1981/1224 1011/1970/1223 1083/1977/1230
f 1069/1982/1224 1153/1983/1232 1142/1984/1227
f 1153/1983/1232 1199/1985/1233 1142/1984/1227
f 1199/1985/1233 1229/1986/1226 1142/1984/1227
f 1199/1985/1233 1243/1987/1234 1229/1986/1226
f 1229/1986/1226 1243/1987/1234 1290/1988/1235
f 1279/1989/1236 1243/1987/1234 1199/1985/1233
f 1153/1983/1232 1179/1990/1237 1214/1991/1238
f 1179/1990/1237 1153/1983/1232 1069/1982/1224
f 1083/1992/1230 1179/1990/1237 1069/1982/1224
f 1111/1993/1225 1226/1994/1190 1119/1995/1180
f 1194/1900/1186 1196/1901/1187 1268/1996/1239
f 1268/1996/1239 1218/1902/1188 1194/1900/1186
f 1379/1997/1208 1343/1998/1240 1422/1999/1241
f 1431/2000/1210 1422/1999/1241 1460/2001/1216
f 1422/1999/1241 1343/1998/1240 1402/2002/1242
f 1422/1999/1241 1402/2002/1242 1460/2003/1216
f 1461/2004/1149 1460/2003/1216 1402/2002/1242
f 1473/2005/1243 1497/2006/1244 1402/2002/1242
f 1402/2002/1242 1333/2007/1245 1357/2008/1246
f 1417/2009/1247 1473/2005/1243 1310/1907/1193
f 1357/2008/1246 1310/1907/1193 1473/2005/1243
f 1357/2008/1246 1328/2010/1248 1310/1907/1193
f 1402/2002/1242 1343/1998/1240 1333/2007/1245
f 1343/1998/1240 1379/1997/1208 1295/2011/1205
f 1295/2011/1205 1218/1902/1188 1268/1996/1239
f 1268/1996/1239 1343/1998/1240 1295/2011/1205
f 1278/2012/1249 1226/1994/1190 1256/2013/1250
f 1256/2013/1250 1411/1953/1219 1413/2014/1251
f 1278/2012/1249 1256/2013/1250 1413/2014/1251
f 1411/1953/1219 1256/2013/1250 1325/2015/1252
f 1325/2015/1252 1438/2016/1253 1411/1953/1219
f 1363/2017/1254 1278/2012/1249 1413/2014/1251
f 1413/2014/1251 1411/1953/1219 1430/1943/1214
f 1363/2017/1254 1413/2014/1251 1390/2018/1255
f 1430/1943/1214 1404/1940/1212 1390/2018/1255
f 1226/1994/1190 1229/2019/1226 1256/2013/1250
f 1325/2020/1252 1256/2013/1250 1229/2019/1226
f 1274/1909/1195 1268/1996/1239 1196/1901/1187
f 1268/1996/1239 1274/1909/1195 1328/2010/1248
f 1333/2007/1245 1268/1996/1239 1328/2010/1248
f 1357/2008/1246 1333/2007/1245 1328/2010/1248
f 1328/2010/1248 1274/1909/1195 1310/1907/1193
f 1417/2009/1247 1310/1907/1193 1348/1905/1191
f 1348/1905/1191 1439/2021/1256 1417/2009/1247
f 1274/1909/1195 1196/1901/1187 1203/1908/1194
f 1226/1994/1190 1278/2012/1249 1292/2022/1257
f 1226/1994/1190 1292/2022/1257 1247/2023/1189
f 1292/2022/1257 1278/2012/1249 1363/2017/1254
f 1270/2024/1258 1294/2025/1259 1263/2026/1260
f 1391/2027/1261 1294/2025/1259 1284/2028/1262
f 1387/2029/1263 1490/2030/1264 1477/2031/1265
f 1463/2032/1266 1377/2033/1267 1477/2031/1265
f 1387/2029/1263 1477/2031/1265 1377/2033/1267
f 1298/2034/1268 1263/2026/1260 1377/2033/1267
f 1377/2033/1267 1367/2035/1269 1298/2034/1268
f 1377/2033/1267 1263/2026/1260 1294/2025/1259
f 1387/2029/1263 1377/2033/1267 1294/2025/1259
f 1270/2024/1258 1263/2026/1260 1261/2036/1270
f 1284/2028/1262 1294/2025/1259 1270/2024/1258
f 1284/2028/1262 1261/2036/1270 1273/2037/1271
f 1270/2024/1258 1261/2036/1270 1284/2028/1262
f 1263/2026/1260 1260/2038/1272 1261/2036/1270
f 1260/2038/1272 1263/2026/1260 1267/2039/1273
f 1367/2035/1269 1267/2039/1273 1298/2034/1268
f 1267/2039/1273 1367/2035/1269 1314/2040/1274
f 1367/2035/1269 1351/2041/1275 1314/2042/1274
f 1351/2041/1275 1367/2035/1269 1409/2043/1276
f 1377/2033/1267 1409/2043/1276 1367/2035/1269
f 1290/2044/1235 1351/2041/1275 1325/2045/1252
f 1290/2046/1235 1325/2045/1252 1229/2047/1226
f 1409/2043/1276 1325/2045/1252 1351/2041/1275
f 1438/2048/1253 1325/2045/1252 1409/2043/1276
f 1315/2049/1277 1334/2050/1278 1261/2051/1270
f 1261/2051/1270 1260/2052/1272 1315/2049/1277
f 1315/2049/1277 1260/2052/1272 1307/2053/1279
f 1314/2054/1274 1260/2052/1272 1267/2055/1273
f 1307/2053/1279 1260/2052/1272 1314/2054/1274
f 1306/2056/1280 1284/2028/1262 1273/2057/1271
f 1294/2025/1259 1391/2027/1261 1387/2029/1263
f 1343/1998/1240 1268/1996/1239 1333/2007/1245
f 1247/2058/1189 1292/2022/1257 1368/2059/1281
f 1247/2058/1189 1368/2059/1281 1348/2060/1191
f 1348/2060/1191 1414/2061/1220 1439/2062/1256
f 1439/2062/1256 1414/2061/1220 1436/2063/1218
f 1348/2060/1191 1368/2059/1281 1414/2061/1220
f 1368/2059/1281 1435/2064/1221 1414/2061/1220
f 1435/2064/1221 1368/2059/1281 1378/1935/1211
f 1368/2059/1281 1292/2022/1257 1363/2017/1254
f 1378/1935/1211 1368/2059/1281 1383/2065/1282
f 1363/2017/1254 1383/2065/1282 1368/2059/1281
f 1383/2065/1282 1363/2017/1254 1390/2018/1255
f 1413/2014/1251 1430/1943/1214 1390/2018/1255
f 1390/2018/1255 1326/1929/1206 1383/2065/1282
f 1378/1935/1211 1383/2065/1282 1326/1929/1206
f 1405/1933/1209 1435/2064/1221 1378/1935/1211
f 1298/2034/1268 1267/2039/1273 1263/2026/1260
f 1199/2066/1233 1214/2067/1238 1279/2068/1236
f 1214/2067/1238 1309/2069/1283 1279/2068/1236
f 1391/2027/1261 1548/2070/1284 1490/2030/1264
f 1548/2070/1284 1523/2071/1285 1490/2030/1264
f 1523/2071/1285 1477/2031/1265 1490/2030/1264
f 1463/2032/1266 1477/2031/1265 1466/2072/1286
f 1466/2072/1286 1477/2031/1265 1523/2071/1285
f 1273/2073/1271 1261/2051/1270 1334/2050/1278
f 1429/2074/1287 1306/2075/1280 1412/2076/1288
f 1412/2076/1288 1306/2075/1280 1273/2073/1271
f 1290/2077/1235 1243/2078/1234 1279/2068/1236
f 1279/2068/1236 1309/2069/1283 1356/2079/1289
f 1307/2053/1279 1356/2079/1289 1315/2049/1277
f 1356/2079/1289 1351/2080/1275 1290/2077/1235
f 1314/2054/1274 1356/2079/1289 1307/2053/1279
f 1356/2079/1289 1314/2054/1274 1351/2080/1275
f 1401/2081/1290 1334/2050/1278 1315/2049/1277
f 1315/2049/1277 1451/2082/1291 1401/2081/1290
f 1356/2079/1289 1451/2082/1291 1315/2049/1277
f 1446/2083/1292 1451/2082/1291 1356/2079/1289
f 1306/2056/1280 1429/2084/1287 1284/2028/1262
f 1429/2084/1287 1391/2027/1261 1284/2028/1262
f 1290/2077/1235 1279/2068/1236 1356/2079/1289
f 1326/1929/1206 1390/2018/1255 1404/1940/1212
f 1377/2033/1267 1463/2032/1266 1409/2043/1276
f 1379/1997/1208 1422/1999/1241 1431/2000/1210
f 1402/2002/1242 1357/2008/1246 1473/2005/1243
f 1497/2006/1244 1473/2005/1243 1417/2085/1247
f 1412/2076/1288 1531/2086/1293 1429/2074/1287
f 1531/2086/1293 1412/2076/1288 1500/2087/1294
f 1522/2088/1295 1551/2089/1296 1531/2086/1293
f 1462/1944/1215 1460/1948/1216 1420/1947/1154
f 1436/1952/1218 1438/2016/1253 1439/2090/1256
f 1438/2016/1253 1436/1952/1218 1411/1953/1219
f 1439/2091/1256 1466/2072/1286 1417/2092/1247
f 1466/2072/1286 1439/2091/1256 1438/2048/1253
f 1417/2092/1247 1466/2072/1286 1512/2093/1297
f 1466/2072/1286 1438/2048/1253 1463/2032/1266
f 1409/2043/1276 1463/2032/1266 1438/2048/1253
f 1420/1852/1154 1460/2094/1216 1461/1842/1149
f 1461/1842/1149 1402/2095/1242 1497/2096/1244
f 1497/2096/1244 1499/1854/1155 1461/1842/1149
f 1499/1854/1155 1497/2096/1244 1516/2097/1178
f 1490/2030/1264 1387/2029/1263 1391/2027/1261
f 1529/2098/1177 1508/1846/1152 1499/1854/1155
f 1512/2099/1297 1516/1880/1178 1497/2100/1244
f 1517/2101/1298 1523/2102/1285 1537/2103/1299
f 1537/2103/1299 1523/2102/1285 1550/2104/1300
f 1523/2102/1285 1548/2105/1284 1550/2104/1300
f 1550/2104/1300 1548/2105/1284 1563/2106/1301
f 1550/2104/1300 1563/2106/1301 1561/2107/1302
f 1550/2104/1300 1561/2107/1302 1537/2103/1299
f 1537/2103/1299 1561/2107/1302 1549/1870/1171
f 1504/1868/1169 1549/1870/1171 1561/2107/1302
f 1556/2108/1303 1504/1868/1169 1561/2107/1302
f 1512/2093/1297 1497/2109/1244 1417/2092/1247
f 1523/2071/1285 1517/2110/1298 1512/2093/1297
f 1523/2071/1285 1512/2093/1297 1466/2072/1286
f 1510/2111/1304 1507/1872/1173 1511/1881/1179
f 1511/1881/1179 1517/2101/1298 1510/2111/1304
f 1517/2101/1298 1537/2103/1299 1510/2111/1304
f 1530/1871/1172 1510/2111/1304 1537/2103/1299
f 1530/1871/1172 1537/2103/1299 1549/1870/1171
f 1516/1880/1178 1512/2099/1297 1517/2101/1298
f 1516/1880/1178 1517/2101/1298 1511/1881/1179
f 1504/1868/1169 1444/2112/1305 1471/1865/1166
f 1530/1871/1172 1507/1872/1173 1510/2111/1304
f 1525/1869/1170 1530/1871/1172 1549/1870/1171
f 1548/2113/1284 1429/2074/1287 1563/2114/1301
f 1391/2115/1261 1429/2074/1287 1548/2113/1284
f 1563/2114/1301 1531/2086/1293 1571/2116/1306
f 1572/2117/1307 1561/2118/1302 1571/2119/1306
f 1572/2117/1307 1556/2120/1303 1561/2118/1302
f 1556/2120/1303 1572/2117/1307 1558/2121/1308
f 1520/2122/1309 1558/2121/1308 1491/2123/1310
f 1501/2124/1311 1538/2125/1312 1541/2126/1313
f 1538/2125/1312 1542/2127/1314 1541/2126/1313
f 1538/2125/1312 1501/2124/1311 1491/2123/1310
f 1491/2123/1310 1559/2128/1315 1538/2125/1312
f 1542/2127/1314 1538/2125/1312 1547/2129/1316
f 1538/2125/1312 1559/2128/1315 1547/2129/1316
f 1542/2127/1314 1547/2129/1316 1536/2130/1317
f 1536/2130/1317 1547/2129/1316 1534/2131/1318
f 1561/2118/1302 1563/2132/1301 1571/2119/1306
f 935/761/484 950/777/497 1079/780/499
f 956/762/485 935/761/484 1068/763/486
f 1079/780/499 1068/763/486 935/761/484
f 1216/768/491 1167/2133/1319 1149/781/500
f 1167/2133/1319 1216/768/491 1197/767/490
f 1167/2133/1319 1197/767/490 1068/763/486
f 1149/781/500 1167/2133/1319 1126/778/498
f 1079/780/499 1126/778/498 1167/2133/1319
f 1149/781/500 1211/783/502 1146/782/501
f 1149/781/500 1146/782/501 1082/770/493
f 1082/770/493 1216/768/491 1149/781/500
f 1052/2134/1320 1028/2135/1321 1041/2136/1322
f 1041/2136/1322 1082/2137/493 1052/2134/1320
f 1174/2138/494 1122/2139/492 1104/2140/1323
f 1094/2141/692 1104/2140/1323 1041/2136/1322
f 1028/2135/1321 1052/2134/1320 1040/2142/1324
f 1146/2143/501 1052/2134/1320 1082/2137/493
f 1146/2143/501 1198/2144/503 1090/2145/1325
f 1052/2134/1320 1146/2143/501 1090/2145/1325
f 1122/2139/492 1041/2136/1322 1104/2140/1323
f 1028/2135/1321 1081/2146/1326 1094/2141/692
f 1094/2141/692 1081/2146/1326 1092/2147/684
f 1158/2148/691 1092/2147/684 1081/2146/1326
f 1239/2149/1327 1158/2148/691 1081/2146/1326
f 1281/2150/1328 1168/2151/686 1239/2149/1327
f 1281/2150/1328 1239/2149/1327 1223/2152/1329
f 1223/2152/1329 1193/2153/1330 1281/2150/1328
f 1193/2153/1330 1276/2154/1331 1281/2150/1328
f 1291/2155/1332 1168/2156/686 1281/2150/1328
f 1291/2155/1332 1281/2150/1328 1321/2157/1333
f 1028/2135/1321 1094/2141/692 1041/2136/1322
f 1040/2142/1324 1052/2134/1320 1090/2145/1325
f 1040/2142/1324 1090/2145/1325 1076/2158/1334
f 1028/2135/1321 1076/2158/1334 1081/2146/1326
f 1144/2159/1335 1076/2158/1334 1090/2145/1325
f 1028/2135/1321 1040/2142/1324 1076/2158/1334
f 1076/2158/1334 1144/2159/1335 1162/2160/1336
f 1144/2159/1335 1177/2161/1337 1162/2160/1336
f 1163/2162/1338 1177/2161/1337 1144/2159/1335
f 1041/2136/1322 1122/2139/492 1082/2137/493
f 1163/2163/1338 1171/2164/1339 1212/2165/1340
f 1198/2166/503 1171/2164/1339 1090/2167/1325
f 1171/2164/1339 1144/2168/1335 1090/2167/1325
f 1221/2169/1341 1171/2164/1339 1198/2166/503
f 1171/2164/1339 1163/2163/1338 1144/2168/1335
f 1171/2164/1339 1221/2169/1341 1212/2170/1340
f 1212/2170/1340 1221/2169/1341 1244/2171/1342
f 1212/2170/1340 1244/2171/1342 1285/2172/1343
f 1277/2173/1344 1302/2174/1345 1244/2171/1342
f 1277/2173/1344 1221/2169/1341 1259/2175/1346
f 1198/2166/503 1259/2175/1346 1221/2169/1341
f 1244/2171/1342 1221/2169/1341 1277/2173/1344
f 1250/2176/1138 1097/2177/496 1107/2178/495
f 1211/2179/502 1259/2175/1346 1198/2166/503
f 1259/2175/1346 1317/2180/1347 1277/2173/1344
f 1277/2173/1344 1353/2181/1156 1302/2174/1345
f 1302/2174/1345 1353/2181/1156 1329/2182/1159
f 1329/2183/1159 1316/2184/1161 1302/2174/1345
f 1302/2174/1345 1316/2184/1161 1244/2171/1342
f 1097/2177/496 1250/2176/1138 1211/2179/502
f 1250/2176/1138 1259/2175/1346 1211/2179/502
f 1259/2175/1346 1250/2176/1138 1317/2180/1347
f 1353/2181/1156 1317/2180/1347 1392/2185/1137
f 1277/2173/1344 1317/2180/1347 1353/2181/1156
f 1317/2186/1347 1250/2187/1138 1392/1882/1137
f 1376/1857/1158 1382/1864/1165 1329/1858/1159
f 1016/872/554 1037/879/560 951/877/558
f 951/877/558 841/874/556 1016/872/554
f 1037/879/560 1016/872/554 1134/873/555
f 1037/879/560 1134/873/555 1151/766/489
f 1151/766/489 1174/771/494 1037/879/560
f 1092/2188/684 978/2189/680 1037/879/560
f 929/878/559 1037/879/560 978/2189/680
f 1068/763/486 1079/780/499 1167/2133/1319
f 1103/765/488 1151/766/489 1134/873/555
f 976/871/553 1103/765/488 1134/873/555
f 1151/766/489 1216/768/491 1174/771/494
f 1174/771/494 1104/2190/1323 1037/879/560
f 1094/2191/692 1037/879/560 1104/2190/1323
f 1056/2192/1348 988/1095/698 1023/1094/699
f 1095/1105/704 1118/2193/1349 1056/2192/1348
f 1095/1105/704 1129/1104/703 1118/2193/1349
f 1118/2193/1349 1129/1104/703 1147/1107/706
f 1056/2192/1348 1023/1094/699 1095/1105/704
f 1059/1099/700 1023/1094/699 981/1096/645
f 983/2194/714 1063/2195/713 1164/2196/1350
f 1164/2196/1350 1063/2195/713 1154/2197/1351
f 1164/2198/1350 1154/2197/1351 1230/2199/1352
f 1154/2197/1351 1147/1107/706 1207/1106/705
f 1147/1107/706 1154/2197/1351 1118/2193/1349
f 1118/2193/1349 1063/2195/713 1056/2192/1348
f 988/1095/698 1056/2192/1348 1063/2195/713
f 1129/1104/703 1117/1103/702 1147/1107/706
f 1147/1107/706 1117/1103/702 1210/1108/707
f 1048/1077/690 1019/1064/679 1105/1072/685
f 1105/1072/685 1148/1085/697 1048/1077/690
f 1148/1085/697 1105/1072/685 1168/1073/686
f 1239/2200/1327 1168/1073/686 1158/1078/691
f 1078/1083/695 1046/1021/648 997/1020/647
f 1073/1081/693 1078/1083/695 997/1020/647
f 1046/2201/648 1059/1099/700 1020/1098/646
f 1078/1102/695 1059/1099/700 1046/2201/648
f 1023/1094/699 1117/1103/702 1095/1105/704
f 1063/2195/713 1118/2193/1349 1154/2197/1351
f 1193/2153/1330 1223/2152/1329 1081/2146/1326
f 1162/2160/1336 1193/2153/1330 1081/2146/1326
f 1162/2160/1336 1081/2146/1326 1076/2158/1334
f 1193/2153/1330 1201/2202/1353 1251/2203/1354
f 1177/2161/1337 1201/2202/1353 1162/2160/1336
f 1162/2160/1336 1201/2202/1353 1193/2153/1330
f 1239/2149/1327 1081/2146/1326 1223/2152/1329
f 1190/2204/1355 1120/2205/696 1148/2206/697
f 1190/2204/1355 1148/2206/697 1234/2207/1356
f 1190/2204/1355 1213/2208/1357 1120/2205/696
f 1120/2205/696 1213/2208/1357 1123/2209/694
f 1213/2208/1357 1217/2210/710 1123/2209/694
f 1154/2197/1351 1207/1106/705 1230/2199/1352
f 1207/1106/705 1240/2211/1358 1249/2212/1359
f 1249/2212/1359 1230/2199/1352 1207/1106/705
f 1168/1073/686 1222/2213/1360 1148/1085/697
f 1222/2213/1360 1168/1073/686 1251/2214/1354
f 1217/1111/710 1143/1101/701 1123/1100/694
f 1204/1109/708 1143/1101/701 1217/1111/710
f 1163/2215/1338 1212/2216/1340 1227/2217/1361
f 1177/2218/1337 1163/2215/1338 1231/2219/1362
f 1177/2218/1337 1231/2219/1362 1248/2220/1363
f 1313/2221/1364 1248/2220/1363 1231/2219/1362
f 1313/2221/1364 1231/2219/1362 1303/2222/1365
f 1303/2222/1365 1231/2219/1362 1227/2217/1361
f 1227/2217/1361 1231/2219/1362 1163/2215/1338
f 1303/2222/1365 1227/2217/1361 1285/2223/1343
f 1398/2224/1366 1313/2221/1364 1303/2222/1365
f 1408/2225/1367 1399/2226/1368 1248/2220/1363
f 1248/2220/1363 1313/2221/1364 1408/2225/1367
f 1470/2227/1369 1464/2228/1370 1501/2229/1311
f 1491/2230/1310 1501/2229/1311 1464/2228/1370
f 1201/2231/1353 1248/2220/1363 1222/2232/1360
f 1201/2231/1353 1222/2232/1360 1251/2233/1354
f 1227/2217/1361 1212/2216/1340 1285/2223/1343
f 1398/2224/1366 1303/2222/1365 1285/2223/1343
f 1398/2224/1366 1285/2223/1343 1373/2234/1371
f 1398/2224/1366 1373/2234/1371 1384/2235/1162
f 1398/2224/1366 1444/2236/1305 1450/2237/1372
f 1464/2228/1370 1470/2227/1369 1313/2221/1364
f 1398/2224/1366 1464/2228/1370 1313/2221/1364
f 1201/2231/1353 1177/2218/1337 1248/2220/1363
f 1148/2206/697 1222/2238/1360 1234/2207/1356
f 1190/2239/1355 1241/2240/1373 1213/2241/1357
f 1388/2242/1374 1445/2243/1375 1354/2244/1376
f 1445/2243/1375 1388/2242/1374 1465/2245/1377
f 1388/2242/1374 1399/2246/1368 1465/2245/1377
f 1399/2246/1368 1388/2242/1374 1375/2247/1378
f 1388/2242/1374 1354/2244/1376 1375/2247/1378
f 1291/2248/1332 1342/2249/1379 1264/2250/1380
f 1375/2247/1378 1354/2244/1376 1342/2249/1379
f 1241/2240/1373 1272/2251/1381 1213/2241/1357
f 1354/2244/1376 1272/2251/1381 1342/2249/1379
f 1264/2250/1380 1272/2251/1381 1241/2240/1373
f 1272/2251/1381 1264/2250/1380 1342/2249/1379
f 1234/2252/1356 1264/2250/1380 1241/2240/1373
f 1264/2250/1380 1234/2252/1356 1291/2248/1332
f 1342/2249/1379 1291/2248/1332 1358/2253/1382
f 1375/2247/1378 1342/2249/1379 1358/2253/1382
f 1248/2254/1363 1399/2246/1368 1375/2247/1378
f 1248/2254/1363 1375/2247/1378 1296/2255/1383
f 1344/2256/1384 1375/2247/1378 1358/2253/1382
f 1291/2248/1332 1321/2257/1333 1358/2253/1382
f 1291/2248/1332 1234/2252/1356 1283/2258/1385
f 1283/2258/1385 1168/2259/686 1291/2248/1332
f 1190/2260/1355 1234/2252/1356 1241/2240/1373
f 1240/2261/1358 1213/2262/1357 1272/2263/1381
f 1354/2264/1376 1305/2265/1386 1272/2263/1381
f 1305/2265/1386 1240/2261/1358 1272/2263/1381
f 1331/2266/1387 1305/2265/1386 1359/2267/1388
f 1305/2265/1386 1331/2266/1387 1240/2261/1358
f 1249/2268/1359 1240/2261/1358 1331/2266/1387
f 1207/2269/705 1210/2270/707 1240/2261/1358
f 1210/2270/707 1232/2271/709 1240/2261/1358
f 1217/2272/710 1213/2262/1357 1232/2271/709
f 1293/2273/1389 1249/2268/1359 1331/2266/1387
f 1359/2267/1388 1293/2273/1389 1331/2266/1387
f 1244/2274/1342 1316/2275/1161 1330/2276/1163
f 1244/2274/1342 1330/2276/1163 1285/2223/1343
f 1330/2276/1163 1373/2234/1371 1285/2223/1343
f 1276/2154/1331 1193/2153/1330 1251/2203/1354
f 1248/2220/1363 1234/2277/1356 1222/2232/1360
f 1234/2277/1356 1296/2278/1383 1283/2279/1385
f 1283/2280/1385 1251/2281/1354 1168/2282/686
f 1251/2281/1354 1283/2280/1385 1296/2283/1383
f 1296/2283/1383 1276/2284/1331 1251/2281/1354
f 1296/2283/1383 1375/2247/1378 1344/2256/1384
f 1344/2256/1384 1281/2285/1328 1276/2284/1331
f 1213/2262/1357 1240/2261/1358 1232/2271/709
f 1293/2273/1389 1230/2286/1352 1249/2268/1359
f 1164/2287/1350 1230/2288/1352 1293/2289/1389
f 1164/2287/1350 1293/2289/1389 1157/2290/1390
f 1157/2290/1390 1293/2289/1389 1282/2291/1391
f 1164/2287/1350 1157/2290/1390 983/2292/714
f 983/2292/714 1157/2290/1390 1145/2293/1074
f 1330/1862/1163 1316/1860/1161 1338/1859/1160
f 1330/1862/1163 1384/1861/1162 1373/2294/1371
f 1296/2278/1383 1234/2277/1356 1248/2220/1363
f 1296/2283/1383 1344/2256/1384 1276/2284/1331
f 1418/2295/1392 1456/2296/1393 1467/2297/1394
f 1386/2298/1395 1456/2296/1393 1418/2295/1392
f 1456/2296/1393 1386/2298/1395 1385/2299/1396
f 1293/2289/1389 1359/2300/1388 1369/2301/1397
f 1359/2300/1388 1418/2302/1392 1369/2301/1397
f 1369/2301/1397 1418/2302/1392 1421/2303/1398
f 1421/2303/1398 1418/2302/1392 1467/2304/1394
f 1467/2304/1394 1492/2305/1399 1421/2303/1398
f 1492/2305/1399 1467/2304/1394 1498/2306/1400
f 1423/2307/1401 1440/2308/1402 1452/2309/1403
f 1355/2310/1404 1423/2307/1401 1452/2309/1403
f 1355/2310/1404 1452/2309/1403 1442/2311/1405
f 1509/2312/1406 1452/2309/1403 1440/2308/1402
f 1509/2313/1406 1440/2308/1402 1519/2314/1407
f 1519/2314/1407 1440/2308/1402 1488/2315/1408
f 1488/2315/1408 1440/2308/1402 1423/2307/1401
f 1539/2316/1409 1488/2315/1408 1533/2317/1410
f 1384/1861/1162 1444/2112/1305 1398/2318/1366
f 1504/1868/1169 1556/2108/1303 1520/2319/1309
f 1504/1868/1169 1520/2319/1309 1450/2320/1372
f 1504/1868/1169 1450/2320/1372 1444/2112/1305
f 1465/2321/1377 1399/2246/1368 1408/2322/1367
f 1313/2323/1364 1465/2321/1377 1408/2322/1367
f 1313/2323/1364 1470/2324/1369 1465/2321/1377
f 1384/1861/1162 1400/1863/1164 1471/1865/1166
f 1444/2112/1305 1384/1861/1162 1471/1865/1166
f 1491/2230/1310 1450/2237/1372 1520/2325/1309
f 1398/2224/1366 1450/2237/1372 1464/2228/1370
f 1491/2230/1310 1464/2228/1370 1450/2237/1372
f 1465/2326/1377 1470/2327/1369 1483/2328/1411
f 1483/2328/1411 1470/2327/1369 1505/2329/1412
f 1470/2327/1369 1501/2330/1311 1505/2329/1412
f 1498/2331/1400 1467/2297/1394 1456/2296/1393
f 1498/2331/1400 1456/2296/1393 1505/2329/1412
f 1505/2329/1412 1456/2296/1393 1483/2328/1411
f 1445/2332/1375 1483/2328/1411 1456/2296/1393
f 1501/2124/1311 1541/2126/1313 1505/2333/1412
f 1541/2334/1313 1528/2335/1413 1505/2336/1412
f 1544/2337/1414 1541/2334/1313 1542/2338/1314
f 1403/2339/1415 1478/2340/1416 1476/2341/1417
f 1403/2339/1415 1355/2342/1404 1442/2343/1405
f 1442/2343/1405 1478/2340/1416 1403/2339/1415
f 1344/2256/1384 1358/2253/1382 1321/2257/1333
f 1321/2257/1333 1281/2344/1328 1344/2256/1384
f 1386/2298/1395 1418/2295/1392 1359/2267/1388
f 1359/2267/1388 1305/2265/1386 1386/2298/1395
f 1386/2298/1395 1305/2265/1386 1385/2299/1396
f 1305/2265/1386 1354/2264/1376 1385/2299/1396
f 1354/2264/1376 1445/2332/1375 1385/2299/1396
f 1445/2332/1375 1456/2296/1393 1385/2299/1396
f 1483/2328/1411 1445/2332/1375 1465/2326/1377
f 1498/2345/1400 1505/2336/1412 1492/2346/1399
f 1513/2347/1418 1505/2336/1412 1528/2335/1413
f 1543/2348/1419 1513/2347/1418 1528/2335/1413
f 1544/2337/1414 1528/2335/1413 1541/2334/1313
f 1528/2335/1413 1544/2337/1414 1535/2349/1420
f 1535/2349/1420 1544/2337/1414 1503/2350/1421
f 1503/2350/1421 1544/2337/1414 1521/2351/1422
f 1503/2350/1421 1521/2351/1422 1478/2340/1416
f 1503/2350/1421 1509/2352/1406 1535/2349/1420
f 1543/2348/1419 1535/2349/1420 1519/2353/1407
f 1535/2349/1420 1543/2348/1419 1528/2335/1413
f 1520/2122/1309 1556/2354/1303 1558/2121/1308
f 1559/2128/1315 1491/2123/1310 1558/2121/1308
f 1574/2355/1423 1576/2356/1424 1575/2357/1425
f 1558/2121/1308 1572/2117/1307 1571/2119/1306
f 1571/2119/1306 1576/2356/1424 1558/2121/1308
f 1576/2356/1424 1571/2119/1306 1575/2357/1425
f 1551/2358/1296 1567/2359/1426 1569/2360/1427
f 1575/2357/1425 1571/2119/1306 1569/2360/1427
f 1575/2357/1425 1569/2360/1427 1567/2359/1426
f 1575/2357/1425 1567/2359/1426 1573/2361/1428
f 994/1514/965 902/1513/919 977/1515/966
f 908/1517/958 977/1515/966 941/1516/957
f 1013/2362/388 1173/2363/1429 1101/2364/389
f 1173/2363/1429 1013/2362/388 1131/2365/1430
f 1108/2366/956 1131/2365/1430 1013/2362/388
f 1131/2365/1430 1108/2366/956 1071/2367/1431
f 1053/2368/1432 1071/2367/1431 1108/2366/956
f 1109/2369/954 1053/2370/1432 1108/2371/956
f 1133/2372/955 1127/2373/953 1140/2374/1433
f 1127/2375/953 1098/2376/972 1066/2377/975
f 1140/2374/1433 1127/2375/953 1170/2378/1434
f 1127/2375/953 1187/2379/1435 1215/2380/1436
f 1187/2379/1435 1127/2375/953 1159/2381/1437
f 1049/2382/1438 1159/2381/1437 1066/2377/975
f 1066/2377/975 1159/2381/1437 1127/2375/953
f 1159/2381/1437 1051/2383/1439 1150/2384/1440
f 1150/2384/1440 1187/2379/1435 1159/2381/1437
f 1109/2369/954 1070/2385/1441 1053/2370/1432
f 1127/1529/953 1091/1531/976 1098/1524/972
f 1098/1524/972 1091/1531/976 1093/1522/970
f 1091/1531/976 1060/1532/977 1093/1522/970
f 1098/1524/972 1093/1522/970 1115/1523/971
f 1115/1523/971 1093/1522/970 1045/1520/968
f 1237/2386/1442 1214/2387/1238 1179/2388/1237
f 1286/2389/1443 1214/2387/1238 1237/2386/1442
f 1304/2390/1444 1286/2389/1443 1237/2386/1442
f 1286/2389/1443 1304/2390/1444 1312/2391/1445
f 1286/2389/1443 1312/2391/1445 1299/2392/1446
f 1322/2393/1447 1299/2392/1446 1312/2391/1445
f 1345/2394/1448 1360/2395/1449 1312/2391/1445
f 1327/2396/1450 1312/2391/1445 1304/2390/1444
f 1304/2390/1444 1352/2397/1451 1327/2396/1450
f 1396/2398/1452 1360/2395/1449 1352/2397/1451
f 1426/2399/1453 1397/2400/1454 1416/2401/1455
f 1397/2400/1454 1352/2397/1451 1416/2401/1455
f 1474/2402/1456 1453/2403/1457 1454/2404/1458
f 1096/2405/1231 1179/2388/1237 1083/2406/1230
f 1101/2364/389 1179/2388/1237 1096/2405/1231
f 1101/2364/389 1173/2363/1429 1246/2407/1459
f 1179/2388/1237 1101/2364/389 1237/2386/1442
f 1237/2386/1442 1101/2364/389 1246/2407/1459
f 1245/2408/1460 1173/2363/1429 1131/2365/1430
f 1245/2408/1460 1253/2409/1461 1173/2363/1429
f 1173/2363/1429 1253/2409/1461 1258/2410/1462
f 1258/2410/1462 1253/2409/1461 1324/2411/1463
f 1258/2410/1462 1324/2411/1463 1335/2412/1464
f 1304/2390/1444 1275/2413/1465 1258/2410/1462
f 1304/2390/1444 1258/2410/1462 1415/2414/1466
f 1396/2398/1452 1352/2397/1451 1397/2400/1454
f 1416/2401/1455 1352/2397/1451 1304/2390/1444
f 1416/2401/1455 1304/2390/1444 1415/2414/1466
f 1258/2410/1462 1335/2412/1464 1415/2414/1466
f 1415/2414/1466 1335/2412/1464 1453/2403/1457
f 1453/2403/1457 1335/2412/1464 1427/2415/1467
f 1320/2416/1468 1427/2415/1467 1335/2412/1464
f 1320/2416/1468 1336/2417/1469 1427/2415/1467
f 1427/2415/1467 1336/2417/1469 1454/2404/1458
f 1188/2418/1470 1336/2417/1469 1320/2416/1468
f 1245/2408/1460 1188/2418/1470 1320/2416/1468
f 1245/2408/1460 1335/2412/1464 1253/2409/1461
f 1324/2411/1463 1253/2409/1461 1335/2412/1464
f 1188/2418/1470 1245/2408/1460 1124/2419/1471
f 1395/2420/1472 1454/2404/1458 1336/2417/1469
f 1131/2365/1430 1071/2367/1431 1124/2419/1471
f 1208/2421/1473 1271/2422/1474 1188/2418/1470
f 1271/2422/1474 1336/2417/1469 1188/2418/1470
f 1266/2423/1475 1271/2422/1474 1235/2424/1476
f 1235/2424/1476 1271/2422/1474 1208/2421/1473
f 1271/2422/1474 1266/2423/1475 1361/2425/1477
f 1361/2425/1477 1394/2426/1478 1271/2422/1474
f 1394/2426/1478 1395/2420/1472 1271/2422/1474
f 1336/2417/1469 1271/2422/1474 1395/2420/1472
f 1215/2380/1436 1170/2378/1434 1127/2375/953
f 1215/2380/1436 1187/2379/1435 1206/2427/1479
f 1206/2427/1479 1187/2379/1435 1150/2384/1440
f 1214/1991/1238 1199/1985/1233 1153/1983/1232
f 1124/2419/1471 1245/2408/1460 1131/2365/1430
f 1237/2386/1442 1246/2407/1459 1275/2413/1465
f 1275/2413/1465 1246/2407/1459 1173/2363/1429
f 1275/2413/1465 1173/2363/1429 1258/2410/1462
f 1237/2386/1442 1275/2413/1465 1304/2390/1444
f 1366/2428/1480 1309/2069/1283 1300/2429/1481
f 1309/2069/1283 1366/2428/1480 1356/2079/1289
f 1401/2081/1290 1455/2430/1482 1334/2050/1278
f 1334/2050/1278 1412/2076/1288 1273/2073/1271
f 1412/2076/1288 1334/2050/1278 1455/2430/1482
f 1455/2430/1482 1401/2081/1290 1500/2087/1294
f 1401/2081/1290 1451/2082/1291 1500/2087/1294
f 1500/2087/1294 1451/2082/1291 1522/2088/1295
f 1553/2431/1483 1551/2089/1296 1545/2432/1484
f 1553/2433/1483 1545/2432/1484 1555/2434/1485
f 1300/2435/1481 1214/2436/1238 1299/2437/1446
f 1214/2436/1238 1300/2435/1481 1309/2438/1283
f 1349/2439/1486 1366/2440/1480 1300/2435/1481
f 1380/2441/1487 1349/2439/1486 1322/2442/1447
f 1380/2441/1487 1322/2442/1447 1371/2443/1488
f 1300/2435/1481 1322/2442/1447 1349/2439/1486
f 1299/2437/1446 1322/2442/1447 1300/2435/1481
f 1299/2437/1446 1214/2436/1238 1286/2444/1443
f 1362/2445/1489 1312/2446/1445 1360/2447/1449
f 1322/2448/1447 1312/2446/1445 1362/2445/1489
f 1397/2449/1454 1407/2450/1490 1362/2445/1489
f 1397/2449/1454 1362/2445/1489 1360/2447/1449
f 1322/2448/1447 1362/2445/1489 1371/2451/1488
f 1362/2445/1489 1407/2450/1490 1371/2451/1488
f 1371/2451/1488 1407/2450/1490 1380/2452/1487
f 1396/2453/1452 1397/2449/1454 1360/2447/1449
f 1345/2394/1448 1312/2391/1445 1327/2396/1450
f 1345/2394/1448 1327/2396/1450 1352/2397/1451
f 1345/2394/1448 1352/2397/1451 1360/2395/1449
f 1356/2079/1289 1366/2428/1480 1446/2083/1292
f 1446/2083/1292 1366/2428/1480 1432/2454/1491
f 1432/2454/1491 1349/2455/1486 1380/2452/1487
f 1458/2456/1492 1432/2454/1491 1380/2452/1487
f 1458/2456/1492 1457/2457/1493 1487/2458/1494
f 1457/2457/1493 1458/2456/1492 1407/2450/1490
f 1458/2456/1492 1487/2458/1494 1446/2083/1292
f 1487/2458/1494 1451/2082/1291 1446/2083/1292
f 1487/2458/1494 1457/2457/1493 1475/2459/1495
f 1487/2458/1494 1475/2459/1495 1522/2088/1295
f 1522/2088/1295 1451/2082/1291 1487/2458/1494
f 1432/2454/1491 1366/2428/1480 1349/2455/1486
f 1446/2083/1292 1432/2454/1491 1458/2456/1492
f 1458/2456/1492 1380/2452/1487 1407/2450/1490
f 1397/2449/1454 1457/2457/1493 1407/2450/1490
f 1457/2457/1493 1397/2449/1454 1426/2460/1453
f 1426/2460/1453 1475/2459/1495 1457/2457/1493
f 1482/2461/1496 1475/2459/1495 1416/2462/1455
f 1506/2463/1497 1474/2464/1456 1526/2465/1498
f 1522/2088/1295 1506/2463/1497 1526/2465/1498
f 1526/2465/1498 1474/2464/1456 1495/2466/1499
f 1495/2466/1499 1532/2467/1500 1526/2465/1498
f 1526/2465/1498 1532/2467/1500 1545/2432/1484
f 1416/2462/1455 1415/2468/1466 1482/2461/1496
f 1506/2463/1497 1482/2461/1496 1453/2469/1457
f 1482/2461/1496 1415/2468/1466 1453/2469/1457
f 1506/2463/1497 1453/2469/1457 1474/2464/1456
f 1453/2403/1457 1427/2415/1467 1454/2404/1458
f 1474/2402/1456 1454/2404/1458 1395/2420/1472
f 1474/2402/1456 1395/2420/1472 1495/2470/1499
f 1395/2420/1472 1394/2426/1478 1494/2471/1501
f 1475/2459/1495 1426/2460/1453 1416/2462/1455
f 1531/2086/1293 1500/2087/1294 1522/2088/1295
f 1455/2430/1482 1500/2087/1294 1412/2076/1288
f 1429/2074/1287 1531/2086/1293 1563/2114/1301
f 1506/2463/1497 1522/2088/1295 1475/2459/1495
f 1482/2461/1496 1506/2463/1497 1475/2459/1495
f 915/1475/936 1002/1480/941 1066/2472/975
f 1049/2473/1438 1066/2472/975 1002/1480/941
f 1522/2088/1295 1545/2432/1484 1551/2089/1296
f 1522/2088/1295 1526/2465/1498 1545/2432/1484
f 1532/2467/1500 1495/2466/1499 1524/2474/1502
f 1495/2466/1499 1494/2475/1501 1524/2474/1502
f 1495/2466/1499 1395/2476/1472 1494/2475/1501
f 1571/2119/1306 1531/2477/1293 1569/2360/1427
f 1531/2477/1293 1551/2478/1296 1569/2360/1427
f 966/2479/1503 973/2480/1504 986/2481/1505
f 985/2482/1506 986/2481/1505 1053/2483/1432
f 1053/2483/1432 1070/2484/1441 985/2482/1506
f 986/2481/1505 985/2482/1506 966/2479/1503
f 973/2485/1504 966/2486/1503 969/2487/1507
f 973/2480/1504 1022/2488/1508 986/2481/1505
f 973/2489/1504 969/2490/1507 1003/2491/1509
f 1015/2492/1510 973/2489/1504 1003/2491/1509
f 973/2489/1504 1015/2492/1510 1022/2493/1508
f 1124/2419/1471 1071/2367/1431 1087/2494/1511
f 1124/2419/1471 1087/2494/1511 1188/2418/1470
f 1188/2418/1470 1087/2494/1511 1208/2421/1473
f 1235/2424/1476 1172/2495/1512 1266/2423/1475
f 1208/2421/1473 1172/2495/1512 1235/2424/1476
f 1067/2496/1513 1208/2421/1473 1072/2497/1514
f 1003/2491/1509 1072/2497/1514 1015/2492/1510
f 1003/2498/1509 969/2499/1507 1001/2500/1515
f 1067/2501/1513 1001/2500/1515 991/2502/1516
f 991/2503/1516 1001/2500/1515 969/2499/1507
f 969/2504/1507 966/2505/1503 991/2506/1516
f 993/2507/1517 991/2506/1516 966/2505/1503
f 966/2505/1503 985/2508/1506 993/2507/1517
f 991/2506/1516 993/2507/1517 1039/2509/1518
f 991/2506/1516 1039/2509/1518 1067/2510/1513
f 1039/2509/1518 993/2507/1517 1089/2511/1519
f 1089/2511/1519 1112/2512/1520 1039/2509/1518
f 992/1035/658 1116/2513/1521 1047/2514/1084
f 992/1035/658 1047/2514/1084 882/1034/657
f 1072/2515/1514 1003/2498/1509 1001/2500/1515
f 1001/2500/1515 1067/2501/1513 1072/2515/1514
f 1022/2488/1508 1053/2483/1432 986/2481/1505
f 1053/2483/1432 1022/2488/1508 1071/2516/1431
f 1089/2517/1519 993/2518/1517 1070/2385/1441
f 1089/2517/1519 1070/2385/1441 1133/2372/955
f 1112/2519/1520 1133/2372/955 1169/2520/1522
f 993/2521/1517 985/2522/1506 1070/2385/1441
f 1022/2493/1508 1015/2492/1510 1087/2494/1511
f 1087/2494/1511 1071/2367/1431 1022/2493/1508
f 1116/2513/1521 1125/1710/1078 1195/2523/1079
f 1121/1722/1085 1047/1721/1084 1166/2524/1523
f 1184/2525/1524 1047/1721/1084 1116/2526/1521
f 1166/2524/1523 1265/2527/1525 1176/2528/1526
f 1166/2524/1523 1047/1721/1084 1184/2525/1524
f 1238/2529/1527 1166/2524/1523 1184/2525/1524
f 992/1035/658 1026/1036/659 1125/1710/1078
f 1125/1710/1078 1116/2513/1521 992/1035/658
f 1026/1036/659 1074/1037/660 1125/1710/1078
f 1100/2530/669 998/2531/668 1080/2532/1073
f 1180/2533/1528 1182/2534/1529 1100/2530/669
f 1100/2530/669 1182/2534/1529 1099/2535/670
f 1175/2536/672 1099/2535/670 1182/2534/1529
f 1175/2536/672 1182/2534/1529 1205/2537/1530
f 1175/2536/672 1205/2537/1530 1132/2538/671
f 1205/2537/1530 1182/2534/1529 1138/2539/1531
f 1138/2539/1531 1182/2534/1529 1180/2533/1528
f 1236/2540/1532 1205/2537/1530 1138/2539/1531
f 1255/2541/1533 1236/2540/1532 1145/2293/1074
f 1138/2539/1531 1145/2293/1074 1236/2540/1532
f 1035/2542/1068 1180/2533/1528 1080/2532/1073
f 1180/2533/1528 1035/2542/1068 1065/2543/1069
f 1138/2539/1531 1180/2533/1528 1065/2543/1069
f 1145/2293/1074 1138/2539/1531 1065/2543/1069
f 1180/2533/1528 1100/2530/669 1080/2532/1073
f 1140/2374/1433 1169/2520/1522 1133/2372/955
f 1133/2372/955 1112/2519/1520 1089/2517/1519
f 1070/2385/1441 1109/2369/954 1133/2372/955
f 1087/2494/1511 1015/2492/1510 1072/2497/1514
f 1039/2544/1518 1112/2545/1520 1172/2495/1512
f 1172/2495/1512 1112/2545/1520 1169/2546/1522
f 1039/2544/1518 1172/2495/1512 1067/2496/1513
f 1067/2496/1513 1172/2495/1512 1208/2421/1473
f 1172/2495/1512 1169/2546/1522 1200/2547/1534
f 1145/2293/1074 1157/2290/1390 1282/2291/1391
f 1301/2548/1535 1255/2541/1533 1282/2291/1391
f 1369/2301/1397 1282/2291/1391 1293/2289/1389
f 1282/2291/1391 1369/2301/1397 1355/2310/1404
f 1403/2549/1415 1346/2550/1536 1355/2310/1404
f 1301/2548/1535 1355/2310/1404 1346/2550/1536
f 1355/2310/1404 1301/2548/1535 1282/2291/1391
f 1087/2494/1511 1072/2497/1514 1208/2421/1473
f 1132/2538/671 1205/2537/1530 1195/2551/1079
f 1236/2540/1532 1255/2541/1533 1205/2537/1530
f 1205/2537/1530 1255/2541/1533 1254/2552/1537
f 1255/2541/1533 1301/2548/1535 1254/2552/1537
f 1195/2551/1079 1205/2537/1530 1254/2552/1537
f 1195/2551/1079 1254/2552/1537 1238/2553/1527
f 1195/2551/1079 1238/2553/1527 1184/2554/1524
f 1116/2555/1521 1195/2551/1079 1184/2554/1524
f 1200/2556/1534 1169/2520/1522 1140/2374/1433
f 1200/2557/1534 1140/2558/1433 1186/2559/1538
f 1186/2559/1538 1140/2558/1433 1170/2560/1434
f 1186/2559/1538 1170/2560/1434 1155/1760/1101
f 1186/2559/1538 1155/1760/1101 1121/1722/1085
f 1176/2528/1526 1186/2559/1538 1121/1722/1085
f 1186/2559/1538 1176/2528/1526 1200/2557/1534
f 1176/2528/1526 1121/1722/1085 1166/2524/1523
f 1191/2561/1539 1114/1759/1100 1064/1758/1099
f 1064/1758/1099 1155/1760/1101 1191/2561/1539
f 1155/1760/1101 1170/2560/1434 1215/2562/1436
f 1155/1760/1101 1215/2562/1436 1191/2561/1539
f 1114/1759/1100 1191/2561/1539 1086/2563/1540
f 1086/2563/1540 1191/2561/1539 1189/2564/1541
f 1189/2564/1541 1191/2561/1539 1215/2562/1436
f 1206/2565/1479 1150/2566/1440 1130/2567/1542
f 1206/2565/1479 1130/2567/1542 1137/2568/1543
f 1172/2495/1512 1200/2547/1534 1266/2423/1475
f 1200/2547/1534 1265/2569/1525 1266/2423/1475
f 1265/2569/1525 1200/2547/1534 1176/2570/1526
f 1255/2541/1533 1145/2293/1074 1282/2291/1391
f 1319/2571/1544 1254/2572/1537 1301/2573/1535
f 1301/2574/1535 1347/2575/1545 1319/2571/1544
f 1347/2575/1545 1301/2574/1535 1346/2576/1536
f 1370/2577/1546 1319/2571/1544 1347/2575/1545
f 1254/2572/1537 1319/2571/1544 1238/2578/1527
f 1319/2571/1544 1311/2579/1547 1238/2578/1527
f 1265/2580/1525 1166/2581/1523 1311/2579/1547
f 1238/2578/1527 1311/2579/1547 1166/2581/1523
f 1265/2569/1525 1311/2582/1547 1266/2423/1475
f 1319/2583/1544 1266/2423/1475 1311/2582/1547
f 1266/2423/1475 1319/2583/1544 1361/2425/1477
f 1347/2575/1545 1374/2584/1548 1370/2577/1546
f 1393/2585/1549 1424/2586/1550 1370/2577/1546
f 1424/2586/1550 1433/2587/1551 1370/2577/1546
f 1425/2588/1552 1370/2577/1546 1433/2587/1551
f 1361/2589/1477 1319/2571/1544 1425/2588/1552
f 1370/2577/1546 1425/2588/1552 1319/2571/1544
f 1374/2584/1548 1347/2575/1545 1346/2576/1536
f 1370/2577/1546 1374/2584/1548 1393/2585/1549
f 1374/2584/1548 1346/2576/1536 1403/2590/1415
f 1403/2590/1415 1476/2591/1417 1479/2592/1553
f 1403/2590/1415 1479/2592/1553 1374/2584/1548
f 1479/2592/1553 1476/2591/1417 1518/2593/1554
f 1536/2594/1317 1479/2592/1553 1518/2593/1554
f 1536/2594/1317 1518/2593/1554 1542/2595/1314
f 1521/2596/1422 1518/2593/1554 1476/2591/1417
f 1245/2408/1460 1320/2416/1468 1335/2412/1464
f 1425/2588/1552 1433/2587/1551 1486/2597/1555
f 1433/2587/1551 1424/2586/1550 1447/2598/1556
f 1485/2599/1557 1486/2597/1555 1433/2587/1551
f 1485/2599/1557 1433/2587/1551 1447/2598/1556
f 1534/2600/1318 1485/2599/1557 1479/2592/1553
f 1447/2598/1556 1374/2584/1548 1479/2592/1553
f 1374/2584/1548 1447/2598/1556 1393/2585/1549
f 1424/2586/1550 1393/2585/1549 1447/2598/1556
f 1485/2599/1557 1447/2598/1556 1479/2592/1553
f 1369/2301/1397 1423/2307/1401 1355/2310/1404
f 1421/2303/1398 1423/2307/1401 1369/2301/1397
f 1509/2352/1406 1503/2350/1421 1452/2601/1403
f 1503/2350/1421 1442/2343/1405 1452/2601/1403
f 1442/2343/1405 1503/2350/1421 1478/2340/1416
f 1535/2349/1420 1509/2352/1406 1519/2353/1407
f 1543/2348/1419 1539/2602/1409 1533/2603/1410
f 1519/2353/1407 1539/2602/1409 1543/2348/1419
f 1394/2604/1478 1361/2605/1477 1472/2606/1558
f 1472/2606/1558 1361/2607/1477 1425/2608/1552
f 1472/2606/1558 1425/2608/1552 1527/2609/1559
f 1546/2610/1560 1472/2606/1558 1527/2609/1559
f 1546/2610/1560 1527/2609/1559 1552/2611/1561
f 1552/2611/1561 1554/2612/1562 1553/2613/1483
f 1553/2613/1483 1555/2614/1485 1552/2611/1561
f 1527/2609/1559 1486/2615/1555 1540/2616/1563
f 1557/2617/1564 1554/2612/1562 1540/2616/1563
f 1554/2612/1562 1527/2609/1559 1540/2616/1563
f 1560/2618/1565 1553/2613/1483 1554/2612/1562
f 1564/2619/1566 1554/2612/1562 1557/2617/1564
f 1554/2612/1562 1564/2619/1566 1560/2618/1565
f 1562/2620/1567 1557/2617/1564 1547/2129/1316
f 1559/2128/1315 1562/2620/1567 1547/2129/1316
f 1547/2129/1316 1557/2617/1564 1534/2131/1318
f 1485/2621/1557 1534/2131/1318 1486/2615/1555
f 1486/2615/1555 1527/2609/1559 1425/2608/1552
f 1521/2596/1422 1542/2622/1314 1518/2593/1554
f 1502/2623/1568 1394/2604/1478 1472/2606/1558
f 1546/2610/1560 1502/2623/1568 1472/2606/1558
f 1494/2624/1501 1394/2604/1478 1502/2623/1568
f 1502/2623/1568 1546/2610/1560 1524/2625/1502
f 1552/2611/1561 1524/2625/1502 1546/2610/1560
f 1524/2625/1502 1552/2611/1561 1532/2626/1500
f 1502/2623/1568 1524/2625/1502 1494/2624/1501
f 1476/2591/1417 1478/2627/1416 1521/2596/1422
f 1423/2307/1401 1421/2303/1398 1469/2628/1569
f 1469/2628/1569 1421/2303/1398 1492/2305/1399
f 1423/2307/1401 1469/2628/1569 1488/2315/1408
f 1488/2315/1408 1469/2628/1569 1533/2317/1410
f 1469/2628/1569 1513/2629/1418 1533/2317/1410
f 1492/2305/1399 1513/2629/1418 1469/2628/1569
f 1519/2353/1407 1488/2630/1408 1539/2602/1409
f 1543/2348/1419 1533/2603/1410 1513/2347/1418
f 1513/2347/1418 1492/2346/1399 1505/2336/1412
f 979/1478/939 915/1475/936 1054/2631/974
f 1054/2631/974 915/1475/936 1066/2472/975
f 945/1481/942 1002/1480/941 915/1475/936
f 1086/2563/1540 987/1756/1098 940/1755/1097
f 1029/2632/1570 1086/2563/1540 1137/2568/1543
f 1137/2568/1543 1086/2563/1540 1189/2564/1541
f 943/2633/1096 892/2634/1093 987/1756/1098
f 1029/2632/1570 943/2633/1096 987/1756/1098
f 1029/2632/1570 1043/2635/1571 943/2633/1096
f 987/1756/1098 1086/2563/1540 1029/2632/1570
f 1043/2635/1571 1029/2632/1570 1130/2567/1542
f 1130/2567/1542 1029/2632/1570 1137/2568/1543
f 1009/2636/943 1043/2635/1571 1077/2637/1572
f 1130/2567/1542 1077/2637/1572 1043/2635/1571
f 1077/2637/1572 1130/2567/1542 1150/2638/1440
f 1009/2636/943 943/2633/1096 1043/2635/1571
f 943/2633/1096 1009/2636/943 965/2639/944
f 1002/1480/941 989/1479/940 1049/2473/1438
f 1049/2473/1438 989/1479/940 1051/2640/1439
f 1009/1482/943 1051/2640/1439 989/1479/940
f 1077/2637/1572 1150/2638/1440 1051/2641/1439
f 1051/2641/1439 1009/2636/943 1077/2637/1572
f 940/1755/1097 1114/1759/1100 1086/2563/1540
f 1049/2382/1438 1051/2383/1439 1159/2381/1437
f 1137/2568/1543 1189/2564/1541 1206/2565/1479
f 1206/2565/1479 1189/2564/1541 1215/2562/1436
f 1534/2131/1318 1540/2616/1563 1486/2615/1555
f 1534/2131/1318 1557/2617/1564 1540/2616/1563
f 1536/2594/1317 1534/2600/1318 1479/2592/1553
f 1521/2351/1422 1544/2337/1414 1542/2338/1314
f 1545/2432/1484 1532/2467/1500 1552/2642/1561
f 1545/2643/1484 1552/2611/1561 1555/2614/1485
f 1554/2612/1562 1552/2611/1561 1527/2609/1559
f 1560/2618/1565 1551/2358/1296 1553/2613/1483
f 1567/2359/1426 1551/2358/1296 1560/2618/1565
f 1567/2359/1426 1566/2644/1573 1573/2361/1428
f 1573/2361/1428 1566/2644/1573 1574/2355/1423
f 1575/2357/1425 1573/2361/1428 1574/2355/1423
f 1564/2619/1566 1557/2617/1564 1562/2620/1567
f 1568/2645/1574 1559/2128/1315 1558/2121/1308
f 1562/2620/1567 1568/2645/1574 1564/2619/1566
f 1568/2645/1574 1562/2620/1567 1559/2128/1315
f 1558/2121/1308 1576/2356/1424 1568/2645/1574
f 1570/2646/1575 1568/2645/1574 1576/2356/1424
f 1570/2646/1575 1576/2356/1424 1574/2355/1423
f 1570/2646/1575 1566/2644/1573 1565/2647/1576
f 1560/2618/1565 1565/2647/1576 1567/2359/1426
f 1567/2359/1426 1565/2647/1576 1566/2644/1573
f 1565/2647/1576 1560/2618/1565 1568/2645/1574
f 1568/2645/1574 1560/2618/1565 1564/2619/1566
f 1565/2647/1576 1568/2645/1574 1570/2646/1575
f 1570/2646/1575 1574/2355/1423 1566/2644/1573
