# Blender 5.1.2
# www.blender.org
o tripo_node_815ac2f5-da54-4c4a-9517-ac2b25af4499
v -0.441261 -0.130023 -0.095154
v -0.434979 -0.109013 -0.116642
v -0.443565 -0.134243 -0.125639
v -0.413223 -0.175707 -0.114711
v -0.403322 -0.105519 -0.110513
v -0.410362 -0.126764 -0.173741
v -0.407039 -0.162278 -0.174311
v -0.406308 -0.140058 -0.087324
v -0.359946 -0.119616 -0.174996
v -0.393262 -0.037581 0.113486
v -0.391779 -0.058684 0.150208
v -0.392977 -0.011123 0.144040
v -0.352868 -0.183361 -0.107028
v -0.353604 -0.189726 -0.145652
v -0.372684 -0.129959 -0.107193
v -0.364847 0.003481 0.132488
v -0.373231 -0.023641 0.164409
v -0.366553 -0.033836 0.101492
v -0.348561 -0.170749 -0.170609
v -0.375456 -0.053898 -0.095194
v -0.359989 -0.112006 -0.160426
v -0.359186 -0.083804 0.129552
v -0.366355 -0.066217 -0.065650
v -0.348343 -0.015327 0.108876
v -0.356233 -0.129132 -0.105319
v -0.363120 -0.110469 -0.081071
v -0.355936 -0.057853 -0.118972
v -0.358855 -0.078914 0.162555
v -0.351651 -0.043175 -0.070495
v -0.365385 -0.162460 0.173004
v -0.364304 -0.291269 -0.137063
v -0.362887 -0.088052 -0.015574
v -0.358588 -0.046386 -0.190264
v -0.353252 -0.162121 0.191793
v -0.355466 -0.062657 -0.212111
v -0.353696 -0.110491 -0.034767
v -0.351839 -0.108284 0.001162
v -0.357780 -0.291631 -0.162337
v -0.348810 -0.292797 -0.111239
v -0.342362 -0.095468 -0.203309
v -0.347216 -0.317127 -0.125247
v -0.347433 -0.084160 -0.040598
v -0.341534 -0.182605 0.135135
v -0.346821 -0.080036 -0.000938
v -0.344782 -0.138905 0.152419
v -0.336750 -0.047166 -0.219088
v -0.333959 -0.141006 0.179096
v -0.344229 -0.091110 -0.136034
v -0.354202 -0.053254 0.017518
v -0.323599 -0.328977 -0.153478
v -0.325301 -0.085212 0.114595
v -0.343861 -0.066964 0.042074
v -0.326841 -0.268327 -0.143285
v -0.320995 -0.123648 -0.189488
v -0.340247 -0.047423 -0.000025
v -0.334989 -0.027706 0.059176
v -0.312083 -0.290450 -0.189732
v -0.312712 -0.086853 0.179787
v -0.337973 -0.146757 -0.096601
v -0.333847 -0.016823 0.021641
v -0.341710 -0.197077 -0.097642
v -0.348137 -0.109944 -0.325664
v -0.344848 -0.089809 -0.311393
v -0.331348 -0.223456 0.135412
v -0.334643 -0.094965 -0.345031
v -0.328905 -0.060863 0.059360
v -0.310208 -0.218129 0.193605
v -0.341718 0.017979 0.295012
v -0.326795 0.044335 0.332769
v -0.315551 -0.132309 -0.032315
v -0.306959 -0.090969 -0.072712
v -0.318033 -0.121396 -0.044581
v -0.326897 -0.042733 -0.199577
v -0.320898 -0.006396 0.335611
v -0.318210 -0.118186 0.005207
v -0.329890 -0.118363 -0.297451
v -0.319487 -0.024467 0.282408
v -0.308420 -0.072951 -0.082316
v -0.312654 -0.088092 0.004114
v -0.326235 0.051830 0.294600
v -0.282563 -0.107853 0.126270
v -0.334076 -0.253604 -0.244355
v -0.327637 -0.262941 -0.265845
v -0.308497 -0.147260 -0.311709
v -0.333273 0.185877 0.101395
v -0.288327 -0.087268 -0.015178
v -0.329481 -0.284724 0.087585
v -0.323529 -0.277236 0.042681
v -0.311588 -0.070873 -0.113802
v -0.318466 0.206814 0.093104
v -0.320518 -0.236172 -0.267945
v -0.321463 0.189768 0.122778
v -0.319108 -0.317031 0.065402
v -0.318287 0.122063 0.120028
v -0.322549 -0.262587 0.080011
v -0.306445 -0.101435 -0.182815
v -0.317666 -0.054234 -0.209003
v -0.313821 0.140072 0.076377
v -0.302729 -0.227934 -0.113937
v -0.295212 -0.100539 -0.282212
v -0.271604 -0.091147 0.171758
v -0.284353 -0.204873 0.195259
v -0.310968 -0.096514 0.036336
v -0.302087 -0.103005 -0.344876
v -0.312041 0.177570 0.074455
v -0.303272 -0.083650 -0.335147
v -0.305577 -0.060471 -0.006512
v -0.290699 -0.139232 -0.327860
v -0.305176 0.146290 0.133839
v -0.303273 -0.101072 -0.139492
v -0.267835 -0.092517 0.153582
v -0.305542 -0.311179 0.039138
v -0.288903 -0.225587 -0.153593
v -0.304610 -0.247282 -0.215490
v -0.305189 -0.248660 -0.273886
v -0.299325 -0.018376 0.244739
v -0.295771 -0.158577 -0.080037
v -0.294531 -0.164034 0.125846
v -0.301388 -0.271770 -0.169801
v -0.300515 0.200821 0.113668
v -0.313657 0.186329 0.148407
v -0.315502 0.198345 0.164805
v -0.315047 0.136102 0.164414
v -0.286847 -0.238009 0.177050
v -0.286877 -0.333713 -0.181042
v -0.292050 -0.164293 0.177259
v -0.298214 0.030411 0.254384
v -0.296934 -0.237833 0.133774
v -0.266758 -0.335777 -0.132659
v -0.291761 -0.289550 -0.238424
v -0.287173 -0.297427 0.110519
v -0.307253 0.137980 0.304512
v -0.309038 0.105280 0.295943
v -0.302105 -0.131659 0.024062
v -0.289936 -0.198192 0.110846
v -0.275315 0.055179 0.270813
v -0.298552 0.129722 0.160214
v -0.292284 -0.109953 -0.053445
v -0.290301 -0.014597 0.333716
v -0.276755 0.027344 0.335772
v -0.312444 -0.281169 -0.224963
v -0.274024 -0.196093 -0.159899
v -0.297621 0.111854 0.315147
v -0.300901 -0.035847 -0.265573
v -0.303234 0.131896 0.275014
v -0.306046 -0.052776 -0.281768
v -0.254721 -0.331851 0.076453
v -0.303845 -0.076001 -0.253621
v -0.285734 0.167413 0.176969
v -0.256608 -0.321576 -0.101153
v -0.292391 0.085722 0.121684
v -0.274149 -0.228942 -0.079564
v -0.287826 0.159929 0.177805
v -0.291780 0.206392 0.165291
v -0.291070 -0.042290 0.067533
v -0.297468 -0.101780 -0.268849
v -0.295018 -0.023312 0.047651
v -0.292919 0.196275 0.146953
v -0.294660 0.152558 0.144918
v -0.276992 0.171338 0.084726
v -0.284654 -0.024326 0.028750
v -0.261710 -0.292431 -0.103853
v -0.290823 -0.047254 -0.287419
v -0.297663 -0.176397 -0.042603
v -0.285002 -0.040366 -0.122296
v -0.286518 -0.239272 -0.241333
v -0.259506 -0.158552 -0.216596
v -0.284634 0.146191 0.290434
v -0.254932 -0.048369 -0.007739
v -0.283473 0.063813 0.248902
v -0.267510 0.162325 0.056624
v -0.277360 -0.271245 -0.131216
v -0.277331 0.047534 0.320610
v -0.288994 -0.084785 -0.149318
v -0.282532 0.095781 0.245934
v -0.282606 -0.028043 0.198832
v -0.266517 -0.254208 0.116601
v -0.241560 -0.306947 0.038309
v -0.284118 -0.180629 -0.079699
v -0.284422 0.068036 0.077333
v -0.293765 0.154429 0.205125
v -0.291661 0.206521 0.223919
v -0.260829 -0.021653 -0.053344
v -0.274025 -0.113117 -0.237400
v -0.282102 0.178476 0.245234
v -0.275166 -0.173398 -0.264742
v -0.280384 0.162354 0.150823
v -0.289269 0.012284 0.100119
v -0.257884 -0.135080 -0.133871
v -0.252847 -0.283072 0.101267
v -0.256749 -0.278106 -0.224419
v -0.272828 0.137358 0.040348
v -0.280213 -0.042700 0.244665
v -0.276636 0.168115 0.103006
v -0.273594 0.094567 0.175974
v -0.258741 0.108099 0.244381
v -0.273390 0.123695 0.312232
v -0.268065 -0.106904 -0.323722
v -0.270166 -0.095916 -0.303861
v -0.277673 -0.163786 0.147254
v -0.266534 -0.201187 -0.021198
v -0.281823 0.142047 0.211083
v -0.243945 -0.107525 0.058572
v -0.265645 0.069895 0.064063
v -0.251407 -0.163032 -0.130191
v -0.252914 -0.176795 -0.150802
v -0.249191 -0.166236 -0.306906
v -0.260975 -0.270098 -0.163615
v -0.257469 -0.054062 -0.024311
v -0.243300 -0.085114 -0.236420
v -0.267483 0.020384 0.184882
v -0.260916 -0.267161 0.175419
v -0.275341 -0.087225 0.198006
v -0.242618 -0.054177 -0.264085
v -0.260910 -0.261226 -0.208909
v -0.243055 -0.103227 -0.150163
v -0.234092 -0.278131 0.064970
v -0.255646 0.067214 0.272085
v -0.242297 0.168981 0.143294
v -0.266900 0.206498 0.228442
v -0.259510 -0.112423 0.229319
v -0.256191 -0.282031 -0.079490
v -0.252888 0.042606 0.275793
v -0.239939 -0.314897 -0.213572
v -0.242921 -0.003418 0.029194
v -0.251935 -0.264664 -0.181893
v -0.253180 -0.301711 0.114753
v -0.259924 -0.057158 0.249000
v -0.247223 0.030077 0.137291
v -0.265302 0.178307 0.235380
v -0.262868 0.064582 0.193076
v -0.258777 0.059390 0.166373
v -0.249519 0.106005 0.258406
v -0.241063 -0.301652 0.145923
v -0.257352 -0.022587 0.274449
v -0.238925 -0.038389 0.091609
v -0.261155 0.107362 0.191096
v -0.259100 0.201765 0.072408
v -0.242185 -0.290036 -0.225245
v -0.253511 0.208511 0.102163
v -0.241185 0.158469 0.168244
v -0.246446 0.125077 0.044495
v -0.239045 -0.058305 -0.292302
v -0.260533 0.072870 0.195752
v -0.224548 -0.177202 0.017890
v -0.265007 -0.202510 -0.079992
v -0.265007 -0.202510 -0.079896
v -0.243909 -0.243718 -0.065493
v -0.265426 0.302988 -0.006491
v -0.256815 0.169101 0.187778
v -0.245588 -0.175768 0.145169
v -0.262546 -0.204998 -0.079977
v -0.262586 -0.204931 -0.080011
v -0.230052 0.010834 0.266774
v -0.258729 -0.214676 -0.078643
v -0.231456 -0.055342 -0.135253
v -0.260429 0.072059 0.191743
v -0.245892 0.326800 0.023468
v -0.256801 -0.291369 -0.258325
v -0.220413 -0.231693 0.188774
v -0.253565 -0.325939 -0.243319
v -0.244186 -0.303989 -0.290070
v -0.225982 -0.081836 -0.289294
v -0.222226 -0.133696 0.178025
v -0.248199 0.248881 0.000053
v -0.260079 0.285714 0.024042
v -0.240837 0.296087 -0.034198
v -0.231587 -0.116573 -0.322694
v -0.222916 -0.015826 0.187273
v -0.232034 -0.033952 0.182059
v -0.219252 -0.199420 0.127068
v -0.232405 0.090177 0.069576
v -0.233191 0.139930 0.178223
v -0.254847 0.206492 -0.027457
v -0.229419 -0.283445 -0.168810
v -0.237100 0.327785 -0.008102
v -0.240574 0.080557 0.212344
v -0.236975 -0.335875 0.045409
v -0.234821 0.178089 -0.000856
v -0.231420 0.248559 0.012883
v -0.225658 -0.240873 0.121695
v -0.210545 -0.204445 0.179710
v -0.251973 -0.237682 0.310056
v -0.214034 -0.197161 -0.245138
v -0.232907 0.201783 0.060800
v -0.236293 -0.316948 -0.030414
v -0.236662 -0.289122 -0.287407
v -0.228609 -0.253215 -0.184743
v -0.239723 0.227788 -0.050309
v -0.238454 0.169248 -0.032982
v -0.215167 0.163231 0.071249
v -0.231439 -0.030553 -0.097725
v -0.223362 -0.255906 -0.217452
v -0.224033 0.210018 0.106305
v -0.216907 -0.045337 0.233559
v -0.211343 0.115352 0.170649
v -0.229013 -0.272078 0.300279
v -0.237624 -0.238401 0.277602
v -0.228838 -0.281445 -0.029137
v -0.241086 -0.025449 -0.093816
v -0.219630 -0.181684 -0.215693
v -0.235049 -0.296359 -0.181656
v -0.223977 -0.058060 -0.017436
v -0.235275 -0.101580 -0.137375
v -0.227514 -0.111155 0.156439
v -0.239829 -0.029403 -0.110211
v -0.238411 0.112187 0.008397
v -0.221949 -0.205390 0.355099
v -0.230285 0.167204 0.016239
v -0.218679 0.326449 0.018768
v -0.230182 -0.000582 -0.105944
v -0.226451 -0.195937 0.291412
v -0.208540 -0.139308 -0.204460
v -0.189787 -0.136886 0.192990
v -0.237492 -0.208630 0.387417
v -0.222361 0.220096 0.162348
v -0.233533 0.123119 -0.180735
v -0.213047 0.293029 0.030992
v -0.233842 0.114038 -0.207690
v -0.231199 0.141658 -0.191541
v -0.207646 -0.054323 0.169415
v -0.228483 0.205166 0.184623
v -0.230374 -0.182709 0.389801
v -0.206997 0.157089 -0.070315
v -0.207271 -0.373073 -0.051005
v -0.220767 -0.204809 -0.105892
v -0.219476 -0.195667 0.406689
v -0.219729 -0.150646 -0.329361
v -0.175233 -0.073016 -0.060755
v -0.206832 -0.281034 -0.230814
v -0.208519 -0.341307 -0.243915
v -0.210733 0.100391 -0.063166
v -0.187267 -0.138640 -0.108587
v -0.205960 -0.089404 0.054477
v -0.205905 0.145814 0.120662
v -0.225947 -0.066692 -0.274192
v -0.222382 -0.335854 -0.218031
v -0.222502 -0.228149 0.370564
v -0.220445 -0.182607 0.363829
v -0.211924 -0.277269 0.004604
v -0.206783 0.077339 0.122638
v -0.221655 0.178841 0.131320
v -0.218399 -0.247559 0.350171
v -0.224056 -0.022457 -0.103123
v -0.217814 0.006400 -0.096824
v -0.161562 -0.390758 -0.218202
v -0.217658 -0.185279 0.303370
v -0.208806 0.127302 -0.222905
v -0.206543 -0.264978 0.088985
v -0.189573 0.173612 -0.065495
v -0.194582 -0.091889 0.231045
v -0.209122 -0.284464 -0.173046
v -0.225283 -0.049697 -0.283157
v -0.199901 0.309968 -0.002416
v -0.214674 0.091131 -0.181258
v -0.220921 -0.036528 -0.261226
v -0.228785 0.058933 -0.169863
v -0.216851 -0.022811 0.059586
v -0.219021 0.011909 0.210324
v -0.220187 -0.226315 0.400215
v -0.202375 0.090286 -0.021932
v -0.218524 -0.383441 -0.174124
v -0.203760 0.147336 0.024337
v -0.209185 0.108884 0.018741
v -0.204535 0.164016 0.180325
v -0.216737 -0.262640 0.363185
v -0.217554 0.075491 -0.199908
v -0.210727 -0.077042 -0.357912
v -0.200605 -0.055623 -0.321432
v -0.206580 0.207538 0.187672
v -0.213478 -0.042676 -0.355039
v -0.210736 -0.221265 0.358612
v -0.208782 -0.067961 -0.262874
v -0.202876 -0.334923 -0.264581
v -0.213159 -0.064167 -0.283390
v -0.212128 -0.089104 -0.234226
v -0.206447 -0.179880 0.384251
v -0.208671 0.195778 0.083816
v -0.192628 -0.209348 -0.263425
v -0.172995 -0.404098 0.049585
v -0.197144 -0.026901 -0.278534
v -0.208213 0.179211 0.001909
v -0.207242 0.259249 0.003903
v -0.202709 -0.052761 -0.095098
v -0.166238 -0.395177 0.120880
v -0.208276 -0.037948 -0.338062
v -0.213626 -0.249170 0.405765
v -0.212603 -0.227233 -0.101973
v -0.196762 0.018308 -0.114375
v -0.186075 -0.186030 -0.283342
v -0.215307 -0.042596 -0.097171
v -0.215570 -0.042052 -0.100510
v -0.195651 -0.242583 0.154055
v -0.208033 -0.080159 -0.115005
v -0.196453 0.075916 -0.157943
v -0.188294 -0.089133 -0.004214
v -0.216851 -0.081532 -0.153299
v -0.214174 -0.042368 -0.100256
v -0.181379 -0.280035 0.270988
v -0.179020 -0.283903 0.303929
v -0.201667 -0.265832 -0.199136
v -0.184315 -0.159059 0.015253
v -0.204756 -0.051226 0.182855
v -0.210128 -0.055233 -0.105261
v -0.211806 0.209802 0.287784
v -0.200955 0.209508 0.256839
v -0.201724 0.215292 0.164543
v -0.207001 -0.095338 -0.181587
v -0.192912 -0.257713 0.257811
v -0.181506 -0.184489 0.287953
v -0.203701 -0.110072 -0.147089
v -0.176448 -0.240452 0.023733
v -0.195805 0.148766 0.283933
v -0.180423 -0.344948 -0.234084
v -0.184738 -0.300063 -0.270064
v -0.193257 -0.039184 -0.120143
v -0.190523 -0.246861 -0.134228
v -0.206392 -0.353728 -0.264975
v -0.181969 -0.230451 -0.188436
v -0.187341 -0.271489 0.032282
v -0.169176 -0.204142 0.108230
v -0.198771 -0.046606 -0.176474
v -0.193551 0.138401 0.144491
v -0.197531 -0.196078 0.353666
v -0.193227 -0.363273 -0.246546
v -0.185861 -0.148756 -0.325022
v -0.186351 -0.045923 -0.260964
v -0.192089 -0.035189 -0.348753
v -0.200597 0.266156 -0.017406
v -0.166271 -0.309602 0.146483
v -0.164739 -0.064435 -0.222887
v -0.194961 -0.058250 0.200957
v -0.192631 0.219359 0.276177
v -0.190390 0.158742 0.248633
v -0.199428 0.001159 -0.168840
v -0.195303 -0.251896 -0.205545
v -0.195674 -0.088128 -0.105475
v -0.194386 -0.208441 -0.101036
v -0.185690 -0.070610 -0.361364
v -0.179428 -0.227254 0.402863
v -0.191145 0.101225 -0.185909
v -0.170281 0.085202 -0.100536
v -0.148007 -0.278461 0.077428
v -0.191081 0.182759 0.302660
v -0.192921 0.087854 -0.204937
v -0.188779 0.007629 -0.092049
v -0.179559 0.050571 -0.080064
v -0.161833 -0.293210 -0.213532
v -0.185149 -0.316893 -0.272381
v -0.181851 -0.176407 0.172511
v -0.183060 -0.089956 -0.206528
v -0.180497 -0.047789 -0.279421
v -0.164120 -0.207237 0.250031
v -0.180217 -0.340139 0.145101
v -0.185821 -0.043851 -0.193535
v -0.190647 -0.062623 -0.270094
v -0.183125 -0.258039 0.399718
v -0.186206 -0.046660 -0.152329
v -0.191648 -0.075048 -0.096393
v -0.183848 0.138688 -0.190309
v -0.170212 0.170410 -0.038546
v -0.174661 -0.127101 -0.189782
v -0.159675 -0.100091 0.092911
v -0.180134 -0.352859 -0.269059
v -0.177508 -0.053736 0.129048
v -0.170593 -0.273934 -0.166570
v -0.144420 0.123853 -0.030974
v -0.162774 -0.125728 -0.170878
v -0.185772 -0.041806 -0.104929
v -0.150347 0.113064 -0.096777
v -0.173984 -0.337171 -0.251567
v -0.178344 0.013975 -0.169537
v -0.170477 0.086377 0.256249
v -0.169556 0.068308 0.209319
v -0.176960 -0.212385 0.387674
v -0.177423 -0.058637 -0.349305
v -0.165325 -0.000663 0.182781
v -0.165457 -0.266150 0.406453
v -0.156897 -0.082416 -0.282798
v -0.173268 -0.287850 -0.240378
v -0.171606 0.063548 -0.189626
v -0.170092 0.202650 0.280679
v -0.160907 -0.277967 0.226918
v -0.177358 0.018166 -0.190247
v -0.153622 -0.196110 -0.070517
v -0.153404 -0.005416 0.149377
v -0.160394 -0.061471 -0.111186
v -0.174600 0.061534 -0.041986
v -0.162416 0.176363 0.248575
v -0.182576 0.286445 -0.187529
v -0.162070 -0.110373 -0.323672
v -0.164126 -0.242749 0.418766
v -0.153159 -0.187844 0.338042
v -0.164866 -0.044282 -0.192402
v -0.167444 -0.312128 -0.342240
v -0.170212 0.044543 0.231300
v -0.173971 -0.293470 -0.331567
v -0.160133 0.268144 -0.149486
v -0.138293 -0.416238 -0.074384
v -0.158888 -0.359611 0.164996
v -0.158206 0.170281 0.271142
v -0.160423 -0.286660 -0.260779
v -0.156648 -0.288119 0.137635
v -0.155054 -0.230115 -0.188636
v -0.148424 -0.222782 0.065354
v -0.153414 -0.062788 -0.131485
v -0.164925 0.090591 -0.025289
v -0.173651 -0.026654 -0.094856
v -0.159648 0.232108 -0.179152
v -0.162487 -0.013805 0.205562
v -0.151129 -0.039039 0.085414
v -0.152936 -0.212870 0.151145
v -0.162389 0.248585 -0.216624
v -0.150342 -0.285497 -0.271951
v -0.143133 -0.271437 -0.145530
v -0.147110 -0.239872 -0.264348
v -0.158064 -0.016490 -0.054905
v -0.151143 -0.098168 0.205140
v -0.155415 -0.149691 -0.184973
v -0.156501 0.125579 -0.020866
v -0.150145 -0.130685 -0.271798
v -0.152298 -0.201431 0.347727
v -0.165017 -0.018117 -0.207656
v -0.137170 -0.204996 -0.009535
v -0.153118 -0.153384 0.321463
v -0.147531 -0.197857 0.422138
v -0.141039 -0.355245 -0.252505
v -0.139571 -0.102920 -0.136762
v -0.141738 -0.269278 -0.105475
v -0.152612 -0.314287 0.198748
v -0.165910 0.034638 0.189416
v -0.165936 0.128667 0.028076
v -0.153628 -0.095795 -0.287890
v -0.148607 -0.064133 -0.062427
v -0.143785 0.141949 0.275301
v -0.163450 -0.407694 -0.205820
v -0.121987 0.081470 0.189358
v -0.136136 -0.295552 -0.355856
v -0.158095 0.218670 0.013051
v -0.157704 0.211634 -0.006523
v -0.148018 -0.188011 0.390114
v -0.157252 0.197993 0.025731
v -0.156028 -0.054173 -0.111158
v -0.145077 0.302628 -0.162604
v -0.143101 0.006734 0.242193
v -0.147583 -0.000615 0.079536
v -0.140403 0.278232 -0.238622
v -0.143929 -0.043227 -0.216544
v -0.111202 -0.238670 0.024412
v -0.156649 -0.157126 -0.029072
v -0.159338 0.122981 -0.018600
v -0.137103 -0.265326 -0.181533
v -0.124275 0.015020 -0.041264
v -0.149068 0.121141 -0.025871
v -0.151129 0.143415 0.026711
v -0.127250 0.016163 0.167718
v -0.155960 0.158317 -0.003907
v -0.132613 -0.269230 0.031441
v -0.129857 0.305659 -0.196138
v -0.117505 -0.419172 0.093839
v -0.157849 0.202590 0.047263
v -0.118288 -0.298092 0.306700
v -0.147019 0.101994 0.019997
v -0.142802 -0.040435 -0.200054
v -0.159173 0.016171 0.030831
v -0.138641 -0.128581 -0.144736
v -0.142316 -0.283963 0.099330
v -0.142304 -0.340582 0.214559
v -0.135304 -0.284228 -0.333724
v -0.131522 -0.031284 0.214149
v -0.133950 -0.062036 0.078695
v -0.146356 -0.404016 -0.193005
v -0.139943 0.189027 0.055484
v -0.132048 0.127801 -0.065964
v -0.121883 -0.273675 0.370511
v -0.139222 0.144442 -0.022477
v -0.129175 0.048942 0.262733
v -0.125691 -0.246444 0.224393
v -0.141497 -0.088581 0.348661
v -0.123661 0.143099 0.235602
v -0.139511 -0.406916 -0.215705
v -0.136588 0.209662 0.045569
v -0.131407 -0.132075 0.364801
v -0.144340 -0.288324 0.199940
v -0.133766 -0.273635 0.135951
v -0.148431 -0.149053 0.307836
v -0.126656 0.088505 0.296320
v -0.132893 0.136640 0.044540
v -0.136014 0.207602 0.027427
v -0.128466 -0.058150 -0.109174
v -0.134443 -0.399695 -0.204636
v -0.142950 0.123574 -0.027691
v -0.097754 0.219016 -0.192059
v -0.117980 -0.220288 0.418592
v -0.132855 0.092964 0.050115
v -0.138683 0.126969 -0.035571
v -0.128832 -0.059800 -0.057354
v -0.084831 0.214336 -0.093716
v -0.108504 0.046767 -0.112158
v -0.118426 0.246728 -0.228346
v -0.107708 -0.062769 -0.019632
v -0.115813 0.134623 0.312266
v -0.107280 -0.094007 -0.268458
v -0.133580 0.072805 0.001768
v -0.131026 0.150006 -0.012156
v -0.131630 0.212800 -0.001405
v -0.119677 -0.069136 0.080058
v -0.136729 0.125379 -0.036087
v -0.128555 -0.069687 0.324670
v -0.107057 0.011780 -0.113246
v -0.124001 0.143355 -0.043607
v -0.093469 -0.396463 0.181950
v -0.111524 -0.021646 -0.195370
v -0.096039 -0.383270 -0.248836
v -0.121964 0.156462 0.282888
v -0.109295 0.257265 -0.114399
v -0.126719 -0.056335 -0.146909
v -0.124694 -0.086608 0.362425
v -0.117615 -0.189452 0.403933
v -0.120207 0.105615 -0.022604
v -0.119168 -0.143738 0.297685
v -0.128270 -0.012424 0.319423
v -0.134645 -0.241605 -0.163282
v -0.132144 -0.065049 -0.365939
v -0.116112 0.011061 0.097381
v -0.119415 -0.044652 -0.231095
v -0.111459 -0.256920 0.407794
v -0.124366 -0.076971 -0.400605
v -0.118562 -0.138510 -0.374450
v -0.120165 -0.058293 -0.395651
v -0.103749 -0.239016 -0.232548
v -0.113656 -0.271570 0.191522
v -0.098320 0.290785 -0.128486
v -0.113858 -0.071112 -0.269006
v -0.120096 -0.203590 0.342148
v -0.130985 -0.196124 -0.319117
v -0.107731 -0.325539 -0.326922
v -0.120568 -0.182333 -0.375024
v -0.112269 -0.096137 0.095976
v -0.106712 -0.143014 -0.247708
v -0.100871 -0.181771 0.181228
v -0.122453 -0.002266 0.344225
v -0.118663 -0.254901 -0.147480
v -0.104764 -0.022274 0.363721
v -0.124690 0.173790 0.042084
v -0.116975 -0.106580 0.000682
v -0.114861 -0.265201 -0.099573
v -0.094811 0.104198 0.311332
v -0.106809 -0.294086 -0.256170
v -0.102057 -0.230500 -0.017163
v -0.110901 0.000120 0.136633
v -0.126622 -0.133858 -0.342628
v -0.088025 0.029968 -0.071660
v -0.087753 -0.423986 -0.134474
v -0.115924 0.179524 0.013899
v -0.111221 -0.054333 0.294028
v -0.107335 -0.304961 -0.288584
v -0.112119 0.073701 -0.000689
v -0.105523 -0.074869 0.314851
v -0.088967 0.189028 -0.139668
v -0.117003 -0.229522 -0.330421
v -0.103903 0.063339 -0.095351
v -0.113220 -0.263134 0.005415
v -0.105747 -0.143623 0.034276
v -0.099258 -0.327726 -0.259579
v -0.097355 -0.233874 0.241632
v -0.110419 -0.012664 -0.224008
v -0.103887 -0.140622 -0.315176
v -0.091664 0.055859 -0.081893
v -0.111349 -0.218361 -0.096957
v -0.102940 -0.165959 -0.111931
v -0.107866 -0.190393 -0.287614
v -0.117548 0.142187 -0.022847
v -0.108903 0.198690 0.322884
v -0.106869 0.114182 0.002177
v -0.108281 0.149696 0.013449
v -0.097383 -0.114120 0.359312
v -0.090265 0.009102 0.000313
v -0.098029 0.105866 0.045340
v -0.108689 0.202182 0.303304
v -0.099388 0.044204 0.198316
v -0.086362 -0.221229 0.027671
v -0.090505 0.160081 0.271867
v -0.102736 0.003173 0.321666
v -0.095427 -0.061787 -0.378473
v -0.099669 -0.035125 -0.288213
v -0.096636 -0.148276 0.308020
v -0.102333 -0.064519 0.085522
v -0.087604 0.006044 0.085995
v -0.089881 -0.130560 -0.323492
v -0.101541 -0.228384 0.371182
v -0.086133 -0.114147 -0.242342
v -0.101832 0.009675 -0.208108
v -0.099227 0.004101 -0.085867
v -0.082051 -0.239770 -0.281476
v -0.091745 -0.245524 -0.080471
v -0.101503 0.001103 0.199835
v -0.098296 -0.204463 0.323254
v -0.093942 -0.207572 -0.245614
v -0.069306 -0.264847 0.157538
v -0.097391 -0.226461 -0.032147
v -0.081311 -0.196062 0.043809
v -0.102536 0.046819 -0.233540
v -0.095284 -0.313159 -0.263691
v -0.086279 -0.018924 -0.248492
v -0.094494 0.114161 0.028408
v -0.098262 -0.244989 -0.003954
v -0.077815 -0.266773 0.212247
v -0.089790 -0.130953 -0.381046
v -0.091135 0.134460 0.006881
v -0.094674 0.038222 -0.250907
v -0.090600 0.243738 -0.203664
v -0.093869 0.195245 0.326007
v -0.087507 -0.019746 0.314944
v -0.083978 -0.022248 -0.277601
v -0.086680 -0.006253 0.340371
v -0.083383 -0.128652 0.057977
v -0.081193 -0.159715 -0.276676
v -0.089224 -0.091833 0.123395
v -0.089194 -0.274621 0.298626
v -0.089628 0.044379 0.245942
v -0.083643 -0.265667 -0.232897
v -0.086213 0.207733 0.309474
v -0.091579 -0.089140 -0.396519
v -0.092599 0.026868 0.222367
v -0.075798 0.184460 0.215078
v -0.096495 0.045209 0.376220
v -0.094611 0.080669 0.347093
v -0.068799 0.283807 -0.184568
v -0.099993 0.016660 -0.129743
v -0.095328 0.079256 0.387285
v -0.093530 0.123324 0.425757
v -0.061033 -0.048992 -0.021154
v -0.073443 0.303641 -0.090081
v -0.092440 0.134748 0.382782
v -0.065068 0.176614 -0.160528
v -0.080001 0.064126 0.188013
v -0.087108 -0.029874 0.168411
v -0.077677 -0.130351 -0.067705
v -0.082232 0.085141 0.039750
v -0.080123 -0.115374 0.157779
v -0.086567 0.058462 -0.119601
v -0.082761 0.300004 -0.148362
v -0.081038 -0.126509 -0.344032
v -0.083766 -0.024561 0.093911
v -0.078853 -0.224989 -0.082108
v -0.075399 -0.049266 -0.289507
v -0.074659 -0.062310 -0.039757
v -0.073034 -0.190859 0.161364
v -0.001781 -0.414515 -0.057550
v -0.086379 -0.121594 0.332872
v -0.081742 -0.017565 -0.199849
v -0.081862 -0.153563 -0.395199
v -0.084192 0.009537 0.343967
v -0.043280 -0.241279 -0.334973
v -0.085258 -0.087007 0.341146
v -0.076078 0.184319 0.235372
v -0.078385 -0.007233 -0.078891
v -0.082323 -0.246354 0.277431
v -0.090413 0.402859 -0.154367
v -0.090311 0.416881 -0.132757
v -0.073709 0.109718 0.050452
v -0.078886 0.366349 -0.083057
v -0.077872 0.148569 0.415783
v -0.082378 -0.014296 -0.104117
v -0.075199 -0.102908 -0.143836
v -0.052532 -0.361747 0.207357
v -0.080586 0.157104 0.287771
v -0.074239 -0.256121 -0.205503
v -0.084945 0.368381 -0.123069
v -0.069373 -0.038054 0.081931
v -0.071695 0.063432 -0.144890
v -0.066841 -0.219627 -0.204387
v -0.074092 -0.288744 -0.272004
v -0.073537 0.074514 -0.095149
v -0.075952 0.346239 -0.138817
v -0.073134 0.408969 -0.168729
v -0.047569 -0.188679 -0.124552
v -0.062921 -0.190001 -0.393582
v -0.074074 0.121698 0.199728
v -0.063789 -0.376511 -0.278946
v -0.086018 -0.228924 -0.172666
v -0.068193 0.001752 0.038682
v -0.076836 -0.136321 -0.379630
v -0.074319 0.060301 -0.212671
v -0.073568 -0.104515 0.336782
v -0.074621 0.112536 -0.237054
v -0.066162 0.121288 -0.100203
v -0.049293 -0.058386 0.083493
v -0.056231 0.004552 -0.156093
v -0.067848 0.385447 -0.101153
v -0.072914 -0.227712 -0.244512
v -0.064056 -0.201259 -0.167437
v -0.078156 -0.051844 0.425438
v -0.060083 -0.318333 0.229017
v -0.047060 0.002499 0.172093
v -0.061670 0.031667 -0.223869
v -0.070020 -0.047187 0.353216
v -0.074677 0.207300 0.079260
v -0.067139 -0.195605 -0.099224
v -0.067237 -0.002682 0.338433
v -0.072182 -0.002009 0.430829
v -0.025727 -0.077877 0.072398
v -0.067420 0.431891 -0.137976
v -0.068981 -0.021727 -0.241666
v -0.074464 -0.110865 -0.101304
v -0.066773 -0.251929 -0.174107
v -0.063733 0.128743 0.293222
v -0.070620 0.109744 -0.215259
v -0.068195 0.098788 0.040818
v -0.066625 0.009288 0.359756
v -0.079962 0.208426 0.098507
v -0.056765 0.099790 0.419326
v -0.063157 -0.222198 -0.348516
v -0.057348 0.063688 0.383702
v -0.061159 0.138870 0.383207
v -0.069665 0.295069 0.231744
v -0.047288 0.092602 0.254320
v -0.064071 0.219476 0.086368
v -0.060136 -0.039919 -0.112300
v -0.062634 -0.118618 -0.208194
v -0.053928 -0.105129 -0.439254
v -0.059268 0.350598 -0.069431
v -0.068866 0.293194 0.199354
v -0.066221 -0.189494 0.055972
v -0.061839 -0.034331 -0.215199
v -0.054571 0.117292 0.280700
v -0.032403 -0.149508 -0.291150
v -0.038841 0.202942 -0.177126
v -0.056257 -0.254718 -0.311526
v -0.038728 -0.209239 0.113817
v -0.057085 0.142187 0.277812
v -0.046541 0.079372 0.348707
v -0.048180 -0.093343 0.323158
v -0.068591 0.216970 0.203590
v -0.059825 -0.049316 -0.037543
v -0.046041 0.158090 0.100137
v -0.050049 -0.224820 -0.236374
v -0.058716 -0.027848 0.452444
v -0.068942 0.182271 0.051243
v -0.032997 -0.318707 -0.326630
v -0.024118 -0.397604 -0.270463
v -0.053359 0.132865 0.423532
v -0.061286 0.212726 0.102782
v -0.066860 0.264386 -0.198348
v -0.063641 0.133461 0.039304
v -0.066198 0.178034 0.034552
v -0.047774 -0.135779 -0.120416
v -0.060619 -0.114365 -0.157654
v -0.025045 -0.001005 0.154125
v -0.049897 0.381505 -0.082756
v -0.055980 0.310508 0.209819
v -0.056344 -0.043127 -0.270940
v -0.060384 -0.027099 0.363765
v -0.055763 -0.156611 -0.428724
v -0.043742 0.165643 0.250245
v -0.046363 0.097735 -0.249854
v -0.048616 0.102333 -0.209941
v -0.045738 0.299603 -0.086279
v -0.049454 0.005547 0.418466
v -0.055442 -0.046599 -0.198802
v -0.058062 -0.213926 -0.387468
v -0.037428 0.289440 -0.158901
v -0.049616 0.416016 -0.155951
v -0.048296 0.006439 -0.061178
v -0.055487 -0.162341 -0.186915
v -0.043544 -0.132188 -0.361716
v -0.021477 -0.073296 -0.431371
v -0.044776 -0.203076 -0.168830
v -0.036969 0.087137 0.201919
v -0.046952 -0.137383 -0.141183
v -0.049348 -0.054953 -0.217653
v -0.041601 -0.168400 -0.129168
v -0.034796 -0.040200 0.060482
v -0.045559 0.002434 0.320254
v -0.049563 -0.136794 -0.160616
v -0.036434 0.131814 0.039576
v -0.040617 0.369963 -0.139572
v -0.018811 -0.338437 -0.323947
v -0.046134 -0.070108 0.427659
v -0.025557 -0.406828 0.149529
v -0.025550 -0.103573 0.350533
v -0.030276 -0.013114 0.448065
v -0.032340 -0.256088 -0.171990
v -0.048555 0.150262 0.290022
v -0.025175 0.173724 0.078101
v -0.043205 -0.317489 0.215414
v -0.035320 0.101315 -0.222062
v -0.021681 0.293908 -0.217581
v -0.040578 0.384489 -0.114208
v -0.021069 0.046215 0.242009
v -0.033519 0.122737 -0.088428
v -0.042766 -0.113434 -0.146241
v -0.028441 -0.016474 0.370806
v -0.032472 0.228395 0.195954
v -0.041853 0.119923 0.397163
v -0.038136 -0.114596 -0.156870
v -0.037433 -0.023257 -0.215343
v -0.033947 -0.041745 0.034900
v -0.036531 0.172238 0.317478
v -0.037164 -0.013532 0.225520
v -0.046781 0.006520 0.305453
v -0.044873 -0.048229 0.274813
v -0.036043 0.186141 0.054106
v -0.036444 0.118865 0.049611
v -0.038243 0.297684 0.203144
v -0.027913 0.167202 0.109998
v -0.041142 0.299222 0.229422
v -0.030170 0.255204 0.236667
v -0.042783 0.081720 0.373673
v -0.032857 0.188345 0.035088
v -0.028463 -0.280864 -0.306910
v -0.035760 -0.059987 -0.001703
v -0.029887 0.250627 -0.195032
v -0.018125 -0.039833 -0.038325
v -0.034090 -0.233229 0.057411
v -0.025973 -0.163821 -0.171937
v -0.027764 0.132193 -0.158971
v -0.031365 0.357104 -0.075506
v -0.033978 0.132055 0.300374
v -0.012337 -0.056454 -0.114955
v -0.015073 0.056885 0.382938
v -0.026959 -0.042679 -0.210657
v -0.041677 -0.023445 0.166506
v -0.033904 0.213164 0.314255
v -0.012882 -0.146594 -0.430538
v -0.026293 0.187405 0.097156
v -0.031027 -0.025077 0.288994
v -0.008827 -0.131443 0.289374
v 0.018258 -0.107104 0.069391
v -0.018337 0.138676 0.034047
v -0.020568 -0.279940 0.186166
v -0.019900 -0.275524 0.124402
v -0.014211 -0.226825 -0.341155
v -0.020235 0.214696 0.301087
v -0.026444 -0.303747 0.213541
v -0.020427 -0.175233 -0.400373
v -0.015704 -0.153218 -0.371308
v -0.011597 0.126563 -0.097744
v -0.022650 -0.004509 0.424101
v -0.026359 -0.208146 -0.272450
v -0.022788 -0.082934 -0.458017
v -0.018101 0.137173 0.065625
v -0.027041 0.256190 0.212673
v -0.030291 -0.050262 0.267797
v -0.015494 -0.023498 0.322403
v -0.010799 0.285459 -0.226953
v -0.027516 -0.034030 0.161442
v -0.011110 -0.272925 -0.306084
v 0.005479 0.125578 0.103043
v -0.010589 0.070705 0.348631
v -0.028956 -0.202313 -0.145551
v -0.020432 -0.182644 -0.124343
v 0.019994 0.227081 0.255989
v -0.015167 -0.017722 -0.128803
v -0.018926 0.010420 0.365902
v 0.006517 -0.015806 -0.066652
v -0.016411 0.176969 0.211423
v -0.017753 0.145130 0.076555
v 0.010695 -0.084750 -0.466065
v -0.029598 -0.288806 -0.379390
v -0.027681 0.091420 0.230326
v -0.016124 0.354618 -0.103871
v -0.010538 -0.054181 0.421407
v -0.013697 0.286507 -0.197634
v -0.004673 -0.090111 -0.417109
v -0.016257 -0.259819 0.054268
v -0.018882 0.271147 -0.198678
v -0.009283 0.204252 0.322228
v 0.001427 0.082957 -0.140380
v -0.001612 -0.336264 0.237694
v 0.002581 0.008388 0.159872
v -0.012180 -0.148162 -0.120730
v -0.013756 -0.083878 0.376783
v -0.012799 -0.252659 -0.310168
v -0.018361 0.170707 0.296511
v -0.015033 -0.253844 -0.127187
v -0.017599 -0.294959 -0.400686
v -0.011991 0.116093 0.084671
v -0.012112 -0.078130 0.148260
v 0.000140 -0.001046 0.222292
v -0.012561 -0.267229 -0.373570
v -0.018054 0.292046 -0.111323
v 0.050968 -0.394055 0.196961
v -0.002567 0.040189 0.071963
v -0.004133 0.033799 0.038167
v -0.010429 -0.026478 0.020971
v -0.012878 0.148224 -0.135868
v 0.009036 0.028586 0.193706
v -0.005471 -0.197091 0.059674
v -0.011598 0.162566 0.234715
v -0.004930 -0.266130 0.153682
v -0.001998 -0.048502 -0.020506
v -0.011546 -0.032753 -0.439106
v -0.009831 -0.283725 0.237662
v 0.007596 -0.144498 0.247637
v -0.004888 -0.228934 -0.301528
v -0.013145 -0.030604 -0.461821
v -0.001126 0.251484 0.252705
v -0.008180 -0.269503 0.096536
v -0.007450 -0.048386 0.358222
v -0.009725 -0.011886 0.067596
v 0.031417 -0.264221 -0.218815
v 0.005489 -0.262168 -0.249567
v -0.007156 -0.005782 0.262166
v -0.002755 0.060061 0.362980
v -0.015092 0.011381 0.076370
v 0.018147 -0.373729 -0.281672
v -0.015087 -0.249993 0.080298
v -0.006702 0.148116 0.049452
v 0.013060 -0.181839 -0.383586
v 0.001898 0.107271 0.020823
v 0.009547 0.264283 0.208040
v 0.034815 0.231914 0.201100
v -0.001560 -0.044774 0.216595
v -0.004038 -0.147855 0.114303
v 0.033998 -0.321968 0.266422
v 0.008525 -0.136866 0.331480
v 0.009060 -0.040935 0.116196
v 0.007673 0.192450 0.231647
v 0.025894 0.022730 0.310166
v 0.002520 0.144173 0.072759
v 0.020011 -0.052754 -0.031525
v 0.008926 0.059064 0.082497
v 0.020227 0.273026 0.236233
v 0.003489 -0.188418 -0.326269
v 0.005201 -0.052178 0.226291
v 0.007001 -0.027130 -0.090973
v 0.009761 -0.250284 -0.121999
v -0.006462 -0.172883 0.348886
v 0.008858 -0.040232 -0.472601
v 0.022309 -0.051259 0.083227
v 0.021562 -0.306273 -0.397231
v -0.003722 -0.197015 0.277269
v -0.000207 -0.236858 0.325627
v 0.027070 -0.198435 0.213797
v 0.005347 -0.199348 0.130897
v 0.035429 -0.276818 -0.391823
v 0.012531 -0.195651 0.405113
v 0.020785 -0.087242 -0.071445
v 0.007436 0.083613 -0.108610
v 0.042262 -0.409798 -0.174345
v 0.007136 0.074737 0.099088
v -0.000041 0.213214 0.044998
v 0.002639 -0.041529 0.346702
v 0.008069 -0.145569 0.397996
v 0.015246 -0.198957 -0.380790
v 0.019904 0.062153 0.009923
v 0.051076 -0.389650 -0.240562
v 0.019260 0.131145 0.074578
v 0.031710 0.283878 -0.205724
v 0.022859 -0.131298 0.060737
v 0.025747 -0.056541 -0.452755
v 0.021589 -0.214712 -0.103888
v 0.021171 0.139663 0.033322
v 0.025352 -0.337359 -0.323611
v 0.016658 -0.028567 -0.446547
v 0.015018 0.216048 0.066656
v 0.016677 0.304231 -0.203396
v 0.002918 -0.134900 0.440447
v 0.019554 -0.056726 -0.047171
v 0.024315 0.015500 0.267947
v 0.015019 -0.153464 0.468711
v 0.006481 -0.176944 0.442737
v 0.030413 -0.220129 0.187636
v 0.022589 -0.012149 -0.002550
v 0.025216 -0.142166 0.175606
v 0.025220 -0.015199 0.233530
v 0.006034 0.069182 0.225103
v 0.031083 -0.003735 0.343800
v 0.006806 0.073573 0.205582
v 0.015027 0.095655 0.217344
v 0.036510 -0.239103 0.373786
v 0.042315 -0.249714 -0.169049
v 0.011755 -0.093037 0.353693
v 0.016044 0.220501 0.039041
v 0.022523 -0.281260 -0.292946
v 0.017579 0.344671 -0.225613
v 0.010883 0.353396 -0.188264
v 0.026641 -0.037166 -0.059944
v 0.024334 0.189531 -0.001845
v 0.031788 -0.120571 0.464637
v 0.093603 -0.421123 0.119350
v 0.024371 0.170754 -0.018749
v 0.019276 0.112288 0.086598
v 0.017274 0.282974 -0.190916
v 0.040684 0.222563 0.230353
v 0.023131 0.040149 0.190590
v 0.035638 -0.195294 0.452846
v 0.038784 0.060219 0.098385
v 0.022698 0.368358 -0.213127
v 0.033296 -0.257894 0.329852
v 0.019230 0.301078 0.209802
v 0.031081 -0.225897 -0.128285
v 0.050223 0.075197 0.226978
v 0.034464 0.029100 0.219870
v 0.031803 0.093445 0.202974
v 0.035974 0.138421 0.035368
v 0.030783 0.314269 -0.154896
v 0.039081 -0.109298 0.215679
v 0.044161 -0.274936 -0.368500
v 0.034479 -0.113018 0.431507
v 0.029557 -0.264631 -0.275067
v 0.037228 0.058454 0.083097
v 0.032151 0.290978 0.187274
v 0.030576 -0.262349 0.124334
v 0.021852 -0.192896 -0.127588
v 0.032683 0.207521 0.041391
v 0.036238 -0.178265 -0.121428
v 0.050519 -0.036427 0.356596
v 0.037500 0.369523 -0.181922
v 0.027315 0.276857 -0.131813
v 0.043736 -0.129872 0.220298
v 0.035114 0.229004 -0.159421
v 0.039375 0.311364 0.218705
v 0.050604 -0.130817 0.386460
v 0.037904 0.092985 0.098458
v 0.046235 -0.127302 0.332673
v 0.055833 -0.024014 0.078871
v 0.031652 0.213806 0.060783
v 0.043514 0.186553 0.012535
v 0.024576 -0.187267 -0.396556
v 0.047896 -0.185346 -0.058017
v 0.037230 -0.300804 -0.300474
v 0.035686 -0.215853 -0.095803
v 0.049587 -0.001289 0.117065
v 0.038244 -0.174193 -0.414023
v 0.041245 -0.155904 0.202425
v 0.056819 -0.090769 0.353472
v 0.036955 -0.201889 -0.307352
v 0.049109 -0.301122 -0.379268
v 0.040912 -0.166210 -0.365299
v 0.048619 -0.217531 -0.387277
v 0.048401 0.164392 -0.095805
v 0.046420 -0.225984 -0.283369
v 0.033464 -0.141020 -0.135288
v 0.052556 -0.087012 -0.013261
v 0.047988 -0.355378 -0.265423
v 0.086493 -0.433972 -0.117827
v 0.044244 -0.197614 -0.068787
v 0.078974 -0.168183 0.159271
v 0.061877 0.032735 0.183268
v 0.062958 0.296740 0.217073
v 0.056045 0.374475 -0.208386
v 0.052705 -0.245308 -0.313337
v 0.050989 -0.183963 -0.317593
v 0.048226 0.162675 -0.144938
v 0.046289 -0.285374 -0.285933
v 0.069649 -0.181458 0.200112
v 0.050179 0.172737 -0.012273
v 0.064216 0.252785 -0.188951
v 0.049510 0.275608 -0.115901
v 0.040473 -0.160950 -0.122477
v 0.062617 -0.202010 0.401560
v 0.064712 0.022603 0.020739
v 0.051258 0.138641 0.025363
v 0.047104 -0.172594 -0.291635
v 0.044688 0.092699 -0.088280
v 0.048281 0.074822 -0.137294
v 0.057551 0.290110 0.193631
v 0.049223 -0.154904 -0.139053
v 0.054701 -0.260729 0.121604
v 0.062727 -0.158944 0.469565
v 0.057713 -0.026357 0.233731
v 0.066996 0.349675 -0.224710
v 0.100709 -0.365684 0.203436
v 0.051737 -0.067996 -0.095694
v 0.043579 -0.203922 -0.009575
v 0.063410 -0.202708 -0.190708
v 0.068613 0.006490 0.323192
v 0.070718 -0.000970 -0.122549
v 0.058057 0.116375 -0.074992
v 0.047690 -0.206449 -0.049399
v 0.058060 -0.145473 0.014893
v 0.049864 -0.131974 -0.133505
v 0.058084 -0.262070 -0.213411
v 0.068831 0.008558 0.278609
v 0.062943 -0.116970 0.446578
v 0.051919 -0.218211 -0.024874
v 0.069933 0.359636 -0.185768
v 0.075366 0.308626 -0.199576
v 0.085427 -0.282145 0.286614
v 0.078348 -0.181735 0.019764
v 0.072449 -0.185720 0.440433
v 0.064785 -0.164308 -0.300396
v 0.079715 -0.190684 -0.414645
v 0.069355 0.039926 0.062588
v 0.065511 0.004161 0.110217
v 0.068108 0.030729 0.204444
v 0.074435 -0.170262 -0.359553
v 0.064375 -0.109832 0.215729
v 0.062198 0.118183 -0.149321
v 0.085798 -0.168171 -0.407571
v 0.071216 0.317180 -0.164702
v 0.069956 -0.171428 -0.284003
v 0.076962 -0.203790 0.203824
v 0.075500 -0.197770 -0.023179
v 0.061399 -0.094497 0.028931
v 0.070221 -0.006339 0.070744
v 0.080467 -0.255879 -0.165619
v 0.077882 -0.186531 -0.288723
v 0.079950 -0.143123 0.356073
v 0.128130 -0.412253 -0.034617
v 0.077740 -0.140217 0.313744
v 0.081516 0.003011 -0.147611
v 0.075684 -0.073321 0.035862
v 0.075024 0.020983 -0.083476
v 0.116388 -0.269466 0.150887
v 0.080286 -0.052814 0.224724
v 0.082979 -0.145829 0.441275
v 0.083310 -0.265131 0.091958
v 0.102669 -0.090254 0.328180
v 0.084462 -0.074479 -0.146786
v 0.091733 0.264959 -0.118516
v 0.078741 -0.132564 -0.163311
v 0.095872 -0.191666 -0.336332
v 0.079034 -0.168772 0.383400
v 0.084064 -0.196244 -0.194353
v 0.089003 0.272821 -0.182552
v 0.087362 -0.057618 0.216964
v 0.093705 0.000969 0.146708
v 0.099730 -0.042491 -0.053248
v 0.097476 0.153283 -0.141308
v 0.093337 0.129070 -0.079061
v 0.083247 -0.019274 0.042344
v 0.087521 -0.059090 0.064502
v 0.090826 -0.184223 -0.026837
v 0.086340 0.022225 0.189385
v 0.091314 0.062433 0.112752
v 0.102218 -0.224926 -0.341853
v 0.108711 -0.279130 -0.278583
v 0.079259 0.263102 0.019191
v 0.091205 0.248411 -0.017313
v 0.086997 0.274841 -0.013526
v 0.099292 0.184214 -0.106495
v 0.119799 -0.261332 -0.150824
v 0.136814 -0.379924 -0.249631
v 0.102559 -0.051393 0.044858
v 0.106664 0.066532 -0.080602
v 0.092759 -0.225051 0.215446
v 0.095105 -0.185040 0.043588
v 0.092456 -0.209081 -0.381898
v 0.111214 -0.222161 0.241535
v 0.104778 -0.100892 0.243897
v 0.160392 -0.394882 -0.198113
v 0.107651 -0.333296 -0.289460
v 0.104333 -0.273450 -0.219136
v 0.105724 -0.153564 0.355860
v 0.110982 0.008681 0.146977
v 0.100830 0.294505 0.001974
v 0.099458 0.070289 -0.151432
v 0.118461 0.020766 -0.167161
v 0.121546 -0.217639 0.345505
v 0.088568 -0.269633 0.060873
v 0.106954 -0.146874 -0.218494
v 0.094185 0.043100 0.072619
v 0.113826 0.185932 0.024660
v 0.099639 -0.207365 -0.351216
v 0.089580 -0.112162 -0.335860
v 0.123278 -0.112531 -0.008052
v 0.103203 0.253314 -0.143835
v 0.112022 -0.124566 0.314328
v 0.094317 0.014524 0.208047
v 0.092662 0.108594 0.093860
v 0.114951 -0.262064 -0.283311
v 0.136169 -0.087200 -0.152792
v 0.103318 -0.218484 0.057262
v 0.126691 -0.116027 0.263198
v 0.096086 -0.110351 -0.318027
v 0.102459 -0.085794 -0.353500
v 0.121251 -0.070552 0.191256
v 0.105161 -0.286332 0.258812
v 0.112069 -0.170149 0.094800
v 0.119855 0.192403 0.000381
v 0.107181 -0.309133 0.228836
v 0.138321 -0.097875 0.028085
v 0.111106 0.281770 0.025861
v 0.134475 0.167676 0.062249
v 0.107120 -0.132920 0.346575
v 0.099947 -0.184004 -0.300342
v 0.104530 0.052591 0.188784
v 0.109732 0.104132 0.058035
v 0.105767 -0.102278 -0.364441
v 0.109934 0.086441 0.129639
v 0.122252 -0.144699 -0.038933
v 0.123610 -0.243954 -0.235163
v 0.119588 0.009647 0.169326
v 0.114560 -0.086371 -0.326127
v 0.116149 -0.076642 0.088847
v 0.136172 0.010662 0.211557
v 0.107177 0.103252 0.200310
v 0.106871 0.092115 0.178592
v 0.121865 -0.275007 0.188777
v 0.115867 -0.130483 -0.211732
v 0.111365 -0.185992 -0.272362
v 0.115490 0.088732 -0.133296
v 0.126754 0.160289 0.086749
v 0.129698 0.028612 0.071903
v 0.129088 -0.151347 -0.351012
v 0.105470 0.206956 0.115587
v 0.110741 0.213341 0.092011
v 0.111305 0.160528 0.160703
v 0.160514 -0.334560 -0.297702
v 0.153397 -0.391340 0.163255
v 0.127641 -0.281633 -0.207078
v 0.117878 0.186680 0.137406
v 0.109848 0.177383 0.100666
v 0.117720 -0.295050 -0.289446
v 0.149044 -0.026399 0.219099
v 0.120654 0.090677 -0.110136
v 0.119287 0.273437 -0.018079
v 0.151933 -0.045529 -0.156254
v 0.135851 -0.182945 -0.265137
v 0.147826 -0.118725 -0.179271
v 0.176130 -0.117117 0.055872
v 0.123963 0.103820 0.140572
v 0.141960 -0.230380 -0.173531
v 0.131175 -0.084633 -0.338097
v 0.136702 -0.208702 -0.260636
v 0.131322 0.112054 0.055761
v 0.121918 0.223251 0.122677
v 0.118019 -0.277730 -0.247922
v 0.146432 -0.208201 -0.347138
v 0.139147 -0.186900 0.240387
v 0.128366 -0.270138 0.053826
v 0.131543 0.215988 0.088848
v 0.125882 0.106917 0.043980
v 0.128849 -0.129944 0.311236
v 0.130006 -0.095185 -0.356426
v 0.134521 -0.290171 0.201401
v 0.139892 0.129910 0.073428
v 0.116941 -0.213699 -0.078793
v 0.124111 0.105868 0.180765
v 0.143008 -0.144051 0.251455
v 0.140656 0.186864 0.193856
v 0.129479 0.274693 0.000939
v 0.147613 -0.271695 0.090480
v 0.144317 -0.093374 0.371468
v 0.134013 0.064084 0.214833
v 0.138963 0.209957 -0.004159
v 0.150441 -0.111109 0.385844
v 0.135048 0.100951 0.204099
v 0.126886 0.294078 -0.106580
v 0.134645 0.053965 0.187988
v 0.151327 -0.013520 -0.062062
v 0.154699 -0.154969 0.349373
v 0.124931 0.282435 -0.136918
v 0.143636 0.079309 0.124189
v 0.125677 0.082528 0.007762
v 0.124063 0.068784 0.001725
v 0.135397 -0.256796 -0.073500
v 0.132678 0.117279 -0.151743
v 0.158060 -0.290285 -0.357566
v 0.158905 0.009705 -0.186130
v 0.143245 -0.003285 0.133043
v 0.139653 0.210082 -0.138090
v 0.137589 -0.150187 0.301594
v 0.137441 0.233070 -0.098293
v 0.154996 -0.126326 -0.210577
v 0.144186 -0.194041 -0.065818
v 0.139241 -0.145304 -0.053913
v 0.137865 -0.280439 -0.278918
v 0.168294 -0.297280 -0.242901
v 0.145433 0.065274 -0.169458
v 0.170815 -0.407648 -0.121476
v 0.142060 -0.335452 0.198782
v 0.142638 0.299469 -0.141885
v 0.170517 0.060416 -0.115600
v 0.148844 0.191175 0.140650
v 0.158487 -0.163942 -0.211446
v 0.138210 0.186972 -0.117715
v 0.145441 0.212759 0.119317
v 0.148258 -0.229522 -0.062668
v 0.142724 -0.146400 -0.342513
v 0.144707 -0.058753 0.139876
v 0.158085 -0.243024 0.214754
v 0.151509 -0.247934 -0.095481
v 0.152027 0.196462 0.162416
v 0.148316 -0.191873 0.301077
v 0.144129 -0.028120 0.179814
v 0.154501 -0.219181 0.044578
v 0.149637 0.063692 0.014057
v 0.154960 0.112226 -0.123971
v 0.168874 0.141162 0.100636
v 0.161660 0.195457 0.052721
v 0.152930 0.305773 -0.120043
v 0.156821 0.190673 0.220114
v 0.166886 -0.090018 0.360114
v 0.159302 0.125297 0.152607
v 0.165723 -0.223774 0.162224
v 0.161133 -0.307807 -0.351633
v 0.174034 -0.205684 -0.287163
v 0.142130 -0.166870 -0.061522
v 0.174862 -0.131063 0.368439
v 0.152033 -0.195181 -0.183060
v 0.154158 0.218333 0.026537
v 0.175576 -0.369238 0.177355
v 0.155698 -0.196470 -0.078031
v 0.149662 0.065083 -0.007380
v 0.146692 -0.004479 0.100969
v 0.161639 0.082901 -0.022233
v 0.159179 -0.281255 -0.221989
v 0.174808 -0.155186 0.056609
v 0.161023 -0.267439 -0.054789
v 0.143213 0.108216 -0.367417
v 0.160024 -0.261767 -0.296330
v 0.148868 -0.140990 -0.308478
v 0.160462 -0.346533 -0.262363
v 0.150707 0.067936 -0.384299
v 0.159811 -0.161717 -0.357218
v 0.165852 -0.023175 -0.008893
v 0.180742 -0.402244 0.048046
v 0.152065 -0.086260 -0.137723
v 0.160009 -0.283641 -0.304287
v 0.163319 -0.258358 0.026183
v 0.152637 0.109198 -0.394351
v 0.160915 0.116524 -0.150944
v 0.150216 -0.253746 -0.212340
v 0.151990 0.164497 -0.080289
v 0.153402 0.071226 0.078397
v 0.162995 0.226748 0.185127
v 0.174042 0.059370 0.047833
v 0.158666 -0.081062 -0.084866
v 0.179387 -0.293972 0.209884
v 0.162614 0.276937 0.200529
v 0.178894 -0.042699 0.053592
v 0.168890 0.206617 -0.147853
v 0.165264 0.264496 0.225614
v 0.190402 -0.030587 -0.037000
v 0.165182 0.073050 -0.074101
v 0.174709 0.194271 0.000733
v 0.161494 0.155865 0.201428
v 0.165734 0.056206 -0.329513
v 0.177436 -0.344930 0.212229
v 0.183563 0.246892 -0.108516
v 0.174208 0.127217 -0.365908
v 0.170114 0.237860 -0.092702
v 0.162945 -0.215964 0.224251
v 0.193950 -0.389453 -0.047254
v 0.162103 -0.105511 -0.113612
v 0.171392 0.100464 -0.334103
v 0.172311 0.109623 -0.046033
v 0.165191 -0.200498 -0.124055
v 0.177415 -0.221729 -0.241852
v 0.180748 0.008016 -0.105764
v 0.179060 -0.261933 -0.327808
v 0.196874 0.127802 0.044834
v 0.183335 0.181065 0.160337
v 0.183777 -0.112416 -0.141869
v 0.228168 -0.063675 -0.033319
v 0.171446 0.061218 -0.155397
v 0.202476 -0.267169 -0.283582
v 0.186514 0.097529 -0.112128
v 0.192657 -0.358167 -0.226070
v 0.170459 -0.137207 -0.208242
v 0.173929 -0.246623 0.232672
v 0.186786 -0.253545 -0.101371
v 0.187461 -0.188576 0.182525
v 0.170130 0.050857 -0.292842
v 0.182989 0.078310 -0.397953
v 0.178053 0.095250 -0.027025
v 0.174946 -0.277501 -0.027119
v 0.175530 -0.156810 -0.115803
v 0.194929 -0.164182 -0.335954
v 0.186246 0.271990 0.187743
v 0.170608 -0.176340 0.270183
v 0.179382 -0.127506 -0.366891
v 0.205690 0.143765 -0.060554
v 0.175147 -0.263184 0.031697
v 0.193398 0.117612 -0.382587
v 0.190519 0.051286 -0.375884
v 0.212725 -0.161012 0.029397
v 0.176823 -0.131835 0.256288
v 0.195120 -0.321027 0.221178
v 0.173708 0.080979 -0.306233
v 0.181747 -0.293319 -0.214796
v 0.185562 -0.130598 -0.258568
v 0.186956 0.190202 0.215207
v 0.170780 0.118627 -0.306647
v 0.188933 -0.134287 -0.166409
v 0.194878 0.176232 0.189055
v 0.179199 -0.105448 0.360928
v 0.197744 -0.270678 -0.064815
v 0.184262 -0.240944 -0.001404
v 0.193118 0.222343 -0.140431
v 0.248393 -0.124439 -0.163299
v 0.180849 -0.112510 -0.240172
v 0.192979 0.013464 -0.163531
v 0.177171 -0.258672 0.003308
v 0.192831 -0.166994 -0.142128
v 0.179733 -0.179096 -0.299764
v 0.184764 -0.309255 -0.234354
v 0.196042 -0.144994 -0.365644
v 0.193828 0.103264 -0.009614
v 0.187766 0.225269 0.185180
v 0.205794 -0.251922 0.148451
v 0.195371 0.135368 -0.315938
v 0.206642 -0.275669 0.074110
v 0.188626 -0.279707 -0.358352
v 0.185356 -0.332207 -0.241375
v 0.184438 0.034445 -0.303216
v 0.224005 -0.315058 -0.328749
v 0.184203 -0.253325 -0.019736
v 0.206405 -0.303614 0.109902
v 0.196360 -0.141422 0.064775
v 0.194344 0.099147 -0.336878
v 0.201586 0.169261 -0.129310
v 0.190755 0.043092 -0.116893
v 0.216547 -0.346161 0.193562
v 0.199720 -0.132441 -0.321791
v 0.200892 -0.005473 -0.268915
v 0.203810 -0.348294 0.117087
v 0.194162 0.268392 0.210792
v 0.190329 -0.111776 -0.350170
v 0.205551 -0.180200 -0.009437
v 0.211351 -0.287940 -0.296832
v 0.206607 -0.294126 0.141478
v 0.206846 0.110781 -0.281078
v 0.213317 0.009712 -0.239117
v 0.203248 0.090023 -0.382286
v 0.191102 -0.226294 0.001881
v 0.195235 -0.227761 -0.008926
v 0.211692 0.176021 -0.083920
v 0.205584 -0.266912 -0.105632
v 0.202043 -0.081254 -0.275915
v 0.247701 -0.367667 0.035556
v 0.216196 -0.179615 0.296537
v 0.202464 -0.141800 -0.134424
v 0.225885 -0.137125 0.290558
v 0.220571 0.115555 -0.116129
v 0.232320 -0.044379 -0.194929
v 0.211670 -0.123767 0.207232
v 0.213385 -0.001133 0.079882
v 0.233305 -0.191207 0.172757
v 0.217212 -0.379536 -0.181775
v 0.213222 0.072486 -0.331774
v 0.221903 -0.313392 0.206750
v 0.223381 -0.298099 -0.341236
v 0.230785 -0.256781 0.219329
v 0.204569 -0.292659 0.198853
v 0.220897 -0.254288 0.047874
v 0.208629 -0.129674 0.050935
v 0.221631 0.039799 -0.303271
v 0.223381 -0.211809 0.035379
v 0.215991 0.110918 0.038372
v 0.227054 -0.102421 0.239118
v 0.215823 -0.269772 -0.223144
v 0.251592 -0.028017 0.075587
v 0.213992 -0.287897 -0.084269
v 0.232264 0.087128 -0.018124
v 0.240508 -0.306717 -0.263919
v 0.214770 -0.357831 -0.103651
v 0.221667 -0.267716 -0.267728
v 0.242052 0.102509 -0.299412
v 0.230806 -0.189984 -0.261942
v 0.238146 -0.137018 -0.270554
v 0.226982 -0.268524 -0.063061
v 0.242496 -0.288139 0.079389
v 0.238245 0.056283 0.045733
v 0.232082 -0.304649 -0.319130
v 0.236099 0.108214 -0.277019
v 0.252050 -0.095001 0.003832
v 0.229658 -0.355713 -0.030848
v 0.253412 0.014926 0.078310
v 0.244881 -0.334468 -0.225863
v 0.247009 -0.029253 -0.295711
v 0.254575 -0.201165 0.287956
v 0.259495 -0.083316 -0.297715
v 0.230057 -0.288764 -0.138443
v 0.229125 -0.316964 -0.061923
v 0.249136 -0.231626 0.186813
v 0.255575 -0.211629 0.178139
v 0.288973 -0.221869 -0.077835
v 0.277755 -0.137907 0.176348
v 0.254474 -0.197100 0.004126
v 0.231504 0.144548 -0.087543
v 0.244962 -0.155988 0.303089
v 0.237731 -0.271533 -0.270948
v 0.252718 -0.324981 0.079821
v 0.267250 0.040165 -0.203638
v 0.258842 -0.303641 -0.186303
v 0.242389 -0.112378 0.034663
v 0.252013 0.080105 -0.069232
v 0.265418 -0.199481 -0.026936
v 0.251730 -0.233854 -0.205336
v 0.259668 -0.059011 -0.021865
v 0.245560 -0.273268 -0.196446
v 0.286693 -0.182092 -0.244778
v 0.256510 -0.223788 -0.169333
v 0.250851 -0.278507 -0.247836
v 0.258262 -0.181347 0.067694
v 0.267305 -0.062666 0.047407
v 0.257190 0.057642 -0.248439
v 0.257666 -0.128882 0.313363
v 0.289346 -0.185504 -0.185603
v 0.257826 0.031105 -0.045480
v 0.251975 -0.310938 -0.063876
v 0.246914 0.136122 -0.290661
v 0.264480 -0.138685 0.053379
v 0.256757 -0.015329 -0.202898
v 0.270079 -0.242278 0.065659
v 0.261753 0.175440 -0.267838
v 0.246722 0.177861 -0.296092
v 0.268010 -0.273625 -0.225682
v 0.273698 0.120478 -0.312068
v 0.275128 -0.106341 0.229170
v 0.264412 0.179120 -0.314399
v 0.279931 -0.284587 -0.225598
v 0.270016 -0.132702 -0.252669
v 0.284516 -0.207267 -0.218016
v 0.268695 0.195248 -0.285170
v 0.328819 -0.326272 0.021025
v 0.285391 0.069569 -0.240377
v 0.295650 -0.071036 0.349594
v 0.302363 0.083073 -0.306052
v 0.278153 -0.124039 -0.215497
v 0.290306 -0.133999 0.322861
v 0.292272 -0.325381 -0.048409
v 0.269142 -0.115350 0.271936
v 0.360086 -0.285060 0.046413
v 0.281341 -0.035833 -0.222755
v 0.303579 -0.150483 0.157937
v 0.285981 -0.024270 0.029934
v 0.289259 -0.072277 -0.227681
v 0.301348 -0.269120 -0.117126
v 0.302977 -0.213055 0.058473
v 0.280198 -0.040798 -0.270861
v 0.327876 -0.307915 -0.106573
v 0.306383 -0.183610 0.159062
v 0.326358 -0.239275 0.075149
v 0.293106 -0.087218 -0.261357
v 0.311054 -0.116996 0.122961
v 0.295398 -0.015256 -0.217272
v 0.293440 0.179236 -0.309779
v 0.295549 -0.129087 0.260495
v 0.305400 -0.197196 0.015734
v 0.302203 0.069925 -0.213711
v 0.296876 0.181178 -0.275663
v 0.312909 -0.239370 -0.112913
v 0.337165 -0.154555 0.098443
v 0.301518 -0.123383 0.221334
v 0.299621 -0.169673 -0.215397
v 0.323624 -0.077033 0.116429
v 0.299537 0.135548 -0.301375
v 0.311734 -0.094739 0.359810
v 0.305109 -0.008074 -0.246107
v 0.311827 -0.178933 0.252226
v 0.303829 0.066598 -0.242558
v 0.305552 -0.121631 0.294619
v 0.306352 -0.152357 0.256375
v 0.315059 -0.130975 0.035536
v 0.315656 -0.115819 0.337754
v 0.323078 -0.129211 0.177275
v 0.322507 0.066409 -0.191474
v 0.308725 0.054360 -0.264545
v 0.349138 -0.317226 -0.032219
v 0.330418 -0.183394 0.226286
v 0.364481 -0.218023 -0.000864
v 0.316688 0.096546 -0.282530
v 0.321401 0.038026 -0.259769
v 0.325688 -0.084147 0.329278
v 0.313652 -0.064010 0.334372
v 0.338980 -0.156569 0.039885
v 0.315634 -0.206318 0.042651
v 0.342768 -0.280619 -0.122379
v 0.345582 -0.232172 -0.052906
v 0.339041 -0.105333 0.230766
v 0.346211 -0.166296 0.066574
v 0.378352 0.042951 -0.187235
v 0.340977 -0.100881 0.131072
v 0.354962 -0.095411 0.075847
v 0.353792 -0.108649 0.036933
v 0.374020 0.021911 -0.219422
v 0.351101 0.115377 -0.194907
v 0.353884 -0.134815 0.240979
v 0.345500 -0.082152 0.120051
v 0.349321 -0.230245 -0.094527
v 0.383243 0.043668 -0.237200
v 0.364008 0.108818 -0.234362
v 0.368780 -0.136534 0.182638
v 0.377639 -0.085372 0.195785
v 0.374019 -0.300476 -0.086003
v 0.364947 -0.229088 0.035068
v 0.389041 -0.123801 0.218478
v 0.380500 0.077226 -0.244477
v 0.362552 -0.252302 -0.109217
v 0.376310 -0.131879 0.046640
v 0.392779 -0.053627 0.211203
v 0.382491 -0.258257 -0.036724
v 0.363573 -0.103634 0.102398
v 0.390559 -0.129748 0.073665
v 0.382321 -0.121417 0.092936
v 0.377676 -0.088127 0.100473
v 0.382580 0.116357 -0.215015
v 0.378224 0.089377 -0.176538
v 0.374234 -0.084709 0.246808
v 0.386813 -0.098108 0.053110
v 0.376844 -0.292073 -0.034112
v 0.375874 -0.257381 -0.043036
v 0.397454 -0.204849 -0.078680
v 0.391924 -0.060327 0.234076
v 0.392477 -0.208478 -0.118953
v 0.426676 -0.260741 0.036544
v 0.401976 -0.234417 -0.126740
v 0.437983 -0.266763 0.012778
v 0.402280 -0.064097 0.200327
v 0.416846 -0.241055 -0.065973
v 0.396735 -0.272882 -0.081601
v 0.419975 -0.222740 0.036776
v 0.434937 -0.036657 0.073428
v 0.395717 0.091564 -0.203555
v 0.414422 -0.063806 0.228753
v 0.417206 -0.206640 -0.004175
v 0.427722 -0.223716 -0.029474
v 0.415878 -0.073682 0.213762
v 0.426289 -0.263820 -0.021988
v 0.430208 -0.033145 0.104956
v 0.421726 -0.217584 -0.103258
v 0.446514 -0.047719 0.112267
v 0.446997 -0.029389 0.092784
v 0.451358 -0.058882 0.078833
v 0.445205 -0.226106 0.016740
v 0.448583 -0.225389 -0.010654
vn -0.9313 -0.0394 -0.3622
vn -0.4783 -0.7935 -0.3763
vn -0.4332 -0.8676 -0.2443
vn -0.5560 -0.7361 0.3862
vn -0.4932 -0.8160 0.3016
vn -0.5027 0.2076 0.8392
vn -0.7349 -0.4045 0.5444
vn -0.7371 0.0321 0.6751
vn -0.8799 -0.4749 -0.0164
vn -0.0673 -0.7090 -0.7020
vn -0.6927 -0.5776 -0.4319
vn 0.1498 0.8229 -0.5480
vn 0.2173 0.9591 -0.1814
vn 0.0710 0.8231 0.5634
vn 0.1791 0.7934 0.5818
vn 0.0989 0.9276 0.3602
vn -0.2094 0.9342 0.2888
vn 0.3317 0.3425 -0.8790
vn -0.3907 0.4664 -0.7936
vn -0.8481 0.5268 -0.0570
vn -0.8140 -0.5801 0.0300
vn -0.5093 -0.7546 -0.4138
vn -0.9807 0.1813 0.0730
vn -0.8182 0.1087 -0.5646
vn -0.7797 -0.2456 0.5760
vn -0.7127 0.6140 0.3392
vn -0.9090 -0.3379 -0.2440
vn -0.2109 0.9550 0.2087
vn -0.4785 0.2818 -0.8316
vn -0.5392 -0.7910 -0.2891
vn 0.0299 -0.5247 -0.8507
vn 0.2057 0.8929 -0.4005
vn 0.0407 0.7765 -0.6288
vn -0.9589 0.1403 0.2466
vn -0.8058 0.1244 -0.5790
vn -0.1816 0.5788 -0.7950
vn -0.4442 0.8587 0.2556
vn -0.8047 -0.0041 0.5936
vn -0.0276 0.5471 0.8366
vn -0.7207 0.0805 0.6886
vn -0.5326 0.8449 0.0509
vn -0.9710 -0.1000 -0.2172
vn -0.4975 -0.8186 0.2869
vn -0.0597 0.0084 0.9982
vn -0.5165 -0.5733 0.6361
vn -0.3964 -0.8704 -0.2921
vn -0.6444 -0.4683 0.6045
vn 0.0762 0.9210 0.3821
vn -0.7572 0.4047 0.5128
vn -0.7445 0.6667 0.0350
vn 0.3194 0.9312 -0.1756
vn -0.5341 0.0947 -0.8401
vn -0.2470 -0.1556 0.9564
vn -0.4503 -0.4850 -0.7497
vn -0.4395 0.4431 -0.7813
vn -0.1522 -0.4665 -0.8713
vn -0.4918 -0.4285 -0.7580
vn 0.1401 -0.2317 -0.9626
vn -0.2635 -0.3755 -0.8886
vn 0.8079 0.1610 -0.5668
vn -0.2477 0.9666 0.0654
vn -0.8459 0.4237 0.3240
vn -0.3507 0.9363 0.0196
vn -0.0795 0.8692 -0.4880
vn -0.7836 -0.1028 -0.6128
vn -0.7041 0.6927 0.1564
vn 0.0033 0.4987 -0.8668
vn -0.7013 0.7033 -0.1161
vn -0.6418 -0.4322 0.6334
vn -0.8497 0.4920 -0.1897
vn -0.3212 0.6091 -0.7251
vn -0.5614 0.0452 0.8263
vn -0.4124 0.0381 0.9102
vn -0.5092 -0.1917 0.8390
vn -0.9341 0.3506 0.0678
vn -0.3687 0.6205 -0.6922
vn -0.7218 -0.4897 -0.4891
vn -0.9717 0.2301 0.0539
vn -0.7042 -0.4947 0.5093
vn -0.9290 -0.2707 -0.2522
vn -0.5983 -0.5490 0.5837
vn -0.7406 -0.6225 -0.2531
vn -0.5987 -0.4249 0.6789
vn -0.6894 -0.5435 0.4789
vn -0.1815 -0.3300 0.9264
vn -0.0009 -0.4759 0.8795
vn -0.8628 -0.5053 0.0162
vn -0.2075 -0.5283 -0.8233
vn -0.9447 0.2837 -0.1643
vn 0.0092 0.8543 0.5197
vn -0.6539 -0.7449 0.1322
vn -0.4980 -0.2243 0.8377
vn 0.8457 0.2384 -0.4774
vn -0.2955 0.7538 0.5869
vn -0.3411 0.7040 -0.6230
vn -0.8022 -0.4817 0.3528
vn -0.9705 -0.1130 -0.2131
vn -0.2117 0.2434 -0.9465
vn -0.4901 0.1677 -0.8554
vn -0.1747 0.7278 -0.6632
vn 0.4185 0.8997 0.1244
vn 0.1845 -0.0584 -0.9811
vn -0.2632 0.8351 -0.4831
vn 0.2775 0.6852 -0.6734
vn -0.3529 0.1465 -0.9241
vn -0.4609 0.7606 -0.4572
vn -0.1707 0.8003 0.5747
vn -0.9600 0.1559 0.2327
vn -0.6298 -0.4435 -0.6378
vn 0.3160 0.1146 -0.9418
vn -0.3793 0.7729 -0.5087
vn 0.4837 0.8671 -0.1192
vn -0.4208 0.7848 0.4550
vn -0.5661 0.1189 0.8157
vn -0.3619 0.8824 -0.3008
vn 0.3227 0.5343 -0.7813
vn -0.6061 0.7881 0.1079
vn -0.5124 0.5292 0.6763
vn -0.5076 0.2258 0.8314
vn -0.2789 0.7467 -0.6039
vn -0.4712 -0.2959 0.8309
vn -0.7494 0.5390 -0.3844
vn -0.5665 -0.4380 -0.6980
vn -0.3572 -0.5339 -0.7664
vn -0.2809 0.8133 -0.5096
vn -0.2357 -0.6977 -0.6765
vn 0.1228 -0.7563 -0.6426
vn 0.2387 0.2627 -0.9349
vn 0.7173 -0.4209 -0.5553
vn 0.3185 0.9139 -0.2516
vn 0.3095 -0.4420 -0.8419
vn -0.2071 -0.8959 -0.3931
vn 0.5870 -0.3252 -0.7414
vn -0.0407 -0.9356 0.3508
vn 0.7945 0.5792 -0.1826
vn 0.3347 -0.0847 -0.9385
vn 0.2246 0.6119 -0.7584
vn -0.1585 0.8360 -0.5253
vn -0.2580 -0.7148 -0.6501
vn 0.5720 -0.7114 -0.4084
vn 0.3768 -0.6947 -0.6127
vn -0.0100 -0.8627 -0.5056
vn 0.3479 -0.5016 -0.7921
vn 0.1712 -0.8531 -0.4928
vn 0.1317 -0.0203 -0.9911
vn -0.2827 -0.3917 -0.8756
vn 0.0156 -0.9969 -0.0766
vn 0.0180 -0.9745 -0.2239
vn 0.2719 -0.8954 -0.3525
vn 0.3579 0.8804 -0.3111
vn 0.9622 0.1332 -0.2376
vn -0.8514 -0.1924 -0.4879
vn -0.5064 -0.4852 -0.7128
vn -0.7448 0.0687 -0.6637
vn -0.5692 0.2877 -0.7702
vn 0.3764 0.9103 -0.1723
vn -0.3402 0.6579 -0.6719
vn 0.6493 -0.0518 -0.7587
vn 0.2047 -0.5249 -0.8262
vn -0.4870 -0.0910 -0.8687
vn 0.8767 -0.3088 -0.3688
vn 0.4410 0.5788 -0.6859
vn -0.3592 0.9037 -0.2328
vn -0.9287 0.1822 -0.3230
vn 0.3108 0.7838 -0.5376
vn -0.9395 0.0033 0.3426
vn -0.8403 0.3461 0.4172
vn -0.0385 0.2253 0.9735
vn -0.5036 -0.8451 -0.1794
vn -0.4057 -0.6509 -0.6416
vn -0.8182 -0.5625 0.1191
vn -0.4568 -0.8889 0.0337
vn -0.9752 -0.1568 0.1562
vn -0.8580 -0.4331 -0.2762
vn -0.8994 -0.1205 0.4202
vn -0.4706 -0.1934 -0.8609
vn -0.5381 -0.8399 0.0706
vn -0.1514 -0.9876 -0.0420
vn -0.1885 -0.9818 0.0252
vn -0.8522 -0.2654 0.4509
vn -0.5286 -0.0323 -0.8482
vn 0.1673 0.8918 -0.4204
vn -0.1077 0.6728 -0.7319
vn -0.1574 0.9365 -0.3132
vn -0.7932 0.5165 -0.3225
vn -0.9908 -0.1045 -0.0857
vn -0.2431 -0.4233 -0.8728
vn -0.6887 -0.4593 -0.5611
vn 0.5604 -0.4974 -0.6622
vn 0.2336 -0.9110 -0.3399
vn -0.8360 -0.5208 0.1726
vn -0.0624 -0.9951 -0.0771
vn -0.0225 -0.9993 0.0314
vn -0.3036 -0.6705 -0.6769
vn -0.0311 -0.9509 0.3079
vn -0.1447 -0.9843 0.1006
vn 0.1034 -0.9806 0.1668
vn 0.2333 0.0037 -0.9724
vn 0.4387 0.3826 -0.8131
vn -0.1909 -0.7286 -0.6577
vn -0.5824 0.1565 -0.7977
vn -0.2668 0.6169 -0.7404
vn -0.1635 0.8832 0.4395
vn -0.4234 0.8032 0.4191
vn -0.6124 0.5367 -0.5804
vn 0.7952 0.5838 0.1637
vn -0.4673 0.5304 -0.7073
vn -0.2336 -0.4843 -0.8431
vn 0.2451 -0.5231 -0.8163
vn 0.3830 -0.0263 -0.9234
vn 0.4627 -0.5572 -0.6896
vn -0.4692 -0.1345 -0.8728
vn 0.8355 0.4542 -0.3093
vn 0.4509 0.8698 -0.2006
vn 0.8540 -0.1938 -0.4829
vn 0.6188 -0.2591 -0.7416
vn 0.7914 0.0896 -0.6047
vn 0.4732 0.7867 -0.3964
vn -0.9667 0.0984 0.2364
vn -0.7176 -0.2781 -0.6385
vn -0.9593 -0.1334 0.2490
vn -0.7661 0.0651 0.6394
vn -0.4261 0.5595 0.7109
vn 0.1857 0.7725 0.6073
vn -0.6910 0.6064 0.3935
vn -0.7605 -0.0712 -0.6454
vn -0.5614 -0.0006 -0.8276
vn -0.2410 0.7901 -0.5637
vn 0.6252 0.7763 0.0812
vn -0.6332 -0.7562 -0.1649
vn -0.0309 -0.7601 -0.6491
vn -0.8748 -0.4771 0.0844
vn -0.2999 0.6161 0.7283
vn -0.1484 -0.8011 -0.5799
vn -0.3257 -0.5028 -0.8007
vn -0.6441 0.0540 -0.7630
vn 0.3629 0.3259 -0.8730
vn 0.6538 0.0232 -0.7563
vn -0.7809 0.3104 0.5420
vn -0.0667 0.7772 0.6258
vn 0.4867 0.7042 0.5170
vn 0.3832 0.8804 -0.2794
vn 0.7757 0.4229 0.4685
vn 0.4786 0.8780 -0.0035
vn 0.9972 0.0298 0.0687
vn 0.5984 -0.3420 -0.7245
vn 0.2452 0.8954 0.3717
vn 0.9705 -0.0298 0.2394
vn -0.1654 0.9658 -0.1999
vn -0.5356 -0.4538 -0.7122
vn 0.3954 -0.8165 -0.4208
vn -0.4373 -0.6594 -0.6115
vn 0.5248 -0.3650 -0.7690
vn 0.6676 -0.5557 -0.4955
vn -0.3802 -0.4804 -0.7904
vn -0.6337 0.1006 -0.7670
vn 0.4785 -0.3843 -0.7895
vn 0.6783 -0.0068 0.7348
vn 0.6218 0.2577 0.7395
vn 0.8053 -0.3957 -0.4415
vn 0.8243 0.3566 -0.4397
vn 0.9091 0.2535 0.3306
vn -0.7808 0.3368 -0.5263
vn -0.6952 0.5817 0.4222
vn -0.5935 0.6686 -0.4480
vn 0.2688 0.3605 -0.8932
vn -0.4905 0.6622 0.5665
vn 0.5897 0.7628 0.2652
vn -0.6566 0.5915 -0.4680
vn 0.7122 0.7016 -0.0245
vn 1.0000 0.0055 -0.0018
vn -0.7572 -0.3617 0.5438
vn -0.6949 -0.3199 0.6440
vn 0.6729 0.3107 -0.6713
vn 0.0983 0.5861 -0.8042
vn -0.5487 -0.8312 0.0900
vn -0.5398 -0.2885 0.7908
vn -0.3994 0.1537 0.9038
vn -0.6359 -0.4077 0.6553
vn -0.6738 -0.7348 -0.0779
vn -0.5095 -0.6062 -0.6107
vn 0.6631 0.2127 -0.7177
vn 0.1427 -0.2278 -0.9632
vn 0.4313 -0.2375 -0.8704
vn 0.6479 -0.1997 -0.7351
vn 0.6619 0.0111 -0.7495
vn 0.4407 0.8283 0.3460
vn -0.2421 0.8951 0.3745
vn -0.6008 0.7476 0.2832
vn 0.4978 0.8654 -0.0571
vn 0.4215 0.6381 -0.6443
vn -0.1131 0.9900 0.0838
vn -0.3299 0.4972 0.8025
vn -0.2915 0.6798 0.6730
vn 0.0910 0.7441 -0.6619
vn 0.4186 0.4535 -0.7869
vn -0.1001 0.9772 0.1873
vn 0.8480 0.5299 -0.0136
vn 0.8636 0.4617 0.2025
vn 0.9859 0.1561 0.0598
vn -0.2409 0.9701 0.0289
vn 0.4655 0.7011 -0.5402
vn -0.1868 0.7804 0.5967
vn -0.5859 0.4894 0.6459
vn 0.5629 -0.0127 0.8264
vn 0.7114 -0.1400 0.6887
vn 0.6392 0.1035 -0.7621
vn 0.7029 0.4373 -0.5610
vn 0.2316 0.8363 -0.4969
vn 0.2941 0.0041 -0.9558
vn 0.7290 0.4587 -0.5082
vn -0.1328 0.2853 -0.9492
vn -0.1131 0.4660 -0.8775
vn 0.8306 0.5452 0.1136
vn 0.6001 0.5646 0.5667
vn -0.7559 0.5264 -0.3892
vn -0.2729 -0.9617 -0.0255
vn -0.4033 0.6095 0.6825
vn 0.6195 0.4601 0.6360
vn 0.8322 0.3263 0.4483
vn -0.0261 0.5791 -0.8148
vn 0.2591 0.8202 -0.5101
vn -0.2202 0.9084 0.3553
vn -0.4258 0.1692 0.8888
vn -0.3487 0.0850 0.9334
vn -0.6184 -0.1659 0.7681
vn -0.6629 -0.3987 0.6338
vn -0.9164 -0.0425 0.3980
vn -0.6226 0.7577 -0.1955
vn -0.9210 -0.0117 0.3893
vn -0.9203 0.3907 -0.0214
vn 0.8184 -0.5551 -0.1488
vn 0.9606 0.0804 0.2662
vn 0.9445 0.2913 0.1520
vn -0.7068 0.2085 -0.6760
vn -0.5808 0.5580 0.5927
vn 0.2145 0.9125 -0.3484
vn 0.6333 0.1568 0.7578
vn 0.8741 -0.0035 -0.4857
vn -0.7216 0.5944 -0.3549
vn -0.6515 0.4954 -0.5746
vn -0.8487 -0.2589 -0.4611
vn -0.5995 -0.7681 0.2251
vn -0.9949 0.1000 0.0103
vn -0.3558 -0.8396 0.4105
vn -0.9794 0.1379 -0.1476
vn -0.3876 0.0655 -0.9195
vn -0.2345 0.8780 0.4173
vn -0.5589 0.7831 -0.2728
vn -0.0000 -0.0000 -0.0000
vn -0.3438 -0.0692 0.9365
vn -0.7109 -0.2318 -0.6640
vn 0.9880 -0.0486 -0.1467
vn -0.2026 0.9719 -0.1202
vn -0.1085 0.9606 -0.2560
vn -0.3410 0.9379 -0.0630
vn -0.0046 0.7848 -0.6197
vn -0.6367 -0.0161 0.7709
vn 0.7147 0.0471 0.6978
vn 0.2079 -0.0437 -0.9772
vn 0.6741 0.5548 0.4876
vn 0.0270 -0.2067 0.9780
vn 0.6023 0.6839 0.4117
vn 0.1545 0.6329 0.7587
vn -0.3487 0.7881 0.5073
vn -0.8810 0.3199 -0.3485
vn 0.4074 0.4145 0.8138
vn 0.7000 0.3621 0.6156
vn -0.4636 0.8825 0.0796
vn -0.6225 0.1618 0.7657
vn -0.8652 0.4036 0.2975
vn -0.5023 0.8414 -0.1993
vn 0.6649 -0.1320 -0.7351
vn 0.9401 -0.1633 -0.2992
vn 0.6023 -0.1265 -0.7882
vn 0.3042 -0.3376 -0.8908
vn 0.6472 -0.4419 -0.6212
vn -0.4892 0.3071 -0.8164
vn 0.3803 -0.0997 -0.9195
vn 0.8719 0.1623 -0.4620
vn 0.9742 -0.1777 -0.1392
vn 0.9483 -0.1336 -0.2878
vn -0.7905 -0.1849 0.5840
vn 0.4368 -0.6794 -0.5896
vn -0.4000 -0.7854 0.4724
vn -0.4765 -0.5679 -0.6711
vn 0.4315 -0.6689 0.6053
vn -0.3728 -0.4005 -0.8371
vn -0.9599 -0.2101 -0.1857
vn -0.9571 -0.2336 -0.1716
vn -0.6279 -0.2345 0.7421
vn 0.3277 -0.1727 0.9289
vn 0.4220 -0.8628 0.2782
vn 0.2906 0.0275 0.9564
vn -0.4339 0.0560 -0.8992
vn -0.8392 -0.3293 -0.4329
vn 0.7195 0.6580 -0.2223
vn 0.3019 0.8323 -0.4650
vn 0.2101 0.4713 -0.8566
vn -0.3001 0.3349 -0.8932
vn 0.5878 0.5914 0.5520
vn -0.7933 0.5432 0.2749
vn -0.2133 0.9275 0.3070
vn -0.4806 0.8594 0.1743
vn -0.5951 0.4803 -0.6444
vn -0.1005 0.3849 0.9175
vn -0.6262 0.5748 -0.5267
vn -0.4952 0.4134 -0.7642
vn 0.0391 0.8766 -0.4796
vn -0.2887 0.6702 -0.6837
vn 0.7897 0.4784 -0.3841
vn 0.6711 0.2819 0.6857
vn 0.9832 -0.1714 0.0627
vn 0.7613 0.6428 0.0857
vn 0.3735 0.9020 -0.2166
vn 0.5292 0.4377 0.7269
vn 0.2095 -0.3581 0.9099
vn -0.3743 -0.8772 0.3006
vn -0.6204 -0.5021 0.6025
vn -0.7865 -0.4611 0.4108
vn 0.0747 -0.5374 0.8400
vn 0.9158 -0.3958 0.0686
vn -0.1475 -0.5958 0.7895
vn 0.2908 0.1614 0.9431
vn 0.3290 0.8697 0.3678
vn -0.5275 0.4115 0.7433
vn -0.9366 -0.1968 -0.2899
vn -0.4718 0.1369 -0.8710
vn -0.5891 0.1148 -0.7999
vn 0.8485 -0.0024 -0.5291
vn 0.5891 -0.2099 -0.7803
vn 0.8671 0.1737 -0.4668
vn 0.3730 -0.0078 -0.9278
vn 0.9131 0.0987 -0.3955
vn 0.7280 0.3630 0.5816
vn 0.7587 0.3777 -0.5307
vn 0.6311 0.7708 -0.0868
vn -0.9793 0.0109 -0.2019
vn -0.6067 0.1571 -0.7792
vn -0.9484 -0.1719 -0.2664
vn 0.2048 0.8446 -0.4947
vn 0.6150 0.2919 -0.7325
vn -0.7365 -0.2033 -0.6452
vn -0.7167 -0.6967 0.0325
vn -0.7704 -0.2556 0.5841
vn -0.8641 -0.1434 -0.4825
vn -0.8694 0.4057 0.2818
vn -0.7318 -0.4148 -0.5408
vn -0.6020 0.7888 -0.1240
vn -0.8001 0.3399 -0.4942
vn -0.9196 0.3469 -0.1846
vn -0.8634 -0.2903 0.4127
vn -0.6657 0.7269 0.1688
vn -0.9079 -0.0039 -0.4191
vn -0.8707 -0.1541 -0.4670
vn -0.4580 0.0245 -0.8886
vn -0.8037 0.5477 -0.2327
vn -0.5564 -0.3141 -0.7693
vn 0.0724 0.9687 -0.2376
vn -0.3914 0.7538 0.5279
vn -0.1230 0.2720 0.9544
vn -0.6371 0.2963 0.7115
vn 0.9558 -0.1512 0.2521
vn 0.4687 -0.0601 -0.8813
vn -0.5663 -0.2127 -0.7962
vn 0.5126 0.6122 -0.6020
vn 0.9301 0.0926 -0.3555
vn -0.5797 0.7197 0.3821
vn 0.4817 0.7838 -0.3920
vn -0.1095 -0.3546 -0.9286
vn 0.5048 -0.3473 -0.7903
vn 0.8017 0.0051 -0.5978
vn 0.9106 0.0371 -0.4116
vn -0.3836 -0.3982 -0.8332
vn 0.4281 0.0007 -0.9037
vn -0.8258 0.0842 -0.5577
vn 0.7483 0.2343 0.6205
vn 0.9735 0.1681 0.1549
vn 0.9546 0.0881 -0.2847
vn 0.3139 0.6526 0.6896
vn 0.7751 0.4604 -0.4328
vn 0.4585 -0.0687 -0.8860
vn -0.1199 0.9923 0.0296
vn -0.0121 0.9773 0.2115
vn -0.3875 0.7379 -0.5525
vn 0.2965 0.4302 -0.8527
vn 0.4680 0.6878 -0.5549
vn -0.2556 0.7608 -0.5965
vn -0.8228 0.2770 -0.4962
vn -0.5028 0.0098 -0.8644
vn -0.6836 0.4173 -0.5988
vn -0.9427 0.2566 -0.2131
vn 0.6501 0.1742 -0.7396
vn 0.5976 -0.0101 -0.8018
vn 0.8534 0.1128 -0.5089
vn 0.1107 0.7260 0.6787
vn 0.7186 0.4648 0.5172
vn -0.2217 0.9566 -0.1891
vn -0.7437 0.5411 -0.3926
vn 0.4561 0.7222 -0.5201
vn 0.0982 0.9613 -0.2574
vn 0.8774 0.4751 -0.0664
vn 0.1299 0.7370 0.6633
vn 0.7094 0.4293 0.5590
vn 0.4112 0.0958 0.9065
vn 0.3317 0.0740 0.9405
vn -0.0001 -0.1071 0.9942
vn 0.6710 -0.6641 0.3297
vn -0.2819 -0.3107 0.9077
vn -0.8225 0.2894 0.4896
vn 0.1744 -0.2123 0.9615
vn -0.2122 0.6513 -0.7285
vn -0.3892 0.6928 -0.6071
vn -0.4253 0.9049 -0.0184
vn 0.0412 0.1335 0.9902
vn -0.7399 0.5358 0.4066
vn -0.6177 0.6494 -0.4435
vn -0.8251 -0.5626 0.0516
vn -0.5581 0.0631 0.8273
vn -0.5422 -0.1836 0.8199
vn 0.8513 0.5130 0.1098
vn -0.2728 0.4569 -0.8467
vn 0.7579 0.1542 -0.6339
vn 0.8992 0.1001 -0.4260
vn 0.2216 0.8430 0.4902
vn 0.3617 0.5610 0.7446
vn 0.8656 -0.1844 -0.4655
vn 0.6902 -0.0415 -0.7224
vn 0.8793 0.0865 -0.4684
vn 0.8223 0.3740 -0.4289
vn -0.0965 0.8406 -0.5329
vn 0.1167 0.9931 0.0083
vn -0.6420 -0.5779 -0.5039
vn -0.8355 -0.4188 0.3557
vn -0.7776 -0.0239 -0.6283
vn -0.6638 -0.3119 0.6798
vn -0.1903 0.4070 0.8934
vn 0.0126 0.1840 0.9828
vn -0.3266 0.3005 0.8961
vn -0.7702 0.5991 0.2189
vn 0.0387 0.9979 -0.0527
vn 0.3360 0.6352 -0.6954
vn -0.2032 0.1076 -0.9732
vn 0.6456 0.0568 -0.7616
vn -0.0739 -0.2138 -0.9741
vn -0.9808 0.0849 -0.1755
vn -0.6802 -0.0629 -0.7303
vn -0.5264 0.1823 0.8305
vn -0.9876 0.1096 0.1122
vn -0.6971 -0.6125 -0.3726
vn 0.2027 0.2104 -0.9564
vn -0.5199 -0.8473 0.1090
vn -0.2934 -0.0039 -0.9560
vn -0.7674 -0.4212 0.4833
vn -0.4821 0.8747 -0.0490
vn -0.1091 0.1080 -0.9881
vn -0.3289 -0.5373 0.7766
vn 0.1580 0.1039 0.9820
vn 0.4818 0.2867 0.8280
vn 0.4546 0.8905 0.0175
vn 0.7898 0.6047 -0.1032
vn 0.6683 0.5119 0.5398
vn 0.3729 -0.1230 0.9197
vn 0.8690 0.4717 0.1497
vn 0.6354 0.4508 -0.6270
vn 0.7280 0.2941 0.6193
vn -0.4893 -0.6857 0.5389
vn -0.3380 -0.6367 0.6930
vn 0.2052 0.4829 -0.8513
vn -0.5935 0.7986 -0.1002
vn 0.9468 0.2882 -0.1434
vn -0.6672 -0.7447 0.0190
vn -0.8557 -0.0212 0.5170
vn -0.5860 0.4255 -0.6896
vn -0.4757 0.8512 0.2219
vn -0.2516 0.9373 -0.2411
vn -0.3139 -0.5152 -0.7975
vn -0.2753 -0.1258 0.9531
vn 0.3085 -0.4004 0.8629
vn -0.6685 -0.7404 -0.0706
vn -0.9798 0.0081 -0.1998
vn -0.8619 -0.2521 -0.4399
vn -0.5105 0.5513 0.6599
vn -0.5727 0.7879 -0.2265
vn 0.4332 0.7675 0.4726
vn -0.4893 0.5149 0.7039
vn -0.7923 0.3478 -0.5013
vn -0.9833 0.0251 -0.1805
vn -0.5055 -0.4619 0.7288
vn 0.2439 -0.6293 0.7379
vn 0.5024 0.1733 0.8471
vn -0.5382 -0.8412 0.0522
vn -0.4200 -0.1906 0.8873
vn -0.4727 -0.5985 0.6467
vn -0.5122 -0.7713 0.3778
vn -0.7461 -0.4114 0.5235
vn -0.1319 -0.8481 0.5132
vn -0.1207 0.9148 -0.3855
vn -0.4427 0.1897 0.8764
vn 0.2189 0.6514 0.7265
vn -0.9986 -0.0336 0.0410
vn -0.7438 0.2220 -0.6304
vn -0.7542 0.5837 -0.3008
vn -0.7129 -0.6120 0.3424
vn -0.8003 0.4053 0.4418
vn -0.2377 0.9422 -0.2361
vn -0.7138 -0.6443 -0.2746
vn -0.3489 -0.9194 0.1815
vn 0.3794 -0.8257 0.4175
vn 0.0425 -0.8145 0.5786
vn 0.0988 -0.6385 0.7633
vn -0.0424 -0.6735 0.7379
vn 0.3434 -0.5136 0.7863
vn -0.7158 0.3027 0.6293
vn 0.1028 0.1185 0.9876
vn 0.1955 -0.8607 0.4702
vn 0.7849 0.0073 0.6196
vn 0.8669 -0.3243 0.3784
vn 0.5659 0.5985 -0.5671
vn 0.5059 0.8626 -0.0101
vn -0.1115 0.6032 -0.7898
vn 0.9810 0.1845 0.0597
vn -0.3995 0.3899 0.8297
vn -0.3917 0.8925 0.2237
vn -0.9721 0.1170 0.2034
vn -0.7090 -0.6507 0.2718
vn 0.4894 -0.6395 0.5929
vn -0.0903 -0.3990 0.9125
vn 0.8256 0.0887 0.5573
vn 0.8764 0.0133 0.4814
vn -0.9504 0.3100 0.0233
vn -0.4506 -0.0213 -0.8925
vn -0.7330 0.2965 -0.6122
vn 0.9464 0.2361 -0.2204
vn 0.6765 0.2758 -0.6828
vn -0.4767 0.1487 -0.8664
vn -0.0551 0.2174 -0.9745
vn -0.8094 -0.0521 -0.5850
vn -0.8879 -0.3392 -0.3109
vn -0.3009 0.0580 -0.9519
vn -0.8690 -0.2459 0.4294
vn -0.8772 -0.0709 -0.4748
vn 0.2418 -0.5841 0.7748
vn -0.6596 -0.7511 0.0279
vn -0.4833 -0.6960 0.5310
vn -0.0034 -0.6110 0.7917
vn 0.4462 -0.0974 0.8896
vn 0.1547 -0.1920 0.9691
vn -0.7615 -0.1243 -0.6362
vn -0.5047 0.1200 -0.8549
vn -0.4786 0.6225 -0.6193
vn -0.9937 -0.0715 0.0864
vn -0.6905 -0.0255 -0.7229
vn -0.5903 -0.8058 -0.0474
vn -0.6179 -0.2085 -0.7581
vn -0.6593 0.6118 -0.4371
vn -0.9343 0.3209 -0.1550
vn -0.3693 0.8841 -0.2864
vn -0.4185 0.9073 -0.0409
vn -0.2958 0.4940 -0.8176
vn -0.9235 -0.3490 0.1590
vn -0.7299 -0.6817 0.0504
vn 0.0515 0.4632 -0.8847
vn 0.9643 -0.2458 0.0982
vn 0.7274 -0.0075 -0.6862
vn 0.0068 0.9896 -0.1435
vn 0.1619 0.9865 -0.0262
vn -0.0815 0.9552 0.2845
vn -0.6543 0.2025 0.7286
vn -0.4551 -0.6368 0.6223
vn 0.2422 -0.2081 0.9477
vn -0.8983 -0.4359 -0.0552
vn 0.6002 0.4380 0.6693
vn 0.8720 0.4833 0.0781
vn 0.4906 -0.0432 0.8703
vn 0.2132 0.9770 0.0027
vn -0.6564 0.6079 0.4467
vn 0.5624 0.2399 0.7913
vn -0.9313 -0.3298 0.1549
vn -0.3027 -0.2395 0.9225
vn 0.1853 0.5630 0.8054
vn 0.1687 -0.2822 0.9444
vn -0.8447 0.4032 -0.3519
vn 0.1121 0.6692 -0.7346
vn -0.7768 -0.0134 0.6296
vn -0.2487 -0.5090 0.8240
vn 0.9619 0.2378 0.1348
vn 0.9923 -0.0680 0.1034
vn 0.9358 0.1341 0.3262
vn 0.0606 -0.9426 0.3283
vn -0.6934 0.6516 0.3075
vn -0.5894 -0.5329 0.6071
vn -0.8323 0.0030 -0.5543
vn -0.6577 0.5731 -0.4889
vn -0.9299 0.3156 0.1886
vn 0.3631 -0.1934 -0.9115
vn -0.7742 -0.0073 -0.6329
vn -0.9340 0.1829 0.3070
vn -0.3674 -0.1001 0.9247
vn 0.5187 0.5498 0.6547
vn 0.5379 -0.1279 0.8333
vn -0.1593 -0.9865 -0.0387
vn 0.4420 0.0535 -0.8954
vn 0.9446 0.1441 -0.2948
vn 0.4010 0.9161 0.0049
vn -0.1377 0.7782 0.6127
vn -0.9408 -0.2069 0.2686
vn -0.7975 0.1531 -0.5835
vn 0.2121 -0.4087 0.8877
vn -0.4032 -0.4186 0.8138
vn -0.0882 -0.5729 0.8149
vn 0.1092 -0.6483 0.7535
vn 0.0705 -0.9133 0.4011
vn -0.8869 0.3894 -0.2487
vn 0.2462 0.6931 0.6775
vn 0.8238 0.1702 -0.5407
vn 0.9821 -0.1382 -0.1280
vn -0.0313 -0.2305 -0.9726
vn 0.7679 0.2414 -0.5933
vn 0.9949 0.0938 0.0381
vn 0.1351 0.9022 -0.4097
vn -0.7552 0.4588 -0.4681
vn -0.5354 0.7349 0.4163
vn 0.8923 0.1021 0.4399
vn 0.6108 -0.4803 0.6294
vn 0.9221 0.1188 0.3682
vn 0.1764 -0.2204 -0.9593
vn -0.1233 0.3060 -0.9440
vn 0.9603 0.2113 0.1821
vn 0.5466 0.0505 0.8359
vn -0.2998 -0.0106 0.9540
vn -0.1871 -0.7843 0.5914
vn 0.5195 0.6319 0.5752
vn -0.6967 0.0619 0.7146
vn 0.6646 0.4148 0.6215
vn -0.2028 0.9344 0.2929
vn 0.6951 0.0792 0.7145
vn 0.8902 0.3230 0.3212
vn 0.2996 0.9086 0.2910
vn -0.5688 0.7981 -0.1990
vn -0.7423 0.3508 -0.5709
vn -0.2566 0.7251 -0.6391
vn -0.9928 0.0457 -0.1106
vn -0.1380 0.8693 0.4746
vn 0.9965 0.0563 0.0611
vn 0.8375 -0.0074 -0.5464
vn 0.8593 0.5114 0.0015
vn 0.8144 0.3582 -0.4566
vn 0.9685 -0.2029 -0.1444
vn 0.5163 0.5122 0.6864
vn 0.1724 0.4938 0.8523
vn -0.1111 0.0231 0.9935
vn 0.9245 0.3708 -0.0882
vn -0.5503 0.2873 0.7840
vn 0.8173 0.1072 0.5662
vn -0.7741 0.0331 0.6322
vn -0.7432 0.4781 0.4681
vn -0.9474 0.2838 0.1476
vn -0.7232 -0.0737 0.6867
vn -0.9435 -0.2172 0.2502
vn 0.1113 0.0431 0.9929
vn -0.6671 -0.0139 -0.7449
vn -0.7277 0.0359 -0.6849
vn -0.8148 -0.5652 -0.1288
vn -0.9826 -0.0340 -0.1824
vn -0.8085 -0.4974 -0.3146
vn -0.2855 0.3903 -0.8753
vn -0.8118 -0.4043 -0.4214
vn 0.5233 0.5919 0.6131
vn -0.5336 -0.4362 0.7246
vn -0.8487 0.5070 0.1509
vn -0.2491 0.9525 -0.1750
vn -0.2507 0.8026 -0.5412
vn -0.9279 0.0715 0.3660
vn -0.8557 -0.3847 0.3459
vn -0.0396 -0.7774 0.6277
vn -0.3053 -0.8465 0.4362
vn 0.8191 -0.2974 0.4905
vn -0.2802 -0.0454 0.9589
vn 0.4466 0.3538 0.8218
vn -0.6836 0.6669 0.2965
vn -0.6815 -0.0953 -0.7256
vn -0.7232 -0.5254 -0.4483
vn -0.3033 -0.6374 0.7083
vn -0.3824 0.2670 -0.8846
vn -0.1147 0.1723 -0.9783
vn -0.8484 -0.4242 -0.3167
vn -0.7843 -0.3528 0.5102
vn 0.2201 0.5465 -0.8080
vn -0.6397 0.2174 -0.7372
vn 0.6049 0.6634 -0.4405
vn 0.8731 0.3269 0.3618
vn 0.5345 0.2088 0.8190
vn 0.9152 0.3528 0.1947
vn 0.8314 0.3496 -0.4320
vn -0.8116 -0.0847 -0.5781
vn -0.8619 -0.5055 0.0404
vn -0.9860 0.0455 -0.1602
vn -0.5824 0.1128 -0.8051
vn -0.9853 -0.1191 -0.1221
vn 0.5738 -0.5866 0.5716
vn 0.1761 -0.3064 0.9355
vn -0.8604 0.0078 0.5096
vn -0.9825 -0.1752 -0.0636
vn -0.5172 -0.4828 0.7067
vn -0.6390 0.6350 -0.4341
vn -0.3466 0.8799 0.3249
vn 0.0335 0.1108 0.9933
vn -0.5255 -0.8020 -0.2840
vn -0.1397 0.6785 -0.7211
vn -0.7430 0.3399 -0.5765
vn -0.1332 0.9018 -0.4112
vn -0.2308 0.9374 0.2609
vn 0.5434 -0.0174 0.8393
vn -0.1845 0.1559 0.9704
vn 0.1273 0.9892 0.0721
vn -0.7642 -0.0690 0.6412
vn 0.6409 0.3927 0.6596
vn 0.3971 -0.7048 0.5879
vn -0.8646 -0.3888 0.3183
vn -0.1432 0.6962 0.7034
vn -0.4739 0.7171 0.5112
vn 0.8022 0.5516 0.2285
vn 0.3215 0.4766 0.8182
vn -0.0773 0.9714 -0.2247
vn -0.7964 -0.1989 0.5711
vn 0.4939 -0.4822 0.7236
vn 0.3764 0.1534 -0.9137
vn -0.5390 0.2164 -0.8140
vn -0.8675 0.4946 -0.0532
vn -0.9905 0.1094 0.0834
vn -0.7468 -0.5753 0.3338
vn -0.2742 -0.8079 0.5216
vn -0.1366 -0.7894 0.5985
vn -0.8962 0.4283 0.1154
vn -0.8649 -0.4099 0.2897
vn -0.5461 -0.0530 0.8360
vn -0.6963 0.0161 0.7176
vn 0.8977 0.1950 0.3950
vn 0.5987 -0.1983 0.7760
vn 0.5151 0.8569 -0.0192
vn -0.5488 0.6607 0.5121
vn -0.9556 0.0109 -0.2944
vn -0.9105 0.2276 0.3453
vn -0.8340 -0.1039 0.5419
vn -0.4399 -0.3533 0.8256
vn -0.0621 0.5430 0.8374
vn -0.1963 0.5844 0.7874
vn 0.6030 0.6775 0.4211
vn -0.3577 -0.0752 -0.9308
vn 0.7154 0.3248 -0.6187
vn 0.5106 0.3245 -0.7962
vn -0.6522 0.5661 -0.5041
vn -0.4254 0.8696 0.2508
vn 0.2185 0.8310 -0.5115
vn -0.8487 0.1390 -0.5103
vn -0.0362 0.3780 0.9251
vn 0.6059 0.7666 0.2125
vn 0.9603 0.1878 0.2061
vn 0.4965 -0.2960 0.8160
vn 0.5982 0.7591 -0.2569
vn 0.8949 0.4432 -0.0512
vn 0.6114 0.0818 -0.7871
vn 0.2744 0.0520 -0.9602
vn 0.6298 -0.5558 0.5426
vn 0.7339 -0.0510 0.6774
vn -0.3992 -0.5282 0.7494
vn -0.4958 -0.4146 0.7631
vn -0.6444 -0.2429 0.7251
vn -0.1725 0.3423 0.9236
vn -0.9833 -0.1316 0.1254
vn -0.9358 -0.2252 -0.2712
vn -0.9748 -0.2230 0.0033
vn -0.6564 0.7133 0.2457
vn -0.3857 0.7460 -0.5429
vn -0.2405 0.2719 0.9318
vn 0.3807 0.9019 0.2041
vn -0.0558 0.9110 0.4085
vn -0.2724 0.9615 -0.0362
vn -0.2651 0.4478 0.8540
vn 0.5698 0.7651 0.3000
vn -0.3150 0.0822 0.9455
vn 0.9507 0.0803 -0.2996
vn 0.1243 0.3080 0.9432
vn 0.7548 0.5797 0.3068
vn -0.0449 0.9987 -0.0249
vn 0.7008 0.6961 0.1560
vn 0.1054 -0.3238 0.9403
vn 0.8705 0.2641 0.4153
vn 0.6568 -0.1480 0.7394
vn 0.2383 0.2212 0.9457
vn -0.7220 -0.1703 0.6706
vn -0.9332 0.2791 -0.2265
vn -0.8920 -0.2813 0.3539
vn -0.1737 0.4364 -0.8828
vn -0.9833 -0.1211 -0.1362
vn -0.7913 -0.0382 0.6102
vn 0.4444 0.2987 0.8446
vn 0.6274 0.3557 0.6927
vn -0.0979 0.8821 -0.4607
vn 0.8742 0.4499 -0.1826
vn 0.9051 -0.0581 0.4212
vn 0.3664 0.4579 -0.8100
vn 0.4536 0.7825 0.4265
vn -0.4033 0.7122 0.5745
vn -0.0910 -0.3201 0.9430
vn 0.7830 -0.1220 0.6100
vn 0.4979 -0.0457 0.8660
vn 0.9716 0.1560 -0.1780
vn 0.5418 -0.0424 -0.8395
vn 0.7558 0.2785 0.5927
vn 0.0848 0.3351 -0.9383
vn 0.7503 0.6106 0.2534
vn -0.9335 -0.0827 0.3489
vn -0.5958 0.2192 0.7726
vn -0.8565 -0.1121 -0.5038
vn -0.5543 0.8175 0.1564
vn -0.6601 0.0893 0.7459
vn -0.5283 0.7982 -0.2895
vn 0.8545 0.5137 0.0771
vn 0.1805 0.3568 0.9166
vn 0.5544 0.5633 0.6127
vn 0.8087 -0.2081 -0.5501
vn -0.7147 -0.6987 0.0317
vn -0.9232 0.3827 -0.0344
vn -0.6508 -0.4964 -0.5745
vn 0.0142 -0.6443 -0.7646
vn -0.7398 0.0488 0.6710
vn -0.3190 0.8626 0.3925
vn 0.0174 0.9547 -0.2970
vn -0.1174 0.3134 -0.9423
vn 0.0369 0.8401 -0.5412
vn 0.5711 -0.2526 -0.7810
vn 0.2810 -0.3916 -0.8762
vn -0.8579 0.1863 -0.4788
vn 0.4440 0.6053 -0.6606
vn -0.5725 0.4692 -0.6724
vn 0.5748 0.6777 -0.4586
vn -0.3157 0.6998 -0.6408
vn -0.5766 0.7891 0.2117
vn -0.7220 0.5789 0.3788
vn -0.5938 0.2113 0.7763
vn 0.4391 -0.4132 -0.7978
vn 0.7875 0.6065 -0.1096
vn 0.2335 0.4950 -0.8369
vn -0.5207 -0.1884 -0.8327
vn 0.9479 0.3004 -0.1057
vn 0.4725 0.8450 0.2505
vn -0.5361 -0.0902 0.8393
vn -0.6812 0.0237 -0.7317
vn -0.7517 0.3401 0.5651
vn -0.9749 -0.1658 0.1484
vn 0.3916 0.8186 -0.4201
vn -0.2848 0.8108 -0.5114
vn -0.2338 0.1006 -0.9671
vn 0.0906 -0.0813 -0.9926
vn 0.2293 -0.4834 -0.8448
vn 0.2374 -0.3843 -0.8922
vn -0.5153 0.0737 -0.8538
vn 0.5336 0.3286 -0.7793
vn -0.4964 0.8112 -0.3089
vn -0.4616 0.6780 0.5721
vn -0.1531 0.1190 0.9810
vn 0.3879 0.3713 0.8436
vn -0.9435 0.3279 0.0480
vn 0.9641 0.0411 0.2622
vn -0.1553 0.2308 -0.9605
vn 0.7021 0.0916 -0.7062
vn -0.8687 0.0916 -0.4868
vn 0.7183 0.4762 -0.5073
vn 0.8823 -0.4574 0.1112
vn 0.9123 0.3508 0.2114
vn 0.2653 -0.1752 0.9481
vn 0.6015 0.2243 0.7667
vn -0.1823 0.0127 0.9832
vn 0.1822 0.7816 0.5966
vn 0.7354 0.6521 0.1844
vn -0.3804 0.7369 0.5588
vn 0.9571 0.2860 0.0461
vn -0.3229 0.8180 -0.4760
vn 0.0320 -0.5016 -0.8645
vn 0.1856 0.5807 0.7927
vn -0.8622 0.1702 -0.4771
vn -0.7910 -0.5213 0.3202
vn -0.5796 0.0799 -0.8110
vn -0.8775 0.3693 0.3061
vn -0.7960 0.5454 0.2625
vn 0.0578 0.9897 0.1310
vn -0.9333 -0.3293 0.1429
vn -0.9308 -0.3342 0.1480
vn -0.7992 -0.1901 -0.5701
vn -0.9810 0.1895 -0.0415
vn -0.3474 0.3569 -0.8671
vn -0.2022 0.4891 -0.8485
vn -0.2581 0.1476 -0.9548
vn 0.3728 0.8529 0.3655
vn 0.9521 0.1261 -0.2785
vn 0.8748 0.4331 -0.2174
vn 0.5651 0.8186 -0.1022
vn 0.7753 -0.1323 -0.6176
vn 0.2164 0.5921 -0.7762
vn -0.5685 0.7194 -0.3991
vn 0.4542 -0.0875 -0.8866
vn 0.7140 0.6802 -0.1658
vn 0.4553 0.3910 0.7999
vn 0.6127 -0.1044 0.7834
vn 0.9984 -0.0096 -0.0564
vn 0.6723 -0.2920 0.6803
vn 0.3868 -0.0129 0.9221
vn -0.6046 0.3928 0.6929
vn -0.6515 0.4404 0.6178
vn -0.8648 -0.3778 0.3309
vn -0.8133 -0.3301 0.4791
vn -0.7262 0.6085 0.3198
vn -0.6792 0.2187 -0.7007
vn -0.7539 -0.6293 0.1888
vn -0.5595 0.5079 -0.6550
vn -0.8268 0.4233 0.3705
vn -0.4847 0.3857 0.7850
vn -0.2648 0.9021 -0.3406
vn 0.4312 0.7842 0.4463
vn -0.0734 0.8373 0.5417
vn -0.2238 0.9382 -0.2639
vn -0.6803 0.4837 -0.5507
vn 0.1973 0.8182 -0.5399
vn -0.0326 -0.7339 0.6784
vn 0.2935 0.7702 -0.5663
vn 0.0059 0.5548 0.8320
vn -0.3741 0.7873 0.4902
vn 0.4981 0.8264 -0.2625
vn -0.6135 0.7882 0.0482
vn 0.5181 0.8250 0.2256
vn -0.9598 -0.1802 0.2151
vn -0.2623 -0.1431 0.9543
vn -0.4532 0.8428 0.2905
vn -0.5791 0.7814 0.2327
vn 0.3322 0.5613 -0.7580
vn 0.3667 0.8791 0.3044
vn 0.9705 -0.2399 0.0255
vn 0.0491 -0.2978 0.9534
vn -0.4394 -0.5613 0.7013
vn 0.7298 -0.1134 0.6742
vn 0.7142 0.5244 -0.4636
vn -0.3427 0.9115 -0.2274
vn -0.8507 0.1406 -0.5066
vn -0.6433 -0.4162 0.6425
vn -0.7501 0.0715 -0.6574
vn -0.4262 0.5284 -0.7343
vn 0.4037 0.6414 -0.6524
vn -0.7744 0.4643 0.4299
vn 0.1759 0.9822 0.0656
vn -0.0069 -0.0586 0.9983
vn -0.7676 -0.3521 0.5355
vn -0.1099 0.8321 -0.5436
vn 0.7701 0.3336 0.5437
vn 0.7359 0.6127 0.2883
vn -0.1744 0.5312 0.8291
vn -0.5579 -0.0166 0.8297
vn -0.9142 0.2359 -0.3294
vn -0.1182 0.1944 -0.9738
vn -0.6634 0.0277 -0.7477
vn 0.0374 0.0278 -0.9989
vn 0.6729 -0.2910 -0.6802
vn 0.8380 -0.4234 0.3442
vn 0.9514 0.1509 0.2684
vn 0.3886 0.8309 0.3982
vn 0.0619 0.9898 -0.1283
vn -0.7112 0.6627 -0.2346
vn 0.3826 0.2629 0.8857
vn -0.5857 0.4870 0.6479
vn -0.5520 0.7504 -0.3635
vn 0.5964 0.8026 -0.0116
vn 0.8697 0.3815 -0.3132
vn 0.3679 -0.0550 0.9282
vn -0.6656 0.5530 0.5012
vn 0.6785 -0.1829 0.7115
vn 0.8606 -0.3359 0.3828
vn 0.6312 0.6636 0.4015
vn 0.3107 0.1643 0.9362
vn -0.6511 0.4497 0.6114
vn -0.6492 0.3228 -0.6888
vn -0.1108 0.9696 -0.2182
vn 0.5232 0.5993 0.6058
vn 0.3487 -0.1250 0.9289
vn 0.0685 0.5049 0.8605
vn -0.2294 0.2545 0.9395
vn -0.7377 0.6707 -0.0769
vn -0.2157 0.6344 0.7423
vn 0.0408 0.9484 0.3144
vn 0.8712 0.3974 0.2883
vn 0.8454 -0.5038 0.1777
vn 0.7143 0.2074 -0.6684
vn -0.2222 0.3374 -0.9148
vn 0.5163 -0.3745 -0.7702
vn 0.7757 -0.6311 0.0055
vn 0.3613 0.7575 -0.5437
vn -0.7136 0.5029 0.4877
vn 0.2209 0.6911 0.6882
vn -0.6176 0.3551 -0.7018
vn -0.7518 -0.6126 -0.2441
vn 0.1556 0.2511 -0.9554
vn -0.2852 -0.2756 -0.9180
vn -0.9206 -0.3187 0.2257
vn 0.6490 -0.7275 0.2225
vn 0.7237 0.3033 0.6199
vn 0.7722 -0.1721 -0.6116
vn -0.4458 -0.1357 0.8848
vn -0.6189 0.7229 0.3071
vn 0.2469 0.7749 -0.5818
vn -0.3337 0.5253 -0.7827
vn -0.6401 0.1334 -0.7566
vn 0.0571 0.9455 -0.3204
vn 0.5897 0.4069 -0.6976
vn 0.1026 0.6428 0.7592
vn -0.8902 0.1901 0.4141
vn -0.7247 -0.6028 0.3337
vn -0.5990 -0.0032 -0.8007
vn 0.8404 0.4997 0.2100
vn 0.3505 0.0908 0.9322
vn 0.3620 -0.1672 0.9170
vn 0.7833 0.2988 0.5451
vn -0.1026 0.9937 0.0445
vn 0.6491 0.5004 -0.5730
vn 0.5602 0.6874 -0.4622
vn -0.6973 -0.3179 0.6424
vn -0.6850 0.4641 0.5616
vn -0.1344 0.8831 -0.4495
vn -0.5344 -0.2335 0.8123
vn 0.7429 0.5012 0.4437
vn 0.5818 -0.5604 0.5895
vn 0.5626 0.2610 0.7844
vn -0.6654 0.0449 -0.7451
vn -0.6500 0.6293 -0.4260
vn -0.5754 0.4701 -0.6693
vn 0.8161 0.3489 0.4607
vn -0.2024 0.6393 0.7419
vn 0.7173 0.5404 0.4399
vn 0.5972 0.6158 0.5139
vn 0.7639 0.3159 -0.5628
vn -0.8347 0.4785 -0.2727
vn -0.0227 0.7848 -0.6193
vn -0.8180 -0.2946 0.4941
vn -0.7485 -0.3610 0.5563
vn -0.6689 0.0475 0.7419
vn -0.6685 0.6119 -0.4226
vn 0.3634 0.7920 -0.4905
vn 0.9665 0.2532 0.0412
vn 0.3915 -0.4643 0.7944
vn 0.5983 0.4086 0.6893
vn -0.1671 0.9171 0.3620
vn 0.3920 -0.8828 -0.2587
vn -0.1853 -0.6093 -0.7710
vn 0.5640 -0.7845 -0.2577
vn 0.8115 -0.3965 -0.4292
vn 0.7075 0.6945 -0.1310
vn 0.2407 -0.8182 -0.5221
vn 0.1854 -0.9817 0.0438
vn 0.3859 -0.6694 -0.6349
vn -0.4935 0.2614 -0.8295
vn 0.2438 0.4170 -0.8756
vn 0.7160 0.1215 -0.6874
vn -0.0996 0.9521 -0.2891
vn 0.5860 0.6802 0.4404
vn 0.9632 -0.1258 0.2376
vn 0.6297 -0.3405 0.6982
vn 0.5509 -0.8315 -0.0709
vn 0.4628 -0.8864 -0.0142
vn 0.9044 -0.4241 0.0478
vn 0.3867 -0.8012 0.4565
vn 0.4115 -0.9053 0.1049
vn 0.8482 -0.4494 0.2803
vn -0.3322 0.6230 -0.7082
vn -0.3103 0.9464 -0.0901
vn -0.6977 0.5709 -0.4327
vn -0.4365 0.8996 0.0161
vn 0.6348 -0.7559 -0.1599
vn 0.9345 -0.0567 0.3515
vn 0.6741 -0.6687 -0.3138
vn 0.2609 -0.0783 -0.9622
vn -0.0026 0.4881 -0.8728
vn 0.3038 -0.3681 -0.8787
vn 0.6212 -0.6965 -0.3592
vn 0.5243 -0.8334 0.1748
vn 0.4354 -0.8684 0.2373
vn 0.1384 -0.9278 -0.3464
vn 0.3864 -0.9181 -0.0883
vn 0.4001 -0.3864 0.8311
vn 0.5178 -0.3355 0.7870
vn 0.6320 -0.2065 -0.7470
vn -0.1810 -0.5056 -0.8435
vn 0.9821 0.1621 -0.0954
vn 0.9320 0.3573 0.0606
vn 0.4301 0.8995 -0.0766
vn 0.0059 0.9694 -0.2454
vn 0.9147 0.3669 -0.1695
vn 0.7260 0.5227 0.4468
vn 0.4064 0.6225 0.6689
vn 0.7634 0.6384 -0.0984
vn 0.6412 0.7310 -0.2333
vn 0.4488 0.4617 0.7651
vn 0.6313 0.0028 -0.7755
vn 0.9690 -0.2123 0.1264
vn 0.9538 -0.2867 0.0900
vn 0.4720 0.2922 0.8318
vn 0.6147 0.1719 0.7698
vn 0.9006 0.0531 0.4314
vn 0.0634 0.3867 -0.9200
vn -0.1923 0.3482 -0.9175
vn -0.0103 0.4548 -0.8905
vn 0.6732 -0.2704 -0.6882
vn 0.7670 -0.5258 -0.3678
vn 0.1182 -0.3346 -0.9349
vn 0.3789 0.5357 -0.7547
vn 0.5995 0.6614 -0.4507
vn -0.3456 0.6608 -0.6662
vn -0.0153 -0.0454 -0.9989
vn 0.0074 -0.7716 -0.6361
vn -0.3948 -0.0584 -0.9169
vn 0.6014 -0.6995 -0.3861
vn 0.2499 -0.1973 -0.9479
vn -0.1650 0.5775 -0.7995
vn 0.1278 0.0102 -0.9917
vn -0.1909 0.8751 -0.4448
vn 0.2949 -0.2148 -0.9311
vn -0.1194 0.7371 -0.6652
vn 0.7813 -0.5950 -0.1885
vn 0.7593 -0.5958 -0.2616
vn -0.9305 -0.0498 -0.3629
vn -0.4880 0.3832 -0.7842
vn -0.2915 -0.8166 -0.4982
vn 0.3905 -0.3079 -0.8676
vn -0.6978 0.6118 0.3725
vn -0.3238 0.9461 0.0083
vn -0.9833 0.0663 0.1694
vn -0.5556 -0.6494 -0.5192
vn -0.9147 0.3094 0.2602
vn 0.4088 0.5690 0.7136
vn 0.2954 0.8876 -0.3533
vn 0.4146 0.8818 0.2246
vn -0.4601 0.8734 0.1596
vn -0.1588 0.9562 -0.2460
vn 0.5847 0.6535 -0.4807
vn 0.6755 0.1194 -0.7276
vn 0.7221 -0.5318 -0.4426
vn 0.2582 -0.7639 -0.5914
vn 0.5999 -0.6603 -0.4517
vn 0.6025 0.1801 -0.7775
vn 0.1633 0.8720 0.4614
vn 0.4030 -0.5724 -0.7142
vn -0.0030 -0.1524 -0.9883
vn -0.2411 0.0651 -0.9683
vn 0.2418 0.6465 -0.7235
vn -0.9876 0.0347 -0.1530
vn -0.7099 0.7043 0.0089
vn -0.7032 0.4014 0.5868
vn 0.6136 0.3919 -0.6855
vn -0.3616 0.0404 -0.9315
vn 0.3554 0.7620 0.5413
vn 0.6031 0.7950 0.0652
vn -0.5017 0.7701 -0.3940
vn -0.1286 0.8198 0.5580
vn 0.1283 0.3385 0.9322
vn 0.8719 -0.3345 0.3576
vn 0.8593 -0.4700 -0.2017
vn 0.7960 0.0454 0.6036
vn 0.7658 0.4348 0.4739
vn 0.3201 0.3762 0.8695
vn 0.2668 0.9465 -0.1816
vn 0.6401 -0.2184 -0.7366
vn 0.8152 0.5790 0.0158
vn 0.4996 0.7965 0.3406
vn 0.6788 0.0919 0.7286
vn -0.3269 0.5576 0.7630
vn -0.2135 0.4939 -0.8429
vn 0.8850 0.3839 0.2634
vn -0.9714 0.1793 0.1555
vn -0.9403 0.1215 -0.3179
vn -0.8175 0.2744 -0.5064
vn -0.8868 0.4045 -0.2235
vn -0.7686 0.5953 0.2343
vn -0.7292 0.0188 0.6840
vn -0.1852 0.2180 0.9582
vn 0.7060 -0.6789 0.2018
vn -0.8607 0.4874 -0.1470
vn -0.7551 0.3963 0.5223
vn 0.5664 0.7206 0.4000
vn -0.5221 0.7279 0.4445
vn -0.9731 0.0481 -0.2252
vn -0.2488 0.1001 0.9634
vn -0.6675 0.0488 0.7430
vn -0.1963 -0.1827 -0.9634
vn -0.4159 0.1152 -0.9021
vn 0.0782 -0.1565 -0.9846
vn -0.5749 -0.3107 -0.7570
vn -0.7935 0.1958 -0.5762
vn -0.5955 0.4059 -0.6932
vn 0.2836 0.6913 -0.6646
vn -0.2823 0.7448 -0.6047
vn -0.6111 0.5993 -0.5170
vn 0.7581 0.6518 0.0204
vn 0.0079 0.9725 0.2328
vn 0.1524 0.8744 -0.4606
vn 0.1969 0.2889 -0.9369
vn -0.1829 0.1615 -0.9698
vn -0.9731 -0.0530 -0.2243
vn -0.6755 -0.0909 -0.7317
vn -0.7521 0.0930 -0.6525
vn -0.3992 0.0358 -0.9162
vn -0.0769 0.9262 -0.3691
vn -0.1978 0.3594 -0.9120
vn -0.6255 -0.0852 -0.7756
vn 0.5165 0.1607 0.8411
vn 0.7576 -0.2930 0.5833
vn 0.9764 -0.0399 0.2123
vn 0.8893 -0.0118 0.4572
vn -0.8667 -0.1537 -0.4745
vn 0.1673 0.1764 -0.9700
vn 0.0533 0.5446 -0.8370
vn -0.0979 0.2965 -0.9500
vn 0.2862 0.2324 0.9296
vn 0.1856 -0.3168 -0.9301
vn 0.0987 -0.1140 -0.9886
vn 0.8892 -0.0133 -0.4572
vn 0.8252 0.4411 0.3529
vn 0.8216 0.3349 -0.4614
vn 0.5696 0.7258 -0.3857
vn 0.7344 0.4494 0.5087
vn 0.8070 0.5016 -0.3117
vn 0.9831 -0.1093 -0.1468
vn 0.5953 0.5430 0.5923
vn 0.3689 0.7149 0.5939
vn -0.4754 0.7670 -0.4309
vn 0.8378 -0.0680 0.5418
vn 0.8865 0.2007 -0.4169
vn 0.9234 0.3716 0.0960
vn 0.9349 0.1156 0.3356
vn -0.3481 -0.1545 -0.9246
vn -0.4065 -0.2153 -0.8879
vn 0.2153 0.7248 -0.6544
vn 0.3842 -0.0311 -0.9227
vn -0.7078 -0.0349 -0.7056
vn -0.9471 0.1000 -0.3049
vn 0.4433 0.1700 0.8801
vn 0.8965 -0.3359 -0.2890
vn 0.3161 0.4359 0.8426
vn 0.4315 0.6383 -0.6375
vn 0.0914 0.3242 -0.9416
vn 0.8507 -0.4294 -0.3034
vn -0.9411 -0.1459 -0.3051
vn -0.7294 0.3072 0.6113
vn -0.6309 -0.0387 -0.7749
vn -0.2948 0.3910 0.8719
vn 0.3337 -0.0825 0.9391
vn 0.9424 0.0766 0.3257
vn 0.8163 -0.2291 0.5302
vn 0.0015 -0.1078 -0.9942
vn 0.8456 -0.1134 -0.5217
vn 0.2617 -0.1828 -0.9477
vn 0.7484 -0.2312 -0.6216
vn 0.9370 -0.1478 -0.3166
vn 0.9696 0.0934 0.2263
vn 0.6683 -0.3654 -0.6480
vn -0.2044 0.1782 0.9625
vn -0.0375 0.6041 0.7960
vn -0.2142 0.8820 0.4198
vn 0.6603 -0.2639 0.7031
vn 0.7545 -0.4902 0.4364
vn 0.8411 -0.3805 0.3844
vn 0.8615 -0.1140 0.4947
vn 0.7169 -0.6567 -0.2343
vn 0.6134 0.4680 0.6361
vn 0.2370 0.7312 0.6397
vn -0.1645 -0.2368 0.9575
vn 0.1790 -0.4633 -0.8680
vn -0.0822 0.4735 -0.8769
vn -0.0879 0.0296 -0.9957
vn 0.5464 -0.0979 -0.8318
vn 0.7231 -0.6417 -0.2555
vn 0.6159 -0.0709 -0.7846
vn -0.4737 0.4570 0.7528
vn -0.1902 0.8384 -0.5108
vn -0.3513 0.8515 -0.3894
vn -0.7326 0.5871 0.3444
vn -0.7481 0.6491 -0.1381
vn -0.4912 -0.1068 0.8645
vn -0.5543 0.0182 0.8321
vn -0.1382 0.9316 -0.3363
vn 0.9959 0.0898 0.0091
vn 0.1142 -0.3297 -0.9371
vn 0.9928 -0.0183 0.1183
vn 0.7878 -0.4043 0.4646
vn 0.3900 -0.1977 0.8994
vn 0.5104 0.3388 0.7904
vn 0.7815 -0.4856 0.3917
vn 0.5203 -0.1993 0.8304
vn 0.5505 0.4718 0.6887
vn 0.9515 0.1183 -0.2841
vn 0.8604 -0.1167 -0.4961
vn -0.9305 -0.1172 0.3471
vn -0.4476 -0.8266 -0.3412
vn -0.3102 0.5508 0.7749
vn -0.8228 0.4829 0.2997
vn -0.9044 0.1607 0.3953
vn 0.0136 0.9700 -0.2428
vn -0.4793 0.6154 0.6257
vn 0.2585 0.6825 0.6837
vn 0.1455 0.9756 -0.1646
vn 0.4802 0.6844 -0.5487
vn 0.2430 0.9698 -0.0229
vn 0.4204 0.1983 -0.8854
vn -0.4328 0.5014 0.7492
vn -0.7693 0.5778 0.2724
vn -0.9370 -0.2908 0.1937
vn -0.9011 0.4021 0.1622
vn 0.5568 -0.4296 0.7109
vn -0.3728 0.2145 0.9028
vn 0.3444 0.2250 0.9115
vn 0.4922 -0.7395 0.4592
vn 0.1577 0.9103 0.3827
vn 0.9118 0.3406 -0.2292
vn 0.6815 -0.7317 -0.0135
vn 0.7829 -0.3462 -0.5170
vn 0.9386 0.3377 0.0703
vn 0.8425 -0.0680 0.5343
vn 0.7987 -0.5895 0.1204
vn 0.0877 0.9884 -0.1237
vn 0.2497 0.5764 0.7780
vn 0.8312 0.3935 0.3927
vn 0.8946 0.3214 -0.3104
vn 0.5355 -0.3386 0.7736
vn 0.3024 0.4303 -0.8505
vn 0.6006 -0.4921 -0.6302
vn 0.8753 -0.1376 0.4635
vn 0.8705 -0.4483 0.2034
vn 0.5469 -0.1133 -0.8295
vn 0.9095 0.3037 -0.2838
vn -0.0519 0.1462 0.9879
vn -0.0267 -0.2098 0.9774
vn -0.7411 -0.0813 0.6664
vn -0.0805 -0.0846 0.9932
vn -0.4785 -0.4584 0.7490
vn 0.5008 -0.7721 0.3912
vn 0.8217 -0.0264 0.5693
vn 0.8516 0.1881 0.4892
vn 0.1390 -0.0197 0.9901
vn -0.1179 -0.5527 0.8250
vn 0.6715 -0.6229 -0.4013
vn 0.9275 0.1328 -0.3493
vn 0.1031 -0.2944 -0.9501
vn 0.4674 0.3284 -0.8208
vn 0.7620 -0.5791 0.2900
vn 0.7366 0.5311 0.4187
vn 0.1211 0.3980 0.9093
vn -0.1108 -0.8079 0.5788
vn 0.6106 0.3624 -0.7042
vn -0.3721 0.8298 -0.4160
vn 0.1609 0.7698 0.6176
vn 0.9636 -0.2560 0.0775
vn 0.9702 -0.2401 -0.0328
vn 0.7874 -0.0407 -0.6151
vn 0.9466 0.3056 -0.1026
vn 0.9061 0.2173 0.3630
vn 0.9400 -0.1536 -0.3045
vn 0.8785 -0.0904 -0.4691
vn 0.3882 -0.1651 -0.9067
vn -0.6207 0.1264 -0.7738
vn -0.4988 0.1964 -0.8441
vn -0.9763 0.1905 -0.1026
vn -0.9182 0.2204 0.3291
vn -0.6385 0.7681 0.0482
vn 0.9780 -0.0382 -0.2051
vn 0.9543 0.1786 -0.2398
vn -0.1985 0.9692 0.1456
vn 0.4145 0.7775 -0.4730
vn 0.6297 0.6630 0.4049
vn -0.0188 0.9697 -0.2434
vn 0.5569 0.5993 -0.5751
vn 0.0673 0.7282 0.6820
vn 0.7432 0.2021 0.6378
vn 0.6521 -0.4682 0.5963
vn 0.5186 0.0041 -0.8550
vn 0.9764 -0.2150 0.0196
vn 0.7438 -0.5505 0.3791
vn -0.0842 -0.0471 0.9953
vn 0.4035 0.7860 0.4684
vn -0.5356 0.7051 0.4648
vn 0.2595 0.9610 -0.0957
vn 0.9169 0.2469 0.3134
vn 0.2573 0.3629 0.8956
vn 0.1825 0.5711 0.8003
vn -0.2068 0.9695 -0.1319
vn 0.5464 0.7967 0.2585
vn -0.1829 0.6861 0.7042
vn 0.4538 -0.1092 0.8844
vn 0.9520 0.2342 0.1971
vn 0.6483 0.5394 0.5373
vn 0.1133 0.9871 -0.1128
vn 0.0704 0.8394 0.5389
vn -0.3624 0.4684 0.8058
vn -0.9754 0.1494 0.1620
vn -0.3758 0.7718 -0.5130
vn -0.0637 0.1837 -0.9809
vn -0.5651 0.4825 -0.6692
vn 0.2535 -0.2567 0.9326
vn 0.7612 0.0222 0.6481
vn 0.4492 0.8297 0.3315
vn 0.8917 0.4025 -0.2070
vn 0.1530 0.6071 -0.7798
vn -0.3721 0.8499 0.3730
vn 0.4040 0.9130 -0.0573
vn 0.6647 -0.0793 0.7429
vn 0.3116 -0.1445 0.9392
vn 0.8136 0.2794 -0.5099
vn 0.5609 0.0998 0.8218
vn 0.2308 0.3498 -0.9079
vn 0.8901 -0.1471 -0.4314
vn 0.4365 0.3771 -0.8169
vn 0.8945 0.0700 -0.4415
vn 0.9374 -0.3288 0.1146
vn 0.6518 -0.6726 0.3505
vn 0.7412 0.4170 -0.5261
vn 0.0240 -0.6789 0.7338
vn -0.1251 -0.5079 0.8523
vn -0.8649 0.4291 0.2602
vn -0.8811 0.0492 0.4704
vn -0.3923 -0.1982 0.8982
vn 0.6773 -0.2634 0.6869
vn -0.5270 -0.0595 0.8478
vn -0.8095 -0.0132 0.5869
vn -0.3097 -0.2137 0.9265
vn -0.7742 0.5954 0.2145
vn -0.4397 0.6803 -0.5864
vn -0.2243 0.9745 0.0004
vn -0.1827 0.6367 -0.7492
vn 0.2795 0.9501 -0.1388
vn 0.0037 0.9981 0.0607
vn 0.7205 0.6920 -0.0444
vn -0.4317 0.5393 0.7230
vn 0.2156 -0.6468 0.7315
vn -0.4291 -0.0006 0.9033
vn -0.2669 -0.0006 0.9637
vn -0.1913 0.2292 0.9544
vn 0.3291 0.2784 0.9023
vn 0.2815 -0.1007 0.9542
vn -0.6715 0.2491 0.6979
vn 0.2502 -0.6824 0.6868
vn 0.6829 -0.6407 0.3510
vn 0.9554 0.2402 -0.1718
vn -0.3150 -0.1452 0.9379
vn -0.4395 0.6865 0.5794
vn 0.9516 0.0321 -0.3058
vn 0.3447 0.9375 -0.0482
vn 0.7860 0.2807 0.5508
vn 0.6568 -0.7327 0.1781
vn 0.6465 -0.4593 0.6091
vn 0.2530 0.0371 0.9668
vn 0.2374 0.0251 0.9711
vn 0.2787 -0.6432 0.7132
vn 0.5372 0.5454 0.6434
vn 0.4830 0.7511 0.4502
vn 0.4928 -0.4871 0.7211
vn -0.3960 0.2860 0.8726
vn 0.5818 0.0161 0.8132
vn 0.6941 -0.7135 0.0960
vn 0.8967 -0.2214 -0.3834
vn 0.5540 0.8324 -0.0129
vn 0.0458 0.6966 -0.7160
vn 0.0601 0.4188 -0.9061
vn 0.5465 -0.4167 -0.7264
vn 0.5678 -0.2500 -0.7843
vn -0.0801 0.5460 -0.8339
vn -0.0593 0.5116 -0.8572
vn -0.2628 0.9197 -0.2918
vn -0.3521 0.8871 0.2985
vn -0.1418 0.2577 -0.9558
vn 0.2874 -0.4605 -0.8398
vn -0.0967 0.7666 -0.6348
vn 0.0812 0.9967 -0.0014
vn -0.5367 0.7224 0.4360
vn -0.0703 0.3561 -0.9318
vn -0.1452 0.9543 -0.2611
vn 0.4227 0.4148 -0.8058
vn 0.8036 0.4063 0.4350
vn -0.1964 0.7620 0.6171
vn -0.0944 0.2850 0.9539
vn 0.3588 -0.1107 0.9268
vn 0.8722 -0.4719 0.1287
vn 0.9509 -0.0386 -0.3069
vn 0.9392 0.2439 0.2416
vn 0.7040 -0.7079 0.0575
vn 0.6578 -0.2620 -0.7062
vn 0.4943 -0.7108 0.5004
vn 0.7220 -0.5948 0.3534
vn -0.0338 0.1031 0.9941
vn 0.7800 -0.4621 0.4219
vn 0.9520 0.3052 0.0234
vn -0.3075 0.7894 0.5312
vn -0.7151 -0.5284 -0.4577
vn 0.2238 -0.2301 -0.9471
vn 0.2986 -0.7871 -0.5397
vn -0.5094 0.4293 -0.7458
vn 0.5856 0.6943 -0.4184
vn 0.8604 0.0610 -0.5060
vn 0.9170 0.1533 -0.3682
vn 0.0164 0.9884 0.1511
vn 0.6062 0.6896 -0.3963
vn -0.8999 0.1933 -0.3909
vn 0.6141 0.4686 -0.6350
vn -0.3092 0.4165 -0.8550
vn -0.1446 0.9748 0.1698
vn -0.9132 0.3689 -0.1732
vn -0.4266 0.4317 0.7948
vn 0.6318 0.5415 0.5546
vn -0.0323 0.7748 0.6313
vn -0.0579 0.8728 -0.4847
vn -0.5468 0.7865 0.2871
vn -0.4063 0.2218 -0.8864
vn -0.4643 0.8818 -0.0831
vn -0.5308 0.4276 0.7317
vn -0.4752 0.7616 -0.4406
vn 0.3251 0.8955 -0.3040
vn -0.1314 0.7974 0.5890
vn -0.8637 -0.3336 -0.3779
vn -0.7340 -0.2149 -0.6442
vn -0.6997 0.1777 0.6919
vn -0.2120 0.0168 -0.9771
vn -0.8462 0.1630 0.5073
vn -0.1635 0.4397 0.8832
vn 0.7611 0.2056 0.6152
vn 0.4344 0.2399 0.8682
vn -0.3627 0.1107 0.9253
vn -0.9007 -0.1145 0.4192
vn 0.1080 -0.4038 -0.9085
vn 0.8272 -0.0683 -0.5577
vn 0.7945 -0.0252 -0.6067
vn 0.9850 0.1723 -0.0121
vn 0.6746 0.5302 0.5136
vn 0.5941 0.4118 0.6910
vn 0.6938 0.0253 -0.7197
vn 0.3713 0.7920 0.4847
vn 0.5900 0.1849 -0.7859
vn 0.7448 0.5349 0.3989
vn -0.9481 -0.3172 0.0240
vn -0.9021 0.1455 0.4062
vn -0.5770 -0.2607 -0.7741
vn -0.3392 -0.0364 0.9400
vn -0.6238 -0.2531 -0.7395
vn -0.6753 0.3829 -0.6304
vn -0.1570 0.9854 -0.0664
vn 0.1390 0.6939 0.7065
vn 0.4086 0.3849 -0.8276
vn 0.8193 0.5637 -0.1047
vn 0.3418 0.1678 -0.9247
vn 0.8325 0.5540 -0.0017
vn 0.7136 0.4858 -0.5047
vn -0.7840 0.3821 -0.4892
vn -0.9394 -0.3036 -0.1590
vn -0.8743 -0.2726 -0.4015
vn -0.8959 -0.3682 -0.2484
vn -0.7815 -0.5393 0.3136
vn 0.4011 0.6880 -0.6048
vn -0.9040 -0.2169 -0.3684
vn -0.9178 -0.2795 -0.2820
vn -0.2860 -0.4298 -0.8564
vn 0.7314 0.2524 -0.6336
vn -0.0530 -0.1758 -0.9830
vn -0.0128 0.6874 -0.7262
vn -0.7686 0.0195 0.6394
vn -0.7271 -0.2693 -0.6315
vn -0.8449 0.1319 -0.5185
vn -0.6111 0.5166 0.5997
vn 0.2023 0.3880 0.8992
vn 0.2312 0.5489 0.8033
vn 0.7325 0.4773 0.4853
vn 0.7813 0.5365 0.3191
vn -0.7249 0.0713 0.6852
vn 0.4349 0.8830 0.1765
vn -0.3421 0.8330 0.4349
vn -0.7266 0.4272 0.5381
vn 0.6716 0.3159 0.6702
vn 0.5599 0.3954 0.7281
vn 0.5439 -0.1463 -0.8263
vn 0.6384 -0.0181 -0.7695
vn 0.9243 0.3810 0.0238
vn 0.7017 0.6562 0.2776
vn -0.3248 0.9411 -0.0941
vn 0.7464 0.0967 -0.6584
vn 0.9941 0.1033 0.0340
vn 0.6811 0.5767 0.4511
vn -0.3143 0.8470 0.4287
vn -0.0263 0.7460 -0.6654
vn 0.5819 0.1671 -0.7959
vn 0.9700 0.1954 0.1443
vn 0.5316 0.8394 -0.1132
vn -0.6781 0.1700 -0.7150
vn 0.2846 0.7138 -0.6399
vn 0.7707 0.0328 -0.6364
vn -0.6114 0.1900 -0.7681
vn 0.6694 0.5963 0.4431
vn -0.6225 0.6668 0.4098
vn -0.1229 0.2363 -0.9639
vn -0.9424 0.0143 -0.3340
vn -0.6348 0.4853 -0.6013
vn 0.2921 0.6305 -0.7191
vn -0.7732 0.4526 0.4442
vn -0.9385 0.2528 0.2352
vn -0.7051 -0.2662 0.6572
vn 0.4267 0.8997 0.0925
vn -0.3673 0.8370 -0.4056
vn -0.1881 0.8879 0.4198
vn 0.7269 0.6741 0.1310
vn 0.3899 0.6158 -0.6847
vn -0.3992 0.3393 -0.8518
vn -0.5445 0.8182 -0.1846
vn 0.6136 0.2127 -0.7604
vn -0.3237 0.4440 0.8355
vn 0.6034 -0.2830 0.7455
vn 0.7758 0.5152 0.3643
vt 0.363478 0.427286
vt 0.361336 0.453917
vt 0.336217 0.435612
vt 0.317420 0.424261
vt 0.335784 0.453265
vt 0.303904 0.429023
vt 0.307017 0.446347
vt 0.298044 0.445206
vt 0.314931 0.446447
vt 0.387624 0.422922
vt 0.398900 0.435864
vt 0.388468 0.475745
vt 0.428773 0.468447
vt 0.423194 0.453993
vt 0.441963 0.462985
vt 0.437150 0.456729
vt 0.458351 0.459547
vt 0.458404 0.472063
vt 0.414199 0.455559
vt 0.406637 0.469911
vt 0.412134 0.488704
vt 0.400536 0.489810
vt 0.385115 0.488940
vt 0.320021 0.412315
vt 0.336003 0.415228
vt 0.843033 0.373621
vt 0.823078 0.370554
vt 0.826542 0.359022
vt 0.834927 0.398079
vt 0.811527 0.360912
vt 0.855472 0.362095
vt 0.832144 0.352500
vt 0.811319 0.390816
vt 0.823445 0.406410
vt 0.844540 0.402347
vt 0.843270 0.422829
vt 0.831329 0.418237
vt 0.852620 0.428626
vt 0.850481 0.416619
vt 0.860812 0.421154
vt 0.401980 0.601585
vt 0.417809 0.609534
vt 0.406124 0.614012
vt 0.380582 0.629881
vt 0.376120 0.606432
vt 0.367360 0.657773
vt 0.386515 0.668825
vt 0.374012 0.668115
vt 0.448265 0.614507
vt 0.456065 0.618647
vt 0.445114 0.647851
vt 0.433842 0.610986
vt 0.436054 0.656393
vt 0.461201 0.597554
vt 0.461364 0.603805
vt 0.440982 0.601075
vt 0.404831 0.648546
vt 0.422644 0.638291
vt 0.407239 0.671114
vt 0.409489 0.681484
vt 0.437787 0.676068
vt 0.450317 0.672474
vt 0.450920 0.681277
vt 0.646603 0.377754
vt 0.663680 0.368373
vt 0.669982 0.381128
vt 0.664379 0.391993
vt 0.625863 0.408485
vt 0.623777 0.390719
vt 0.639649 0.357475
vt 0.630932 0.365986
vt 0.611017 0.378298
vt 0.465025 0.677762
vt 0.468185 0.672585
vt 0.471487 0.687538
vt 0.456175 0.640864
vt 0.047080 0.745210
vt 0.032724 0.722905
vt 0.057568 0.736212
vt 0.040987 0.715647
vt 0.058722 0.720010
vt 0.428862 0.948415
vt 0.421661 0.950196
vt 0.420378 0.936122
vt 0.425977 0.922780
vt 0.421618 0.916140
vt 0.407542 0.915687
vt 0.392829 0.916832
vt 0.400144 0.945326
vt 0.026429 0.818709
vt 0.015654 0.814713
vt 0.010259 0.807917
vt 0.106642 0.384709
vt 0.097911 0.390883
vt 0.097311 0.383240
vt 0.102441 0.362942
vt 0.097681 0.364657
vt 0.105478 0.353764
vt 0.094761 0.355061
vt 0.085820 0.371965
vt 0.102938 0.375091
vt 0.069699 0.353708
vt 0.077941 0.341417
vt 0.101680 0.331452
vt 0.071460 0.365117
vt 0.085877 0.379252
vt 0.079066 0.385097
vt 0.006715 0.816738
vt 0.001070 0.813117
vt 0.154090 0.787858
vt 0.157095 0.810429
vt 0.133005 0.801312
vt 0.136990 0.781975
vt 0.126425 0.795703
vt 0.154369 0.761567
vt 0.178203 0.781871
vt 0.142007 0.764618
vt 0.467556 0.689441
vt 0.025651 0.533541
vt 0.016678 0.524372
vt 0.024106 0.526818
vt 0.017437 0.514680
vt 0.025639 0.511639
vt 0.039050 0.510798
vt 0.017755 0.499637
vt 0.020889 0.495969
vt 0.018202 0.505027
vt 0.030150 0.502910
vt 0.024992 0.496772
vt 0.041777 0.502682
vt 0.043813 0.520504
vt 0.036722 0.530574
vt 0.504916 0.074277
vt 0.515823 0.077935
vt 0.516936 0.086006
vt 0.532756 0.081019
vt 0.525370 0.080166
vt 0.542102 0.059955
vt 0.579836 0.042490
vt 0.551675 0.059395
vt 0.573363 0.040740
vt 0.054054 0.697437
vt 0.070333 0.705478
vt 0.073932 0.696864
vt 0.061243 0.687570
vt 0.042732 0.687397
vt 0.052013 0.686671
vt 0.033403 0.702692
vt 0.009692 0.829063
vt 0.011871 0.831789
vt 0.512649 0.040443
vt 0.529906 0.039712
vt 0.005908 0.827556
vt 0.404314 0.408006
vt 0.412519 0.407986
vt 0.421801 0.412868
vt 0.421493 0.400397
vt 0.425202 0.425170
vt 0.430264 0.409656
vt 0.622284 0.323739
vt 0.630086 0.341549
vt 0.620786 0.340295
vt 0.621280 0.312187
vt 0.614730 0.313186
vt 0.607026 0.335626
vt 0.860109 0.408151
vt 0.070881 0.205286
vt 0.078106 0.194234
vt 0.081105 0.206257
vt 0.070759 0.230212
vt 0.068336 0.222156
vt 0.087918 0.224810
vt 0.091270 0.210082
vt 0.099009 0.225867
vt 0.077768 0.222282
vt 0.100534 0.209043
vt 0.099035 0.198619
vt 0.082765 0.865413
vt 0.093750 0.865079
vt 0.074082 0.875570
vt 0.078114 0.868332
vt 0.088348 0.890214
vt 0.075900 0.885578
vt 0.939869 0.955762
vt 0.937998 0.946709
vt 0.952537 0.950548
vt 0.960234 0.962854
vt 0.956099 0.944767
vt 0.106119 0.870061
vt 0.101806 0.890029
vt 0.075984 0.890416
vt 0.069871 0.887655
vt 0.069560 0.891118
vt 0.113534 0.883167
vt 0.109686 0.891254
vt 0.117651 0.891339
vt 0.123047 0.886268
vt 0.576334 0.580402
vt 0.580087 0.597294
vt 0.562430 0.596736
vt 0.552028 0.585544
vt 0.564451 0.609967
vt 0.551095 0.610981
vt 0.583605 0.616501
vt 0.569923 0.625484
vt 0.530280 0.623118
vt 0.526618 0.611988
vt 0.533096 0.625253
vt 0.539402 0.625141
vt 0.586260 0.614603
vt 0.583651 0.609478
vt 0.580482 0.572955
vt 0.556571 0.571716
vt 0.573018 0.549313
vt 0.581752 0.564434
vt 0.583579 0.531172
vt 0.577865 0.538721
vt 0.579758 0.534508
vt 0.488819 0.658003
vt 0.518785 0.649528
vt 0.502578 0.670425
vt 0.502895 0.641890
vt 0.483165 0.650443
vt 0.486183 0.671723
vt 0.513896 0.681846
vt 0.515292 0.671722
vt 0.550052 0.679617
vt 0.550681 0.667553
vt 0.536013 0.657008
vt 0.510173 0.243647
vt 0.523912 0.242469
vt 0.513137 0.262093
vt 0.531011 0.248805
vt 0.527180 0.261647
vt 0.440530 0.214103
vt 0.459136 0.235711
vt 0.439300 0.232290
vt 0.419276 0.219302
vt 0.419998 0.208366
vt 0.490429 0.208060
vt 0.522185 0.183187
vt 0.473145 0.238724
vt 0.499489 0.230487
vt 0.528181 0.200044
vt 0.525255 0.214568
vt 0.489354 0.249849
vt 0.478158 0.247207
vt 0.419298 0.508585
vt 0.390159 0.503617
vt 0.383720 0.502439
vt 0.412209 0.214171
vt 0.441285 0.189841
vt 0.466683 0.184463
vt 0.430993 0.198809
vt 0.498582 0.256444
vt 0.524658 0.227157
vt 0.423976 0.478101
vt 0.425317 0.495798
vt 0.441825 0.477614
vt 0.441141 0.485050
vt 0.444293 0.483712
vt 0.392085 0.505963
vt 0.060255 0.874016
vt 0.068006 0.881513
vt 0.810410 0.866139
vt 0.810172 0.873027
vt 0.807465 0.864979
vt 0.813590 0.867844
vt 0.813976 0.873136
vt 0.808541 0.861799
vt 0.815897 0.881493
vt 0.830765 0.888158
vt 0.819039 0.903955
vt 0.821255 0.911705
vt 0.820064 0.913849
vt 0.814535 0.913170
vt 0.815691 0.909798
vt 0.487767 0.570933
vt 0.519958 0.549718
vt 0.505751 0.574803
vt 0.493522 0.606486
vt 0.545090 0.562453
vt 0.525942 0.552708
vt 0.507845 0.622629
vt 0.067588 0.873748
vt 0.258099 0.630122
vt 0.289970 0.605913
vt 0.272120 0.641774
vt 0.247350 0.641898
vt 0.309961 0.597127
vt 0.339321 0.628455
vt 0.531381 0.548773
vt 0.547241 0.549662
vt 0.553891 0.552354
vt 0.563889 0.550385
vt 0.293837 0.055440
vt 0.301292 0.071564
vt 0.292190 0.075905
vt 0.288621 0.083404
vt 0.296709 0.086774
vt 0.274564 0.066931
vt 0.267297 0.073721
vt 0.280180 0.045500
vt 0.302524 0.052850
vt 0.259504 0.054345
vt 0.244211 0.067942
vt 0.228347 0.056464
vt 0.223592 0.050031
vt 0.233313 0.047973
vt 0.222888 0.064766
vt 0.232501 0.068573
vt 0.878295 0.516748
vt 0.883001 0.528045
vt 0.874809 0.528776
vt 0.854365 0.516918
vt 0.805232 0.419635
vt 0.789752 0.453329
vt 0.791820 0.418930
vt 0.800123 0.451646
vt 0.808318 0.442849
vt 0.796859 0.463477
vt 0.808717 0.433102
vt 0.637089 0.899472
vt 0.625878 0.882606
vt 0.639436 0.884124
vt 0.624659 0.876447
vt 0.631482 0.877579
vt 0.786975 0.463545
vt 0.782447 0.455957
vt 0.778658 0.430646
vt 0.776980 0.405436
vt 0.789570 0.396057
vt 0.653422 0.908854
vt 0.655184 0.903176
vt 0.644425 0.910584
vt 0.654084 0.895725
vt 0.602091 0.979054
vt 0.577917 0.980843
vt 0.595667 0.963645
vt 0.584804 0.990226
vt 0.968307 0.958278
vt 0.577761 0.968094
vt 0.557607 0.115426
vt 0.565949 0.093135
vt 0.581770 0.108376
vt 0.567323 0.118911
vt 0.552871 0.126034
vt 0.541341 0.132295
vt 0.530858 0.126560
vt 0.549745 0.102297
vt 0.525181 0.112403
vt 0.518631 0.117376
vt 0.521215 0.129703
vt 0.232910 0.372303
vt 0.244935 0.384143
vt 0.224995 0.390386
vt 0.219469 0.363393
vt 0.207469 0.372870
vt 0.191499 0.372552
vt 0.190914 0.351889
vt 0.591264 0.094499
vt 0.587909 0.075874
vt 0.581139 0.070768
vt 0.565069 0.075149
vt 0.548754 0.084007
vt 0.542083 0.093181
vt 0.525348 0.100572
vt 0.516350 0.105568
vt 0.206699 0.405220
vt 0.197669 0.407658
vt 0.170664 0.378042
vt 0.209316 0.418067
vt 0.216457 0.414516
vt 0.231781 0.408336
vt 0.196442 0.425511
vt 0.177574 0.403402
vt 0.176939 0.432039
vt 0.163137 0.413092
vt 0.160501 0.431230
vt 0.161147 0.425243
vt 0.181731 0.345803
vt 0.163980 0.344029
vt 0.176424 0.339321
vt 0.174446 0.310999
vt 0.168434 0.315483
vt 0.167137 0.328925
vt 0.179792 0.313960
vt 0.164191 0.330584
vt 0.162443 0.326727
vt 0.561331 0.660724
vt 0.565140 0.672130
vt 0.573678 0.680245
vt 0.586424 0.680692
vt 0.573550 0.684796
vt 0.560157 0.683211
vt 0.180690 0.236275
vt 0.168045 0.261986
vt 0.165859 0.242610
vt 0.188614 0.229898
vt 0.204512 0.248021
vt 0.221440 0.242503
vt 0.209867 0.226823
vt 0.235209 0.226353
vt 0.255280 0.237076
vt 0.216380 0.259203
vt 0.249758 0.250567
vt 0.189716 0.265653
vt 0.197913 0.264907
vt 0.186642 0.282196
vt 0.168283 0.277705
vt 0.240790 0.395170
vt 0.638500 0.424292
vt 0.652020 0.419983
vt 0.645664 0.433811
vt 0.667486 0.447744
vt 0.668564 0.415775
vt 0.688669 0.456114
vt 0.678802 0.465325
vt 0.694549 0.483211
vt 0.691330 0.487459
vt 0.696884 0.476423
vt 0.700217 0.484944
vt 0.694760 0.447257
vt 0.684738 0.410567
vt 0.698942 0.407286
vt 0.702672 0.395098
vt 0.695723 0.382357
vt 0.710552 0.377592
vt 0.715011 0.366030
vt 0.707822 0.366566
vt 0.508045 0.910052
vt 0.505183 0.905930
vt 0.507328 0.905445
vt 0.497785 0.921336
vt 0.500492 0.909556
vt 0.526929 0.935362
vt 0.507417 0.946028
vt 0.519433 0.911458
vt 0.537260 0.933437
vt 0.528995 0.943704
vt 0.536341 0.944155
vt 0.537345 0.917611
vt 0.160279 0.272291
vt 0.267994 0.243456
vt 0.277650 0.246298
vt 0.276383 0.232027
vt 0.260254 0.229851
vt 0.604474 0.354410
vt 0.595403 0.377553
vt 0.603534 0.368550
vt 0.176806 0.758250
vt 0.163817 0.752928
vt 0.186781 0.766597
vt 0.185650 0.781907
vt 0.183233 0.812084
vt 0.186913 0.802935
vt 0.196504 0.813946
vt 0.206224 0.801734
vt 0.204719 0.815592
vt 0.635013 0.064317
vt 0.619037 0.104576
vt 0.619572 0.063376
vt 0.609685 0.096559
vt 0.611281 0.111939
vt 0.611690 0.066712
vt 0.897686 0.482013
vt 0.875288 0.492499
vt 0.863642 0.473069
vt 0.891545 0.502604
vt 0.892945 0.469278
vt 0.879829 0.460780
vt 0.854492 0.462565
vt 0.848739 0.482337
vt 0.855497 0.502399
vt 0.853552 0.512241
vt 0.384542 0.946748
vt 0.386539 0.931599
vt 0.386931 0.948068
vt 0.167327 0.895395
vt 0.175825 0.881206
vt 0.182472 0.908581
vt 0.189742 0.899752
vt 0.199854 0.885597
vt 0.184527 0.871484
vt 0.205339 0.894369
vt 0.213418 0.910247
vt 0.268378 0.744678
vt 0.282654 0.766029
vt 0.250095 0.748702
vt 0.295318 0.760755
vt 0.290630 0.756424
vt 0.210475 0.774108
vt 0.197327 0.762915
vt 0.173336 0.909006
vt 0.165972 0.913001
vt 0.882022 0.895009
vt 0.879869 0.888203
vt 0.908382 0.895106
vt 0.903082 0.879455
vt 0.903476 0.873384
vt 0.914140 0.873013
vt 0.886673 0.898368
vt 0.276998 0.734561
vt 0.296579 0.732541
vt 0.277436 0.724651
vt 0.264863 0.732248
vt 0.256979 0.726419
vt 0.240701 0.735321
vt 0.041059 0.928875
vt 0.055446 0.945451
vt 0.036277 0.952344
vt 0.059018 0.925782
vt 0.072279 0.934995
vt 0.053680 0.923425
vt 0.927662 0.880743
vt 0.926140 0.866185
vt 0.907005 0.853188
vt 0.912934 0.847134
vt 0.625151 0.115570
vt 0.652802 0.126576
vt 0.648677 0.101541
vt 0.640424 0.126862
vt 0.646826 0.136014
vt 0.140742 0.363886
vt 0.134431 0.379501
vt 0.126192 0.363163
vt 0.132030 0.332249
vt 0.887582 0.879977
vt 0.073023 0.948592
vt 0.064536 0.950701
vt 0.651444 0.056181
vt 0.659434 0.076603
vt 0.661542 0.087425
vt 0.665459 0.112545
vt 0.652820 0.053017
vt 0.678360 0.055254
vt 0.672909 0.081841
vt 0.691576 0.089512
vt 0.905453 0.206039
vt 0.921049 0.203343
vt 0.907431 0.213783
vt 0.910716 0.224370
vt 0.921145 0.221667
vt 0.931275 0.216186
vt 0.936539 0.200739
vt 0.941656 0.203751
vt 0.937814 0.217578
vt 0.730501 0.924816
vt 0.722914 0.924067
vt 0.728123 0.917990
vt 0.719214 0.931045
vt 0.718546 0.926397
vt 0.711434 0.948833
vt 0.707122 0.926660
vt 0.701378 0.928398
vt 0.695497 0.932764
vt 0.702447 0.948601
vt 0.719271 0.948708
vt 0.728462 0.950612
vt 0.736203 0.937068
vt 0.955171 0.202575
vt 0.945963 0.202257
vt 0.955051 0.204975
vt 0.946354 0.211521
vt 0.531975 0.245465
vt 0.591538 0.407360
vt 0.606173 0.405123
vt 0.605255 0.437260
vt 0.579942 0.410726
vt 0.611049 0.456308
vt 0.604409 0.459800
vt 0.590570 0.443610
vt 0.592093 0.464722
vt 0.580113 0.454864
vt 0.565257 0.417562
vt 0.547622 0.435206
vt 0.554939 0.423577
vt 0.578433 0.456937
vt 0.573140 0.469456
vt 0.553619 0.488218
vt 0.565193 0.482774
vt 0.242641 0.764502
vt 0.214183 0.744638
vt 0.226245 0.730658
vt 0.645918 0.775446
vt 0.664115 0.775194
vt 0.663006 0.779844
vt 0.674431 0.790456
vt 0.659456 0.801602
vt 0.666840 0.785779
vt 0.610207 0.784240
vt 0.618446 0.804338
vt 0.214164 0.964621
vt 0.217439 0.970111
vt 0.215692 0.973551
vt 0.206454 0.970867
vt 0.211062 0.981193
vt 0.217491 0.982720
vt 0.992531 0.288261
vt 0.984375 0.280042
vt 0.996387 0.280505
vt 0.979217 0.290847
vt 0.988418 0.299207
vt 0.979841 0.278179
vt 0.716581 0.924759
vt 0.708806 0.923657
vt 0.019984 0.775786
vt 0.014548 0.775718
vt 0.015046 0.767451
vt 0.007553 0.768900
vt 0.126170 0.985289
vt 0.124314 0.984846
vt 0.135738 0.981132
vt 0.126777 0.980489
vt 0.132056 0.972743
vt 0.141936 0.969852
vt 0.142159 0.960387
vt 0.145279 0.976713
vt 0.141630 0.982004
vt 0.151751 0.867948
vt 0.136398 0.860654
vt 0.149962 0.853889
vt 0.145234 0.884565
vt 0.132142 0.874734
vt 0.169975 0.852598
vt 0.170073 0.862293
vt 0.166371 0.839277
vt 0.152847 0.829882
vt 0.138361 0.839280
vt 0.140823 0.829560
vt 0.132001 0.840067
vt 0.161707 0.881150
vt 0.206820 0.730235
vt 0.198376 0.736726
vt 0.363088 0.096714
vt 0.334660 0.106845
vt 0.362267 0.086129
vt 0.357520 0.083245
vt 0.010402 0.275590
vt 0.012514 0.269399
vt 0.017934 0.278415
vt 0.021244 0.269109
vt 0.014277 0.283049
vt 0.007471 0.278137
vt 0.988655 0.706148
vt 0.988909 0.705540
vt 0.990034 0.705552
vt 0.989144 0.034010
vt 0.990446 0.034362
vt 0.989225 0.034498
vt 0.328581 0.134673
vt 0.321869 0.152692
vt 0.313515 0.164396
vt 0.312858 0.153797
vt 0.324389 0.126040
vt 0.320250 0.126615
vt 0.319883 0.120004
vt 0.347660 0.116781
vt 0.317088 0.100279
vt 0.319816 0.108194
vt 0.342056 0.128502
vt 0.362199 0.104798
vt 0.185984 0.845725
vt 0.189004 0.835763
vt 0.191975 0.830807
vt 0.181024 0.827861
vt 0.006574 0.223126
vt 0.013181 0.222629
vt 0.013809 0.228790
vt 0.979144 0.378526
vt 0.990736 0.380313
vt 0.989739 0.393650
vt 0.974478 0.394928
vt 0.988250 0.405415
vt 0.968896 0.378392
vt 0.612146 0.444773
vt 0.650289 0.810740
vt 0.604923 0.797293
vt 0.288099 0.487177
vt 0.288414 0.494184
vt 0.252021 0.506220
vt 0.254354 0.483022
vt 0.240111 0.479181
vt 0.218107 0.453985
vt 0.239842 0.453005
vt 0.229464 0.447989
vt 0.218623 0.443479
vt 0.220029 0.478056
vt 0.742483 0.171450
vt 0.735717 0.201730
vt 0.729189 0.181593
vt 0.727658 0.147735
vt 0.741362 0.194554
vt 0.267717 0.484102
vt 0.290335 0.476967
vt 0.281535 0.472329
vt 0.275692 0.469326
vt 0.295504 0.460621
vt 0.293857 0.463676
vt 0.619303 0.817111
vt 0.610564 0.811042
vt 0.258402 0.468433
vt 0.248596 0.462644
vt 0.237976 0.208752
vt 0.217516 0.210423
vt 0.234169 0.203224
vt 0.202868 0.200279
vt 0.220872 0.199462
vt 0.204965 0.209605
vt 0.210740 0.187211
vt 0.193422 0.190946
vt 0.175432 0.208993
vt 0.247673 0.198037
vt 0.240656 0.192976
vt 0.863259 0.899956
vt 0.889192 0.913552
vt 0.889566 0.921410
vt 0.856483 0.924142
vt 0.849295 0.911478
vt 0.846902 0.925162
vt 0.835093 0.917787
vt 0.552331 0.237646
vt 0.552759 0.221558
vt 0.560197 0.234003
vt 0.580298 0.223996
vt 0.561301 0.209386
vt 0.550741 0.205178
vt 0.580960 0.248719
vt 0.570233 0.204398
vt 0.565326 0.197038
vt 0.581445 0.194899
vt 0.585836 0.212901
vt 0.605716 0.222797
vt 0.614166 0.231729
vt 0.615974 0.256553
vt 0.583380 0.266003
vt 0.565734 0.256598
vt 0.267701 0.521554
vt 0.249957 0.526811
vt 0.272472 0.529796
vt 0.262466 0.536823
vt 0.225726 0.436859
vt 0.227377 0.436389
vt 0.173527 0.935277
vt 0.194273 0.943742
vt 0.176504 0.946294
vt 0.191698 0.933036
vt 0.155056 0.942632
vt 0.177032 0.960242
vt 0.182571 0.969678
vt 0.190738 0.961432
vt 0.594384 0.031771
vt 0.603277 0.017808
vt 0.615963 0.030475
vt 0.590086 0.005608
vt 0.578121 0.020443
vt 0.581080 0.005226
vt 0.596445 0.009958
vt 0.794149 0.943034
vt 0.821056 0.938401
vt 0.807171 0.947312
vt 0.794375 0.949287
vt 0.779648 0.929647
vt 0.791804 0.919104
vt 0.784097 0.939349
vt 0.818985 0.931467
vt 0.817005 0.927421
vt 0.799350 0.922277
vt 0.603271 0.039786
vt 0.010346 0.631182
vt 0.014548 0.635653
vt 0.008527 0.637014
vt 0.005567 0.633400
vt 0.849370 0.896172
vt 0.854319 0.888751
vt 0.840830 0.905045
vt 0.970930 0.582655
vt 0.959314 0.582263
vt 0.971001 0.573327
vt 0.952377 0.564626
vt 0.970226 0.565963
vt 0.974060 0.555984
vt 0.973037 0.549083
vt 0.966529 0.537170
vt 0.948125 0.548878
vt 0.940920 0.559575
vt 0.955189 0.537760
vt 0.973179 0.542240
vt 0.252314 0.543820
vt 0.235561 0.562150
vt 0.226485 0.570543
vt 0.227330 0.547739
vt 0.595971 0.197086
vt 0.595508 0.185882
vt 0.602897 0.187502
vt 0.617071 0.194872
vt 0.603735 0.210763
vt 0.615286 0.214398
vt 0.618720 0.209304
vt 0.625709 0.218650
vt 0.619118 0.265480
vt 0.622380 0.261203
vt 0.622303 0.255624
vt 0.622411 0.258327
vt 0.622819 0.278322
vt 0.601055 0.292646
vt 0.619381 0.289508
vt 0.316234 0.092158
vt 0.806835 0.484642
vt 0.776714 0.489757
vt 0.778804 0.481124
vt 0.815676 0.493568
vt 0.798473 0.492763
vt 0.831295 0.493885
vt 0.827459 0.485119
vt 0.803333 0.479749
vt 0.812818 0.475432
vt 0.821390 0.474244
vt 0.817981 0.472048
vt 0.824428 0.476896
vt 0.839362 0.501124
vt 0.837983 0.516121
vt 0.811705 0.509423
vt 0.822743 0.526389
vt 0.840049 0.531773
vt 0.804874 0.525734
vt 0.803695 0.521661
vt 0.794863 0.504608
vt 0.028947 0.996271
vt 0.028099 0.993511
vt 0.031766 0.994323
vt 0.720960 0.617287
vt 0.736606 0.620260
vt 0.702505 0.629048
vt 0.734286 0.645236
vt 0.720027 0.650720
vt 0.698650 0.647161
vt 0.717049 0.662603
vt 0.699071 0.656320
vt 0.703371 0.670614
vt 0.731655 0.674942
vt 0.730989 0.664620
vt 0.735942 0.657657
vt 0.226555 0.522726
vt 0.397975 0.077366
vt 0.384448 0.049970
vt 0.397431 0.039451
vt 0.364717 0.046423
vt 0.372834 0.064287
vt 0.722118 0.761311
vt 0.714286 0.756611
vt 0.723203 0.751552
vt 0.729544 0.757617
vt 0.723821 0.768523
vt 0.719427 0.766714
vt 0.284535 0.952299
vt 0.279761 0.950643
vt 0.278878 0.944851
vt 0.292591 0.943084
vt 0.290739 0.960623
vt 0.298424 0.953614
vt 0.422513 0.065789
vt 0.418147 0.078620
vt 0.421291 0.056924
vt 0.436375 0.074983
vt 0.441032 0.067001
vt 0.158505 0.223960
vt 0.152150 0.233739
vt 0.146207 0.236967
vt 0.143909 0.225945
vt 0.136498 0.206179
vt 0.134973 0.191259
vt 0.142623 0.187433
vt 0.167519 0.215955
vt 0.220782 0.570069
vt 0.217125 0.567309
vt 0.922617 0.666236
vt 0.913012 0.667351
vt 0.899761 0.637637
vt 0.886226 0.633359
vt 0.889211 0.626850
vt 0.928381 0.811985
vt 0.911724 0.811281
vt 0.930794 0.794484
vt 0.476083 0.098031
vt 0.482882 0.118122
vt 0.468868 0.126701
vt 0.473642 0.139144
vt 0.463055 0.093052
vt 0.438791 0.130345
vt 0.457132 0.087187
vt 0.433096 0.106894
vt 0.477262 0.152971
vt 0.464750 0.136372
vt 0.449436 0.148420
vt 0.428998 0.119715
vt 0.616219 0.186858
vt 0.623620 0.186644
vt 0.970116 0.038831
vt 0.978787 0.044686
vt 0.972888 0.048557
vt 0.968306 0.012628
vt 0.978906 0.023741
vt 0.963464 0.027038
vt 0.981059 0.017009
vt 0.970119 0.007565
vt 0.377188 0.086676
vt 0.380825 0.092694
vt 0.569790 0.543984
vt 0.090080 0.842535
vt 0.084360 0.844006
vt 0.089140 0.826949
vt 0.081135 0.835033
vt 0.076897 0.824816
vt 0.073876 0.838153
vt 0.073288 0.834362
vt 0.076819 0.841948
vt 0.688968 0.637997
vt 0.344299 0.961511
vt 0.357412 0.945998
vt 0.353910 0.960690
vt 0.340643 0.950927
vt 0.349851 0.943969
vt 0.917958 0.623457
vt 0.910108 0.611482
vt 0.932020 0.639113
vt 0.727743 0.696242
vt 0.721506 0.695409
vt 0.736044 0.688902
vt 0.714073 0.682682
vt 0.961700 0.030499
vt 0.962650 0.007252
vt 0.958743 0.008921
vt 0.955035 0.016055
vt 0.419031 0.117497
vt 0.411923 0.109235
vt 0.758835 0.764551
vt 0.767175 0.738204
vt 0.773918 0.768646
vt 0.744351 0.760430
vt 0.747855 0.706524
vt 0.758513 0.719396
vt 0.739955 0.739601
vt 0.777706 0.706895
vt 0.775091 0.733808
vt 0.766977 0.715429
vt 0.993128 0.158046
vt 0.991022 0.161143
vt 0.988262 0.158609
vt 0.004656 0.406158
vt 0.006442 0.402255
vt 0.013422 0.408661
vt 0.014135 0.401105
vt 0.018178 0.401801
vt 0.022924 0.407001
vt 0.779577 0.326469
vt 0.790953 0.339906
vt 0.773588 0.343757
vt 0.800357 0.322506
vt 0.741658 0.326812
vt 0.591500 0.289409
vt 0.114148 0.835651
vt 0.105191 0.836590
vt 0.115750 0.826918
vt 0.120627 0.820215
vt 0.108539 0.810004
vt 0.116996 0.810551
vt 0.120479 0.835203
vt 0.086752 0.811742
vt 0.074425 0.813221
vt 0.091541 0.805786
vt 0.096007 0.795429
vt 0.110060 0.798860
vt 0.094965 0.788405
vt 0.098849 0.786048
vt 0.719239 0.338814
vt 0.725898 0.328920
vt 0.734778 0.341985
vt 0.758431 0.364699
vt 0.785396 0.359612
vt 0.737294 0.661490
vt 0.734707 0.672007
vt 0.734761 0.674504
vt 0.017445 0.613431
vt 0.006495 0.617929
vt 0.017107 0.608007
vt 0.013677 0.621611
vt 0.463467 0.157774
vt 0.452165 0.158193
vt 0.472969 0.165224
vt 0.479047 0.169255
vt 0.470186 0.166665
vt 0.786616 0.840643
vt 0.789742 0.846943
vt 0.779990 0.850015
vt 0.789151 0.851189
vt 0.789356 0.854612
vt 0.786744 0.865461
vt 0.777292 0.862470
vt 0.768386 0.858888
vt 0.781959 0.878004
vt 0.768105 0.880183
vt 0.749678 0.855392
vt 0.747592 0.856349
vt 0.070708 0.803498
vt 0.087302 0.792780
vt 0.072288 0.789123
vt 0.082244 0.784344
vt 0.085666 0.787780
vt 0.714683 0.334250
vt 0.532191 0.146381
vt 0.571884 0.142330
vt 0.573415 0.151521
vt 0.530361 0.158313
vt 0.557834 0.175046
vt 0.562375 0.168813
vt 0.562318 0.179100
vt 0.558833 0.180163
vt 0.570677 0.180745
vt 0.599627 0.167869
vt 0.577274 0.158904
vt 0.600153 0.153915
vt 0.856857 0.954880
vt 0.857319 0.960381
vt 0.835543 0.955656
vt 0.703985 0.775561
vt 0.712640 0.779331
vt 0.702817 0.781935
vt 0.705315 0.789864
vt 0.722834 0.783154
vt 0.711747 0.804224
vt 0.703085 0.813394
vt 0.704865 0.823866
vt 0.731638 0.801129
vt 0.724929 0.809020
vt 0.717076 0.825344
vt 0.703991 0.840526
vt 0.718690 0.838357
vt 0.703245 0.844438
vt 0.873081 0.766869
vt 0.889602 0.772391
vt 0.885092 0.784497
vt 0.884775 0.758112
vt 0.898315 0.770894
vt 0.888012 0.746441
vt 0.871568 0.738566
vt 0.897862 0.787426
vt 0.890967 0.799767
vt 0.875350 0.796848
vt 0.874481 0.788561
vt 0.860466 0.783683
vt 0.863570 0.774143
vt 0.865785 0.746500
vt 0.861309 0.759394
vt 0.859177 0.749404
vt 0.868985 0.738887
vt 0.863800 0.734836
vt 0.862869 0.735802
vt 0.016227 0.254668
vt 0.011566 0.251454
vt 0.018495 0.248550
vt 0.636618 0.695902
vt 0.619469 0.693726
vt 0.616996 0.679465
vt 0.604812 0.693120
vt 0.609657 0.700589
vt 0.613093 0.667511
vt 0.600042 0.659862
vt 0.595870 0.643528
vt 0.594992 0.650015
vt 0.600733 0.680948
vt 0.635673 0.669890
vt 0.641825 0.662459
vt 0.647576 0.689468
vt 0.658322 0.668288
vt 0.657250 0.685018
vt 0.661303 0.646250
vt 0.665984 0.658905
vt 0.646690 0.637165
vt 0.636269 0.636903
vt 0.638217 0.620470
vt 0.660656 0.630621
vt 0.674577 0.655760
vt 0.674868 0.676915
vt 0.665711 0.683791
vt 0.985525 0.487616
vt 0.978843 0.485686
vt 0.982431 0.477714
vt 0.627467 0.660608
vt 0.621261 0.648070
vt 0.656425 0.615165
vt 0.667904 0.616965
vt 0.676892 0.639069
vt 0.645516 0.607317
vt 0.914626 0.038953
vt 0.921088 0.048537
vt 0.900161 0.041747
vt 0.921831 0.037396
vt 0.917725 0.026885
vt 0.894549 0.030128
vt 0.917729 0.020889
vt 0.889998 0.022567
vt 0.911228 0.008815
vt 0.893267 0.010533
vt 0.924338 0.014476
vt 0.090109 0.192961
vt 0.957159 0.419732
vt 0.944056 0.419487
vt 0.947468 0.405259
vt 0.937491 0.415424
vt 0.940236 0.400707
vt 0.955930 0.398234
vt 0.957466 0.406031
vt 0.929491 0.433809
vt 0.941975 0.435574
vt 0.939308 0.442491
vt 0.928918 0.428346
vt 0.110604 0.203499
vt 0.113242 0.232711
vt 0.125894 0.223412
vt 0.894132 0.027687
vt 0.891862 0.277220
vt 0.890929 0.265767
vt 0.904695 0.275902
vt 0.880714 0.251833
vt 0.894362 0.253354
vt 0.884789 0.238071
vt 0.907158 0.239948
vt 0.911159 0.257299
vt 0.917223 0.243730
vt 0.872507 0.267976
vt 0.865313 0.265606
vt 0.868148 0.244527
vt 0.768679 0.299549
vt 0.762992 0.297552
vt 0.770877 0.279792
vt 0.776507 0.285939
vt 0.781430 0.286796
vt 0.781240 0.277992
vt 0.788929 0.247300
vt 0.784399 0.271430
vt 0.776051 0.235126
vt 0.792018 0.230043
vt 0.757472 0.276801
vt 0.757703 0.243849
vt 0.766671 0.221553
vt 0.794294 0.220007
vt 0.757462 0.284995
vt 0.112596 0.288654
vt 0.094702 0.266213
vt 0.098078 0.263367
vt 0.120139 0.270173
vt 0.128839 0.265466
vt 0.137852 0.267920
vt 0.151963 0.298721
vt 0.127816 0.313147
vt 0.132632 0.285031
vt 0.606488 0.636323
vt 0.616369 0.610614
vt 0.623627 0.606109
vt 0.603290 0.615665
vt 0.768408 0.526258
vt 0.764401 0.543837
vt 0.759981 0.530053
vt 0.763088 0.511765
vt 0.779715 0.524288
vt 0.774371 0.509505
vt 0.768208 0.507184
vt 0.757423 0.506522
vt 0.751475 0.508144
vt 0.751204 0.525320
vt 0.802964 0.221788
vt 0.775946 0.556134
vt 0.786964 0.561825
vt 0.714258 0.575996
vt 0.705623 0.600931
vt 0.691968 0.570554
vt 0.649374 0.530818
vt 0.676259 0.541097
vt 0.662679 0.551248
vt 0.711164 0.555861
vt 0.702515 0.515332
vt 0.670412 0.520029
vt 0.710576 0.531316
vt 0.721055 0.538519
vt 0.856053 0.564312
vt 0.821343 0.585090
vt 0.832129 0.572400
vt 0.854638 0.592307
vt 0.823583 0.597983
vt 0.836189 0.622263
vt 0.852109 0.614363
vt 0.845999 0.626851
vt 0.855422 0.627862
vt 0.830325 0.613014
vt 0.861428 0.594590
vt 0.864496 0.580768
vt 0.867347 0.603361
vt 0.869078 0.608301
vt 0.724269 0.533027
vt 0.724910 0.522165
vt 0.732910 0.525024
vt 0.107799 0.346445
vt 0.798112 0.678167
vt 0.792452 0.667932
vt 0.805121 0.666173
vt 0.811817 0.682247
vt 0.812541 0.668859
vt 0.819198 0.678258
vt 0.808114 0.697999
vt 0.819791 0.690459
vt 0.816049 0.701128
vt 0.754807 0.640733
vt 0.756959 0.639416
vt 0.754480 0.652332
vt 0.762347 0.658027
vt 0.777187 0.618257
vt 0.788003 0.621772
vt 0.777819 0.641246
vt 0.792458 0.608646
vt 0.797569 0.625516
vt 0.796612 0.648848
vt 0.775358 0.666570
vt 0.817011 0.645086
vt 0.801467 0.693592
vt 0.677107 0.671132
vt 0.067786 0.256451
vt 0.090599 0.246650
vt 0.077237 0.254612
vt 0.107169 0.250890
vt 0.394669 0.765276
vt 0.384761 0.743680
vt 0.402153 0.759621
vt 0.406099 0.771185
vt 0.412933 0.768054
vt 0.395109 0.735724
vt 0.407913 0.746411
vt 0.409342 0.729024
vt 0.375328 0.753851
vt 0.352430 0.764439
vt 0.340085 0.751996
vt 0.369152 0.766172
vt 0.089945 0.000965
vt 0.100051 0.005806
vt 0.094140 0.007497
vt 0.646090 0.985522
vt 0.648499 0.974491
vt 0.656883 0.991205
vt 0.662279 0.976864
vt 0.113272 0.306416
vt 0.104100 0.291624
vt 0.773194 0.591813
vt 0.766010 0.579678
vt 0.779072 0.576738
vt 0.766410 0.561027
vt 0.753707 0.588698
vt 0.765909 0.601696
vt 0.741699 0.577445
vt 0.749087 0.589715
vt 0.740901 0.562682
vt 0.779539 0.598943
vt 0.788827 0.592040
vt 0.796648 0.580490
vt 0.726873 0.553996
vt 0.746200 0.539820
vt 0.733446 0.547754
vt 0.093298 0.326549
vt 0.081860 0.005486
vt 0.744964 0.144805
vt 0.752849 0.166775
vt 0.733501 0.125489
vt 0.742617 0.124397
vt 0.715770 0.120689
vt 0.709641 0.121677
vt 0.701663 0.117750
vt 0.716254 0.144179
vt 0.803835 0.614170
vt 0.149981 0.310835
vt 0.877106 0.383608
vt 0.873534 0.395959
vt 0.870466 0.392972
vt 0.881163 0.387637
vt 0.894077 0.394280
vt 0.878945 0.407397
vt 0.895024 0.400750
vt 0.379571 0.721768
vt 0.393230 0.701284
vt 0.356653 0.711503
vt 0.808804 0.625416
vt 0.808005 0.617268
vt 0.065867 0.306108
vt 0.071887 0.324607
vt 0.054429 0.318731
vt 0.077509 0.284357
vt 0.082343 0.286491
vt 0.062563 0.291144
vt 0.060767 0.281571
vt 0.039375 0.284912
vt 0.054047 0.285644
vt 0.032192 0.264027
vt 0.036767 0.255066
vt 0.039025 0.265132
vt 0.050979 0.259690
vt 0.045949 0.260133
vt 0.452803 0.066503
vt 0.444263 0.070953
vt 0.440112 0.062130
vt 0.910610 0.713835
vt 0.912044 0.701461
vt 0.913728 0.714294
vt 0.920164 0.712135
vt 0.927809 0.694535
vt 0.944346 0.712313
vt 0.696032 0.229018
vt 0.676498 0.244330
vt 0.694234 0.225807
vt 0.657918 0.238026
vt 0.674709 0.226510
vt 0.917198 0.715638
vt 0.929166 0.718601
vt 0.919503 0.716296
vt 0.938549 0.719578
vt 0.949116 0.724024
vt 0.953065 0.696507
vt 0.953021 0.710303
vt 0.944504 0.681161
vt 0.937941 0.686136
vt 0.798291 0.550972
vt 0.805094 0.564398
vt 0.624727 0.598378
vt 0.630413 0.594244
vt 0.637468 0.594022
vt 0.371375 0.705797
vt 0.338480 0.704885
vt 0.327158 0.701061
vt 0.892450 0.419812
vt 0.894816 0.413608
vt 0.908440 0.437531
vt 0.892463 0.427414
vt 0.914449 0.432723
vt 0.916917 0.422999
vt 0.911556 0.408849
vt 0.904347 0.392767
vt 0.912102 0.402664
vt 0.337362 0.762794
vt 0.327842 0.764099
vt 0.324010 0.762690
vt 0.317818 0.764251
vt 0.322899 0.753702
vt 0.313320 0.759693
vt 0.655334 0.224114
vt 0.663154 0.217864
vt 0.657249 0.213569
vt 0.653259 0.213570
vt 0.673404 0.269124
vt 0.667256 0.256403
vt 0.684498 0.249281
vt 0.688105 0.274113
vt 0.689171 0.308911
vt 0.683120 0.300019
vt 0.686884 0.285814
vt 0.695981 0.296800
vt 0.694968 0.290015
vt 0.321628 0.703627
vt 0.317060 0.722660
vt 0.331002 0.688246
vt 0.340443 0.687050
vt 0.350297 0.682632
vt 0.362639 0.683697
vt 0.375232 0.686427
vt 0.890689 0.436464
vt 0.899674 0.440617
vt 0.872760 0.426362
vt 0.869208 0.438352
vt 0.923207 0.783522
vt 0.918745 0.780827
vt 0.909473 0.799124
vt 0.762177 0.953939
vt 0.758116 0.945845
vt 0.766028 0.934525
vt 0.772962 0.959233
vt 0.775038 0.966238
vt 0.757550 0.928636
vt 0.750487 0.933838
vt 0.750424 0.927855
vt 0.753751 0.952412
vt 0.671209 0.895200
vt 0.671437 0.891513
vt 0.672540 0.899940
vt 0.683859 0.897125
vt 0.866519 0.635967
vt 0.868453 0.625588
vt 0.619757 0.146986
vt 0.630636 0.147059
vt 0.640651 0.159809
vt 0.120367 0.109602
vt 0.108894 0.108223
vt 0.145720 0.107686
vt 0.103919 0.097298
vt 0.106756 0.062289
vt 0.099853 0.079505
vt 0.092213 0.071778
vt 0.103173 0.054785
vt 0.118376 0.071142
vt 0.116377 0.062911
vt 0.117632 0.062821
vt 0.308740 0.769459
vt 0.312073 0.768573
vt 0.649176 0.216433
vt 0.646451 0.236978
vt 0.639923 0.244841
vt 0.644525 0.259351
vt 0.689639 0.968253
vt 0.691003 0.957603
vt 0.702012 0.971210
vt 0.677372 0.890517
vt 0.131580 0.089690
vt 0.154695 0.099547
vt 0.174452 0.095791
vt 0.170271 0.103446
vt 0.129789 0.070922
vt 0.680643 0.823649
vt 0.682460 0.824281
vt 0.685726 0.832292
vt 0.658127 0.836815
vt 0.670067 0.830799
vt 0.686992 0.843535
vt 0.655400 0.871752
vt 0.640289 0.854804
vt 0.682605 0.873236
vt 0.701891 0.865075
vt 0.706120 0.865941
vt 0.702479 0.862842
vt 0.659517 0.200497
vt 0.654680 0.201651
vt 0.644556 0.179310
vt 0.679434 0.199389
vt 0.655312 0.153728
vt 0.684439 0.152966
vt 0.681439 0.163019
vt 0.677640 0.183049
vt 0.677092 0.982751
vt 0.676590 0.972015
vt 0.682231 0.956119
vt 0.760148 0.981559
vt 0.762875 0.988845
vt 0.756773 0.992550
vt 0.188334 0.590610
vt 0.204195 0.580264
vt 0.208693 0.597809
vt 0.208622 0.589248
vt 0.194923 0.604654
vt 0.213467 0.620073
vt 0.205359 0.619634
vt 0.218124 0.606958
vt 0.195909 0.570663
vt 0.202660 0.572224
vt 0.181958 0.578543
vt 0.170984 0.585207
vt 0.132713 0.596882
vt 0.151995 0.578063
vt 0.162583 0.580540
vt 0.427191 0.873216
vt 0.449115 0.866282
vt 0.427899 0.875617
vt 0.430280 0.878187
vt 0.443919 0.878131
vt 0.470563 0.875832
vt 0.480526 0.862185
vt 0.467386 0.858706
vt 0.480431 0.871199
vt 0.485113 0.864644
vt 0.473842 0.874952
vt 0.476446 0.876282
vt 0.478467 0.877878
vt 0.493048 0.880695
vt 0.490982 0.864864
vt 0.455677 0.886774
vt 0.464072 0.891071
vt 0.482173 0.889051
vt 0.499760 0.872382
vt 0.499208 0.888385
vt 0.509055 0.881847
vt 0.510337 0.885533
vt 0.500469 0.886022
vt 0.499223 0.890419
vt 0.492377 0.891174
vt 0.507118 0.877163
vt 0.084903 0.586606
vt 0.086499 0.592319
vt 0.068431 0.580398
vt 0.077430 0.562835
vt 0.101796 0.563692
vt 0.098681 0.567786
vt 0.093119 0.562690
vt 0.087087 0.551782
vt 0.093735 0.557189
vt 0.084146 0.555518
vt 0.097658 0.573168
vt 0.094097 0.582574
vt 0.774660 0.843839
vt 0.783925 0.833078
vt 0.065791 0.544525
vt 0.053088 0.547467
vt 0.053957 0.576387
vt 0.047310 0.547759
vt 0.061103 0.533226
vt 0.065253 0.528334
vt 0.075601 0.534546
vt 0.709807 0.889899
vt 0.718112 0.893413
vt 0.706216 0.910280
vt 0.717691 0.886186
vt 0.697464 0.884761
vt 0.723517 0.895066
vt 0.723612 0.906533
vt 0.679464 0.907819
vt 0.380478 0.845331
vt 0.361179 0.848639
vt 0.352364 0.841921
vt 0.346606 0.850130
vt 0.359276 0.837123
vt 0.348566 0.832273
vt 0.358639 0.827955
vt 0.361884 0.832751
vt 0.382179 0.847314
vt 0.389808 0.844255
vt 0.387530 0.836113
vt 0.010045 0.701578
vt 0.020294 0.697444
vt 0.016652 0.707909
vt 0.990655 0.819029
vt 0.991693 0.826054
vt 0.984472 0.819525
vt 0.598758 0.829991
vt 0.580695 0.824272
vt 0.579520 0.812341
vt 0.583340 0.834503
vt 0.616243 0.843406
vt 0.595727 0.850102
vt 0.608873 0.831912
vt 0.588050 0.811805
vt 0.049655 0.566409
vt 0.058611 0.593375
vt 0.047823 0.576178
vt 0.047897 0.588735
vt 0.794340 0.829131
vt 0.927753 0.607561
vt 0.936838 0.596231
vt 0.937153 0.619611
vt 0.927109 0.581679
vt 0.921824 0.585208
vt 0.961501 0.502555
vt 0.974683 0.503101
vt 0.971204 0.510189
vt 0.965247 0.513090
vt 0.961949 0.516060
vt 0.957779 0.508101
vt 0.955360 0.515598
vt 0.946584 0.505421
vt 0.944341 0.494511
vt 0.960793 0.477819
vt 0.966033 0.478471
vt 0.955204 0.482120
vt 0.165690 0.714499
vt 0.198024 0.709067
vt 0.178876 0.717153
vt 0.076129 0.049124
vt 0.082222 0.048622
vt 0.081042 0.050369
vt 0.080735 0.039773
vt 0.071831 0.024316
vt 0.066361 0.031558
vt 0.116513 0.740023
vt 0.126124 0.725755
vt 0.124802 0.743461
vt 0.130038 0.705273
vt 0.140288 0.715645
vt 0.126452 0.720491
vt 0.123726 0.686350
vt 0.116927 0.680559
vt 0.685257 0.508475
vt 0.784706 0.166851
vt 0.792288 0.188662
vt 0.776374 0.199308
vt 0.177495 0.591767
vt 0.179228 0.611220
vt 0.180445 0.627987
vt 0.177929 0.620365
vt 0.186678 0.625510
vt 0.151102 0.608958
vt 0.137765 0.618718
vt 0.143769 0.623189
vt 0.592996 0.864264
vt 0.608170 0.868802
vt 0.626098 0.840505
vt 0.619736 0.836607
vt 0.624974 0.842717
vt 0.794473 0.185999
vt 0.783507 0.130835
vt 0.792799 0.146540
vt 0.771831 0.140742
vt 0.773696 0.174439
vt 0.767782 0.161584
vt 0.803277 0.140607
vt 0.801353 0.153908
vt 0.775642 0.122264
vt 0.768114 0.128227
vt 0.766955 0.121484
vt 0.124283 0.577008
vt 0.117492 0.604544
vt 0.112351 0.587608
vt 0.574937 0.841648
vt 0.939611 0.588480
vt 0.078869 0.607369
vt 0.083633 0.610734
vt 0.069186 0.606228
vt 0.061278 0.608997
vt 0.048260 0.617521
vt 0.445955 0.972157
vt 0.452027 0.974945
vt 0.440809 0.975043
vt 0.440340 0.981098
vt 0.438586 0.962920
vt 0.434901 0.969233
vt 0.435132 0.978844
vt 0.433146 0.985185
vt 0.432357 0.989449
vt 0.068031 0.050021
vt 0.055496 0.052186
vt 0.056813 0.038178
vt 0.052907 0.025626
vt 0.407309 0.870416
vt 0.394087 0.878717
vt 0.400934 0.856398
vt 0.394615 0.857461
vt 0.378199 0.892960
vt 0.384468 0.870618
vt 0.377812 0.882088
vt 0.374386 0.888082
vt 0.146950 0.738375
vt 0.138675 0.706188
vt 0.119099 0.675557
vt 0.123814 0.680062
vt 0.126524 0.687862
vt 0.228893 0.900840
vt 0.235433 0.904414
vt 0.227671 0.911608
vt 0.222959 0.928131
vt 0.230243 0.922758
vt 0.232146 0.934039
vt 0.227507 0.938107
vt 0.243685 0.913043
vt 0.243358 0.940014
vt 0.238682 0.940888
vt 0.233302 0.946790
vt 0.223593 0.943858
vt 0.212667 0.939820
vt 0.255718 0.934188
vt 0.251861 0.916281
vt 0.846405 0.036158
vt 0.855080 0.054546
vt 0.827388 0.043441
vt 0.851153 0.039641
vt 0.860574 0.043138
vt 0.868114 0.043779
vt 0.875615 0.038682
vt 0.876128 0.047838
vt 0.868610 0.054789
vt 0.875883 0.061197
vt 0.869300 0.060462
vt 0.882024 0.044035
vt 0.882595 0.058169
vt 0.878092 0.063264
vt 0.860529 0.060431
vt 0.859732 0.033948
vt 0.878844 0.036808
vt 0.885213 0.045161
vt 0.174994 0.051231
vt 0.177207 0.058391
vt 0.166446 0.054501
vt 0.178437 0.064506
vt 0.167045 0.071405
vt 0.175872 0.084496
vt 0.146411 0.063260
vt 0.155820 0.075270
vt 0.164258 0.088387
vt 0.150410 0.088222
vt 0.852147 0.032904
vt 0.829640 0.034093
vt 0.785845 0.029216
vt 0.773097 0.025914
vt 0.774812 0.020340
vt 0.776450 0.037789
vt 0.770319 0.045931
vt 0.777738 0.045460
vt 0.766125 0.041917
vt 0.752631 0.024962
vt 0.743712 0.029190
vt 0.746498 0.016991
vt 0.738858 0.024563
vt 0.743598 0.035398
vt 0.749479 0.011308
vt 0.763645 0.011713
vt 0.784259 0.045330
vt 0.776075 0.963994
vt 0.081334 0.534602
vt 0.562950 0.963201
vt 0.558482 0.970951
vt 0.558705 0.959303
vt 0.554484 0.964989
vt 0.545675 0.975109
vt 0.558139 0.977173
vt 0.363681 0.815431
vt 0.377798 0.818680
vt 0.349991 0.823602
vt 0.389190 0.824046
vt 0.372270 0.823641
vt 0.532085 0.963675
vt 0.541969 0.956447
vt 0.533773 0.975009
vt 0.527017 0.969249
vt 0.527693 0.965755
vt 0.037821 0.065357
vt 0.029870 0.066471
vt 0.041478 0.059519
vt 0.046130 0.040896
vt 0.390435 0.825005
vt 0.337261 0.922057
vt 0.332537 0.913813
vt 0.346026 0.903193
vt 0.349341 0.915679
vt 0.334787 0.905718
vt 0.245481 0.020650
vt 0.255709 0.015976
vt 0.261022 0.022982
vt 0.269585 0.021291
vt 0.276387 0.012455
vt 0.287029 0.019890
vt 0.279791 0.026173
vt 0.263793 0.031441
vt 0.276496 0.033837
vt 0.843418 0.523520
vt 0.240232 0.033891
vt 0.233590 0.025203
vt 0.552133 0.759437
vt 0.542145 0.753848
vt 0.551148 0.746576
vt 0.564285 0.748455
vt 0.593011 0.759440
vt 0.542402 0.743136
vt 0.536586 0.749615
vt 0.351276 0.923178
vt 0.359936 0.920129
vt 0.371925 0.924223
vt 0.355647 0.923601
vt 0.324081 0.914497
vt 0.326218 0.924158
vt 0.335994 0.933465
vt 0.329289 0.932227
vt 0.438254 0.908378
vt 0.442266 0.904819
vt 0.462866 0.908681
vt 0.458171 0.923331
vt 0.443072 0.922672
vt 0.441275 0.916719
vt 0.457020 0.923631
vt 0.441856 0.926181
vt 0.465090 0.918364
vt 0.468311 0.923236
vt 0.479154 0.913390
vt 0.479096 0.922485
vt 0.452950 0.902240
vt 0.463141 0.904061
vt 0.475819 0.905929
vt 0.485022 0.909893
vt 0.477136 0.901783
vt 0.118397 0.903703
vt 0.109623 0.906353
vt 0.112778 0.902578
vt 0.108058 0.921362
vt 0.103634 0.909360
vt 0.120018 0.918369
vt 0.120884 0.908368
vt 0.570993 0.766271
vt 0.611315 0.746945
vt 0.613758 0.755016
vt 0.610173 0.745393
vt 0.594515 0.751261
vt 0.588179 0.737569
vt 0.564507 0.740795
vt 0.552279 0.737886
vt 0.564205 0.736653
vt 0.593738 0.764223
vt 0.149939 0.909868
vt 0.129996 0.913432
vt 0.132700 0.904681
vt 0.148470 0.919725
vt 0.130613 0.920180
vt 0.610838 0.764219
vt 0.623419 0.756036
vt 0.628325 0.752001
vt 0.618191 0.747004
vt 0.625737 0.746066
vt 0.634036 0.747944
vt 0.612555 0.747558
vt 0.601858 0.737380
vt 0.608248 0.742419
vt 0.609788 0.744101
vt 0.882148 0.184908
vt 0.888264 0.213084
vt 0.882221 0.196864
vt 0.855624 0.181834
vt 0.851228 0.162843
vt 0.859996 0.162274
vt 0.885796 0.175983
vt 0.873456 0.156139
vt 0.867804 0.228336
vt 0.876525 0.227475
vt 0.862415 0.221249
vt 0.871979 0.209132
vt 0.840593 0.207378
vt 0.850899 0.193682
vt 0.863698 0.196777
vt 0.791573 0.478165
vt 0.783829 0.475710
vt 0.858041 0.972937
vt 0.869829 0.978769
vt 0.858045 0.985104
vt 0.848597 0.984664
vt 0.858641 0.994135
vt 0.852525 0.994838
vt 0.849431 0.979158
vt 0.027073 0.110867
vt 0.021723 0.112653
vt 0.015276 0.116363
vt 0.981917 0.747911
vt 0.978673 0.736889
vt 0.991126 0.753867
vt 0.988943 0.744783
vt 0.974404 0.724310
vt 0.966597 0.735856
vt 0.385079 0.099148
vt 0.377914 0.102952
vt 0.395819 0.099927
vt 0.466842 0.853310
vt 0.477166 0.839614
vt 0.478747 0.841594
vt 0.476708 0.851719
vt 0.486706 0.850796
vt 0.488119 0.853852
vt 0.484230 0.847232
vt 0.489702 0.851395
vt 0.479697 0.842550
vt 0.481816 0.844787
vt 0.855845 0.973597
vt 0.844190 0.973912
vt 0.844548 0.978291
vt 0.847413 0.970226
vt 0.848519 0.971748
vt 0.851522 0.972775
vt 0.853527 0.973145
vt 0.012856 0.011018
vt 0.012472 0.012230
vt 0.011275 0.011790
vt 0.013960 0.013650
vt 0.015559 0.130094
vt 0.019650 0.123182
vt 0.027404 0.132693
vt 0.029891 0.118906
vt 0.844663 0.994674
vt 0.841286 0.991821
vt 0.035899 0.395593
vt 0.034854 0.385645
vt 0.048873 0.397426
vt 0.037045 0.413441
vt 0.050719 0.416040
vt 0.041285 0.417709
vt 0.833371 0.217969
vt 0.843130 0.224718
vt 0.847323 0.231238
vt 0.838476 0.196673
vt 0.817703 0.201815
vt 0.829032 0.189256
vt 0.835111 0.171872
vt 0.901795 0.970087
vt 0.891556 0.962924
vt 0.915592 0.963715
vt 0.913361 0.957567
vt 0.913471 0.950648
vt 0.899622 0.948066
vt 0.915271 0.945978
vt 0.879115 0.962860
vt 0.879877 0.958408
vt 0.892045 0.957857
vt 0.880928 0.950517
vt 0.730317 0.747107
vt 0.048018 0.369755
vt 0.035158 0.379958
vt 0.858381 0.009732
vt 0.865854 0.020382
vt 0.838897 0.019765
vt 0.881392 0.945516
vt 0.275575 0.935364
vt 0.547642 0.166002
vt 0.554884 0.169963
vt 0.604809 0.126506
vt 0.406754 0.024616
vt 0.388291 0.024092
vt 0.402740 0.015725
vt 0.392086 0.026368
vt 0.388033 0.018890
vt 0.435111 0.005604
vt 0.443903 0.010283
vt 0.432967 0.013523
vt 0.426952 0.030977
vt 0.424812 0.034896
vt 0.864079 0.001566
vt 0.851887 0.004290
vt 0.741665 0.711512
vt 0.758741 0.701266
vt 0.920829 0.952914
vt 0.820770 0.192086
vt 0.826629 0.166979
vt 0.813381 0.178517
vt 0.058352 0.396200
vt 0.057193 0.371119
vt 0.066588 0.393956
vt 0.063818 0.412407
vt 0.056115 0.411765
vt 0.060162 0.421075
vt 0.067451 0.423976
vt 0.054634 0.424902
vt 0.071521 0.410827
vt 0.076858 0.420040
vt 0.820991 0.207101
vt 0.836055 0.012832
vt 0.838012 0.007736
vt 0.830421 0.009348
vt 0.831604 0.019566
vt 0.817359 0.196964
vt 0.820204 0.212982
vt 0.816179 0.210952
vt 0.934521 0.005198
vt 0.937135 0.008784
vt 0.934339 0.015208
vt 0.942874 0.028669
vt 0.935559 0.047927
vt 0.933129 0.042263
vt 0.823730 0.214702
vt 0.969358 0.706395
vt 0.962263 0.681097
vt 0.974919 0.703496
vt 0.012736 0.871415
vt 0.008763 0.875801
vt 0.010501 0.869929
vt 0.011550 0.883702
vt 0.013888 0.905173
vt 0.022000 0.890996
vt 0.023447 0.901633
vt 0.034301 0.887038
vt 0.032125 0.891486
vt 0.022747 0.879663
vt 0.025033 0.882698
vt 0.046350 0.420353
vt 0.109106 0.937675
vt 0.115345 0.936638
vt 0.115428 0.943632
vt 0.109335 0.947460
vt 0.129283 0.943405
vt 0.131501 0.934224
vt 0.126543 0.953516
vt 0.105490 0.949480
vt 0.111905 0.962905
vt 0.120388 0.960789
vt 0.539596 0.295845
vt 0.543349 0.287599
vt 0.555746 0.295286
vt 0.569699 0.284253
vt 0.570960 0.296953
vt 0.568958 0.313265
vt 0.557055 0.313436
vt 0.536769 0.313214
vt 0.581923 0.340823
vt 0.563311 0.350223
vt 0.578317 0.337591
vt 0.572549 0.353618
vt 0.569087 0.332663
vt 0.578603 0.326325
vt 0.577974 0.319413
vt 0.553815 0.322263
vt 0.540951 0.330337
vt 0.538377 0.322067
vt 0.581747 0.375709
vt 0.580086 0.380621
vt 0.566943 0.375237
vt 0.559624 0.361846
vt 0.547558 0.370647
vt 0.556374 0.382130
vt 0.579305 0.385252
vt 0.388608 0.143638
vt 0.393706 0.137687
vt 0.397370 0.141455
vt 0.382729 0.154502
vt 0.394707 0.173771
vt 0.354602 0.144609
vt 0.361390 0.141503
vt 0.376622 0.151622
vt 0.372593 0.145466
vt 0.369223 0.157183
vt 0.383842 0.148697
vt 0.549892 0.278807
vt 0.561674 0.279345
vt 0.573451 0.289662
vt 0.595371 0.896237
vt 0.580035 0.899858
vt 0.592170 0.889419
vt 0.576222 0.884214
vt 0.579606 0.880098
vt 0.599037 0.886620
vt 0.594489 0.880941
vt 0.602644 0.894910
vt 0.981472 0.228696
vt 0.974009 0.231242
vt 0.968018 0.216934
vt 0.977430 0.212043
vt 0.989148 0.223465
vt 0.983192 0.206457
vt 0.990059 0.240923
vt 0.969588 0.228514
vt 0.974928 0.205014
vt 0.990501 0.213178
vt 0.408155 0.150839
vt 0.430942 0.152198
vt 0.411356 0.176326
vt 0.432406 0.172420
vt 0.429022 0.143437
vt 0.048193 0.254076
vt 0.045750 0.871534
vt 0.045548 0.878726
vt 0.045110 0.875079
vt 0.046885 0.863663
vt 0.046312 0.854207
vt 0.057463 0.859195
vt 0.057993 0.850807
vt 0.061883 0.857868
vt 0.043800 0.848632
vt 0.055821 0.826164
vt 0.062497 0.826889
vt 0.040598 0.839221
vt 0.050949 0.819392
vt 0.562989 0.869896
vt 0.571570 0.863189
vt 0.578096 0.872740
vt 0.579090 0.868472
vt 0.554265 0.891875
vt 0.574373 0.901852
vt 0.568130 0.899908
vt 0.551764 0.901993
vt 0.573850 0.307002
vt 0.355956 0.137788
vt 0.349336 0.148130
vt 0.363958 0.155944
vt 0.039941 0.873558
vt 0.038600 0.870815
vt 0.037218 0.868218
vt 0.402855 0.185216
vt 0.399553 0.186492
vt 0.398819 0.186569
vt 0.389376 0.180288
vt 0.382204 0.167651
vt 0.029133 0.840286
vt 0.032968 0.838984
vt 0.035601 0.846282
vt 0.014731 0.440043
vt 0.018350 0.434439
vt 0.018477 0.450962
vt 0.026084 0.426075
vt 0.024313 0.448957
vt 0.021268 0.422799
vt 0.037248 0.431400
vt 0.037714 0.438948
vt 0.024131 0.460106
vt 0.029019 0.456340
vt 0.028448 0.310921
vt 0.032629 0.291292
vt 0.028911 0.311517
vt 0.036199 0.305439
vt 0.029821 0.313461
vt 0.548579 0.885378
vt 0.552927 0.868194
vt 0.551964 0.859432
vt 0.560989 0.856874
vt 0.525149 0.373813
vt 0.529940 0.384272
vt 0.536353 0.352969
vt 0.514756 0.361644
vt 0.527480 0.382487
vt 0.541645 0.387792
vt 0.531803 0.896133
vt 0.530053 0.893256
vt 0.525369 0.899556
vt 0.540146 0.885972
vt 0.534150 0.901343
vt 0.548791 0.904779
vt 0.042063 0.798622
vt 0.034863 0.782653
vt 0.048658 0.785542
vt 0.054756 0.769279
vt 0.058032 0.790524
vt 0.045613 0.762041
vt 0.051110 0.759978
vt 0.034949 0.766305
vt 0.033762 0.799652
vt 0.057916 0.804138
vt 0.051888 0.804106
vt 0.672330 0.287098
vt 0.660325 0.268163
vt 0.650602 0.284747
vt 0.649269 0.283417
vt 0.467780 0.948620
vt 0.472072 0.935159
vt 0.478927 0.938605
vt 0.479385 0.933096
vt 0.072004 0.966196
vt 0.065171 0.970428
vt 0.066649 0.963557
vt 0.093444 0.963224
vt 0.096061 0.973717
vt 0.084133 0.966401
vt 0.085151 0.973142
vt 0.068466 0.975228
vt 0.682257 0.306331
vt 0.454673 0.950938
vt 0.458044 0.941165
vt 0.444522 0.939426
vt 0.449170 0.948713
vt 0.868011 0.982805
vt 0.867473 0.972582
vt 0.865945 0.991447
vt 0.944873 0.111862
vt 0.931446 0.112447
vt 0.936569 0.096539
vt 0.921996 0.110324
vt 0.930289 0.079771
vt 0.915310 0.106149
vt 0.908938 0.097603
vt 0.905530 0.093264
vt 0.920143 0.077571
vt 0.947900 0.078852
vt 0.953151 0.069705
vt 0.953128 0.075762
vt 0.952561 0.090031
vt 0.011746 0.164216
vt 0.010180 0.157719
vt 0.016039 0.157098
vt 0.016402 0.162488
vt 0.021957 0.169097
vt 0.021194 0.159671
vt 0.015344 0.479171
vt 0.019252 0.472903
vt 0.035311 0.470811
vt 0.022461 0.481581
vt 0.304734 0.855631
vt 0.303250 0.845949
vt 0.314551 0.852840
vt 0.312399 0.860755
vt 0.338086 0.867899
vt 0.310987 0.884764
vt 0.325202 0.865455
vt 0.307063 0.880780
vt 0.303129 0.876509
vt 0.303270 0.866623
vt 0.303481 0.883134
vt 0.328974 0.885919
vt 0.314716 0.889827
vt 0.336539 0.881331
vt 0.331166 0.887606
vt 0.498041 0.866660
vt 0.032492 0.129075
vt 0.682865 0.892240
vt 0.953188 0.082723
vt 0.806079 0.059820
vt 0.801566 0.053341
vt 0.807641 0.054386
vt 0.804948 0.044043
vt 0.800277 0.020463
vt 0.805002 0.011485
vt 0.808857 0.034370
vt 0.812134 0.030070
vt 0.689432 0.891896
vt 0.360218 0.867059
vt 0.359202 0.872092
vt 0.345234 0.877336
vt 0.112331 0.644573
vt 0.111801 0.654104
vt 0.108526 0.646247
vt 0.126056 0.649053
vt 0.106390 0.636497
vt 0.107393 0.625040
vt 0.116218 0.622297
vt 0.100795 0.631948
vt 0.550861 0.014395
vt 0.515396 0.014343
vt 0.514430 0.007678
vt 0.516866 0.021334
vt 0.525665 0.026356
vt 0.551407 0.024155
vt 0.558019 0.018943
vt 0.555224 0.007981
vt 0.119305 0.657772
vt 0.161460 0.657116
vt 0.147099 0.671757
vt 0.161183 0.669490
vt 0.181536 0.678216
vt 0.174849 0.672620
vt 0.191825 0.676646
vt 0.194888 0.665403
vt 0.169517 0.649499
vt 0.198869 0.655378
vt 0.199962 0.652151
vt 0.173445 0.643517
vt 0.153558 0.643251
vt 0.945873 0.068203
vt 0.116457 0.767027
vt 0.110493 0.768077
vt 0.131644 0.751769
vt 0.946345 0.986802
vt 0.941271 0.981967
vt 0.945474 0.976665
vt 0.940413 0.987297
vt 0.926844 0.984699
vt 0.937331 0.992327
vt 0.924827 0.989870
vt 0.922609 0.983188
vt 0.056731 0.227489
vt 0.058620 0.231058
vt 0.053365 0.234456
vt 0.028036 0.233492
vt 0.042255 0.238378
vt 0.039852 0.230382
vt 0.028748 0.226355
vt 0.023480 0.228428
vt 0.038580 0.222185
vt 0.048091 0.224247
vt 0.020284 0.848958
vt 0.023417 0.854834
vt 0.013553 0.856509
vt 0.985250 0.571491
vt 0.984541 0.566040
vt 0.990021 0.568650
vt 0.989131 0.563682
vt 0.013666 0.847778
vt 0.018549 0.844243
vt 0.004535 0.855369
vt 0.016632 0.859033
vt 0.385887 0.967255
vt 0.387007 0.962831
vt 0.401521 0.971482
vt 0.394805 0.975715
vt 0.388404 0.974058
vt 0.401320 0.981016
vt 0.416789 0.977534
vt 0.413639 0.983412
vt 0.410207 0.985115
vt 0.406003 0.984564
vt 0.493710 0.025765
vt 0.468913 0.034293
vt 0.491957 0.019435
vt 0.498308 0.027150
vt 0.497698 0.020537
vt 0.482030 0.039474
vt 0.489015 0.040663
vt 0.987217 0.915437
vt 0.991630 0.918622
vt 0.982828 0.922014
vt 0.991414 0.924291
vt 0.982905 0.942352
vt 0.985540 0.934795
vt 0.990483 0.946716
vt 0.968476 0.979756
vt 0.969222 0.974546
vt 0.975544 0.973703
vt 0.976436 0.969715
vt 0.981300 0.969460
vt 0.990009 0.981153
vt 0.993043 0.978549
vt 0.983859 0.982359
vt 0.055017 0.224332
vt 0.990482 0.961694
vt 0.993110 0.967363
vt 0.985654 0.965133
vt 0.403482 0.965263
vt 0.415255 0.961296
vt 0.420479 0.970824
vt 0.139343 0.671289
vt 0.471044 0.058359
vt 0.443862 0.036660
vt 0.443291 0.039137
vt 0.438035 0.036297
vt 0.463131 0.024337
vt 0.540367 0.002156
vt 0.416907 0.884666
vt 0.419398 0.895330
vt 0.938199 0.523719
vt 0.931412 0.533578
vt 0.909272 0.525558
vt 0.917082 0.517842
vt 0.924080 0.516679
vt 0.930179 0.505615
vt 0.918766 0.506698
vt 0.935810 0.514531
vt 0.914402 0.507418
vt 0.925321 0.498797
vt 0.914368 0.494867
vt 0.908238 0.515753
vt 0.904537 0.534321
vt 0.899744 0.529246
vt 0.900516 0.525975
vt 0.414448 0.899773
vt 0.404867 0.894503
vt 0.417449 0.898933
vt 0.413286 0.900562
vt 0.414192 0.902200
vt 0.408971 0.899292
vt 0.139914 0.637986
vt 0.157489 0.636233
vt 0.417882 0.962384
vt 0.479521 0.055124
vt 0.486655 0.056731
vt 0.489895 0.049227
vt 0.484955 0.070191
vt 0.480340 0.071909
vt 0.486068 0.076937
vt 0.481428 0.079956
vt 0.369522 0.897912
vt 0.992944 0.081270
vt 0.992644 0.082088
vt 0.990134 0.080413
vt 0.993889 0.067002
vt 0.987192 0.077344
vt 0.980358 0.076067
vt 0.972372 0.085424
vt 0.979776 0.086725
vt 0.975335 0.088322
vt 0.985709 0.060475
vt 0.996519 0.057803
vt 0.971104 0.066906
vt 0.980444 0.060380
vt 0.963122 0.067032
vt 0.184725 0.027076
vt 0.189605 0.017585
vt 0.200756 0.018421
vt 0.190569 0.033051
vt 0.203542 0.041727
vt 0.212292 0.019537
vt 0.216671 0.024706
vt 0.212557 0.038234
vt 0.010155 0.932126
vt 0.012625 0.926554
vt 0.019064 0.931531
vt 0.016324 0.937182
vt 0.012372 0.938268
vt 0.083858 0.282124
vt 0.957058 0.163379
vt 0.970812 0.167435
vt 0.960032 0.174923
vt 0.954379 0.154677
vt 0.965095 0.155128
vt 0.968789 0.191999
vt 0.959585 0.189713
vt 0.966927 0.188014
vt 0.952253 0.171369
vt 0.952147 0.180999
vt 0.332771 0.839497
vt 0.338661 0.850119
vt 0.335540 0.833034
vt 0.335972 0.823902
vt 0.326890 0.817466
vt 0.341773 0.816390
vt 0.327550 0.828536
vt 0.322467 0.830531
vt 0.002468 0.043258
vt 0.010856 0.044596
vt 0.006621 0.054446
vt 0.013700 0.053319
vt 0.304309 0.567086
vt 0.309408 0.577870
vt 0.280666 0.584747
vt 0.275951 0.576995
vt 0.318153 0.557250
vt 0.307425 0.543849
vt 0.324736 0.581434
vt 0.334839 0.568232
vt 0.326688 0.581434
vt 0.352231 0.582686
vt 0.354787 0.555897
vt 0.431850 0.559543
vt 0.450024 0.584001
vt 0.402730 0.578009
vt 0.334810 0.547544
vt 0.272083 0.590541
vt 0.264448 0.589470
vt 0.268959 0.581811
vt 0.257797 0.575402
vt 0.281883 0.560168
vt 0.272767 0.573923
vt 0.282008 0.564842
vt 0.413188 0.536348
vt 0.388641 0.548766
vt 0.388233 0.527837
vt 0.875243 0.867306
vt 0.845596 0.870002
vt 0.874254 0.836704
vt 0.852487 0.807360
vt 0.861351 0.814506
vt 0.838937 0.844699
vt 0.839302 0.817792
vt 0.827141 0.868959
vt 0.930856 0.933401
vt 0.912406 0.927524
vt 0.944112 0.930457
vt 0.920297 0.917360
vt 0.927328 0.911281
vt 0.935957 0.915724
vt 0.948297 0.917178
vt 0.938055 0.907463
vt 0.954463 0.925792
vt 0.356663 0.532660
vt 0.342291 0.502786
vt 0.333249 0.513194
vt 0.321312 0.540938
vt 0.310894 0.537089
vt 0.317097 0.510788
vt 0.382080 0.399739
vt 0.373924 0.387666
vt 0.393061 0.369788
vt 0.395949 0.389156
vt 0.374118 0.355709
vt 0.354950 0.373175
vt 0.348063 0.354436
vt 0.386033 0.342003
vt 0.399808 0.348904
vt 0.420315 0.354309
vt 0.371091 0.401384
vt 0.360449 0.395586
vt 0.353691 0.387999
vt 0.326495 0.488590
vt 0.333953 0.484511
vt 0.323317 0.477641
vt 0.322143 0.482949
vt 0.500345 0.513923
vt 0.492970 0.507948
vt 0.500283 0.499380
vt 0.510422 0.503747
vt 0.504491 0.518347
vt 0.517017 0.524559
vt 0.511381 0.526720
vt 0.519735 0.513986
vt 0.518633 0.533376
vt 0.523948 0.530870
vt 0.528096 0.525061
vt 0.532167 0.469851
vt 0.531176 0.499562
vt 0.487209 0.487606
vt 0.472460 0.508583
vt 0.476866 0.476102
vt 0.463165 0.494091
vt 0.463318 0.445848
vt 0.459766 0.440044
vt 0.475150 0.451786
vt 0.508729 0.428462
vt 0.495064 0.453251
vt 0.490408 0.424683
vt 0.482659 0.465757
vt 0.306296 0.499674
vt 0.311846 0.491744
vt 0.304130 0.504828
vt 0.306683 0.483041
vt 0.364445 0.400616
vt 0.353428 0.405936
vt 0.347781 0.402238
vt 0.331668 0.371429
vt 0.324628 0.382715
vt 0.326459 0.354782
vt 0.319074 0.371321
vt 0.313153 0.383228
vt 0.308290 0.365611
vt 0.299917 0.375723
vt 0.297257 0.354592
vt 0.290536 0.361511
vt 0.308712 0.349944
vt 0.336773 0.349846
vt 0.719216 0.087371
vt 0.707340 0.080283
vt 0.728795 0.077876
vt 0.712899 0.063556
vt 0.154003 0.152174
vt 0.141156 0.151123
vt 0.150851 0.141492
vt 0.156945 0.125508
vt 0.167889 0.140506
vt 0.191453 0.140139
vt 0.190912 0.149812
vt 0.156435 0.161041
vt 0.150584 0.159147
vt 0.120702 0.157642
vt 0.118544 0.142323
vt 0.132671 0.170104
vt 0.100531 0.159893
vt 0.102091 0.133460
vt 0.111874 0.128586
vt 0.121888 0.179223
vt 0.108799 0.173632
vt 0.147136 0.122469
vt 0.775694 0.074105
vt 0.789098 0.074584
vt 0.785860 0.074923
vt 0.730883 0.057020
vt 0.749775 0.054935
vt 0.744268 0.052113
vt 0.764571 0.058690
vt 0.761053 0.073211
vt 0.774474 0.059237
vt 0.783645 0.060943
vt 0.633199 0.917113
vt 0.647259 0.927026
vt 0.622864 0.919137
vt 0.616095 0.906590
vt 0.620133 0.903749
vt 0.612817 0.924642
vt 0.611693 0.916717
vt 0.707632 0.059870
vt 0.154607 0.163676
vt 0.896512 0.658289
vt 0.891103 0.671619
vt 0.890258 0.656670
vt 0.861991 0.658409
vt 0.900143 0.684250
vt 0.978468 0.880463
vt 0.961554 0.889302
vt 0.954533 0.881263
vt 0.956151 0.885946
vt 0.967092 0.903223
vt 0.981434 0.896657
vt 0.970097 0.911324
vt 0.981903 0.885334
vt 0.253140 0.971952
vt 0.248134 0.957061
vt 0.261260 0.965406
vt 0.234497 0.964948
vt 0.243769 0.959845
vt 0.238363 0.971541
vt 0.266681 0.958240
vt 0.979956 0.592178
vt 0.984766 0.594630
vt 0.981122 0.599489
vt 0.973191 0.597091
vt 0.976278 0.611772
vt 0.962260 0.600586
vt 0.996390 0.328682
vt 0.990811 0.328477
vt 0.989916 0.323351
vt 0.982856 0.327259
vt 0.984377 0.333310
vt 0.988909 0.336242
vt 0.994580 0.335060
vt 0.871005 0.683887
vt 0.891280 0.697933
vt 0.876493 0.693290
vt 0.885941 0.709882
vt 0.861145 0.697398
vt 0.855837 0.680486
vt 0.865478 0.711585
vt 0.890439 0.719707
vt 0.898543 0.711267
vt 0.848815 0.655764
vt 0.857967 0.650615
vt 0.840370 0.656874
vt 0.846014 0.667032
vt 0.835163 0.663106
vt 0.832731 0.671717
vt 0.835571 0.694758
vt 0.846391 0.692295
vt 0.840597 0.699244
vt 0.835005 0.701056
vt 0.858484 0.717128
vt 0.894328 0.983795
vt 0.898177 0.983049
vt 0.896815 0.991125
vt 0.884564 0.991452
vt 0.880831 0.984555
vt 0.887837 0.998912
vt 0.886742 0.723647
vt 0.870464 0.721371
vt 0.947138 0.901863
vt 0.089601 0.783211
vt 0.235114 0.785681
vt 0.281037 0.797073
vt 0.234034 0.798947
vt 0.230578 0.791227
vt 0.294802 0.804789
vt 0.272559 0.811345
vt 0.295777 0.811050
vt 0.302178 0.808819
vt 0.296194 0.791782
vt 0.301145 0.799101
vt 0.988604 0.358238
vt 0.984649 0.356839
vt 0.988455 0.350654
vt 0.983438 0.347663
vt 0.781429 0.770814
vt 0.775491 0.751321
vt 0.833671 0.299690
vt 0.820578 0.309662
vt 0.811787 0.304097
vt 0.829883 0.251761
vt 0.836259 0.293774
vt 0.840603 0.281907
vt 0.841874 0.285641
vt 0.579652 0.628071
vt 0.113583 0.806091
vt 0.113973 0.802582
vt 0.806239 0.299167
vt 0.797948 0.304423
vt 0.791415 0.307513
vt 0.790165 0.302233
vt 0.821129 0.233031
vt 0.801114 0.263420
vt 0.221980 0.814158
vt 0.219583 0.811048
vt 0.225266 0.804053
vt 0.453175 0.356013
vt 0.450725 0.360927
vt 0.447724 0.341425
vt 0.466209 0.363520
vt 0.457948 0.355610
vt 0.477232 0.337449
vt 0.477409 0.322757
vt 0.442662 0.330758
vt 0.473776 0.353076
vt 0.509661 0.324814
vt 0.471282 0.302946
vt 0.500000 0.305582
vt 0.827843 0.789833
vt 0.810436 0.798411
vt 0.794148 0.788346
vt 0.801205 0.779638
vt 0.802191 0.754008
vt 0.557230 0.815652
vt 0.560977 0.823011
vt 0.532685 0.819060
vt 0.547737 0.799119
vt 0.532489 0.780709
vt 0.539140 0.794799
vt 0.528936 0.773465
vt 0.543408 0.772686
vt 0.507757 0.781341
vt 0.516730 0.773928
vt 0.521609 0.790268
vt 0.507617 0.800143
vt 0.505699 0.823181
vt 0.501032 0.837146
vt 0.532878 0.838965
vt 0.506715 0.840741
vt 0.497190 0.831010
vt 0.546148 0.843087
vt 0.537028 0.840975
vt 0.541671 0.838298
vt 0.555803 0.841151
vt 0.551843 0.845381
vt 0.728779 0.840251
vt 0.351303 0.805168
vt 0.358528 0.792230
vt 0.375161 0.795759
vt 0.349819 0.788968
vt 0.337516 0.792696
vt 0.344668 0.780478
vt 0.814891 0.726035
vt 0.815843 0.729848
vt 0.812256 0.722303
vt 0.808836 0.722969
vt 0.798131 0.732576
vt 0.802327 0.719636
vt 0.791718 0.716180
vt 0.825778 0.739259
vt 0.812456 0.745906
vt 0.839447 0.751376
vt 0.833326 0.762852
vt 0.837933 0.786441
vt 0.822238 0.762101
vt 0.810247 0.770704
vt 0.799868 0.742206
vt 0.924972 0.349800
vt 0.929102 0.384524
vt 0.921415 0.370804
vt 0.914793 0.352870
vt 0.365946 0.779327
vt 0.381883 0.782623
vt 0.390409 0.780111
vt 0.392501 0.794751
vt 0.821175 0.080929
vt 0.843656 0.079134
vt 0.839920 0.091889
vt 0.840819 0.132908
vt 0.821815 0.133895
vt 0.827278 0.123435
vt 0.822054 0.108108
vt 0.831949 0.105274
vt 0.811464 0.116444
vt 0.797654 0.107264
vt 0.817090 0.103080
vt 0.812078 0.126033
vt 0.016107 0.369312
vt 0.019839 0.365724
vt 0.023954 0.372171
vt 0.848795 0.716104
vt 0.940984 0.352422
vt 0.950216 0.384422
vt 0.940677 0.384313
vt 0.933925 0.384755
vt 0.929871 0.391515
vt 0.487512 0.806848
vt 0.838713 0.152429
vt 0.825122 0.147959
vt 0.805137 0.088748
vt 0.800654 0.099573
vt 0.794325 0.097739
vt 0.158022 0.446152
vt 0.163946 0.450442
vt 0.164484 0.466798
vt 0.173483 0.454153
vt 0.173062 0.469647
vt 0.162316 0.477989
vt 0.187870 0.495955
vt 0.163730 0.522246
vt 0.153872 0.554760
vt 0.163978 0.563419
vt 0.178709 0.558216
vt 0.182660 0.535115
vt 0.183286 0.541567
vt 0.192766 0.533334
vt 0.196014 0.520287
vt 0.179377 0.519418
vt 0.213616 0.512500
vt 0.203118 0.504870
vt 0.470449 0.766675
vt 0.467585 0.767932
vt 0.434614 0.745585
vt 0.447884 0.767003
vt 0.436383 0.757214
vt 0.459264 0.431679
vt 0.470903 0.426739
vt 0.509639 0.759725
vt 0.514503 0.752408
vt 0.520566 0.753252
vt 0.495424 0.763047
vt 0.484504 0.765621
vt 0.477689 0.766351
vt 0.445867 0.734981
vt 0.484021 0.398527
vt 0.469798 0.400535
vt 0.475967 0.396478
vt 0.462084 0.403777
vt 0.205163 0.490894
vt 0.206670 0.481082
vt 0.195804 0.475798
vt 0.181013 0.462733
vt 0.486833 0.738548
vt 0.497689 0.739656
vt 0.501539 0.741059
vt 0.508507 0.747130
vt 0.312853 0.974350
vt 0.316799 0.954690
vt 0.326432 0.969303
vt 0.322032 0.953056
vt 0.316909 0.947935
vt 0.321712 0.946116
vt 0.468203 0.735676
vt 0.932299 0.162923
vt 0.935104 0.181057
vt 0.915941 0.143689
vt 0.901070 0.159961
vt 0.909348 0.151483
vt 0.925832 0.141612
vt 0.940174 0.157918
vt 0.922945 0.180875
vt 0.145441 0.507940
vt 0.143234 0.495194
vt 0.151175 0.501518
vt 0.108637 0.503100
vt 0.143997 0.478513
vt 0.122185 0.469049
vt 0.138098 0.467653
vt 0.125830 0.436902
vt 0.131184 0.448511
vt 0.110348 0.437990
vt 0.104704 0.464233
vt 0.115019 0.457055
vt 0.104745 0.479533
vt 0.427185 0.732965
vt 0.425410 0.285014
vt 0.420148 0.288347
vt 0.413348 0.292052
vt 0.434585 0.303892
vt 0.428820 0.281859
vt 0.457719 0.284607
vt 0.454622 0.275043
vt 0.503958 0.464849
vt 0.520038 0.448575
vt 0.506888 0.443788
vt 0.419285 0.297665
vt 0.415631 0.311628
vt 0.460243 0.300469
vt 0.122205 0.530724
vt 0.107637 0.534959
vt 0.865164 0.100630
vt 0.870117 0.117772
vt 0.861808 0.110073
vt 0.884695 0.102810
vt 0.892266 0.121426
vt 0.898825 0.136880
vt 0.891460 0.138300
vt 0.884507 0.141449
vt 0.860149 0.138356
vt 0.857358 0.134349
vt 0.860874 0.128689
vt 0.868964 0.139246
vt 0.896319 0.077845
vt 0.888221 0.074603
vt 0.895577 0.070035
vt 0.889566 0.086560
vt 0.213820 0.655691
vt 0.219039 0.655139
vt 0.219048 0.663477
vt 0.227697 0.688751
vt 0.238071 0.658382
vt 0.254387 0.673102
vt 0.250282 0.656770
vt 0.256311 0.658916
vt 0.280419 0.672587
vt 0.304340 0.668248
vt 0.281600 0.664007
vt 0.243850 0.678154
vt 0.534676 0.449138
vt 0.521702 0.434025
vt 0.532100 0.425751
vt 0.521878 0.412933
vt 0.503239 0.405083
vt 0.524946 0.397694
vt 0.155278 0.023355
vt 0.165038 0.032635
vt 0.154730 0.038816
vt 0.146032 0.036267
vt 0.129037 0.024444
vt 0.138502 0.014934
vt 0.128820 0.005725
vt 0.117930 0.012604
vt 0.156659 0.012606
vt 0.162904 0.008115
vt 0.106522 0.024012
vt 0.116786 0.040827
vt 0.125400 0.048159
vt 0.941332 0.137349
vt 0.937336 0.126741
vt 0.941108 0.133577
vt 0.261722 0.090418
vt 0.270327 0.099702
vt 0.239937 0.097858
vt 0.243225 0.087476
vt 0.236081 0.121532
vt 0.221849 0.112340
vt 0.229288 0.103099
vt 0.220149 0.122216
vt 0.241686 0.134223
vt 0.172395 0.023947
vt 0.166969 0.011905
vt 0.214880 0.690982
vt 0.210451 0.687635
vt 0.251644 0.705104
vt 0.244682 0.710025
vt 0.258597 0.690766
vt 0.235280 0.701780
vt 0.235353 0.711661
vt 0.268272 0.122655
vt 0.288072 0.115504
vt 0.213807 0.106500
vt 0.225845 0.090281
vt 0.200546 0.097204
vt 0.971471 0.829954
vt 0.936928 0.841154
vt 0.942360 0.828451
vt 0.958448 0.818564
vt 0.931141 0.832093
vt 0.974473 0.838001
vt 0.966634 0.839765
vt 0.306869 0.383187
vt 0.285550 0.360772
vt 0.292019 0.374189
vt 0.290965 0.349605
vt 0.530972 0.405962
vt 0.959067 0.862791
vt 0.971392 0.860222
vt 0.970381 0.864013
vt 0.943035 0.849348
vt 0.967115 0.849601
vt 0.942002 0.857239
vt 0.737558 0.881001
vt 0.750321 0.888934
vt 0.742040 0.889804
vt 0.757423 0.890266
vt 0.763724 0.894101
vt 0.747610 0.908772
vt 0.760040 0.909813
vt 0.750674 0.915299
vt 0.771407 0.907712
vt 0.764346 0.917117
vt 0.775712 0.894526
vt 0.779039 0.900491
vt 0.086387 0.474179
vt 0.061585 0.499800
vt 0.054606 0.494871
vt 0.051543 0.466318
vt 0.052808 0.483204
vt 0.049585 0.474458
vt 0.073960 0.442797
vt 0.054876 0.445029
vt 0.059271 0.438288
vt 0.089663 0.447857
vt 0.089699 0.453223
vt 0.081980 0.454664
vt 0.090312 0.475027
vt 0.069330 0.455223
vt 0.072754 0.470453
vt 0.580369 0.510301
vt 0.578056 0.494049
vt 0.593396 0.503472
vt 0.591053 0.511927
vt 0.600615 0.522629
vt 0.616412 0.519548
vt 0.604874 0.496312
vt 0.716022 0.236727
vt 0.706715 0.244383
vt 0.715154 0.225337
vt 0.701974 0.258396
vt 0.715691 0.256068
vt 0.704218 0.263762
vt 0.708973 0.276818
vt 0.722948 0.264248
vt 0.728860 0.257351
vt 0.723274 0.251037
vt 0.724289 0.241456
vt 0.720246 0.287891
vt 0.738464 0.270920
vt 0.722880 0.296030
vt 0.736898 0.284565
vt 0.735687 0.233256
vt 0.736817 0.247915
vt 0.723242 0.218240
vt 0.735417 0.222257
vt 0.415365 0.368655
vt 0.417409 0.344882
vt 0.408687 0.343399
vt 0.434442 0.344610
vt 0.436682 0.348334
vt 0.430492 0.343253
vt 0.432555 0.351508
vt 0.763938 0.132651
vt 0.765995 0.193538
vt 0.198111 0.624908
vt 0.116711 0.576786
vt 0.137008 0.576074
vt 0.032317 0.630498
vt 0.032348 0.629002
vt 0.040475 0.609908
vt 0.032117 0.613735
vt 0.942241 0.482684
vt 0.677681 0.027297
vt 0.670907 0.038298
vt 0.655794 0.035666
vt 0.662337 0.039676
vt 0.685377 0.037752
vt 0.692324 0.030759
vt 0.694020 0.033645
vt 0.057699 0.085364
vt 0.035262 0.093059
vt 0.043993 0.077514
vt 0.641777 0.565989
vt 0.639500 0.555511
vt 0.643564 0.557994
vt 0.637571 0.572028
vt 0.633602 0.545160
vt 0.627248 0.532769
vt 0.635257 0.530578
vt 0.630496 0.492193
vt 0.122766 0.714335
vt 0.641798 0.572197
vt 0.634627 0.581118
vt 0.631493 0.577828
vt 0.621028 0.548330
vt 0.615474 0.498583
vt 0.040401 0.107333
vt 0.035808 0.097711
vt 0.047283 0.115937
vt 0.078809 0.088426
vt 0.064572 0.123485
vt 0.085305 0.096415
vt 0.081634 0.118246
vt 0.045529 0.130441
vt 0.052958 0.129319
vt 0.061053 0.130957
vt 0.071686 0.129389
vt 0.970569 0.351532
vt 0.964749 0.343085
vt 0.970524 0.332007
vt 0.964579 0.319043
vt 0.954279 0.333952
vt 0.971169 0.307696
vt 0.967300 0.304853
vt 0.960615 0.312266
vt 0.945215 0.326536
vt 0.946191 0.330557
vt 0.945122 0.334018
vt 0.984899 0.134456
vt 0.988270 0.143139
vt 0.987030 0.142664
vt 0.982571 0.114285
vt 0.978341 0.123251
vt 0.978120 0.109457
vt 0.985136 0.120234
vt 0.668924 0.018252
vt 0.677808 0.024590
vt 0.655957 0.026337
vt 0.650196 0.021762
vt 0.656914 0.017394
vt 0.665732 0.011621
vt 0.668295 0.013375
vt 0.716190 0.042207
vt 0.714204 0.041258
vt 0.723827 0.036680
vt 0.716749 0.025186
vt 0.706266 0.029500
vt 0.697829 0.015647
vt 0.707130 0.014010
vt 0.694045 0.005857
vt 0.701526 0.006391
vt 0.300468 0.222800
vt 0.286582 0.210677
vt 0.314975 0.195811
vt 0.337080 0.213790
vt 0.279291 0.199477
vt 0.278990 0.189771
vt 0.298107 0.186104
vt 0.310771 0.177612
vt 0.328151 0.178587
vt 0.336822 0.177555
vt 0.331567 0.175627
vt 0.350769 0.178087
vt 0.340535 0.190345
vt 0.345826 0.167178
vt 0.339588 0.168532
vt 0.359299 0.179681
vt 0.365593 0.187102
vt 0.376627 0.193506
vt 0.366071 0.201267
vt 0.356654 0.211884
vt 0.374150 0.210650
vt 0.365718 0.217624
vt 0.358480 0.193518
vt 0.409116 0.326651
vt 0.396491 0.316580
vt 0.413101 0.321822
vt 0.394416 0.305387
vt 0.381108 0.293281
vt 0.394944 0.291356
vt 0.401178 0.286555
vt 0.416681 0.273429
vt 0.407003 0.282636
vt 0.614462 0.480183
vt 0.617695 0.474571
vt 0.631571 0.468671
vt 0.640932 0.472095
vt 0.635469 0.456012
vt 0.640126 0.460790
vt 0.632950 0.457141
vt 0.069723 0.064891
vt 0.079765 0.064053
vt 0.735559 0.817251
vt 0.732728 0.807346
vt 0.033504 0.161705
vt 0.037245 0.154559
vt 0.046683 0.161609
vt 0.041534 0.179538
vt 0.055638 0.174623
vt 0.055664 0.162182
vt 0.060507 0.164456
vt 0.062385 0.182531
vt 0.063989 0.177047
vt 0.079019 0.166029
vt 0.082037 0.169267
vt 0.072079 0.165451
vt 0.729574 0.788770
vt 0.985496 0.105914
vt 0.983106 0.112087
vt 0.967681 0.122660
vt 0.964562 0.134640
vt 0.971807 0.141680
vt 0.722409 0.031944
vt 0.720772 0.026062
vt 0.026262 0.026826
vt 0.037054 0.019479
vt 0.033026 0.049492
vt 0.027685 0.061174
vt 0.431241 0.324562
vt 0.466391 0.295477
vt 0.470800 0.290307
vt 0.503797 0.286860
vt 0.427967 0.331047
vt 0.429190 0.332784
vt 0.267217 0.167023
vt 0.280324 0.178168
vt 0.091460 0.104228
vt 0.092851 0.116636
vt 0.288797 0.171073
vt 0.295545 0.175991
vt 0.278450 0.168894
vt 0.052357 0.194947
vt 0.716732 0.014235
vt 0.715632 0.012347
vt 0.728165 0.477279
vt 0.722632 0.456520
vt 0.733462 0.464669
vt 0.713867 0.451524
vt 0.710102 0.444422
vt 0.714190 0.437576
vt 0.726523 0.440466
vt 0.722203 0.428570
vt 0.730294 0.420689
vt 0.748663 0.397945
vt 0.746451 0.420386
vt 0.742161 0.402118
vt 0.755767 0.405846
vt 0.751209 0.433498
vt 0.762326 0.406173
vt 0.759725 0.419976
vt 0.762378 0.395860
vt 0.743168 0.465109
vt 0.741618 0.440998
vt 0.754469 0.464633
vt 0.754810 0.441557
vt 0.748968 0.479051
vt 0.741441 0.473966
vt 0.753873 0.471211
vt 0.759775 0.450858
vt 0.765468 0.466611
vt 0.760091 0.466899
vt 0.761174 0.440235
vt 0.879403 0.310582
vt 0.890277 0.293176
vt 0.891427 0.321186
vt 0.881392 0.290360
vt 0.873680 0.293337
vt 0.869908 0.319437
vt 0.853158 0.298869
vt 0.853860 0.323515
vt 0.861935 0.334715
vt 0.845023 0.328218
vt 0.857714 0.343588
vt 0.873260 0.347146
vt 0.865549 0.348743
vt 0.881255 0.332758
vt 0.900974 0.321013
vt 0.899347 0.297287
vt 0.862749 0.290208
vt 0.382129 0.303586
vt 0.378409 0.300119
vt 0.376377 0.295814
vt 0.785049 0.976011
vt 0.792907 0.973290
vt 0.793622 0.984773
vt 0.803784 0.977512
vt 0.797508 0.960525
vt 0.728220 0.300432
vt 0.736114 0.300494
vt 0.729383 0.309039
vt 0.297500 0.245817
vt 0.309359 0.244095
vt 0.304993 0.250926
vt 0.312051 0.255892
vt 0.338512 0.264709
vt 0.317979 0.265237
vt 0.329335 0.247227
vt 0.303555 0.248977
vt 0.307435 0.238284
vt 0.332967 0.239028
vt 0.899031 0.363706
vt 0.886742 0.345328
vt 0.897931 0.348540
vt 0.901602 0.358682
vt 0.903915 0.365782
vt 0.890788 0.335082
vt 0.894859 0.365081
vt 0.884121 0.354102
vt 0.669564 0.752716
vt 0.656093 0.740692
vt 0.669614 0.737519
vt 0.678863 0.758800
vt 0.681128 0.769418
vt 0.684557 0.762401
vt 0.690234 0.763203
vt 0.678113 0.728509
vt 0.673033 0.723283
vt 0.661290 0.717523
vt 0.604241 0.715747
vt 0.635569 0.713104
vt 0.634653 0.727969
vt 0.644812 0.716868
vt 0.342801 0.246296
vt 0.379258 0.275999
vt 0.369311 0.277727
vt 0.367835 0.262731
vt 0.388929 0.266251
vt 0.386799 0.278581
vt 0.388319 0.257259
vt 0.394409 0.261254
vt 0.421280 0.253231
vt 0.385482 0.248279
vt 0.419170 0.244810
vt 0.427555 0.246178
vt 0.420084 0.240357
vt 0.391664 0.237382
vt 0.381624 0.239378
vt 0.274489 0.694597
vt 0.281987 0.688148
vt 0.284063 0.695615
vt 0.292315 0.694811
vt 0.300009 0.697448
vt 0.304274 0.691640
vt 0.312747 0.681637
vt 0.309008 0.675126
vt 0.796352 0.814671
vt 0.804228 0.812807
vt 0.811394 0.814371
vt 0.788289 0.805998
vt 0.779271 0.815275
vt 0.765459 0.827486
vt 0.769099 0.806579
vt 0.772689 0.794936
vt 0.766155 0.786657
vt 0.759430 0.780827
vt 0.763393 0.782249
vt 0.751029 0.783185
vt 0.755387 0.785205
vt 0.758491 0.796857
vt 0.758729 0.814162
vt 0.755352 0.811436
vt 0.756436 0.834313
vt 0.099358 0.745829
vt 0.095619 0.760120
vt 0.086016 0.758820
vt 0.077945 0.746546
vt 0.078716 0.758524
vt 0.105883 0.736864
vt 0.101019 0.720889
vt 0.106171 0.731250
vt 0.110142 0.716239
vt 0.105328 0.701919
vt 0.101596 0.704084
vt 0.093608 0.699205
vt 0.095095 0.703475
vt 0.089843 0.712854
vt 0.685276 0.693896
vt 0.682304 0.707895
vt 0.676419 0.705878
vt 0.347656 0.242161
vt 0.069528 0.758408
vt 0.067625 0.749911
vt 0.366058 0.248908
vt 0.366581 0.238591
vt 0.350053 0.237353
vt 0.935252 0.252992
vt 0.937436 0.237107
vt 0.949142 0.251934
vt 0.942685 0.267260
vt 0.953410 0.237677
vt 0.970447 0.259223
vt 0.964834 0.266378
vt 0.956926 0.274300
vt 0.925420 0.272217
vt 0.925809 0.268802
vt 0.090169 0.725529
vt 0.078136 0.729279
vt 0.074091 0.738655
vt 0.988186 0.861246
vt 0.981652 0.862588
vt 0.984431 0.856268
vt 0.990134 0.856583
vt 0.662991 0.939203
vt 0.674655 0.927253
vt 0.670222 0.943005
vt 0.665269 0.953853
vt 0.657154 0.947626
vt 0.664988 0.961064
vt 0.656053 0.956969
vt 0.344725 0.212828
vt 0.340967 0.203036
vt 0.353357 0.202185
vt 0.651413 0.950464
vt 0.350932 0.165960
vt 0.493810 0.975567
vt 0.474843 0.974408
vt 0.496146 0.964158
vt 0.474914 0.981189
vt 0.484935 0.983125
vt 0.498431 0.982231
vt 0.505168 0.977284
vt 0.504508 0.969133
vt 0.480552 0.959437
vt 0.073438 0.177579
vt 0.087523 0.171167
vt 0.087861 0.173586
vt 0.080696 0.177485
vt 0.317165 0.685629
vt 0.312262 0.690472
vt 0.384048 0.232786
vt 0.024859 0.967845
vt 0.051438 0.967631
vt 0.049150 0.971261
vt 0.052067 0.976568
vt 0.023064 0.977245
vt 0.046765 0.980992
vt 0.022366 0.982301
vt 0.019088 0.969510
vt 0.020216 0.966604
vt 0.562338 0.935650
vt 0.565117 0.924898
vt 0.574314 0.931486
vt 0.590381 0.944615
vt 0.574062 0.946794
vt 0.595532 0.934268
vt 0.596438 0.947659
vt 0.554261 0.937913
vt 0.553929 0.925274
vt 0.558143 0.916503
vt 0.571278 0.919676
vt 0.574042 0.913785
vt 0.588404 0.922992
vt 0.198302 0.105080
vt 0.192517 0.096917
vt 0.211095 0.118212
vt 0.214292 0.131199
vt 0.232121 0.136330
vt 0.216931 0.136267
vt 0.238336 0.147327
vt 0.233403 0.142438
vt 0.238430 0.179386
vt 0.235242 0.168960
vt 0.241490 0.175181
vt 0.238586 0.164280
vt 0.243720 0.164295
vt 0.278139 0.134561
vt 0.273480 0.131073
vt 0.276897 0.133076
vt 0.283290 0.125770
vt 0.209763 0.119625
vt 0.194590 0.107669
vt 0.192589 0.064799
vt 0.195433 0.054086
vt 0.201826 0.070766
vt 0.196557 0.076017
vt 0.205522 0.064340
vt 0.256638 0.282884
vt 0.246384 0.299147
vt 0.230933 0.287550
vt 0.220918 0.283392
vt 0.225640 0.279726
vt 0.215715 0.287790
vt 0.225441 0.293629
vt 0.028261 0.897063
vt 0.278566 0.287323
vt 0.305376 0.292282
vt 0.302848 0.313645
vt 0.320983 0.291531
vt 0.335941 0.298617
vt 0.263858 0.300913
vt 0.264035 0.311680
vt 0.294162 0.330605
vt 0.318843 0.331555
vt 0.321432 0.322378
vt 0.343414 0.333067
vt 0.330054 0.313907
vt 0.352630 0.319644
vt 0.352021 0.304427
vt 0.020300 0.747005
vt 0.015677 0.742859
vt 0.021527 0.739322
vt 0.233027 0.354673
vt 0.234652 0.352703
vt 0.246378 0.356211
vt 0.245848 0.347439
vt 0.258821 0.356278
vt 0.233614 0.333086
vt 0.246748 0.337639
vt 0.262221 0.333903
vt 0.240272 0.316333
vt 0.264057 0.324309
vt 0.228961 0.344759
vt 0.310978 0.282906
vt 0.333461 0.282498
vt 0.336637 0.289012
vt 0.983003 0.530546
vt 0.991984 0.529641
vt 0.987461 0.532808
vt 0.992240 0.523229
vt 0.271143 0.351738
vt 0.015089 0.737964
vt 0.012887 0.649588
vt 0.026897 0.658271
vt 0.012192 0.662377
vt 0.030319 0.649072
vt 0.035308 0.663564
vt 0.037444 0.668021
vt 0.027071 0.672086
vt 0.028596 0.677777
vt 0.014424 0.677148
vt 0.016843 0.683859
vt 0.834275 0.070596
vt 0.300215 0.923068
vt 0.281709 0.918030
vt 0.301712 0.917531
vt 0.276858 0.900642
vt 0.309831 0.902165
vt 0.304669 0.911488
vt 0.292159 0.895509
vt 0.264147 0.905638
vt 0.262502 0.901393
vt 0.067166 0.906790
vt 0.087341 0.913165
vt 0.083303 0.919177
vt 0.083392 0.903283
vt 0.075861 0.906760
vt 0.066961 0.913646
vt 0.021820 0.194316
vt 0.024177 0.205801
vt 0.018193 0.199042
vt 0.012466 0.204348
vt 0.014887 0.209655
vt 0.010748 0.194942
vt 0.006540 0.200042
vt 0.798570 0.086668
vt 0.928688 0.470342
vt 0.931113 0.463229
vt 0.936995 0.469349
vt 0.927411 0.456721
vt 0.937515 0.455817
vt 0.946048 0.459594
vt 0.387059 0.804342
vt 0.401454 0.785340
vt 0.405597 0.790244
vt 0.879972 0.584963
vt 0.887173 0.593557
vt 0.879930 0.592651
vt 0.894944 0.583703
vt 0.883205 0.600625
vt 0.880706 0.574245
vt 0.881011 0.559701
vt 0.896892 0.556544
vt 0.906118 0.569094
vt 0.255969 0.822603
vt 0.246563 0.843159
vt 0.253520 0.823880
vt 0.220125 0.838595
vt 0.226854 0.840792
vt 0.221988 0.876552
vt 0.244376 0.859493
vt 0.232940 0.845418
vt 0.223349 0.870373
vt 0.231097 0.876479
vt 0.231038 0.885783
vt 0.253741 0.867553
vt 0.276600 0.845326
vt 0.277679 0.856957
vt 0.256179 0.875276
vt 0.261281 0.840011
vt 0.233302 0.884148
vt 0.266011 0.883416
vt 0.016777 0.184009
vt 0.910557 0.465399
vt 0.912112 0.469520
vt 0.906108 0.466456
vt 0.905647 0.458437
vt 0.922625 0.754883
vt 0.935338 0.744164
vt 0.932000 0.763041
vt 0.936232 0.764483
vt 0.914295 0.749351
vt 0.908924 0.748109
vt 0.907750 0.747225
vt 0.903701 0.742931
vt 0.910730 0.737883
vt 0.919271 0.732927
vt 0.934005 0.736009
vt 0.397746 0.800858
vt 0.267755 0.822320
vt 0.276756 0.827025
vt 0.427798 0.833687
vt 0.411579 0.836654
vt 0.410609 0.833544
vt 0.901926 0.579904
vt 0.311599 0.034519
vt 0.303811 0.028650
vt 0.322245 0.013703
vt 0.334042 0.023236
vt 0.423436 0.822477
vt 0.405919 0.821940
vt 0.419677 0.810511
vt 0.404016 0.815887
vt 0.406582 0.811500
vt 0.412420 0.805956
vt 0.439566 0.808296
vt 0.441577 0.782172
vt 0.447402 0.779658
vt 0.440979 0.792021
vt 0.461441 0.795774
vt 0.451946 0.779425
vt 0.459771 0.782503
vt 0.427774 0.797112
vt 0.429753 0.784255
vt 0.457094 0.809483
vt 0.461097 0.820970
vt 0.459986 0.828899
vt 0.436148 0.783630
vt 0.427151 0.787640
vt 0.229673 0.825817
vt 0.234350 0.152547
vt 0.248547 0.145974
vt 0.978171 0.776604
vt 0.980464 0.786980
vt 0.977076 0.796618
vt 0.970754 0.784493
vt 0.964993 0.769950
vt 0.960254 0.776781
vt 0.968633 0.800510
vt 0.949657 0.766424
vt 0.950133 0.757623
vt 0.945060 0.777794
vt 0.959866 0.803287
vt 0.972384 0.806467
vt 0.948052 0.819268
vt 0.036990 0.563956
vt 0.035263 0.570951
vt 0.032780 0.559715
vt 0.023408 0.580939
vt 0.035390 0.579085
vt 0.013958 0.569475
vt 0.012908 0.557724
vt 0.014287 0.549940
vt 0.026704 0.553329
vt 0.031606 0.553098
vt 0.971930 0.445222
vt 0.973733 0.436049
vt 0.983049 0.431810
vt 0.983682 0.447136
vt 0.991514 0.436891
vt 0.990185 0.451713
vt 0.994927 0.450934
vt 0.987408 0.461425
vt 0.974648 0.462008
vt 0.976703 0.453637
vt 0.204408 0.048431
vt 0.206529 0.058631
vt 0.639203 0.038080
vt 0.635079 0.034675
vt 0.640049 0.027067
vt 0.060844 0.018907
vt 0.642799 0.019794
vt 0.372273 0.959138
vt 0.374967 0.968806
vt 0.368571 0.973143
vt 0.734945 0.988633
vt 0.739445 0.984604
vt 0.738944 0.989928
vt 0.728343 0.981161
vt 0.717240 0.970152
vt 0.730140 0.973899
vt 0.717541 0.974873
vt 0.721080 0.964772
vt 0.730878 0.965598
vt 0.739981 0.970994
vt 0.166538 0.993999
vt 0.178638 0.989978
vt 0.175821 0.996030
vt 0.161261 0.988932
vt 0.156141 0.993956
vt 0.182507 0.990774
vt 0.180484 0.984434
vt 0.170263 0.980530
vt 0.083898 0.643400
vt 0.067250 0.657051
vt 0.075744 0.635673
vt 0.064113 0.644625
vt 0.068106 0.635946
vt 0.072232 0.664335
vt 0.063515 0.673502
vt 0.057147 0.670041
vt 0.079890 0.671515
vt 0.071554 0.675005
vt 0.091474 0.651307
vt 0.092131 0.670368
vt 0.097712 0.683908
vt 0.084449 0.675658
vt 0.050388 0.652546
vt 0.345340 0.055277
vt 0.333533 0.057761
vt 0.351340 0.040240
vt 0.336757 0.038017
vt 0.349858 0.014146
vt 0.335277 0.012924
vt 0.344847 0.011597
vt 0.341142 0.065863
vt 0.334082 0.068610
vt 0.043430 0.341168
vt 0.036851 0.332995
vt 0.044447 0.331650
vt 0.049260 0.335304
vt 0.028814 0.342528
vt 0.035359 0.346950
vt 0.055255 0.342814
vt 0.050488 0.355676
vt 0.025480 0.337423
vt 0.029234 0.352096
vt 0.021796 0.344654
vt 0.087103 0.904156
vt 0.977830 0.660067
vt 0.977956 0.663489
vt 0.972653 0.660499
vt 0.963939 0.650670
vt 0.975388 0.651477
vt 0.973914 0.631632
vt 0.979553 0.642322
vt 0.950269 0.659919
vt 0.946759 0.653082
vt 0.954867 0.636559
vt 0.946676 0.646245
vt 0.968379 0.629676
vt 0.972948 0.622702
vt 0.616921 0.967902
vt 0.621544 0.950917
vt 0.624523 0.967989
vt 0.613274 0.953344
vt 0.629515 0.941673
vt 0.630901 0.967458
vt 0.618802 0.939520
vt 0.637048 0.944216
vt 0.754709 0.391550
vt 0.293851 0.988723
vt 0.285053 0.992637
vt 0.290009 0.984883
vt 0.274388 0.982323
vt 0.269362 0.987242
vt 0.276186 0.973925
vt 0.292726 0.981485
vt 0.281309 0.973168
vt 0.277442 0.967931
vt 0.619061 0.974745
vt 0.609028 0.940212
vt 0.016091 0.143139
vt 0.017130 0.145106
vt 0.012983 0.144861
s 1
f 57/1/1 125/2/2 50/3/3
f 41/4/4 50/3/3 129/5/5
f 129/5/5 39/6/6 41/4/4
f 39/6/6 150/7/7 162/8/8
f 39/6/6 129/5/5 150/9/7
f 125/2/2 57/1/1 141/10/9
f 125/2/2 141/10/9 130/11/10
f 125/2/2 130/11/10 224/12/11
f 293/13/12 215/14/13 288/15/14
f 288/15/14 215/14/13 226/16/15
f 302/17/16 352/18/17 288/15/14
f 302/17/16 288/15/14 226/16/15
f 215/14/13 293/13/12 191/19/18
f 239/20/19 191/19/18 293/13/12
f 259/21/20 261/22/21 239/20/19
f 239/20/19 261/22/21 224/12/11
f 224/12/11 337/23/22 125/2/2
f 129/5/5 50/3/3 125/2/2
f 41/4/4 39/6/6 31/24/23
f 38/25/24 50/3/3 31/24/23
f 50/3/3 41/4/4 31/24/23
f 38/25/24 57/1/1 50/3/3
f 76/26/25 63/27/26 62/28/27
f 100/29/28 63/27/26 76/26/25
f 65/30/29 62/28/27 63/27/26
f 84/31/30 62/28/27 108/32/31
f 108/32/31 62/28/27 65/30/29
f 106/33/32 65/30/29 63/27/26
f 100/29/28 106/33/32 63/27/26
f 106/33/32 100/29/28 199/34/33
f 156/35/34 199/34/33 100/29/28
f 146/36/35 163/37/36 156/35/34
f 144/38/37 146/36/35 148/39/38
f 156/35/34 163/37/36 199/34/33
f 146/36/35 156/35/34 148/39/38
f 148/39/38 210/40/39 144/38/37
f 1/41/40 2/42/41 3/43/42
f 1/41/40 3/43/42 4/44/43
f 8/45/44 1/41/40 4/44/43
f 8/45/44 4/44/43 13/46/45
f 14/47/46 13/46/45 4/44/43
f 13/46/45 14/47/46 61/48/47
f 15/49/48 25/50/49 21/51/50
f 5/52/51 15/49/48 2/42/41
f 15/49/48 21/51/50 2/42/41
f 9/53/52 2/42/41 21/51/50
f 13/54/45 59/55/53 8/56/44
f 25/50/49 15/49/48 8/56/44
f 25/50/49 8/56/44 59/55/53
f 4/44/43 7/57/54 14/47/46
f 4/44/43 3/43/42 7/57/54
f 6/58/55 7/57/54 3/43/42
f 6/58/55 3/43/42 2/42/41
f 6/58/55 2/42/41 9/53/52
f 19/59/56 14/47/46 7/57/54
f 113/60/57 19/59/56 54/61/58
f 2/42/41 1/41/40 5/52/51
f 5/52/51 1/41/40 8/56/44
f 7/57/54 6/58/55 9/53/52
f 19/59/56 7/57/54 9/53/52
f 40/62/59 54/61/58 9/53/52
f 19/59/56 9/53/52 54/61/58
f 40/62/59 96/63/60 54/61/58
f 15/49/48 5/52/51 8/56/44
f 53/64/61 38/65/24 31/66/23
f 31/66/23 39/67/6 53/64/61
f 162/68/8 53/64/61 39/67/6
f 53/64/61 162/68/8 172/69/62
f 38/65/24 53/64/61 57/70/1
f 53/64/61 172/69/62 119/71/63
f 119/71/63 172/69/62 208/72/64
f 53/64/61 119/71/63 57/70/1
f 35/73/65 33/74/66 46/75/67
f 35/73/65 40/62/59 33/74/66
f 40/62/59 9/53/52 33/74/66
f 33/74/66 9/53/52 21/51/50
f 33/74/66 21/51/50 48/76/68
f 21/51/50 25/50/49 48/76/68
f 26/77/69 20/78/70 25/79/49
f 25/79/49 20/78/70 27/80/71
f 48/81/68 25/79/49 27/80/71
f 13/82/45 61/83/47 59/84/53
f 25/85/49 59/84/53 26/86/69
f 26/86/69 59/84/53 23/87/72
f 23/87/72 59/84/53 71/88/73
f 117/89/74 59/84/53 61/83/47
f 59/84/53 117/89/74 71/88/73
f 26/90/69 23/91/72 20/92/70
f 32/93/75 42/94/76 36/95/77
f 79/96/78 75/97/79 103/98/80
f 134/99/81 103/98/80 75/97/79
f 70/100/82 75/97/79 37/101/83
f 37/101/83 32/93/75 36/95/77
f 37/101/83 36/95/77 70/100/82
f 134/99/81 75/97/79 70/100/82
f 134/99/81 201/102/84 245/103/85
f 134/99/81 245/103/85 203/104/86
f 70/100/82 164/105/87 134/99/81
f 70/100/82 72/106/88 138/107/89
f 23/91/72 29/108/90 20/92/70
f 27/109/71 20/92/70 29/108/90
f 99/110/91 61/111/47 14/112/46
f 113/113/57 99/110/91 14/112/46
f 14/112/46 19/114/56 113/113/57
f 99/110/91 172/115/62 152/116/92
f 172/115/62 99/110/91 113/113/57
f 172/115/62 113/113/57 208/117/64
f 46/75/67 40/62/59 35/73/65
f 97/118/93 40/62/59 46/75/67
f 72/106/88 42/94/76 138/107/89
f 42/94/76 72/106/88 36/95/77
f 70/100/82 36/95/77 72/106/88
f 32/119/75 37/120/83 44/121/94
f 44/121/94 37/120/83 75/122/79
f 79/123/78 44/121/94 75/122/79
f 44/121/94 79/123/78 86/124/95
f 79/123/78 52/125/96 49/126/97
f 52/125/96 79/123/78 103/127/80
f 107/128/98 79/123/78 55/129/99
f 79/123/78 49/126/97 55/129/99
f 107/128/98 169/130/100 86/124/95
f 79/123/78 107/128/98 86/124/95
f 86/124/95 138/131/89 42/132/76
f 86/124/95 42/132/76 44/121/94
f 33/133/66 73/134/101 46/135/67
f 40/136/59 97/137/93 96/138/60
f 113/139/57 54/140/58 142/141/102
f 27/80/71 89/142/103 48/81/68
f 89/142/103 110/143/104 48/81/68
f 89/142/103 174/144/105 110/143/104
f 165/145/106 174/144/105 89/142/103
f 89/142/103 78/146/107 165/147/106
f 27/80/71 29/148/90 89/142/103
f 78/149/107 29/108/90 71/150/73
f 29/108/90 23/91/72 71/150/73
f 42/132/76 32/119/75 44/121/94
f 48/151/68 73/134/101 33/133/66
f 48/151/68 110/152/104 73/134/101
f 73/134/101 97/137/93 46/135/67
f 97/137/93 73/134/101 96/138/60
f 29/108/90 78/149/107 89/153/103
f 141/10/9 82/154/108 83/155/109
f 115/156/110 83/155/109 91/157/111
f 191/19/18 130/11/10 115/156/110
f 166/158/112 115/156/110 91/159/111
f 82/160/108 141/161/9 114/162/113
f 83/163/109 82/160/108 91/164/111
f 166/165/112 91/164/111 114/162/113
f 82/160/108 114/162/113 91/164/111
f 99/110/91 152/116/92 61/111/47
f 62/28/27 84/31/30 76/26/25
f 76/26/25 156/35/34 100/29/28
f 148/39/38 156/35/34 184/166/114
f 184/166/114 210/40/39 148/39/38
f 110/152/104 96/138/60 73/134/101
f 96/138/60 142/141/102 54/140/58
f 107/167/98 55/168/99 60/169/115
f 107/167/98 225/170/116 169/171/100
f 157/172/117 56/173/118 155/174/119
f 157/172/117 161/175/120 60/169/115
f 157/172/117 60/169/115 56/173/118
f 56/173/118 66/176/121 155/174/119
f 56/173/118 52/177/96 66/176/121
f 107/167/98 60/169/115 161/175/120
f 497/178/122 495/179/123 449/180/124
f 497/178/122 449/180/124 415/181/125
f 449/180/124 527/182/126 471/183/127
f 495/184/123 497/185/122 538/186/128
f 637/187/129 495/184/123 538/186/128
f 569/188/130 538/186/128 497/185/122
f 495/179/123 527/182/126 449/180/124
f 527/182/126 495/179/123 637/189/129
f 527/182/126 637/189/129 665/190/131
f 527/182/126 414/191/132 471/183/127
f 471/183/127 414/191/132 464/192/133
f 425/193/134 464/192/133 414/191/132
f 665/190/131 637/189/129 657/194/135
f 704/195/136 665/190/131 657/194/135
f 704/195/136 657/194/135 649/196/137
f 514/197/138 649/196/137 657/194/135
f 879/198/139 1056/199/140 1008/200/141
f 842/201/142 879/198/139 1008/200/141
f 1008/200/141 1138/202/143 1049/203/144
f 1138/202/143 1148/204/145 1246/205/146
f 1049/203/144 1138/202/143 1246/205/146
f 1139/206/147 1042/207/148 1245/208/149
f 1042/207/148 1049/203/144 1245/209/149
f 1008/200/141 1056/199/140 1138/202/143
f 1077/210/150 1148/204/145 1124/211/151
f 1138/202/143 1056/199/140 1124/211/151
f 1124/211/151 1148/204/145 1138/202/143
f 841/212/152 879/198/139 781/213/153
f 841/212/152 774/214/154 912/215/155
f 769/216/156 722/217/157 631/218/158
f 1033/219/159 879/220/139 978/221/160
f 1056/222/140 879/220/139 1033/219/159
f 1056/222/140 1033/219/159 1131/223/161
f 1038/224/162 1033/219/159 978/221/160
f 982/225/163 1038/224/162 978/221/160
f 978/221/160 961/226/164 982/225/163
f 949/227/165 982/225/163 961/226/164
f 949/227/165 961/226/164 912/228/155
f 978/221/160 841/229/152 961/226/164
f 978/221/160 879/220/139 841/229/152
f 841/229/152 912/228/155 961/226/164
f 299/230/166 340/231/167 201/232/84
f 412/233/168 245/234/85 340/231/167
f 340/231/167 245/234/85 201/232/84
f 362/235/169 129/236/5 125/237/2
f 125/237/2 337/238/22 346/239/170
f 325/240/171 129/236/5 362/235/169
f 380/241/172 325/240/171 362/235/169
f 325/240/171 150/242/7 129/236/5
f 150/242/7 325/240/171 286/243/173
f 380/241/172 278/244/174 325/240/171
f 325/240/171 278/245/174 286/243/173
f 150/242/7 286/243/173 222/246/175
f 222/246/175 162/247/8 150/242/7
f 261/22/21 262/248/176 331/249/177
f 337/23/22 261/22/21 331/249/177
f 414/250/132 337/23/22 331/249/177
f 224/12/11 261/22/21 337/23/22
f 362/235/169 125/237/2 346/239/170
f 346/239/170 337/238/22 414/251/132
f 572/252/178 499/253/179 362/235/169
f 572/254/178 362/235/169 346/239/170
f 299/230/166 222/246/175 286/243/173
f 222/246/175 299/230/166 248/255/180
f 340/231/167 299/230/166 278/245/174
f 299/230/166 286/243/173 278/245/174
f 278/245/174 178/256/181 340/231/167
f 262/248/176 261/22/21 259/21/20
f 239/20/19 330/257/182 259/21/20
f 259/21/20 330/257/182 287/258/183
f 330/257/182 239/20/19 293/13/12
f 330/257/182 293/13/12 401/259/184
f 330/257/182 401/259/184 448/260/185
f 436/261/186 448/260/185 401/259/184
f 374/262/187 331/249/177 262/248/176
f 262/263/176 449/180/124 374/264/187
f 464/192/133 374/264/187 471/183/127
f 418/265/188 331/266/177 374/267/187
f 418/265/188 464/268/133 425/269/134
f 464/270/133 418/265/188 374/267/187
f 414/271/132 527/272/126 346/273/170
f 581/274/189 346/273/170 591/275/190
f 581/274/189 591/275/190 572/276/178
f 536/277/191 572/276/178 346/273/170
f 346/273/170 581/274/189 536/277/191
f 536/277/191 581/274/189 572/276/178
f 418/265/188 425/269/134 331/266/177
f 414/271/132 331/266/177 425/269/134
f 499/278/179 572/279/178 654/280/192
f 750/281/193 499/278/179 654/280/192
f 654/280/192 614/282/194 842/201/142
f 654/280/192 572/279/178 591/283/190
f 654/280/192 842/201/142 1042/207/148
f 654/280/192 1042/207/148 750/281/193
f 1139/284/147 750/281/193 1042/207/148
f 449/180/124 471/183/127 374/264/187
f 449/180/124 262/263/176 415/285/125
f 362/235/169 499/253/179 380/241/172
f 881/286/195 560/287/196 750/288/193
f 1083/289/197 881/286/195 750/288/193
f 380/290/172 499/291/179 750/288/193
f 750/288/193 560/287/196 380/290/172
f 346/292/170 614/282/194 591/283/190
f 614/282/194 346/292/170 527/293/126
f 527/293/126 665/294/131 614/282/194
f 704/295/136 774/214/154 665/294/131
f 654/280/192 591/283/190 614/282/194
f 781/213/153 614/282/194 774/214/154
f 781/213/153 774/214/154 841/212/152
f 781/213/153 842/201/142 614/282/194
f 774/214/154 614/282/194 665/294/131
f 1042/207/148 842/201/142 1049/203/144
f 1049/203/144 842/201/142 1008/200/141
f 842/201/142 781/213/153 879/198/139
f 108/296/31 65/297/29 104/298/198
f 106/299/32 104/298/198 65/300/29
f 198/301/199 106/299/32 199/302/33
f 198/301/199 104/298/198 106/299/32
f 108/296/31 207/303/200 84/304/30
f 268/305/201 198/301/199 199/302/33
f 263/306/202 268/305/201 199/302/33
f 369/307/203 268/305/201 263/306/202
f 386/308/204 268/305/201 369/307/203
f 386/308/204 371/309/205 268/305/201
f 456/310/206 369/307/203 375/311/207
f 369/307/203 263/306/202 375/311/207
f 198/301/199 108/296/31 104/298/198
f 108/296/31 198/301/199 207/303/200
f 207/303/200 198/301/199 268/305/201
f 207/312/200 268/313/201 328/314/208
f 328/314/208 390/315/209 207/312/200
f 328/316/208 439/317/210 426/318/211
f 439/317/210 328/316/208 368/319/212
f 268/320/201 371/321/205 368/319/212
f 268/322/201 368/319/212 328/316/208
f 476/323/213 428/324/214 369/325/203
f 428/324/214 371/326/205 386/327/204
f 371/321/205 439/317/210 368/319/212
f 371/321/205 428/328/214 439/317/210
f 439/317/210 428/328/214 476/329/213
f 439/317/210 491/330/215 426/318/211
f 491/330/215 521/331/216 426/318/211
f 426/318/211 521/331/216 390/332/209
f 426/318/211 390/332/209 328/316/208
f 476/329/213 491/330/215 439/317/210
f 386/327/204 369/325/203 428/324/214
f 533/333/217 476/323/213 479/334/218
f 533/333/217 491/335/215 476/323/213
f 479/334/218 369/325/203 456/336/206
f 369/325/203 479/334/218 476/323/213
f 497/337/122 514/338/138 569/339/130
f 415/340/125 514/338/138 497/337/122
f 538/186/128 569/188/130 657/341/135
f 657/341/135 637/187/129 538/186/128
f 657/342/135 569/339/130 514/338/138
f 652/343/219 638/344/220 636/345/221
f 672/346/222 652/343/219 636/345/221
f 652/343/219 672/346/222 668/347/223
f 668/347/223 690/348/224 624/349/225
f 668/347/223 624/349/225 652/343/219
f 624/349/225 629/350/226 652/343/219
f 628/351/227 624/349/225 630/352/228
f 629/350/226 624/349/225 628/351/227
f 685/353/229 630/352/228 624/349/225
f 661/354/230 755/355/231 695/356/232
f 661/354/230 695/356/232 636/357/221
f 672/358/222 718/359/233 668/360/223
f 661/361/230 636/345/221 638/344/220
f 629/350/226 638/344/220 652/343/219
f 755/362/231 661/361/230 814/363/234
f 661/361/230 779/364/235 814/363/234
f 638/344/220 753/365/236 779/364/235
f 638/344/220 629/350/226 753/365/236
f 753/365/236 629/350/226 709/366/237
f 628/351/227 724/367/238 709/366/237
f 685/368/229 724/367/238 630/352/228
f 628/351/227 630/352/228 724/367/238
f 709/366/237 629/350/226 628/351/227
f 661/361/230 638/344/220 779/364/235
f 718/359/233 672/358/222 792/369/239
f 718/359/233 838/370/240 828/371/241
f 838/370/240 718/359/233 792/369/239
f 672/358/222 636/357/221 695/356/232
f 695/356/232 792/369/239 672/358/222
f 769/372/156 792/369/239 722/373/157
f 774/374/154 722/373/157 792/369/239
f 838/370/240 792/369/239 884/375/242
f 838/370/240 884/375/242 941/376/243
f 941/376/243 1004/377/244 997/378/245
f 997/378/245 949/379/165 975/380/246
f 1004/377/244 949/379/165 997/378/245
f 828/371/241 690/381/224 668/360/223
f 668/360/223 718/359/233 828/371/241
f 690/381/224 828/371/241 867/382/247
f 838/370/240 941/376/243 828/371/241
f 690/381/224 744/383/248 685/384/229
f 744/383/248 724/385/238 685/384/229
f 744/383/248 709/386/237 724/385/238
f 624/387/225 690/381/224 685/384/229
f 784/388/249 753/389/236 709/386/237
f 709/386/237 744/383/248 784/388/249
f 774/390/154 830/391/250 912/228/155
f 755/392/231 814/393/234 934/394/251
f 755/392/231 934/394/251 975/395/246
f 755/392/231 975/395/246 830/391/250
f 862/396/252 934/397/251 814/398/234
f 862/396/252 779/399/235 937/400/253
f 926/401/254 937/400/253 779/399/235
f 926/401/254 779/399/235 855/402/255
f 942/403/256 960/404/257 855/402/255
f 960/404/257 926/401/254 855/402/255
f 938/405/258 926/401/254 966/406/259
f 1047/407/260 1011/408/261 1026/409/262
f 934/397/251 1047/407/260 997/410/245
f 755/355/231 830/411/250 695/356/232
f 862/396/252 814/398/234 779/399/235
f 779/412/235 753/413/236 855/414/255
f 822/415/263 855/414/255 753/413/236
f 753/413/236 784/416/249 822/415/263
f 784/416/249 868/417/264 822/415/263
f 942/418/256 855/414/255 822/415/263
f 998/419/265 1031/420/266 942/418/256
f 998/419/265 942/418/256 994/421/267
f 994/421/267 1057/422/268 998/419/265
f 998/419/265 1057/422/268 1031/420/266
f 1057/422/268 994/421/267 966/423/259
f 966/423/259 994/421/267 868/417/264
f 822/415/263 868/417/264 942/418/256
f 867/424/247 938/425/258 966/423/259
f 868/417/264 784/416/249 867/424/247
f 966/423/259 868/417/264 867/424/247
f 1011/426/261 938/425/258 867/424/247
f 1011/426/261 867/424/247 828/427/241
f 1026/428/262 828/427/241 997/429/245
f 828/427/241 941/430/243 997/429/245
f 828/427/241 1026/428/262 1011/426/261
f 784/388/249 744/383/248 690/381/224
f 784/388/249 690/381/224 867/382/247
f 1077/431/150 1103/432/269 1148/433/145
f 949/434/165 1004/435/244 1077/431/150
f 1047/407/260 934/397/251 862/396/252
f 937/400/253 1011/408/261 1047/407/260
f 862/396/252 937/400/253 1047/407/260
f 937/400/253 938/405/258 1011/408/261
f 937/400/253 926/401/254 938/405/258
f 942/418/256 868/417/264 994/421/267
f 1101/436/270 982/437/163 949/434/165
f 1101/436/270 949/434/165 1077/431/150
f 1077/431/150 1124/438/151 1101/436/270
f 1124/438/151 1131/439/161 1101/436/270
f 1131/439/161 1038/440/162 1101/436/270
f 982/437/163 1101/436/270 1038/440/162
f 1033/441/159 1038/440/162 1131/439/161
f 1124/438/151 1056/442/140 1131/439/161
f 997/410/245 975/443/246 934/397/251
f 1047/407/260 1026/409/262 997/410/245
f 1053/444/271 926/401/254 960/404/257
f 966/406/259 926/401/254 1053/444/271
f 966/406/259 1053/444/271 1057/445/268
f 1031/446/266 960/404/257 942/447/256
f 1031/446/266 1057/445/268 1053/444/271
f 1053/444/271 960/404/257 1031/446/266
f 130/11/10 239/20/19 224/12/11
f 130/11/10 191/19/18 239/20/19
f 130/11/10 141/10/9 83/155/109
f 130/11/10 83/155/109 115/156/110
f 114/162/113 141/161/9 57/70/1
f 57/70/1 119/71/63 114/162/113
f 215/448/13 166/165/112 114/162/113
f 302/449/16 226/450/15 208/72/64
f 114/162/113 119/71/63 208/72/64
f 208/72/64 226/450/15 114/162/113
f 114/162/113 226/450/15 215/448/13
f 152/116/92 172/115/62 222/451/175
f 172/115/62 162/452/8 222/451/175
f 248/453/180 255/454/272 152/116/92
f 117/455/74 61/111/47 152/116/92
f 117/455/74 152/116/92 179/456/273
f 117/455/74 179/456/273 138/457/89
f 179/456/273 164/458/87 70/459/82
f 164/458/87 179/456/273 248/453/180
f 248/453/180 179/456/273 255/454/272
f 206/460/274 275/461/275 142/462/102
f 208/463/64 275/461/275 302/464/16
f 208/463/64 113/465/57 275/461/275
f 275/461/275 113/465/57 142/462/102
f 76/466/25 186/467/276 167/468/277
f 207/312/200 186/467/276 84/469/30
f 156/470/34 76/466/25 167/468/277
f 184/471/114 156/470/34 167/468/277
f 184/471/114 167/468/277 313/472/278
f 167/468/277 301/473/279 313/472/278
f 186/467/276 284/474/280 301/473/279
f 379/475/281 284/474/280 207/312/200
f 390/315/209 379/475/281 207/312/200
f 284/474/280 186/467/276 207/312/200
f 76/466/25 84/469/30 186/467/276
f 70/476/82 138/477/89 179/478/273
f 71/88/73 117/89/74 138/477/89
f 134/99/81 164/105/87 201/102/84
f 96/479/60 110/480/104 205/481/282
f 189/482/283 205/481/282 110/480/104
f 216/483/284 110/480/104 174/484/105
f 110/480/104 216/483/284 189/482/283
f 304/485/285 189/482/283 216/483/284
f 333/486/286 189/482/283 304/485/285
f 214/487/287 144/488/37 210/489/39
f 146/490/35 144/488/37 163/491/36
f 214/487/287 163/491/36 144/488/37
f 115/156/110 166/158/112 191/19/18
f 215/14/13 191/19/18 166/158/112
f 255/454/272 179/456/273 152/116/92
f 201/492/84 248/453/180 299/493/166
f 248/453/180 201/492/84 164/458/87
f 206/494/274 142/495/102 96/479/60
f 205/481/282 206/494/274 96/479/60
f 71/496/73 138/497/89 183/498/288
f 183/498/288 138/497/89 209/499/289
f 209/499/289 169/500/100 303/501/290
f 183/498/288 78/502/107 71/496/73
f 243/503/291 199/504/33 163/491/36
f 199/504/33 243/503/291 263/505/202
f 214/487/287 210/489/39 336/506/292
f 373/507/293 336/506/292 376/508/294
f 163/491/36 214/487/287 243/503/291
f 214/487/287 336/506/292 243/503/291
f 243/503/291 336/506/292 263/505/202
f 183/509/288 165/510/106 78/511/107
f 165/510/106 306/512/295 256/513/296
f 300/514/297 306/512/295 183/509/288
f 183/509/288 306/512/295 165/510/106
f 329/515/298 183/498/288 303/501/290
f 329/515/298 303/501/290 396/516/299
f 183/498/288 209/499/289 303/501/290
f 303/501/290 169/500/100 225/517/116
f 358/518/300 396/516/299 225/517/116
f 225/517/116 396/516/299 303/501/290
f 352/519/17 302/464/16 275/461/275
f 352/519/17 275/461/275 515/520/301
f 515/520/301 275/461/275 417/521/302
f 466/522/303 352/519/17 515/520/301
f 552/523/304 466/522/303 515/520/301
f 275/461/275 206/460/274 417/521/302
f 152/116/92 222/451/175 248/453/180
f 402/524/305 334/525/306 245/526/85
f 412/527/168 402/524/305 245/526/85
f 376/508/294 336/506/292 210/489/39
f 138/497/89 169/500/100 209/499/289
f 169/500/100 138/497/89 86/528/95
f 256/513/296 216/529/284 174/530/105
f 256/513/296 174/530/105 165/510/106
f 259/21/20 287/258/183 262/248/176
f 186/467/276 301/473/279 167/468/277
f 205/531/282 326/532/307 206/460/274
f 326/532/307 417/521/302 206/460/274
f 515/520/301 417/521/302 388/533/308
f 529/534/309 515/520/301 388/533/308
f 205/531/282 189/535/283 333/536/286
f 438/537/310 205/531/282 333/536/286
f 326/532/307 205/531/282 438/537/310
f 438/537/310 333/536/286 485/538/311
f 388/533/308 417/521/302 326/532/307
f 438/537/310 388/533/308 326/532/307
f 216/539/284 256/540/296 304/541/285
f 256/540/296 333/542/286 304/541/285
f 333/542/286 256/540/296 394/543/312
f 404/544/313 256/540/296 306/545/295
f 404/544/313 292/546/314 384/547/315
f 311/548/316 306/549/295 300/550/297
f 344/551/317 292/552/314 306/549/295
f 344/551/317 384/553/315 345/554/318
f 345/555/318 384/553/315 446/556/319
f 469/557/320 446/556/319 384/553/315
f 384/553/315 344/551/317 404/558/313
f 416/559/321 404/558/313 344/551/317
f 416/559/321 344/551/317 311/548/316
f 389/560/322 416/559/321 311/548/316
f 183/561/288 292/546/314 300/562/297
f 183/563/288 329/564/298 292/546/314
f 384/547/315 292/546/314 329/564/298
f 306/545/295 292/546/314 404/544/313
f 412/233/168 340/231/167 420/565/323
f 284/566/280 379/567/281 436/568/186
f 436/568/186 301/569/279 284/566/280
f 352/570/17 466/571/303 419/572/324
f 466/571/303 552/573/304 504/574/325
f 466/571/303 504/574/325 419/572/324
f 436/568/186 419/572/324 301/569/279
f 301/569/279 419/572/324 313/575/278
f 519/576/326 462/577/327 419/572/324
f 519/576/326 504/578/325 623/579/328
f 647/580/329 623/579/328 643/581/330
f 419/572/324 504/578/325 519/576/326
f 184/582/114 313/583/278 210/489/39
f 313/583/278 376/508/294 210/489/39
f 376/508/294 313/583/278 451/584/331
f 333/585/286 394/586/312 437/587/332
f 384/588/315 329/589/298 459/590/333
f 329/589/298 333/585/286 459/590/333
f 437/587/332 459/590/333 333/585/286
f 333/585/286 329/589/298 485/591/311
f 485/591/311 329/589/298 550/592/334
f 375/593/207 263/594/202 336/595/292
f 353/596/335 375/593/207 336/595/292
f 336/595/292 356/597/336 353/596/335
f 373/598/293 356/597/336 336/595/292
f 356/599/336 381/600/337 353/601/335
f 427/602/338 356/599/336 373/603/293
f 381/600/337 356/599/336 427/602/338
f 427/602/338 452/604/339 381/600/337
f 452/604/339 353/601/335 381/600/337
f 311/548/316 344/551/317 306/549/295
f 292/552/314 344/551/317 300/605/297
f 345/554/318 300/605/297 344/551/317
f 311/606/316 300/605/297 345/554/318
f 311/607/316 345/608/318 389/609/322
f 345/608/318 446/610/319 389/609/322
f 262/611/176 287/612/183 415/613/125
f 415/613/125 287/614/183 330/615/182
f 480/616/340 330/615/182 448/617/185
f 502/618/341 514/619/138 415/613/125
f 415/613/125 330/615/182 480/616/340
f 502/618/341 415/613/125 480/616/340
f 288/15/14 352/18/17 401/259/184
f 401/259/184 293/13/12 288/15/14
f 408/620/342 411/621/343 397/622/344
f 411/621/343 408/620/342 462/623/327
f 411/621/343 462/623/327 468/624/345
f 408/620/342 397/622/344 422/625/346
f 455/626/347 408/620/342 422/625/346
f 458/627/348 422/625/346 397/622/344
f 416/628/321 458/627/348 394/629/312
f 397/622/344 394/629/312 458/627/348
f 416/628/321 394/629/312 404/630/313
f 468/624/345 437/631/332 411/621/343
f 411/621/343 394/629/312 397/622/344
f 394/629/312 411/621/343 437/631/332
f 462/623/327 408/620/342 451/632/331
f 451/584/331 313/583/278 462/633/327
f 419/634/324 462/633/327 313/583/278
f 376/635/294 431/636/349 373/637/293
f 456/638/206 373/637/293 431/636/349
f 394/543/312 256/540/296 404/544/313
f 456/639/206 375/640/207 452/641/339
f 353/642/335 452/641/339 375/640/207
f 452/641/339 427/643/338 456/639/206
f 427/643/338 373/644/293 456/639/206
f 398/645/350 392/646/350 391/647/351
f 398/648/350 391/649/351 392/650/350
f 455/651/347 422/652/346 367/653/352
f 455/651/347 484/654/353 494/655/354
f 494/655/354 564/656/355 523/657/356
f 494/655/354 523/657/356 431/636/349
f 494/655/354 431/636/349 451/658/331
f 548/659/357 431/636/349 523/660/356
f 408/661/342 455/651/347 451/658/331
f 376/662/294 451/658/331 431/636/349
f 435/663/358 458/627/348 472/664/359
f 484/665/353 472/664/359 494/666/354
f 422/625/346 458/627/348 435/663/358
f 494/666/354 472/664/359 458/627/348
f 436/667/186 480/668/340 448/669/185
f 502/670/341 480/671/340 379/672/281
f 516/673/360 379/672/281 390/674/209
f 379/672/281 516/673/360 502/670/341
f 516/673/360 514/675/138 502/670/341
f 419/572/324 401/676/184 352/570/17
f 436/568/186 401/676/184 419/572/324
f 329/589/298 396/677/299 550/592/334
f 524/678/361 485/591/311 550/592/334
f 459/679/333 437/680/332 528/681/362
f 506/682/363 528/681/362 617/683/364
f 617/683/364 613/684/365 494/685/354
f 613/684/365 564/686/355 494/685/354
f 667/687/366 564/686/355 613/684/365
f 752/688/367 613/684/365 617/683/364
f 334/689/306 550/690/334 396/691/299
f 358/692/300 334/689/306 396/691/299
f 550/690/334 334/689/306 402/693/305
f 459/679/333 487/694/368 384/695/315
f 384/695/315 487/694/368 469/696/320
f 416/697/321 469/696/320 487/694/368
f 389/698/322 469/696/320 416/697/321
f 389/698/322 446/699/319 469/696/320
f 494/655/354 451/658/331 455/651/347
f 550/592/334 402/700/305 524/701/361
f 458/702/348 416/697/321 506/682/363
f 494/685/354 458/703/348 506/682/363
f 487/694/368 506/682/363 416/697/321
f 494/685/354 506/682/363 617/683/364
f 388/704/308 438/705/310 529/706/309
f 529/706/309 438/705/310 696/707/369
f 529/706/309 696/707/369 647/708/329
f 696/707/369 438/705/310 485/709/311
f 696/707/369 670/710/370 647/708/329
f 670/710/370 696/707/369 746/711/371
f 746/711/371 696/707/369 701/712/372
f 529/706/309 647/708/329 515/713/301
f 515/713/301 647/708/329 643/714/330
f 516/715/360 390/716/209 521/717/216
f 521/717/216 699/718/373 516/715/360
f 631/719/158 699/718/373 773/720/374
f 631/719/158 773/720/374 769/721/156
f 699/722/373 521/723/216 640/724/375
f 603/725/376 640/724/375 521/723/216
f 521/723/216 533/726/217 603/725/376
f 521/723/216 491/727/215 533/726/217
f 640/724/375 603/725/376 692/728/377
f 479/729/218 456/730/206 431/731/349
f 634/732/378 479/729/218 431/731/349
f 692/728/377 603/725/376 747/733/379
f 692/728/377 747/733/379 853/734/380
f 853/734/380 872/735/381 821/736/382
f 692/728/377 853/734/380 821/736/382
f 640/737/375 692/728/377 821/736/382
f 468/738/345 528/681/362 437/680/332
f 566/739/383 468/738/345 462/740/327
f 566/739/383 462/740/327 519/741/326
f 548/742/357 523/743/356 564/686/355
f 590/744/384 534/745/385 543/746/386
f 534/745/385 590/744/384 597/747/387
f 543/746/386 610/748/388 590/744/384
f 508/749/389 543/746/386 534/745/385
f 447/750/390 508/749/389 517/751/391
f 517/751/391 508/749/389 534/745/385
f 597/752/387 553/753/392 517/754/391
f 694/755/393 590/756/384 610/757/388
f 597/752/387 590/756/384 694/755/393
f 597/752/387 694/755/393 653/758/394
f 442/759/395 508/760/389 447/761/390
f 447/761/390 332/762/396 442/759/395
f 574/763/397 662/764/398 470/765/399
f 543/766/386 442/759/395 610/767/388
f 543/766/386 508/760/389 442/759/395
f 470/765/399 599/768/400 442/759/395
f 470/765/399 662/764/398 599/768/400
f 517/754/391 534/769/385 597/752/387
f 623/770/328 504/771/325 552/772/304
f 623/770/328 552/772/304 515/773/301
f 699/718/373 631/719/158 516/715/360
f 516/715/360 649/774/137 514/775/138
f 722/776/157 649/774/137 631/719/158
f 631/719/158 649/774/137 516/715/360
f 696/777/369 485/778/311 701/779/372
f 524/780/361 701/779/372 485/778/311
f 701/779/372 524/780/361 650/781/401
f 707/782/402 650/781/401 663/783/403
f 650/781/401 524/780/361 663/783/403
f 524/780/361 558/784/404 663/783/403
f 524/780/361 412/785/168 558/784/404
f 524/780/361 402/786/305 412/785/168
f 558/784/404 412/785/168 420/787/323
f 549/788/405 663/783/403 558/784/404
f 566/739/383 623/789/328 647/790/329
f 566/739/383 647/790/329 670/791/370
f 671/792/406 528/681/362 566/739/383
f 468/738/345 566/739/383 528/681/362
f 623/789/328 566/739/383 519/741/326
f 634/732/378 533/726/217 479/729/218
f 533/726/217 634/732/378 603/725/376
f 626/793/407 548/794/357 564/795/355
f 431/731/349 626/793/407 634/732/378
f 626/793/407 564/795/355 667/796/366
f 626/793/407 686/797/408 634/732/378
f 634/732/378 686/797/408 603/725/376
f 686/797/408 626/793/407 715/798/409
f 705/799/410 715/798/409 626/793/407
f 667/796/366 705/799/410 626/793/407
f 705/799/410 805/800/411 715/798/409
f 861/801/412 872/735/381 923/802/413
f 872/735/381 826/803/414 898/804/415
f 872/735/381 898/804/415 923/802/413
f 752/805/367 766/806/416 861/801/412
f 752/805/367 617/807/364 766/806/416
f 528/681/362 487/694/368 459/679/333
f 506/682/363 487/694/368 528/681/362
f 626/808/407 431/636/349 548/659/357
f 507/809/417 517/810/391 553/811/392
f 507/809/417 361/812/418 488/813/419
f 307/814/420 361/812/418 364/815/421
f 507/809/417 554/816/422 551/817/423
f 363/818/424 551/817/423 520/819/425
f 507/809/417 551/817/423 363/820/424
f 507/809/417 363/820/424 364/815/421
f 507/809/417 364/815/421 361/812/418
f 309/821/426 290/822/427 307/814/420
f 361/812/418 307/814/420 332/823/396
f 332/823/396 307/814/420 290/822/427
f 324/824/428 290/822/427 289/825/429
f 290/822/427 324/824/428 332/823/396
f 470/826/399 442/827/395 324/824/428
f 324/824/428 442/827/395 332/823/396
f 447/828/390 361/812/418 332/823/396
f 488/813/419 361/812/418 447/828/390
f 643/829/330 623/830/328 515/831/301
f 699/832/373 640/833/375 773/834/374
f 821/835/382 773/834/374 640/833/375
f 866/836/430 773/834/374 821/835/382
f 773/834/374 866/836/430 793/837/431
f 917/838/432 869/839/433 793/837/431
f 917/838/432 793/837/431 866/836/430
f 869/839/433 917/838/432 952/840/434
f 871/841/435 917/838/432 876/842/436
f 917/838/432 866/836/430 876/842/436
f 849/843/437 866/836/430 821/835/382
f 528/681/362 671/792/406 766/844/416
f 528/681/362 766/844/416 617/683/364
f 671/792/406 566/739/383 670/791/370
f 565/845/438 601/846/439 646/847/440
f 733/848/441 601/846/439 678/849/442
f 610/850/388 442/851/395 599/852/400
f 730/853/443 765/854/444 610/850/388
f 610/850/388 765/854/444 694/855/393
f 694/856/393 765/857/444 758/858/445
f 694/856/393 758/858/445 653/859/394
f 597/860/387 653/859/394 553/861/392
f 511/862/446 546/863/447 565/845/438
f 571/864/448 511/862/446 565/845/438
f 486/865/449 546/863/447 465/866/450
f 511/862/446 465/866/450 546/863/447
f 646/847/440 571/864/448 565/845/438
f 707/867/402 663/868/403 549/869/405
f 682/870/451 707/867/402 549/869/405
f 707/867/402 682/870/451 664/871/452
f 707/867/402 664/872/452 701/712/372
f 701/712/372 664/872/452 646/873/440
f 707/867/402 701/712/372 650/874/401
f 671/792/406 670/791/370 746/875/371
f 671/792/406 746/875/371 800/876/453
f 646/877/440 601/878/439 739/879/454
f 739/879/454 806/880/455 848/881/456
f 646/882/440 664/883/452 571/884/448
f 739/885/454 601/886/439 748/887/457
f 748/887/457 601/886/439 733/888/441
f 806/889/455 739/885/454 748/887/457
f 806/889/455 748/887/457 758/890/445
f 848/891/456 806/889/455 820/892/458
f 820/892/458 806/889/455 758/890/445
f 913/893/459 836/894/460 733/888/441
f 733/888/441 836/894/460 748/887/457
f 836/894/460 865/895/461 758/890/445
f 748/887/457 836/894/460 758/890/445
f 820/892/458 758/890/445 765/896/444
f 613/897/365 693/898/462 667/796/366
f 752/899/367 693/900/462 613/901/365
f 805/902/411 797/903/463 826/904/414
f 797/905/463 805/902/411 705/906/410
f 658/907/464 678/849/442 601/846/439
f 604/908/465 658/907/464 601/846/439
f 704/295/136 649/909/137 774/214/154
f 649/909/137 722/217/157 774/214/154
f 792/910/239 769/911/156 884/912/242
f 769/911/156 807/913/466 884/912/242
f 869/914/433 807/913/466 782/915/467
f 807/913/466 869/914/433 884/912/242
f 793/916/431 869/914/433 782/915/467
f 773/917/374 782/915/467 807/913/466
f 769/911/156 773/917/374 807/913/466
f 695/356/232 774/374/154 792/369/239
f 774/374/154 695/356/232 830/411/250
f 793/837/431 782/918/467 773/834/374
f 739/919/454 778/920/468 800/921/453
f 739/919/454 848/922/456 778/920/468
f 848/922/456 873/923/469 778/920/468
f 746/924/371 739/879/454 800/925/453
f 746/924/371 701/926/372 739/879/454
f 739/879/454 701/926/372 646/877/440
f 671/927/406 778/928/468 766/929/416
f 917/838/432 871/841/435 873/930/469
f 917/838/432 873/930/469 952/840/434
f 873/930/469 871/841/435 766/929/416
f 873/930/469 766/929/416 778/928/468
f 747/733/379 603/725/376 686/797/408
f 752/899/367 861/931/412 826/904/414
f 797/903/463 752/899/367 826/904/414
f 715/932/409 805/902/411 853/933/380
f 853/933/380 805/902/411 872/934/381
f 826/904/414 872/934/381 805/902/411
f 820/892/458 765/896/444 730/935/443
f 820/892/458 730/935/443 790/936/470
f 955/937/471 970/938/472 1028/939/473
f 970/938/472 955/937/471 790/940/470
f 736/941/474 918/942/475 790/940/470
f 790/940/470 772/943/476 736/941/474
f 939/944/477 1041/945/478 988/946/479
f 988/946/479 1041/945/478 970/938/472
f 988/946/479 970/938/472 918/942/475
f 918/942/475 970/938/472 790/940/470
f 778/947/468 671/948/406 800/949/453
f 766/950/416 871/951/435 849/952/437
f 871/951/435 893/953/480 849/952/437
f 849/952/437 893/953/480 897/954/481
f 849/952/437 897/954/481 876/955/436
f 820/956/458 955/957/471 921/958/482
f 955/957/471 820/956/458 790/959/470
f 820/956/458 921/958/482 848/960/456
f 849/961/437 821/736/382 766/806/416
f 861/801/412 766/806/416 872/735/381
f 872/735/381 766/806/416 821/736/382
f 853/734/380 747/733/379 715/798/409
f 715/798/409 747/733/379 686/797/408
f 975/395/246 949/227/165 830/391/250
f 830/391/250 949/227/165 912/228/155
f 884/912/242 1004/962/244 941/963/243
f 1004/962/244 884/912/242 1003/964/483
f 1176/965/484 1003/964/483 1074/966/485
f 1074/966/485 1200/967/486 1176/965/484
f 1004/962/244 1003/964/483 1103/968/269
f 977/969/487 884/912/242 952/970/434
f 1029/971/488 1094/972/489 1074/966/485
f 1094/972/489 1169/973/490 1074/966/485
f 1094/972/489 1107/974/491 1109/975/492
f 953/976/493 873/977/469 973/978/494
f 973/978/494 873/977/469 848/960/456
f 921/958/482 973/978/494 848/960/456
f 1040/979/495 953/976/493 973/978/494
f 973/978/494 921/958/482 1040/979/495
f 1028/980/473 1040/979/495 921/958/482
f 876/842/436 866/836/430 849/981/437
f 897/982/481 893/983/480 871/841/435
f 897/982/481 871/841/435 876/842/436
f 898/984/415 861/985/412 923/986/413
f 861/985/412 898/984/415 826/987/414
f 865/895/461 836/894/460 915/988/496
f 957/989/497 865/895/461 915/988/496
f 915/988/496 836/894/460 993/990/498
f 913/893/459 993/990/498 836/894/460
f 993/990/498 913/893/459 987/991/499
f 915/988/496 993/990/498 1023/992/500
f 899/993/501 783/994/502 874/995/503
f 874/995/503 783/996/502 689/997/504
f 874/995/503 689/997/504 771/998/505
f 789/999/506 874/995/503 771/998/505
f 874/995/503 789/999/506 803/1000/507
f 789/999/506 771/998/505 688/1001/508
f 688/1001/508 803/1000/507 789/999/506
f 803/1000/507 688/1001/508 717/1002/509
f 1032/1003/510 803/1000/507 930/1004/511
f 955/957/471 1028/980/473 921/958/482
f 952/970/434 884/912/242 869/914/433
f 952/970/434 953/1005/493 977/969/487
f 1054/1006/512 977/969/487 1040/1007/495
f 953/1005/493 1040/1007/495 977/969/487
f 1029/971/488 977/969/487 1054/1006/512
f 1054/1006/512 1140/1008/513 1125/1009/514
f 1054/1006/512 1107/974/491 1094/972/489
f 1054/1006/512 1094/972/489 1029/971/488
f 952/1010/434 873/977/469 953/976/493
f 957/1011/497 939/1012/477 892/1013/515
f 865/1014/461 957/1011/497 892/1013/515
f 662/1015/398 775/1016/516 742/1017/517
f 662/1015/398 742/1017/517 599/1018/400
f 772/1019/476 775/1016/516 660/1020/518
f 788/1021/519 660/1020/518 775/1016/516
f 598/1022/520 660/1020/518 788/1021/519
f 977/969/487 1003/964/483 884/912/242
f 1003/964/483 977/969/487 1074/966/485
f 977/969/487 1029/971/488 1074/966/485
f 915/1023/496 1061/1024/521 957/1025/497
f 987/1026/499 1066/1027/522 993/1028/498
f 1023/1029/500 993/1028/498 1066/1027/522
f 1023/1029/500 1066/1027/522 1155/1030/523
f 1155/1030/523 1137/1031/524 1023/1029/500
f 1123/1032/525 1137/1031/524 1173/1033/526
f 1137/1031/524 1206/1034/527 1198/1035/528
f 1174/1036/529 1173/1033/526 1137/1031/524
f 1174/1036/529 1137/1031/524 1198/1035/528
f 1198/1035/528 1206/1034/527 1174/1036/529
f 1173/1033/526 1174/1036/529 1168/1037/530
f 1183/1038/531 1168/1037/530 1174/1036/529
f 1179/1039/532 1168/1037/530 1183/1038/531
f 22/1040/533 11/1041/534 10/1042/535
f 11/1041/534 22/1040/533 28/1043/536
f 17/1044/537 28/1043/536 58/1045/538
f 28/1043/536 47/1046/539 58/1045/538
f 11/1041/534 12/1047/540 10/1042/535
f 11/1041/534 17/1044/537 12/1047/540
f 28/1043/536 17/1044/537 11/1041/534
f 12/1047/540 16/1048/541 10/1042/535
f 24/1049/542 18/1050/543 10/1042/535
f 18/1050/543 81/1051/544 51/1052/545
f 18/1050/543 51/1052/545 22/1040/533
f 18/1050/543 22/1040/533 10/1042/535
f 45/1053/546 22/1040/533 51/1054/545
f 45/1053/546 51/1054/545 43/1055/547
f 28/1043/536 22/1040/533 45/1053/546
f 47/1056/539 28/1043/536 45/1053/546
f 34/1057/548 47/1056/539 30/1058/549
f 30/1058/549 47/1056/539 45/1053/546
f 10/1042/535 16/1048/541 24/1049/542
f 12/1059/540 17/1060/537 16/1061/541
f 30/1062/549 43/1063/547 64/1064/550
f 118/1065/551 43/1063/547 51/1066/545
f 128/1067/552 177/1068/553 227/1069/554
f 177/1068/553 190/1070/555 227/1069/554
f 43/1063/547 118/1065/551 135/1071/556
f 177/1068/553 64/1064/550 135/1071/556
f 128/1067/552 64/1064/550 177/1068/553
f 135/1071/556 64/1064/550 43/1063/547
f 67/1072/557 102/1073/558 34/1074/548
f 67/1072/557 34/1074/548 30/1062/549
f 30/1062/549 64/1064/550 67/1072/557
f 102/1073/558 126/1075/559 34/1074/548
f 34/1074/548 126/1075/559 47/1076/539
f 126/1075/559 102/1073/558 251/1077/560
f 200/1078/561 126/1075/559 251/1077/560
f 102/1073/558 282/1079/562 251/1077/560
f 102/1073/558 260/1080/563 282/1079/562
f 393/1081/564 271/1082/565 282/1079/562
f 118/1083/551 251/1077/560 271/1082/565
f 101/1084/566 126/1075/559 200/1078/561
f 126/1075/559 58/1085/538 47/1076/539
f 118/1083/551 200/1078/561 251/1077/560
f 271/1082/565 251/1077/560 282/1079/562
f 30/1086/549 45/1087/546 43/1088/547
f 67/1072/557 124/1089/567 102/1073/558
f 124/1089/567 212/1090/568 102/1073/558
f 212/1090/568 124/1089/567 128/1067/552
f 102/1073/558 212/1090/568 260/1080/563
f 260/1080/563 393/1081/564 282/1079/562
f 271/1082/565 393/1081/564 281/1091/569
f 281/1091/569 177/1092/553 271/1082/565
f 135/1093/556 271/1082/565 177/1092/553
f 443/1094/570 281/1091/569 393/1081/564
f 81/1095/544 118/1096/551 51/1097/545
f 118/1096/551 81/1095/544 200/1098/561
f 200/1098/561 81/1095/544 111/1099/571
f 24/1100/542 111/1099/571 81/1095/544
f 101/1101/566 111/1099/571 16/1102/541
f 58/1103/538 101/1101/566 17/1104/537
f 17/1104/537 101/1101/566 16/1102/541
f 101/1101/566 58/1103/538 126/1105/559
f 55/168/99 49/1106/97 60/169/115
f 56/173/118 60/169/115 49/1106/97
f 52/177/96 56/173/118 49/1106/97
f 18/1050/543 24/1049/542 81/1051/544
f 93/1107/572 87/1108/573 88/1109/574
f 87/1108/573 95/1110/575 88/1109/574
f 88/1109/574 217/1111/576 178/1112/181
f 88/1109/574 178/1112/181 112/1113/577
f 93/1107/572 88/1109/574 112/1113/577
f 190/1114/555 131/1115/578 227/1116/554
f 95/1110/575 190/1114/555 217/1117/576
f 131/1115/578 190/1114/555 95/1110/575
f 131/1115/578 95/1110/575 87/1108/573
f 64/1064/550 128/1067/552 124/1089/567
f 124/1089/567 67/1072/557 64/1064/550
f 103/1118/80 66/176/121 52/177/96
f 155/174/119 66/176/121 236/1119/579
f 236/1119/579 66/176/121 203/1120/86
f 16/1102/541 111/1099/571 24/1121/542
f 77/1122/580 68/1123/581 116/1124/582
f 69/1125/583 80/1126/584 68/1123/581
f 173/1127/585 80/1126/584 69/1125/583
f 173/1127/585 136/1128/586 80/1126/584
f 127/1129/587 136/1128/586 170/1130/588
f 136/1128/586 127/1129/587 80/1126/584
f 127/1129/587 116/1124/582 80/1126/584
f 68/1123/581 80/1126/584 116/1124/582
f 68/1123/581 77/1122/580 74/1131/589
f 68/1123/581 74/1131/589 69/1125/583
f 74/1131/589 139/1132/590 140/1133/591
f 140/1133/591 69/1125/583 74/1131/589
f 93/1134/572 112/1135/577 147/1136/592
f 93/1137/572 147/1136/592 131/1138/578
f 227/1139/554 131/1138/578 147/1136/592
f 454/1140/593 234/1141/594 385/1142/595
f 385/1142/595 500/1143/596 454/1140/593
f 385/1142/595 234/1141/594 147/1136/592
f 147/1136/592 234/1141/594 227/1139/554
f 278/1144/174 380/1145/172 147/1136/592
f 147/1136/592 380/1145/172 385/1142/595
f 560/1146/196 385/1142/595 380/1145/172
f 385/1142/595 560/1146/196 612/1147/597
f 112/1135/577 178/1148/181 147/1136/592
f 178/1148/181 278/1144/174 147/1136/592
f 217/1149/576 88/1150/574 95/1151/575
f 190/1152/555 177/1153/553 281/1154/569
f 443/1155/570 420/1156/323 349/1157/598
f 281/1154/569 443/1155/570 349/1157/598
f 349/1157/598 190/1152/555 281/1154/569
f 234/1158/594 212/1090/568 128/1067/552
f 234/1158/594 128/1067/552 227/1069/554
f 234/1158/594 430/1159/599 260/1080/563
f 260/1080/563 430/1159/599 393/1081/564
f 430/1159/599 503/1160/600 393/1081/564
f 454/1161/593 430/1159/599 234/1158/594
f 530/1162/601 483/1163/602 584/1164/603
f 430/1165/599 530/1162/601 584/1164/603
f 568/1166/604 530/1162/601 500/1167/596
f 530/1162/601 430/1165/599 500/1167/596
f 454/1168/593 500/1167/596 430/1165/599
f 503/1169/600 430/1165/599 585/1170/605
f 632/1171/606 585/1170/605 584/1164/603
f 584/1164/603 585/1170/605 430/1165/599
f 385/1142/595 612/1147/597 500/1143/596
f 568/1172/604 500/1143/596 612/1147/597
f 568/1166/604 399/1173/607 530/1162/601
f 399/1173/607 568/1166/604 400/1174/608
f 612/1175/597 560/1176/196 881/1177/195
f 1304/1178/609 984/1179/610 1083/1180/197
f 984/1179/610 881/1177/195 1083/1180/197
f 881/1177/195 984/1179/610 767/1181/611
f 881/1177/195 767/1181/611 612/1175/597
f 1017/1182/612 767/1181/611 984/1179/610
f 984/1179/610 1166/1183/613 1017/1182/612
f 767/1181/611 1017/1182/612 971/1184/614
f 971/1184/614 887/1185/615 767/1181/611
f 612/1186/597 562/1187/616 568/1188/604
f 562/1187/616 795/1189/617 720/1190/618
f 666/1191/619 708/1192/620 578/1193/621
f 578/1193/621 708/1192/620 632/1194/606
f 708/1192/620 759/1195/622 795/1189/617
f 887/1196/615 708/1192/620 795/1189/617
f 759/1195/622 708/1192/620 666/1191/619
f 759/1195/622 720/1190/618 795/1189/617
f 612/1186/597 767/1197/611 562/1187/616
f 887/1196/615 936/1198/623 708/1192/620
f 936/1198/623 932/1199/624 708/1192/620
f 767/1197/611 795/1189/617 562/1187/616
f 795/1189/617 767/1197/611 887/1196/615
f 936/1200/623 887/1185/615 971/1184/614
f 936/1200/623 971/1184/614 995/1201/625
f 932/1202/624 936/1200/623 995/1201/625
f 131/1115/578 87/1108/573 93/1107/572
f 66/1203/121 103/98/80 134/99/81
f 203/104/86 66/1203/121 134/99/81
f 77/1204/580 116/1205/582 193/1206/626
f 235/1207/627 193/1206/626 228/1208/628
f 228/1208/628 295/1209/629 235/1207/627
f 139/1210/590 193/1206/626 235/1207/627
f 254/1211/630 235/1207/627 295/1209/629
f 235/1207/627 254/1211/630 139/1210/590
f 139/1210/590 254/1211/630 140/1212/591
f 244/1213/631 231/1214/632 175/1215/633
f 175/1215/633 231/1214/632 170/1216/588
f 359/1217/634 269/1218/635 231/1214/632
f 231/1214/632 269/1218/635 211/1219/636
f 269/1218/635 359/1217/634 295/1220/629
f 270/1221/637 211/1219/636 269/1218/635
f 211/1219/636 270/1221/637 176/1222/638
f 176/1222/638 170/1216/588 211/1219/636
f 231/1214/632 211/1219/636 170/1216/588
f 127/1223/587 170/1216/588 176/1222/638
f 127/1223/587 176/1222/638 116/1205/582
f 193/1206/626 116/1205/582 176/1222/638
f 176/1222/638 213/1224/639 193/1206/626
f 77/1204/580 193/1206/626 139/1210/590
f 139/1210/590 74/1225/589 77/1204/580
f 118/1083/551 271/1082/565 135/1093/556
f 200/1078/561 111/1226/571 101/1084/566
f 107/167/98 161/175/120 225/170/116
f 225/170/116 161/175/120 204/1227/640
f 204/1227/640 161/175/120 157/172/117
f 188/1228/641 157/172/117 155/174/119
f 180/1229/642 157/172/117 188/1228/641
f 157/172/117 180/1229/642 204/1227/640
f 236/1119/579 229/1230/643 155/174/119
f 188/1228/641 155/174/119 229/1230/643
f 213/1231/639 264/1232/644 221/1233/645
f 213/1231/639 221/1233/645 193/1234/626
f 228/1235/628 193/1234/626 221/1233/645
f 314/1236/646 221/1233/645 264/1232/644
f 221/1233/645 314/1236/646 351/1237/647
f 351/1237/647 314/1236/646 518/1238/648
f 305/1239/649 264/1232/644 213/1231/639
f 465/1240/450 463/1241/650 305/1239/649
f 465/1240/450 305/1239/649 321/1242/651
f 305/1243/649 213/1244/639 176/1245/638
f 221/1246/645 351/1247/647 228/1248/628
f 351/1247/647 295/1249/629 228/1248/628
f 217/1149/576 190/1152/555 349/1157/598
f 349/1157/598 420/1156/323 340/1250/167
f 349/1157/598 340/1250/167 217/1149/576
f 178/1251/181 217/1149/576 340/1250/167
f 283/1252/652 298/1253/653 297/1254/654
f 409/1255/655 297/1254/654 298/1253/653
f 399/1173/607 297/1254/654 409/1255/655
f 312/1256/656 298/1253/653 283/1252/652
f 312/1256/656 283/1252/652 308/1257/657
f 410/1258/658 312/1256/656 347/1259/659
f 410/1258/658 453/1260/660 312/1256/656
f 409/1255/655 312/1256/656 453/1260/660
f 409/1255/655 298/1253/653 312/1256/656
f 308/1261/657 283/1252/652 343/1262/661
f 400/1174/608 366/1263/662 343/1262/661
f 343/1262/661 297/1254/654 400/1174/608
f 343/1262/661 283/1252/652 297/1254/654
f 400/1174/608 297/1254/654 399/1173/607
f 409/1255/655 453/1260/660 483/1163/602
f 453/1260/660 621/1264/663 578/1265/621
f 578/1265/621 621/1264/663 666/1266/619
f 453/1260/660 578/1265/621 483/1163/602
f 245/103/85 334/1267/306 203/104/86
f 321/1268/651 305/1243/649 176/1245/638
f 236/1269/579 203/1270/86 334/689/306
f 358/692/300 236/1269/579 334/689/306
f 341/1271/664 229/1272/643 236/1269/579
f 341/1271/664 236/1269/579 358/692/300
f 341/1273/664 358/692/300 272/1274/665
f 204/1275/640 272/1274/665 225/1276/116
f 358/692/300 225/1276/116 272/1274/665
f 269/1218/635 403/1277/666 270/1221/637
f 558/1278/404 420/1156/323 443/1155/570
f 212/1090/568 234/1158/594 260/1080/563
f 308/1279/657 347/1280/659 312/1281/656
f 424/1282/667 347/1280/659 308/1279/657
f 347/1280/659 424/1282/667 522/1283/668
f 347/1280/659 522/1283/668 410/1284/658
f 522/1283/668 493/1285/669 410/1284/658
f 314/1236/646 264/1232/644 450/1286/670
f 641/1287/671 518/1238/648 450/1286/670
f 518/1238/648 314/1236/646 450/1286/670
f 305/1239/649 421/1288/672 264/1232/644
f 421/1288/672 450/1286/670 264/1232/644
f 270/1221/637 321/1289/651 176/1222/638
f 403/1277/666 321/1290/651 270/1221/637
f 254/1291/630 295/1292/629 359/1293/634
f 173/1294/585 140/1295/591 223/1296/673
f 223/1296/673 140/1295/591 254/1291/630
f 136/1297/586 173/1294/585 223/1296/673
f 223/1296/673 254/1291/630 233/1298/674
f 136/1297/586 223/1296/673 218/1299/675
f 168/1300/676 132/1301/677 197/1302/678
f 133/1303/679 136/1297/586 143/1304/680
f 136/1297/586 218/1299/675 143/1304/680
f 197/1302/678 143/1304/680 218/1299/675
f 233/1298/674 197/1302/678 218/1299/675
f 168/1300/676 197/1302/678 233/1298/674
f 465/866/450 321/1305/651 486/1306/449
f 463/1307/650 465/866/450 511/862/446
f 295/1308/629 351/1309/647 269/1310/635
f 432/1311/681 351/1309/647 518/1312/648
f 518/1312/648 570/1313/682 432/1311/681
f 403/1314/666 477/1315/683 321/1316/651
f 556/1317/684 486/1318/449 321/1316/651
f 477/1315/683 556/1317/684 321/1316/651
f 269/1310/635 432/1311/681 403/1319/666
f 477/1320/683 403/1321/666 432/1311/681
f 510/1322/685 477/1320/683 432/1311/681
f 510/1322/685 570/1313/682 545/1323/686
f 738/1324/687 697/1325/688 741/1326/689
f 741/1326/689 697/1325/688 641/1327/671
f 641/1327/671 697/1325/688 570/1313/682
f 570/1313/682 518/1312/648 641/1327/671
f 269/1310/635 351/1309/647 432/1311/681
f 432/1311/681 570/1313/682 510/1322/685
f 578/1265/621 632/1171/606 584/1164/603
f 578/1265/621 584/1164/603 483/1163/602
f 562/1328/616 400/1174/608 568/1166/604
f 400/1174/608 562/1328/616 366/1263/662
f 366/1263/662 562/1328/616 575/1329/690
f 503/1160/600 585/1330/605 567/1331/691
f 503/1160/600 567/1331/691 443/1332/570
f 443/1332/570 393/1081/564 503/1160/600
f 450/1286/670 421/1288/672 512/1333/692
f 641/1287/671 450/1286/670 512/1333/692
f 421/1288/672 305/1239/649 505/1334/693
f 549/1335/405 505/1334/693 463/1241/650
f 586/1336/694 410/1284/658 525/1337/695
f 659/1338/696 621/1339/663 586/1336/694
f 609/1340/697 586/1336/694 579/1341/698
f 579/1341/698 586/1336/694 525/1337/695
f 525/1337/695 583/1342/699 579/1341/698
f 583/1342/699 525/1337/695 493/1285/669
f 493/1285/669 525/1337/695 410/1284/658
f 583/1342/699 635/1343/700 677/1344/701
f 493/1285/669 522/1283/668 635/1343/700
f 493/1285/669 635/1343/700 583/1342/699
f 530/1162/601 399/1173/607 483/1163/602
f 483/1163/602 399/1173/607 409/1255/655
f 505/1334/693 305/1239/649 463/1241/650
f 463/1241/650 511/1345/446 571/1346/448
f 607/1347/702 688/1348/508 639/1349/703
f 639/1349/703 688/1348/508 719/1350/704
f 607/1347/702 639/1349/703 463/1241/650
f 463/1241/650 571/1346/448 607/1347/702
f 556/1317/684 651/1351/705 486/1318/449
f 486/1318/449 651/1351/705 546/1352/447
f 546/1352/447 651/1351/705 625/1353/706
f 625/1353/706 651/1351/705 689/1354/504
f 496/1355/707 531/1356/708 510/1357/685
f 531/1356/708 477/1315/683 510/1357/685
f 496/1355/707 510/1357/685 545/1358/686
f 648/1359/709 587/1360/710 577/1361/711
f 577/1361/711 721/1362/712 648/1359/709
f 725/1363/713 721/1362/712 577/1361/711
f 682/1364/451 549/1335/405 702/1365/714
f 639/1349/703 702/1365/714 463/1241/650
f 702/1365/714 549/1335/405 463/1241/650
f 505/1334/693 558/1366/404 443/1367/570
f 505/1334/693 549/1335/405 558/1366/404
f 505/1334/693 443/1367/570 421/1288/672
f 443/1367/570 567/1368/691 421/1288/672
f 585/1369/605 421/1288/672 567/1368/691
f 512/1333/692 421/1288/672 585/1369/605
f 585/1369/605 700/1370/715 641/1287/671
f 585/1369/605 641/1287/671 512/1333/692
f 687/1371/716 621/1339/663 659/1338/696
f 751/1372/717 687/1371/716 659/1338/696
f 659/1338/696 586/1336/694 609/1340/697
f 453/1373/660 410/1284/658 586/1336/694
f 621/1339/663 453/1373/660 586/1336/694
f 666/1374/619 621/1339/663 687/1371/716
f 571/884/448 664/883/452 607/1375/702
f 688/1376/508 607/1375/702 717/1377/509
f 717/1377/509 607/1375/702 664/883/452
f 659/1378/696 656/1379/718 714/1380/719
f 756/1381/720 659/1378/696 714/1380/719
f 659/1378/696 756/1381/720 751/1382/717
f 684/1383/721 622/1384/722 642/1385/723
f 609/1386/697 622/1384/722 656/1379/718
f 656/1379/718 622/1384/722 684/1383/721
f 684/1383/721 714/1380/719 656/1379/718
f 609/1386/697 656/1379/718 659/1378/696
f 545/1387/686 570/1388/682 577/1389/711
f 725/1390/713 577/1389/711 570/1388/682
f 585/1391/605 632/1194/606 700/1392/715
f 700/1392/715 632/1194/606 708/1192/620
f 745/1393/724 738/1394/687 719/1395/704
f 575/1396/690 562/1397/616 627/1398/725
f 720/1399/618 627/1398/725 562/1397/616
f 687/1400/716 759/1401/622 666/1402/619
f 687/1400/716 751/1403/717 698/1404/726
f 698/1404/726 677/1405/701 635/1406/700
f 759/1401/622 687/1400/716 698/1404/726
f 745/1407/724 688/1348/508 771/1408/505
f 688/1348/508 745/1407/724 719/1350/704
f 689/1354/504 651/1351/705 745/1409/724
f 697/1410/688 651/1351/705 556/1317/684
f 697/1410/688 556/1317/684 681/1411/727
f 681/1411/727 556/1317/684 537/1412/728
f 531/1356/708 537/1412/728 556/1317/684
f 738/1413/687 651/1414/705 697/1415/688
f 570/1388/682 697/1416/688 725/1390/713
f 720/1399/618 759/1401/622 627/1398/725
f 627/1398/725 759/1401/622 691/1417/729
f 627/1398/725 594/1418/730 492/1419/731
f 627/1398/725 492/1419/731 478/1420/732
f 759/1401/622 698/1404/726 691/1417/729
f 691/1417/729 698/1404/726 635/1421/700
f 664/1422/452 682/1423/451 702/1424/714
f 717/1425/509 664/1426/452 702/1424/714
f 702/1424/714 825/1427/733 717/1425/509
f 825/1427/733 930/1428/511 717/1425/509
f 930/1428/511 803/1429/507 717/1425/509
f 990/1430/734 930/1428/511 916/1431/735
f 916/1431/735 930/1428/511 825/1427/733
f 1009/1432/736 916/1431/735 825/1433/733
f 825/1434/733 702/1435/714 639/1436/703
f 1009/1437/736 825/1434/733 719/1395/704
f 719/1395/704 825/1434/733 639/1436/703
f 741/1438/689 641/1439/671 749/1440/737
f 831/1441/738 1009/1437/736 719/1395/704
f 831/1441/738 719/1395/704 741/1438/689
f 741/1442/689 719/1443/704 738/1413/687
f 651/1414/705 738/1413/687 745/1444/724
f 689/1445/504 745/1446/724 771/1447/505
f 933/1448/739 700/1449/715 932/1450/624
f 932/1450/624 700/1449/715 708/1451/620
f 933/1448/739 932/1450/624 992/1452/740
f 992/1452/740 1036/1453/741 1065/1454/742
f 992/1452/740 932/1450/624 1036/1453/741
f 995/1455/625 1036/1453/741 932/1450/624
f 749/1456/737 641/1457/671 700/1449/715
f 749/1456/737 700/1449/715 933/1448/739
f 831/1458/738 749/1456/737 933/1448/739
f 1009/1459/736 1016/1460/743 990/1461/734
f 1009/1459/736 990/1461/734 967/1462/744
f 749/1440/737 831/1441/738 741/1438/689
f 733/1463/441 678/1464/442 913/1465/459
f 899/1466/501 913/1465/459 783/1467/502
f 783/1467/502 913/1465/459 678/1464/442
f 678/1464/442 740/1468/745 783/1467/502
f 675/1469/746 740/1468/745 658/1470/464
f 740/1468/745 675/1469/746 706/1471/747
f 706/1471/747 675/1469/746 710/1472/748
f 740/1468/745 706/1471/747 810/1473/749
f 810/1473/749 706/1471/747 762/1474/750
f 679/1475/751 706/1471/747 588/1476/752
f 588/1476/752 706/1471/747 676/1477/753
f 706/1471/747 679/1475/751 762/1474/750
f 740/1468/745 762/1474/750 679/1475/751
f 762/1474/750 740/1468/745 810/1473/749
f 689/1478/504 740/1468/745 679/1475/751
f 689/1478/504 679/1475/751 625/1479/706
f 679/1475/751 588/1476/752 595/1480/754
f 676/1477/753 645/1481/755 588/1476/752
f 555/1482/756 561/1483/757 542/1484/758
f 555/1485/756 532/1486/759 563/1487/760
f 563/1487/760 595/1480/754 588/1476/752
f 563/1487/760 588/1476/752 555/1482/756
f 588/1476/752 561/1483/757 555/1482/756
f 573/1488/761 561/1483/757 588/1476/752
f 573/1488/761 588/1476/752 645/1481/755
f 903/1489/762 945/1490/763 834/1491/764
f 903/1489/762 834/1491/764 798/1492/765
f 754/1493/766 875/1494/767 801/1495/768
f 894/1496/769 811/1497/770 854/1498/771
f 811/1497/770 801/1495/768 854/1498/771
f 902/1499/772 903/1489/762 875/1494/767
f 798/1492/765 875/1494/767 903/1489/762
f 875/1494/767 798/1492/765 801/1495/768
f 801/1495/768 798/1492/765 854/1498/771
f 928/1500/773 903/1489/762 902/1499/772
f 1002/1501/774 987/1502/499 874/995/503
f 798/1492/765 834/1491/764 794/1503/775
f 880/1504/776 794/1503/775 882/1505/777
f 880/1504/776 882/1505/777 964/1506/778
f 880/1504/776 964/1506/778 839/1507/779
f 839/1507/779 883/1508/780 802/1509/781
f 802/1509/781 794/1503/775 839/1507/779
f 839/1507/779 794/1503/775 880/1504/776
f 725/1390/713 796/1510/782 924/1511/783
f 725/1390/713 924/1511/783 901/1512/784
f 850/1513/785 796/1510/782 737/1514/786
f 924/1511/783 796/1510/782 850/1513/785
f 924/1511/783 850/1513/785 948/1515/787
f 901/1512/784 924/1511/783 948/1515/787
f 948/1515/787 1015/1516/788 901/1512/784
f 721/1517/712 725/1390/713 901/1512/784
f 875/1518/767 754/1519/766 833/1520/789
f 833/1520/789 754/1519/766 728/1521/790
f 875/1518/767 833/1520/789 951/1522/791
f 910/1523/792 951/1522/791 833/1520/789
f 922/1524/793 1006/1525/794 951/1522/791
f 922/1524/793 951/1522/791 910/1523/792
f 902/1526/772 875/1518/767 928/1527/773
f 875/1518/767 951/1522/791 946/1528/795
f 967/1529/744 990/1530/734 916/1531/735
f 967/1532/744 916/1533/735 1009/1534/736
f 996/1535/796 834/1536/764 945/1537/763
f 834/1536/764 996/1535/796 929/1538/797
f 1036/1539/741 1034/1540/798 996/1535/796
f 1113/1541/799 1036/1539/741 996/1535/796
f 945/1537/763 1027/1542/800 996/1535/796
f 794/1503/775 834/1491/764 882/1505/777
f 882/1505/777 974/1543/801 964/1506/778
f 834/1491/764 929/1544/797 882/1505/777
f 974/1543/801 882/1505/777 1075/1545/802
f 1018/1546/803 882/1505/777 929/1544/797
f 987/1502/499 913/1547/459 899/993/501
f 1027/1548/800 980/1549/804 1067/1550/805
f 850/1551/785 980/1549/804 948/1552/787
f 1027/1553/800 945/1554/763 1005/1555/806
f 1027/1553/800 1005/1555/806 1068/1556/807
f 1027/1553/800 1068/1556/807 981/1557/808
f 1027/1553/800 981/1557/808 1015/1558/788
f 901/1559/784 1015/1558/788 981/1557/808
f 1027/1553/800 1015/1558/788 948/1560/787
f 1027/1553/800 948/1560/787 980/1561/804
f 1113/1562/799 996/1563/796 1100/1564/809
f 1100/1564/809 996/1563/796 1027/1553/800
f 899/993/501 874/995/503 987/1502/499
f 972/1565/810 1019/1566/811 850/1567/785
f 928/1568/773 945/1569/763 903/1570/762
f 1005/1571/806 945/1569/763 928/1568/773
f 1062/1572/812 1005/1571/806 1021/1573/813
f 901/1574/784 981/1575/808 891/1576/814
f 1096/1577/815 989/1578/816 981/1579/808
f 1069/1580/817 1096/1577/815 1095/1581/818
f 928/1527/773 875/1518/767 946/1528/795
f 1017/1182/612 1166/1183/613 1182/1582/819
f 1035/1583/820 971/1584/614 1017/1585/612
f 831/1458/738 933/1448/739 1009/1459/736
f 1009/1459/736 933/1448/739 1000/1586/821
f 1106/1587/822 992/1452/740 1065/1454/742
f 1211/1588/823 1162/1589/824 1208/1590/825
f 1106/1587/822 1208/1590/825 1162/1589/824
f 1106/1587/822 933/1448/739 992/1452/740
f 933/1448/739 1106/1587/822 1000/1586/821
f 1000/1586/821 1106/1587/822 1037/1591/826
f 1106/1587/822 1067/1592/805 1037/1591/826
f 1067/1592/805 1106/1587/822 1141/1593/827
f 1106/1587/822 1162/1589/824 1141/1593/827
f 1035/1594/820 1034/1540/798 995/1595/625
f 996/1535/796 1034/1540/798 929/1538/797
f 1149/1596/828 1036/1539/741 1128/1597/829
f 1149/1596/828 1065/1598/742 1036/1539/741
f 1036/1539/741 995/1595/625 1034/1540/798
f 971/1584/614 1035/1583/820 995/1599/625
f 1046/1600/830 1030/1601/831 1039/1602/832
f 1039/1602/832 1030/1601/831 1035/1583/820
f 1092/1603/833 1073/1604/834 1035/1583/820
f 1030/1601/831 1018/1605/803 1034/1606/798
f 1018/1605/803 1030/1601/831 1046/1600/830
f 1060/1607/835 1064/1608/836 1063/1609/837
f 1039/1602/832 1064/1608/836 1060/1607/835
f 1039/1602/832 1060/1607/835 1046/1600/830
f 1009/1459/736 1000/1586/821 1037/1591/826
f 1009/1459/736 1037/1591/826 1016/1460/743
f 1052/1610/838 990/1461/734 1016/1460/743
f 980/1611/804 1052/1610/838 1016/1460/743
f 1052/1610/838 980/1611/804 1032/1612/510
f 980/1611/804 1016/1460/743 1037/1591/826
f 1034/1606/798 1035/1583/820 1030/1601/831
f 1034/1540/798 1018/1613/803 929/1538/797
f 980/1549/804 850/1551/785 1019/1614/811
f 1187/1615/839 1104/1616/840 1199/1617/841
f 1104/1616/840 1119/1618/842 1199/1617/841
f 1104/1616/840 1032/1619/510 1119/1618/842
f 874/1620/503 803/1621/507 1002/1622/774
f 1002/1622/774 803/1621/507 1032/1623/510
f 987/1624/499 1002/1622/774 986/1625/843
f 1007/1626/844 1002/1622/774 1032/1623/510
f 1007/1626/844 1032/1623/510 985/1627/845
f 985/1627/845 1032/1623/510 1024/1628/846
f 928/1568/773 946/1629/795 1045/1630/847
f 1045/1630/847 1021/1573/813 928/1568/773
f 1070/1631/848 1021/1573/813 1045/1630/847
f 1070/1631/848 1170/1632/849 1021/1573/813
f 986/1633/843 1048/1634/850 987/1635/499
f 1066/1636/522 987/1635/499 1048/1634/850
f 1048/1634/850 1150/1637/851 1155/1638/523
f 1155/1639/523 1150/1637/851 1187/1640/839
f 850/1567/785 870/1641/852 972/1565/810
f 989/1578/816 972/1565/810 870/1641/852
f 989/1578/816 1096/1577/815 1088/1642/853
f 1095/1581/818 1072/1643/854 1069/1580/817
f 1072/1643/854 1097/1644/855 1071/1645/856
f 1097/1644/855 1088/1642/853 1071/1645/856
f 1088/1642/853 1069/1580/817 1071/1645/856
f 1069/1580/817 1088/1642/853 1096/1577/815
f 1071/1645/856 1069/1580/817 1072/1643/854
f 1005/1646/806 1062/1647/812 1068/1648/807
f 1263/1649/857 1164/1650/858 1209/1651/859
f 1263/1649/857 1209/1651/859 1220/1652/860
f 1209/1651/859 1164/1650/858 1177/1653/861
f 1177/1653/861 1268/1654/862 1209/1651/859
f 1209/1651/859 1268/1654/862 1244/1655/863
f 1220/1652/860 1209/1651/859 1191/1656/864
f 1271/1657/865 1309/1658/866 1220/1652/860
f 1068/1648/807 1062/1647/812 1164/1650/858
f 1177/1653/861 1164/1650/858 1062/1647/812
f 1268/1659/862 1177/1653/861 1170/1660/849
f 928/1568/773 1021/1573/813 1005/1571/806
f 478/1661/732 366/1662/662 575/1663/690
f 478/1661/732 457/1664/867 366/1662/662
f 366/1662/662 457/1664/867 387/1665/868
f 360/1666/869 327/1667/870 315/1668/871
f 315/1668/871 338/1669/872 360/1666/869
f 338/1669/872 315/1668/871 308/1670/657
f 338/1669/872 308/1670/657 372/1671/873
f 308/1670/657 315/1668/871 323/1672/874
f 339/1673/875 424/1674/667 308/1670/657
f 338/1669/872 343/1675/661 366/1662/662
f 343/1675/661 338/1669/872 372/1671/873
f 338/1669/872 366/1662/662 360/1666/869
f 360/1666/869 366/1662/662 387/1665/868
f 308/1670/657 343/1675/661 372/1671/873
f 440/1676/876 327/1667/870 360/1666/869
f 440/1676/876 360/1666/869 387/1665/868
f 377/1677/877 323/1672/874 327/1667/870
f 315/1668/871 327/1667/870 323/1672/874
f 339/1673/875 308/1670/657 323/1672/874
f 377/1678/877 339/1673/875 323/1672/874
f 440/1676/876 387/1665/868 457/1664/867
f 339/1679/875 377/1680/877 424/1681/667
f 327/1682/870 475/1683/878 377/1680/877
f 475/1683/878 327/1682/870 440/1684/876
f 475/1683/878 424/1681/667 377/1680/877
f 424/1681/667 475/1683/878 522/1685/668
f 475/1683/878 541/1686/879 522/1685/668
f 541/1686/879 475/1683/878 526/1687/880
f 594/1418/730 627/1398/725 691/1417/729
f 619/1688/881 594/1418/730 691/1417/729
f 594/1418/730 526/1687/880 440/1684/876
f 526/1687/880 594/1418/730 619/1688/881
f 619/1688/881 541/1686/879 526/1687/880
f 478/1661/732 492/1689/731 457/1664/867
f 457/1664/867 492/1689/731 440/1676/876
f 440/1684/876 526/1687/880 475/1683/878
f 575/1663/690 627/1690/725 478/1661/732
f 619/1688/881 635/1421/700 522/1685/668
f 522/1685/668 541/1686/879 619/1688/881
f 635/1421/700 619/1688/881 691/1417/729
f 440/1684/876 492/1419/731 594/1418/730
f 583/1691/699 618/1692/882 579/1693/698
f 618/1692/882 583/1691/699 677/1694/701
f 786/1695/883 677/1694/701 751/1696/717
f 786/1695/883 756/1697/720 677/1694/701
f 756/1697/720 644/1698/884 677/1694/701
f 716/1699/885 642/1700/723 644/1698/884
f 716/1699/885 684/1701/721 642/1700/723
f 716/1699/885 714/1702/719 684/1701/721
f 622/1703/722 609/1704/697 579/1693/698
f 622/1703/722 579/1693/698 642/1700/723
f 677/1694/701 644/1698/884 618/1692/882
f 644/1698/884 642/1700/723 579/1693/698
f 644/1698/884 579/1693/698 618/1692/882
f 751/1696/717 677/1694/701 698/1705/726
f 756/1381/720 786/1706/883 751/1382/717
f 644/1698/884 756/1697/720 716/1699/885
f 714/1702/719 716/1699/885 756/1697/720
f 798/1492/765 794/1503/775 802/1509/781
f 798/1492/765 802/1509/781 854/1498/771
f 854/1498/771 802/1509/781 860/1707/886
f 860/1707/886 894/1496/769 854/1498/771
f 802/1708/781 883/1709/780 860/1710/886
f 860/1710/886 883/1709/780 940/1711/887
f 964/1712/778 940/1711/887 883/1709/780
f 964/1712/778 883/1709/780 839/1713/779
f 811/1714/770 894/1715/769 815/1716/888
f 922/1524/793 815/1716/888 894/1715/769
f 1001/1717/889 956/1718/890 894/1715/769
f 1006/1525/794 922/1524/793 956/1718/890
f 964/1712/778 1001/1719/889 940/1711/887
f 940/1711/887 1001/1719/889 894/1720/769
f 860/1710/886 940/1711/887 894/1720/769
f 1001/1719/889 964/1712/778 974/1721/801
f 974/1721/801 1075/1722/802 1001/1719/889
f 1075/1722/802 1045/1723/847 1001/1719/889
f 882/1724/777 1018/1725/803 1075/1726/802
f 1110/1727/891 1070/1631/848 1045/1630/847
f 1045/1728/847 946/1528/795 1001/1717/889
f 1001/1717/889 946/1528/795 1006/1525/794
f 946/1528/795 951/1522/791 1006/1525/794
f 1006/1525/794 956/1718/890 1001/1717/889
f 266/1729/892 249/1730/893 289/1731/429
f 266/1729/892 289/1731/429 265/1732/894
f 267/1733/895 289/1731/429 249/1730/893
f 274/1734/896 290/1735/427 279/1736/897
f 290/1735/427 309/1737/426 279/1736/897
f 307/1738/420 364/1739/421 363/1740/424
f 363/1740/424 309/1737/426 307/1738/420
f 279/1736/897 309/1737/426 382/1741/898
f 382/1741/898 309/1737/426 363/1740/424
f 382/1741/898 363/1740/424 467/1742/899
f 290/822/427 274/1743/896 289/825/429
f 274/1734/896 265/1744/894 289/1745/429
f 265/1744/894 274/1734/896 279/1736/897
f 267/1746/895 276/1747/900 354/1748/901
f 354/1748/901 429/1749/902 350/1750/903
f 310/1751/904 354/1748/901 276/1747/900
f 258/1752/905 310/1751/904 276/1747/900
f 280/1753/906 265/1732/894 279/1754/897
f 265/1732/894 280/1753/906 266/1729/892
f 382/1755/898 280/1753/906 279/1754/897
f 382/1755/898 383/1756/907 280/1753/906
f 276/1757/900 267/1733/895 249/1730/893
f 249/1730/893 258/1758/905 276/1757/900
f 266/1729/892 258/1758/905 249/1730/893
f 318/1759/908 310/1760/904 258/1758/905
f 318/1759/908 258/1758/905 266/1729/892
f 280/1753/906 318/1759/908 266/1729/892
f 422/1761/346 435/1762/358 367/1763/352
f 481/1764/909 484/1765/353 455/1766/347
f 481/1767/909 472/1768/359 484/1765/353
f 445/1769/910 441/1770/911 481/1764/909
f 481/1764/909 455/1766/347 445/1769/910
f 455/1766/347 367/1763/352 445/1769/910
f 348/1771/912 460/1772/913 445/1769/910
f 445/1769/910 460/1772/913 441/1770/911
f 367/1763/352 435/1762/358 357/1773/914
f 357/1773/914 355/1774/915 367/1763/352
f 319/1775/916 348/1771/912 367/1763/352
f 445/1769/910 367/1763/352 348/1771/912
f 320/1776/917 460/1772/913 348/1771/912
f 320/1776/917 319/1775/916 317/1777/918
f 320/1776/917 348/1771/912 319/1775/916
f 367/1778/352 317/1779/918 319/1780/916
f 317/1779/918 460/1781/913 320/1782/917
f 441/1783/911 460/1781/913 355/1784/915
f 355/1784/915 460/1781/913 317/1779/918
f 367/1778/352 355/1784/915 317/1779/918
f 289/1785/429 267/1746/895 350/1750/903
f 350/1750/903 267/1746/895 354/1748/901
f 596/1786/919 574/1787/397 467/1788/899
f 467/1788/899 574/1787/397 461/1789/920
f 467/1788/899 461/1789/920 382/1790/898
f 383/1791/907 382/1790/898 461/1789/920
f 429/1749/902 383/1791/907 461/1789/920
f 354/1748/901 310/1751/904 318/1792/908
f 318/1792/908 280/1793/906 383/1791/907
f 318/1792/908 383/1791/907 354/1748/901
f 354/1748/901 383/1791/907 429/1749/902
f 429/1749/902 461/1789/920 350/1750/903
f 350/1750/903 324/1794/428 289/1785/429
f 435/1795/358 395/1796/921 357/1797/914
f 472/1798/359 481/1799/909 395/1796/921
f 472/1798/359 395/1796/921 435/1795/358
f 357/1797/914 395/1796/921 355/1784/915
f 395/1796/921 441/1783/911 355/1784/915
f 395/1796/921 481/1799/909 441/1783/911
f 324/1794/428 350/1750/903 470/1800/399
f 461/1789/920 574/1787/397 470/1800/399
f 461/1789/920 470/1800/399 350/1750/903
f 662/1801/398 574/1787/397 669/1802/922
f 467/1803/899 554/1804/422 653/1805/394
f 467/1803/899 653/1805/394 608/1806/923
f 574/1787/397 596/1786/919 608/1806/923
f 653/1805/394 669/1802/922 608/1806/923
f 608/1806/923 669/1802/922 574/1787/397
f 467/1788/899 363/1807/424 520/1808/425
f 467/1788/899 520/1808/425 554/1809/422
f 509/1810/924 490/1811/925 513/1812/926
f 509/1810/924 513/1812/926 593/1813/927
f 736/1814/474 509/1810/924 593/1813/927
f 736/1814/474 660/1815/518 509/1810/924
f 498/1816/928 509/1810/924 598/1817/520
f 660/1815/518 598/1817/520 509/1810/924
f 544/1818/929 490/1811/925 498/1819/928
f 559/1820/930 490/1811/925 544/1818/929
f 547/1821/931 729/1822/932 712/1823/933
f 547/1821/931 712/1823/933 600/1824/934
f 600/1824/934 593/1813/927 513/1812/926
f 513/1812/926 547/1821/931 600/1824/934
f 547/1821/931 490/1811/925 559/1820/930
f 447/828/390 517/810/391 488/813/419
f 507/809/417 488/813/419 517/810/391
f 554/1825/422 553/811/392 653/1826/394
f 507/809/417 553/811/392 554/816/422
f 551/1827/423 532/1828/759 557/1829/935
f 605/1830/936 557/1829/935 540/1831/937
f 540/1831/937 606/1832/938 605/1830/936
f 576/1833/939 557/1829/935 605/1830/936
f 542/1834/758 539/1835/940 540/1836/937
f 544/1837/929 498/1838/928 633/1839/941
f 633/1839/941 498/1838/928 616/1840/942
f 509/1841/924 498/1838/928 490/1842/925
f 513/1812/926 490/1811/925 547/1821/931
f 563/1843/760 551/1844/423 604/908/465
f 565/845/438 563/1843/760 604/908/465
f 595/1845/754 563/1843/760 565/845/438
f 595/1845/754 565/845/438 546/863/447
f 601/846/439 565/845/438 604/908/465
f 604/1846/465 551/1847/423 554/1848/422
f 675/1469/746 620/1849/943 673/1850/944
f 620/1849/943 675/1469/746 658/1470/464
f 676/1477/753 710/1472/748 675/1469/746
f 673/1850/944 605/1851/936 675/1469/746
f 673/1850/944 620/1849/943 611/1852/945
f 605/1851/936 673/1850/944 576/1853/939
f 604/1846/465 554/1848/422 592/1854/946
f 604/1846/465 592/1854/946 620/1849/943
f 620/1849/943 592/1854/946 608/1855/923
f 608/1855/923 611/1852/945 620/1849/943
f 520/1856/425 551/1827/423 557/1829/935
f 557/1829/935 576/1833/939 520/1856/425
f 611/1857/945 576/1833/939 673/1858/944
f 611/1857/945 608/1859/923 596/1860/919
f 592/1861/946 611/1857/945 596/1860/919
f 576/1833/939 611/1857/945 592/1861/946
f 576/1833/939 592/1861/946 520/1856/425
f 592/1861/946 554/1862/422 520/1856/425
f 467/1863/899 592/1864/946 596/1865/919
f 608/1866/923 592/1864/946 467/1863/899
f 605/1867/936 606/1868/938 655/1869/947
f 539/1835/940 606/1868/938 540/1836/937
f 606/1868/938 539/1835/940 589/1870/948
f 542/1834/758 589/1870/948 539/1835/940
f 620/1849/943 658/1470/464 604/1846/465
f 605/1830/936 655/1871/947 676/1872/753
f 600/1824/934 712/1823/933 593/1813/927
f 633/1873/941 616/1874/942 734/1875/949
f 776/1876/950 633/1873/941 763/1877/951
f 763/1877/951 633/1873/941 734/1875/949
f 776/1876/950 763/1877/951 770/1878/952
f 863/1879/953 729/1822/932 743/1880/954
f 743/1880/954 729/1822/932 559/1820/930
f 633/1881/941 743/1880/954 559/1820/930
f 559/1820/930 544/1818/929 633/1881/941
f 547/1821/931 559/1820/930 729/1822/932
f 845/1882/955 947/1883/956 914/1884/957
f 914/1884/957 829/1885/958 845/1882/955
f 593/1813/927 845/1882/955 829/1885/958
f 712/1823/933 845/1882/955 593/1813/927
f 845/1882/955 712/1823/933 729/1822/932
f 736/1814/474 593/1813/927 829/1885/958
f 705/1886/410 711/1887/959 857/1888/960
f 787/1889/961 857/1888/960 711/1887/959
f 809/1890/962 787/1889/961 785/1891/963
f 858/1892/964 809/1890/962 785/1891/963
f 705/1893/410 667/1894/366 711/1887/959
f 703/1895/965 711/1887/959 667/1894/366
f 693/1896/462 703/1895/965 667/1894/366
f 693/1896/462 785/1891/963 703/1895/965
f 703/1895/965 785/1891/963 787/1889/961
f 730/853/443 610/850/388 599/852/400
f 790/940/470 730/853/443 772/943/476
f 742/1897/517 772/943/476 730/853/443
f 742/1897/517 730/853/443 599/852/400
f 678/1464/442 658/1470/464 740/1468/745
f 734/1875/949 616/1874/942 598/1898/520
f 598/1898/520 616/1874/942 498/1899/928
f 797/1900/463 705/1901/410 857/1902/960
f 693/1896/462 752/1903/367 785/1891/963
f 653/859/394 758/858/445 865/1904/461
f 711/1887/959 703/1895/965 787/1889/961
f 772/1019/476 742/1017/517 775/1016/516
f 892/1013/515 775/1016/516 653/1905/394
f 653/1905/394 775/1016/516 669/1906/922
f 892/1013/515 653/1905/394 865/1014/461
f 892/1013/515 939/1012/477 983/1907/966
f 775/1016/516 662/1015/398 669/1906/922
f 892/1013/515 598/1022/520 788/1021/519
f 788/1021/519 775/1016/516 892/1013/515
f 776/1908/950 777/1909/967 878/1910/968
f 777/1909/967 776/1908/950 760/1911/969
f 878/1910/968 777/1909/967 864/1912/970
f 983/1913/966 968/1914/971 863/1915/953
f 743/1916/954 633/1917/941 776/1908/950
f 752/1918/367 797/1900/463 785/1919/963
f 660/1920/518 736/941/474 772/943/476
f 918/942/475 829/1921/958 988/946/479
f 829/1921/958 918/942/475 736/941/474
f 888/1922/972 787/1889/961 809/1890/962
f 968/1923/971 914/1884/957 947/1883/956
f 988/1924/479 968/1923/971 983/1925/966
f 914/1884/957 988/1924/479 829/1885/958
f 859/1926/973 734/1875/949 892/1927/515
f 734/1875/949 598/1898/520 892/1927/515
f 859/1926/973 892/1927/515 983/1928/966
f 859/1926/973 919/1929/974 823/1930/975
f 734/1875/949 859/1926/973 823/1930/975
f 851/1931/976 763/1877/951 823/1930/975
f 890/1932/977 791/1933/978 851/1931/976
f 890/1932/977 851/1931/976 919/1929/974
f 919/1929/974 963/1934/979 890/1932/977
f 919/1929/974 851/1931/976 823/1930/975
f 963/1934/979 878/1935/968 890/1932/977
f 919/1929/974 859/1926/973 983/1928/966
f 889/1936/980 729/1822/932 863/1879/953
f 845/1882/955 729/1822/932 889/1936/980
f 863/1915/953 743/1916/954 776/1908/950
f 878/1910/968 863/1915/953 776/1908/950
f 797/1900/463 857/1902/960 888/1937/972
f 797/1900/463 888/1937/972 785/1919/963
f 858/1938/964 785/1919/963 888/1937/972
f 858/1938/964 888/1937/972 809/1939/962
f 888/1937/972 857/1902/960 787/1940/961
f 968/1923/971 947/1883/956 1051/1941/981
f 845/1882/955 889/1936/980 947/1883/956
f 889/1936/980 965/1942/982 1059/1943/983
f 914/1884/957 968/1923/971 988/1924/479
f 878/1944/968 963/1945/979 863/1946/953
f 863/1946/953 963/1945/979 983/1947/966
f 983/1947/966 939/1948/477 988/1949/479
f 863/1879/953 968/1950/971 965/1942/982
f 863/1879/953 965/1942/982 889/1936/980
f 939/1951/477 957/1952/497 1041/1953/478
f 968/1954/971 1086/1955/984 965/1956/982
f 1051/1957/981 1086/1955/984 968/1954/971
f 1078/1958/985 1059/1959/983 1079/1960/986
f 1059/1959/983 1078/1958/985 1051/1957/981
f 1059/1959/983 965/1961/982 1086/1962/984
f 947/1963/956 889/1964/980 1059/1959/983
f 1059/1959/983 1051/1957/981 947/1963/956
f 763/1877/951 791/1965/978 770/1878/952
f 763/1877/951 851/1931/976 791/1933/978
f 763/1877/951 734/1875/949 823/1930/975
f 777/1966/967 760/1967/969 761/1968/987
f 777/1966/967 761/1968/987 804/1969/988
f 761/1968/987 760/1967/969 770/1970/952
f 770/1970/952 760/1967/969 776/1971/950
f 770/1970/952 791/1972/978 761/1968/987
f 804/1969/988 761/1968/987 791/1972/978
f 804/1969/988 864/1973/970 777/1966/967
f 878/1974/968 864/1973/970 890/1975/977
f 791/1972/978 890/1975/977 804/1969/988
f 864/1973/970 804/1969/988 890/1975/977
f 963/1934/979 919/1929/974 983/1928/966
f 151/1976/989 94/1977/990 98/1978/991
f 98/1978/991 94/1977/990 85/1979/992
f 98/1978/991 105/1980/993 171/1981/994
f 98/1978/991 192/1982/995 180/1983/642
f 151/1976/989 98/1978/991 180/1983/642
f 192/1982/995 98/1978/991 171/1981/994
f 294/1984/996 335/1985/997 378/1986/998
f 335/1985/997 294/1984/996 342/1987/999
f 378/1986/998 291/1988/1000 285/1989/1001
f 291/1988/1000 171/1981/994 285/1989/1001
f 285/1989/1001 171/1981/994 238/1990/1002
f 192/1982/995 171/1981/994 291/1988/1000
f 192/1982/995 291/1988/1000 242/1991/1003
f 242/1991/1003 272/1992/665 204/1993/640
f 335/1985/997 272/1992/665 242/1991/1003
f 335/1985/997 242/1991/1003 291/1988/1000
f 407/1994/1004 370/1995/1005 365/1996/1006
f 407/1994/1004 365/1996/1006 423/1997/1007
f 365/1996/1006 296/1998/1008 423/1997/1007
f 296/1998/1008 365/1996/1006 273/1999/1009
f 273/1999/1009 365/1996/1006 322/2000/1010
f 365/1996/1006 370/1995/1005 322/2000/1010
f 109/2001/1011 85/2002/992 94/2003/990
f 137/2004/1012 94/2003/990 195/2005/1013
f 122/2006/1014 121/2007/1015 123/2008/1016
f 123/2008/1016 121/2007/1015 159/2009/1017
f 153/2010/1018 123/2008/1016 137/2004/1012
f 94/2003/990 137/2004/1012 109/2001/1011
f 137/2004/1012 159/2011/1017 109/2001/1011
f 109/2012/1011 92/2013/1019 85/1979/992
f 85/1979/992 90/2014/1020 105/1980/993
f 85/1979/992 105/1980/993 98/1978/991
f 92/2015/1019 109/2016/1011 120/2017/1021
f 194/2018/1022 120/2017/1021 109/2016/1011
f 120/2017/1021 194/2018/1022 160/2019/1023
f 120/2017/1021 160/2019/1023 90/2020/1020
f 92/2015/1019 120/2017/1021 90/2020/1020
f 90/2020/1020 160/2019/1023 105/2021/993
f 90/2020/1020 85/2022/992 92/2015/1019
f 175/2023/633 170/2024/588 133/2025/679
f 145/2026/1024 175/2023/633 133/2025/679
f 196/2027/1025 175/2023/633 145/2026/1024
f 145/2026/1024 168/2028/676 196/2027/1025
f 175/2023/633 196/2027/1025 244/2029/631
f 170/2024/588 136/2030/586 133/2025/679
f 145/2026/1024 133/2025/679 132/2031/677
f 145/2026/1024 132/2031/677 168/2028/676
f 233/2032/674 196/2027/1025 168/2028/676
f 195/2005/1013 94/2003/990 151/2033/989
f 195/2005/1013 151/2033/989 188/2034/641
f 232/2035/1026 188/2034/641 229/2036/643
f 151/2033/989 180/2037/642 188/2034/641
f 143/1304/680 132/2038/677 133/1303/679
f 143/1304/680 197/1302/678 132/1301/677
f 159/2039/1017 137/2040/1012 123/2041/1016
f 187/2042/1027 149/2043/1028 241/2044/1029
f 241/2044/1029 149/2043/1028 250/2045/1030
f 273/2046/1009 241/2044/1029 250/2045/1030
f 149/2043/1028 153/2047/1018 250/2045/1030
f 250/2045/1030 153/2047/1018 182/2048/1031
f 250/2045/1030 182/2048/1031 220/2049/1032
f 181/2050/1033 182/2048/1031 153/2047/1018
f 181/2050/1033 185/2051/1034 182/2048/1031
f 194/2018/1022 240/2052/1035 238/2053/1002
f 194/2018/1022 238/2053/1002 160/2054/1023
f 171/2055/994 160/2054/1023 238/2053/1002
f 240/2052/1035 194/2018/1022 219/2056/1036
f 194/2018/1022 109/2016/1011 219/2056/1036
f 109/2016/1011 159/2057/1017 219/2056/1036
f 219/2056/1036 159/2057/1017 187/2058/1027
f 187/2058/1027 241/2059/1029 219/2056/1036
f 105/1980/993 160/2060/1023 171/1981/994
f 158/2061/1037 121/2007/1015 122/2006/1014
f 158/2061/1037 122/2006/1014 154/2062/1038
f 149/2063/1028 122/2006/1014 123/2008/1016
f 123/2008/1016 153/2010/1018 149/2063/1028
f 122/2006/1014 149/2063/1028 154/2062/1038
f 121/2064/1015 158/2065/1037 159/2039/1017
f 159/2039/1017 158/2065/1037 187/2042/1027
f 158/2065/1037 154/2066/1038 187/2042/1027
f 149/2043/1028 187/2042/1027 154/2066/1038
f 188/2034/641 232/2035/1026 195/2005/1013
f 231/2067/632 195/2005/1013 232/2035/1026
f 231/2067/632 244/2068/631 195/2005/1013
f 244/2068/631 257/2069/1039 237/2070/1040
f 244/2068/631 237/2070/1040 195/2005/1013
f 137/2004/1012 195/2005/1013 181/2071/1033
f 204/1993/640 180/1983/642 192/1982/995
f 204/1993/640 192/1982/995 242/1991/1003
f 195/2072/1013 202/2073/1041 181/2050/1033
f 137/2074/1012 181/2050/1033 153/2047/1018
f 181/2075/1033 202/2076/1041 185/2077/1034
f 237/2078/1040 230/2079/1042 202/2076/1041
f 237/2078/1040 202/2076/1041 195/2080/1013
f 230/2079/1042 237/2078/1040 273/2081/1009
f 230/2079/1042 273/2081/1009 250/2082/1030
f 182/2083/1031 185/2077/1034 220/2084/1032
f 230/2079/1042 220/2084/1032 185/2077/1034
f 202/2076/1041 230/2079/1042 185/2077/1034
f 244/2085/631 196/2086/1025 257/2087/1039
f 277/2088/1043 257/2087/1039 196/2086/1025
f 359/1293/634 233/1298/674 254/1291/630
f 359/1293/634 277/2088/1043 233/1298/674
f 277/2088/1043 359/1293/634 231/2089/632
f 231/2089/632 257/2087/1039 277/2088/1043
f 220/2084/1032 230/2079/1042 250/2082/1030
f 342/2090/999 240/2052/1035 219/2056/1036
f 294/2091/996 240/2052/1035 342/2090/999
f 294/2091/996 378/2092/998 285/2093/1001
f 294/2091/996 285/2093/1001 240/2052/1035
f 232/2094/1026 296/1998/1008 257/2095/1039
f 341/2096/664 296/1998/1008 232/2094/1026
f 229/2097/643 341/2096/664 232/2094/1026
f 231/2098/632 232/2094/1026 257/2095/1039
f 218/1299/675 223/1296/673 233/1298/674
f 196/2086/1025 233/1298/674 277/2088/1043
f 237/2099/1040 257/2095/1039 296/1998/1008
f 273/1999/1009 237/2099/1040 296/1998/1008
f 342/2090/999 219/2056/1036 316/2100/1044
f 407/2101/1004 316/2100/1044 370/2102/1005
f 316/2100/1044 407/2101/1004 342/2090/999
f 238/2053/1002 240/2052/1035 285/2093/1001
f 423/1997/1007 296/1998/1008 341/2096/664
f 341/2096/664 272/1992/665 335/1985/997
f 341/2096/664 335/1985/997 423/1997/1007
f 291/1988/1000 378/1986/998 335/1985/997
f 407/2101/1004 423/2103/1007 342/2090/999
f 241/2059/1029 322/2104/1010 219/2056/1036
f 241/2059/1029 273/2105/1009 322/2104/1010
f 322/2104/1010 316/2100/1044 219/2056/1036
f 316/2100/1044 322/2104/1010 370/2102/1005
f 342/1987/999 423/1997/1007 335/1985/997
f 474/2106/1045 413/2107/1046 434/2108/1047
f 406/2109/1048 489/2110/1049 434/2108/1047
f 405/2111/1050 433/2112/1051 406/2109/1048
f 433/2112/1051 405/2111/1050 444/2113/1052
f 444/2113/1052 405/2111/1050 413/2107/1046
f 406/2109/1048 434/2108/1047 413/2107/1046
f 406/2109/1048 413/2107/1046 405/2111/1050
f 413/2107/1046 474/2106/1045 473/2114/1053
f 489/2110/1049 580/2115/1054 537/2116/728
f 473/2117/1053 474/2118/1045 496/1355/707
f 531/1356/708 496/1355/707 474/2118/1045
f 477/1315/683 531/1356/708 556/1317/684
f 531/1356/708 474/2118/1045 537/1412/728
f 434/2119/1047 489/2120/1049 537/1412/728
f 434/2119/1047 537/1412/728 474/2118/1045
f 413/2121/1046 501/2122/1055 444/2123/1052
f 501/2122/1055 482/2124/1056 444/2123/1052
f 482/2125/1056 433/2126/1051 444/2127/1052
f 535/2128/1057 580/2129/1054 501/2130/1055
f 501/2130/1055 580/2129/1054 489/2131/1049
f 482/2125/1056 501/2130/1055 489/2131/1049
f 433/2126/1051 482/2125/1056 406/2132/1048
f 482/2125/1056 489/2131/1049 406/2132/1048
f 473/2117/1053 545/1358/686 577/1361/711
f 545/1358/686 473/2117/1053 496/1355/707
f 648/1359/709 602/2133/1058 587/1360/710
f 577/1361/711 587/1360/710 473/2117/1053
f 473/2134/1053 535/2135/1057 413/2121/1046
f 413/2121/1046 535/2135/1057 501/2122/1055
f 473/2134/1053 602/2136/1058 535/2135/1057
f 602/2136/1058 473/2134/1053 587/2137/710
f 532/1828/759 555/2138/756 557/1829/935
f 532/1828/759 551/1827/423 563/2139/760
f 540/1831/937 557/1829/935 542/2140/758
f 542/2140/758 557/1829/935 555/2138/756
f 580/2141/1054 726/2142/1059 780/2143/1060
f 780/2143/1060 726/2142/1059 835/2144/1061
f 870/2145/852 780/2143/1060 835/2144/1061
f 895/2146/1062 870/2145/852 835/2144/1061
f 958/2147/1063 870/2145/852 895/2146/1062
f 958/2147/1063 991/2148/1064 870/2145/852
f 870/2145/852 991/2148/1064 962/2149/1065
f 737/2150/786 796/2151/782 681/2152/727
f 737/2150/786 537/2153/728 870/2145/852
f 537/2153/728 780/2143/1060 870/2145/852
f 589/2154/948 542/2155/758 561/2156/757
f 589/2154/948 561/2156/757 582/2157/1066
f 645/2158/755 589/2154/948 582/2157/1066
f 573/2159/761 582/2157/1066 561/2156/757
f 595/2160/754 546/2161/447 625/2162/706
f 595/2160/754 625/2162/706 679/2163/751
f 580/2141/1054 780/2143/1060 537/2153/728
f 683/2164/1067 580/2165/1054 535/2166/1057
f 615/2167/1068 683/2164/1067 535/2166/1057
f 648/2168/709 713/2169/1069 602/2170/1058
f 535/2166/1057 602/2170/1058 615/2167/1068
f 674/2171/1070 602/2170/1058 713/2169/1069
f 674/2171/1070 680/2172/1071 615/2167/1068
f 683/2173/1067 615/2167/1068 680/2172/1071
f 680/2172/1071 674/2171/1070 723/2174/1072
f 713/2169/1069 768/2175/1073 723/2176/1072
f 713/2169/1069 648/2168/709 808/2177/1074
f 713/2169/1069 808/2177/1074 768/2175/1073
f 683/2178/1067 768/2175/1073 808/2177/1074
f 674/2171/1070 615/2167/1068 602/2170/1058
f 573/2159/761 645/2158/755 582/2157/1066
f 676/1477/753 655/2179/947 645/1481/755
f 655/1869/947 606/1868/938 589/1870/948
f 645/2180/755 655/1869/947 589/1870/948
f 725/1390/713 697/1416/688 681/2181/727
f 537/2153/728 737/2150/786 681/2182/727
f 675/1469/746 605/1851/936 676/1477/753
f 710/1472/748 676/1477/753 706/1471/747
f 726/2183/1059 580/2184/1054 757/2185/1075
f 757/2185/1075 580/2184/1054 683/2186/1067
f 680/2187/1071 723/2188/1072 683/2189/1067
f 723/2188/1072 768/2190/1073 683/2189/1067
f 740/1468/745 689/1478/504 783/1467/502
f 681/2191/727 796/1510/782 725/1390/713
f 721/2192/712 818/2193/1076 648/2168/709
f 808/2177/1074 648/2168/709 827/2194/1077
f 832/2195/1078 683/2196/1067 808/2197/1074
f 683/2196/1067 832/2195/1078 856/2198/1079
f 832/2195/1078 827/2199/1077 818/2200/1076
f 832/2195/1078 818/2200/1076 856/2198/1079
f 856/2198/1079 818/2200/1076 962/2201/1065
f 648/2202/709 818/2200/1076 827/2199/1077
f 817/2203/1080 757/2204/1075 856/2205/1079
f 726/2206/1059 757/2204/1075 817/2203/1080
f 726/2206/1059 817/2203/1080 835/2207/1061
f 824/2208/1081 835/2207/1061 817/2203/1080
f 824/2208/1081 817/2203/1080 852/2209/1082
f 852/2209/1082 817/2203/1080 908/2210/1083
f 856/2198/1079 757/2211/1075 683/2196/1067
f 856/2198/1079 954/2212/1084 909/2213/1085
f 909/2213/1085 954/2212/1084 999/2214/1086
f 1093/2215/1087 1025/2216/1088 1115/2217/1089
f 1115/2217/1089 1025/2216/1088 1143/2218/1090
f 1143/2218/1090 1025/2216/1088 954/2212/1084
f 954/2212/1084 1025/2216/1088 999/2214/1086
f 954/2212/1084 1087/2219/1091 1143/2218/1090
f 1160/2220/1092 1115/2217/1089 1143/2218/1090
f 1105/2221/1093 1160/2220/1092 1014/2222/1094
f 1014/2222/1094 1160/2220/1092 1143/2218/1090
f 1087/2219/1091 954/2212/1084 1020/2223/1095
f 723/2174/1072 674/2171/1070 713/2169/1069
f 737/2150/786 870/2145/852 850/2224/785
f 818/2225/1076 721/2226/712 891/1576/814
f 989/1578/816 962/2227/1065 891/1576/814
f 891/1576/814 962/2227/1065 818/2225/1076
f 911/2228/1096 840/2229/1097 904/2230/1098
f 840/2229/1097 911/2228/1096 847/2231/1099
f 846/2232/1100 840/2229/1097 847/2231/1099
f 847/2231/1099 911/2228/1096 931/2233/1101
f 847/2231/1099 877/2234/1102 846/2232/1100
f 877/2234/1102 905/2235/1103 846/2232/1100
f 840/2229/1097 846/2232/1100 905/2235/1103
f 808/2236/1074 827/2237/1077 920/2238/1104
f 969/2239/1105 920/2238/1104 976/2240/1106
f 900/2241/1107 920/2238/1104 969/2239/1105
f 925/2242/1108 900/2241/1107 969/2239/1105
f 969/2239/1105 935/2243/1109 925/2242/1108
f 925/2242/1108 935/2244/1109 885/2245/1110
f 925/2242/1108 885/2245/1110 900/2241/1107
f 840/2229/1097 905/2235/1103 904/2230/1098
f 799/2246/1111 819/2247/1112 886/2248/1113
f 844/2249/1114 819/2250/1112 812/2251/1115
f 819/2250/1112 799/2252/1111 812/2251/1115
f 837/2253/1116 812/2254/1115 799/2246/1111
f 799/2246/1111 959/2255/1117 837/2253/1116
f 886/2248/1113 959/2255/1117 799/2246/1111
f 886/2248/1113 819/2247/1112 927/2256/1118
f 844/2257/1114 812/2258/1115 907/2259/1119
f 844/2257/1114 927/2260/1118 819/2261/1112
f 886/2262/1113 927/2260/1118 907/2259/1119
f 886/2262/1113 907/2259/1119 950/2263/1120
f 886/2262/1113 1050/2264/1121 1022/2265/1122
f 1022/2265/1122 959/2266/1117 886/2262/1113
f 906/2267/1123 895/2268/1062 824/2269/1081
f 908/2270/1083 906/2267/1123 852/2271/1082
f 906/2267/1123 908/2270/1083 944/2272/1124
f 908/2270/1083 909/2273/1085 944/2272/1124
f 895/2268/1062 906/2267/1123 944/2272/1124
f 891/1576/814 721/2226/712 901/1574/784
f 827/2274/1077 832/2275/1078 920/2276/1104
f 885/2277/1110 920/2276/1104 832/2275/1078
f 969/2278/1105 976/2279/1106 935/2280/1109
f 920/2276/1104 885/2277/1110 976/2279/1106
f 885/2277/1110 935/2280/1109 976/2279/1106
f 905/2281/1103 979/2282/1125 943/2283/1126
f 943/2283/1126 1022/2284/1122 1010/2285/1127
f 904/2286/1098 943/2283/1126 1010/2285/1127
f 904/2286/1098 1010/2285/1127 911/2287/1096
f 904/2286/1098 905/2288/1103 943/2283/1126
f 808/2236/1074 885/2245/1110 832/2289/1078
f 885/2245/1110 808/2236/1074 900/2241/1107
f 900/2241/1107 808/2236/1074 920/2238/1104
f 877/2290/1102 847/2291/1099 931/2292/1101
f 931/2292/1101 911/2287/1096 1010/2285/1127
f 837/2293/1116 959/2294/1117 979/2295/1125
f 812/2258/1115 837/2293/1116 907/2259/1119
f 950/2263/1120 907/2259/1119 837/2293/1116
f 844/2257/1114 907/2259/1119 927/2260/1118
f 886/2262/1113 950/2263/1120 1050/2264/1121
f 817/2296/1080 856/2198/1079 909/2213/1085
f 895/2268/1062 1014/2297/1094 958/2298/1063
f 1020/2299/1095 991/2300/1064 958/2298/1063
f 895/2268/1062 835/2301/1061 824/2269/1081
f 817/2203/1080 909/2302/1085 908/2210/1083
f 824/2269/1081 852/2271/1082 906/2267/1123
f 989/1578/816 891/1576/814 981/1575/808
f 870/1641/852 962/2227/1065 989/1578/816
f 985/2303/845 905/2304/1103 986/1633/843
f 979/2305/1125 905/2306/1103 985/2307/845
f 985/2307/845 1024/2308/846 979/2305/1125
f 979/2305/1125 1024/2308/846 1043/2309/1128
f 1117/2310/1129 1043/2309/1128 1090/2311/1130
f 979/2305/1125 1043/2309/1128 1085/2312/1131
f 1043/2309/1128 1117/2310/1129 1085/2312/1131
f 1117/2310/1129 1090/2311/1130 1104/2313/840
f 1085/2314/1131 1117/2310/1129 1104/2313/840
f 1187/2315/839 1085/2314/1131 1104/2313/840
f 1104/2313/840 1024/2308/846 1032/2316/510
f 1090/2311/1130 1024/2308/846 1104/2313/840
f 1024/2308/846 1090/2311/1130 1043/2309/1128
f 986/2317/843 1002/2318/774 985/2307/845
f 985/2307/845 1002/2318/774 1007/2319/844
f 931/2320/1101 1012/2321/1132 877/2322/1102
f 1012/2321/1132 931/2323/1101 1010/2324/1127
f 1012/2321/1132 1010/2324/1127 1055/2325/1133
f 856/2198/1079 962/2201/1065 991/2326/1064
f 954/2212/1084 991/2326/1064 1020/2223/1095
f 958/2327/1063 1014/2222/1094 1020/2223/1095
f 1020/2223/1095 1014/2222/1094 1087/2219/1091
f 1143/2218/1090 1087/2219/1091 1014/2222/1094
f 943/2328/1126 979/2295/1125 959/2294/1117
f 979/2295/1125 950/2263/1120 837/2293/1116
f 856/2198/1079 991/2326/1064 954/2212/1084
f 1013/2329/1134 909/2273/1085 1025/2330/1088
f 999/2331/1086 1025/2330/1088 909/2273/1085
f 944/2272/1124 909/2273/1085 1013/2329/1134
f 1013/2329/1134 1025/2330/1088 1093/2332/1087
f 1105/2333/1093 1013/2329/1134 1093/2332/1087
f 1105/2333/1093 1014/2297/1094 1013/2329/1134
f 1115/2334/1089 1160/2335/1092 1105/2333/1093
f 1115/2334/1089 1105/2333/1093 1093/2332/1087
f 986/1633/843 905/2304/1103 877/2322/1102
f 1012/2321/1132 986/1633/843 877/2322/1102
f 986/1633/843 1012/2321/1132 1048/1634/850
f 1187/1640/839 1150/1637/851 1156/2336/1135
f 943/2337/1126 959/2338/1117 1022/2339/1122
f 1058/2340/1136 1022/2341/1122 1050/2342/1121
f 1085/2343/1131 1050/2342/1121 950/2344/1120
f 1085/2343/1131 950/2344/1120 979/2345/1125
f 1050/2342/1121 1120/2346/1137 1058/2347/1136
f 1120/2346/1137 1098/2348/1138 1108/2349/1139
f 1098/2348/1138 1120/2346/1137 1050/2342/1121
f 1050/2342/1121 1085/2343/1131 1098/2348/1138
f 1098/2348/1138 1085/2343/1131 1156/2350/1135
f 1022/2351/1122 1058/2352/1136 1044/2353/1140
f 1022/2351/1122 1044/2353/1140 1010/2354/1127
f 1010/2354/1127 1044/2353/1140 1055/2355/1133
f 1044/2353/1140 1076/2356/1141 1055/2355/1133
f 1055/2355/1133 1076/2356/1141 1108/2357/1139
f 1108/2357/1139 1098/2358/1138 1055/2355/1133
f 1076/2359/1141 1044/2360/1140 1058/2361/1136
f 1120/2362/1137 1076/2359/1141 1058/2361/1136
f 1076/2359/1141 1120/2362/1137 1108/2363/1139
f 1014/2297/1094 895/2268/1062 1013/2329/1134
f 1013/2329/1134 895/2268/1062 944/2272/1124
f 140/1295/591 173/1294/585 69/2364/583
f 731/2365/1142 728/2366/790 727/2367/1143
f 732/2368/1144 735/2369/1145 731/2365/1142
f 731/2365/1142 735/2369/1145 728/2366/790
f 801/2370/768 811/2371/770 754/2372/766
f 754/2372/766 727/2367/1143 728/2366/790
f 731/2365/1142 727/2367/1143 815/2373/888
f 727/2367/1143 811/2371/770 815/2374/888
f 811/2371/770 727/2367/1143 754/2372/766
f 922/1524/793 910/1523/792 815/1716/888
f 816/2375/1146 833/1520/789 728/1521/790
f 816/2375/1146 728/1521/790 735/2376/1145
f 910/1523/792 833/1520/789 896/2377/1147
f 896/2377/1147 833/1520/789 816/2375/1146
f 813/2378/1148 815/1716/888 910/1523/792
f 732/2379/1144 731/2380/1142 813/2378/1148
f 731/2380/1142 815/1716/888 813/2378/1148
f 732/2379/1144 813/2378/1148 843/2381/1149
f 813/2378/1148 896/2377/1147 843/2381/1149
f 732/2379/1144 843/2381/1149 764/2382/1150
f 764/2382/1150 843/2381/1149 816/2375/1146
f 816/2375/1146 843/2381/1149 896/2377/1147
f 813/2378/1148 910/1523/792 896/2377/1147
f 816/2383/1146 735/2384/1145 764/2385/1150
f 732/2386/1144 764/2385/1150 735/2384/1145
f 922/1524/793 894/1715/769 956/1718/890
f 1303/2387/1151 1246/2388/146 1391/2389/1152
f 1502/2390/1153 1303/2387/1151 1391/2389/1152
f 1408/2391/1154 1303/2387/1151 1363/2392/1155
f 1246/2388/146 1303/2387/1151 1049/2393/144
f 1303/2387/1151 1237/2394/1156 1049/2395/144
f 1049/2396/144 1237/2394/1156 1245/2397/149
f 1203/2398/1157 750/2399/193 1139/2400/147
f 1245/2397/149 1237/2394/1156 1454/2401/1158
f 1454/2401/1158 1237/2394/1156 1408/2391/1154
f 1237/2394/1156 1303/2387/1151 1408/2391/1154
f 1353/2402/1159 1499/2403/1160 1391/2389/1152
f 1538/2404/1161 1499/2403/1160 1446/2405/1162
f 1538/2404/1161 1452/2406/1163 1560/2407/1164
f 1452/2406/1163 1516/2408/1165 1560/2407/1164
f 1538/2404/1161 1446/2405/1162 1452/2406/1163
f 1560/2407/1164 1303/2387/1151 1502/2390/1153
f 1303/2387/1151 1560/2407/1164 1516/2408/1165
f 1363/2392/1155 1303/2387/1151 1516/2408/1165
f 1452/2406/1163 1363/2392/1155 1516/2408/1165
f 1439/2409/1166 1365/2410/1167 1552/2411/1168
f 1439/2409/1166 1203/2398/1157 1365/2410/1167
f 1365/2410/1167 1203/2398/1157 1139/2400/147
f 1245/2397/149 1365/2410/1167 1139/2400/147
f 750/2412/193 1203/2413/1157 1083/2414/197
f 1397/2415/1169 1304/2416/609 1412/2417/1170
f 1412/2417/1170 1512/2418/1171 1397/2415/1169
f 1083/2414/197 1412/2417/1170 1304/2416/609
f 1412/2417/1170 1083/2414/197 1203/2413/1157
f 1439/2419/1166 1412/2417/1170 1203/2413/1157
f 1391/2420/1152 1246/2421/146 1353/2422/1159
f 1246/2421/146 1308/2423/1172 1353/2422/1159
f 1308/2423/1172 1362/2424/1173 1414/2425/1174
f 1414/2425/1174 1353/2422/1159 1308/2423/1172
f 1353/2422/1159 1414/2425/1174 1446/2426/1162
f 1406/2427/1175 1446/2426/1162 1362/2424/1173
f 1362/2424/1173 1446/2426/1162 1414/2425/1174
f 1446/2426/1162 1499/2428/1160 1353/2422/1159
f 1365/2410/1167 1245/2397/149 1535/2429/1176
f 1581/2430/1177 1535/2429/1176 1565/2431/1178
f 1535/2429/1176 1245/2397/149 1454/2401/1158
f 1535/2429/1176 1454/2401/1158 1565/2431/1178
f 1500/2432/1179 1492/2433/1180 1551/2434/1181
f 1408/2391/1154 1363/2392/1155 1492/2433/1180
f 1408/2391/1154 1492/2433/1180 1500/2432/1179
f 1500/2432/1179 1454/2401/1158 1408/2391/1154
f 1365/2410/1167 1535/2429/1176 1552/2411/1168
f 1439/2435/1166 1563/2436/1182 1526/2437/1183
f 1526/2437/1183 1412/2438/1170 1439/2435/1166
f 1612/2439/1184 1526/2437/1183 1618/2440/1185
f 1618/2440/1185 1656/2441/1186 1612/2439/1184
f 1618/2440/1185 1526/2437/1183 1563/2436/1182
f 1526/2437/1183 1612/2439/1184 1620/2442/1187
f 1620/2442/1187 1579/2443/1188 1526/2437/1183
f 1526/2437/1183 1579/2443/1188 1512/2444/1171
f 1563/2436/1182 1439/2435/1166 1552/2445/1168
f 1563/2436/1182 1552/2445/1168 1570/2446/1189
f 1570/2446/1189 1597/2447/1190 1618/2440/1185
f 1618/2440/1185 1563/2436/1182 1570/2446/1189
f 1608/2448/1191 1565/2431/1178 1551/2434/1181
f 1581/2449/1177 1608/2448/1191 1587/2450/1192
f 1587/2450/1192 1608/2448/1191 1604/2451/1193
f 1483/2452/1194 1549/2453/1195 1524/2454/1196
f 1524/2454/1196 1457/2455/1197 1483/2456/1194
f 1483/2456/1194 1457/2455/1197 1351/2457/1198
f 1404/2458/1199 1483/2456/1194 1351/2457/1198
f 1351/2457/1198 1457/2455/1197 1377/2459/1200
f 1373/2460/1201 1404/2458/1199 1351/2457/1198
f 1360/2461/1202 1373/2460/1201 1351/2457/1198
f 1332/2462/1203 1351/2457/1198 1377/2459/1200
f 1377/2459/1200 1486/2463/1204 1443/2464/1205
f 1486/2463/1204 1377/2459/1200 1457/2455/1197
f 1524/2454/1196 1549/2453/1195 1569/2465/1206
f 1569/2465/1206 1552/2466/1168 1581/2467/1177
f 1581/2467/1177 1552/2466/1168 1535/2468/1176
f 1476/2469/1207 1402/2470/1208 1547/2471/1209
f 1588/2472/1210 1585/2473/1211 1555/2474/1212
f 1555/2474/1212 1585/2473/1211 1547/2471/1209
f 1547/2471/1209 1585/2473/1211 1587/2475/1192
f 1500/2432/1179 1551/2434/1181 1454/2401/1158
f 1565/2431/1178 1454/2401/1158 1551/2434/1181
f 1578/2476/1213 1590/2477/1214 1551/2434/1181
f 1553/2478/1215 1551/2434/1181 1492/2433/1180
f 1551/2434/1181 1553/2478/1215 1578/2476/1213
f 1590/2477/1214 1578/2476/1213 1553/2478/1215
f 1553/2478/1215 1547/2479/1209 1587/2450/1192
f 1590/2477/1214 1553/2478/1215 1587/2450/1192
f 1590/2477/1214 1587/2450/1192 1604/2451/1193
f 1552/2466/1168 1569/2465/1206 1549/2453/1195
f 1570/2446/1189 1552/2480/1168 1549/2481/1195
f 1570/2446/1189 1557/2482/1216 1597/2447/1190
f 1581/2430/1177 1565/2431/1178 1608/2448/1191
f 1597/2447/1190 1628/2483/1217 1618/2440/1185
f 1628/2483/1217 1597/2447/1190 1625/2484/1218
f 1618/2440/1185 1628/2483/1217 1656/2441/1186
f 1682/2485/1219 1656/2441/1186 1628/2483/1217
f 1628/2483/1217 1665/2486/1220 1682/2485/1219
f 1628/2483/1217 1625/2484/1218 1665/2486/1220
f 1665/2486/1220 1639/2487/1221 1686/2488/1222
f 1677/2489/1223 1686/2488/1222 1639/2487/1221
f 1686/2488/1222 1677/2489/1223 1704/2490/1224
f 1677/2489/1223 1702/2491/1225 1704/2490/1224
f 1704/2490/1224 1708/2492/1226 1686/2488/1222
f 1686/2488/1222 1708/2492/1226 1682/2485/1219
f 1665/2486/1220 1686/2488/1222 1682/2485/1219
f 1682/2485/1219 1698/2493/1227 1656/2441/1186
f 1122/2494/1228 1127/2495/1229 1133/2496/1230
f 1127/2495/1229 1186/2497/1231 1133/2496/1230
f 1157/2498/1232 1146/2499/1233 1130/2500/1234
f 1145/2501/1235 1135/2502/1236 1130/2500/1234
f 1135/2502/1236 1003/2503/483 1176/2504/484
f 1195/2505/1237 1157/2498/1232 1135/2502/1236
f 1185/2506/1238 1157/2498/1232 1195/2505/1237
f 1157/2498/1232 1185/2506/1238 1146/2499/1233
f 1135/2502/1236 1157/2498/1232 1130/2500/1234
f 1190/2507/1239 1132/2508/1240 1146/2499/1233
f 1146/2499/1233 1216/2509/1241 1190/2507/1239
f 1132/2508/1240 1190/2507/1239 1193/2510/1242
f 1132/2508/1240 1193/2510/1242 1127/2511/1229
f 1132/2508/1240 1130/2500/1234 1146/2499/1233
f 1130/2500/1234 1132/2508/1240 1122/2512/1228
f 1122/2512/1228 1132/2508/1240 1127/2511/1229
f 1258/2513/1243 1242/2514/1244 1193/2510/1242
f 1258/2513/1243 1190/2507/1239 1216/2509/1241
f 1258/2513/1243 1193/2510/1242 1190/2507/1239
f 1130/2500/1234 1122/2512/1228 1145/2501/1235
f 1145/2501/1235 1122/2512/1228 1133/2515/1230
f 1145/2516/1235 1148/2517/145 1103/2518/269
f 1133/2496/1230 1186/2497/1231 1242/2519/1244
f 1230/2520/1245 1242/2519/1244 1258/2521/1243
f 1265/2522/1246 1145/2523/1235 1230/2520/1245
f 1145/2523/1235 1265/2522/1246 1148/2517/145
f 1265/2524/1246 1231/2525/1247 1148/2517/145
f 1135/2526/1236 1145/2527/1235 1103/2528/269
f 1103/2528/269 1003/2529/483 1135/2530/1236
f 1077/2531/150 1004/2532/244 1103/2528/269
f 1133/2496/1230 1242/2519/1244 1230/2520/1245
f 1133/2496/1230 1230/2520/1245 1145/2523/1235
f 1186/2497/1231 1193/2533/1242 1242/2519/1244
f 1193/2533/1242 1186/2497/1231 1127/2495/1229
f 1216/2509/1241 1146/2499/1233 1201/2534/1248
f 1146/2499/1233 1185/2506/1238 1201/2534/1248
f 1258/2535/1243 1323/2536/1249 1230/2537/1245
f 1265/2538/1246 1230/2537/1245 1323/2536/1249
f 1410/2539/1250 1323/2536/1249 1258/2535/1243
f 1258/2540/1243 1299/2541/1251 1410/2542/1250
f 1374/2543/1252 1410/2542/1250 1299/2541/1251
f 1259/2544/1253 1299/2541/1251 1280/2545/1254
f 1259/2544/1253 1280/2545/1254 1269/2546/1255
f 1216/2547/1241 1299/2541/1251 1258/2540/1243
f 1299/2541/1251 1216/2547/1241 1280/2545/1254
f 1329/2548/1256 1299/2549/1251 1283/2550/1257
f 1407/2551/1258 1374/2552/1252 1318/2553/1259
f 1318/2553/1259 1374/2552/1252 1329/2548/1256
f 1259/2554/1253 1283/2550/1257 1299/2549/1251
f 1374/2552/1252 1299/2549/1251 1329/2548/1256
f 1270/2555/1260 1259/2556/1253 1269/2557/1255
f 1288/2558/1261 1269/2557/1255 1313/2559/1262
f 1288/2558/1261 1313/2559/1262 1318/2560/1259
f 1259/2561/1253 1270/2562/1260 1283/2563/1257
f 1329/2564/1256 1283/2563/1257 1270/2562/1260
f 1329/2564/1256 1270/2562/1260 1318/2565/1259
f 1318/2565/1259 1270/2562/1260 1288/2566/1261
f 1288/2566/1261 1270/2562/1260 1269/2567/1255
f 1265/2538/1246 1323/2536/1249 1392/2568/1263
f 1323/2536/1249 1410/2539/1250 1464/2569/1264
f 1464/2569/1264 1392/2568/1263 1323/2536/1249
f 1491/2570/1265 1464/2569/1264 1510/2571/1266
f 1510/2571/1266 1313/2572/1262 1491/2570/1265
f 1491/2570/1265 1313/2572/1262 1392/2568/1263
f 1319/2573/1267 1392/2568/1263 1313/2572/1262
f 1407/2574/1258 1510/2571/1266 1514/2575/1268
f 1493/2576/1269 1514/2575/1268 1510/2571/1266
f 1464/2569/1264 1491/2570/1265 1392/2568/1263
f 1464/2569/1264 1493/2576/1269 1510/2571/1266
f 1322/2577/1270 1231/2578/1247 1265/2538/1246
f 1247/2579/1271 1322/2577/1270 1286/2580/1272
f 1322/2577/1270 1265/2538/1246 1286/2580/1272
f 1247/2581/1271 1286/2580/1272 1176/2582/484
f 1201/2583/1248 1176/2582/484 1295/2584/1273
f 1295/2584/1273 1176/2582/484 1286/2580/1272
f 1295/2584/1273 1286/2580/1272 1319/2573/1267
f 1286/2580/1272 1392/2568/1263 1319/2573/1267
f 1295/2584/1273 1319/2573/1267 1313/2572/1262
f 1295/2584/1273 1280/2585/1254 1201/2583/1248
f 1216/2586/1241 1201/2583/1248 1280/2585/1254
f 1407/2574/1258 1318/2587/1259 1313/2572/1262
f 1467/2588/1274 1514/2589/1268 1493/2590/1269
f 1467/2588/1274 1410/2591/1250 1374/2592/1252
f 1410/2591/1250 1467/2588/1274 1493/2590/1269
f 1410/2591/1250 1493/2590/1269 1464/2593/1264
f 1467/2594/1274 1374/2595/1252 1407/2574/1258
f 1467/2594/1274 1407/2574/1258 1514/2575/1268
f 1391/2389/1152 1499/2403/1160 1538/2404/1161
f 1391/2389/1152 1538/2404/1161 1502/2390/1153
f 1538/2404/1161 1560/2407/1164 1502/2390/1153
f 1446/2426/1162 1406/2427/1175 1452/2596/1163
f 1107/974/491 1054/1006/512 1109/2597/492
f 1109/2597/492 1054/1006/512 1125/1009/514
f 1054/2598/512 1040/2599/495 1123/2600/525
f 1123/2600/525 1140/2601/513 1054/2598/512
f 1061/2602/521 1137/2603/524 1040/2599/495
f 1023/2604/500 1137/2603/524 1061/2602/521
f 1040/2599/495 1137/2603/524 1123/2600/525
f 915/2605/496 1023/2604/500 1061/2602/521
f 1028/2606/473 1080/2607/1275 1040/2599/495
f 1028/2608/473 957/2609/497 1080/2610/1275
f 1080/2610/1275 957/2609/497 1061/2611/521
f 957/2612/497 1028/939/473 1041/2613/478
f 1041/2613/478 1028/939/473 970/938/472
f 1109/2614/492 1125/2615/514 1140/2616/513
f 1109/2614/492 1167/2617/1276 1153/2618/1277
f 1175/2619/1278 1136/2620/1279 1153/2618/1277
f 1040/2599/495 1080/2607/1275 1061/2602/521
f 1308/2621/1172 1246/205/146 1148/204/145
f 1201/2534/1248 1135/2502/1236 1176/2504/484
f 1200/2622/486 1074/966/485 1169/2623/490
f 1109/2614/492 1140/2616/513 1167/2617/1276
f 1167/2617/1276 1140/2616/513 1123/2624/525
f 1173/2625/526 1179/2626/532 1197/2627/1280
f 1123/2624/525 1173/2625/526 1197/2627/1280
f 1167/2617/1276 1197/2627/1280 1207/2628/1281
f 1207/2628/1281 1197/2627/1280 1222/2629/1282
f 1197/2627/1280 1167/2617/1276 1123/2624/525
f 1168/2630/530 1179/2631/532 1173/2632/526
f 1197/2633/1280 1179/2634/532 1183/2635/531
f 1222/2636/1282 1197/2633/1280 1227/2637/1283
f 1260/2638/1284 1197/2633/1280 1183/2635/531
f 1276/2639/1285 1183/2635/531 1241/2640/1286
f 1183/2635/531 1276/2639/1285 1260/2638/1284
f 1227/2637/1283 1197/2633/1280 1285/2641/1287
f 1260/2638/1284 1276/2639/1285 1411/2642/1288
f 1276/2639/1285 1315/2643/1289 1426/2644/1290
f 1426/2644/1290 1411/2642/1288 1276/2639/1285
f 1218/2645/1291 1255/2646/1292 1370/2647/1293
f 1395/2648/1294 1218/2645/1291 1370/2647/1293
f 1418/2649/1295 1395/2648/1294 1370/2647/1293
f 1218/2650/1291 1169/2651/490 1215/2652/1296
f 1215/2652/1296 1255/2653/1292 1218/2650/1291
f 1359/2654/1297 1255/2653/1292 1294/2655/1298
f 1359/2654/1297 1455/2656/1299 1370/2657/1293
f 1449/2658/1300 1480/2659/1301 1314/2660/1302
f 1449/2658/1300 1314/2660/1302 1266/2661/1303
f 1266/2661/1303 1215/2652/1296 1213/2662/1304
f 1213/2662/1304 1215/2652/1296 1171/2663/1305
f 1171/2663/1305 1215/2652/1296 1175/2664/1278
f 1167/2665/1276 1171/2663/1305 1175/2664/1278
f 1171/2663/1305 1205/2666/1306 1213/2662/1304
f 1153/2667/1277 1136/2668/1279 1161/2669/1307
f 1153/2667/1277 1094/2670/489 1109/2671/492
f 1094/2670/489 1153/2667/1277 1161/2669/1307
f 1169/2651/490 1094/2670/489 1161/2669/1307
f 1161/2669/1307 1136/2668/1279 1175/2664/1278
f 1215/2652/1296 1161/2669/1307 1175/2664/1278
f 1169/2651/490 1161/2669/1307 1215/2652/1296
f 1215/2652/1296 1294/2655/1298 1255/2653/1292
f 1215/2652/1296 1266/2661/1303 1314/2660/1302
f 1183/1038/531 1174/1036/529 1241/2672/1286
f 1175/2619/1278 1153/2618/1277 1167/2617/1276
f 1213/2673/1304 1205/2674/1306 1252/2675/1308
f 1171/2676/1305 1167/2677/1276 1207/2678/1281
f 1231/2679/1247 1322/2680/1270 1308/2681/1172
f 1308/2681/1172 1322/2680/1270 1362/2682/1173
f 1362/2682/1173 1363/2683/1155 1406/2684/1175
f 1406/2684/1175 1363/2683/1155 1452/2685/1163
f 1363/2683/1155 1247/2686/1271 1305/2687/1309
f 1247/2686/1271 1363/2683/1155 1322/2680/1270
f 1362/2682/1173 1322/2680/1270 1363/2683/1155
f 1176/2688/484 1200/2689/486 1247/2686/1271
f 1218/2645/1291 1200/2689/486 1169/2690/490
f 1200/2689/486 1218/2645/1291 1236/2691/1310
f 1317/2692/1311 1236/2691/1310 1218/2645/1291
f 1317/2692/1311 1418/2649/1295 1236/2691/1310
f 1395/2648/1294 1418/2649/1295 1317/2692/1311
f 1317/2692/1311 1218/2645/1291 1395/2648/1294
f 1236/2691/1310 1418/2649/1295 1305/2687/1309
f 1305/2687/1309 1418/2649/1295 1402/2693/1208
f 1305/2687/1309 1402/2693/1208 1363/2683/1155
f 1135/2502/1236 1201/2534/1248 1195/2505/1237
f 1195/2505/1237 1201/2534/1248 1185/2506/1238
f 1345/2694/1312 1398/2695/1313 1423/2696/1314
f 1423/2696/1314 1445/2697/1315 1345/2694/1312
f 1205/2674/1306 1171/2676/1305 1159/2698/1316
f 1252/2675/1308 1205/2674/1306 1251/2699/1317
f 1252/2675/1308 1296/2700/1318 1364/2701/1319
f 1296/2700/1318 1252/2675/1308 1251/2699/1317
f 1239/2702/1320 1222/2703/1282 1345/2704/1312
f 1312/2705/1321 1354/2706/1322 1488/2707/1323
f 1488/2707/1323 1508/2708/1324 1445/2709/1315
f 1451/2710/1325 1417/2711/1326 1368/2712/1327
f 1488/2707/1323 1451/2710/1325 1368/2712/1327
f 1488/2707/1323 1368/2712/1327 1508/2708/1324
f 1354/2706/1322 1364/2713/1319 1451/2710/1325
f 1354/2706/1322 1451/2710/1325 1488/2707/1323
f 1231/2714/1247 1308/2715/1172 1148/2716/145
f 1236/2691/1310 1305/2687/1309 1200/2689/486
f 1247/2686/1271 1200/2689/486 1305/2687/1309
f 1295/2584/1273 1269/2717/1255 1280/2585/1254
f 1295/2584/1273 1313/2572/1262 1269/2717/1255
f 1222/2718/1282 1227/2719/1283 1285/2720/1287
f 1345/2694/1312 1285/2720/1287 1361/2721/1328
f 1361/2721/1328 1393/2722/1329 1398/2695/1313
f 1398/2695/1313 1345/2694/1312 1361/2721/1328
f 1285/2720/1287 1345/2694/1312 1222/2718/1282
f 1266/2661/1303 1213/2662/1304 1312/2723/1321
f 1312/2705/1321 1213/2724/1304 1252/2725/1308
f 1354/2706/1322 1312/2705/1321 1252/2725/1308
f 1239/2702/1320 1345/2704/1312 1368/2712/1327
f 1239/2702/1320 1368/2712/1327 1310/2726/1330
f 1368/2712/1327 1383/2727/1331 1310/2726/1330
f 1310/2726/1330 1383/2727/1331 1352/2728/1332
f 1383/2727/1331 1417/2711/1326 1352/2728/1332
f 1265/2538/1246 1392/2568/1263 1286/2580/1272
f 1351/2729/1198 1332/2730/1203 1360/2731/1202
f 1377/2732/1200 1398/2733/1313 1332/2730/1203
f 1398/2733/1313 1360/2731/1202 1332/2730/1203
f 1360/2731/1202 1398/2733/1313 1393/2734/1329
f 1463/2735/1333 1423/2736/1314 1398/2733/1313
f 1445/2737/1315 1423/2736/1314 1488/2738/1323
f 1312/2739/1321 1413/2740/1334 1266/2741/1303
f 1266/2742/1303 1413/2740/1334 1449/2743/1300
f 1440/2744/1335 1449/2743/1300 1413/2740/1334
f 1480/2745/1301 1449/2743/1300 1528/2746/1336
f 1413/2740/1334 1312/2739/1321 1488/2738/1323
f 1285/2641/1287 1197/2633/1280 1260/2638/1284
f 1455/2656/1299 1359/2654/1297 1314/2660/1302
f 1455/2656/1299 1314/2660/1302 1480/2659/1301
f 1359/2654/1297 1294/2655/1298 1314/2660/1302
f 1294/2655/1298 1215/2652/1296 1314/2660/1302
f 1370/2657/1293 1255/2653/1292 1359/2654/1297
f 1361/2747/1328 1285/2748/1287 1429/2749/1337
f 1285/2748/1287 1260/2750/1284 1411/2751/1288
f 1285/2748/1287 1411/2751/1288 1429/2749/1337
f 1418/2752/1295 1444/2753/1338 1402/2470/1208
f 1402/2470/1208 1444/2753/1338 1547/2471/1209
f 1404/2754/1199 1462/2755/1339 1483/2756/1194
f 1373/2757/1201 1360/2758/1202 1393/2759/1329
f 1450/2760/1340 1393/2759/1329 1361/2747/1328
f 1418/2752/1295 1477/2761/1341 1444/2753/1338
f 1547/2471/1209 1444/2753/1338 1555/2474/1212
f 1455/2762/1299 1487/2763/1342 1477/2761/1341
f 1477/2761/1341 1418/2752/1295 1455/2762/1299
f 1455/2762/1299 1418/2752/1295 1370/2764/1293
f 1463/2735/1333 1490/2765/1343 1528/2746/1336
f 1486/2766/1204 1490/2765/1343 1443/2767/1205
f 1490/2765/1343 1463/2735/1333 1443/2767/1205
f 1443/2767/1205 1463/2735/1333 1398/2733/1313
f 1443/2767/1205 1398/2733/1313 1377/2768/1200
f 1393/2759/1329 1450/2760/1340 1373/2757/1201
f 1373/2757/1201 1515/2769/1344 1404/2754/1199
f 1515/2769/1344 1521/2770/1345 1522/2771/1346
f 1404/2754/1199 1515/2769/1344 1522/2771/1346
f 1404/2754/1199 1522/2771/1346 1503/2772/1347
f 1503/2772/1347 1522/2771/1346 1483/2756/1194
f 1503/2772/1347 1483/2756/1194 1462/2755/1339
f 1510/2571/1266 1407/2574/1258 1313/2572/1262
f 1423/2736/1314 1440/2744/1335 1413/2740/1334
f 1440/2744/1335 1423/2736/1314 1463/2735/1333
f 1463/2735/1333 1449/2743/1300 1440/2744/1335
f 1480/2745/1301 1528/2746/1336 1490/2765/1343
f 1463/2735/1333 1528/2746/1336 1449/2743/1300
f 1553/2773/1215 1492/2774/1180 1547/2775/1209
f 1476/2776/1207 1547/2775/1209 1492/2774/1180
f 1476/2776/1207 1492/2774/1180 1363/2777/1155
f 1402/2778/1208 1476/2776/1207 1363/2777/1155
f 1404/2754/1199 1503/2772/1347 1462/2755/1339
f 1562/2779/1348 1515/2769/1344 1373/2757/1201
f 1487/2780/1342 1455/2781/1299 1511/2782/1349
f 1455/2781/1299 1519/2783/1350 1511/2784/1349
f 1487/2780/1342 1511/2782/1349 1525/2785/1351
f 1477/2786/1341 1487/2780/1342 1525/2785/1351
f 1455/2781/1299 1480/2787/1301 1519/2783/1350
f 1480/2788/1301 1531/2789/1352 1519/2790/1350
f 1486/2791/1204 1600/2792/1353 1531/2789/1352
f 1600/2792/1353 1486/2791/1204 1624/2793/1354
f 1600/2792/1353 1624/2793/1354 1621/2794/1355
f 1566/2795/1356 1627/2796/1357 1568/2797/1358
f 1609/2798/1359 1631/2799/1360 1616/2800/1361
f 1616/2800/1361 1631/2799/1360 1624/2793/1354
f 1624/2793/1354 1631/2799/1360 1621/2794/1355
f 1627/2796/1357 1621/2794/1355 1631/2799/1360
f 1627/2796/1357 1631/2799/1360 1568/2797/1358
f 1586/2801/1362 1450/2760/1340 1429/2749/1337
f 1488/2738/1323 1423/2736/1314 1413/2740/1334
f 1450/2760/1340 1361/2747/1328 1429/2749/1337
f 1484/2802/1363 1489/2803/1364 1469/2804/1365
f 1381/2805/1366 1521/2806/1345 1472/2807/1367
f 1472/2807/1367 1521/2806/1345 1515/2808/1344
f 1524/2454/1196 1589/2809/1368 1457/2455/1197
f 1569/2465/1206 1589/2809/1368 1524/2454/1196
f 1569/2465/1206 1587/2475/1192 1589/2809/1368
f 1589/2809/1368 1595/2810/1369 1457/2455/1197
f 1610/2811/1370 1595/2810/1369 1589/2809/1368
f 1585/2473/1211 1610/2811/1370 1589/2809/1368
f 1589/2809/1368 1587/2475/1192 1585/2473/1211
f 1569/2465/1206 1581/2467/1177 1587/2475/1192
f 1381/2805/1366 1484/2802/1363 1521/2806/1345
f 1484/2802/1363 1381/2805/1366 1415/2812/1371
f 1489/2803/1364 1484/2802/1363 1415/2812/1371
f 1469/2804/1365 1489/2803/1364 1415/2812/1371
f 1415/2812/1371 1381/2805/1366 1325/2813/1372
f 1381/2805/1366 1403/2814/1373 1315/2643/1289
f 1381/2805/1366 1472/2807/1367 1403/2814/1373
f 1469/2804/1365 1521/2806/1345 1484/2802/1363
f 1531/2789/1352 1480/2815/1301 1490/2816/1343
f 1490/2816/1343 1486/2791/1204 1531/2789/1352
f 1525/2817/1351 1566/2818/1356 1568/2819/1358
f 1566/2818/1356 1511/2820/1349 1543/2821/1374
f 1554/2822/1375 1605/2823/1376 1543/2821/1374
f 1543/2821/1374 1605/2823/1376 1566/2818/1356
f 1605/2823/1376 1615/2824/1377 1566/2818/1356
f 1646/2825/1378 1621/2826/1355 1627/2827/1357
f 1566/2818/1356 1615/2824/1377 1627/2827/1357
f 1646/2825/1378 1627/2827/1357 1660/2828/1379
f 1566/2818/1356 1525/2817/1351 1511/2820/1349
f 1580/2829/1380 1531/2830/1352 1600/2831/1353
f 1580/2829/1380 1519/2832/1350 1531/2830/1352
f 1557/2482/1216 1570/2446/1189 1549/2481/1195
f 1549/2833/1195 1483/2834/1194 1557/2835/1216
f 1483/2834/1194 1573/2836/1381 1557/2835/1216
f 1573/2836/1381 1483/2834/1194 1522/2837/1346
f 1575/2838/1382 1521/2839/1345 1544/2840/1383
f 1575/2838/1382 1544/2840/1383 1599/2841/1384
f 1632/2842/1385 1599/2841/1384 1591/2843/1386
f 1521/2839/1345 1575/2838/1382 1584/2844/1387
f 1522/2837/1346 1521/2839/1345 1584/2844/1387
f 1584/2844/1387 1573/2836/1381 1522/2837/1346
f 1595/2810/1369 1486/2463/1204 1457/2455/1197
f 1486/2845/1204 1595/2810/1369 1642/2846/1388
f 1486/2845/1204 1642/2846/1388 1616/2847/1361
f 1610/2811/1370 1585/2473/1211 1588/2472/1210
f 1642/2846/1388 1610/2811/1370 1588/2472/1210
f 1595/2810/1369 1610/2811/1370 1642/2846/1388
f 1616/2847/1361 1642/2846/1388 1609/2848/1359
f 1588/2472/1210 1609/2848/1359 1642/2846/1388
f 1609/2848/1359 1556/2849/1389 1568/2850/1358
f 1477/2761/1341 1556/2849/1389 1555/2474/1212
f 1477/2761/1341 1555/2474/1212 1444/2753/1338
f 1556/2849/1389 1609/2848/1359 1555/2474/1212
f 1555/2474/1212 1609/2848/1359 1588/2472/1210
f 1616/2800/1361 1624/2793/1354 1486/2791/1204
f 1562/2851/1348 1373/2852/1201 1450/2853/1340
f 1450/2853/1340 1586/2854/1362 1562/2851/1348
f 1562/2851/1348 1586/2854/1362 1623/2855/1390
f 1562/2851/1348 1623/2855/1390 1592/2856/1391
f 1592/2856/1391 1623/2855/1390 1548/2857/1392
f 1548/2857/1392 1623/2855/1390 1564/2858/1393
f 1592/2856/1391 1582/2859/1394 1562/2851/1348
f 1548/2857/1392 1542/2860/1395 1582/2859/1394
f 1548/2857/1392 1582/2859/1394 1592/2856/1391
f 1623/2855/1390 1559/2861/1396 1564/2858/1393
f 1583/2862/1397 1623/2855/1390 1596/2863/1398
f 1586/2854/1362 1596/2863/1398 1623/2855/1390
f 1477/2864/1341 1525/2785/1351 1568/2865/1358
f 1568/2865/1358 1556/2866/1389 1477/2864/1341
f 1511/2867/1349 1519/2868/1350 1459/2869/1399
f 1501/2870/1400 1511/2867/1349 1459/2869/1399
f 1459/2869/1399 1519/2868/1350 1518/2871/1401
f 1518/2871/1401 1479/2872/1402 1475/2873/1403
f 1497/2874/1404 1518/2871/1401 1561/2875/1405
f 1551/2434/1181 1590/2477/1214 1608/2448/1191
f 1515/2876/1344 1562/2851/1348 1582/2859/1394
f 1472/2877/1367 1515/2876/1344 1582/2859/1394
f 1472/2877/1367 1582/2859/1394 1542/2860/1395
f 1604/2451/1193 1608/2448/1191 1590/2477/1214
f 1639/2878/1221 1625/2879/1218 1557/2835/1216
f 1639/2878/1221 1557/2835/1216 1573/2836/1381
f 1683/2880/1406 1658/2881/1407 1636/2882/1408
f 1636/2882/1408 1658/2881/1407 1584/2844/1387
f 1575/2838/1382 1636/2882/1408 1584/2844/1387
f 1584/2844/1387 1658/2881/1407 1573/2836/1381
f 1666/2883/1409 1573/2836/1381 1658/2881/1407
f 1689/2884/1410 1666/2883/1409 1658/2881/1407
f 1593/2885/1411 1519/2868/1350 1580/2886/1380
f 1518/2871/1401 1519/2868/1350 1593/2885/1411
f 1518/2871/1401 1593/2885/1411 1561/2875/1405
f 1479/2872/1402 1518/2871/1401 1497/2874/1404
f 1475/2873/1403 1479/2872/1402 1441/2887/1412
f 1441/2887/1412 1433/2888/1413 1475/2873/1403
f 1475/2873/1403 1433/2888/1413 1459/2869/1399
f 1405/2889/1414 1433/2888/1413 1441/2887/1412
f 1600/2890/1353 1669/2891/1415 1654/2892/1416
f 1654/2892/1416 1580/2893/1380 1600/2890/1353
f 1695/2894/1417 1654/2892/1416 1669/2891/1415
f 1600/2890/1353 1621/2895/1355 1633/2896/1418
f 1625/2484/1218 1597/2447/1190 1557/2482/1216
f 1639/2487/1221 1665/2486/1220 1625/2484/1218
f 1677/2489/1223 1639/2487/1221 1573/2897/1381
f 1700/2898/1419 1677/2489/1223 1666/2899/1409
f 1700/2898/1419 1702/2491/1225 1677/2489/1223
f 1700/2898/1419 1718/2900/1420 1702/2491/1225
f 1718/2900/1420 1708/2492/1226 1704/2490/1224
f 1704/2490/1224 1702/2491/1225 1718/2900/1420
f 1568/2850/1358 1631/2901/1360 1609/2848/1359
f 1660/2902/1379 1627/2903/1357 1615/2904/1377
f 1673/2905/1421 1669/2891/1415 1633/2896/1418
f 1669/2891/1415 1600/2890/1353 1633/2896/1418
f 1646/2906/1378 1633/2896/1418 1621/2895/1355
f 1673/2905/1421 1633/2896/1418 1646/2906/1378
f 1673/2905/1421 1646/2906/1378 1678/2907/1422
f 1678/2907/1422 1646/2906/1378 1660/2902/1379
f 1573/2908/1381 1666/2909/1409 1677/2910/1223
f 1689/2911/1410 1699/2912/1423 1666/2909/1409
f 1666/2909/1409 1699/2912/1423 1700/2913/1419
f 1700/2913/1419 1699/2912/1423 1707/2914/1424
f 1700/2913/1419 1707/2914/1424 1718/2915/1420
f 1708/2916/1226 1718/2917/1420 1707/2914/1424
f 1707/2914/1424 1699/2912/1423 1708/2916/1226
f 1698/2918/1227 1708/2916/1226 1699/2912/1423
f 1698/2918/1227 1682/2919/1219 1708/2916/1226
f 1705/2920/1425 1612/2921/1184 1656/2922/1186
f 1689/2923/1410 1698/2924/1227 1699/2925/1423
f 1713/2926/1426 1658/2927/1407 1683/2928/1406
f 1713/2926/1426 1709/2929/1427 1722/2930/1428
f 1723/2931/1429 1713/2926/1426 1722/2930/1428
f 1722/2930/1428 1709/2929/1427 1703/2932/1430
f 1714/2933/1431 1713/2926/1426 1723/2931/1429
f 1714/2933/1431 1689/2923/1410 1658/2927/1407
f 1656/2922/1186 1698/2924/1227 1705/2920/1425
f 1658/2927/1407 1713/2926/1426 1714/2933/1431
f 1705/2920/1425 1698/2924/1227 1716/2934/1432
f 1716/2934/1432 1698/2924/1227 1689/2923/1410
f 1716/2934/1432 1689/2923/1410 1714/2933/1431
f 1716/2934/1432 1714/2933/1431 1723/2931/1429
f 1716/2934/1432 1723/2931/1429 1705/2920/1425
f 1722/2930/1428 1705/2920/1425 1723/2931/1429
f 1705/2920/1425 1722/2930/1428 1703/2932/1430
f 1182/2935/819 1166/2936/613 1275/2937/1433
f 1272/2938/1434 1182/2935/819 1275/2937/1433
f 1243/2939/1435 1272/2938/1434 1240/2940/1436
f 1330/2941/1437 1275/2937/1433 1166/2936/613
f 1366/2942/1438 1330/2943/1437 1166/2944/613
f 1376/2945/1439 1330/2943/1437 1424/2946/1440
f 1424/2946/1440 1330/2943/1437 1366/2942/1438
f 1376/2945/1439 1424/2946/1440 1456/2947/1441
f 1539/2948/1442 1456/2947/1441 1424/2946/1440
f 1539/2948/1442 1424/2946/1440 1540/2949/1443
f 1537/2950/1444 1424/2946/1440 1474/2951/1445
f 1424/2946/1440 1366/2942/1438 1474/2951/1445
f 1474/2951/1445 1366/2942/1438 1434/2952/1446
f 1424/2946/1440 1537/2950/1444 1540/2949/1443
f 1539/2948/1442 1540/2949/1443 1571/2953/1447
f 1540/2949/1443 1517/2954/1448 1571/2953/1447
f 1572/2955/1449 1571/2953/1447 1496/2956/1450
f 1496/2956/1450 1571/2953/1447 1517/2954/1448
f 1517/2954/1448 1540/2949/1443 1537/2950/1444
f 1397/2957/1169 1509/2958/1451 1434/2952/1446
f 1166/2944/613 984/2959/610 1397/2957/1169
f 1366/2942/1438 1166/2944/613 1397/2957/1169
f 1397/2957/1169 984/2959/610 1304/2960/609
f 1397/2957/1169 1434/2952/1446 1366/2942/1438
f 1537/2950/1444 1474/2951/1445 1509/2958/1451
f 1434/2952/1446 1509/2958/1451 1474/2951/1445
f 1526/2437/1183 1512/2444/1171 1412/2961/1170
f 1504/2962/1452 1512/2444/1171 1579/2443/1188
f 1504/2962/1452 1579/2443/1188 1558/2963/1453
f 1512/2444/1171 1537/2964/1444 1509/2965/1451
f 1517/2966/1448 1537/2964/1444 1512/2444/1171
f 1517/2966/1448 1512/2444/1171 1504/2962/1452
f 1397/2967/1169 1512/2444/1171 1509/2965/1451
f 1017/1585/612 1092/1603/833 1035/1583/820
f 1035/1583/820 1073/1604/834 1039/1602/832
f 1089/2968/1454 1064/1608/836 1039/1602/832
f 1073/1604/834 1092/1603/833 1182/2969/819
f 1092/1603/833 1017/1585/612 1182/2969/819
f 1065/1454/742 1196/2970/1455 1106/1587/822
f 1106/1587/822 1196/2970/1455 1208/1590/825
f 980/1611/804 1037/1591/826 1067/1592/805
f 930/2971/511 990/2972/734 1052/1610/838
f 1032/1619/510 930/2973/511 1052/2974/838
f 1019/2975/811 1032/1619/510 980/2976/804
f 1067/2977/805 1100/1564/809 1027/1553/800
f 1126/2978/1456 972/2979/810 1088/2980/853
f 1088/2980/853 972/2979/810 989/2981/816
f 1019/2982/811 972/2979/810 1126/2978/1456
f 1126/2978/1456 1119/2983/842 1032/2984/510
f 1019/2982/811 1126/2978/1456 1032/2984/510
f 1141/2985/827 1100/2986/809 1067/2987/805
f 1113/2988/799 1128/2989/829 1036/2990/741
f 1128/2989/829 1113/2988/799 1191/2991/864
f 1128/2989/829 1191/2991/864 1149/2992/828
f 1196/2993/1455 1065/2994/742 1149/2992/828
f 1208/2995/825 1196/2993/1455 1240/2940/1436
f 981/1579/808 1068/2996/807 1096/1577/815
f 1191/2991/864 1113/2988/799 1100/2997/809
f 1191/2991/864 1209/2998/859 1244/2999/863
f 1191/2991/864 1244/2999/863 1243/3000/1435
f 1243/3000/1435 1196/2993/1455 1149/2992/828
f 1149/2992/828 1191/2991/864 1243/3000/1435
f 1243/3000/1435 1240/2940/1436 1196/2993/1455
f 1275/2937/1433 1240/2940/1436 1272/2938/1434
f 1240/2940/1436 1275/2937/1433 1293/3001/1457
f 1220/3002/860 1191/3003/864 1100/2986/809
f 1271/3004/865 1141/2985/827 1273/3005/1458
f 1375/3006/1459 1273/3005/1458 1241/3007/1286
f 1241/3007/1286 1289/3008/1460 1375/3006/1459
f 1271/3004/865 1273/3005/1458 1375/3006/1459
f 1271/3004/865 1375/3006/1459 1309/3009/866
f 1309/3009/866 1375/3006/1459 1380/3010/1461
f 1355/3011/1462 1380/3010/1461 1375/3006/1459
f 1400/3012/1463 1375/3006/1459 1289/3008/1460
f 1289/3013/1460 1226/3014/1464 1298/3015/1465
f 1256/3016/1466 1298/3015/1465 1226/3014/1464
f 1256/3016/1466 1226/3014/1464 1199/3017/841
f 1282/3018/1467 1256/3016/1466 1264/3019/1468
f 1264/3019/1468 1256/3016/1466 1229/3020/1469
f 1188/3021/1470 1229/3020/1469 1256/3016/1466
f 1199/3017/841 1188/3021/1470 1256/3016/1466
f 1199/3017/841 1126/3022/1456 1188/3021/1470
f 1119/3023/842 1126/3022/1456 1199/3017/841
f 1155/3024/523 1066/3025/522 1048/3026/850
f 1238/3027/1471 1225/3028/1472 1226/3029/1464
f 1225/3028/1472 1238/3027/1471 1206/3030/527
f 1221/3031/1473 1188/3032/1470 1126/2978/1456
f 1142/3033/1474 1189/3034/1475 1228/3035/1476
f 1221/3031/1473 1287/3036/1477 1249/3037/1478
f 1221/3031/1473 1126/2978/1456 1228/3035/1476
f 1126/2978/1456 1142/3033/1474 1228/3035/1476
f 1068/3038/807 1164/3039/858 1096/3040/815
f 1096/3040/815 1164/3039/858 1263/3041/857
f 1263/3041/857 1220/3042/860 1309/3043/866
f 1263/3041/857 1309/3043/866 1290/3044/1479
f 1380/3045/1461 1287/3046/1477 1290/3044/1479
f 1309/3043/866 1380/3045/1461 1290/3044/1479
f 1182/3047/819 1272/3048/1434 1253/3049/1480
f 1253/3049/1480 1073/3050/834 1182/3047/819
f 1243/3051/1435 1324/3052/1481 1272/3048/1434
f 1272/3048/1434 1324/3052/1481 1379/3053/1482
f 1272/3048/1434 1379/3053/1482 1253/3049/1480
f 1253/3049/1480 1346/3054/1483 1248/3055/1484
f 1202/3056/1485 1248/3055/1484 1279/3057/1486
f 1248/3055/1484 1202/3056/1485 1253/3049/1480
f 1116/3058/1487 1217/3059/1488 1202/3056/1485
f 1116/3058/1487 1202/3056/1485 1118/3060/1489
f 1204/3061/1490 1118/3060/1489 1202/3056/1485
f 1116/3058/1487 1102/3062/1491 1178/3063/1492
f 1082/3064/1493 1163/3065/1494 1178/3063/1492
f 1089/3066/1454 1063/3067/837 1064/3068/836
f 1063/3067/837 1163/3065/1494 1082/3064/1493
f 1163/3065/1494 1210/3069/1495 1178/3063/1492
f 1211/3070/823 1208/3071/825 1254/3072/1496
f 1254/3072/1496 1208/3071/825 1325/2813/1372
f 1337/3073/1497 1325/2813/1372 1208/3071/825
f 1337/3073/1497 1504/3074/1452 1498/3075/1498
f 1541/3076/1499 1469/2804/1365 1498/3075/1498
f 1469/2804/1365 1544/3077/1383 1521/2806/1345
f 1469/2804/1365 1541/3078/1499 1544/3077/1383
f 1208/2995/825 1240/2940/1436 1293/3001/1457
f 1208/2995/825 1293/3001/1457 1376/3079/1439
f 1376/3079/1439 1293/3001/1457 1330/2941/1437
f 1438/3080/1500 1390/3081/1501 1208/2995/825
f 1438/3080/1500 1208/2995/825 1376/3079/1439
f 1390/3081/1501 1337/3082/1497 1208/2995/825
f 1534/3083/1502 1496/3084/1450 1458/3085/1503
f 1390/3081/1501 1458/3085/1503 1496/3084/1450
f 1162/3086/824 1211/3087/823 1141/2985/827
f 1271/3004/865 1220/3002/860 1141/2985/827
f 1220/3002/860 1100/2986/809 1141/2985/827
f 1226/3088/1464 1174/1036/529 1206/3089/527
f 1129/3090/1504 1118/3091/1489 1204/3092/1490
f 1212/3093/1505 1129/3090/1504 1204/3092/1490
f 1262/3094/1506 1212/3093/1505 1204/3092/1490
f 1202/3095/1485 1262/3094/1506 1204/3092/1490
f 1202/3095/1485 1279/3096/1486 1262/3094/1506
f 1357/3097/1507 1262/3094/1506 1328/3098/1508
f 1328/3098/1508 1338/3099/1509 1388/3100/1510
f 1262/3094/1506 1338/3099/1509 1328/3098/1508
f 1338/3101/1509 1262/3094/1506 1279/3096/1486
f 1155/1030/523 1206/1034/527 1137/1031/524
f 1155/1030/523 1225/3102/1472 1206/1034/527
f 1206/3103/527 1238/3104/1471 1226/3029/1464
f 1226/3029/1464 1225/3028/1472 1199/3105/841
f 1225/3028/1472 1187/3106/839 1199/3105/841
f 1155/3107/523 1187/3106/839 1225/3028/1472
f 1096/3040/815 1263/3041/857 1189/3108/1475
f 1228/3109/1476 1189/3108/1475 1263/3041/857
f 1212/3110/1505 1268/3111/862 1170/1632/849
f 1129/3112/1504 1075/1726/802 1118/3113/1489
f 1018/1725/803 1118/3113/1489 1075/1726/802
f 1075/1726/802 1129/3112/1504 1110/1727/891
f 1110/1727/891 1129/3112/1504 1212/3110/1505
f 1110/1727/891 1212/3110/1505 1170/1632/849
f 1170/1632/849 1070/1631/848 1110/1727/891
f 1211/3070/823 1254/3072/1496 1267/3114/1511
f 1325/2813/1372 1498/3075/1498 1469/2804/1365
f 1325/2813/1372 1469/2804/1365 1415/2812/1371
f 1498/3075/1498 1325/2813/1372 1337/3073/1497
f 1267/3114/1511 1325/2813/1372 1315/2643/1289
f 1325/2813/1372 1267/3114/1511 1254/3072/1496
f 1325/2813/1372 1381/2805/1366 1315/2643/1289
f 1505/3115/1512 1403/2814/1373 1472/2807/1367
f 1403/2814/1373 1505/3115/1512 1315/2643/1289
f 1505/3115/1512 1472/2807/1367 1542/3116/1395
f 1505/3115/1512 1542/3116/1395 1315/2643/1289
f 1542/3116/1395 1548/3117/1392 1315/2643/1289
f 1267/3114/1511 1315/2643/1289 1241/2640/1286
f 1267/3114/1511 1273/3118/1458 1211/3070/823
f 1273/3118/1458 1267/3114/1511 1241/3119/1286
f 1141/2985/827 1211/3087/823 1273/3005/1458
f 1244/3120/863 1334/3121/1513 1243/3051/1435
f 1174/3122/529 1226/3123/1464 1289/3008/1460
f 1174/3122/529 1289/3008/1460 1241/3007/1286
f 1293/3001/1457 1275/2937/1433 1330/2941/1437
f 1324/3052/1481 1243/3051/1435 1334/3121/1513
f 1262/3124/1506 1357/3125/1507 1334/3121/1513
f 1268/3126/862 1262/3124/1506 1334/3121/1513
f 1334/3121/1513 1357/3125/1507 1379/3053/1482
f 1334/3121/1513 1379/3053/1482 1324/3052/1481
f 1379/3053/1482 1357/3125/1507 1346/3054/1483
f 1334/3121/1513 1244/3120/863 1268/3126/862
f 1212/3093/1505 1262/3094/1506 1268/3127/862
f 1263/3128/857 1290/3044/1479 1339/3129/1514
f 1276/2639/1285 1241/2640/1286 1315/2643/1289
f 1548/3117/1392 1426/2644/1290 1315/2643/1289
f 1289/3130/1460 1298/3131/1465 1400/3132/1463
f 1256/3133/1466 1282/3134/1467 1298/3131/1465
f 1298/3131/1465 1282/3134/1467 1320/3135/1515
f 1420/3136/1516 1320/3135/1515 1331/3137/1517
f 1420/3136/1516 1331/3137/1517 1384/3138/1518
f 1384/3138/1518 1481/3139/1519 1389/3140/1520
f 1481/3139/1519 1384/3138/1518 1448/3141/1521
f 1389/3140/1520 1481/3139/1519 1432/3142/1522
f 1316/3143/1523 1389/3140/1520 1432/3142/1522
f 1335/3144/1524 1302/3145/1525 1387/3146/1526
f 1432/3142/1522 1387/3146/1526 1302/3145/1525
f 1302/3145/1525 1316/3143/1523 1432/3142/1522
f 1400/3132/1463 1298/3131/1465 1420/3136/1516
f 1420/3136/1516 1355/3147/1462 1400/3132/1463
f 1355/3147/1462 1420/3136/1516 1348/3148/1527
f 1420/3136/1516 1298/3131/1465 1320/3135/1515
f 1249/3149/1478 1355/3147/1462 1348/3148/1527
f 1284/3150/1528 1249/3149/1478 1348/3148/1527
f 1316/3143/1523 1348/3148/1527 1389/3140/1520
f 1284/3150/1528 1316/3143/1523 1302/3145/1525
f 1316/3143/1523 1284/3150/1528 1348/3148/1527
f 1249/3149/1478 1380/3151/1461 1355/3147/1462
f 1375/3152/1459 1400/3132/1463 1355/3147/1462
f 1249/3149/1478 1287/3153/1477 1380/3151/1461
f 1229/3154/1469 1188/3155/1470 1221/3156/1473
f 1284/3150/1528 1264/3157/1468 1229/3154/1469
f 1466/3158/1529 1456/3159/1441 1527/3160/1530
f 1376/3161/1439 1456/3159/1441 1438/3162/1500
f 1466/3158/1529 1438/3162/1500 1456/3159/1441
f 1438/3162/1500 1466/3158/1529 1473/3163/1531
f 1458/3164/1503 1438/3162/1500 1473/3163/1531
f 1473/3163/1531 1532/3165/1532 1458/3164/1503
f 1546/3166/1533 1574/3167/1534 1532/3165/1532
f 1574/3167/1534 1546/3166/1533 1606/3168/1535
f 1619/3169/1536 1606/3168/1535 1546/3166/1533
f 1606/3168/1535 1619/3169/1536 1635/3170/1537
f 1529/3171/1538 1619/3169/1536 1546/3166/1533
f 1546/3166/1533 1532/3165/1532 1473/3163/1531
f 1456/3159/1441 1567/3172/1539 1527/3160/1530
f 1567/3172/1539 1456/3159/1441 1539/3173/1442
f 1438/3162/1500 1458/3164/1503 1390/3174/1501
f 1337/3073/1497 1390/3175/1501 1496/3176/1450
f 1337/3073/1497 1517/3177/1448 1504/3074/1452
f 1517/3177/1448 1337/3073/1497 1496/3176/1450
f 1527/3160/1530 1529/3171/1538 1466/3158/1529
f 1473/3163/1531 1466/3158/1529 1529/3171/1538
f 1546/3166/1533 1473/3163/1531 1529/3171/1538
f 1422/3178/1540 1533/3179/1541 1564/3180/1393
f 1548/3181/1392 1564/3180/1393 1533/3179/1541
f 1533/3179/1541 1426/3182/1290 1548/3181/1392
f 1572/2955/1449 1496/2956/1450 1534/3183/1502
f 1534/3183/1502 1458/3184/1503 1574/3185/1534
f 1458/3164/1503 1532/3165/1532 1574/3167/1534
f 1504/3186/1452 1558/3187/1453 1498/3188/1498
f 1541/3189/1499 1591/3190/1386 1544/3191/1383
f 1601/3192/1542 1541/3189/1499 1558/3187/1453
f 1541/3189/1499 1498/3193/1498 1558/3187/1453
f 1558/3187/1453 1579/3194/1188 1630/3195/1543
f 1630/3195/1543 1601/3192/1542 1558/3187/1453
f 1645/3196/1544 1594/3197/1545 1617/3198/1546
f 1617/3198/1546 1652/3199/1547 1645/3196/1544
f 1652/3199/1547 1661/3200/1548 1645/3196/1544
f 1529/3171/1538 1527/3160/1530 1577/3201/1549
f 1567/3172/1539 1577/3201/1549 1527/3160/1530
f 1617/3198/1546 1577/3201/1549 1567/3172/1539
f 1577/3201/1549 1617/3198/1546 1594/3197/1545
f 1594/3197/1545 1645/3196/1544 1614/3202/1550
f 1614/3203/1550 1619/3169/1536 1594/3197/1545
f 1577/3201/1549 1594/3197/1545 1529/3171/1538
f 1594/3197/1545 1619/3169/1536 1529/3171/1538
f 1652/3204/1547 1617/3205/1546 1649/3206/1551
f 1661/3207/1548 1652/3204/1547 1649/3206/1551
f 1645/3208/1544 1661/3207/1548 1662/3209/1552
f 1662/3209/1552 1614/3210/1550 1645/3208/1544
f 1614/3210/1550 1662/3209/1552 1619/3211/1536
f 1619/3211/1536 1662/3209/1552 1661/3207/1548
f 1661/3207/1548 1649/3206/1551 1619/3211/1536
f 1619/3211/1536 1649/3206/1551 1635/3212/1537
f 1650/3213/1553 1635/3212/1537 1649/3206/1551
f 1539/3214/1442 1657/3215/1554 1567/3216/1539
f 1647/3217/1555 1567/3216/1539 1657/3215/1554
f 1541/3189/1499 1601/3192/1542 1591/3190/1386
f 1591/3190/1386 1601/3192/1542 1626/3218/1556
f 1670/3219/1557 1632/3220/1385 1640/3221/1558
f 1690/3222/1559 1676/3223/1560 1670/3219/1557
f 1690/3222/1559 1670/3219/1557 1692/3224/1561
f 1670/3219/1557 1640/3221/1558 1692/3224/1561
f 1690/3222/1559 1692/3224/1561 1693/3225/1562
f 1693/3225/1562 1692/3224/1561 1719/3226/1563
f 1692/3224/1561 1691/3227/1564 1719/3226/1563
f 1719/3226/1563 1721/3228/1565 1720/3229/1566
f 1721/3228/1565 1710/3230/1567 1720/3229/1566
f 1710/3230/1567 1721/3228/1565 1697/3231/1568
f 1697/3231/1568 1721/3228/1565 1687/3232/1569
f 1691/3227/1564 1721/3228/1565 1719/3226/1563
f 1721/3228/1565 1691/3227/1564 1687/3232/1569
f 1591/2843/1386 1599/2841/1384 1544/2840/1383
f 1663/3233/1570 1651/3234/1571 1687/3235/1569
f 1651/3234/1571 1672/3236/1572 1687/3235/1569
f 1697/3237/1568 1672/3236/1572 1671/3238/1573
f 1672/3236/1572 1651/3234/1571 1671/3238/1573
f 1671/3238/1573 1651/3234/1571 1643/3239/1574
f 1643/3239/1574 1651/3234/1571 1599/2841/1384
f 1643/3240/1574 1599/2841/1384 1632/2842/1385
f 1574/3241/1534 1622/3242/1575 1629/3243/1576
f 1653/3244/1577 1574/3241/1534 1641/3245/1578
f 1641/3245/1578 1650/3246/1553 1667/3247/1579
f 1653/3244/1577 1641/3245/1578 1667/3247/1579
f 1681/3248/1580 1653/3244/1577 1667/3247/1579
f 1681/3249/1580 1688/3250/1581 1706/3251/1582
f 1712/3252/1583 1688/3250/1581 1701/3253/1584
f 1712/3252/1583 1701/3253/1584 1696/3254/1585
f 1675/3255/1586 1696/3254/1585 1667/3247/1579
f 1696/3254/1585 1675/3255/1586 1684/3256/1587
f 1650/3246/1553 1675/3255/1586 1667/3247/1579
f 1675/3255/1586 1650/3246/1553 1647/3257/1555
f 1657/3258/1554 1539/3259/1442 1571/3260/1447
f 1629/3261/1576 1571/3260/1447 1572/3262/1449
f 1629/3261/1576 1657/3258/1554 1571/3260/1447
f 1647/3263/1555 1657/3258/1554 1684/3264/1587
f 1675/3265/1586 1647/3263/1555 1684/3264/1587
f 1696/3266/1585 1684/3264/1587 1712/3267/1583
f 1715/3268/1588 1712/3267/1583 1684/3264/1587
f 1712/3267/1583 1715/3268/1588 1688/3269/1581
f 1688/3269/1581 1715/3268/1588 1706/3270/1582
f 1715/3268/1588 1684/3264/1587 1706/3270/1582
f 1706/3270/1582 1684/3264/1587 1681/3271/1580
f 1574/3272/1534 1606/3273/1535 1641/3274/1578
f 1635/3212/1537 1641/3274/1578 1606/3273/1535
f 1641/3274/1578 1635/3212/1537 1650/3213/1553
f 1664/3275/1589 1626/3218/1556 1630/3195/1543
f 1601/3192/1542 1630/3195/1543 1626/3218/1556
f 1534/3276/1502 1629/3261/1576 1572/3262/1449
f 1534/3276/1502 1574/3277/1534 1629/3261/1576
f 1617/3205/1546 1567/3216/1539 1647/3217/1555
f 1650/3213/1553 1649/3206/1551 1617/3205/1546
f 1575/2838/1382 1599/2841/1384 1651/3234/1571
f 1651/3234/1571 1636/2882/1408 1575/2838/1382
f 1636/2882/1408 1651/3234/1571 1663/3233/1570
f 1632/3220/1385 1591/3190/1386 1640/3221/1558
f 1591/3190/1386 1626/3218/1556 1640/3221/1558
f 1640/3221/1558 1626/3218/1556 1668/3278/1590
f 1640/3221/1558 1668/3278/1590 1691/3227/1564
f 1687/3232/1569 1691/3227/1564 1668/3278/1590
f 1687/3232/1569 1668/3278/1590 1663/3279/1570
f 1668/3278/1590 1626/3218/1556 1664/3275/1589
f 1668/3278/1590 1664/3275/1589 1663/3279/1570
f 1663/3279/1570 1664/3275/1589 1636/3280/1408
f 1647/3217/1555 1650/3213/1553 1617/3205/1546
f 1653/3244/1577 1622/3242/1575 1574/3241/1534
f 1630/3281/1543 1579/3282/1188 1620/3283/1187
f 1683/3284/1406 1630/3281/1543 1620/3283/1187
f 1612/3285/1184 1705/3286/1425 1703/3287/1430
f 1709/3288/1427 1683/3284/1406 1620/3283/1187
f 1683/3284/1406 1636/3289/1408 1664/3290/1589
f 1664/3290/1589 1630/3281/1543 1683/3284/1406
f 1657/3258/1554 1629/3261/1576 1680/3291/1591
f 1657/3258/1554 1680/3291/1591 1684/3264/1587
f 1684/3264/1587 1680/3291/1591 1681/3271/1580
f 1653/3292/1577 1680/3291/1591 1622/3293/1575
f 1629/3261/1576 1622/3293/1575 1680/3291/1591
f 1688/3250/1581 1667/3247/1579 1696/3254/1585
f 1696/3254/1585 1701/3253/1584 1688/3250/1581
f 1688/3250/1581 1681/3248/1580 1667/3247/1579
f 1643/3294/1574 1632/3295/1385 1670/3296/1557
f 1670/3296/1557 1676/3297/1560 1643/3294/1574
f 1116/3298/1487 1018/3299/803 1046/3300/830
f 1060/3301/835 1102/3302/1491 1046/3300/830
f 1046/3300/830 1102/3302/1491 1116/3298/1487
f 1063/3303/837 1082/3304/1493 1060/3301/835
f 1060/3301/835 1082/3304/1493 1102/3302/1491
f 1045/1630/847 1075/1726/802 1110/1727/891
f 1039/3305/832 1073/3050/834 1154/3306/1592
f 1039/3305/832 1154/3306/1592 1089/3066/1454
f 1163/3065/1494 1184/3307/1593 1210/3069/1495
f 1163/3065/1494 1089/3066/1454 1184/3307/1593
f 1184/3307/1593 1089/3066/1454 1154/3306/1592
f 1073/3050/834 1253/3049/1480 1154/3306/1592
f 1217/3059/1488 1184/3307/1593 1154/3306/1592
f 1184/3307/1593 1217/3059/1488 1210/3069/1495
f 1217/3059/1488 1253/3049/1480 1202/3056/1485
f 1089/3066/1454 1163/3065/1494 1063/3067/837
f 1082/3304/1493 1178/3308/1492 1102/3302/1491
f 1116/3058/1487 1118/3060/1489 1018/3309/803
f 1217/3059/1488 1116/3058/1487 1210/3069/1495
f 1210/3069/1495 1116/3058/1487 1178/3063/1492
f 1217/3059/1488 1154/3306/1592 1253/3049/1480
f 1341/3310/1594 1248/3311/1484 1394/3312/1595
f 1341/3310/1594 1279/3313/1486 1248/3311/1484
f 1279/3314/1486 1341/3310/1594 1338/3315/1509
f 1338/3315/1509 1341/3310/1594 1388/3316/1510
f 1482/3317/1596 1388/3316/1510 1341/3310/1594
f 1482/3317/1596 1341/3310/1594 1394/3312/1595
f 1253/3049/1480 1379/3053/1482 1346/3054/1483
f 1248/3311/1484 1346/3318/1483 1394/3312/1595
f 1388/3100/1510 1357/3319/1507 1328/3098/1508
f 1357/3319/1507 1388/3100/1510 1482/3320/1596
f 1357/3319/1507 1482/3320/1596 1394/3321/1595
f 1346/3322/1483 1357/3319/1507 1394/3321/1595
f 1612/3285/1184 1703/3287/1430 1620/3283/1187
f 1620/3283/1187 1703/3287/1430 1709/3288/1427
f 1676/3323/1560 1690/3324/1559 1671/3238/1573
f 1676/3323/1560 1671/3238/1573 1643/3239/1574
f 1683/2928/1406 1709/2929/1427 1713/2926/1426
f 1691/3227/1564 1692/3224/1561 1640/3221/1558
f 1681/3271/1580 1680/3291/1591 1653/3292/1577
f 1697/3231/1568 1687/3232/1569 1672/3325/1572
f 1693/3326/1562 1719/3327/1563 1717/3328/1597
f 1719/3327/1563 1720/3329/1566 1717/3328/1597
f 1693/3326/1562 1717/3328/1597 1671/3330/1573
f 1717/3328/1597 1710/3331/1567 1671/3330/1573
f 1720/3329/1566 1710/3331/1567 1717/3328/1597
f 1671/3330/1573 1710/3331/1567 1697/3332/1568
f 1671/3333/1573 1690/3334/1559 1693/3326/1562
f 1409/3335/1598 1460/3336/1599 1471/3337/1600
f 1409/3335/1598 1501/3338/1400 1433/3339/1413
f 1471/3337/1600 1543/3340/1374 1501/3338/1400
f 1511/3341/1349 1501/3338/1400 1543/3340/1374
f 1409/3335/1598 1405/3342/1414 1416/3343/1601
f 1405/3342/1414 1409/3335/1598 1433/3339/1413
f 1501/3338/1400 1409/3335/1598 1471/3337/1600
f 1460/3336/1599 1470/3344/1602 1520/3345/1603
f 1470/3346/1602 1536/3347/1604 1520/3345/1603
f 1460/3336/1599 1409/3335/1598 1416/3343/1601
f 1470/3344/1602 1460/3336/1599 1416/3343/1601
f 1405/2889/1414 1436/3348/1605 1416/3349/1601
f 1405/2889/1414 1441/2887/1412 1436/3348/1605
f 1436/3348/1605 1441/2887/1412 1506/3350/1606
f 1497/2874/1404 1441/2887/1412 1479/2872/1402
f 1536/3351/1604 1506/3350/1606 1554/3352/1375
f 1543/3353/1374 1536/3351/1604 1554/3352/1375
f 1554/3352/1375 1598/3354/1607 1605/3355/1376
f 1634/3356/1608 1607/3357/1609 1611/3358/1610
f 1603/3359/1611 1602/3360/1612 1611/3358/1610
f 1603/3359/1611 1611/3358/1610 1607/3357/1609
f 1655/3361/1613 1613/3362/1614 1648/3363/1615
f 1580/2886/1380 1637/3364/1616 1613/3362/1614
f 1593/2885/1411 1580/2886/1380 1613/3362/1614
f 1506/3350/1606 1536/3365/1604 1436/3348/1605
f 1436/3348/1605 1536/3365/1604 1470/3366/1602
f 1436/3348/1605 1470/3366/1602 1416/3349/1601
f 1441/2887/1412 1497/2874/1404 1506/3350/1606
f 1506/3350/1606 1497/2874/1404 1554/3352/1375
f 1471/3337/1600 1520/3345/1603 1543/3340/1374
f 1520/3345/1603 1471/3337/1600 1460/3336/1599
f 1543/3340/1374 1520/3345/1603 1536/3347/1604
f 1048/3367/850 1012/3368/1132 1084/3369/1617
f 1084/3369/1617 1150/3370/851 1048/3367/850
f 1081/3371/1618 1084/3369/1617 1012/3368/1132
f 1055/2355/1133 1081/3371/1618 1012/3368/1132
f 1086/3372/984 1099/3373/1619 1079/3374/986
f 1091/3375/1620 1078/3376/985 1079/3374/986
f 1078/3376/985 1091/3375/1620 1144/3377/1621
f 1079/3374/986 1099/3373/1619 1111/3378/1622
f 1111/3378/1622 1091/3375/1620 1079/3374/986
f 1091/3375/1620 1111/3378/1622 1144/3377/1621
f 1059/1959/983 1086/3379/984 1079/1960/986
f 1114/3380/1623 1147/3381/1624 1134/3382/1625
f 1192/3383/1626 1159/3384/1316 1147/3381/1624
f 1134/3382/1625 1147/3381/1624 1159/3384/1316
f 1134/3382/1625 1112/3385/1627 1114/3380/1623
f 1152/3386/1628 1112/3385/1627 1134/3382/1625
f 1235/3387/1629 1134/3382/1625 1224/3388/1630
f 1172/3389/1631 1239/3390/1320 1224/3388/1630
f 1134/3382/1625 1172/3389/1631 1224/3388/1630
f 1134/3382/1625 1158/3391/1632 1172/3389/1631
f 1172/3389/1631 1158/3391/1632 1207/3392/1281
f 1158/3391/1632 1134/3382/1625 1159/3384/1316
f 1158/3391/1632 1171/3393/1305 1207/3392/1281
f 1207/3392/1281 1239/3390/1320 1172/3389/1631
f 1084/3394/1617 1081/3395/1618 1150/3396/851
f 1086/3397/984 1051/3398/981 1114/3399/1623
f 1051/3398/981 1151/3400/1633 1114/3399/1623
f 1147/3401/1624 1114/3399/1623 1151/3400/1633
f 1151/3400/1633 1181/3402/1634 1219/3403/1635
f 1219/3403/1635 1181/3402/1634 1261/3404/1636
f 1181/3402/1634 1194/3405/1637 1261/3404/1636
f 1194/3405/1637 1214/3406/1638 1261/3404/1636
f 1152/3386/1628 1214/3406/1638 1194/3405/1637
f 1152/3386/1628 1194/3405/1637 1099/3373/1619
f 1152/3386/1628 1099/3373/1619 1112/3385/1627
f 1114/3380/1623 1112/3385/1627 1086/3372/984
f 1086/3372/984 1112/3385/1627 1099/3373/1619
f 1051/3407/981 1181/3402/1634 1151/3400/1633
f 1159/3384/1316 1171/3393/1305 1158/3391/1632
f 1147/3381/1624 1223/3408/1639 1192/3383/1626
f 1192/3383/1626 1223/3408/1639 1251/3409/1317
f 1205/3410/1306 1159/3384/1316 1192/3383/1626
f 1251/3409/1317 1205/3410/1306 1192/3383/1626
f 1156/3411/1135 1121/3412/1640 1098/3413/1138
f 1121/3412/1640 1156/3411/1135 1150/3414/851
f 1152/3386/1628 1134/3382/1625 1214/3406/1638
f 1151/3400/1633 1219/3403/1635 1223/3415/1639
f 1223/3415/1639 1219/3403/1635 1261/3404/1636
f 1150/3396/851 1081/3395/1618 1121/3416/1640
f 1051/3417/981 1165/3418/1641 1181/3419/1634
f 1165/3418/1641 1051/3417/981 1078/3420/985
f 1144/3421/1621 1165/3418/1641 1078/3420/985
f 1111/3422/1622 1180/3423/1642 1144/3421/1621
f 1165/3418/1641 1144/3421/1621 1180/3423/1642
f 1165/3418/1641 1180/3423/1642 1181/3419/1634
f 1180/3423/1642 1111/3424/1622 1194/3425/1637
f 1111/3424/1622 1099/3426/1619 1194/3425/1637
f 1180/3423/1642 1194/3425/1637 1181/3419/1634
f 1207/3427/1281 1222/2703/1282 1239/2702/1320
f 1251/3428/1317 1223/3429/1639 1296/3430/1318
f 1235/3431/1629 1239/3432/1320 1310/3433/1330
f 1235/3431/1629 1224/3434/1630 1239/3432/1320
f 1261/3435/1636 1235/3431/1629 1223/3429/1639
f 1214/3436/1638 1235/3431/1629 1261/3435/1636
f 1310/3433/1330 1296/3430/1318 1223/3429/1639
f 1223/3429/1639 1235/3431/1629 1310/3433/1330
f 1147/3401/1624 1151/3400/1633 1223/3415/1639
f 1235/3387/1629 1214/3406/1638 1134/3382/1625
f 1257/3437/1643 1232/3438/1644 1233/3439/1645
f 1278/3440/1646 1232/3438/1644 1257/3441/1643
f 1233/3439/1645 1274/3442/1647 1257/3437/1643
f 1233/3443/1645 1232/3444/1644 1234/3445/1648
f 1234/3445/1648 1232/3444/1644 1250/3446/1649
f 1232/3444/1644 1277/3447/1650 1250/3446/1649
f 1250/3446/1649 1311/3448/1651 1234/3445/1648
f 1250/3446/1649 1336/3449/1652 1311/3448/1651
f 1234/3445/1648 1311/3448/1651 1233/3443/1645
f 1296/3450/1318 1310/2726/1330 1352/2728/1332
f 1233/3451/1645 1340/3452/1653 1274/3453/1647
f 1340/3452/1653 1396/3454/1654 1431/3455/1655
f 1401/3456/1656 1340/3452/1653 1431/3455/1655
f 1354/3457/1322 1252/2675/1308 1364/2701/1319
f 1352/3458/1332 1417/3459/1326 1364/2701/1319
f 1352/3458/1332 1364/2701/1319 1296/2700/1318
f 1349/3460/1657 1399/3461/1658 1350/3462/1659
f 1399/3461/1658 1349/3460/1657 1401/3463/1656
f 1399/3461/1658 1382/3464/1660 1350/3462/1659
f 1401/3463/1656 1349/3460/1657 1274/3465/1647
f 1368/2712/1327 1417/2711/1326 1383/2727/1331
f 1274/3465/1647 1340/3466/1653 1401/3463/1656
f 1431/3467/1655 1494/3468/1661 1401/3463/1656
f 1430/3469/1662 1371/3470/1663 1453/3471/1664
f 1485/3472/1665 1427/3473/1666 1367/3474/1667
f 1371/3470/1663 1358/3475/1668 1356/3476/1669
f 1347/3477/1670 1343/3478/1671 1367/3479/1667
f 1367/3474/1667 1427/3473/1666 1356/3476/1669
f 1367/3474/1667 1356/3476/1669 1347/3477/1670
f 1343/3478/1671 1358/3475/1668 1437/3480/1672
f 1468/3481/1673 1523/3482/1674 1437/3480/1672
f 1437/3480/1672 1523/3482/1674 1435/3483/1675
f 1437/3480/1672 1358/3475/1668 1468/3481/1673
f 1419/3484/1676 1468/3481/1673 1358/3475/1668
f 1356/3476/1669 1358/3475/1668 1343/3478/1671
f 1343/3478/1671 1437/3480/1672 1435/3483/1675
f 1435/3483/1675 1386/3485/1677 1343/3478/1671
f 1435/3483/1675 1523/3482/1674 1485/3486/1665
f 1311/3448/1651 1340/3487/1653 1233/3443/1645
f 1336/3488/1652 1340/3452/1653 1311/3489/1651
f 1336/3488/1652 1250/3490/1649 1277/3491/1650
f 1343/3478/1671 1347/3477/1670 1356/3476/1669
f 1367/3479/1667 1343/3478/1671 1386/3485/1677
f 1386/3485/1677 1435/3483/1675 1367/3479/1667
f 1445/2709/1315 1368/2712/1327 1345/2704/1312
f 1399/3492/1658 1411/3493/1288 1382/3494/1660
f 1382/3494/1660 1411/3493/1288 1426/3495/1290
f 1401/3496/1656 1461/3497/1678 1442/3498/1679
f 1401/3496/1656 1442/3499/1679 1430/3500/1662
f 1453/3501/1664 1429/3502/1337 1430/3500/1662
f 1399/3492/1658 1430/3500/1662 1411/3493/1288
f 1430/3500/1662 1399/3492/1658 1401/3496/1656
f 1429/3502/1337 1411/3493/1288 1430/3500/1662
f 1451/3503/1325 1364/2701/1319 1417/3459/1326
f 1419/3484/1676 1430/3504/1662 1442/3505/1679
f 1453/3506/1664 1371/3507/1663 1427/3508/1666
f 1419/3484/1676 1371/3470/1663 1430/3504/1662
f 1419/3484/1676 1358/3475/1668 1371/3470/1663
f 1371/3470/1663 1356/3476/1669 1427/3473/1666
f 1340/3452/1653 1336/3488/1652 1396/3454/1654
f 1508/2708/1324 1368/2712/1327 1445/2709/1315
f 1501/2870/1400 1459/2869/1399 1433/2888/1413
f 1475/2873/1403 1459/2869/1399 1518/2871/1401
f 1461/3509/1678 1401/3463/1656 1494/3468/1661
f 1419/3484/1676 1442/3505/1679 1468/3481/1673
f 1447/3510/1680 1494/3511/1661 1431/3512/1655
f 1385/3513/1681 1447/3510/1680 1431/3512/1655
f 1367/3479/1667 1435/3483/1675 1485/3486/1665
f 1453/3506/1664 1427/3508/1666 1530/3514/1682
f 1427/3508/1666 1507/3515/1683 1530/3514/1682
f 1530/3514/1682 1507/3515/1683 1576/3516/1684
f 1507/3515/1683 1485/3517/1665 1576/3516/1684
f 1576/3516/1684 1485/3518/1665 1523/3519/1674
f 1576/3516/1684 1583/3520/1397 1530/3514/1682
f 1494/3521/1661 1545/3522/1685 1550/3523/1686
f 1623/3524/1390 1545/3525/1685 1559/3526/1396
f 1468/3527/1673 1461/3528/1678 1550/3523/1686
f 1468/3527/1673 1550/3523/1686 1576/3516/1684
f 1576/3516/1684 1550/3523/1686 1583/3520/1397
f 1583/3520/1397 1596/3529/1398 1530/3514/1682
f 1530/3514/1682 1586/3530/1362 1453/3506/1664
f 1453/3506/1664 1586/3530/1362 1429/3531/1337
f 1596/3529/1398 1586/3530/1362 1530/3514/1682
f 1623/3524/1390 1583/3520/1397 1545/3525/1685
f 1550/3523/1686 1545/3525/1685 1583/3520/1397
f 1494/3532/1661 1550/3523/1686 1461/3528/1678
f 1442/3533/1679 1461/3528/1678 1468/3527/1673
f 1427/3473/1666 1485/3472/1665 1507/3534/1683
f 1561/2875/1405 1554/3352/1375 1497/2874/1404
f 1561/2875/1405 1593/2885/1411 1602/3360/1612
f 1602/3360/1612 1603/3359/1611 1598/3354/1607
f 1607/3357/1609 1605/3535/1376 1603/3359/1611
f 1605/3535/1376 1598/3354/1607 1603/3359/1611
f 1602/3360/1612 1598/3354/1607 1561/2875/1405
f 1554/3352/1375 1561/2875/1405 1598/3354/1607
f 1523/3519/1674 1468/3527/1673 1576/3516/1684
f 1613/3362/1614 1602/3536/1612 1593/2885/1411
f 1605/3537/1376 1607/3538/1609 1634/3539/1608
f 1605/3537/1376 1634/3539/1608 1644/3540/1687
f 1615/3541/1377 1605/3537/1376 1644/3540/1687
f 1615/3541/1377 1644/3540/1687 1659/3542/1688
f 1638/3543/1689 1644/3540/1687 1634/3539/1608
f 1644/3540/1687 1638/3543/1689 1659/3542/1688
f 1659/3542/1688 1655/3544/1613 1660/3545/1379
f 1660/3545/1379 1615/3541/1377 1659/3542/1688
f 1613/3546/1614 1638/3543/1689 1602/3547/1612
f 1659/3542/1688 1638/3543/1689 1613/3546/1614
f 1602/3547/1612 1638/3543/1689 1611/3548/1610
f 1611/3548/1610 1638/3543/1689 1634/3539/1608
f 1637/3549/1616 1580/2893/1380 1654/2892/1416
f 1659/3542/1688 1613/3546/1614 1655/3544/1613
f 1613/3550/1614 1637/3551/1616 1648/3552/1615
f 1674/3553/1690 1637/3551/1616 1654/3554/1416
f 1648/3552/1615 1637/3551/1616 1674/3553/1690
f 1679/3555/1691 1648/3552/1615 1674/3553/1690
f 1685/3556/1692 1678/3557/1422 1660/3558/1379
f 1679/3555/1691 1685/3556/1692 1660/3558/1379
f 1660/3558/1379 1648/3552/1615 1679/3555/1691
f 1648/3552/1615 1660/3558/1379 1655/3559/1613
f 1669/3560/1415 1673/3561/1421 1678/3562/1422
f 1711/3563/1693 1669/3560/1415 1678/3562/1422
f 1678/3562/1422 1685/3564/1692 1711/3563/1693
f 1694/3565/1694 1711/3563/1693 1685/3564/1692
f 1694/3565/1694 1685/3564/1692 1679/3566/1691
f 1674/3567/1690 1654/3568/1416 1695/3569/1417
f 1711/3563/1693 1694/3565/1694 1695/3569/1417
f 1669/3560/1415 1711/3563/1693 1695/3569/1417
f 1679/3566/1691 1674/3567/1690 1694/3565/1694
f 1674/3567/1690 1695/3569/1417 1694/3565/1694
f 1055/2355/1133 1098/3570/1138 1081/3371/1618
f 1121/3571/1640 1081/3371/1618 1098/3570/1138
f 1088/2980/853 1142/3033/1474 1126/2978/1456
f 1088/2980/853 1097/3572/855 1142/3033/1474
f 1097/3572/855 1072/3573/854 1095/3574/818
f 1095/3574/818 1189/3034/1475 1142/3033/1474
f 1095/3574/818 1142/3033/1474 1097/3572/855
f 1062/1572/812 1021/1573/813 1177/3575/861
f 1170/1632/849 1177/3575/861 1021/1573/813
f 1096/3576/815 1189/3034/1475 1095/3574/818
f 1156/3577/1135 1085/3578/1131 1187/3579/839
f 1221/3156/1473 1249/3149/1478 1229/3154/1469
f 1229/3154/1469 1249/3149/1478 1284/3150/1528
f 1228/3580/1476 1287/3581/1477 1221/3582/1473
f 1228/3580/1476 1281/3583/1695 1287/3581/1477
f 1333/3584/1696 1344/3585/1697 1292/3586/1698
f 1281/3583/1695 1292/3586/1698 1344/3585/1697
f 1342/3587/1699 1344/3585/1697 1333/3584/1696
f 1339/3588/1514 1290/3589/1479 1344/3585/1697
f 1344/3585/1697 1290/3589/1479 1287/3581/1477
f 1287/3581/1477 1281/3583/1695 1344/3585/1697
f 1281/3590/1695 1291/3591/1700 1292/3592/1698
f 1263/3593/857 1281/3590/1695 1228/3594/1476
f 1333/3595/1696 1291/3591/1700 1342/3596/1699
f 1333/3595/1696 1292/3592/1698 1291/3591/1700
f 1263/3593/857 1291/3591/1700 1281/3590/1695
f 1263/3593/857 1339/3597/1514 1291/3591/1700
f 1291/3591/1700 1339/3597/1514 1342/3596/1699
f 1264/3598/1468 1297/3599/1701 1282/3600/1467
f 1297/3599/1701 1331/3601/1517 1282/3600/1467
f 1320/3602/1515 1282/3600/1467 1331/3601/1517
f 1307/3603/1702 1301/3604/1703 1297/3599/1701
f 1301/3604/1703 1326/3605/1704 1297/3599/1701
f 1307/3603/1702 1306/3606/1705 1300/3607/1706
f 1307/3603/1702 1300/3607/1706 1301/3604/1703
f 1297/3599/1701 1264/3598/1468 1307/3603/1702
f 1264/3598/1468 1284/3608/1528 1302/3609/1525
f 1306/3606/1705 1307/3603/1702 1264/3598/1468
f 1302/3609/1525 1306/3606/1705 1264/3598/1468
f 1335/3610/1524 1306/3611/1705 1302/3609/1525
f 1326/3605/1704 1384/3612/1518 1297/3599/1701
f 1297/3599/1701 1384/3612/1518 1331/3601/1517
f 1274/3613/1647 1327/3614/1707 1257/3615/1643
f 1278/3616/1646 1257/3615/1643 1327/3614/1707
f 1277/3617/1650 1278/3616/1646 1385/3513/1681
f 1277/3617/1650 1396/3618/1654 1336/3619/1652
f 1396/3618/1654 1277/3617/1650 1385/3513/1681
f 1385/3513/1681 1431/3512/1655 1396/3618/1654
f 1327/3614/1707 1274/3620/1647 1349/3621/1657
f 1447/3510/1680 1385/3513/1681 1278/3616/1646
f 1369/3622/1708 1306/3623/1705 1335/3624/1524
f 1369/3622/1708 1335/3624/1524 1378/3625/1709
f 1306/3623/1705 1369/3622/1708 1321/3626/1710
f 1321/3626/1710 1369/3622/1708 1372/3627/1711
f 1448/3628/1521 1369/3622/1708 1378/3625/1709
f 1369/3622/1708 1448/3628/1521 1384/3629/1518
f 1306/3623/1705 1321/3626/1710 1300/3630/1706
f 1326/3631/1704 1301/3632/1703 1321/3626/1710
f 1326/3631/1704 1321/3626/1710 1372/3627/1711
f 1372/3627/1711 1384/3629/1518 1326/3631/1704
f 1384/3629/1518 1372/3627/1711 1369/3622/1708
f 1321/3626/1710 1301/3632/1703 1300/3630/1706
f 1232/3438/1644 1278/3440/1646 1277/3633/1650
f 1344/3585/1697 1342/3587/1699 1339/3588/1514
f 1349/3634/1657 1350/3635/1659 1382/3636/1660
f 1349/3634/1657 1382/3636/1660 1422/3637/1540
f 1327/3638/1707 1349/3634/1657 1422/3637/1540
f 1447/3639/1680 1278/3640/1646 1327/3638/1707
f 1447/3639/1680 1327/3638/1707 1422/3637/1540
f 1382/3636/1660 1426/3641/1290 1422/3637/1540
f 1422/3637/1540 1426/3641/1290 1533/3642/1541
f 1559/3643/1396 1422/3637/1540 1564/3644/1393
f 1559/3643/1396 1545/3645/1685 1447/3639/1680
f 1422/3637/1540 1559/3643/1396 1447/3639/1680
f 1447/3639/1680 1545/3645/1685 1494/3646/1661
f 1465/3647/1712 1421/3648/1713 1425/3649/1714
f 1495/3650/1715 1421/3648/1713 1465/3647/1712
f 1425/3649/1714 1335/3651/1524 1428/3652/1716
f 1421/3648/1713 1335/3651/1524 1425/3649/1714
f 1335/3651/1524 1421/3648/1713 1378/3653/1709
f 1387/3654/1526 1428/3652/1716 1335/3651/1524
f 1348/3148/1527 1420/3136/1516 1389/3140/1520
f 1478/3655/1717 1387/3146/1526 1432/3142/1522
f 1425/3656/1714 1428/3657/1716 1513/3658/1718
f 1478/3659/1717 1428/3657/1716 1387/3660/1526
f 1428/3657/1716 1478/3659/1717 1513/3658/1718
f 1478/3659/1717 1481/3661/1519 1513/3658/1718
f 1465/3662/1712 1513/3658/1718 1495/3663/1715
f 1481/3661/1519 1495/3663/1715 1513/3658/1718
f 1495/3663/1715 1481/3661/1519 1448/3664/1521
f 1465/3647/1712 1425/3649/1714 1513/3665/1718
f 1420/3136/1516 1384/3138/1518 1389/3140/1520
f 1432/3142/1522 1481/3139/1519 1478/3655/1717
f 1378/3653/1709 1421/3648/1713 1448/3666/1521
f 1448/3666/1521 1421/3648/1713 1495/3650/1715
f 436/3667/186 379/3668/281 480/3669/340
l 252 253
l 246 247
