# Blender 5.1.2
# www.blender.org
o tripo_node_ed0e3b23-1b81-4a40-9563-84dfcf4a60be
v -0.331097 -0.156246 0.049489
v -0.329290 -0.135091 0.066845
v -0.310151 -0.176128 0.064367
v -0.305002 -0.139997 0.018943
v -0.272840 -0.122281 0.077436
v -0.303117 -0.316274 0.014743
v -0.304864 -0.304115 0.033933
v -0.302967 0.040580 0.187962
v -0.302340 -0.040963 0.175699
v -0.289287 -0.107355 0.053873
v -0.300764 0.020581 0.200774
v -0.300743 -0.137785 -0.002604
v -0.300465 -0.286090 -0.049626
v -0.299167 -0.163484 0.014713
v -0.294237 -0.255538 -0.041160
v -0.308151 -0.049653 0.158363
v -0.293542 0.045970 -0.021489
v -0.287752 -0.008131 0.155969
v -0.292131 0.022292 0.163783
v -0.293364 0.087439 0.195097
v -0.294143 0.016039 -0.003614
v -0.289641 0.056304 0.001808
v -0.273402 -0.264420 -0.077634
v -0.265755 0.060553 0.150123
v -0.276962 -0.180297 -0.006416
v -0.296540 -0.072530 0.055648
v -0.279277 -0.312526 -0.021401
v -0.282676 -0.338424 0.015604
v -0.277161 -0.281548 0.000968
v -0.288970 -0.361195 0.019562
v -0.248332 0.033547 0.221881
v -0.275345 -0.053948 0.126349
v -0.251757 -0.170178 0.046985
v -0.257203 0.066383 -0.007939
v -0.264243 0.093907 0.199405
v -0.260486 -0.294438 -0.072028
v -0.263504 -0.069049 0.099580
v -0.261194 -0.045074 0.194043
v -0.243540 -0.002125 0.209067
v -0.280826 -0.185880 -0.028583
v -0.253358 0.032107 -0.029128
v -0.271182 -0.368554 0.044643
v -0.273820 0.008540 -0.008030
v -0.254865 0.032820 0.032561
v -0.259373 -0.337421 0.056068
v -0.256212 -0.245498 -0.025515
v -0.257359 -0.369583 0.016324
v -0.240437 -0.052373 0.031716
v -0.266498 -0.034932 0.076874
v -0.271791 -0.311449 -0.117906
v -0.273335 0.103446 0.053545
v -0.274411 -0.002704 0.069219
v -0.268037 -0.158251 -0.027102
v -0.256199 -0.199979 -0.036738
v -0.266937 -0.250358 -0.111338
v -0.258626 -0.119591 0.003957
v -0.267712 -0.010932 -0.025521
v -0.267961 -0.353987 0.066049
v -0.269150 0.124904 0.002769
v -0.257155 -0.410513 0.069079
v -0.253530 -0.417783 0.051236
v -0.268453 0.075020 -0.048456
v -0.268720 -0.328290 0.105924
v -0.252524 0.009515 0.096568
v -0.251209 0.136582 0.062723
v -0.265599 -0.008009 0.233366
v -0.231243 -0.303792 0.079938
v -0.257005 -0.348761 0.139250
v -0.255538 -0.051662 0.239666
v -0.263997 0.119362 -0.042198
v -0.264095 -0.097125 -0.003843
v -0.236761 -0.106419 0.030744
v -0.245834 -0.233887 -0.082291
v -0.237203 -0.212650 -0.010998
v -0.255669 -0.002234 0.267642
v -0.262007 -0.134769 0.237135
v -0.253032 0.054981 -0.048003
v -0.251333 0.013476 0.055743
v -0.240225 0.131186 -0.071459
v -0.247750 0.149127 -0.049768
v -0.246070 -0.327740 -0.142240
v -0.259630 -0.202371 0.260042
v -0.224979 -0.345100 -0.120140
v -0.183230 -0.258723 0.007186
v -0.226766 -0.371511 0.082011
v -0.254803 -0.122359 0.268329
v -0.247271 0.095505 0.007849
v -0.238144 -0.290761 0.122125
v -0.239026 -0.254801 -0.138438
v -0.257304 0.036500 -0.061814
v -0.257630 -0.180209 0.277414
v -0.231966 0.069116 0.018528
v -0.233954 0.081330 0.057532
v -0.254073 -0.265892 -0.166482
v -0.241179 0.098469 -0.038354
v -0.238549 -0.016860 -0.002659
v -0.247188 -0.058161 0.224952
v -0.249260 0.030557 0.265660
v -0.234850 -0.024389 0.051303
v -0.249351 -0.298202 -0.155544
v -0.254056 -0.347330 -0.175393
v -0.242574 0.060894 -0.021071
v -0.252827 -0.305404 0.192027
v -0.249179 0.113562 0.134679
v -0.211771 0.061391 0.191452
v -0.225923 -0.236814 0.268319
v -0.244810 -0.095503 0.232635
v -0.236158 -0.186594 -0.063418
v -0.248187 -0.069082 0.272694
v -0.242667 0.143108 0.147784
v -0.241074 0.129429 0.182455
v -0.230889 -0.087636 0.014109
v -0.237204 -0.296654 0.212915
v -0.226677 0.160236 0.020244
v -0.243221 -0.379462 0.156871
v -0.239139 -0.099373 0.259106
v -0.212246 -0.101524 -0.014982
v -0.234975 -0.150387 -0.068579
v -0.238052 -0.195005 0.302206
v -0.250724 -0.198502 0.327896
v -0.248517 0.061354 -0.089808
v -0.232184 -0.125535 -0.013442
v -0.239766 0.080994 -0.054304
v -0.233503 0.049928 -0.071901
v -0.239033 -0.336284 0.169100
v -0.237575 -0.324953 0.203546
v -0.234729 0.106325 -0.010902
v -0.219843 0.022880 -0.069707
v -0.243772 0.127451 -0.015049
v -0.231979 -0.303515 -0.180905
v -0.233514 0.071520 0.141728
v -0.222558 0.012119 -0.038067
v -0.227095 -0.263427 0.137541
v -0.230639 0.049630 0.082621
v -0.228589 0.081761 -0.106058
v -0.240642 0.126823 -0.095682
v -0.218371 -0.367253 0.103149
v -0.228989 -0.242987 0.348936
v -0.238378 -0.044442 -0.009681
v -0.237139 -0.312232 -0.200117
v -0.225720 -0.161468 0.251072
v -0.221244 -0.393431 0.051293
v -0.210701 -0.251461 -0.181696
v -0.227433 0.100341 -0.094402
v -0.240003 -0.209368 0.391725
v -0.221367 -0.270105 0.194848
v -0.209989 0.121231 0.081757
v -0.235510 -0.286460 0.331824
v -0.218930 -0.068637 0.002561
v -0.221790 -0.120788 0.286879
v -0.236782 -0.273655 0.300848
v -0.233309 -0.250309 -0.164549
v -0.235842 -0.226161 0.149755
v -0.206895 0.027632 0.284209
v -0.225261 -0.366874 -0.183035
v -0.189656 -0.338580 -0.017100
v -0.222027 -0.224319 0.191921
v -0.210283 0.154209 -0.010872
v -0.224824 -0.269195 0.359967
v -0.230991 -0.220816 0.361745
v -0.231975 -0.285425 -0.226843
v -0.204763 0.075731 0.096135
v -0.204889 -0.173223 0.347857
v -0.233597 0.196016 0.025293
v -0.200094 -0.045760 0.267266
v -0.222084 -0.302956 -0.212811
v -0.232695 0.147444 0.233191
v -0.194738 0.151334 0.141136
v -0.231920 0.180278 -0.052887
v -0.202853 -0.021558 0.284871
v -0.203776 -0.069133 0.284832
v -0.215671 0.217551 0.024897
v -0.194700 -0.167599 0.370155
v -0.208853 -0.157193 0.060816
v -0.210057 0.156674 0.038403
v -0.206457 0.145241 -0.094011
v -0.226697 0.104044 0.237636
v -0.215689 -0.296568 0.314559
v -0.212315 -0.366092 -0.123472
v -0.212367 -0.204835 0.141715
v -0.217707 -0.300515 0.271685
v -0.204447 0.117725 0.110875
v -0.198060 -0.387775 0.032072
v -0.213314 0.153053 -0.051972
v -0.227951 -0.242749 -0.206327
v -0.193681 0.044108 0.223379
v -0.216310 0.198182 -0.024494
v -0.229529 0.245860 -0.102609
v -0.206692 0.061089 0.169227
v -0.227232 0.211572 -0.074640
v -0.216001 -0.398336 -0.146538
v -0.210084 -0.334814 -0.239849
v -0.213012 0.161128 0.220535
v -0.218674 0.194763 -0.062994
v -0.213571 -0.263479 -0.214242
v -0.206661 -0.090325 0.000178
v -0.195853 0.113097 -0.100245
v -0.184904 -0.370187 0.155160
v -0.189766 -0.213765 -0.174377
v -0.179152 -0.231924 -0.108463
v -0.191329 -0.359043 -0.201978
v -0.195543 0.119869 0.185534
v -0.196350 0.235639 -0.045476
v -0.188446 -0.243867 0.372723
v -0.195886 -0.150110 -0.054311
v -0.209749 -0.421890 -0.186352
v -0.217944 -0.030139 0.309506
v -0.197584 -0.055107 -0.021199
v -0.179487 -0.309496 0.206037
v -0.189425 0.091434 0.173638
v -0.215897 0.225336 -0.083904
v -0.217289 -0.139749 0.380876
v -0.194072 -0.407842 -0.208506
v -0.213741 0.050565 -0.046618
v -0.184985 -0.017943 -0.038174
v -0.206833 -0.131092 0.380146
v -0.197243 -0.284863 -0.243446
v -0.198944 0.144264 -0.068497
v -0.193312 -0.208106 0.412145
v -0.186491 0.015920 0.283471
v -0.203952 0.042039 -0.023707
v -0.201188 0.251798 -0.069696
v -0.190243 0.220124 0.013696
v -0.177315 -0.159782 0.215142
v -0.189768 -0.116991 0.181853
v -0.202574 -0.049358 0.353692
v -0.200812 -0.028581 0.355175
v -0.190694 0.090643 0.263642
v -0.185575 0.191499 -0.104992
v -0.206336 0.241019 -0.009839
v -0.205110 -0.116496 0.325458
v -0.203586 0.235313 -0.126898
v -0.144640 -0.261247 0.086287
v -0.203363 -0.077938 -0.031912
v -0.159662 -0.189756 0.043729
v -0.198642 0.000792 -0.050757
v -0.195373 -0.230113 -0.209325
v -0.193147 -0.209154 0.194581
v -0.203169 0.259950 -0.121526
v -0.187142 0.066500 -0.082203
v -0.201553 -0.088260 0.357395
v -0.210552 0.279548 -0.045986
v -0.208612 0.288392 -0.129670
v -0.176351 -0.119753 -0.025373
v -0.173893 -0.248582 0.240989
v -0.180388 -0.037811 -0.047514
v -0.211029 0.208819 0.264216
v -0.200652 -0.117546 0.351680
v -0.185049 -0.080518 0.329894
v -0.161482 -0.358064 -0.115158
v -0.191071 -0.285993 -0.265758
v -0.206412 -0.226514 -0.282146
v -0.182479 0.269357 -0.158184
v -0.194652 0.303187 -0.049212
v -0.185161 -0.163081 0.305033
v -0.196411 0.226215 -0.146992
v -0.200618 -0.352110 -0.261915
v -0.192553 -0.224083 -0.255530
v -0.191399 -0.424321 -0.130143
v -0.195853 0.236262 0.269919
v -0.191278 0.196641 -0.133073
v -0.196476 0.072601 0.202892
v -0.199835 -0.282357 -0.297082
v -0.184952 -0.309382 0.287148
v -0.186840 0.253509 -0.029145
v -0.185236 -0.262645 0.191127
v -0.182780 -0.247943 -0.303461
v -0.188491 -0.315098 -0.255070
v -0.173291 -0.286972 0.316183
v -0.182223 0.158804 0.242436
v -0.199855 -0.220789 -0.226591
v -0.186854 -0.274715 0.357727
v -0.194308 0.104808 -0.069316
v -0.185647 0.240218 0.023270
v -0.171126 -0.423343 -0.174779
v -0.181160 -0.388701 0.014535
v -0.173904 0.154503 0.109479
v -0.131150 0.146074 0.055837
v -0.169236 -0.244801 0.139332
v -0.173542 0.279795 -0.093443
v -0.173106 -0.036565 0.350954
v -0.189112 -0.468073 -0.122837
v -0.185347 0.126375 -0.074452
v -0.185055 0.184781 0.260095
v -0.159144 -0.395816 -0.221275
v -0.153726 0.297772 -0.083066
v -0.185584 -0.468608 -0.157486
v -0.171860 0.122273 0.288696
v -0.153319 -0.013160 0.292775
v -0.174925 0.041153 0.276994
v -0.167587 0.170085 0.290568
v -0.182946 0.297462 -0.131305
v -0.174310 -0.334234 -0.278253
v -0.171360 -0.320976 0.236912
v -0.173775 0.281053 -0.022714
v -0.178633 -0.193066 -0.233419
v -0.160272 -0.298867 -0.279512
v -0.162121 0.205398 0.190835
v -0.190672 -0.164956 -0.214970
v -0.148669 0.139749 0.183345
v -0.180424 -0.424097 0.063245
v -0.181821 -0.459063 0.027682
v -0.167914 -0.084151 -0.042339
v -0.156039 -0.113555 0.351565
v -0.186540 0.346345 -0.078504
v -0.167257 -0.461993 0.044846
v -0.155403 -0.373427 0.087039
v -0.171822 -0.361266 -0.247598
v -0.155931 -0.057450 -0.042912
v -0.183745 -0.226332 -0.331605
v -0.164900 -0.392272 0.057320
v -0.160514 0.220622 0.293404
v -0.172089 0.349719 -0.089212
v -0.164424 -0.423443 -0.016359
v -0.169938 -0.375962 0.172411
v -0.169954 -0.257620 -0.311646
v -0.165761 -0.295358 0.359665
v -0.135198 -0.292979 0.314985
v -0.160234 0.223304 0.241147
v -0.180516 -0.195291 -0.299398
v -0.160337 0.130903 0.207791
v -0.151650 0.164431 -0.096657
v -0.163998 0.238164 0.272523
v -0.170751 -0.352020 0.292681
v -0.158957 -0.185756 -0.192196
v -0.155604 -0.173207 -0.260376
v -0.181205 0.397093 -0.059166
v -0.128333 -0.366160 -0.048140
v -0.162801 -0.211555 0.385684
v -0.160767 -0.367684 0.211727
v -0.151121 0.220248 -0.147031
v -0.169882 0.319538 -0.052759
v -0.168300 -0.075360 -0.057274
v -0.158622 0.240444 -0.005796
v -0.173168 -0.217277 -0.282171
v -0.162151 -0.138523 -0.050963
v -0.153377 0.265575 -0.184358
v -0.160317 -0.107108 -0.066991
v -0.156946 -0.351011 0.254147
v -0.174093 0.346645 0.004874
v -0.120153 0.290278 -0.117980
v -0.117443 -0.194981 -0.066299
v -0.150379 -0.251938 0.146357
v -0.155010 -0.206186 -0.308298
v -0.167371 0.365326 -0.078945
v -0.169778 -0.113311 -0.279386
v -0.170189 -0.109843 -0.307849
v -0.157609 -0.233885 -0.124245
v -0.169563 0.284825 0.002825
v -0.150253 -0.087715 0.340656
v -0.152397 0.015546 0.300695
v -0.149348 0.415788 -0.049113
v -0.159933 0.403717 -0.026145
v -0.162985 -0.414509 0.196759
v -0.150711 -0.088819 -0.289682
v -0.136610 -0.463731 -0.164760
v -0.164567 0.343788 -0.036208
v -0.160720 -0.179176 -0.297052
v -0.155075 -0.208156 -0.326222
v -0.149747 -0.143250 0.387917
v -0.144035 -0.178304 0.361939
v -0.148959 -0.357539 0.292673
v -0.166185 0.413857 -0.001275
v -0.135659 -0.452366 0.005328
v -0.164223 -0.153883 -0.315059
v -0.141006 0.307362 -0.003489
v -0.126009 0.236295 0.203864
v -0.135342 0.253694 0.011243
v -0.150762 -0.313998 -0.326511
v -0.152934 -0.136539 -0.272820
v -0.142608 -0.029112 0.365053
v -0.161901 0.235347 0.317210
v -0.155007 0.374072 0.000960
v -0.155723 -0.135452 -0.306442
v -0.095081 -0.005923 -0.037595
v -0.145944 -0.196643 0.182384
v -0.118842 -0.458132 -0.117373
v -0.137485 -0.160972 -0.216425
v -0.148168 -0.278725 0.194193
v -0.140317 -0.307526 0.300011
v -0.130291 -0.367904 0.225302
v -0.137109 0.244566 0.249531
v -0.140401 0.401213 -0.078864
v -0.152690 0.237523 0.216358
v -0.130108 0.216020 0.008080
v -0.126987 -0.115109 -0.318367
v -0.157905 0.254657 -0.306574
v -0.135186 -0.233508 -0.337421
v -0.121368 -0.388687 0.097444
v -0.104746 -0.226570 0.346208
v -0.134995 -0.282647 0.358831
v -0.142153 -0.078243 -0.045157
v -0.154962 0.240957 -0.296691
v -0.111453 -0.051230 -0.058966
v -0.142876 0.144596 0.319427
v -0.128470 0.179155 0.224644
v -0.132881 0.277029 0.287570
v -0.124622 -0.155040 -0.329416
v -0.140526 -0.418925 0.176825
v -0.080034 -0.172215 -0.043307
v -0.151367 0.351484 0.066711
v -0.118185 -0.461514 -0.051978
v -0.083775 0.150198 0.095632
v -0.136664 0.251345 -0.346278
v -0.145999 0.324335 0.074743
v -0.119703 0.308656 0.008272
v -0.150670 0.273914 -0.212697
v -0.124608 0.088059 0.285308
v -0.122608 -0.395421 0.213815
v -0.122092 -0.209944 0.382949
v -0.123263 0.256533 0.333804
v -0.123274 -0.258701 -0.320592
v -0.123912 -0.344103 -0.331550
v -0.133129 0.174879 0.307134
v -0.144359 0.349088 0.114776
v -0.121891 0.224489 0.345002
v -0.116178 -0.353593 -0.246969
v -0.131600 -0.199441 -0.338383
v -0.094017 0.042163 0.286047
v -0.109834 -0.409811 0.055179
v -0.133503 0.422368 -0.005087
v -0.126706 -0.129346 -0.257448
v -0.115612 -0.094159 -0.046574
v -0.136302 -0.329307 0.250213
v -0.113054 0.143727 0.308422
v -0.137626 0.216432 -0.307261
v -0.138288 -0.281884 -0.290562
v -0.088544 -0.383109 -0.196657
v -0.135300 -0.446865 0.125089
v -0.127762 -0.133626 -0.036803
v -0.130985 0.258960 -0.309362
v -0.104239 -0.413467 -0.090994
v -0.139468 0.189219 -0.323245
v -0.120086 0.377867 0.091612
v -0.131240 -0.443851 0.154420
v -0.098334 -0.108726 0.310095
v -0.120708 -0.285068 -0.324482
v -0.127715 0.268683 -0.343255
v -0.136146 0.255992 -0.282420
v -0.087561 0.177683 0.147855
v -0.092713 0.310603 -0.090147
v -0.136030 0.172271 0.336863
v -0.114754 -0.105946 -0.280875
v -0.137329 0.405370 0.008880
v -0.126532 -0.077450 -0.062335
v -0.124007 -0.472691 -0.017601
v -0.127529 0.292179 -0.300762
v -0.127945 0.201017 0.323376
v -0.107050 0.297060 -0.252596
v -0.121222 0.241439 -0.303168
v -0.119806 0.188138 -0.326680
v -0.112273 -0.154331 0.357629
v -0.096319 -0.035366 0.366873
v -0.098544 0.300475 0.100768
v -0.127764 -0.118155 -0.345966
v -0.130844 -0.062096 -0.404215
v -0.124627 -0.069691 -0.424266
v -0.096921 0.219004 -0.160336
v -0.108286 -0.470686 -0.139873
v -0.117249 -0.104308 -0.409535
v -0.122059 0.248889 0.067299
v -0.126272 0.191917 -0.309074
v -0.130235 0.266325 0.129648
v -0.120792 0.282774 0.032585
v -0.111784 -0.318421 0.386543
v -0.081676 -0.327638 0.294879
v -0.122953 -0.116795 -0.385151
v -0.116477 0.224816 -0.326613
v -0.116209 -0.168401 -0.365663
v -0.091194 -0.334534 0.230777
v -0.105352 0.345830 0.124483
v -0.116054 -0.322619 -0.358686
v -0.038541 0.033458 -0.037318
v -0.109141 -0.047043 0.356200
v -0.126509 -0.065578 -0.339571
v -0.108954 0.172431 0.329664
v -0.106648 0.239106 -0.296051
v -0.108639 -0.293144 0.387882
v -0.115098 -0.148214 -0.397002
v -0.110432 -0.094056 -0.334412
v -0.108122 -0.047468 -0.385918
v -0.120963 0.141400 -0.300661
v -0.117981 0.220675 -0.306924
v -0.107964 0.257925 -0.337617
v -0.097973 0.395283 0.071725
v -0.103711 -0.382615 -0.349128
v -0.120988 -0.203244 0.432155
v -0.113694 -0.072087 -0.357110
v -0.084662 0.211133 0.237977
v -0.099908 -0.471890 0.136376
v -0.114869 -0.045849 -0.315970
v -0.098593 -0.415562 0.184722
v -0.102327 -0.051017 -0.339031
v -0.109845 0.183468 -0.284723
v -0.119093 -0.205576 0.400420
v -0.092978 -0.324070 0.353650
v -0.077712 0.131971 0.295412
v -0.090936 0.166589 -0.129968
v -0.099456 0.193936 -0.307954
v -0.110366 0.194771 0.371909
v -0.078591 -0.014154 0.298376
v -0.096295 -0.398058 0.257175
v -0.097350 -0.068145 -0.304550
v -0.093547 0.064065 0.302436
v -0.097373 0.158592 -0.293870
v -0.043471 0.317346 0.017408
v -0.087612 -0.450163 0.000224
v -0.091589 -0.394023 -0.319009
v -0.101883 -0.235764 0.434277
v -0.117467 0.135078 -0.276785
v -0.098904 0.200224 -0.295361
v -0.102181 0.264514 -0.308170
v -0.065832 0.252972 0.287183
v -0.095675 0.427986 0.076519
v -0.111181 -0.021090 -0.378707
v -0.100340 0.293621 0.113265
v -0.098278 0.225684 -0.268310
v -0.106513 0.418054 0.138165
v -0.085457 0.318163 0.014948
v -0.092824 -0.029699 -0.055090
v -0.068610 -0.166390 -0.101425
v -0.102295 0.232262 -0.225945
v -0.110839 0.140371 -0.250226
v -0.084655 -0.119425 -0.044240
v -0.102203 0.252997 -0.328016
v -0.088713 0.209785 -0.324004
v -0.088251 -0.193403 0.446915
v -0.085973 0.253737 0.145222
v -0.094129 0.359374 0.137223
v -0.087397 -0.114744 -0.415658
v -0.060629 -0.446530 0.030286
v -0.075183 0.328928 -0.002210
v -0.083953 -0.128240 -0.393781
v -0.081989 -0.051930 -0.399911
v -0.075035 0.280954 -0.291509
v -0.071281 -0.366659 0.339942
v -0.089507 0.429067 0.100660
v -0.077354 -0.401299 0.223713
v -0.066555 -0.331078 0.262802
v -0.070686 -0.081274 -0.418013
v -0.086693 0.206403 0.125073
v -0.084281 -0.009972 -0.394052
v -0.064660 0.214276 -0.202264
v -0.086977 0.140201 -0.280814
v -0.077889 -0.239882 0.397694
v -0.053272 -0.276923 -0.314745
v -0.085213 0.383762 0.131610
v -0.062248 -0.096731 0.329017
v -0.087855 0.131227 0.372141
v -0.094525 0.142050 -0.303187
v -0.095702 0.173271 -0.311171
v -0.074510 -0.237383 0.354008
v -0.068572 -0.354060 0.235653
v -0.089997 0.162243 -0.260143
v -0.063069 0.335678 -0.043975
v -0.087271 -0.201814 0.463726
v -0.054494 0.146637 0.387444
v -0.056263 0.211754 0.366881
v -0.077920 -0.464573 -0.147417
v -0.086938 -0.420648 0.207644
v -0.056699 0.246587 0.330607
v -0.052907 -0.045613 -0.269328
v -0.071959 -0.047119 -0.307525
v -0.082808 -0.043957 -0.073530
v -0.034527 -0.146199 -0.359306
v -0.081183 0.425018 0.142138
v -0.053156 -0.396418 -0.245416
v -0.075812 -0.467585 0.062736
v -0.068117 0.137892 -0.239356
v -0.088081 0.172787 -0.174914
v -0.052441 0.269970 -0.228910
v -0.046723 0.117837 -0.083370
v -0.056133 -0.036047 0.369461
v -0.056059 -0.430427 0.166856
v -0.036844 -0.314754 -0.363996
v -0.088222 -0.419102 -0.329896
v -0.048955 -0.196500 -0.341866
v -0.069170 0.268737 0.140496
v -0.078945 0.266258 -0.359391
v -0.070374 0.150710 0.319727
v -0.073413 0.141430 -0.337361
v -0.062945 0.194594 0.179959
v -0.070573 0.126943 -0.278334
v -0.003066 -0.465008 -0.038969
v -0.064920 0.176415 -0.322222
v -0.066644 -0.074382 -0.060163
v -0.074956 0.245930 0.200984
v -0.024392 -0.469645 -0.152636
v -0.072812 0.299076 0.178696
v -0.066539 -0.439562 -0.325369
v -0.083463 -0.452803 -0.299953
v -0.063255 0.211250 -0.361058
v -0.062433 -0.114445 -0.159620
v -0.066488 0.280475 -0.123265
v -0.062985 -0.367751 -0.346834
v -0.068694 -0.120706 0.329686
v -0.061479 0.417177 0.103238
v -0.028813 -0.466126 0.112929
v -0.073053 0.160289 -0.228677
v -0.059105 -0.111966 -0.077977
v -0.046425 -0.465260 -0.313171
v -0.061103 0.318810 -0.064384
v -0.043189 -0.084879 -0.192223
v -0.055130 0.140295 -0.301772
v -0.073452 -0.138355 -0.084386
v -0.059719 -0.031979 -0.352352
v -0.052823 0.128568 0.360582
v -0.059474 0.176463 -0.187294
v -0.057210 0.201148 -0.328992
v -0.047491 0.145438 -0.144497
v -0.067292 -0.132261 -0.064665
v -0.029754 0.265871 0.117364
v -0.049884 0.323512 -0.028969
v -0.052847 -0.457405 -0.258352
v -0.050799 -0.047574 -0.049068
v -0.066347 0.239156 -0.352492
v -0.055873 -0.469473 -0.202453
v -0.062987 0.140039 -0.260967
v -0.031828 -0.305730 0.362122
v -0.028737 -0.132407 -0.126392
v -0.044851 -0.150758 -0.101492
v -0.051546 -0.218742 0.441592
v -0.034302 0.090757 0.279302
v -0.032681 0.388862 0.083480
v -0.027487 0.317358 0.088871
v -0.038656 -0.407999 -0.348771
v -0.035586 0.151939 0.282669
v -0.034015 -0.012326 0.276590
v -0.049452 0.284379 -0.274426
v -0.059560 0.335143 -0.201318
v -0.054145 0.288390 -0.187399
v -0.036912 0.175850 0.204567
v -0.041527 -0.216607 0.344167
v -0.049143 0.400502 0.097214
v -0.034990 -0.341468 0.349066
v -0.047368 -0.184005 0.419452
v -0.030642 0.134579 -0.277774
v -0.042183 -0.077941 -0.415959
v -0.033671 -0.422547 -0.324864
v -0.036369 0.262694 -0.325886
v -0.046171 0.356277 -0.177680
v -0.037911 0.012597 -0.266699
v -0.043053 -0.198095 0.418296
v -0.035921 0.203316 0.256348
v -0.037828 -0.107087 -0.418180
v -0.037680 0.284856 -0.099217
v -0.026000 -0.345087 0.219803
v -0.014286 0.139368 -0.220494
v -0.034569 0.169120 0.349600
v -0.029754 0.230098 0.194175
v -0.049709 0.318388 -0.150117
v -0.032421 -0.025795 0.334161
v -0.010737 -0.340664 0.328116
v -0.046568 -0.440643 0.134084
v -0.039081 -0.363072 -0.346189
v -0.032101 -0.320947 0.303675
v -0.038980 0.202716 0.328043
v -0.036460 -0.159846 0.354908
v -0.033719 -0.038520 -0.350548
v -0.029824 -0.046734 0.344230
v -0.035814 -0.060371 -0.373222
v -0.051244 0.358862 -0.060785
v -0.029058 -0.319737 0.252687
v -0.030594 0.233002 -0.325882
v -0.026922 -0.103146 0.294178
v -0.033071 -0.259167 0.340099
v -0.041742 -0.061762 -0.172832
v -0.046282 -0.032102 -0.184625
v -0.029775 0.278622 0.201755
v -0.031063 0.378752 0.116333
v -0.037883 -0.046596 -0.212307
v -0.028865 -0.382861 0.225806
v -0.033061 0.216925 -0.304999
v -0.013421 -0.101240 -0.168908
v -0.032116 0.232142 0.278869
v -0.043038 0.445444 -0.053999
v -0.024286 0.312140 0.182623
v -0.026093 -0.402680 0.188672
v -0.024897 -0.459347 -0.265464
v -0.026173 0.002602 -0.289694
v -0.029012 -0.032938 -0.160211
v -0.039642 0.398472 -0.060874
v -0.012889 0.407410 -0.110667
v -0.015888 -0.272922 -0.290965
v -0.019862 -0.202500 -0.311696
v -0.016875 0.444161 -0.124739
v -0.025726 0.148192 -0.291801
v 0.000884 -0.471047 -0.246051
v -0.011865 -0.153089 0.459318
v -0.024983 -0.207382 0.390494
v -0.026805 -0.058409 -0.452403
v -0.026444 0.340232 -0.206641
v -0.008051 0.285513 -0.320606
v 0.001908 -0.481501 0.160811
v -0.010640 0.318262 -0.231423
v -0.017751 -0.117684 -0.458781
v 0.003597 0.360462 -0.108495
v -0.008687 -0.374728 -0.305002
v -0.018043 -0.039655 -0.430455
v -0.000943 0.475275 -0.066127
v -0.030381 0.358222 0.162776
v 0.000507 -0.002259 -0.168604
v -0.018101 0.256583 0.369896
v -0.020941 -0.314065 -0.327626
v -0.019785 0.133542 0.377077
v 0.001549 -0.028395 -0.076195
v -0.023877 0.273705 -0.375576
v -0.012171 0.339139 -0.283441
v 0.006344 -0.321441 0.392660
v 0.000386 0.396811 -0.023124
v 0.003900 0.313393 -0.314713
v -0.012635 0.273491 0.305712
v -0.006221 0.365058 0.190726
v -0.015969 -0.007528 -0.384165
v 0.001706 0.341518 -0.124639
v -0.012771 0.287115 0.277131
v 0.000973 0.089763 -0.115324
v 0.005166 0.360794 0.003736
v -0.013617 0.402810 0.166684
v 0.013221 0.136465 -0.220558
v -0.015911 0.022193 -0.271034
v 0.004079 -0.029650 -0.210255
v 0.059910 -0.474242 0.066261
v 0.001835 -0.145831 -0.393097
v -0.002282 -0.188597 0.462196
v 0.001976 0.420171 0.116330
v -0.001126 -0.410837 -0.285251
v 0.001927 0.138208 0.396953
v -0.011104 -0.073158 -0.150085
v -0.002992 0.226047 0.311843
v 0.001238 0.139854 0.324409
v 0.000362 0.114724 -0.282402
v -0.002316 -0.460767 -0.174571
v 0.005873 0.456046 -0.091111
v -0.007283 0.177149 -0.316764
v 0.002642 0.354236 0.031169
v 0.003494 -0.009260 0.357784
v 0.001506 0.212654 -0.365753
v -0.016239 0.147658 -0.338072
v 0.002283 -0.435909 0.194621
v -0.001858 0.242131 0.225778
v 0.001081 0.274786 0.239185
v 0.002968 -0.143834 0.370080
v 0.006642 0.123555 -0.167394
v 0.000659 0.302886 0.129380
v 0.001993 0.376871 -0.189969
v 0.001757 -0.352197 -0.297089
v -0.014732 0.431642 0.155445
v 0.009594 -0.210872 0.408948
v 0.000449 0.318629 0.231813
v 0.004874 -0.077450 -0.073973
v -0.016890 0.376249 -0.225226
v -0.000434 -0.236827 0.394638
v 0.000052 -0.240561 0.361993
v 0.000209 0.206867 -0.321717
v 0.003850 0.425557 0.082809
v 0.004073 -0.038609 0.366618
v 0.001264 -0.006866 0.286883
v 0.000352 0.037890 -0.073538
v -0.000487 0.296205 0.224321
v 0.002230 -0.404306 0.242641
v -0.000439 0.334970 0.110813
v -0.003799 -0.084901 0.311691
v 0.001988 0.292165 -0.385449
v 0.001316 -0.409756 0.207294
v 0.002839 -0.025407 -0.406084
v 0.002712 0.043860 -0.288079
v 0.013843 -0.316995 -0.319278
v -0.000620 0.101387 0.298664
v 0.022309 0.059802 0.275062
v 0.002451 0.429105 0.172803
v 0.003080 -0.000679 -0.188741
v 0.004709 -0.128717 -0.454765
v 0.011873 0.457054 -0.030947
v 0.003828 -0.043861 -0.291227
v 0.003806 -0.334793 0.255547
v 0.004949 0.383982 -0.241206
v 0.007716 0.011766 -0.304041
v 0.009705 0.395981 -0.214892
v 0.006384 -0.356530 0.239581
v 0.011636 -0.023578 -0.425672
v 0.007083 0.132854 -0.303825
v 0.008260 0.341091 0.169721
v 0.017889 -0.067757 -0.159523
v 0.013395 0.334276 0.202092
v 0.017314 0.372261 0.188113
v 0.028163 -0.179258 -0.337293
v 0.012930 0.435827 0.151295
v 0.011156 0.319305 -0.234939
v 0.017735 0.257671 0.360853
v 0.011999 0.249515 0.380537
v 0.019011 -0.054809 -0.459201
v 0.028027 0.016913 -0.259767
v 0.007668 0.122598 0.369638
v 0.014462 0.146428 -0.336871
v 0.009793 0.342538 -0.226225
v 0.010975 0.345359 0.120197
v 0.014875 0.340136 -0.287658
v 0.016847 0.278531 0.302950
v 0.026661 -0.029198 -0.162721
v 0.016849 -0.105650 -0.168113
v 0.014649 -0.125382 -0.129448
v 0.014276 -0.147381 0.456264
v 0.021890 -0.274132 -0.296497
v 0.018381 0.287690 0.282283
v 0.027879 -0.114145 -0.452542
v 0.032710 -0.058175 -0.440416
v 0.018189 -0.006758 -0.385974
v 0.016241 -0.374785 -0.320046
v 0.012488 0.235423 0.238138
v 0.010566 0.239759 0.216043
v 0.030976 -0.464969 0.125682
v 0.026815 0.442451 -0.122025
v 0.027124 -0.086425 0.306378
v 0.018671 -0.336169 0.327879
v 0.063643 -0.473701 -0.154946
v 0.023171 -0.170416 0.459829
v 0.027328 0.271191 -0.313832
v 0.041282 0.206054 0.330881
v 0.031680 -0.042165 0.345308
v 0.036815 0.236813 -0.326080
v 0.037928 0.237299 0.281578
v 0.026102 0.275076 -0.368863
v 0.036247 -0.464990 -0.270098
v 0.063022 -0.447295 0.029950
v 0.044249 0.224100 0.293937
v 0.030917 -0.344960 0.222580
v 0.028637 0.376210 0.112794
v 0.053420 -0.046075 -0.269256
v 0.031371 -0.334341 0.352378
v 0.033105 0.304128 0.182995
v 0.048433 0.387768 -0.071655
v 0.028668 0.354334 -0.200609
v 0.042346 -0.025765 -0.184544
v 0.053471 0.141554 -0.116637
v 0.033544 0.266092 0.120392
v 0.032023 -0.384315 0.225780
v 0.030659 0.313595 0.095064
v 0.025118 0.313259 -0.109322
v 0.038757 -0.013078 0.279570
v 0.034169 -0.224121 -0.301659
v 0.041452 -0.312574 0.281304
v 0.037958 0.210191 -0.306098
v 0.063969 -0.053251 -0.287305
v 0.029005 -0.414597 0.190427
v 0.046450 0.445754 -0.060742
v 0.031759 0.272221 0.203673
v 0.034279 -0.258663 0.337077
v 0.044756 0.048612 -0.036519
v 0.037575 -0.214334 0.347849
v 0.104256 -0.475447 -0.033672
v 0.041966 -0.194562 0.420090
v 0.034672 0.133420 -0.283108
v 0.030760 -0.061605 -0.381219
v 0.030282 0.158305 -0.298510
v 0.035428 0.388119 0.087329
v 0.031243 0.167395 0.332079
v 0.045855 -0.405445 -0.352677
v 0.029228 -0.023938 0.332810
v 0.042701 0.327054 -0.023313
v 0.041298 0.332303 0.032714
v 0.035472 0.255227 -0.327988
v 0.047448 -0.033192 -0.052083
v 0.036585 0.181319 0.203025
v 0.042088 -0.147090 0.333445
v 0.035884 -0.301822 0.362805
v 0.046019 -0.138553 -0.365853
v 0.038717 -0.077432 -0.060700
v 0.045790 -0.459732 -0.317427
v 0.045383 -0.074877 -0.178003
v 0.036558 -0.037622 -0.350743
v 0.057114 0.282272 -0.276616
v 0.042684 -0.173185 0.395390
v 0.037992 -0.316544 -0.368399
v 0.043822 0.007601 -0.281497
v 0.039537 0.151635 0.287526
v 0.064561 0.317337 -0.064440
v 0.033977 0.145849 0.369705
v 0.040663 -0.352071 -0.345598
v 0.060526 -0.436825 0.148283
v 0.038079 -0.423854 -0.325967
v 0.063078 0.176716 -0.188782
v 0.039965 -0.107579 -0.419877
v 0.061210 -0.121014 -0.079350
v 0.055256 -0.282815 -0.315329
v 0.036844 0.186520 0.357715
v 0.061569 -0.361689 0.347136
v 0.043429 0.278591 -0.231576
v 0.040829 -0.071942 -0.419294
v 0.049567 0.183235 0.234158
v 0.042373 0.360362 0.131681
v 0.059112 -0.096572 -0.190569
v 0.043700 -0.044322 -0.209865
v 0.043325 -0.039155 0.367631
v 0.062032 0.348421 -0.196710
v 0.055602 0.145096 -0.303619
v 0.040440 -0.140778 -0.105945
v 0.056983 0.120027 0.366173
v 0.068901 0.324937 -0.002174
v 0.043772 -0.158540 -0.097368
v 0.062604 0.150464 0.325313
v 0.093049 0.381126 0.131669
v 0.058111 0.212556 0.367587
v 0.053055 0.294934 -0.102804
v 0.062194 0.210118 0.182455
v 0.050773 0.318684 -0.143020
v 0.086455 0.133738 -0.232051
v 0.072308 0.046081 0.283201
v 0.057115 -0.227415 -0.324251
v 0.070821 -0.351724 0.235208
v 0.055224 0.353617 -0.054465
v 0.053001 -0.456470 -0.248106
v 0.067625 0.190153 0.184579
v 0.075713 0.243875 0.194966
v 0.072794 0.268135 0.141092
v 0.074012 0.174741 -0.333019
v 0.114514 -0.298388 0.392434
v 0.065877 -0.081684 -0.419309
v 0.069804 -0.391263 0.234603
v 0.058002 -0.038682 -0.358609
v 0.059266 -0.373121 -0.347148
v 0.069560 -0.061741 -0.066817
v 0.077297 -0.106298 -0.411791
v 0.080080 -0.031716 -0.339815
v 0.054027 -0.211449 0.442549
v 0.051981 0.288212 -0.200614
v 0.080522 0.136154 -0.257224
v 0.060531 0.399558 0.100314
v 0.061633 0.206514 -0.357151
v 0.075017 0.158812 -0.226762
v 0.080264 -0.335021 0.307040
v 0.075071 -0.243664 0.422991
v 0.098768 0.139774 0.302919
v 0.074463 0.128732 -0.279782
v 0.057216 0.245041 0.329828
v 0.067359 -0.091529 0.330769
v 0.066104 -0.135567 -0.092743
v 0.072810 -0.369328 0.334644
v 0.064254 -0.164746 -0.096524
v 0.052569 -0.397153 -0.244946
v 0.071783 0.197226 -0.334496
v 0.081614 -0.453631 -0.295199
v 0.068331 -0.329656 0.264166
v 0.066861 0.276927 -0.111155
v 0.077214 -0.042387 -0.037889
v 0.106299 0.410766 0.077317
v 0.097873 0.064410 0.302820
v 0.081251 -0.300463 0.373310
v 0.079765 0.303493 0.178091
v 0.079792 -0.010172 0.295764
v 0.102292 -0.320746 -0.361329
v 0.092950 -0.035156 0.366435
v 0.078441 0.166131 0.386926
v 0.069835 0.280139 -0.203459
v 0.063811 0.267745 -0.355131
v 0.078350 0.137542 -0.331998
v 0.077191 -0.239985 0.358005
v 0.074355 -0.324459 -0.356550
v 0.074673 -0.121499 0.334825
v 0.094830 0.109695 0.289652
v 0.104567 -0.463056 0.144202
v 0.079112 0.349572 -0.042868
v 0.076749 -0.191215 0.438437
v 0.111461 -0.350233 -0.341094
v 0.065554 0.211762 -0.204327
v 0.079868 -0.426449 0.202993
v 0.078738 -0.424466 -0.171743
v 0.087010 -0.421487 -0.328506
v 0.079084 0.228848 -0.352384
v 0.092186 0.134172 0.365771
v 0.084907 0.424842 0.129665
v 0.082203 -0.226454 0.448294
v 0.101578 0.300495 0.108957
v 0.088400 -0.012715 -0.394225
v 0.082760 0.431558 0.086377
v 0.095423 -0.368610 -0.214237
v 0.089459 0.327704 0.114092
v 0.097925 -0.047072 -0.400632
v 0.090817 0.172949 -0.175231
v 0.101190 0.262667 0.284216
v 0.106056 -0.078780 -0.306071
v 0.100070 -0.322933 0.353202
v 0.094262 0.255706 -0.354308
v 0.095825 0.311506 0.012718
v 0.124020 0.254946 0.332141
v 0.080535 -0.177365 -0.040638
v 0.086696 0.179900 0.155263
v 0.096313 -0.097108 -0.048516
v 0.086124 -0.096185 0.308999
v 0.090929 -0.420238 0.179578
v 0.083670 0.171832 -0.323526
v 0.099207 0.157268 0.322534
v 0.092770 -0.395267 -0.318449
v 0.087852 0.248827 0.144544
v 0.097462 -0.421152 0.034344
v 0.080221 -0.178419 -0.077310
v 0.119658 -0.468860 0.124236
v 0.124502 -0.282661 -0.312782
v 0.102657 0.260781 -0.318184
v 0.108675 0.377310 -0.009064
v 0.099901 0.223625 0.243169
v 0.095621 0.361498 0.141593
v 0.101333 0.172034 -0.121863
v 0.104105 -0.469364 -0.136352
v 0.124382 -0.148251 -0.395706
v 0.099399 -0.387323 0.254693
v 0.097098 -0.030530 -0.044803
v 0.086378 0.164035 -0.255774
v 0.113324 -0.124493 -0.031132
v 0.103370 0.298314 -0.243873
v 0.094087 -0.056617 -0.079027
v 0.105595 0.224834 -0.231452
v 0.106749 -0.398885 0.082151
v 0.093414 -0.335553 0.230460
v 0.094432 0.205248 -0.323798
v 0.126880 0.299570 -0.296308
v 0.121734 -0.299974 0.303489
v 0.112091 0.290403 -0.104835
v 0.117978 0.223772 0.349964
v 0.098060 0.321019 -0.083323
v 0.117439 0.184707 -0.325643
v 0.210047 0.004075 -0.023982
v 0.099170 0.145073 0.086272
v 0.091102 0.186435 0.099930
v 0.119669 -0.170764 -0.365332
v 0.106814 -0.402599 0.246790
v 0.101989 -0.115202 0.311770
v 0.111693 -0.373650 -0.344866
v 0.112697 -0.357647 -0.298821
v 0.107497 -0.015505 -0.372044
v 0.094951 0.164299 -0.292795
v 0.111659 0.418537 0.140457
v 0.117628 -0.104571 -0.277968
v 0.120094 -0.133311 -0.241863
v 0.124352 -0.059578 -0.325919
v 0.101867 0.151356 -0.310734
v 0.097519 -0.397658 0.203971
v 0.116617 -0.060751 0.350442
v 0.092752 0.218964 -0.284067
v 0.132618 0.268363 0.133023
v 0.109022 -0.215099 0.435805
v 0.158606 -0.334322 -0.285633
v 0.121662 0.375395 0.083838
v 0.121700 0.059218 0.286049
v 0.113689 -0.320015 0.383807
v 0.119479 -0.153913 0.360959
v 0.123275 0.396305 -0.040684
v 0.099553 0.170060 -0.302922
v 0.102652 0.236154 -0.315092
v 0.122006 -0.123064 -0.391729
v 0.112348 -0.064535 -0.350290
v 0.145875 -0.014607 0.290935
v 0.114773 -0.032069 0.346851
v 0.120265 0.150941 -0.294828
v 0.125136 0.246303 0.212523
v 0.131297 -0.361110 0.226493
v 0.123113 -0.115445 -0.420218
v 0.152303 0.410594 -0.071402
v 0.108914 0.183301 -0.285857
v 0.114907 0.197424 0.366299
v 0.131118 -0.473828 -0.020392
v 0.107616 -0.227052 0.347185
v 0.118509 -0.064856 -0.055941
v 0.117355 0.354521 0.120169
v 0.136077 -0.063960 -0.411244
v 0.123315 -0.202621 0.387698
v 0.117830 0.228781 -0.152953
v 0.124277 -0.461200 -0.121702
v 0.136848 -0.282563 0.358547
v 0.102889 0.284274 0.072172
v 0.146863 -0.219691 -0.116506
v 0.106223 -0.418182 -0.100413
v 0.114359 -0.384852 -0.056340
v 0.127205 -0.449377 0.010439
v 0.155728 0.014571 0.300251
v 0.130447 -0.395446 0.216419
v 0.125410 -0.093263 -0.406192
v 0.124377 -0.408700 0.058963
v 0.134599 -0.243548 -0.337373
v 0.149731 -0.314887 -0.332719
v 0.124205 0.192611 0.021831
v 0.123956 0.337874 0.052590
v 0.119858 -0.455895 -0.052130
v 0.117495 -0.183526 -0.050413
v 0.111333 -0.095152 -0.337574
v 0.142894 0.310678 0.000861
v 0.141219 -0.421490 0.178656
v 0.196852 0.080459 -0.037323
v 0.138922 -0.439956 0.117300
v 0.151333 -0.045245 -0.053680
v 0.119676 0.305403 0.051784
v 0.124789 0.249059 0.063487
v 0.120562 -0.120760 -0.354565
v 0.147107 0.354461 0.018712
v 0.152766 0.286862 -0.092703
v 0.155969 0.327523 -0.089237
v 0.166644 0.191311 0.145825
v 0.131236 0.420297 0.005785
v 0.141317 0.250509 -0.311428
v 0.164124 -0.346096 -0.107200
v 0.150108 0.277324 -0.215800
v 0.133432 -0.201080 -0.339997
v 0.142910 0.281628 0.289024
v 0.136420 -0.087685 -0.048933
v 0.141824 0.285712 -0.132963
v 0.135876 -0.118447 -0.319810
v 0.128875 -0.154516 -0.331166
v 0.144064 0.250585 0.245758
v 0.147642 0.235441 -0.156372
v 0.141747 -0.380497 0.121136
v 0.135744 0.179753 0.305849
v 0.144211 -0.040355 0.370543
v 0.153359 0.377459 0.003335
v 0.133781 0.258780 0.011577
v 0.142319 -0.176665 0.365680
v 0.148999 -0.459602 -0.167002
v 0.135655 -0.324324 0.254818
v 0.145127 -0.058950 -0.073476
v 0.124950 0.177368 0.222664
v 0.152777 -0.165952 -0.207221
v 0.151646 0.357305 0.101235
v 0.159981 -0.375670 -0.237207
v 0.150509 -0.088870 0.336023
v 0.158570 -0.185044 -0.192470
v 0.167533 -0.022403 0.331427
v 0.155691 0.332611 0.108273
v 0.163524 0.236441 0.317274
v 0.169010 0.174491 -0.103774
v 0.152985 0.352300 0.066271
v 0.140965 0.257244 -0.266446
v 0.170089 -0.036689 -0.040211
v 0.159914 -0.213214 0.386061
v 0.161927 -0.100344 -0.314440
v 0.152203 -0.187460 -0.311383
v 0.162115 -0.175048 -0.281056
v 0.187580 -0.463686 0.044908
v 0.160537 0.240111 0.218179
v 0.156857 -0.135922 -0.307345
v 0.159853 0.430959 -0.005455
v 0.154044 -0.107661 -0.069711
v 0.166834 -0.136522 -0.054592
v 0.150110 -0.143845 0.387942
v 0.186777 0.131876 0.088499
v 0.163512 -0.366054 -0.013813
v 0.143876 -0.272057 -0.288990
v 0.168736 -0.414082 0.200358
v 0.161613 0.407118 -0.031174
v 0.147255 -0.309576 0.306141
v 0.159156 -0.381446 0.059857
v 0.170543 -0.235976 -0.328459
v 0.187522 0.217314 0.011754
v 0.168490 0.411755 0.011362
v 0.146906 0.127753 0.198041
v 0.163508 -0.433950 -0.017957
v 0.160948 -0.299468 -0.277178
v 0.159553 -0.114196 0.352663
v 0.178827 0.114251 0.283190
v 0.168730 0.160895 0.297179
v 0.139890 -0.205733 0.112850
v 0.144921 -0.248174 0.067730
v 0.174456 0.021180 0.285075
v 0.158735 -0.351632 0.253286
v 0.179552 0.197604 -0.135303
v 0.173337 0.244032 -0.009889
v 0.158543 -0.361286 0.285328
v 0.164144 -0.173188 0.215092
v 0.166054 0.227128 0.246065
v 0.162915 0.206927 0.186644
v 0.154439 -0.135686 -0.272121
v 0.157856 -0.345769 0.301881
v 0.148823 -0.248208 0.134900
v 0.163483 -0.097803 -0.276853
v 0.148656 0.143210 0.317208
v 0.190862 0.253889 -0.132862
v 0.153161 -0.283203 0.207294
v 0.164707 -0.199188 0.027861
v 0.166405 -0.152866 -0.314026
v 0.162984 -0.369917 0.215748
v 0.171915 0.230204 0.291561
v 0.170308 0.367590 -0.076480
v 0.186537 -0.463709 -0.117337
v 0.164276 -0.257113 -0.323008
v 0.172927 -0.424556 -0.177491
v 0.165782 -0.320097 -0.305624
v 0.172356 -0.196389 -0.070906
v 0.152881 0.308267 -0.030236
v 0.191572 -0.285696 0.338121
v 0.171819 -0.390832 -0.214775
v 0.160289 -0.081338 -0.028706
v 0.177649 -0.261123 -0.310353
v 0.182690 -0.122249 0.127691
v 0.159727 0.262178 -0.166374
v 0.184643 -0.325681 -0.042962
v 0.169274 -0.380173 0.171469
v 0.170467 -0.175967 -0.250654
v 0.179310 -0.283357 0.088029
v 0.170202 -0.295484 0.361149
v 0.186103 -0.251774 0.370957
v 0.175783 0.284827 0.004991
v 0.194167 0.188134 0.265861
v 0.186967 0.398318 -0.059794
v 0.183305 0.281850 -0.018520
v 0.178387 -0.095037 -0.035414
v 0.179677 0.351688 0.001271
v 0.189635 -0.370647 0.154331
v 0.177094 -0.118499 -0.298207
v 0.181353 -0.262714 0.189695
v 0.185719 -0.078227 0.329834
v 0.172449 -0.045065 0.350459
v 0.174848 -0.245448 0.140845
v 0.194643 -0.471618 -0.148858
v 0.191832 -0.237513 -0.109904
v 0.186539 -0.161620 -0.221763
v 0.169942 0.315616 -0.052754
v 0.185192 -0.289573 -0.271605
v 0.181008 -0.268064 0.024339
v 0.175074 -0.216302 -0.288843
v 0.189664 0.346850 -0.078832
v 0.167923 0.348437 -0.037982
v 0.173562 -0.201876 -0.222814
v 0.166556 -0.249982 -0.311823
v 0.184959 0.157823 0.243164
v 0.206651 -0.051761 -0.018626
v 0.200640 -0.121545 0.350787
v 0.185480 -0.195053 -0.302959
v 0.181300 0.203173 0.294561
v 0.202094 -0.280140 -0.293111
v 0.203215 -0.279801 0.265614
v 0.199486 -0.167478 0.370319
v 0.191018 -0.417723 0.064290
v 0.187233 -0.307216 0.204179
v 0.195772 0.148977 0.146275
v 0.185337 -0.335939 -0.271260
v 0.219691 -0.136458 0.382779
v 0.190618 -0.310469 0.283230
v 0.193629 -0.179667 -0.214818
v 0.195513 0.299931 -0.135795
v 0.196499 0.256570 -0.031364
v 0.183214 -0.324094 0.196447
v 0.191957 -0.147418 -0.053713
v 0.183497 0.039549 0.259435
v 0.188261 -0.395298 0.031647
v 0.185102 -0.252847 -0.338163
v 0.187106 -0.086245 0.358240
v 0.174162 -0.315904 0.231700
v 0.199492 0.265877 -0.076742
v 0.195270 -0.045123 -0.044331
v 0.187978 -0.252939 -0.310070
v 0.232222 0.160460 0.031794
v 0.200650 0.121133 0.196043
v 0.189264 -0.120318 -0.024703
v 0.246164 -0.105221 0.085881
v 0.212985 -0.336059 -0.236655
v 0.194162 -0.203986 0.156319
v 0.193680 -0.433491 0.018062
v 0.206081 0.115884 0.264988
v 0.201649 -0.207897 0.192967
v 0.208135 -0.415459 -0.207175
v 0.191142 -0.219066 -0.203245
v 0.201778 -0.208031 0.411039
v 0.200910 -0.082062 -0.034265
v 0.199611 -0.027672 0.353033
v 0.200570 0.117084 0.182487
v 0.204865 -0.047856 0.356386
v 0.186909 0.252638 0.036872
v 0.229735 -0.352420 -0.129608
v 0.204060 -0.023625 0.285904
v 0.237050 -0.280128 0.137019
v 0.210250 0.230333 -0.143199
v 0.211685 0.116965 0.080715
v 0.215152 0.238012 0.274128
v 0.224398 0.210851 0.029046
v 0.201738 -0.221144 -0.273022
v 0.186433 0.217594 -0.129288
v 0.194607 -0.420585 -0.130969
v 0.230769 -0.238103 -0.163048
v 0.229015 -0.375294 0.082763
v 0.193645 0.312460 -0.047798
v 0.225257 -0.155590 0.061103
v 0.223655 0.196322 -0.064821
v 0.197855 0.064401 0.194722
v 0.206903 0.259883 -0.117477
v 0.201979 0.127060 0.105761
v 0.213253 0.232908 0.254264
v 0.241425 -0.180433 -0.061434
v 0.188985 -0.091836 0.308338
v 0.212428 0.144155 -0.031976
v 0.202037 0.244784 -0.004082
v 0.248415 -0.335260 -0.006950
v 0.207718 -0.354494 -0.257417
v 0.217706 -0.349118 -0.198803
v 0.210296 0.198541 0.273436
v 0.191027 -0.164971 0.315357
v 0.203219 0.242987 0.035059
v 0.213729 0.161558 0.220949
v 0.191296 0.237202 -0.050564
v 0.230387 -0.215077 0.139080
v 0.198075 -0.218360 -0.232669
v 0.219589 0.285576 -0.056042
v 0.207406 -0.343066 0.159254
v 0.208370 0.302188 -0.022145
v 0.198370 -0.249569 -0.221267
v 0.205034 -0.074577 0.281615
v 0.205333 0.086682 0.216645
v 0.219793 0.225925 -0.083247
v 0.221684 -0.362934 0.103820
v 0.219160 -0.291941 0.320378
v 0.240566 -0.187564 0.013247
v 0.215616 -0.266061 0.198297
v 0.210602 -0.094138 0.348150
v 0.210452 -0.113598 0.313083
v 0.200355 0.069682 0.171347
v 0.256154 -0.239232 -0.023728
v 0.208011 -0.299243 -0.251754
v 0.215852 -0.401265 -0.158109
v 0.208122 -0.113553 0.198405
v 0.218718 -0.080085 0.193973
v 0.213909 -0.385529 0.032200
v 0.210175 0.221822 -0.001638
v 0.220361 -0.253241 -0.178895
v 0.219152 -0.421650 -0.185707
v 0.209659 0.224335 -0.040331
v 0.231053 0.030879 0.281590
v 0.230464 -0.298636 0.215961
v 0.262362 -0.299019 -0.074065
v 0.219173 0.243303 -0.093912
v 0.231850 -0.233548 0.275529
v 0.217690 0.287384 -0.026291
v 0.251393 -0.197042 0.386299
v 0.237934 -0.128452 -0.019529
v 0.236775 -0.262229 0.362619
v 0.203386 0.087429 0.096371
v 0.209490 -0.096057 -0.008697
v 0.212683 -0.045968 0.261479
v 0.205504 -0.172306 0.342592
v 0.219532 -0.118517 0.288641
v 0.229404 -0.079285 0.009750
v 0.226230 -0.304271 0.281129
v 0.239659 -0.154795 -0.073013
v 0.234942 0.178068 -0.058866
v 0.223110 -0.245895 -0.205682
v 0.247181 0.034545 0.223307
v 0.254174 -0.068901 0.115335
v 0.228563 -0.285915 -0.221317
v 0.232784 0.104509 0.241070
v 0.260887 -0.200395 0.257374
v 0.231568 0.211913 -0.074539
v 0.232852 -0.301506 0.082819
v 0.218281 -0.308300 -0.216390
v 0.234981 -0.245711 -0.134132
v 0.213503 0.164108 -0.007149
v 0.243769 -0.327415 0.203272
v 0.250219 -0.218373 0.390046
v 0.247568 -0.093007 0.250205
v 0.242753 -0.163764 0.253567
v 0.236106 0.248170 -0.025665
v 0.254410 0.017125 0.095635
v 0.218135 0.197442 -0.028307
v 0.235322 -0.238684 0.357362
v 0.238458 -0.207746 0.359183
v 0.245338 -0.379870 0.141575
v 0.237386 0.144668 0.178135
v 0.250231 0.133681 -0.012720
v 0.239081 0.076943 0.140065
v 0.259221 0.090704 0.199792
v 0.240773 0.067282 -0.022892
v 0.246003 -0.187382 0.303531
v 0.229939 0.076146 0.057528
v 0.241706 -0.044246 -0.011995
v 0.237249 -0.268436 0.169657
v 0.246300 0.199660 0.005678
v 0.240988 -0.334070 0.167359
v 0.235832 -0.322023 -0.193553
v 0.255481 0.137135 0.145921
v 0.233600 -0.366131 -0.178004
v 0.234605 -0.287282 -0.188995
v 0.233978 0.155165 0.229399
v 0.270385 0.121519 -0.028879
v 0.238696 -0.224997 0.168549
v 0.248841 -0.069426 0.274290
v 0.242491 -0.017460 -0.001423
v 0.246099 0.119963 0.178854
v 0.234954 0.162704 0.012620
v 0.232120 -0.333626 0.069122
v 0.254269 0.148644 0.052481
v 0.252015 -0.007802 0.272188
v 0.241161 -0.269136 -0.203645
v 0.239489 -0.287188 0.338651
v 0.241784 -0.412430 0.058830
v 0.240973 0.065947 0.152222
v 0.246463 -0.304817 -0.192404
v 0.241198 -0.264920 0.296223
v 0.255903 -0.331878 -0.146070
v 0.266566 0.017573 -0.024190
v 0.250930 -0.054273 0.242410
v 0.251542 -0.356061 0.135707
v 0.249668 0.070851 -0.004159
v 0.272891 0.117614 0.064357
v 0.263724 -0.348722 -0.172074
v 0.286171 -0.361541 0.019093
v 0.240191 -0.100606 0.034068
v 0.236062 -0.022390 0.052535
v 0.243296 -0.373570 0.165385
v 0.250444 -0.233885 -0.077056
v 0.266226 -0.187500 0.276735
v 0.242789 -0.051669 0.032049
v 0.255447 -0.299720 0.192346
v 0.260464 -0.119578 0.264362
v 0.254086 0.033438 0.039330
v 0.257445 -0.209890 0.331502
v 0.250706 0.021299 0.270276
v 0.266487 -0.011456 -0.028458
v 0.261908 -0.395593 0.068779
v 0.249987 -0.274209 -0.152391
v 0.263131 -0.124185 0.234913
v 0.242062 0.002620 0.220647
v 0.252988 0.009014 0.056528
v 0.271560 -0.068037 0.093593
v 0.265775 -0.332984 0.057884
v 0.245581 -0.296263 -0.161396
v 0.274806 -0.328644 0.107571
v 0.263492 -0.047024 0.196034
v 0.267225 -0.252603 -0.109835
v 0.258655 -0.094778 -0.019090
v 0.286583 -0.171680 0.025756
v 0.257849 -0.207395 -0.027179
v 0.269671 0.031928 0.135829
v 0.276993 -0.311517 -0.115395
v 0.304128 -0.306527 0.040509
v 0.259551 -0.122895 -0.004120
v 0.281727 -0.307988 -0.023903
v 0.254105 -0.004491 0.193988
v 0.285282 -0.175587 -0.005874
v 0.273043 0.103666 0.056292
v 0.269740 -0.406181 0.049708
v 0.273716 -0.354738 0.071311
v 0.278775 0.005781 -0.006537
v 0.269963 -0.048192 0.066401
v 0.268110 -0.025704 0.231376
v 0.288227 0.091618 0.187075
v 0.307321 -0.139109 0.020056
v 0.271700 -0.006639 0.071149
v 0.275489 -0.044490 0.125845
v 0.312940 -0.047672 0.160121
v 0.281754 -0.179482 -0.022635
v 0.285877 0.072313 0.209446
v 0.283506 -0.281744 -0.000926
v 0.298102 0.056399 -0.016431
v 0.292521 -0.105121 0.054142
v 0.273651 -0.261444 -0.080075
v 0.296965 -0.070379 0.052833
v 0.323870 -0.174856 0.058318
v 0.288740 -0.012213 0.154015
v 0.291099 0.021219 0.173407
v 0.290538 -0.291879 -0.052315
v 0.288468 -0.337436 0.022641
v 0.317801 -0.154297 0.076922
v 0.301295 0.029925 0.000664
v 0.302798 -0.139255 -0.003653
v 0.306301 -0.038900 0.169981
v 0.305175 0.022851 0.201647
v 0.300607 0.015087 0.156782
v 0.306436 0.042432 0.179126
v 0.311392 -0.310248 0.020325
v 0.319746 -0.259033 -0.050666
v 0.330734 -0.136409 0.056745
vn -0.7879 0.1361 -0.6006
vn -0.6399 -0.6347 -0.4332
vn -0.6178 -0.3560 -0.7011
vn -0.2143 -0.8982 -0.3839
vn -0.6658 -0.1210 -0.7363
vn -0.7466 0.1140 -0.6554
vn -0.4235 0.4937 -0.7595
vn -0.5604 -0.1140 -0.8204
vn -0.2774 -0.5382 -0.7958
vn -0.8303 0.5157 -0.2115
vn -0.7329 0.1549 -0.6625
vn -0.6874 -0.5263 -0.5005
vn -0.8995 -0.3840 -0.2085
vn -0.8644 0.0481 -0.5004
vn -0.6944 0.4720 -0.5432
vn -0.8717 0.4863 -0.0599
vn -0.9101 0.4088 -0.0673
vn -0.9973 0.0714 0.0184
vn -0.4128 0.0115 -0.9107
vn -0.2525 -0.8050 -0.5369
vn -0.1551 -0.9422 -0.2971
vn -0.2660 -0.7212 -0.6396
vn -0.2851 -0.6060 -0.7426
vn -0.9040 -0.4270 0.0216
vn -0.6470 -0.7500 0.1370
vn -0.6019 -0.7771 -0.1836
vn -0.4407 -0.5120 -0.7373
vn -0.9349 -0.3548 -0.0105
vn -0.1089 -0.6121 -0.7832
vn -0.1061 -0.2269 -0.9681
vn 0.5189 -0.1214 -0.8462
vn 0.3492 -0.4018 -0.8466
vn 0.3763 -0.1186 -0.9189
vn 0.6323 0.2324 -0.7390
vn -0.1113 -0.0579 -0.9921
vn -0.4238 0.2175 -0.8792
vn -0.7265 -0.0613 -0.6845
vn -0.8020 -0.5967 0.0254
vn -0.7260 -0.2885 -0.6243
vn -0.1590 -0.4423 -0.8827
vn 0.2279 -0.8369 -0.4976
vn 0.6039 -0.4812 -0.6354
vn -0.0116 -0.5806 -0.8141
vn 0.4746 0.2606 -0.8407
vn 0.3076 0.3025 -0.9021
vn 0.2289 0.1510 -0.9617
vn 0.3406 -0.3856 -0.8575
vn 0.3057 -0.4181 -0.8554
vn -0.0140 -0.7296 -0.6837
vn -0.2444 0.1750 -0.9538
vn -0.1562 -0.3334 -0.9298
vn 0.2415 -0.8819 -0.4048
vn -0.7778 -0.5736 -0.2570
vn -0.9571 -0.1820 -0.2256
vn -0.8401 -0.4389 -0.3187
vn -0.3162 -0.5707 -0.7578
vn -0.9061 -0.3253 -0.2703
vn -0.4022 -0.7679 -0.4986
vn -0.8218 -0.3601 -0.4414
vn -0.0811 -0.9691 -0.2329
vn -0.7920 -0.5339 -0.2960
vn -0.6415 -0.7598 -0.1058
vn -0.4252 -0.5797 0.6951
vn -0.4095 -0.4415 0.7983
vn -0.8106 -0.5773 0.0985
vn -0.9238 -0.2867 -0.2539
vn -0.9099 0.3385 -0.2396
vn -0.7344 0.5721 -0.3652
vn -0.9083 -0.4049 -0.1052
vn -0.8894 0.2566 0.3783
vn -0.6667 0.6457 0.3723
vn -0.7375 0.6748 0.0258
vn -0.5560 -0.3532 0.7524
vn -0.7469 -0.6525 0.1279
vn -0.8767 -0.2392 -0.4173
vn -0.9192 -0.2215 -0.3256
vn -0.6557 0.5447 0.5229
vn -0.6308 0.6764 -0.3803
vn -0.9222 0.3118 -0.2285
vn -0.8722 0.2566 -0.4164
vn -0.9068 -0.4086 -0.1038
vn -0.8555 -0.5050 -0.1147
vn -0.8016 -0.3761 -0.4647
vn -0.8371 -0.4827 0.2576
vn -0.5616 -0.8016 -0.2048
vn -0.4719 -0.7171 -0.5129
vn -0.8500 -0.2875 -0.4414
vn -0.5672 -0.6726 -0.4753
vn -0.8664 -0.2743 -0.4173
vn -0.7998 -0.1374 -0.5844
vn -0.8152 0.0250 -0.5786
vn -0.8656 -0.0370 -0.4993
vn -0.3280 -0.4645 -0.8226
vn -0.6540 -0.3805 -0.6539
vn 0.1033 -0.8413 -0.5306
vn -0.6821 -0.5693 -0.4590
vn -0.7613 -0.2479 -0.5991
vn -0.9627 0.1906 -0.1920
vn -0.7067 -0.6898 -0.1571
vn -0.1161 -0.9827 0.1443
vn -0.3131 -0.9463 -0.0807
vn -0.0033 -0.8458 0.5335
vn -0.0391 -0.9913 0.1254
vn -0.5037 -0.8368 0.2145
vn -0.7543 -0.5437 0.3679
vn -0.5627 -0.6394 0.5240
vn -0.9555 -0.1953 0.2213
vn 0.0190 -0.9992 -0.0342
vn 0.1496 -0.9849 -0.0873
vn 0.0415 -0.9569 -0.2875
vn 0.2696 -0.9240 -0.2711
vn -0.1157 -0.9664 -0.2295
vn -0.8362 0.1638 -0.5234
vn 0.2474 -0.2840 -0.9264
vn -0.4430 0.0041 -0.8965
vn -0.4620 0.8681 -0.1817
vn -0.7473 0.4347 -0.5027
vn -0.8580 0.0418 -0.5119
vn -0.8047 0.4864 -0.3405
vn -0.8463 0.2985 -0.4413
vn -0.8183 0.0200 -0.5744
vn -0.8179 0.0772 -0.5702
vn -0.8138 -0.0228 0.5807
vn -0.6877 0.5774 -0.4401
vn -0.7913 0.2118 -0.5735
vn -0.5358 -0.5014 -0.6793
vn -0.9325 -0.1641 -0.3216
vn -0.3372 -0.4566 -0.8233
vn -0.9803 0.1414 -0.1376
vn -0.9790 0.2036 0.0110
vn -0.9659 0.2236 0.1308
vn -0.7054 0.5366 0.4631
vn -0.3549 0.7690 0.5316
vn -0.6357 0.7513 0.1772
vn -0.3224 0.8995 0.2949
vn -0.7537 0.6555 0.0462
vn 0.0678 0.7937 -0.6045
vn -0.3365 0.9374 -0.0900
vn 0.3885 0.9214 -0.0075
vn -0.2833 0.8198 -0.4978
vn -0.9674 0.2436 -0.0687
vn -0.5581 -0.4829 -0.6748
vn -0.8685 0.4777 -0.1324
vn -0.1714 -0.5280 -0.8317
vn 0.0371 -0.7284 -0.6841
vn -0.4309 0.8373 0.3365
vn -0.1502 0.9846 0.0896
vn -0.5747 0.5785 0.5789
vn -0.5218 0.2095 -0.8270
vn 0.1018 0.3173 -0.9428
vn 0.1680 0.8080 -0.5648
vn -0.7911 0.5317 -0.3023
vn -0.8064 0.5812 -0.1090
vn 0.2675 0.5766 -0.7720
vn -0.0269 -0.8964 -0.4424
vn -0.5094 -0.5453 -0.6657
vn -0.4879 -0.4411 -0.7533
vn -0.6246 0.3961 -0.6730
vn -0.6458 0.4888 -0.5865
vn -0.5301 0.7838 -0.3235
vn 0.3659 0.5479 -0.7523
vn 0.6533 -0.3943 -0.6464
vn -0.0163 0.9504 -0.3105
vn -0.1901 -0.6269 -0.7555
vn 0.1157 -0.7257 -0.6782
vn 0.2353 0.9695 -0.0678
vn -0.5910 0.7647 -0.2567
vn 0.5868 0.7899 -0.1783
vn 0.2677 0.8912 -0.3663
vn 0.8147 0.4400 -0.3778
vn -0.6635 -0.6721 -0.3287
vn -0.7557 0.4050 -0.5147
vn -0.7016 0.5741 -0.4221
vn -0.6652 0.3225 -0.6734
vn -0.5174 0.1528 -0.8420
vn -0.8427 0.4446 -0.3036
vn -0.7470 0.4906 -0.4488
vn -0.9556 0.1524 -0.2521
vn -0.3201 0.4885 -0.8117
vn -0.6676 0.7219 -0.1821
vn -0.4861 0.2039 -0.8498
vn 0.0197 0.6011 -0.7989
vn -0.1591 0.9122 -0.3775
vn -0.1917 0.8091 -0.5555
vn -0.2676 0.9576 0.1068
vn -0.4489 -0.1109 -0.8867
vn 0.1566 -0.0421 -0.9868
vn 0.0232 -0.2639 -0.9643
vn -0.5548 0.4992 -0.6656
vn 0.0053 -0.4281 -0.9037
vn -0.2716 0.0688 -0.9599
vn -0.5621 0.2106 -0.7998
vn -0.5272 0.0308 -0.8492
vn -0.5817 0.1037 -0.8067
vn -0.7755 -0.2844 -0.5637
vn -0.2350 0.4212 -0.8760
vn -0.1054 -0.5191 -0.8482
vn -0.6182 -0.6497 -0.4425
vn -0.7413 -0.0901 -0.6651
vn 0.8467 -0.4212 -0.3251
vn 0.4610 -0.5362 -0.7071
vn 0.8777 -0.3544 -0.3226
vn 0.6718 -0.4510 -0.5876
vn -0.1127 0.0507 -0.9923
vn -0.7713 -0.4561 -0.4440
vn -0.4055 0.0072 -0.9141
vn -0.7984 -0.5154 -0.3112
vn -0.8353 -0.2165 -0.5054
vn -0.2494 -0.4923 -0.8339
vn -0.9665 0.0516 -0.2516
vn -0.9565 -0.1224 -0.2647
vn -0.9346 -0.2326 -0.2691
vn -0.8917 0.4328 0.1323
vn -0.7900 -0.6113 0.0470
vn -0.7177 -0.6958 -0.0266
vn -0.8726 0.1295 0.4710
vn -0.9082 0.0483 -0.4158
vn -0.9787 0.1195 -0.1672
vn -0.9513 0.1562 -0.2657
vn -0.9086 0.4029 -0.1099
vn -0.8275 0.4674 -0.3110
vn -0.9283 0.3264 -0.1779
vn -0.6041 0.7906 0.1005
vn -0.5868 0.7407 -0.3270
vn -0.8813 0.1670 -0.4421
vn -0.8639 0.1253 -0.4877
vn -0.2788 0.0467 -0.9592
vn 0.1352 -0.1234 -0.9831
vn -0.5694 -0.0016 -0.8221
vn -0.7343 -0.2030 -0.6478
vn -0.4688 -0.0734 -0.8803
vn -0.5981 0.4066 0.6906
vn -0.7641 -0.4112 0.4970
vn -0.3139 -0.1448 -0.9384
vn -0.5858 -0.0306 -0.8099
vn 0.3940 -0.1707 -0.9031
vn -0.9279 0.3335 -0.1667
vn -0.8575 0.5143 0.0124
vn -0.8914 0.1264 -0.4353
vn -0.8554 0.4606 0.2371
vn -0.4923 0.8040 0.3335
vn -0.4677 0.6870 0.5561
vn -0.7093 0.7047 -0.0166
vn -0.6233 0.6708 -0.4019
vn -0.8665 0.1907 -0.4613
vn -0.0469 0.2860 -0.9571
vn -0.3761 -0.1612 -0.9124
vn -0.0414 0.2977 -0.9538
vn -0.3821 0.4645 -0.7989
vn -0.2452 -0.5573 -0.7933
vn 0.0594 0.1074 -0.9924
vn -0.4271 -0.6321 -0.6466
vn -0.0282 -0.7594 -0.6500
vn -0.0155 -0.3299 -0.9439
vn -0.8575 0.1119 0.5022
vn -0.1900 -0.1436 -0.9712
vn -0.2211 -0.2110 -0.9522
vn -0.2323 0.0877 -0.9687
vn -0.6645 0.2782 -0.6936
vn -0.7152 0.6042 -0.3512
vn -0.1081 0.0495 -0.9929
vn 0.0566 0.2679 -0.9618
vn -0.0185 0.0672 -0.9976
vn -0.0881 0.6519 -0.7531
vn -0.8760 0.2524 -0.4110
vn -0.3834 0.9186 0.0959
vn -0.2498 0.2888 0.9242
vn -0.8067 0.3547 0.4727
vn -0.8559 0.5080 0.0965
vn -0.8564 0.5158 -0.0241
vn -0.7822 -0.1412 0.6069
vn -0.4559 0.2414 0.8567
vn -0.0984 0.8927 0.4398
vn 0.3169 -0.0357 0.9478
vn 0.4651 0.3014 0.8324
vn -0.7052 0.7057 0.0684
vn 0.2063 0.4552 0.8662
vn 0.1218 0.9925 -0.0010
vn -0.1943 0.1927 0.9618
vn -0.0026 0.9998 0.0215
vn -0.3384 0.8640 -0.3728
vn -0.5988 0.2178 -0.7707
vn 0.0653 0.4270 -0.9019
vn -0.4551 0.8340 0.3121
vn 0.5409 0.7019 0.4634
vn 0.0396 0.9696 -0.2416
vn 0.1708 0.2170 -0.9611
vn -0.3176 -0.8190 0.4780
vn -0.8036 0.3601 0.4738
vn -0.9507 -0.2677 -0.1567
vn -0.7841 0.4513 -0.4260
vn -0.9558 0.1794 -0.2328
vn -0.8094 0.5647 -0.1612
vn -0.8454 -0.4252 0.3233
vn -0.2547 -0.1241 0.9590
vn -0.9263 -0.2778 0.2544
vn -0.2325 -0.9615 -0.1466
vn 0.5650 -0.6609 0.4939
vn -0.4059 -0.5685 0.7156
vn -0.4352 -0.8982 -0.0616
vn -0.7112 0.6962 0.0973
vn -0.6996 0.0397 0.7134
vn -0.7644 0.1143 0.6345
vn -0.4000 -0.6147 0.6798
vn -0.7589 0.6133 -0.2192
vn -0.9669 -0.2138 0.1391
vn -0.7134 -0.4205 0.5606
vn -0.9558 -0.0233 -0.2932
vn -0.4714 -0.7855 0.4010
vn -0.9706 0.0834 0.2258
vn -0.3365 -0.6966 0.6337
vn -0.4299 0.2752 0.8599
vn -0.6922 0.3790 -0.6141
vn -0.5192 0.3747 0.7681
vn -0.2907 -0.8988 0.3281
vn -0.8212 0.5133 0.2495
vn -0.5021 0.0717 0.8618
vn -0.9589 -0.2390 -0.1531
vn 0.2885 0.7190 0.6323
vn 0.3065 0.2915 0.9061
vn -0.9093 0.3118 -0.2755
vn -0.6325 0.3957 0.6659
vn -0.5290 -0.3916 0.7529
vn -0.3301 -0.9087 0.2554
vn -0.6081 -0.0616 0.7915
vn -0.0498 -0.8663 0.4970
vn -0.1819 -0.8250 0.5351
vn -0.7191 -0.6869 -0.1052
vn -0.8429 -0.5316 0.0832
vn -0.5285 -0.8292 0.1819
vn -0.8750 -0.4257 -0.2307
vn -0.4734 -0.7694 0.4289
vn -0.5986 -0.6406 0.4810
vn -0.2574 -0.9598 0.1119
vn -0.6951 -0.1132 -0.7099
vn -0.9512 -0.2322 -0.2033
vn -0.5030 0.8636 0.0340
vn -0.6962 -0.6068 -0.3834
vn -0.6177 -0.7328 0.2855
vn 0.4016 -0.7728 0.4914
vn -0.2370 -0.4480 0.8621
vn -0.7621 -0.4240 0.4893
vn -0.3202 -0.7313 0.6022
vn -0.1834 -0.5922 0.7846
vn 0.5112 -0.7058 0.4905
vn 0.4457 -0.7369 0.5083
vn 0.0102 -0.9522 0.3054
vn -0.0393 -0.9308 0.3635
vn -0.0313 -0.9472 0.3192
vn -0.0837 -0.3655 0.9271
vn 0.0770 -0.2054 0.9756
vn -0.1671 -0.4071 0.8980
vn 0.0565 -0.3060 0.9504
vn 0.1544 -0.7289 0.6670
vn -0.0299 -0.4587 0.8881
vn -0.4509 -0.6952 0.5598
vn -0.1675 -0.6925 0.7017
vn -0.3062 -0.8384 0.4509
vn -0.0173 -0.9238 0.3826
vn -0.2852 -0.9494 -0.1314
vn -0.3949 -0.4631 0.7935
vn -0.4184 -0.7961 0.4372
vn -0.2668 -0.9443 0.1927
vn -0.5256 -0.7019 0.4807
vn -0.2060 -0.8420 0.4985
vn -0.0740 -0.8158 0.5736
vn -0.1798 -0.9177 0.3542
vn -0.1219 -0.8558 0.5027
vn 0.0134 -0.8745 0.4849
vn 0.1859 -0.9362 -0.2982
vn -0.4501 -0.7666 -0.4579
vn 0.1089 -0.9925 -0.0547
vn -0.0743 -0.9331 -0.3520
vn 0.0100 -0.9343 0.3564
vn 0.0218 -0.5066 0.8619
vn -0.1117 -0.7799 0.6159
vn -0.0030 -0.6587 0.7524
vn 0.7138 -0.6806 -0.1652
vn 0.3592 -0.9327 0.0311
vn 0.2114 -0.8349 0.5082
vn 0.0253 -0.7010 0.7127
vn 0.6377 0.0303 0.7697
vn 0.2781 -0.6745 0.6839
vn 0.6576 -0.7285 -0.1920
vn 0.4931 -0.8636 -0.1047
vn 0.3047 -0.8841 0.3544
vn 0.8266 -0.5624 -0.0205
vn 0.5303 -0.8452 -0.0662
vn 0.8259 -0.3658 -0.4289
vn 0.1644 -0.9732 0.1610
vn 0.0472 -0.7555 0.6534
vn 0.1493 -0.7229 0.6746
vn 0.0938 -0.6928 0.7150
vn -0.1308 -0.7143 0.6875
vn -0.1320 0.0841 0.9877
vn -0.2038 -0.4570 0.8658
vn 0.3638 -0.3788 0.8510
vn 0.1381 -0.9904 0.0006
vn -0.3982 -0.5147 0.7593
vn -0.9799 -0.1185 0.1606
vn -0.2716 -0.0047 0.9624
vn -0.1132 0.2142 0.9702
vn 0.0263 -0.6667 0.7449
vn 0.0816 -0.3428 0.9358
vn -0.0417 -0.9972 -0.0617
vn 0.1500 -0.9786 0.1411
vn -0.7825 0.3760 0.4962
vn -0.9768 0.0391 0.2105
vn -0.9689 0.2308 -0.0897
vn -0.7270 -0.0459 0.6852
vn -0.8840 0.4659 -0.0376
vn -0.8740 -0.3895 0.2906
vn -0.9297 -0.3547 -0.0992
vn -0.8484 0.5277 0.0427
vn 0.2089 0.8386 -0.5031
vn -0.1073 0.8277 -0.5508
vn -0.0079 -0.5871 0.8095
vn -0.7879 0.5075 -0.3488
vn -0.9344 0.2792 -0.2213
vn -0.7633 0.3810 -0.5218
vn -0.7617 -0.6176 -0.1958
vn -0.8605 -0.2963 -0.4143
vn -0.9020 -0.3311 -0.2771
vn -0.6925 -0.4342 -0.5762
vn -0.8130 -0.5775 -0.0740
vn -0.4860 0.6377 -0.5976
vn -0.8903 -0.1539 -0.4285
vn -0.9815 0.1648 0.0974
vn -0.7058 0.6819 0.1919
vn -0.5174 0.4658 0.7178
vn 0.0613 0.9399 0.3359
vn -0.0891 0.9116 0.4013
vn -0.7925 -0.0189 0.6096
vn -0.6348 0.2214 0.7403
vn -0.8140 -0.0154 0.5806
vn -0.8649 0.5017 0.0179
vn -0.9193 0.3906 0.0490
vn -0.8808 0.4663 0.0818
vn -0.8414 0.3980 -0.3656
vn -0.6048 0.5442 0.5814
vn -0.8550 -0.2874 0.4316
vn -0.9393 0.2395 0.2456
vn -0.9154 -0.1921 0.3538
vn -0.9762 0.2167 0.0069
vn -0.9527 0.2469 0.1774
vn -0.9184 0.3954 0.0153
vn -0.7944 0.0285 0.6067
vn -0.2723 0.1199 0.9547
vn -0.8692 0.0272 0.4937
vn 0.1178 0.0064 0.9930
vn -0.9871 0.1590 -0.0162
vn -0.8868 -0.2497 -0.3889
vn -0.8639 0.4515 0.2233
vn -0.8139 -0.3806 -0.4391
vn -0.9731 -0.1852 -0.1372
vn -0.2877 -0.9250 0.2482
vn -0.7931 0.0113 0.6090
vn -0.7629 -0.1391 0.6313
vn -0.9248 0.0613 -0.3755
vn -0.6961 0.1928 0.6916
vn -0.8254 0.1812 0.5346
vn -0.8754 0.2187 0.4311
vn -0.8860 0.4618 0.0424
vn -0.2978 0.6805 0.6695
vn -0.5026 -0.3811 0.7760
vn -0.6784 0.1175 0.7252
vn -0.9907 0.1118 0.0778
vn -0.5012 0.5791 0.6430
vn -0.1832 0.4553 0.8713
vn 0.0674 0.5880 0.8061
vn 0.0336 0.0891 0.9955
vn -0.0321 0.6440 0.7644
vn 0.0905 0.1155 0.9892
vn 0.2887 0.1213 0.9497
vn 0.2982 0.5825 0.7561
vn 0.0680 -0.0823 0.9943
vn -0.3024 0.6691 0.6788
vn -0.6687 0.5290 0.5225
vn 0.3204 0.0123 0.9472
vn -0.0272 -0.4965 0.8676
vn -0.7287 -0.6229 0.2847
vn -0.3127 -0.6986 0.6436
vn -0.5370 -0.3536 0.7659
vn -0.1008 -0.8789 0.4663
vn -0.2372 0.5110 0.8262
vn -0.1766 0.4521 0.8743
vn -0.0143 0.2577 0.9661
vn 0.1639 0.7411 0.6510
vn -0.2029 0.1707 0.9642
vn -0.0285 -0.5495 0.8350
vn 0.2456 0.2766 0.9291
vn 0.2194 -0.4201 0.8806
vn -0.0357 0.0828 0.9959
vn 0.1478 -0.2948 0.9441
vn -0.1111 -0.2507 0.9617
vn 0.0746 -0.1753 0.9817
vn 0.0634 0.7512 0.6571
vn -0.1452 0.8743 0.4631
vn -0.0623 0.7337 0.6766
vn 0.0088 0.6222 0.7828
vn -0.0055 0.9253 0.3791
vn 0.0194 0.8679 0.4964
vn -0.1081 0.6898 0.7159
vn -0.4684 0.5594 0.6839
vn -0.4039 0.7384 0.5401
vn -0.8605 0.3322 0.3862
vn -0.4422 -0.8042 0.3971
vn -0.2779 0.2063 0.9382
vn 0.7354 -0.4216 0.5305
vn 0.4045 -0.7312 0.5492
vn -0.1256 -0.5142 0.8484
vn 0.3434 0.7501 0.5652
vn -0.3627 -0.8725 0.3273
vn -0.0286 -0.4699 0.8823
vn -0.0576 -0.8426 0.5355
vn 0.1763 -0.8607 0.4777
vn -0.6214 -0.7311 -0.2817
vn 0.8097 -0.3271 -0.4872
vn 0.5817 -0.6428 -0.4985
vn -0.4598 0.1016 -0.8822
vn -0.7653 -0.3388 0.5474
vn -0.2085 -0.2664 0.9410
vn 0.7707 0.1072 0.6281
vn 0.6434 -0.5822 0.4971
vn -0.9473 -0.2016 0.2489
vn -0.8898 0.4509 -0.0704
vn 0.0930 0.9697 -0.2258
vn -0.5075 0.7123 -0.4848
vn -0.1071 0.9929 -0.0514
vn -0.1505 0.8466 -0.5106
vn -0.2210 -0.9449 0.2414
vn -0.6536 -0.0079 -0.7568
vn -0.9251 -0.3644 0.1071
vn -0.7819 0.5874 0.2087
vn 0.8699 0.3325 -0.3643
vn -0.7067 -0.6742 -0.2145
vn -0.3167 0.4625 -0.8281
vn -0.8764 0.1882 -0.4432
vn -0.7466 -0.2695 -0.6082
vn -0.0008 0.0017 -1.0000
vn -0.8146 -0.1318 -0.5649
vn 0.0453 -0.4730 -0.8799
vn -0.4136 -0.7516 -0.5139
vn -0.3183 0.8689 0.3790
vn 0.3398 -0.7320 -0.5905
vn 0.3061 -0.1002 -0.9467
vn -0.9869 0.0245 0.1594
vn 0.4258 -0.6524 -0.6270
vn -0.0081 -0.4093 -0.9124
vn -0.2243 0.4389 -0.8701
vn -0.1113 -0.6143 -0.7812
vn -0.3288 0.7425 -0.5835
vn 0.1059 0.9582 -0.2656
vn 0.1446 -0.5609 -0.8152
vn -0.2619 -0.5381 -0.8012
vn -0.1368 -0.9704 -0.1991
vn -0.1099 -0.9796 -0.1682
vn 0.3555 -0.9109 0.2094
vn -0.2590 -0.9643 0.0555
vn 0.1534 -0.9821 0.1094
vn -0.0920 -0.8466 0.5242
vn -0.0614 -0.6586 -0.7500
vn -0.4289 0.3170 -0.8459
vn -0.5726 -0.2141 -0.7914
vn 0.5435 -0.2161 -0.8111
vn 0.2368 -0.8932 -0.3823
vn -0.0673 -0.9739 -0.2166
vn 0.0339 -0.7514 -0.6589
vn -0.6786 0.2542 -0.6892
vn 0.7783 0.2713 -0.5662
vn -0.0496 -0.3710 -0.9273
vn 0.3623 0.4974 -0.7882
vn -0.5111 0.8564 -0.0730
vn 0.0101 0.4760 -0.8794
vn -0.3283 0.8034 -0.4968
vn -0.4743 0.8631 -0.1736
vn 0.6111 0.6435 -0.4609
vn 0.0596 0.5709 -0.8188
vn -0.6720 0.6446 0.3645
vn -0.9224 0.0919 0.3751
vn -0.7037 0.2555 -0.6630
vn -0.8826 0.0305 -0.4692
vn -0.9773 0.1659 -0.1318
vn -0.7837 0.4937 -0.3770
vn -0.7376 0.2498 -0.6273
vn -0.9773 -0.2102 -0.0256
vn -0.5319 0.8420 -0.0898
vn -0.9016 0.4010 -0.1620
vn -0.8315 0.4199 -0.3638
vn -0.9102 0.3500 -0.2215
vn -0.8839 0.4675 0.0091
vn -0.8735 0.1718 -0.4555
vn -0.9406 -0.3315 -0.0732
vn -0.9682 0.0294 -0.2486
vn 0.5492 -0.3150 -0.7740
vn 0.1610 0.8128 -0.5599
vn -0.8939 0.2328 0.3830
vn -0.9732 0.2294 -0.0138
vn -0.3738 0.8188 0.4357
vn -0.1861 0.5278 0.8287
vn -0.7631 0.6019 0.2354
vn 0.0001 0.3920 0.9199
vn -0.9643 -0.0139 -0.2644
vn -0.9758 -0.1149 -0.1863
vn -0.9945 0.0209 -0.1022
vn -0.5301 -0.6187 -0.5799
vn -0.9998 0.0150 -0.0092
vn -0.9155 0.3866 0.1113
vn -0.7153 0.1598 0.6803
vn -0.9779 0.1633 0.1302
vn -0.6949 0.2728 0.6654
vn -0.8187 0.1243 0.5606
vn -0.7214 0.6924 0.0118
vn -0.9639 0.1987 0.1773
vn -0.7351 0.3780 0.5628
vn -0.7894 -0.0119 0.6137
vn -0.9335 0.3250 0.1517
vn -0.9701 0.2270 -0.0858
vn -0.8830 -0.1589 -0.4416
vn -0.4235 -0.8097 -0.4061
vn -0.5175 0.0495 -0.8543
vn -0.2448 -0.5661 -0.7872
vn -0.9124 0.2825 -0.2961
vn -0.9437 0.0402 -0.3283
vn -0.5716 -0.6137 -0.5447
vn -0.5484 0.0686 -0.8334
vn -0.8745 0.4798 -0.0703
vn -0.0958 0.9748 -0.2014
vn -0.0627 0.9670 -0.2469
vn -0.5220 0.8526 -0.0258
vn -0.2715 0.4132 0.8692
vn -0.5768 0.2182 0.7872
vn -0.4440 0.3854 -0.8089
vn -0.2991 0.2978 0.9066
vn -0.3685 0.1360 -0.9196
vn 0.2147 0.6093 -0.7633
vn -0.9544 -0.0306 -0.2969
vn -0.6396 0.4283 -0.6384
vn 0.1807 0.6532 -0.7353
vn -0.9761 -0.0196 0.2164
vn -0.9757 0.2042 -0.0800
vn -0.9031 0.4242 0.0669
vn -0.0130 0.9789 -0.2038
vn 0.2962 0.9222 0.2485
vn -0.7969 0.5124 0.3201
vn 0.1209 0.3345 0.9346
vn -0.5251 -0.7013 -0.4822
vn -0.5166 -0.7926 -0.3239
vn -0.8920 0.4360 -0.1195
vn -0.6563 -0.7512 0.0710
vn -0.8282 -0.5505 0.1054
vn -0.2847 0.9585 -0.0114
vn -0.8769 -0.0422 0.4788
vn -0.9479 0.3184 0.0068
vn 0.5915 0.4715 0.6541
vn -0.5891 -0.4103 0.6961
vn -0.8349 -0.1214 -0.5369
vn -0.9865 -0.1331 -0.0952
vn -0.6568 -0.7345 -0.1707
vn -0.9457 -0.2373 0.2220
vn -0.6241 -0.3796 0.6829
vn -0.7009 0.6050 -0.3777
vn -0.9373 0.2388 -0.2538
vn -0.7645 0.2249 -0.6041
vn -0.7070 0.3222 -0.6296
vn -0.2268 0.9732 -0.0368
vn -0.7687 -0.5761 -0.2780
vn -0.6705 -0.4216 -0.6105
vn 0.1212 0.4019 -0.9076
vn -0.8372 0.4135 -0.3578
vn 0.2636 0.9616 0.0770
vn 0.5709 0.1745 -0.8023
vn -0.6397 0.7661 0.0623
vn -0.0641 0.9142 0.4002
vn 0.0490 0.9979 0.0433
vn -0.5073 0.8194 -0.2670
vn -0.8965 0.3427 0.2809
vn -0.2436 0.6453 -0.7240
vn 0.6033 0.7294 -0.3226
vn 0.4084 0.8821 -0.2347
vn -0.1905 0.8700 0.4548
vn 0.1848 0.9793 0.0823
vn -0.1890 0.9783 -0.0846
vn -0.3100 0.9157 -0.2557
vn 0.1383 -0.9342 -0.3289
vn 0.4841 -0.7229 -0.4931
vn 0.6658 -0.7021 -0.2524
vn 0.6895 -0.2587 0.6765
vn 0.8997 -0.4111 0.1469
vn 0.6859 -0.5695 0.4530
vn 0.6871 -0.7113 -0.1483
vn -0.3478 -0.3048 -0.8866
vn -0.9287 0.3648 -0.0660
vn -0.9808 0.0798 0.1780
vn -0.8679 0.4123 0.2772
vn -0.4527 0.3796 -0.8068
vn 0.1218 0.3012 -0.9457
vn 0.5146 0.3107 -0.7992
vn 0.9858 0.1025 -0.1333
vn 0.2241 0.5689 -0.7913
vn 0.7913 0.4933 -0.3611
vn 0.3804 -0.2455 -0.8916
vn 0.0917 -0.9038 -0.4180
vn 0.2376 -0.2981 -0.9245
vn -0.2171 -0.4462 -0.8682
vn -0.5042 -0.5822 -0.6378
vn -0.1875 -0.2167 -0.9581
vn -0.1083 -0.5610 -0.8207
vn 0.0533 0.8938 0.4454
vn -0.0020 0.2940 0.9558
vn -0.0275 0.9237 -0.3822
vn 0.3223 0.8437 -0.4294
vn 0.3356 0.8603 0.3836
vn 0.2081 0.5311 0.8214
vn -0.1033 0.9867 -0.1253
vn 0.0461 0.9359 -0.3491
vn 0.8795 0.4125 0.2374
vn 0.7689 0.5772 0.2751
vn 0.7026 0.7036 -0.1061
vn 0.6724 0.6871 -0.2753
vn -0.7876 -0.3772 0.4872
vn -0.4355 0.8523 0.2897
vn -0.9082 -0.0603 0.4141
vn -0.7535 0.6113 0.2419
vn -0.5561 0.2455 0.7940
vn -0.5726 0.8188 -0.0423
vn -0.6327 0.7588 -0.1545
vn -0.7728 0.4568 0.4405
vn -0.9900 0.0944 0.1048
vn -0.5998 0.6698 0.4377
vn -0.1933 0.5433 0.8169
vn -0.6239 0.6587 0.4205
vn -0.4504 0.3755 0.8100
vn -0.1279 0.1315 0.9830
vn -0.8739 -0.2987 0.3835
vn -0.5239 0.5865 0.6176
vn -0.2440 0.5550 0.7953
vn -0.2978 0.7392 0.6041
vn -0.7787 0.6263 0.0367
vn -0.8887 -0.0291 -0.4576
vn -0.3952 0.8436 -0.3636
vn -0.9078 -0.3619 0.2120
vn -0.9064 0.4049 0.1204
vn -0.2518 0.9031 -0.3479
vn -0.5697 0.7953 -0.2073
vn -0.5480 -0.0938 0.8312
vn -0.7385 -0.0018 0.6743
vn -0.8199 -0.3651 -0.4409
vn -0.9952 -0.0447 -0.0873
vn -0.7978 0.3771 -0.4705
vn -0.9719 0.0016 -0.2354
vn -0.9452 0.3262 -0.0138
vn -0.5690 0.7770 -0.2694
vn -0.7977 -0.2571 0.5455
vn -0.3548 0.7645 -0.5382
vn -0.7842 -0.1030 0.6119
vn -0.6423 0.7555 0.1292
vn -0.5269 0.8470 -0.0707
vn -0.5045 0.8131 -0.2903
vn 0.1957 0.8924 -0.4065
vn -0.1443 -0.2372 0.9607
vn -0.0428 -0.5939 0.8034
vn 0.1876 -0.4294 0.8834
vn -0.1828 -0.0894 0.9791
vn -0.0939 -0.3285 0.9398
vn -0.6302 -0.0863 0.7716
vn -0.8731 0.0730 0.4820
vn -0.7311 -0.2453 0.6367
vn -0.5731 -0.4115 0.7087
vn -0.6423 -0.6019 0.4745
vn 0.4212 0.7993 -0.4287
vn -0.1262 0.9054 -0.4054
vn -0.2021 0.9722 -0.1179
vn -0.2071 0.7230 0.6591
vn -0.5600 0.8265 -0.0574
vn -0.5052 0.4716 0.7227
vn -0.5022 0.8488 -0.1656
vn -0.1687 0.9099 0.3791
vn 0.1222 0.8985 0.4217
vn 0.4449 0.8625 -0.2411
vn 0.6028 0.7455 0.2842
vn 0.4634 0.4724 0.7497
vn -0.5709 0.0790 0.8172
vn -0.6658 0.1261 0.7354
vn -0.0878 -0.7222 0.6861
vn 0.0738 -0.0292 0.9968
vn 0.0237 -0.1502 0.9884
vn -0.0405 0.6458 0.7624
vn -0.0476 -0.0875 0.9950
vn -0.0341 -0.3922 0.9192
vn 0.4000 -0.2715 0.8754
vn -0.5795 0.6910 0.4322
vn -0.5802 0.6443 0.4982
vn -0.4693 -0.0388 0.8822
vn -0.3115 0.9258 0.2140
vn -0.2983 0.7401 -0.6027
vn 0.0083 0.1109 0.9938
vn -0.0698 0.2833 0.9565
vn -0.4997 0.2379 0.8329
vn -0.5421 0.8377 0.0665
vn -0.1189 -0.6304 0.7671
vn -0.8721 0.4864 -0.0537
vn -0.9737 0.1986 0.1112
vn -0.8334 0.2287 0.5032
vn -0.9152 -0.2041 0.3476
vn -0.7881 0.1163 0.6045
vn -0.9557 -0.1635 0.2450
vn -0.8684 -0.4805 0.1225
vn -0.7077 0.1199 0.6963
vn -0.3076 -0.1548 0.9388
vn -0.5709 0.5643 0.5964
vn -0.8211 0.5651 -0.0802
vn -0.8100 0.4307 -0.3979
vn -0.2805 0.9596 -0.0213
vn -0.1974 0.8749 -0.4422
vn -0.3388 0.2768 -0.8992
vn 0.5794 0.8111 0.0803
vn -0.2103 0.7181 -0.6634
vn 0.0038 1.0000 0.0020
vn -0.6770 0.3302 0.6577
vn 0.3478 0.5320 0.7720
vn 0.7725 0.6276 0.0972
vn 0.1285 -0.9816 0.1416
vn 0.4832 -0.8746 -0.0404
vn -0.5169 -0.7742 0.3651
vn -0.6191 -0.1012 0.7788
vn -0.6305 0.7556 0.1776
vn -0.3383 0.8966 0.2856
vn -0.2071 0.0506 0.9770
vn -0.3283 -0.0312 0.9441
vn -0.6305 0.3889 0.6718
vn -0.0947 -0.4200 0.9026
vn -0.0276 0.9680 0.2496
vn -0.0040 -0.9731 0.2303
vn -0.0799 0.3368 0.9382
vn 0.3161 0.9333 0.1703
vn 0.1934 -0.9800 0.0465
vn -0.7470 -0.5876 0.3109
vn 0.0208 -0.3712 0.9283
vn 0.1471 -0.6753 0.7227
vn -0.5820 0.7513 0.3113
vn 0.0902 0.3926 0.9153
vn -0.1622 0.9350 0.3154
vn -0.2696 0.8426 0.4661
vn 0.5283 0.8479 -0.0452
vn 0.3573 0.4881 0.7963
vn 0.7519 0.1953 0.6297
vn 0.7687 0.5355 -0.3497
vn 0.5111 0.8543 -0.0941
vn 0.1405 -0.6497 0.7471
vn 0.4517 0.5454 0.7060
vn 0.5449 0.8313 0.1096
vn 0.1452 -0.1635 0.9758
vn -0.0261 0.9897 -0.1407
vn 0.0554 0.9435 -0.3268
vn -0.8019 0.5962 0.0375
vn -0.6899 0.4044 0.6005
vn 0.3492 0.2656 0.8986
vn -0.8785 -0.3577 0.3168
vn -0.3114 -0.1525 0.9380
vn 0.5302 0.0403 0.8469
vn 0.1901 -0.8793 0.4366
vn 0.6771 -0.6922 -0.2500
vn 0.2228 0.9255 -0.3063
vn -0.5984 0.7768 0.1960
vn 0.4663 0.6237 -0.6274
vn -0.0986 0.9281 0.3590
vn 0.4036 0.8063 0.4324
vn 0.4192 0.2970 -0.8579
vn 0.9789 -0.1231 -0.1632
vn 0.5284 0.8433 0.0981
vn -0.4355 -0.1751 -0.8830
vn -0.4011 0.1899 -0.8961
vn -0.1565 -0.3247 -0.9328
vn -0.3441 -0.3201 -0.8827
vn -0.3706 -0.3549 -0.8583
vn -0.2705 0.4289 -0.8619
vn 0.2068 0.1042 -0.9728
vn 0.0421 -0.6449 -0.7631
vn 0.4691 0.2556 -0.8454
vn -0.2004 -0.7762 -0.5978
vn 0.8258 -0.3148 -0.4679
vn 0.7033 -0.3031 -0.6430
vn 0.7845 -0.6182 0.0482
vn 0.8427 -0.5384 -0.0020
vn 0.9199 -0.3916 0.0206
vn 0.8767 -0.4532 -0.1612
vn 0.1501 -0.0906 -0.9845
vn 0.1979 -0.0331 -0.9797
vn 0.6768 -0.7328 0.0700
vn 0.5491 -0.4865 -0.6796
vn 0.7699 0.0985 -0.6305
vn 0.3047 -0.8345 -0.4591
vn 0.8377 -0.0935 -0.5380
vn 0.6165 -0.1676 -0.7693
vn 0.6541 0.1783 -0.7351
vn 0.7488 -0.5082 -0.4254
vn 0.8672 -0.3013 -0.3964
vn 0.1075 -0.7469 -0.6561
vn 0.2394 -0.8211 -0.5181
vn 0.4574 -0.4762 -0.7510
vn -0.3303 -0.3443 -0.8788
vn 0.9092 -0.1217 0.3982
vn 0.8733 -0.3501 -0.3388
vn 0.4108 -0.7439 0.5272
vn 0.1574 -0.9800 0.1218
vn 0.1189 -0.9348 -0.3348
vn -0.1000 -0.8820 0.4605
vn 0.3948 -0.9128 0.1044
vn 0.7249 -0.3504 -0.5931
vn 0.5545 -0.5186 -0.6509
vn -0.0467 -0.7169 -0.6956
vn 0.4613 -0.6965 -0.5496
vn 0.8534 -0.3784 -0.3584
vn 0.7738 -0.5640 0.2884
vn 0.3252 -0.5457 -0.7723
vn 0.3181 -0.5407 -0.7787
vn 0.6415 -0.7671 -0.0081
vn 0.8421 -0.4703 -0.2638
vn 0.6735 -0.3784 -0.6350
vn 0.8210 -0.0448 -0.5691
vn 0.9397 -0.3235 -0.1113
vn 0.9237 -0.3697 -0.1009
vn 0.9019 0.1507 -0.4048
vn 0.9502 -0.3115 -0.0026
vn 0.5956 -0.6141 0.5179
vn 0.4360 -0.5732 0.6938
vn 0.4814 -0.6195 0.6201
vn 0.8779 -0.3819 -0.2888
vn 0.6135 -0.4516 -0.6478
vn 0.4480 -0.8466 -0.2874
vn 0.6223 -0.7828 0.0087
vn 0.6109 -0.6693 -0.4228
vn 0.2835 -0.7001 -0.6553
vn 0.8850 -0.4208 -0.1992
vn 0.4271 -0.8441 0.3242
vn 0.9108 -0.1222 -0.3942
vn 0.6774 -0.6885 -0.2590
vn 0.1345 -0.8941 -0.4272
vn 0.8014 0.5218 -0.2922
vn 0.9599 0.1838 -0.2118
vn 0.8628 0.4294 -0.2668
vn 0.7827 -0.0149 -0.6222
vn 0.9067 -0.0909 -0.4118
vn 0.8293 0.2485 -0.5005
vn 0.8128 -0.3598 -0.4581
vn 0.7280 -0.6245 -0.2830
vn 0.8616 -0.5024 -0.0721
vn 0.9972 -0.0221 -0.0720
vn 0.6842 0.6046 0.4078
vn -0.2660 -0.8976 -0.3514
vn 0.5238 -0.2228 -0.8222
vn 0.7106 0.1190 -0.6935
vn 0.1585 -0.7023 -0.6940
vn 0.5767 -0.4219 -0.6996
vn 0.4929 -0.5484 -0.6755
vn 0.0785 -0.6969 -0.7129
vn 0.0393 -0.4600 -0.8871
vn 0.6033 -0.5443 -0.5829
vn 0.0486 0.2948 -0.9543
vn 0.7792 0.4984 -0.3801
vn 0.4789 0.7780 -0.4067
vn 0.1065 0.9282 0.3566
vn -0.3212 0.8693 -0.3757
vn 0.1493 0.6657 -0.7311
vn -0.1681 0.7427 -0.6482
vn 0.3295 0.9372 0.1146
vn 0.9443 0.3291 0.0023
vn 0.9284 0.3350 0.1607
vn 0.8393 0.3478 0.4178
vn 0.9746 0.2159 0.0595
vn 0.5045 0.7725 0.3856
vn 0.5902 0.4800 -0.6491
vn 0.7987 0.0552 -0.5992
vn 0.8392 0.0696 -0.5393
vn 0.9878 0.1462 -0.0541
vn 0.7910 0.5908 -0.1591
vn 0.4376 -0.0851 -0.8951
vn 0.6664 0.2731 -0.6938
vn 0.7342 0.1735 -0.6564
vn 0.7691 0.3810 -0.5131
vn 0.9198 -0.1973 -0.3391
vn 0.5719 -0.1649 -0.8036
vn 0.4570 -0.3745 -0.8068
vn 0.6745 0.7324 0.0930
vn 0.6526 0.6521 0.3859
vn 0.6790 0.5485 0.4880
vn 0.7676 0.0464 0.6393
vn 0.8673 0.4894 0.0909
vn 0.9815 -0.1419 -0.1283
vn 0.3441 0.6291 -0.6970
vn 0.4335 0.6858 0.5846
vn 0.8570 0.1329 -0.4979
vn 0.9436 0.3235 0.0708
vn 0.9076 0.0608 -0.4155
vn 0.8192 0.4347 -0.3741
vn 0.9500 0.3124 -0.0029
vn 0.8959 0.4388 0.0689
vn 0.8493 0.4864 -0.2053
vn 0.7337 -0.6125 -0.2943
vn 0.7342 0.0718 0.6751
vn 0.7280 0.6815 -0.0745
vn 0.6369 0.4119 -0.6517
vn 0.6909 0.3920 -0.6075
vn 0.7614 0.6059 -0.2306
vn 0.7468 0.6423 -0.1725
vn 0.7582 0.6345 -0.1500
vn 0.6842 0.7216 -0.1056
vn 0.5311 0.5435 -0.6500
vn 0.8223 0.5684 0.0279
vn 0.4164 0.9084 0.0370
vn 0.2199 0.2472 -0.9437
vn 0.3861 0.2468 -0.8888
vn -0.0884 0.5274 -0.8450
vn 0.1846 -0.0803 -0.9795
vn 0.5311 -0.1569 -0.8326
vn 0.2172 -0.5158 -0.8287
vn 0.2223 0.0442 -0.9740
vn 0.1094 -0.0261 -0.9937
vn 0.4207 0.4405 -0.7931
vn 0.2031 0.1613 -0.9658
vn -0.0630 0.3826 -0.9218
vn -0.1916 0.1217 -0.9739
vn 0.1023 0.1779 -0.9787
vn 0.3328 -0.2350 -0.9133
vn 0.4591 -0.6341 -0.6222
vn 0.4226 -0.5785 -0.6976
vn 0.2352 -0.2391 -0.9421
vn 0.0296 -0.1233 -0.9919
vn 0.0314 -0.1367 -0.9901
vn 0.0551 0.1327 -0.9896
vn 0.3472 0.2329 -0.9084
vn 0.1417 0.1819 -0.9731
vn 0.4537 0.1927 -0.8700
vn 0.4489 0.0551 -0.8919
vn 0.4974 0.3109 -0.8099
vn 0.8628 0.2077 -0.4610
vn 0.5184 0.0524 -0.8535
vn 0.7992 -0.5385 -0.2671
vn 0.6930 -0.0987 -0.7142
vn -0.0367 0.6911 -0.7219
vn 0.0758 0.5824 -0.8094
vn 0.1113 0.5319 -0.8394
vn 0.5453 0.1662 -0.8216
vn 0.3398 0.4284 -0.8373
vn 0.4372 0.2297 -0.8695
vn 0.3368 0.9263 -0.1689
vn 0.5542 0.7208 -0.4163
vn 0.6914 0.5850 0.4240
vn 0.7934 0.5884 -0.1560
vn 0.3810 0.8369 0.3930
vn 0.7999 0.4824 -0.3569
vn 0.9512 -0.0808 0.2978
vn 0.5604 0.8278 0.0252
vn 0.6351 -0.4222 -0.6468
vn 0.9135 0.3747 -0.1586
vn 0.7040 0.4662 -0.5357
vn 0.7704 0.3736 -0.5165
vn 0.8219 -0.2166 -0.5268
vn 0.7555 0.0523 -0.6531
vn 0.8300 0.3996 -0.3893
vn 0.3902 0.9030 -0.1800
vn 0.4842 0.8449 -0.2274
vn 0.4559 -0.6121 -0.6462
vn 0.8681 -0.0984 -0.4865
vn 0.9718 0.1869 -0.1438
vn 0.3733 -0.0162 -0.9276
vn 0.3491 -0.0252 -0.9367
vn 0.7847 -0.6177 0.0519
vn 0.9668 -0.2554 -0.0059
vn 0.6563 0.4679 -0.5918
vn 0.8038 0.4381 -0.4025
vn 0.3178 -0.7139 0.6240
vn 0.7365 -0.6720 0.0770
vn 0.6974 0.4225 0.5789
vn 0.9591 0.2457 -0.1407
vn 0.5572 0.5750 0.5991
vn 0.9394 0.1160 0.3227
vn 0.8888 0.0473 -0.4559
vn 0.9005 -0.0731 -0.4287
vn 0.8819 0.2813 -0.3783
vn 0.8340 0.4664 -0.2948
vn 0.1037 -0.4293 0.8972
vn 0.0966 -0.4240 0.9005
vn 0.0093 -0.9999 0.0118
vn 0.0168 -0.1610 0.9868
vn 0.0806 -0.0562 0.9952
vn -0.2100 -0.8069 0.5521
vn 0.0523 -0.9310 0.3612
vn -0.1710 -0.7494 0.6397
vn 0.3523 -0.8469 -0.3984
vn 0.2732 -0.9584 -0.0828
vn -0.1229 -0.7691 0.6272
vn 0.0338 -0.8248 0.5644
vn 0.2578 -0.8207 0.5099
vn 0.2888 -0.8278 0.4811
vn 0.2367 -0.8750 0.4222
vn 0.4806 -0.8332 0.2734
vn 0.2454 -0.7799 0.5758
vn 0.2644 -0.6980 0.6655
vn 0.7190 -0.4178 0.5553
vn 0.1034 -0.3801 0.9192
vn -0.4707 -0.7310 0.4940
vn 0.2726 -0.9386 0.2116
vn -0.2529 -0.6519 0.7149
vn 0.2285 -0.9401 0.2531
vn 0.1713 -0.5454 0.8205
vn 0.5259 -0.8087 0.2634
vn 0.1327 0.1739 0.9758
vn 0.2716 0.0473 0.9613
vn -0.2782 -0.4692 0.8381
vn 0.2433 0.1144 0.9632
vn -0.1267 -0.8365 0.5331
vn 0.0331 -0.7217 0.6914
vn -0.0176 -0.5112 0.8593
vn -0.3275 -0.1242 0.9366
vn 0.2122 -0.4817 0.8503
vn 0.3781 -0.4412 0.8139
vn 0.0668 -0.9147 0.3986
vn 0.6189 -0.1649 0.7680
vn 0.6707 -0.6813 0.2934
vn 0.7758 -0.2909 0.5599
vn -0.0483 -0.2545 0.9659
vn 0.9236 0.3786 0.0603
vn -0.3704 0.5093 0.7768
vn 0.2660 0.3202 0.9092
vn -0.1588 0.7071 0.6891
vn -0.0367 -0.9666 0.2536
vn 0.6022 -0.7949 0.0738
vn 0.9838 -0.1065 -0.1439
vn 0.6116 -0.2403 -0.7538
vn -0.1290 -0.5253 0.8411
vn 0.3191 -0.9264 0.1998
vn 0.5921 -0.7217 -0.3586
vn 0.9765 -0.1096 -0.1853
vn 0.6630 -0.6943 0.2799
vn 0.8058 -0.3146 -0.5018
vn 0.8960 -0.2990 0.3284
vn 0.1944 -0.5503 0.8120
vn 0.6821 -0.0664 0.7282
vn 0.6038 0.0198 0.7969
vn 0.6501 0.2423 0.7202
vn 0.4689 -0.4497 0.7602
vn -0.2192 -0.9692 0.1125
vn 0.5567 -0.8031 -0.2125
vn 0.5379 -0.8311 -0.1411
vn 0.4454 -0.5263 0.7243
vn 0.1476 -0.4405 0.8855
vn 0.7117 -0.4084 0.5715
vn 0.7938 0.5010 -0.3447
vn 0.9487 0.1856 0.2558
vn 0.4231 -0.7170 0.5540
vn 0.2263 0.1516 0.9622
vn 0.9159 -0.4012 -0.0151
vn 0.9470 -0.0675 -0.3142
vn 0.9367 0.2921 0.1932
vn 0.6811 0.7316 0.0295
vn 0.7740 0.2383 0.5866
vn 0.4786 0.8747 -0.0769
vn 0.9109 0.3362 0.2392
vn 0.7591 0.6488 -0.0528
vn 0.2694 -0.8058 0.5274
vn 0.1445 -0.8672 0.4766
vn 0.6366 -0.2332 0.7351
vn -0.0088 0.7234 0.6904
vn -0.1259 -0.1544 0.9800
vn -0.0789 -0.3872 0.9186
vn 0.0268 0.0605 0.9978
vn -0.5077 0.3589 0.7832
vn -0.0792 -0.4702 0.8790
vn 0.1523 0.3905 0.9079
vn 0.3902 -0.1395 0.9101
vn -0.0380 0.4190 0.9072
vn 0.0016 0.5874 0.8093
vn -0.1569 -0.0824 0.9842
vn 0.0443 0.2268 0.9729
vn 0.0652 0.7911 0.6082
vn -0.1373 0.6480 0.7491
vn 0.4496 0.7586 0.4716
vn 0.1596 0.5168 0.8411
vn 0.0333 0.9413 0.3360
vn 0.1594 0.0093 0.9872
vn 0.3919 0.6529 0.6482
vn 0.7180 0.0668 0.6929
vn 0.7950 0.1155 0.5956
vn 0.6012 -0.2069 0.7718
vn 0.8887 0.3636 0.2793
vn -0.0857 0.6060 0.7908
vn 0.8483 0.3609 0.3874
vn -0.3177 0.5880 0.7439
vn 0.8908 0.2362 0.3882
vn 0.0930 0.6378 0.7646
vn -0.0515 0.6265 0.7777
vn -0.2963 0.1520 0.9429
vn -0.0016 0.1519 0.9884
vn 0.8263 -0.0827 0.5572
vn -0.0861 0.0423 0.9954
vn 0.4474 0.1395 0.8834
vn 0.8446 0.4860 0.2247
vn 0.8125 -0.3741 0.4471
vn 0.3722 0.0146 0.9281
vn 0.3153 0.2277 0.9213
vn 0.6470 0.1425 0.7491
vn 0.2978 0.6230 0.7233
vn 0.6691 -0.1813 0.7207
vn 0.7784 0.2328 0.5830
vn 0.8440 0.5344 -0.0451
vn 0.9082 0.3780 0.1798
vn -0.3204 0.7394 -0.5922
vn -0.4552 0.8582 -0.2372
vn 0.9811 -0.1895 0.0384
vn 0.6688 -0.3541 0.6537
vn 0.4166 -0.4812 0.7713
vn -0.1010 -0.5860 0.8040
vn 0.7530 -0.6373 0.1639
vn 0.5079 0.5781 -0.6386
vn 0.7725 -0.3621 -0.5216
vn 0.7747 -0.3320 -0.5381
vn 0.9463 -0.0079 -0.3232
vn 0.6016 -0.7514 0.2712
vn 0.7674 -0.6256 -0.1400
vn 0.7629 -0.4010 -0.5070
vn 0.8365 0.5458 -0.0496
vn 0.8673 -0.2682 0.4193
vn 0.9150 0.2733 -0.2968
vn 0.8828 -0.0411 -0.4679
vn 0.9832 0.1681 0.0706
vn 0.8355 0.0894 0.5422
vn 0.7915 0.0656 0.6076
vn 0.8945 0.3743 0.2446
vn 0.8503 0.4126 0.3268
vn 0.9594 0.1729 0.2228
vn 0.9685 0.1008 0.2279
vn 0.6064 0.0018 0.7952
vn 0.9220 -0.2725 0.2752
vn 0.6673 0.0588 0.7424
vn 0.4205 -0.1679 0.8916
vn 0.6028 -0.7883 0.1233
vn 0.3822 -0.9240 0.0095
vn 0.8267 0.2748 -0.4909
vn 0.9219 0.3874 -0.0073
vn 0.9749 -0.1407 -0.1726
vn 0.9839 0.1770 0.0257
vn 0.9971 0.0763 0.0057
vn 0.8142 -0.3272 0.4797
vn 0.7445 0.4325 -0.5085
vn 0.8967 0.1357 -0.4213
vn 0.9570 -0.2881 -0.0337
vn 0.7957 -0.1780 0.5789
vn 0.9815 0.1776 -0.0714
vn 0.7332 0.2473 0.6334
vn 0.9003 -0.0713 -0.4294
vn 0.8948 0.4311 -0.1163
vn 0.9224 0.3743 0.0951
vn 0.8048 0.4237 0.4156
vn 0.9831 0.1336 -0.1253
vn -0.1524 -0.9668 0.2052
vn 0.1147 -0.4224 0.8992
vn -0.0099 -0.3795 0.9251
vn -0.6885 -0.1055 0.7175
vn 0.6198 -0.0034 0.7848
vn 0.3483 0.8757 0.3345
vn -0.2230 -0.4259 -0.8769
vn 0.8444 0.1657 -0.5095
vn 0.3293 -0.1628 -0.9301
vn 0.8061 -0.3987 -0.4374
vn 0.3794 0.4906 -0.7845
vn 0.7083 0.2089 -0.6743
vn -0.2420 0.5847 -0.7743
vn 0.2290 0.9469 -0.2258
vn 0.4654 0.8838 -0.0476
vn -0.1017 0.9944 -0.0288
vn 0.0831 0.9965 0.0040
vn 0.4209 0.8298 -0.3663
vn 0.9771 -0.2119 -0.0171
vn 0.7667 -0.3568 -0.5337
vn 0.3301 -0.9418 0.0637
vn 0.0170 -0.6064 -0.7950
vn 0.8625 -0.3712 -0.3439
vn 0.7957 -0.4130 0.4431
vn 0.8561 -0.4067 0.3188
vn 0.5957 -0.4088 -0.6914
vn 0.8823 -0.0617 -0.4666
vn 0.9487 -0.2667 -0.1696
vn 0.9835 -0.1541 0.0946
vn 0.9734 -0.1712 -0.1523
vn 0.7842 -0.0168 0.6203
vn 0.7259 0.6129 -0.3122
vn 0.7840 -0.3826 -0.4889
vn 0.4204 -0.6848 -0.5953
vn 0.8804 -0.4650 0.0929
vn 0.5801 0.4019 -0.7085
vn 0.7900 0.4774 -0.3848
vn 0.9343 0.3390 -0.1103
vn 0.2391 0.9345 -0.2636
vn -0.0681 0.8544 -0.5151
vn 0.8471 0.4341 0.3065
vn -0.5254 0.8247 -0.2093
vn 0.5567 -0.5871 -0.5876
vn 0.1848 -0.3798 -0.9064
vn 0.6181 -0.0069 -0.7861
vn 0.7134 0.0287 -0.7002
vn 0.9025 0.4299 -0.0252
vn 0.9532 0.2887 0.0896
vn 0.2624 0.9589 -0.1080
vn 0.9104 0.1150 -0.3973
vn 0.8601 -0.0050 0.5101
vn 0.9246 0.2330 0.3013
vn 0.9198 0.3917 -0.0213
vn 0.9800 0.1427 -0.1389
vn 0.9481 0.3141 0.0503
vn 0.5011 -0.1746 -0.8476
vn 0.7231 -0.4774 -0.4992
vn -0.4003 0.4344 -0.8069
vn -0.6280 0.7504 -0.2061
vn -0.0717 0.8136 -0.5770
vn 0.3838 0.0162 -0.9233
vn 0.9153 0.0867 -0.3934
vn 0.6496 0.2302 -0.7246
vn 0.9141 0.3766 -0.1502
vn 0.7639 0.0579 -0.6428
vn 0.7626 0.2672 -0.5891
vn 0.5443 0.8132 -0.2060
vn -0.3410 0.8266 -0.4476
vn 0.4114 0.8066 -0.4244
vn 0.8296 0.3379 0.4444
vn 0.9636 -0.0833 0.2539
vn 0.5561 -0.0137 0.8310
vn 0.9772 0.0267 -0.2104
vn 0.9356 -0.2433 -0.2558
vn 0.8040 -0.2793 -0.5250
vn 0.7525 0.0905 0.6523
vn 0.4985 0.2637 0.8258
vn 0.7474 0.0504 0.6625
vn 0.1486 0.5023 0.8518
vn -0.2439 0.3855 0.8899
vn 0.5885 0.3356 0.7355
vn 0.9522 0.0373 0.3033
vn 0.1178 0.1464 0.9822
vn 0.3960 0.6680 0.6300
vn 0.9235 0.0463 -0.3807
vn 0.5295 0.7700 -0.3559
vn 0.4102 0.8517 0.3260
vn 0.9153 0.3628 -0.1748
vn 0.8608 0.4377 0.2595
vn 0.9794 0.1901 -0.0686
vn 0.9305 0.3475 -0.1155
vn -0.3402 0.5608 0.7548
vn 0.6147 0.0901 0.7836
vn 0.8653 0.1158 -0.4876
vn 0.9665 0.1236 -0.2248
vn 0.5710 0.6175 0.5410
vn 0.4934 0.7814 0.3820
vn 0.9560 0.2665 -0.1229
vn 0.3379 0.5960 0.7284
vn 0.7677 0.1426 0.6248
vn 0.8089 -0.4470 0.3819
vn 0.9720 0.2317 0.0398
vn 0.6592 0.3112 0.6845
vn 0.8416 -0.0014 0.5402
vn 0.9550 0.2964 -0.0152
vn 0.7412 0.5465 -0.3898
vn 0.4463 0.8929 0.0597
vn 0.6047 0.7885 0.1120
vn 0.9587 -0.2111 0.1908
vn 0.7823 0.5188 -0.3447
vn -0.6801 0.5104 0.5264
vn -0.5686 0.6022 0.5604
vn 0.7126 0.0994 0.6945
vn 0.3528 0.9354 -0.0233
vn 0.5114 0.2638 0.8178
vn 0.6963 0.7159 -0.0516
vn -0.1939 -0.1892 0.9626
vn -0.3008 -0.8346 -0.4616
vn -0.0151 -0.5812 0.8136
vn 0.5953 -0.7530 0.2802
vn 0.1363 -0.9771 -0.1635
vn 0.5169 0.1855 0.8357
vn 0.5179 0.7678 0.3771
vn 0.0639 0.9041 -0.4226
vn 0.3404 0.9248 0.1698
vn -0.5303 0.7566 -0.3826
vn 0.2324 0.9354 -0.2667
vn 0.1694 0.9323 -0.3195
vn 0.2488 0.9683 -0.0208
vn 0.8046 0.3707 -0.4640
vn 0.6687 0.6786 -0.3038
vn -0.2801 0.9049 -0.3204
vn 0.7247 0.4661 0.5076
vn 0.1569 0.7340 0.6608
vn 0.8142 0.1052 0.5710
vn -0.3551 0.8955 -0.2681
vn -0.5763 0.7708 0.2715
vn 0.5079 0.2582 0.8218
vn -0.3933 0.5190 0.7589
vn 0.6216 0.7742 0.1194
vn 0.3273 0.8958 0.3007
vn 0.3665 0.8858 0.2846
vn 0.6455 0.7575 0.0976
vn 0.6680 -0.1802 0.7220
vn 0.7309 0.4327 0.5278
vn 0.1862 0.1310 0.9737
vn 0.0476 0.0009 0.9989
vn -0.1467 -0.3033 0.9415
vn 0.4734 0.1394 0.8698
vn 0.5240 0.1541 0.8377
vn 0.8037 -0.3121 0.5066
vn 0.1565 -0.2280 0.9610
vn -0.0545 -0.1214 0.9911
vn 0.1322 0.0375 0.9905
vn 0.5346 -0.0465 0.8438
vn -0.2107 -0.9505 0.2285
vn 0.8881 0.0330 0.4584
vn 0.7088 0.0017 0.7054
vn 0.8143 0.2017 0.5442
vn 0.9522 0.1464 0.2682
vn 0.9846 -0.0229 0.1735
vn 0.9517 -0.0753 0.2977
vn 0.4213 0.7800 -0.4628
vn 0.9393 0.3368 0.0659
vn 0.1803 -0.2200 0.9587
vn 0.4856 -0.1770 0.8560
vn 0.6590 0.1094 0.7441
vn 0.7184 0.0038 0.6956
vn 0.6286 0.7457 -0.2208
vn 0.7037 0.7075 0.0652
vn 0.9833 0.0139 -0.1816
vn 0.8352 -0.4671 -0.2903
vn 0.5730 0.8074 0.1408
vn 0.6149 0.5195 -0.5933
vn 0.5896 0.4749 0.6534
vn 0.4492 -0.0558 0.8917
vn 0.6677 0.6724 0.3195
vn 0.7204 0.4942 0.4866
vn 0.5381 0.3515 0.7661
vn 0.6242 0.0496 0.7797
vn 0.8105 -0.5624 0.1638
vn 0.6057 0.4102 -0.6818
vn 0.8113 0.4648 0.3545
vn -0.1769 0.9080 0.3799
vn 0.4981 0.3841 0.7774
vn 0.9366 -0.3419 -0.0772
vn 0.4287 0.8870 -0.1717
vn 0.9793 0.2022 0.0106
vn 0.7761 0.4450 0.4468
vn 0.8368 -0.5022 0.2182
vn 0.6311 -0.2226 0.7430
vn 0.2873 0.7188 0.6331
vn 0.8447 0.4515 -0.2876
vn 0.8257 0.5641 0.0035
vn 0.0595 0.8908 -0.4505
vn 0.7129 0.4179 -0.5631
vn 0.9397 -0.3007 -0.1626
vn 0.5560 0.8232 -0.1144
vn 0.7977 -0.4346 0.4180
vn 0.8388 0.1311 -0.5284
vn 0.1145 -0.0279 0.9930
vn 0.6228 -0.7234 0.2980
vn 0.9385 -0.3001 -0.1708
vn 0.8187 0.5694 -0.0743
vn 0.7620 0.3047 -0.5715
vn 0.7104 0.5911 0.3821
vn -0.1710 -0.0281 0.9849
vn -0.4505 0.6475 0.6146
vn 0.5371 0.3884 0.7488
vn -0.2571 0.7938 -0.5512
vt 0.604663 0.594095
vt 0.618498 0.599768
vt 0.590443 0.614905
vt 0.613468 0.634265
vt 0.584081 0.597999
vt 0.572699 0.611780
vt 0.601947 0.585903
vt 0.588867 0.587448
vt 0.576404 0.581888
vt 0.552969 0.581789
vt 0.565165 0.579416
vt 0.569982 0.586869
vt 0.565117 0.600278
vt 0.553636 0.607523
vt 0.537182 0.606678
vt 0.534374 0.592223
vt 0.543989 0.584188
vt 0.535671 0.583988
vt 0.619837 0.587516
vt 0.590359 0.635011
vt 0.618000 0.700435
vt 0.627154 0.659216
vt 0.633569 0.691712
vt 0.646004 0.643795
vt 0.669150 0.658845
vt 0.654123 0.681459
vt 0.625845 0.600702
vt 0.639058 0.615300
vt 0.593923 0.658434
vt 0.188013 0.239443
vt 0.174764 0.261229
vt 0.173034 0.244519
vt 0.202929 0.231874
vt 0.204229 0.253782
vt 0.231786 0.242444
vt 0.219766 0.220906
vt 0.236443 0.231009
vt 0.230489 0.220547
vt 0.241316 0.240573
vt 0.166327 0.232607
vt 0.163683 0.220601
vt 0.178932 0.301762
vt 0.187765 0.290031
vt 0.206204 0.300278
vt 0.182568 0.267663
vt 0.196156 0.276854
vt 0.209906 0.286271
vt 0.212538 0.265799
vt 0.236036 0.264331
vt 0.336567 0.657071
vt 0.312780 0.654657
vt 0.318143 0.644708
vt 0.310746 0.644015
vt 0.314830 0.677428
vt 0.302791 0.661567
vt 0.293624 0.662407
vt 0.299138 0.679063
vt 0.314109 0.709531
vt 0.299208 0.702715
vt 0.310584 0.725127
vt 0.289767 0.681603
vt 0.339887 0.674652
vt 0.340129 0.664820
vt 0.341828 0.681448
vt 0.350759 0.677822
vt 0.229664 0.293585
vt 0.839879 0.555717
vt 0.848344 0.548409
vt 0.856344 0.558407
vt 0.824039 0.565320
vt 0.833104 0.555828
vt 0.824217 0.588256
vt 0.801060 0.586715
vt 0.812556 0.578279
vt 0.814289 0.610342
vt 0.867666 0.582296
vt 0.850961 0.614545
vt 0.865395 0.616126
vt 0.871751 0.610798
vt 0.872177 0.564573
vt 0.883313 0.572983
vt 0.894500 0.580288
vt 0.884532 0.598520
vt 0.854726 0.545413
vt 0.863681 0.543413
vt 0.880917 0.555929
vt 0.902751 0.534497
vt 0.917457 0.529806
vt 0.914351 0.536118
vt 0.908118 0.543615
vt 0.891357 0.543959
vt 0.899386 0.566337
vt 0.534867 0.635512
vt 0.546905 0.633202
vt 0.542339 0.653722
vt 0.532663 0.657828
vt 0.556037 0.659213
vt 0.557652 0.685615
vt 0.535109 0.671440
vt 0.573245 0.677586
vt 0.589212 0.681768
vt 0.568892 0.698259
vt 0.539914 0.681513
vt 0.592693 0.701337
vt 0.568397 0.627572
vt 0.548645 0.623470
vt 0.544205 0.615406
vt 0.894035 0.607883
vt 0.884233 0.616028
vt 0.893163 0.618962
vt 0.580705 0.667393
vt 0.571556 0.648459
vt 0.606647 0.692844
vt 0.581685 0.625230
vt 0.741840 0.607222
vt 0.705554 0.608271
vt 0.733724 0.576081
vt 0.755156 0.611961
vt 0.756425 0.595361
vt 0.778464 0.563667
vt 0.771232 0.569140
vt 0.771776 0.546402
vt 0.750990 0.579875
vt 0.706087 0.556788
vt 0.579513 0.708468
vt 0.706866 0.550577
vt 0.692825 0.542533
vt 0.680509 0.538961
vt 0.678603 0.545968
vt 0.670457 0.557595
vt 0.651414 0.586160
vt 0.671568 0.594041
vt 0.707586 0.578586
vt 0.792838 0.594906
vt 0.945170 0.084394
vt 0.944564 0.028840
vt 0.970091 0.050223
vt 0.966582 0.067033
vt 0.970709 0.091251
vt 0.942978 0.095625
vt 0.964169 0.120063
vt 0.934602 0.092354
vt 0.913972 0.045442
vt 0.979174 0.108332
vt 0.976272 0.114854
vt 0.244610 0.295347
vt 0.248207 0.281691
vt 0.360437 0.686416
vt 0.361282 0.698730
vt 0.345816 0.693167
vt 0.368918 0.689993
vt 0.344336 0.707210
vt 0.354298 0.705487
vt 0.360730 0.709792
vt 0.348903 0.718361
vt 0.373154 0.702173
vt 0.378689 0.694018
vt 0.367116 0.684970
vt 0.186909 0.664615
vt 0.179102 0.656379
vt 0.182579 0.647673
vt 0.171221 0.657397
vt 0.197541 0.662111
vt 0.168530 0.669115
vt 0.167735 0.644459
vt 0.163506 0.653062
vt 0.337172 0.720733
vt 0.232309 0.309377
vt 0.225506 0.325494
vt 0.223500 0.315017
vt 0.247887 0.316889
vt 0.244874 0.345735
vt 0.239100 0.343010
vt 0.250601 0.336110
vt 0.261245 0.352276
vt 0.252109 0.354762
vt 0.243344 0.355827
vt 0.266468 0.367489
vt 0.276725 0.373187
vt 0.278243 0.394499
vt 0.265621 0.387882
vt 0.261588 0.382659
vt 0.261960 0.392066
vt 0.246798 0.325504
vt 0.261520 0.328154
vt 0.252032 0.320725
vt 0.621874 0.030440
vt 0.625586 0.023247
vt 0.630298 0.042979
vt 0.611317 0.027899
vt 0.613185 0.018809
vt 0.622197 0.003452
vt 0.609427 0.008088
vt 0.624219 0.012319
vt 0.272682 0.333158
vt 0.275208 0.319190
vt 0.280179 0.325474
vt 0.623571 0.042785
vt 0.607200 0.038545
vt 0.261859 0.982732
vt 0.257224 0.966820
vt 0.264302 0.971268
vt 0.253180 0.982663
vt 0.261208 0.950641
vt 0.269423 0.957395
vt 0.255564 0.954494
vt 0.281135 0.964706
vt 0.628364 0.051736
vt 0.617820 0.052091
vt 0.284742 0.977025
vt 0.276793 0.990243
vt 0.290879 0.965943
vt 0.268425 0.997236
vt 0.386867 0.039317
vt 0.409813 0.035018
vt 0.408443 0.050196
vt 0.426604 0.048456
vt 0.420929 0.032672
vt 0.435876 0.044067
vt 0.432050 0.061810
vt 0.407556 0.065558
vt 0.399965 0.021933
vt 0.407084 0.025486
vt 0.385871 0.024383
vt 0.417813 0.026811
vt 0.434075 0.024212
vt 0.447519 0.038299
vt 0.442024 0.019676
vt 0.425421 0.023148
vt 0.363439 0.028470
vt 0.364805 0.031124
vt 0.401522 0.057852
vt 0.393518 0.059829
vt 0.205588 0.985229
vt 0.211934 0.980179
vt 0.229525 0.988631
vt 0.230227 0.982000
vt 0.220485 0.980574
vt 0.215697 0.995599
vt 0.451385 0.027955
vt 0.445456 0.048759
vt 0.441541 0.056012
vt 0.453931 0.037321
vt 0.681042 0.353250
vt 0.670772 0.351535
vt 0.685954 0.348480
vt 0.663267 0.339348
vt 0.683019 0.336698
vt 0.650563 0.319780
vt 0.653857 0.338746
vt 0.645291 0.331646
vt 0.646085 0.326720
vt 0.643381 0.322281
vt 0.662990 0.325344
vt 0.691917 0.342674
vt 0.746165 0.304133
vt 0.752713 0.315260
vt 0.740197 0.314861
vt 0.730006 0.318383
vt 0.721826 0.314011
vt 0.700343 0.329209
vt 0.698700 0.315642
vt 0.678213 0.302440
vt 0.721131 0.286296
vt 0.689232 0.264575
vt 0.723161 0.270938
vt 0.653603 0.256402
vt 0.662864 0.272142
vt 0.654553 0.272799
vt 0.674099 0.250095
vt 0.668013 0.289544
vt 0.656904 0.288438
vt 0.658348 0.301415
vt 0.647209 0.302061
vt 0.641397 0.314327
vt 0.636980 0.321751
vt 0.685300 0.317116
vt 0.733979 0.854393
vt 0.716114 0.855074
vt 0.720923 0.840170
vt 0.750244 0.847914
vt 0.742746 0.843697
vt 0.765030 0.837114
vt 0.773450 0.839589
vt 0.761417 0.819574
vt 0.749072 0.822319
vt 0.766389 0.814149
vt 0.088714 0.021734
vt 0.092641 0.008749
vt 0.101531 0.010794
vt 0.733382 0.835043
vt 0.744910 0.831295
vt 0.730846 0.828799
vt 0.738885 0.819884
vt 0.719544 0.829011
vt 0.711223 0.828621
vt 0.090212 0.960966
vt 0.093270 0.955120
vt 0.110812 0.961022
vt 0.106763 0.945726
vt 0.115383 0.945039
vt 0.124227 0.955790
vt 0.134161 0.954539
vt 0.138042 0.961344
vt 0.763660 0.285525
vt 0.773782 0.304086
vt 0.765066 0.309675
vt 0.772648 0.292933
vt 0.770583 0.288173
vt 0.772437 0.280315
vt 0.746011 0.274384
vt 0.756192 0.295957
vt 0.761073 0.303296
vt 0.115491 0.986119
vt 0.102513 0.975469
vt 0.118200 0.973890
vt 0.078994 0.025797
vt 0.083270 0.027793
vt 0.070013 0.012199
vt 0.083504 0.004712
vt 0.070756 0.023938
vt 0.532691 0.604026
vt 0.764767 0.268847
vt 0.898757 0.516812
vt 0.905793 0.519174
vt 0.072987 0.007193
vt 0.064678 0.009032
vt 0.054863 0.012454
vt 0.058879 0.024289
vt 0.053616 0.018156
vt 0.736174 0.864314
vt 0.738517 0.856870
vt 0.382499 0.701609
vt 0.192904 0.690974
vt 0.203886 0.684657
vt 0.203504 0.691670
vt 0.203130 0.673822
vt 0.184302 0.679698
vt 0.197101 0.665832
vt 0.187404 0.696669
vt 0.171519 0.696010
vt 0.184076 0.705314
vt 0.169625 0.722222
vt 0.155342 0.723436
vt 0.161043 0.728471
vt 0.162227 0.679365
vt 0.147089 0.685920
vt 0.149587 0.678120
vt 0.770272 0.264335
vt 0.750005 0.256397
vt 0.692326 0.235628
vt 0.677464 0.232178
vt 0.668035 0.237602
vt 0.244707 0.200428
vt 0.237801 0.205397
vt 0.227730 0.192808
vt 0.268681 0.183668
vt 0.277050 0.160324
vt 0.278349 0.176719
vt 0.219372 0.190657
vt 0.214792 0.173013
vt 0.210960 0.151212
vt 0.215129 0.139891
vt 0.211181 0.160087
vt 0.255281 0.132508
vt 0.277975 0.133459
vt 0.289190 0.145374
vt 0.162220 0.661111
vt 0.158955 0.646634
vt 0.157187 0.660655
vt 0.163557 0.677208
vt 0.113403 0.368060
vt 0.121694 0.373981
vt 0.114631 0.375976
vt 0.128235 0.370539
vt 0.129078 0.373523
vt 0.122723 0.382407
vt 0.109125 0.384263
vt 0.092187 0.354581
vt 0.100858 0.360181
vt 0.087861 0.362850
vt 0.079932 0.357405
vt 0.094186 0.375653
vt 0.099455 0.386108
vt 0.088030 0.386647
vt 0.069425 0.390372
vt 0.077864 0.401548
vt 0.103222 0.393240
vt 0.127682 0.392651
vt 0.128428 0.401193
vt 0.104418 0.400854
vt 0.126749 0.364436
vt 0.803039 0.772428
vt 0.830926 0.779023
vt 0.815524 0.788007
vt 0.827098 0.785715
vt 0.792208 0.786143
vt 0.784415 0.772951
vt 0.770513 0.768840
vt 0.765422 0.777838
vt 0.775712 0.780849
vt 0.766883 0.788248
vt 0.755669 0.796188
vt 0.779339 0.799538
vt 0.763949 0.799766
vt 0.768723 0.758204
vt 0.769724 0.745243
vt 0.770910 0.734601
vt 0.774934 0.739737
vt 0.768102 0.738456
vt 0.837811 0.788094
vt 0.791822 0.795750
vt 0.806473 0.797010
vt 0.781144 0.793076
vt 0.840249 0.792307
vt 0.053114 0.236793
vt 0.054462 0.232475
vt 0.057669 0.244179
vt 0.067589 0.233016
vt 0.060546 0.224582
vt 0.073938 0.257651
vt 0.061819 0.265605
vt 0.076752 0.272284
vt 0.074089 0.360408
vt 0.065593 0.363502
vt 0.068769 0.375311
vt 0.048872 0.841028
vt 0.070424 0.844089
vt 0.066704 0.855722
vt 0.057119 0.838987
vt 0.080853 0.854627
vt 0.082681 0.841108
vt 0.091055 0.848614
vt 0.299001 0.155090
vt 0.290512 0.668305
vt 0.071091 0.285169
vt 0.078767 0.283816
vt 0.778967 0.030942
vt 0.768962 0.040957
vt 0.770450 0.031612
vt 0.765088 0.015656
vt 0.757209 0.024973
vt 0.753728 0.021034
vt 0.750417 0.059331
vt 0.755759 0.051016
vt 0.757022 0.059650
vt 0.769361 0.053934
vt 0.572638 0.437435
vt 0.566394 0.425376
vt 0.579388 0.429435
vt 0.574971 0.417489
vt 0.564258 0.398397
vt 0.559108 0.413690
vt 0.573983 0.404693
vt 0.587944 0.405671
vt 0.594226 0.397666
vt 0.596696 0.411868
vt 0.601343 0.422908
vt 0.595860 0.427337
vt 0.591244 0.453469
vt 0.592630 0.424613
vt 0.578439 0.442382
vt 0.581547 0.416746
vt 0.583393 0.452675
vt 0.525156 0.813819
vt 0.546016 0.826572
vt 0.536309 0.836386
vt 0.542806 0.813528
vt 0.552086 0.836839
vt 0.524613 0.837017
vt 0.528448 0.846270
vt 0.517294 0.844888
vt 0.511539 0.817665
vt 0.506713 0.838637
vt 0.537800 0.803763
vt 0.562786 0.827139
vt 0.551178 0.856193
vt 0.501656 0.864524
vt 0.518444 0.861331
vt 0.508547 0.864763
vt 0.488397 0.836056
vt 0.500110 0.851744
vt 0.499142 0.818893
vt 0.494919 0.832672
vt 0.565620 0.380551
vt 0.582750 0.377243
vt 0.557406 0.397096
vt 0.534443 0.378851
vt 0.533625 0.385053
vt 0.552588 0.380039
vt 0.539079 0.370896
vt 0.561853 0.358055
vt 0.584243 0.356889
vt 0.551620 0.330577
vt 0.534948 0.359008
vt 0.544616 0.337157
vt 0.607265 0.377421
vt 0.615482 0.366760
vt 0.617082 0.351536
vt 0.597673 0.340115
vt 0.547701 0.862644
vt 0.110587 0.331646
vt 0.122121 0.315340
vt 0.119428 0.341721
vt 0.131008 0.329807
vt 0.106486 0.306385
vt 0.113609 0.287220
vt 0.102974 0.276375
vt 0.110279 0.276930
vt 0.102101 0.327249
vt 0.624339 0.355361
vt 0.123888 0.345304
vt 0.143127 0.326543
vt 0.147019 0.319891
vt 0.150556 0.319277
vt 0.130484 0.305567
vt 0.294845 0.383597
vt 0.289408 0.371205
vt 0.302499 0.374660
vt 0.306140 0.387860
vt 0.323073 0.398581
vt 0.307768 0.405898
vt 0.298753 0.401673
vt 0.312888 0.414425
vt 0.334702 0.401455
vt 0.357261 0.389327
vt 0.346924 0.396276
vt 0.344957 0.382864
vt 0.352645 0.376512
vt 0.340175 0.369978
vt 0.330351 0.389062
vt 0.321163 0.371445
vt 0.317901 0.379122
vt 0.315456 0.362398
vt 0.337805 0.354433
vt 0.157270 0.312191
vt 0.164153 0.318623
vt 0.843220 0.368857
vt 0.864110 0.354908
vt 0.867614 0.363618
vt 0.847044 0.353853
vt 0.855957 0.375579
vt 0.866612 0.368759
vt 0.847210 0.406477
vt 0.823875 0.360819
vt 0.824567 0.391665
vt 0.827809 0.412666
vt 0.614436 0.345295
vt 0.292977 0.361358
vt 0.309538 0.359476
vt 0.292596 0.348397
vt 0.325146 0.345826
vt 0.298856 0.334810
vt 0.319181 0.334713
vt 0.288430 0.340915
vt 0.320509 0.323492
vt 0.318630 0.305298
vt 0.304875 0.317312
vt 0.295356 0.413006
vt 0.304463 0.417296
vt 0.564093 0.325527
vt 0.593534 0.324491
vt 0.545456 0.307971
vt 0.817545 0.433913
vt 0.836838 0.431924
vt 0.850252 0.434391
vt 0.835351 0.447602
vt 0.857463 0.416773
vt 0.336107 0.326984
vt 0.344484 0.348100
vt 0.345766 0.356721
vt 0.349945 0.365707
vt 0.673093 0.167134
vt 0.711314 0.165847
vt 0.694336 0.178618
vt 0.673331 0.182574
vt 0.665271 0.196370
vt 0.657756 0.182569
vt 0.647914 0.159964
vt 0.625621 0.168626
vt 0.625366 0.156896
vt 0.633009 0.150768
vt 0.293176 0.821208
vt 0.304269 0.817832
vt 0.313450 0.844883
vt 0.326829 0.829211
vt 0.337801 0.854506
vt 0.325520 0.845591
vt 0.279407 0.845641
vt 0.268250 0.837679
vt 0.285879 0.860103
vt 0.265821 0.851791
vt 0.278968 0.875685
vt 0.267254 0.876332
vt 0.712867 0.155985
vt 0.737864 0.151700
vt 0.807299 0.419756
vt 0.820727 0.380687
vt 0.813580 0.373135
vt 0.788786 0.351617
vt 0.782801 0.365403
vt 0.766518 0.352882
vt 0.782249 0.342808
vt 0.776028 0.345342
vt 0.792906 0.408338
vt 0.776283 0.392193
vt 0.766647 0.375676
vt 0.785054 0.425399
vt 0.804807 0.434882
vt 0.778751 0.011737
vt 0.771968 0.002391
vt 0.929356 0.732040
vt 0.940703 0.747905
vt 0.911135 0.752020
vt 0.910738 0.736430
vt 0.953838 0.739562
vt 0.950207 0.722251
vt 0.918139 0.726613
vt 0.236470 0.722046
vt 0.245421 0.734095
vt 0.219692 0.748849
vt 0.239983 0.759292
vt 0.235512 0.765650
vt 0.256278 0.770893
vt 0.258217 0.761840
vt 0.219768 0.695734
vt 0.229351 0.694359
vt 0.203542 0.731633
vt 0.215676 0.776534
vt 0.194300 0.752495
vt 0.036072 0.171079
vt 0.028892 0.149132
vt 0.044840 0.169068
vt 0.022263 0.132841
vt 0.044895 0.153571
vt 0.018479 0.161679
vt 0.020102 0.175931
vt 0.772309 0.964725
vt 0.773848 0.970738
vt 0.753721 0.978575
vt 0.756194 0.968242
vt 0.744323 0.978251
vt 0.737454 0.983389
vt 0.737577 0.977477
vt 0.749805 0.967475
vt 0.745280 0.993613
vt 0.770575 0.983908
vt 0.768224 0.995979
vt 0.774796 0.977656
vt 0.734957 0.993165
vt 0.732349 0.998750
vt 0.498842 0.124612
vt 0.506010 0.112711
vt 0.519462 0.123530
vt 0.512371 0.153403
vt 0.516236 0.140443
vt 0.577182 0.147103
vt 0.596179 0.166516
vt 0.578045 0.179898
vt 0.596492 0.150164
vt 0.551220 0.177691
vt 0.534444 0.166633
vt 0.018946 0.918277
vt 0.004052 0.917598
vt 0.022195 0.902481
vt 0.002724 0.891302
vt 0.038730 0.902245
vt 0.035286 0.908668
vt 0.028060 0.922595
vt 0.497125 0.145341
vt 0.490991 0.135084
vt 0.901582 0.746887
vt 0.643541 0.128726
vt 0.657840 0.124877
vt 0.653836 0.138014
vt 0.647304 0.120874
vt 0.650389 0.105127
vt 0.654731 0.091508
vt 0.624553 0.091938
vt 0.650100 0.080204
vt 0.628791 0.068490
vt 0.622998 0.109550
vt 0.608816 0.105677
vt 0.600281 0.099324
vt 0.205939 0.716124
vt 0.967485 0.733151
vt 0.982255 0.716660
vt 0.972222 0.710501
vt 0.945899 0.716327
vt 0.485657 0.218809
vt 0.471675 0.198366
vt 0.475051 0.193877
vt 0.478812 0.233033
vt 0.453082 0.222636
vt 0.459575 0.211867
vt 0.439889 0.241566
vt 0.434025 0.233991
vt 0.441051 0.211871
vt 0.463360 0.197773
vt 0.829702 0.183612
vt 0.831904 0.218017
vt 0.825428 0.194912
vt 0.805305 0.171458
vt 0.799460 0.192938
vt 0.784309 0.191590
vt 0.791026 0.202958
vt 0.812506 0.216720
vt 0.798046 0.228023
vt 0.820050 0.211900
vt 0.492368 0.157452
vt 0.485326 0.162389
vt 0.467396 0.159762
vt 0.345680 0.419323
vt 0.364852 0.407103
vt 0.379561 0.433384
vt 0.354628 0.435891
vt 0.383777 0.401070
vt 0.398839 0.407134
vt 0.400291 0.422823
vt 0.373201 0.453435
vt 0.346919 0.457668
vt 0.359609 0.466677
vt 0.345992 0.472619
vt 0.356392 0.480449
vt 0.342249 0.484438
vt 0.481226 0.150467
vt 0.480095 0.148642
vt 0.439806 0.156850
vt 0.441087 0.174826
vt 0.444729 0.142971
vt 0.424704 0.142514
vt 0.410392 0.159243
vt 0.408521 0.140431
vt 0.424465 0.158927
vt 0.399772 0.151451
vt 0.399817 0.178608
vt 0.412506 0.181799
vt 0.392107 0.189839
vt 0.396223 0.202018
vt 0.399416 0.223348
vt 0.404898 0.218514
vt 0.422235 0.203691
vt 0.438613 0.189939
vt 0.428444 0.203697
vt 0.410215 0.223238
vt 0.845668 0.176197
vt 0.849548 0.188474
vt 0.831693 0.170643
vt 0.794466 0.157843
vt 0.820290 0.159888
vt 0.782792 0.169689
vt 0.723838 0.220074
vt 0.726980 0.203560
vt 0.755090 0.220865
vt 0.773944 0.221958
vt 0.774937 0.243361
vt 0.766875 0.232999
vt 0.765667 0.205768
vt 0.753726 0.188245
vt 0.742165 0.183393
vt 0.778317 0.189534
vt 0.771984 0.176510
vt 0.788472 0.235272
vt 0.815147 0.240204
vt 0.004273 0.155422
vt 0.565049 0.174391
vt 0.094270 0.948200
vt 0.855191 0.219917
vt 0.853115 0.239654
vt 0.849197 0.228758
vt 0.845283 0.251236
vt 0.825789 0.249306
vt 0.832807 0.231042
vt 0.850372 0.206384
vt 0.494008 0.815620
vt 0.246709 0.745144
vt 0.001559 0.143027
vt 0.764550 0.168624
vt 0.571118 0.112205
vt 0.606757 0.133458
vt 0.168278 0.013950
vt 0.181356 0.010523
vt 0.196253 0.025341
vt 0.195830 0.015636
vt 0.837645 0.343345
vt 0.834134 0.351598
vt 0.825054 0.347140
vt 0.796229 0.353228
vt 0.169499 0.036163
vt 0.198333 0.034644
vt 0.186512 0.051891
vt 0.173903 0.059187
vt 0.492007 0.861921
vt 0.197384 0.784130
vt 0.165731 0.049448
vt 0.554481 0.785973
vt 0.540933 0.767973
vt 0.553105 0.761954
vt 0.568038 0.783677
vt 0.578083 0.771114
vt 0.587646 0.771271
vt 0.602135 0.761148
vt 0.588497 0.735967
vt 0.568284 0.741607
vt 0.602364 0.722138
vt 0.614585 0.751028
vt 0.614089 0.729447
vt 0.626199 0.746227
vt 0.582491 0.734116
vt 0.610660 0.786446
vt 0.633169 0.755151
vt 0.620319 0.760859
vt 0.642889 0.774417
vt 0.631484 0.783231
vt 0.910094 0.837442
vt 0.922732 0.818264
vt 0.930824 0.816750
vt 0.949236 0.848194
vt 0.914363 0.851706
vt 0.943281 0.830267
vt 0.973984 0.825702
vt 0.982999 0.848242
vt 0.755622 0.164637
vt 0.787667 0.255197
vt 0.820342 0.928169
vt 0.824921 0.918129
vt 0.830910 0.928286
vt 0.839175 0.952257
vt 0.834089 0.941685
vt 0.851785 0.935376
vt 0.851778 0.956847
vt 0.871256 0.950721
vt 0.870874 0.961041
vt 0.973474 0.804022
vt 0.951551 0.799030
vt 0.967218 0.793717
vt 0.858371 0.917341
vt 0.979228 0.811201
vt 0.743505 0.352849
vt 0.751032 0.349906
vt 0.714565 0.350843
vt 0.717329 0.360721
vt 0.705776 0.350753
vt 0.747103 0.374378
vt 0.739768 0.351201
vt 0.756642 0.400551
vt 0.741334 0.393101
vt 0.734782 0.380944
vt 0.876701 0.954799
vt 0.981123 0.854523
vt 0.968904 0.026701
vt 0.987499 0.012639
vt 0.975485 0.029503
vt 0.979867 0.004191
vt 0.953293 0.004036
vt 0.956617 0.015517
vt 0.951073 0.015977
vt 0.944486 0.010814
vt 0.943563 0.005517
vt 0.148147 0.276875
vt 0.123974 0.263755
vt 0.132115 0.263219
vt 0.142255 0.251900
vt 0.136864 0.230262
vt 0.148077 0.248172
vt 0.120763 0.249302
vt 0.121150 0.215402
vt 0.151616 0.275208
vt 0.960108 0.024899
vt 0.025978 0.726309
vt 0.020174 0.726672
vt 0.027437 0.720824
vt 0.014014 0.722920
vt 0.023168 0.705088
vt 0.013149 0.717703
vt 0.038132 0.708526
vt 0.053191 0.714451
vt 0.058329 0.716938
vt 0.048589 0.728879
vt 0.038342 0.729099
vt 0.920068 0.986978
vt 0.924395 0.993609
vt 0.905139 0.993074
vt 0.924505 0.976245
vt 0.916248 0.975767
vt 0.899240 0.973027
vt 0.907896 0.974361
vt 0.900125 0.981583
vt 0.869628 0.884450
vt 0.864091 0.879327
vt 0.876753 0.870445
vt 0.888980 0.875095
vt 0.893918 0.899542
vt 0.897988 0.886734
vt 0.046425 0.791834
vt 0.035936 0.768972
vt 0.056165 0.773744
vt 0.057814 0.782286
vt 0.053355 0.760501
vt 0.031592 0.788017
vt 0.031145 0.804548
vt 0.045552 0.804608
vt 0.064357 0.793363
vt 0.051840 0.802106
vt 0.908260 0.941914
vt 0.918245 0.928366
vt 0.917212 0.939913
vt 0.930404 0.943515
vt 0.948321 0.929212
vt 0.943692 0.943684
vt 0.920291 0.961745
vt 0.938810 0.962642
vt 0.958548 0.958155
vt 0.908474 0.960613
vt 0.945112 0.912260
vt 0.934224 0.917860
vt 0.925239 0.913054
vt 0.950072 0.895377
vt 0.959300 0.906468
vt 0.916054 0.888243
vt 0.957977 0.913313
vt 0.965907 0.915739
vt 0.975404 0.916288
vt 0.975842 0.913076
vt 0.971328 0.920083
vt 0.909796 0.914853
vt 0.912471 0.908064
vt 0.926424 0.871493
vt 0.940691 0.877817
vt 0.956327 0.875814
vt 0.958639 0.868955
vt 0.967508 0.889824
vt 0.971513 0.898784
vt 0.025992 0.533704
vt 0.048030 0.529419
vt 0.042587 0.555444
vt 0.020400 0.553103
vt 0.054672 0.538122
vt 0.031654 0.518953
vt 0.018090 0.524206
vt 0.010971 0.531399
vt 0.880934 0.800781
vt 0.897139 0.773446
vt 0.906891 0.786631
vt 0.901126 0.804466
vt 0.877427 0.771340
vt 0.918717 0.776957
vt 0.934291 0.792668
vt 0.924851 0.800034
vt 0.935564 0.779977
vt 0.928965 0.772930
vt 0.942020 0.769912
vt 0.049557 0.518737
vt 0.035135 0.563310
vt 0.036902 0.605756
vt 0.031443 0.616065
vt 0.020387 0.601879
vt 0.024392 0.585721
vt 0.006334 0.587185
vt 0.033576 0.590724
vt 0.702741 0.836915
vt 0.699748 0.830734
vt 0.710430 0.848400
vt 0.702938 0.844854
vt 0.037639 0.611248
vt 0.121943 0.016222
vt 0.124105 0.031047
vt 0.115913 0.024731
vt 0.104809 0.029764
vt 0.095908 0.038715
vt 0.112089 0.048302
vt 0.100749 0.047425
vt 0.126835 0.041641
vt 0.124260 0.055829
vt 0.140248 0.044290
vt 0.123299 0.064367
vt 0.141391 0.058148
vt 0.150423 0.055723
vt 0.151470 0.042003
vt 0.116406 0.012101
vt 0.131500 0.004672
vt 0.143146 0.026900
vt 0.138201 0.009637
vt 0.138937 0.032695
vt 0.095455 0.035591
vt 0.088843 0.055381
vt 0.100084 0.063704
vt 0.107768 0.068014
vt 0.098625 0.071821
vt 0.082897 0.054783
vt 0.217482 0.470175
vt 0.212312 0.466669
vt 0.212748 0.456034
vt 0.225263 0.454635
vt 0.212448 0.444917
vt 0.214509 0.438870
vt 0.224747 0.434154
vt 0.214519 0.427243
vt 0.237541 0.461302
vt 0.231928 0.465281
vt 0.227231 0.476135
vt 0.244981 0.456865
vt 0.250036 0.465550
vt 0.249919 0.451881
vt 0.238970 0.438095
vt 0.240831 0.397047
vt 0.261317 0.406995
vt 0.238933 0.412611
vt 0.235530 0.405367
vt 0.257991 0.415970
vt 0.250363 0.425676
vt 0.235589 0.426388
vt 0.219204 0.401571
vt 0.252458 0.436588
vt 0.843000 0.816125
vt 0.839790 0.828774
vt 0.820549 0.829622
vt 0.833753 0.809882
vt 0.847891 0.807124
vt 0.796228 0.820644
vt 0.808308 0.843891
vt 0.826034 0.835145
vt 0.837653 0.835502
vt 0.835844 0.851196
vt 0.850676 0.827346
vt 0.857272 0.855936
vt 0.834022 0.865533
vt 0.858476 0.842390
vt 0.861109 0.828366
vt 0.869824 0.832988
vt 0.878879 0.838493
vt 0.863396 0.856558
vt 0.865242 0.817219
vt 0.225512 0.198948
vt 0.801744 0.816330
vt 0.810649 0.818625
vt 0.220532 0.413915
vt 0.210855 0.414209
vt 0.211577 0.403535
vt 0.273921 0.430067
vt 0.276582 0.419973
vt 0.226112 0.393843
vt 0.058305 0.645516
vt 0.076067 0.647984
vt 0.059392 0.664211
vt 0.053934 0.667523
vt 0.074731 0.676387
vt 0.071286 0.644110
vt 0.056947 0.683535
vt 0.084490 0.648263
vt 0.094459 0.652848
vt 0.778726 0.897410
vt 0.773267 0.904855
vt 0.757724 0.891652
vt 0.786873 0.907857
vt 0.795735 0.906043
vt 0.801998 0.895222
vt 0.798364 0.881198
vt 0.809790 0.882234
vt 0.797981 0.864061
vt 0.794676 0.871738
vt 0.787518 0.864205
vt 0.813123 0.896468
vt 0.229106 0.114050
vt 0.216244 0.118086
vt 0.248194 0.111894
vt 0.028834 0.231187
vt 0.036435 0.264029
vt 0.028814 0.251046
vt 0.608624 0.805608
vt 0.641315 0.803989
vt 0.644464 0.821743
vt 0.626828 0.832242
vt 0.607169 0.826996
vt 0.472575 0.992281
vt 0.492426 0.971673
vt 0.482082 0.998090
vt 0.507504 0.998159
vt 0.496031 0.964235
vt 0.751825 0.877057
vt 0.772035 0.885714
vt 0.780589 0.877040
vt 0.756142 0.863670
vt 0.040336 0.197063
vt 0.033121 0.196475
vt 0.020960 0.195779
vt 0.025775 0.207075
vt 0.849529 0.881650
vt 0.836341 0.901685
vt 0.861725 0.898912
vt 0.151014 0.232886
vt 0.007370 0.231002
vt 0.013697 0.048789
vt 0.024826 0.051381
vt 0.020886 0.065600
vt 0.028731 0.063739
vt 0.029940 0.061649
vt 0.030427 0.058428
vt 0.192674 0.843146
vt 0.179237 0.829533
vt 0.194217 0.821917
vt 0.178872 0.849278
vt 0.193450 0.854317
vt 0.205291 0.841734
vt 0.242866 0.830421
vt 0.225609 0.849912
vt 0.227958 0.807754
vt 0.202165 0.798540
vt 0.238406 0.850564
vt 0.246120 0.853122
vt 0.244666 0.852883
vt 0.446134 0.834354
vt 0.457224 0.836565
vt 0.446809 0.847848
vt 0.466705 0.852028
vt 0.432323 0.892070
vt 0.441556 0.861088
vt 0.455956 0.876207
vt 0.464311 0.893088
vt 0.453967 0.904619
vt 0.448269 0.897812
vt 0.473134 0.892509
vt 0.009836 0.031876
vt 0.028485 0.036041
vt 0.017322 0.025587
vt 0.170757 0.837132
vt 0.183687 0.807111
vt 0.190787 0.798547
vt 0.585271 0.807727
vt 0.590085 0.799933
vt 0.570583 0.803884
vt 0.569118 0.805104
vt 0.583021 0.822367
vt 0.957953 0.933150
vt 0.407293 0.588768
vt 0.409948 0.598500
vt 0.393776 0.597083
vt 0.425048 0.590189
vt 0.423113 0.614866
vt 0.418296 0.631457
vt 0.397289 0.617912
vt 0.434629 0.629545
vt 0.393378 0.657080
vt 0.409643 0.682632
vt 0.423725 0.655688
vt 0.430659 0.680248
vt 0.446580 0.649014
vt 0.434062 0.605396
vt 0.450079 0.669250
vt 0.437476 0.695719
vt 0.433286 0.698535
vt 0.194609 0.535411
vt 0.185211 0.552503
vt 0.177720 0.542028
vt 0.480735 0.038426
vt 0.471307 0.046475
vt 0.476199 0.029057
vt 0.884403 0.807882
vt 0.858670 0.777345
vt 0.853986 0.770218
vt 0.881572 0.761557
vt 0.215601 0.519256
vt 0.201245 0.520159
vt 0.215238 0.503441
vt 0.172097 0.470326
vt 0.196527 0.481543
vt 0.225748 0.496645
vt 0.221456 0.491826
vt 0.235555 0.509976
vt 0.421877 0.553017
vt 0.403877 0.560220
vt 0.398047 0.537501
vt 0.426019 0.523642
vt 0.454051 0.534463
vt 0.445480 0.546809
vt 0.432380 0.503925
vt 0.410754 0.485728
vt 0.399039 0.514811
vt 0.391384 0.485572
vt 0.379032 0.475870
vt 0.380229 0.488241
vt 0.372207 0.489688
vt 0.110717 0.445200
vt 0.149970 0.457703
vt 0.131017 0.469645
vt 0.119559 0.485086
vt 0.100225 0.457425
vt 0.124462 0.426510
vt 0.132996 0.419052
vt 0.160881 0.426801
vt 0.166665 0.444413
vt 0.094762 0.441697
vt 0.102128 0.424598
vt 0.112028 0.415037
vt 0.423675 0.897193
vt 0.428970 0.899861
vt 0.425214 0.898939
vt 0.973945 0.987220
vt 0.966146 0.977949
vt 0.983135 0.971388
vt 0.986594 0.992573
vt 0.993133 0.977041
vt 0.398068 0.866163
vt 0.404828 0.844658
vt 0.417015 0.866370
vt 0.374270 0.863497
vt 0.355288 0.839558
vt 0.216363 0.639945
vt 0.202069 0.636479
vt 0.204895 0.625636
vt 0.189944 0.629643
vt 0.188530 0.614255
vt 0.174273 0.626326
vt 0.168210 0.611809
vt 0.162727 0.598050
vt 0.179482 0.588989
vt 0.196186 0.605759
vt 0.197416 0.581085
vt 0.191894 0.575770
vt 0.167648 0.581592
vt 0.378685 0.504035
vt 0.164463 0.504217
vt 0.168346 0.486326
vt 0.164206 0.455106
vt 0.489166 0.598995
vt 0.467004 0.610497
vt 0.457801 0.572081
vt 0.471050 0.565561
vt 0.496113 0.588769
vt 0.484466 0.565403
vt 0.513133 0.597834
vt 0.508244 0.621466
vt 0.456812 0.565714
vt 0.139658 0.488337
vt 0.130725 0.751819
vt 0.163451 0.765527
vt 0.142881 0.770128
vt 0.128946 0.805307
vt 0.113421 0.789367
vt 0.133513 0.784621
vt 0.158618 0.791839
vt 0.161595 0.808859
vt 0.125536 0.819677
vt 0.174502 0.760413
vt 0.478487 0.660296
vt 0.498225 0.644199
vt 0.509549 0.662736
vt 0.493656 0.682385
vt 0.505358 0.683717
vt 0.513438 0.681823
vt 0.640867 0.107033
vt 0.657651 0.105313
vt 0.494519 0.211303
vt 0.501043 0.218839
vt 0.492474 0.244080
vt 0.486233 0.256473
vt 0.476405 0.270886
vt 0.463160 0.255760
vt 0.449646 0.269566
vt 0.451063 0.251718
vt 0.459296 0.289470
vt 0.502669 0.257827
vt 0.502386 0.245875
vt 0.604770 0.091611
vt 0.596706 0.080395
vt 0.614282 0.070968
vt 0.624996 0.064099
vt 0.594032 0.066765
vt 0.579104 0.064336
vt 0.586329 0.072563
vt 0.579372 0.078604
vt 0.579141 0.070757
vt 0.582688 0.087399
vt 0.429629 0.088109
vt 0.418233 0.114022
vt 0.418971 0.099743
vt 0.413782 0.081097
vt 0.390054 0.083759
vt 0.404393 0.098648
vt 0.384484 0.092009
vt 0.380177 0.075452
vt 0.342262 0.095280
vt 0.359488 0.077774
vt 0.360968 0.115594
vt 0.369441 0.072795
vt 0.347545 0.136297
vt 0.396361 0.116647
vt 0.410180 0.118481
vt 0.013171 0.578164
vt 0.034025 0.578067
vt 0.457845 0.239649
vt 0.468960 0.290421
vt 0.508578 0.281600
vt 0.496692 0.292546
vt 0.487377 0.293195
vt 0.487358 0.307527
vt 0.521315 0.306782
vt 0.500958 0.323596
vt 0.486369 0.323904
vt 0.482183 0.337873
vt 0.466767 0.335892
vt 0.462102 0.316790
vt 0.439944 0.309716
vt 0.445630 0.324761
vt 0.004646 0.598591
vt 0.522882 0.283025
vt 0.538657 0.278440
vt 0.519198 0.261034
vt 0.393662 0.126249
vt 0.380954 0.135321
vt 0.369396 0.567832
vt 0.345479 0.563622
vt 0.343454 0.544228
vt 0.339463 0.549378
vt 0.354834 0.542500
vt 0.367901 0.556841
vt 0.335821 0.541351
vt 0.574671 0.065725
vt 0.389036 0.137667
vt 0.346762 0.154893
vt 0.385866 0.145199
vt 0.363799 0.169035
vt 0.374835 0.168395
vt 0.473483 0.342544
vt 0.679725 0.838768
vt 0.685472 0.852023
vt 0.666794 0.840275
vt 0.651615 0.847232
vt 0.671696 0.864932
vt 0.658892 0.872422
vt 0.389309 0.571561
vt 0.373978 0.585950
vt 0.367773 0.597300
vt 0.362408 0.586859
vt 0.341624 0.570378
vt 0.346646 0.580981
vt 0.347395 0.587347
vt 0.354374 0.591977
vt 0.355446 0.599946
vt 0.826506 0.129705
vt 0.837795 0.137015
vt 0.828390 0.145051
vt 0.861861 0.126303
vt 0.834181 0.113497
vt 0.839723 0.095488
vt 0.818743 0.106833
vt 0.821876 0.116990
vt 0.652489 0.752652
vt 0.645529 0.742357
vt 0.652815 0.738993
vt 0.670609 0.734515
vt 0.671058 0.754492
vt 0.719916 0.736396
vt 0.739875 0.736722
vt 0.742619 0.743696
vt 0.730625 0.722122
vt 0.712998 0.715242
vt 0.706952 0.738711
vt 0.697070 0.741340
vt 0.695371 0.724288
vt 0.691951 0.702722
vt 0.664865 0.718161
vt 0.669154 0.701327
vt 0.707986 0.703609
vt 0.659103 0.881422
vt 0.686130 0.883619
vt 0.682886 0.895851
vt 0.633300 0.865928
vt 0.635077 0.896952
vt 0.613850 0.892259
vt 0.615178 0.871844
vt 0.619603 0.899451
vt 0.651877 0.899281
vt 0.618580 0.862047
vt 0.651842 0.718651
vt 0.683714 0.680828
vt 0.690313 0.699584
vt 0.863273 0.163472
vt 0.874009 0.151859
vt 0.912702 0.116586
vt 0.914943 0.135305
vt 0.886713 0.142125
vt 0.885977 0.119241
vt 0.927406 0.118622
vt 0.938227 0.122195
vt 0.929904 0.133057
vt 0.940227 0.133233
vt 0.863643 0.098994
vt 0.636635 0.845243
vt 0.315993 0.516452
vt 0.297203 0.498659
vt 0.317262 0.504809
vt 0.320324 0.502807
vt 0.315872 0.488524
vt 0.296093 0.521566
vt 0.274338 0.485601
vt 0.261063 0.512126
vt 0.258492 0.483946
vt 0.294572 0.469656
vt 0.310583 0.462836
vt 0.302494 0.446077
vt 0.290611 0.448067
vt 0.284001 0.471410
vt 0.312416 0.440396
vt 0.321330 0.455416
vt 0.228744 0.375006
vt 0.227088 0.383656
vt 0.262678 0.475054
vt 0.270644 0.526513
vt 0.329162 0.486330
vt 0.164164 0.866065
vt 0.150166 0.883021
vt 0.157087 0.846381
vt 0.141518 0.835498
vt 0.119607 0.850879
vt 0.126566 0.880852
vt 0.112467 0.861260
vt 0.114561 0.883154
vt 0.121667 0.892152
vt 0.103683 0.882641
vt 0.098567 0.889839
vt 0.095155 0.878393
vt 0.105595 0.869787
vt 0.366018 0.606861
vt 0.366553 0.616908
vt 0.367712 0.613220
vt 0.361080 0.634469
vt 0.352140 0.628109
vt 0.734991 0.895258
vt 0.713964 0.898206
vt 0.720385 0.877896
vt 0.718429 0.921153
vt 0.739226 0.918303
vt 0.733599 0.926782
vt 0.748106 0.928198
vt 0.885710 0.100895
vt 0.903525 0.087958
vt 0.702647 0.904858
vt 0.698288 0.885512
vt 0.737085 0.888427
vt 0.698883 0.872528
vt 0.841916 0.753431
vt 0.822185 0.752341
vt 0.829730 0.733054
vt 0.846513 0.719493
vt 0.865367 0.723679
vt 0.864708 0.743697
vt 0.853437 0.709062
vt 0.837903 0.709636
vt 0.824489 0.713584
vt 0.802026 0.742129
vt 0.018320 0.954288
vt 0.010798 0.960933
vt 0.016407 0.946347
vt 0.002383 0.940623
vt 0.012227 0.935997
vt 0.003842 0.954887
vt 0.707273 0.925515
vt 0.704689 0.915527
vt 0.798451 0.723588
vt 0.778089 0.715672
vt 0.778620 0.723271
vt 0.789530 0.709147
vt 0.587183 0.862445
vt 0.576343 0.848667
vt 0.581120 0.843886
vt 0.589247 0.885660
vt 0.575706 0.886413
vt 0.584170 0.898346
vt 0.601139 0.882676
vt 0.555736 0.888065
vt 0.561883 0.872478
vt 0.600815 0.900944
vt 0.600424 0.903792
vt 0.077326 0.491674
vt 0.089372 0.482114
vt 0.087134 0.514780
vt 0.071844 0.526028
vt 0.063085 0.518471
vt 0.067268 0.511532
vt 0.085881 0.530036
vt 0.125831 0.515752
vt 0.097628 0.526478
vt 0.121073 0.536547
vt 0.105243 0.539441
vt 0.917908 0.113823
vt 0.913696 0.106200
vt 0.914428 0.087066
vt 0.596956 0.853213
vt 0.590135 0.842773
vt 0.748785 0.731874
vt 0.740695 0.723245
vt 0.753876 0.738439
vt 0.655355 0.710798
vt 0.340684 0.611518
vt 0.345281 0.601369
vt 0.349309 0.639406
vt 0.880675 0.014494
vt 0.868821 0.017179
vt 0.881048 0.004159
vt 0.859090 0.003631
vt 0.137493 0.890900
vt 0.030948 0.648073
vt 0.042131 0.656593
vt 0.016675 0.655775
vt 0.009216 0.674889
vt 0.009723 0.662384
vt 0.025938 0.669957
vt 0.015529 0.681484
vt 0.040827 0.669596
vt 0.034339 0.675309
vt 0.170264 0.107244
vt 0.178178 0.110055
vt 0.158659 0.106034
vt 0.149682 0.097273
vt 0.148999 0.108701
vt 0.135001 0.086599
vt 0.142471 0.084989
vt 0.119086 0.090176
vt 0.118223 0.104302
vt 0.110057 0.093225
vt 0.128159 0.122931
vt 0.112742 0.126650
vt 0.105692 0.121236
vt 0.122272 0.139459
vt 0.111434 0.852816
vt 0.143463 0.136765
vt 0.148235 0.130630
vt 0.111240 0.835368
vt 0.500109 0.043539
vt 0.497238 0.013438
vt 0.515636 0.016827
vt 0.526220 0.010607
vt 0.550227 0.012410
vt 0.520798 0.050270
vt 0.517834 0.057409
vt 0.522060 0.058334
vt 0.545999 0.064737
vt 0.530997 0.060298
vt 0.556910 0.045056
vt 0.562351 0.059486
vt 0.120919 0.082361
vt 0.499670 0.553758
vt 0.490343 0.551642
vt 0.482228 0.542744
vt 0.488079 0.532101
vt 0.480182 0.531728
vt 0.505737 0.541291
vt 0.326159 0.785792
vt 0.318114 0.768750
vt 0.336054 0.788346
vt 0.315636 0.790091
vt 0.304183 0.770341
vt 0.308911 0.750018
vt 0.296005 0.744834
vt 0.277490 0.759054
vt 0.285947 0.751950
vt 0.279048 0.785298
vt 0.531144 0.553589
vt 0.516353 0.549614
vt 0.518728 0.529709
vt 0.552383 0.555679
vt 0.529587 0.565362
vt 0.534918 0.538645
vt 0.558043 0.539179
vt 0.552996 0.514531
vt 0.517786 0.519424
vt 0.479673 0.511629
vt 0.497934 0.501236
vt 0.499892 0.526510
vt 0.520768 0.495904
vt 0.504367 0.508465
vt 0.496352 0.480140
vt 0.520692 0.474991
vt 0.508538 0.469250
vt 0.524584 0.459729
vt 0.503834 0.457521
vt 0.534415 0.451411
vt 0.534464 0.443151
vt 0.549089 0.461944
vt 0.560019 0.491899
vt 0.273947 0.774094
vt 0.268951 0.794294
vt 0.275146 0.798292
vt 0.483805 0.498539
vt 0.487556 0.471745
vt 0.599053 0.526710
vt 0.588228 0.559531
vt 0.570745 0.560676
vt 0.293887 0.277338
vt 0.263763 0.280337
vt 0.258113 0.266283
vt 0.262134 0.219218
vt 0.285368 0.227154
vt 0.257987 0.233895
vt 0.317662 0.281695
vt 0.290775 0.241907
vt 0.317321 0.257202
vt 0.256968 0.241806
vt 0.313855 0.225369
vt 0.300380 0.228833
vt 0.319769 0.246399
vt 0.304202 0.209165
vt 0.587450 0.505898
vt 0.608227 0.497568
vt 0.601485 0.476161
vt 0.921459 0.487290
vt 0.942233 0.501590
vt 0.913630 0.503451
vt 0.934837 0.470094
vt 0.916934 0.466683
vt 0.904439 0.482728
vt 0.895299 0.492057
vt 0.909901 0.477626
vt 0.903217 0.454547
vt 0.884409 0.492606
vt 0.872205 0.467362
vt 0.886710 0.462347
vt 0.878991 0.447716
vt 0.894674 0.444568
vt 0.900484 0.434568
vt 0.882514 0.430102
vt 0.901625 0.416377
vt 0.920435 0.439740
vt 0.950429 0.484053
vt 0.948045 0.432953
vt 0.979089 0.419235
vt 0.977368 0.460190
vt 0.972842 0.394040
vt 0.949578 0.403477
vt 0.912263 0.401095
vt 0.910058 0.385201
vt 0.936602 0.373072
vt 0.274327 0.206615
vt 0.309906 0.187463
vt 0.296493 0.186069
vt 0.317801 0.207107
vt 0.316432 0.199773
vt 0.971458 0.484539
vt 0.972815 0.495391
vt 0.944556 0.491134
vt 0.966319 0.378122
vt 0.894823 0.408059
vt 0.868823 0.436790
vt 0.870928 0.431434
vt 0.875689 0.441695
vt 0.867022 0.454919
vt 0.884108 0.419972
vt 0.941910 0.362500
vt 0.918666 0.375484
vt 0.930874 0.362888
vt 0.920609 0.360613
vt 0.916902 0.365817
vt 0.340370 0.794656
vt 0.338492 0.803637
vt 0.264844 0.803988
vt 0.255771 0.810855
vt 0.256740 0.807985
vt 0.260330 0.805370
vt 0.171080 0.964696
vt 0.178710 0.962779
vt 0.175534 0.987115
vt 0.160350 0.978917
vt 0.154739 0.990557
vt 0.150669 0.982482
vt 0.149454 0.988117
vt 0.168561 0.997956
vt 0.186477 0.991603
vt 0.856051 0.997003
vt 0.853910 0.992907
vt 0.870997 0.987079
vt 0.841904 0.990833
vt 0.853508 0.981359
vt 0.841902 0.977871
vt 0.838694 0.986505
vt 0.876610 0.976482
vt 0.866599 0.979683
vt 0.854261 0.975612
vt 0.688365 0.991886
vt 0.683342 0.997301
vt 0.673493 0.987801
vt 0.685459 0.982263
vt 0.664865 0.982589
vt 0.670151 0.979782
vt 0.686467 0.962862
vt 0.679229 0.962736
vt 0.666338 0.970128
vt 0.339563 0.811203
vt 0.706602 0.776681
vt 0.711727 0.756744
vt 0.720868 0.765914
vt 0.683264 0.766792
vt 0.698261 0.762936
vt 0.681763 0.772717
vt 0.686643 0.782929
vt 0.672802 0.780507
vt 0.681865 0.798449
vt 0.667644 0.791570
vt 0.664145 0.792851
vt 0.660325 0.790315
vt 0.664008 0.781501
vt 0.715612 0.785370
vt 0.808299 0.934874
vt 0.811544 0.959434
vt 0.796761 0.954142
vt 0.790364 0.942799
vt 0.802148 0.919719
vt 0.790651 0.926308
vt 0.777184 0.921073
vt 0.776010 0.927118
vt 0.776716 0.946371
vt 0.785263 0.957071
vt 0.596004 0.921458
vt 0.580890 0.934451
vt 0.572866 0.929016
vt 0.595568 0.949608
vt 0.607165 0.940074
vt 0.604006 0.929995
vt 0.585429 0.941677
vt 0.569274 0.951418
vt 0.586516 0.949273
vt 0.580421 0.957069
vt 0.613019 0.957653
vt 0.601946 0.955416
vt 0.618131 0.945998
vt 0.619713 0.951081
vt 0.315654 0.988676
vt 0.306662 0.982470
vt 0.308670 0.971207
vt 0.317843 0.980374
vt 0.323915 0.970136
vt 0.327697 0.990248
vt 0.698602 0.802199
vt 0.699979 0.805104
vt 0.730591 0.783060
vt 0.715725 0.808726
vt 0.721007 0.807877
vt 0.728589 0.804590
vt 0.737790 0.804572
vt 0.734565 0.791570
vt 0.656536 0.809015
vt 0.661985 0.801623
vt 0.666903 0.807731
vt 0.098549 0.817556
vt 0.085887 0.813047
vt 0.089170 0.800152
vt 0.077198 0.803341
vt 0.082690 0.791877
vt 0.076221 0.796201
vt 0.082738 0.782515
vt 0.072310 0.780129
vt 0.069112 0.771479
vt 0.075317 0.774217
vt 0.084768 0.762688
vt 0.092761 0.767800
vt 0.090406 0.760492
vt 0.093304 0.764157
vt 0.090510 0.828331
vt 0.083556 0.827461
vt 0.083102 0.820485
vt 0.077652 0.825986
vt 0.072068 0.818153
vt 0.063691 0.818448
vt 0.066706 0.820732
vt 0.771332 0.933321
vt 0.768485 0.918132
vt 0.771167 0.918177
vt 0.096450 0.773628
vt 0.098349 0.775010
vt 0.218002 0.668168
vt 0.229832 0.659503
vt 0.240451 0.681481
vt 0.237674 0.656187
vt 0.241780 0.667336
vt 0.244718 0.660067
vt 0.266542 0.693041
vt 0.250322 0.653604
vt 0.250442 0.644244
vt 0.238354 0.637615
vt 0.267608 0.722729
vt 0.273089 0.715065
vt 0.276544 0.726632
vt 0.263573 0.733101
vt 0.258620 0.729183
vt 0.258479 0.721896
vt 0.249849 0.694934
vt 0.262728 0.705769
vt 0.275222 0.665109
vt 0.272021 0.644856
vt 0.814934 0.067219
vt 0.801483 0.051727
vt 0.812244 0.052175
vt 0.800362 0.032757
vt 0.809707 0.022590
vt 0.813428 0.037813
vt 0.821214 0.022836
vt 0.826068 0.036205
vt 0.886074 0.030490
vt 0.876559 0.049477
vt 0.870952 0.045456
vt 0.861852 0.043409
vt 0.841308 0.051229
vt 0.853438 0.044803
vt 0.848859 0.050369
vt 0.834015 0.036226
vt 0.733055 0.775272
vt 0.728466 0.773926
vt 0.252888 0.709061
vt 0.272970 0.709875
vt 0.821219 0.048106
vt 0.829583 0.048658
vt 0.830146 0.063127
vt 0.355749 0.816824
vt 0.373742 0.797160
vt 0.409561 0.800575
vt 0.835566 0.076461
vt 0.825711 0.080295
vt 0.848745 0.062578
vt 0.851350 0.072508
vt 0.863230 0.066343
vt 0.856043 0.081837
vt 0.859006 0.059669
vt 0.872457 0.061895
vt 0.868706 0.073564
vt 0.885908 0.060741
vt 0.881271 0.068306
vt 0.893210 0.036143
vt 0.889835 0.047435
vt 0.540385 0.214490
vt 0.524447 0.201134
vt 0.550160 0.198774
vt 0.572106 0.207823
vt 0.559443 0.234781
vt 0.582307 0.216388
vt 0.597775 0.243050
vt 0.613315 0.209319
vt 0.598327 0.230942
vt 0.518184 0.211377
vt 0.535187 0.243347
vt 0.565583 0.260362
vt 0.589105 0.269329
vt 0.515708 0.230602
vt 0.402566 0.954124
vt 0.415454 0.955611
vt 0.401930 0.962904
vt 0.417295 0.943568
vt 0.438780 0.960650
vt 0.442162 0.928902
vt 0.422169 0.925221
vt 0.437371 0.918580
vt 0.393771 0.931469
vt 0.399470 0.938869
vt 0.672913 0.809666
vt 0.406313 0.947970
vt 0.408264 0.941586
vt 0.391778 0.960667
vt 0.422222 0.820332
vt 0.428603 0.829311
vt 0.427800 0.842116
vt 0.491535 0.454737
vt 0.508516 0.448215
vt 0.500479 0.443734
vt 0.496363 0.444212
vt 0.286465 0.050878
vt 0.285944 0.032204
vt 0.305254 0.029852
vt 0.314395 0.054032
vt 0.388552 0.942475
vt 0.590958 0.196495
vt 0.608424 0.194258
vt 0.627988 0.207255
vt 0.641512 0.219912
vt 0.624358 0.241057
vt 0.072181 0.824808
vt 0.309311 0.104538
vt 0.296756 0.110524
vt 0.299117 0.081349
vt 0.288562 0.078980
vt 0.286488 0.100453
vt 0.291367 0.066985
vt 0.315490 0.064457
vt 0.308422 0.074408
vt 0.322663 0.043505
vt 0.897615 0.028241
vt 0.314124 0.112196
vt 0.326860 0.076188
vt 0.326079 0.095369
vt 0.318565 0.090642
vt 0.319664 0.078381
vt 0.332780 0.056128
vt 0.336203 0.060688
vt 0.337067 0.035949
vt 0.287846 0.113888
vt 0.328783 0.164475
vt 0.334543 0.203600
vt 0.329102 0.181371
vt 0.366828 0.220998
vt 0.339221 0.231387
vt 0.333636 0.242119
vt 0.330170 0.227062
vt 0.614462 0.255930
vt 0.624934 0.198419
vt 0.888346 0.067778
vt 0.891018 0.074163
vt 0.335278 0.024104
vt 0.344683 0.027127
vt 0.628822 0.259815
vt 0.635561 0.239566
vt 0.614540 0.273337
vt 0.607592 0.300689
vt 0.623342 0.301829
vt 0.631313 0.290299
vt 0.593466 0.286586
vt 0.601163 0.308478
vt 0.592555 0.294926
vt 0.593852 0.297739
vt 0.623343 0.311908
vt 0.461584 0.738295
vt 0.467700 0.745099
vt 0.461114 0.752205
vt 0.477238 0.750202
vt 0.480947 0.765117
vt 0.483423 0.752606
vt 0.488721 0.757174
vt 0.498580 0.767562
vt 0.487135 0.784127
vt 0.113842 0.181111
vt 0.110715 0.196737
vt 0.100158 0.189139
vt 0.119421 0.168178
vt 0.105424 0.174108
vt 0.107075 0.152932
vt 0.089321 0.168870
vt 0.075330 0.179625
vt 0.084076 0.187404
vt 0.095733 0.206700
vt 0.104597 0.204536
vt 0.103367 0.211479
vt 0.096011 0.153696
vt 0.067068 0.884523
vt 0.086466 0.909333
vt 0.074530 0.903290
vt 0.106527 0.909636
vt 0.101227 0.921825
vt 0.098651 0.931832
vt 0.089622 0.931589
vt 0.079704 0.929326
vt 0.065528 0.927552
vt 0.063675 0.921538
vt 0.095717 0.905612
vt 0.306417 0.853513
vt 0.299982 0.872489
vt 0.291146 0.872326
vt 0.306030 0.875797
vt 0.319566 0.871834
vt 0.334478 0.873152
vt 0.078824 0.205012
vt 0.087420 0.213220
vt 0.069262 0.184187
vt 0.070822 0.196306
vt 0.071212 0.208583
vt 0.055307 0.198187
vt 0.057098 0.182868
vt 0.053729 0.173664
vt 0.062547 0.167133
vt 0.067406 0.148766
vt 0.056661 0.153749
vt 0.065752 0.136293
vt 0.073630 0.138249
vt 0.712186 0.177571
vt 0.697748 0.198781
vt 0.680268 0.214917
vt 0.695190 0.217322
vt 0.081432 0.161521
vt 0.081597 0.143344
vt 0.485942 0.419002
vt 0.508351 0.402743
vt 0.511500 0.411981
vt 0.484078 0.392560
vt 0.493297 0.392257
vt 0.451978 0.354614
vt 0.464945 0.389885
vt 0.442694 0.373277
vt 0.472041 0.355420
vt 0.475442 0.375794
vt 0.440221 0.355715
vt 0.436878 0.421802
vt 0.427310 0.400487
vt 0.438500 0.387717
vt 0.462030 0.406910
vt 0.454433 0.421243
vt 0.423661 0.389734
vt 0.688902 0.378834
vt 0.679421 0.370631
vt 0.699763 0.378011
vt 0.670038 0.382998
vt 0.687267 0.394470
vt 0.655890 0.403028
vt 0.689993 0.408499
vt 0.645544 0.409927
vt 0.630839 0.403644
vt 0.626748 0.418619
vt 0.633864 0.431316
vt 0.621115 0.427763
vt 0.666099 0.374741
vt 0.651448 0.376006
vt 0.646276 0.365034
vt 0.651449 0.364610
vt 0.647814 0.354089
vt 0.635594 0.370438
vt 0.641135 0.391175
vt 0.631806 0.379417
vt 0.641867 0.358634
vt 0.483207 0.437561
vt 0.473512 0.449907
vt 0.481605 0.431310
vt 0.454285 0.452736
vt 0.464420 0.463721
vt 0.450275 0.471868
vt 0.443657 0.454658
vt 0.448921 0.485867
vt 0.427464 0.466058
vt 0.471782 0.466158
vt 0.260632 0.007718
vt 0.261709 0.019485
vt 0.250587 0.021459
vt 0.250117 0.014482
vt 0.212457 0.053847
vt 0.211802 0.036135
vt 0.231602 0.031650
vt 0.222792 0.058769
vt 0.214670 0.072690
vt 0.224305 0.090047
vt 0.227318 0.083930
vt 0.233441 0.073916
vt 0.232170 0.096552
vt 0.253403 0.087265
vt 0.250563 0.095538
vt 0.263319 0.087431
vt 0.251206 0.051575
vt 0.252169 0.034837
vt 0.263693 0.043030
vt 0.238672 0.063821
vt 0.243293 0.075163
vt 0.705730 0.437293
vt 0.696163 0.431381
vt 0.687568 0.427967
vt 0.675770 0.414689
vt 0.671396 0.431378
vt 0.659698 0.460865
vt 0.653315 0.438579
vt 0.659938 0.426928
vt 0.645226 0.425552
vt 0.688877 0.439224
vt 0.686590 0.456543
vt 0.644042 0.448040
vt 0.700092 0.465004
vt 0.684956 0.474578
vt 0.145477 0.535511
vt 0.150042 0.547127
vt 0.132785 0.546201
vt 0.157730 0.544909
vt 0.159016 0.562365
vt 0.137882 0.593307
vt 0.126031 0.563484
vt 0.116695 0.586691
vt 0.115150 0.599252
vt 0.123286 0.553344
vt 0.664613 0.492046
vt 0.650479 0.504264
vt 0.644200 0.498051
vt 0.054166 0.905371
vt 0.045692 0.919429
vt 0.062012 0.893307
vt 0.474290 0.389866
vt 0.454486 0.433123
vt 0.431672 0.446413
vt 0.166317 0.172095
vt 0.180037 0.187396
vt 0.162240 0.203838
vt 0.176942 0.207338
vt 0.813180 0.531789
vt 0.798030 0.516983
vt 0.829468 0.518442
vt 0.827455 0.508749
vt 0.800095 0.485135
vt 0.816876 0.488265
vt 0.789548 0.510707
vt 0.777758 0.511934
vt 0.782002 0.525718
vt 0.775301 0.481173
vt 0.800720 0.469357
vt 0.813300 0.478788
vt 0.846475 0.479305
vt 0.841929 0.516674
vt 0.821215 0.540117
vt 0.837762 0.529557
vt 0.859335 0.495347
vt 0.864255 0.514828
vt 0.848610 0.525454
vt 0.827534 0.463157
vt 0.805731 0.455951
vt 0.790099 0.458422
vt 0.799628 0.453189
vt 0.791539 0.446753
vt 0.770481 0.462085
vt 0.767610 0.451823
vt 0.783894 0.447799
vt 0.762813 0.451948
vt 0.760809 0.466940
vt 0.754353 0.460580
vt 0.758839 0.482488
vt 0.746015 0.469657
vt 0.190575 0.207482
vt 0.193491 0.193162
vt 0.733223 0.545912
vt 0.729092 0.529177
vt 0.751434 0.511712
vt 0.741595 0.497350
vt 0.735195 0.512568
vt 0.726383 0.541964
vt 0.711055 0.521212
vt 0.694398 0.525131
vt 0.698048 0.505427
vt 0.717909 0.484489
vt 0.697209 0.488281
vt 0.689138 0.493302
vt 0.139542 0.667395
vt 0.128095 0.695175
vt 0.129059 0.666875
vt 0.143533 0.654586
vt 0.136289 0.639589
vt 0.152987 0.635924
vt 0.152611 0.630321
vt 0.727898 0.475335
vt 0.721501 0.470793
vt 0.729229 0.464863
vt 0.801640 0.991329
vt 0.796562 0.975564
vt 0.810129 0.977650
vt 0.811296 0.989934
vt 0.819965 0.989292
vt 0.820664 0.977677
vt 0.795614 0.992577
vt 0.072941 0.102534
vt 0.074763 0.079336
vt 0.090559 0.092125
vt 0.094115 0.103491
vt 0.044036 0.115433
vt 0.057459 0.116573
vt 0.079818 0.120457
vt 0.051852 0.077148
vt 0.060067 0.060051
vt 0.041666 0.100075
vt 0.642425 0.489103
vt 0.630703 0.469493
vt 0.623345 0.476866
vt 0.105864 0.696616
vt 0.111891 0.705945
vt 0.082153 0.693994
vt 0.113150 0.730094
vt 0.073868 0.714527
vt 0.068578 0.731682
vt 0.081828 0.739413
vt 0.124181 0.712106
vt 0.134052 0.719399
vt 0.304148 0.596245
vt 0.283957 0.588031
vt 0.290832 0.559349
vt 0.316505 0.560549
vt 0.334164 0.590970
vt 0.312092 0.624997
vt 0.327316 0.601145
vt 0.296611 0.536059
vt 0.313040 0.547160
vt 0.306530 0.533592
vt 0.293775 0.624448
vt 0.852302 0.294357
vt 0.868461 0.258838
vt 0.877497 0.293046
vt 0.892109 0.272014
vt 0.908804 0.278362
vt 0.893145 0.305132
vt 0.902375 0.269869
vt 0.877891 0.303723
vt 0.872201 0.316597
vt 0.076190 0.694004
vt 0.083849 0.118358
vt 0.975964 0.942997
vt 0.980219 0.934725
vt 0.984652 0.947215
vt 0.989667 0.943366
vt 0.990847 0.930283
vt 0.361362 0.896865
vt 0.385258 0.905124
vt 0.377349 0.915981
vt 0.377085 0.881612
vt 0.358881 0.882239
vt 0.339754 0.889821
vt 0.348394 0.881406
vt 0.396211 0.884314
vt 0.876793 0.337611
vt 0.872965 0.326717
vt 0.892571 0.333869
vt 0.909646 0.351395
vt 0.890202 0.369520
vt 0.910462 0.334824
vt 0.929018 0.334126
vt 0.913165 0.311862
vt 0.900140 0.319171
vt 0.751295 0.450682
vt 0.112492 0.650913
vt 0.106723 0.637176
vt 0.106785 0.631101
vt 0.629835 0.455312
vt 0.621460 0.459128
vt 0.374432 0.952801
vt 0.368671 0.976915
vt 0.369172 0.942551
vt 0.355718 0.951804
vt 0.837198 0.288232
vt 0.838330 0.291244
vt 0.353851 0.940445
vt 0.401905 0.894175
vt 0.401525 0.912579
vt 0.406075 0.908674
vt 0.358404 0.923262
vt 0.351808 0.909656
vt 0.341379 0.914213
vt 0.947098 0.305036
vt 0.930496 0.312326
vt 0.934361 0.291033
vt 0.931655 0.337331
vt 0.345023 0.967916
vt 0.345758 0.954288
vt 0.350278 0.939256
vt 0.456613 0.952024
vt 0.466479 0.940330
vt 0.467118 0.964834
vt 0.453083 0.942528
vt 0.456191 0.932474
vt 0.476811 0.952661
vt 0.468202 0.774057
vt 0.457987 0.787053
vt 0.456403 0.774831
vt 0.456221 0.764075
vt 0.460479 0.744316
vt 0.959788 0.274293
vt 0.950454 0.296172
vt 0.963648 0.282727
vt 0.955918 0.279809
vt 0.959811 0.260674
vt 0.938449 0.261605
vt 0.468779 0.806658
vt 0.478572 0.797527
vt 0.497001 0.796039
vt 0.511863 0.799194
vt 0.512673 0.792384
vt 0.509078 0.771223
vt 0.045557 0.390979
vt 0.040891 0.374980
vt 0.052877 0.370937
vt 0.020898 0.395583
vt 0.035261 0.394329
vt 0.041302 0.400022
vt 0.028952 0.378773
vt 0.939861 0.323616
vt 0.967325 0.283597
vt 0.460579 0.967480
vt 0.517082 0.076127
vt 0.547390 0.080272
vt 0.543367 0.092464
vt 0.461852 0.096478
vt 0.443405 0.090323
vt 0.447766 0.087918
vt 0.452586 0.074199
vt 0.473554 0.070481
vt 0.460956 0.076810
vt 0.488470 0.106794
vt 0.522745 0.097514
vt 0.502173 0.092455
vt 0.501186 0.064798
vt 0.490093 0.063689
vt 0.481988 0.056472
vt 0.478257 0.119156
vt 0.465073 0.121799
vt 0.187519 0.144778
vt 0.173190 0.132775
vt 0.178867 0.127275
vt 0.183703 0.159024
vt 0.163767 0.137520
vt 0.194931 0.170776
vt 0.842768 0.528782
vt 0.018242 0.116892
vt 0.021937 0.095470
vt 0.027945 0.111394
vt 0.009057 0.106449
vt 0.008158 0.115372
vt 0.007092 0.092548
vt 0.001436 0.077885
vt 0.003087 0.073130
vt 0.019181 0.085720
vt 0.275450 0.920775
vt 0.293875 0.912455
vt 0.284596 0.923894
vt 0.274731 0.939498
vt 0.291540 0.935561
vt 0.285088 0.948220
vt 0.314687 0.954584
vt 0.300325 0.949058
vt 0.310755 0.939621
vt 0.316764 0.918983
vt 0.334417 0.937285
vt 0.301108 0.915114
vt 0.670056 0.064784
vt 0.656128 0.058466
vt 0.678231 0.043432
vt 0.649415 0.047751
vt 0.647903 0.026781
vt 0.672126 0.069292
vt 0.677570 0.059917
vt 0.667487 0.020726
vt 0.674321 0.013266
vt 0.699630 0.022131
vt 0.714900 0.040055
vt 0.734542 0.028662
vt 0.713653 0.056226
vt 0.730759 0.050350
vt 0.945128 0.527065
vt 0.932951 0.537697
vt 0.934011 0.528591
vt 0.948825 0.541868
vt 0.957578 0.525180
vt 0.967235 0.534872
vt 0.967302 0.541641
vt 0.974141 0.537769
vt 0.517722 0.981667
vt 0.522573 0.970979
vt 0.535387 0.980760
vt 0.530219 0.966836
vt 0.522269 0.965180
vt 0.528786 0.962276
vt 0.072238 0.617329
vt 0.062194 0.620257
vt 0.060016 0.612325
vt 0.078278 0.604278
vt 0.055704 0.599783
vt 0.073107 0.589074
vt 0.097748 0.579574
vt 0.098440 0.609777
vt 0.055198 0.581968
vt 0.075296 0.566007
vt 0.049441 0.616212
vt 0.048265 0.606604
vt 0.047836 0.585329
vt 0.048786 0.577604
vt 0.057533 0.566997
vt 0.544721 0.966482
vt 0.541343 0.959776
vt 0.553150 0.959792
vt 0.543595 0.956614
vt 0.721196 0.058400
vt 0.657981 0.017687
vt 0.929231 0.554824
vt 0.924315 0.552517
vt 0.946108 0.553002
vt 0.956760 0.554414
vt 0.717866 0.685502
vt 0.730109 0.657355
vt 0.738072 0.682308
vt 0.716975 0.667097
vt 0.770043 0.690884
vt 0.759715 0.654480
vt 0.404673 0.467104
vt 0.408742 0.302463
vt 0.418109 0.307340
vt 0.408050 0.314498
vt 0.428625 0.335707
vt 0.412806 0.349551
vt 0.404725 0.339580
vt 0.423497 0.274586
vt 0.419536 0.265619
vt 0.426293 0.260347
vt 0.358862 0.305603
vt 0.358183 0.286221
vt 0.377767 0.326024
vt 0.357948 0.318385
vt 0.357048 0.335021
vt 0.369624 0.354842
vt 0.361562 0.348202
vt 0.401326 0.365566
vt 0.426696 0.363280
vt 0.417242 0.371535
vt 0.426166 0.350577
vt 0.518972 0.685508
vt 0.504827 0.646996
vt 0.468253 0.647117
vt 0.394100 0.455791
vt 0.401645 0.451292
vt 0.733059 0.648391
vt 0.742791 0.643899
vt 0.755465 0.629493
vt 0.776281 0.680607
vt 0.772741 0.656637
vt 0.797028 0.666114
vt 0.787456 0.642777
vt 0.778781 0.620631
vt 0.821856 0.631558
vt 0.788905 0.618900
vt 0.829934 0.677533
vt 0.846537 0.670304
vt 0.846812 0.674346
vt 0.841309 0.683587
vt 0.845203 0.689586
vt 0.840644 0.693334
vt 0.830004 0.695085
vt 0.810349 0.693723
vt 0.813018 0.683628
vt 0.796609 0.675888
vt 0.784803 0.678410
vt 0.776407 0.145828
vt 0.753457 0.134751
vt 0.779114 0.131710
vt 0.765201 0.122150
vt 0.733079 0.123533
vt 0.724642 0.089365
vt 0.750530 0.077432
vt 0.778347 0.101179
vt 0.778478 0.079868
vt 0.773144 0.076541
vt 0.763731 0.069812
vt 0.096548 0.615680
vt 0.078968 0.618943
vt 0.161138 0.394466
vt 0.162236 0.344041
vt 0.183929 0.379808
vt 0.151842 0.409500
vt 0.168447 0.410457
vt 0.184885 0.407799
vt 0.187030 0.394457
vt 0.767790 0.618540
vt 0.808014 0.638047
vt 0.829545 0.654033
vt 0.360369 0.769170
vt 0.364689 0.776726
vt 0.349461 0.784796
vt 0.378895 0.772519
vt 0.382175 0.762192
vt 0.394939 0.751604
vt 0.376685 0.740603
vt 0.406233 0.736763
vt 0.359645 0.758036
vt 0.196193 0.344378
vt 0.194053 0.353120
vt 0.191807 0.361700
vt 0.431448 0.765778
vt 0.410364 0.765407
vt 0.419253 0.754333
vt 0.423116 0.773802
vt 0.433860 0.773952
vt 0.943312 0.572313
vt 0.953940 0.572231
vt 0.938584 0.581779
vt 0.960870 0.587842
vt 0.382082 0.721873
vt 0.395482 0.717934
vt 0.390719 0.772435
vt 0.409209 0.782056
vt 0.397036 0.785121
vt 0.404647 0.777482
vt 0.812601 0.668736
vt 0.811673 0.654000
vt 0.435093 0.778962
vt 0.417842 0.777390
vt 0.178910 0.333861
vt 0.197579 0.335306
vt 0.210875 0.353266
vt 0.213919 0.344365
vt 0.217699 0.361632
vt 0.206209 0.366896
vt 0.612113 0.986238
vt 0.605396 0.971314
vt 0.617895 0.972874
vt 0.595135 0.993811
vt 0.589744 0.981041
vt 0.618812 0.993592
vt 0.019989 0.833573
vt 0.030349 0.835010
vt 0.018388 0.840671
vt 0.032008 0.840707
vt 0.198867 0.380357
vt 0.260056 0.580072
vt 0.248795 0.583809
vt 0.262607 0.562054
vt 0.242338 0.572234
vt 0.265513 0.593156
vt 0.256199 0.601529
vt 0.226425 0.622702
vt 0.236370 0.560771
vt 0.235809 0.551166
vt 0.260081 0.545799
vt 0.246502 0.534179
vt 0.218739 0.573253
vt 0.218641 0.548244
vt 0.210842 0.562429
vt 0.212762 0.570350
vt 0.214702 0.597099
vt 0.210303 0.606932
vt 0.269796 0.603415
vt 0.264374 0.613560
vt 0.252283 0.617525
vt 0.260919 0.625304
vt 0.267416 0.619546
vt 0.348314 0.251208
vt 0.359456 0.262035
vt 0.271750 0.572892
vt 0.271555 0.579338
vt 0.273327 0.585088
vt 0.359549 0.242768
vt 0.374513 0.230005
vt 0.255022 0.536092
vt 0.723443 0.136157
vt 0.732973 0.131766
vt 0.708447 0.135277
vt 0.712575 0.100604
vt 0.703210 0.077031
vt 0.688460 0.075534
vt 0.693929 0.070248
vt 0.683630 0.124160
vt 0.687100 0.101640
vt 0.698943 0.134130
vt 0.685718 0.090169
vt 0.676340 0.089561
vt 0.196122 0.955647
vt 0.191062 0.930866
vt 0.200395 0.929882
vt 0.213486 0.943379
vt 0.211092 0.964712
vt 0.225885 0.957628
vt 0.209260 0.923074
vt 0.228337 0.926963
vt 0.239476 0.938189
vt 0.356387 0.749894
vt 0.241517 0.960977
vt 0.238354 0.925601
vt 0.509683 0.890103
vt 0.527393 0.882214
vt 0.523101 0.903947
vt 0.537114 0.896671
vt 0.490333 0.901173
vt 0.484135 0.916679
vt 0.485981 0.932016
vt 0.496497 0.936162
vt 0.493088 0.940055
vt 0.601988 0.867958
vt 0.890275 0.158730
vt 0.900731 0.159701
vt 0.884263 0.172569
vt 0.896629 0.179153
vt 0.877492 0.188925
vt 0.911038 0.166001
vt 0.901610 0.207826
vt 0.867233 0.201089
vt 0.908299 0.226368
vt 0.929609 0.226644
vt 0.909921 0.241153
vt 0.898846 0.235381
vt 0.894299 0.220662
vt 0.929880 0.243471
vt 0.948832 0.215611
vt 0.949094 0.236624
vt 0.927702 0.208265
vt 0.946846 0.188446
vt 0.966772 0.215648
vt 0.936704 0.177078
vt 0.968250 0.184104
vt 0.948642 0.172250
vt 0.966937 0.169401
vt 0.906780 0.703393
vt 0.894792 0.687204
vt 0.912585 0.690699
vt 0.920229 0.705538
vt 0.933666 0.692385
vt 0.956135 0.674374
vt 0.942677 0.660357
vt 0.930611 0.677201
vt 0.913828 0.666670
vt 0.931814 0.707717
vt 0.961084 0.692636
vt 0.924119 0.709549
vt 0.925865 0.176920
vt 0.923800 0.163533
vt 0.927265 0.166457
vt 0.740818 0.721836
vt 0.982197 0.687833
vt 0.978080 0.689567
vt 0.981760 0.682364
vt 0.974394 0.672905
vt 0.983654 0.661732
vt 0.972042 0.647451
vt 0.983354 0.674798
vt 0.962016 0.641960
vt 0.977659 0.642534
vt 0.982484 0.635683
vt 0.973536 0.616264
vt 0.521346 0.916740
vt 0.508296 0.926445
vt 0.546845 0.930832
vt 0.529923 0.922066
vt 0.553804 0.922631
vt 0.526392 0.950425
vt 0.417619 0.983087
vt 0.403485 0.982610
vt 0.409691 0.973586
vt 0.417344 0.975366
vt 0.424096 0.975784
vt 0.889671 0.662518
vt 0.896254 0.652053
vt 0.903759 0.657271
vt 0.931467 0.650841
vt 0.944813 0.635871
vt 0.965373 0.623054
vt 0.951246 0.608895
vt 0.900090 0.639345
vt 0.917195 0.618145
vt 0.904517 0.622733
vt 0.975463 0.592461
vt 0.872708 0.224831
vt 0.616859 0.922153
vt 0.635123 0.912468
vt 0.643022 0.924090
vt 0.672334 0.939613
vt 0.651456 0.961960
vt 0.647164 0.955462
vt 0.663868 0.912865
vt 0.877824 0.231231
vt 0.886335 0.237025
vt 0.507244 0.951863
vt 0.977790 0.368439
vt 0.980346 0.354191
vt 0.990341 0.363888
vt 0.973204 0.364338
vt 0.965494 0.357570
vt 0.966635 0.345281
vt 0.973346 0.584433
vt 0.972606 0.574484
vt 0.024960 0.328521
vt 0.045868 0.310229
vt 0.046826 0.333041
vt 0.025603 0.343175
vt 0.030729 0.346640
vt 0.069056 0.336923
vt 0.069325 0.303715
vt 0.078177 0.321143
vt 0.038315 0.301109
vt 0.049528 0.295824
vt 0.952122 0.347812
vt 0.979048 0.331427
vt 0.968528 0.326329
vt 0.991773 0.331530
vt 0.986974 0.316290
vt 0.957529 0.331083
vt 0.047741 0.350571
vt 0.995540 0.339903
vt 0.994410 0.352026
vt 0.072122 0.422430
vt 0.065669 0.429310
vt 0.068335 0.421680
vt 0.055486 0.437819
vt 0.074070 0.448104
vt 0.078701 0.436089
vt 0.083666 0.449266
vt 0.076536 0.458261
vt 0.071140 0.474126
vt 0.061921 0.467948
vt 0.059358 0.351378
vt 0.030869 0.424717
vt 0.040229 0.422582
vt 0.975238 0.320460
vt 0.703844 0.984215
vt 0.717486 0.987850
vt 0.699768 0.988922
vt 0.708728 0.998936
vt 0.702110 0.978305
vt 0.250902 0.625113
vt 0.256173 0.624867
vt 0.036738 0.459550
vt 0.043286 0.480388
vt 0.051624 0.479378
vt 0.035031 0.436398
vt 0.028923 0.474725
vt 0.028163 0.473619
vt 0.032255 0.465666
vt 0.259800 0.908838
vt 0.251360 0.906581
vt 0.271216 0.897025
vt 0.283722 0.891910
vt 0.289665 0.898842
vt 0.258485 0.889956
vt 0.252391 0.886424
vt 0.230700 0.908042
vt 0.232835 0.883928
vt 0.234980 0.873154
vt 0.220498 0.881471
vt 0.280714 0.887756
vt 0.010488 0.869107
vt 0.038293 0.864305
vt 0.024774 0.862738
vt 0.025262 0.871480
vt 0.049370 0.879505
vt 0.041410 0.882354
vt 0.028925 0.886699
vt 0.244346 0.865172
vt 0.972226 0.775231
vt 0.970298 0.756215
vt 0.990001 0.759264
vt 0.956113 0.769303
vt 0.953318 0.775194
vt 0.719266 0.974577
vt 0.709635 0.976091
vt 0.451542 0.714264
vt 0.450877 0.704357
vt 0.461782 0.702450
vt 0.472860 0.722926
vt 0.455615 0.721263
vt 0.474989 0.693076
vt 0.481734 0.699704
vt 0.459712 0.725601
vt 0.974902 0.781576
vt 0.973385 0.780895
vt 0.985005 0.773094
vt 0.499913 0.703500
vt 0.494025 0.723523
vt 0.500843 0.739296
vt 0.509954 0.737558
vt 0.523939 0.711020
vt 0.508901 0.747345
vt 0.494808 0.742948
vt 0.479581 0.731746
vt 0.539195 0.742464
vt 0.522660 0.738380
vt 0.532592 0.719582
vt 0.535466 0.750496
vt 0.522857 0.748082
vt 0.527620 0.705182
vt 0.517303 0.729790
vt 0.561736 0.978379
vt 0.574435 0.975590
vt 0.573756 0.984818
vt 0.554566 0.996737
vt 0.564782 0.992513
vt 0.983091 0.165044
vt 0.983847 0.191617
vt 0.959247 0.160215
vt 0.722224 0.942681
vt 0.741482 0.946202
vt 0.733972 0.956115
vt 0.721128 0.955158
vt 0.702768 0.942896
vt 0.707713 0.963646
vt 0.691434 0.950389
vt 0.692016 0.948605
vt 0.976205 0.214165
vt 0.031650 0.971759
vt 0.035388 0.950436
vt 0.044737 0.958057
vt 0.048345 0.979977
vt 0.038736 0.982550
vt 0.060617 0.979719
vt 0.073863 0.972742
vt 0.069851 0.978406
vt 0.559880 0.021294
vt 0.569574 0.036522
vt 0.577347 0.026782
vt 0.585199 0.032295
vt 0.576859 0.013246
vt 0.572786 0.006562
vt 0.071018 0.955162
vt 0.053165 0.949466
vt 0.060522 0.945796
vt 0.075749 0.944564
vt 0.151551 0.929098
vt 0.157943 0.951474
vt 0.149705 0.939810
vt 0.173155 0.921857
vt 0.179029 0.939266
vt 0.156964 0.912529
vt 0.512570 0.009699
vt 0.519068 0.009089
vt 0.567878 0.003222
vt 0.586833 0.009257
vt 0.580531 0.006451
vt 0.180665 0.908865
vt 0.171629 0.904839
vt 0.148608 0.910795
vt 0.164235 0.892915
s 1
f 369/1/1 413/2/2 293/3/3
f 417/4/4 293/3/3 413/2/2
f 297/5/5 293/3/3 268/6/6
f 297/5/5 437/7/7 369/1/1
f 437/7/7 297/5/5 427/8/8
f 427/8/8 297/5/5 316/9/9
f 252/10/10 267/11/11 263/12/12
f 252/10/10 263/12/12 251/13/13
f 217/14/14 195/15/15 237/16/16
f 237/16/16 258/17/17 217/14/14
f 251/13/13 217/14/14 258/17/17
f 251/13/13 258/17/17 252/10/10
f 258/17/17 237/16/16 271/18/18
f 369/1/1 472/19/19 413/2/2
f 293/3/3 417/4/4 308/20/20
f 459/21/21 428/22/22 559/23/23
f 567/24/24 428/22/22 417/4/4
f 567/24/24 559/23/23 428/22/22
f 567/24/24 614/25/25 617/26/26
f 567/24/24 617/26/26 559/23/23
f 413/2/2 486/27/27 508/28/28
f 417/4/4 413/2/2 567/24/24
f 308/20/20 417/4/4 285/29/29
f 428/22/22 285/29/29 417/4/4
f 595/30/30 508/31/28 486/32/27
f 595/30/30 655/33/31 626/34/32
f 698/35/33 655/33/31 704/36/34
f 698/35/33 704/36/34 747/37/35
f 747/37/35 704/36/34 768/38/36
f 747/37/35 809/39/37 698/35/33
f 595/30/30 413/40/2 472/41/19
f 567/42/24 508/31/28 591/43/38
f 614/44/25 567/42/24 591/43/38
f 508/31/28 576/45/39 591/43/38
f 576/45/39 590/46/40 591/43/38
f 591/43/38 601/47/41 614/44/25
f 508/31/28 595/30/30 576/45/39
f 639/48/42 576/45/39 626/34/32
f 595/30/30 626/34/32 576/45/39
f 727/49/43 639/48/42 698/35/33
f 639/48/42 626/34/32 698/35/33
f 626/34/32 655/33/31 698/35/33
f 486/32/27 413/40/2 595/30/30
f 472/50/19 575/51/44 595/52/30
f 595/52/30 575/51/44 655/53/31
f 546/54/45 704/55/34 575/51/44
f 768/56/36 704/55/34 546/54/45
f 768/56/36 546/54/45 684/57/46
f 684/57/46 546/54/45 577/58/47
f 684/57/46 577/58/47 685/59/48
f 685/59/48 577/58/47 565/60/49
f 684/57/46 685/59/48 804/61/50
f 437/62/7 472/50/19 369/63/1
f 472/50/19 437/62/7 575/51/44
f 437/62/7 546/54/45 575/51/44
f 412/64/51 437/62/7 427/65/8
f 590/46/40 576/45/39 639/48/42
f 601/47/41 590/46/40 639/48/42
f 639/48/42 679/66/52 601/47/41
f 601/47/41 591/43/38 590/46/40
f 655/53/31 575/51/44 704/55/34
f 28/67/53 6/68/54 27/69/55
f 47/70/56 30/71/57 28/67/53
f 156/72/58 276/73/59 183/74/60
f 28/67/53 156/72/58 47/70/56
f 156/72/58 328/75/61 276/73/59
f 156/72/58 28/67/53 36/76/62
f 36/76/62 328/75/61 156/72/58
f 328/75/61 36/76/62 250/77/63
f 179/78/64 36/76/62 83/79/65
f 36/76/62 179/78/64 250/77/63
f 27/69/55 13/80/66 36/76/62
f 23/81/67 36/76/62 13/80/66
f 23/81/67 55/82/68 50/83/69
f 36/76/62 23/81/67 50/83/69
f 6/68/54 7/84/70 27/69/55
f 27/69/55 7/84/70 29/85/71
f 15/86/72 13/80/66 29/85/71
f 27/69/55 29/85/71 13/80/66
f 74/87/73 25/88/74 40/89/75
f 40/89/75 54/90/76 74/87/73
f 74/87/73 54/90/76 46/91/77
f 23/81/67 46/91/77 73/92/78
f 73/92/78 46/91/77 54/90/76
f 46/91/77 15/86/72 29/85/71
f 46/91/77 23/81/67 15/86/72
f 13/80/66 15/86/72 23/81/67
f 130/93/79 140/94/80 101/95/81
f 81/96/82 101/95/81 155/97/83
f 191/98/84 83/99/65 155/97/83
f 206/100/85 191/98/84 155/97/83
f 275/101/86 191/98/84 206/100/85
f 275/101/86 259/102/87 191/98/84
f 179/103/64 191/98/84 259/102/87
f 287/104/88 259/102/87 275/101/86
f 155/97/83 101/95/81 140/94/80
f 192/105/89 140/94/80 166/106/90
f 268/6/6 166/106/90 217/14/14
f 268/6/6 217/14/14 251/13/13
f 263/12/12 297/5/5 251/13/13
f 297/5/5 268/6/6 251/13/13
f 81/96/82 130/93/79 101/95/81
f 81/96/82 155/97/83 83/99/65
f 217/14/14 166/106/90 161/107/91
f 161/107/91 195/15/15 217/14/14
f 50/83/69 100/108/92 81/109/82
f 81/109/82 100/108/92 130/110/79
f 50/83/69 83/79/65 36/76/62
f 83/79/65 50/83/69 81/109/82
f 155/97/83 213/111/93 206/100/85
f 285/29/29 213/111/93 201/112/94
f 201/112/94 213/111/93 155/97/83
f 155/97/83 140/94/80 201/112/94
f 201/112/94 140/94/80 192/105/89
f 285/29/29 201/112/94 308/20/20
f 201/112/94 192/105/89 308/20/20
f 213/111/93 285/29/29 275/101/86
f 275/101/86 285/29/29 356/113/95
f 428/22/22 459/21/21 356/113/95
f 285/29/29 428/22/22 356/113/95
f 179/103/64 83/99/65 191/98/84
f 192/105/89 257/114/96 308/20/20
f 293/3/3 308/20/20 257/114/96
f 293/3/3 257/114/96 268/6/6
f 192/105/89 268/6/6 257/114/96
f 192/105/89 166/106/90 268/6/6
f 36/76/62 28/67/53 27/69/55
f 213/111/93 275/101/86 206/100/85
f 275/101/86 356/113/95 287/104/88
f 314/115/97 328/116/61 402/117/98
f 302/118/99 314/115/97 364/119/100
f 531/120/101 507/121/102 584/122/103
f 446/123/104 507/121/102 364/119/100
f 402/117/98 446/123/104 364/119/100
f 314/115/97 402/117/98 364/119/100
f 446/123/104 402/117/98 377/124/105
f 287/104/88 282/125/106 259/102/87
f 459/126/21 377/124/105 356/127/95
f 287/128/88 356/127/95 377/124/105
f 282/129/106 287/128/88 377/124/105
f 259/130/87 282/129/106 179/131/64
f 179/131/64 282/129/106 377/124/105
f 179/131/64 377/124/105 250/132/63
f 377/124/105 459/126/21 446/123/104
f 584/122/103 507/121/102 446/123/104
f 250/132/63 377/124/105 432/133/107
f 250/132/63 432/133/107 328/116/61
f 432/133/107 402/117/98 328/116/61
f 402/117/98 432/133/107 377/124/105
f 276/73/59 328/75/61 314/134/97
f 588/135/108 446/136/104 459/137/21
f 588/135/108 559/138/23 617/139/26
f 733/140/109 588/135/108 688/141/110
f 733/140/109 816/142/111 588/135/108
f 588/135/108 459/137/21 559/138/23
f 567/24/24 413/2/2 508/28/28
f 446/136/104 588/135/108 584/143/103
f 601/47/41 679/66/52 614/44/25
f 679/66/52 639/48/42 727/49/43
f 617/139/26 614/144/25 679/145/52
f 617/139/26 679/145/52 688/141/110
f 688/141/110 588/135/108 617/139/26
f 688/146/110 679/66/52 727/49/43
f 698/35/33 809/39/37 727/49/43
f 824/147/112 688/146/110 727/49/43
f 316/148/9 310/149/113 388/150/114
f 316/148/9 267/151/11 310/149/113
f 388/150/114 412/64/51 316/148/9
f 418/152/115 359/153/116 344/154/117
f 418/152/115 344/154/117 398/155/118
f 418/152/115 310/149/113 359/153/116
f 310/149/113 418/152/115 388/150/114
f 344/154/117 359/153/116 310/149/113
f 344/154/117 310/149/113 267/151/11
f 335/156/119 344/154/117 267/151/11
f 335/156/119 267/151/11 252/157/10
f 263/158/12 267/151/11 316/148/9
f 358/159/120 365/160/121 398/161/118
f 398/161/118 365/160/121 374/162/122
f 398/161/118 344/163/117 358/159/120
f 374/162/122 365/160/121 370/164/123
f 386/165/124 374/162/122 347/166/125
f 374/162/122 386/165/124 398/161/118
f 577/58/47 418/152/115 469/167/126
f 565/60/49 577/58/47 469/167/126
f 398/155/118 469/167/126 418/152/115
f 469/168/126 467/169/127 479/170/128
f 469/168/126 398/171/118 467/169/127
f 475/172/129 488/173/130 480/174/131
f 503/175/132 475/172/129 480/174/131
f 475/172/129 503/175/132 491/176/133
f 493/177/134 491/176/133 503/175/132
f 563/178/135 562/179/136 775/180/137
f 775/180/137 659/181/138 563/178/135
f 563/178/135 659/181/138 606/182/139
f 661/183/140 606/182/139 659/181/138
f 398/171/118 455/184/141 467/169/127
f 386/185/124 455/184/141 398/186/118
f 460/187/142 467/188/127 456/189/143
f 460/187/142 530/190/144 533/191/145
f 533/191/145 467/188/127 460/187/142
f 469/192/126 533/191/145 565/193/49
f 533/191/145 469/192/126 479/194/128
f 479/194/128 467/188/127 533/191/145
f 488/173/130 467/169/127 480/174/131
f 480/174/131 467/169/127 455/184/141
f 480/174/131 455/184/141 386/185/124
f 386/185/124 443/195/146 480/174/131
f 480/174/131 443/195/146 503/175/132
f 355/196/147 422/197/148 443/195/146
f 355/196/147 443/195/146 386/185/124
f 457/198/149 460/187/142 456/189/143
f 460/187/142 457/198/149 540/199/150
f 460/187/142 540/199/150 530/190/144
f 542/200/151 481/201/152 515/202/153
f 481/201/152 542/200/151 534/203/154
f 467/204/127 488/205/130 456/206/143
f 493/207/134 481/201/152 488/205/130
f 488/205/130 481/201/152 456/206/143
f 456/189/143 481/208/152 457/198/149
f 534/209/154 457/198/149 481/208/152
f 534/209/154 540/199/150 457/198/149
f 493/177/134 475/172/129 491/176/133
f 546/54/45 437/62/7 412/64/51
f 418/152/115 412/64/51 388/150/114
f 418/152/115 577/58/47 546/54/45
f 418/152/115 546/54/45 412/64/51
f 493/177/134 488/173/130 475/172/129
f 481/201/152 493/207/134 515/202/153
f 515/202/153 493/207/134 563/210/135
f 542/200/151 515/202/153 563/210/135
f 534/203/154 542/200/151 606/211/139
f 503/212/132 563/210/135 493/207/134
f 606/211/139 542/200/151 563/210/135
f 606/211/139 661/213/140 534/203/154
f 724/214/155 645/215/156 696/216/157
f 691/217/158 638/218/159 699/219/160
f 691/217/158 792/220/161 696/216/157
f 696/216/157 792/220/161 806/221/162
f 691/217/158 699/219/160 792/220/161
f 533/222/145 530/223/144 565/224/49
f 565/224/49 530/223/144 645/215/156
f 540/225/150 645/215/156 530/223/144
f 540/225/150 638/218/159 645/215/156
f 638/218/159 661/226/140 699/219/160
f 766/227/163 699/219/160 661/226/140
f 766/227/163 661/226/140 659/228/138
f 661/226/140 638/218/159 540/225/150
f 540/225/150 534/229/154 661/226/140
f 685/230/48 565/224/49 787/231/164
f 787/231/164 565/224/49 724/214/155
f 565/224/49 645/215/156 724/214/155
f 696/216/157 645/215/156 691/217/158
f 691/217/158 645/215/156 638/218/159
f 773/232/165 724/214/155 696/216/157
f 806/221/162 773/232/165 696/216/157
f 773/232/165 806/233/162 724/214/155
f 775/234/137 871/235/166 714/236/167
f 808/237/168 714/236/167 871/238/166
f 775/234/137 714/236/167 659/239/138
f 766/227/163 659/228/138 714/240/167
f 766/227/163 781/241/169 699/219/160
f 781/241/169 807/242/170 699/219/160
f 699/219/160 807/242/170 792/220/161
f 808/243/168 766/227/163 714/240/167
f 14/244/171 12/245/172 25/246/74
f 12/245/172 56/247/173 53/248/174
f 117/249/175 71/250/176 112/251/177
f 117/249/175 112/252/177 196/253/178
f 71/250/176 117/249/175 122/254/179
f 71/250/176 122/254/179 56/247/173
f 53/248/174 56/247/173 122/254/179
f 12/245/172 53/248/174 25/246/74
f 53/248/174 40/255/75 25/246/74
f 89/256/180 50/257/69 55/258/68
f 55/258/68 23/259/67 73/260/78
f 89/256/180 55/258/68 73/260/78
f 54/261/76 108/262/181 73/260/78
f 108/262/181 205/263/182 73/260/78
f 205/263/182 200/264/183 73/260/78
f 73/260/78 200/264/183 89/256/180
f 342/265/184 348/266/185 200/264/183
f 524/267/186 430/268/187 423/269/188
f 400/270/189 430/268/187 524/267/186
f 430/268/187 336/271/190 423/269/188
f 336/271/190 338/272/191 423/269/188
f 244/273/192 303/274/193 338/272/191
f 303/274/193 244/273/192 234/275/194
f 244/273/192 117/249/175 234/275/194
f 117/249/175 196/253/178 149/276/195
f 149/276/195 234/275/194 117/249/175
f 122/254/179 117/249/175 244/273/192
f 118/277/196 122/254/179 205/263/182
f 53/248/174 122/254/179 118/277/196
f 108/262/181 53/248/174 118/277/196
f 53/248/174 108/262/181 54/261/76
f 54/261/76 40/255/75 53/248/174
f 132/278/197 57/279/198 41/280/199
f 214/281/200 132/278/197 128/282/201
f 240/283/202 273/284/203 214/281/200
f 135/285/204 240/283/202 121/286/205
f 240/283/202 135/285/204 144/287/206
f 144/287/206 273/284/203 240/283/202
f 132/288/197 96/289/207 57/290/198
f 41/280/199 90/291/208 132/278/197
f 132/278/197 90/291/208 128/282/201
f 214/281/200 128/282/201 124/292/209
f 214/281/200 124/292/209 240/283/202
f 240/283/202 124/292/209 121/286/205
f 41/280/199 77/293/210 90/291/208
f 77/293/210 123/294/211 124/292/209
f 77/293/210 124/292/209 90/291/208
f 102/295/212 77/293/210 41/280/199
f 102/295/212 41/280/199 34/296/213
f 21/297/214 43/298/215 44/299/216
f 96/300/207 44/299/216 43/298/215
f 44/299/216 96/300/207 99/301/217
f 44/299/216 99/301/217 78/302/218
f 52/303/219 64/304/220 78/302/218
f 143/305/221 130/306/79 100/307/92
f 143/305/221 161/308/91 130/306/79
f 161/308/91 143/305/221 195/309/15
f 185/310/222 195/309/15 143/305/221
f 199/311/223 143/305/221 152/312/224
f 89/256/180 152/312/224 94/313/225
f 152/312/224 143/305/221 94/313/225
f 94/313/225 143/305/221 100/307/92
f 94/313/225 100/307/92 89/256/180
f 89/256/180 100/307/92 50/257/69
f 199/311/223 152/312/224 89/256/180
f 199/311/223 89/256/180 200/264/183
f 99/314/217 96/315/207 48/316/226
f 132/288/197 215/317/227 96/289/207
f 215/317/227 132/288/197 236/318/228
f 96/289/207 208/319/229 139/320/230
f 208/319/229 96/289/207 215/317/227
f 208/319/229 215/317/227 246/321/231
f 166/106/90 140/94/80 130/93/79
f 161/107/91 166/106/90 130/93/79
f 185/322/222 237/16/16 195/15/15
f 199/311/223 237/323/16 143/305/221
f 46/91/77 84/324/232 74/87/73
f 74/87/73 84/324/232 235/325/233
f 118/277/196 205/263/182 108/262/181
f 149/326/195 139/320/230 208/319/229
f 149/326/195 208/319/229 234/327/194
f 303/328/193 234/327/194 208/319/229
f 303/328/193 208/319/229 309/329/234
f 303/328/193 309/329/234 333/330/235
f 236/331/228 132/278/197 221/332/236
f 252/157/10 258/333/17 335/156/119
f 185/310/222 143/305/221 237/323/16
f 205/263/182 122/254/179 244/273/192
f 208/319/229 246/321/231 309/329/234
f 296/334/237 258/335/17 271/336/18
f 258/335/17 296/334/237 335/337/119
f 326/338/238 335/337/119 296/334/237
f 320/339/239 335/337/119 326/338/238
f 326/338/238 358/159/120 320/339/239
f 358/159/120 370/164/123 365/160/121
f 358/159/120 326/338/238 370/164/123
f 326/338/238 296/334/237 299/340/240
f 326/338/238 299/340/240 378/341/241
f 378/341/241 299/340/240 325/342/242
f 378/341/241 325/342/242 348/343/185
f 521/344/243 378/341/241 348/345/185
f 422/346/148 562/347/136 443/348/146
f 562/347/136 422/346/148 521/344/243
f 378/341/241 521/344/243 422/346/148
f 271/349/18 237/323/16 325/350/242
f 325/350/242 237/323/16 199/311/223
f 199/311/223 348/266/185 325/350/242
f 521/351/243 348/266/185 342/265/184
f 521/351/243 342/265/184 400/270/189
f 521/351/243 400/270/189 605/352/244
f 605/352/244 400/270/189 611/353/245
f 524/267/186 611/353/245 400/270/189
f 296/334/237 271/336/18 325/342/242
f 325/342/242 299/340/240 296/334/237
f 200/264/183 205/263/182 342/265/184
f 342/265/184 205/263/182 400/270/189
f 400/270/189 205/263/182 430/268/187
f 430/268/187 205/263/182 336/271/190
f 205/263/182 244/273/192 336/271/190
f 244/273/192 338/272/191 336/271/190
f 215/354/227 236/355/228 221/356/236
f 375/357/246 221/356/236 473/358/247
f 615/359/248 375/357/246 473/358/247
f 214/360/200 273/361/203 221/356/236
f 218/362/249 322/363/250 283/364/251
f 283/364/251 322/363/250 273/361/203
f 273/361/203 322/363/250 221/356/236
f 322/363/250 572/365/252 473/358/247
f 572/365/252 717/366/253 759/367/254
f 473/358/247 572/365/252 759/367/254
f 369/1/1 293/3/3 297/5/5
f 297/5/5 263/12/12 316/9/9
f 316/148/9 412/64/51 427/65/8
f 199/311/223 200/264/183 348/266/185
f 344/163/117 320/339/239 358/159/120
f 335/337/119 320/339/239 344/163/117
f 347/166/125 374/162/122 346/368/255
f 346/368/255 374/162/122 370/164/123
f 355/369/147 386/165/124 347/166/125
f 346/368/255 355/370/147 347/166/125
f 370/164/123 326/338/238 422/346/148
f 326/338/238 378/341/241 422/346/148
f 370/164/123 422/371/148 346/368/255
f 346/368/255 422/371/148 355/370/147
f 423/372/188 392/373/256 445/374/257
f 303/375/193 392/373/256 423/372/188
f 333/376/235 392/373/256 303/375/193
f 392/373/256 333/376/235 309/377/234
f 392/373/256 309/377/234 394/378/258
f 445/374/257 392/373/256 394/378/258
f 445/374/257 394/378/258 423/372/188
f 611/379/245 524/380/186 600/381/259
f 621/382/260 611/379/245 600/381/259
f 600/381/259 524/380/186 586/383/261
f 586/383/261 423/372/188 394/378/258
f 423/372/188 586/383/261 524/380/186
f 564/384/262 586/383/261 394/378/258
f 615/385/248 586/383/261 564/384/262
f 586/383/261 615/385/248 600/381/259
f 706/386/263 615/385/248 473/387/247
f 564/384/262 394/378/258 520/388/264
f 246/389/231 394/378/258 309/377/234
f 394/378/258 215/390/227 375/391/246
f 394/378/258 375/391/246 520/388/264
f 338/392/191 303/375/193 423/372/188
f 394/378/258 246/389/231 215/390/227
f 215/354/227 221/356/236 375/357/246
f 593/393/265 521/394/243 620/395/266
f 620/395/266 521/394/243 621/396/260
f 593/393/265 674/397/267 603/398/268
f 671/399/269 603/398/268 668/400/270
f 668/400/270 603/398/268 667/401/271
f 668/400/270 667/401/271 681/402/272
f 668/400/270 681/402/272 702/403/273
f 784/404/274 681/402/272 667/401/271
f 681/402/272 784/404/274 800/405/275
f 603/398/268 521/394/243 593/393/265
f 603/398/268 642/406/276 562/407/136
f 642/406/276 603/398/268 671/399/269
f 503/408/132 443/409/146 562/407/136
f 563/410/135 503/408/132 562/407/136
f 562/407/136 521/394/243 603/398/268
f 564/384/262 520/388/264 615/385/248
f 520/388/264 375/391/246 615/385/248
f 521/394/243 605/411/244 621/396/260
f 593/393/265 620/395/266 674/397/267
f 620/395/266 801/412/277 674/397/267
f 802/413/278 801/412/277 620/395/266
f 729/414/279 801/412/277 784/404/274
f 729/414/279 674/397/267 801/412/277
f 674/397/267 667/401/271 603/398/268
f 667/401/271 674/397/267 729/414/279
f 611/415/245 621/396/260 605/411/244
f 668/416/270 702/417/273 671/418/269
f 671/418/269 702/417/273 722/419/280
f 772/420/281 722/419/280 702/417/273
f 671/418/269 722/419/280 642/421/276
f 562/422/136 642/421/276 680/423/282
f 600/381/259 620/424/266 621/382/260
f 802/425/278 620/424/266 751/426/283
f 751/426/283 620/424/266 600/381/259
f 600/381/259 615/385/248 751/426/283
f 722/427/280 721/428/284 642/429/276
f 721/428/284 722/427/280 793/430/285
f 642/429/276 721/428/284 680/431/282
f 721/428/284 767/432/286 680/431/282
f 767/432/286 778/433/287 680/431/282
f 759/367/254 706/434/263 473/358/247
f 473/358/247 221/356/236 322/363/250
f 751/426/283 615/385/248 706/386/263
f 804/435/50 768/56/36 684/57/46
f 667/401/271 729/414/279 784/404/274
f 681/402/272 800/405/275 702/403/273
f 775/436/137 562/422/136 680/423/282
f 778/437/287 775/436/137 680/423/282
f 3/438/288 2/439/289 1/440/290
f 14/441/171 4/442/291 12/443/172
f 26/444/292 10/445/293 37/446/294
f 37/446/294 10/445/293 5/447/295
f 10/445/293 2/439/289 5/447/295
f 5/447/295 2/439/289 3/438/288
f 4/442/291 1/440/290 2/439/289
f 30/448/57 47/449/56 42/450/296
f 61/451/297 47/449/56 183/452/60
f 183/452/60 47/449/56 156/453/58
f 61/451/297 183/452/60 142/454/298
f 142/454/298 183/452/60 85/455/299
f 183/452/60 137/456/300 85/455/299
f 85/455/299 137/457/300 67/458/301
f 67/458/301 45/459/302 85/455/299
f 67/458/301 7/460/70 45/459/302
f 85/455/299 45/459/302 58/461/303
f 58/461/303 45/459/302 42/450/296
f 42/450/296 45/459/302 28/462/53
f 58/461/303 42/450/296 85/455/299
f 60/463/304 142/454/298 85/455/299
f 60/463/304 61/451/297 142/454/298
f 28/462/53 30/448/57 42/450/296
f 61/451/297 42/450/296 47/449/56
f 61/451/297 60/463/304 42/450/296
f 85/455/299 42/450/296 60/463/304
f 6/464/54 28/462/53 7/460/70
f 7/460/70 28/462/53 45/459/302
f 88/465/305 68/466/306 125/467/307
f 68/466/306 88/465/305 63/468/308
f 125/467/307 68/466/306 115/469/309
f 125/467/307 103/470/310 88/465/305
f 125/467/307 126/471/311 103/470/310
f 103/470/310 126/471/311 113/472/312
f 133/473/313 113/472/312 146/474/314
f 103/470/310 113/472/312 133/473/313
f 88/465/305 103/470/310 133/473/313
f 88/465/305 67/475/301 63/468/308
f 137/476/300 63/468/308 67/475/301
f 115/469/309 68/466/306 137/476/300
f 63/468/308 137/476/300 68/466/306
f 115/469/309 137/476/300 198/477/315
f 115/469/309 198/477/315 125/467/307
f 379/478/316 209/479/317 294/480/318
f 238/481/319 146/474/314 266/482/320
f 146/474/314 153/483/321 133/473/313
f 153/483/321 146/474/314 157/484/322
f 238/481/319 157/484/322 146/474/314
f 379/478/316 266/482/320 209/479/317
f 209/479/317 266/482/320 146/474/314
f 146/474/314 113/472/312 209/479/317
f 113/472/312 126/471/311 209/479/317
f 125/467/307 209/479/317 126/471/311
f 209/479/317 125/467/307 198/477/315
f 311/485/323 307/486/324 183/452/60
f 307/486/324 137/456/300 183/452/60
f 311/485/323 183/452/60 276/487/59
f 302/488/99 276/487/59 314/489/97
f 276/487/59 302/488/99 301/490/325
f 302/488/99 306/491/326 301/490/325
f 276/487/59 301/490/325 311/485/323
f 420/492/327 311/485/323 301/490/325
f 389/493/328 307/486/324 311/485/323
f 389/493/328 311/485/323 420/492/327
f 420/492/327 531/494/101 389/493/328
f 420/492/327 306/491/326 364/495/100
f 420/492/327 364/495/100 507/496/102
f 364/495/100 306/491/326 302/488/99
f 198/497/315 137/456/300 307/486/324
f 198/497/315 307/486/324 389/493/328
f 315/498/329 198/497/315 389/493/328
f 399/499/330 315/498/329 389/493/328
f 399/499/330 389/493/328 429/500/331
f 198/477/315 315/501/329 209/479/317
f 264/502/332 294/503/318 324/504/333
f 339/505/334 324/504/333 294/503/318
f 294/503/318 245/506/335 379/507/316
f 379/507/316 376/508/336 343/509/337
f 264/502/332 181/510/338 294/503/318
f 181/510/338 245/506/335 294/503/318
f 420/492/327 301/490/325 306/491/326
f 399/499/330 354/511/339 315/498/329
f 324/504/333 339/505/334 362/512/340
f 381/513/341 339/505/334 330/514/342
f 330/515/342 294/503/318 209/516/317
f 339/505/334 294/503/318 330/515/342
f 330/517/342 354/518/339 409/519/343
f 330/517/342 409/519/343 381/520/341
f 381/520/341 470/521/344 424/522/345
f 339/523/334 381/520/341 424/522/345
f 424/522/345 470/521/344 380/524/346
f 470/521/344 539/525/347 380/524/346
f 776/526/348 663/527/349 647/528/350
f 780/529/351 776/526/348 647/528/350
f 780/529/351 647/528/350 672/530/352
f 672/530/352 647/528/350 553/531/353
f 672/530/352 553/531/353 538/532/354
f 663/527/349 539/525/347 647/528/350
f 553/531/353 647/528/350 539/525/347
f 553/531/353 539/525/347 470/521/344
f 470/521/344 381/520/341 553/531/353
f 553/531/353 502/533/355 538/532/354
f 538/532/354 560/534/356 672/530/352
f 678/535/357 672/530/352 560/534/356
f 381/520/341 502/533/355 553/531/353
f 330/515/342 209/516/317 315/536/329
f 330/515/342 315/536/329 354/537/339
f 318/538/358 264/539/332 324/540/333
f 264/539/332 318/538/358 269/541/359
f 318/538/358 324/540/333 380/542/346
f 324/540/333 362/543/340 380/542/346
f 466/544/360 318/538/358 380/542/346
f 391/545/361 318/538/358 496/546/362
f 496/546/362 318/538/358 466/544/360
f 496/546/362 466/544/360 536/547/363
f 429/500/331 435/548/364 399/499/330
f 409/519/343 354/518/339 399/549/330
f 381/520/341 409/519/343 502/533/355
f 492/550/365 409/519/343 399/549/330
f 492/550/365 399/549/330 435/551/364
f 574/552/366 492/550/365 435/551/364
f 435/551/364 490/553/367 574/552/366
f 574/552/366 490/553/367 654/554/368
f 435/551/364 429/555/331 490/553/367
f 490/553/367 598/556/369 654/554/368
f 723/557/370 490/553/367 568/558/371
f 598/556/369 490/553/367 723/557/370
f 362/559/340 339/523/334 424/522/345
f 362/559/340 424/522/345 380/560/346
f 568/561/371 490/562/367 429/500/331
f 389/493/328 531/494/101 568/561/371
f 389/493/328 568/561/371 429/500/331
f 531/494/101 420/492/327 507/496/102
f 492/550/365 560/534/356 538/532/354
f 492/550/365 538/532/354 409/519/343
f 409/519/343 538/532/354 502/533/355
f 568/561/371 531/494/101 723/563/370
f 560/534/356 492/550/365 574/552/366
f 653/564/372 536/547/363 466/544/360
f 653/564/372 466/544/360 656/565/373
f 663/566/349 776/567/348 656/565/373
f 653/564/372 656/565/373 776/567/348
f 539/568/347 466/544/360 380/542/346
f 694/569/374 654/554/368 598/556/369
f 654/554/368 694/569/374 574/552/366
f 574/552/366 694/569/374 740/570/375
f 740/570/375 765/571/376 678/535/357
f 765/571/376 761/572/377 672/530/352
f 765/571/376 672/530/352 678/535/357
f 574/552/366 740/570/375 678/535/357
f 574/552/366 678/535/357 560/534/356
f 539/568/347 663/566/349 656/565/373
f 466/544/360 539/568/347 656/565/373
f 1013/573/378 825/574/379 995/575/380
f 995/575/380 1078/576/381 1013/573/378
f 1078/576/381 1230/577/382 1149/578/383
f 1013/573/378 1078/576/381 1149/578/383
f 1149/578/383 1110/579/384 1013/573/378
f 1306/580/385 1205/581/386 1110/579/384
f 1194/582/387 1110/579/384 1205/581/386
f 723/583/370 825/584/379 997/585/388
f 825/584/379 1013/586/378 997/585/388
f 1013/586/378 1110/587/384 1089/588/389
f 1013/586/378 1089/588/389 997/585/388
f 723/583/370 812/589/390 598/590/369
f 880/591/391 694/592/374 812/589/390
f 812/589/390 694/592/374 598/590/369
f 845/593/392 740/594/375 880/591/391
f 880/591/391 740/594/375 694/592/374
f 723/595/370 531/596/101 825/574/379
f 672/530/352 761/572/377 780/529/351
f 536/547/363 653/564/372 635/597/393
f 496/546/362 465/598/394 391/545/361
f 465/598/394 478/599/395 391/545/361
f 390/600/396 391/545/361 478/599/395
f 390/600/396 478/599/395 552/601/397
f 390/600/396 552/601/397 545/602/398
f 410/603/399 390/600/396 495/604/400
f 478/599/395 465/598/394 496/546/362
f 552/601/397 478/599/395 619/605/401
f 552/601/397 619/605/401 666/606/402
f 633/607/403 552/601/397 666/606/402
f 496/546/362 536/547/363 635/597/393
f 635/597/393 619/605/401 496/546/362
f 635/597/393 709/608/404 619/605/401
f 653/564/372 815/609/405 709/608/404
f 635/597/393 653/564/372 709/608/404
f 619/605/401 478/599/395 496/546/362
f 14/441/171 1/440/290 4/442/291
f 1/440/290 14/441/171 3/438/288
f 33/610/406 3/438/288 14/441/171
f 14/441/171 25/611/74 33/610/406
f 38/612/407 39/613/408 18/614/409
f 38/612/407 18/614/409 9/615/410
f 39/613/408 38/612/407 66/616/411
f 69/617/412 66/616/411 38/612/407
f 16/618/413 38/612/407 9/615/410
f 67/619/301 88/620/305 233/621/414
f 233/621/414 279/622/415 343/623/337
f 279/622/415 238/624/319 343/623/337
f 238/624/319 279/622/415 180/625/416
f 29/626/71 7/627/70 84/628/232
f 7/627/70 67/619/301 84/628/232
f 233/621/414 376/629/336 235/630/233
f 233/621/414 235/630/233 84/628/232
f 5/631/295 174/632/417 37/633/294
f 174/632/417 235/634/233 37/635/294
f 33/636/406 174/632/417 3/637/288
f 3/637/288 174/632/417 5/631/295
f 12/638/172 4/639/291 72/640/418
f 12/638/172 72/640/418 56/641/173
f 112/642/177 149/643/195 196/644/178
f 71/645/176 56/641/173 72/640/418
f 112/642/177 71/645/176 72/640/418
f 112/642/177 72/640/418 48/646/226
f 48/646/226 149/643/195 112/642/177
f 10/647/293 48/646/226 72/640/418
f 48/646/226 10/647/293 26/648/292
f 2/649/289 10/647/293 4/639/291
f 4/639/291 10/647/293 72/640/418
f 149/643/195 48/646/226 139/650/230
f 139/650/230 48/646/226 96/651/207
f 49/652/419 26/653/292 37/654/294
f 16/655/413 32/656/420 37/654/294
f 225/657/421 141/658/422 76/659/423
f 141/658/422 225/657/421 224/660/424
f 97/661/425 38/662/407 16/655/413
f 16/655/413 37/654/294 97/661/425
f 97/661/425 37/654/294 225/657/421
f 99/663/217 48/664/226 49/665/419
f 48/664/226 26/666/292 49/665/419
f 64/667/220 52/668/219 49/665/419
f 99/663/217 49/665/419 78/669/218
f 78/669/218 49/665/419 52/668/219
f 16/655/413 18/670/409 32/656/420
f 49/652/419 32/656/420 64/671/220
f 49/652/419 37/654/294 32/656/420
f 18/614/409 16/672/413 9/615/410
f 18/673/409 24/674/426 32/675/420
f 24/674/426 19/676/427 8/677/428
f 20/678/429 8/677/428 31/679/430
f 35/680/431 20/678/429 31/679/430
f 105/681/432 35/680/431 31/679/430
f 19/676/427 18/673/409 39/682/408
f 66/683/411 75/684/433 39/682/408
f 84/628/232 46/685/77 29/626/71
f 233/621/414 84/628/232 67/619/301
f 75/686/433 69/617/412 170/687/434
f 69/617/412 165/688/435 170/687/434
f 75/686/433 66/616/411 69/617/412
f 97/689/425 69/617/412 38/612/407
f 24/690/426 64/691/220 32/692/420
f 131/693/436 64/691/220 24/690/426
f 131/693/436 162/694/437 134/695/438
f 131/693/436 182/696/439 162/694/437
f 182/696/439 147/697/440 162/694/437
f 93/698/441 134/695/438 162/694/437
f 64/691/220 134/695/438 78/699/218
f 119/700/442 138/701/443 120/702/444
f 255/703/445 120/702/444 163/704/446
f 212/705/447 163/704/446 173/706/448
f 145/707/449 219/708/450 173/706/448
f 145/707/449 173/706/448 163/704/446
f 145/707/449 163/704/446 160/709/451
f 160/709/451 138/701/443 145/707/449
f 82/710/452 91/711/453 141/712/422
f 82/713/452 141/714/422 245/715/335
f 82/713/452 245/715/335 106/716/454
f 245/715/335 224/717/424 376/718/336
f 379/719/316 245/715/335 376/718/336
f 181/720/338 106/716/454 245/715/335
f 151/721/455 181/722/338 178/723/456
f 181/722/338 264/724/332 178/723/456
f 264/724/332 269/725/359 178/723/456
f 245/726/335 141/712/422 224/727/424
f 86/728/457 141/712/422 150/729/458
f 76/730/423 141/712/422 86/728/457
f 107/731/459 109/732/460 97/733/425
f 109/732/460 107/731/459 116/734/461
f 69/735/412 97/733/425 109/732/460
f 165/736/435 171/737/462 170/738/434
f 171/737/462 207/739/463 170/738/434
f 227/740/464 207/739/463 226/741/465
f 226/741/465 207/739/463 171/737/462
f 171/737/462 249/742/466 226/741/465
f 231/743/467 241/744/468 249/742/466
f 226/741/465 249/742/466 281/745/469
f 281/745/469 227/740/464 226/741/465
f 119/700/442 82/746/452 106/747/454
f 119/700/442 106/747/454 138/701/443
f 82/746/452 119/700/442 91/748/453
f 119/700/442 120/702/444 255/703/445
f 150/749/458 141/750/422 255/703/445
f 150/749/458 255/703/445 231/751/467
f 596/752/470 436/753/471 452/754/472
f 361/755/473 410/756/399 452/757/472
f 361/755/473 360/758/474 212/705/447
f 361/755/473 452/754/472 360/758/474
f 304/759/475 360/758/474 452/754/472
f 304/759/475 452/754/472 436/753/471
f 436/753/471 350/760/476 304/759/475
f 360/758/474 304/759/475 216/761/477
f 216/761/477 304/759/475 248/762/478
f 360/758/474 216/761/477 212/705/447
f 361/755/473 212/705/447 173/706/448
f 329/763/479 173/706/448 219/708/450
f 361/755/473 173/706/448 329/763/479
f 410/756/399 361/755/473 329/763/479
f 219/708/450 145/707/449 204/764/480
f 204/764/480 145/707/449 138/701/443
f 329/763/479 219/708/450 204/764/480
f 25/765/74 174/632/417 33/636/406
f 86/728/457 107/731/459 76/730/423
f 107/731/459 86/728/457 116/734/461
f 86/728/457 150/729/458 116/734/461
f 249/742/466 116/734/461 150/729/458
f 249/742/466 150/729/458 231/743/467
f 109/732/460 116/734/461 171/737/462
f 165/736/435 69/735/412 171/737/462
f 171/737/462 69/735/412 109/732/460
f 249/742/466 171/737/462 116/734/461
f 76/659/423 107/766/459 225/657/421
f 225/657/421 107/766/459 97/661/425
f 43/298/215 57/767/198 96/300/207
f 151/721/455 106/716/454 181/722/338
f 151/768/455 178/769/456 148/770/481
f 178/769/456 269/771/359 272/772/482
f 178/769/456 272/772/482 159/773/483
f 148/770/481 159/773/483 138/701/443
f 138/701/443 159/773/483 204/764/480
f 138/701/443 151/768/455 148/770/481
f 151/768/455 138/701/443 106/774/454
f 148/770/481 178/769/456 159/773/483
f 133/473/313 153/483/321 180/775/416
f 157/484/322 180/775/416 153/483/321
f 180/775/416 157/484/322 238/481/319
f 119/700/442 255/703/445 91/748/453
f 91/748/453 255/703/445 141/750/422
f 233/621/414 88/620/305 279/622/415
f 133/776/313 279/622/415 88/620/305
f 279/622/415 133/776/313 180/625/416
f 74/777/73 235/634/233 25/765/74
f 174/632/417 25/765/74 235/634/233
f 241/778/468 248/762/478 304/759/475
f 216/761/477 248/762/478 231/751/467
f 212/705/447 216/761/477 231/751/467
f 231/751/467 248/762/478 241/778/468
f 231/751/467 255/703/445 163/704/446
f 163/704/446 212/705/447 231/751/467
f 225/657/421 37/654/294 235/779/233
f 225/657/421 376/780/336 224/660/424
f 170/781/434 207/782/463 281/783/469
f 281/783/469 207/782/463 227/784/464
f 272/785/482 317/786/484 204/787/480
f 390/788/396 204/787/480 391/545/361
f 204/787/480 317/786/484 391/545/361
f 269/541/359 318/538/358 391/545/361
f 269/541/359 391/545/361 317/786/484
f 269/541/359 317/786/484 272/785/482
f 170/781/434 281/783/469 289/789/485
f 371/790/486 453/791/487 501/792/488
f 371/790/486 501/792/488 289/789/485
f 281/783/469 371/790/486 289/789/485
f 343/793/337 266/482/320 379/478/316
f 343/793/337 238/481/319 266/482/320
f 376/629/336 225/794/421 235/630/233
f 501/792/488 351/795/489 289/789/485
f 233/621/414 343/623/337 376/629/336
f 281/796/469 249/797/466 350/798/476
f 371/799/486 281/796/469 350/798/476
f 371/799/486 474/800/490 453/801/487
f 474/800/490 573/802/491 453/801/487
f 474/800/490 548/803/492 573/802/491
f 548/803/492 474/800/490 436/804/471
f 665/805/493 660/806/494 548/803/492
f 665/805/493 763/807/495 660/806/494
f 763/807/495 757/808/496 660/806/494
f 436/804/471 596/809/470 548/803/492
f 436/804/471 474/800/490 350/798/476
f 501/810/488 453/801/487 573/802/491
f 757/808/496 737/811/497 652/812/498
f 757/808/496 652/812/498 660/806/494
f 573/802/491 548/803/492 660/806/494
f 660/806/494 652/812/498 573/802/491
f 573/802/491 652/812/498 501/810/488
f 652/812/498 758/813/499 628/814/500
f 501/810/488 652/812/498 628/814/500
f 665/815/493 548/816/492 596/817/470
f 665/815/493 743/818/501 763/819/495
f 658/820/502 743/818/501 665/815/493
f 596/817/470 658/820/502 665/815/493
f 743/818/501 658/820/502 636/821/503
f 689/822/504 743/818/501 636/821/503
f 737/811/497 758/813/499 652/812/498
f 120/702/444 138/701/443 160/709/451
f 120/702/444 160/709/451 163/704/446
f 204/764/480 159/773/483 272/772/482
f 249/823/466 304/759/475 350/760/476
f 304/759/475 249/823/466 241/778/468
f 329/763/479 204/764/480 410/756/399
f 410/756/399 204/764/480 390/824/396
f 452/825/472 410/826/399 495/827/400
f 527/828/505 495/827/400 487/829/506
f 527/828/505 509/830/507 556/831/508
f 509/830/507 622/832/509 556/831/508
f 556/831/508 622/832/509 636/833/503
f 527/834/505 452/835/472 495/836/400
f 350/798/476 474/800/490 371/799/486
f 495/604/400 390/600/396 545/602/398
f 509/830/507 495/827/400 545/837/398
f 495/827/400 509/830/507 487/829/506
f 509/830/507 527/828/505 487/829/506
f 622/832/509 509/830/507 545/837/398
f 527/834/505 556/838/508 636/821/503
f 596/817/470 527/834/505 636/821/503
f 596/817/470 636/821/503 658/820/502
f 527/834/505 596/817/470 452/835/472
f 545/602/398 552/601/397 643/839/510
f 643/839/510 552/601/397 633/607/403
f 622/840/509 545/602/398 643/839/510
f 689/841/504 725/842/511 803/843/512
f 643/839/510 633/607/403 690/844/513
f 636/845/503 643/839/510 689/841/504
f 643/839/510 725/842/511 689/841/504
f 690/844/513 633/607/403 754/846/514
f 754/846/514 753/847/515 690/844/513
f 643/839/510 690/844/513 749/848/516
f 725/842/511 643/839/510 749/848/516
f 749/848/516 690/844/513 753/847/515
f 636/833/503 622/832/509 643/849/510
f 709/608/404 754/846/514 619/605/401
f 633/607/403 666/606/402 754/846/514
f 619/605/401 754/846/514 666/606/402
f 803/850/512 743/818/501 689/822/504
f 433/851/517 468/852/518 451/853/519
f 468/852/518 433/851/517 404/854/520
f 404/854/520 433/851/517 393/855/521
f 426/856/522 483/857/523 450/858/524
f 439/859/525 393/855/521 450/858/524
f 426/856/522 450/858/524 393/855/521
f 404/860/520 393/861/521 387/862/526
f 431/863/527 447/864/528 450/865/524
f 439/866/525 447/864/528 431/863/527
f 439/866/525 449/867/529 447/864/528
f 431/863/527 404/860/520 387/862/526
f 438/868/530 404/860/520 431/863/527
f 393/855/521 433/851/517 426/856/522
f 433/851/517 462/869/531 426/856/522
f 433/870/517 451/871/519 462/872/531
f 451/871/519 468/873/518 462/872/531
f 499/874/532 462/872/531 483/875/523
f 462/872/531 499/874/532 494/876/533
f 511/877/534 499/878/532 483/879/523
f 483/879/523 426/880/522 494/876/533
f 483/879/523 494/876/533 511/877/534
f 494/876/533 426/880/522 462/872/531
f 484/881/535 438/882/530 431/883/527
f 404/884/520 438/882/530 484/881/535
f 404/884/520 484/881/535 468/885/518
f 484/881/535 483/886/523 468/887/518
f 450/888/524 483/886/523 484/881/535
f 431/883/527 450/888/524 484/881/535
f 462/872/531 468/873/518 483/875/523
f 477/889/536 450/890/524 512/891/537
f 477/889/536 512/891/537 525/892/538
f 477/889/536 525/892/538 526/893/539
f 526/893/539 525/892/538 616/894/540
f 551/895/541 581/896/542 550/897/543
f 551/895/541 550/897/543 505/898/544
f 604/899/545 550/897/543 581/896/542
f 581/896/542 551/895/541 585/900/546
f 526/901/539 585/900/546 551/895/541
f 499/902/532 526/901/539 551/895/541
f 554/903/547 494/904/533 551/895/541
f 499/902/532 551/895/541 494/904/533
f 609/905/548 526/906/539 592/907/549
f 592/907/549 526/906/539 616/908/540
f 525/909/538 579/910/550 616/908/540
f 592/907/549 616/908/540 664/911/551
f 640/912/552 616/908/540 579/910/550
f 535/913/553 579/910/550 525/909/538
f 640/912/552 579/910/550 535/913/553
f 673/914/554 609/905/548 664/911/551
f 664/911/551 609/905/548 592/907/549
f 604/915/545 581/916/542 585/917/546
f 687/918/555 637/919/556 604/915/545
f 604/915/545 673/920/554 687/918/555
f 583/921/557 637/919/556 618/922/558
f 648/923/559 637/919/556 720/924/560
f 648/923/559 569/925/561 618/922/558
f 648/923/559 618/922/558 637/919/556
f 585/917/546 526/926/539 609/927/548
f 609/927/548 673/920/554 585/917/546
f 585/917/546 673/920/554 604/915/545
f 687/918/555 755/928/562 735/929/563
f 687/918/555 673/920/554 755/928/562
f 739/930/564 735/929/563 795/931/565
f 735/929/563 739/930/564 687/918/555
f 795/931/565 782/932/566 739/930/564
f 739/930/564 782/932/566 687/918/555
f 782/932/566 732/933/567 687/918/555
f 687/918/555 732/933/567 637/919/556
f 640/912/552 664/911/551 616/908/540
f 738/934/568 664/935/551 707/936/569
f 823/937/570 738/934/568 707/936/569
f 664/935/551 640/938/552 707/936/569
f 755/939/562 664/935/551 738/934/568
f 755/939/562 738/934/568 821/940/571
f 738/934/568 862/941/572 821/940/571
f 629/942/573 711/943/574 693/944/575
f 629/942/573 693/944/575 640/945/552
f 629/942/573 708/946/576 711/943/574
f 693/944/575 711/943/574 818/947/577
f 764/948/578 640/945/552 693/944/575
f 640/945/552 764/948/578 707/949/569
f 764/948/578 693/944/575 818/947/577
f 823/950/570 818/947/577 862/951/572
f 862/951/572 738/952/568 823/950/570
f 764/948/578 818/947/577 823/950/570
f 755/939/562 673/953/554 664/935/551
f 764/954/578 823/937/570 707/936/569
f 22/955/579 21/956/214 44/957/216
f 92/958/580 44/957/216 134/959/438
f 44/957/216 92/958/580 34/960/213
f 44/957/216 34/960/213 22/955/579
f 17/961/581 22/962/579 34/296/213
f 43/963/215 21/964/214 17/961/581
f 43/963/215 17/961/581 41/280/199
f 17/961/581 34/296/213 41/280/199
f 57/279/198 43/963/215 41/280/199
f 21/956/214 22/955/579 17/965/581
f 62/966/582 95/967/583 123/968/211
f 121/969/205 123/968/211 95/967/583
f 144/970/206 121/969/205 95/967/583
f 95/967/583 79/971/584 136/972/585
f 79/971/584 95/967/583 70/973/586
f 80/974/587 79/971/584 70/973/586
f 80/974/587 129/975/588 184/976/589
f 158/977/590 184/976/589 129/975/588
f 114/978/591 158/977/590 129/975/588
f 114/978/591 129/975/588 59/979/592
f 129/975/588 80/974/587 70/973/586
f 77/980/210 62/966/582 123/968/211
f 77/980/210 102/981/212 62/966/582
f 95/967/583 62/966/582 87/982/593
f 87/982/593 62/966/582 34/983/213
f 87/982/593 127/984/594 95/967/583
f 127/984/594 129/975/588 95/967/583
f 129/975/588 127/984/594 59/979/592
f 127/984/594 87/982/593 59/979/592
f 95/967/583 129/975/588 70/973/586
f 102/981/212 34/983/213 62/966/582
f 90/291/208 124/292/209 128/282/201
f 121/286/205 124/292/209 123/294/211
f 121/969/205 144/970/206 135/985/204
f 136/972/585 144/970/206 95/967/583
f 144/970/206 136/972/585 197/986/595
f 197/986/595 136/972/585 176/987/596
f 80/974/587 184/976/589 79/971/584
f 79/971/584 176/987/596 136/972/585
f 218/988/249 176/987/596 79/971/584
f 184/976/589 218/988/249 79/971/584
f 283/989/251 176/987/596 218/988/249
f 176/987/596 283/989/251 197/986/595
f 144/970/206 197/986/595 273/990/203
f 197/986/595 283/989/251 273/990/203
f 158/991/590 114/992/591 164/993/597
f 158/991/590 164/993/597 187/994/598
f 187/994/598 164/993/597 172/995/599
f 172/995/599 223/996/600 187/994/598
f 230/997/601 187/994/598 223/996/600
f 230/997/601 223/996/600 274/998/602
f 187/994/598 194/999/603 169/1000/604
f 169/1000/604 184/1001/589 187/994/598
f 184/1001/589 169/1000/604 194/999/603
f 190/1002/605 229/1003/606 194/999/603
f 229/1003/606 190/1002/605 211/1004/607
f 158/991/590 187/994/598 184/1001/589
f 211/1004/607 190/1002/605 203/1005/608
f 366/1006/609 332/1007/610 295/1008/611
f 366/1006/609 295/1008/611 349/1009/612
f 295/1008/611 332/1007/610 254/1010/613
f 295/1008/611 254/1010/613 242/1011/614
f 295/1008/611 242/1011/614 265/1012/615
f 349/1009/612 295/1008/611 368/1013/616
f 265/1012/615 242/1011/614 222/1014/617
f 203/1005/608 222/1014/617 211/1004/607
f 265/1012/615 222/1014/617 203/1005/608
f 203/1005/608 190/1002/605 194/999/603
f 203/1005/608 194/999/603 187/994/598
f 187/994/598 230/997/601 203/1005/608
f 188/1015/618 232/1016/619 229/1017/606
f 188/1015/618 229/1017/606 211/1018/607
f 188/1015/618 211/1018/607 222/1019/617
f 218/1020/249 229/1017/606 322/1021/250
f 261/1022/620 256/1023/621 331/1024/622
f 331/1024/622 256/1023/621 239/1025/623
f 331/1024/622 337/1026/624 458/1027/625
f 337/1026/624 331/1024/622 239/1025/623
f 239/1025/623 253/1028/626 337/1026/624
f 253/1028/626 239/1025/623 243/1029/627
f 243/1029/627 292/1030/628 253/1028/626
f 253/1028/626 341/1031/629 337/1032/624
f 222/1019/617 280/1033/630 239/1025/623
f 239/1025/623 280/1033/630 243/1029/627
f 280/1033/630 341/1031/629 292/1030/628
f 292/1030/628 341/1031/629 253/1028/626
f 222/1019/617 239/1025/623 188/1015/618
f 232/1016/619 261/1022/620 229/1017/606
f 221/356/236 132/1034/197 214/360/200
f 184/1035/589 194/1036/603 218/1020/249
f 229/1017/606 218/1020/249 194/1036/603
f 232/1016/619 188/1015/618 239/1025/623
f 232/1016/619 239/1025/623 256/1023/621
f 261/1022/620 232/1016/619 256/1023/621
f 295/1008/611 265/1012/615 334/1037/631
f 334/1037/631 265/1012/615 230/997/601
f 334/1037/631 230/997/601 274/998/602
f 274/998/602 223/1038/600 334/1037/631
f 334/1037/631 368/1013/616 295/1008/611
f 368/1013/616 334/1037/631 385/1039/632
f 223/1038/600 385/1039/632 334/1037/631
f 230/997/601 265/1012/615 203/1005/608
f 222/1014/617 242/1011/614 280/1040/630
f 286/1041/633 280/1040/630 242/1011/614
f 286/1041/633 254/1010/613 332/1007/610
f 242/1011/614 254/1010/613 286/1041/633
f 292/1030/628 243/1029/627 280/1033/630
f 331/1024/622 322/1021/250 229/1017/606
f 331/1024/622 229/1017/606 261/1022/620
f 322/1021/250 331/1024/622 458/1027/625
f 349/1009/612 406/1042/634 366/1006/609
f 332/1043/610 313/1044/635 286/1045/633
f 280/1046/630 286/1045/633 441/1047/636
f 313/1044/635 332/1043/610 305/1048/637
f 441/1047/636 286/1045/633 313/1044/635
f 280/1046/630 441/1047/636 341/1049/629
f 345/1050/638 441/1047/636 313/1044/635
f 383/1051/639 441/1047/636 345/1050/638
f 305/1048/637 345/1050/638 313/1044/635
f 357/1052/640 332/1053/610 366/1054/609
f 332/1053/610 357/1052/640 305/1055/637
f 305/1055/637 357/1052/640 345/1056/638
f 327/1057/641 353/1058/642 352/1059/643
f 421/1060/644 363/1061/645 444/1062/646
f 353/1058/642 363/1061/645 421/1060/644
f 353/1058/642 421/1060/644 352/1059/643
f 383/1063/639 327/1057/641 352/1059/643
f 498/1064/647 322/363/250 458/1065/625
f 322/363/250 498/1064/647 572/365/252
f 572/365/252 498/1064/647 610/1066/648
f 387/862/526 439/866/525 431/863/527
f 439/866/525 387/862/526 393/861/521
f 439/1067/525 337/1068/624 407/1069/649
f 458/1070/625 337/1071/624 439/1072/525
f 522/1073/650 458/1070/625 439/1072/525
f 458/1070/625 522/1073/650 543/1074/651
f 337/1075/624 341/1076/629 407/1077/649
f 407/1077/649 341/1076/629 449/1078/529
f 341/1076/629 571/1079/652 449/1078/529
f 366/1054/609 406/1080/634 340/1081/653
f 366/1054/609 340/1081/653 357/1052/640
f 373/1082/654 353/1058/642 357/1052/640
f 357/1052/640 340/1081/653 373/1082/654
f 532/1083/655 444/1062/646 406/1080/634
f 406/1080/634 444/1062/646 340/1081/653
f 340/1081/653 444/1062/646 373/1082/654
f 510/1084/656 482/1085/657 550/1086/543
f 505/1087/544 550/1086/543 482/1085/657
f 510/1084/656 505/1087/544 482/1085/657
f 439/1088/525 450/890/524 477/889/536
f 522/1089/650 439/1088/525 477/889/536
f 517/1090/658 522/1089/650 477/889/536
f 477/889/536 526/893/539 517/1090/658
f 512/1091/537 450/865/524 447/864/528
f 449/1092/529 439/1067/525 407/1069/649
f 550/1093/543 544/1094/659 510/1095/656
f 505/1096/544 510/1095/656 544/1094/659
f 505/1096/544 544/1094/659 551/1097/541
f 551/1097/541 544/1094/659 554/1098/547
f 523/1099/660 569/1100/561 599/1101/661
f 583/1102/557 569/1100/561 523/1099/660
f 544/1103/659 583/1102/557 523/1099/660
f 523/1099/660 554/1104/547 544/1103/659
f 554/1104/547 523/1099/660 599/1101/661
f 517/1105/658 494/1106/533 522/1107/650
f 522/1107/650 494/1106/533 554/1104/547
f 554/1104/547 599/1101/661 522/1107/650
f 599/1101/661 543/1108/651 522/1107/650
f 494/1106/533 517/1105/658 511/1109/534
f 526/1110/539 499/1111/532 517/1105/658
f 517/1105/658 499/1111/532 511/1109/534
f 512/1112/537 447/1113/528 535/1114/553
f 535/1114/553 447/1113/528 449/1115/529
f 695/1116/662 629/1117/573 571/1118/652
f 631/1119/663 630/1120/664 692/1121/665
f 571/1118/652 594/1122/666 631/1119/663
f 571/1118/652 631/1119/663 695/1116/662
f 695/1116/662 631/1119/663 692/1121/665
f 544/1094/659 550/1093/543 604/1123/545
f 583/1124/557 544/1094/659 604/1123/545
f 637/1125/556 583/1124/557 604/1123/545
f 569/1100/561 583/1102/557 618/1126/558
f 569/1100/561 648/1127/559 599/1101/661
f 648/1127/559 608/1128/667 599/1101/661
f 599/1101/661 608/1128/667 543/1108/651
f 570/1129/668 498/1130/647 458/1070/625
f 498/1131/647 570/1129/668 610/1132/648
f 458/1070/625 608/1133/667 570/1129/668
f 608/1133/667 458/1070/625 543/1074/651
f 571/1118/652 535/1114/553 449/1115/529
f 535/913/553 525/909/538 512/1134/537
f 777/1135/669 752/1136/670 779/1137/671
f 752/1136/670 777/1135/669 796/1138/672
f 692/1139/665 641/1140/673 746/1141/674
f 641/1140/673 692/1139/665 630/1142/664
f 641/1140/673 715/1143/675 746/1141/674
f 646/1144/676 715/1143/675 641/1140/673
f 646/1144/676 641/1140/673 651/1145/677
f 594/1146/666 646/1144/676 651/1145/677
f 651/1145/677 631/1147/663 594/1146/666
f 752/1136/670 695/1148/662 692/1139/665
f 571/1149/652 341/1150/629 594/1146/666
f 341/1150/629 441/1151/636 646/1144/676
f 594/1146/666 341/1150/629 646/1144/676
f 602/1152/678 646/1153/676 441/1154/636
f 570/1155/668 608/1156/667 610/1157/648
f 535/1158/553 629/942/573 640/945/552
f 629/942/573 695/1159/662 708/946/576
f 789/1160/679 708/946/576 695/1159/662
f 708/946/576 789/1160/679 798/1161/680
f 613/1162/681 555/1163/682 532/1164/655
f 421/1165/644 532/1164/655 555/1163/682
f 421/1165/644 444/1166/646 532/1164/655
f 519/1167/683 532/1164/655 406/1168/634
f 506/1169/684 613/1162/681 519/1167/683
f 532/1164/655 519/1167/683 613/1162/681
f 610/1170/648 608/1171/667 648/1172/559
f 744/1173/685 610/1170/648 648/1172/559
f 610/1170/648 744/1173/685 717/1174/253
f 572/1175/252 610/1170/648 717/1174/253
f 744/1173/685 835/1176/686 717/1174/253
f 882/1177/687 835/1176/686 744/1173/685
f 882/1177/687 744/1173/685 720/1178/560
f 930/1179/688 882/1177/687 720/1178/560
f 1008/1180/689 930/1179/688 907/1181/690
f 1008/1180/689 907/1181/690 927/1182/691
f 571/1118/652 629/1117/573 535/1114/553
f 641/1140/673 630/1142/664 651/1145/677
f 631/1147/663 651/1145/677 630/1142/664
f 683/1183/692 662/1184/693 682/1185/694
f 682/1185/694 676/1186/695 686/1187/696
f 682/1185/694 686/1187/696 683/1183/692
f 697/1188/697 662/1184/693 683/1183/692
f 662/1184/693 697/1188/697 715/1189/675
f 662/1184/693 715/1189/675 646/1190/676
f 662/1184/693 646/1190/676 602/1191/678
f 683/1183/692 686/1187/696 813/1192/698
f 697/1188/697 683/1183/692 832/1193/699
f 832/1193/699 877/1194/700 697/1188/697
f 732/933/567 720/924/560 637/919/556
f 648/1172/559 720/1178/560 744/1173/685
f 789/1195/679 695/1116/662 752/1196/670
f 789/1195/679 752/1196/670 796/1197/672
f 767/1198/286 721/1199/284 793/1200/285
f 778/1201/287 793/1200/285 875/1202/701
f 759/1203/254 849/1204/702 706/1205/263
f 717/1206/253 835/1207/686 849/1204/702
f 720/1208/560 732/1209/567 853/1210/703
f 782/1211/566 855/1212/704 732/1209/567
f 855/1212/704 853/1210/703 732/1209/567
f 855/1212/704 782/1211/566 795/1213/565
f 795/1213/565 735/1214/563 855/1212/704
f 755/1215/562 843/1216/705 855/1212/704
f 855/1212/704 735/1214/563 755/1215/562
f 896/1217/706 843/1216/705 916/1218/707
f 896/1217/706 855/1212/704 843/1216/705
f 843/1216/705 941/1219/708 916/1218/707
f 821/1220/571 843/1216/705 755/1215/562
f 907/1181/690 853/1221/703 927/1182/691
f 720/1178/560 907/1181/690 930/1179/688
f 798/1161/680 711/943/574 708/946/576
f 345/1056/638 357/1052/640 353/1058/642
f 345/1056/638 353/1058/642 327/1057/641
f 363/1061/645 353/1058/642 373/1082/654
f 383/1063/639 345/1056/638 327/1057/641
f 363/1061/645 373/1082/654 444/1062/646
f 383/1222/639 555/1163/682 441/1154/636
f 421/1165/644 555/1163/682 352/1223/643
f 352/1223/643 555/1163/682 383/1222/639
f 441/1154/636 555/1163/682 602/1152/678
f 555/1224/682 662/1184/693 602/1191/678
f 718/1225/709 710/1226/710 662/1227/693
f 613/1228/681 718/1225/709 662/1227/693
f 613/1228/681 736/1229/711 718/1225/709
f 736/1229/711 613/1228/681 506/1230/684
f 718/1225/709 736/1229/711 861/1231/712
f 860/1232/713 718/1225/709 861/1231/712
f 662/1227/693 555/1233/682 613/1228/681
f 662/1184/693 710/1234/710 682/1185/694
f 676/1186/695 682/1185/694 710/1234/710
f 676/1235/695 774/1236/714 700/1237/715
f 813/1238/698 686/1239/696 734/1240/716
f 813/1238/698 734/1240/716 846/1241/717
f 832/1242/699 813/1238/698 846/1241/717
f 832/1242/699 683/1243/692 813/1238/698
f 676/1235/695 700/1237/715 734/1240/716
f 676/1235/695 734/1240/716 686/1239/696
f 846/1241/717 700/1237/715 774/1236/714
f 710/1244/710 774/1236/714 676/1235/695
f 710/1244/710 832/1242/699 774/1236/714
f 774/1236/714 832/1242/699 846/1241/717
f 700/1237/715 846/1241/717 734/1240/716
f 752/1136/670 746/1141/674 779/1137/671
f 746/1141/674 752/1136/670 692/1139/665
f 832/1245/699 911/1246/718 877/1247/700
f 697/1248/697 877/1247/700 839/1249/719
f 839/1249/719 877/1247/700 904/1250/720
f 11/1251/721 8/677/428 19/676/427
f 39/682/408 11/1251/721 19/676/427
f 31/679/430 11/1251/721 39/682/408
f 24/1252/426 8/677/428 20/678/429
f 19/676/427 24/674/426 18/673/409
f 24/690/426 20/1253/429 35/1254/431
f 35/1254/431 189/1255/722 24/690/426
f 189/1255/722 131/693/436 24/690/426
f 189/1255/722 210/1256/723 131/693/436
f 131/693/436 210/1256/723 202/1257/724
f 202/1257/724 111/1258/725 131/693/436
f 111/1258/725 202/1257/724 168/1259/726
f 111/1258/725 168/1259/726 110/1260/727
f 168/1259/726 202/1257/724 300/1261/728
f 189/1255/722 262/1262/729 210/1256/723
f 105/1263/432 262/1262/729 189/1255/722
f 11/1251/721 31/679/430 8/677/428
f 31/679/430 39/682/408 75/684/433
f 31/679/430 75/684/433 98/1264/730
f 98/1264/730 154/1265/731 31/679/430
f 31/679/430 154/1265/731 186/1266/732
f 186/1266/732 105/681/432 31/679/430
f 262/1267/729 105/681/432 186/1266/732
f 186/1266/732 154/1265/731 290/1268/733
f 351/1269/489 290/1268/733 220/1270/734
f 290/1268/733 154/1265/731 220/1270/734
f 220/1270/734 170/1271/434 289/1272/485
f 170/1273/434 220/1270/734 154/1265/731
f 170/1273/434 154/1265/731 75/684/433
f 154/1265/731 98/1264/730 75/684/433
f 87/1274/593 93/1275/441 51/1276/735
f 87/1274/593 51/1276/735 59/1277/592
f 114/1278/591 59/1277/592 65/1279/736
f 114/1278/591 65/1279/736 175/1280/737
f 175/1280/737 164/1281/597 114/1278/591
f 385/1282/632 223/1283/600 278/1284/738
f 223/1283/600 172/1285/599 278/1284/738
f 403/1286/739 385/1282/632 278/1284/738
f 278/1284/738 172/1285/599 175/1280/737
f 164/1281/597 175/1280/737 172/1285/599
f 65/1279/736 59/1277/592 51/1276/735
f 147/1287/440 65/1279/736 51/1276/735
f 162/1288/437 147/1287/440 93/1275/441
f 93/1275/441 147/1287/440 51/1276/735
f 93/1289/441 87/1290/593 92/958/580
f 87/1290/593 34/960/213 92/958/580
f 92/958/580 134/959/438 93/1289/441
f 111/1258/725 104/1291/740 131/693/436
f 182/696/439 110/1260/727 168/1259/726
f 321/1292/741 300/1261/728 202/1257/724
f 202/1257/724 210/1256/723 262/1262/729
f 202/1257/724 262/1262/729 177/1293/742
f 202/1257/724 177/1293/742 167/1294/743
f 193/1295/744 202/1257/724 167/1294/743
f 270/1296/745 193/1295/744 167/1294/743
f 270/1296/745 167/1294/743 288/1297/746
f 270/1296/745 291/1298/747 284/1299/748
f 284/1299/748 247/1300/749 319/1301/750
f 319/1301/750 396/1302/751 284/1299/748
f 298/1303/752 319/1301/750 384/1304/753
f 319/1301/750 298/1303/752 396/1302/751
f 284/1299/748 396/1302/751 270/1296/745
f 321/1292/741 270/1296/745 396/1302/751
f 300/1261/728 396/1302/751 298/1303/752
f 396/1302/751 300/1261/728 321/1292/741
f 168/1259/726 300/1261/728 298/1303/752
f 104/1291/740 110/1260/727 182/696/439
f 131/693/436 104/1291/740 182/696/439
f 110/1260/727 104/1291/740 111/1258/725
f 78/1305/218 134/959/438 44/957/216
f 134/695/438 64/691/220 131/693/436
f 189/1255/722 35/1254/431 105/1263/432
f 228/1306/754 262/1262/729 290/1307/733
f 186/1308/732 290/1307/733 262/1262/729
f 167/1294/743 228/1306/754 288/1297/746
f 270/1296/745 288/1297/746 291/1298/747
f 65/1279/736 147/1287/440 175/1280/737
f 147/1287/440 182/1309/439 277/1310/755
f 147/1287/440 277/1310/755 403/1286/739
f 147/1287/440 403/1286/739 278/1284/738
f 167/1294/743 177/1293/742 228/1306/754
f 278/1284/738 175/1280/737 147/1287/440
f 228/1306/754 177/1293/742 262/1262/729
f 270/1296/745 202/1257/724 193/1295/744
f 202/1257/724 270/1296/745 321/1292/741
f 291/1311/747 312/1312/756 260/1313/757
f 312/1312/756 323/1314/758 260/1313/757
f 291/1311/747 260/1313/757 247/1315/749
f 284/1316/748 291/1311/747 247/1315/749
f 319/1317/750 260/1313/757 323/1314/758
f 289/1318/485 351/1269/489 220/1270/734
f 228/1306/754 290/1307/733 288/1297/746
f 277/1310/755 182/1309/439 168/1319/726
f 440/1320/759 403/1286/739 277/1310/755
f 277/1310/755 168/1319/726 298/1321/752
f 277/1310/755 367/1322/760 440/1320/759
f 277/1310/755 298/1323/752 367/1322/760
f 247/1300/749 260/1324/757 319/1301/750
f 395/1325/761 288/1326/746 425/1327/762
f 425/1327/762 288/1326/746 497/1328/763
f 408/1329/764 497/1328/763 288/1326/746
f 497/1328/763 408/1329/764 504/1330/765
f 288/1331/746 395/1332/761 291/1311/747
f 395/1332/761 425/1333/762 414/1334/766
f 395/1332/761 414/1334/766 291/1311/747
f 291/1311/747 414/1334/766 312/1312/756
f 372/1335/767 312/1312/756 448/1336/768
f 448/1337/768 312/1312/756 414/1334/766
f 414/1334/766 442/1338/769 448/1337/768
f 476/1339/770 448/1337/768 442/1338/769
f 476/1339/770 442/1338/769 414/1334/766
f 425/1333/762 476/1339/770 414/1334/766
f 384/1340/753 367/1341/760 298/1342/752
f 489/1343/771 382/1344/772 397/1345/773
f 323/1346/758 382/1344/772 319/1347/750
f 323/1346/758 397/1345/773 382/1344/772
f 323/1348/758 312/1349/756 372/1350/767
f 372/1350/767 411/1351/774 397/1352/773
f 397/1352/773 323/1348/758 372/1350/767
f 675/1353/775 712/1354/776 716/1355/777
f 730/1356/778 712/1354/776 675/1353/775
f 730/1356/778 675/1353/775 657/1357/779
f 513/1358/780 657/1357/779 675/1353/775
f 411/1351/774 513/1359/780 397/1352/773
f 513/1359/780 411/1351/774 561/1360/781
f 411/1351/774 558/1361/782 561/1360/781
f 416/1362/783 558/1361/782 411/1351/774
f 416/1362/783 500/1363/784 558/1361/782
f 561/1360/781 558/1361/782 657/1357/779
f 657/1357/779 558/1361/782 649/1364/785
f 513/1358/780 561/1360/781 657/1357/779
f 419/1365/786 290/1366/733 351/1367/489
f 623/1368/787 504/1330/765 419/1365/786
f 623/1368/787 419/1365/786 628/1369/500
f 840/1370/788 770/1371/789 758/1372/499
f 628/1369/500 758/1372/499 770/1371/789
f 770/1371/789 623/1368/787 628/1369/500
f 419/1365/786 501/1373/488 628/1369/500
f 623/1368/787 770/1371/789 769/1374/790
f 408/1329/764 288/1326/746 290/1366/733
f 290/1366/733 419/1365/786 408/1329/764
f 411/1351/774 372/1350/767 416/1362/783
f 416/1362/783 372/1350/767 448/1375/768
f 557/1376/791 558/1377/782 500/1363/784
f 440/1378/759 367/1341/760 489/1343/771
f 489/1343/771 582/1379/792 440/1378/759
f 741/1380/793 650/1381/794 632/1382/795
f 741/1380/793 632/1382/795 644/1383/796
f 742/1384/797 760/1385/798 669/1386/799
f 669/1386/799 760/1385/798 677/1387/800
f 384/1340/753 319/1347/750 382/1344/772
f 384/1340/753 382/1344/772 367/1341/760
f 367/1341/760 382/1344/772 489/1343/771
f 489/1343/771 397/1345/773 513/1388/780
f 489/1343/771 644/1383/796 632/1382/795
f 368/1013/616 406/1042/634 349/1009/612
f 501/1373/488 419/1365/786 351/1367/489
f 504/1330/765 408/1329/764 419/1365/786
f 627/1389/801 497/1328/763 623/1368/787
f 504/1330/765 623/1368/787 497/1328/763
f 385/1390/632 461/1391/802 368/1392/616
f 406/1393/634 368/1392/616 464/1394/803
f 368/1392/616 461/1391/802 464/1394/803
f 461/1391/802 385/1395/632 463/1396/804
f 463/1396/804 541/1397/805 528/1398/806
f 464/1394/803 461/1391/802 454/1399/807
f 464/1394/803 454/1399/807 405/1400/808
f 454/1399/807 415/1401/809 405/1400/808
f 415/1401/809 454/1399/807 471/1402/810
f 454/1399/807 516/1403/811 471/1402/810
f 415/1401/809 434/1404/812 401/1405/813
f 415/1401/809 401/1405/813 405/1400/808
f 516/1403/811 461/1391/802 463/1396/804
f 461/1391/802 516/1403/811 454/1399/807
f 519/1406/683 406/1042/634 464/1407/803
f 464/1394/803 405/1400/808 401/1405/813
f 463/1396/804 528/1398/806 578/1408/814
f 463/1396/804 578/1408/814 516/1403/811
f 541/1397/805 463/1396/804 385/1395/632
f 385/1395/632 403/1409/739 541/1397/805
f 519/1410/683 464/1394/803 401/1405/813
f 519/1411/683 401/1412/813 506/1413/684
f 736/1414/711 506/1413/684 624/1415/815
f 624/1415/815 506/1413/684 485/1416/816
f 634/1417/817 624/1415/815 485/1416/816
f 634/1417/817 485/1416/816 514/1418/818
f 485/1416/816 434/1419/812 514/1418/818
f 537/1420/819 514/1418/818 518/1421/820
f 518/1421/820 566/1422/821 537/1420/819
f 537/1420/819 566/1422/821 597/1423/822
f 597/1423/822 514/1418/818 537/1420/819
f 425/1424/762 580/1425/823 476/1339/770
f 425/1424/762 497/1426/763 580/1425/823
f 580/1425/823 607/1427/824 549/1428/825
f 580/1425/823 549/1428/825 476/1339/770
f 528/1429/806 587/1430/826 589/1431/827
f 528/1429/806 582/1432/792 587/1430/826
f 582/1432/792 528/1429/806 541/1433/805
f 440/1434/759 541/1433/805 403/1435/739
f 541/1433/805 440/1434/759 582/1432/792
f 489/1343/771 513/1388/780 644/1383/796
f 644/1383/796 513/1388/780 675/1436/775
f 716/1437/777 741/1380/793 644/1383/796
f 644/1383/796 675/1436/775 716/1437/777
f 587/1430/826 582/1432/792 650/1438/794
f 669/1439/799 587/1430/826 650/1438/794
f 578/1440/814 528/1429/806 589/1431/827
f 677/1441/800 589/1431/827 669/1439/799
f 669/1439/799 589/1431/827 587/1430/826
f 516/1442/811 578/1443/814 612/1444/828
f 612/1444/828 625/1445/829 516/1442/811
f 529/1446/830 471/1447/810 625/1445/829
f 471/1447/810 516/1442/811 625/1445/829
f 625/1445/829 670/1448/831 529/1446/830
f 762/1449/832 625/1445/829 612/1444/828
f 745/1450/833 762/1449/832 612/1444/828
f 762/1449/832 670/1448/831 625/1445/829
f 582/1379/792 489/1343/771 632/1382/795
f 589/1451/827 612/1444/828 578/1443/814
f 627/1389/801 623/1368/787 769/1374/790
f 497/1452/763 627/1453/801 580/1454/823
f 580/1454/823 627/1453/801 649/1455/785
f 649/1455/785 607/1456/824 580/1454/823
f 731/1457/834 649/1455/785 627/1453/801
f 582/1432/792 632/1458/795 650/1459/794
f 677/1460/800 612/1444/828 589/1451/827
f 745/1450/833 612/1444/828 677/1460/800
f 750/1461/835 677/1460/800 760/1462/798
f 750/1461/835 785/1463/836 677/1460/800
f 745/1450/833 677/1460/800 785/1463/836
f 731/1464/834 627/1465/801 769/1466/790
f 731/1464/834 794/1467/837 705/1468/838
f 728/1469/839 794/1467/837 878/1470/840
f 728/1469/839 705/1468/838 794/1467/837
f 703/1471/841 649/1472/785 705/1468/838
f 728/1469/839 878/1473/840 886/1474/842
f 705/1468/838 728/1469/839 703/1471/841
f 705/1468/838 649/1472/785 731/1464/834
f 657/1475/779 649/1476/785 703/1477/841
f 819/1478/843 826/1479/844 730/1480/778
f 730/1480/778 790/1481/845 819/1478/843
f 703/1477/841 790/1481/845 730/1480/778
f 703/1477/841 728/1482/839 791/1483/846
f 728/1482/839 886/1484/842 791/1483/846
f 791/1483/846 886/1484/842 790/1485/845
f 790/1481/845 703/1477/841 791/1483/846
f 669/1386/799 650/1381/794 741/1380/793
f 741/1380/793 742/1384/797 669/1386/799
f 811/1486/847 742/1384/797 741/1380/793
f 811/1486/847 741/1380/793 810/1487/848
f 805/1488/849 741/1380/793 716/1437/777
f 805/1488/849 810/1487/848 741/1380/793
f 876/1489/850 731/1464/834 769/1490/790
f 799/1491/851 712/1354/776 730/1356/778
f 822/1492/852 799/1491/851 730/1356/778
f 712/1354/776 799/1491/851 805/1493/849
f 805/1493/849 716/1355/777 712/1354/776
f 476/1494/770 416/1362/783 448/1375/768
f 476/1339/770 500/1495/784 416/1496/783
f 500/1495/784 549/1428/825 557/1497/791
f 607/1427/824 557/1497/791 549/1428/825
f 500/1495/784 476/1339/770 549/1428/825
f 607/1498/824 649/1499/785 557/1500/791
f 557/1500/791 649/1499/785 558/1501/782
f 703/1477/841 730/1480/778 657/1475/779
f 471/1402/810 434/1404/812 415/1401/809
f 434/1502/812 506/1413/684 401/1412/813
f 514/1503/818 434/1504/812 518/1505/820
f 597/1506/822 566/1507/821 547/1508/853
f 597/1506/822 547/1508/853 634/1509/817
f 547/1508/853 566/1507/821 518/1505/820
f 547/1508/853 518/1505/820 434/1504/812
f 547/1508/853 434/1504/812 471/1510/810
f 547/1508/853 471/1510/810 529/1511/830
f 506/1413/684 434/1502/812 485/1416/816
f 547/1512/853 529/1513/830 634/1514/817
f 624/1515/815 670/1516/831 726/1517/854
f 756/1518/855 624/1515/815 726/1517/854
f 748/1519/856 719/1520/857 771/1521/858
f 719/1520/857 748/1519/856 726/1517/854
f 719/1520/857 726/1517/854 670/1516/831
f 719/1520/857 670/1516/831 701/1522/859
f 719/1520/857 701/1522/859 713/1523/860
f 786/1524/861 719/1520/857 713/1523/860
f 713/1523/860 701/1522/859 783/1525/862
f 670/1516/831 634/1514/817 529/1513/830
f 514/1418/818 597/1423/822 634/1417/817
f 670/1526/831 624/1415/815 634/1417/817
f 797/1527/863 783/1525/862 762/1528/832
f 701/1522/859 670/1516/831 762/1528/832
f 701/1522/859 762/1528/832 783/1525/862
f 624/1415/815 756/1529/855 736/1414/711
f 736/1530/711 756/1531/855 856/1532/864
f 856/1532/864 928/1533/865 946/1534/866
f 856/1532/864 861/1535/712 736/1530/711
f 860/1536/713 861/1535/712 899/1537/867
f 984/1538/868 899/1539/867 861/1535/712
f 1082/1540/869 984/1538/868 861/1535/712
f 984/1538/868 1082/1540/869 1091/1541/870
f 748/1519/856 788/1542/871 726/1517/854
f 771/1521/858 788/1542/871 748/1519/856
f 809/1543/37 747/1544/35 768/1545/36
f 809/1543/37 768/1545/36 879/1546/872
f 768/1545/36 874/1547/873 879/1546/872
f 809/1543/37 879/1546/872 858/1548/874
f 841/1549/875 804/1550/50 685/1551/48
f 841/1549/875 909/1552/876 885/1553/877
f 841/1549/875 885/1553/877 804/1550/50
f 768/1554/36 804/1550/50 885/1553/877
f 885/1553/877 874/1555/873 768/1554/36
f 874/1555/873 885/1553/877 951/1556/878
f 874/1555/873 951/1556/878 958/1557/879
f 998/1558/880 951/1556/878 885/1553/877
f 869/1559/881 881/1560/882 968/1561/883
f 968/1561/883 881/1560/882 858/1548/874
f 869/1559/881 824/1562/112 727/1563/43
f 869/1559/881 727/1563/43 858/1548/874
f 869/1559/881 858/1548/874 881/1560/882
f 824/1562/112 869/1559/881 942/1564/884
f 824/1562/112 942/1564/884 912/1565/885
f 940/1566/886 942/1564/884 993/1567/887
f 940/1566/886 912/1565/885 942/1564/884
f 858/1548/874 727/1563/43 809/1543/37
f 879/1546/872 874/1547/873 958/1568/879
f 879/1546/872 958/1568/879 964/1569/888
f 921/1570/889 858/1548/874 879/1546/872
f 968/1561/883 858/1548/874 993/1567/887
f 858/1548/874 921/1570/889 993/1567/887
f 1029/1571/890 993/1567/887 1028/1572/891
f 1080/1573/892 1028/1572/891 964/1569/888
f 1080/1573/892 1029/1571/890 1028/1572/891
f 1042/1574/893 1029/1571/890 1080/1573/892
f 1184/1575/894 1233/1576/895 1042/1574/893
f 1233/1576/895 1184/1575/894 1155/1577/896
f 1290/1578/897 1233/1576/895 1253/1579/898
f 1253/1579/898 1122/1580/899 1290/1578/897
f 1233/1576/895 1290/1578/897 1122/1580/899
f 1122/1580/899 1042/1574/893 1233/1576/895
f 976/1581/900 1042/1574/893 1122/1580/899
f 951/1556/878 998/1558/880 1080/1582/892
f 1145/1583/901 998/1558/880 1079/1584/902
f 942/1564/884 869/1559/881 968/1561/883
f 968/1561/883 993/1567/887 942/1564/884
f 964/1569/888 921/1570/889 879/1546/872
f 921/1570/889 1028/1572/891 993/1567/887
f 964/1569/888 1028/1572/891 921/1570/889
f 964/1569/888 958/1568/879 951/1585/878
f 951/1585/878 1080/1573/892 964/1569/888
f 1042/1574/893 1080/1573/892 1184/1575/894
f 998/1586/880 1184/1575/894 1080/1573/892
f 1184/1575/894 998/1586/880 1155/1577/896
f 824/1562/112 912/1565/885 816/1587/111
f 824/1562/112 816/1587/111 733/1588/109
f 688/1589/110 824/1562/112 733/1588/109
f 584/1590/103 588/1591/108 816/1592/111
f 1072/1593/903 1083/1594/904 1068/1595/905
f 531/1596/101 584/1590/103 851/1597/906
f 531/1596/101 851/1597/906 825/1598/379
f 816/1592/111 851/1597/906 584/1590/103
f 851/1597/906 816/1592/111 1004/1599/907
f 1068/1595/905 851/1597/906 1004/1599/907
f 851/1597/906 1068/1595/905 1083/1594/904
f 1074/1600/908 851/1597/906 1061/1601/909
f 851/1597/906 1074/1600/908 995/1602/380
f 1083/1594/904 1154/1603/910 1061/1601/909
f 1083/1594/904 1061/1601/909 851/1597/906
f 912/1565/885 940/1566/886 967/1604/911
f 967/1604/911 940/1566/886 976/1581/900
f 912/1565/885 967/1604/911 816/1587/111
f 1004/1605/907 967/1604/911 976/1581/900
f 976/1581/900 1029/1571/890 1042/1574/893
f 976/1581/900 940/1566/886 1029/1571/890
f 1004/1605/907 816/1587/111 967/1604/911
f 940/1566/886 993/1567/887 1029/1571/890
f 976/1581/900 1122/1580/899 1116/1606/912
f 976/1581/900 1116/1606/912 1004/1605/907
f 1183/1607/913 1116/1608/912 1122/1609/899
f 1275/1610/914 1183/1607/913 1315/1611/915
f 1258/1612/916 1183/1607/913 1188/1613/917
f 1183/1607/913 1258/1612/916 1321/1614/918
f 1375/1615/919 1321/1614/918 1258/1612/916
f 1122/1616/899 1253/1617/898 1291/1618/920
f 1291/1618/920 1253/1617/898 1373/1619/921
f 1375/1615/919 1291/1618/920 1399/1620/922
f 1291/1618/920 1373/1619/921 1399/1620/922
f 1393/1621/923 1399/1620/922 1373/1619/921
f 1373/1619/921 1420/1622/924 1393/1621/923
f 1393/1621/923 1420/1622/924 1428/1623/925
f 1399/1620/922 1393/1621/923 1375/1615/919
f 1266/1624/926 1375/1615/919 1393/1621/923
f 1375/1615/919 1266/1624/926 1315/1611/915
f 1315/1611/915 1266/1624/926 1275/1610/914
f 1266/1624/926 1181/1625/927 1275/1610/914
f 1266/1624/926 1100/1626/928 1181/1625/927
f 1073/1627/929 1072/1628/903 1100/1626/928
f 1144/1629/930 1073/1627/929 1193/1630/931
f 1193/1630/931 1073/1627/929 1100/1626/928
f 1193/1630/931 1325/1631/932 1455/1632/933
f 1193/1630/931 1455/1632/933 1289/1633/934
f 1193/1630/931 1289/1633/934 1144/1629/930
f 1073/1634/929 1083/1594/904 1072/1593/903
f 1242/1635/935 1154/1603/910 1144/1636/930
f 1144/1636/930 1154/1603/910 1083/1594/904
f 1144/1636/930 1083/1594/904 1073/1634/929
f 1136/1637/936 1154/1603/910 1255/1638/937
f 1255/1638/937 1154/1603/910 1242/1635/935
f 1068/1639/905 1004/1640/907 1211/1641/938
f 1211/1641/938 1004/1640/907 1116/1608/912
f 1072/1628/903 1068/1639/905 1100/1626/928
f 1100/1626/928 1068/1639/905 1181/1625/927
f 1181/1625/927 1068/1639/905 1211/1641/938
f 1074/1600/908 1061/1601/909 1154/1603/910
f 1318/1642/939 1144/1629/930 1289/1633/934
f 1188/1613/917 1183/1607/913 1122/1609/899
f 1193/1630/931 1100/1626/928 1325/1631/932
f 1325/1631/932 1100/1626/928 1266/1624/926
f 1325/1631/932 1428/1623/925 1423/1643/940
f 1181/1625/927 1211/1641/938 1275/1610/914
f 1321/1614/918 1315/1611/915 1183/1607/913
f 1321/1614/918 1375/1615/919 1315/1611/915
f 1375/1615/919 1258/1612/916 1291/1618/920
f 1275/1610/914 1211/1641/938 1183/1607/913
f 1183/1607/913 1211/1641/938 1116/1608/912
f 1122/1616/899 1291/1618/920 1188/1613/917
f 1188/1613/917 1291/1618/920 1258/1612/916
f 1253/1579/898 1233/1576/895 1155/1577/896
f 1376/1644/941 1320/1645/942 1420/1622/924
f 1376/1644/941 1420/1622/924 1391/1646/943
f 1373/1619/921 1376/1644/941 1391/1646/943
f 1376/1644/941 1373/1619/921 1349/1647/944
f 1349/1647/944 1373/1619/921 1253/1617/898
f 1391/1646/943 1420/1622/924 1373/1619/921
f 1420/1622/924 1414/1648/945 1423/1643/940
f 1393/1621/923 1428/1623/925 1266/1624/926
f 1318/1642/939 1289/1633/934 1400/1649/946
f 1431/1650/947 1289/1633/934 1455/1632/933
f 1456/1651/948 1289/1633/934 1431/1650/947
f 1456/1651/948 1431/1650/947 1464/1652/949
f 1447/1653/950 1464/1652/949 1431/1650/947
f 1266/1624/926 1428/1623/925 1325/1631/932
f 685/1654/48 787/1655/164 841/1549/875
f 885/1553/877 909/1552/876 998/1558/880
f 1182/1656/951 1243/1657/952 1248/1658/953
f 1190/1659/954 1182/1656/951 1248/1658/953
f 1005/1660/955 1025/1661/956 867/1662/957
f 1005/1660/955 867/1662/957 923/1663/958
f 883/1664/959 923/1663/958 867/1662/957
f 883/1664/959 918/1665/960 923/1663/958
f 889/1666/961 918/1665/960 883/1664/959
f 724/1667/155 883/1664/959 867/1662/957
f 867/1662/957 787/1668/164 724/1667/155
f 792/1669/161 807/1670/170 806/1671/162
f 807/1670/170 781/1672/169 889/1673/961
f 781/1672/169 854/1674/962 889/1673/961
f 854/1674/962 781/1672/169 766/1675/163
f 724/1676/155 806/1671/162 883/1677/959
f 806/1671/162 807/1670/170 883/1677/959
f 807/1670/170 889/1673/961 883/1677/959
f 854/1674/962 918/1678/960 889/1673/961
f 766/1679/163 808/1680/168 871/1681/166
f 766/1679/163 871/1681/166 854/1682/962
f 924/1683/963 920/1684/964 871/1681/166
f 918/1685/960 871/1681/166 920/1684/964
f 854/1682/962 871/1681/166 918/1685/960
f 920/1684/964 978/1686/965 918/1685/960
f 974/1687/966 978/1686/965 920/1684/964
f 909/1552/876 787/1655/164 867/1688/957
f 841/1549/875 787/1655/164 909/1552/876
f 844/1689/967 871/1690/166 775/1691/137
f 1051/1692/968 924/1693/963 1035/1694/969
f 1035/1694/969 981/1695/970 1085/1696/971
f 1035/1694/969 1085/1696/971 1051/1692/968
f 1033/1697/972 1085/1696/971 981/1695/970
f 1106/1698/973 1138/1699/974 1107/1700/975
f 1106/1698/973 1107/1700/975 1093/1701/976
f 844/1689/967 924/1693/963 871/1690/166
f 775/1691/137 829/1702/977 844/1689/967
f 909/1703/876 867/1704/957 1025/1705/956
f 1025/1705/956 1102/1706/978 909/1703/876
f 998/1707/880 909/1703/876 1102/1706/978
f 998/1707/880 1102/1706/978 1079/1708/902
f 1182/1709/951 1079/1708/902 1150/1710/979
f 1134/1711/980 1102/1706/978 1107/1712/975
f 1102/1706/978 1134/1711/980 1150/1710/979
f 1079/1708/902 1102/1706/978 1150/1710/979
f 1051/1713/968 1065/1714/981 978/1715/965
f 1050/1716/982 1065/1714/981 1093/1717/976
f 1065/1714/981 1051/1713/968 1093/1717/976
f 1085/1718/971 1093/1717/976 1051/1713/968
f 1050/1716/982 1077/1719/983 1065/1714/981
f 918/1720/960 1065/1714/981 1077/1719/983
f 1077/1719/983 1057/1721/984 923/1722/958
f 1057/1721/984 1077/1719/983 1050/1716/982
f 1025/1723/956 1005/1724/955 1107/1725/975
f 1005/1724/955 1050/1716/982 1093/1717/976
f 1107/1725/975 1005/1724/955 1093/1717/976
f 1107/1725/975 1102/1726/978 1025/1723/956
f 1005/1724/955 923/1722/958 1050/1716/982
f 1057/1721/984 1050/1716/982 923/1722/958
f 923/1722/958 918/1720/960 1077/1719/983
f 1065/1714/981 918/1720/960 978/1715/965
f 974/1727/966 920/1728/964 924/1729/963
f 1030/1730/985 974/1727/966 924/1729/963
f 1051/1731/968 978/1732/965 1030/1730/985
f 974/1727/966 1030/1730/985 978/1732/965
f 844/1689/967 1035/1694/969 924/1693/963
f 981/1695/970 1035/1694/969 844/1689/967
f 844/1689/967 829/1702/977 981/1695/970
f 1033/1733/972 829/1702/977 1034/1734/986
f 829/1702/977 875/1735/701 892/1736/987
f 875/1735/701 870/1737/988 892/1736/987
f 893/1738/989 875/1735/701 722/1739/280
f 722/1739/280 875/1735/701 793/1740/285
f 1030/1730/985 924/1729/963 1051/1731/968
f 1093/1701/976 1085/1696/971 1106/1698/973
f 1206/1741/990 1133/1742/991 1172/1743/992
f 1085/1696/971 1033/1697/972 1106/1698/973
f 1133/1742/991 1033/1697/972 1172/1743/992
f 1106/1698/973 1033/1697/972 1133/1742/991
f 1107/1744/975 1177/1745/993 1134/1746/980
f 1135/1747/994 1225/1748/995 1134/1746/980
f 1135/1749/994 1217/1750/996 1225/1748/995
f 1220/1751/997 1298/1752/998 1273/1753/999
f 1273/1753/999 1227/1754/1000 1248/1755/953
f 1248/1755/953 1227/1756/1000 1190/1757/954
f 1217/1750/996 1220/1751/997 1273/1753/999
f 1248/1755/953 1217/1750/996 1273/1753/999
f 1106/1758/973 1133/1759/991 1138/1760/974
f 1206/1761/990 1169/1762/1001 1138/1760/974
f 1034/1763/986 1169/1762/1001 1033/1764/972
f 1206/1761/990 1138/1760/974 1133/1759/991
f 1107/1744/975 1138/1760/974 1177/1745/993
f 1138/1760/974 1169/1762/1001 1177/1745/993
f 1177/1745/993 1169/1762/1001 1135/1747/994
f 1135/1747/994 1169/1762/1001 1034/1763/986
f 1079/1584/902 1182/1656/951 1190/1659/954
f 1190/1659/954 1145/1583/901 1079/1584/902
f 1217/1765/996 1150/1710/979 1134/1711/980
f 1150/1710/979 1248/1766/953 1243/1767/952
f 1150/1710/979 1243/1767/952 1182/1709/951
f 1248/1755/953 1221/1768/1002 1217/1750/996
f 1248/1755/953 1150/1769/979 1221/1768/1002
f 1150/1769/979 1217/1750/996 1221/1768/1002
f 1134/1746/980 1225/1748/995 1217/1750/996
f 751/1770/283 884/1771/1003 802/1772/278
f 884/1771/1003 937/1773/1004 897/1774/1005
f 897/1774/1005 937/1773/1004 900/1775/1006
f 892/1776/987 897/1774/1005 939/1777/1007
f 939/1777/1007 897/1774/1005 900/1775/1006
f 939/1777/1007 937/1773/1004 996/1778/1008
f 996/1778/1008 937/1773/1004 884/1771/1003
f 986/1779/1009 996/1778/1008 884/1771/1003
f 834/1780/1010 893/1781/989 722/1782/280
f 722/1782/280 772/1783/281 834/1780/1010
f 772/1783/281 702/1784/273 834/1780/1010
f 702/1784/273 800/1785/275 834/1780/1010
f 801/1786/277 892/1776/987 870/1787/988
f 1034/1788/986 892/1776/987 1071/1789/1011
f 939/1777/1007 1071/1789/1011 892/1776/987
f 802/1772/278 897/1774/1005 801/1786/277
f 897/1774/1005 892/1776/987 801/1786/277
f 884/1790/1003 751/1791/283 868/1792/1012
f 706/1793/263 849/1794/702 863/1795/1013
f 863/1795/1013 849/1796/702 945/1797/1014
f 1022/1798/1015 1223/1799/1016 1247/1800/1017
f 1022/1798/1015 1247/1800/1017 1131/1801/1018
f 1063/1802/1019 1090/1803/1020 1118/1804/1021
f 1131/1801/1018 1090/1803/1020 1007/1805/1022
f 778/1806/287 875/1735/701 775/1807/137
f 829/1702/977 775/1807/137 875/1735/701
f 793/1200/285 778/1201/287 767/1198/286
f 897/1774/1005 802/1772/278 884/1771/1003
f 801/1786/277 870/1787/988 784/1808/274
f 784/1808/274 870/1787/988 800/1785/275
f 893/1781/989 870/1787/988 875/1809/701
f 870/1787/988 834/1780/1010 800/1785/275
f 834/1780/1010 870/1787/988 893/1781/989
f 868/1792/1012 751/1791/283 863/1795/1013
f 751/1791/283 706/1793/263 863/1795/1013
f 1007/1805/1022 922/1810/1023 945/1797/1014
f 1007/1805/1022 1011/1811/1024 922/1810/1023
f 1063/1802/1019 1011/1811/1024 1007/1805/1022
f 1011/1811/1024 988/1812/1025 922/1810/1023
f 1090/1803/1020 1063/1802/1019 1007/1805/1022
f 717/1206/253 849/1204/702 759/1203/254
f 835/1207/686 1003/1813/1026 849/1204/702
f 1003/1813/1026 1128/1814/1027 849/1204/702
f 1088/1815/1028 849/1204/702 1128/1814/1027
f 900/1775/1006 937/1773/1004 939/1777/1007
f 884/1790/1003 1009/1816/1029 986/1817/1009
f 988/1812/1025 1104/1818/1030 1009/1816/1029
f 1140/1819/1031 1203/1820/1032 1141/1821/1033
f 1140/1819/1031 1141/1821/1033 1009/1816/1029
f 1140/1819/1031 1104/1818/1030 1203/1820/1032
f 1104/1818/1030 1140/1819/1031 1009/1816/1029
f 884/1790/1003 868/1792/1012 988/1812/1025
f 884/1790/1003 988/1812/1025 1009/1816/1029
f 988/1812/1025 868/1792/1012 922/1810/1023
f 922/1810/1023 868/1792/1012 863/1795/1013
f 945/1797/1014 922/1810/1023 863/1795/1013
f 1203/1820/1032 1104/1818/1030 1189/1822/1034
f 1261/1823/1035 1251/1824/1036 1203/1820/1032
f 1337/1825/1037 1333/1826/1038 1261/1823/1035
f 1261/1823/1035 1333/1826/1038 1251/1824/1036
f 1022/1798/1015 1381/1827/1039 1223/1799/1016
f 1223/1799/1016 1381/1827/1039 1369/1828/1040
f 1084/1829/1041 986/1830/1009 1009/1831/1029
f 1009/1831/1029 1141/1832/1033 1084/1829/1041
f 1185/1833/1042 1084/1829/1041 1141/1832/1033
f 1185/1833/1042 1141/1832/1033 1240/1834/1043
f 1185/1833/1042 1240/1834/1043 1285/1835/1044
f 1330/1836/1045 1285/1835/1044 1339/1837/1046
f 996/1838/1008 1084/1829/1041 1071/1839/1011
f 1084/1829/1041 1185/1833/1042 1071/1839/1011
f 1212/1840/1047 1071/1839/1011 1185/1833/1042
f 1185/1833/1042 1285/1835/1044 1404/1841/1048
f 1212/1840/1047 1185/1833/1042 1404/1841/1048
f 939/1842/1007 996/1838/1008 1071/1839/1011
f 996/1838/1008 986/1830/1009 1084/1829/1041
f 1220/1843/997 1124/1844/1049 1259/1845/1050
f 1124/1844/1049 1120/1846/1051 1071/1847/1011
f 892/1848/987 1034/1849/986 829/1850/977
f 1135/1851/994 1120/1846/1051 1195/1852/1052
f 1033/1697/972 981/1695/970 829/1702/977
f 1169/1853/1001 1172/1743/992 1033/1697/972
f 1011/1811/1024 1063/1802/1019 988/1812/1025
f 988/1812/1025 1063/1802/1019 1104/1818/1030
f 1063/1802/1019 1118/1804/1021 1104/1818/1030
f 1189/1822/1034 1118/1804/1021 1090/1803/1020
f 1118/1804/1021 1189/1822/1034 1104/1818/1030
f 1189/1822/1034 1131/1801/1018 1223/1799/1016
f 1189/1822/1034 1090/1803/1020 1131/1801/1018
f 1034/1849/986 1071/1847/1011 1120/1846/1051
f 1034/1849/986 1120/1846/1051 1135/1851/994
f 1236/1854/1053 1213/1855/1054 1120/1846/1051
f 1120/1846/1051 1213/1855/1054 1195/1852/1052
f 1195/1852/1052 1213/1855/1054 1236/1854/1053
f 1195/1852/1052 1236/1854/1053 1220/1843/997
f 1120/1846/1051 1124/1844/1049 1236/1854/1053
f 1220/1843/997 1236/1854/1053 1124/1844/1049
f 1298/1856/998 1220/1843/997 1259/1845/1050
f 1022/1857/1015 1007/1858/1022 849/1204/702
f 849/1204/702 1007/1858/1022 945/1859/1014
f 849/1204/702 1088/1815/1028 1022/1857/1015
f 1155/1577/896 998/1586/880 1145/1860/901
f 1155/1577/896 1145/1860/901 1215/1861/1055
f 1227/1862/1000 1145/1860/901 1190/1863/954
f 1145/1860/901 1227/1862/1000 1215/1861/1055
f 1124/1864/1049 1071/1865/1011 1212/1866/1047
f 1124/1864/1049 1212/1866/1047 1276/1867/1056
f 1134/1746/980 1177/1745/993 1135/1747/994
f 1135/1851/994 1195/1852/1052 1220/1843/997
f 1135/1851/994 1220/1843/997 1217/1868/996
f 1330/1836/1045 1339/1837/1046 1240/1834/1043
f 1240/1834/1043 1141/1832/1033 1251/1869/1036
f 1251/1869/1036 1333/1870/1038 1330/1836/1045
f 1240/1834/1043 1251/1869/1036 1330/1836/1045
f 1430/1871/1057 1459/1872/1058 1445/1873/1059
f 1430/1871/1057 1445/1873/1059 1330/1836/1045
f 1445/1873/1059 1285/1835/1044 1330/1836/1045
f 1172/1874/992 1169/1762/1001 1206/1761/990
f 1253/1579/898 1155/1577/896 1215/1861/1055
f 1314/1875/1060 1215/1876/1055 1302/1877/1061
f 1302/1877/1061 1215/1876/1055 1298/1878/998
f 1298/1878/998 1215/1876/1055 1273/1879/999
f 1259/1880/1050 1302/1877/1061 1298/1878/998
f 1320/1881/942 1341/1882/1062 1302/1877/1061
f 1320/1881/942 1259/1880/1050 1276/1867/1056
f 1320/1881/942 1302/1877/1061 1259/1880/1050
f 1212/1866/1047 1350/1883/1063 1276/1867/1056
f 1141/1821/1033 1203/1820/1032 1251/1824/1036
f 1203/1820/1032 1189/1822/1034 1261/1823/1035
f 1337/1825/1037 1261/1823/1035 1223/1799/1016
f 1223/1799/1016 1261/1823/1035 1189/1822/1034
f 1131/1801/1018 1247/1800/1017 1223/1799/1016
f 1381/1827/1039 1022/1798/1015 1412/1884/1064
f 1314/1875/1060 1253/1885/898 1215/1876/1055
f 1376/1886/941 1349/1887/944 1344/1888/1065
f 1387/1889/1066 1376/1886/941 1344/1888/1065
f 1376/1886/941 1387/1889/1066 1320/1881/942
f 1414/1890/945 1420/1891/924 1320/1881/942
f 1414/1890/945 1350/1883/1063 1423/1892/940
f 1350/1883/1063 1414/1890/945 1320/1881/942
f 1350/1883/1063 1320/1881/942 1276/1867/1056
f 1253/1885/898 1314/1875/1060 1349/1887/944
f 1320/1881/942 1387/1889/1066 1341/1882/1062
f 1314/1875/1060 1344/1888/1065 1349/1887/944
f 1227/1893/1000 1273/1879/999 1215/1876/1055
f 1124/1864/1049 1276/1867/1056 1259/1880/1050
f 1007/1894/1022 1022/1895/1015 1131/1896/1018
f 1366/1897/1067 1394/1898/1068 1022/1895/1015
f 1437/1899/1069 1412/1900/1064 1394/1898/1068
f 1394/1898/1068 1412/1900/1064 1022/1895/1015
f 1341/1882/1062 1314/1875/1060 1302/1877/1061
f 1314/1875/1060 1341/1882/1062 1344/1888/1065
f 1341/1882/1062 1387/1889/1066 1344/1888/1065
f 1285/1835/1044 1426/1901/1070 1404/1841/1048
f 1285/1835/1044 1445/1873/1059 1426/1901/1070
f 1333/1870/1038 1424/1902/1071 1330/1836/1045
f 1430/1871/1057 1330/1836/1045 1424/1902/1071
f 1337/1903/1037 1424/1904/1071 1333/1826/1038
f 1337/1825/1037 1223/1799/1016 1369/1828/1040
f 1212/1866/1047 1404/1905/1048 1350/1883/1063
f 1404/1905/1048 1423/1892/940 1350/1883/1063
f 1450/1906/1072 1423/1892/940 1404/1905/1048
f 1308/1907/1073 1426/1901/1070 1433/1908/1074
f 1426/1901/1070 1308/1907/1073 1313/1909/1075
f 1465/1910/1076 1313/1909/1075 1447/1911/950
f 1313/1909/1075 1216/1912/1077 1447/1911/950
f 1339/1837/1046 1285/1835/1044 1240/1834/1043
f 1423/1643/940 1428/1623/925 1420/1622/924
f 1404/1841/1048 1426/1901/1070 1313/1909/1075
f 1404/1841/1048 1313/1909/1075 1465/1910/1076
f 1465/1910/1076 1450/1913/1072 1404/1841/1048
f 1450/1913/1072 1455/1914/933 1423/1915/940
f 1423/1915/940 1455/1914/933 1325/1916/932
f 1455/1914/933 1450/1913/1072 1465/1910/1076
f 1455/1914/933 1465/1910/1076 1431/1917/947
f 1447/1911/950 1431/1917/947 1465/1910/1076
f 1426/1901/1070 1445/1873/1059 1433/1908/1074
f 1433/1908/1074 1445/1873/1059 1459/1872/1058
f 1437/1918/1069 1409/1919/1078 1381/1920/1039
f 1381/1920/1039 1409/1921/1078 1402/1922/1079
f 1402/1922/1079 1409/1923/1078 1417/1924/1080
f 1402/1922/1079 1417/1924/1080 1442/1925/1081
f 1438/1926/1082 1402/1922/1079 1442/1925/1081
f 780/1927/351 761/1928/377 837/1929/1083
f 776/1930/348 827/1931/1084 842/1932/1085
f 827/1931/1084 776/1930/348 780/1927/351
f 837/1929/1083 827/1931/1084 780/1927/351
f 842/1932/1085 827/1931/1084 910/1933/1086
f 910/1933/1086 827/1931/1084 1006/1934/1087
f 1006/1934/1087 827/1931/1084 837/1929/1083
f 837/1929/1083 919/1935/1088 1006/1934/1087
f 845/1936/392 837/1929/1083 765/1937/376
f 761/1928/377 765/1937/376 837/1929/1083
f 845/1936/392 765/1937/376 740/1938/375
f 943/1939/1089 842/1932/1085 910/1933/1086
f 709/1940/404 815/1941/405 830/1942/1090
f 776/1943/348 842/1944/1085 815/1941/405
f 842/1944/1085 943/1945/1089 931/1946/1091
f 938/1947/1092 815/1941/405 931/1946/1091
f 842/1944/1085 931/1946/1091 815/1941/405
f 815/1941/405 938/1948/1092 887/1949/1093
f 815/1941/405 653/1950/372 776/1943/348
f 812/589/390 723/583/370 997/585/388
f 812/589/390 997/585/388 961/1951/1094
f 880/591/391 812/589/390 961/1951/1094
f 990/1952/1095 966/1953/1096 880/591/391
f 1037/1954/1097 990/1952/1095 1087/1955/1098
f 990/1952/1095 961/1951/1094 1087/1955/1098
f 880/591/391 961/1951/1094 990/1952/1095
f 1087/1955/1098 961/1951/1094 997/585/388
f 1087/1955/1098 997/585/388 1089/588/389
f 1087/1955/1098 1110/587/384 1194/1956/387
f 1089/588/389 1110/587/384 1087/1955/1098
f 966/1957/1096 845/1936/392 880/1958/391
f 837/1929/1083 845/1936/392 919/1935/1088
f 966/1957/1096 919/1935/1088 845/1936/392
f 1026/1959/1099 1006/1934/1087 919/1935/1088
f 966/1957/1096 1037/1960/1097 919/1935/1088
f 990/1961/1095 1037/1960/1097 966/1957/1096
f 1037/1960/1097 1087/1962/1098 1076/1963/1100
f 1076/1963/1100 1178/1964/1101 1056/1965/1102
f 1117/1966/1103 1056/1965/1102 1162/1967/1104
f 1117/1966/1103 1148/1968/1105 1017/1969/1106
f 995/575/380 825/574/379 851/1970/906
f 1074/1971/908 1136/1972/936 1078/576/381
f 1136/1972/936 1074/1971/908 1154/1973/910
f 910/1933/1086 1006/1934/1087 1056/1965/1102
f 1056/1965/1102 1014/1974/1107 910/1933/1086
f 1006/1934/1087 1026/1959/1099 1056/1965/1102
f 1026/1959/1099 1076/1963/1100 1056/1965/1102
f 1056/1965/1102 1117/1966/1103 1014/1974/1107
f 1017/1975/1106 1014/1974/1107 1117/1966/1103
f 1014/1974/1107 1017/1975/1106 943/1939/1089
f 1014/1974/1107 943/1939/1089 910/1933/1086
f 1017/1976/1106 931/1977/1091 943/1978/1089
f 931/1977/1091 1017/1976/1106 982/1979/1108
f 982/1979/1108 938/1980/1092 931/1977/1091
f 848/1981/1109 917/1982/1110 957/1983/1111
f 848/1981/1109 866/1984/1112 917/1982/1110
f 866/1984/1112 948/1985/1113 917/1982/1110
f 848/1981/1109 957/1983/1111 850/1986/1114
f 1198/1987/1115 1132/1988/1116 1062/1989/1117
f 1062/1989/1117 1069/1990/1118 1198/1987/1115
f 1198/1987/1115 1069/1990/1118 1197/1991/1119
f 1062/1989/1117 957/1983/1111 1069/1990/1118
f 917/1982/1110 1069/1990/1118 957/1983/1111
f 1062/1989/1117 1132/1988/1116 1066/1992/1120
f 1037/1960/1097 1026/1959/1099 919/1935/1088
f 1037/1960/1097 1076/1963/1100 1026/1959/1099
f 1078/576/381 995/575/380 1074/1971/908
f 1146/1993/1121 1076/1994/1100 1087/1995/1098
f 1076/1994/1100 1146/1993/1121 1178/1996/1101
f 1178/1996/1101 1146/1993/1121 1194/1997/387
f 1239/1998/1122 1178/1996/1101 1194/1997/387
f 1194/1997/387 1205/1999/386 1239/1998/1122
f 1239/1998/1122 1231/2000/1123 1175/2001/1124
f 1231/2000/1123 1207/2002/1125 1175/2001/1124
f 1207/2002/1125 1231/2000/1123 1309/2003/1126
f 1257/2004/1127 1207/2002/1125 1309/2003/1126
f 1087/1995/1098 1194/1997/387 1146/1993/1121
f 1056/2005/1102 1178/1996/1101 1162/2006/1104
f 1162/2006/1104 1165/2007/1128 1117/2008/1103
f 1148/2009/1105 1117/2008/1103 1165/2007/1128
f 1235/2010/1129 1245/2011/1130 1228/2012/1131
f 1235/2010/1129 1162/2006/1104 1245/2011/1130
f 1162/2006/1104 1235/2010/1129 1165/2007/1128
f 1245/2011/1130 1239/1998/1122 1175/2001/1124
f 1239/1998/1122 1245/2011/1130 1162/2006/1104
f 1162/2006/1104 1178/1996/1101 1239/1998/1122
f 1148/2009/1105 1165/2007/1128 1170/2013/1132
f 1170/2014/1132 1235/2015/1129 1148/2016/1105
f 1307/2017/1133 1235/2015/1129 1338/2018/1134
f 1338/2018/1134 1392/2019/1135 1307/2017/1133
f 1307/2017/1133 1392/2019/1135 1388/2020/1136
f 1392/2019/1135 1327/2021/1137 1359/2022/1138
f 1338/2018/1134 1327/2021/1137 1392/2019/1135
f 1338/2018/1134 1235/2015/1129 1228/2023/1131
f 1136/2024/936 1255/2025/937 1230/2026/382
f 1078/2027/381 1136/2024/936 1230/2026/382
f 1306/2028/385 1110/2029/384 1149/2030/383
f 1306/2028/385 1277/2031/1139 1384/2032/1140
f 1419/2033/1141 1384/2032/1140 1277/2031/1139
f 1419/2033/1141 1277/2031/1139 1436/2034/1142
f 1413/2035/1143 1436/2034/1142 1277/2031/1139
f 1419/2036/1141 1436/2034/1142 1400/2037/946
f 1419/2036/1141 1400/2037/946 1456/2038/948
f 1400/2037/946 1289/2039/934 1456/2038/948
f 1318/2040/939 1242/2041/935 1144/2042/930
f 1389/2043/1144 1318/2040/939 1400/2037/946
f 1389/2043/1144 1400/2037/946 1435/2044/1145
f 1435/2044/1145 1400/2037/946 1436/2034/1142
f 1242/2041/935 1149/2030/383 1230/2026/382
f 1149/2030/383 1242/2041/935 1277/2031/1139
f 1318/2040/939 1277/2031/1139 1242/2041/935
f 1306/2028/385 1149/2030/383 1277/2031/1139
f 1389/2043/1144 1277/2031/1139 1318/2040/939
f 1277/2031/1139 1389/2043/1144 1413/2035/1143
f 1435/2044/1145 1413/2035/1143 1389/2043/1144
f 1242/2041/935 1230/2026/382 1255/2025/937
f 1306/2045/385 1361/2046/1146 1205/1999/386
f 1205/1999/386 1361/2046/1146 1403/2047/1147
f 1300/2048/1148 1239/1998/1122 1205/1999/386
f 1403/2047/1147 1372/2049/1149 1300/2048/1148
f 1403/2047/1147 1300/2048/1148 1205/1999/386
f 1372/2049/1149 1268/2050/1150 1407/2051/1151
f 1407/2051/1151 1352/2052/1152 1372/2049/1149
f 1300/2048/1148 1372/2049/1149 1231/2000/1123
f 1300/2048/1148 1231/2000/1123 1239/1998/1122
f 1309/2003/1126 1231/2000/1123 1324/2053/1153
f 1352/2052/1152 1324/2053/1153 1231/2000/1123
f 1352/2052/1152 1231/2000/1123 1372/2049/1149
f 1165/2007/1128 1235/2010/1129 1170/2013/1132
f 1361/2046/1146 1306/2045/385 1396/2054/1154
f 1372/2049/1149 1403/2047/1147 1396/2054/1154
f 1421/2055/1155 1372/2049/1149 1396/2054/1154
f 1421/2055/1155 1268/2050/1150 1372/2049/1149
f 1407/2051/1151 1268/2050/1150 1370/2056/1156
f 1370/2056/1156 1324/2053/1153 1407/2051/1151
f 1309/2003/1126 1324/2053/1153 1370/2056/1156
f 1407/2051/1151 1324/2053/1153 1352/2052/1152
f 1306/2045/385 1384/2057/1140 1348/2058/1157
f 1306/2045/385 1348/2058/1157 1421/2055/1155
f 1396/2054/1154 1306/2045/385 1421/2055/1155
f 1456/2059/948 1429/2060/1158 1419/2061/1141
f 1456/2059/948 1464/2062/949 1429/2060/1158
f 1464/2062/949 1447/2063/950 1429/2060/1158
f 1429/2060/1158 1447/2063/950 1216/2064/1077
f 1348/2065/1157 1429/2060/1158 1216/2064/1077
f 1196/2066/1159 1348/2065/1157 1216/2064/1077
f 1160/2067/1160 1196/2066/1159 1216/2064/1077
f 1436/2034/1142 1413/2035/1143 1435/2044/1145
f 1396/2054/1154 1403/2047/1147 1361/2046/1146
f 1419/2061/1141 1348/2065/1157 1384/2068/1140
f 1348/2065/1157 1419/2061/1141 1429/2060/1158
f 1268/2050/1150 1421/2055/1155 1348/2058/1157
f 1268/2050/1150 1348/2058/1157 1196/2069/1159
f 1196/2069/1159 1160/2070/1160 1171/2071/1161
f 1268/2050/1150 1196/2069/1159 1171/2071/1161
f 815/1941/405 887/1949/1093 830/1942/1090
f 830/1942/1090 887/1949/1093 948/2072/1113
f 938/1948/1092 948/2072/1113 887/1949/1093
f 948/2072/1113 938/1948/1092 982/2073/1108
f 948/2072/1113 866/2074/1112 830/1942/1090
f 866/2074/1112 709/1940/404 830/1942/1090
f 948/1985/1113 982/1979/1108 1045/2075/1162
f 917/1982/1110 948/1985/1113 1045/2075/1162
f 1069/1990/1118 1045/2075/1162 982/1979/1108
f 1069/1990/1118 982/1979/1108 1017/1976/1106
f 1045/2075/1162 1069/1990/1118 917/1982/1110
f 1197/1991/1119 1187/2076/1163 1198/1987/1115
f 1388/2020/1136 1187/2076/1163 1307/2017/1133
f 1392/2019/1135 1359/2022/1138 1388/2020/1136
f 1388/2020/1136 1359/2022/1138 1331/2077/1164
f 1198/1987/1115 1187/2076/1163 1331/2077/1164
f 1388/2020/1136 1331/2077/1164 1187/2076/1163
f 743/2078/501 865/2079/1165 763/2080/495
f 814/2081/1166 763/2080/495 865/2079/1165
f 814/2082/1166 936/2083/1167 820/2084/1168
f 894/2085/1169 936/2083/1167 1038/2086/1170
f 894/2085/1169 1038/2086/1170 952/2087/1171
f 989/2088/1172 1038/2086/1170 936/2083/1167
f 989/2088/1172 936/2083/1167 1027/2089/1173
f 1027/2089/1173 936/2083/1167 959/2090/1174
f 1038/2086/1170 989/2088/1172 1123/2091/1175
f 1112/2092/1176 1038/2086/1170 1123/2091/1175
f 1053/2093/1177 1038/2086/1170 1112/2092/1176
f 820/2084/1168 952/2087/1171 950/2094/1178
f 820/2084/1168 950/2094/1178 859/2095/1179
f 936/2083/1167 894/2085/1169 820/2084/1168
f 763/2096/495 814/2082/1166 820/2084/1168
f 757/2097/496 763/2096/495 820/2084/1168
f 840/2098/788 758/2099/499 859/2095/1179
f 859/2095/1179 758/2099/499 737/2100/497
f 859/2095/1179 950/2094/1178 840/2098/788
f 1052/2101/1180 1053/2093/1177 1125/2102/1181
f 1209/2103/1182 1125/2102/1181 1112/2092/1176
f 1125/2104/1181 1209/2103/1182 1262/2105/1183
f 1208/2106/1184 1303/2107/1185 1264/2108/1186
f 1286/2109/1187 1303/2107/1185 1208/2106/1184
f 1244/2110/1188 1310/2111/1189 1208/2106/1184
f 1209/2103/1182 1208/2106/1184 1264/2108/1186
f 1208/2106/1184 1209/2103/1182 1123/2091/1175
f 1209/2103/1182 1112/2092/1176 1123/2091/1175
f 1123/2091/1175 1156/2112/1190 1208/2106/1184
f 1244/2110/1188 1208/2106/1184 1156/2112/1190
f 1244/2110/1188 1156/2112/1190 1224/2113/1191
f 1310/2111/1189 1244/2110/1188 1224/2113/1191
f 1053/2093/1177 1052/2101/1180 950/2094/1178
f 1112/2092/1176 1125/2102/1181 1053/2093/1177
f 1053/2093/1177 952/2087/1171 1038/2086/1170
f 936/2114/1167 814/2081/1166 959/2115/1174
f 959/2115/1174 814/2081/1166 865/2079/1165
f 950/2094/1178 952/2087/1171 1053/2093/1177
f 963/2116/1192 1066/2117/1120 1046/2118/1193
f 963/2116/1192 1046/2118/1193 959/2090/1174
f 1027/2089/1173 959/2090/1174 1046/2118/1193
f 1046/2118/1193 1156/2112/1190 1027/2089/1173
f 1046/2118/1193 1142/2119/1194 1156/2112/1190
f 1115/2120/1195 1142/2119/1194 1046/2118/1193
f 1066/2117/1120 963/2116/1192 1041/2121/1196
f 1066/2117/1120 1132/2122/1116 1115/2120/1195
f 1198/2123/1115 1260/2124/1197 1132/2122/1116
f 1132/2122/1116 1260/2124/1197 1229/2125/1198
f 1229/2125/1198 1260/2124/1197 1329/2126/1199
f 1329/2126/1199 1260/2124/1197 1353/2127/1200
f 1075/2128/1201 950/2129/1178 1052/2130/1180
f 1161/2131/1202 1052/2130/1180 1267/2132/1203
f 1323/2133/1204 1267/2132/1203 1386/2134/1205
f 1187/2076/1163 1235/2015/1129 1307/2017/1133
f 1235/2015/1129 1187/2076/1163 1148/2016/1105
f 1017/1976/1106 1148/2016/1105 1187/2076/1163
f 1017/1976/1106 1187/2076/1163 1069/1990/1118
f 1187/2076/1163 1197/1991/1119 1069/1990/1118
f 989/2088/1172 1027/2089/1173 1123/2091/1175
f 1156/2112/1190 1123/2091/1175 1027/2089/1173
f 1142/2119/1194 1234/2135/1206 1156/2112/1190
f 1224/2113/1191 1156/2112/1190 1234/2135/1206
f 1234/2135/1206 1142/2119/1194 1115/2120/1195
f 1229/2125/1198 1335/2136/1207 1234/2135/1206
f 1335/2136/1207 1293/2137/1208 1224/2113/1191
f 1335/2136/1207 1224/2113/1191 1234/2135/1206
f 1171/2138/1161 1175/2139/1124 1207/2140/1125
f 1207/2140/1125 1210/2141/1209 1171/2138/1161
f 1254/2142/1210 1210/2141/1209 1207/2140/1125
f 1207/2140/1125 1257/2143/1127 1254/2142/1210
f 1175/2139/1124 1171/2138/1161 1159/2144/1211
f 1176/2145/1212 1160/2146/1160 1216/2147/1077
f 1313/2148/1075 1176/2145/1212 1216/2147/1077
f 1252/2149/1213 1176/2145/1212 1279/2150/1214
f 1308/2151/1073 1279/2150/1214 1176/2145/1212
f 1176/2145/1212 1159/2152/1211 1160/2146/1160
f 1159/2152/1211 1171/2153/1161 1160/2146/1160
f 1159/2152/1211 1176/2145/1212 1191/2154/1215
f 1268/2050/1150 1171/2071/1161 1210/2155/1209
f 1268/2050/1150 1210/2155/1209 1297/2156/1216
f 1210/2155/1209 1254/2157/1210 1297/2156/1216
f 1245/2158/1130 1175/2159/1124 1228/2160/1131
f 1166/2161/1217 1228/2160/1131 1175/2159/1124
f 1327/2162/1137 1228/2160/1131 1166/2161/1217
f 1327/2162/1137 1166/2161/1217 1346/2163/1218
f 1166/2161/1217 1355/2164/1219 1346/2163/1218
f 1166/2161/1217 1175/2165/1124 1159/2166/1211
f 1191/2167/1215 1176/2168/1212 1252/2169/1213
f 1343/2170/1220 1191/2167/1215 1252/2169/1213
f 1191/2167/1215 1343/2170/1220 1317/2171/1221
f 1166/2172/1217 1191/2167/1215 1316/2173/1222
f 1252/2169/1213 1449/2174/1223 1418/2175/1224
f 1418/2175/1224 1449/2174/1223 1451/2176/1225
f 1418/2175/1224 1343/2170/1220 1252/2169/1213
f 1191/2167/1215 1166/2172/1217 1159/2177/1211
f 1355/2178/1219 1166/2179/1217 1415/2180/1226
f 1316/2181/1222 1415/2180/1226 1166/2179/1217
f 1316/2181/1222 1317/2182/1221 1354/2183/1227
f 1317/2182/1221 1316/2181/1222 1191/2184/1215
f 1355/2178/1219 1408/2185/1228 1336/2186/1229
f 1408/2185/1228 1355/2178/1219 1415/2180/1226
f 1338/2187/1134 1228/2160/1131 1327/2162/1137
f 1176/2145/1212 1313/2188/1075 1308/2151/1073
f 1254/2189/1210 1257/2190/1127 1297/2191/1216
f 1379/2192/1230 1257/2190/1127 1309/2193/1126
f 1367/2194/1231 1293/2195/1208 1335/2196/1207
f 1293/2195/1208 1367/2194/1231 1355/2197/1219
f 1355/2197/1219 1367/2194/1231 1405/2198/1232
f 1405/2198/1232 1367/2194/1231 1327/2199/1137
f 1327/2199/1137 1346/2200/1218 1405/2198/1232
f 1355/2197/1219 1336/2201/1229 1293/2195/1208
f 1286/2202/1187 1311/2203/1233 1303/2204/1185
f 1303/2204/1185 1311/2203/1233 1336/2186/1229
f 1354/2183/1227 1408/2185/1228 1415/2180/1226
f 1408/2185/1228 1354/2183/1227 1336/2186/1229
f 1336/2186/1229 1354/2183/1227 1303/2204/1185
f 1267/2205/1203 1264/2206/1186 1303/2204/1185
f 1267/2205/1203 1303/2204/1185 1334/2207/1234
f 1386/2208/1205 1267/2205/1203 1334/2207/1234
f 1386/2208/1205 1334/2207/1234 1395/2209/1235
f 1380/2210/1236 1395/2209/1235 1334/2207/1234
f 1303/2204/1185 1380/2210/1236 1334/2207/1234
f 1380/2210/1236 1303/2204/1185 1354/2183/1227
f 1311/2211/1233 1286/2109/1187 1208/2106/1184
f 1311/2211/1233 1208/2106/1184 1310/2111/1189
f 1267/2132/1203 1052/2130/1180 1125/2212/1181
f 1125/2212/1181 1262/2213/1183 1267/2132/1203
f 1262/2213/1183 1264/2214/1186 1267/2132/1203
f 1370/2056/1156 1379/2215/1230 1309/2003/1126
f 1379/2215/1230 1370/2056/1156 1297/2156/1216
f 1297/2156/1216 1370/2056/1156 1268/2050/1150
f 1257/2216/1127 1379/2215/1230 1297/2156/1216
f 1457/2217/1237 1279/2218/1214 1452/2219/1238
f 1425/2220/1239 1452/2219/1238 1279/2218/1214
f 1346/2221/1218 1355/2178/1219 1405/2222/1232
f 1452/2219/1238 1425/2220/1239 1441/2223/1240
f 1336/2201/1229 1311/2224/1233 1293/2195/1208
f 1293/2195/1208 1311/2224/1233 1224/2225/1191
f 1311/2224/1233 1310/2226/1189 1224/2225/1191
f 1367/2194/1231 1360/2227/1241 1410/2228/1242
f 1410/2228/1242 1360/2227/1241 1359/2229/1138
f 1410/2228/1242 1359/2229/1138 1367/2194/1231
f 1327/2199/1137 1367/2194/1231 1359/2229/1138
f 1317/2182/1221 1395/2209/1235 1354/2183/1227
f 1416/2230/1243 1439/2231/1244 1422/2232/1245
f 1386/2233/1205 1395/2209/1235 1439/2231/1244
f 1308/2234/1073 1433/2235/1074 1425/2220/1239
f 1425/2220/1239 1433/2235/1074 1441/2223/1240
f 1459/2236/1058 1441/2223/1240 1433/2235/1074
f 1425/2220/1239 1279/2218/1214 1308/2234/1073
f 1354/2183/1227 1415/2180/1226 1316/2181/1222
f 1430/2237/1057 1401/2238/1246 1441/2239/1240
f 1430/2237/1057 1424/2240/1071 1401/2238/1246
f 1401/2238/1246 1424/2240/1071 1337/2241/1037
f 1401/2238/1246 1449/2242/1223 1441/2239/1240
f 1406/2243/1247 1401/2244/1246 1337/2245/1037
f 1406/2243/1247 1337/2245/1037 1369/2246/1040
f 1437/1918/1069 1381/1920/1039 1412/2247/1064
f 1422/2232/1245 1317/2182/1221 1444/2248/1248
f 1395/2209/1235 1317/2182/1221 1422/2232/1245
f 1439/2231/1244 1395/2209/1235 1422/2232/1245
f 1422/2232/1245 1432/2249/1249 1416/2230/1243
f 1432/2249/1249 1422/2232/1245 1453/2250/1250
f 1453/2250/1250 1422/2232/1245 1460/2251/1251
f 1443/2252/1252 1453/2250/1250 1444/2248/1248
f 1317/2182/1221 1343/2253/1220 1444/2248/1248
f 1453/2250/1250 1460/2251/1251 1444/2248/1248
f 1444/2248/1248 1460/2251/1251 1422/2232/1245
f 1444/2248/1248 1343/2253/1220 1443/2252/1252
f 1406/2243/1247 1369/2246/1040 1381/1920/1039
f 1381/1920/1039 1402/1922/1079 1406/2243/1247
f 1401/2244/1246 1406/2243/1247 1449/2254/1223
f 1449/2254/1223 1406/2243/1247 1451/2255/1225
f 1438/1926/1082 1418/2256/1224 1451/2255/1225
f 1343/2257/1220 1418/2256/1224 1443/2258/1252
f 1406/2243/1247 1438/1926/1082 1451/2255/1225
f 1406/2243/1247 1402/1922/1079 1438/1926/1082
f 1418/2256/1224 1438/1926/1082 1442/1925/1081
f 1418/2256/1224 1442/1925/1081 1443/2258/1252
f 1357/2259/1253 1443/2258/1252 1442/1925/1081
f 1457/2260/1237 1252/2261/1213 1279/2262/1214
f 1441/2263/1240 1466/2264/1254 1452/2265/1238
f 1452/2265/1238 1466/2264/1254 1457/2260/1237
f 1449/2266/1223 1457/2260/1237 1466/2264/1254
f 1252/2261/1213 1457/2260/1237 1449/2266/1223
f 1354/2183/1227 1395/2209/1235 1380/2210/1236
f 1439/2231/1244 1416/2230/1243 1411/2267/1255
f 1432/2249/1249 1453/2250/1250 1462/2268/1256
f 1411/2267/1255 1386/2233/1205 1439/2231/1244
f 1430/2237/1057 1441/2239/1240 1459/2269/1058
f 1466/2264/1254 1441/2263/1240 1449/2266/1223
f 754/2270/514 709/2271/404 866/2272/1112
f 932/2273/1257 1041/2274/1196 972/2275/1258
f 963/2276/1192 852/2277/1259 925/2278/1260
f 972/2275/1258 925/2278/1260 932/2273/1257
f 957/2279/1111 932/2273/1257 852/2277/1259
f 925/2278/1260 852/2277/1259 932/2273/1257
f 848/2280/1109 754/2270/514 866/2272/1112
f 848/2280/1109 850/2281/1114 754/2270/514
f 850/2281/1114 753/2282/515 754/2270/514
f 753/2282/515 850/2281/1114 749/2283/516
f 725/2284/511 749/2283/516 852/2277/1259
f 749/2283/516 850/2281/1114 852/2277/1259
f 957/2279/1111 852/2277/1259 850/2281/1114
f 957/2279/1111 1062/2285/1117 932/2273/1257
f 1062/2285/1117 1066/2286/1120 932/2273/1257
f 1041/2274/1196 932/2273/1257 1066/2286/1120
f 852/2287/1259 817/2288/1261 725/2289/511
f 817/2288/1261 852/2287/1259 873/2290/1262
f 817/2288/1261 873/2290/1262 803/2291/512
f 873/2290/1262 852/2287/1259 963/2292/1192
f 865/2079/1165 873/2290/1262 963/2292/1192
f 963/2292/1192 959/2115/1174 865/2079/1165
f 743/2078/501 803/2291/512 873/2290/1262
f 873/2290/1262 865/2079/1165 743/2078/501
f 817/2288/1261 803/2291/512 725/2289/511
f 757/2293/496 820/2084/1168 859/2095/1179
f 757/2293/496 859/2095/1179 737/2100/497
f 820/2084/1168 894/2085/1169 952/2087/1171
f 972/2275/1258 1041/2274/1196 963/2276/1192
f 972/2275/1258 963/2276/1192 925/2278/1260
f 1115/2120/1195 1046/2118/1193 1066/2117/1120
f 1132/2122/1116 1229/2125/1198 1115/2120/1195
f 1115/2120/1195 1229/2125/1198 1234/2135/1206
f 1264/2108/1186 1262/2105/1183 1209/2103/1182
f 1198/2294/1115 1353/2295/1200 1260/2296/1197
f 1353/2295/1200 1198/2294/1115 1359/2297/1138
f 1331/2298/1164 1359/2297/1138 1198/2294/1115
f 1353/2295/1200 1359/2297/1138 1360/2299/1241
f 1360/2299/1241 1335/2300/1207 1229/2301/1198
f 1360/2299/1241 1229/2301/1198 1329/2302/1199
f 1329/2302/1199 1353/2295/1200 1360/2299/1241
f 1335/2196/1207 1360/2227/1241 1367/2194/1231
f 941/2303/708 843/2304/705 929/2305/1263
f 929/2305/1263 1015/2306/1264 941/2303/708
f 1015/2306/1264 969/2307/1265 1049/2308/1266
f 999/2309/1267 969/2307/1265 983/2310/1268
f 983/2310/1268 955/2311/1269 999/2309/1267
f 862/2312/572 872/2313/1270 955/2311/1269
f 862/2312/572 955/2311/1269 821/2314/571
f 955/2311/1269 969/2307/1265 821/2314/571
f 843/2304/705 821/2314/571 929/2305/1263
f 929/2305/1263 969/2307/1265 1015/2306/1264
f 983/2310/1268 969/2307/1265 955/2311/1269
f 818/2315/577 711/2316/574 872/2317/1270
f 872/2317/1270 711/2316/574 798/2318/680
f 789/2319/679 872/2317/1270 798/2318/680
f 862/2320/572 818/2315/577 872/2321/1270
f 888/2322/1271 954/2323/1272 872/2317/1270
f 954/2323/1272 1010/2324/1273 872/2317/1270
f 872/2317/1270 1010/2324/1273 1016/2325/1274
f 1016/2325/1274 1010/2324/1273 1130/2326/1275
f 1016/2325/1274 999/2327/1267 872/2317/1270
f 1099/2328/1276 1016/2325/1274 1130/2326/1275
f 929/2305/1263 821/2314/571 969/2307/1265
f 999/2309/1267 955/2311/1269 872/2313/1270
f 896/2329/706 853/2330/703 855/2331/704
f 934/2332/1277 853/2330/703 896/2329/706
f 956/2333/1278 934/2332/1277 896/2329/706
f 956/2333/1278 1036/2334/1279 934/2332/1277
f 1031/2335/1280 1036/2334/1279 1054/2336/1281
f 1036/2334/1279 1031/2335/1280 934/2332/1277
f 896/2337/706 916/2338/707 956/2339/1278
f 916/2338/707 991/2340/1282 956/2339/1278
f 916/2341/707 1021/2342/1283 991/2340/1282
f 1048/2343/1284 991/2344/1282 1021/2345/1283
f 1059/2346/1285 1021/2345/1283 1015/2347/1264
f 1039/2348/1286 1059/2346/1285 1015/2347/1264
f 1059/2346/1285 1012/2349/1287 930/2350/688
f 1059/2346/1285 1039/2348/1286 1012/2349/1287
f 1039/2348/1286 1049/2351/1266 1130/2352/1275
f 1039/2348/1286 1130/2352/1275 1012/2349/1287
f 916/2353/707 941/2354/708 1021/2345/1283
f 941/2354/708 1015/2347/1264 1021/2345/1283
f 1049/2351/1266 1039/2348/1286 1015/2347/1264
f 969/2355/1265 999/2356/1267 1049/2351/1266
f 1130/2352/1275 1049/2351/1266 1099/2357/1276
f 1036/2358/1279 1048/2359/1284 1054/2360/1281
f 1048/2359/1284 1031/2361/1280 1054/2360/1281
f 956/2339/1278 991/2340/1282 1036/2358/1279
f 1048/2359/1284 1036/2358/1279 991/2340/1282
f 1016/2325/1274 1099/2328/1276 999/2327/1267
f 999/2327/1267 1099/2328/1276 1049/2362/1266
f 789/2319/679 926/2363/1288 888/2322/1271
f 888/2322/1271 872/2317/1270 789/2319/679
f 907/2364/690 720/2365/560 853/2330/703
f 927/2366/691 853/2330/703 934/2332/1277
f 927/2366/691 934/2332/1277 1008/2367/689
f 1031/2335/1280 1008/2367/689 934/2332/1277
f 835/2368/686 979/2369/1289 1003/2370/1026
f 882/2371/687 979/2369/1289 835/2368/686
f 1128/2372/1027 1003/2370/1026 1067/2373/1290
f 882/1177/687 930/1179/688 965/2374/1291
f 954/2375/1272 888/2376/1271 926/2377/1288
f 926/2377/1288 789/2378/679 833/2379/1292
f 833/2379/1292 895/2380/1293 926/2377/1288
f 1010/2381/1273 1101/2382/1294 1130/2383/1275
f 944/2384/1295 1010/2381/1273 954/2375/1272
f 944/2384/1295 954/2375/1272 926/2377/1288
f 1018/2385/1296 1010/2381/1273 944/2384/1295
f 906/2386/1297 926/2377/1288 895/2380/1293
f 926/2377/1288 906/2386/1297 904/2387/720
f 944/2384/1295 926/2377/1288 904/2387/720
f 839/2388/719 904/2387/720 906/2386/1297
f 895/2380/1293 715/2389/675 839/2388/719
f 839/2388/719 906/2386/1297 895/2380/1293
f 697/2390/697 839/2388/719 715/2389/675
f 746/2391/674 715/2389/675 895/2380/1293
f 895/2380/1293 833/2379/1292 746/2391/674
f 833/2379/1292 777/2392/669 779/2393/671
f 777/2392/669 833/2379/1292 796/2394/672
f 746/2391/674 833/2379/1292 779/2393/671
f 877/1247/700 944/2395/1295 904/1250/720
f 877/1247/700 911/1246/718 962/2396/1298
f 911/1246/718 832/2397/699 860/1232/713
f 860/1232/713 832/2397/699 710/1226/710
f 710/1226/710 718/1225/709 860/1232/713
f 1012/2398/1287 965/2374/1291 930/1179/688
f 1130/2399/1275 965/2374/1291 1012/2398/1287
f 979/2369/1289 882/2400/687 965/2401/1291
f 1003/2370/1026 979/2369/1289 965/2401/1291
f 965/2401/1291 1130/2402/1275 1067/2373/1290
f 1067/2373/1290 1003/2370/1026 965/2401/1291
f 1163/2403/1299 1067/2373/1290 1109/2404/1300
f 1067/2373/1290 1163/2403/1299 1128/2372/1027
f 1163/2403/1299 1109/2404/1300 1174/2405/1301
f 1067/2373/1290 1192/2406/1302 1109/2404/1300
f 1174/2405/1301 1109/2404/1300 1192/2406/1302
f 1192/2406/1302 1067/2373/1290 1101/2407/1294
f 1018/2408/1296 1101/2407/1294 1010/2409/1273
f 1246/2410/1303 1214/2411/1304 1278/2412/1305
f 1246/2410/1303 1278/2412/1305 1299/2413/1306
f 1299/2413/1306 1328/2414/1307 1238/2415/1308
f 1238/2415/1308 1246/2410/1303 1299/2413/1306
f 1238/2415/1308 1296/2416/1309 1246/2410/1303
f 1296/2416/1309 1305/2417/1310 1246/2410/1303
f 1305/2417/1310 1326/2418/1311 1246/2410/1303
f 1269/2419/1312 1305/2417/1310 1274/2420/1313
f 1128/2372/1027 1163/2403/1299 1274/2420/1313
f 944/2421/1295 877/2422/700 1018/2423/1296
f 1020/2424/1314 877/2422/700 962/2425/1298
f 1047/2426/1315 1058/2427/1316 962/2425/1298
f 1020/2424/1314 1058/2427/1316 1096/2428/1317
f 1218/2429/1318 1096/2428/1317 1180/2430/1319
f 1201/2431/1320 1180/2430/1319 1058/2427/1316
f 1058/2427/1316 1180/2430/1319 1096/2428/1317
f 1018/2423/1296 877/2422/700 1020/2424/1314
f 1096/2428/1317 1018/2423/1296 1020/2424/1314
f 930/2350/688 1008/2432/689 1059/2346/1285
f 1031/2433/1280 1048/2343/1284 1059/2346/1285
f 1031/2433/1280 1059/2346/1285 1008/2432/689
f 1048/2343/1284 1021/2345/1283 1059/2346/1285
f 1088/2434/1028 1128/2435/1027 1287/2436/1321
f 1022/2437/1015 1088/2434/1028 1366/2438/1067
f 1088/2434/1028 1378/2439/1322 1366/2438/1067
f 1088/2434/1028 1287/2436/1321 1378/2439/1322
f 1287/2436/1321 1363/2440/1323 1378/2439/1322
f 1067/2373/1290 1130/2441/1275 1101/2407/1294
f 1018/2408/1296 1192/2406/1302 1101/2407/1294
f 1105/2442/1324 1018/2408/1296 1095/2443/1325
f 1192/2406/1302 1018/2408/1296 1105/2442/1324
f 1096/2444/1317 1095/2445/1325 1018/2446/1296
f 1246/2447/1303 1095/2445/1325 1214/2448/1304
f 1186/2449/1326 1214/2448/1304 1219/2450/1327
f 1086/2451/1328 1186/2449/1326 1219/2450/1327
f 1219/2450/1327 1214/2448/1304 1218/2452/1318
f 1218/2452/1318 1214/2448/1304 1096/2444/1317
f 1128/2435/1027 1347/2453/1329 1280/2454/1330
f 1280/2454/1330 1340/2455/1331 1287/2436/1321
f 1280/2454/1330 1287/2436/1321 1128/2435/1027
f 1114/2456/1332 1202/2457/1333 1199/2458/1334
f 1238/2459/1308 1202/2457/1333 1164/2460/1335
f 1202/2457/1333 1186/2449/1326 1086/2451/1328
f 1086/2451/1328 1199/2458/1334 1202/2457/1333
f 1151/2461/1336 1164/2462/1335 1081/2463/1337
f 1164/2462/1335 1114/2464/1332 1081/2463/1337
f 1164/2460/1335 1202/2457/1333 1114/2456/1332
f 1204/2465/1338 1086/2451/1328 1219/2450/1327
f 1086/2451/1328 1204/2465/1338 1094/2466/1339
f 1214/2448/1304 1095/2445/1325 1096/2444/1317
f 1202/2457/1333 1214/2448/1304 1186/2449/1326
f 1202/2457/1333 1278/2467/1305 1214/2448/1304
f 1328/2468/1307 1299/2469/1306 1278/2467/1305
f 1328/2468/1307 1278/2467/1305 1301/2470/1340
f 1278/2467/1305 1202/2457/1333 1301/2470/1340
f 1163/2403/1299 1174/2405/1301 1274/2420/1313
f 1274/2420/1313 1174/2405/1301 1269/2419/1312
f 1174/2405/1301 1192/2406/1302 1282/2471/1341
f 1305/2417/1310 1269/2419/1312 1326/2418/1311
f 1326/2418/1311 1269/2419/1312 1174/2405/1301
f 1174/2405/1301 1282/2471/1341 1326/2418/1311
f 1237/2472/1342 1246/2410/1303 1282/2471/1341
f 1237/2472/1342 1095/2443/1325 1246/2410/1303
f 1095/2443/1325 1237/2472/1342 1105/2442/1324
f 1192/2406/1302 1105/2442/1324 1237/2472/1342
f 1238/2459/1308 1164/2460/1335 1288/2473/1343
f 1202/2457/1333 1238/2474/1308 1328/2468/1307
f 1202/2457/1333 1328/2468/1307 1301/2470/1340
f 1192/2406/1302 1237/2472/1342 1282/2471/1341
f 1274/2475/1313 1305/2476/1310 1128/2435/1027
f 1347/2453/1329 1305/2476/1310 1322/2477/1344
f 1322/2477/1344 1305/2476/1310 1296/2478/1309
f 1322/2477/1344 1319/2479/1345 1358/2480/1346
f 1322/2477/1344 1358/2480/1346 1280/2454/1330
f 1340/2455/1331 1280/2454/1330 1358/2480/1346
f 1347/2453/1329 1322/2477/1344 1280/2454/1330
f 1347/2453/1329 1128/2435/1027 1305/2476/1310
f 1356/2481/1347 1238/2482/1308 1288/2483/1343
f 1356/2481/1347 1322/2484/1344 1238/2482/1308
f 1296/2485/1309 1238/2482/1308 1322/2484/1344
f 1322/2484/1344 1356/2481/1347 1319/2486/1345
f 1319/2486/1345 1356/2481/1347 1288/2483/1343
f 1282/2471/1341 1246/2410/1303 1326/2418/1311
f 1164/2487/1335 1265/2488/1348 1288/2489/1343
f 1288/2489/1343 1265/2488/1348 1294/2490/1349
f 1340/2455/1331 1358/2480/1346 1287/2436/1321
f 1358/2480/1346 1351/2491/1350 1287/2436/1321
f 1383/2492/1351 1249/2493/1352 1363/2494/1323
f 1363/2494/1323 1249/2493/1352 1385/2495/1353
f 1383/2492/1351 1371/2496/1354 1249/2493/1352
f 1249/2493/1352 1371/2496/1354 1272/2497/1355
f 1081/2498/1337 1249/2493/1352 1272/2497/1355
f 1385/2495/1353 1398/2499/1356 1363/2494/1323
f 1398/2499/1356 1434/2500/1357 1378/2501/1322
f 1434/2500/1357 1397/2502/1358 1378/2501/1322
f 1398/2499/1356 1270/2503/1359 1368/2504/1360
f 1398/2499/1356 1368/2504/1360 1434/2500/1357
f 1385/2495/1353 1249/2493/1352 1270/2503/1359
f 1398/2499/1356 1385/2495/1353 1270/2503/1359
f 1332/2505/1361 1368/2504/1360 1270/2503/1359
f 1332/2505/1361 1270/2503/1359 1283/2506/1362
f 1270/2503/1359 1249/2493/1352 1143/2507/1363
f 1249/2493/1352 1081/2498/1337 1143/2507/1363
f 1143/2507/1363 1081/2498/1337 1023/2508/1364
f 1358/2509/1346 1319/2510/1345 1371/2496/1354
f 1371/2496/1354 1319/2510/1345 1272/2497/1355
f 1081/2498/1337 1272/2497/1355 1151/2511/1336
f 1294/2512/1349 1319/2510/1345 1288/2513/1343
f 1272/2497/1355 1319/2510/1345 1151/2511/1336
f 1458/2514/1365 1437/1899/1069 1394/1898/1068
f 1437/1899/1069 1458/2514/1365 1409/2515/1078
f 1363/2494/1323 1287/2516/1321 1351/2517/1350
f 1363/2494/1323 1351/2517/1350 1383/2492/1351
f 1398/2499/1356 1378/2501/1322 1363/2494/1323
f 1383/2492/1351 1351/2517/1350 1371/2496/1354
f 1371/2496/1354 1351/2517/1350 1358/2518/1346
f 1394/1898/1068 1366/1897/1067 1448/2519/1366
f 1394/1898/1068 1448/2519/1366 1458/2514/1365
f 1409/2515/1078 1458/2514/1365 1448/2519/1366
f 1397/2520/1358 1409/2515/1078 1448/2519/1366
f 1366/1897/1067 1397/2520/1358 1448/2519/1366
f 1368/2504/1360 1397/2502/1358 1434/2500/1357
f 1378/2501/1322 1397/2502/1358 1366/2521/1067
f 789/2378/679 796/2394/672 833/2379/1292
f 860/2522/713 962/2425/1298 911/2523/718
f 962/2425/1298 899/2524/867 1000/2525/1367
f 899/2524/867 962/2425/1298 860/2522/713
f 962/2425/1298 1058/2427/1316 1020/2424/1314
f 1047/2426/1315 1000/2525/1367 1098/2526/1368
f 1152/2527/1369 1139/2528/1370 1098/2526/1368
f 962/2425/1298 1000/2525/1367 1047/2426/1315
f 1086/2529/1328 1094/2530/1339 984/2531/868
f 984/2531/868 1000/2525/1367 899/2524/867
f 1000/2525/1367 984/2531/868 1094/2530/1339
f 1094/2530/1339 1113/2532/1371 1000/2525/1367
f 1113/2532/1371 1094/2530/1339 1204/2533/1338
f 1113/2532/1371 1098/2526/1368 1000/2525/1367
f 1152/2527/1369 1098/2526/1368 1113/2532/1371
f 1047/2534/1315 1098/2535/1368 1139/2536/1370
f 1139/2536/1370 1147/2537/1372 1047/2534/1315
f 1047/2534/1315 1147/2537/1372 1058/2538/1316
f 1058/2538/1316 1147/2537/1372 1201/2539/1320
f 1152/2540/1369 1147/2537/1372 1139/2536/1370
f 1147/2537/1372 1113/2541/1371 1219/2542/1327
f 1152/2540/1369 1113/2541/1371 1147/2537/1372
f 1219/2450/1327 1218/2452/1318 1180/2543/1319
f 1201/2539/1320 1147/2537/1372 1219/2542/1327
f 1201/2539/1320 1219/2542/1327 1180/2544/1319
f 1219/2542/1327 1113/2541/1371 1204/2545/1338
f 770/2546/789 840/2547/788 908/2548/1373
f 908/2548/1373 840/2547/788 950/2549/1178
f 769/2550/790 770/2546/789 876/2551/850
f 901/2552/1374 933/2553/1375 992/2554/1376
f 857/2555/1377 731/1464/834 876/1489/850
f 847/2556/1378 811/2557/847 864/2558/1379
f 864/2558/1379 890/2559/1380 913/2560/1381
f 864/2558/1379 810/2561/848 890/2559/1380
f 1001/2562/1382 987/2563/1383 913/2560/1381
f 1108/2564/1384 1001/2562/1382 1103/2565/1385
f 1103/2565/1385 1167/2566/1386 1108/2564/1384
f 1108/2564/1384 1137/2567/1387 1055/2568/1388
f 1167/2566/1386 1137/2567/1387 1108/2564/1384
f 1179/2569/1389 1167/2566/1386 1103/2565/1385
f 985/2570/1390 1127/2571/1391 1103/2565/1385
f 1103/2565/1385 1001/2562/1382 980/2572/1392
f 985/2570/1390 1103/2565/1385 980/2572/1392
f 980/2572/1392 935/2573/1393 985/2570/1390
f 985/2570/1390 1019/2574/1394 1127/2571/1391
f 935/2573/1393 980/2572/1392 826/2575/844
f 1019/2574/1394 985/2570/1390 903/2576/1395
f 935/2573/1393 903/2576/1395 985/2570/1390
f 935/2573/1393 826/2575/844 819/2577/843
f 819/2577/843 903/2576/1395 935/2573/1393
f 819/2577/843 886/2578/842 903/2576/1395
f 742/2579/797 811/2580/847 847/2581/1378
f 760/2582/798 742/2579/797 847/2581/1378
f 847/2581/1378 831/2583/1396 760/2582/798
f 836/2584/1397 831/2583/1396 915/2585/1398
f 831/2583/1396 949/2586/1399 915/2585/1398
f 949/2586/1399 914/2587/1400 915/2585/1398
f 785/2588/836 831/2583/1396 745/2589/833
f 831/2583/1396 750/2590/835 760/2582/798
f 785/2588/836 750/2590/835 831/2583/1396
f 822/2591/852 810/2561/848 805/2592/849
f 822/2591/852 805/2592/849 799/2593/851
f 810/2561/848 822/2591/852 890/2559/1380
f 864/2558/1379 811/2557/847 810/2561/848
f 730/1356/778 826/2594/844 822/1492/852
f 831/2583/1396 836/2584/1397 745/2589/833
f 797/2595/863 762/2596/832 828/2597/1401
f 828/2597/1401 762/2596/832 838/2598/1402
f 902/2599/1403 838/2598/1402 977/2600/1404
f 902/2599/1403 828/2601/1401 838/2598/1402
f 838/2598/1402 762/2596/832 745/2589/833
f 838/2598/1402 745/2589/833 836/2584/1397
f 973/2602/1405 977/2600/1404 838/2598/1402
f 973/2602/1405 838/2598/1402 836/2584/1397
f 915/2585/1398 973/2602/1405 836/2584/1397
f 973/2602/1405 1064/2603/1406 977/2600/1404
f 1064/2603/1406 973/2602/1405 1126/2604/1407
f 1126/2604/1407 973/2602/1405 1091/2605/870
f 770/2546/789 947/2606/1408 960/2607/1409
f 876/2551/850 960/2607/1409 933/2553/1375
f 960/2607/1409 876/2551/850 770/2546/789
f 908/2548/1373 947/2606/1408 770/2546/789
f 1161/2608/1202 1044/2609/1410 1075/2610/1201
f 1157/2611/1411 1044/2609/1410 1161/2608/1202
f 1044/2609/1410 1157/2611/1411 960/2607/1409
f 857/2612/1377 876/2613/850 933/2614/1375
f 857/2612/1377 933/2614/1375 901/2615/1374
f 857/2612/1377 901/2615/1374 898/2616/1412
f 864/2617/1379 913/2618/1381 847/2581/1378
f 847/2581/1378 913/2618/1381 905/2619/1413
f 914/2587/1400 847/2581/1378 905/2619/1413
f 915/2585/1398 994/2620/1414 1040/2621/1415
f 915/2585/1398 1040/2621/1415 973/2602/1405
f 973/2602/1405 1070/2622/1416 1091/2605/870
f 1092/2623/1417 1070/2622/1416 973/2602/1405
f 1040/2621/1415 1092/2623/1417 973/2602/1405
f 1044/2609/1410 960/2607/1409 947/2606/1408
f 1044/2609/1410 947/2606/1408 908/2548/1373
f 908/2548/1373 1075/2610/1201 1044/2609/1410
f 950/2549/1178 1075/2610/1201 908/2548/1373
f 913/2618/1381 987/2624/1383 1024/2625/1418
f 915/2585/1398 914/2587/1400 994/2620/1414
f 994/2620/1414 905/2619/1413 1024/2625/1418
f 914/2587/1400 905/2619/1413 994/2620/1414
f 905/2619/1413 913/2618/1381 1024/2625/1418
f 1024/2625/1418 1040/2621/1415 994/2620/1414
f 987/2624/1383 1023/2626/1364 1024/2625/1418
f 1040/2621/1415 1024/2625/1418 1092/2623/1417
f 1070/2622/1416 1092/2623/1417 1091/2605/870
f 984/2627/868 1091/2605/870 1114/2464/1332
f 1114/2464/1332 1091/2605/870 1092/2623/1417
f 1081/2463/1337 1092/2623/1417 1024/2625/1418
f 822/2591/852 980/2572/1392 890/2559/1380
f 890/2559/1380 980/2572/1392 1001/2562/1382
f 980/2572/1392 822/2591/852 826/2575/844
f 949/2586/1399 847/2581/1378 914/2587/1400
f 847/2581/1378 949/2586/1399 831/2583/1396
f 913/2560/1381 890/2559/1380 1001/2562/1382
f 1097/2628/1419 987/2563/1383 1055/2568/1388
f 1081/2629/1337 1024/2630/1418 1023/2631/1364
f 1097/2632/1419 1283/2633/1362 1143/2634/1363
f 987/2635/1383 1097/2632/1419 1023/2631/1364
f 1023/2631/1364 1097/2632/1419 1143/2634/1363
f 987/2563/1383 1001/2562/1382 1055/2568/1388
f 1097/2636/1419 1055/2568/1388 1168/2637/1420
f 1055/2568/1388 1137/2567/1387 1168/2637/1420
f 1173/2638/1421 933/2553/1375 1157/2611/1411
f 933/2553/1375 960/2607/1409 1157/2611/1411
f 992/2639/1376 1111/2640/1422 1060/2641/1423
f 1111/2640/1422 992/2639/1376 933/2642/1375
f 1111/2640/1422 1173/2643/1421 1158/2644/1424
f 933/2642/1375 1173/2643/1421 1111/2640/1422
f 1001/2562/1382 1108/2564/1384 1055/2568/1388
f 1086/2645/1328 984/2627/868 1114/2464/1332
f 1114/2464/1332 1199/2646/1334 1086/2645/1328
f 1222/2647/1425 1153/2648/1426 1119/2649/1427
f 1200/2650/1428 1222/2647/1425 1119/2649/1427
f 1200/2650/1428 1119/2649/1427 1167/2651/1386
f 1168/2652/1420 1119/2649/1427 1232/2653/1429
f 1232/2653/1429 1097/2654/1419 1168/2652/1420
f 1153/2648/1426 1232/2653/1429 1119/2649/1427
f 1250/2655/1430 1263/2656/1431 1153/2648/1426
f 1232/2653/1429 1153/2648/1426 1263/2656/1431
f 1173/2643/1421 1157/2657/1411 1158/2644/1424
f 1226/2658/1432 1158/2644/1424 1200/2659/1428
f 1158/2644/1424 1226/2658/1432 1111/2640/1422
f 1111/2640/1422 1226/2658/1432 1179/2660/1389
f 1179/2660/1389 1226/2658/1432 1271/2661/1433
f 1222/2662/1425 1200/2659/1428 1158/2644/1424
f 1167/2663/1386 1119/2649/1427 1168/2652/1420
f 1127/2664/1391 1019/2665/1394 1111/2640/1422
f 1127/2664/1391 1111/2640/1422 1179/2660/1389
f 1081/2463/1337 1114/2464/1332 1092/2623/1417
f 1052/2666/1180 1161/2667/1202 1075/2668/1201
f 1241/2669/1434 1161/2667/1202 1323/2670/1204
f 1161/2667/1202 1267/2671/1203 1323/2670/1204
f 1323/2670/1204 1386/2672/1205 1411/2673/1255
f 1416/2674/1243 1342/2675/1435 1411/2673/1255
f 1323/2670/1204 1411/2673/1255 1342/2675/1435
f 1153/2648/1426 1222/2647/1425 1250/2655/1430
f 1137/2676/1387 1167/2663/1386 1168/2652/1420
f 1179/2569/1389 1103/2565/1385 1127/2571/1391
f 1241/2669/1434 1256/2677/1436 1157/2678/1411
f 1157/2678/1411 1161/2667/1202 1241/2669/1434
f 1342/2675/1435 1241/2669/1434 1323/2670/1204
f 1158/2644/1424 1157/2657/1411 1222/2662/1425
f 1271/2661/1433 1226/2658/1432 1292/2679/1437
f 1226/2658/1432 1200/2659/1428 1292/2679/1437
f 1284/2680/1438 1167/2681/1386 1271/2682/1433
f 1167/2681/1386 1179/2683/1389 1271/2682/1433
f 1284/2680/1438 1271/2682/1433 1292/2684/1437
f 1164/2685/1335 1151/2511/1336 1265/2686/1348
f 1265/2686/1348 1151/2511/1336 1294/2512/1349
f 1294/2512/1349 1151/2511/1336 1319/2510/1345
f 1241/2669/1434 1342/2675/1435 1281/2687/1439
f 1342/2675/1435 1365/2688/1440 1281/2687/1439
f 1446/2689/1441 1365/2688/1440 1342/2675/1435
f 1241/2669/1434 1281/2687/1439 1304/2690/1442
f 1241/2669/1434 1304/2690/1442 1256/2677/1436
f 1390/2691/1443 1364/2692/1444 1312/2693/1445
f 1312/2693/1445 1281/2687/1439 1390/2691/1443
f 1365/2688/1440 1390/2691/1443 1281/2687/1439
f 1281/2694/1439 1312/2695/1445 1304/2696/1442
f 1304/2696/1442 1345/2697/1446 1256/2698/1436
f 1250/2699/1430 1304/2696/1442 1312/2695/1445
f 1250/2699/1430 1312/2695/1445 1263/2700/1431
f 1263/2700/1431 1364/2701/1444 1382/2702/1447
f 1263/2700/1431 1312/2695/1445 1364/2701/1444
f 1362/2703/1448 1263/2700/1431 1382/2702/1447
f 1362/2703/1448 1382/2702/1447 1374/2704/1449
f 1374/2704/1449 1382/2702/1447 1364/2701/1444
f 1250/2699/1430 1345/2697/1446 1304/2696/1442
f 1345/2697/1446 1250/2699/1430 1377/2705/1450
f 1250/2706/1430 1222/2707/1425 1295/2708/1451
f 1295/2708/1451 1377/2709/1450 1250/2706/1430
f 1157/2710/1411 1256/2711/1436 1222/2707/1425
f 1377/2709/1450 1295/2708/1451 1222/2707/1425
f 1377/2709/1450 1222/2707/1425 1256/2711/1436
f 1377/2709/1450 1256/2711/1436 1345/2712/1446
f 1263/2700/1431 1362/2703/1448 1232/2713/1429
f 1232/2713/1429 1362/2703/1448 1374/2704/1449
f 1283/2714/1362 1374/2715/1449 1364/2716/1444
f 1374/2715/1449 1283/2714/1362 1232/2717/1429
f 1232/2717/1429 1283/2714/1362 1097/2718/1419
f 1167/2681/1386 1284/2680/1438 1200/2719/1428
f 1200/2719/1428 1284/2680/1438 1292/2720/1437
f 1409/2721/1078 1397/2722/1358 1368/2723/1360
f 1409/2721/1078 1368/2723/1360 1357/2724/1253
f 1357/2724/1253 1417/2725/1080 1409/2721/1078
f 1368/2723/1360 1332/2726/1361 1357/2724/1253
f 1332/2726/1361 1364/2727/1444 1357/2724/1253
f 1357/2724/1253 1442/2728/1081 1417/2725/1080
f 1283/2714/1362 1270/2729/1359 1143/2730/1363
f 1332/2731/1361 1283/2714/1362 1364/2716/1444
f 1357/2724/1253 1364/2727/1444 1390/2732/1443
f 1390/2732/1443 1427/2733/1452 1357/2724/1253
f 1462/2734/1256 1427/2733/1452 1454/2735/1453
f 1454/2735/1453 1427/2733/1452 1440/2736/1454
f 1454/2735/1453 1432/2737/1249 1462/2734/1256
f 1427/2733/1452 1462/2734/1256 1453/2738/1250
f 1427/2733/1452 1453/2738/1250 1443/2739/1252
f 1427/2733/1452 1443/2739/1252 1357/2724/1253
f 1342/2740/1435 1461/2741/1455 1446/2742/1441
f 1342/2740/1435 1416/2743/1243 1432/2744/1249
f 1432/2744/1249 1454/2735/1453 1461/2741/1455
f 1342/2740/1435 1432/2744/1249 1461/2741/1455
f 1365/2745/1440 1446/2742/1441 1440/2736/1454
f 1463/2746/1456 1446/2742/1441 1461/2741/1455
f 1463/2746/1456 1461/2741/1455 1454/2735/1453
f 1463/2746/1456 1454/2735/1453 1440/2736/1454
f 1427/2733/1452 1390/2732/1443 1440/2736/1454
f 1440/2736/1454 1390/2732/1443 1365/2745/1440
f 1440/2736/1454 1446/2742/1441 1463/2746/1456
f 878/1470/840 794/1467/837 731/1464/834
f 731/1464/834 857/2555/1377 878/1470/840
f 898/2747/1412 878/2748/840 857/2749/1377
f 992/2750/1376 898/2747/1412 901/2751/1374
f 878/2752/840 953/2753/1457 903/2576/1395
f 903/2576/1395 886/2578/842 878/2752/840
f 886/2578/842 819/2577/843 790/2754/845
f 953/2755/1457 878/2756/840 898/2757/1412
f 898/2757/1412 970/2758/1458 953/2755/1457
f 1060/2759/1423 953/2755/1457 970/2758/1458
f 970/2758/1458 898/2757/1412 992/2760/1376
f 1060/2759/1423 970/2758/1458 992/2760/1376
f 1060/2759/1423 1111/2761/1422 1019/2762/1394
f 1060/2763/1423 1019/2574/1394 953/2753/1457
f 1019/2574/1394 903/2576/1395 953/2753/1457
f 783/2764/862 797/2765/863 891/2766/1459
f 783/2764/862 786/2767/861 713/2768/860
f 719/2769/857 786/2767/861 788/2770/871
f 771/2771/858 719/2769/857 788/2770/871
f 891/2766/1459 786/2767/861 783/2764/862
f 861/1535/712 856/1532/864 946/1534/866
f 1082/1540/869 861/1535/712 946/1534/866
f 1082/1540/869 946/1534/866 1043/2772/1460
f 1129/2773/1461 1043/2772/1460 1121/2774/1462
f 1043/2772/1460 1129/2773/1461 1082/1540/869
f 1129/2773/1461 1121/2774/1462 1126/2775/1407
f 1091/1541/870 1082/1540/869 1129/2773/1461
f 1091/1541/870 1129/2773/1461 1126/2775/1407
f 1064/2776/1406 1126/2775/1407 1121/2774/1462
f 1121/2774/1462 1043/2772/1460 1064/2776/1406
f 1064/2776/1406 1043/2772/1460 902/2777/1403
f 726/2778/854 828/2779/1401 856/2780/864
f 726/2778/854 856/2780/864 756/2781/855
f 891/2766/1459 797/2765/863 828/2779/1401
f 891/2766/1459 828/2779/1401 726/2778/854
f 788/2770/871 891/2766/1459 726/2778/854
f 891/2766/1459 788/2770/871 786/2767/861
f 902/2782/1403 977/2783/1404 1002/2784/1463
f 902/2782/1403 928/2785/865 828/2786/1401
f 928/2785/865 902/2782/1403 971/2787/1464
f 828/2788/1401 928/2789/865 856/1532/864
f 1043/2772/1460 946/1534/866 1032/2790/1465
f 902/2777/1403 1043/2772/1460 1032/2790/1465
f 977/2791/1404 1064/2776/1406 1002/2792/1463
f 1002/2792/1463 1064/2776/1406 902/2777/1403
f 946/2793/866 928/2785/865 975/2794/1466
f 1032/2795/1465 971/2787/1464 902/2782/1403
f 971/2787/1464 975/2794/1466 928/2785/865
f 1032/2795/1465 975/2794/1466 971/2787/1464
f 975/2794/1466 1032/2795/1465 946/2796/866
