# Blender 5.1.2
# www.blender.org
o tripo_node_0bb4f34d-c65d-489b-a23a-41f1647f9252
v -0.344645 -0.128624 -0.025111
v -0.340907 -0.124760 -0.004360
v -0.315116 -0.142731 0.019120
v -0.293298 -0.161232 -0.029109
v -0.298584 -0.131170 -0.079904
v -0.291787 -0.131145 -0.054684
v -0.287016 -0.154631 -0.019300
v -0.310427 0.435347 0.260363
v -0.291121 0.395906 0.349890
v -0.267806 -0.166692 0.051216
v -0.268525 -0.155688 0.046305
v -0.265947 0.382691 0.255919
v -0.284755 0.423931 0.280477
v -0.292248 0.436778 -0.092110
v -0.250393 0.446523 0.206726
v -0.286611 0.442927 -0.017187
v -0.286317 0.058881 0.027004
v -0.246164 -0.132520 -0.092634
v -0.287902 -0.275356 0.273304
v -0.279230 -0.263599 0.228500
v -0.270466 0.061303 0.015917
v -0.271911 -0.295769 0.307989
v -0.282486 0.061512 0.093243
v -0.265433 0.454882 0.034498
v -0.260910 -0.296015 0.230376
v -0.259182 0.051222 0.115245
v -0.254325 0.438617 -0.166329
v -0.273408 0.053592 0.030685
v -0.234153 0.451204 -0.163827
v -0.251097 -0.197774 -0.044185
v -0.243975 0.010289 0.044988
v -0.262292 0.395557 0.370525
v -0.250234 0.383109 0.408029
v -0.263414 0.038873 0.026048
v -0.248485 -0.137030 -0.066318
v -0.270682 -0.471669 0.188021
v -0.217288 -0.236331 -0.028121
v -0.257786 -0.276762 0.242546
v -0.243482 0.348975 0.343391
v -0.248328 -0.190177 0.068414
v -0.255420 -0.232933 0.180106
v -0.258822 0.017960 0.057004
v -0.253439 -0.471994 0.136298
v -0.237568 -0.401819 0.138420
v -0.247948 0.444898 -0.003355
v -0.241259 -0.305918 0.190072
v -0.251488 -0.469572 0.108324
v -0.241104 -0.391380 0.214215
v -0.252047 -0.470091 0.206879
v -0.219180 -0.238566 0.005345
v -0.194031 0.460575 0.036908
v -0.235463 0.046422 0.122290
v -0.212628 0.370687 0.265730
v -0.218157 0.456032 0.202749
v -0.229016 -0.364813 0.255585
v -0.229442 -0.312149 0.338711
v -0.231566 0.058636 0.021777
v -0.223102 0.432798 0.230296
v -0.250605 -0.470399 -0.081593
v -0.242718 -0.471869 -0.139343
v -0.257164 -0.445416 -0.106908
v -0.239350 0.037926 0.020380
v -0.243833 -0.035284 0.046470
v -0.229507 -0.192164 0.060092
v -0.252309 0.035619 0.380721
v -0.237911 0.017225 0.069285
v -0.233192 -0.368615 0.181535
v -0.243641 -0.455335 -0.143474
v -0.248922 0.020738 0.340558
v -0.198992 0.346973 -0.040254
v -0.249323 0.248270 -0.191090
v -0.242362 0.238126 -0.244181
v -0.216286 0.465820 0.067581
v -0.223528 -0.471046 0.281244
v -0.201942 -0.252567 0.183065
v -0.229090 -0.251004 0.011649
v -0.232611 -0.471594 -0.086971
v -0.224620 -0.393439 0.185760
v -0.221310 -0.313850 0.276786
v -0.227879 0.259727 -0.196188
v -0.223310 -0.456214 -0.198832
v -0.220766 -0.208015 0.152450
v -0.227922 0.040133 0.297841
v -0.221894 -0.352182 0.231852
v -0.210405 0.285182 0.233975
v -0.192964 0.245986 0.267821
v -0.235528 0.290722 -0.140279
v -0.205788 -0.415544 0.273234
v -0.211379 0.070869 0.010031
v -0.238851 -0.449629 -0.100597
v -0.244724 -0.293505 -0.072888
v -0.230274 0.031198 0.061060
v -0.218156 0.027528 0.453323
v -0.225402 0.024971 0.044728
v -0.214825 -0.318504 0.195081
v -0.219883 -0.323984 -0.092543
v -0.235902 -0.071943 -0.123949
v -0.217765 0.016338 0.307840
v -0.207408 -0.215032 0.045700
v -0.227956 -0.259472 -0.035924
v -0.224041 -0.471219 0.259971
v -0.187911 0.401106 0.435205
v -0.214328 0.313280 -0.132098
v -0.229913 -0.059866 -0.093050
v -0.209166 -0.394855 -0.065604
v -0.204237 -0.471605 0.123031
v -0.214718 -0.439740 -0.210797
v -0.194817 0.439221 0.065137
v -0.228090 -0.416089 0.139234
v -0.187505 0.345913 0.324955
v -0.187937 0.397650 -0.055807
v -0.227031 -0.091545 -0.206746
v -0.209300 -0.448274 -0.189526
v -0.231066 -0.294386 -0.078205
v -0.199112 -0.469425 -0.056733
v -0.225289 -0.312396 -0.000169
v -0.213783 0.368961 0.018414
v -0.202934 0.405926 -0.016332
v -0.213980 -0.242981 -0.050207
v -0.210928 -0.271626 -0.066245
v -0.195663 -0.386828 -0.136670
v -0.177202 -0.007390 0.400179
v -0.206237 -0.288621 -0.086394
v -0.187691 -0.110892 -0.151728
v -0.194521 0.035216 0.458585
v -0.217245 -0.306809 -0.000214
v -0.193741 -0.151814 -0.058074
v -0.208216 -0.040481 -0.054728
v -0.201665 -0.200507 0.039573
v -0.205945 -0.431732 -0.162727
v -0.194720 -0.392821 0.266028
v -0.208783 -0.358620 -0.083870
v -0.194553 0.390868 0.437442
v -0.192959 -0.419671 -0.063194
v -0.160493 -0.307686 0.168757
v -0.191646 -0.376138 0.293151
v -0.156217 -0.086060 -0.142301
v -0.190536 -0.136571 -0.068717
v -0.174162 -0.105701 -0.156772
v -0.164313 0.223149 -0.216072
v -0.200971 -0.122453 -0.079839
v -0.194350 0.048688 0.260370
v -0.193132 0.355747 0.250391
v -0.203169 -0.257050 0.037262
v -0.186490 -0.113942 -0.199974
v -0.193865 -0.325759 0.348468
v -0.204119 -0.242443 0.018113
v -0.193607 -0.117185 -0.145556
v -0.194987 0.060054 0.086619
v -0.215565 0.264181 -0.389201
v -0.214938 0.079566 -0.309913
v -0.209307 0.076958 -0.246103
v -0.173047 0.319991 -0.101600
v -0.169907 -0.329400 0.157809
v -0.180581 0.161408 -0.121123
v -0.201710 0.260518 -0.450280
v -0.197385 -0.291925 0.065925
v -0.178924 0.011849 0.328709
v -0.195106 0.281634 -0.338268
v -0.175791 -0.470509 0.096832
v -0.157524 -0.470510 0.286907
v -0.211536 -0.250628 -0.139041
v -0.186726 -0.322523 0.076309
v -0.186915 -0.235538 -0.041605
v -0.203219 0.096058 -0.211441
v -0.205772 -0.472241 -0.172882
v -0.184420 0.249712 -0.277586
v -0.182008 -0.069999 -0.116683
v -0.208819 0.216536 0.307638
v -0.144759 0.157498 -0.188392
v -0.191634 -0.384051 -0.033101
v -0.170523 0.430270 0.235069
v -0.177706 0.309401 0.051327
v -0.192895 -0.407071 0.125722
v -0.179800 0.282867 0.004537
v -0.177534 -0.320003 0.315459
v -0.186415 -0.192923 -0.040893
v -0.192548 0.064017 -0.339075
v -0.152318 -0.200041 0.152438
v -0.197070 0.192433 0.374894
v -0.202758 0.217950 0.315675
v -0.188890 -0.473003 0.003363
v -0.201038 -0.244770 -0.075584
v -0.200431 0.239116 -0.284691
v -0.200603 -0.137893 -0.132354
v -0.190401 -0.335936 0.020663
v -0.180988 -0.044381 0.310841
v -0.188305 0.237407 -0.359337
v -0.166442 0.456162 0.211330
v -0.202127 -0.321026 -0.098534
v -0.184129 -0.100615 -0.197546
v -0.122809 0.316762 -0.103415
v -0.193145 -0.246736 -0.071347
v -0.189195 -0.455840 -0.213982
v -0.172948 -0.402033 -0.188215
v -0.185402 -0.444495 -0.195682
v -0.185821 -0.471017 -0.218241
v -0.168960 -0.265163 -0.087330
v -0.152153 -0.245438 0.169675
v -0.182649 -0.227155 0.024508
v -0.191956 0.263176 -0.403108
v -0.157329 0.393705 0.032145
v -0.146704 0.430550 -0.194040
v -0.181723 0.033508 -0.248424
v -0.193854 -0.224394 -0.077796
v -0.195893 -0.385606 -0.022443
v -0.151081 0.254578 -0.157607
v -0.187391 -0.329057 -0.145875
v -0.183042 -0.455348 -0.201955
v -0.184677 0.293031 0.265062
v -0.164989 -0.329838 0.175687
v -0.181600 -0.054130 -0.067277
v -0.149352 0.068232 -0.359187
v -0.181726 0.273049 0.047421
v -0.190191 -0.224455 0.005350
v -0.186010 0.368956 -0.024211
v -0.176405 0.303563 0.212359
v -0.179397 0.237569 0.278238
v -0.121345 0.387946 -0.059865
v -0.184512 -0.161719 0.026730
v -0.180269 -0.170652 -0.060702
v -0.185125 0.172715 0.206058
v -0.179199 -0.245489 0.082143
v -0.149638 0.045597 -0.319840
v -0.157885 -0.341094 0.120150
v -0.191352 -0.257092 -0.097682
v -0.192905 -0.262532 0.254584
v -0.185318 -0.368924 -0.121830
v -0.171149 0.220601 -0.193496
v -0.184529 -0.310387 -0.107759
v -0.179859 -0.210569 0.005090
v -0.185734 -0.260004 0.213015
v -0.169907 -0.391660 0.030691
v -0.177067 -0.307906 -0.169184
v -0.172512 -0.252824 0.076862
v -0.170036 -0.062831 -0.042440
v -0.170667 0.192212 0.381049
v -0.161658 0.139194 -0.163499
v -0.108794 0.448975 0.033517
v -0.171246 -0.051221 0.355005
v -0.159049 -0.022286 0.345653
v -0.151484 0.035300 -0.206797
v -0.182235 0.281490 -0.350972
v -0.180096 -0.260348 -0.084621
v -0.170329 -0.350823 0.080869
v -0.162065 0.020083 0.307144
v -0.179572 -0.230499 0.263506
v -0.169846 0.246892 -0.469750
v -0.171234 -0.138785 0.341206
v -0.155466 0.376149 0.241008
v -0.159764 -0.045761 0.291425
v -0.142840 0.048021 0.266926
v -0.168857 0.282960 0.241545
v -0.172589 0.069692 -0.234309
v -0.169100 -0.170412 -0.159683
v -0.149611 -0.467799 -0.244858
v -0.166171 -0.228600 -0.021124
v -0.153642 0.337419 0.017361
v -0.168221 0.202080 0.187938
v -0.149965 0.184285 0.302788
v -0.170307 -0.240571 -0.049250
v -0.158572 -0.316479 0.351972
v -0.180753 -0.195442 0.103107
v -0.170301 -0.128761 0.270109
v -0.165594 0.235731 -0.314726
v -0.183769 -0.076707 0.075254
v -0.139122 -0.473155 0.297615
v -0.180194 -0.293110 0.087683
v -0.157840 -0.470356 0.108944
v -0.175137 -0.251154 0.088969
v -0.174159 -0.123810 -0.208299
v -0.176997 -0.208099 0.085487
v -0.159312 0.180331 0.404989
v -0.175499 0.164231 0.052036
v -0.173661 -0.216290 0.112507
v -0.162251 -0.088841 0.016939
v -0.164492 0.181573 0.106812
v -0.161295 -0.356168 0.096469
v -0.169457 0.006930 0.043883
v -0.179145 0.102740 -0.191381
v -0.165404 0.089640 -0.134846
v -0.162731 -0.383146 -0.168678
v -0.173842 -0.305514 0.114756
v -0.158816 0.052438 -0.277181
v -0.151739 -0.276927 0.291072
v -0.162131 -0.338509 0.111037
v -0.140697 -0.019430 -0.268623
v -0.157059 0.316999 -0.038992
v -0.145552 0.212666 0.270331
v -0.170749 0.052098 -0.051763
v -0.172751 -0.181289 -0.040996
v -0.174960 -0.329284 -0.152731
v -0.151086 0.309570 -0.335989
v -0.168817 -0.060278 0.119016
v -0.171210 -0.232591 0.022444
v -0.169324 -0.454473 0.028944
v -0.124060 -0.403880 0.284419
v -0.164474 -0.407582 0.021889
v -0.167374 -0.306528 -0.103709
v -0.156022 -0.252633 0.228346
v -0.129910 0.028170 0.473878
v -0.154532 0.134760 -0.301782
v -0.155794 -0.188842 0.203611
v -0.174900 -0.081463 -0.200965
v -0.149786 -0.343157 0.158541
v -0.175003 -0.267931 0.053858
v -0.139719 0.377309 0.197637
v -0.155899 -0.447766 -0.219086
v -0.148848 0.178006 -0.354022
v -0.150672 -0.363922 0.102248
v -0.147101 0.205449 -0.104774
v -0.153434 0.222431 -0.373697
v -0.153639 -0.470594 -0.220573
v -0.139180 0.122555 0.263226
v -0.157360 -0.290921 -0.113635
v -0.168942 -0.259389 0.030006
v -0.140924 0.071970 0.192924
v -0.159250 -0.145854 -0.157234
v -0.158201 0.124000 -0.068506
v -0.150818 0.243173 -0.300874
v -0.156702 -0.163656 -0.022599
v -0.127277 0.240644 0.272381
v -0.165547 -0.256026 0.058712
v -0.161451 -0.469356 0.024705
v -0.151381 -0.277200 0.053798
v -0.151233 0.178585 0.339116
v -0.168209 -0.469213 0.056586
v -0.155775 -0.408691 0.084030
v -0.140725 -0.440155 0.108727
v -0.117221 0.053141 -0.295116
v -0.161740 -0.194770 0.074901
v -0.117897 0.397160 0.424778
v -0.171878 -0.379996 0.002590
v -0.154601 -0.139357 -0.192089
v -0.155078 -0.368372 0.125510
v -0.163584 -0.433137 0.041360
v -0.152595 -0.366143 -0.185579
v -0.160753 -0.310173 0.116146
v -0.159212 0.238440 0.239006
v -0.168565 -0.065559 -0.225226
v -0.156702 -0.124811 -0.180175
v -0.134696 0.308603 -0.313958
v -0.160359 -0.239644 0.058548
v -0.155349 0.141412 0.284944
v -0.142499 -0.312822 -0.151687
v -0.157293 0.103394 -0.266046
v -0.159893 -0.192452 -0.031676
v -0.160033 -0.226441 0.030965
v -0.141060 -0.229210 0.012639
v -0.152628 -0.236511 0.298017
v -0.153474 -0.101230 -0.194600
v -0.152908 -0.180577 0.026340
v -0.151868 -0.224783 -0.030460
v -0.160334 -0.467965 0.077948
v -0.137112 -0.106839 -0.022242
v -0.148838 -0.264481 0.195508
v -0.122059 0.074872 -0.345467
v -0.125016 0.216783 0.193237
v -0.146249 -0.221226 0.073568
v -0.168694 -0.178773 0.157881
v -0.160622 -0.456323 0.022783
v -0.154539 0.251230 -0.344156
v -0.149731 -0.259284 0.269376
v -0.147517 -0.061274 -0.270130
v -0.133852 -0.395690 -0.189473
v -0.137004 0.164428 0.022390
v -0.156844 0.172354 -0.142243
v -0.126179 0.435296 -0.157857
v -0.148295 0.098252 -0.215382
v -0.135821 0.310812 0.217139
v -0.152677 -0.266170 0.043913
v -0.145009 -0.131614 -0.169789
v -0.144877 -0.076112 -0.226181
v -0.154807 -0.399745 -0.006704
v -0.155680 0.263392 0.248039
v -0.139218 0.125497 0.323170
v -0.137471 -0.401904 0.270698
v -0.149961 -0.399451 0.005263
v -0.100109 0.234247 -0.443045
v -0.113098 -0.342232 0.131082
v -0.123458 -0.242661 0.001680
v -0.135026 -0.077004 0.133072
v -0.140088 0.315871 0.065931
v -0.131476 0.362176 0.326136
v -0.153078 -0.384364 -0.174383
v -0.153079 -0.435352 0.009599
v -0.130540 -0.050813 -0.186265
v -0.115109 -0.156073 0.219469
v -0.146442 -0.184779 -0.150804
v -0.098208 0.466857 0.069327
v -0.085413 0.432785 -0.164473
v -0.157052 -0.393628 -0.165748
v -0.140512 0.193292 -0.135288
v -0.114216 0.160657 0.282265
v -0.142214 0.329455 0.004183
v -0.140708 0.462996 0.229985
v -0.145285 -0.267967 -0.060180
v -0.114912 0.229544 -0.460984
v -0.138908 -0.090611 0.316035
v -0.118989 0.047018 0.279480
v -0.130388 -0.386201 -0.197481
v -0.141821 -0.373677 -0.164487
v -0.150354 -0.140472 -0.261688
v -0.107768 -0.054311 0.305380
v -0.136698 -0.098071 -0.250185
v -0.146684 -0.129938 -0.224326
v -0.137326 0.134931 -0.250611
v -0.146516 -0.169148 0.106455
v -0.126578 -0.302848 -0.166385
v -0.116570 0.240667 -0.233406
v -0.135118 -0.334804 0.121424
v -0.147269 -0.159197 0.262929
v -0.148930 -0.399328 0.079000
v -0.149040 0.090433 0.256649
v -0.109192 0.008692 0.024288
v -0.118204 0.023488 -0.023731
v -0.096968 0.207228 0.389044
v -0.132784 0.186503 -0.332356
v -0.118942 -0.137642 0.343719
v -0.135535 -0.095056 0.334859
v -0.139107 0.141025 -0.125431
v -0.147758 -0.466272 0.073421
v -0.142991 0.044502 -0.285677
v -0.127531 -0.007584 0.366987
v -0.119690 -0.296429 0.298268
v -0.123638 0.248057 -0.333377
v -0.101698 0.249601 -0.290494
v -0.099780 0.402623 -0.129952
v -0.119466 -0.058560 0.362453
v -0.139994 -0.441672 -0.004559
v -0.100499 0.074467 0.134162
v -0.117975 0.099810 -0.179235
v -0.139716 0.194495 -0.316158
v -0.141079 -0.312600 -0.087187
v -0.122298 -0.356938 0.094006
v -0.133880 -0.218274 0.189327
v -0.148937 -0.145041 0.160121
v -0.142396 0.225481 0.055082
v -0.119096 -0.096442 -0.152748
v -0.128475 -0.371701 0.094806
v -0.137008 -0.357418 0.113084
v -0.098708 0.442572 0.298607
v -0.123705 -0.204116 0.001657
v -0.136240 0.199638 0.047476
v -0.148387 -0.470619 0.008830
v -0.128505 -0.386886 0.098402
v -0.134607 0.467281 0.267719
v -0.115549 0.227117 -0.302289
v -0.129506 0.146094 -0.117784
v -0.120940 -0.308017 0.124123
v -0.128059 -0.353915 -0.195585
v -0.126772 -0.471195 -0.197865
v -0.135556 -0.397792 -0.171271
v -0.118790 0.203289 0.255367
v -0.134155 0.342009 0.022057
v -0.094480 0.409065 0.391487
v -0.125698 -0.051316 0.339061
v -0.117188 0.190016 0.299121
v -0.117179 -0.142396 -0.262697
v -0.112740 -0.324251 0.311656
v -0.132022 -0.062952 0.133989
v -0.121762 -0.150591 0.260835
v -0.131000 -0.172430 0.288840
v -0.131424 -0.201873 -0.201115
v -0.139512 0.038407 0.261646
v -0.119288 0.390436 0.297332
v -0.108556 -0.324616 0.193309
v -0.124851 -0.365480 0.018434
v -0.132677 -0.068062 -0.248494
v -0.101355 -0.235697 0.290322
v -0.124360 -0.170904 0.217021
v -0.106427 -0.126511 0.283876
v -0.095676 0.043262 0.286356
v -0.118653 -0.213344 0.092508
v -0.126947 -0.409412 0.004564
v -0.092432 -0.076992 0.005227
v -0.138273 -0.384147 -0.180726
v -0.101865 0.232629 0.284549
v -0.122057 -0.434942 -0.198663
v -0.122267 0.183222 0.341061
v -0.128067 -0.040955 0.216187
v -0.128568 0.104611 -0.308042
v -0.114816 -0.297536 -0.081370
v -0.110717 0.047189 -0.144638
v -0.106382 0.329586 -0.039874
v -0.125123 0.126104 0.294358
v -0.076942 -0.470657 0.264992
v -0.125987 0.181965 -0.167928
v -0.126499 -0.207071 0.226390
v -0.107879 -0.135832 -0.236964
v -0.110793 -0.253813 0.232292
v -0.121409 -0.385010 -0.174251
v -0.107641 0.152952 -0.176135
v -0.119389 -0.287325 0.090543
v -0.130279 0.334698 0.010527
v -0.124961 0.217569 -0.371484
v -0.126177 -0.302054 0.114493
v -0.104067 0.372065 0.230066
v -0.104915 -0.018327 0.384601
v -0.100347 0.184091 0.103191
v -0.122674 -0.262936 0.271717
v -0.108786 0.093523 0.188499
v -0.092018 0.208582 -0.384207
v -0.111031 -0.240942 0.199645
v -0.091319 -0.010077 -0.275241
v -0.122994 -0.421284 -0.163403
v -0.114946 -0.469827 -0.216303
v -0.112782 -0.167853 -0.225975
v -0.087626 -0.299314 -0.059858
v -0.103435 -0.277407 0.239633
v -0.120360 -0.014207 0.319305
v -0.110549 0.129921 -0.239704
v -0.092889 -0.295613 0.338814
v -0.098739 0.043957 -0.291331
v -0.106155 -0.362934 0.251958
v -0.124961 -0.326627 0.043929
v -0.127182 -0.304100 0.048098
v -0.090985 -0.140455 0.239746
v -0.095849 -0.468170 0.029858
v -0.113306 -0.473002 -0.127802
v -0.120268 -0.413583 -0.151936
v -0.123093 -0.313623 0.117303
v -0.088990 -0.418295 0.033141
v -0.093582 -0.471412 -0.024092
v -0.078097 -0.043977 -0.135423
v -0.108065 0.302042 0.241908
v -0.095168 0.089962 -0.289397
v -0.094025 -0.470991 0.263790
v -0.106452 -0.321261 -0.166562
v -0.116620 -0.270789 0.108668
v -0.092157 0.450016 0.282442
v -0.115709 -0.410087 -0.159140
v -0.092056 -0.353487 0.101257
v -0.101351 0.068332 -0.302176
v -0.102391 -0.325812 -0.082953
v -0.120657 -0.432301 0.073392
v -0.092255 -0.044735 -0.273985
v -0.116792 -0.473266 0.102556
v -0.094062 0.114392 0.289827
v -0.117026 -0.469037 0.085812
v -0.075347 0.016373 0.461077
v -0.108183 0.129689 0.257617
v -0.113073 0.167551 -0.333974
v -0.044553 0.021673 0.429301
v -0.117872 -0.423276 0.048754
v -0.111451 0.244343 -0.178943
v -0.109822 0.184580 0.398817
v -0.106726 -0.399992 0.106381
v -0.099402 -0.152895 -0.022254
v -0.087651 0.008816 -0.209426
v -0.095487 0.069235 -0.195125
v -0.103308 -0.471368 -0.090736
v -0.103608 0.215644 0.025928
v -0.115665 -0.392341 0.089020
v -0.110967 -0.283191 0.110175
v -0.111036 -0.473224 -0.186981
v -0.105004 0.315152 0.054677
v -0.109194 -0.036708 0.133666
v -0.081877 -0.188091 0.017437
v -0.096462 0.193860 -0.121259
v -0.095491 -0.363037 0.154895
v -0.098617 -0.407554 -0.099020
v -0.101914 -0.418234 -0.183954
v -0.113013 -0.469297 0.040825
v -0.093751 -0.302833 0.221852
v -0.101814 0.309727 0.274901
v -0.080754 -0.005545 0.237455
v -0.097754 -0.411961 0.098628
v -0.092358 0.111273 -0.064462
v -0.097129 -0.278633 0.183889
v -0.089363 0.389855 0.276241
v -0.097517 -0.145275 0.318151
v -0.100251 -0.045814 0.335703
v -0.075113 0.287128 -0.327899
v -0.060574 -0.334565 0.037652
v -0.100478 -0.444404 0.123074
v -0.089060 -0.414525 -0.260531
v -0.075071 0.243721 -0.347452
v -0.065719 -0.341423 0.047911
v -0.096370 0.169999 0.300717
v -0.106853 -0.469022 -0.269324
v -0.110088 -0.433586 -0.127557
v -0.073805 0.241400 0.312331
v -0.095590 0.148170 0.215829
v -0.070088 0.211376 0.376346
v -0.078072 -0.363864 0.239721
v -0.070467 -0.202830 -0.002583
v -0.103572 -0.375763 0.103196
v -0.097721 0.198288 -0.314513
v -0.085187 -0.087765 0.110488
v -0.094399 0.124801 -0.254701
v -0.069284 0.037665 0.348933
v -0.082086 0.062193 -0.112828
v -0.085815 -0.471544 -0.290215
v -0.089419 -0.187604 0.223660
v -0.078504 -0.368751 0.091175
v -0.093436 0.245924 0.050459
v -0.079546 0.425781 -0.020801
v -0.054246 0.439273 -0.052680
v -0.078123 0.395431 0.384493
v -0.032832 -0.471939 0.042123
v -0.077105 -0.444705 0.246586
v -0.072358 -0.009935 0.116778
v -0.091714 -0.222165 0.214183
v -0.092394 -0.356242 0.221581
v -0.068230 -0.387839 0.001623
v -0.055898 -0.121832 0.206629
v -0.062404 -0.069869 0.125718
v -0.072745 0.085904 0.210333
v -0.075984 -0.469633 -0.308447
v -0.090793 -0.359210 0.192604
v -0.068701 -0.115242 -0.238154
v -0.067961 -0.366969 -0.171976
v -0.091546 0.160751 -0.149277
v -0.059135 0.226396 -0.393569
v -0.046927 -0.381608 0.032827
v -0.065108 0.235920 -0.353437
v -0.079745 -0.365194 0.150929
v -0.074930 -0.248193 0.233715
v -0.079173 -0.422029 -0.256808
v -0.082126 -0.309385 0.159205
v -0.070704 0.004996 0.351080
v -0.070422 0.075561 -0.297476
v -0.073876 0.285517 -0.128875
v -0.071150 -0.311681 -0.018049
v -0.082594 -0.257915 0.274189
v -0.075422 0.366583 0.001730
v -0.075043 -0.337637 -0.124417
v -0.059460 -0.042145 -0.191052
v -0.064314 -0.404503 0.126421
v -0.067394 -0.004511 0.079482
v -0.037387 -0.348902 -0.174494
v -0.073425 -0.437144 0.244046
v -0.066782 -0.377673 0.212251
v -0.047654 0.448242 0.025119
v -0.051293 -0.330811 -0.053962
v -0.065193 -0.350047 -0.123642
v -0.048864 0.268070 -0.174736
v -0.087049 -0.099428 -0.142494
v -0.049058 -0.402617 0.053082
v -0.064139 -0.471013 0.170102
v -0.068632 -0.056763 -0.165297
v -0.080355 -0.471780 0.225584
v -0.071500 0.113246 0.081491
v -0.063238 -0.159750 -0.052384
v -0.065251 -0.064580 -0.044072
v -0.075832 0.097214 -0.179164
v -0.079046 0.065076 -0.232091
v -0.055357 0.250957 -0.242029
v -0.073476 -0.013040 -0.237234
v -0.059080 -0.029618 -0.113904
v -0.026659 -0.341325 -0.079763
v -0.079091 -0.270042 0.297038
v -0.069575 0.082889 0.270667
v -0.056700 -0.392931 0.154743
v -0.041270 0.006386 0.428369
v -0.055606 0.447947 0.345783
v -0.045256 0.442588 -0.117765
v -0.079606 -0.099228 -0.132818
v -0.036549 -0.357146 -0.248810
v -0.069427 -0.299171 -0.145190
v -0.067666 -0.134526 0.043474
v -0.053811 -0.007678 -0.096274
v -0.046846 -0.177585 0.212610
v -0.061766 -0.263437 0.197619
v -0.055609 0.012818 0.211974
v -0.030143 0.434607 -0.079351
v -0.067888 -0.437579 0.236018
v -0.061044 -0.197304 0.020283
v -0.052985 -0.389925 -0.200148
v -0.071529 -0.193575 0.093793
v -0.031391 0.021411 0.375041
v -0.065002 -0.429294 0.243908
v -0.049370 -0.108145 -0.141035
v -0.057174 -0.399637 0.003322
v -0.039016 -0.169089 0.139156
v -0.055130 -0.474200 0.287760
v -0.057514 -0.333294 -0.155490
v -0.029218 0.435019 -0.025156
v -0.055527 -0.205336 0.087299
v -0.041318 -0.207927 -0.119866
v -0.049543 -0.179630 -0.052367
v -0.034383 -0.130264 -0.203070
v -0.056674 -0.212887 -0.028324
v -0.052400 -0.203579 0.054089
v -0.036545 -0.066249 -0.187412
v -0.051070 -0.374191 0.201291
v -0.032451 -0.250228 0.071124
v -0.047059 -0.107300 -0.045347
v -0.051661 -0.326151 -0.123140
v -0.060771 -0.139122 0.326026
v -0.036472 -0.050548 -0.161451
v -0.039300 -0.255361 -0.130645
v -0.036784 -0.298684 -0.117696
v -0.032931 -0.386855 -0.043668
v -0.038682 -0.415816 0.232193
v -0.046520 -0.103821 0.021249
v -0.053510 -0.123664 0.297314
v -0.051758 0.309512 0.240982
v -0.052816 0.337749 0.181243
v -0.053155 -0.098950 0.267556
v -0.022100 -0.470029 -0.296331
v -0.041210 -0.101779 0.235464
v -0.016742 -0.471732 -0.308256
v -0.046991 0.325768 0.208114
v -0.025171 -0.268290 0.221694
v -0.043318 -0.085781 -0.005516
v -0.034218 -0.388308 0.218609
v -0.029646 -0.239407 0.189923
v -0.028048 -0.060870 -0.120738
v -0.038969 -0.268695 -0.139022
v -0.027099 -0.166457 0.304264
v -0.018834 -0.331100 -0.125612
v -0.037195 -0.383236 0.040280
v -0.006257 -0.412846 -0.289363
v -0.030009 0.307592 0.285710
v -0.034754 -0.373223 0.107560
v -0.023289 -0.242610 0.043797
v -0.019262 -0.357773 0.080850
v -0.002773 -0.468568 0.356074
v -0.035277 -0.260643 -0.103554
v -0.046819 0.076900 -0.079706
v -0.024240 -0.299420 -0.102704
v -0.024967 0.311069 0.267976
v -0.019600 -0.143977 0.241002
v -0.018166 -0.308436 -0.183536
v -0.037772 -0.322709 -0.116254
v -0.039676 -0.048105 -0.043178
v -0.026557 -0.147034 0.377252
v -0.013207 -0.390692 0.271385
v -0.035201 -0.139682 0.323123
v -0.032515 -0.192656 0.145272
v -0.038879 0.075200 -0.048417
v -0.025639 -0.148864 0.093746
v -0.035103 -0.223860 -0.065437
v -0.010359 -0.472275 0.350810
v -0.009466 -0.333286 -0.238822
v -0.019394 -0.365815 0.194591
v 0.000222 -0.470535 0.339566
v -0.032693 -0.072995 0.114090
v -0.037127 -0.143476 -0.311628
v -0.011128 0.350042 0.157273
v -0.021701 0.019164 -0.042868
v -0.015300 -0.127003 -0.264873
v -0.014007 -0.089568 -0.076866
v -0.013979 -0.352288 -0.051697
v -0.013789 -0.284494 -0.061130
v -0.005148 -0.330761 -0.151788
v 0.009100 -0.394280 -0.268813
v -0.001305 -0.167680 0.355060
v -0.004618 0.365280 0.132243
v -0.026352 0.075753 -0.031702
v -0.019776 -0.027328 -0.050101
v 0.009338 -0.136379 -0.163071
v -0.028765 0.083033 0.146583
v 0.001512 -0.214327 0.070119
v -0.026088 -0.042515 0.147764
v 0.002063 -0.008990 -0.016328
v -0.008455 -0.153615 0.161027
v 0.000988 -0.183170 -0.064196
v -0.008495 -0.403101 0.265604
v -0.007587 -0.176558 -0.342832
v 0.015770 -0.140194 0.375041
v -0.000565 -0.368185 0.057855
v -0.012607 -0.012247 0.096642
v -0.022299 0.051201 0.180908
v -0.005126 -0.100281 0.018661
v -0.011010 -0.216932 0.148973
v -0.000538 -0.271436 -0.258900
v 0.000756 -0.196294 -0.249109
v 0.006369 0.072642 -0.100318
v -0.009234 0.096403 0.128122
v -0.006072 -0.298283 -0.174926
v -0.002155 -0.177059 0.308943
v 0.005179 -0.191553 -0.191438
v 0.006182 0.262755 0.158549
v -0.012095 0.052142 0.108591
v 0.029472 0.309781 0.139064
v -0.001268 -0.168972 -0.334728
v -0.000770 -0.016428 -0.066597
v -0.007066 -0.130179 0.243419
v 0.001204 -0.044395 0.170148
v 0.001456 -0.215117 -0.292269
v 0.008204 -0.009606 -0.045512
v -0.002478 -0.245742 0.297823
v 0.018562 0.233774 0.212429
v 0.014431 -0.198989 -0.078666
v -0.007810 -0.193663 0.023630
v -0.004756 0.158946 0.134316
v 0.003674 -0.293878 0.201303
v 0.002180 -0.310608 -0.190807
v -0.000326 0.202114 0.174025
v 0.029620 -0.359910 -0.066849
v 0.022836 -0.175438 -0.242603
v 0.009017 -0.230955 0.184596
v 0.008388 -0.326572 -0.103382
v 0.014186 -0.385959 -0.014524
v -0.009323 0.186231 -0.196905
v -0.003442 -0.284363 -0.124376
v -0.006236 0.183818 -0.233615
v -0.004234 -0.247079 0.201638
v 0.030860 -0.321799 -0.276746
v 0.018368 -0.356084 0.290585
v 0.001675 -0.277769 -0.132581
v 0.015061 0.107800 0.207929
v 0.014479 0.080941 -0.001692
v 0.019820 0.322850 0.308568
v 0.015770 0.165669 0.208656
v 0.017976 -0.408229 0.301633
v 0.040359 -0.469679 -0.244533
v 0.014846 -0.061354 -0.001256
v -0.002188 -0.243167 0.240863
v 0.029137 0.047263 0.189491
v 0.021081 -0.339134 0.137468
v -0.001899 -0.327625 0.255768
v 0.017437 -0.099028 0.185615
v 0.018419 -0.140562 0.015242
v 0.024115 0.145119 -0.287843
v 0.002956 -0.122398 -0.066890
v 0.022942 0.199493 0.144356
v 0.021160 0.153617 -0.267847
v 0.021930 0.260534 0.164985
v 0.004156 -0.068708 -0.113703
v 0.021145 -0.157586 0.200923
v 0.008122 0.224304 0.224816
v 0.002207 0.255728 0.194203
v 0.022620 -0.136820 -0.221746
v 0.027743 0.071749 -0.190652
v 0.021497 -0.416275 0.294268
v 0.028270 0.090369 -0.247286
v 0.000035 0.004110 -0.257515
v 0.020755 -0.215116 -0.280966
v 0.008905 -0.176012 -0.060955
v 0.010168 -0.001735 -0.291597
v 0.010913 0.094428 0.146838
v 0.006559 0.102724 0.165005
v 0.006278 -0.250324 0.189348
v 0.021375 -0.268031 -0.264921
v 0.035055 -0.165270 -0.137592
v 0.016746 -0.092554 -0.087430
v 0.043008 -0.113369 0.201040
v 0.020517 -0.124477 -0.033385
v 0.005847 -0.045208 -0.190423
v 0.010605 0.170348 0.160938
v 0.023130 -0.190797 0.217042
v 0.027121 0.179614 -0.153021
v 0.013207 -0.012983 -0.234053
v 0.031199 0.027011 0.110463
v 0.056154 -0.142650 0.379116
v 0.032740 -0.268887 -0.078956
v 0.026029 -0.125959 0.095329
v 0.018733 -0.222727 0.131631
v 0.031275 -0.009208 -0.060145
v 0.044589 -0.310317 -0.180997
v 0.037410 0.059994 -0.016412
v 0.018292 -0.279103 0.160288
v 0.033531 -0.235279 0.327669
v 0.026371 -0.218868 -0.211735
v 0.027162 0.175799 -0.172706
v 0.025910 0.137674 0.189099
v 0.031340 -0.128646 0.143644
v 0.040726 0.107286 0.138476
v 0.036624 -0.000087 -0.286950
v 0.022090 0.005778 -0.239020
v 0.038654 -0.295621 -0.177332
v 0.028029 -0.264932 -0.228907
v 0.022454 -0.367496 0.003460
v 0.023877 0.003014 -0.193496
v 0.023868 0.182798 0.160123
v 0.037269 0.103988 -0.232198
v 0.054385 0.068742 -0.082856
v 0.055635 -0.052531 -0.125158
v 0.046272 -0.038832 -0.262644
v 0.046000 -0.352717 0.020134
v 0.044066 -0.325044 -0.147275
v 0.038784 -0.014130 0.151561
v 0.061600 -0.173944 -0.207152
v 0.017558 -0.191625 0.318274
v 0.077381 0.304178 0.256778
v 0.031014 -0.154098 -0.084662
v 0.053908 -0.470772 -0.246150
v 0.034793 -0.308111 -0.097821
v 0.041076 -0.360355 -0.002755
v 0.056544 -0.294096 -0.263017
v 0.029009 -0.009183 -0.028577
v 0.054369 -0.356844 0.279451
v 0.037154 -0.294253 0.184092
v 0.047399 -0.112424 -0.065380
v 0.073469 0.052757 -0.015838
v 0.027338 -0.173214 -0.002296
v 0.040020 -0.158976 -0.223289
v 0.030817 -0.268005 0.085547
v 0.032503 -0.178988 -0.210494
v 0.052259 -0.333376 0.101689
v 0.052080 -0.280270 0.165444
v 0.075722 0.065846 -0.089006
v 0.044138 -0.213076 -0.301239
v 0.059739 -0.092959 0.162068
v 0.040308 0.228349 0.196835
v 0.028768 -0.180695 0.095885
v 0.078739 0.334922 0.172328
v 0.064141 -0.233353 -0.309309
v 0.038142 -0.007113 -0.329425
v 0.058632 -0.249257 -0.165619
v 0.047770 -0.019371 -0.290392
v 0.034677 -0.097700 -0.087037
v 0.050127 -0.330224 0.012926
v 0.063727 0.267913 0.244038
v 0.073372 0.309642 0.286599
v 0.054488 -0.263118 -0.217149
v 0.052345 0.007556 -0.349423
v 0.079001 -0.010373 0.031981
v 0.064625 -0.325030 -0.269169
v 0.033848 -0.006611 -0.245821
v 0.048913 0.064584 -0.213714
v 0.057793 0.179538 0.198977
v 0.075271 -0.201290 0.193293
v 0.047055 -0.013275 -0.197949
v 0.053078 0.030511 -0.211167
v 0.073910 -0.234715 0.071544
v 0.089802 -0.203500 -0.361432
v 0.074596 -0.384570 0.284891
v 0.074617 -0.318305 -0.094689
v 0.062627 -0.049128 -0.243532
v 0.054326 0.101210 0.155000
v 0.096912 0.153047 -0.156021
v 0.070462 -0.177284 0.212891
v 0.060647 0.055413 -0.220657
v 0.059690 0.173830 -0.141070
v 0.057465 -0.221109 -0.129529
v 0.049656 -0.367353 -0.058742
v 0.077745 0.134715 -0.274886
v 0.064269 0.236546 0.157859
v 0.077138 -0.471244 0.296170
v 0.084401 -0.122917 0.187116
v 0.061511 -0.186474 0.314699
v 0.070985 0.055371 -0.044388
v 0.084693 0.029992 0.106240
v 0.073006 -0.192053 -0.230985
v 0.093606 -0.275301 -0.205314
v 0.052428 -0.299046 0.087983
v 0.056437 -0.384149 -0.077466
v 0.086472 0.067755 0.056567
v 0.071935 -0.006297 -0.247718
v 0.068586 -0.061441 -0.182524
v 0.094031 -0.074590 -0.083347
v 0.062461 -0.349869 0.126081
v 0.072922 -0.332341 -0.105294
v 0.128756 0.028988 -0.334069
v 0.069361 0.057187 -0.192037
v 0.080347 -0.135217 0.372626
v 0.066537 -0.142323 -0.220813
v 0.113935 0.128211 -0.287321
v 0.088780 -0.343479 0.129309
v 0.080830 0.085409 -0.249271
v 0.116320 0.014019 0.122460
v 0.097356 -0.208659 -0.219129
v 0.074926 -0.229274 -0.282190
v 0.066176 -0.326225 0.024934
v 0.118029 -0.126971 0.011302
v 0.063435 0.159267 0.152681
v 0.059579 0.159307 0.033160
v 0.059927 -0.471625 0.130106
v 0.059786 -0.470736 0.081156
v 0.060720 -0.472039 -0.251376
v 0.081640 -0.001679 -0.284400
v 0.113274 -0.472731 0.269492
v 0.070324 -0.300389 0.035820
v 0.069693 -0.309789 -0.149424
v 0.087982 -0.293825 0.204818
v 0.074146 0.101813 -0.203911
v 0.067941 0.105520 -0.240764
v 0.073016 -0.291516 0.060933
v 0.097071 0.298700 0.210223
v 0.080198 -0.204222 0.324426
v 0.065950 -0.471427 0.002314
v 0.114411 -0.097095 0.198541
v 0.104273 -0.147754 0.098380
v 0.077904 0.121330 0.106027
v 0.080219 -0.469397 0.317117
v 0.079344 0.010754 -0.224708
v 0.092403 -0.447971 0.092438
v 0.103165 -0.325906 -0.197229
v 0.085999 0.145712 0.007381
v 0.078558 -0.277988 -0.237717
v 0.077552 -0.471066 0.102798
v 0.113381 -0.141345 0.319042
v 0.082638 -0.329259 -0.007517
v 0.088643 -0.016421 -0.209622
v 0.082162 -0.223934 0.027450
v 0.077827 0.152454 0.097362
v 0.115864 -0.474831 0.160376
v 0.085857 -0.080848 -0.234055
v 0.087733 0.178694 -0.017373
v 0.079761 0.352957 0.144344
v 0.092812 -0.186645 0.281070
v 0.092614 -0.337829 -0.008928
v 0.085933 -0.361820 0.255255
v 0.102488 -0.270072 0.199423
v 0.078161 -0.054059 -0.109561
v 0.083585 -0.222122 -0.249283
v 0.088622 0.012404 -0.213404
v 0.109051 -0.305448 0.047714
v 0.091838 -0.471220 -0.230795
v 0.091711 0.001386 -0.251915
v 0.095989 -0.405438 -0.242244
v 0.124527 -0.323420 -0.165758
v 0.118219 -0.392440 -0.217111
v 0.090270 -0.385172 0.126768
v 0.118164 -0.289344 0.093250
v 0.140549 -0.438880 0.037979
v 0.115248 0.148279 0.203755
v 0.094439 -0.470220 -0.007816
v 0.095596 -0.281887 -0.247395
v 0.100797 -0.316855 0.088029
v 0.124086 0.131164 0.188952
v 0.119141 0.120983 -0.198952
v 0.088876 0.065930 -0.215753
v 0.103752 -0.137701 -0.223019
v 0.106247 -0.232439 -0.284478
v 0.120195 0.148159 0.018932
v 0.113014 -0.009690 -0.267941
v 0.108418 0.043638 0.023447
v 0.111446 -0.368705 0.247545
v 0.112735 -0.473215 -0.038674
v 0.109531 -0.283554 -0.056885
v 0.093316 -0.175605 0.244611
v 0.096352 0.138035 0.059061
v 0.123837 -0.266037 0.056715
v 0.133214 -0.200455 -0.327652
v 0.093365 0.338333 0.170388
v 0.115213 -0.351848 0.120097
v 0.102989 -0.315885 -0.142815
v 0.160307 0.148691 0.211006
v 0.120495 0.332555 0.235460
v 0.123047 0.141429 -0.223019
v 0.107047 -0.302653 -0.185831
v 0.107960 -0.204409 0.220208
v 0.094835 -0.075072 0.080197
v 0.106251 -0.075318 0.044455
v 0.090017 -0.110103 -0.133167
v 0.152237 -0.473318 -0.239002
v 0.112785 -0.185781 0.287593
v 0.111967 -0.430073 0.121081
v 0.116294 0.102840 0.112879
v 0.142023 -0.115396 0.223070
v 0.099845 -0.414217 0.106368
v 0.110772 -0.080154 0.076163
v 0.114946 -0.421395 0.204538
v 0.098570 -0.037279 0.074940
v 0.111076 -0.099995 -0.080554
v 0.136179 -0.116239 -0.181015
v 0.121300 0.141299 -0.281223
v 0.122611 -0.151557 -0.131610
v 0.116133 -0.219151 -0.247712
v 0.123233 0.169171 -0.032441
v 0.144878 -0.315554 0.019168
v 0.112823 -0.114441 -0.197333
v 0.122374 -0.237320 -0.139366
v 0.137170 -0.349163 -0.206135
v 0.120176 -0.117789 -0.134854
v 0.123396 0.336926 0.201009
v 0.118883 -0.436949 -0.026887
v 0.118657 -0.290411 -0.068632
v 0.143806 -0.170613 -0.235669
v 0.115768 0.062940 0.041260
v 0.152368 0.005559 0.119287
v 0.159308 0.082482 0.188298
v 0.131055 -0.151399 0.229886
v 0.161475 -0.284058 0.101932
v 0.121066 -0.469301 0.182117
v 0.141159 0.038288 -0.240455
v 0.131927 -0.472336 -0.231774
v 0.145482 -0.199261 -0.303497
v 0.137847 -0.211541 -0.329448
v 0.140619 -0.418639 -0.222865
v 0.132663 -0.131944 -0.069438
v 0.114712 -0.379627 0.135535
v 0.143950 -0.241711 -0.117865
v 0.161503 -0.177727 -0.275071
v 0.163956 -0.443876 0.067371
v 0.131822 -0.313254 -0.010315
v 0.155782 -0.111831 -0.213530
v 0.142265 -0.268117 0.076705
v 0.139105 -0.148554 -0.171898
v 0.165437 0.151751 -0.021028
v 0.150956 -0.232476 -0.078831
v 0.133376 0.032582 0.111763
v 0.145175 -0.092759 -0.041963
v 0.178997 0.004149 0.033123
v 0.146377 -0.031399 0.052743
v 0.171330 -0.305322 0.011705
v 0.151010 -0.142870 -0.078111
v 0.158092 0.023432 0.016188
v 0.183902 -0.394847 0.077284
v 0.157924 -0.122976 0.279441
v 0.136532 -0.192332 -0.077953
v 0.140283 -0.467474 0.199433
v 0.147835 -0.212120 -0.148901
v 0.215546 -0.472276 -0.030763
v 0.147713 -0.112692 0.208229
v 0.165006 -0.252687 0.057392
v 0.143390 0.029555 -0.292316
v 0.162240 0.056261 0.029033
v 0.188421 -0.404822 -0.025127
v 0.140295 -0.322109 -0.015880
v 0.159398 -0.473415 -0.046458
v 0.141887 -0.471790 -0.195928
v 0.188792 -0.395207 -0.162696
v 0.192297 0.005294 0.073512
v 0.156429 0.151163 -0.199276
v 0.165798 0.128691 0.173587
v 0.160721 0.137250 -0.227746
v 0.168624 -0.287188 0.125274
v 0.172955 0.062357 0.158276
v 0.150017 -0.176937 -0.137875
v 0.202202 -0.382200 -0.175583
v 0.166178 0.123096 -0.011773
v 0.161508 0.019421 -0.299710
v 0.172042 -0.254418 -0.145698
v 0.154926 -0.470049 -0.201828
v 0.192929 -0.413017 0.082749
v 0.177992 -0.204241 0.049057
v 0.195090 -0.192699 -0.160603
v 0.177284 0.026221 0.073736
v 0.162341 -0.190494 0.119089
v 0.182330 -0.326067 0.088774
v 0.192310 -0.163542 -0.050304
v 0.158191 -0.220487 -0.059764
v 0.184825 -0.325125 -0.025131
v 0.205935 -0.404070 -0.016193
v 0.196988 -0.334442 0.002072
v 0.217504 -0.300248 0.116783
v 0.182184 0.098665 -0.008550
v 0.210464 -0.108917 -0.015681
v 0.202803 -0.251971 -0.151381
v 0.193613 -0.319522 -0.014136
v 0.196184 -0.236357 -0.072350
v 0.190595 -0.169330 0.070713
v 0.185113 -0.179511 0.121605
v 0.184762 -0.126243 0.061931
v 0.231608 0.105140 0.119197
v 0.179145 -0.118889 0.117590
v 0.187743 -0.123276 0.165181
v 0.218218 -0.471137 -0.163136
v 0.204104 -0.191923 -0.141677
v 0.207426 -0.232719 -0.063976
v 0.239337 -0.171779 -0.166375
v 0.195524 -0.159570 -0.062450
v 0.230167 0.102926 0.023898
v 0.228048 -0.148364 -0.171542
v 0.186465 -0.258164 0.034793
v 0.212144 -0.131774 -0.210570
v 0.209220 -0.137736 0.035289
v 0.213584 -0.213863 0.174885
v 0.215742 0.091877 0.177917
v 0.206478 -0.288773 0.100099
v 0.213959 0.126867 0.199917
v 0.215366 -0.231230 -0.112971
v 0.216709 -0.132949 0.201902
v 0.203356 -0.330902 0.065285
v 0.214924 -0.186697 -0.076829
v 0.199621 -0.301059 0.040455
v 0.207720 -0.365475 -0.065118
v 0.229903 -0.472580 -0.058582
v 0.222222 -0.198920 0.208500
v 0.234501 -0.469332 -0.170025
v 0.239649 -0.202438 0.032469
v 0.207110 -0.432694 -0.052720
v 0.205785 -0.366119 -0.123496
v 0.231364 0.110679 -0.022660
v 0.209042 -0.330525 0.074598
v 0.226244 -0.285503 0.059982
v 0.248737 -0.185680 -0.073641
v 0.215679 -0.326147 -0.055223
v 0.216706 -0.330490 0.012362
v 0.261749 -0.150543 -0.184061
v 0.220369 -0.348471 -0.109819
v 0.264113 -0.123218 -0.030146
v 0.221878 -0.409026 -0.032467
v 0.249971 -0.176652 0.222389
v 0.263281 0.089122 0.014373
v 0.243181 -0.256612 0.031625
v 0.267357 0.094404 0.098023
v 0.252285 -0.293451 0.050898
v 0.231750 -0.202233 -0.140488
v 0.247103 0.114721 0.180878
v 0.241476 -0.174952 -0.106910
v 0.236234 -0.215057 -0.095583
v 0.255589 -0.471103 -0.122696
v 0.255207 -0.471592 -0.068311
v 0.240079 -0.470162 -0.118791
v 0.275842 -0.138014 -0.030862
v 0.274278 -0.195499 0.006047
v 0.282087 -0.210703 0.213777
v 0.298381 -0.160336 -0.109965
v 0.300564 0.126194 0.123205
v 0.316132 -0.235842 0.172942
v 0.278005 0.104946 -0.009471
v 0.312804 -0.242832 0.051055
v 0.287078 -0.268226 0.079237
v 0.328685 -0.242182 0.031941
v 0.292744 0.104530 0.044709
v 0.310099 -0.228097 0.174686
v 0.292046 -0.151368 -0.064018
v 0.337051 -0.253224 0.094584
vn 0.5899 0.0092 0.8074
vn -0.1366 0.2353 -0.9623
vn -0.6248 0.4990 0.6005
vn -0.4511 0.2071 -0.8681
vn -0.9523 0.1458 -0.2679
vn 0.0965 -0.6604 -0.7447
vn -0.5599 -0.5534 0.6166
vn -0.9728 0.2309 0.0193
vn -0.4323 -0.7902 -0.4344
vn 0.4963 -0.8583 0.1304
vn -0.9506 0.2227 0.2161
vn 0.9690 0.1401 -0.2036
vn -0.3379 -0.8626 -0.3764
vn 0.6997 -0.6282 -0.3403
vn 0.9612 -0.1968 -0.1933
vn 0.9102 -0.3033 -0.2822
vn -0.8739 0.3965 -0.2811
vn -0.5793 -0.7457 -0.3292
vn -0.5075 0.2763 -0.8162
vn -0.8214 -0.1513 -0.5499
vn -0.2642 -0.9588 0.1043
vn 0.6543 -0.5852 0.4789
vn 0.4928 0.0308 0.8696
vn 0.6212 -0.5940 0.5112
vn 0.9075 -0.2169 0.3598
vn 0.1772 0.9543 -0.2407
vn 0.4819 -0.4476 -0.7533
vn -0.9383 -0.2387 -0.2501
vn -0.9205 0.0751 -0.3835
vn -0.2066 0.3402 -0.9174
vn -0.9430 -0.1693 0.2867
vn -0.9321 -0.2590 0.2533
vn -0.9916 0.0128 -0.1287
vn -0.5473 -0.6594 -0.5154
vn -0.2919 -0.7262 0.6225
vn 0.3531 0.8851 0.3032
vn -0.5714 -0.1030 0.8142
vn -0.8427 -0.0893 -0.5310
vn 0.9338 -0.1539 -0.3229
vn 0.8886 0.2902 -0.3552
vn 0.8965 0.3421 -0.2816
vn 0.4668 0.0563 -0.8826
vn -0.0054 -0.2965 0.9550
vn -0.8550 -0.3247 0.4044
vn -0.0295 -0.9082 0.4174
vn 0.0767 -0.2829 0.9561
vn -0.4742 0.5081 -0.7190
vn 0.0183 -0.3631 -0.9316
vn 0.6395 0.4932 -0.5897
vn 0.3358 0.1963 -0.9213
vn 0.8984 0.3451 -0.2715
vn 0.6361 0.2617 0.7258
vn 0.5468 -0.4515 0.7051
vn -0.0198 -0.9841 -0.1766
vn -0.2935 -0.2966 -0.9088
vn -0.9234 0.0386 -0.3820
vn -0.5143 -0.6499 0.5595
vn -0.7570 0.6407 0.1282
vn -0.4349 0.4481 -0.7810
vn 0.6867 -0.5605 0.4629
vn -0.8498 0.3946 0.3494
vn -0.0348 -0.3709 0.9280
vn -0.7985 -0.3162 0.5124
vn -0.5834 0.6687 -0.4611
vn -0.9997 -0.0244 0.0036
vn 0.8173 0.5554 0.1536
vn 0.5824 0.7997 -0.1460
vn 0.1230 0.8323 0.5405
vn 0.5261 0.8483 0.0601
vn -0.3374 -0.8377 -0.4295
vn -0.5954 -0.7684 0.2349
vn -0.8173 0.3870 0.4269
vn -0.0112 -0.8327 0.5537
vn 0.1537 -0.6568 0.7382
vn 0.0193 0.0782 0.9967
vn -0.6515 0.1433 -0.7450
vn -0.8380 -0.5271 0.1410
vn -0.3595 0.2809 0.8899
vn -0.7560 0.6479 0.0930
vn -0.3394 -0.0540 0.9391
vn -0.3163 -0.9487 0.0023
vn -0.9315 0.1212 0.3429
vn -0.9454 0.3249 -0.0258
vn -0.9636 -0.0716 -0.2575
vn -0.7922 -0.5932 0.1436
vn -0.1045 0.9945 -0.0060
vn -0.7796 0.6003 -0.1784
vn -0.4663 -0.7986 0.3804
vn -0.7390 0.5195 -0.4289
vn 0.1293 -0.5913 -0.7960
vn 0.5259 -0.7810 -0.3368
vn -0.3992 -0.1393 0.9062
vn -0.9131 0.4065 -0.0323
vn -0.7104 0.6777 0.1898
vn -0.4336 0.0814 -0.8974
vn 0.5277 -0.4581 -0.7154
vn 0.7214 -0.6199 0.3088
vn -0.7078 0.5187 -0.4796
vn 0.0139 -0.9926 0.1207
vn 0.5634 -0.8225 0.0782
vn -0.8288 -0.4342 -0.3528
vn -0.3760 -0.4040 -0.8339
vn 0.2335 -0.5909 -0.7722
vn -0.1259 -0.8344 0.5366
vn -0.6646 0.5084 -0.5476
vn 0.8543 -0.4832 0.1916
vn 0.7233 -0.5408 0.4295
vn 0.9734 -0.2091 -0.0932
vn 0.6915 -0.6976 0.1877
vn 0.6940 -0.6523 0.3048
vn 0.8024 -0.4312 0.4126
vn -0.6341 -0.7597 0.1444
vn -0.1584 -0.7850 -0.5989
vn -0.5334 -0.8343 -0.1393
vn -0.1407 -0.9794 -0.1451
vn -0.6404 -0.7524 -0.1543
vn -0.5553 -0.6417 0.5290
vn 0.0448 -0.7190 -0.6936
vn 0.5841 -0.2778 -0.7627
vn -0.8773 -0.4767 -0.0552
vn -0.1049 -0.7452 -0.6586
vn -0.6849 -0.7071 -0.1758
vn -0.5064 -0.7529 -0.4203
vn -0.5752 -0.8047 -0.1470
vn -0.7594 0.0291 -0.6500
vn -0.9967 -0.0446 0.0683
vn -0.1375 -0.1322 0.9816
vn -0.2264 -0.5554 0.8002
vn -0.4090 0.1477 0.9005
vn -0.3524 -0.8815 0.3142
vn -0.6017 -0.1182 0.7899
vn -0.9851 -0.1578 0.0681
vn -0.7057 -0.6772 0.2083
vn -0.5002 0.6926 0.5197
vn 0.2585 0.7311 0.6314
vn 0.8196 0.0141 0.5728
vn -0.7456 0.6657 -0.0290
vn -0.9245 -0.0140 0.3810
vn -0.9083 -0.0159 -0.4181
vn 0.3987 0.7212 -0.5665
vn 0.4971 -0.8425 0.2075
vn 0.6028 -0.7969 -0.0409
vn -0.0315 -0.8173 -0.5753
vn -0.2082 -0.9773 0.0382
vn -0.1369 -0.7069 0.6939
vn 0.2433 -0.9210 -0.3041
vn -0.1546 -0.4610 -0.8738
vn 0.5614 -0.7731 -0.2952
vn 0.7418 -0.6676 0.0629
vn 0.4606 -0.7288 0.5066
vn 0.6429 -0.5000 0.5802
vn 0.3819 -0.5994 -0.7035
vn 0.1915 -0.9378 0.2895
vn 0.6796 -0.6177 -0.3957
vn -0.1829 -0.6958 -0.6946
vn 0.3867 -0.6899 -0.6119
vn -0.3451 -0.7738 0.5311
vn 0.1386 0.2331 -0.9625
vn 0.4651 -0.1617 -0.8703
vn -0.1586 -0.0676 -0.9850
vn -0.4788 0.4148 -0.7738
vn -0.5970 0.1012 -0.7958
vn -0.4178 0.6998 -0.5793
vn -0.6204 -0.7485 -0.2341
vn -0.6241 0.2825 0.7285
vn -0.6899 -0.1223 0.7135
vn 0.2209 0.8402 0.4952
vn -0.5666 -0.6315 -0.5293
vn -0.0877 -0.9130 0.3984
vn -0.3372 -0.3393 -0.8782
vn -0.9135 -0.2421 0.3268
vn -0.2929 -0.0871 0.9522
vn 0.7006 0.4533 0.5511
vn 0.5776 0.7718 0.2658
vn 0.2763 0.3406 0.8987
vn 0.8256 0.0873 0.5575
vn 0.8865 0.3233 -0.3310
vn -0.8946 -0.2158 0.3913
vn -0.3347 0.4073 0.8497
vn 0.8732 0.1058 0.4757
vn -0.8671 0.0166 0.4979
vn -0.9387 -0.1224 0.3224
vn -0.4047 -0.8442 -0.3514
vn -0.9821 0.1170 -0.1478
vn 0.3506 -0.2470 0.9034
vn 0.0414 -0.9985 -0.0371
vn -0.5934 0.0779 0.8011
vn -0.5942 0.0364 0.8035
vn -0.8180 0.5575 0.1413
vn -0.6955 -0.3154 -0.6456
vn -0.9588 0.0348 -0.2819
vn -0.8553 0.3589 -0.3737
vn -0.4946 0.8676 0.0519
vn -0.4690 0.6592 0.5877
vn -0.8086 0.1898 0.5568
vn -0.8613 -0.1672 -0.4797
vn -0.5288 0.5763 -0.6232
vn -0.2293 0.3771 -0.8973
vn 0.3170 0.7280 -0.6079
vn 0.3558 -0.6757 0.6457
vn -0.6452 -0.3178 0.6948
vn -0.0774 -0.8421 0.5337
vn 0.4753 -0.8309 0.2894
vn -0.3786 -0.8748 0.3024
vn -0.5410 -0.6631 0.5174
vn -0.0551 -0.7476 0.6619
vn 0.4092 0.9094 -0.0747
vn -0.5680 0.7907 0.2282
vn -0.7488 0.4914 0.4448
vn -0.8688 0.0229 0.4946
vn -0.7341 -0.1575 0.6605
vn -0.9577 -0.2758 -0.0817
vn 0.2287 0.4090 0.8834
vn -0.7954 -0.5092 -0.3286
vn 0.4376 0.7519 -0.4931
vn -0.7201 0.2429 -0.6500
vn -0.5939 -0.4058 -0.6947
vn 0.0479 -0.3501 -0.9355
vn -0.2348 0.8437 -0.4828
vn -0.7546 0.0916 -0.6497
vn 0.5404 0.8217 -0.1813
vn -0.3685 0.8675 -0.3340
vn -0.2879 -0.3513 -0.8909
vn -0.0126 0.3980 -0.9173
vn 0.4069 -0.2796 -0.8696
vn 0.2039 -0.5133 -0.8336
vn -0.7518 -0.3653 -0.5490
vn -0.4279 -0.2898 -0.8561
vn -0.4339 -0.2619 -0.8621
vn -0.5635 0.1784 -0.8066
vn -0.3106 0.0750 0.9476
vn 0.1666 0.1914 0.9673
vn -0.6542 0.7475 0.1146
vn -0.5360 0.7577 -0.3722
vn -0.6510 0.3533 0.6718
vn -0.9705 0.0788 0.2278
vn -0.6066 0.2970 0.7375
vn -0.9658 0.2189 -0.1389
vn -0.5848 -0.7991 0.1395
vn -0.4710 0.8077 -0.3545
vn -0.7681 0.5010 0.3989
vn -0.0382 0.9028 -0.4284
vn 0.5409 -0.4982 0.6776
vn 0.3161 -0.0589 -0.9469
vn -0.8724 0.3579 -0.3329
vn 0.4227 0.1123 -0.8993
vn -0.2561 -0.3314 -0.9081
vn -0.7748 0.6080 0.1733
vn -0.1454 0.5130 -0.8460
vn -0.3549 0.2574 -0.8988
vn -0.6087 -0.5220 -0.5975
vn -0.8218 -0.5636 0.0839
vn -0.1414 -0.8271 -0.5439
vn 0.6005 -0.1694 -0.7815
vn 0.3155 -0.2037 -0.9268
vn 0.5938 0.1979 0.7799
vn 0.9701 -0.2098 0.1219
vn 0.3941 -0.4553 0.7984
vn 0.4074 0.2571 0.8763
vn -0.2898 0.9223 0.2556
vn 0.8806 0.3213 0.3484
vn 0.7844 0.0865 0.6142
vn 0.9803 0.1908 -0.0515
vn 0.0132 0.4910 -0.8711
vn -0.3253 0.8856 -0.3315
vn 0.8301 0.4169 -0.3703
vn -0.3950 0.8936 0.2132
vn 0.6421 0.7454 -0.1792
vn 0.7925 0.0220 0.6095
vn 0.9468 0.2326 -0.2222
vn 0.8319 -0.1306 0.5393
vn -0.4310 -0.2272 0.8733
vn 0.3898 0.9190 0.0591
vn 0.9557 0.2002 -0.2158
vn 0.7169 -0.3468 -0.6048
vn 0.8957 -0.1622 -0.4141
vn 0.4234 0.8121 0.4015
vn 0.3062 0.7119 -0.6320
vn 0.1972 -0.1669 -0.9661
vn 0.6580 0.3547 0.6642
vn 0.9159 0.1430 -0.3750
vn 0.7506 0.0647 0.6576
vn 0.9767 -0.1920 -0.0964
vn 0.4880 -0.5728 -0.6586
vn 0.1961 0.5034 -0.8415
vn 0.2803 0.9593 0.0329
vn 0.3990 0.8425 0.3620
vn 0.5439 0.2593 -0.7980
vn 0.9543 0.2695 0.1291
vn -0.7579 0.3386 0.5577
vn 0.7136 -0.0613 0.6979
vn 0.9837 0.1445 0.1070
vn -0.4558 -0.5218 -0.7211
vn -0.6249 -0.4795 -0.6161
vn -0.1683 0.8412 0.5139
vn -0.5816 0.4198 0.6968
vn -0.9110 0.0649 -0.4072
vn -0.7928 0.4436 0.4181
vn -0.8898 0.4133 -0.1933
vn 0.3911 0.9097 -0.1398
vn -0.2698 -0.4837 -0.8326
vn 0.1031 -0.9764 -0.1899
vn -0.2947 -0.0550 -0.9540
vn -0.8483 0.4710 -0.2419
vn -0.5209 0.7332 -0.4370
vn 0.1805 0.7728 -0.6084
vn 0.8893 -0.3981 -0.2252
vn 0.2148 0.1010 0.9714
vn -0.6432 -0.1260 -0.7552
vn 0.5680 0.8223 -0.0351
vn 0.8409 -0.0171 -0.5409
vn -0.7840 0.5044 -0.3618
vn -0.4918 -0.0401 -0.8698
vn -0.8104 -0.4572 -0.3664
vn 0.3807 0.8165 -0.4340
vn -0.2660 0.9154 0.3022
vn 0.7344 0.2517 -0.6303
vn -0.2981 0.1019 0.9491
vn -0.9329 -0.2672 0.2412
vn 0.4450 0.0421 -0.8945
vn -0.2002 -0.6955 -0.6901
vn 0.6477 -0.5141 -0.5623
vn 0.5924 0.1859 -0.7839
vn -0.1718 -0.6682 0.7239
vn -0.6486 -0.2040 0.7333
vn -0.5196 -0.6841 0.5119
vn -0.3377 -0.8891 0.3089
vn -0.2605 -0.8982 0.3541
vn 0.6217 -0.7489 -0.2294
vn 0.4236 0.3317 0.8429
vn 0.9517 -0.2518 0.1758
vn 0.8127 -0.5395 -0.2200
vn 0.9734 0.0231 -0.2277
vn 0.6860 0.0535 -0.7257
vn 0.9207 0.3072 0.2406
vn 0.7226 -0.4645 -0.5119
vn -0.6614 0.1378 -0.7373
vn 0.5407 0.2078 0.8151
vn 0.1272 0.3365 0.9331
vn 0.7987 -0.2857 0.5295
vn 0.8120 0.2548 0.5251
vn 0.7242 -0.3829 -0.5735
vn 0.0607 0.6709 -0.7391
vn -0.4900 0.8675 0.0859
vn 0.1410 0.9861 -0.0879
vn -0.5506 0.8348 -0.0009
vn 0.0452 0.8115 0.5825
vn -0.4330 0.6388 0.6359
vn -0.5854 -0.3948 -0.7082
vn -0.8291 -0.5530 0.0822
vn -0.7394 0.4158 -0.5295
vn -0.8477 0.2695 -0.4568
vn -0.9769 0.0658 0.2033
vn 0.1443 -0.9781 0.1500
vn 0.5664 -0.8019 -0.1902
vn -0.5067 -0.5206 0.6872
vn 0.3904 -0.8494 -0.3552
vn 0.0093 -0.7399 -0.6726
vn 0.0554 -0.6364 0.7693
vn 0.5058 0.0983 -0.8570
vn -0.2592 0.0411 -0.9649
vn -0.5369 0.0376 0.8428
vn -0.8309 -0.3863 0.4005
vn -0.3842 0.7243 -0.5725
vn -0.7999 0.5836 0.1401
vn -0.2171 0.6966 -0.6838
vn -0.6563 -0.1093 -0.7465
vn 0.1869 0.1207 -0.9749
vn -0.7688 0.4962 -0.4035
vn -0.8810 -0.4269 -0.2038
vn -0.6704 0.3599 0.6489
vn 0.8930 -0.3876 0.2287
vn 0.6852 0.0374 0.7274
vn 0.1593 -0.3957 0.9044
vn 0.0997 -0.8222 0.5604
vn 0.6352 -0.4667 0.6154
vn 0.3905 -0.8857 0.2510
vn 0.1948 -0.7681 0.6100
vn 0.6303 -0.5101 0.5852
vn 0.4245 -0.3967 0.8139
vn 0.4394 -0.7343 0.5174
vn 0.9977 -0.0425 0.0536
vn 0.7667 -0.2637 0.5854
vn 0.4409 -0.5557 -0.7048
vn 0.1548 0.3803 0.9118
vn 0.5477 0.7390 0.3924
vn 0.6636 0.7124 -0.2284
vn 0.8863 0.1772 -0.4279
vn -0.8193 0.5734 -0.0048
vn 0.0228 0.8883 -0.4587
vn 0.5759 0.2361 0.7827
vn -0.4808 0.3795 0.7904
vn 0.9815 0.1501 -0.1190
vn -0.7859 -0.0433 -0.6169
vn -0.2991 -0.5256 0.7964
vn 0.3571 -0.0761 0.9309
vn 0.6301 -0.5456 0.5526
vn -0.1154 -0.3826 0.9167
vn 0.9203 0.1945 0.3394
vn -0.0580 -0.9899 0.1291
vn -0.1033 -0.7079 0.6987
vn -0.3462 -0.8038 -0.4838
vn 0.8125 0.1196 -0.5705
vn 0.8032 0.4735 -0.3615
vn 0.3262 -0.8810 -0.3428
vn 0.9872 0.1592 0.0045
vn 0.9878 -0.1549 0.0143
vn 0.8789 -0.3379 -0.3368
vn 0.3435 -0.8928 -0.2914
vn -0.8022 -0.0428 -0.5955
vn -0.4853 0.4447 0.7528
vn 0.5463 0.6687 0.5043
vn 0.7578 0.3751 -0.5340
vn 0.4341 0.8991 -0.0565
vn 0.7178 -0.6047 -0.3452
vn 0.4897 -0.6600 0.5697
vn -0.8522 0.1629 0.4972
vn -0.9709 0.0801 -0.2256
vn -0.1079 -0.1620 -0.9809
vn -0.9775 -0.1516 0.1465
vn -0.8193 -0.5688 -0.0722
vn -0.9292 0.1368 0.3432
vn -0.7643 -0.5768 0.2884
vn -0.7391 0.2705 -0.6169
vn -0.8808 -0.4074 0.2413
vn 0.2374 0.9299 -0.2810
vn -0.5590 0.2571 -0.7883
vn 0.6757 0.5843 0.4494
vn 0.6474 -0.5235 -0.5539
vn -0.9128 0.4083 -0.0054
vn 0.5626 0.1193 0.8181
vn -0.3672 -0.9239 -0.1076
vn -0.6041 -0.6594 -0.4475
vn -0.4074 -0.9126 0.0335
vn -0.7866 0.5192 -0.3342
vn -0.6833 -0.4184 0.5983
vn -0.5963 -0.5306 0.6025
vn -0.0894 -0.6989 -0.7096
vn -0.8331 0.3532 -0.4258
vn 0.5716 -0.7783 -0.2598
vn 0.8124 -0.2454 -0.5290
vn 0.6781 -0.7348 -0.0147
vn 0.5279 -0.8263 0.1964
vn 0.6977 -0.7164 -0.0011
vn 0.5070 -0.8127 0.2870
vn 0.6636 -0.7084 -0.2404
vn 0.7873 -0.5179 -0.3346
vn 0.8020 -0.5653 -0.1931
vn 0.7358 -0.3775 -0.5622
vn 0.8507 -0.5162 -0.0995
vn -0.9890 0.1168 -0.0912
vn -0.4547 0.5343 0.7126
vn -0.8725 0.2057 0.4432
vn -0.2632 -0.1451 0.9538
vn -0.6760 0.4248 0.6021
vn -0.3573 0.4098 0.8393
vn -0.1478 -0.1466 0.9781
vn -0.7291 0.3366 0.5959
vn -0.3953 -0.8416 0.3681
vn -0.6309 -0.4482 0.6333
vn 0.9689 0.0358 -0.2448
vn 0.7689 0.0022 -0.6394
vn 0.7132 0.4479 0.5392
vn -0.6401 -0.2571 0.7240
vn -0.0076 -0.9078 -0.4194
vn -0.1879 0.5585 0.8080
vn -0.2556 -0.0861 0.9629
vn 0.4539 0.1489 0.8785
vn 0.0928 -0.4395 -0.8934
vn -0.7794 -0.2534 0.5730
vn 0.3449 -0.8960 0.2796
vn 0.8706 -0.0385 -0.4905
vn -0.2064 -0.0636 -0.9764
vn 0.3031 0.4834 -0.8213
vn 0.4767 -0.0766 0.8757
vn 0.8328 -0.3083 0.4598
vn 0.0532 -0.5559 0.8296
vn -0.4702 -0.8790 -0.0795
vn -0.8716 -0.2476 0.4231
vn -0.8156 0.4485 0.3656
vn -0.8465 0.5280 0.0686
vn -0.2880 0.8169 -0.4997
vn 0.0106 -0.9999 -0.0115
vn -0.7867 -0.5385 0.3019
vn -0.4959 -0.5311 -0.6871
vn 0.1723 -0.4351 -0.8838
vn 0.8429 -0.4880 -0.2269
vn 0.2826 -0.7670 0.5760
vn -0.9861 0.1468 -0.0778
vn -0.7838 -0.5668 -0.2540
vn -0.5918 -0.3781 0.7119
vn 0.4410 -0.4542 -0.7741
vn -0.6711 -0.2811 -0.6860
vn 0.2913 0.9076 0.3023
vn -0.9577 0.2472 -0.1472
vn 0.1003 0.9936 0.0510
vn 0.9629 -0.0646 -0.2621
vn 0.1132 -0.3428 0.9326
vn -0.8437 0.2308 -0.4847
vn 0.0653 -0.1181 0.9908
vn 0.3902 -0.1335 -0.9110
vn 0.2355 -0.7846 -0.5735
vn -0.8127 -0.3958 0.4277
vn -0.6972 -0.5864 -0.4123
vn -0.8653 0.3535 -0.3553
vn -0.7473 0.3943 -0.5349
vn -0.9454 0.0217 0.3253
vn -0.8592 -0.4993 0.1120
vn -0.3737 -0.3287 0.8674
vn -0.6759 -0.2305 0.7000
vn 0.0158 0.8779 0.4785
vn -0.9329 -0.2566 -0.2528
vn -0.1973 -0.0506 -0.9790
vn -0.9946 -0.0994 0.0305
vn -0.6840 0.0319 -0.7288
vn -0.6213 0.0010 -0.7835
vn -0.7272 -0.0514 0.6845
vn -0.8364 -0.1719 0.5205
vn -0.8548 0.0645 0.5150
vn -0.9737 -0.2017 0.1057
vn -0.8370 0.1444 0.5278
vn -1.0000 -0.0052 0.0076
vn -0.9566 0.2588 0.1342
vn 0.4150 0.1169 -0.9023
vn -0.7854 -0.0066 -0.6190
vn 0.7981 -0.1690 -0.5784
vn 0.9846 0.0249 -0.1732
vn 0.2921 0.1013 -0.9510
vn 0.9905 0.1189 0.0689
vn -0.5121 0.4313 -0.7428
vn 0.5324 0.2937 -0.7939
vn 0.4260 0.7505 -0.5053
vn -0.4454 -0.7466 0.4942
vn 0.3789 -0.8668 0.3243
vn 0.7169 -0.3080 -0.6254
vn 0.7441 -0.6655 0.0595
vn -0.4719 -0.8740 0.1163
vn -0.1140 -0.2936 -0.9491
vn -0.5752 -0.2749 -0.7705
vn 0.3375 -0.2373 0.9109
vn 0.3514 -0.2711 0.8961
vn 0.6965 0.4791 0.5341
vn -0.4358 0.7674 0.4704
vn -0.6902 0.2630 -0.6741
vn 0.6976 0.6020 -0.3884
vn 0.5739 0.5004 -0.6482
vn 0.7307 -0.0336 -0.6819
vn -0.3414 0.5425 -0.7676
vn -0.8629 0.4977 0.0878
vn -0.7177 -0.6382 0.2785
vn -0.9479 -0.0733 -0.3100
vn -0.2258 -0.1462 -0.9631
vn -0.6028 0.1715 0.7792
vn 0.3099 0.1318 0.9416
vn 0.3857 0.9134 0.1300
vn 0.8270 -0.0663 0.5583
vn -0.7266 -0.2054 0.6556
vn -0.2006 -0.3160 0.9273
vn -0.4879 0.2774 0.8276
vn -0.7253 -0.2307 0.6486
vn 0.8277 0.0861 0.5545
vn 0.6802 0.6213 -0.3890
vn 0.0572 0.7819 0.6208
vn -0.1209 0.9149 -0.3851
vn -0.7774 0.2971 -0.5544
vn 0.2493 0.6737 0.6957
vn -0.6662 0.6007 -0.4420
vn 0.4979 0.8055 0.3212
vn -0.8634 0.4474 0.2333
vn -0.8820 -0.4215 -0.2105
vn -0.9127 -0.4027 0.0696
vn 0.6453 -0.7516 0.1364
vn -0.2707 -0.4728 -0.8385
vn 0.9774 0.1021 -0.1852
vn 0.9305 -0.0307 0.3651
vn 0.9258 -0.3408 0.1636
vn -0.7257 -0.3863 0.5694
vn 0.4002 -0.4211 0.8140
vn -0.8038 -0.0003 -0.5950
vn 0.3790 -0.3435 0.8593
vn 0.0508 0.2853 0.9571
vn -0.3614 -0.7588 0.5419
vn 0.8487 0.0742 0.5236
vn 0.9192 0.1373 0.3690
vn -0.7104 0.3985 0.5802
vn 0.2040 0.2621 -0.9432
vn 0.6634 0.3192 -0.6768
vn 0.8491 0.3435 -0.4012
vn 0.9428 0.2313 -0.2399
vn -0.0799 0.9892 0.1228
vn 0.7118 -0.6419 -0.2852
vn 0.3500 -0.8145 0.4628
vn -0.3206 -0.8311 0.4544
vn -0.6776 -0.0505 0.7337
vn -0.0697 0.3365 0.9391
vn -0.0715 0.8039 0.5904
vn 0.3566 -0.0873 0.9302
vn 0.5668 0.7315 0.3789
vn 0.7504 -0.5345 0.3889
vn 0.9749 0.0826 -0.2067
vn -0.3397 0.8671 -0.3643
vn 0.7313 0.6213 -0.2813
vn 0.6874 0.0534 0.7243
vn 0.6913 0.0679 0.7194
vn 0.9866 0.0469 0.1560
vn 0.9040 -0.3161 0.2879
vn 0.9283 0.1570 -0.3371
vn 0.8959 0.4241 0.1318
vn 0.8366 0.4769 -0.2698
vn 0.1431 0.9296 -0.3398
vn -0.1235 0.8535 0.5063
vn 0.3292 0.8898 0.3161
vn -0.2450 0.3927 -0.8864
vn -0.5534 0.2946 0.7790
vn -0.6216 0.2677 -0.7362
vn -0.9889 -0.0322 -0.1454
vn -0.3763 0.1342 -0.9167
vn -0.3838 0.9117 -0.1467
vn 0.2569 0.5434 0.7992
vn 0.6065 0.1747 0.7757
vn 0.4070 0.7415 0.5334
vn -0.9437 0.2834 0.1708
vn -0.5041 0.8628 -0.0367
vn -0.6348 0.7046 -0.3171
vn -0.8391 -0.2150 -0.4997
vn -0.8804 -0.4689 0.0700
vn -0.6456 0.7633 -0.0241
vn 0.6002 0.7992 0.0323
vn 0.7011 0.4622 0.5429
vn 0.8451 0.4444 -0.2970
vn -0.0132 0.9664 0.2568
vn -0.5490 0.0911 0.8308
vn 0.1978 0.0282 0.9798
vn -0.3699 -0.6726 0.6409
vn -0.1283 -0.3882 0.9126
vn 0.6844 0.3313 0.6495
vn 0.6201 -0.2927 0.7279
vn 0.2524 0.6295 0.7349
vn 0.7539 0.5966 0.2752
vn -0.4938 -0.0719 -0.8666
vn 0.7101 0.4904 -0.5052
vn -0.9743 0.0224 0.2240
vn -0.8106 0.4334 -0.3939
vn -0.0580 -0.1335 0.9893
vn -0.8682 -0.0780 0.4901
vn -0.0604 -0.1727 0.9831
vn 0.8708 -0.1040 0.4805
vn 0.9385 -0.1676 0.3018
vn 0.8989 0.1354 0.4168
vn 0.6432 0.0991 -0.7593
vn 0.7116 -0.1673 0.6823
vn 0.7095 0.2362 0.6639
vn 0.5782 0.6169 0.5339
vn -0.2083 0.9569 0.2025
vn -0.3901 0.2769 -0.8781
vn -0.7177 0.6653 0.2056
vn -0.5205 0.3535 -0.7773
vn -0.7447 -0.0531 0.6653
vn 0.9727 -0.0631 0.2235
vn -0.4196 0.4707 -0.7761
vn -0.4003 0.7020 -0.5890
vn 0.2460 0.9685 0.0385
vn 0.0925 0.5036 0.8590
vn -0.1930 0.9149 0.3545
vn -0.3606 0.0756 0.9296
vn -0.1539 0.4233 -0.8928
vn 0.4619 -0.2506 0.8508
vn -0.0790 -0.1195 0.9897
vn -0.3802 -0.0488 0.9236
vn -0.5934 0.2400 -0.7683
vn -0.6657 -0.6242 -0.4089
vn -0.8626 -0.3910 0.3210
vn -0.9850 0.1596 -0.0652
vn -0.3471 -0.7407 -0.5752
vn -0.8861 -0.2819 -0.3679
vn -0.6351 0.0836 0.7679
vn -0.8069 0.4641 0.3653
vn 0.3326 0.2807 0.9003
vn 0.0130 0.7767 0.6297
vn -0.2819 0.2016 -0.9380
vn 0.3349 -0.0551 -0.9407
vn -0.6166 0.2105 -0.7586
vn 0.4800 -0.8427 -0.2439
vn 0.6544 -0.5203 -0.5486
vn 0.5754 0.6955 -0.4302
vn 0.5850 0.8028 -0.1157
vn 0.7174 0.6779 0.1605
vn 0.1581 0.5117 -0.8445
vn -0.2356 0.9615 -0.1414
vn -0.6880 -0.3127 -0.6549
vn -0.8554 0.3984 -0.3310
vn 0.2416 0.2245 -0.9440
vn 0.3848 0.6428 -0.6624
vn -0.3340 0.7804 -0.5286
vn -0.2735 0.9169 -0.2908
vn -0.8629 0.4990 0.0801
vn -0.0355 0.4699 -0.8820
vn -0.0794 -0.9964 0.0296
vn -0.2996 0.8328 -0.4655
vn 0.0620 0.7802 -0.6224
vn 0.6342 0.1881 -0.7499
vn -0.2112 0.0778 -0.9743
vn -0.8926 0.3249 -0.3127
vn 0.6600 0.7461 0.0879
vn 0.9676 -0.0640 -0.2441
vn 0.9621 0.1706 0.2130
vn -0.1669 0.8762 -0.4521
vn 0.8376 0.5437 0.0524
vn -0.9740 0.2127 0.0785
vn -0.5236 0.4945 0.6938
vn 0.3179 0.7316 0.6031
vn 0.8647 -0.1479 0.4800
vn -0.0885 -0.3595 -0.9290
vn -0.4221 0.9029 0.0811
vn -0.1297 0.3856 0.9135
vn -0.3746 0.7120 0.5940
vn -0.8389 0.5249 0.1441
vn 0.9489 -0.0703 0.3077
vn -0.1143 0.8924 -0.4366
vn -0.8823 0.0223 -0.4701
vn -0.9953 0.0502 -0.0824
vn -0.1402 -0.7868 -0.6011
vn -0.1375 0.9669 -0.2150
vn 0.2720 0.8590 0.4338
vn -0.5516 0.0165 -0.8339
vn -0.0300 0.1112 -0.9933
vn 0.4722 0.3801 -0.7953
vn -0.2591 0.9425 0.2110
vn -0.4444 0.8952 0.0318
vn 0.3497 0.8289 0.4367
vn 0.2285 0.3524 -0.9075
vn -0.2004 0.7355 0.6472
vn -0.0835 0.1278 0.9883
vn 0.7499 0.4206 0.5106
vn 0.8328 0.5476 -0.0818
vn -0.6623 0.5864 -0.4664
vn -0.8855 0.3557 0.2991
vn -0.9107 -0.1912 0.3662
vn -0.5801 -0.5047 -0.6393
vn 0.8152 0.5710 -0.0971
vn 0.4591 0.3831 -0.8016
vn -0.9680 0.1453 -0.2045
vn -0.0993 0.9290 -0.3566
vn -0.6732 -0.0054 -0.7395
vn 0.0102 0.9494 0.3138
vn -0.3456 0.8249 0.4472
vn 0.4145 0.8374 0.3563
vn -0.8997 0.4240 0.1033
vn 0.2056 0.8793 -0.4296
vn 0.7490 0.6488 -0.1345
vn 0.6858 0.6777 0.2653
vn 0.7635 0.3789 -0.5230
vn 0.1269 0.6742 0.7276
vn -0.9133 0.3891 0.1205
vn -0.4609 0.4503 -0.7647
vn 0.3077 0.9344 -0.1795
vn 0.9006 0.4046 -0.1588
vn -0.1986 -0.2758 -0.9405
vn -0.6674 0.6868 0.2879
vn 0.7585 0.3806 -0.5290
vn 0.6535 0.1916 0.7323
vn 0.7757 0.0631 -0.6279
vn -0.8452 -0.3545 -0.4000
vn -0.2334 -0.5591 -0.7956
vn -0.6118 -0.6942 -0.3791
vn 0.5663 -0.5708 -0.5946
vn -0.7747 0.4809 -0.4106
vn 0.2107 0.6603 -0.7208
vn 0.7654 0.3577 -0.5350
vn -0.0916 0.9437 0.3179
vn -0.4241 0.6811 -0.5968
vn 0.7580 0.5188 0.3954
vn 0.5972 0.8009 0.0447
vn 0.4987 0.7828 -0.3722
vn -0.7267 0.6493 0.2243
vn 0.5775 0.7325 -0.3604
vn 0.5709 0.5079 0.6450
vn -0.3835 0.9223 -0.0475
vn -0.7829 0.6040 -0.1489
vn -0.3621 0.6561 0.6621
vn -0.7158 -0.2300 0.6593
vn -0.7488 0.4845 0.4523
vn -0.8302 -0.4291 0.3558
vn 0.2786 0.2452 -0.9286
vn 0.1361 0.7991 -0.5855
vn -0.3337 0.6787 -0.6542
vn -0.4599 0.1243 -0.8792
vn -0.9794 -0.0595 0.1929
vn -0.5981 0.0310 0.8008
vn -0.0307 0.1166 0.9927
vn 0.5406 0.2837 0.7920
vn 0.5708 0.1977 -0.7970
vn 0.1277 0.0451 -0.9908
vn 0.3560 -0.7872 -0.5035
vn -0.5295 0.8476 -0.0339
vn -0.8158 0.4706 -0.3363
vn 0.9790 0.1738 0.1069
vn 0.9134 -0.4042 0.0489
vn 0.9653 0.1229 -0.2304
vn 0.7443 0.4451 -0.4979
vn 0.2953 0.7326 0.6132
vn 0.8028 0.4746 0.3609
vn -0.3636 0.5967 0.7154
vn -0.2634 -0.2065 0.9423
vn -0.0131 0.5476 0.8366
vn -0.4121 0.6403 -0.6482
vn -0.8471 0.4657 -0.2562
vn -0.0711 0.9567 0.2822
vn -0.1308 0.7245 0.6767
vn -0.5767 0.5274 0.6239
vn 0.5192 -0.1079 -0.8478
vn 0.5508 0.6255 -0.5526
vn -0.7486 0.6622 0.0335
vn 0.7275 0.5258 0.4408
vn -0.8846 0.2630 0.3851
vn -0.8924 0.4387 -0.1052
vn -0.7897 -0.4901 -0.3691
vn -0.9146 0.1372 0.3805
vn -0.6603 -0.6940 0.2871
vn 0.2661 0.8729 0.4090
vn 0.0352 0.9838 0.1759
vn 0.7548 0.5572 0.3460
vn 0.3017 0.8445 -0.4425
vn -0.6696 0.6665 -0.3278
vn -0.9059 0.4119 -0.0984
vn -0.9308 0.3077 0.1974
vn -0.8193 -0.4607 0.3413
vn -0.8332 -0.2741 -0.4803
vn -0.2290 -0.2096 0.9506
vn -0.6335 -0.1039 0.7667
vn -0.4804 0.4303 -0.7642
vn -0.2202 -0.0266 -0.9751
vn 0.3366 0.0152 -0.9415
vn 0.4271 -0.0145 -0.9041
vn 0.3604 0.7953 -0.4874
vn 0.8416 0.0472 -0.5380
vn 0.9132 0.0169 -0.4071
vn 0.9664 -0.2529 0.0454
vn 0.9142 -0.0243 -0.4046
vn 0.4546 0.1663 -0.8750
vn 0.9970 0.0216 0.0737
vn -0.9074 -0.2324 -0.3502
vn 0.0161 -0.9469 0.3212
vn -0.7646 -0.5307 0.3656
vn -0.3280 0.0421 -0.9437
vn -0.8210 -0.1779 -0.5424
vn -0.9541 0.2323 -0.1889
vn 0.3850 0.1778 -0.9056
vn -0.7478 0.5676 0.3443
vn 0.4376 0.1334 0.8892
vn 0.5772 -0.2216 0.7859
vn 0.7873 -0.2682 0.5551
vn 0.6784 0.6974 0.2308
vn 0.1155 0.8714 0.4767
vn -0.0713 0.8225 0.5642
vn -0.9729 -0.2009 0.1149
vn 0.4564 -0.0353 0.8891
vn 0.3137 0.1191 0.9420
vn 0.5057 0.2230 0.8334
vn 0.8192 0.5607 -0.1204
vn 0.4351 0.5694 -0.6975
vn -0.0729 0.8556 -0.5125
vn 0.6585 0.7165 -0.2303
vn -0.2976 0.8274 0.4763
vn -0.8111 0.1526 0.5646
vn -0.3313 -0.0958 0.9386
vn 0.4042 -0.3262 0.8546
vn 0.9267 -0.1151 -0.3578
vn 0.3329 0.2440 -0.9108
vn -0.0797 0.9916 -0.1015
vn -0.4408 0.0897 0.8931
vn 0.2786 0.5856 0.7612
vn -0.4433 0.2933 0.8470
vn -0.1614 0.9481 0.2740
vn -0.5245 0.7870 -0.3249
vn -0.1489 0.9150 0.3750
vn 0.3784 0.8906 -0.2523
vn -0.0079 0.7476 0.6641
vn -0.0178 0.9656 0.2595
vn 0.8326 0.1901 0.5203
vn -0.5908 0.4573 0.6647
vn 0.5463 0.4647 0.6969
vn 0.2100 0.9058 -0.3680
vn 0.4477 0.8468 -0.2873
vn 0.6424 0.0652 0.7636
vn -0.5748 0.6854 0.4471
vn 0.2603 0.8631 0.4329
vn -0.9533 0.1534 0.2603
vn 0.0186 0.9909 -0.1334
vn -0.6816 0.1779 0.7098
vn -0.8834 0.4356 -0.1728
vn -0.7178 -0.1011 -0.6889
vn -0.9877 -0.0067 -0.1564
vn -0.3983 -0.5745 0.7151
vn 0.3019 0.5492 -0.7792
vn -0.3653 0.7198 -0.5903
vn 0.2497 0.6690 0.7001
vn 0.0764 0.2136 0.9739
vn 0.9116 0.3480 0.2189
vn 0.5121 0.1139 -0.8513
vn -0.2071 0.1738 -0.9628
vn 0.7388 -0.1499 -0.6570
vn 0.7854 -0.2414 0.5700
vn 0.5205 -0.5714 0.6345
vn 0.8719 -0.4810 -0.0918
vn 0.9838 -0.0983 -0.1499
vn 0.5961 0.6838 -0.4208
vn 0.6931 0.4590 0.5559
vn 0.8547 0.4355 -0.2827
vn -0.1048 -0.1456 -0.9838
vn -0.3331 0.7564 0.5629
vn 0.0519 0.5208 0.8521
vn -0.4833 0.8438 -0.2333
vn 0.6063 0.2905 0.7403
vn -0.1969 0.8842 0.4236
vn -0.6348 -0.6128 -0.4706
vn 0.0455 -0.9295 -0.3660
vn -0.9422 0.0593 0.3298
vn 0.4826 -0.8633 0.1479
vn -0.5508 0.7983 -0.2435
vn -0.2233 0.7857 0.5768
vn 0.5629 0.2424 -0.7902
vn 0.9173 -0.0824 -0.3896
vn 0.0029 -0.6935 -0.7205
vn -0.7217 0.5601 0.4067
vn -0.2165 0.2558 0.9422
vn -0.7028 0.1674 0.6914
vn -0.1795 0.9733 0.1430
vn 0.4851 0.8258 0.2877
vn 0.4920 0.0608 0.8685
vn 0.9699 0.0916 0.2256
vn 0.5563 -0.6914 0.4610
vn 0.9567 -0.2697 0.1097
vn -0.1646 -0.3201 0.9330
vn 0.6638 -0.0708 0.7445
vn 0.0164 0.4674 0.8839
vn -0.8267 0.2905 -0.4819
vn 0.3350 0.9287 -0.1588
vn 0.5636 0.8260 0.0058
vn 0.5244 -0.7611 -0.3817
vn 0.7149 0.1642 -0.6797
vn 0.1858 -0.9721 0.1428
vn 0.8178 -0.4686 0.3341
vn 0.5200 -0.8270 0.2137
vn 0.2377 -0.9713 -0.0006
vn -0.9459 -0.2461 -0.2115
vn -0.3709 -0.5575 -0.7427
vn -0.5176 0.8517 -0.0811
vn -0.4910 0.7275 -0.4792
vn -0.8052 0.4465 -0.3902
vn -0.7362 0.4328 -0.5203
vn -0.6163 0.6799 -0.3974
vn -0.5951 0.2438 -0.7657
vn 0.7334 -0.6198 -0.2793
vn 0.7772 -0.3295 0.5361
vn 0.9031 -0.3042 0.3031
vn 0.7008 -0.3191 -0.6380
vn 0.7742 0.3368 0.5359
vn 0.7203 0.4191 -0.5528
vn -0.0379 -0.1749 0.9839
vn 0.0924 -0.9331 -0.3475
vn -0.5261 -0.0705 -0.8475
vn -0.6083 -0.6753 -0.4170
vn -0.1872 -0.6666 -0.7216
vn 0.3354 -0.6480 0.6838
vn 0.6890 0.4178 0.5923
vn 0.6074 -0.7541 -0.2499
vn 0.8302 -0.4763 0.2898
vn 0.4580 -0.0590 0.8870
vn -0.3084 0.2646 0.9137
vn -0.9735 -0.0953 -0.2080
vn -0.8858 -0.4447 0.1331
vn -0.4577 0.0476 -0.8878
vn -0.3152 -0.9020 -0.2949
vn -0.9631 -0.1012 0.2492
vn -0.5422 -0.8354 0.0901
vn 0.4749 0.0084 -0.8800
vn 0.6376 -0.4976 -0.5881
vn 0.9869 0.0942 -0.1307
vn 0.8061 -0.5669 -0.1698
vn 0.7764 0.0679 0.6265
vn 0.8016 -0.5403 0.2559
vn 0.6894 0.3629 -0.6270
vn -0.9583 0.1947 0.2091
vn 0.0629 -0.8364 0.5445
vn -0.5678 -0.1183 0.8146
vn -0.8710 0.4892 0.0451
vn -0.3570 0.3879 0.8498
vn -0.4767 0.8556 0.2017
vn -0.5338 0.4693 -0.7035
vn 0.7911 -0.3433 -0.5063
vn 0.0666 -0.2930 -0.9538
vn 0.3107 -0.7491 -0.5851
vn 0.8623 0.0978 -0.4968
vn 0.7908 0.2632 -0.5526
vn 0.0963 0.8721 0.4798
vn 0.2771 0.9205 0.2756
vn -0.1771 0.1705 -0.9693
vn -0.0608 -0.8563 -0.5129
vn -0.3713 -0.7065 -0.6025
vn 0.6509 -0.7468 -0.1365
vn -0.8714 0.1971 -0.4493
vn 0.7545 -0.3991 -0.5211
vn 0.8182 0.2671 -0.5091
vn 0.7810 0.1452 0.6074
vn 0.8880 0.4590 -0.0274
vn 0.0912 0.2026 -0.9750
vn -0.5674 -0.7038 0.4274
vn -0.9183 0.1554 0.3640
vn -0.9993 -0.0032 -0.0376
vn -0.6733 0.2122 0.7082
vn -0.8038 0.5743 -0.1551
vn -0.4991 -0.6106 -0.6149
vn 0.2761 0.2183 -0.9360
vn 0.1090 0.4490 0.8869
vn -0.1907 0.1791 -0.9652
vn 0.1068 0.9758 0.1906
vn -0.8522 0.3666 -0.3733
vn 0.3733 0.8588 -0.3509
vn 0.9385 0.3076 0.1567
vn -0.0466 0.6754 0.7360
vn -0.0183 0.7856 0.6185
vn 0.9003 0.3390 0.2730
vn 0.6305 0.7275 -0.2706
vn 0.8544 -0.3817 -0.3526
vn 0.8139 -0.0779 0.5758
vn 0.7444 -0.2909 0.6010
vn 0.4964 -0.0489 -0.8667
vn -0.9125 0.4091 0.0029
vn 0.4679 0.5490 -0.6926
vn 0.0044 0.3302 -0.9439
vn 0.9504 -0.2813 0.1328
vn 0.6458 -0.2266 -0.7291
vn 0.7597 -0.2165 0.6132
vn 0.7880 -0.5836 0.1962
vn 0.8936 0.2107 0.3964
vn 0.0875 0.9713 0.2210
vn 0.8909 0.3613 -0.2754
vn -0.0872 0.9948 -0.0521
vn 0.2694 0.3098 -0.9118
vn 0.2719 0.2592 -0.9268
vn 0.1360 -0.9285 -0.3456
vn 0.4242 -0.8214 -0.3813
vn 0.9330 -0.3480 0.0913
vn -0.7116 -0.3305 -0.6200
vn 0.2745 -0.5328 -0.8005
vn 0.3332 0.2208 0.9166
vn 0.3917 -0.1940 0.8994
vn 0.7973 0.4085 0.4444
vn 0.2401 0.3877 -0.8900
vn 0.9535 -0.0949 -0.2861
vn 0.5205 0.6802 0.5161
vn -0.3061 0.8511 0.4265
vn -0.6675 0.7292 -0.1506
vn 0.0285 0.9963 -0.0808
vn -0.3285 0.0127 -0.9444
vn -0.9339 -0.3487 -0.0795
vn -0.7200 -0.3127 0.6195
vn -0.3789 0.8311 0.4072
vn -0.5061 0.7457 0.4333
vn 0.9822 0.0986 0.1598
vn -0.9399 0.3395 -0.0365
vn -0.6503 0.3108 -0.6932
vn -0.4678 -0.6211 -0.6288
vn 0.0195 0.5270 -0.8496
vn 0.3596 0.3416 -0.8683
vn 0.1735 0.3431 -0.9231
vn 0.4150 0.8736 0.2540
vn 0.9539 -0.0632 0.2934
vn 0.1972 -0.9609 -0.1946
vn 0.2952 -0.7056 -0.6442
vn -0.9817 -0.1736 -0.0777
vn -0.3721 0.2842 -0.8836
vn 0.3633 0.0631 -0.9295
vn 0.8011 -0.5663 -0.1940
vn 0.9752 -0.0346 -0.2185
vn 0.5351 -0.7796 0.3255
vn 0.4568 -0.8470 0.2718
vn 0.5009 -0.3837 0.7758
vn -0.8476 -0.0902 -0.5230
vn -0.5928 0.3156 -0.7409
vn -0.8645 -0.4117 0.2885
vn -0.9602 -0.2398 -0.1430
vn -0.9638 0.2666 0.0046
vn 0.0663 -0.9978 0.0083
vn 0.6501 -0.6727 0.3533
vn 0.8743 -0.4854 0.0087
vn 0.8751 -0.4348 0.2125
vn 0.5243 -0.4766 0.7057
vn 0.8789 -0.3250 0.3491
vn 0.9075 0.0847 0.4115
vn 0.9834 0.1555 -0.0940
vn 0.8607 0.2054 -0.4659
vn -0.9843 -0.1245 -0.1254
vn -0.9063 0.3216 -0.2741
vn 0.7574 0.5995 -0.2590
vn 0.4978 0.6535 0.5701
vn 0.6560 0.7381 0.1574
vn 0.1961 0.5186 -0.8322
vn 0.3014 0.0651 -0.9513
vn -0.9062 0.3505 0.2365
vn 0.2469 0.2390 0.9391
vn -0.4960 0.5563 0.6667
vn -0.5833 0.7391 -0.3368
vn 0.4982 0.8400 0.2150
vn -0.6398 0.2359 -0.7315
vn -0.9587 0.1836 0.2170
vn -0.4843 0.7852 -0.3858
vn -0.1594 0.3127 -0.9364
vn 0.1207 0.7460 -0.6549
vn -0.3317 -0.1731 0.9274
vn -0.0218 0.9228 0.3848
vn 0.7058 -0.5461 0.4512
vn 0.3983 -0.6264 0.6701
vn -0.5985 0.7734 -0.2089
vn -0.3117 0.6782 -0.6655
vn -0.7073 0.6104 0.3566
vn 0.7743 -0.5704 -0.2742
vn 0.5275 -0.0811 0.8457
vn 0.8754 -0.2166 0.4322
vn 0.5428 0.8356 -0.0847
vn -0.0176 0.9650 0.2617
vn 0.9455 -0.3106 0.0977
vn 0.4487 -0.8901 0.0801
vn 0.8717 0.0410 -0.4883
vn 0.0371 -0.1567 -0.9870
vn 0.3380 0.6558 -0.6751
vn 0.3766 0.2670 0.8871
vn 0.8828 -0.1221 0.4536
vn 0.3739 0.7089 -0.5981
vn 0.8928 -0.1020 -0.4387
vn 0.7844 -0.4643 -0.4113
vn 0.2511 -0.3508 -0.9022
vn 0.4882 -0.3390 0.8042
vn -0.6882 0.3294 -0.6464
vn -0.9698 0.0064 -0.2436
vn -0.4558 -0.0406 -0.8891
vn -0.2839 -0.2895 0.9141
vn 0.3934 -0.4807 0.7837
vn -0.8503 0.0281 0.5256
vn 0.8196 0.4558 0.3471
vn 0.8424 0.2911 -0.4534
vn -0.2798 0.8387 -0.4672
vn 0.6684 0.3996 -0.6273
vn 0.9506 0.0165 -0.3101
vn 0.0841 0.4036 -0.9110
vn 0.2269 0.6683 0.7085
vn 0.5569 -0.4549 -0.6949
vn -0.1151 -0.5805 -0.8061
vn -0.7977 0.4809 0.3639
vn -0.7878 0.6039 -0.1212
vn -0.1215 0.4631 0.8779
vn 0.7781 0.0747 0.6237
vn -0.5047 -0.2774 0.8175
vn 0.3312 0.6484 0.6855
vn 0.1368 0.9264 0.3507
vn 0.5890 0.4257 -0.6869
vn -0.0519 0.9863 0.1569
vn 0.2221 0.5812 0.7828
vn 0.3793 0.6542 -0.6544
vn 0.0657 0.8764 0.4771
vn 0.9655 -0.1712 -0.1963
vn 0.3433 -0.2357 -0.9092
vn 0.6603 -0.6416 0.3904
vn -0.4096 0.2405 -0.8800
vn -0.2195 0.9696 0.1081
vn -0.3393 0.7084 0.6189
vn 0.7592 0.4626 0.4578
vn 0.5991 0.5854 0.5463
vn 0.8334 0.4206 -0.3586
vn -0.4046 0.6737 -0.6184
vn 0.7437 -0.1931 -0.6400
vn 0.0114 0.4849 -0.8745
vn -0.6556 -0.4508 -0.6058
vn -0.9697 0.2018 -0.1378
vn 0.0970 0.5916 -0.8004
vn -0.3000 0.9413 0.1550
vn -0.0145 0.3853 -0.9227
vn 0.6468 0.1975 -0.7366
vn 0.4521 -0.8162 -0.3597
vn 0.5312 0.6940 -0.4861
vn 0.0346 0.8101 0.5852
vn 0.8631 -0.0364 0.5037
vn -0.3345 0.4599 -0.8226
vn -0.9209 0.3650 -0.1364
vn -0.5460 -0.0109 0.8377
vn 0.6712 0.5478 -0.4994
vn -0.4541 0.1863 0.8712
vn -0.7933 0.4410 0.4198
vn -0.9365 -0.3121 0.1598
vn 0.5140 0.8571 -0.0340
vn 0.9324 0.1384 0.3339
vn 0.8452 0.2640 -0.4646
vn -0.4378 -0.5463 0.7140
vn 0.3309 0.4661 0.8205
vn 0.3120 0.7935 -0.5225
vn -0.0344 -0.3812 0.9238
vn 0.4657 -0.6859 0.5591
vn 0.3232 -0.6971 0.6400
vn 0.2088 0.4864 0.8484
vn 0.6591 -0.1903 0.7275
vn 0.8659 0.4204 0.2710
vn -0.3885 0.8727 -0.2958
vn 0.6047 -0.7644 0.2235
vn 0.9585 0.1219 -0.2577
vn -0.8272 0.0466 0.5600
vt 0.074010 0.096100
vt 0.074938 0.089114
vt 0.096312 0.091316
vt 0.079007 0.085178
vt 0.090339 0.084884
vt 0.924243 0.818312
vt 0.918607 0.832177
vt 0.906048 0.826728
vt 0.917678 0.816293
vt 0.925514 0.833694
vt 0.892269 0.844579
vt 0.946572 0.866144
vt 0.924208 0.868929
vt 0.928151 0.850033
vt 0.946866 0.849762
vt 0.934194 0.828860
vt 0.317904 0.118936
vt 0.316165 0.147335
vt 0.296269 0.142759
vt 0.279647 0.097052
vt 0.273849 0.105056
vt 0.261166 0.099554
vt 0.311194 0.096423
vt 0.316789 0.092826
vt 0.319740 0.088326
vt 0.093320 0.452866
vt 0.081247 0.451089
vt 0.075819 0.442792
vt 0.105920 0.448740
vt 0.083025 0.433388
vt 0.080081 0.403762
vt 0.077191 0.417718
vt 0.104199 0.404842
vt 0.078639 0.395320
vt 0.086706 0.385860
vt 0.955963 0.836554
vt 0.380367 0.088490
vt 0.358573 0.104741
vt 0.364950 0.092294
vt 0.389330 0.087941
vt 0.412295 0.102273
vt 0.384426 0.125449
vt 0.367429 0.116551
vt 0.062630 0.406181
vt 0.054440 0.385574
vt 0.065648 0.383898
vt 0.051601 0.375909
vt 0.039402 0.379380
vt 0.041510 0.386947
vt 0.043052 0.401624
vt 0.892421 0.862947
vt 0.121011 0.406522
vt 0.116113 0.401040
vt 0.976489 0.024517
vt 0.990573 0.026208
vt 0.978123 0.031739
vt 0.987594 0.017323
vt 0.992481 0.023249
vt 0.706223 0.807030
vt 0.721558 0.826072
vt 0.699745 0.814683
vt 0.697995 0.845218
vt 0.684531 0.832933
vt 0.677409 0.851074
vt 0.676812 0.839554
vt 0.065641 0.398847
vt 0.065568 0.404060
vt 0.049981 0.417306
vt 0.040716 0.415567
vt 0.040311 0.408259
vt 0.268030 0.134217
vt 0.236775 0.105058
vt 0.252422 0.096664
vt 0.244675 0.149547
vt 0.301694 0.157167
vt 0.285728 0.162000
vt 0.266788 0.156394
vt 0.280568 0.164455
vt 0.738053 0.829042
vt 0.742029 0.839168
vt 0.742513 0.848919
vt 0.741307 0.864516
vt 0.710190 0.858787
vt 0.689700 0.862504
vt 0.076274 0.902115
vt 0.085424 0.906079
vt 0.078927 0.915413
vt 0.070123 0.917598
vt 0.062869 0.914289
vt 0.057954 0.903744
vt 0.058499 0.914008
vt 0.065990 0.936084
vt 0.069344 0.942772
vt 0.065491 0.945639
vt 0.043906 0.926914
vt 0.036771 0.950911
vt 0.057253 0.949999
vt 0.024820 0.939720
vt 0.028918 0.953008
vt 0.022443 0.945002
vt 0.036473 0.660183
vt 0.026195 0.644469
vt 0.046915 0.624603
vt 0.027916 0.660187
vt 0.035354 0.625530
vt 0.129969 0.867159
vt 0.147558 0.869406
vt 0.131385 0.884879
vt 0.151655 0.868295
vt 0.151918 0.875297
vt 0.153164 0.861864
vt 0.128224 0.880427
vt 0.157642 0.870112
vt 0.163548 0.875341
vt 0.170367 0.891765
vt 0.156190 0.890498
vt 0.114918 0.886116
vt 0.122004 0.879875
vt 0.114645 0.893723
vt 0.110418 0.885947
vt 0.127354 0.892617
vt 0.115875 0.880496
vt 0.254007 0.159300
vt 0.431464 0.980398
vt 0.435137 0.969955
vt 0.443311 0.987172
vt 0.448863 0.979179
vt 0.452211 0.983131
vt 0.452794 0.970999
vt 0.445825 0.954701
vt 0.462403 0.925249
vt 0.447785 0.921968
vt 0.467292 0.913047
vt 0.464625 0.892589
vt 0.444700 0.892893
vt 0.446931 0.874776
vt 0.467188 0.875679
vt 0.407525 0.076696
vt 0.397103 0.071642
vt 0.410391 0.073119
vt 0.412971 0.042033
vt 0.419252 0.063480
vt 0.394580 0.051483
vt 0.416435 0.011463
vt 0.420117 0.014540
vt 0.404655 0.029623
vt 0.389650 0.044114
vt 0.945480 0.189427
vt 0.972513 0.218002
vt 0.940450 0.192119
vt 0.935291 0.180961
vt 0.934972 0.170233
vt 0.940256 0.172456
vt 0.936272 0.164697
vt 0.943593 0.173127
vt 0.946009 0.183626
vt 0.934633 0.236739
vt 0.963141 0.246845
vt 0.946602 0.249846
vt 0.102782 0.305424
vt 0.107569 0.336420
vt 0.097600 0.325779
vt 0.096074 0.318034
vt 0.093659 0.314615
vt 0.096485 0.308891
vt 0.097998 0.302954
vt 0.105088 0.295580
vt 0.121808 0.295678
vt 0.132189 0.317444
vt 0.136118 0.322634
vt 0.129699 0.352122
vt 0.099107 0.349149
vt 0.094793 0.339954
vt 0.922234 0.581216
vt 0.891419 0.592770
vt 0.888244 0.574408
vt 0.919519 0.619153
vt 0.886338 0.602196
vt 0.907955 0.606286
vt 0.929255 0.614197
vt 0.944913 0.618745
vt 0.939234 0.627912
vt 0.933931 0.570966
vt 0.893888 0.555652
vt 0.911492 0.546921
vt 0.811072 0.479070
vt 0.817105 0.471248
vt 0.816885 0.481761
vt 0.814638 0.491600
vt 0.785941 0.516357
vt 0.787917 0.470613
vt 0.776130 0.502376
vt 0.816981 0.453203
vt 0.800985 0.445237
vt 0.818899 0.433019
vt 0.817758 0.437073
vt 0.789593 0.428665
vt 0.757882 0.440729
vt 0.765447 0.455380
vt 0.763216 0.473999
vt 0.760720 0.507981
vt 0.177171 0.512447
vt 0.180727 0.517700
vt 0.159310 0.531792
vt 0.161546 0.510019
vt 0.165052 0.501613
vt 0.174606 0.497155
vt 0.167098 0.497109
vt 0.154082 0.525988
vt 0.157031 0.516850
vt 0.179331 0.554320
vt 0.169558 0.553915
vt 0.154906 0.548285
vt 0.055698 0.837035
vt 0.068822 0.811312
vt 0.079759 0.823646
vt 0.072921 0.840054
vt 0.057792 0.840866
vt 0.035494 0.798825
vt 0.035581 0.787980
vt 0.061760 0.789352
vt 0.049684 0.818449
vt 0.031597 0.807086
vt 0.029048 0.821522
vt 0.421120 0.760623
vt 0.418362 0.738987
vt 0.442703 0.771784
vt 0.441734 0.783235
vt 0.416900 0.793708
vt 0.387676 0.740309
vt 0.400047 0.780774
vt 0.381609 0.771844
vt 0.375980 0.744478
vt 0.370845 0.761573
vt 0.378418 0.720525
vt 0.379884 0.722222
vt 0.397396 0.731563
vt 0.311813 0.735377
vt 0.327079 0.703138
vt 0.335491 0.719451
vt 0.338187 0.751943
vt 0.310123 0.761485
vt 0.285699 0.753447
vt 0.297416 0.756480
vt 0.284412 0.761808
vt 0.292305 0.763248
vt 0.656969 0.667038
vt 0.676386 0.662285
vt 0.651741 0.674373
vt 0.650638 0.703464
vt 0.665674 0.683354
vt 0.678145 0.696133
vt 0.667391 0.705860
vt 0.704820 0.685069
vt 0.694992 0.698703
vt 0.718746 0.701069
vt 0.720077 0.711661
vt 0.715669 0.662188
vt 0.722892 0.686898
vt 0.686828 0.673884
vt 0.853338 0.050168
vt 0.833952 0.042465
vt 0.866944 0.042826
vt 0.867137 0.023419
vt 0.876393 0.076270
vt 0.878364 0.049291
vt 0.893461 0.085591
vt 0.874872 0.085021
vt 0.652245 0.716135
vt 0.662284 0.716349
vt 0.681464 0.713908
vt 0.676095 0.716338
vt 0.675677 0.724332
vt 0.018946 0.397248
vt 0.029683 0.398966
vt 0.017570 0.415876
vt 0.009389 0.404758
vt 0.007603 0.398358
vt 0.291885 0.363188
vt 0.277704 0.348134
vt 0.310949 0.334563
vt 0.263904 0.303802
vt 0.252546 0.316479
vt 0.310939 0.338991
vt 0.297312 0.366014
vt 0.276993 0.365300
vt 0.302659 0.736316
vt 0.283723 0.737224
vt 0.282001 0.747181
vt 0.794781 0.244042
vt 0.784311 0.261335
vt 0.771153 0.243779
vt 0.777657 0.232437
vt 0.803763 0.275940
vt 0.770552 0.249164
vt 0.797102 0.273020
vt 0.793575 0.269124
vt 0.824451 0.222589
vt 0.833134 0.218985
vt 0.817944 0.236536
vt 0.795773 0.230917
vt 0.844196 0.242460
vt 0.841565 0.260560
vt 0.815790 0.282570
vt 0.096017 0.143210
vt 0.079902 0.110875
vt 0.099060 0.126816
vt 0.099429 0.144347
vt 0.099068 0.106761
vt 0.064676 0.108187
vt 0.069296 0.126199
vt 0.073121 0.133064
vt 0.461084 0.744252
vt 0.479337 0.735746
vt 0.463848 0.750559
vt 0.500225 0.732760
vt 0.490620 0.751285
vt 0.493177 0.725366
vt 0.461354 0.732065
vt 0.472643 0.728956
vt 0.146386 0.924103
vt 0.145269 0.936812
vt 0.131356 0.938691
vt 0.122368 0.924032
vt 0.171127 0.912743
vt 0.178995 0.924105
vt 0.160803 0.906488
vt 0.144000 0.908759
vt 0.401184 0.153558
vt 0.414874 0.152815
vt 0.427007 0.114600
vt 0.426841 0.145419
vt 0.456131 0.090344
vt 0.471627 0.109693
vt 0.449693 0.129386
vt 0.843232 0.231612
vt 0.859997 0.233059
vt 0.030218 0.954875
vt 0.857308 0.254445
vt 0.849278 0.276629
vt 0.835604 0.283006
vt 0.828643 0.286498
vt 0.183096 0.299844
vt 0.184123 0.284539
vt 0.194352 0.293996
vt 0.181565 0.310762
vt 0.177489 0.312359
vt 0.168850 0.308630
vt 0.154596 0.274819
vt 0.177027 0.258202
vt 0.193533 0.268868
vt 0.192800 0.273296
vt 0.184918 0.255691
vt 0.154353 0.263831
vt 0.162672 0.263970
vt 0.147359 0.261732
vt 0.149841 0.255161
vt 0.147164 0.246926
vt 0.158441 0.243527
vt 0.161341 0.236585
vt 0.175744 0.238817
vt 0.130594 0.914597
vt 0.138147 0.902760
vt 0.093441 0.897159
vt 0.095303 0.889441
vt 0.097737 0.895430
vt 0.070615 0.893301
vt 0.074932 0.896834
vt 0.050701 0.890296
vt 0.053797 0.881037
vt 0.062825 0.882865
vt 0.077268 0.872696
vt 0.085143 0.884465
vt 0.089263 0.872365
vt 0.055174 0.871917
vt 0.062976 0.863575
vt 0.547067 0.752885
vt 0.547393 0.754653
vt 0.544601 0.751407
vt 0.543113 0.752821
vt 0.540143 0.752333
vt 0.536201 0.752334
vt 0.542147 0.747505
vt 0.528192 0.753548
vt 0.533109 0.738294
vt 0.517205 0.751049
vt 0.513587 0.748711
vt 0.510184 0.741167
vt 0.509961 0.750055
vt 0.506197 0.708179
vt 0.538067 0.742069
vt 0.536949 0.737601
vt 0.537356 0.739594
vt 0.537562 0.719702
vt 0.505267 0.697432
vt 0.501931 0.700615
vt 0.842051 0.222875
vt 0.017136 0.290911
vt 0.029145 0.278159
vt 0.029203 0.293364
vt 0.034068 0.275619
vt 0.029594 0.270171
vt 0.014289 0.278381
vt 0.008850 0.268801
vt 0.021363 0.264861
vt 0.016116 0.268964
vt 0.018120 0.265231
vt 0.795108 0.919258
vt 0.772963 0.915026
vt 0.786103 0.907564
vt 0.776150 0.928318
vt 0.766999 0.927225
vt 0.778717 0.906695
vt 0.787229 0.902067
vt 0.796190 0.899258
vt 0.274231 0.654537
vt 0.286045 0.649516
vt 0.273963 0.658875
vt 0.262432 0.663251
vt 0.236391 0.671550
vt 0.248535 0.667620
vt 0.233616 0.675567
vt 0.253763 0.702887
vt 0.271084 0.709842
vt 0.278026 0.697857
vt 0.312563 0.671061
vt 0.315858 0.689126
vt 0.304317 0.691184
vt 0.296340 0.690409
vt 0.297760 0.712421
vt 0.289511 0.717655
vt 0.799508 0.924249
vt 0.794621 0.928786
vt 0.152156 0.298296
vt 0.142407 0.285410
vt 0.162242 0.310612
vt 0.167565 0.312681
vt 0.810391 0.904324
vt 0.808131 0.913303
vt 0.803175 0.900215
vt 0.814139 0.898993
vt 0.638547 0.872998
vt 0.648876 0.886050
vt 0.630291 0.891268
vt 0.652603 0.900236
vt 0.637118 0.900546
vt 0.636464 0.863883
vt 0.644775 0.844135
vt 0.389155 0.974320
vt 0.381186 0.982272
vt 0.380320 0.963997
vt 0.800225 0.018217
vt 0.789865 0.011714
vt 0.795937 0.014712
vt 0.810778 0.023152
vt 0.792598 0.037158
vt 0.777739 0.020846
vt 0.782927 0.014865
vt 0.783198 0.048966
vt 0.768590 0.037904
vt 0.029611 0.527223
vt 0.034895 0.513975
vt 0.049526 0.523750
vt 0.049992 0.512726
vt 0.052333 0.501494
vt 0.043127 0.497064
vt 0.049598 0.493565
vt 0.052580 0.495661
vt 0.054780 0.576853
vt 0.054520 0.558535
vt 0.063672 0.565533
vt 0.043635 0.572132
vt 0.049072 0.567751
vt 0.054932 0.595276
vt 0.037090 0.565676
vt 0.297000 0.719059
vt 0.299218 0.714479
vt 0.301702 0.718121
vt 0.303401 0.717179
vt 0.625058 0.891264
vt 0.626145 0.880104
vt 0.074221 0.578758
vt 0.079684 0.570955
vt 0.087910 0.582887
vt 0.077369 0.587543
vt 0.072482 0.563586
vt 0.032810 0.317917
vt 0.044773 0.341534
vt 0.027723 0.338361
vt 0.050274 0.330179
vt 0.054059 0.349434
vt 0.042291 0.355030
vt 0.026818 0.355317
vt 0.020157 0.352856
vt 0.140342 0.046874
vt 0.123968 0.039581
vt 0.133892 0.031483
vt 0.061578 0.635729
vt 0.074765 0.618319
vt 0.087298 0.627500
vt 0.094341 0.616536
vt 0.097880 0.621724
vt 0.084534 0.609337
vt 0.036591 0.503167
vt 0.025879 0.332746
vt 0.020500 0.318625
vt 0.935688 0.543669
vt 0.928800 0.530321
vt 0.958595 0.529858
vt 0.973071 0.511227
vt 0.976935 0.541288
vt 0.072257 0.291204
vt 0.060432 0.300000
vt 0.050044 0.304054
vt 0.064855 0.277765
vt 0.083636 0.291252
vt 0.056598 0.267004
vt 0.068386 0.265815
vt 0.066849 0.254396
vt 0.059289 0.248517
vt 0.065672 0.247096
vt 0.055523 0.259437
vt 0.053701 0.261472
vt 0.047724 0.274067
vt 0.010613 0.813564
vt 0.018718 0.814450
vt 0.009957 0.818160
vt 0.077926 0.792912
vt 0.059012 0.533681
vt 0.054653 0.540175
vt 0.660352 0.886704
vt 0.959377 0.341967
vt 0.957711 0.331677
vt 0.960443 0.343101
vt 0.971241 0.344661
vt 0.976863 0.319380
vt 0.976173 0.336373
vt 0.974488 0.291260
vt 0.955247 0.304052
vt 0.947899 0.304247
vt 0.949488 0.314865
vt 0.940286 0.310992
vt 0.945979 0.331558
vt 0.931727 0.325986
vt 0.963807 0.952250
vt 0.975462 0.951923
vt 0.974840 0.955104
vt 0.947234 0.947776
vt 0.942519 0.966835
vt 0.939224 0.949809
vt 0.283538 0.971281
vt 0.292004 0.991388
vt 0.275833 0.994362
vt 0.305381 0.982891
vt 0.024672 0.574055
vt 0.027718 0.586271
vt 0.011962 0.568924
vt 0.103774 0.649259
vt 0.071716 0.647221
vt 0.087736 0.657794
vt 0.059527 0.655199
vt 0.066071 0.665455
vt 0.073556 0.673059
vt 0.090862 0.666604
vt 0.167556 0.492345
vt 0.168548 0.485510
vt 0.973337 0.137947
vt 0.960807 0.135292
vt 0.968410 0.130907
vt 0.966164 0.145800
vt 0.975664 0.140950
vt 0.974961 0.142964
vt 0.955298 0.667208
vt 0.938307 0.655216
vt 0.957852 0.650418
vt 0.967480 0.677983
vt 0.956885 0.674801
vt 0.973239 0.677440
vt 0.966048 0.505004
vt 0.940929 0.499201
vt 0.938558 0.488058
vt 0.958769 0.489036
vt 0.923872 0.480590
vt 0.103876 0.661194
vt 0.271015 0.755664
vt 0.268874 0.764454
vt 0.270281 0.748951
vt 0.281149 0.742030
vt 0.209087 0.701338
vt 0.218672 0.692443
vt 0.206606 0.708082
vt 0.242729 0.718910
vt 0.222949 0.679867
vt 0.933648 0.671418
vt 0.922721 0.657289
vt 0.917288 0.663872
vt 0.931981 0.964164
vt 0.938576 0.964024
vt 0.337429 0.780082
vt 0.321821 0.796408
vt 0.317241 0.774988
vt 0.339308 0.789760
vt 0.341546 0.803645
vt 0.327304 0.815132
vt 0.292681 0.806871
vt 0.299838 0.788806
vt 0.288182 0.813152
vt 0.286386 0.796408
vt 0.352350 0.817567
vt 0.351760 0.811740
vt 0.321580 0.826985
vt 0.310175 0.829523
vt 0.297794 0.826504
vt 0.291932 0.827594
vt 0.957031 0.884085
vt 0.968552 0.870737
vt 0.973862 0.881970
vt 0.958565 0.903272
vt 0.968566 0.900354
vt 0.948565 0.886337
vt 0.944990 0.641991
vt 0.962605 0.694499
vt 0.982687 0.696537
vt 0.986010 0.710027
vt 0.963418 0.692144
vt 0.163225 0.187296
vt 0.178036 0.193399
vt 0.169774 0.210167
vt 0.153558 0.212141
vt 0.178747 0.186844
vt 0.152466 0.187425
vt 0.168583 0.170093
vt 0.163197 0.218119
vt 0.958593 0.285407
vt 0.966386 0.278267
vt 0.356815 0.802150
vt 0.360686 0.811122
vt 0.255937 0.336422
vt 0.232317 0.316080
vt 0.297714 0.305334
vt 0.311658 0.330476
vt 0.329939 0.303485
vt 0.314245 0.292919
vt 0.322740 0.323368
vt 0.362301 0.311580
vt 0.351019 0.325680
vt 0.340796 0.300889
vt 0.347793 0.284850
vt 0.330723 0.312812
vt 0.012121 0.030641
vt 0.014277 0.015942
vt 0.022478 0.025343
vt 0.018023 0.009656
vt 0.037037 0.011755
vt 0.015557 0.474993
vt 0.020136 0.482328
vt 0.014392 0.478809
vt 0.030937 0.478755
vt 0.019471 0.465237
vt 0.026626 0.460766
vt 0.182056 0.167159
vt 0.178093 0.156396
vt 0.189276 0.181092
vt 0.794895 0.944419
vt 0.800358 0.949406
vt 0.786682 0.952121
vt 0.859872 0.708212
vt 0.866112 0.697832
vt 0.877368 0.712197
vt 0.848318 0.692965
vt 0.850345 0.702289
vt 0.845777 0.699381
vt 0.176150 0.947946
vt 0.188300 0.940894
vt 0.198428 0.946412
vt 0.190733 0.936872
vt 0.198777 0.957224
vt 0.204543 0.950155
vt 0.211905 0.969259
vt 0.187895 0.969911
vt 0.190307 0.960258
vt 0.173035 0.961885
vt 0.184000 0.972206
vt 0.884979 0.706976
vt 0.862190 0.669755
vt 0.892195 0.701463
vt 0.432224 0.429706
vt 0.437304 0.403494
vt 0.455478 0.439639
vt 0.479693 0.424177
vt 0.476238 0.403495
vt 0.423485 0.413798
vt 0.432445 0.391742
vt 0.451757 0.363517
vt 0.440887 0.362488
vt 0.448562 0.335589
vt 0.458053 0.330885
vt 0.424510 0.343540
vt 0.426213 0.315223
vt 0.477619 0.367102
vt 0.495128 0.388484
vt 0.471824 0.460505
vt 0.476378 0.462823
vt 0.490233 0.454134
vt 0.504461 0.433024
vt 0.502600 0.460056
vt 0.516268 0.451247
vt 0.515773 0.419973
vt 0.535575 0.388980
vt 0.878879 0.451966
vt 0.910848 0.440310
vt 0.913688 0.458286
vt 0.856957 0.439859
vt 0.851420 0.447109
vt 0.840492 0.459763
vt 0.842053 0.473735
vt 0.834463 0.474681
vt 0.884292 0.499252
vt 0.904682 0.499372
vt 0.877008 0.513875
vt 0.903771 0.489044
vt 0.881142 0.473262
vt 0.912189 0.486998
vt 0.900886 0.534656
vt 0.864559 0.478915
vt 0.866209 0.510831
vt 0.840674 0.500614
vt 0.852461 0.503283
vt 0.854219 0.510263
vt 0.867199 0.517733
vt 0.751036 0.745967
vt 0.729350 0.745638
vt 0.754357 0.732332
vt 0.732451 0.733914
vt 0.741436 0.710571
vt 0.748982 0.682608
vt 0.762088 0.694201
vt 0.775705 0.657832
vt 0.795887 0.649941
vt 0.777347 0.672156
vt 0.785390 0.642245
vt 0.751116 0.670346
vt 0.772563 0.718776
vt 0.800478 0.709050
vt 0.785544 0.744134
vt 0.815763 0.689177
vt 0.816912 0.672187
vt 0.819279 0.734931
vt 0.531974 0.371516
vt 0.499809 0.363629
vt 0.488283 0.332930
vt 0.522041 0.325357
vt 0.535760 0.343060
vt 0.532308 0.356262
vt 0.504966 0.322263
vt 0.478428 0.311135
vt 0.462305 0.304976
vt 0.456574 0.310193
vt 0.424776 0.304764
vt 0.369138 0.874544
vt 0.398744 0.856758
vt 0.379831 0.879179
vt 0.360018 0.875769
vt 0.365015 0.879110
vt 0.358317 0.882512
vt 0.364612 0.886551
vt 0.403289 0.861105
vt 0.409501 0.866309
vt 0.404918 0.883610
vt 0.395784 0.896190
vt 0.463619 0.088531
vt 0.479259 0.100337
vt 0.474652 0.101993
vt 0.468305 0.098405
vt 0.421792 0.873919
vt 0.416432 0.880623
vt 0.426854 0.877457
vt 0.429329 0.885281
vt 0.427311 0.895303
vt 0.427486 0.893075
vt 0.413751 0.893334
vt 0.404564 0.898389
vt 0.416003 0.884117
vt 0.435639 0.147491
vt 0.452276 0.146149
vt 0.438775 0.154464
vt 0.440271 0.155203
vt 0.413115 0.165079
vt 0.410901 0.172590
vt 0.407771 0.165734
vt 0.395830 0.393317
vt 0.395748 0.417712
vt 0.381580 0.420718
vt 0.400897 0.390787
vt 0.388947 0.445392
vt 0.369899 0.431794
vt 0.361927 0.428386
vt 0.343756 0.424838
vt 0.341166 0.426812
vt 0.340799 0.436299
vt 0.344110 0.451894
vt 0.341336 0.466879
vt 0.390166 0.500646
vt 0.395060 0.461878
vt 0.329250 0.461097
vt 0.335861 0.459633
vt 0.427108 0.075208
vt 0.414291 0.080092
vt 0.432825 0.078855
vt 0.428235 0.079069
vt 0.442167 0.064909
vt 0.431993 0.037638
vt 0.449991 0.035586
vt 0.439419 0.017995
vt 0.477442 0.026906
vt 0.366895 0.896842
vt 0.365722 0.891016
vt 0.894719 0.987427
vt 0.884386 0.991156
vt 0.892119 0.979315
vt 0.877834 0.978824
vt 0.866784 0.984736
vt 0.878417 0.992792
vt 0.861709 0.982526
vt 0.866715 0.978280
vt 0.879711 0.969492
vt 0.885623 0.970754
vt 0.008298 0.757996
vt 0.022800 0.761314
vt 0.018087 0.774785
vt 0.003925 0.762262
vt 0.004788 0.769118
vt 0.003945 0.772351
vt 0.003114 0.776572
vt 0.001706 0.782256
vt 0.005041 0.787912
vt 0.011849 0.791242
vt 0.036866 0.768514
vt 0.031866 0.770766
vt 0.559837 0.486029
vt 0.547825 0.484109
vt 0.563625 0.478228
vt 0.551465 0.487654
vt 0.583108 0.465573
vt 0.577108 0.466795
vt 0.565024 0.455175
vt 0.560882 0.446717
vt 0.552996 0.410874
vt 0.548611 0.422998
vt 0.608040 0.394645
vt 0.615064 0.443153
vt 0.604109 0.497236
vt 0.575611 0.483643
vt 0.617855 0.517923
vt 0.401998 0.018597
vt 0.396115 0.010500
vt 0.398262 0.009475
vt 0.429822 0.010791
vt 0.536680 0.318704
vt 0.899668 0.082010
vt 0.474804 0.304918
vt 0.907169 0.061789
vt 0.900492 0.065231
vt 0.904863 0.049693
vt 0.912313 0.052440
vt 0.899323 0.041099
vt 0.880472 0.021074
vt 0.888422 0.022511
vt 0.851739 0.013653
vt 0.577023 0.770186
vt 0.570917 0.793202
vt 0.561168 0.740944
vt 0.600338 0.788124
vt 0.607307 0.763534
vt 0.614171 0.793362
vt 0.625394 0.779117
vt 0.602502 0.746157
vt 0.624341 0.742401
vt 0.636708 0.748191
vt 0.581147 0.741913
vt 0.563526 0.730603
vt 0.579582 0.729384
vt 0.589051 0.736258
vt 0.624136 0.405475
vt 0.628719 0.400460
vt 0.638052 0.388847
vt 0.638537 0.420196
vt 0.619811 0.409073
vt 0.620225 0.396856
vt 0.636170 0.390527
vt 0.617286 0.454358
vt 0.634938 0.494867
vt 0.633050 0.511248
vt 0.625897 0.454973
vt 0.410591 0.484592
vt 0.402882 0.456337
vt 0.481900 0.185503
vt 0.501760 0.195509
vt 0.467970 0.196562
vt 0.499002 0.203803
vt 0.475374 0.213341
vt 0.484933 0.222216
vt 0.469507 0.209683
vt 0.534095 0.217605
vt 0.505191 0.225575
vt 0.531254 0.200158
vt 0.549351 0.214715
vt 0.509303 0.194738
vt 0.522159 0.192665
vt 0.462296 0.055616
vt 0.481284 0.045813
vt 0.470198 0.051521
vt 0.426167 0.186909
vt 0.439668 0.170771
vt 0.435890 0.195245
vt 0.426865 0.166757
vt 0.432691 0.169424
vt 0.423895 0.177430
vt 0.503383 0.196551
vt 0.477980 0.016952
vt 0.447032 0.011964
vt 0.475112 0.006973
vt 0.407241 0.416548
vt 0.401545 0.441245
vt 0.832502 0.941427
vt 0.825498 0.921040
vt 0.857411 0.923623
vt 0.838871 0.903487
vt 0.224087 0.154887
vt 0.226599 0.190517
vt 0.210955 0.167345
vt 0.206057 0.152931
vt 0.196765 0.157461
vt 0.203440 0.183151
vt 0.227344 0.226372
vt 0.231927 0.198492
vt 0.245962 0.234811
vt 0.247950 0.223006
vt 0.237081 0.192654
vt 0.232115 0.191981
vt 0.088539 0.687290
vt 0.102245 0.714640
vt 0.084506 0.720770
vt 0.079698 0.693218
vt 0.107894 0.696754
vt 0.640209 0.756247
vt 0.242445 0.261729
vt 0.219525 0.252590
vt 0.228302 0.275129
vt 0.704191 0.879857
vt 0.680810 0.895813
vt 0.682703 0.878145
vt 0.697011 0.923186
vt 0.697050 0.905511
vt 0.710598 0.915227
vt 0.724586 0.914261
vt 0.716950 0.920558
vt 0.726021 0.895823
vt 0.689051 0.018843
vt 0.666276 0.018042
vt 0.669007 0.008949
vt 0.706044 0.026074
vt 0.673941 0.035350
vt 0.648486 0.038102
vt 0.623740 0.030518
vt 0.931500 0.977697
vt 0.941051 0.978060
vt 0.949814 0.985442
vt 0.947699 0.990447
vt 0.940917 0.993072
vt 0.989437 0.045906
vt 0.985187 0.059129
vt 0.980837 0.055126
vt 0.986040 0.065039
vt 0.972027 0.060119
vt 0.290988 0.921311
vt 0.281223 0.953225
vt 0.271717 0.942646
vt 0.295057 0.945380
vt 0.269260 0.913238
vt 0.732142 0.047662
vt 0.738158 0.033821
vt 0.744488 0.045875
vt 0.748560 0.036483
vt 0.761522 0.035342
vt 0.760401 0.029035
vt 0.761875 0.022721
vt 0.744746 0.022166
vt 0.728543 0.017652
vt 0.859403 0.273105
vt 0.857615 0.262205
vt 0.857201 0.278495
vt 0.835807 0.290615
vt 0.844446 0.284800
vt 0.842033 0.304310
vt 0.844425 0.299640
vt 0.539035 0.980807
vt 0.528270 0.988967
vt 0.527143 0.973542
vt 0.526890 0.972037
vt 0.539260 0.975266
vt 0.526993 0.981430
vt 0.668442 0.854803
vt 0.672507 0.861129
vt 0.667724 0.856085
vt 0.255441 0.970711
vt 0.234733 0.962891
vt 0.244176 0.953669
vt 0.256579 0.963046
vt 0.266868 0.973513
vt 0.252848 0.974865
vt 0.267504 0.968663
vt 0.586148 0.532601
vt 0.573775 0.573758
vt 0.577985 0.544831
vt 0.553005 0.608729
vt 0.563911 0.611902
vt 0.540288 0.619270
vt 0.574973 0.620359
vt 0.586277 0.595077
vt 0.582108 0.580220
vt 0.446909 0.525761
vt 0.429966 0.551266
vt 0.432581 0.531068
vt 0.442618 0.564599
vt 0.478468 0.587275
vt 0.472867 0.535582
vt 0.464151 0.521944
vt 0.494265 0.524134
vt 0.518188 0.575082
vt 0.819734 0.963241
vt 0.822114 0.960029
vt 0.831647 0.962802
vt 0.835800 0.952115
vt 0.857888 0.960984
vt 0.977206 0.830752
vt 0.964720 0.817748
vt 0.981769 0.819013
vt 0.446826 0.593578
vt 0.508213 0.607289
vt 0.500462 0.610214
vt 0.727912 0.148574
vt 0.738686 0.131047
vt 0.751658 0.156360
vt 0.707650 0.139778
vt 0.714851 0.188645
vt 0.691091 0.145163
vt 0.700447 0.182578
vt 0.687669 0.133720
vt 0.679970 0.186148
vt 0.679826 0.193342
vt 0.677419 0.192358
vt 0.679278 0.175362
vt 0.763316 0.134953
vt 0.768330 0.158574
vt 0.751425 0.211507
vt 0.746143 0.210423
vt 0.736068 0.195031
vt 0.198400 0.887960
vt 0.191450 0.872654
vt 0.211032 0.876707
vt 0.191171 0.893179
vt 0.414498 0.376401
vt 0.415492 0.384750
vt 0.838195 0.995961
vt 0.822341 0.995574
vt 0.839557 0.988519
vt 0.834457 0.986773
vt 0.818854 0.986669
vt 0.822113 0.977202
vt 0.839292 0.978896
vt 0.484472 0.505735
vt 0.451106 0.505610
vt 0.468690 0.498843
vt 0.438554 0.464429
vt 0.432914 0.458506
vt 0.445759 0.462140
vt 0.475498 0.492757
vt 0.515966 0.512317
vt 0.529846 0.551902
vt 0.504071 0.492281
vt 0.517129 0.478528
vt 0.520155 0.488478
vt 0.524063 0.496626
vt 0.979128 0.746906
vt 0.982688 0.741305
vt 0.986530 0.735062
vt 0.978715 0.731431
vt 0.975245 0.740054
vt 0.886301 0.361068
vt 0.882286 0.346206
vt 0.898261 0.356596
vt 0.894158 0.344763
vt 0.869652 0.330373
vt 0.028126 0.746030
vt 0.019066 0.740375
vt 0.032399 0.718934
vt 0.501854 0.910792
vt 0.486977 0.909386
vt 0.511916 0.896778
vt 0.487300 0.898686
vt 0.487558 0.888260
vt 0.515096 0.909805
vt 0.511645 0.910426
vt 0.226343 0.866826
vt 0.228308 0.879676
vt 0.219409 0.879127
vt 0.964879 0.728170
vt 0.920153 0.703252
vt 0.945075 0.705696
vt 0.929372 0.686994
vt 0.948493 0.688805
vt 0.927683 0.694083
vt 0.906403 0.724520
vt 0.958010 0.734976
vt 0.926837 0.745970
vt 0.956227 0.751202
vt 0.954329 0.754399
vt 0.942941 0.762867
vt 0.907665 0.753536
vt 0.016683 0.783979
vt 0.013117 0.795269
vt 0.347734 0.500094
vt 0.375355 0.503219
vt 0.332726 0.493091
vt 0.125361 0.531987
vt 0.118114 0.536353
vt 0.113923 0.525405
vt 0.096561 0.533495
vt 0.086056 0.538477
vt 0.078452 0.490018
vt 0.096096 0.511864
vt 0.095230 0.489804
vt 0.209749 0.900930
vt 0.221392 0.914286
vt 0.203723 0.913166
vt 0.228569 0.923420
vt 0.246437 0.907747
vt 0.213968 0.935595
vt 0.742978 0.216189
vt 0.737415 0.212484
vt 0.217903 0.942666
vt 0.250831 0.915972
vt 0.256166 0.920831
vt 0.252790 0.929255
vt 0.891421 0.324669
vt 0.888527 0.280599
vt 0.861707 0.324150
vt 0.435098 0.604649
vt 0.450891 0.603932
vt 0.466167 0.608610
vt 0.445156 0.586095
vt 0.679448 0.172842
vt 0.661647 0.138743
vt 0.094158 0.007395
vt 0.099707 0.002341
vt 0.106490 0.011729
vt 0.529190 0.899366
vt 0.513785 0.884599
vt 0.531074 0.888585
vt 0.514254 0.869555
vt 0.511380 0.871808
vt 0.032265 0.076604
vt 0.013643 0.075543
vt 0.028919 0.061353
vt 0.031923 0.067240
vt 0.037220 0.060605
vt 0.038572 0.058566
vt 0.037511 0.054595
vt 0.029315 0.050681
vt 0.034597 0.048992
vt 0.023655 0.051975
vt 0.019390 0.061787
vt 0.011407 0.069408
vt 0.074555 0.538457
vt 0.065644 0.497973
vt 0.076620 0.548829
vt 0.071073 0.549833
vt 0.931310 0.147959
vt 0.920396 0.122369
vt 0.950619 0.151081
vt 0.899460 0.109713
vt 0.919942 0.102711
vt 0.942664 0.114512
vt 0.107307 0.588603
vt 0.128966 0.591307
vt 0.105793 0.600218
vt 0.132502 0.577869
vt 0.103169 0.577818
vt 0.126872 0.566015
vt 0.155908 0.574444
vt 0.112631 0.555845
vt 0.101637 0.555130
vt 0.101894 0.563957
vt 0.125629 0.431071
vt 0.137388 0.425078
vt 0.126487 0.451677
vt 0.141539 0.434239
vt 0.147589 0.453007
vt 0.125876 0.460208
vt 0.123592 0.461350
vt 0.113107 0.477730
vt 0.133437 0.474951
vt 0.120545 0.483520
vt 0.522213 0.914156
vt 0.538316 0.903861
vt 0.120175 0.828984
vt 0.104415 0.861346
vt 0.095177 0.858374
vt 0.131796 0.836645
vt 0.139060 0.822685
vt 0.109797 0.822561
vt 0.092199 0.856888
vt 0.921259 0.361704
vt 0.928407 0.348559
vt 0.934406 0.352625
vt 0.895101 0.383148
vt 0.901695 0.380506
vt 0.905203 0.383663
vt 0.918964 0.379300
vt 0.914423 0.401702
vt 0.915434 0.415428
vt 0.903471 0.413092
vt 0.925674 0.427121
vt 0.929572 0.419045
vt 0.942363 0.437840
vt 0.953787 0.427177
vt 0.973721 0.404681
vt 0.959334 0.397439
vt 0.970453 0.394720
vt 0.943838 0.396877
vt 0.932091 0.391580
vt 0.931565 0.398753
vt 0.919362 0.392858
vt 0.938168 0.363629
vt 0.944800 0.354038
vt 0.407871 0.520470
vt 0.408285 0.527640
vt 0.405715 0.523308
vt 0.142549 0.597738
vt 0.183071 0.812958
vt 0.157203 0.799710
vt 0.165317 0.787270
vt 0.185032 0.796503
vt 0.202292 0.802367
vt 0.202584 0.815697
vt 0.160555 0.805190
vt 0.502298 0.642614
vt 0.531708 0.632905
vt 0.516574 0.649078
vt 0.554591 0.655056
vt 0.558309 0.633431
vt 0.582002 0.642611
vt 0.572162 0.645539
vt 0.564282 0.651823
vt 0.164180 0.579104
vt 0.155316 0.596698
vt 0.258419 0.791580
vt 0.241043 0.809223
vt 0.241277 0.788721
vt 0.247896 0.835712
vt 0.261998 0.828491
vt 0.256232 0.854544
vt 0.244291 0.852794
vt 0.270249 0.811974
vt 0.266873 0.835160
vt 0.161931 0.841165
vt 0.153429 0.848517
vt 0.146714 0.847564
vt 0.162652 0.849900
vt 0.161495 0.839488
vt 0.179372 0.849763
vt 0.154468 0.813990
vt 0.195155 0.839532
vt 0.033474 0.680497
vt 0.045241 0.682336
vt 0.031339 0.692295
vt 0.022332 0.681324
vt 0.892174 0.951763
vt 0.883751 0.958859
vt 0.882217 0.957477
vt 0.887249 0.951262
vt 0.884090 0.945257
vt 0.881516 0.939734
vt 0.881587 0.937132
vt 0.148122 0.699030
vt 0.145929 0.685434
vt 0.161102 0.692766
vt 0.172675 0.671039
vt 0.193290 0.666752
vt 0.180025 0.699670
vt 0.226978 0.820803
vt 0.222329 0.827562
vt 0.205459 0.837328
vt 0.213790 0.838561
vt 0.338746 0.229460
vt 0.342749 0.240104
vt 0.343469 0.249981
vt 0.328384 0.252923
vt 0.319424 0.228094
vt 0.295845 0.262773
vt 0.286404 0.254461
vt 0.345917 0.217888
vt 0.362367 0.242442
vt 0.362432 0.210650
vt 0.337042 0.196312
vt 0.364249 0.195714
vt 0.331992 0.205312
vt 0.327604 0.185189
vt 0.318551 0.204873
vt 0.290875 0.222827
vt 0.293045 0.201792
vt 0.330880 0.179787
vt 0.274411 0.195984
vt 0.299934 0.181483
vt 0.334586 0.171938
vt 0.174426 0.461991
vt 0.147858 0.482509
vt 0.154812 0.461278
vt 0.126297 0.492824
vt 0.139705 0.499913
vt 0.282131 0.262545
vt 0.286582 0.262026
vt 0.271540 0.221837
vt 0.328493 0.268086
vt 0.310485 0.268883
vt 0.335009 0.221252
vt 0.155472 0.716416
vt 0.146985 0.717928
vt 0.554040 0.044755
vt 0.564179 0.036259
vt 0.570762 0.044754
vt 0.600624 0.035566
vt 0.572400 0.020763
vt 0.609353 0.022108
vt 0.539492 0.024713
vt 0.571870 0.006933
vt 0.608410 0.007798
vt 0.552542 0.007356
vt 0.540352 0.008635
vt 0.526651 0.034068
vt 0.539742 0.034364
vt 0.520642 0.039176
vt 0.528567 0.039752
vt 0.519482 0.043161
vt 0.520034 0.032670
vt 0.337352 0.907614
vt 0.326625 0.932924
vt 0.316190 0.934430
vt 0.330875 0.911553
vt 0.340266 0.924789
vt 0.169011 0.656866
vt 0.176259 0.660043
vt 0.006044 0.858015
vt 0.009071 0.841559
vt 0.014043 0.867208
vt 0.008110 0.869730
vt 0.025830 0.863225
vt 0.015893 0.840896
vt 0.027497 0.844967
vt 0.394263 0.222498
vt 0.403957 0.203912
vt 0.408697 0.225297
vt 0.361796 0.185503
vt 0.391050 0.179752
vt 0.342297 0.266932
vt 0.374480 0.279556
vt 0.364815 0.264035
vt 0.380224 0.276767
vt 0.386386 0.262002
vt 0.353369 0.265915
vt 0.363101 0.276947
vt 0.385687 0.243073
vt 0.024898 0.608416
vt 0.016937 0.602060
vt 0.026175 0.598208
vt 0.011633 0.608746
vt 0.364900 0.924012
vt 0.350628 0.894628
vt 0.546846 0.040745
vt 0.035925 0.847756
vt 0.038044 0.862428
vt 0.043318 0.850027
vt 0.031405 0.877596
vt 0.021595 0.887232
vt 0.012146 0.882687
vt 0.482351 0.880313
vt 0.497112 0.867863
vt 0.505416 0.882210
vt 0.541513 0.886855
vt 0.549081 0.900193
vt 0.529492 0.605923
vt 0.552380 0.896364
vt 0.989467 0.433961
vt 0.992736 0.438884
vt 0.982209 0.440911
vt 0.977984 0.437011
vt 0.685623 0.758302
vt 0.694701 0.769630
vt 0.663914 0.752359
vt 0.670791 0.743189
vt 0.686660 0.742393
vt 0.699694 0.751241
vt 0.692263 0.732189
vt 0.706829 0.730865
vt 0.675092 0.792468
vt 0.657356 0.789560
vt 0.682447 0.790480
vt 0.653675 0.773421
vt 0.656145 0.757786
vt 0.721568 0.953225
vt 0.718204 0.947441
vt 0.734987 0.964656
vt 0.767442 0.952314
vt 0.763183 0.960005
vt 0.732002 0.950400
vt 0.747032 0.968280
vt 0.743374 0.934514
vt 0.746128 0.914995
vt 0.748839 0.914352
vt 0.414400 0.928511
vt 0.419360 0.940048
vt 0.399515 0.918981
vt 0.412932 0.913203
vt 0.391469 0.919211
vt 0.383613 0.929727
vt 0.393781 0.952622
vt 0.424442 0.953532
vt 0.392936 0.912561
vt 0.384554 0.920513
vt 0.387611 0.948398
vt 0.403498 0.955671
vt 0.433296 0.937080
vt 0.730091 0.798886
vt 0.721837 0.785824
vt 0.728207 0.783234
vt 0.736633 0.791742
vt 0.740963 0.805920
vt 0.751699 0.792284
vt 0.749111 0.805718
vt 0.760292 0.805347
vt 0.768094 0.786750
vt 0.782259 0.804588
vt 0.781737 0.797920
vt 0.790837 0.790466
vt 0.791504 0.805925
vt 0.775668 0.787715
vt 0.735850 0.772646
vt 0.737736 0.767692
vt 0.722311 0.779600
vt 0.761028 0.773901
vt 0.334689 0.027773
vt 0.311702 0.055680
vt 0.318570 0.032117
vt 0.337603 0.042391
vt 0.320586 0.068376
vt 0.345807 0.049706
vt 0.346218 0.057022
vt 0.315965 0.019608
vt 0.302150 0.036598
vt 0.352514 0.031734
vt 0.338404 0.012782
vt 0.330353 0.007466
vt 0.349154 0.018938
vt 0.362059 0.035853
vt 0.364487 0.026154
vt 0.377823 0.022502
vt 0.381696 0.015371
vt 0.363577 0.017113
vt 0.378177 0.007371
vt 0.363286 0.007314
vt 0.796510 0.779599
vt 0.785940 0.776286
vt 0.778238 0.766421
vt 0.755749 0.764833
vt 0.649563 0.786870
vt 0.645591 0.782356
vt 0.760095 0.938106
vt 0.067015 0.182667
vt 0.082180 0.187444
vt 0.066676 0.189969
vt 0.083169 0.217125
vt 0.856506 0.385086
vt 0.868221 0.400700
vt 0.848728 0.403723
vt 0.865243 0.380145
vt 0.850720 0.374127
vt 0.833907 0.373761
vt 0.831774 0.394802
vt 0.855024 0.338408
vt 0.809746 0.304227
vt 0.800842 0.312823
vt 0.762019 0.324516
vt 0.764517 0.282802
vt 0.783123 0.322340
vt 0.776031 0.372864
vt 0.745866 0.370535
vt 0.736032 0.332822
vt 0.720921 0.330200
vt 0.744710 0.292741
vt 0.821746 0.321234
vt 0.811191 0.321502
vt 0.794608 0.380314
vt 0.761476 0.397807
vt 0.765998 0.402508
vt 0.778153 0.404783
vt 0.430505 0.914648
vt 0.935745 0.078336
vt 0.940474 0.057015
vt 0.948490 0.063129
vt 0.941987 0.085823
vt 0.940541 0.041784
vt 0.490129 0.986258
vt 0.491987 0.968895
vt 0.506490 0.970015
vt 0.848077 0.412284
vt 0.710643 0.984736
vt 0.712833 0.977776
vt 0.721180 0.976830
vt 0.355780 0.009363
vt 0.513404 0.975743
vt 0.504717 0.991378
vt 0.513514 0.986756
vt 0.297602 0.026111
vt 0.310478 0.006847
vt 0.318390 0.005962
vt 0.321680 0.005793
vt 0.492416 0.044409
vt 0.494647 0.036992
vt 0.499127 0.038444
vt 0.220457 0.445507
vt 0.250857 0.425464
vt 0.248749 0.435489
vt 0.254052 0.386654
vt 0.212404 0.369901
vt 0.207822 0.394764
vt 0.195942 0.440869
vt 0.192751 0.425544
vt 0.191443 0.402044
vt 0.192875 0.387028
vt 0.185281 0.373564
vt 0.185697 0.366766
vt 0.189998 0.358884
vt 0.114740 0.065887
vt 0.104901 0.067576
vt 0.112743 0.057027
vt 0.105566 0.053190
vt 0.101987 0.057006
vt 0.132377 0.052887
vt 0.515548 0.009228
vt 0.517030 0.010833
vt 0.513167 0.018793
vt 0.500926 0.019996
vt 0.500405 0.012782
vt 0.511339 0.010661
vt 0.838462 0.342131
vt 0.874253 0.389084
vt 0.833131 0.422075
vt 0.841051 0.428816
vt 0.836380 0.440636
vt 0.833358 0.441475
vt 0.818834 0.378304
vt 0.822740 0.406598
vt 0.806870 0.390145
vt 0.150747 0.035823
vt 0.135589 0.017434
vt 0.129694 0.022181
vt 0.111188 0.026571
vt 0.118616 0.021658
vt 0.104779 0.035219
vt 0.105746 0.042901
vt 0.106448 0.044159
vt 0.913642 0.009119
vt 0.949414 0.015678
vt 0.946190 0.027625
vt 0.905159 0.021318
vt 0.824880 0.419973
vt 0.821285 0.415771
vt 0.009309 0.955663
vt 0.016587 0.962990
vt 0.015106 0.970971
vt 0.213876 0.521627
vt 0.193639 0.515564
vt 0.208196 0.492101
vt 0.325977 0.075491
vt 0.335601 0.075489
vt 0.912501 0.035147
vt 0.221076 0.537632
vt 0.194743 0.546943
vt 0.349209 0.062689
vt 0.669513 0.934633
vt 0.657911 0.950642
vt 0.662135 0.929805
vt 0.671805 0.929075
vt 0.647589 0.941651
vt 0.650931 0.917614
vt 0.634268 0.926067
vt 0.631771 0.932250
vt 0.657596 0.955287
vt 0.626617 0.953599
vt 0.649822 0.956948
vt 0.163319 0.395911
vt 0.169943 0.379436
vt 0.171659 0.400743
vt 0.154116 0.376374
vt 0.154983 0.390363
vt 0.178792 0.348961
vt 0.145826 0.361392
vt 0.159079 0.348120
vt 0.170168 0.354073
vt 0.144193 0.377950
vt 0.133577 0.399549
vt 0.192401 0.439135
vt 0.189501 0.485186
vt 0.840082 0.164777
vt 0.848889 0.197650
vt 0.842009 0.201388
vt 0.873891 0.217506
vt 0.856402 0.208858
vt 0.888695 0.208342
vt 0.871991 0.199244
vt 0.897643 0.188497
vt 0.902835 0.219274
vt 0.896592 0.223770
vt 0.101975 0.218268
vt 0.104974 0.224715
vt 0.101488 0.226987
vt 0.114301 0.198790
vt 0.109441 0.171111
vt 0.104699 0.201466
vt 0.131201 0.169077
vt 0.117406 0.211125
vt 0.131125 0.207104
vt 0.142176 0.172529
vt 0.238007 0.760437
vt 0.221480 0.739751
vt 0.210063 0.721924
vt 0.185460 0.719250
vt 0.220193 0.769772
vt 0.240444 0.747508
vt 0.180174 0.764147
vt 0.194559 0.780314
vt 0.198417 0.788361
vt 0.246955 0.354957
vt 0.210764 0.344354
vt 0.534893 0.064408
vt 0.567716 0.060640
vt 0.533274 0.084893
vt 0.580572 0.075374
vt 0.565713 0.093858
vt 0.537097 0.108399
vt 0.529093 0.097511
vt 0.518784 0.073707
vt 0.509516 0.059972
vt 0.515557 0.053905
vt 0.497881 0.079423
vt 0.249186 0.770668
vt 0.255819 0.767854
vt 0.893330 0.174519
vt 0.916143 0.177565
vt 0.910662 0.170065
vt 0.862048 0.188958
vt 0.864720 0.175685
vt 0.532612 0.054768
vt 0.095099 0.948998
vt 0.089515 0.949070
vt 0.091860 0.942977
vt 0.109464 0.955446
vt 0.095023 0.962627
vt 0.104326 0.934022
vt 0.113714 0.939748
vt 0.090922 0.968435
vt 0.111617 0.962299
vt 0.105622 0.972772
vt 0.087547 0.935392
vt 0.083994 0.948088
vt 0.082506 0.969826
vt 0.082977 0.960198
vt 0.965175 0.989994
vt 0.965195 0.973209
vt 0.977832 0.988308
vt 0.972449 0.991288
vt 0.973183 0.973141
vt 0.979493 0.969089
vt 0.988845 0.977715
vt 0.982209 0.994391
vt 0.567011 0.216864
vt 0.574865 0.202026
vt 0.577787 0.227738
vt 0.590049 0.211242
vt 0.570295 0.234013
vt 0.585654 0.235622
vt 0.575302 0.250422
vt 0.577027 0.256584
vt 0.597694 0.267685
vt 0.623319 0.269823
vt 0.602335 0.296647
vt 0.632180 0.272658
vt 0.984618 0.964907
vt 0.991195 0.989862
vt 0.612033 0.174452
vt 0.596903 0.174585
vt 0.610332 0.234254
vt 0.593828 0.230684
vt 0.687745 0.580305
vt 0.684977 0.612825
vt 0.660962 0.618018
vt 0.673808 0.569680
vt 0.648756 0.580638
vt 0.661180 0.562388
vt 0.627677 0.599718
vt 0.637652 0.570088
vt 0.619242 0.569513
vt 0.637545 0.552304
vt 0.650019 0.553642
vt 0.679143 0.537505
vt 0.671626 0.533358
vt 0.897883 0.737094
vt 0.883922 0.742241
vt 0.592830 0.838593
vt 0.602729 0.836379
vt 0.607417 0.855307
vt 0.579822 0.846126
vt 0.586918 0.837059
vt 0.691554 0.543087
vt 0.693573 0.524324
vt 0.695990 0.547740
vt 0.555535 0.828931
vt 0.542507 0.803544
vt 0.555014 0.799484
vt 0.569803 0.823371
vt 0.564070 0.806987
vt 0.562530 0.831502
vt 0.631882 0.238156
vt 0.620127 0.171031
vt 0.636925 0.171195
vt 0.650678 0.192175
vt 0.645301 0.236788
vt 0.657190 0.245360
vt 0.639713 0.245565
vt 0.612168 0.238199
vt 0.612489 0.868062
vt 0.618526 0.861197
vt 0.598083 0.870364
vt 0.588739 0.870045
vt 0.573196 0.856409
vt 0.570397 0.864845
vt 0.561377 0.869537
vt 0.559699 0.850462
vt 0.604912 0.654894
vt 0.623669 0.641919
vt 0.615737 0.650985
vt 0.674343 0.632965
vt 0.650631 0.614666
vt 0.637216 0.604620
vt 0.611703 0.586959
vt 0.618404 0.600907
vt 0.092645 0.810798
vt 0.093087 0.807916
vt 0.102988 0.803651
vt 0.105992 0.796048
vt 0.101515 0.793268
vt 0.094267 0.787344
vt 0.115337 0.805249
vt 0.542866 0.839123
vt 0.525196 0.817442
vt 0.517785 0.829803
vt 0.516590 0.843514
vt 0.538877 0.848944
vt 0.532359 0.854571
vt 0.573116 0.846787
vt 0.972801 0.571901
vt 0.971425 0.603727
vt 0.969219 0.570947
vt 0.962756 0.572221
vt 0.959552 0.610697
vt 0.953746 0.573016
vt 0.958302 0.572924
vt 0.962990 0.612595
vt 0.596475 0.289163
vt 0.586616 0.271889
vt 0.592043 0.285715
vt 0.586520 0.281181
vt 0.617548 0.627752
vt 0.600908 0.645304
vt 0.603044 0.611335
vt 0.644742 0.626810
vt 0.665013 0.639018
vt 0.634768 0.645570
vt 0.629685 0.614889
vt 0.598928 0.657155
vt 0.794269 0.152238
vt 0.790115 0.128547
vt 0.799282 0.143248
vt 0.800650 0.170180
vt 0.814233 0.151063
vt 0.822097 0.147716
vt 0.819668 0.161341
vt 0.812433 0.170555
vt 0.795960 0.180492
vt 0.801602 0.185730
vt 0.791829 0.209177
vt 0.788537 0.151221
vt 0.762009 0.078771
vt 0.748710 0.109806
vt 0.744154 0.079514
vt 0.739406 0.095855
vt 0.738317 0.069274
vt 0.727948 0.067117
vt 0.711063 0.064969
vt 0.714303 0.062384
vt 0.704465 0.060606
vt 0.772150 0.220209
vt 0.768598 0.218833
vt 0.772746 0.211307
vt 0.785643 0.218709
vt 0.778683 0.196679
vt 0.024053 0.142711
vt 0.023489 0.115590
vt 0.030230 0.138922
vt 0.143323 0.505799
vt 0.141857 0.509832
vt 0.123402 0.497139
vt 0.120886 0.491775
vt 0.687224 0.952954
vt 0.699739 0.962526
vt 0.671897 0.967245
vt 0.697899 0.969899
vt 0.706391 0.943378
vt 0.685848 0.941881
vt 0.708936 0.941038
vt 0.651299 0.174839
vt 0.642666 0.168752
vt 0.657055 0.251881
vt 0.866149 0.145160
vt 0.849423 0.151837
vt 0.879435 0.134166
vt 0.886427 0.125488
vt 0.905183 0.145168
vt 0.136429 0.765535
vt 0.145996 0.765873
vt 0.148510 0.777422
vt 0.153089 0.771531
vt 0.131364 0.756784
vt 0.142635 0.732411
vt 0.155309 0.740261
vt 0.163371 0.748111
vt 0.161852 0.759720
vt 0.126548 0.790371
vt 0.114374 0.746430
vt 0.113530 0.758109
vt 0.112512 0.776978
vt 0.120620 0.784615
vt 0.824357 0.617033
vt 0.817712 0.603891
vt 0.837615 0.619102
vt 0.827606 0.592467
vt 0.809398 0.585187
vt 0.808338 0.570080
vt 0.838529 0.635569
vt 0.796423 0.573653
vt 0.797708 0.593170
vt 0.793707 0.555104
vt 0.818248 0.546471
vt 0.856852 0.599974
vt 0.841477 0.556888
vt 0.859628 0.576663
vt 0.856785 0.559334
vt 0.857942 0.539682
vt 0.839147 0.525566
vt 0.823222 0.521541
vt 0.839182 0.589475
vt 0.805822 0.522615
vt 0.822248 0.505789
vt 0.815502 0.509305
vt 0.796801 0.588716
vt 0.866422 0.550147
vt 0.119704 0.730429
vt 0.102152 0.739214
vt 0.100035 0.752006
vt 0.106427 0.773510
vt 0.972046 0.780918
vt 0.992332 0.760263
vt 0.994679 0.781274
vt 0.974999 0.792041
vt 0.962713 0.769897
vt 0.985039 0.790662
vt 0.967600 0.765587
vt 0.008314 0.903662
vt 0.011698 0.899238
vt 0.008762 0.925742
vt 0.531015 0.871627
vt 0.794526 0.067594
vt 0.778137 0.074673
vt 0.781039 0.066392
vt 0.800269 0.065112
vt 0.761397 0.066328
vt 0.680464 0.635373
vt 0.606729 0.592383
vt 0.597869 0.582330
vt 0.601639 0.570463
vt 0.870382 0.136893
vt 0.914283 0.162530
vt 0.912335 0.189921
vt 0.908323 0.219644
vt 0.837209 0.027442
vt 0.824524 0.029004
vt 0.843480 0.019185
vt 0.840988 0.013901
vt 0.066377 0.738453
vt 0.071226 0.753040
vt 0.059264 0.750025
vt 0.054587 0.764803
vt 0.058839 0.766933
vt 0.063094 0.771773
vt 0.045157 0.748916
vt 0.046306 0.737003
vt 0.049509 0.710725
vt 0.051424 0.441367
vt 0.064211 0.454858
vt 0.043553 0.447323
vt 0.048556 0.460853
vt 0.073818 0.472655
vt 0.060257 0.475192
vt 0.042484 0.463136
vt 0.046005 0.468089
vt 0.063446 0.724992
vt 0.282322 0.286682
vt 0.276018 0.289282
vt 0.217514 0.296990
vt 0.233388 0.291013
vt 0.603465 0.326232
vt 0.618137 0.344935
vt 0.598206 0.348183
vt 0.643842 0.346975
vt 0.646077 0.361545
vt 0.616551 0.324439
vt 0.629012 0.313463
vt 0.653702 0.334340
vt 0.649884 0.317916
vt 0.676360 0.336532
vt 0.663512 0.329345
vt 0.666145 0.352629
vt 0.692261 0.343325
vt 0.686855 0.358859
vt 0.624352 0.371331
vt 0.601306 0.369257
vt 0.592972 0.369315
vt 0.335333 0.295528
vt 0.326902 0.280109
vt 0.546383 0.684517
vt 0.514751 0.686739
vt 0.509387 0.674477
vt 0.523253 0.673596
vt 0.546880 0.679623
vt 0.550884 0.692509
vt 0.559651 0.679432
vt 0.590462 0.692849
vt 0.563900 0.698975
vt 0.591999 0.717365
vt 0.618603 0.701551
vt 0.600662 0.673021
vt 0.618899 0.667654
vt 0.820246 0.123247
vt 0.850261 0.131226
vt 0.836302 0.131677
vt 0.835600 0.110826
vt 0.810584 0.111409
vt 0.823004 0.088105
vt 0.836061 0.087651
vt 0.828746 0.062955
vt 0.839006 0.070521
vt 0.776532 0.103935
vt 0.800906 0.107668
vt 0.792742 0.115637
vt 0.782459 0.113629
vt 0.798730 0.116711
vt 0.813241 0.083167
vt 0.853392 0.119793
vt 0.848568 0.091731
vt 0.859233 0.111576
vt 0.256319 0.005925
vt 0.256335 0.012050
vt 0.247028 0.005611
vt 0.239920 0.016913
vt 0.239591 0.007672
vt 0.234730 0.014999
vt 0.054985 0.976746
vt 0.040514 0.973937
vt 0.043235 0.965490
vt 0.048295 0.963669
vt 0.056938 0.965586
vt 0.068323 0.968379
vt 0.068323 0.971554
vt 0.576027 0.141866
vt 0.565979 0.128397
vt 0.591043 0.125110
vt 0.553348 0.138678
vt 0.539827 0.147304
vt 0.572073 0.165873
vt 0.543808 0.169248
vt 0.548739 0.186739
vt 0.573349 0.175228
vt 0.079785 0.250880
vt 0.082084 0.235428
vt 0.096415 0.251848
vt 0.096821 0.238307
vt 0.097621 0.279774
vt 0.086730 0.276409
vt 0.119844 0.251670
vt 0.107644 0.281021
vt 0.135037 0.249197
vt 0.133235 0.255384
vt 0.120430 0.282630
vt 0.055877 0.987012
vt 0.041509 0.990173
vt 0.538358 0.129047
vt 0.531609 0.138311
vt 0.510516 0.137797
vt 0.525335 0.119371
vt 0.504802 0.130312
vt 0.483827 0.137225
vt 0.482624 0.128885
vt 0.479074 0.132664
vt 0.553946 0.115554
vt 0.792401 0.089213
vt 0.857424 0.127378
vt 0.604782 0.123332
vt 0.592948 0.130851
vt 0.607148 0.119833
vt 0.601236 0.118433
vt 0.593324 0.119060
vt 0.581930 0.120971
vt 0.316476 0.497874
vt 0.301586 0.498428
vt 0.309015 0.486362
vt 0.290653 0.480897
vt 0.322959 0.541736
vt 0.300889 0.523908
vt 0.290483 0.508803
vt 0.283124 0.491490
vt 0.544617 0.187841
vt 0.539558 0.174095
vt 0.533548 0.153303
vt 0.328345 0.544510
vt 0.302114 0.411585
vt 0.289287 0.391250
vt 0.295965 0.381386
vt 0.519354 0.118058
vt 0.280178 0.399318
vt 0.285134 0.430942
vt 0.297226 0.432666
vt 0.312321 0.426872
vt 0.307320 0.443600
vt 0.282561 0.443081
vt 0.285304 0.458938
vt 0.308039 0.456005
vt 0.310692 0.470776
vt 0.318446 0.487440
vt 0.321935 0.479651
vt 0.618075 0.108671
vt 0.640856 0.112528
vt 0.627119 0.114552
vt 0.645925 0.084734
vt 0.637456 0.126314
vt 0.720877 0.555456
vt 0.743278 0.535548
vt 0.740925 0.560523
vt 0.710530 0.552714
vt 0.709707 0.544283
vt 0.728956 0.538009
vt 0.712308 0.574397
vt 0.731376 0.579862
vt 0.726208 0.591125
vt 0.715322 0.588243
vt 0.737531 0.570185
vt 0.753566 0.549054
vt 0.702014 0.639178
vt 0.707061 0.650465
vt 0.009101 0.503602
vt 0.011019 0.493935
vt 0.018442 0.507656
vt 0.208012 0.281764
vt 0.204009 0.283601
vt 0.286570 0.810688
vt 0.793862 0.973926
vt 0.799286 0.971335
vt 0.784806 0.967918
vt 0.485519 0.795206
vt 0.471644 0.786201
vt 0.515543 0.773999
vt 0.483260 0.771132
vt 0.528348 0.785138
vt 0.531311 0.768588
vt 0.535384 0.779227
vt 0.522033 0.795312
vt 0.490775 0.799819
vt 0.778092 0.969338
vt 0.772212 0.973886
vt 0.566222 0.974682
vt 0.577170 0.992218
vt 0.561019 0.977042
vt 0.760401 0.644946
vt 0.753636 0.620698
vt 0.761042 0.623242
vt 0.759417 0.602768
vt 0.775083 0.609936
vt 0.780067 0.599695
vt 0.777864 0.590911
vt 0.731162 0.605082
vt 0.764208 0.590225
vt 0.768125 0.577179
vt 0.744081 0.562581
vt 0.770973 0.565874
vt 0.777357 0.579519
vt 0.874720 0.663489
vt 0.855559 0.650864
vt 0.885747 0.655299
vt 0.881748 0.643219
vt 0.856978 0.646120
vt 0.886361 0.666285
vt 0.894061 0.653062
vt 0.888042 0.647899
vt 0.888846 0.631481
vt 0.871855 0.644079
vt 0.902835 0.629076
vt 0.903101 0.635854
vt 0.840546 0.677400
vt 0.838526 0.662163
vt 0.898733 0.692349
vt 0.653967 0.116184
vt 0.649010 0.135058
vt 0.672990 0.099555
vt 0.666423 0.076582
vt 0.698447 0.111631
vt 0.694678 0.111760
vt 0.641297 0.134700
vt 0.693150 0.115171
vt 0.952835 0.910369
vt 0.959252 0.919475
vt 0.965852 0.920764
vt 0.924179 0.897521
vt 0.927188 0.891482
vt 0.328586 0.950433
vt 0.333533 0.963905
vt 0.306812 0.947956
vt 0.306676 0.949413
vt 0.342065 0.971774
vt 0.342126 0.957847
vt 0.344373 0.945134
vt 0.399464 0.825336
vt 0.382592 0.840452
vt 0.391574 0.821286
vt 0.361281 0.840416
vt 0.349002 0.833320
vt 0.332019 0.842732
vt 0.712170 0.619886
vt 0.715081 0.621822
vt 0.795471 0.821665
vt 0.801332 0.832898
vt 0.783551 0.817842
vt 0.773816 0.819025
vt 0.771466 0.827479
vt 0.768669 0.841025
vt 0.153502 0.955466
vt 0.154839 0.981729
vt 0.136956 0.961287
vt 0.142112 0.955155
vt 0.483612 0.950559
vt 0.481720 0.950673
vt 0.483262 0.947036
vt 0.501226 0.947394
vt 0.492900 0.933468
vt 0.496504 0.922311
vt 0.486351 0.923735
vt 0.474333 0.929237
vt 0.470941 0.943333
vt 0.468270 0.934761
vt 0.459958 0.937132
vt 0.472383 0.954905
vt 0.467903 0.954533
vt 0.636352 0.977147
vt 0.627570 0.967556
vt 0.647408 0.967547
vt 0.645435 0.983953
vt 0.646265 0.985224
vt 0.648577 0.978553
vt 0.572294 0.370980
vt 0.598223 0.356718
vt 0.581346 0.372090
vt 0.823700 0.852895
vt 0.817713 0.856201
vt 0.823992 0.831740
vt 0.809767 0.811542
vt 0.807299 0.848544
vt 0.798030 0.848013
vt 0.790312 0.851835
vt 0.785554 0.851579
vt 0.772284 0.849730
vt 0.704069 0.078960
vt 0.688919 0.078793
vt 0.684725 0.061989
vt 0.675081 0.057383
vt 0.669688 0.058134
vt 0.662358 0.064883
vt 0.615429 0.082468
vt 0.623935 0.072484
vt 0.641569 0.064012
vt 0.064873 0.061918
vt 0.048777 0.051869
vt 0.066181 0.046215
vt 0.055664 0.064078
vt 0.059040 0.037488
vt 0.049688 0.030699
vt 0.050880 0.027250
vt 0.091141 0.034763
vt 0.079958 0.025338
vt 0.082238 0.069882
vt 0.069952 0.072272
vt 0.088690 0.062012
vt 0.058714 0.075245
vt 0.056319 0.071760
vt 0.163881 0.006100
vt 0.169288 0.006629
vt 0.166183 0.020505
vt 0.319903 0.410061
vt 0.321884 0.397401
vt 0.329800 0.408092
vt 0.742934 0.615636
vt 0.549286 0.938739
vt 0.536344 0.923352
vt 0.548234 0.925903
vt 0.549849 0.955077
vt 0.557305 0.956658
vt 0.537495 0.943210
vt 0.527479 0.957724
vt 0.519251 0.947769
vt 0.514785 0.956881
vt 0.598167 0.912066
vt 0.599178 0.892606
vt 0.605053 0.892737
vt 0.607234 0.904542
vt 0.588976 0.902749
vt 0.580151 0.884499
vt 0.597729 0.888611
vt 0.574757 0.897376
vt 0.609970 0.923466
vt 0.595874 0.934920
vt 0.582645 0.915424
vt 0.571791 0.929325
vt 0.571519 0.936051
vt 0.642594 0.375351
vt 0.528340 0.933730
vt 0.307359 0.381818
vt 0.314441 0.378632
vt 0.319764 0.450387
vt 0.561789 0.917101
vt 0.563074 0.900524
vt 0.295867 0.522201
vt 0.283163 0.512369
vt 0.268959 0.495934
vt 0.258945 0.506714
vt 0.241759 0.498761
vt 0.257761 0.476333
vt 0.661469 0.369058
vt 0.327056 0.419598
vt 0.271695 0.466319
vt 0.260347 0.473442
vt 0.247446 0.488840
vt 0.691446 0.332693
vt 0.690412 0.329982
vt 0.693268 0.348582
vt 0.549347 0.258352
vt 0.565823 0.262549
vt 0.556844 0.287164
vt 0.528230 0.259567
vt 0.547062 0.231413
vt 0.549011 0.238569
vt 0.551919 0.246168
vt 0.515615 0.244071
vt 0.528867 0.233023
vt 0.496992 0.255199
vt 0.501069 0.272660
vt 0.455191 0.269155
vt 0.550879 0.301635
vt 0.544879 0.284075
vt 0.523580 0.277433
vt 0.521790 0.295519
vt 0.494691 0.284562
vt 0.504145 0.305163
vt 0.743202 0.887432
vt 0.736364 0.897441
vt 0.734261 0.905328
vt 0.131482 0.709124
vt 0.127091 0.703693
vt 0.205371 0.236428
vt 0.200561 0.213690
vt 0.265609 0.563008
vt 0.249117 0.557047
vt 0.265960 0.547572
vt 0.248203 0.570063
vt 0.242171 0.581451
vt 0.275372 0.598415
vt 0.279471 0.584585
vt 0.291780 0.626615
vt 0.292477 0.602141
vt 0.294671 0.565975
vt 0.278012 0.556563
vt 0.266689 0.531011
vt 0.190882 0.216387
vt 0.198498 0.207819
vt 0.373230 0.615826
vt 0.332960 0.638638
vt 0.332426 0.615769
vt 0.381436 0.624414
vt 0.311736 0.575515
vt 0.352828 0.598753
vt 0.278021 0.635193
vt 0.259429 0.608493
vt 0.241872 0.635359
vt 0.233877 0.650832
vt 0.208723 0.654981
vt 0.203445 0.651233
vt 0.214517 0.619352
vt 0.226164 0.588683
vt 0.306350 0.644305
vt 0.313540 0.651775
vt 0.847852 0.720338
vt 0.861921 0.745342
vt 0.849618 0.746058
vt 0.865802 0.730790
vt 0.772729 0.893262
vt 0.772816 0.883846
vt 0.802224 0.883123
vt 0.776158 0.868373
vt 0.761429 0.892552
vt 0.763170 0.865158
vt 0.910317 0.898437
vt 0.904876 0.883601
vt 0.909902 0.882075
vt 0.900085 0.902417
vt 0.884963 0.891627
vt 0.890243 0.885994
vt 0.584569 0.672590
vt 0.399277 0.704934
vt 0.423533 0.700954
vt 0.401835 0.711959
vt 0.419551 0.720096
vt 0.437266 0.708832
vt 0.428159 0.718256
vt 0.435752 0.724530
vt 0.459245 0.702801
vt 0.453377 0.683047
vt 0.480047 0.691544
vt 0.452026 0.715741
vt 0.451667 0.719866
vt 0.814915 0.877161
vt 0.812743 0.879467
vt 0.591358 0.956647
vt 0.611372 0.969011
vt 0.600679 0.969644
vt 0.384077 0.709537
vt 0.377525 0.709247
vt 0.417392 0.678031
vt 0.461492 0.660937
vt 0.371361 0.686222
vt 0.357993 0.698818
vt 0.350094 0.677261
vt 0.405825 0.665054
vt 0.363652 0.712264
vt 0.639038 0.817440
vt 0.633431 0.807733
vt 0.651907 0.810810
vt 0.638744 0.797910
vt 0.656174 0.822318
vt 0.636222 0.820008
vt 0.362477 0.669436
vt 0.372086 0.660194
vt 0.386813 0.648997
vt 0.440906 0.626005
vt 0.437964 0.624793
vt 0.421885 0.620930
vt 0.423484 0.617465
vt 0.399111 0.604633
vt 0.399160 0.616789
vt 0.395014 0.634673
vt 0.620818 0.821818
vt 0.625311 0.836202
vt 0.645822 0.830349
vt 0.681739 0.810975
vt 0.677487 0.819636
vt 0.114387 0.119859
vt 0.119285 0.109285
vt 0.121738 0.131976
vt 0.128841 0.109483
vt 0.112400 0.136494
vt 0.111242 0.139591
vt 0.113660 0.141455
vt 0.125380 0.141188
vt 0.140890 0.126184
vt 0.150023 0.134923
vt 0.140853 0.152481
vt 0.150687 0.157303
vt 0.162590 0.144494
vt 0.166165 0.130980
vt 0.164441 0.118568
vt 0.137710 0.094552
vt 0.117251 0.090555
vt 0.155971 0.101837
vt 0.837678 0.721031
vt 0.835669 0.730336
vt 0.266428 0.026357
vt 0.276062 0.024244
vt 0.254103 0.037937
vt 0.270786 0.053461
vt 0.228973 0.029518
vt 0.238370 0.040488
vt 0.210624 0.044362
vt 0.231101 0.058084
vt 0.251567 0.069307
vt 0.204019 0.677679
vt 0.835527 0.752297
vt 0.847400 0.765154
vt 0.833851 0.775393
vt 0.254233 0.891464
vt 0.258529 0.883680
vt 0.295292 0.857030
vt 0.857347 0.620361
vt 0.275783 0.074721
vt 0.262804 0.080067
vt 0.272444 0.863647
vt 0.292441 0.847715
vt 0.309678 0.858997
vt 0.292158 0.893303
vt 0.486003 0.824826
vt 0.469633 0.841079
vt 0.428139 0.829074
vt 0.420733 0.844292
vt 0.472735 0.815396
vt 0.432173 0.816093
vt 0.460268 0.801130
vt 0.436318 0.802168
vt 0.439550 0.855536
vt 0.473215 0.854839
vt 0.867834 0.757292
vt 0.869710 0.759619
vt 0.858242 0.777497
vt 0.208258 0.096083
vt 0.186906 0.110871
vt 0.194120 0.090342
vt 0.195662 0.059365
vt 0.211599 0.064805
vt 0.210629 0.103120
vt 0.226504 0.078155
vt 0.232276 0.074238
vt 0.239217 0.083104
vt 0.359877 0.173368
vt 0.606055 0.947113
vt 0.610674 0.954050
vt 0.317913 0.167789
vt 0.845116 0.789679
vt 0.945873 0.462454
vt 0.944923 0.458143
vt 0.956307 0.452281
vt 0.975313 0.456175
vt 0.940124 0.458607
vt 0.442626 0.725363
vt 0.445051 0.723907
vt 0.314619 0.895143
vt 0.330568 0.878925
vt 0.326344 0.887553
vt 0.329639 0.870265
vt 0.018488 0.226699
vt 0.026220 0.225798
vt 0.023431 0.242904
vt 0.031810 0.220355
vt 0.045602 0.234860
vt 0.063537 0.233008
vt 0.065977 0.226962
vt 0.041553 0.249545
vt 0.038730 0.253128
vt 0.449031 0.643884
vt 0.453133 0.632535
vt 0.462036 0.645830
vt 0.417031 0.852128
vt 0.128566 0.076588
vt 0.126325 0.084309
vt 0.124256 0.081581
vt 0.119151 0.085732
vt 0.461630 0.283541
vt 0.450104 0.247596
vt 0.443200 0.282819
vt 0.445656 0.287606
vt 0.975339 0.107504
vt 0.961428 0.106862
vt 0.968499 0.092896
vt 0.966462 0.078624
vt 0.955458 0.083512
vt 0.973642 0.116816
vt 0.981691 0.098213
vt 0.485815 0.244982
vt 0.436277 0.225713
vt 0.423581 0.239901
vt 0.429364 0.229351
vt 0.429664 0.251409
vt 0.422978 0.245831
vt 0.169678 0.110675
vt 0.438498 0.264092
vt 0.016544 0.164304
vt 0.019624 0.170721
vt 0.014287 0.165764
vt 0.205059 0.601084
vt 0.182148 0.625420
vt 0.174138 0.614022
vt 0.204652 0.608361
vt 0.181704 0.573835
vt 0.187607 0.565912
vt 0.203376 0.577706
vt 0.191923 0.581663
vt 0.180518 0.585239
vt 0.188585 0.596277
vt 0.174384 0.604146
vt 0.165845 0.613092
vt 0.167362 0.628809
vt 0.167653 0.639528
vt 0.184072 0.639727
vt 0.157109 0.418870
vt 0.176215 0.410260
vt 0.141062 0.369049
vt 0.950090 0.805474
vt 0.933602 0.802819
vt 0.951599 0.799329
vt 0.932707 0.788112
vt 0.941148 0.780308
vt 0.948540 0.784521
vt 0.949867 0.781872
vt 0.950912 0.780482
vt 0.916028 0.784172
vt 0.909754 0.804298
vt 0.627746 0.918696
vt 0.624973 0.928820
vt 0.904154 0.805548
vt 0.905540 0.789072
vt 0.911998 0.779970
vt 0.890452 0.798169
vt 0.178365 0.347189
vt 0.876806 0.788427
vt 0.891372 0.788474
vt 0.875670 0.792638
vt 0.884979 0.781833
vt 0.891968 0.777266
vt 0.877828 0.808829
vt 0.198033 0.585574
vt 0.065035 0.018139
vt 0.980775 0.651314
vt 0.974069 0.632732
vt 0.990856 0.647593
vt 0.967531 0.635088
vt 0.968876 0.627838
vt 0.974730 0.626181
vt 0.982782 0.640845
vt 0.995834 0.637417
vt 0.988791 0.619844
vt 0.995514 0.621733
vt 0.997357 0.647263
vt 0.035851 0.190038
vt 0.031029 0.195500
vt 0.029847 0.190778
vt 0.031538 0.173415
vt 0.038395 0.174929
vt 0.044765 0.163874
vt 0.048964 0.173780
vt 0.071509 0.310795
vt 0.076040 0.308363
vt 0.078532 0.330818
vt 0.066410 0.324908
vt 0.076074 0.359438
vt 0.067283 0.357735
vt 0.063934 0.342779
vt 0.082407 0.334244
vt 0.085141 0.353551
vt 0.798513 0.539793
vt 0.808624 0.519280
vt 0.189997 0.034519
vt 0.188143 0.017645
vt 0.194953 0.019040
vt 0.174522 0.039859
vt 0.175641 0.062202
vt 0.156704 0.059746
vt 0.161739 0.087203
vt 0.159722 0.084631
vt 0.156232 0.075017
vt 0.130097 0.634188
vt 0.115481 0.621537
vt 0.116624 0.620177
vt 0.139033 0.629395
vt 0.144879 0.646282
vt 0.127258 0.667408
vt 0.113924 0.626367
vt 0.120215 0.635710
vt 0.678610 0.455221
vt 0.700840 0.458411
vt 0.709646 0.474806
vt 0.716792 0.449759
vt 0.735246 0.463111
vt 0.727799 0.441968
vt 0.705868 0.427611
vt 0.741758 0.440751
vt 0.745324 0.458568
vt 0.741503 0.473922
vt 0.719388 0.495304
vt 0.676218 0.465347
vt 0.668774 0.449201
vt 0.675813 0.432276
vt 0.729878 0.415595
vt 0.731210 0.500580
vt 0.720863 0.511658
vt 0.696800 0.501531
vt 0.680613 0.504479
vt 0.661959 0.478574
vt 0.664337 0.507949
vt 0.658097 0.489382
vt 0.649240 0.465902
vt 0.655643 0.446660
vt 0.646919 0.447663
vt 0.645306 0.439176
vt 0.655697 0.425757
vt 0.706420 0.412355
vt 0.133191 0.668814
vt 0.143362 0.657931
vt 0.151437 0.625336
vt 0.744450 0.408852
vt 0.719753 0.396768
vt 0.872864 0.866336
vt 0.844939 0.856491
vt 0.854645 0.838363
vt 0.024545 0.368626
vt 0.025211 0.375042
vt 0.024185 0.376876
vt 0.834118 0.860498
vt 0.836526 0.876377
vt 0.853120 0.886645
vt 0.045464 0.202899
vt 0.870634 0.844313
vt 0.680704 0.249358
vt 0.687022 0.288187
vt 0.672179 0.280779
vt 0.703514 0.259422
vt 0.695331 0.240991
vt 0.723866 0.247867
vt 0.736010 0.264509
vt 0.742100 0.241390
vt 0.731367 0.231019
vt 0.684317 0.235713
vt 0.697269 0.226275
vt 0.657865 0.283839
vt 0.660987 0.273360
vt 0.702666 0.294758
vt 0.722638 0.294195
vt 0.729212 0.282334
vt 0.265511 0.094611
vt 0.276095 0.089284
vt 0.972543 0.041042
vt 0.971312 0.040913
vt 0.060276 0.418516
vt 0.035312 0.664936
vt 0.032110 0.669541
vt 0.031325 0.667244
vt 0.031013 0.665671
vt 0.219325 0.118917
vt 0.230657 0.135896
vt 0.242722 0.147933
vt 0.140764 0.886589
vt 0.145626 0.889529
vt 0.133512 0.891974
vt 0.763572 0.990900
vt 0.748443 0.990741
vt 0.746218 0.987388
vt 0.295354 0.763318
vt 0.271456 0.363694
vt 0.265385 0.357724
vt 0.088496 0.736825
vt 0.084862 0.738292
vt 0.191393 0.192780
vt 0.185279 0.202383
vt 0.979021 0.843657
vt 0.986320 0.848122
vt 0.982235 0.850655
vt 0.974295 0.846018
vt 0.982006 0.231659
vt 0.989353 0.231824
vt 0.981141 0.239754
vt 0.617745 0.887282
vt 0.327332 0.995947
vt 0.332510 0.983346
vt 0.328796 0.991835
vt 0.339224 0.994363
vt 0.212915 0.993634
vt 0.221017 0.985066
vt 0.214150 0.994989
vt 0.235026 0.988995
vt 0.226928 0.980261
vt 0.236918 0.981876
vt 0.306425 0.777114
vt 0.303401 0.781627
vt 0.946546 0.480478
vt 0.557838 0.447811
vt 0.828319 0.902552
vt 0.828718 0.909481
vt 0.645710 0.008257
vt 0.635582 0.023085
vt 0.626380 0.006955
vt 0.626371 0.024694
vt 0.100509 0.137939
vt 0.846471 0.279716
vt 0.023043 0.089060
vt 0.036363 0.089610
vt 0.978360 0.486174
vt 0.972772 0.483617
vt 0.975558 0.475120
vt 0.967490 0.477205
vt 0.971326 0.475745
vt 0.981834 0.484959
vt 0.982001 0.475147
vt 0.985106 0.475035
vt 0.985053 0.484257
vt 0.938812 0.091746
vt 0.938406 0.089058
vt 0.917049 0.985284
vt 0.918315 0.978054
vt 0.920914 0.988913
vt 0.015470 0.559327
vt 0.027273 0.554865
vt 0.689950 0.935039
vt 0.684948 0.933497
vt 0.918029 0.991121
vt 0.881608 0.223789
vt 0.538839 0.801351
vt 0.103666 0.187731
vt 0.099871 0.172460
vt 0.759697 0.225791
vt 0.758195 0.226254
vt 0.469314 0.976330
vt 0.466741 0.981674
vt 0.466970 0.966418
vt 0.463794 0.977950
vt 0.797170 0.130416
vt 0.968086 0.611576
vt 0.979617 0.804819
vt 0.978398 0.803355
vt 0.983275 0.805307
vt 0.114749 0.489499
vt 0.927716 0.764422
vt 0.973058 0.423495
vt 0.005252 0.929433
vt 0.838544 0.013390
vt 0.046389 0.766138
vt 0.346731 0.281373
vt 0.768795 0.543046
vt 0.753025 0.633771
vt 0.646423 0.141161
vt 0.725929 0.089606
vt 0.479707 0.928875
vt 0.567179 0.890113
vt 0.840849 0.716330
vt 0.838668 0.716691
vt 0.351356 0.932459
vt 0.017601 0.669088
vt 0.020039 0.670065
vt 0.014187 0.670065
vt 0.623444 0.065708
vt 0.616971 0.070172
vt 0.129139 0.678180
s 1
f 6/1/1 18/2/2 2/3/3
f 18/2/2 5/4/4 2/3/3
f 2/3/3 5/4/4 1/5/5
f 60/6/6 59/7/7 61/8/8
f 60/6/6 61/8/8 68/9/9
f 59/7/7 60/6/6 77/10/10
f 59/7/7 105/11/11 61/8/8
f 105/11/11 59/7/7 77/10/10
f 171/12/12 182/13/13 115/14/14
f 134/15/15 171/12/12 115/14/14
f 77/10/10 115/14/14 182/13/13
f 90/16/16 77/10/10 60/6/6
f 90/16/16 134/15/15 115/14/14
f 90/16/16 115/14/14 77/10/10
f 61/17/8 105/18/11 121/19/17
f 81/20/18 107/21/19 194/22/20
f 61/17/8 107/21/19 81/20/18
f 81/20/18 68/23/9 61/17/8
f 60/24/6 68/23/9 90/25/16
f 68/26/9 81/27/18 113/28/21
f 90/29/16 68/26/9 130/30/22
f 130/30/22 68/26/9 113/28/21
f 282/31/23 130/30/22 196/32/24
f 282/31/23 228/33/25 130/30/22
f 282/31/23 337/34/26 292/35/27
f 134/15/15 90/16/16 228/36/25
f 132/37/28 91/38/29 96/39/30
f 132/37/28 105/40/11 206/41/31
f 132/37/28 206/41/31 116/42/32
f 132/37/28 116/42/32 91/38/29
f 116/42/32 100/43/33 91/38/29
f 197/44/34 166/45/35 113/46/21
f 130/47/22 113/46/21 166/45/35
f 166/45/35 196/48/24 130/47/22
f 196/49/24 166/45/35 209/50/36
f 77/10/10 182/13/13 105/11/11
f 206/51/31 105/11/11 182/13/13
f 130/30/22 228/33/25 90/29/16
f 134/52/15 228/33/25 190/53/37
f 190/54/37 132/55/28 96/56/30
f 132/55/28 190/54/37 208/57/38
f 132/55/28 208/57/38 105/58/11
f 296/59/39 171/60/12 298/61/40
f 298/61/40 171/60/12 186/62/41
f 186/62/41 310/63/42 298/61/40
f 186/62/41 163/64/43 310/63/42
f 310/63/42 163/64/43 245/65/44
f 209/66/36 194/67/20 197/44/34
f 209/50/36 313/68/45 308/69/46
f 313/68/45 209/50/36 166/45/35
f 308/69/46 194/70/20 209/50/36
f 195/71/47 194/22/20 107/21/19
f 194/22/20 195/71/47 256/72/48
f 197/73/34 194/22/20 256/72/48
f 107/21/19 61/17/8 121/19/17
f 107/21/19 121/19/17 195/71/47
f 401/74/49 256/72/48 195/71/47
f 208/75/38 121/19/17 105/18/11
f 195/71/47 121/19/17 208/76/38
f 337/77/26 195/71/47 292/78/27
f 292/78/27 195/71/47 208/76/38
f 134/79/15 190/80/37 171/60/12
f 171/60/12 190/80/37 96/81/30
f 171/60/12 96/81/30 114/82/50
f 114/82/50 186/62/41 171/60/12
f 114/82/50 126/83/51 186/62/41
f 126/83/51 144/84/52 186/62/41
f 144/84/52 163/64/43 186/62/41
f 230/85/53 190/86/37 228/87/25
f 282/88/23 230/85/53 228/87/25
f 282/88/23 292/89/27 230/85/53
f 345/90/54 292/89/27 234/91/55
f 234/92/55 292/93/27 208/94/38
f 234/92/55 208/94/38 162/95/56
f 123/96/57 162/95/56 190/97/37
f 190/97/37 162/95/56 208/94/38
f 123/96/57 183/98/58 162/95/56
f 183/98/58 91/99/29 119/100/59
f 91/99/29 183/98/58 123/96/57
f 196/101/24 308/102/46 365/103/60
f 194/104/20 308/102/46 196/101/24
f 308/102/46 479/105/61 365/103/60
f 196/106/24 365/107/60 392/108/62
f 453/109/63 477/110/64 365/107/60
f 453/109/63 365/107/60 506/111/65
f 392/108/62 282/112/23 196/106/24
f 492/113/66 401/114/49 477/110/64
f 401/114/49 451/115/67 337/116/26
f 392/108/62 402/117/68 282/112/23
f 282/112/23 402/117/68 385/118/69
f 492/119/66 402/117/68 392/108/62
f 402/117/68 492/119/66 477/120/64
f 453/121/63 492/119/66 392/108/62
f 477/120/64 385/118/69 402/117/68
f 385/118/69 477/120/64 392/122/62
f 337/77/26 451/123/67 195/71/47
f 401/74/49 195/71/47 451/123/67
f 507/124/70 452/125/71 256/126/48
f 313/127/45 166/128/35 256/126/48
f 308/129/46 313/127/45 479/130/61
f 479/130/61 313/127/45 452/125/71
f 452/125/71 313/127/45 256/126/48
f 479/131/61 452/132/71 506/133/65
f 521/134/72 506/133/65 452/132/71
f 521/134/72 452/132/71 520/135/73
f 552/136/74 562/137/75 521/134/72
f 521/134/72 520/135/73 552/136/74
f 374/138/76 445/139/77 430/140/78
f 523/141/79 475/142/80 445/139/77
f 475/142/80 430/140/78 445/139/77
f 445/139/77 519/143/81 523/141/79
f 548/144/82 554/145/83 545/146/84
f 545/146/84 523/141/79 519/143/81
f 545/146/84 519/143/81 564/147/85
f 521/148/72 562/149/75 532/150/86
f 506/151/65 365/152/60 532/150/86
f 492/153/66 365/152/60 401/154/49
f 492/153/66 532/150/86 365/152/60
f 492/153/66 453/155/63 521/148/72
f 453/155/63 506/156/65 521/148/72
f 521/148/72 532/150/86 492/153/66
f 532/150/86 562/149/75 613/157/87
f 637/158/88 678/159/89 613/157/87
f 562/149/75 637/158/88 613/157/87
f 374/160/76 524/161/90 445/162/77
f 374/160/76 430/163/78 386/164/91
f 386/164/91 296/165/39 374/160/76
f 296/165/39 378/166/92 374/160/76
f 374/160/76 333/167/93 468/168/94
f 468/168/94 606/169/95 374/160/76
f 675/170/96 601/171/97 524/161/90
f 675/170/96 524/161/90 606/169/95
f 606/169/95 524/161/90 374/160/76
f 519/172/81 445/173/77 524/161/90
f 577/174/98 507/175/70 479/176/61
f 594/177/99 556/178/100 581/179/101
f 610/180/102 594/177/99 581/179/101
f 610/180/102 704/181/103 702/182/104
f 610/180/102 581/179/101 577/174/98
f 577/174/98 660/183/105 610/180/102
f 577/174/98 532/184/86 613/185/87
f 532/184/86 577/174/98 479/176/61
f 507/175/70 577/174/98 581/179/101
f 577/174/98 613/185/87 660/183/105
f 556/186/100 520/187/73 452/188/71
f 452/188/71 507/189/70 556/186/100
f 556/186/100 594/190/99 563/191/106
f 563/191/106 594/190/99 620/192/107
f 520/193/73 556/186/100 582/194/108
f 552/195/74 520/196/73 562/197/75
f 562/197/75 520/196/73 582/194/108
f 637/198/88 562/197/75 632/199/109
f 670/200/110 632/199/109 563/191/106
f 594/190/99 737/201/111 620/192/107
f 620/192/107 670/200/110 563/191/106
f 556/186/100 563/191/106 582/194/108
f 562/197/75 582/194/108 563/191/106
f 562/197/75 563/191/106 632/199/109
f 535/202/112 483/203/113 628/204/114
f 535/202/112 628/204/114 652/205/115
f 535/202/112 652/205/115 636/206/116
f 509/207/117 535/202/112 636/208/116
f 628/204/114 637/209/88 652/210/115
f 628/204/114 345/211/54 529/212/118
f 628/204/114 529/212/118 661/213/119
f 606/214/95 625/215/120 636/216/116
f 695/217/121 675/218/96 606/214/95
f 636/216/116 695/217/121 606/214/95
f 517/219/122 371/220/123 381/221/124
f 575/222/125 517/219/122 381/221/124
f 381/221/124 625/215/120 575/222/125
f 625/215/120 606/214/95 575/222/125
f 575/222/125 516/223/126 517/219/122
f 516/223/126 575/222/125 468/224/94
f 468/224/94 575/222/125 606/214/95
f 702/182/104 594/177/99 610/180/102
f 749/225/127 737/226/111 594/227/99
f 749/225/127 594/227/99 702/228/104
f 749/225/127 702/228/104 810/229/128
f 749/225/127 810/229/128 884/230/129
f 810/229/128 881/231/130 884/230/129
f 881/231/130 1008/232/131 884/230/129
f 884/230/129 1008/232/131 985/233/132
f 1008/232/131 983/234/133 985/233/132
f 884/230/129 958/235/134 897/236/135
f 884/230/129 897/236/135 838/237/136
f 884/230/129 838/237/136 749/225/127
f 749/225/127 838/237/136 737/226/111
f 726/238/137 770/239/138 769/240/139
f 660/241/105 726/238/137 769/240/139
f 660/241/105 613/242/87 726/238/137
f 690/243/140 678/244/89 661/245/119
f 628/246/114 661/245/119 678/244/89
f 678/244/89 726/238/137 613/242/87
f 620/247/107 737/248/111 670/249/110
f 637/250/88 632/251/109 748/252/141
f 637/250/88 748/252/141 713/253/142
f 854/254/143 875/255/144 748/252/141
f 1007/256/145 948/257/146 875/255/144
f 1007/256/145 875/255/144 854/254/143
f 910/258/147 983/259/133 854/254/143
f 910/258/147 854/254/143 791/260/148
f 854/254/143 748/252/141 791/260/148
f 632/251/109 670/249/110 737/248/111
f 737/248/111 791/260/148 632/251/109
f 632/251/109 791/260/148 748/252/141
f 675/261/96 695/262/121 714/263/149
f 714/263/149 695/262/121 764/264/150
f 601/265/97 714/263/149 640/266/151
f 601/265/97 519/267/81 524/268/90
f 637/250/88 713/253/142 652/269/115
f 796/270/152 652/269/115 713/253/142
f 713/253/142 748/252/141 804/271/153
f 799/272/154 713/253/142 804/271/153
f 799/272/154 796/270/152 713/253/142
f 882/273/155 799/272/154 804/271/153
f 746/274/156 695/275/121 636/276/116
f 746/274/156 636/276/116 652/277/115
f 793/278/157 746/274/156 652/277/115
f 704/279/103 715/280/158 881/281/130
f 913/282/159 881/281/130 715/280/158
f 913/282/159 715/280/158 802/283/160
f 810/284/128 704/279/103 881/281/130
f 704/279/103 810/284/128 702/285/104
f 610/286/102 715/280/158 704/279/103
f 726/238/137 678/244/89 690/243/140
f 773/287/161 726/238/137 690/243/140
f 711/288/162 773/287/161 727/289/163
f 690/243/140 727/289/163 773/287/161
f 4/290/164 3/291/165 1/292/5
f 5/293/4 4/290/164 1/292/5
f 3/291/165 4/290/164 10/294/166
f 1/292/5 3/291/165 2/295/3
f 11/296/167 3/297/165 10/294/166
f 138/298/168 177/299/169 30/300/170
f 18/301/2 30/300/170 4/290/164
f 100/302/33 76/303/171 40/304/172
f 100/302/33 40/304/172 10/294/166
f 100/302/33 10/294/166 4/290/164
f 100/302/33 4/290/164 30/300/170
f 64/305/173 7/306/174 11/307/167
f 64/305/173 11/307/167 40/308/172
f 11/307/167 7/306/174 3/309/165
f 2/3/3 3/309/165 7/306/174
f 2/3/3 7/306/174 6/1/1
f 6/1/1 7/306/174 35/310/175
f 37/311/176 35/310/175 7/306/174
f 50/312/177 37/311/176 7/306/174
f 50/312/177 7/306/174 64/305/173
f 5/313/4 18/314/2 4/315/164
f 138/316/168 30/317/170 18/314/2
f 141/318/178 18/314/2 6/319/1
f 141/318/178 6/319/1 35/320/175
f 37/321/176 50/322/177 126/323/51
f 126/323/51 114/324/50 37/321/176
f 127/325/179 35/326/175 37/321/176
f 177/327/169 37/321/176 164/328/180
f 177/327/169 127/325/179 37/321/176
f 18/314/2 141/318/178 138/316/168
f 157/329/181 116/42/32 163/330/43
f 163/330/43 116/42/32 206/41/31
f 163/330/43 206/41/31 233/331/182
f 163/330/43 233/331/182 245/332/44
f 233/331/182 206/41/31 182/333/13
f 160/334/183 233/331/182 182/333/13
f 328/335/184 233/331/182 160/334/183
f 100/302/33 119/336/59 91/337/29
f 123/96/57 114/338/50 91/99/29
f 116/339/32 76/303/171 100/302/33
f 76/303/171 144/340/52 99/341/185
f 40/304/172 99/341/185 64/342/173
f 127/343/179 141/344/178 35/345/175
f 177/346/169 291/347/186 321/348/187
f 321/348/187 127/343/179 177/346/169
f 141/344/178 236/349/188 104/350/189
f 148/351/190 185/352/191 141/344/178
f 141/344/178 104/350/189 97/353/192
f 212/354/193 128/355/194 236/349/188
f 212/354/193 236/349/188 290/356/195
f 212/354/193 290/356/195 281/357/196
f 212/354/193 281/358/196 168/359/197
f 168/359/197 128/355/194 212/354/193
f 128/355/194 168/359/197 104/350/189
f 104/350/189 168/359/197 137/360/198
f 104/350/189 137/360/198 97/353/192
f 97/353/192 137/360/198 139/361/199
f 141/344/178 97/353/192 148/351/190
f 114/324/50 120/362/200 37/321/176
f 261/363/201 164/328/180 120/362/200
f 120/362/200 164/328/180 37/321/176
f 123/364/57 120/365/200 114/366/50
f 315/367/202 299/368/203 230/85/53
f 315/367/202 230/85/53 345/90/54
f 292/89/27 345/90/54 230/85/53
f 345/90/54 628/369/114 483/370/113
f 483/370/113 434/371/204 345/90/54
f 434/371/204 397/372/205 315/367/202
f 397/372/205 198/373/206 315/367/202
f 299/368/203 315/367/202 198/373/206
f 230/85/53 299/368/203 198/373/206
f 345/90/54 434/371/204 315/367/202
f 123/364/57 198/373/206 120/365/200
f 120/365/200 198/373/206 261/374/201
f 434/371/204 483/370/113 535/375/112
f 397/372/205 434/371/204 509/376/117
f 509/376/117 434/371/204 535/375/112
f 183/377/58 119/378/59 193/379/207
f 193/379/207 119/380/59 164/381/180
f 193/379/207 261/382/201 244/383/208
f 261/382/201 193/379/207 164/381/180
f 261/382/201 353/384/209 205/385/210
f 353/384/209 347/386/211 205/385/210
f 347/386/211 291/387/186 221/388/212
f 221/388/212 291/387/186 177/389/169
f 177/389/169 138/316/168 221/388/212
f 221/388/212 138/316/168 185/390/191
f 347/386/211 221/388/212 205/385/210
f 261/382/201 205/385/210 244/383/208
f 244/383/208 205/385/210 226/391/213
f 205/385/210 183/392/58 193/393/207
f 185/390/191 162/394/56 205/385/210
f 124/395/214 185/390/191 148/396/190
f 162/394/56 183/392/58 205/385/210
f 138/316/168 141/318/178 185/390/191
f 221/388/212 185/390/191 205/385/210
f 30/300/170 177/299/169 119/336/59
f 119/336/59 177/299/169 164/397/180
f 30/300/170 119/336/59 100/302/33
f 139/398/199 191/399/215 112/400/216
f 145/401/217 191/399/215 271/402/218
f 191/399/215 139/403/199 318/404/219
f 334/405/220 341/406/221 372/407/222
f 191/399/215 334/405/220 271/402/218
f 334/405/220 191/399/215 341/406/221
f 124/408/214 112/409/216 145/410/217
f 124/408/214 97/411/192 112/409/216
f 97/411/192 139/412/199 112/409/216
f 145/410/217 112/409/216 191/413/215
f 145/410/217 271/414/218 334/415/220
f 345/416/54 234/417/55 409/418/223
f 345/416/54 409/418/223 529/419/118
f 711/420/162 661/421/119 693/422/224
f 693/422/224 661/421/119 612/423/225
f 612/423/225 661/421/119 529/419/118
f 612/423/225 529/419/118 508/424/226
f 529/419/118 409/418/223 464/425/227
f 508/424/226 529/419/118 464/425/227
f 123/364/57 190/86/37 230/85/53
f 123/364/57 230/85/53 198/373/206
f 162/426/56 185/427/191 234/417/55
f 234/417/55 185/427/191 255/428/228
f 409/418/223 389/429/229 464/425/227
f 389/429/229 409/418/223 234/417/55
f 389/429/229 234/417/55 255/428/228
f 334/430/220 403/431/230 464/425/227
f 334/430/220 464/425/227 389/429/229
f 124/408/214 148/432/190 97/433/192
f 236/349/188 141/344/178 355/434/231
f 416/435/232 236/349/188 355/434/231
f 321/348/187 355/434/231 141/344/178
f 321/348/187 141/344/178 127/343/179
f 443/436/233 321/348/187 347/437/211
f 321/348/187 443/436/233 355/434/231
f 124/408/214 255/438/228 185/439/191
f 145/410/217 255/438/228 124/408/214
f 255/438/228 145/410/217 334/440/220
f 389/441/229 255/438/228 334/440/220
f 137/442/198 439/443/234 372/444/222
f 387/445/235 351/446/236 439/443/234
f 372/444/222 439/443/234 351/446/236
f 168/447/197 281/448/196 137/442/198
f 319/449/237 281/450/196 290/451/195
f 397/452/205 261/453/201 198/454/206
f 397/452/205 509/455/117 381/456/124
f 397/452/205 381/456/124 261/453/201
f 257/457/238 353/458/209 261/453/201
f 261/453/201 381/456/124 257/457/238
f 371/459/123 295/460/239 381/456/124
f 347/461/211 353/462/209 443/463/233
f 349/464/240 443/463/233 353/462/209
f 348/465/241 349/464/240 231/466/242
f 231/466/242 200/467/243 348/465/241
f 200/467/243 295/468/239 348/465/241
f 490/469/244 403/470/230 406/471/245
f 508/472/226 459/473/246 490/469/244
f 612/474/225 508/472/226 490/469/244
f 508/472/226 464/475/227 403/470/230
f 403/470/230 459/473/246 508/472/226
f 406/476/245 334/430/220 372/477/222
f 351/478/236 406/476/245 372/479/222
f 490/469/244 459/473/246 403/470/230
f 341/480/221 139/481/199 372/444/222
f 372/444/222 139/481/199 137/442/198
f 405/482/247 340/483/248 364/484/249
f 469/485/250 405/482/247 364/484/249
f 406/471/245 351/486/236 405/482/247
f 490/469/244 406/471/245 405/482/247
f 469/485/250 612/474/225 490/469/244
f 405/482/247 469/485/250 490/469/244
f 387/487/235 287/488/251 469/489/250
f 387/487/235 204/490/252 287/488/251
f 287/488/251 224/491/253 505/492/254
f 537/493/255 287/488/251 505/492/254
f 287/488/251 537/493/255 469/489/250
f 469/489/250 537/493/255 612/494/225
f 550/495/256 648/496/257 551/497/258
f 319/498/237 290/499/195 416/500/232
f 416/500/232 355/501/231 549/502/259
f 290/499/195 236/503/188 416/500/232
f 257/504/238 349/464/240 353/462/209
f 257/504/238 231/466/242 349/464/240
f 387/487/235 373/505/260 351/506/236
f 387/487/235 469/489/250 373/505/260
f 549/507/259 645/508/261 646/509/262
f 646/509/262 663/510/263 416/511/232
f 439/512/234 137/513/198 281/514/196
f 439/512/234 281/514/196 525/515/264
f 639/516/265 439/512/234 525/515/264
f 651/517/266 642/518/267 525/515/264
f 692/519/268 642/518/267 651/517/266
f 710/520/269 692/519/268 651/517/266
f 686/521/270 692/519/268 710/520/269
f 710/522/269 651/517/266 659/523/271
f 663/524/263 651/517/266 525/515/264
f 387/525/235 550/526/256 242/527/272
f 509/528/117 625/215/120 381/221/124
f 587/529/273 549/530/259 443/463/233
f 387/445/235 439/443/234 639/531/265
f 648/532/257 650/533/274 514/534/275
f 514/534/275 650/533/274 505/535/254
f 612/536/225 537/537/255 683/538/276
f 537/537/255 650/533/274 683/538/276
f 683/538/276 650/533/274 686/539/270
f 692/540/268 686/539/270 629/541/277
f 692/540/268 629/541/277 642/542/267
f 629/541/277 686/539/270 650/533/274
f 650/533/274 550/543/256 629/541/277
f 387/544/235 642/542/267 629/541/277
f 387/544/235 629/541/277 550/543/256
f 549/545/259 355/546/231 443/547/233
f 645/548/261 587/549/273 682/550/278
f 639/551/265 642/552/267 387/553/235
f 525/554/264 642/552/267 639/551/265
f 549/507/259 646/509/262 416/511/232
f 650/533/274 537/537/255 505/535/254
f 484/555/279 525/556/264 281/557/196
f 416/500/232 663/558/263 569/559/280
f 569/559/280 663/558/263 593/560/281
f 560/561/282 569/559/280 614/562/283
f 593/560/281 493/563/284 614/562/283
f 593/560/281 484/564/279 493/563/284
f 569/559/280 593/560/281 614/562/283
f 509/207/117 636/565/116 625/566/120
f 587/567/273 559/568/285 669/569/286
f 559/568/285 587/567/273 443/570/233
f 645/571/261 549/572/259 587/567/273
f 721/573/287 735/574/288 747/575/289
f 754/576/290 693/577/224 721/573/287
f 747/575/289 754/578/290 721/573/287
f 646/509/262 645/508/261 663/510/263
f 663/510/263 645/508/261 651/579/266
f 645/508/261 659/580/271 651/579/266
f 659/580/271 674/581/291 710/582/269
f 674/581/291 659/580/271 681/583/292
f 593/560/281 663/558/263 525/584/264
f 593/560/281 525/584/264 484/564/279
f 694/585/293 661/245/119 711/586/162
f 690/243/140 723/587/294 727/289/163
f 727/289/163 694/588/293 711/288/162
f 690/243/140 661/245/119 694/585/293
f 690/243/140 694/585/293 723/587/294
f 645/589/261 681/590/292 659/591/271
f 693/422/224 612/423/225 683/592/276
f 693/422/224 683/592/276 681/590/292
f 693/422/224 681/590/292 721/593/287
f 681/594/292 682/595/278 721/573/287
f 735/574/288 721/573/287 682/595/278
f 681/594/292 645/596/261 682/595/278
f 587/549/273 669/597/286 684/598/295
f 587/549/273 684/598/295 682/550/278
f 697/599/296 689/600/297 669/601/286
f 707/602/298 689/600/297 697/599/296
f 689/600/297 707/602/298 728/603/299
f 745/604/300 689/600/297 728/603/299
f 689/600/297 760/605/301 682/606/278
f 760/605/301 689/600/297 787/607/302
f 682/606/278 760/605/301 735/608/288
f 780/609/303 728/603/299 753/610/304
f 728/603/299 780/609/303 745/604/300
f 823/611/305 872/612/306 787/607/302
f 872/612/306 880/613/307 787/607/302
f 888/614/308 787/607/302 880/613/307
f 727/289/163 723/587/294 694/588/293
f 773/615/161 711/616/162 775/617/309
f 865/618/310 773/615/161 775/617/309
f 775/617/309 904/619/311 865/618/310
f 726/620/137 773/615/161 865/618/310
f 747/575/289 735/574/288 760/621/301
f 711/622/162 754/623/290 775/624/309
f 693/625/224 754/623/290 711/622/162
f 741/626/312 762/627/313 783/628/314
f 741/626/312 783/628/314 770/629/138
f 779/630/315 741/626/312 744/631/316
f 744/631/316 794/632/317 779/630/315
f 741/626/312 779/630/315 762/627/313
f 744/631/316 741/626/312 770/629/138
f 783/628/314 769/633/139 770/629/138
f 674/634/291 681/635/292 686/539/270
f 686/539/270 681/635/292 683/538/276
f 689/600/297 745/604/300 823/611/305
f 787/607/302 689/600/297 823/611/305
f 728/603/299 758/636/318 753/610/304
f 753/610/304 758/636/318 743/637/319
f 728/603/299 707/602/298 758/636/318
f 660/638/105 769/639/139 802/283/160
f 913/282/159 1006/640/320 965/641/321
f 1042/642/322 1006/640/320 1076/643/323
f 965/641/321 1006/640/320 1042/642/322
f 881/281/130 913/282/159 965/641/321
f 965/641/321 1004/644/324 881/281/130
f 1109/645/325 1008/646/131 1108/647/326
f 1109/645/325 1108/647/326 1145/648/327
f 1073/649/328 1008/646/131 1004/644/324
f 1004/644/324 1008/646/131 881/281/130
f 797/650/329 746/651/156 747/652/289
f 746/651/156 850/653/330 747/654/289
f 833/655/331 747/656/289 760/657/301
f 747/656/289 833/655/331 867/658/332
f 867/658/332 833/655/331 842/659/333
f 890/660/334 867/658/332 842/659/333
f 779/630/315 794/632/317 832/661/335
f 794/632/317 866/662/336 832/661/335
f 779/630/315 832/661/335 897/663/135
f 744/664/316 770/665/138 827/666/337
f 707/667/298 811/668/338 758/669/318
f 767/670/339 707/671/298 697/672/296
f 707/667/298 767/670/339 811/668/338
f 758/673/318 885/674/340 889/675/341
f 885/674/340 853/676/342 889/675/341
f 855/677/343 937/678/344 784/679/345
f 855/677/343 784/679/345 752/680/346
f 855/677/343 752/680/346 806/681/347
f 743/682/319 758/673/318 752/680/346
f 752/680/346 758/673/318 806/681/347
f 743/682/319 752/680/346 733/683/348
f 885/684/340 758/669/318 811/668/338
f 885/684/340 842/685/333 853/686/342
f 47/687/349 36/688/350 44/689/351
f 67/690/352 44/689/351 36/688/350
f 67/690/352 36/688/350 48/691/353
f 36/688/350 43/692/354 49/693/355
f 74/694/356 101/695/357 161/696/358
f 161/696/358 267/697/359 74/694/356
f 161/696/358 101/695/357 131/698/360
f 161/696/358 131/698/360 377/699/361
f 48/691/353 36/688/350 74/694/356
f 88/700/362 48/691/353 74/694/356
f 55/701/363 48/691/353 88/700/362
f 278/702/364 44/689/351 225/703/365
f 225/703/365 44/689/351 154/704/366
f 67/690/352 154/704/366 44/689/351
f 67/690/352 46/705/367 154/704/366
f 135/706/368 154/704/366 46/705/367
f 135/706/368 46/705/367 41/707/369
f 46/705/367 67/690/352 25/708/370
f 25/708/370 67/690/352 48/691/353
f 25/708/370 48/691/353 55/701/363
f 25/708/370 55/701/363 22/709/371
f 78/710/372 101/711/357 49/712/355
f 95/713/373 78/710/372 211/714/374
f 305/715/375 78/710/372 335/716/376
f 335/716/376 441/717/377 305/715/375
f 106/718/378 47/719/349 160/720/183
f 43/721/354 47/719/349 106/718/378
f 43/721/354 106/718/378 109/722/379
f 43/721/354 36/723/350 47/719/349
f 47/719/349 44/724/351 160/720/183
f 43/721/354 78/710/372 49/712/355
f 78/710/372 43/721/354 109/722/379
f 106/718/378 174/725/380 109/722/379
f 174/725/380 106/718/378 269/726/381
f 174/725/380 335/716/376 78/710/372
f 446/727/382 335/716/376 329/728/383
f 329/728/383 422/729/384 446/727/382
f 422/729/384 329/728/383 269/726/381
f 106/718/378 160/720/183 269/726/381
f 269/726/381 160/720/183 422/730/384
f 211/731/374 75/732/385 95/733/373
f 75/734/385 38/735/386 95/733/373
f 22/736/371 79/737/387 38/735/386
f 262/738/388 425/739/389 176/740/390
f 262/738/388 513/741/391 425/739/389
f 56/742/392 262/738/388 176/740/390
f 84/743/393 38/735/386 79/737/387
f 131/744/360 84/743/393 79/737/387
f 38/735/386 84/743/393 95/733/373
f 95/733/373 84/743/393 78/745/372
f 176/740/390 131/744/360 79/737/387
f 377/746/361 176/740/390 425/739/389
f 176/740/390 377/746/361 131/744/360
f 425/739/389 515/747/394 377/746/361
f 84/743/393 131/744/360 101/748/357
f 78/745/372 84/743/393 101/748/357
f 56/749/392 55/701/363 136/750/395
f 55/701/363 88/700/362 136/750/395
f 136/750/395 297/751/396 460/752/397
f 297/751/396 88/700/362 74/694/356
f 297/751/396 74/694/356 267/697/359
f 55/701/363 56/749/392 22/709/371
f 262/753/388 56/749/392 146/754/398
f 146/754/398 56/749/392 136/750/395
f 460/752/397 146/754/398 136/750/395
f 136/750/395 88/700/362 297/751/396
f 460/752/397 297/751/396 586/755/399
f 633/756/400 297/751/396 487/757/401
f 487/757/401 297/751/396 267/697/359
f 267/697/359 161/696/358 528/758/402
f 528/758/402 161/696/358 377/699/361
f 515/759/394 528/758/402 377/699/361
f 446/760/382 422/761/384 413/762/403
f 335/763/376 446/760/382 440/764/404
f 335/763/376 440/764/404 441/765/377
f 310/766/42 441/765/377 440/764/404
f 446/760/382 413/762/403 440/764/404
f 413/762/403 422/761/384 354/767/405
f 327/768/406 413/762/403 354/767/405
f 336/769/407 413/762/403 327/768/406
f 413/762/403 336/769/407 298/770/40
f 182/333/13 324/771/408 160/334/183
f 422/772/384 160/334/183 354/773/405
f 327/774/406 354/773/405 160/334/183
f 327/774/406 160/334/183 324/771/408
f 324/775/408 296/776/39 327/768/406
f 324/775/408 182/777/13 296/776/39
f 171/778/12 296/776/39 182/777/13
f 378/779/92 296/776/39 298/780/40
f 386/781/91 378/782/92 361/783/409
f 361/783/409 378/782/92 336/769/407
f 386/781/91 361/783/409 296/776/39
f 296/776/39 361/783/409 336/769/407
f 296/776/39 336/769/407 327/768/406
f 336/769/407 378/782/92 298/770/40
f 278/784/364 328/335/184 160/334/183
f 160/334/183 44/785/351 278/784/364
f 286/786/410 278/784/364 225/787/365
f 245/332/44 233/331/182 328/335/184
f 245/332/44 328/335/184 278/784/364
f 157/329/181 163/330/43 286/788/410
f 157/329/181 286/788/410 283/789/411
f 268/790/412 157/329/181 283/789/411
f 269/726/381 329/728/383 174/725/380
f 329/728/383 335/716/376 174/725/380
f 154/791/366 467/792/413 380/793/414
f 467/792/413 154/791/366 135/794/368
f 467/792/413 611/795/415 561/796/416
f 467/792/413 561/796/416 380/793/414
f 618/797/417 561/796/416 588/798/418
f 435/799/419 588/798/418 561/796/416
f 435/799/419 561/796/416 441/800/377
f 561/796/416 305/801/375 441/800/377
f 211/802/374 305/801/375 510/803/420
f 605/804/421 305/801/375 561/796/416
f 510/803/420 305/801/375 605/804/421
f 211/802/374 78/805/372 305/806/375
f 378/807/92 386/808/91 430/140/78
f 333/809/93 374/810/76 378/807/92
f 333/809/93 378/807/92 468/811/94
f 378/807/92 430/140/78 475/142/80
f 475/142/80 523/141/79 616/812/422
f 616/812/422 579/813/423 475/142/80
f 579/813/423 596/814/424 494/815/425
f 579/813/423 616/812/422 596/814/424
f 554/145/83 523/141/79 545/146/84
f 523/141/79 554/145/83 616/812/422
f 413/762/403 298/770/40 310/766/42
f 310/766/42 245/816/44 278/817/364
f 413/762/403 310/766/42 440/764/404
f 286/818/410 411/819/426 278/820/364
f 435/821/419 411/819/426 533/822/427
f 533/822/427 411/819/426 380/823/414
f 596/824/424 588/825/418 533/822/427
f 435/821/419 533/822/427 588/825/418
f 435/821/419 441/826/377 310/827/42
f 435/821/419 310/827/42 278/820/364
f 435/821/419 278/820/364 411/819/426
f 411/828/426 286/829/410 338/830/428
f 522/831/429 411/828/426 497/832/430
f 497/833/430 338/830/428 450/834/431
f 522/835/429 450/834/431 411/836/426
f 411/836/426 450/834/431 225/837/365
f 225/837/365 450/834/431 338/830/428
f 338/830/428 497/832/430 411/828/426
f 268/838/412 283/839/411 338/830/428
f 411/840/426 154/841/366 380/842/414
f 154/841/366 411/840/426 225/843/365
f 618/844/417 380/842/414 561/845/416
f 618/844/417 588/846/418 548/847/82
f 538/848/432 548/847/82 536/849/433
f 548/847/82 538/848/432 643/850/434
f 643/850/434 634/851/435 548/847/82
f 548/847/82 634/851/435 618/844/417
f 618/844/417 621/852/436 533/853/427
f 621/852/436 570/854/437 533/853/427
f 536/855/433 540/856/438 538/857/432
f 536/855/433 548/144/82 545/146/84
f 588/858/418 596/814/424 616/812/422
f 588/858/418 616/812/422 554/145/83
f 146/754/398 460/752/397 513/859/391
f 146/754/398 513/859/391 262/753/388
f 533/853/427 380/842/414 618/844/417
f 564/860/85 519/267/81 601/265/97
f 602/861/439 633/756/400 487/757/401
f 487/757/401 267/697/359 528/758/402
f 640/266/151 564/860/85 601/265/97
f 536/862/433 545/863/84 568/864/440
f 536/862/433 568/864/440 576/865/441
f 640/266/151 630/866/442 568/864/440
f 630/866/442 640/266/151 719/867/443
f 630/866/442 719/867/443 717/868/444
f 545/863/84 640/266/151 568/864/440
f 640/266/151 714/263/149 719/867/443
f 719/867/443 714/263/149 764/264/150
f 764/264/150 874/869/445 719/867/443
f 641/870/446 643/871/434 538/872/432
f 696/873/447 641/870/446 655/874/448
f 643/871/434 641/870/446 696/873/447
f 761/875/449 696/873/447 738/876/450
f 655/874/448 738/876/450 696/873/447
f 630/877/442 717/878/444 655/874/448
f 655/874/448 717/878/444 738/876/450
f 719/879/443 738/876/450 717/878/444
f 655/874/448 641/870/446 576/880/441
f 576/880/441 641/870/446 538/872/432
f 540/881/438 576/880/441 538/872/432
f 540/881/438 536/882/433 576/880/441
f 576/880/441 568/883/440 630/877/442
f 576/880/441 630/877/442 655/874/448
f 633/884/400 602/885/439 528/886/402
f 633/884/400 528/886/402 515/887/394
f 633/884/400 515/887/394 668/888/451
f 515/887/394 634/851/435 668/888/451
f 643/850/434 668/888/451 634/851/435
f 668/888/451 643/850/434 602/889/439
f 528/886/402 602/885/439 643/890/434
f 618/844/417 634/851/435 687/891/452
f 621/852/436 618/844/417 687/891/452
f 687/891/452 706/892/453 665/893/454
f 706/892/453 687/891/452 708/894/455
f 515/895/394 510/803/420 605/804/421
f 634/896/435 515/895/394 605/804/421
f 297/897/396 633/898/400 586/899/399
f 586/899/399 673/900/456 687/901/452
f 673/900/456 708/902/455 687/901/452
f 634/903/435 586/899/399 687/901/452
f 720/904/457 730/905/458 673/900/456
f 720/904/457 677/906/459 736/907/460
f 677/906/459 720/904/457 673/900/456
f 673/900/456 602/908/439 487/909/401
f 677/906/459 673/900/456 487/909/401
f 516/910/126 468/811/94 579/813/423
f 494/815/425 371/911/123 517/912/122
f 579/813/423 494/815/425 517/912/122
f 517/912/122 516/910/126 579/813/423
f 468/811/94 378/807/92 475/142/80
f 468/811/94 475/142/80 579/813/423
f 619/913/461 460/914/397 586/899/399
f 586/899/399 565/915/462 619/913/461
f 513/916/391 460/917/397 653/918/463
f 653/918/463 460/914/397 619/913/461
f 545/863/84 564/860/85 640/266/151
f 673/900/456 633/898/400 668/919/451
f 673/900/456 668/919/451 602/908/439
f 605/804/421 611/795/415 634/896/435
f 611/795/415 605/804/421 561/796/416
f 555/920/464 494/815/425 596/814/424
f 555/920/464 596/814/424 533/921/427
f 555/920/464 533/921/427 570/922/437
f 467/792/413 565/923/462 586/924/399
f 467/792/413 634/896/435 611/795/415
f 634/896/435 467/792/413 586/924/399
f 621/852/436 687/891/452 665/893/454
f 621/852/436 665/893/454 570/854/437
f 739/925/465 677/926/459 696/927/447
f 677/926/459 643/928/434 696/927/447
f 730/929/458 720/930/457 809/931/466
f 730/929/458 809/931/466 803/932/467
f 922/933/468 803/932/467 809/931/466
f 809/931/466 720/930/457 922/934/468
f 829/935/469 739/936/465 761/937/449
f 696/938/447 761/937/449 739/936/465
f 677/939/459 739/936/465 736/940/460
f 708/902/455 673/900/456 730/905/458
f 730/941/458 785/942/470 706/943/453
f 706/943/453 708/944/455 730/941/458
f 730/941/458 803/945/467 785/942/470
f 738/876/450 719/879/443 814/946/471
f 815/947/472 829/935/469 761/937/449
f 815/947/472 886/948/473 829/935/469
f 886/948/473 815/947/472 878/949/474
f 738/950/450 815/951/472 761/952/449
f 845/953/475 790/954/476 887/955/477
f 947/956/478 970/957/479 887/955/477
f 814/958/471 947/956/478 887/955/477
f 790/954/476 814/958/471 887/955/477
f 815/951/472 738/950/450 790/954/476
f 790/954/476 738/950/450 814/958/471
f 19/959/480 20/960/481 25/961/370
f 25/961/370 22/962/371 19/959/480
f 20/960/481 19/959/480 38/963/386
f 22/962/371 38/963/386 19/959/480
f 38/963/386 75/964/385 20/960/481
f 75/964/385 82/965/482 20/960/481
f 63/966/483 42/967/484 34/968/485
f 34/968/485 62/969/486 63/966/483
f 62/969/486 94/970/487 63/966/483
f 94/971/487 66/972/488 63/973/483
f 42/974/484 63/975/483 66/972/488
f 75/976/385 436/977/489 179/978/490
f 436/977/489 75/976/385 356/979/491
f 82/980/482 75/976/385 179/978/490
f 126/981/51 50/982/177 144/983/52
f 144/983/52 50/982/177 147/984/492
f 200/985/243 147/984/492 215/986/493
f 200/985/243 215/986/493 295/460/239
f 215/986/493 257/457/238 295/460/239
f 257/457/238 215/986/493 231/987/242
f 231/987/242 215/986/493 129/988/494
f 129/988/494 215/986/493 147/984/492
f 129/988/494 147/984/492 50/982/177
f 129/988/494 50/982/177 64/989/173
f 157/990/181 76/303/171 116/991/32
f 223/992/495 144/340/52 157/990/181
f 157/990/181 144/340/52 76/303/171
f 99/341/185 40/304/172 76/303/171
f 64/342/173 99/341/185 129/993/494
f 99/341/185 144/340/52 200/994/243
f 200/994/243 220/995/496 129/993/494
f 200/994/243 129/993/494 99/341/185
f 200/994/243 231/996/242 220/995/496
f 163/997/43 144/998/52 235/999/497
f 270/1000/498 268/1001/412 235/999/497
f 235/999/497 268/1001/412 163/997/43
f 144/998/52 223/1002/495 235/999/497
f 286/1003/410 268/1004/412 338/1005/428
f 268/1004/412 286/1003/410 163/64/43
f 223/1006/495 157/1007/181 268/1008/412
f 268/1008/412 270/1009/498 223/1006/495
f 272/1010/499 235/1011/497 223/1006/495
f 270/1009/498 275/1012/500 223/1006/495
f 82/1013/482 199/1014/501 135/1015/368
f 467/1016/413 504/1017/502 565/1018/462
f 570/1019/437 504/1017/502 474/1020/503
f 179/1021/490 504/1017/502 199/1014/501
f 232/1022/504 436/1023/489 356/1024/491
f 232/1022/504 303/1025/505 436/1023/489
f 303/1025/505 232/1022/504 264/1026/506
f 247/1027/507 232/1022/504 227/1028/508
f 232/1022/504 247/1027/507 264/1026/506
f 247/1027/507 350/1029/509 249/1030/510
f 474/1031/503 504/1032/502 179/1033/490
f 179/1033/490 199/1034/501 82/1035/482
f 220/1036/496 231/1037/242 129/1038/494
f 264/1026/506 388/1039/511 303/1025/505
f 187/1040/512 251/1041/513 264/1026/506
f 266/1042/514 279/1043/515 276/1044/516
f 294/1045/517 266/1042/514 359/1046/518
f 382/1047/519 294/1045/517 408/1048/520
f 461/1049/521 294/1045/517 382/1047/519
f 359/1046/518 408/1048/520 294/1045/517
f 360/1050/522 474/1051/503 179/1052/490
f 408/1048/520 360/1050/522 437/1053/523
f 408/1048/520 437/1053/523 382/1047/519
f 461/1049/521 382/1047/519 437/1053/523
f 276/1044/516 279/1054/515 476/1055/524
f 559/1056/285 443/1057/233 352/1058/525
f 266/1042/514 352/1058/525 359/1046/518
f 352/1058/525 266/1042/514 276/1044/516
f 553/1059/526 631/1060/527 415/1061/528
f 631/1060/527 553/1059/526 644/1062/529
f 135/794/368 199/1063/501 467/792/413
f 199/1063/501 504/1064/502 467/792/413
f 235/1065/497 272/1066/499 323/1067/530
f 343/1068/531 331/1069/532 275/1070/500
f 272/1066/499 331/1069/532 343/1068/531
f 275/1070/500 270/1071/498 343/1068/531
f 343/1068/531 323/1067/530 272/1066/499
f 227/1028/508 285/1072/533 247/1027/507
f 300/1073/534 285/1072/533 227/1028/508
f 300/1073/534 227/1028/508 232/1022/504
f 285/1072/533 300/1073/534 363/1074/535
f 300/1073/534 412/1075/536 363/1074/535
f 462/1076/537 463/1077/538 412/1075/536
f 412/1075/536 463/1077/538 363/1074/535
f 363/1074/535 463/1077/538 501/1078/539
f 350/1029/509 247/1027/507 285/1072/533
f 350/1029/509 470/1079/540 419/1080/541
f 470/1079/540 350/1029/509 285/1072/533
f 470/1079/540 285/1072/533 425/1081/389
f 425/1081/389 513/1082/391 653/1083/463
f 653/1083/463 626/1084/542 425/1081/389
f 425/1081/389 626/1084/542 470/1079/540
f 331/1085/532 263/1086/543 275/1087/500
f 275/1087/500 263/1086/543 223/1088/495
f 272/1089/499 223/1088/495 263/1086/543
f 331/1085/532 272/1089/499 263/1086/543
f 436/1090/489 303/1091/505 179/1092/490
f 179/1092/490 303/1091/505 360/1093/522
f 360/1093/522 303/1091/505 471/1094/544
f 264/1026/506 247/1027/507 249/1030/510
f 251/1095/513 472/1096/545 264/1097/506
f 473/1098/546 404/1099/547 142/1100/548
f 142/1100/548 404/1099/547 251/1101/513
f 142/1100/548 251/1101/513 187/1102/512
f 142/1100/548 252/1103/549 465/1104/550
f 465/1104/550 473/1098/546 142/1100/548
f 476/1105/524 279/1106/515 415/1107/528
f 266/1108/514 274/1109/551 279/1110/515
f 553/1111/526 415/1112/528 366/1113/552
f 277/1114/553 274/1109/551 266/1108/514
f 274/1109/551 366/1113/552 279/1110/515
f 415/1112/528 279/1110/515 366/1113/552
f 277/1114/553 294/1115/517 431/1116/554
f 431/1116/554 294/1115/517 461/1117/521
f 431/1116/554 461/1117/521 558/1118/555
f 431/1116/554 558/1118/555 603/1119/556
f 431/1116/554 603/1119/556 644/1120/529
f 283/1121/411 225/837/365 338/830/428
f 225/837/365 283/1121/411 286/1122/410
f 356/1123/491 211/802/374 491/1124/557
f 491/1124/557 211/802/374 510/803/420
f 75/1125/385 211/802/374 356/1123/491
f 232/1126/504 356/1127/491 300/1128/534
f 491/1129/557 300/1128/534 356/1127/491
f 491/1129/557 510/1130/420 462/1131/537
f 462/1131/537 489/1132/558 491/1129/557
f 491/1129/557 489/1132/558 300/1128/534
f 412/1133/536 300/1128/534 489/1132/558
f 462/1131/537 412/1133/536 489/1132/558
f 348/1134/241 359/1135/518 352/1136/525
f 474/1137/503 359/1135/518 494/1138/425
f 359/1135/518 474/1137/503 408/1139/520
f 349/1140/240 352/1058/525 443/1057/233
f 352/1058/525 349/1140/240 348/1141/241
f 360/1142/522 408/1139/520 474/1137/503
f 530/1143/559 474/1137/503 494/1138/425
f 474/1137/503 555/1144/464 570/1145/437
f 474/1137/503 530/1143/559 555/1144/464
f 360/1093/522 471/1094/544 437/1146/523
f 471/1094/544 481/1147/560 437/1146/523
f 471/1094/544 388/1148/511 481/1147/560
f 595/1149/561 388/1039/511 518/1150/562
f 264/1026/506 472/1151/545 518/1150/562
f 388/1039/511 264/1026/506 518/1150/562
f 388/1039/511 471/1152/544 303/1025/505
f 461/1049/521 437/1153/523 481/1154/560
f 399/1155/563 420/1156/564 457/1157/565
f 246/1158/566 83/1159/567 158/1160/568
f 252/1103/549 83/1159/567 246/1158/566
f 83/1159/567 252/1103/549 142/1100/548
f 65/1161/569 83/1159/567 69/1162/570
f 371/1163/123 348/1164/241 306/1165/571
f 371/1163/123 306/1165/571 323/1166/530
f 235/1167/497 323/1166/530 306/1165/571
f 270/1168/498 235/1167/497 343/1169/531
f 325/1170/572 323/1171/530 343/1169/531
f 343/1169/531 235/1167/497 325/1170/572
f 371/1172/123 323/1171/530 325/1170/572
f 371/1172/123 325/1170/572 316/1173/573
f 325/1170/572 235/1167/497 306/1165/571
f 316/1173/573 325/1170/572 306/1165/571
f 306/1165/571 348/1164/241 295/1174/239
f 295/1174/239 316/1173/573 306/1165/571
f 371/1172/123 316/1173/573 295/1174/239
f 501/1175/539 463/1176/538 462/1131/537
f 501/1175/539 462/1131/537 510/1130/420
f 425/1177/389 363/1178/535 501/1175/539
f 510/1130/420 425/1177/389 501/1175/539
f 276/1179/516 476/1180/524 352/1181/525
f 559/568/285 352/1181/525 476/1180/524
f 476/1180/524 415/1182/528 631/1183/527
f 476/1180/524 631/1183/527 662/1184/574
f 404/1185/547 472/1186/545 251/1187/513
f 572/1188/575 404/1185/547 573/1189/576
f 572/1188/575 472/1186/545 404/1185/547
f 419/1190/541 470/1191/540 572/1188/575
f 249/1192/510 419/1190/541 240/1193/577
f 419/1190/541 429/1194/578 240/1193/577
f 419/1190/541 572/1188/575 429/1194/578
f 572/1188/575 573/1189/576 429/1194/578
f 317/1195/579 461/1196/521 465/1197/550
f 465/1197/550 461/1196/521 481/1198/560
f 465/1197/550 481/1198/560 567/1199/580
f 465/1197/550 567/1199/580 400/1200/581
f 252/1201/549 400/1200/581 376/1202/582
f 400/1200/581 567/1199/580 376/1202/582
f 376/1202/582 654/1203/583 539/1204/584
f 654/1203/583 376/1202/582 567/1199/580
f 400/1205/581 246/1158/566 511/1206/585
f 400/1205/581 252/1103/549 246/1158/566
f 502/1207/586 608/1208/587 558/1209/555
f 608/1208/587 502/1207/586 609/1210/588
f 609/1210/588 502/1207/586 584/1211/589
f 317/1212/579 502/1207/586 558/1209/555
f 461/1213/521 317/1212/579 558/1209/555
f 511/1214/585 399/1215/563 457/1216/565
f 465/1217/550 400/1218/581 473/1219/546
f 511/1214/585 592/1220/590 400/1218/581
f 400/1218/581 592/1220/590 473/1219/546
f 622/1221/591 573/1222/576 404/1223/547
f 622/1221/591 404/1223/547 473/1219/546
f 429/1224/578 573/1222/576 499/1225/592
f 240/1226/577 429/1224/578 122/1227/593
f 122/1227/593 429/1224/578 499/1225/592
f 93/1228/594 301/1229/595 125/1230/596
f 541/1231/597 301/1229/595 499/1225/592
f 544/1232/598 301/1229/595 541/1231/597
f 656/1233/599 541/1231/597 499/1225/592
f 499/1225/592 573/1222/576 622/1221/591
f 656/1233/599 499/1225/592 622/1221/591
f 544/1232/598 541/1231/597 656/1233/599
f 544/1232/598 656/1233/599 672/1234/600
f 672/1234/600 656/1233/599 622/1221/591
f 544/1232/598 672/1234/600 592/1220/590
f 544/1232/598 592/1220/590 424/1235/601
f 424/1235/601 241/1236/602 125/1230/596
f 457/1216/565 241/1236/602 424/1235/601
f 510/803/420 515/895/394 425/1237/389
f 285/1238/533 363/1239/535 425/1237/389
f 518/1240/562 472/1186/545 572/1188/575
f 607/1241/603 567/1242/580 481/1243/560
f 481/1243/560 388/1244/511 607/1241/603
f 607/1241/603 388/1244/511 595/1245/561
f 595/1245/561 664/1246/604 607/1241/603
f 607/1241/603 666/1247/605 567/1242/580
f 672/1234/600 622/1221/591 473/1219/546
f 473/1219/546 592/1220/590 672/1234/600
f 653/1248/463 619/1249/461 626/1250/542
f 626/1250/542 619/1249/461 595/1251/561
f 565/1018/462 504/1017/502 619/1249/461
f 604/1252/606 619/1249/461 504/1017/502
f 570/1019/437 604/1252/606 504/1017/502
f 604/1252/606 570/1019/437 665/1253/454
f 604/1252/606 665/1253/454 664/1254/604
f 604/1252/606 664/1255/604 595/1251/561
f 595/1251/561 619/1249/461 604/1252/606
f 626/1256/542 595/1257/561 572/1188/575
f 470/1191/540 626/1256/542 572/1188/575
f 595/1257/561 518/1240/562 572/1188/575
f 559/568/285 476/1180/524 662/1184/574
f 590/1258/607 662/1259/574 631/1260/527
f 685/1261/608 671/1262/609 688/1263/610
f 718/1264/611 685/1261/608 688/1263/610
f 676/1265/612 680/1266/613 671/1262/609
f 608/1267/587 590/1268/607 558/1269/555
f 590/1270/607 608/1271/587 671/1272/609
f 608/1271/587 666/1273/605 676/1274/612
f 608/1271/587 676/1274/612 671/1272/609
f 603/1275/556 558/1276/555 590/1277/607
f 590/1277/607 631/1278/527 603/1275/556
f 676/1274/612 666/1273/605 607/1241/603
f 669/1279/286 559/1280/285 662/1281/574
f 669/1279/286 662/1281/574 685/1282/608
f 671/1262/609 685/1261/608 662/1259/574
f 590/1258/607 671/1262/609 662/1259/574
f 680/1266/613 688/1263/610 671/1262/609
f 669/1279/286 685/1282/608 718/1283/611
f 669/1279/286 718/1284/611 788/1285/614
f 680/1286/613 676/1287/612 734/1288/615
f 740/1289/616 765/1290/617 734/1288/615
f 765/1290/617 851/1291/618 734/1288/615
f 664/1246/604 665/1292/454 709/1293/619
f 732/1294/620 607/1241/603 664/1246/604
f 732/1294/620 664/1246/604 709/1293/619
f 709/1293/619 768/1295/621 732/1294/620
f 732/1294/620 676/1274/612 607/1241/603
f 698/1296/622 701/1297/623 703/1298/624
f 698/1296/622 725/1299/625 712/1300/626
f 725/1299/625 801/1301/627 706/1302/453
f 731/1303/628 701/1297/623 698/1296/622
f 703/1298/624 701/1297/623 731/1303/628
f 703/1298/624 731/1303/628 781/1304/629
f 731/1303/628 774/1305/630 781/1304/629
f 774/1305/630 731/1303/628 763/1306/631
f 774/1305/630 763/1306/631 878/1307/474
f 729/1308/632 849/1309/633 763/1306/631
f 750/1310/634 785/1311/470 857/1312/635
f 750/1310/634 857/1312/635 849/1309/633
f 750/1310/634 849/1309/633 729/1308/632
f 763/1306/631 849/1309/633 951/1313/636
f 857/1312/635 922/1314/468 975/1315/637
f 975/1315/637 849/1309/633 857/1312/635
f 987/1316/638 951/1313/636 849/1309/633
f 608/1317/587 609/1318/588 666/1319/605
f 654/1203/583 666/1319/605 609/1318/588
f 654/1203/583 567/1199/580 666/1319/605
f 539/1204/584 654/1203/583 542/1320/639
f 542/1320/639 654/1203/583 584/1321/589
f 584/1321/589 654/1203/583 609/1318/588
f 665/1322/454 706/1302/453 709/1323/619
f 857/1312/635 785/1311/470 803/1324/467
f 785/1311/470 750/1310/634 712/1300/626
f 785/1311/470 712/1300/626 706/1302/453
f 824/1325/640 801/1301/627 725/1299/625
f 837/1326/641 801/1301/627 824/1325/640
f 725/1299/625 706/1302/453 712/1300/626
f 698/1296/622 712/1300/626 691/1327/642
f 712/1300/626 750/1310/634 729/1308/632
f 712/1300/626 729/1308/632 691/1327/642
f 729/1308/632 763/1306/631 731/1303/628
f 691/1327/642 729/1308/632 698/1296/622
f 729/1308/632 731/1303/628 698/1296/622
f 680/1286/613 756/1328/643 688/1329/610
f 756/1328/643 734/1288/615 851/1291/618
f 734/1288/615 756/1328/643 680/1286/613
f 676/1330/612 759/1331/644 757/1332/645
f 757/1332/645 759/1331/644 782/1333/646
f 782/1333/646 861/1334/647 876/1335/648
f 782/1333/646 759/1331/644 861/1334/647
f 861/1334/647 759/1331/644 852/1336/649
f 861/1334/647 851/1337/618 876/1335/648
f 851/1337/618 848/1338/650 876/1335/648
f 900/1339/651 851/1337/618 861/1334/647
f 900/1339/651 861/1334/647 852/1336/649
f 892/1340/652 900/1339/651 852/1336/649
f 795/1341/653 852/1336/649 768/1342/621
f 801/1343/627 795/1341/653 709/1344/619
f 709/1344/619 706/1345/453 801/1343/627
f 801/1343/627 837/1346/641 795/1341/653
f 788/1347/614 767/1348/339 697/1349/296
f 788/1347/614 697/1349/296 669/1350/286
f 817/1351/654 767/1348/339 788/1347/614
f 676/1287/612 757/1352/645 734/1288/615
f 734/1288/615 757/1352/645 740/1353/616
f 777/1354/655 765/1355/617 755/1356/656
f 777/1354/655 755/1356/656 772/1357/657
f 772/1357/657 755/1356/656 766/1358/658
f 766/1358/658 740/1359/616 757/1360/645
f 740/1359/616 755/1356/656 765/1355/617
f 812/1361/659 815/1362/472 790/1363/476
f 936/1364/660 886/1365/473 878/1307/474
f 774/1305/630 812/1361/659 781/1304/629
f 725/1299/625 703/1298/624 816/1366/661
f 977/1367/662 841/1368/663 1046/1369/664
f 1046/1369/664 841/1368/663 927/1370/665
f 816/1371/661 977/1367/662 898/1372/666
f 977/1367/662 816/1371/661 841/1368/663
f 841/1368/663 703/1298/624 781/1304/629
f 841/1368/663 816/1371/661 703/1298/624
f 812/1361/659 845/1373/475 781/1304/629
f 781/1304/629 845/1373/475 841/1368/663
f 812/1361/659 790/1363/476 845/1373/475
f 815/1362/472 774/1305/630 878/1307/474
f 815/1362/472 812/1361/659 774/1305/630
f 936/1364/660 878/1307/474 763/1306/631
f 987/1316/638 936/1364/660 763/1306/631
f 756/1374/643 718/1375/611 688/1376/610
f 718/1375/611 756/1374/643 788/1377/614
f 851/1378/618 788/1347/614 756/1379/643
f 676/1330/612 732/1380/620 759/1331/644
f 732/1380/620 852/1336/649 759/1331/644
f 768/1342/621 852/1336/649 732/1380/620
f 768/1342/621 709/1344/619 795/1341/653
f 816/1366/661 824/1325/640 725/1299/625
f 766/1358/658 757/1360/645 782/1381/646
f 813/1382/667 782/1381/646 876/1383/648
f 782/1381/646 813/1382/667 766/1358/658
f 813/1382/667 805/1384/668 766/1358/658
f 766/1358/658 805/1384/668 808/1385/669
f 766/1358/658 789/1386/670 772/1357/657
f 56/742/392 176/740/390 79/737/387
f 56/742/392 79/737/387 22/736/371
f 187/1102/512 240/1387/577 122/1388/593
f 122/1388/593 98/1389/671 187/1102/512
f 122/1388/593 69/1162/570 98/1389/671
f 83/1159/567 65/1161/569 158/1160/568
f 158/1160/568 241/1390/602 246/1158/566
f 511/1206/585 246/1158/566 399/1391/563
f 419/1080/541 249/1030/510 350/1029/509
f 240/1392/577 187/1040/512 249/1030/510
f 187/1040/512 264/1026/506 249/1030/510
f 246/1158/566 241/1390/602 399/1393/563
f 241/1394/602 457/1395/565 420/1396/564
f 399/1397/563 241/1394/602 420/1396/564
f 424/1235/601 511/1214/585 457/1216/565
f 188/1398/672 150/1399/673 309/1400/674
f 188/1398/672 309/1400/674 302/1401/675
f 302/1401/675 265/1402/676 188/1398/672
f 188/1398/672 265/1402/676 159/1403/677
f 448/1404/678 342/1405/679 265/1402/676
f 150/1399/673 188/1398/672 159/1403/677
f 309/1400/674 248/1406/680 398/1407/681
f 150/1399/673 156/1408/682 248/1406/680
f 150/1399/673 248/1406/680 309/1400/674
f 309/1400/674 398/1407/681 503/1409/683
f 503/1409/683 543/1410/684 309/1400/674
f 150/1411/673 159/1412/677 156/1413/682
f 379/1414/685 398/1415/681 201/1416/686
f 201/1416/686 398/1415/681 248/1417/680
f 156/1413/682 201/1416/686 248/1417/680
f 312/1418/687 379/1414/685 201/1416/686
f 433/1419/688 418/1420/689 312/1418/687
f 156/1413/682 159/1412/677 201/1416/686
f 178/1421/690 151/1422/691 213/1423/692
f 213/1423/692 224/1424/253 178/1421/690
f 357/1425/693 213/1423/692 330/1426/694
f 284/1427/695 330/1426/694 213/1423/692
f 152/1428/696 213/1423/692 151/1422/691
f 224/1424/253 151/1422/691 178/1421/690
f 224/1424/253 213/1423/692 514/1429/275
f 357/1425/693 514/1429/275 213/1423/692
f 534/1430/697 357/1425/693 330/1426/694
f 330/1426/694 284/1427/695 423/1431/698
f 284/1427/695 213/1423/692 152/1428/696
f 152/1428/696 254/1432/699 284/1427/695
f 151/1422/691 204/1433/252 152/1428/696
f 312/1434/687 201/1435/686 243/1436/700
f 312/1434/687 243/1436/700 362/1437/701
f 312/1434/687 362/1437/701 433/1438/688
f 433/1438/688 426/1439/702 418/1440/689
f 418/1440/689 426/1439/702 496/1441/703
f 496/1441/703 578/1442/704 379/1443/685
f 615/1444/705 503/1445/683 398/1446/681
f 578/1442/704 617/1447/706 615/1444/705
f 615/1444/705 379/1443/685 578/1442/704
f 578/1442/704 426/1439/702 293/1448/707
f 426/1439/702 578/1442/704 496/1441/703
f 342/1405/679 159/1403/677 265/1402/676
f 342/1449/679 293/1448/707 159/1450/677
f 293/1448/707 342/1449/679 574/1451/708
f 574/1451/708 578/1442/704 293/1448/707
f 433/1438/688 362/1437/701 426/1439/702
f 243/1436/700 426/1439/702 362/1437/701
f 426/1439/702 243/1436/700 293/1448/707
f 243/1436/700 201/1435/686 159/1450/677
f 346/1452/709 265/1453/676 302/1454/675
f 407/1455/710 448/1456/678 265/1453/676
f 448/1456/678 407/1455/710 512/1457/711
f 512/1457/711 591/1458/712 448/1456/678
f 482/1459/713 302/1454/675 309/1460/674
f 407/1455/710 265/1453/676 346/1452/709
f 407/1455/710 346/1452/709 369/1461/714
f 284/1462/695 346/1452/709 302/1454/675
f 284/1462/695 302/1454/675 423/1463/698
f 284/1462/695 254/1464/699 346/1452/709
f 346/1452/709 254/1464/699 369/1461/714
f 407/1455/710 369/1461/714 512/1457/711
f 432/1465/715 280/1466/716 242/1467/272
f 242/1468/272 165/1469/717 204/1470/252
f 204/1470/252 165/1469/717 152/1471/696
f 503/1445/683 615/1444/705 617/1447/706
f 543/1472/684 503/1445/683 617/1447/706
f 589/1473/718 543/1472/684 617/1447/706
f 448/1474/678 574/1451/708 342/1475/679
f 574/1451/708 448/1474/678 578/1442/704
f 578/1442/704 448/1474/678 617/1447/706
f 448/1474/678 589/1473/718 617/1447/706
f 379/1476/685 615/1477/705 398/1407/681
f 418/1420/689 496/1478/703 379/1414/685
f 80/1479/719 72/1480/720 71/1481/721
f 170/1482/722 71/1481/721 72/1480/720
f 167/1483/723 80/1484/719 140/1485/724
f 184/1486/725 167/1483/723 320/1487/726
f 427/1488/727 167/1483/723 410/1489/728
f 320/1487/726 170/1490/722 184/1486/725
f 80/1491/719 103/1492/729 192/1493/730
f 207/1494/731 80/1491/719 192/1493/730
f 153/1495/732 192/1493/730 103/1492/729
f 192/1493/730 153/1495/732 311/1496/733
f 311/1496/733 560/1497/282 192/1493/730
f 560/1497/282 624/1498/734 192/1493/730
f 624/1498/734 560/1497/282 638/1499/735
f 192/1493/730 638/1499/735 546/1500/736
f 192/1493/730 546/1500/736 207/1494/731
f 103/1492/729 71/1501/721 87/1502/737
f 71/1501/721 103/1492/729 80/1491/719
f 153/1495/732 103/1492/729 87/1502/737
f 155/1503/738 153/1495/732 87/1502/737
f 311/1496/733 153/1495/732 155/1503/738
f 569/1504/280 560/1497/282 311/1496/733
f 569/1505/280 311/1496/733 319/1506/237
f 287/1507/251 204/1433/252 224/1424/253
f 280/1466/716 165/1469/717 242/1467/272
f 165/1469/717 280/1466/716 432/1465/715
f 254/1464/699 165/1469/717 369/1461/714
f 432/1465/715 369/1461/714 165/1469/717
f 369/1461/714 432/1465/715 512/1457/711
f 71/1508/721 170/1509/722 238/1510/739
f 155/1511/738 71/1508/721 238/1510/739
f 493/1512/284 238/1510/739 170/1509/722
f 155/1513/738 238/1514/739 281/1515/196
f 140/1485/724 80/1484/719 229/1516/740
f 387/1517/235 242/1518/272 204/1519/252
f 165/1469/717 254/1464/699 152/1520/696
f 281/1515/196 319/1521/237 155/1513/738
f 311/1522/733 155/1513/738 319/1523/237
f 482/1459/713 309/1460/674 543/1524/684
f 482/1459/713 543/1524/684 527/1525/741
f 527/1525/741 330/1526/694 482/1459/713
f 330/1527/694 423/1463/698 482/1459/713
f 302/1454/675 482/1459/713 423/1463/698
f 80/1528/719 207/1529/731 229/1530/740
f 14/1531/742 29/1532/743 27/1533/744
f 368/1534/745 29/1532/743 219/1535/746
f 111/1536/747 219/1535/746 29/1532/743
f 111/1536/747 16/1537/748 45/1538/749
f 111/1536/747 45/1538/749 118/1539/750
f 111/1536/747 118/1539/750 216/1540/751
f 258/1541/752 395/1542/753 216/1540/751
f 216/1540/751 395/1542/753 219/1535/746
f 395/1542/753 495/1543/754 219/1535/746
f 111/1536/747 216/1540/751 219/1535/746
f 505/1544/254 224/1545/253 514/1546/275
f 534/1547/697 514/1546/275 357/1548/693
f 550/495/256 650/1549/274 648/496/257
f 449/1550/755 421/1551/756 367/1552/757
f 393/1553/758 449/1550/755 367/1552/757
f 488/1554/759 449/1555/755 393/1553/758
f 170/1490/722 320/1487/726 493/1556/284
f 184/1486/725 170/1490/722 72/1557/720
f 488/1558/759 140/1485/724 367/1559/757
f 421/1560/756 488/1558/759 367/1559/757
f 449/1561/755 488/1558/759 421/1560/756
f 410/1489/728 167/1483/723 140/1485/724
f 410/1489/728 649/1562/760 427/1488/727
f 546/1563/736 410/1489/728 488/1558/759
f 638/1564/735 649/1562/760 410/1489/728
f 546/1563/736 638/1564/735 410/1489/728
f 427/1488/727 320/1487/726 167/1483/723
f 427/1488/727 493/1556/284 320/1487/726
f 242/1565/272 550/495/256 551/497/258
f 242/1565/272 551/497/258 432/1566/715
f 432/1566/715 551/497/258 647/1567/761
f 591/1568/712 512/1569/711 527/1570/741
f 527/1570/741 512/1569/711 623/1571/762
f 623/1571/762 512/1569/711 647/1567/761
f 647/1567/761 551/497/258 648/496/257
f 647/1567/761 648/496/257 623/1571/762
f 623/1572/762 514/1546/275 534/1547/697
f 623/1571/762 648/496/257 514/1546/275
f 638/1573/735 560/1574/282 614/1575/283
f 649/1576/760 638/1573/735 614/1575/283
f 410/1489/728 140/1485/724 488/1558/759
f 393/1577/758 546/1563/736 488/1558/759
f 207/1578/731 546/1563/736 393/1577/758
f 175/1579/763 288/1580/764 366/1581/552
f 288/1582/764 175/1583/763 70/1584/765
f 432/1566/715 647/1567/761 512/1569/711
f 589/1585/718 448/1456/678 591/1458/712
f 589/1585/718 591/1458/712 543/1586/684
f 649/1576/760 614/1575/283 493/1512/284
f 649/1576/760 493/1512/284 427/1587/727
f 485/1588/766 366/1589/552 288/1582/764
f 416/500/232 569/559/280 319/498/237
f 527/1590/741 543/1586/684 591/1458/712
f 743/1591/319 722/1592/767 780/1593/303
f 753/1594/304 743/1591/319 780/1593/303
f 780/1593/303 771/1595/768 853/1596/342
f 853/1596/342 771/1595/768 896/1597/769
f 871/1598/770 896/1597/769 771/1595/768
f 771/1595/768 780/1593/303 722/1592/767
f 771/1595/768 722/1592/767 733/1599/348
f 733/1599/348 784/1600/345 771/1595/768
f 733/1599/348 752/1601/346 784/1600/345
f 800/1602/771 870/1603/772 821/1604/773
f 870/1603/772 800/1602/771 859/1605/774
f 859/1605/774 800/1602/771 798/1606/775
f 915/1607/776 859/1605/774 926/1608/777
f 1036/1609/778 971/1610/779 926/1608/777
f 971/1610/779 915/1607/776 926/1608/777
f 859/1605/774 798/1606/775 846/1611/780
f 798/1606/775 800/1602/771 828/1612/781
f 798/1606/775 828/1612/781 846/1611/780
f 111/1536/747 29/1532/743 16/1537/748
f 16/1537/748 29/1532/743 14/1531/742
f 45/1538/749 16/1537/748 24/1613/782
f 14/1531/742 27/1533/744 70/1584/765
f 70/1584/765 117/1614/783 16/1537/748
f 14/1531/742 70/1584/765 16/1537/748
f 117/1615/783 24/1616/782 16/1617/748
f 118/1618/750 45/1619/749 202/1620/784
f 202/1620/784 51/1621/785 239/1622/786
f 239/1622/786 455/1623/787 202/1620/784
f 202/1620/784 455/1623/787 258/1624/752
f 175/1625/763 117/1626/783 70/1627/765
f 214/1628/788 117/1626/783 175/1625/763
f 274/1629/551 214/1628/788 175/1630/763
f 274/1629/551 277/1631/553 214/1628/788
f 214/1628/788 277/1631/553 173/1632/789
f 173/1632/789 277/1631/553 383/1633/790
f 383/1633/790 277/1631/553 500/1634/791
f 391/1635/792 203/1636/793 29/1637/743
f 29/1637/743 203/1636/793 27/1638/744
f 203/1636/793 391/1635/792 428/1639/794
f 368/1640/745 391/1635/792 29/1637/743
f 70/1641/765 428/1639/794 288/1642/764
f 428/1639/794 70/1641/765 203/1636/793
f 288/1642/764 428/1639/794 485/1643/766
f 599/1644/795 368/1534/745 219/1535/746
f 219/1535/746 495/1543/754 598/1645/796
f 679/1646/797 627/1647/798 667/1648/799
f 667/1648/799 627/1647/798 485/1649/766
f 485/1649/766 428/1650/794 667/1648/799
f 667/1648/799 428/1650/794 391/1651/792
f 667/1648/799 391/1651/792 658/1652/800
f 599/1653/795 598/1654/796 239/1655/786
f 599/1653/795 219/1656/746 598/1654/796
f 368/1640/745 658/1657/800 391/1635/792
f 658/1657/800 368/1640/745 599/1658/795
f 390/1659/801 599/1660/795 239/1622/786
f 635/1661/802 599/1660/795 390/1659/801
f 390/1659/801 73/1662/803 108/1663/804
f 24/1616/782 108/1663/804 73/1662/803
f 51/1621/785 24/1616/782 73/1662/803
f 658/1652/800 599/1653/795 635/1664/802
f 658/1652/800 635/1664/802 679/1646/797
f 658/1652/800 679/1646/797 667/1648/799
f 28/1665/805 21/1666/806 17/1667/807
f 31/1668/808 57/1669/809 28/1665/805
f 23/1670/810 26/1671/811 17/1667/807
f 31/1668/808 17/1667/807 26/1671/811
f 28/1665/805 17/1667/807 31/1668/808
f 89/1672/812 57/1669/809 92/1673/813
f 31/1668/808 92/1673/813 57/1669/809
f 89/1672/812 92/1673/813 149/1674/814
f 23/1670/810 17/1667/807 42/1675/484
f 34/1676/485 42/1675/484 17/1667/807
f 89/1672/812 94/1677/487 62/1678/486
f 89/1672/812 21/1666/806 57/1669/809
f 34/1676/485 21/1666/806 62/1678/486
f 62/1678/486 21/1666/806 89/1672/812
f 23/1679/810 42/1680/484 52/1681/815
f 23/1679/810 52/1681/815 26/1682/811
f 66/1683/488 52/1681/815 42/1680/484
f 66/1683/488 94/1684/487 149/1685/814
f 26/1682/811 52/1681/815 31/1686/808
f 8/1687/816 12/1688/817 9/1689/818
f 9/1689/818 12/1688/817 39/1690/819
f 13/1691/820 32/1692/821 53/1693/822
f 53/1694/822 32/1692/821 110/1695/823
f 110/1695/823 384/1696/824 375/1697/825
f 466/1698/826 375/1697/825 384/1696/824
f 89/1699/812 149/1685/814 94/1684/487
f 52/1681/815 66/1683/488 149/1685/814
f 149/1685/814 92/1700/813 52/1681/815
f 92/1700/813 31/1686/808 52/1681/815
f 86/1701/827 12/1688/817 85/1702/828
f 12/1688/817 86/1701/827 39/1690/819
f 39/1690/819 86/1701/827 133/1703/829
f 133/1703/829 33/1704/830 39/1690/819
f 32/1692/821 9/1689/818 33/1704/830
f 85/1705/828 12/1706/817 15/1707/831
f 217/1708/832 85/1705/828 15/1707/831
f 307/1709/833 217/1708/832 15/1707/831
f 217/1708/832 307/1709/833 370/1710/834
f 396/1711/835 498/1712/836 307/1709/833
f 498/1712/836 396/1711/835 571/1713/837
f 498/1712/836 571/1713/837 566/1714/838
f 526/1715/839 307/1709/833 498/1712/836
f 370/1710/834 307/1709/833 526/1715/839
f 370/1710/834 526/1715/839 358/1716/840
f 358/1716/840 526/1715/839 584/1717/589
f 266/1108/514 294/1115/517 277/1114/553
f 431/1116/554 500/1718/791 277/1114/553
f 431/1116/554 644/1120/529 500/1718/791
f 500/1718/791 644/1120/529 597/1719/841
f 142/1100/548 187/1102/512 98/1389/671
f 142/1100/548 98/1389/671 83/1159/567
f 83/1159/567 98/1389/671 69/1162/570
f 86/1720/827 85/1721/828 222/1722/842
f 86/1720/827 289/1723/843 218/1724/844
f 259/1725/845 358/1716/840 317/1726/579
f 85/1705/828 259/1725/845 222/1727/842
f 85/1705/828 217/1708/832 259/1725/845
f 344/1728/846 169/1729/847 218/1730/844
f 394/1731/848 218/1730/844 289/1732/843
f 344/1728/846 394/1731/848 314/1733/849
f 394/1731/848 344/1728/846 218/1730/844
f 332/1734/850 218/1735/844 322/1736/851
f 332/1734/850 566/1737/838 600/1738/852
f 657/1739/853 456/1740/854 600/1738/852
f 332/1734/850 600/1738/852 456/1740/854
f 456/1740/854 102/1741/855 332/1734/850
f 218/1735/844 332/1734/850 133/1703/829
f 86/1701/827 218/1735/844 133/1703/829
f 317/1742/579 222/1722/842 259/1743/845
f 86/1720/827 222/1722/842 414/1744/856
f 289/1723/843 86/1720/827 314/1745/849
f 86/1720/827 414/1744/856 314/1745/849
f 289/1723/843 314/1745/849 454/1746/857
f 314/1745/849 542/1747/639 454/1746/857
f 542/1747/639 584/1748/589 526/1749/839
f 253/1750/858 143/1751/859 210/1752/860
f 12/1706/817 8/1753/816 15/1707/831
f 54/1754/861 15/1707/831 8/1753/816
f 189/1755/862 307/1709/833 15/1707/831
f 307/1709/833 189/1755/862 396/1711/835
f 571/1713/837 396/1711/835 531/1756/863
f 531/1756/863 396/1711/835 447/1757/864
f 498/1712/836 566/1714/838 526/1715/839
f 465/1758/550 252/1759/549 414/1760/856
f 314/1761/849 414/1760/856 344/1762/846
f 344/1762/846 414/1760/856 376/1763/582
f 252/1759/549 376/1763/582 414/1760/856
f 414/1760/856 317/1212/579 465/1758/550
f 414/1760/856 222/1764/842 317/1212/579
f 376/1765/582 180/1766/865 344/1728/846
f 180/1766/865 169/1729/847 344/1728/846
f 273/1767/866 180/1766/865 376/1765/582
f 376/1765/582 547/1768/867 273/1767/866
f 547/1768/867 376/1765/582 539/1769/584
f 539/1769/584 580/1770/868 547/1768/867
f 289/1723/843 454/1746/857 322/1771/851
f 454/1746/857 542/1747/639 526/1749/839
f 455/1772/787 438/1773/869 258/1774/752
f 395/1775/753 258/1774/752 438/1773/869
f 438/1776/869 455/1777/787 495/1778/754
f 438/1776/869 495/1778/754 444/1779/870
f 444/1779/870 495/1778/754 395/1775/753
f 210/1780/860 110/1695/823 375/1697/825
f 210/1780/860 53/1781/822 110/1695/823
f 53/1781/822 210/1782/860 143/1783/859
f 250/1784/871 375/1785/825 466/1786/826
f 143/1751/859 250/1784/871 58/1787/872
f 13/1788/820 53/1789/822 58/1787/872
f 54/1754/861 13/1788/820 58/1787/872
f 53/1789/822 143/1751/859 58/1787/872
f 172/1790/873 58/1787/872 250/1784/871
f 375/1785/825 250/1784/871 253/1750/858
f 339/1791/874 375/1785/825 253/1750/858
f 250/1784/871 143/1751/859 253/1750/858
f 480/1792/875 486/1793/876 326/1794/877
f 417/1795/878 480/1792/875 237/1796/879
f 237/1796/879 480/1792/875 326/1794/877
f 237/1796/879 180/1797/865 273/1798/866
f 273/1798/866 547/1799/867 417/1795/878
f 547/1799/867 585/1800/880 417/1795/878
f 585/1800/880 547/1801/867 580/1802/868
f 417/1795/878 458/1803/881 480/1792/875
f 260/1804/882 486/1805/876 458/1806/881
f 480/1807/875 458/1806/881 486/1805/876
f 478/1808/883 458/1806/881 583/1809/884
f 583/1809/884 458/1806/881 417/1810/878
f 583/1811/884 417/1810/878 585/1812/880
f 289/1813/843 322/1814/851 478/1815/883
f 394/1816/848 289/1813/843 478/1815/883
f 580/1802/868 394/1816/848 478/1815/883
f 580/1802/868 478/1815/883 583/1817/884
f 583/1817/884 585/1800/880 580/1802/868
f 597/1818/841 644/1819/529 553/1820/526
f 502/1821/586 358/1822/840 584/1321/589
f 314/1823/849 394/1824/848 542/1320/639
f 542/1320/639 394/1824/848 539/1204/584
f 597/1825/841 557/1826/885 500/1827/791
f 557/1826/885 383/1828/790 500/1827/791
f 627/1829/798 597/1825/841 553/1830/526
f 485/1831/766 627/1829/798 553/1830/526
f 526/1832/839 566/1737/838 454/1833/857
f 454/1833/857 566/1737/838 322/1736/851
f 657/1739/853 442/1834/886 456/1740/854
f 456/1740/854 442/1834/886 384/1696/824
f 383/1835/790 108/1663/804 173/1836/789
f 117/1615/783 173/1836/789 108/1663/804
f 24/1616/782 117/1615/783 108/1663/804
f 557/1837/885 597/1838/841 627/1839/798
f 705/1840/887 699/1841/888 724/1842/889
f 724/1842/889 699/1841/888 716/1843/890
f 705/1840/887 700/1844/891 699/1841/888
f 766/1358/658 755/1356/656 740/1359/616
f 699/1841/888 700/1844/891 776/1845/892
f 776/1845/892 792/1846/893 699/1841/888
f 699/1841/888 792/1846/893 825/1847/894
f 716/1848/890 699/1841/888 825/1847/894
f 786/1849/895 705/1840/887 724/1842/889
f 700/1844/891 705/1840/887 751/1850/896
f 705/1840/887 742/1851/897 751/1850/896
f 822/1852/898 742/1851/897 826/1853/899
f 786/1849/895 826/1853/899 705/1840/887
f 742/1851/897 705/1840/887 826/1853/899
f 777/1854/655 772/1855/657 848/1856/650
f 862/1857/900 772/1855/657 789/1858/670
f 862/1857/900 789/1858/670 820/1859/901
f 772/1855/657 862/1857/900 848/1856/650
f 848/1856/650 765/1860/617 777/1854/655
f 792/1861/893 789/1858/670 766/1862/658
f 789/1858/670 792/1861/893 820/1859/901
f 820/1859/901 792/1861/893 776/1863/892
f 820/1859/901 933/1864/902 862/1857/900
f 813/1865/667 916/1866/903 805/1867/668
f 805/1867/668 916/1866/903 808/1868/669
f 825/1869/894 916/1866/903 908/1870/904
f 974/1871/905 908/1870/904 916/1866/903
f 925/1872/906 933/1864/902 916/1866/903
f 862/1857/900 933/1864/902 925/1872/906
f 974/1871/905 933/1864/902 995/1873/907
f 933/1864/902 974/1871/905 916/1866/903
f 908/1870/904 974/1871/905 1035/1874/908
f 1062/1875/909 1035/1874/908 974/1871/905
f 808/1876/669 792/1861/893 766/1862/658
f 825/1869/894 792/1877/893 808/1868/669
f 916/1866/903 825/1869/894 808/1868/669
f 778/1878/910 776/1845/892 700/1844/891
f 995/1879/907 778/1878/910 751/1850/896
f 995/1879/907 751/1850/896 742/1851/897
f 901/1880/911 995/1879/907 742/1851/897
f 742/1851/897 822/1881/898 901/1880/911
f 807/1882/912 825/1883/894 908/1884/904
f 879/1885/913 724/1886/889 807/1882/912
f 909/1887/914 879/1885/913 807/1882/912
f 909/1887/914 807/1882/912 908/1884/904
f 807/1882/912 716/1888/890 825/1883/894
f 65/1889/569 69/1890/570 93/1891/594
f 241/1390/602 158/1160/568 125/1892/596
f 158/1160/568 65/1161/569 125/1892/596
f 125/1230/596 301/1229/595 424/1235/601
f 424/1235/601 301/1229/595 544/1232/598
f 237/1893/879 326/1894/877 181/1895/915
f 326/1894/877 260/1804/882 181/1895/915
f 181/1895/915 180/1896/865 237/1893/879
f 458/1806/881 322/1897/851 260/1804/882
f 458/1806/881 478/1808/883 322/1897/851
f 181/1895/915 260/1804/882 322/1897/851
f 301/1229/595 93/1228/594 499/1225/592
f 93/1228/594 122/1227/593 499/1225/592
f 237/1796/879 273/1798/866 417/1795/878
f 592/1220/590 511/1214/585 424/1235/601
f 54/1754/861 8/1753/816 13/1788/820
f 8/1753/816 9/1898/818 13/1788/820
f 45/1619/749 24/1616/782 51/1621/785
f 390/1659/801 239/1622/786 51/1621/785
f 51/1621/785 73/1662/803 390/1659/801
f 51/1621/785 202/1620/784 45/1619/749
f 189/1755/862 58/1787/872 172/1790/873
f 58/1787/872 189/1755/862 54/1754/861
f 54/1754/861 189/1755/862 15/1707/831
f 189/1755/862 172/1790/873 447/1757/864
f 396/1711/835 189/1755/862 447/1757/864
f 250/1784/871 442/1899/886 172/1790/873
f 250/1784/871 466/1786/826 442/1899/886
f 442/1899/886 657/1900/853 531/1756/863
f 566/1901/838 571/1713/837 657/1900/853
f 531/1756/863 657/1900/853 571/1713/837
f 108/1663/804 383/1902/790 390/1659/801
f 635/1661/802 390/1659/801 557/1837/885
f 383/1902/790 557/1837/885 390/1659/801
f 635/1661/802 627/1839/798 679/1903/797
f 627/1839/798 635/1661/802 557/1837/885
f 447/1757/864 172/1790/873 442/1899/886
f 442/1899/886 531/1756/863 447/1757/864
f 456/1740/854 384/1696/824 110/1695/823
f 466/1698/826 384/1696/824 442/1834/886
f 102/1741/855 110/1695/823 32/1692/821
f 102/1741/855 32/1692/821 33/1704/830
f 110/1695/823 102/1741/855 456/1740/854
f 332/1734/850 102/1741/855 133/1703/829
f 102/1741/855 33/1704/830 133/1703/829
f 598/1904/796 495/1905/754 455/1623/787
f 239/1622/786 598/1904/796 455/1623/787
f 566/1737/838 332/1734/850 322/1736/851
f 9/1689/818 39/1690/819 33/1704/830
f 32/1692/821 13/1691/820 9/1689/818
f 566/1737/838 657/1739/853 600/1738/852
f 797/1906/329 764/264/150 695/262/121
f 746/1907/156 797/1906/329 695/262/121
f 867/1908/332 764/264/150 797/1906/329
f 867/1908/332 883/1909/916 874/869/445
f 874/869/445 764/264/150 867/1908/332
f 793/1910/157 942/1911/917 931/1912/918
f 883/1913/916 931/1912/918 942/1911/917
f 883/1913/916 942/1911/917 874/1914/445
f 942/1911/917 997/1915/919 874/1914/445
f 931/1912/918 988/1916/920 923/1917/921
f 793/1910/157 931/1912/918 923/1917/921
f 923/1917/921 850/1918/330 793/1910/157
f 875/1919/144 948/1920/146 804/1921/153
f 804/1921/153 948/1920/146 882/1922/155
f 882/1922/155 948/1920/146 942/1923/917
f 882/1922/155 942/1923/917 793/1924/157
f 799/1925/154 882/1922/155 796/1926/152
f 882/1922/155 793/1924/157 796/1926/152
f 793/1910/157 850/1918/330 746/1927/156
f 1006/640/320 1060/1928/922 1076/643/323
f 913/282/159 1014/1929/923 1006/640/320
f 783/1930/314 902/1931/924 802/283/160
f 802/283/160 902/1931/924 913/282/159
f 988/1932/920 1026/1933/925 923/1934/921
f 1129/1935/926 1097/1936/927 1026/1933/925
f 1026/1933/925 1082/1937/928 1129/1935/926
f 1129/1935/926 1082/1937/928 1137/1938/929
f 1129/1935/926 1137/1938/929 1147/1939/930
f 1147/1939/930 1137/1938/929 1175/1940/931
f 1174/1941/932 1147/1939/930 1189/1942/933
f 1147/1939/930 1174/1941/932 1128/1943/934
f 1128/1943/934 1174/1941/932 1193/1944/935
f 1128/1943/934 1193/1944/935 1135/1945/936
f 1147/1939/930 1128/1943/934 1129/1935/926
f 1128/1943/934 1097/1936/927 1129/1935/926
f 1059/1946/937 1037/1947/938 923/1934/921
f 1026/1933/925 1059/1946/937 923/1934/921
f 969/1948/939 923/1934/921 1037/1947/938
f 1026/1933/925 988/1932/920 1082/1937/928
f 1073/649/328 1004/644/324 965/641/321
f 1042/642/322 1073/649/328 965/641/321
f 1008/646/131 1073/649/328 1108/647/326
f 1108/647/326 1073/649/328 1042/642/322
f 1042/642/322 1121/1949/940 1108/647/326
f 1121/1949/940 1076/643/323 1117/1950/941
f 1076/643/323 1121/1949/940 1042/642/322
f 1121/1949/940 1145/648/327 1108/647/326
f 1013/1951/942 1131/1952/943 1081/1953/944
f 1013/1951/942 1081/1953/944 986/1954/945
f 1013/1951/942 986/1954/945 976/1955/946
f 1025/1956/947 1013/1951/942 976/1957/946
f 1011/1958/948 1063/1959/949 976/1957/946
f 1105/1960/950 1063/1959/949 1011/1958/948
f 1105/1960/950 1011/1958/948 1095/1961/951
f 1095/1961/951 1011/1958/948 982/1962/952
f 1095/1961/951 982/1962/952 1047/1963/953
f 1006/640/320 1014/1929/923 1060/1928/922
f 948/1964/146 997/1965/919 942/1966/917
f 1064/1967/954 1033/1968/955 1079/1969/956
f 1064/1967/954 1079/1969/956 1087/1970/957
f 1087/1970/957 1079/1969/956 1116/1971/958
f 1087/1970/957 1116/1971/958 1093/1972/959
f 1109/1973/325 1007/1974/145 983/1975/133
f 983/1975/133 1008/1976/131 1109/1973/325
f 1007/1974/145 854/1977/143 983/1975/133
f 948/1964/146 1007/1974/145 1033/1968/955
f 1079/1969/956 1033/1968/955 1007/1974/145
f 1079/1969/956 1007/1974/145 1120/1978/960
f 948/1964/146 1033/1968/955 1064/1967/954
f 948/1964/146 1064/1967/954 997/1965/919
f 1106/1979/961 997/1965/919 1064/1967/954
f 1087/1970/957 1138/1980/962 1130/1981/963
f 1087/1970/957 1106/1979/961 1064/1967/954
f 1106/1979/961 1087/1970/957 1130/1981/963
f 976/1982/946 1063/1983/949 1025/1984/947
f 1025/1984/947 1107/1985/964 1013/1986/942
f 1100/1987/965 1013/1986/942 1107/1985/964
f 1063/1983/949 1107/1985/964 1025/1984/947
f 940/1988/966 1014/1989/923 1020/1990/967
f 940/1988/966 1020/1990/967 1055/1991/968
f 940/1988/966 1055/1991/968 957/1992/969
f 940/1988/966 957/1992/969 858/1993/970
f 940/1988/966 858/1993/970 865/1994/310
f 1164/1995/971 1105/1996/950 1132/1997/972
f 1169/1998/973 1105/1996/950 1164/1995/971
f 1164/1995/971 1165/1999/974 1169/1998/973
f 1164/1995/971 1170/2000/975 1192/2001/976
f 1170/2000/975 1145/2002/327 1192/2001/976
f 1145/2002/327 1170/2000/975 1109/2003/325
f 1076/2004/323 1060/2005/922 1117/2006/941
f 1136/2007/977 1117/2006/941 1060/2005/922
f 1117/2006/941 1167/2008/978 1121/2009/940
f 1117/2006/941 1178/2010/979 1190/2011/980
f 1178/2010/979 1175/2012/931 1180/2013/981
f 1178/2010/979 1180/2013/981 1191/2014/982
f 1191/2014/982 1190/2011/980 1178/2010/979
f 1190/2011/980 1167/2008/978 1117/2006/941
f 940/1988/966 1037/2015/938 1060/2016/922
f 940/1988/966 1060/2016/922 1014/1989/923
f 1107/2017/964 1165/1999/974 1100/2018/965
f 1100/2018/965 1180/2019/981 1013/2020/942
f 1131/2021/943 1175/2022/931 1176/2023/983
f 1137/2024/929 1176/2023/983 1175/2022/931
f 1063/2025/949 1105/1996/950 1169/1998/973
f 1063/2025/949 1169/1998/973 1107/2017/964
f 1120/1978/960 1007/1974/145 1109/1973/325
f 1109/1973/325 1159/2026/984 1120/1978/960
f 1106/1979/961 1057/2027/985 997/1965/919
f 1106/2028/961 1130/2029/963 1132/1997/972
f 1106/2028/961 1132/1997/972 1057/2030/985
f 1057/2030/985 1132/1997/972 1163/2031/986
f 1163/2031/986 1132/1997/972 1161/2032/987
f 1095/2033/951 1132/1997/972 1105/1996/950
f 1120/2034/960 1159/2035/984 1146/2036/988
f 1159/2035/984 1188/2037/989 1146/2036/988
f 1159/2035/984 1170/2038/975 1164/2039/971
f 1159/2035/984 1164/2039/971 1138/2040/962
f 1162/2041/990 1159/2035/984 1138/2040/962
f 1132/1997/972 1130/2029/963 1164/1995/971
f 1145/2002/327 1167/2042/978 1190/2043/980
f 1145/2002/327 1190/2043/980 1192/2001/976
f 1165/1999/974 1164/1995/971 1192/2001/976
f 1190/2043/980 1191/2044/982 1192/2001/976
f 1165/1999/974 1191/2044/982 1100/2018/965
f 1107/2017/964 1169/1998/973 1165/1999/974
f 1100/2018/965 1191/2044/982 1180/2019/981
f 1170/2038/975 1159/2035/984 1109/2045/325
f 1136/2046/977 1178/2047/979 1117/2048/941
f 1131/2021/943 1013/2049/942 1180/2019/981
f 1175/2050/931 1178/2047/979 1189/2051/933
f 1186/2052/991 1178/2047/979 1136/2046/977
f 1124/2053/992 1148/2054/993 1186/2052/991
f 1186/2052/991 1136/2046/977 1124/2053/992
f 1186/2052/991 1189/2051/933 1178/2047/979
f 1174/2055/932 1186/2052/991 1148/2054/993
f 1189/2051/933 1186/2052/991 1174/2055/932
f 1174/2055/932 1148/2054/993 1196/2056/994
f 1196/2056/994 1148/2054/993 1177/2057/995
f 1151/2058/996 1188/2037/989 1177/2057/995
f 1188/2037/989 1151/2058/996 1146/2036/988
f 1116/2059/958 1151/2058/996 1052/2060/997
f 1151/2058/996 1116/2059/958 1146/2036/988
f 1146/2036/988 1116/2059/958 1120/2034/960
f 1165/1999/974 1192/2001/976 1191/2044/982
f 1131/2021/943 1180/2019/981 1175/2022/931
f 911/2061/998 905/2062/999 903/2063/1000
f 905/2062/999 911/2061/998 1022/2064/1001
f 905/2062/999 834/2065/1002 903/2063/1000
f 1020/2066/967 902/2067/924 1075/2068/1003
f 902/2067/924 1020/2066/967 1014/2069/923
f 913/2070/159 902/2071/924 1014/2069/923
f 1055/2072/968 1080/2073/1004 1065/2074/1005
f 1055/2072/968 1065/2074/1005 957/2075/969
f 1074/2076/1006 1080/2073/1004 1055/2072/968
f 1074/2076/1006 1055/2072/968 1020/2066/967
f 1075/2068/1003 1074/2076/1006 1020/2066/967
f 921/2077/1007 1075/2068/1003 902/2067/924
f 791/260/148 737/248/111 838/2078/136
f 866/2079/336 910/258/147 791/260/148
f 791/260/148 838/2078/136 866/2079/336
f 797/2080/329 747/2081/289 867/2082/332
f 769/639/139 783/1930/314 802/283/160
f 921/2083/1007 902/1931/924 762/2084/313
f 833/2085/331 760/605/301 787/607/302
f 858/2086/970 827/666/337 770/2087/138
f 827/666/337 858/2086/970 893/2088/1008
f 827/2089/337 775/2090/309 843/2091/1009
f 843/2091/1009 775/2090/309 754/2092/290
f 847/2093/1010 843/2091/1009 868/2094/1011
f 847/2093/1010 868/2094/1011 864/2095/1012
f 847/2093/1010 873/2096/1013 891/2097/1014
f 891/2097/1014 827/2089/337 847/2093/1010
f 847/2093/1010 827/2089/337 843/2091/1009
f 827/2098/337 893/2088/1008 775/2099/309
f 754/2100/290 747/2101/289 839/2102/1015
f 744/2103/316 891/2104/1014 794/2105/317
f 794/2105/317 891/2104/1014 939/2106/1016
f 866/2107/336 794/2105/317 939/2106/1016
f 910/2108/147 866/2107/336 939/2106/1016
f 985/2109/132 910/2108/147 939/2106/1016
f 939/2106/1016 891/2104/1014 1019/2110/1017
f 1019/2110/1017 1001/2111/1018 939/2106/1016
f 1001/2111/1018 1019/2110/1017 1080/2073/1004
f 1080/2073/1004 1074/2076/1006 1001/2111/1018
f 958/2112/134 1001/2111/1018 1030/2113/1019
f 1030/2113/1019 1001/2111/1018 1074/2076/1006
f 1074/2076/1006 1075/2068/1003 1030/2113/1019
f 1030/2113/1019 1075/2068/1003 921/2077/1007
f 921/2077/1007 897/2114/135 1030/2113/1019
f 1030/2113/1019 897/2114/135 958/2112/134
f 884/2115/129 985/2109/132 958/2112/134
f 985/2109/132 939/2106/1016 1001/2111/1018
f 985/2109/132 1001/2111/1018 958/2112/134
f 754/2092/290 868/2094/1011 843/2091/1009
f 819/2116/1020 833/2117/331 840/2118/1021
f 840/2118/1021 833/2117/331 888/2119/308
f 787/2120/302 888/2119/308 833/2117/331
f 833/2117/331 819/2116/1020 842/685/333
f 745/2121/300 819/2116/1020 823/2122/305
f 823/2122/305 819/2116/1020 840/2118/1021
f 906/2123/1022 888/2119/308 946/2124/1023
f 946/2124/1023 888/2119/308 880/2125/307
f 1000/2126/1024 906/2123/1022 946/2124/1023
f 872/2127/306 906/2123/1022 1000/2126/1024
f 906/2123/1022 872/2127/306 823/2122/305
f 906/2123/1022 840/2118/1021 888/2119/308
f 842/685/333 819/2116/1020 745/2121/300
f 817/2128/654 890/2129/334 842/685/333
f 842/685/333 811/668/338 817/2128/654
f 811/668/338 767/670/339 817/2128/654
f 811/668/338 842/685/333 885/684/340
f 853/686/342 842/685/333 745/2121/300
f 853/686/342 745/2121/300 780/2130/303
f 873/2131/1013 834/2065/1002 905/2062/999
f 834/2065/1002 873/2131/1013 847/2132/1010
f 993/2133/1025 905/2062/999 1022/2064/1001
f 993/2133/1025 1022/2064/1001 989/2134/1026
f 877/2135/1027 952/2136/1028 993/2133/1025
f 831/2137/1029 834/2065/1002 847/2132/1010
f 993/2133/1025 952/2136/1028 873/2131/1013
f 873/2131/1013 952/2136/1028 891/2138/1014
f 940/2139/966 865/618/310 1037/2140/938
f 1037/2140/938 865/618/310 969/2141/939
f 865/618/310 904/619/311 969/2141/939
f 726/620/137 865/618/310 858/2142/970
f 726/620/137 858/2142/970 770/2143/138
f 968/2144/1030 907/2145/1031 990/2146/1032
f 990/2146/1032 907/2145/1031 960/2147/1033
f 883/2148/916 907/2145/1031 988/2149/920
f 907/2145/1031 968/2144/1030 988/2149/920
f 968/2144/1030 1082/2150/928 988/2149/920
f 867/2151/332 890/2152/334 907/2153/1031
f 960/2154/1033 907/2153/1031 890/2152/334
f 920/2155/1034 960/2154/1033 1110/2156/1035
f 897/2157/135 832/2158/335 838/2078/136
f 832/2158/335 866/2079/336 838/2078/136
f 893/2159/1008 877/2160/1027 775/2161/309
f 775/2162/309 877/2160/1027 904/2163/311
f 930/2164/1036 904/2163/311 877/2160/1027
f 946/2165/1023 880/2166/307 872/2167/306
f 946/2165/1023 872/2167/306 1000/2168/1024
f 863/2169/1037 864/2170/1012 914/2171/1038
f 924/2172/1039 914/2171/1038 918/2173/1040
f 981/2174/1041 924/2172/1039 918/2173/1040
f 918/2173/1040 919/2175/1042 981/2174/1041
f 919/2176/1042 944/2177/1043 981/2178/1041
f 981/2178/1041 944/2177/1043 1018/2179/1044
f 944/2177/1043 914/2171/1038 830/2180/1045
f 944/2177/1043 830/2180/1045 955/2181/1046
f 850/2182/330 923/2183/921 930/2184/1036
f 747/2185/289 850/2182/330 839/2186/1015
f 930/2184/1036 839/2187/1015 850/2182/330
f 930/2188/1036 923/2189/921 904/2190/311
f 904/2190/311 923/2189/921 969/1948/939
f 1065/2191/1005 1019/2192/1017 957/2193/969
f 957/2193/969 1019/2192/1017 877/2160/1027
f 957/2193/969 877/2160/1027 858/2194/970
f 877/2160/1027 1019/2192/1017 952/2195/1028
f 877/2160/1027 993/2196/1025 989/2197/1026
f 877/2160/1027 989/2197/1026 930/2164/1036
f 989/2197/1026 945/2198/1047 930/2164/1036
f 893/2159/1008 858/2194/970 877/2160/1027
f 945/2198/1047 839/2199/1015 930/2164/1036
f 754/2200/290 945/2201/1047 868/2202/1011
f 868/2202/1011 945/2201/1047 950/2203/1048
f 950/2204/1048 945/2201/1047 1002/2205/1049
f 949/2206/1050 1022/2064/1001 911/2061/998
f 949/2206/1050 1119/2207/1051 1022/2064/1001
f 989/2134/1026 1022/2064/1001 1072/2208/1052
f 989/2134/1026 1072/2208/1052 1002/2205/1049
f 1002/2205/1049 945/2201/1047 989/2134/1026
f 863/2209/1037 924/2210/1039 966/2211/1053
f 914/2212/1038 924/2210/1039 863/2209/1037
f 924/2210/1039 1005/2213/1054 966/2211/1053
f 924/2210/1039 981/2214/1041 1005/2213/1054
f 1005/2213/1054 981/2214/1041 1002/2215/1049
f 949/2216/1050 966/2211/1053 1103/2217/1055
f 903/2218/1000 834/2219/1002 911/2220/998
f 911/2220/998 834/2219/1002 863/2209/1037
f 911/2220/998 863/2209/1037 949/2216/1050
f 949/2216/1050 863/2209/1037 966/2211/1053
f 863/2209/1037 834/2219/1002 831/2221/1029
f 863/2209/1037 831/2221/1029 864/2222/1012
f 910/2223/147 985/2224/132 983/2225/133
f 1099/2226/1056 1059/2227/937 1054/2228/1057
f 952/2229/1028 1019/2110/1017 891/2104/1014
f 1077/2230/1058 1054/2231/1057 1097/2232/927
f 1089/2233/1059 1077/2230/1058 1135/2234/936
f 1051/2235/1060 1077/2230/1058 1089/2233/1059
f 1051/2235/1060 1089/2233/1059 1093/2236/959
f 1061/2237/1061 1093/2236/959 1116/2238/958
f 1061/2237/1061 1051/2235/1060 1093/2236/959
f 1052/2239/997 1041/2240/1062 1051/2241/1060
f 1052/2239/997 1051/2241/1060 1061/2242/1061
f 1058/2243/1063 1054/2244/1057 1041/2245/1062
f 1054/2244/1057 1058/2243/1063 1085/2246/1064
f 1041/2245/1062 1052/2239/997 1058/2243/1063
f 1061/2242/1061 1116/2247/958 1052/2239/997
f 1052/2239/997 1151/2248/996 1083/2249/1065
f 1083/2249/1065 1151/2248/996 1153/2250/1066
f 1153/2250/1066 1151/2248/996 1177/2251/995
f 1054/2252/1057 1026/1933/925 1097/1936/927
f 1026/1933/925 1054/2252/1057 1059/1946/937
f 1041/2253/1062 1054/2231/1057 1051/2235/1060
f 1077/2230/1058 1051/2235/1060 1054/2231/1057
f 1059/2227/937 1060/2254/922 1037/2255/938
f 1177/2057/995 1148/2054/993 1153/2256/1066
f 1083/2249/1065 1058/2243/1063 1052/2239/997
f 1083/2249/1065 1085/2246/1064 1058/2243/1063
f 1148/2257/993 1124/2258/992 1085/2246/1064
f 1153/2250/1066 1148/2257/993 1085/2246/1064
f 1085/2246/1064 1083/2249/1065 1153/2250/1066
f 1060/2254/922 1059/2227/937 1099/2226/1056
f 1099/2226/1056 1136/2046/977 1060/2254/922
f 1116/1971/958 1079/1969/956 1120/1978/960
f 1130/2259/963 1138/2040/962 1164/2039/971
f 1138/2040/962 1087/2260/957 1149/2261/1067
f 1093/2262/959 1149/2261/1067 1087/2260/957
f 1093/2262/959 1089/2263/1059 1149/2261/1067
f 1149/2261/1067 1089/2263/1059 1179/2264/1068
f 1128/1943/934 1077/2265/1058 1097/1936/927
f 1128/1943/934 1135/1945/936 1077/2265/1058
f 1124/2053/992 1099/2226/1056 1085/2266/1064
f 1124/2053/992 1136/2046/977 1099/2226/1056
f 1162/2041/990 1149/2261/1067 1179/2264/1068
f 1179/2264/1068 1205/2267/1069 1196/2056/994
f 1193/2268/935 1205/2267/1069 1179/2264/1068
f 1135/2269/936 1179/2264/1068 1089/2263/1059
f 1147/1939/930 1175/1940/931 1189/1942/933
f 1205/2270/1069 1174/1941/932 1196/2271/994
f 1193/1944/935 1174/1941/932 1205/2270/1069
f 1159/2035/984 1162/2041/990 1188/2037/989
f 1162/2041/990 1138/2040/962 1149/2261/1067
f 1196/2056/994 1188/2037/989 1162/2041/990
f 1196/2056/994 1162/2041/990 1179/2264/1068
f 1135/1945/936 1193/1944/935 1179/2272/1068
f 894/2273/1070 719/2274/443 874/2275/445
f 1015/2276/1071 1047/2277/953 1009/2278/1072
f 1015/2276/1071 1009/2278/1072 947/2279/478
f 1127/2280/1073 1095/2281/951 1047/2277/953
f 1127/2280/1073 1047/2277/953 1070/2282/1074
f 1070/2282/1074 1047/2277/953 1015/2276/1071
f 1070/2282/1074 1084/2283/1075 1140/2284/1076
f 1015/2276/1071 947/2279/478 894/2273/1070
f 874/2275/445 997/2285/919 959/2286/1077
f 1003/2287/1078 1057/2288/985 1102/2289/1079
f 1102/2289/1079 1057/2288/985 1163/2290/986
f 814/958/471 719/2291/443 894/2292/1070
f 894/2292/1070 947/2293/478 814/958/471
f 857/2294/635 803/945/467 922/2295/468
f 886/948/473 998/2296/1080 934/2297/1081
f 934/2297/1081 739/936/465 829/935/469
f 934/2297/1081 829/935/469 886/948/473
f 963/2298/1082 982/2299/952 964/2300/1083
f 1047/2301/953 963/2298/1082 1009/2302/1072
f 1047/2301/953 982/2299/952 963/2298/1082
f 1071/2303/1084 992/2304/1085 967/2305/1086
f 967/2305/1086 992/2304/1085 1098/2306/1087
f 1098/2306/1087 992/2304/1085 1044/2307/1088
f 1044/2307/1088 992/2304/1085 986/2308/945
f 964/2300/1083 976/2309/946 986/2308/945
f 963/2298/1082 964/2300/1083 986/2308/945
f 992/2304/1085 963/2298/1082 986/2308/945
f 934/2297/1081 967/2310/1086 736/940/460
f 739/936/465 934/2297/1081 736/940/460
f 980/2311/1089 736/940/460 967/2310/1086
f 959/2286/1077 1003/2287/1078 894/2273/1070
f 894/2273/1070 1003/2287/1078 1015/2276/1071
f 1084/2283/1075 1015/2276/1071 1003/2287/1078
f 894/2273/1070 874/2275/445 959/2286/1077
f 1043/2312/1090 922/2313/468 1024/2314/1091
f 975/2315/637 922/2313/468 1043/2312/1090
f 1098/2306/1087 1078/2316/1092 999/2317/1093
f 967/2305/1086 934/2318/1081 1071/2303/1084
f 1049/2319/1094 1071/2303/1084 934/2318/1081
f 1049/2319/1094 934/2318/1081 998/2320/1080
f 886/2321/473 936/2322/660 996/2323/1095
f 998/2320/1080 886/2321/473 996/2323/1095
f 998/2320/1080 970/2324/479 1049/2319/1094
f 992/2304/1085 1071/2303/1084 1009/2302/1072
f 963/2298/1082 992/2304/1085 1009/2302/1072
f 1071/2303/1084 1049/2319/1094 1009/2302/1072
f 970/2324/479 1009/2302/1072 1049/2319/1094
f 970/2324/479 947/2325/478 1009/2302/1072
f 967/2305/1086 1024/2314/1091 980/2326/1089
f 980/2326/1089 1024/2314/1091 922/2313/468
f 922/2313/468 720/2327/457 980/2326/1089
f 967/2305/1086 1098/2306/1087 1024/2314/1091
f 856/2328/1096 941/2329/1097 892/2330/652
f 941/2329/1097 856/2328/1096 954/2331/1098
f 856/2332/1096 895/2333/1099 954/2334/1098
f 954/2334/1098 895/2333/1099 999/2335/1093
f 856/2332/1096 837/2336/641 895/2333/1099
f 999/2335/1093 895/2333/1099 917/2337/1100
f 887/2338/477 927/2339/665 845/2340/475
f 887/2338/477 970/2341/479 927/2339/665
f 970/2341/479 1027/2342/1101 927/2343/665
f 1011/1958/948 976/1957/946 964/2344/1083
f 982/1962/952 1011/1958/948 964/2344/1083
f 1044/2307/1088 1078/2316/1092 1098/2306/1087
f 1098/2306/1087 999/2317/1093 1024/2314/1091
f 1032/2345/1102 1010/2346/1103 954/2347/1098
f 954/2347/1098 1010/2346/1103 941/2348/1097
f 1010/2346/1103 1029/2349/1104 973/2350/1105
f 968/2351/1030 973/2350/1105 1029/2349/1104
f 1123/2352/1106 1126/2353/1107 1141/2354/1108
f 1123/2352/1106 1029/2349/1104 1126/2353/1107
f 1010/2346/1103 1126/2353/1107 1029/2349/1104
f 1152/2355/1109 1092/2356/1110 1029/2349/1104
f 1029/2349/1104 1123/2352/1106 1152/2355/1109
f 954/2334/1098 999/2335/1093 1078/2357/1092
f 954/2334/1098 1078/2357/1092 1032/2358/1102
f 999/2359/1093 1043/2360/1090 1024/2361/1091
f 1078/2362/1092 1044/2363/1088 1032/2345/1102
f 1126/2353/1107 1114/2364/1111 1144/2365/1112
f 1122/2366/1113 1081/2367/944 1131/2368/943
f 1032/2345/1102 1133/2369/1114 1114/2364/1111
f 1032/2345/1102 1044/2363/1088 1133/2369/1114
f 1044/2363/1088 1122/2366/1113 1133/2369/1114
f 1081/2367/944 1122/2366/1113 1044/2363/1088
f 1081/2367/944 1044/2363/1088 986/2370/945
f 1172/2371/1115 1127/2372/1073 1157/2373/1116
f 1157/2373/1116 1127/2372/1073 1070/2374/1074
f 1172/2371/1115 1157/2373/1116 1173/2375/1117
f 1127/2372/1073 1172/2371/1115 1161/2376/987
f 1131/2377/943 1176/2378/983 1185/2379/1118
f 1122/2366/1113 1185/2379/1118 1133/2369/1114
f 1195/2380/1119 1114/2364/1111 1133/2369/1114
f 1195/2381/1119 1198/2382/1120 1204/2383/1121
f 1200/2384/1122 1204/2383/1121 1198/2382/1120
f 1206/2385/1123 1198/2382/1120 1201/2386/1124
f 1133/2369/1114 1201/2386/1124 1198/2382/1120
f 1133/2369/1114 1185/2379/1118 1201/2386/1124
f 1122/2366/1113 1131/2377/943 1185/2379/1118
f 1095/2387/951 1161/2376/987 1132/2388/972
f 1173/2375/1117 1163/2389/986 1161/2376/987
f 1204/2390/1121 1200/2391/1122 1157/2373/1116
f 1157/2373/1116 1200/2391/1122 1173/2375/1117
f 1173/2375/1117 1161/2376/987 1172/2371/1115
f 1127/2372/1073 1161/2376/987 1095/2387/951
f 1201/2392/1124 1185/2393/1118 1202/2394/1125
f 1202/2394/1125 1185/2393/1118 1183/2395/1126
f 1206/2396/1123 1201/2392/1124 1202/2394/1125
f 1206/2396/1123 1202/2394/1125 1198/2397/1120
f 1198/2398/1120 1202/2394/1125 1200/2399/1122
f 1200/2399/1122 1202/2394/1125 1194/2400/1127
f 1168/2401/1128 1200/2399/1122 1194/2400/1127
f 1168/2401/1128 1173/2402/1117 1200/2399/1122
f 1163/2403/986 1173/2402/1117 1168/2401/1128
f 1102/2404/1079 1163/2403/986 1168/2401/1128
f 1102/2404/1079 1168/2401/1128 1139/2405/1129
f 1154/2406/1130 1168/2401/1128 1194/2400/1127
f 1152/2407/1109 1183/2395/1126 1176/2408/983
f 1152/2407/1109 1123/2409/1106 1183/2395/1126
f 1185/2393/1118 1176/2408/983 1183/2395/1126
f 795/2410/653 856/2328/1096 852/2411/649
f 895/2412/1099 837/2413/641 917/2414/1100
f 824/2415/640 917/2414/1100 837/2413/641
f 999/2416/1093 1038/2417/1131 1043/2418/1090
f 1043/2418/1090 1038/2417/1131 1069/2419/1132
f 1038/2417/1131 935/2420/1133 1069/2419/1132
f 851/1291/618 765/1290/617 848/2421/650
f 900/2422/651 892/2330/652 920/2423/1034
f 920/2423/1034 978/2424/1134 900/2422/651
f 892/2330/652 852/2411/649 856/2328/1096
f 890/2425/334 817/2426/654 912/2427/1135
f 848/1856/650 925/1872/906 876/2428/648
f 876/2428/648 925/1872/906 813/1865/667
f 862/1857/900 925/1872/906 848/1856/650
f 824/2415/640 816/2429/661 917/2414/1100
f 917/2414/1100 935/2420/1133 1038/2417/1131
f 898/2430/666 935/2420/1133 816/2429/661
f 917/2414/1100 816/2429/661 935/2420/1133
f 927/1370/665 841/1368/663 845/1373/475
f 912/2427/1135 788/2431/614 943/2432/1136
f 912/2427/1135 1023/2433/1137 890/2425/334
f 1023/2433/1137 960/2434/1033 890/2425/334
f 900/2435/651 978/2436/1134 956/2437/1138
f 956/2437/1138 978/2436/1134 1067/2438/1139
f 900/2435/651 956/2437/1138 851/2439/618
f 851/2439/618 956/2437/1138 938/2440/1140
f 788/2441/614 851/2439/618 938/2440/1140
f 788/2441/614 938/2440/1140 943/2442/1136
f 1110/2443/1035 978/2436/1134 920/2444/1034
f 920/2423/1034 973/2445/1105 968/2446/1030
f 920/2423/1034 968/2446/1030 990/2447/1032
f 1010/2346/1103 973/2350/1105 941/2348/1097
f 941/2329/1097 973/2445/1105 920/2423/1034
f 892/2330/652 941/2329/1097 920/2423/1034
f 1027/2448/1101 970/2449/479 996/2450/1095
f 996/2450/1095 987/2451/638 1027/2448/1101
f 1096/2452/1141 987/2451/638 1043/2418/1090
f 1096/2452/1141 1043/2418/1090 1069/2419/1132
f 927/2453/665 1027/2448/1101 1046/2454/664
f 1101/2455/1142 977/2456/662 1046/2454/664
f 1069/2419/1132 1101/2455/1142 1096/2452/1141
f 1027/2448/1101 987/2451/638 1046/2454/664
f 1046/2454/664 987/2451/638 1096/2452/1141
f 1046/2454/664 1096/2452/1141 1101/2455/1142
f 936/1364/660 987/1316/638 996/2457/1095
f 1003/2287/1078 959/2286/1077 997/2285/919
f 1003/2287/1078 997/2285/919 1057/2288/985
f 1084/2283/1075 1003/2287/1078 1102/2289/1079
f 917/2458/1100 1038/2459/1131 999/2359/1093
f 975/1315/637 1043/2460/1090 849/1309/633
f 849/1309/633 1043/2460/1090 987/1316/638
f 990/2447/1032 960/2461/1033 920/2423/1034
f 935/2420/1133 898/2430/666 1101/2455/1142
f 1101/2455/1142 898/2430/666 977/2456/662
f 1048/2462/1143 1039/2463/1144 1050/2464/1145
f 1088/2465/1146 1048/2462/1143 1050/2464/1145
f 1048/2462/1143 1040/2466/1147 1039/2463/1144
f 1082/2467/928 968/2351/1030 1029/2349/1104
f 1092/2468/1110 1082/2467/928 1029/2349/1104
f 960/2469/1033 1090/2470/1148 1110/2471/1035
f 1023/2433/1137 1094/2472/1149 1090/2470/1148
f 1023/2433/1137 1090/2470/1148 960/2434/1033
f 1039/2473/1144 1040/2474/1147 1050/2475/1145
f 1048/2476/1143 1091/2477/1150 1040/2474/1147
f 1125/2478/1151 1048/2476/1143 1088/2479/1146
f 1091/2477/1150 1048/2476/1143 1125/2478/1151
f 1040/2474/1147 1104/2480/1152 1066/2481/1153
f 1066/2481/1153 1050/2475/1145 1040/2474/1147
f 1194/2400/1127 1183/2395/1126 1123/2409/1106
f 1183/2395/1126 1194/2400/1127 1202/2394/1125
f 1032/2345/1102 1114/2364/1111 1010/2346/1103
f 1010/2346/1103 1114/2364/1111 1126/2353/1107
f 1166/2482/1154 1144/2365/1112 1114/2364/1111
f 1166/2482/1154 1114/2364/1111 1195/2380/1119
f 1181/2483/1155 1166/2482/1154 1195/2380/1119
f 1166/2482/1154 1181/2483/1155 1160/2484/1156
f 1110/2485/1035 1067/2438/1139 978/2436/1134
f 1082/2486/928 1092/2487/1110 1137/2488/929
f 1137/2489/929 1092/2487/1110 1176/2408/983
f 1092/2487/1110 1152/2407/1109 1176/2408/983
f 1139/2490/1129 1140/2284/1076 1084/2283/1075
f 1155/2491/1157 1070/2282/1074 1140/2284/1076
f 1140/2284/1076 1139/2490/1129 1143/2492/1158
f 1154/2493/1130 1143/2492/1158 1139/2490/1129
f 1143/2494/1158 1126/2495/1107 1144/2496/1112
f 1160/2497/1156 1144/2496/1112 1166/2498/1154
f 1126/2495/1107 1143/2494/1158 1141/2499/1108
f 1140/2500/1076 1143/2494/1158 1144/2496/1112
f 1084/2283/1075 1102/2289/1079 1139/2490/1129
f 1157/2501/1116 1070/2282/1074 1155/2491/1157
f 1204/2502/1121 1157/2501/1116 1181/2503/1155
f 1155/2491/1157 1181/2503/1155 1157/2501/1116
f 1195/2504/1119 1204/2502/1121 1181/2503/1155
f 1155/2491/1157 1144/2505/1112 1160/2506/1156
f 1155/2491/1157 1160/2506/1156 1181/2503/1155
f 1141/2507/1108 1154/2406/1130 1123/2409/1106
f 1154/2406/1130 1194/2400/1127 1123/2409/1106
f 1155/2491/1157 1140/2284/1076 1144/2508/1112
f 1141/2509/1108 1143/2510/1158 1154/2511/1130
f 1198/2382/1120 1195/2380/1119 1133/2369/1114
f 987/1316/638 763/1306/631 951/1313/636
f 926/2512/777 828/2513/781 950/2514/1048
f 828/2513/781 926/2512/777 929/2515/1159
f 1053/2516/1160 932/2517/1161 1036/2518/778
f 1053/2516/1160 1113/2519/1162 953/2520/1163
f 953/2520/1163 1017/2521/1164 1018/2522/1044
f 1018/2522/1044 950/2514/1048 1002/2523/1049
f 1017/2521/1164 950/2514/1048 1018/2522/1044
f 926/2512/777 950/2514/1048 1017/2521/1164
f 950/2514/1048 828/2513/781 868/2524/1011
f 864/2525/1012 868/2524/1011 830/2526/1045
f 830/2526/1045 868/2524/1011 828/2513/781
f 830/2527/1045 828/1612/781 800/1602/771
f 830/2527/1045 800/1602/771 818/2528/1165
f 929/2529/1159 859/1605/774 846/1611/780
f 926/1608/777 859/1605/774 929/2529/1159
f 846/1611/780 828/1612/781 929/2529/1159
f 864/2530/1012 830/2531/1045 914/2532/1038
f 955/2533/1046 1018/2534/1044 944/2535/1043
f 981/2536/1041 1018/2534/1044 1002/2537/1049
f 1018/2534/1044 955/2533/1046 953/2538/1163
f 953/2538/1163 955/2533/1046 818/2539/1165
f 889/675/341 806/681/347 758/673/318
f 806/681/347 889/675/341 855/677/343
f 855/677/343 889/675/341 937/678/344
f 853/1596/342 896/1597/769 889/2540/341
f 896/1597/769 871/1598/770 937/2541/344
f 896/1597/769 937/2541/344 889/2540/341
f 784/1600/345 937/2541/344 871/1598/770
f 818/2539/1165 955/2533/1046 830/2531/1045
f 818/2539/1165 821/2542/773 953/2538/1163
f 953/2538/1163 821/2542/773 932/2543/1161
f 932/2543/1161 1053/2544/1160 953/2538/1163
f 932/2543/1161 821/2542/773 870/2545/772
f 928/2546/1166 915/1607/776 971/1610/779
f 928/2547/1166 972/2548/1167 870/2545/772
f 870/2545/772 915/2549/776 928/2547/1166
f 971/2550/779 972/2548/1167 928/2547/1166
f 1036/2551/778 972/2548/1167 971/2550/779
f 870/2545/772 972/2548/1167 932/2543/1161
f 859/2552/774 915/2549/776 870/2545/772
f 1017/2521/1164 953/2520/1163 1113/2519/1162
f 1111/2553/1168 1113/2519/1162 1053/2516/1160
f 1111/2553/1168 1053/2516/1160 1036/2518/778
f 1036/2518/778 926/2512/777 1111/2553/1168
f 1017/2521/1164 1111/2553/1168 926/2512/777
f 1113/2519/1162 1111/2553/1168 1017/2521/1164
f 1103/2217/1055 966/2211/1053 1005/2213/1054
f 1005/2213/1054 1072/2554/1052 1103/2217/1055
f 1005/2213/1054 1002/2215/1049 1072/2554/1052
f 1021/2555/1169 1086/2556/1170 994/2557/1171
f 1086/2556/1170 1021/2558/1169 1104/2559/1152
f 1086/2556/1170 1104/2559/1152 1118/2560/1172
f 1086/2556/1170 1056/2561/1173 994/2557/1171
f 1086/2556/1170 1118/2560/1172 1056/2561/1173
f 1056/2561/1173 1118/2560/1172 984/2562/1174
f 984/2562/1174 1118/2560/1172 1094/2563/1149
f 984/2562/1174 1094/2563/1149 1023/2564/1137
f 962/2565/1175 994/2557/1171 984/2562/1174
f 994/2557/1171 1056/2561/1173 984/2562/1174
f 1134/2566/1176 1118/2567/1172 1104/2568/1152
f 1134/2566/1176 1104/2568/1152 1150/2569/1177
f 1150/2569/1177 1171/2570/1178 1134/2566/1176
f 1171/2570/1178 1150/2569/1177 1199/2571/1179
f 1134/2566/1176 1171/2570/1178 1182/2572/1180
f 1171/2570/1178 1199/2571/1179 1182/2572/1180
f 836/2573/1181 835/2574/1182 844/2575/1183
f 860/2576/1184 836/2573/1181 844/2575/1183
f 860/2576/1184 826/2577/899 786/2578/895
f 860/2576/1184 786/2578/895 899/2579/1185
f 869/2580/1186 844/2575/1183 835/2574/1182
f 826/2577/899 844/2575/1183 822/2581/898
f 844/2575/1183 869/2580/1186 822/2581/898
f 820/1859/901 776/1863/892 778/2582/910
f 820/1859/901 778/2582/910 933/1864/902
f 933/1864/902 778/2582/910 995/1873/907
f 1062/1875/909 974/1871/905 1031/2583/1187
f 974/1871/905 995/1873/907 1031/2583/1187
f 700/1844/891 751/1850/896 778/1878/910
f 860/2584/1184 835/2585/1182 836/2586/1181
f 869/2587/1186 835/2585/1182 899/2588/1185
f 860/2584/1184 899/2588/1185 835/2585/1182
f 822/2589/898 869/2587/1186 899/2588/1185
f 879/2590/913 901/2591/911 899/2588/1185
f 822/2589/898 899/2588/1185 901/2592/911
f 879/2593/913 786/2594/895 724/2595/889
f 879/2593/913 909/2596/914 1035/2597/908
f 879/2593/913 1035/2597/908 901/2598/911
f 786/2599/895 879/2593/913 899/2600/1185
f 1012/2601/1188 961/2602/1189 979/2603/1190
f 961/2602/1189 991/2604/1191 962/2605/1175
f 1028/2606/1192 991/2604/1191 1045/2607/1193
f 1021/2608/1169 991/2604/1191 1028/2606/1192
f 991/2604/1191 1021/2608/1169 994/2609/1171
f 991/2604/1191 994/2609/1171 962/2605/1175
f 979/2603/1190 962/2605/1175 984/2610/1174
f 984/2610/1174 943/2611/1136 979/2603/1190
f 962/2605/1175 979/2603/1190 961/2602/1189
f 979/2603/1190 1016/2612/1194 1012/2601/1188
f 991/2604/1191 961/2602/1189 1034/2613/1195
f 991/2604/1191 1034/2613/1195 1112/2614/1196
f 1045/2607/1193 991/2604/1191 1112/2614/1196
f 1045/2607/1193 1066/2615/1153 1028/2606/1192
f 943/2611/1136 1023/2616/1137 912/2617/1135
f 979/2603/1190 943/2611/1136 938/2618/1140
f 1016/2612/1194 956/2619/1138 1068/2620/1197
f 956/2619/1138 1016/2612/1194 938/2618/1140
f 938/2618/1140 1016/2612/1194 979/2603/1190
f 1068/2620/1197 956/2619/1138 1067/2621/1139
f 1115/2622/1198 1068/2620/1197 1067/2621/1139
f 1068/2620/1197 1115/2622/1198 1156/2623/1199
f 1158/2624/1200 1187/2625/1201 1197/2626/1202
f 1187/2625/1201 1158/2624/1200 1156/2623/1199
f 1158/2624/1200 1142/2627/1203 1112/2614/1196
f 1158/2624/1200 1112/2614/1196 1034/2613/1195
f 1112/2614/1196 1088/2628/1146 1045/2607/1193
f 916/1866/903 813/1865/667 925/1872/906
f 901/2598/911 1035/2597/908 1031/2629/1187
f 1031/2629/1187 1035/2597/908 1062/2630/909
f 1035/2597/908 909/2596/914 908/2631/904
f 1023/2616/1137 943/2611/1136 984/2610/1174
f 1028/2606/1192 1066/2615/1153 1021/2608/1169
f 1104/2632/1152 1021/2608/1169 1066/2615/1153
f 1050/2633/1145 1045/2607/1193 1088/2628/1146
f 1066/2615/1153 1045/2607/1193 1050/2633/1145
f 1142/2634/1203 1125/2635/1151 1088/2636/1146
f 1012/2601/1188 1034/2613/1195 961/2602/1189
f 1034/2613/1195 1012/2601/1188 1016/2612/1194
f 1016/2612/1194 1068/2620/1197 1156/2623/1199
f 1016/2612/1194 1156/2623/1199 1158/2624/1200
f 1034/2613/1195 1016/2612/1194 1158/2624/1200
f 1104/2637/1152 1040/2638/1147 1091/2639/1150
f 1091/2640/1150 1125/2635/1151 1104/2641/1152
f 1125/2635/1151 1142/2634/1203 1150/2642/1177
f 1125/2635/1151 1150/2642/1177 1104/2641/1152
f 1118/2567/1172 1134/2566/1176 1094/2643/1149
f 1088/2636/1146 1112/2644/1196 1142/2634/1203
f 1182/2645/1180 1110/2646/1035 1090/2647/1148
f 1110/2646/1035 1182/2645/1180 1184/2648/1204
f 1184/2648/1204 1182/2645/1180 1203/2649/1205
f 1184/2648/1204 1197/2650/1202 1187/2651/1201
f 1158/2652/1200 1197/2650/1202 1142/2653/1203
f 1199/2654/1179 1150/2655/1177 1203/2649/1205
f 1150/2655/1177 1142/2653/1203 1197/2650/1202
f 1197/2650/1202 1203/2649/1205 1150/2655/1177
f 1203/2649/1205 1197/2650/1202 1184/2648/1204
f 1094/2656/1149 1134/2657/1176 1090/2647/1148
f 1090/2647/1148 1134/2657/1176 1182/2645/1180
f 1067/2658/1139 1110/2646/1035 1115/2659/1198
f 1184/2648/1204 1115/2659/1198 1110/2646/1035
f 1115/2659/1198 1184/2648/1204 1156/2660/1199
f 1156/2660/1199 1184/2648/1204 1187/2651/1201
f 1182/2645/1180 1199/2654/1179 1203/2649/1205
f 196/2661/24 113/2662/21 81/20/18
f 196/2661/24 81/20/18 194/22/20
f 91/2663/29 114/2664/50 96/56/30
f 166/45/35 197/44/34 256/2665/48
f 209/2666/36 197/2667/34 113/2668/21
f 209/2666/36 113/2669/21 196/101/24
f 507/2670/70 256/72/48 401/74/49
f 479/2671/61 507/2670/70 401/74/49
f 479/2671/61 401/74/49 365/2672/60
f 392/108/62 365/107/60 385/2673/69
f 385/2673/69 365/107/60 337/116/26
f 282/2674/23 385/2673/69 337/116/26
f 337/116/26 365/107/60 477/110/64
f 401/114/49 337/116/26 477/110/64
f 477/2675/64 453/121/63 392/108/62
f 479/2676/61 506/2677/65 532/2678/86
f 507/175/70 581/179/101 556/178/100
f 628/246/114 678/244/89 637/2679/88
f 715/280/158 610/2680/102 660/2681/105
f 802/283/160 715/280/158 660/638/105
f 601/265/97 675/261/96 714/263/149
f 652/2682/115 796/2683/152 793/1910/157
f 804/271/153 748/252/141 875/255/144
f 762/627/313 779/630/315 921/2684/1007
f 783/628/314 762/627/313 902/2685/924
f 128/355/194 104/350/189 236/349/188
f 193/2686/207 244/2687/208 226/2688/213
f 205/2689/210 193/2686/207 226/2688/213
f 295/460/239 257/457/238 381/456/124
f 291/2690/186 347/2691/211 321/2692/187
f 191/399/215 318/404/219 341/406/221
f 318/2693/219 139/481/199 341/480/221
f 340/2694/248 351/2695/236 304/2696/1206
f 304/2696/1206 373/2697/260 340/2694/248
f 351/2698/236 340/2699/248 405/2700/247
f 364/2701/249 340/2699/248 373/2702/260
f 469/2703/250 364/2701/249 373/2702/260
f 334/430/220 406/476/245 403/431/230
f 373/2697/260 304/2696/1206 351/2695/236
f 669/2704/286 689/600/297 684/2705/295
f 684/2705/295 689/600/297 682/606/278
f 710/582/269 674/581/291 686/2706/270
f 906/2123/1022 823/2122/305 840/2118/1021
f 36/688/350 49/693/355 101/695/357
f 36/688/350 101/695/357 74/694/356
f 109/722/379 174/725/380 78/710/372
f 554/2707/83 548/847/82 588/846/418
f 528/2708/402 643/928/434 487/2709/401
f 487/2709/401 643/928/434 677/926/459
f 586/899/399 633/898/400 673/900/456
f 25/961/370 20/960/481 46/2710/367
f 46/2710/367 20/960/481 41/2711/369
f 135/2712/368 41/2711/369 82/2713/482
f 82/965/482 41/2711/369 20/960/481
f 10/2714/166 40/308/172 11/307/167
f 144/340/52 147/2715/492 200/994/243
f 359/2716/518 348/1164/241 371/1163/123
f 359/2716/518 371/1163/123 494/2717/425
f 522/2718/429 497/2719/430 494/2720/425
f 530/2721/559 494/2722/425 497/2719/430
f 450/2723/431 522/2718/429 555/2724/464
f 555/2724/464 522/2718/429 494/2720/425
f 555/2724/464 530/2725/559 497/2726/430
f 555/2724/464 497/2726/430 450/2723/431
f 725/1299/625 698/1296/622 703/1298/624
f 159/1450/677 293/1448/707 243/1436/700
f 312/1418/687 418/1420/689 379/1414/685
f 184/1486/725 72/1557/720 80/1484/719
f 184/1486/725 80/1484/719 167/1483/723
f 155/1511/738 87/2727/737 71/2728/721
f 151/1422/691 224/1424/253 204/1433/252
f 367/1559/757 140/1485/724 229/1516/740
f 367/1552/757 229/1530/740 207/1529/731
f 393/1553/758 367/1552/757 207/1529/731
f 534/2729/697 330/2730/694 527/2731/741
f 238/2732/739 493/2733/284 484/555/279
f 238/2732/739 484/555/279 281/557/196
f 485/2734/766 553/1830/526 366/2735/552
f 623/2736/762 534/2729/697 527/2731/741
f 624/1498/734 638/1499/735 192/1493/730
f 743/1591/319 733/1599/348 722/1592/767
f 821/1604/773 818/2528/1165 800/1602/771
f 70/1641/765 27/1638/744 203/1636/793
f 216/2737/751 118/1618/750 258/1624/752
f 118/1618/750 202/1620/784 258/1624/752
f 17/1667/807 21/1666/806 34/1676/485
f 28/1665/805 57/1669/809 21/1666/806
f 180/1766/865 181/2738/915 169/1729/847
f 169/1729/847 181/2738/915 218/1730/844
f 117/1626/783 214/1628/788 173/1632/789
f 274/1629/551 175/2739/763 366/2740/552
f 358/1716/840 259/1725/845 217/1708/832
f 358/1716/840 217/1708/832 370/1710/834
f 322/1814/851 218/2741/844 181/2742/915
f 253/2743/858 210/2744/860 339/2745/874
f 375/2746/825 339/2745/874 210/2744/860
f 260/2747/882 326/1794/877 486/1793/876
f 395/1775/753 438/1773/869 444/2748/870
f 502/2749/586 317/2750/579 358/2751/840
f 539/1204/584 394/1824/848 580/2752/868
f 603/1119/556 631/2753/527 644/1120/529
f 724/1886/889 716/1888/890 807/1882/912
f 93/1228/594 69/2754/570 122/1227/593
f 125/2755/596 65/1889/569 93/1891/594
f 883/1909/916 867/1908/332 907/2756/1031
f 988/2757/920 931/1912/918 883/1913/916
f 1167/2758/978 1145/648/327 1121/1949/940
f 779/2759/315 897/2114/135 921/2077/1007
f 744/2103/316 827/2760/337 891/2104/1014
f 864/2761/1012 831/2137/1029 847/2132/1010
f 945/2201/1047 754/2200/290 839/2762/1015
f 919/2763/1042 918/2173/1040 914/2171/1038
f 944/2177/1043 919/2763/1042 914/2171/1038
f 873/2131/1013 905/2062/999 993/2133/1025
f 1054/2244/1057 1085/2246/1064 1099/2764/1056
f 1019/2110/1017 1065/2074/1005 1080/2073/1004
f 1188/2037/989 1196/2056/994 1177/2057/995
f 720/930/457 736/940/460 980/2311/1089
f 837/2765/641 856/2328/1096 795/2766/653
f 912/2767/1135 817/1351/654 788/1347/614
f 970/2768/479 998/2769/1080 996/2770/1095
f 1069/2419/1132 935/2420/1133 1101/2455/1142
f 1084/2283/1075 1070/2282/1074 1015/2276/1071
f 1154/2406/1130 1139/2405/1129 1168/2401/1128
f 871/1598/770 771/1595/768 784/1600/345
f 972/2548/1167 1036/2551/778 932/2543/1161
f 1103/2771/1055 1072/2208/1052 1119/2207/1051
f 949/2772/1050 1103/2771/1055 1119/2207/1051
f 1072/2208/1052 1022/2064/1001 1119/2207/1051
f 844/2575/1183 826/2577/899 860/2576/1184
f 1031/2629/1187 995/2773/907 901/2598/911
