# Blender 5.1.2
# www.blender.org
o tripo_node_e3a932f3-06b3-493a-951e-43318e22f197
v -0.278770 -0.287732 0.112385
v -0.265188 -0.256850 0.069103
v -0.260453 -0.280193 0.139791
v -0.270391 -0.331508 0.132054
v -0.262876 -0.318400 0.087553
v -0.257803 -0.305218 0.170894
v -0.253838 -0.275543 0.124927
v -0.239578 -0.218707 0.063679
v -0.241104 -0.235003 0.091185
v -0.259288 -0.321334 -0.079478
v -0.255588 -0.295231 -0.012488
v -0.249492 -0.374735 -0.013156
v -0.224504 -0.297330 -0.104414
v -0.255180 -0.016466 0.122638
v -0.220821 -0.329286 0.050075
v -0.246353 -0.308824 -0.060988
v -0.240035 -0.265129 0.106146
v -0.228930 -0.276610 0.186200
v -0.205303 -0.389375 0.083024
v -0.239089 0.001392 0.091612
v -0.238212 -0.032908 0.097317
v -0.242724 -0.046664 0.152416
v -0.230601 -0.029853 0.156655
v -0.239455 -0.008310 0.123127
v -0.234703 -0.378955 -0.056939
v -0.240232 -0.316143 -0.109668
v -0.248129 -0.288689 -0.037580
v -0.235903 -0.272836 0.146639
v -0.233417 -0.307237 0.103787
v -0.222307 -0.254841 0.161493
v -0.219450 -0.050131 0.192089
v -0.225170 -0.305188 0.143113
v -0.216047 -0.206646 0.121594
v -0.215285 -0.335482 -0.047418
v -0.204670 -0.353731 0.017121
v -0.216368 -0.330371 -0.070294
v -0.219692 -0.315469 0.103349
v -0.218974 0.022762 0.099274
v -0.175518 -0.338583 0.158394
v -0.204942 -0.304625 -0.032192
v -0.195719 -0.269196 -0.045345
v -0.207473 -0.307511 -0.121565
v -0.202408 -0.377125 0.128267
v -0.205173 -0.283003 0.081751
v -0.196591 -0.416290 -0.044992
v -0.154168 -0.303042 -0.015962
v -0.192876 -0.415106 -0.020110
v -0.184425 -0.322192 0.009800
v -0.184655 -0.272506 0.052103
v -0.182153 -0.275427 -0.012165
v -0.214057 -0.227722 0.114366
v -0.171672 -0.105111 0.143416
v -0.195385 0.022577 0.083121
v -0.201069 -0.310985 0.126722
v -0.206688 -0.204555 0.115711
v -0.208049 -0.246341 0.176132
v -0.213931 -0.237496 0.152633
v -0.201046 -0.059645 0.203951
v -0.193453 -0.034691 0.189234
v -0.180999 -0.090141 0.086532
v -0.204714 0.360310 -0.054698
v -0.195210 -0.218897 0.091301
v -0.185109 0.015397 0.120947
v -0.198934 -0.291630 -0.125678
v -0.195575 -0.240015 0.111162
v -0.194056 -0.259426 -0.089152
v -0.205362 -0.280922 -0.100717
v -0.163942 -0.402015 -0.074781
v -0.218667 0.331595 -0.117719
v -0.168046 0.029989 0.124744
v -0.161680 -0.309819 0.026082
v -0.196462 -0.321858 -0.065376
v -0.193365 0.320038 -0.158444
v -0.193318 -0.237211 0.074465
v -0.193347 -0.250625 0.065649
v -0.167387 0.272476 -0.056202
v -0.168063 -0.293640 0.160870
v -0.190824 -0.223565 0.159109
v -0.183436 0.365288 -0.076887
v -0.203277 -0.207967 0.076888
v -0.183729 -0.063562 0.155953
v -0.196263 -0.181143 0.078327
v -0.170355 -0.260260 -0.038588
v -0.190866 0.339309 -0.125626
v -0.196218 0.168039 0.001443
v -0.163089 -0.050902 0.077422
v -0.191075 0.179114 -0.073927
v -0.186806 -0.268124 -0.108581
v -0.185212 -0.212496 0.047137
v -0.166617 -0.399041 0.047064
v -0.160357 -0.428683 0.093535
v -0.187555 -0.161668 0.115519
v -0.177326 -0.051568 0.127901
v -0.175815 0.118341 -0.056048
v -0.180310 -0.202756 0.131201
v -0.171911 -0.409653 0.001510
v -0.141114 -0.100994 0.166447
v -0.146218 0.256357 -0.100830
v -0.182211 0.179939 -0.029997
v -0.188557 -0.464724 -0.031754
v -0.160540 -0.026852 0.211087
v -0.167578 0.332436 -0.154008
v -0.172988 0.178600 0.003438
v -0.179954 -0.221414 0.118723
v -0.159078 -0.047014 0.171251
v -0.164104 -0.186936 0.075928
v -0.180826 -0.173912 0.130583
v -0.159122 -0.022613 0.124476
v -0.140174 0.394293 -0.040409
v -0.167809 -0.016564 0.188526
v -0.170344 -0.466195 -0.062485
v -0.162720 0.373343 -0.030463
v -0.135752 0.291215 -0.112761
v -0.153224 -0.403921 0.128792
v -0.142214 -0.465177 0.013551
v -0.156949 0.106567 0.004379
v -0.170076 -0.162801 0.099814
v -0.154683 0.311006 -0.074465
v -0.156927 0.198640 -0.082009
v -0.159509 0.174003 -0.091515
v -0.165068 0.171550 0.033755
v -0.168397 -0.161979 0.119820
v -0.159285 -0.371636 -0.078343
v -0.157910 -0.179858 0.129355
v -0.166603 0.187036 -0.059046
v -0.164195 -0.235643 0.098002
v -0.159348 -0.272143 -0.087407
v -0.126029 0.260404 -0.122166
v -0.148277 0.117631 -0.048361
v -0.144234 0.031286 0.112554
v -0.171378 0.217449 0.101972
v -0.154244 -0.138214 0.058916
v -0.156419 0.149014 -0.060431
v -0.170442 0.212235 0.124965
v -0.156745 0.315059 -0.177993
v -0.161427 0.018673 0.144650
v -0.168909 -0.057907 -0.136401
v -0.158718 0.186408 0.005507
v -0.169499 0.203757 -0.183323
v -0.149215 0.111487 -0.017877
v -0.154099 0.178551 -0.224664
v -0.166349 -0.092188 -0.112434
v -0.158768 -0.040500 -0.116904
v -0.136990 -0.217638 0.067700
v -0.150501 -0.255278 0.107252
v -0.158332 0.054846 -0.125090
v -0.151253 -0.099820 -0.132885
v -0.152753 0.220052 0.085422
v -0.154184 0.088755 -0.044828
v -0.135478 -0.465365 -0.081127
v -0.147932 0.137914 0.084958
v -0.153156 0.054565 -0.057726
v -0.145049 0.209829 -0.202361
v -0.156488 -0.083677 -0.146671
v -0.137416 0.197066 0.149574
v -0.144179 -0.227473 0.110775
v -0.159990 0.001828 -0.169793
v -0.157669 0.228122 -0.162223
v -0.162497 -0.073635 -0.042610
v -0.153768 0.232015 0.105920
v -0.156460 -0.014928 -0.083644
v -0.137899 -0.387675 0.002124
v -0.152720 -0.118711 -0.130716
v -0.157020 -0.094497 -0.020860
v -0.158328 0.012758 0.172240
v -0.151115 -0.429413 0.046614
v -0.147979 0.143774 -0.212651
v -0.148249 -0.027789 -0.210538
v -0.149945 0.210026 0.137241
v -0.142671 -0.385249 0.028181
v -0.153541 -0.118410 -0.103693
v -0.107947 -0.090515 0.167779
v -0.153561 -0.165723 -0.029175
v -0.146146 0.012547 -0.135135
v -0.156786 -0.161495 -0.074732
v -0.143829 0.130009 0.105400
v -0.145125 0.204369 0.002857
v -0.142941 0.134245 -0.001671
v -0.144865 0.186393 -0.065511
v -0.143656 -0.056163 -0.207651
v -0.149876 -0.020746 0.149422
v -0.143357 0.119671 -0.086543
v -0.142899 0.196411 -0.077488
v -0.138096 -0.363379 -0.044267
v -0.141215 -0.085684 -0.103489
v -0.141619 0.115071 -0.072813
v -0.131365 0.316876 -0.025175
v -0.140394 0.194109 -0.022333
v -0.144874 -0.463467 0.102943
v -0.132416 -0.111551 -0.226688
v -0.140964 0.379587 -0.066190
v -0.145414 0.006811 -0.105811
v -0.129794 0.149628 0.022960
v -0.121510 -0.274163 0.063947
v -0.137055 -0.019300 -0.203031
v -0.129941 0.280898 -0.088295
v -0.141139 -0.150960 -0.181232
v -0.131642 -0.249332 -0.040931
v -0.134516 0.201026 0.111419
v -0.134359 -0.112012 -0.086066
v -0.125617 -0.180467 0.144893
v -0.121256 0.387444 -0.034248
v -0.117903 -0.014203 -0.008554
v -0.145552 0.090561 -0.010301
v -0.118429 0.336924 -0.155626
v -0.128911 0.231260 0.090379
v -0.129455 -0.270829 -0.142372
v -0.133821 -0.004822 0.187564
v -0.133641 0.218299 -0.123058
v -0.137666 -0.166603 -0.016721
v -0.135419 0.137367 -0.055853
v -0.122590 0.105881 -0.002327
v -0.129215 0.020505 0.156705
v -0.121699 0.189720 0.017984
v -0.113957 0.227262 0.115693
v -0.134445 -0.227863 0.107449
v -0.128972 0.197994 0.122444
v -0.124981 -0.470368 0.052667
v -0.127987 0.164810 -0.080641
v -0.137663 0.218787 -0.184830
v -0.112767 0.232651 -0.165737
v -0.117452 0.201960 -0.006123
v -0.142685 -0.285775 -0.206353
v -0.124842 -0.236868 -0.176307
v -0.116227 -0.370164 0.137413
v -0.126676 -0.108119 0.053807
v -0.124849 0.081327 -0.001465
v -0.136607 -0.307799 -0.227347
v -0.116230 0.173611 -0.214752
v -0.129254 -0.007946 -0.113953
v -0.117400 0.244000 -0.141331
v -0.104207 -0.218081 0.049288
v -0.114845 0.002197 -0.173535
v -0.104226 -0.363122 -0.136549
v -0.120404 0.131958 -0.153454
v -0.128254 -0.236203 0.077716
v -0.102104 -0.467718 0.117741
v -0.124237 -0.193088 -0.182904
v -0.124983 -0.062770 -0.091450
v -0.115929 0.212834 0.138687
v -0.086542 0.128680 0.064428
v -0.107711 -0.251584 -0.197897
v -0.131709 -0.018352 -0.188933
v -0.120012 -0.092783 -0.089956
v -0.091392 0.160260 -0.236368
v -0.130436 -0.085469 -0.172072
v -0.108347 -0.309591 -0.016176
v -0.110702 -0.395761 -0.031541
v -0.123436 -0.040385 -0.154945
v -0.108837 -0.057791 -0.238443
v -0.103827 0.232139 -0.012164
v -0.099665 0.323398 -0.174140
v -0.102379 0.083646 0.089714
v -0.117593 -0.228774 0.115505
v -0.109952 0.131608 -0.079754
v -0.123972 -0.308737 0.037636
v -0.077672 0.020070 -0.138797
v -0.108129 0.180824 -0.139714
v -0.092069 0.276741 -0.074879
v -0.099634 -0.332556 -0.253020
v -0.093451 -0.312467 -0.232971
v -0.103227 -0.362254 -0.199341
v -0.115726 -0.032844 -0.208146
v -0.099789 -0.286432 -0.084727
v -0.122729 -0.407637 -0.073269
v -0.094917 0.123356 0.112388
v -0.082805 -0.137404 0.075895
v -0.092480 -0.325771 0.075745
v -0.083752 -0.070210 0.121136
v -0.084017 -0.039882 -0.245914
v -0.077828 0.283055 -0.140193
v -0.116439 -0.119158 -0.148392
v -0.104731 -0.167937 0.052326
v -0.101398 -0.396845 0.044249
v -0.078285 0.092555 -0.163015
v -0.112699 0.168232 -0.089548
v -0.091072 0.275486 -0.092012
v -0.115461 -0.280142 -0.207065
v -0.105282 -0.045894 -0.146476
v -0.110368 -0.290204 -0.091635
v -0.107507 -0.463925 0.009469
v -0.100251 0.378729 -0.083207
v -0.114759 -0.405292 -0.004474
v -0.091818 -0.223401 -0.008335
v -0.104675 -0.094268 -0.207557
v -0.099494 0.095640 0.070765
v -0.108079 -0.466650 -0.071609
v -0.115553 0.174168 -0.003315
v -0.102013 -0.134909 -0.158380
v -0.100317 -0.062544 -0.093092
v -0.097596 0.347759 -0.135720
v -0.082367 0.169357 -0.214139
v -0.108808 0.148670 -0.083956
v -0.101795 -0.272418 0.080241
v -0.104671 -0.373194 -0.045507
v -0.110746 0.196727 -0.099659
v -0.097540 0.203552 0.132401
v -0.098762 0.217412 -0.111073
v -0.088389 -0.273862 0.104088
v -0.099369 0.213516 0.098525
v -0.108159 -0.315368 0.220570
v -0.098016 -0.341313 0.057267
v -0.102823 0.447948 0.136909
v -0.109846 -0.242727 0.201688
v -0.101583 0.466400 0.051138
v -0.072137 -0.212392 -0.183523
v -0.103089 0.014276 0.012096
v -0.095643 -0.470265 0.044054
v -0.083202 0.396004 0.120747
v -0.115785 0.462980 0.092043
v -0.091530 -0.091045 -0.246842
v -0.085523 0.086825 0.045871
v -0.075747 -0.177800 -0.191435
v -0.091151 -0.317393 0.000177
v -0.090159 0.457005 0.028090
v -0.064039 -0.079853 -0.007801
v -0.091614 0.166677 0.007809
v -0.105069 -0.072689 -0.092306
v -0.094291 -0.464696 -0.051401
v -0.090450 -0.334818 0.137522
v -0.098253 -0.427972 -0.046319
v -0.068060 -0.225024 -0.202974
v -0.095623 -0.315976 -0.167063
v -0.080422 0.133966 -0.147917
v -0.060333 -0.222938 0.111661
v -0.088714 -0.418686 -0.153780
v -0.092037 -0.369202 -0.095330
v -0.067403 0.394653 0.036319
v -0.080617 -0.277328 -0.152946
v -0.070425 0.003324 -0.177716
v -0.061858 -0.029487 -0.232205
v -0.089512 0.127208 -0.154917
v -0.064184 0.232310 -0.142711
v -0.088883 0.468917 0.095624
v -0.087951 -0.309621 0.041518
v -0.092125 -0.216514 0.195174
v -0.083590 -0.001697 0.055312
v -0.071149 -0.028765 0.015066
v -0.071529 0.194881 -0.013176
v -0.069519 0.350419 -0.153370
v -0.079083 -0.317276 -0.080027
v -0.067708 0.004468 -0.098857
v -0.088000 -0.470198 -0.129211
v -0.089102 -0.382928 0.094013
v -0.070411 -0.033837 -0.222868
v -0.075694 -0.340043 0.244082
v -0.057693 0.162505 -0.226551
v -0.085258 -0.117409 0.106364
v -0.088801 -0.467931 -0.073532
v -0.080234 -0.389383 0.017056
v -0.084520 -0.253701 0.209671
v -0.071266 0.451751 0.167930
v -0.056165 0.376434 -0.084998
v -0.084820 -0.408012 0.106125
v -0.084741 0.372234 -0.111063
v -0.089943 -0.467359 0.019900
v -0.066842 -0.080327 -0.209161
v -0.081208 0.383829 -0.053150
v -0.084891 0.034345 0.097233
v -0.080130 -0.467638 0.107203
v -0.080005 0.342248 0.077189
v -0.084928 -0.105038 -0.091520
v -0.079214 -0.120373 -0.149214
v -0.091099 -0.349572 0.080502
v -0.080798 -0.146026 0.132673
v -0.081301 0.202489 -0.104131
v -0.065002 -0.300791 0.120960
v -0.075189 -0.317822 0.108405
v -0.069547 0.153676 0.020129
v -0.034974 -0.038278 -0.239244
v -0.068922 -0.311795 0.233493
v -0.074072 0.134305 0.082899
v -0.077282 0.102941 0.104500
v -0.060667 -0.040015 0.002330
v -0.076319 0.135326 0.059719
v -0.073363 -0.463847 -0.064350
v -0.069351 -0.342850 0.014227
v -0.063419 -0.055210 -0.159368
v -0.056256 0.467304 0.016928
v -0.073804 0.464692 0.140130
v -0.052358 -0.220469 0.212689
v -0.067176 -0.333443 -0.151662
v -0.085304 0.259826 0.080791
v -0.052508 0.197944 -0.164584
v -0.065163 -0.227884 0.163746
v -0.074373 -0.169020 0.037634
v -0.065344 -0.418563 0.176959
v -0.039564 -0.080465 -0.241275
v -0.066398 0.224051 0.032464
v -0.058410 -0.336152 -0.189785
v -0.075644 0.343883 0.105782
v -0.048895 -0.371415 -0.204756
v -0.073211 -0.029478 0.092161
v -0.072278 -0.068174 0.037971
v -0.052296 -0.198156 0.201788
v -0.064855 -0.399114 -0.069552
v -0.069557 -0.136005 0.094746
v -0.079154 0.142055 -0.087114
v -0.066824 0.278324 0.114731
v -0.075177 0.184038 -0.098168
v -0.059604 0.012845 -0.150248
v -0.061183 -0.119493 -0.081101
v -0.060775 -0.111212 -0.161373
v -0.072406 -0.115429 -0.103358
v -0.055898 -0.271727 -0.154484
v -0.063762 -0.291627 0.174880
v -0.051002 -0.211111 -0.014626
v -0.042494 0.391897 0.107700
v -0.045984 -0.283694 0.001760
v -0.051584 0.181357 -0.185912
v -0.051233 -0.017826 -0.183268
v -0.062754 0.116615 0.096995
v -0.053486 -0.392183 0.202670
v -0.043389 0.373587 0.081344
v -0.056138 0.100745 -0.142059
v -0.061049 -0.331644 0.191469
v -0.054127 -0.255978 0.184498
v -0.021288 0.184476 -0.173079
v -0.050150 0.368996 0.127308
v -0.057770 0.169507 0.098566
v -0.051283 -0.019503 0.104259
v -0.050867 0.174820 -0.108830
v -0.030939 -0.470005 -0.149420
v -0.054276 -0.467008 0.164652
v -0.050115 -0.314967 -0.243203
v -0.049047 -0.318942 0.244526
v -0.064666 -0.305774 0.105594
v -0.054302 0.146071 -0.080003
v -0.042500 -0.153583 -0.189572
v -0.040214 0.325403 0.036137
v -0.048238 -0.321725 0.006207
v -0.063097 0.109333 -0.086673
v -0.032852 0.454615 0.003771
v -0.021477 -0.336004 0.263188
v -0.047401 -0.333167 -0.156065
v -0.042594 -0.157212 0.106704
v -0.047254 -0.174544 -0.033260
v -0.052255 0.159933 0.005105
v -0.056264 0.462803 0.040674
v -0.040365 0.383599 0.063064
v -0.035236 -0.023383 -0.140139
v -0.034718 -0.222919 -0.202927
v -0.047014 -0.023978 -0.192157
v -0.047808 0.357684 -0.112072
v -0.037491 -0.316810 0.164258
v -0.036974 0.461323 0.153310
v -0.040997 0.148708 -0.024701
v -0.055974 0.071515 -0.103538
v -0.045715 -0.045479 -0.010979
v -0.041573 -0.335128 0.218659
v -0.035763 0.143953 -0.056281
v 0.088446 -0.467148 0.015590
v 0.018063 0.456059 0.013823
v -0.029686 -0.325364 -0.258107
v -0.042023 -0.032953 -0.071250
v -0.046165 -0.150951 -0.059952
v -0.026608 -0.152523 -0.000869
v -0.035624 -0.341425 0.185110
v -0.037995 0.043065 -0.055430
v -0.025220 -0.120519 -0.128517
v -0.028985 0.447471 0.178646
v -0.038025 -0.211971 -0.161400
v -0.029591 0.191802 0.103135
v -0.022438 0.219388 0.036966
v -0.036469 -0.309918 0.000566
v -0.025330 -0.231500 0.221320
v -0.035873 -0.292408 0.167175
v -0.037424 -0.009773 -0.158946
v -0.020791 -0.233492 -0.177148
v -0.002880 -0.467651 0.162519
v -0.001250 -0.468134 -0.064257
v -0.022953 -0.138322 -0.111003
v -0.036692 -0.030511 -0.035991
v 0.014662 -0.466837 0.134593
v -0.010944 -0.397011 0.193847
v -0.031627 -0.319811 -0.189582
v -0.003631 -0.314186 0.106593
v -0.029180 -0.024444 -0.198376
v -0.022399 0.194831 -0.154529
v -0.028096 -0.065499 0.001476
v 0.008605 -0.286918 -0.019990
v -0.021537 -0.258959 -0.216177
v -0.028320 0.286575 0.119540
v -0.006225 -0.289609 0.134679
v -0.014880 0.185708 0.009008
v -0.020191 -0.295585 0.240768
v -0.024373 0.286550 0.034363
v -0.020525 -0.381964 -0.182019
v -0.028861 -0.296351 -0.239368
v -0.034003 0.166984 -0.206143
v -0.015831 0.359598 0.121862
v -0.022924 -0.144578 -0.040524
v -0.021469 0.131081 -0.024208
v 0.001562 0.037031 0.107139
v -0.033861 0.003530 -0.057771
v -0.028773 -0.426112 -0.161893
v 0.009031 -0.472556 -0.123735
v -0.015696 0.109342 0.100909
v -0.023643 -0.156990 -0.153357
v -0.007018 0.418375 0.124728
v -0.019408 0.461260 0.171361
v -0.020885 -0.205077 0.194885
v -0.027672 -0.339009 -0.002161
v -0.031151 -0.062215 -0.098200
v -0.000969 -0.242624 0.233349
v -0.019297 0.027077 -0.124507
v -0.009911 0.386417 0.064796
v -0.018247 0.268791 0.042045
v -0.017159 -0.140371 -0.137803
v -0.017514 -0.060278 -0.226177
v -0.024648 -0.339465 -0.084907
v -0.015442 -0.038821 -0.158143
v -0.020404 -0.040751 -0.147181
v -0.020342 -0.061559 -0.142340
v -0.023308 -0.380386 -0.075285
v -0.019276 -0.309814 0.188147
v -0.017052 -0.121436 -0.054106
v -0.016511 0.262780 0.057982
v -0.016028 -0.075243 -0.147397
v -0.019975 0.064979 -0.151505
v 0.012184 0.170090 0.078984
v -0.012530 0.074113 -0.034751
v -0.016595 -0.403783 -0.071553
v -0.009543 0.047061 -0.189108
v 0.001665 0.192575 0.071602
v -0.005990 -0.368767 -0.013077
v 0.009203 -0.035068 -0.063732
v -0.012448 -0.330820 -0.096514
v -0.011284 0.009701 -0.165366
v 0.003351 -0.410723 -0.081189
v -0.013592 -0.249656 -0.140592
v -0.011307 0.224416 0.050895
v 0.005426 0.302533 0.094364
v 0.022653 0.458478 0.129803
v -0.004497 -0.251266 -0.209844
v 0.016986 0.449191 0.169996
v 0.007989 0.457934 0.039230
v -0.000391 -0.325778 -0.028813
v 0.006296 0.149950 -0.033163
v -0.006647 -0.039935 -0.195330
v -0.006417 -0.152023 -0.145633
v 0.015776 -0.221224 -0.031781
v -0.007642 -0.434564 -0.067833
v -0.011276 0.258382 0.087643
v 0.008824 0.406526 0.095937
v -0.002453 0.007326 -0.027723
v -0.011231 -0.054158 -0.160856
v 0.015363 0.358773 0.031924
v -0.005945 -0.369699 -0.159633
v 0.006636 0.026874 -0.201251
v 0.000475 -0.289244 -0.233140
v 0.001049 0.069076 0.114031
v -0.005020 0.275842 0.074374
v 0.006251 -0.252058 0.191010
v 0.031094 0.463662 0.149267
v 0.028211 0.094639 -0.037669
v 0.016158 -0.139692 0.104735
v 0.027181 -0.143620 0.001395
v -0.003827 -0.314257 -0.126196
v -0.007546 0.074777 -0.129734
v 0.010951 -0.303736 -0.001518
v 0.018532 -0.267176 0.104572
v 0.021838 -0.236786 -0.001317
v 0.009699 -0.245943 0.207269
v 0.013996 0.241108 0.004271
v 0.006448 -0.303589 0.251285
v 0.011063 -0.409308 -0.052445
v 0.020451 -0.176343 -0.137563
v 0.031812 -0.093513 0.095836
v 0.005939 0.061729 0.127630
v 0.000885 -0.382536 0.187118
v 0.023806 -0.139701 -0.039230
v 0.006512 -0.314307 -0.071313
v 0.029591 0.255176 0.096716
v 0.004783 0.061158 -0.158907
v 0.023025 -0.016932 -0.187797
v 0.040042 0.111023 0.138706
v 0.006361 -0.278861 0.180691
v 0.021621 0.146606 0.100328
v 0.034997 0.227686 -0.033503
v 0.005084 -0.384660 -0.043877
v 0.008914 -0.376455 0.108804
v 0.009979 -0.299823 -0.115202
v 0.024848 0.179750 -0.054257
v 0.009242 -0.303638 0.198370
v 0.008236 -0.326222 -0.045928
v 0.013762 -0.410156 0.128577
v 0.021954 -0.466466 -0.054851
v 0.013782 -0.301224 0.223099
v 0.033852 0.455209 0.074002
v 0.031800 -0.084846 -0.175605
v 0.006470 -0.127611 0.140452
v 0.011353 -0.270819 0.218018
v 0.029230 0.362997 0.097232
v 0.012966 -0.275739 -0.049453
v 0.037626 -0.032129 0.092837
v 0.020558 -0.246029 -0.106262
v 0.019639 -0.455758 -0.100568
v 0.020706 -0.009076 -0.135070
v 0.022936 -0.014087 0.120572
v 0.020108 0.075071 -0.104239
v 0.020129 -0.222760 0.200615
v 0.025785 0.071151 -0.131021
v 0.064579 0.304120 0.007032
v 0.022303 0.061947 0.118805
v 0.039439 -0.185876 -0.113134
v 0.019436 -0.231836 -0.052021
v 0.019722 -0.332861 0.173350
v 0.048595 0.451572 0.137088
v 0.018744 -0.221875 0.149706
v 0.035674 -0.093157 0.009672
v 0.053556 0.077894 -0.100194
v 0.025142 0.040092 -0.184495
v 0.034229 0.019504 0.154557
v 0.044651 0.143624 -0.066038
v 0.027738 -0.201899 0.164267
v 0.037543 0.001018 0.096915
v 0.041345 -0.222876 0.205954
v 0.029893 -0.309507 -0.063376
v 0.028646 -0.003838 -0.117166
v 0.032362 -0.083018 -0.054013
v 0.037421 -0.465054 -0.062867
v 0.033102 -0.207366 0.004078
v 0.033805 -0.194177 -0.058806
v 0.042350 -0.401173 0.194561
v 0.052374 0.037698 0.110960
v 0.042934 -0.303077 0.225094
v 0.039995 -0.008140 0.097545
v 0.030945 -0.064451 0.007380
v 0.038968 -0.028554 0.167411
v 0.034227 -0.047962 -0.044367
v 0.038339 0.374213 0.048356
v 0.037018 -0.145503 -0.000191
v 0.058882 -0.253151 -0.078001
v 0.043184 -0.467074 0.175145
v 0.053728 0.029640 -0.190345
v 0.057261 0.159902 0.083472
v 0.044250 -0.051006 -0.063296
v 0.058182 0.253269 -0.029035
v 0.068265 0.105084 0.146950
v 0.040045 0.375233 0.082044
v 0.048579 -0.010550 -0.117521
v 0.044655 -0.032697 0.000438
v 0.040199 -0.003407 -0.158375
v 0.053646 0.371448 0.061357
v 0.051622 0.073821 -0.024784
v 0.039619 -0.245994 0.178382
v 0.066894 0.255156 -0.013166
v 0.065880 -0.112238 -0.155529
v 0.084417 0.358250 0.112985
v 0.051045 0.023053 0.101303
v 0.059703 -0.188579 0.187836
v 0.044025 -0.231660 0.013493
v 0.048771 -0.159114 -0.062558
v 0.045670 0.158393 0.122917
v 0.059861 -0.332285 0.249133
v 0.041603 -0.398653 -0.104765
v 0.045530 -0.465694 -0.100155
v 0.043469 -0.281661 0.171802
v 0.040002 -0.049612 0.090231
v 0.070715 -0.110417 0.172643
v 0.042400 -0.094051 0.087564
v 0.068739 0.069439 -0.126857
v 0.055015 0.361074 0.094841
v 0.042453 -0.029880 0.090564
v 0.064940 0.159609 0.155001
v 0.052299 -0.372117 -0.064493
v 0.049817 0.000868 0.081233
v 0.050765 0.455089 0.043949
v 0.062278 0.166908 0.103827
v 0.046148 -0.298650 0.018258
v 0.048628 -0.053451 0.028329
v 0.070587 0.015819 -0.204682
v 0.062020 -0.203656 -0.084858
v 0.087400 0.251642 -0.166413
v 0.052273 -0.157104 0.083870
v 0.063818 0.451348 0.096302
v 0.053405 -0.321549 0.180024
v 0.071106 0.033393 -0.180273
v 0.086825 -0.142005 -0.070641
v 0.070036 0.282201 -0.145444
v 0.076611 -0.157584 0.011442
v 0.078608 0.344725 0.016714
v 0.053171 -0.038186 0.021892
v 0.060197 0.057072 -0.001678
v 0.062605 -0.401453 0.195603
v 0.068296 -0.238617 0.181805
v 0.059598 0.050318 0.050366
v 0.060503 -0.326256 0.205388
v 0.078688 -0.094212 0.022659
v 0.056540 -0.233563 0.068585
v 0.071959 0.306968 -0.101068
v 0.071792 -0.050873 -0.083140
v 0.091461 -0.048729 0.168841
v 0.078788 0.027589 0.206844
v 0.075150 -0.275994 0.176297
v 0.079390 -0.130669 0.091714
v 0.084869 -0.291297 -0.068042
v 0.066073 -0.321882 0.179716
v 0.094217 -0.163245 -0.091031
v 0.072542 0.084816 0.196905
v 0.052406 -0.130514 0.127443
v 0.060846 -0.110077 0.137934
v 0.069729 0.141107 -0.065705
v 0.060892 -0.330592 0.065199
v 0.063457 -0.313759 0.234084
v 0.072587 -0.466810 0.169370
v 0.059720 -0.385539 0.026345
v 0.056707 -0.047078 -0.068323
v 0.057092 -0.047848 -0.067110
v 0.057413 -0.047206 -0.067717
v 0.061202 -0.128358 0.113220
v 0.072051 -0.023561 -0.170416
v 0.076424 -0.349253 -0.060458
v 0.067785 -0.369563 0.035765
v 0.094797 0.227104 0.080106
v 0.074365 0.151319 0.077416
v 0.069059 -0.098690 0.128414
v 0.079618 -0.010598 -0.044414
v 0.065334 -0.463480 -0.133981
v 0.074801 -0.227627 0.207463
v 0.076777 -0.107614 -0.086360
v 0.091558 -0.004286 0.024412
v 0.069131 -0.416762 0.019543
v 0.087382 -0.346211 0.007884
v 0.098958 -0.196977 0.008964
v 0.078523 -0.373243 0.017188
v 0.090317 -0.195142 0.070926
v 0.081179 -0.407728 0.181917
v 0.089568 0.051252 -0.156160
v 0.118063 -0.152791 0.188335
v 0.084014 0.135140 -0.040918
v 0.099133 -0.460892 0.007645
v 0.080989 0.126200 0.069279
v 0.135119 -0.467898 -0.094141
v 0.110760 -0.280023 0.075895
v 0.068616 -0.011975 0.128246
v 0.071392 0.058992 0.095970
v 0.080078 -0.111906 -0.128684
v 0.081081 -0.002146 -0.106483
v 0.085922 0.205788 0.174716
v 0.096859 -0.282287 -0.117184
v 0.078921 -0.276153 0.225556
v 0.100277 0.208913 0.113637
v 0.102210 0.438399 0.063775
v 0.083822 0.216641 0.136896
v 0.095660 -0.158300 0.158314
v 0.072643 -0.015532 0.135178
v 0.079346 0.068592 -0.104653
v 0.086857 -0.015487 -0.134766
v 0.094677 0.113604 0.147864
v 0.080946 -0.449361 0.020749
v 0.094275 -0.120129 0.151015
v 0.102200 0.145637 0.165986
v 0.099676 -0.092436 0.098960
v 0.092213 0.139974 0.006086
v 0.120890 -0.030420 0.048808
v 0.143379 0.226229 -0.152764
v 0.082401 -0.386346 0.010564
v 0.117349 -0.193635 -0.099263
v 0.095610 0.097970 0.162573
v 0.103116 -0.003058 0.092875
v 0.093511 0.399520 0.101504
v 0.122090 -0.234288 -0.186155
v 0.085216 -0.418309 0.000719
v 0.100303 -0.066444 0.149346
v 0.102050 -0.466244 -0.146668
v 0.107029 0.002825 0.207612
v 0.098876 0.279891 -0.136611
v 0.104606 0.032387 -0.180147
v 0.091643 -0.309711 0.241483
v 0.085547 0.008170 -0.032877
v 0.100844 -0.224344 0.206482
v 0.082702 -0.368017 -0.045876
v 0.109976 0.312341 -0.053472
v 0.093737 -0.463855 -0.035745
v 0.095527 0.070038 0.194904
v 0.098249 -0.342223 0.063242
v 0.098249 -0.465717 0.116398
v 0.110348 0.176126 0.186684
v 0.099201 0.102611 0.108890
v 0.089812 0.261190 -0.079927
v 0.107367 0.229927 0.034262
v 0.081795 0.233694 -0.104806
v 0.102347 -0.301512 0.000616
v 0.108186 -0.098238 0.130200
v 0.103960 0.246084 -0.011471
v 0.112322 -0.261719 0.001773
v 0.138723 0.325329 0.112010
v 0.093238 0.220552 -0.103451
v 0.139868 -0.120140 0.116125
v 0.100852 0.212768 0.162052
v 0.127605 0.248853 -0.166618
v 0.101438 -0.294565 -0.046845
v 0.095344 -0.444170 0.005552
v 0.101260 -0.298602 -0.001916
v 0.102593 -0.382096 0.147137
v 0.098764 -0.448932 0.002195
v 0.102417 -0.368426 -0.165417
v 0.096701 -0.459336 0.014626
v 0.120782 -0.114235 -0.003746
v 0.129777 -0.072162 -0.078164
v 0.095687 0.151370 0.093314
v 0.100815 0.001224 0.124385
v 0.088279 0.324932 0.075246
v 0.112578 -0.459749 0.054275
v 0.103980 0.298164 -0.091667
v 0.109034 0.227920 -0.053034
v 0.128806 0.088316 0.120816
v 0.104478 0.315794 0.081356
v 0.127373 0.189705 0.109209
v 0.111398 0.050828 -0.135407
v 0.103921 0.338538 0.042610
v 0.101195 0.314931 0.052913
v 0.115322 -0.382333 -0.045835
v 0.119357 0.080464 0.002929
v 0.117416 -0.164903 0.089490
v 0.120141 -0.303511 -0.078992
v 0.121212 -0.174784 0.156892
v 0.109825 0.024869 0.182836
v 0.119943 0.255150 -0.149928
v 0.135518 -0.117341 0.189697
v 0.127208 -0.455344 -0.012755
v 0.120075 -0.306827 -0.019358
v 0.120620 -0.166509 0.116747
v 0.109013 0.441011 0.095050
v 0.121101 -0.020004 0.113830
v 0.103040 0.256840 0.003388
v 0.105903 -0.348985 0.068457
v 0.137876 -0.229461 -0.079085
v 0.111464 -0.107201 -0.071240
v 0.126618 -0.456726 -0.053375
v 0.108766 -0.065949 0.112791
v 0.100715 0.186647 0.153190
v 0.122945 -0.108983 0.182165
v 0.127733 -0.005456 -0.063548
v 0.126162 -0.178663 0.141373
v 0.121072 -0.078130 0.151307
v 0.120133 0.382293 0.079193
v 0.125291 -0.457096 -0.143016
v 0.119953 -0.406011 -0.157623
v 0.115917 0.177928 0.132697
v 0.129593 0.202433 -0.016680
v 0.108646 0.195354 0.170651
v 0.115147 0.429442 0.023003
v 0.143290 -0.083626 -0.114958
v 0.116404 -0.262782 0.196628
v 0.123467 -0.293948 0.164859
v 0.118688 0.078649 0.091939
v 0.131044 0.100213 0.104788
v 0.127751 0.207676 -0.090944
v 0.121827 0.426876 0.121191
v 0.126662 -0.229169 0.014543
v 0.120031 0.236513 -0.013436
v 0.140637 0.023249 0.153723
v 0.122517 0.203072 0.131647
v 0.128682 0.334641 0.035337
v 0.122671 -0.211550 -0.158106
v 0.122186 0.179334 0.166459
v 0.136321 -0.078050 0.089891
v 0.130784 0.328962 0.081100
v 0.125569 -0.244049 0.042743
v 0.106356 0.113947 0.119375
v 0.158823 0.059582 0.097409
v 0.121476 -0.272796 -0.015592
v 0.154158 -0.115653 0.082533
v 0.128187 0.317597 0.053123
v 0.125453 -0.260828 -0.051644
v 0.144367 -0.179801 0.100828
v 0.128142 0.214989 -0.065550
v 0.153840 0.308217 0.077919
v 0.136840 -0.211308 -0.103689
v 0.126802 -0.245084 -0.009333
v 0.138393 0.333380 0.005014
v 0.127824 -0.144391 -0.029325
v 0.132846 -0.340082 0.080404
v 0.139269 0.168968 0.174089
v 0.151078 0.175345 0.133376
v 0.159051 0.007925 0.153048
v 0.154159 -0.340237 -0.074662
v 0.137348 -0.077035 0.115867
v 0.163486 -0.458419 0.000551
v 0.134386 0.296231 -0.071500
v 0.140425 0.368775 0.098813
v 0.129394 -0.108294 -0.036350
v 0.170024 0.168926 -0.056507
v 0.149852 0.067260 0.121799
v 0.164291 -0.026975 0.039716
v 0.143639 0.410796 -0.004844
v 0.134932 -0.125581 0.210246
v 0.143064 -0.197525 0.181277
v 0.145682 0.420945 0.108737
v 0.138179 -0.457501 0.066058
v 0.133593 -0.242680 -0.017260
v 0.154514 0.251406 -0.133224
v 0.157464 0.311468 0.031173
v 0.146959 -0.415539 -0.130511
v 0.173925 0.400487 0.004875
v 0.132154 0.420828 0.074273
v 0.157009 -0.265105 0.074348
v 0.144839 0.408988 0.036329
v 0.145442 -0.242465 0.151552
v 0.150466 -0.083145 -0.006071
v 0.140196 -0.066514 -0.070370
v 0.141819 0.187259 0.143548
v 0.141629 0.072275 0.030707
v 0.176156 -0.294757 -0.031086
v 0.140990 -0.215162 -0.009029
v 0.168286 -0.102043 -0.137653
v 0.179590 0.227573 -0.112285
v 0.139531 -0.227931 -0.167806
v 0.160964 0.394016 0.138469
v 0.160029 0.279835 -0.075757
v 0.166826 -0.297548 -0.230959
v 0.158467 -0.345150 -0.017649
v 0.168720 -0.355749 -0.178637
v 0.151991 0.111441 -0.067229
v 0.164376 0.123349 0.016183
v 0.172036 0.289146 -0.051030
v 0.160912 -0.278221 -0.207991
v 0.164461 -0.207307 -0.126748
v 0.186633 -0.349844 -0.098941
v 0.171240 0.262904 -0.096410
v 0.167080 0.394146 0.029336
v 0.143834 -0.301331 -0.164523
v 0.154350 -0.118106 0.197151
v 0.167459 -0.190675 -0.017264
v 0.170343 -0.132240 0.193037
v 0.185643 -0.166224 -0.030227
v 0.145027 -0.297281 -0.135060
v 0.159838 -0.225191 -0.030449
v 0.187696 -0.267550 0.076529
v 0.178757 0.392811 0.125799
v 0.162793 -0.400273 -0.102262
v 0.168798 -0.263333 -0.035979
v 0.187219 0.380914 0.053825
v 0.153508 -0.082493 -0.027592
v 0.164782 0.062496 -0.078596
v 0.163462 -0.336874 0.076806
v 0.152895 -0.190218 0.140821
v 0.182537 -0.108931 0.093149
v 0.177812 -0.086552 -0.017349
v 0.170234 -0.106958 0.117283
v 0.169437 -0.124378 0.155135
v 0.164355 -0.309832 -0.126500
v 0.182645 0.381999 0.000070
v 0.159707 -0.318229 -0.140148
v 0.210666 -0.111918 -0.132664
v 0.155487 -0.070460 -0.044621
v 0.172685 -0.019358 -0.059955
v 0.178634 -0.211688 -0.095937
v 0.195394 0.250911 -0.088542
v 0.163933 -0.451155 0.053741
v 0.168381 -0.308523 -0.181653
v 0.157951 -0.079140 -0.063464
v 0.158842 -0.125362 -0.085483
v 0.188081 -0.088870 -0.132602
v 0.172553 -0.387567 0.001224
v 0.169472 -0.083818 -0.104711
v 0.169235 0.034659 0.122734
v 0.178514 0.246341 -0.132221
v 0.176418 -0.082214 -0.043689
v 0.177727 0.385110 0.103428
v 0.220800 0.026881 -0.002920
v 0.187458 0.179867 0.005556
v 0.175029 -0.117171 -0.106259
v 0.187977 -0.130511 0.146718
v 0.185611 -0.347907 0.046710
v 0.210488 0.062470 0.029279
v 0.168386 -0.244498 0.017546
v 0.193467 0.365326 0.121697
v 0.184135 -0.165850 0.031808
v 0.170586 -0.274197 0.035268
v 0.172309 -0.265785 0.003860
v 0.184423 -0.131365 -0.052908
v 0.183522 -0.170012 -0.005948
v 0.177271 -0.382521 0.031167
v 0.184358 -0.137865 -0.089271
v 0.198803 -0.288366 -0.203614
v 0.180173 -0.189634 -0.025212
v 0.237534 -0.118185 -0.082871
v 0.208849 0.040361 -0.068242
v 0.189359 0.137811 -0.105680
v 0.191795 0.267989 -0.069705
v 0.205212 0.364838 0.034342
v 0.181586 -0.282549 0.028637
v 0.202701 -0.221506 -0.100453
v 0.220091 -0.188776 0.071020
v 0.191571 -0.138701 -0.066271
v 0.205070 -0.094844 -0.106454
v 0.197923 -0.333886 0.002998
v 0.224743 0.163659 0.032231
v 0.206041 -0.239546 -0.133624
v 0.184410 0.168257 -0.065283
v 0.205968 0.113512 -0.111621
v 0.180371 0.089141 -0.051858
v 0.233116 -0.198729 0.046864
v 0.189623 0.091551 -0.001861
v 0.202910 -0.304538 -0.217332
v 0.194433 0.057928 -0.023446
v 0.198780 0.153819 -0.036688
v 0.219679 -0.208571 -0.045066
v 0.214273 -0.282017 -0.182459
v 0.225159 -0.209205 -0.021161
v 0.200859 0.144598 -0.067551
v 0.222470 -0.247221 -0.010871
v 0.207863 -0.093030 -0.024812
v 0.196514 0.073812 -0.059000
v 0.219700 -0.280062 0.062319
v 0.216920 0.014549 -0.032322
v 0.202625 0.065417 -0.002545
v 0.236684 -0.241161 -0.046536
v 0.217360 0.128626 -0.083530
v 0.218317 -0.179037 0.047110
v 0.233515 -0.108627 -0.052152
v 0.210463 0.362877 0.079085
v 0.210554 -0.194451 -0.004951
v 0.209723 -0.185817 0.024071
v 0.224551 0.166819 0.000573
v 0.227742 -0.101504 -0.107064
v 0.221407 0.126767 -0.103453
v 0.217955 -0.097481 -0.064728
v 0.234090 0.143651 0.005363
v 0.246352 -0.290970 -0.161513
v 0.227341 -0.265236 -0.160593
v 0.237117 -0.271307 -0.118053
v 0.233775 -0.258266 0.014631
v 0.243787 0.110800 -0.066488
v 0.231673 -0.300524 -0.193088
v 0.242796 -0.263699 -0.137318
v 0.259143 -0.224426 0.035649
v 0.236178 0.099703 -0.095773
v 0.280980 -0.248645 0.037644
v 0.268274 -0.225397 0.062946
v 0.274766 -0.256209 -0.010394
v 0.254341 -0.227632 -0.014250
v 0.255515 0.122834 -0.012495
v 0.260860 0.136941 0.024070
v 0.267915 0.100875 -0.055583
v 0.262108 0.134519 0.004845
v 0.272756 0.112282 0.006490
v 0.263967 -0.235390 -0.033096
v 0.261264 -0.231904 0.013892
vn -0.7952 -0.4589 0.3963
vn -0.9312 0.1243 -0.3427
vn -0.6042 -0.6230 -0.4967
vn -0.6343 -0.0255 -0.7727
vn -0.5824 0.8122 -0.0355
vn 0.0825 -0.3381 -0.9375
vn -0.7695 -0.5077 -0.3874
vn -0.2568 -0.1313 -0.9575
vn -0.7031 0.4858 0.5192
vn -0.7057 -0.5302 0.4699
vn -0.1761 -0.0635 0.9823
vn -0.3161 -0.2265 0.9213
vn 0.4836 0.3014 0.8217
vn 0.1758 0.4248 0.8881
vn 0.7795 0.4798 -0.4026
vn 0.3583 0.8906 0.2801
vn 0.7478 0.3922 0.5357
vn -0.4597 0.8808 -0.1131
vn 0.3550 -0.0731 -0.9320
vn -0.0261 -0.6154 -0.7878
vn -0.4597 -0.7198 -0.5201
vn -0.1705 -0.6118 0.7724
vn -0.7270 -0.6766 0.1167
vn 0.1405 0.1364 -0.9806
vn 0.1173 -0.8690 -0.4807
vn -0.2119 -0.7079 0.6738
vn 0.5043 -0.6116 -0.6097
vn 0.5401 0.3049 -0.7845
vn 0.9817 0.1870 0.0363
vn -0.3364 0.8031 -0.4918
vn -0.1519 0.4153 0.8969
vn 0.9135 0.3669 -0.1760
vn 0.1144 0.7090 -0.6958
vn -0.3492 -0.1601 -0.9233
vn -0.6333 -0.6842 -0.3616
vn -0.7774 0.0042 -0.6290
vn -0.2962 0.8959 -0.3310
vn 0.2235 0.8759 -0.4276
vn -0.8440 -0.0465 0.5343
vn -0.7779 0.1597 0.6078
vn -0.9650 -0.2333 0.1196
vn -0.8965 -0.4430 0.0034
vn -0.6569 -0.5867 0.4736
vn -0.6776 -0.4108 -0.6099
vn -0.6147 -0.7130 -0.3375
vn -0.8281 -0.0483 0.5585
vn 0.1845 0.2156 0.9589
vn -0.0713 0.0212 0.9972
vn -0.4338 0.1553 0.8875
vn -0.4937 0.1450 0.8574
vn -0.8360 0.4971 0.2321
vn -0.9637 0.1828 0.1946
vn -0.4926 -0.8639 0.1050
vn -0.2785 -0.8812 -0.3819
vn -0.3434 0.0109 -0.9391
vn -0.8973 0.3865 0.2134
vn -0.9151 -0.3724 0.1545
vn -0.9759 -0.1874 0.1115
vn -0.9459 -0.3153 0.0766
vn -0.8311 -0.0821 -0.5500
vn -0.9982 0.0328 -0.0499
vn 0.6104 -0.7114 -0.3484
vn -0.4020 -0.8856 0.2328
vn 0.0979 -0.7160 -0.6912
vn -0.9276 0.2116 -0.3077
vn 0.4027 -0.9060 -0.1301
vn 0.4190 -0.9036 -0.0885
vn -0.0222 0.9877 0.1545
vn -0.5533 0.5909 -0.5871
vn -0.8768 0.4729 -0.0876
vn 0.7816 0.4665 -0.4141
vn 0.2209 0.6722 -0.7066
vn -0.5741 0.6282 -0.5251
vn 0.7842 0.1970 -0.5885
vn 0.6943 -0.4627 -0.5513
vn 0.2892 -0.1398 -0.9470
vn 0.0342 -0.7360 -0.6761
vn 0.9415 -0.1227 -0.3140
vn 0.8116 0.4855 -0.3249
vn 0.9838 -0.1052 -0.1453
vn 0.8769 -0.2945 -0.3798
vn 0.9391 -0.2856 -0.1912
vn 0.9049 -0.3099 0.2918
vn 0.9774 -0.2090 -0.0323
vn 0.9684 0.2450 0.0473
vn 0.3767 -0.0483 -0.9251
vn 0.0837 0.0140 -0.9964
vn 0.0460 0.1137 -0.9925
vn -0.3686 -0.0353 -0.9289
vn 0.4535 -0.1413 -0.8800
vn -0.3027 -0.1316 -0.9440
vn 0.3347 -0.3278 -0.8835
vn -0.0517 0.9397 -0.3380
vn -0.6378 0.2858 -0.7152
vn -0.4350 -0.8205 -0.3708
vn 0.9859 0.1301 -0.1051
vn 0.0354 -0.7636 -0.6447
vn -0.6694 -0.6968 -0.2576
vn -0.9453 0.1492 -0.2901
vn -0.5300 -0.5934 -0.6058
vn 0.9583 -0.0760 0.2756
vn 0.2800 -0.3743 -0.8840
vn 0.9729 -0.1991 0.1175
vn 0.7622 0.2015 0.6152
vn 0.9040 0.1083 -0.4136
vn 0.5812 0.7757 -0.2459
vn 0.8001 0.4590 -0.3863
vn -0.2556 0.1265 0.9585
vn -0.0845 0.9954 0.0454
vn -0.7739 0.1721 -0.6095
vn -0.4731 0.2236 0.8522
vn 0.2775 0.1274 0.9522
vn -0.7687 0.1858 -0.6121
vn -0.3147 0.0240 -0.9489
vn 0.3331 0.8830 -0.3306
vn -0.8306 0.5335 0.1596
vn 0.0764 0.8806 0.4676
vn -0.0159 0.9098 -0.4148
vn -0.4396 0.1617 -0.8835
vn -0.6852 0.7282 -0.0142
vn -0.3356 -0.1394 0.9316
vn -0.3991 0.8167 -0.4167
vn 0.0853 0.5640 0.8214
vn -0.9583 -0.2127 -0.1910
vn -0.9935 -0.0744 -0.0860
vn -0.9935 -0.0265 -0.1103
vn -0.9670 -0.2339 -0.1013
vn -0.6406 -0.2628 -0.7215
vn -0.9319 -0.1940 -0.3066
vn -0.7191 0.6331 -0.2864
vn -0.8592 -0.1130 -0.4991
vn -0.7053 0.3100 -0.6375
vn -0.4006 0.0939 -0.9114
vn -0.0969 -0.2012 -0.9747
vn 0.4336 -0.2631 -0.8618
vn 0.4464 0.5004 -0.7419
vn -0.0411 0.2257 -0.9733
vn 0.7692 -0.0309 -0.6382
vn 0.6365 -0.4182 -0.6480
vn 0.8475 0.0092 -0.5308
vn 0.4540 0.8507 -0.2649
vn -0.0115 0.9411 -0.3380
vn 0.1063 0.8524 -0.5119
vn 0.9769 -0.0956 -0.1911
vn 0.5699 0.2732 0.7750
vn 0.9699 0.2319 0.0745
vn 0.3451 0.5092 0.7885
vn -0.2055 0.6945 0.6895
vn -0.7436 0.2616 0.6153
vn -0.4795 0.8202 0.3119
vn -0.9133 -0.1381 -0.3833
vn -0.9947 0.0606 0.0831
vn -0.9661 -0.0173 0.2578
vn -0.9704 0.0542 -0.2355
vn -0.9608 0.2406 -0.1380
vn -0.9513 0.3082 -0.0125
vn -0.9962 -0.0720 -0.0486
vn -0.8901 -0.1586 0.4273
vn -0.7584 0.0115 0.6517
vn -0.4248 -0.0754 0.9021
vn -0.6009 -0.0918 0.7941
vn -0.7974 0.1756 -0.5773
vn -0.9329 0.0497 0.3567
vn -0.9211 -0.1176 0.3711
vn -0.4965 0.1366 0.8572
vn 0.5219 -0.1094 0.8460
vn -0.1618 0.4915 0.8557
vn -0.3315 -0.4136 -0.8479
vn 0.4278 -0.2645 -0.8643
vn 0.0507 0.9743 -0.2194
vn 0.7687 -0.6235 -0.1427
vn -0.2583 0.2635 -0.9294
vn 0.3958 -0.3003 -0.8678
vn -0.4058 -0.4044 -0.8196
vn -0.6282 0.0669 -0.7752
vn 0.0944 0.4094 -0.9074
vn -0.2867 -0.2430 -0.9267
vn 0.2992 0.8163 -0.4941
vn 0.7748 0.6320 0.0138
vn 0.1725 -0.3979 -0.9011
vn 0.6746 0.2216 -0.7042
vn 0.6429 0.4734 -0.6022
vn 0.1691 0.9840 -0.0563
vn -0.5623 0.4249 0.7094
vn 0.6946 -0.2149 -0.6865
vn 0.0259 -0.2298 -0.9729
vn 0.0606 0.4929 -0.8680
vn -0.3284 0.5503 -0.7677
vn -0.9480 -0.2865 0.1384
vn 0.8918 0.4138 -0.1830
vn 0.6840 0.7286 -0.0364
vn 0.0292 0.7510 -0.6597
vn 0.6074 0.4359 0.6641
vn -0.5151 0.5806 0.6305
vn 0.9647 -0.0533 -0.2577
vn 0.0336 -0.8871 -0.4603
vn 0.8441 0.2651 0.4661
vn -0.4127 0.5168 -0.7501
vn -0.6140 -0.1625 -0.7724
vn -0.8285 0.5278 -0.1873
vn 0.1657 0.5337 -0.8293
vn 0.2794 0.8914 0.3567
vn 0.8770 0.4797 -0.0280
vn 0.9878 -0.1503 0.0417
vn 0.7737 0.1186 -0.6224
vn 0.6987 0.5161 0.4954
vn 0.5663 0.8061 0.1717
vn -0.4948 0.7759 0.3914
vn 0.2272 -0.4186 0.8793
vn -0.8272 -0.5505 0.1126
vn -0.7836 -0.2023 0.5874
vn -0.9520 -0.2849 0.1122
vn 0.2087 -0.9466 -0.2457
vn -0.9222 -0.0609 -0.3818
vn -0.1905 -0.3559 -0.9149
vn -0.5781 -0.0237 -0.8156
vn 0.5299 -0.8338 -0.1550
vn 0.3584 0.0288 -0.9331
vn 0.7841 0.1044 0.6118
vn 0.8991 -0.1362 -0.4161
vn 0.6048 0.2653 0.7509
vn 0.7790 -0.5037 -0.3734
vn 0.5422 0.8290 0.1372
vn -0.4272 0.5103 0.7464
vn -0.9656 0.2134 0.1489
vn 0.7482 -0.0587 -0.6609
vn 0.4621 -0.2439 -0.8526
vn 0.2795 0.0757 -0.9572
vn -0.6253 0.1419 -0.7673
vn 0.8598 0.0355 -0.5094
vn 0.4027 -0.3374 -0.8509
vn 0.8521 -0.4267 -0.3032
vn 0.9211 -0.2271 -0.3161
vn 0.5504 -0.4031 -0.7311
vn 0.4496 -0.2527 -0.8568
vn -0.0065 -0.0272 -0.9996
vn -0.1834 0.4036 -0.8963
vn -0.7691 0.0552 0.6367
vn -0.9717 0.1092 0.2096
vn -0.8930 -0.1297 -0.4311
vn -0.2398 -0.3280 -0.9137
vn 0.0610 -0.2225 -0.9730
vn 0.6189 -0.3361 -0.7099
vn 0.9479 -0.2730 -0.1643
vn 0.7769 -0.2823 -0.5628
vn -0.9457 0.1670 0.2790
vn -0.3336 0.3121 0.8896
vn -0.1340 0.8137 0.5656
vn 0.5055 0.6555 0.5611
vn -0.2576 0.5360 -0.8040
vn -0.3529 0.0547 -0.9341
vn -0.6368 0.1564 0.7550
vn -0.6858 -0.6941 -0.2186
vn -0.8005 -0.5409 0.2581
vn -0.8057 -0.3672 -0.4647
vn -0.9733 0.2188 0.0689
vn -0.6290 -0.1905 0.7537
vn 0.0553 -0.3405 0.9386
vn -0.5130 -0.2070 -0.8330
vn -0.8144 0.2644 -0.5166
vn -0.4395 -0.6644 0.6045
vn -0.8277 -0.5535 0.0925
vn -0.2600 -0.4639 0.8469
vn -0.6235 -0.4127 -0.6640
vn -0.5824 -0.4159 -0.6984
vn -0.0675 -0.1835 -0.9807
vn -0.0673 0.2423 -0.9679
vn -0.0976 0.2371 -0.9666
vn 0.5543 0.0201 0.8320
vn -0.2778 0.2054 0.9384
vn 0.6038 0.1360 0.7854
vn 0.3387 0.6925 0.6369
vn 0.7811 0.2137 0.5867
vn 0.8282 0.4544 -0.3282
vn 0.4655 -0.8437 -0.2675
vn -0.4456 0.6334 0.6326
vn -0.0193 0.2663 0.9637
vn 0.2312 0.4147 0.8801
vn -0.6137 -0.7174 0.3297
vn -0.1225 0.3549 -0.9269
vn 0.5057 0.3237 -0.7997
vn -0.0153 -0.0557 -0.9983
vn -0.2808 0.2754 -0.9194
vn -0.3823 -0.7983 -0.4654
vn 0.1221 -0.6844 0.7188
vn -0.3067 -0.0110 0.9517
vn -0.2246 -0.8749 0.4291
vn -0.4260 -0.7123 0.5579
vn 0.4223 -0.4851 0.7657
vn -0.6821 -0.4219 0.5973
vn -0.2117 -0.6682 0.7132
vn 0.3938 -0.7303 0.5583
vn 0.0269 -0.9648 0.2616
vn 0.4515 -0.7257 0.5191
vn 0.6668 -0.7180 0.1997
vn 0.3426 -0.8980 0.2761
vn 0.9636 -0.1742 0.2030
vn -0.8564 0.0271 -0.5156
vn -0.8676 -0.0852 0.4898
vn -0.9626 0.0224 -0.2699
vn -0.9288 0.2495 0.2742
vn -0.4887 -0.2566 0.8339
vn -0.2966 0.6109 0.7341
vn 0.1542 -0.1232 0.9803
vn -0.4937 0.6766 -0.5462
vn -0.9348 -0.3491 0.0647
vn -0.3739 -0.1300 -0.9183
vn 0.2617 0.7034 0.6609
vn -0.5193 -0.2410 0.8199
vn -0.3134 0.8342 0.4537
vn 0.1440 -0.2245 0.9638
vn -0.1645 0.3101 0.9364
vn 0.7018 0.6664 0.2517
vn -0.3004 0.9012 0.3123
vn -0.1712 0.9112 -0.3746
vn 0.6585 -0.0163 0.7524
vn -0.3697 -0.2679 0.8897
vn 0.0992 -0.5403 0.8356
vn 0.2196 0.0803 0.9723
vn 0.9364 -0.1610 0.3118
vn 0.6773 0.0251 0.7353
vn 0.5688 -0.1097 0.8151
vn -0.8496 0.3757 0.3702
vn 0.4057 0.4836 0.7756
vn -0.6357 0.7242 0.2673
vn 0.3604 0.5327 -0.7657
vn 0.1027 0.9402 0.3247
vn 0.6912 0.5789 0.4326
vn 0.4773 0.0849 0.8746
vn -0.7134 0.4992 0.4918
vn -0.3898 0.7248 -0.5681
vn -0.6035 0.7175 0.3478
vn -0.7406 -0.0315 0.6713
vn -0.8835 -0.4030 0.2387
vn -0.3812 -0.3941 0.8363
vn -0.2815 0.9586 -0.0427
vn 0.0313 0.2722 0.9617
vn 0.5867 -0.1219 0.8006
vn 0.4886 0.5134 0.7055
vn -0.1264 -0.5150 0.8479
vn -0.9667 0.2221 0.1275
vn -0.6870 -0.3821 -0.6181
vn 0.0394 0.9034 0.4270
vn -0.2076 0.6875 0.6958
vn -0.6858 0.3334 -0.6470
vn -0.0920 -0.3755 0.9222
vn -0.2141 -0.1636 0.9630
vn 0.1617 -0.5818 0.7971
vn -0.0500 -0.8672 0.4954
vn -0.7032 -0.5884 0.3991
vn -0.7863 0.4945 -0.3705
vn -0.7365 0.3874 0.5546
vn 0.2177 0.6808 -0.6993
vn -0.3570 0.0400 0.9332
vn 0.0055 0.9112 0.4120
vn -0.6933 0.6719 -0.2606
vn -0.8019 0.5850 -0.1213
vn -0.1197 0.4795 0.8693
vn -0.7220 -0.3802 0.5781
vn -0.7808 -0.5027 0.3709
vn -0.9894 0.1446 0.0157
vn 0.1801 0.9835 -0.0138
vn -0.6314 0.7752 -0.0200
vn -0.7980 0.3976 -0.4530
vn -0.9965 -0.0040 -0.0830
vn -0.3162 0.3964 -0.8619
vn -0.6317 0.6313 -0.4499
vn -0.6257 0.7401 0.2464
vn -0.4072 -0.2538 0.8773
vn -0.4323 0.3039 0.8490
vn 0.4244 0.3105 0.8506
vn -0.7522 -0.2602 -0.6053
vn 0.3482 -0.0036 0.9374
vn 0.0423 0.9972 -0.0623
vn -0.0962 -0.2302 0.9684
vn -0.6431 0.1335 0.7541
vn -0.7064 0.5821 -0.4026
vn -0.8568 0.5151 -0.0240
vn -0.9928 0.1020 0.0630
vn -0.6202 0.6487 0.4411
vn -0.0265 0.6229 -0.7819
vn -0.1576 0.1646 -0.9737
vn 0.4289 0.8255 -0.3668
vn 0.1739 0.1420 -0.9745
vn -0.1890 0.6951 0.6936
vn -0.9092 -0.3354 0.2465
vn -0.2584 0.3898 -0.8839
vn -0.4953 -0.0086 -0.8687
vn -0.1514 0.3177 -0.9360
vn -0.4428 0.5443 -0.7125
vn 0.9871 0.1579 0.0277
vn 0.0521 0.6575 0.7516
vn 0.9546 0.2884 -0.0751
vn 0.8359 0.2002 0.5110
vn -0.2642 -0.6000 0.7551
vn 0.5612 0.7676 0.3096
vn 0.1948 0.1308 0.9721
vn -0.6734 0.0128 0.7391
vn -0.7862 0.0879 0.6117
vn -0.8813 0.3877 0.2703
vn -0.2174 0.6148 -0.7581
vn 0.7000 0.4607 -0.5456
vn -0.6681 0.7405 0.0723
vn 0.4707 0.8698 -0.1479
vn -0.1439 0.9643 0.2223
vn -0.1491 0.7973 -0.5848
vn 0.2747 0.7730 0.5719
vn 0.5616 0.2693 0.7823
vn -0.5044 0.0335 0.8628
vn -0.9564 0.1540 0.2482
vn -0.2055 0.0739 0.9759
vn -0.8383 -0.0978 0.5364
vn -0.7109 -0.1852 0.6785
vn -0.1730 -0.0495 0.9837
vn 0.7501 -0.2208 -0.6234
vn 0.2232 -0.7900 -0.5710
vn 0.5626 0.3524 0.7479
vn 0.1229 0.4181 0.9001
vn -0.9886 -0.1370 0.0629
vn -0.9964 0.0775 0.0331
vn 0.0513 0.1990 0.9787
vn 0.0062 -0.0699 0.9975
vn -0.1212 -0.1878 0.9747
vn -0.2075 0.1443 0.9675
vn 0.0171 0.3296 0.9440
vn -0.8169 -0.0168 0.5765
vn 0.3838 -0.1953 0.9025
vn -0.1366 -0.8808 -0.4534
vn -0.6866 0.0221 0.7267
vn -0.2273 0.1430 0.9633
vn -0.0522 -0.3050 0.9509
vn -0.5043 0.0145 0.8634
vn -0.8574 0.2277 0.4615
vn -0.9440 0.2399 -0.2263
vn -0.9724 0.0151 0.2327
vn -0.9347 0.2637 0.2383
vn -0.5783 -0.0510 0.8142
vn 0.4621 -0.3909 0.7961
vn 0.3684 -0.1989 0.9081
vn -0.9560 0.1268 -0.2646
vn -0.6953 0.0149 -0.7185
vn -0.7084 -0.5278 -0.4686
vn -0.8730 -0.3095 0.3768
vn -0.2892 -0.5946 -0.7502
vn -0.7016 0.1643 0.6934
vn -0.9803 0.1855 0.0683
vn -0.0692 0.8149 -0.5755
vn 0.1087 0.9379 -0.3294
vn -0.8325 0.3854 0.3981
vn 0.4144 0.8895 -0.1927
vn 0.5259 0.4567 -0.7175
vn -0.4933 0.6113 -0.6188
vn 0.2888 0.8288 0.4793
vn -0.3188 0.9442 -0.0833
vn -0.5964 0.7634 0.2482
vn -0.0047 0.9807 -0.1955
vn -0.7653 -0.5145 -0.3868
vn -0.4243 -0.6293 0.6511
vn -0.9068 0.2298 0.3534
vn -0.3584 0.2212 0.9070
vn -0.0923 0.9840 -0.1522
vn -0.4734 0.3741 -0.7975
vn 0.0510 0.9584 -0.2808
vn -0.7802 0.5270 -0.3371
vn 0.0986 0.8831 0.4588
vn 0.1401 0.9788 0.1493
vn -0.8366 0.3067 -0.4539
vn -0.1158 0.0159 -0.9931
vn -0.0564 0.8960 -0.4404
vn -0.6946 0.1780 -0.6971
vn -0.1326 -0.1843 -0.9739
vn -0.8484 0.0797 -0.5234
vn -0.9510 -0.2947 -0.0934
vn -0.9885 0.1136 -0.1000
vn -1.0000 0.0039 0.0001
vn -0.9989 -0.0203 0.0428
vn 0.4652 0.3013 0.8324
vn 0.6620 0.3588 0.6581
vn -0.7597 0.2892 0.5824
vn -0.9233 0.3235 -0.2069
vn -0.8064 -0.3446 -0.4806
vn -0.5302 -0.5877 0.6111
vn -0.5383 0.5112 0.6700
vn -0.6779 0.7346 0.0284
vn -0.6158 0.4798 0.6250
vn 0.2534 0.8669 -0.4292
vn -0.1185 0.9760 0.1829
vn 0.1934 0.7413 -0.6427
vn -0.5169 0.1764 -0.8376
vn -0.1443 -0.1522 0.9778
vn 0.5066 -0.2310 0.8307
vn -0.2414 -0.0327 -0.9699
vn 0.4941 -0.3812 -0.7814
vn 0.9409 0.1674 -0.2944
vn 0.9244 -0.1380 -0.3555
vn 0.9096 0.3432 -0.2341
vn 0.5003 0.4696 -0.7274
vn -0.7395 -0.1194 0.6625
vn -0.4678 0.8077 -0.3589
vn 0.2228 0.0853 -0.9711
vn -0.6959 -0.0959 0.7117
vn -0.8368 -0.4160 0.3560
vn -0.9888 0.1011 0.1099
vn -0.7732 -0.3211 -0.5469
vn -0.7557 -0.2335 -0.6119
vn -0.2414 0.3446 0.9072
vn -0.2532 0.2751 -0.9275
vn 0.7593 0.5496 -0.3484
vn -0.0745 0.8496 0.5222
vn -0.8977 0.4195 -0.1351
vn -0.3562 0.9271 0.1169
vn -0.1100 0.6186 0.7780
vn -0.3708 0.3466 0.8616
vn 0.2481 0.5550 0.7940
vn -0.1676 0.9521 0.2559
vn -0.1270 0.0474 0.9908
vn 0.0089 0.2195 0.9756
vn 0.6425 0.3455 0.6839
vn 0.5038 0.7044 0.5001
vn 0.3444 -0.6413 -0.6856
vn -0.5249 -0.4971 -0.6909
vn 0.1190 0.1143 -0.9863
vn -0.0661 0.9971 -0.0376
vn 0.4186 0.1480 -0.8960
vn -0.9748 0.1356 0.1774
vn 0.7816 0.0846 -0.6180
vn 0.9040 -0.3683 -0.2173
vn 0.6025 0.7342 -0.3129
vn 0.7531 -0.6374 -0.1630
vn 0.2516 -0.1501 -0.9561
vn -0.5488 0.5857 -0.5965
vn -0.5885 -0.2987 -0.7513
vn 0.9088 0.2620 -0.3249
vn 0.2002 0.5510 -0.8101
vn 0.4842 0.8727 0.0625
vn -0.1481 0.5864 -0.7963
vn 0.4056 0.9133 -0.0378
vn -0.1883 0.9813 -0.0390
vn -0.9469 0.3076 -0.0937
vn -0.7641 0.5658 0.3098
vn 0.3851 0.0227 0.9226
vn 0.6031 0.4087 0.6849
vn 0.9673 0.2401 -0.0816
vn 0.6636 0.2603 0.7013
vn 0.9760 0.1604 -0.1472
vn 0.9819 0.0412 -0.1846
vn 0.6550 -0.0381 -0.7547
vn 0.7754 0.1014 -0.6233
vn 0.9845 0.0310 -0.1725
vn 0.9126 0.3876 0.1303
vn -0.3618 0.6590 -0.6594
vn 0.7102 0.6972 0.0975
vn 0.2383 0.4297 -0.8709
vn -0.1064 -0.3066 -0.9459
vn 0.7325 0.6781 0.0598
vn -0.4335 0.5551 -0.7099
vn -0.8248 0.4598 -0.3291
vn -0.8326 0.0587 -0.5508
vn -0.5634 0.4482 -0.6941
vn -0.5980 0.3655 -0.7133
vn -0.6371 0.0872 -0.7658
vn -0.2866 0.7092 0.6441
vn -0.5576 0.4564 -0.6934
vn 0.4730 0.7772 -0.4151
vn 0.5122 0.8589 -0.0048
vn 0.0259 0.9923 -0.1215
vn -0.5166 0.8354 0.1876
vn 0.1039 0.5851 0.8043
vn 0.0358 0.7820 -0.6223
vn 0.3013 0.5938 -0.7461
vn -0.7648 0.6065 -0.2173
vn -0.4667 0.8835 -0.0400
vn -0.2711 0.9152 0.2983
vn -0.8320 0.2454 0.4976
vn -0.9031 0.3244 -0.2814
vn 0.0640 0.7210 0.6900
vn -0.2795 0.9601 -0.0046
vn 0.2132 0.8911 0.4005
vn 0.0741 0.7339 0.6752
vn -0.1728 0.0045 0.9849
vn -0.0919 0.7668 0.6353
vn -0.2406 0.9565 0.1646
vn -0.3876 0.4133 -0.8240
vn -0.6792 -0.5842 0.4442
vn 0.2587 -0.2518 0.9326
vn 0.1802 0.8120 -0.5551
vn 0.7572 0.2662 0.5965
vn -0.5814 0.1375 -0.8019
vn -0.9951 -0.0459 0.0882
vn 0.3817 0.3851 -0.8402
vn -0.9619 -0.0943 -0.2567
vn -0.8593 -0.0886 0.5037
vn -0.5373 -0.1194 0.8349
vn -0.7277 -0.3858 0.5671
vn -0.8967 0.4424 0.0148
vn -0.3560 0.0083 -0.9344
vn -0.1732 0.0158 -0.9848
vn -0.5322 -0.0607 0.8445
vn 0.3007 -0.0477 0.9525
vn 0.1086 0.2684 0.9572
vn 0.0588 0.7657 0.6405
vn 0.6269 -0.4177 0.6577
vn 0.8677 0.4668 0.1709
vn -0.3572 0.7946 -0.4909
vn -0.7921 0.5511 0.2624
vn -0.3866 0.9152 -0.1141
vn -0.3973 0.5592 0.7277
vn -0.6669 -0.0009 0.7451
vn -0.4477 0.6278 0.6367
vn -0.5818 -0.2768 -0.7648
vn -0.1309 0.8442 -0.5198
vn -0.0631 0.2422 -0.9682
vn -0.7034 0.1575 -0.6931
vn 0.4529 0.7793 0.4332
vn 0.2932 0.9516 0.0927
vn -0.7453 0.5800 -0.3289
vn -0.2586 -0.3155 0.9130
vn -0.0712 -0.0432 0.9965
vn 0.3057 -0.3382 0.8900
vn 0.3260 -0.1748 0.9291
vn 0.1232 0.2183 0.9681
vn 0.9745 -0.0919 0.2046
vn 0.2657 -0.8853 0.3816
vn 0.9565 -0.1776 -0.2314
vn -0.0024 -0.5496 -0.8354
vn 0.2200 -0.2188 0.9506
vn 0.4450 -0.0383 0.8947
vn -0.1242 0.9922 0.0103
vn -0.3452 -0.1685 0.9233
vn -0.1825 0.2650 -0.9468
vn 0.0300 0.8144 -0.5796
vn 0.3282 0.7616 -0.5588
vn 0.6615 0.2987 -0.6879
vn 0.6507 0.4503 0.6114
vn 0.9466 -0.2758 0.1672
vn 0.2718 -0.2509 -0.9291
vn 0.7410 -0.5483 -0.3876
vn 0.0853 0.0844 -0.9928
vn 0.9386 -0.1216 0.3229
vn -0.2165 0.9442 -0.2481
vn 0.7308 0.2726 -0.6258
vn -0.2026 0.9353 0.2901
vn 0.8562 0.1501 0.4943
vn 0.4479 0.0562 0.8923
vn 0.3854 0.8548 0.3476
vn 0.0161 0.8147 0.5796
vn -0.0522 0.9482 -0.3133
vn -0.4034 0.8393 -0.3645
vn 0.7133 0.5686 -0.4097
vn 0.9213 0.3819 0.0737
vn -0.8432 0.1340 0.5207
vn -0.4439 0.2421 0.8627
vn 0.0582 0.9977 0.0335
vn -0.3373 0.5919 -0.7320
vn -0.7094 0.6590 -0.2502
vn -0.4781 0.7538 0.4508
vn -0.4673 0.8822 0.0572
vn 0.2964 0.7296 -0.6163
vn 0.3622 0.9310 -0.0452
vn -0.1275 0.9211 0.3680
vn 0.4158 0.5952 0.6876
vn 0.3942 0.5523 -0.7346
vn 0.5072 -0.2297 -0.8306
vn 0.1239 -0.9910 -0.0511
vn 0.4656 -0.8199 0.3333
vn 0.6027 -0.7976 0.0263
vn 0.6382 -0.4758 0.6053
vn 0.3269 0.1502 0.9330
vn 0.9356 0.1382 0.3250
vn 0.5130 -0.8351 0.1985
vn 0.9274 0.2213 0.3015
vn 0.6759 0.3317 -0.6581
vn -0.5597 0.7434 0.3661
vn 0.4470 0.2543 -0.8577
vn -0.4797 -0.1618 -0.8624
vn 0.0005 -0.7324 -0.6809
vn 0.7424 -0.2773 0.6098
vn 0.4205 0.1079 0.9009
vn 0.5807 -0.5308 -0.6173
vn 0.7897 -0.4322 -0.4353
vn 0.8800 -0.4749 -0.0043
vn -0.8531 0.4516 0.2612
vn 0.8249 0.1475 0.5456
vn -0.2819 0.4022 -0.8710
vn 0.2191 -0.3261 -0.9196
vn -0.1965 0.4202 0.8859
vn -0.4500 -0.0164 -0.8929
vn -0.0883 -0.5580 -0.8252
vn 0.6926 0.4902 -0.5291
vn -0.5155 0.6024 -0.6094
vn -0.8319 0.3024 0.4652
vn -0.3975 -0.7502 -0.5284
vn 0.3267 -0.6993 -0.6359
vn 0.8101 -0.0148 0.5861
vn 0.9820 -0.0836 -0.1691
vn 0.8906 0.4530 -0.0412
vn -0.4178 0.5776 -0.7013
vn 0.8307 -0.4385 -0.3429
vn 0.5765 -0.7996 -0.1681
vn 0.3255 -0.3758 -0.8677
vn -0.9845 0.0888 -0.1513
vn 0.9946 -0.1022 -0.0169
vn 0.3342 0.0523 0.9411
vn -0.7711 0.4212 0.4775
vn -0.8521 0.5219 0.0393
vn -0.4514 0.7608 -0.4663
vn 0.6917 -0.0996 -0.7153
vn 0.6159 0.2714 -0.7396
vn 0.5913 0.0282 0.8059
vn 0.6146 -0.6609 -0.4307
vn 0.2408 -0.1860 -0.9526
vn 0.8574 -0.1954 -0.4762
vn 0.7074 -0.5534 -0.4397
vn 0.7565 -0.4811 0.4429
vn 0.9585 -0.2363 0.1596
vn 0.4070 -0.1997 0.8913
vn 0.0621 -0.6720 0.7379
vn 0.0715 -0.3343 -0.9398
vn 0.7826 -0.0609 -0.6195
vn 0.5101 -0.0889 -0.8555
vn -0.0423 0.0782 -0.9960
vn -0.7406 0.2751 0.6131
vn 0.8218 0.4710 -0.3206
vn 0.9193 -0.0885 0.3835
vn -0.4873 0.0656 -0.8708
vn -0.5674 0.4802 -0.6689
vn -0.7091 -0.0218 0.7047
vn -0.8520 0.4464 -0.2736
vn -0.4204 0.6103 -0.6714
vn -0.7546 0.5506 -0.3569
vn 0.6526 -0.3974 -0.6451
vn -0.1123 -0.2550 -0.9604
vn -0.5453 0.2114 -0.8112
vn 0.7507 -0.6160 -0.2389
vn 0.4799 -0.5549 -0.6795
vn 0.9769 -0.1781 -0.1181
vn 0.3401 -0.4544 -0.8233
vn 0.3801 -0.5681 -0.7299
vn -0.3279 0.0744 -0.9418
vn 0.9667 -0.2554 0.0121
vn 0.3158 0.0413 -0.9479
vn -0.0515 0.8443 0.5334
vn 0.6805 0.7327 0.0002
vn -0.6912 0.0716 0.7191
vn 0.7747 0.2331 -0.5879
vn -0.1496 0.4393 -0.8858
vn 0.9066 0.4082 0.1067
vn -0.1545 0.8733 -0.4620
vn -0.3894 0.7070 -0.5904
vn -0.8200 0.4793 0.3129
vn -0.6229 0.4725 0.6234
vn -0.3288 0.3305 0.8847
vn -0.4521 0.8291 -0.3290
vn 0.0410 0.9034 0.4267
vn 0.6351 0.7680 -0.0826
vn 0.8452 0.4808 0.2333
vn 0.7096 0.4850 -0.5112
vn 0.1616 0.9427 -0.2917
vn -0.4392 0.7229 0.5334
vn 0.5974 0.6375 0.4866
vn 0.1998 0.7213 0.6631
vn -0.1924 -0.0394 -0.9805
vn -0.4370 0.6727 -0.5971
vn 0.7314 0.3114 -0.6066
vn 0.4668 -0.2789 -0.8392
vn 0.9306 0.2661 -0.2512
vn -0.1833 0.1908 -0.9644
vn 0.8181 0.2284 -0.5277
vn 0.3075 0.8536 -0.4205
vn -0.4679 0.5537 0.6888
vn -0.3385 0.1977 0.9200
vn -0.3156 0.6168 0.7211
vn 0.5001 0.0524 0.8644
vn 0.6907 -0.3693 0.6217
vn 0.4630 -0.2498 0.8504
vn 0.7674 -0.5890 0.2532
vn 0.5973 0.1228 0.7926
vn 0.4718 0.0032 0.8817
vn -0.3762 0.7704 0.5148
vn 0.7480 0.5434 -0.3811
vn 0.0262 -0.0080 0.9996
vn -0.0019 -0.3164 0.9486
vn -0.2495 -0.0443 -0.9674
vn 0.2651 -0.1802 -0.9473
vn 0.2012 0.5237 -0.8278
vn 0.1414 0.6232 -0.7692
vn 0.1419 0.7690 -0.6233
vn 0.2168 0.7441 -0.6319
vn 0.5504 -0.1005 -0.8288
vn -0.2126 0.1186 -0.9699
vn 0.5058 0.8275 0.2435
vn 0.0046 0.9422 0.3351
vn 0.7838 0.5193 -0.3407
vn 0.2534 0.3636 0.8964
vn -0.0121 -0.3208 -0.9471
vn 0.7690 0.5949 -0.2339
vn 0.8099 -0.4801 0.3370
vn 0.8090 -0.5593 -0.1808
vn 0.5066 -0.3456 0.7899
vn 0.1012 0.4242 0.8999
vn 0.5402 0.4614 0.7037
vn 0.9136 0.1865 0.3612
vn 0.1318 0.9682 -0.2128
vn -0.0755 0.5795 -0.8114
vn -0.1158 0.8999 -0.4205
vn 0.8592 0.4985 0.1155
vn 0.4287 -0.4828 -0.7636
vn 0.6097 -0.2229 -0.7607
vn 0.9278 0.1111 -0.3563
vn 0.1415 0.7299 0.6687
vn 0.9308 0.1420 0.3368
vn 0.2499 0.9666 -0.0562
vn 0.7185 0.0276 -0.6950
vn 0.5781 0.5318 -0.6189
vn -0.0119 0.9601 0.2795
vn 0.6398 0.6165 0.4589
vn 0.2408 0.8794 -0.4107
vn 0.9133 0.2553 0.3174
vn 0.9330 -0.1626 -0.3209
vn 0.6522 0.6393 -0.4073
vn -0.5953 0.7664 -0.2415
vn -0.3460 0.8765 0.3347
vn -0.5407 0.4016 0.7392
vn -0.7479 0.2115 -0.6292
vn -0.2803 0.4631 -0.8408
vn -0.3022 -0.1645 -0.9390
vn 0.7579 0.2324 -0.6096
vn -0.0901 0.9396 -0.3301
vn 0.3333 0.0291 0.9424
vn 0.1974 0.9489 0.2463
vn -0.1163 0.5808 0.8057
vn 0.6106 0.4215 0.6705
vn 0.9363 -0.3505 -0.0239
vn 0.9237 0.3163 0.2162
vn 0.8746 0.1736 -0.4527
vn -0.2605 0.9311 0.2555
vn 0.5853 0.8108 0.0119
vn 0.1031 0.6021 -0.7917
vn -0.3490 0.9152 -0.2014
vn -0.1523 0.9035 0.4007
vn 0.0775 0.9873 -0.1388
vn 0.9605 -0.1376 0.2418
vn 0.8774 -0.3224 -0.3552
vn 0.0338 0.9721 -0.2319
vn -0.5134 0.8581 0.0013
vn 0.6407 0.4255 -0.6391
vn 0.0065 -0.1080 -0.9941
vn 0.9461 -0.0929 0.3104
vn 0.3518 -0.1471 0.9245
vn 0.6757 0.6687 -0.3103
vn 0.7135 0.3390 0.6132
vn 0.1956 0.6143 0.7645
vn 0.7501 0.2939 0.5925
vn -0.9478 0.3111 0.0705
vn 0.3031 0.8131 -0.4970
vn -0.5837 -0.3490 0.7332
vn -0.3006 -0.7155 0.6307
vn 0.2190 -0.4582 0.8615
vn -0.0828 -0.1635 0.9831
vn 0.5384 -0.0013 0.8427
vn 0.5090 0.6601 0.5524
vn -0.1016 0.9771 -0.1872
vn -0.5280 0.6398 0.5584
vn 0.4997 0.6329 0.5914
vn 0.6087 0.0919 0.7881
vn -0.6615 0.3675 0.6537
vn -0.7263 0.0023 0.6873
vn -0.5853 0.7467 0.3161
vn 0.3121 0.2427 0.9185
vn 0.7397 -0.3100 0.5973
vn 0.9514 -0.2761 0.1364
vn 0.8367 -0.0624 0.5440
vn -0.1922 0.0141 0.9813
vn 0.7195 -0.5441 0.4317
vn 0.1282 -0.0255 0.9914
vn -0.3249 0.2536 0.9111
vn 0.9598 -0.2730 0.0647
vn 0.7124 -0.2534 -0.6544
vn 0.9459 -0.3194 -0.0562
vn 0.7211 -0.1677 0.6722
vn 0.7486 0.0277 0.6624
vn -0.1527 -0.1229 0.9806
vn 0.8401 0.2645 -0.4737
vn 0.3165 0.7526 0.5775
vn 0.9775 0.1467 0.1516
vn 0.4425 -0.3420 0.8290
vn -0.6333 0.5488 0.5457
vn -0.7884 0.3320 0.5178
vn 0.0986 0.1610 0.9820
vn -0.3706 0.6937 0.6176
vn -0.8098 0.0524 0.5844
vn -0.8811 0.4581 -0.1178
vn 0.6723 -0.3281 0.6636
vn -0.4517 -0.5349 0.7140
vn -0.3306 0.0844 0.9400
vn -0.1547 0.1247 0.9801
vn 0.7626 0.2855 0.5804
vn -0.0154 0.7630 0.6463
vn 0.8629 0.3801 0.3331
vn 0.9215 0.3589 -0.1487
vn 0.8983 -0.2105 0.3856
vn 0.8072 -0.4232 -0.4115
vn 0.6310 0.0960 -0.7698
vn 0.6639 0.1612 -0.7303
vn 0.1767 0.1617 -0.9709
vn 0.2313 0.0441 -0.9719
vn -0.0649 -0.0876 0.9940
vn 0.7168 -0.0948 0.6908
vn 0.9397 -0.1899 0.2846
vn 0.9797 0.1148 -0.1642
vn 0.8271 -0.0586 -0.5590
vn 0.0626 0.1298 -0.9896
vn 0.3107 -0.1250 -0.9423
vn 0.0869 0.1958 -0.9768
vn 0.1605 0.7139 -0.6816
vn 0.1795 -0.0121 -0.9837
vn 0.3292 0.8942 0.3033
vn 0.0087 0.8646 -0.5025
vn 0.4771 0.0298 -0.8783
vn 0.5181 -0.7011 0.4900
vn 0.4922 -0.3929 -0.7768
vn 0.5964 0.5422 -0.5919
vn 0.9651 0.2617 -0.0056
vn -0.2366 0.9642 0.1196
vn -0.1934 0.6473 0.7373
vn 0.5345 0.0804 0.8413
vn 0.7038 -0.4621 -0.5395
vn 0.3411 -0.9258 0.1629
vn -0.0186 0.1081 0.9940
vn 0.5002 0.4623 0.7321
vn 0.8765 0.0572 -0.4780
vn 0.9773 -0.2030 -0.0613
vn 0.9379 -0.2489 -0.2419
vn 0.4376 -0.4100 -0.8002
vn 0.0240 0.2796 -0.9598
vn 0.9975 -0.0409 -0.0581
vn 0.3989 0.8941 -0.2038
vn 0.0579 0.8149 0.5767
vn -0.3290 0.5904 0.7370
vn 0.5282 0.5196 0.6716
vn 0.7635 0.1944 -0.6159
vn -0.2202 0.9742 0.0489
vn -0.0835 0.1217 0.9890
vn 0.5905 0.6726 0.4460
vn 0.2005 0.6141 0.7633
vn 0.6559 0.5574 -0.5090
vn 0.4714 0.3407 -0.8134
vn 0.9151 -0.3900 0.1027
vn 0.7215 -0.6218 -0.3047
vn 0.2376 -0.6918 -0.6819
vn -0.4227 -0.4110 -0.8077
vn -0.3449 -0.0354 -0.9380
vn -0.5221 0.5727 -0.6321
vn -0.4576 0.8630 0.2142
vn -0.4309 0.8853 -0.1751
vn -0.0032 0.9337 0.3581
vn 0.7212 0.6627 -0.2017
vn 0.2977 0.2577 -0.9192
vn 0.7011 0.4585 -0.5461
vn 0.8462 -0.2674 -0.4609
vn 0.3366 0.5180 -0.7864
vn 0.3117 0.3401 -0.8872
vn -0.0072 0.6074 -0.7943
vn 0.6231 0.6877 0.3726
vn 0.7541 -0.6154 -0.2293
vn 0.8445 -0.2266 0.4853
vn 0.3505 -0.5607 -0.7502
vn 0.9964 -0.0804 -0.0256
vn 0.9076 0.3869 0.1632
vn 0.7241 0.2696 -0.6349
vn -0.0987 0.9950 0.0128
vn -0.2012 0.8808 -0.4286
vn 0.9386 0.3025 0.1660
vn 0.5253 0.8177 0.2354
vn -0.2164 0.9725 0.0862
vn -0.2969 0.7517 -0.5889
vn 0.5250 0.7835 0.3325
vn -0.2924 0.7836 -0.5481
vn -0.0064 0.0227 -0.9997
vn -0.0526 0.7490 -0.6604
vn 0.0377 0.5598 -0.8278
vn 0.6072 0.0425 -0.7934
vn 0.9464 -0.0579 -0.3178
vn 0.5943 0.7317 -0.3339
vn 0.2244 -0.4604 0.8589
vn -0.3001 0.0833 0.9503
vn 0.1852 0.2417 0.9525
vn 0.7131 -0.2081 0.6694
vn 0.6994 0.6052 0.3802
vn 0.9929 0.0182 0.1179
vn 0.7174 -0.6349 0.2868
vn -0.6545 0.3904 -0.6475
vn -0.3280 -0.0039 0.9447
vn -0.3185 0.5670 0.7596
vn -0.5404 0.1555 0.8269
vn -0.4628 0.8774 -0.1267
vn -0.7493 0.4303 0.5034
vn -0.1697 0.6567 0.7348
vn -0.2996 0.9209 0.2494
vn 0.6925 0.7132 -0.1090
vn 0.9732 -0.1614 -0.1638
vn 0.5728 -0.0895 -0.8148
vn 0.5353 0.7679 -0.3518
vn 0.6250 0.3073 0.7176
vn 0.7591 0.4585 0.4622
vn 0.7912 0.3078 0.5285
vn 0.6002 0.0339 0.7992
vn 0.0236 0.7836 -0.6208
vn 0.5617 0.3723 -0.7388
vn 0.5477 0.2013 -0.8121
vn 0.9176 0.2302 -0.3242
vn -0.0815 -0.4579 0.8852
vn 0.0701 0.0072 0.9975
vn 0.7501 -0.0344 0.6605
vn 0.9787 0.0056 -0.2050
vn 0.4819 0.8292 0.2832
vn 0.7742 0.6193 0.1308
vn 0.4839 0.7977 0.3599
vn 0.4245 0.8866 -0.1836
vn 0.9091 0.4079 0.0843
vn 0.2534 0.6563 0.7107
vn 0.6327 0.7387 0.2323
vn 0.9345 0.1372 0.3284
vn 0.7017 0.7089 -0.0715
vn -0.5346 0.6555 -0.5335
vn 0.2115 0.8323 -0.5124
vn -0.0116 0.9631 0.2691
vn -0.4791 0.6725 -0.5641
vn -0.4335 0.8696 0.2363
vn 0.7026 -0.1003 0.7045
vn 0.9361 0.1778 -0.3034
vn 0.4643 0.7571 0.4597
vn -0.1421 0.3980 0.9063
vn 0.1649 0.7515 -0.6388
vn 0.2637 0.1873 -0.9463
vn 0.9026 -0.3262 -0.2809
vn 0.7419 0.4862 0.4618
vn 0.9657 -0.1916 -0.1752
vn -0.2281 0.8580 -0.4602
vn 0.2103 0.6963 0.6862
vn -0.7835 0.0922 -0.6145
vn -0.7805 0.0927 -0.6182
vn -0.7715 0.0869 -0.6302
vt 0.427650 0.762554
vt 0.383229 0.756136
vt 0.419529 0.750815
vt 0.372048 0.741835
vt 0.356744 0.742571
vt 0.370812 0.732868
vt 0.433243 0.745100
vt 0.428177 0.743835
vt 0.723402 0.165482
vt 0.704879 0.156520
vt 0.737005 0.146817
vt 0.680843 0.157937
vt 0.673980 0.149216
vt 0.699338 0.154112
vt 0.677881 0.135621
vt 0.705908 0.126722
vt 0.678393 0.112917
vt 0.700173 0.094983
vt 0.718743 0.117405
vt 0.767835 0.094541
vt 0.761248 0.109609
vt 0.733953 0.103529
vt 0.773218 0.102037
vt 0.400683 0.304158
vt 0.372501 0.267219
vt 0.402102 0.287033
vt 0.402931 0.256855
vt 0.376195 0.250382
vt 0.357996 0.220722
vt 0.378178 0.216344
vt 0.395614 0.234397
vt 0.385862 0.180898
vt 0.393889 0.208857
vt 0.405245 0.219900
vt 0.363051 0.300888
vt 0.396973 0.313323
vt 0.405044 0.308436
vt 0.414009 0.191389
vt 0.412937 0.203542
vt 0.338977 0.210301
vt 0.355298 0.171506
vt 0.345901 0.215344
vt 0.346688 0.240523
vt 0.334782 0.231700
vt 0.331141 0.251355
vt 0.321011 0.257556
vt 0.322331 0.267481
vt 0.347116 0.271278
vt 0.386607 0.320217
vt 0.344271 0.290325
vt 0.337608 0.286786
vt 0.110526 0.543972
vt 0.130717 0.521756
vt 0.130643 0.558931
vt 0.082851 0.548792
vt 0.105382 0.560462
vt 0.608108 0.669731
vt 0.567324 0.672404
vt 0.600809 0.646513
vt 0.584627 0.682477
vt 0.653230 0.668397
vt 0.627770 0.632899
vt 0.650663 0.644639
vt 0.403497 0.454241
vt 0.395528 0.458877
vt 0.405257 0.420256
vt 0.386418 0.383190
vt 0.402321 0.381671
vt 0.392843 0.409996
vt 0.386981 0.370921
vt 0.373535 0.400732
vt 0.385212 0.467117
vt 0.377546 0.446505
vt 0.380464 0.489698
vt 0.369824 0.479283
vt 0.364599 0.456768
vt 0.375693 0.418807
vt 0.567771 0.680755
vt 0.549807 0.646698
vt 0.553147 0.691609
vt 0.606625 0.706782
vt 0.586177 0.719752
vt 0.623074 0.684935
vt 0.679684 0.644916
vt 0.654493 0.694487
vt 0.652081 0.682446
vt 0.622629 0.714074
vt 0.604159 0.622492
vt 0.664806 0.629284
vt 0.567483 0.615580
vt 0.557070 0.619842
vt 0.639212 0.703493
vt 0.070449 0.697809
vt 0.037623 0.691106
vt 0.068598 0.659180
vt 0.032860 0.677216
vt 0.026331 0.674323
vt 0.038337 0.646226
vt 0.029518 0.642796
vt 0.062283 0.699531
vt 0.078743 0.576804
vt 0.069929 0.581472
vt 0.068626 0.572201
vt 0.097914 0.589196
vt 0.083421 0.596799
vt 0.077378 0.594687
vt 0.071507 0.545011
vt 0.067841 0.530434
vt 0.071038 0.513546
vt 0.077486 0.533411
vt 0.078342 0.513194
vt 0.099295 0.512393
vt 0.746143 0.397861
vt 0.771881 0.400473
vt 0.769799 0.418364
vt 0.776618 0.422410
vt 0.770134 0.440197
vt 0.760134 0.428381
vt 0.755260 0.434832
vt 0.736598 0.447139
vt 0.768631 0.453002
vt 0.744514 0.460026
vt 0.737862 0.464400
vt 0.779905 0.464131
vt 0.788886 0.447718
vt 0.794792 0.461057
vt 0.789903 0.477851
vt 0.772143 0.485779
vt 0.757647 0.480938
vt 0.729549 0.484777
vt 0.734190 0.457491
vt 0.727872 0.479146
vt 0.730088 0.473284
vt 0.730977 0.496755
vt 0.745544 0.496242
vt 0.735023 0.505979
vt 0.122153 0.575406
vt 0.725493 0.386555
vt 0.745700 0.370118
vt 0.743690 0.385648
vt 0.706818 0.401097
vt 0.709822 0.383418
vt 0.722820 0.373162
vt 0.736134 0.358849
vt 0.711364 0.412112
vt 0.726187 0.427031
vt 0.703521 0.415294
vt 0.713436 0.424258
vt 0.725029 0.431680
vt 0.729810 0.434465
vt 0.738675 0.440145
vt 0.048826 0.635297
vt 0.368648 0.991358
vt 0.359526 0.982668
vt 0.367857 0.970635
vt 0.352481 0.969145
vt 0.829044 0.019742
vt 0.834194 0.009116
vt 0.834588 0.022890
vt 0.840743 0.011340
vt 0.777437 0.928846
vt 0.776226 0.912636
vt 0.785925 0.922731
vt 0.770577 0.921747
vt 0.772114 0.952931
vt 0.759510 0.948994
vt 0.784847 0.947002
vt 0.809270 0.949870
vt 0.363611 0.761596
vt 0.366902 0.765957
vt 0.333980 0.763222
vt 0.345179 0.767092
vt 0.340108 0.774841
vt 0.318468 0.761767
vt 0.313840 0.743123
vt 0.306543 0.736676
vt 0.329014 0.725915
vt 0.324670 0.713659
vt 0.333806 0.718365
vt 0.346493 0.723730
vt 0.343704 0.733562
vt 0.751745 0.162773
vt 0.749042 0.150479
vt 0.767789 0.159757
vt 0.768684 0.144385
vt 0.746397 0.174937
vt 0.764104 0.126340
vt 0.748073 0.116667
vt 0.680636 0.573869
vt 0.691380 0.577061
vt 0.669089 0.582183
vt 0.699179 0.573410
vt 0.674775 0.525947
vt 0.708794 0.538933
vt 0.631608 0.572745
vt 0.651277 0.545695
vt 0.635834 0.549630
vt 0.646999 0.517421
vt 0.659933 0.503962
vt 0.650879 0.477727
vt 0.627202 0.481040
vt 0.631331 0.507758
vt 0.709270 0.448504
vt 0.703898 0.469081
vt 0.640629 0.466493
vt 0.617874 0.485468
vt 0.619786 0.500534
vt 0.625029 0.548761
vt 0.619061 0.551459
vt 0.617902 0.533942
vt 0.585327 0.545000
vt 0.585575 0.528265
vt 0.613766 0.505823
vt 0.960812 0.719457
vt 0.968921 0.696670
vt 0.968364 0.717480
vt 0.827030 0.789386
vt 0.842826 0.804889
vt 0.814327 0.794220
vt 0.855634 0.792214
vt 0.860967 0.793045
vt 0.865284 0.796475
vt 0.880051 0.814296
vt 0.895333 0.829711
vt 0.891842 0.832950
vt 0.872360 0.833535
vt 0.846998 0.819709
vt 0.891001 0.847802
vt 0.890299 0.852749
vt 0.889084 0.855009
vt 0.869988 0.839623
vt 0.877014 0.861292
vt 0.856271 0.845003
vt 0.651004 0.586230
vt 0.515173 0.653734
vt 0.518554 0.647399
vt 0.901817 0.809207
vt 0.901570 0.800290
vt 0.877066 0.793978
vt 0.895914 0.792700
vt 0.880106 0.781154
vt 0.886338 0.786363
vt 0.884782 0.781873
vt 0.885881 0.771843
vt 0.872449 0.784291
vt 0.880333 0.773137
vt 0.768970 0.892406
vt 0.744031 0.883731
vt 0.786793 0.869267
vt 0.749415 0.864971
vt 0.734794 0.880463
vt 0.797359 0.891893
vt 0.986934 0.712780
vt 0.990156 0.683159
vt 0.208040 0.010466
vt 0.245527 0.024365
vt 0.234551 0.039373
vt 0.215562 0.047063
vt 0.195047 0.014083
vt 0.189348 0.483017
vt 0.185464 0.485858
vt 0.192943 0.466430
vt 0.180873 0.471083
vt 0.194042 0.443326
vt 0.228582 0.483104
vt 0.223949 0.466766
vt 0.195600 0.481250
vt 0.252986 0.471617
vt 0.227408 0.451203
vt 0.257978 0.445520
vt 0.223787 0.412630
vt 0.257915 0.428805
vt 0.232654 0.393581
vt 0.245745 0.393599
vt 0.244360 0.402999
vt 0.184464 0.452979
vt 0.195977 0.434434
vt 0.951467 0.248464
vt 0.978252 0.257619
vt 0.950676 0.271508
vt 0.976378 0.269432
vt 0.899408 0.028422
vt 0.894308 0.046955
vt 0.865779 0.035813
vt 0.856414 0.025650
vt 0.853895 0.030847
vt 0.865325 0.053510
vt 0.842519 0.037630
vt 0.852996 0.055288
vt 0.718158 0.522806
vt 0.724462 0.532477
vt 0.560840 0.547237
vt 0.555994 0.535080
vt 0.591444 0.513718
vt 0.209063 0.069265
vt 0.212318 0.067789
vt 0.205195 0.059558
vt 0.530350 0.204685
vt 0.544221 0.175238
vt 0.547041 0.194892
vt 0.557696 0.206413
vt 0.592361 0.190429
vt 0.601769 0.199909
vt 0.616251 0.210696
vt 0.608827 0.210978
vt 0.624810 0.200870
vt 0.634501 0.208297
vt 0.645805 0.201997
vt 0.636503 0.193526
vt 0.613167 0.187932
vt 0.631038 0.182942
vt 0.622260 0.183155
vt 0.631328 0.178921
vt 0.640293 0.180788
vt 0.653566 0.175341
vt 0.666420 0.171342
vt 0.681796 0.174359
vt 0.531905 0.237880
vt 0.550345 0.253105
vt 0.539394 0.258970
vt 0.580298 0.217513
vt 0.565368 0.252077
vt 0.865399 0.790755
vt 0.561825 0.176148
vt 0.711616 0.497018
vt 0.523708 0.097397
vt 0.552144 0.091672
vt 0.533921 0.102525
vt 0.555288 0.073968
vt 0.498872 0.091773
vt 0.537225 0.046420
vt 0.518248 0.098802
vt 0.507910 0.117830
vt 0.482680 0.093025
vt 0.491508 0.079692
vt 0.469615 0.089125
vt 0.471478 0.063751
vt 0.481394 0.056387
vt 0.713553 0.876627
vt 0.710228 0.867086
vt 0.833897 0.047873
vt 0.837813 0.055343
vt 0.928048 0.581803
vt 0.919332 0.579249
vt 0.917328 0.571602
vt 0.932338 0.580924
vt 0.926610 0.571604
vt 0.938191 0.582173
vt 0.932316 0.571363
vt 0.936325 0.578810
vt 0.911661 0.571171
vt 0.915557 0.557449
vt 0.902645 0.563511
vt 0.879432 0.569615
vt 0.871047 0.563707
vt 0.868649 0.544054
vt 0.889230 0.531752
vt 0.859903 0.545394
vt 0.449775 0.919900
vt 0.429168 0.913005
vt 0.443813 0.908678
vt 0.866516 0.027044
vt 0.473502 0.902306
vt 0.483517 0.914626
vt 0.479632 0.919473
vt 0.466730 0.897225
vt 0.471371 0.898885
vt 0.447137 0.899248
vt 0.597492 0.249077
vt 0.485921 0.110828
vt 0.549448 0.050204
vt 0.551706 0.064299
vt 0.543704 0.041521
vt 0.403579 0.356440
vt 0.372687 0.393497
vt 0.188134 0.402608
vt 0.182018 0.414313
vt 0.178261 0.405851
vt 0.209214 0.402746
vt 0.196250 0.417553
vt 0.043723 0.778953
vt 0.052776 0.801636
vt 0.036053 0.794192
vt 0.019501 0.784896
vt 0.019102 0.764664
vt 0.061115 0.756367
vt 0.614439 0.222234
vt 0.438750 0.899027
vt 0.396594 0.607937
vt 0.390255 0.584608
vt 0.437052 0.599427
vt 0.386133 0.604572
vt 0.915041 0.966976
vt 0.943208 0.973907
vt 0.949621 0.978194
vt 0.945064 0.984330
vt 0.900080 0.976124
vt 0.899897 0.981006
vt 0.191588 0.368356
vt 0.180286 0.377433
vt 0.234109 0.374505
vt 0.243900 0.373006
vt 0.419786 0.063936
vt 0.444663 0.088985
vt 0.430767 0.100513
vt 0.412092 0.084696
vt 0.419256 0.121570
vt 0.407367 0.125602
vt 0.707116 0.957027
vt 0.701789 0.962753
vt 0.695796 0.942182
vt 0.436152 0.056050
vt 0.450003 0.064598
vt 0.452488 0.074748
vt 0.471264 0.050768
vt 0.515839 0.041240
vt 0.527568 0.039252
vt 0.245401 0.298748
vt 0.225216 0.322251
vt 0.221597 0.287676
vt 0.195848 0.324070
vt 0.205936 0.328577
vt 0.212817 0.333703
vt 0.178968 0.343494
vt 0.177708 0.348293
vt 0.171607 0.357734
vt 0.183713 0.334497
vt 0.195467 0.275618
vt 0.150367 0.345972
vt 0.162755 0.310325
vt 0.183847 0.260826
vt 0.150768 0.284512
vt 0.163551 0.248307
vt 0.141287 0.269703
vt 0.141278 0.255064
vt 0.145001 0.241775
vt 0.148168 0.238116
vt 0.505975 0.038629
vt 0.232552 0.973869
vt 0.231464 0.954981
vt 0.251820 0.964904
vt 0.266315 0.958895
vt 0.274381 0.975811
vt 0.244865 0.932605
vt 0.248786 0.929650
vt 0.976410 0.156694
vt 0.980036 0.138040
vt 0.989566 0.143279
vt 0.634948 0.174225
vt 0.640182 0.174834
vt 0.825087 0.200009
vt 0.848399 0.217069
vt 0.826309 0.226904
vt 0.983508 0.169902
vt 0.995199 0.160628
vt 0.992127 0.169978
vt 0.891872 0.519790
vt 0.762090 0.973535
vt 0.770652 0.969575
vt 0.772145 0.978924
vt 0.764772 0.984959
vt 0.204670 0.268459
vt 0.206098 0.278890
vt 0.204610 0.283483
vt 0.549637 0.764570
vt 0.575901 0.802673
vt 0.556090 0.809161
vt 0.563860 0.820953
vt 0.591155 0.805823
vt 0.587330 0.778465
vt 0.531523 0.792925
vt 0.549506 0.824790
vt 0.537380 0.823390
vt 0.570965 0.761349
vt 0.547943 0.735353
vt 0.563915 0.747121
vt 0.524242 0.750825
vt 0.521034 0.735057
vt 0.504776 0.750216
vt 0.497585 0.788743
vt 0.500354 0.812986
vt 0.665450 0.920724
vt 0.681331 0.921063
vt 0.679757 0.932493
vt 0.672812 0.949515
vt 0.650683 0.941287
vt 0.669688 0.904931
vt 0.655085 0.911665
vt 0.636901 0.911339
vt 0.631363 0.913114
vt 0.623158 0.921877
vt 0.624208 0.914520
vt 0.623465 0.939622
vt 0.628425 0.948376
vt 0.639240 0.957338
vt 0.539611 0.715068
vt 0.471218 0.758912
vt 0.483102 0.745405
vt 0.480206 0.779402
vt 0.471180 0.798607
vt 0.463231 0.771031
vt 0.473920 0.812083
vt 0.482607 0.815791
vt 0.020455 0.321898
vt 0.034218 0.334763
vt 0.039796 0.347390
vt 0.041338 0.353226
vt 0.035141 0.352912
vt 0.020988 0.337719
vt 0.447307 0.941433
vt 0.457948 0.942510
vt 0.450445 0.956419
vt 0.432048 0.939543
vt 0.434780 0.966035
vt 0.157616 0.871057
vt 0.165517 0.850515
vt 0.174748 0.871087
vt 0.183913 0.861190
vt 0.173668 0.840698
vt 0.198678 0.836555
vt 0.224735 0.835578
vt 0.211271 0.851591
vt 0.222973 0.853047
vt 0.203402 0.817434
vt 0.153757 0.859257
vt 0.152341 0.851979
vt 0.152185 0.841096
vt 0.154221 0.834950
vt 0.150574 0.814273
vt 0.196123 0.806725
vt 0.161621 0.772649
vt 0.198805 0.781760
vt 0.198023 0.770105
vt 0.187385 0.762121
vt 0.197433 0.762899
vt 0.443704 0.976119
vt 0.150231 0.871873
vt 0.362007 0.442624
vt 0.359308 0.412443
vt 0.211641 0.872684
vt 0.199629 0.870908
vt 0.210886 0.859816
vt 0.184988 0.869707
vt 0.958321 0.930536
vt 0.961489 0.945489
vt 0.957197 0.948866
vt 0.956627 0.919942
vt 0.938721 0.921359
vt 0.946045 0.899938
vt 0.936389 0.914793
vt 0.937171 0.897967
vt 0.927510 0.942298
vt 0.929698 0.918735
vt 0.983310 0.500237
vt 0.976313 0.489258
vt 0.992360 0.499588
vt 0.955668 0.500692
vt 0.952646 0.494826
vt 0.067110 0.051262
vt 0.053446 0.041072
vt 0.066634 0.037177
vt 0.077054 0.048558
vt 0.087376 0.039466
vt 0.071634 0.012332
vt 0.060824 0.007319
vt 0.957649 0.339217
vt 0.973652 0.343590
vt 0.968567 0.350502
vt 0.971433 0.362724
vt 0.953279 0.326329
vt 0.944943 0.337658
vt 0.940445 0.332275
vt 0.963780 0.326898
vt 0.087303 0.010885
vt 0.073798 0.057223
vt 0.065769 0.062038
vt 0.058245 0.065292
vt 0.461851 0.857973
vt 0.459184 0.862134
vt 0.444847 0.868867
vt 0.097211 0.014103
vt 0.100053 0.045148
vt 0.110525 0.038774
vt 0.085720 0.051422
vt 0.092998 0.052426
vt 0.847212 0.868900
vt 0.849653 0.864615
vt 0.851604 0.878921
vt 0.855815 0.876623
vt 0.857325 0.890187
vt 0.855122 0.904613
vt 0.837272 0.879177
vt 0.841441 0.919301
vt 0.833435 0.904276
vt 0.871482 0.917766
vt 0.929470 0.265367
vt 0.922396 0.280996
vt 0.925999 0.256081
vt 0.935776 0.253774
vt 0.933422 0.237178
vt 0.900612 0.228470
vt 0.933769 0.222258
vt 0.898827 0.243642
vt 0.923504 0.299474
vt 0.910601 0.299123
vt 0.927317 0.292030
vt 0.930271 0.304673
vt 0.913900 0.311122
vt 0.868431 0.241482
vt 0.866683 0.250080
vt 0.857053 0.246155
vt 0.855294 0.244915
vt 0.894557 0.258794
vt 0.869629 0.261068
vt 0.871406 0.256037
vt 0.184147 0.967262
vt 0.163893 0.966125
vt 0.173954 0.956339
vt 0.154960 0.964464
vt 0.154990 0.985009
vt 0.167866 0.972635
vt 0.179454 0.979206
vt 0.183043 0.959936
vt 0.017320 0.290675
vt 0.021244 0.287663
vt 0.031999 0.295072
vt 0.021675 0.279855
vt 0.033623 0.287046
vt 0.047070 0.294236
vt 0.043712 0.306273
vt 0.051198 0.310337
vt 0.046049 0.288730
vt 0.815844 0.925441
vt 0.818885 0.918445
vt 0.870750 0.908582
vt 0.875967 0.904851
vt 0.872369 0.889762
vt 0.880046 0.896751
vt 0.887837 0.918774
vt 0.873106 0.919517
vt 0.889639 0.925106
vt 0.892338 0.923450
vt 0.893305 0.921876
vt 0.719370 0.051007
vt 0.722755 0.031451
vt 0.721508 0.043058
vt 0.710559 0.043115
vt 0.710163 0.030407
vt 0.702974 0.040249
vt 0.710538 0.022297
vt 0.694538 0.026930
vt 0.691159 0.045522
vt 0.687044 0.062258
vt 0.708658 0.063978
vt 0.684394 0.068958
vt 0.695002 0.067983
vt 0.715476 0.058963
vt 0.720791 0.059082
vt 0.888567 0.280711
vt 0.950463 0.570338
vt 0.941738 0.556958
vt 0.953878 0.563654
vt 0.943726 0.564308
vt 0.056203 0.311277
vt 0.069161 0.304022
vt 0.059527 0.291905
vt 0.072335 0.296446
vt 0.030917 0.025641
vt 0.009956 0.029625
vt 0.014372 0.019189
vt 0.020069 0.010758
vt 0.012850 0.047455
vt 0.020078 0.050568
vt 0.714784 0.017702
vt 0.706720 0.012555
vt 0.961118 0.547890
vt 0.973098 0.575525
vt 0.986006 0.560246
vt 0.984805 0.540209
vt 0.946180 0.538200
vt 0.961404 0.533491
vt 0.956286 0.524996
vt 0.953873 0.519575
vt 0.979248 0.529712
vt 0.970974 0.521198
vt 0.963292 0.517498
vt 0.189291 0.064888
vt 0.167207 0.071289
vt 0.154906 0.059249
vt 0.191394 0.052197
vt 0.174046 0.055100
vt 0.185849 0.089797
vt 0.142345 0.079829
vt 0.722861 0.068125
vt 0.718496 0.070968
vt 0.695170 0.074291
vt 0.974899 0.551625
vt 0.984537 0.524882
vt 0.679388 0.056907
vt 0.675641 0.039813
vt 0.670155 0.022063
vt 0.131112 0.068707
vt 0.115815 0.060021
vt 0.124140 0.053026
vt 0.100404 0.077187
vt 0.100646 0.066602
vt 0.117529 0.087788
vt 0.106099 0.091891
vt 0.129698 0.098722
vt 0.141425 0.108017
vt 0.131791 0.109742
vt 0.159346 0.107238
vt 0.140930 0.120091
vt 0.134637 0.116436
vt 0.141617 0.009978
vt 0.153336 0.024281
vt 0.146544 0.028299
vt 0.164935 0.020437
vt 0.155990 0.018786
vt 0.161172 0.016056
vt 0.877524 0.233921
vt 0.879503 0.230907
vt 0.899118 0.216597
vt 0.929816 0.209179
vt 0.887269 0.223388
vt 0.158856 0.036475
vt 0.168350 0.039324
vt 0.167228 0.041813
vt 0.138673 0.040772
vt 0.147635 0.042683
vt 0.154259 0.046023
vt 0.575763 0.928096
vt 0.557388 0.945249
vt 0.556137 0.938201
vt 0.564861 0.921155
vt 0.564251 0.909222
vt 0.573112 0.951106
vt 0.587600 0.943901
vt 0.581894 0.951209
vt 0.597873 0.908407
vt 0.607467 0.935091
vt 0.229934 0.908092
vt 0.216949 0.921870
vt 0.218560 0.895806
vt 0.204266 0.901178
vt 0.182258 0.888873
vt 0.207913 0.932651
vt 0.218047 0.942881
vt 0.227844 0.929537
vt 0.234588 0.915958
vt 0.154978 0.119394
vt 0.953341 0.896987
vt 0.959716 0.914253
vt 0.042247 0.206706
vt 0.037826 0.191972
vt 0.046398 0.189661
vt 0.208500 0.917360
vt 0.184829 0.910552
vt 0.193895 0.915358
vt 0.170878 0.902425
vt 0.169143 0.909991
vt 0.170627 0.922396
vt 0.161362 0.915113
vt 0.157738 0.928805
vt 0.181916 0.926801
vt 0.163646 0.938143
vt 0.178125 0.944966
vt 0.190813 0.947198
vt 0.195866 0.939595
vt 0.192540 0.926394
vt 0.995895 0.022798
vt 0.997157 0.011245
vt 0.998898 0.011299
vt 0.959561 0.850187
vt 0.954816 0.848435
vt 0.962108 0.840820
vt 0.938988 0.807555
vt 0.973222 0.831598
vt 0.951611 0.802801
vt 0.024380 0.209721
vt 0.020884 0.195364
vt 0.520174 0.985706
vt 0.531320 0.986205
vt 0.524361 0.990836
vt 0.041580 0.565184
vt 0.028475 0.551870
vt 0.050132 0.531353
vt 0.034903 0.520910
vt 0.051017 0.519538
vt 0.936081 0.810434
vt 0.342327 0.387495
vt 0.489499 0.867850
vt 0.490563 0.861903
vt 0.501343 0.848688
vt 0.494981 0.830546
vt 0.498062 0.830581
vt 0.512007 0.864794
vt 0.490784 0.886901
vt 0.514911 0.889557
vt 0.529581 0.857530
vt 0.545456 0.882870
vt 0.537672 0.896790
vt 0.548852 0.901165
vt 0.544809 0.903482
vt 0.555366 0.895143
vt 0.538765 0.861799
vt 0.251816 0.772741
vt 0.260849 0.767635
vt 0.256384 0.776859
vt 0.272552 0.735717
vt 0.230661 0.743469
vt 0.255683 0.711812
vt 0.275295 0.720183
vt 0.207358 0.738316
vt 0.210509 0.756861
vt 0.205350 0.746070
vt 0.235743 0.728878
vt 0.231054 0.731569
vt 0.225632 0.727876
vt 0.222208 0.697089
vt 0.950732 0.353551
vt 0.951149 0.376748
vt 0.965328 0.379202
vt 0.158659 0.933886
vt 0.442832 0.033722
vt 0.463852 0.012801
vt 0.456495 0.038812
vt 0.438601 0.043571
vt 0.430994 0.009631
vt 0.425395 0.035198
vt 0.418193 0.008777
vt 0.408345 0.014039
vt 0.397923 0.012879
vt 0.390583 0.005443
vt 0.171463 0.893380
vt 0.611268 0.953396
vt 0.649125 0.798203
vt 0.652645 0.779727
vt 0.699068 0.780733
vt 0.697224 0.805491
vt 0.693849 0.763301
vt 0.718535 0.796691
vt 0.723805 0.803301
vt 0.626655 0.803451
vt 0.636432 0.786357
vt 0.645510 0.815611
vt 0.605063 0.761641
vt 0.610141 0.781561
vt 0.594227 0.752396
vt 0.615981 0.758769
vt 0.643653 0.746420
vt 0.600101 0.746097
vt 0.642877 0.768175
vt 0.271572 0.610584
vt 0.247079 0.624462
vt 0.246970 0.583091
vt 0.224438 0.590586
vt 0.236237 0.567634
vt 0.232714 0.536528
vt 0.241307 0.524930
vt 0.226813 0.564991
vt 0.215808 0.550480
vt 0.248005 0.521604
vt 0.259147 0.563787
vt 0.929289 0.733346
vt 0.911013 0.729943
vt 0.933692 0.703376
vt 0.936677 0.749510
vt 0.910221 0.743759
vt 0.904058 0.747523
vt 0.898005 0.727950
vt 0.910697 0.696731
vt 0.930164 0.686987
vt 0.892176 0.749958
vt 0.897394 0.752824
vt 0.885483 0.745737
vt 0.884931 0.736781
vt 0.873291 0.740047
vt 0.890239 0.728483
vt 0.889906 0.717396
vt 0.942452 0.743779
vt 0.933648 0.783975
vt 0.925366 0.765460
vt 0.922311 0.750454
vt 0.909328 0.755732
vt 0.922951 0.779452
vt 0.905657 0.777323
vt 0.909823 0.784412
vt 0.305271 0.536087
vt 0.299990 0.466079
vt 0.324800 0.445202
vt 0.290162 0.445294
vt 0.300052 0.432952
vt 0.333918 0.448355
vt 0.333939 0.457628
vt 0.339023 0.528072
vt 0.320997 0.540528
vt 0.330139 0.479662
vt 0.350893 0.513655
vt 0.354905 0.525272
vt 0.338356 0.543722
vt 0.302142 0.546311
vt 0.283081 0.534830
vt 0.266182 0.634330
vt 0.252936 0.638500
vt 0.231963 0.639152
vt 0.217630 0.615528
vt 0.657135 0.762247
vt 0.687681 0.735991
vt 0.707906 0.739189
vt 0.701710 0.715147
vt 0.662424 0.714147
vt 0.654856 0.724041
vt 0.637792 0.736364
vt 0.636902 0.724512
vt 0.659281 0.738945
vt 0.669792 0.410266
vt 0.682796 0.431923
vt 0.658374 0.432835
vt 0.636300 0.404557
vt 0.589087 0.453496
vt 0.568364 0.432533
vt 0.623408 0.448946
vt 0.597347 0.413832
vt 0.551784 0.451420
vt 0.535286 0.401124
vt 0.575521 0.414343
vt 0.639943 0.437973
vt 0.613817 0.401805
vt 0.572685 0.387400
vt 0.552333 0.359720
vt 0.570001 0.375565
vt 0.634555 0.397173
vt 0.646886 0.399681
vt 0.334311 0.471999
vt 0.349144 0.505085
vt 0.348621 0.490082
vt 0.346449 0.482158
vt 0.230930 0.519981
vt 0.219158 0.558030
vt 0.215685 0.555125
vt 0.307856 0.648813
vt 0.326190 0.646331
vt 0.320464 0.655497
vt 0.311448 0.617975
vt 0.315746 0.575771
vt 0.333561 0.572104
vt 0.296213 0.572478
vt 0.344373 0.642989
vt 0.923497 0.606260
vt 0.942703 0.614672
vt 0.916516 0.631287
vt 0.943800 0.652218
vt 0.919852 0.657215
vt 0.912515 0.647319
vt 0.932466 0.664807
vt 0.951888 0.627708
vt 0.268740 0.458573
vt 0.273060 0.467452
vt 0.279002 0.516859
vt 0.329087 0.378424
vt 0.320491 0.354835
vt 0.338862 0.373086
vt 0.299499 0.388611
vt 0.276800 0.387593
vt 0.278182 0.375901
vt 0.258949 0.362993
vt 0.275643 0.362120
vt 0.258684 0.342977
vt 0.276073 0.349089
vt 0.317527 0.338733
vt 0.892079 0.709300
vt 0.293091 0.985829
vt 0.302014 0.956179
vt 0.309312 0.985029
vt 0.319368 0.995249
vt 0.336340 0.984610
vt 0.334753 0.973018
vt 0.317455 0.959876
vt 0.337204 0.963259
vt 0.338828 0.971874
vt 0.329310 0.951897
vt 0.322025 0.553089
vt 0.314163 0.554579
vt 0.330543 0.695681
vt 0.307664 0.672193
vt 0.323891 0.669052
vt 0.358593 0.703130
vt 0.265980 0.114360
vt 0.230998 0.091053
vt 0.236540 0.072715
vt 0.238166 0.066442
vt 0.277600 0.095760
vt 0.276191 0.060214
vt 0.276327 0.052512
vt 0.225573 0.079978
vt 0.265798 0.135855
vt 0.241958 0.117638
vt 0.271626 0.132568
vt 0.279323 0.114620
vt 0.899074 0.364621
vt 0.924049 0.366413
vt 0.928046 0.376255
vt 0.923850 0.400841
vt 0.914868 0.399879
vt 0.903188 0.388152
vt 0.904213 0.348622
vt 0.888600 0.370574
vt 0.885014 0.337131
vt 0.893700 0.336765
vt 0.911177 0.332636
vt 0.888529 0.329605
vt 0.886882 0.333219
vt 0.900063 0.327871
vt 0.272760 0.283878
vt 0.261237 0.304810
vt 0.258892 0.290579
vt 0.282368 0.285380
vt 0.292348 0.288732
vt 0.292120 0.302079
vt 0.313385 0.296725
vt 0.325835 0.308585
vt 0.317379 0.290532
vt 0.338320 0.309038
vt 0.336775 0.313086
vt 0.274992 0.316779
vt 0.274897 0.329760
vt 0.329811 0.324435
vt 0.270951 0.276324
vt 0.347669 0.661699
vt 0.362671 0.659653
vt 0.365868 0.702257
vt 0.369140 0.680767
vt 0.361038 0.642052
vt 0.426668 0.547883
vt 0.386546 0.573297
vt 0.391594 0.548907
vt 0.433921 0.529589
vt 0.422955 0.520004
vt 0.372594 0.637835
vt 0.366866 0.590040
vt 0.415197 0.578903
vt 0.460492 0.604076
vt 0.453712 0.614196
vt 0.450076 0.592676
vt 0.698266 0.897770
vt 0.709360 0.891967
vt 0.705235 0.914765
vt 0.713612 0.922942
vt 0.718722 0.911433
vt 0.717333 0.939837
vt 0.715249 0.933112
vt 0.730702 0.940959
vt 0.721133 0.894766
vt 0.257471 0.329675
vt 0.296693 0.272029
vt 0.571629 0.156196
vt 0.571425 0.139002
vt 0.598612 0.160456
vt 0.582410 0.165545
vt 0.589183 0.173655
vt 0.594102 0.131819
vt 0.612975 0.130624
vt 0.620098 0.150265
vt 0.619553 0.142039
vt 0.830025 0.172934
vt 0.808834 0.146436
vt 0.859245 0.147043
vt 0.854859 0.203908
vt 0.869335 0.188174
vt 0.869598 0.218235
vt 0.865781 0.223904
vt 0.855749 0.165288
vt 0.869904 0.142692
vt 0.880212 0.144777
vt 0.873531 0.163319
vt 0.852724 0.181181
vt 0.299203 0.656789
vt 0.291905 0.643743
vt 0.378148 0.645816
vt 0.630659 0.024665
vt 0.616956 0.015725
vt 0.640346 0.018698
vt 0.643762 0.028074
vt 0.636975 0.034805
vt 0.615561 0.042950
vt 0.610368 0.054451
vt 0.600500 0.054106
vt 0.604309 0.041229
vt 0.605654 0.060205
vt 0.583144 0.073430
vt 0.578318 0.055235
vt 0.589813 0.066970
vt 0.576603 0.069688
vt 0.567065 0.033847
vt 0.589877 0.031436
vt 0.865391 0.956218
vt 0.874621 0.950276
vt 0.882752 0.971325
vt 0.851152 0.940899
vt 0.845172 0.945825
vt 0.847876 0.935569
vt 0.838727 0.951502
vt 0.847511 0.962429
vt 0.854679 0.955715
vt 0.867462 0.939929
vt 0.881958 0.945510
vt 0.889323 0.966768
vt 0.864972 0.972954
vt 0.665072 0.990139
vt 0.655351 0.970911
vt 0.666013 0.970064
vt 0.666842 0.973605
vt 0.530647 0.412113
vt 0.537510 0.443175
vt 0.505445 0.425868
vt 0.508335 0.392149
vt 0.050504 0.714493
vt 0.064103 0.714681
vt 0.064548 0.729448
vt 0.055480 0.734236
vt 0.063122 0.739065
vt 0.046498 0.736133
vt 0.042002 0.726559
vt 0.027492 0.731534
vt 0.038981 0.714738
vt 0.858634 0.930712
vt 0.926510 0.324679
vt 0.923247 0.334698
vt 0.924375 0.353564
vt 0.503947 0.452153
vt 0.524391 0.463589
vt 0.540951 0.462217
vt 0.579452 0.390164
vt 0.027632 0.739386
vt 0.038543 0.736211
vt 0.832441 0.393119
vt 0.829102 0.393551
vt 0.846110 0.378571
vt 0.824301 0.365781
vt 0.857770 0.384545
vt 0.856049 0.372873
vt 0.822692 0.324893
vt 0.808660 0.328494
vt 0.806286 0.358578
vt 0.806272 0.311574
vt 0.807634 0.272344
vt 0.851076 0.332427
vt 0.860229 0.351032
vt 0.822084 0.393831
vt 0.807553 0.398660
vt 0.803050 0.367618
vt 0.801226 0.388897
vt 0.288619 0.699801
vt 0.288029 0.690332
vt 0.264415 0.677401
vt 0.249501 0.664806
vt 0.261095 0.652629
vt 0.245939 0.663197
vt 0.237088 0.665410
vt 0.232805 0.674920
vt 0.223781 0.654475
vt 0.205734 0.653735
vt 0.214124 0.672638
vt 0.249249 0.685050
vt 0.928013 0.823862
vt 0.934719 0.837303
vt 0.917389 0.812638
vt 0.935857 0.847631
vt 0.905925 0.847371
vt 0.904449 0.888295
vt 0.927474 0.885237
vt 0.925469 0.893112
vt 0.932730 0.875730
vt 0.932477 0.881121
vt 0.842823 0.300189
vt 0.848929 0.266124
vt 0.858606 0.274284
vt 0.836425 0.272025
vt 0.832969 0.254599
vt 0.814687 0.257982
vt 0.825366 0.267564
vt 0.558762 0.342007
vt 0.593473 0.332304
vt 0.584652 0.348744
vt 0.610074 0.349446
vt 0.642967 0.310870
vt 0.587049 0.312457
vt 0.546605 0.323609
vt 0.275827 0.672823
vt 0.507696 0.328901
vt 0.513561 0.316442
vt 0.525900 0.309832
vt 0.531322 0.302853
vt 0.519840 0.300877
vt 0.520699 0.299670
vt 0.548833 0.301010
vt 0.564057 0.294958
vt 0.940544 0.444955
vt 0.931978 0.440743
vt 0.945197 0.430452
vt 0.947758 0.415224
vt 0.946171 0.412174
vt 0.749059 0.018962
vt 0.733629 0.013375
vt 0.743601 0.005727
vt 0.733848 0.028931
vt 0.603436 0.978532
vt 0.616119 0.969872
vt 0.614461 0.985515
vt 0.611096 0.968340
vt 0.600845 0.993478
vt 0.512597 0.712908
vt 0.520532 0.690277
vt 0.518830 0.706867
vt 0.484623 0.688481
vt 0.505676 0.673106
vt 0.500418 0.659766
vt 0.492487 0.659460
vt 0.499346 0.654695
vt 0.495082 0.647701
vt 0.456018 0.668919
vt 0.458774 0.652021
vt 0.771771 0.199737
vt 0.796675 0.174943
vt 0.795039 0.194048
vt 0.729387 0.198806
vt 0.738953 0.195180
vt 0.751078 0.202912
vt 0.717850 0.189282
vt 0.726179 0.187863
vt 0.694603 0.239116
vt 0.697058 0.185901
vt 0.674483 0.235030
vt 0.683534 0.244794
vt 0.669330 0.245282
vt 0.670346 0.255424
vt 0.692748 0.259038
vt 0.737913 0.248112
vt 0.713471 0.241762
vt 0.796799 0.283623
vt 0.640736 0.353051
vt 0.645623 0.334475
vt 0.659668 0.344561
vt 0.662904 0.321364
vt 0.652035 0.308726
vt 0.630088 0.294509
vt 0.661015 0.302022
vt 0.680703 0.296208
vt 0.691713 0.311168
vt 0.708418 0.303188
vt 0.729270 0.314340
vt 0.713407 0.288390
vt 0.659399 0.365895
vt 0.653199 0.361560
vt 0.702898 0.330785
vt 0.717138 0.341728
vt 0.725517 0.285570
vt 0.776245 0.289288
vt 0.754256 0.325043
vt 0.753379 0.317147
vt 0.743411 0.305996
vt 0.788187 0.314915
vt 0.749057 0.267961
vt 0.668454 0.364706
vt 0.799684 0.228720
vt 0.783349 0.259329
vt 0.761547 0.251369
vt 0.781842 0.269830
vt 0.786679 0.429073
vt 0.801623 0.446229
vt 0.599740 0.822279
vt 0.628147 0.822460
vt 0.626984 0.829976
vt 0.599502 0.826254
vt 0.606766 0.840067
vt 0.626121 0.861701
vt 0.613201 0.854871
vt 0.587506 0.868763
vt 0.584127 0.837882
vt 0.570444 0.840386
vt 0.576952 0.831170
vt 0.586052 0.827974
vt 0.589097 0.828743
vt 0.591235 0.831475
vt 0.593939 0.831588
vt 0.664787 0.860064
vt 0.660228 0.889958
vt 0.652267 0.850758
vt 0.643334 0.838199
vt 0.648032 0.861870
vt 0.602495 0.893118
vt 0.585996 0.888191
vt 0.642219 0.870739
vt 0.630757 0.886409
vt 0.615420 0.876928
vt 0.771520 0.500239
vt 0.575191 0.862878
vt 0.564288 0.850179
vt 0.645827 0.890692
vt 0.569180 0.869938
vt 0.571421 0.887700
vt 0.098682 0.957282
vt 0.109303 0.957502
vt 0.130634 0.973617
vt 0.121719 0.962605
vt 0.104738 0.968606
vt 0.101845 0.980777
vt 0.099460 0.979414
vt 0.103385 0.973622
vt 0.134178 0.976815
vt 0.133105 0.979483
vt 0.482512 0.458099
vt 0.461363 0.430790
vt 0.488461 0.443159
vt 0.435942 0.368244
vt 0.485747 0.368771
vt 0.475814 0.383682
vt 0.424333 0.389324
vt 0.423177 0.373867
vt 0.427894 0.488340
vt 0.489020 0.489435
vt 0.286058 0.941245
vt 0.273324 0.937195
vt 0.278242 0.929403
vt 0.287840 0.915930
vt 0.281266 0.920284
vt 0.280838 0.919355
vt 0.282606 0.918323
vt 0.286701 0.916462
vt 0.326422 0.929374
vt 0.311112 0.899574
vt 0.330024 0.929261
vt 0.319046 0.929906
vt 0.288158 0.889903
vt 0.306424 0.925546
vt 0.022579 0.855614
vt 0.018479 0.862618
vt 0.003815 0.856124
vt 0.033240 0.837389
vt 0.038127 0.843621
vt 0.004660 0.835295
vt 0.000970 0.847916
vt 0.289037 0.940445
vt 0.302788 0.874669
vt 0.351196 0.894953
vt 0.351048 0.909551
vt 0.335351 0.904263
vt 0.354980 0.907847
vt 0.110303 0.415590
vt 0.105567 0.409952
vt 0.151084 0.402583
vt 0.139155 0.413806
vt 0.159605 0.414952
vt 0.155339 0.433794
vt 0.141771 0.426900
vt 0.156451 0.445038
vt 0.108951 0.443088
vt 0.100080 0.445919
vt 0.094520 0.429986
vt 0.154954 0.382197
vt 0.158668 0.393476
vt 0.486086 0.415185
vt 0.481552 0.402758
vt 0.424724 0.406857
vt 0.423653 0.428683
vt 0.427284 0.448632
vt 0.214130 0.961473
vt 0.212188 0.973607
vt 0.204512 0.969486
vt 0.203774 0.958746
vt 0.042841 0.623374
vt 0.035970 0.615915
vt 0.056051 0.612212
vt 0.055682 0.599202
vt 0.932614 0.101027
vt 0.970449 0.094174
vt 0.962133 0.094485
vt 0.259296 0.931292
vt 0.261718 0.946101
vt 0.275041 0.965189
vt 0.277180 0.974021
vt 0.293770 0.103287
vt 0.294624 0.091278
vt 0.311922 0.108809
vt 0.305061 0.080999
vt 0.324817 0.087016
vt 0.964401 0.970002
vt 0.971400 0.961344
vt 0.970709 0.977822
vt 0.972117 0.949355
vt 0.987399 0.976943
vt 0.868360 0.496854
vt 0.885594 0.487225
vt 0.886506 0.501016
vt 0.900374 0.484518
vt 0.916500 0.484837
vt 0.919517 0.501660
vt 0.927708 0.486048
vt 0.927393 0.516130
vt 0.938995 0.504908
vt 0.920845 0.510983
vt 0.907706 0.505709
vt 0.938542 0.490493
vt 0.137231 0.321476
vt 0.353087 0.097042
vt 0.316441 0.131981
vt 0.354889 0.081916
vt 0.341350 0.138156
vt 0.353018 0.115210
vt 0.385916 0.117506
vt 0.383008 0.121410
vt 0.364802 0.143947
vt 0.352644 0.152863
vt 0.032792 0.155528
vt 0.041321 0.167932
vt 0.036850 0.164987
vt 0.100432 0.660883
vt 0.104275 0.674544
vt 0.099185 0.683936
vt 0.107810 0.682927
vt 0.103022 0.688610
vt 0.099807 0.689951
vt 0.095669 0.620239
vt 0.077015 0.636995
vt 0.080836 0.615112
vt 0.110004 0.638365
vt 0.084317 0.651145
vt 0.108345 0.622482
vt 0.836955 0.843732
vt 0.825846 0.852185
vt 0.821975 0.837169
vt 0.810555 0.846474
vt 0.804799 0.831699
vt 0.803820 0.844122
vt 0.790660 0.840154
vt 0.783202 0.809269
vt 0.768435 0.810288
vt 0.813975 0.816419
vt 0.830044 0.831908
vt 0.825617 0.827613
vt 0.190161 0.696215
vt 0.184313 0.711438
vt 0.163392 0.704711
vt 0.103270 0.354910
vt 0.069028 0.368371
vt 0.086713 0.342038
vt 0.086517 0.398659
vt 0.095754 0.394855
vt 0.117749 0.363217
vt 0.113640 0.358549
vt 0.107413 0.341003
vt 0.057756 0.354604
vt 0.090929 0.327582
vt 0.077779 0.317234
vt 0.086598 0.316374
vt 0.097729 0.311316
vt 0.118388 0.309870
vt 0.073271 0.325575
vt 0.052993 0.338711
vt 0.853372 0.115622
vt 0.829988 0.081931
vt 0.848336 0.076858
vt 0.868352 0.111563
vt 0.486701 0.589756
vt 0.505832 0.608312
vt 0.482053 0.603860
vt 0.529607 0.614608
vt 0.547876 0.587065
vt 0.596448 0.594261
vt 0.589909 0.600837
vt 0.594878 0.580858
vt 0.562650 0.581528
vt 0.568386 0.601733
vt 0.596722 0.608472
vt 0.605692 0.606935
vt 0.610926 0.610508
vt 0.528193 0.574701
vt 0.519999 0.544614
vt 0.526576 0.556537
vt 0.463062 0.570997
vt 0.509640 0.533977
vt 0.517460 0.520958
vt 0.489407 0.509611
vt 0.451452 0.497779
vt 0.190158 0.679563
vt 0.176746 0.692367
vt 0.152645 0.690560
vt 0.155163 0.710564
vt 0.182535 0.672534
vt 0.153863 0.735274
vt 0.145804 0.721726
vt 0.165897 0.728288
vt 0.179681 0.724942
vt 0.320761 0.142326
vt 0.337789 0.157577
vt 0.591946 0.565948
vt 0.542847 0.559390
vt 0.581238 0.969102
vt 0.588254 0.988543
vt 0.575444 0.980316
vt 0.568600 0.971564
vt 0.574400 0.967956
vt 0.771706 0.552069
vt 0.801728 0.550018
vt 0.813904 0.568465
vt 0.822929 0.555759
vt 0.844071 0.564579
vt 0.843170 0.551938
vt 0.850446 0.559562
vt 0.771060 0.529963
vt 0.807067 0.514394
vt 0.787681 0.518778
vt 0.791856 0.513759
vt 0.788797 0.506306
vt 0.838655 0.482019
vt 0.781653 0.575900
vt 0.803609 0.585110
vt 0.761383 0.570050
vt 0.776714 0.585661
vt 0.329773 0.053992
vt 0.307552 0.062848
vt 0.321587 0.041849
vt 0.300087 0.055068
vt 0.353502 0.064883
vt 0.334154 0.067014
vt 0.346982 0.018204
vt 0.330430 0.013391
vt 0.307295 0.026873
vt 0.316857 0.018147
vt 0.533872 0.532943
vt 0.522224 0.517004
vt 0.762416 0.534075
vt 0.130897 0.675867
vt 0.132585 0.665501
vt 0.140383 0.672697
vt 0.137441 0.691577
vt 0.128046 0.681665
vt 0.125222 0.677222
vt 0.130435 0.690098
vt 0.141662 0.716410
vt 0.142437 0.706066
vt 0.136490 0.759821
vt 0.139748 0.735569
vt 0.145052 0.752767
vt 0.132523 0.766875
vt 0.136569 0.752428
vt 0.844969 0.535161
vt 0.846696 0.518322
vt 0.843992 0.498556
vt 0.078445 0.456453
vt 0.061888 0.454108
vt 0.049018 0.451383
vt 0.028932 0.466065
vt 0.041763 0.460258
vt 0.034216 0.479883
vt 0.029018 0.484909
vt 0.035884 0.495494
vt 0.070963 0.459154
vt 0.100662 0.490742
vt 0.052204 0.504943
vt 0.047412 0.504767
vt 0.059395 0.497103
vt 0.075301 0.498509
vt 0.047047 0.487116
vt 0.298255 0.039309
vt 0.375762 0.079395
vt 0.385963 0.080913
vt 0.388902 0.092282
vt 0.133906 0.697967
vt 0.420945 0.225418
vt 0.430374 0.208503
vt 0.430547 0.240198
vt 0.428665 0.208017
vt 0.431455 0.275234
vt 0.423678 0.277138
vt 0.423565 0.317979
vt 0.434324 0.323463
vt 0.421954 0.332440
vt 0.448738 0.344312
vt 0.441793 0.285425
vt 0.427538 0.292474
vt 0.442561 0.297189
vt 0.471230 0.302284
vt 0.456922 0.304763
vt 0.469604 0.316261
vt 0.482403 0.320944
vt 0.479154 0.294363
vt 0.495227 0.305925
vt 0.508565 0.278863
vt 0.515761 0.248606
vt 0.503207 0.214613
vt 0.477072 0.261862
vt 0.456601 0.281617
vt 0.459860 0.239877
vt 0.861160 0.598728
vt 0.875559 0.602755
vt 0.895120 0.617495
vt 0.867921 0.615528
vt 0.857405 0.606985
vt 0.851060 0.620333
vt 0.850060 0.642284
vt 0.856942 0.654748
vt 0.879611 0.626217
vt 0.888682 0.638811
vt 0.894826 0.606790
vt 0.902621 0.627447
vt 0.897111 0.642550
vt 0.767646 0.071207
vt 0.755873 0.052840
vt 0.780846 0.057337
vt 0.795152 0.073535
vt 0.791310 0.055443
vt 0.804309 0.058853
vt 0.777491 0.029820
vt 0.812215 0.033126
vt 0.801803 0.023077
vt 0.812923 0.061061
vt 0.379428 0.054898
vt 0.371132 0.067255
vt 0.368380 0.027338
vt 0.377397 0.035731
vt 0.358469 0.012831
vt 0.346331 0.008268
vt 0.746760 0.963419
vt 0.735440 0.986444
vt 0.732168 0.966502
vt 0.742231 0.985559
vt 0.729335 0.958338
vt 0.744284 0.957115
vt 0.441039 0.208649
vt 0.469394 0.206550
vt 0.445058 0.272632
vt 0.857150 0.493206
vt 0.853583 0.473288
vt 0.809381 0.479792
vt 0.839365 0.456440
vt 0.853215 0.453863
vt 0.249745 0.835131
vt 0.266579 0.807165
vt 0.251270 0.858260
vt 0.267003 0.857187
vt 0.292385 0.817885
vt 0.280679 0.865731
vt 0.297999 0.855049
vt 0.302136 0.806738
vt 0.307479 0.815033
vt 0.326879 0.816487
vt 0.113441 0.751569
vt 0.092191 0.714943
vt 0.102999 0.726042
vt 0.080377 0.729651
vt 0.079826 0.718161
vt 0.098631 0.749335
vt 0.112529 0.709671
vt 0.109248 0.721401
vt 0.106667 0.704946
vt 0.415501 0.832414
vt 0.415164 0.858444
vt 0.406251 0.834194
vt 0.439350 0.845267
vt 0.430446 0.866194
vt 0.435125 0.810871
vt 0.425701 0.793446
vt 0.432481 0.797265
vt 0.451900 0.835702
vt 0.451613 0.827465
vt 0.467695 0.833432
vt 0.472464 0.839516
vt 0.123043 0.022655
vt 0.118343 0.031410
vt 0.404431 0.861620
vt 0.402005 0.801448
vt 0.386174 0.798571
vt 0.967267 0.759497
vt 0.978206 0.763879
vt 0.967199 0.765883
vt 0.983853 0.755690
vt 0.956197 0.757161
vt 0.980513 0.783640
vt 0.958912 0.777667
vt 0.989349 0.767230
vt 0.989731 0.743801
vt 0.993770 0.768302
vt 0.991031 0.782826
vt 0.984945 0.788245
vt 0.376014 0.842323
vt 0.392800 0.875061
vt 0.398128 0.838715
vt 0.367937 0.813427
vt 0.367019 0.797521
vt 0.567920 0.837385
vt 0.335018 0.922650
vt 0.884424 0.017475
vt 0.879207 0.014070
vt 0.884430 0.005712
vt 0.886630 0.013887
vt 0.968199 0.603129
vt 0.985745 0.615471
vt 0.980055 0.620454
vt 0.989268 0.619011
vt 0.995097 0.615552
vt 0.994791 0.616390
vt 0.993905 0.615734
vt 0.978149 0.626256
vt 0.970888 0.636396
vt 0.976832 0.632489
vt 0.969017 0.629506
vt 0.976015 0.637151
vt 0.143730 0.472046
vt 0.150522 0.461559
vt 0.114826 0.434090
vt 0.161009 0.454095
vt 0.165063 0.465726
vt 0.128255 0.489820
vt 0.146660 0.482944
vt 0.146342 0.473914
vt 0.109346 0.469966
vt 0.812350 0.673852
vt 0.835963 0.665400
vt 0.833373 0.696317
vt 0.799354 0.693196
vt 0.796609 0.727569
vt 0.786784 0.711362
vt 0.776903 0.696986
vt 0.753137 0.710847
vt 0.759415 0.694559
vt 0.770748 0.746264
vt 0.758600 0.745484
vt 0.761463 0.725686
vt 0.173770 0.434945
vt 0.175702 0.430884
vt 0.898572 0.414410
vt 0.901012 0.420220
vt 0.889786 0.426118
vt 0.875222 0.411569
vt 0.872489 0.422252
vt 0.842297 0.407080
vt 0.837161 0.415192
vt 0.824548 0.410754
vt 0.876032 0.392659
vt 0.911512 0.421013
vt 0.892197 0.437359
vt 0.874606 0.438159
vt 0.824143 0.426817
vt 0.761819 0.010002
vt 0.766708 0.010763
vt 0.761159 0.014257
vt 0.441105 0.011859
vt 0.457940 0.002369
vt 0.438940 0.004209
vt 0.440322 0.002924
vt 0.912840 0.428131
vt 0.918129 0.423900
vt 0.903235 0.443471
vt 0.912759 0.436056
vt 0.897807 0.452274
vt 0.899662 0.462335
vt 0.889346 0.452158
vt 0.897723 0.471502
vt 0.886248 0.460912
vt 0.991176 0.046926
vt 0.996615 0.053351
vt 0.994321 0.067526
vt 0.082396 0.854610
vt 0.075070 0.847535
vt 0.095001 0.836989
vt 0.107264 0.863243
vt 0.112922 0.851614
vt 0.115554 0.825927
vt 0.118321 0.842315
vt 0.121832 0.855259
vt 0.116091 0.886613
vt 0.108965 0.884553
vt 0.125710 0.884110
vt 0.124169 0.874401
vt 0.952594 0.773850
vt 0.950353 0.761095
vt 0.283506 0.900752
vt 0.854589 0.719968
vt 0.852292 0.747367
vt 0.843037 0.734178
vt 0.824800 0.760169
vt 0.823209 0.735846
vt 0.850565 0.713289
vt 0.804509 0.738937
vt 0.876140 0.451614
vt 0.893528 0.474013
vt 0.896634 0.475321
vt 0.136612 0.893302
vt 0.141580 0.905066
vt 0.123427 0.906852
vt 0.136700 0.916478
vt 0.144709 0.924639
vt 0.138766 0.946641
vt 0.128840 0.943123
vt 0.054204 0.430310
vt 0.081897 0.427596
vt 0.062545 0.434456
vt 0.076012 0.420074
vt 0.036761 0.413013
vt 0.064346 0.406833
vt 0.039948 0.406239
vt 0.059812 0.393408
vt 0.033898 0.384045
vt 0.050797 0.383357
vt 0.040408 0.378254
vt 0.807476 0.759687
vt 0.815128 0.777315
vt 0.791243 0.770124
vt 0.776601 0.767394
vt 0.782478 0.749831
vt 0.994859 0.454375
vt 0.974556 0.458526
vt 0.998143 0.449930
vt 0.996578 0.435780
vt 0.997804 0.443404
vt 0.990540 0.427318
vt 0.984098 0.432248
vt 0.974330 0.446283
vt 0.964866 0.426009
vt 0.968619 0.460537
vt 0.958114 0.453890
vt 0.961295 0.423461
vt 0.973976 0.422224
vt 0.976784 0.418045
vt 0.103641 0.806725
vt 0.115668 0.809736
vt 0.123236 0.807735
vt 0.119201 0.816465
vt 0.114483 0.798766
vt 0.119948 0.917917
vt 0.108141 0.925359
vt 0.112788 0.923493
vt 0.113474 0.939407
vt 0.105525 0.933401
vt 0.045407 0.432502
vt 0.063840 0.406593
vt 0.047738 0.406571
vt 0.034891 0.433949
vt 0.971759 0.039108
vt 0.970238 0.002712
vt 0.973169 0.003759
vt 0.975492 0.012935
vt 0.946472 0.031407
vt 0.924965 0.002831
vt 0.929699 0.012768
vt 0.921576 0.003265
vt 0.920221 0.005234
vt 0.921720 0.016722
vt 0.156365 0.538020
vt 0.170070 0.540054
vt 0.153391 0.546142
vt 0.154858 0.570136
vt 0.196676 0.578085
vt 0.169754 0.604590
vt 0.148604 0.585242
vt 0.154229 0.613203
vt 0.178459 0.650761
vt 0.166071 0.624887
vt 0.183438 0.644774
vt 0.188201 0.607674
vt 0.182624 0.592491
vt 0.078663 0.820914
vt 0.080558 0.805458
vt 0.747143 0.769824
vt 0.735494 0.776184
vt 0.727242 0.772731
vt 0.751335 0.727049
vt 0.727284 0.742112
vt 0.738059 0.724338
vt 0.743817 0.718327
vt 0.747287 0.750915
vt 0.756741 0.776683
vt 0.764856 0.769589
vt 0.729140 0.748698
vt 0.983175 0.874144
vt 0.990984 0.847391
vt 0.988768 0.865462
vt 0.997983 0.860063
vt 0.034574 0.851346
vt 0.024521 0.856528
vt 0.069326 0.230068
vt 0.063769 0.252655
vt 0.048408 0.236079
vt 0.072595 0.200111
vt 0.085509 0.200435
vt 0.081034 0.218729
vt 0.776619 0.674695
vt 0.790984 0.671773
vt 0.117233 0.237865
vt 0.123883 0.215877
vt 0.855437 0.583436
vt 0.874658 0.078474
vt 0.894291 0.078144
vt 0.902210 0.110133
vt 0.879629 0.123428
vt 0.896867 0.660665
vt 0.850733 0.668033
vt 0.864104 0.683971
vt 0.899142 0.673105
vt 0.885310 0.688375
vt 0.109941 0.265825
vt 0.067363 0.268277
vt 0.125658 0.246310
vt 0.133284 0.229858
vt 0.094211 0.289126
vt 0.105531 0.281895
vt 0.101140 0.291971
vt 0.098957 0.776816
vt 0.119332 0.742634
vt 0.115476 0.738313
vt 0.741154 0.852317
vt 0.752714 0.809037
vt 0.764683 0.850685
vt 0.724722 0.847521
vt 0.743342 0.804942
vt 0.513216 0.954740
vt 0.536464 0.957608
vt 0.519967 0.959474
vt 0.505552 0.955146
vt 0.536300 0.923758
vt 0.504758 0.913361
vt 0.386116 0.904429
vt 0.406434 0.928097
vt 0.375623 0.921108
vt 0.362222 0.933622
vt 0.402125 0.938194
vt 0.394104 0.951975
vt 0.364006 0.945951
vt 0.355225 0.949734
vt 0.367668 0.955493
vt 0.529185 0.128252
vt 0.555633 0.123352
vt 0.526105 0.141282
vt 0.512008 0.674746
vt 0.521192 0.680374
vt 0.976207 0.209206
vt 0.982995 0.216530
vt 0.951955 0.209164
vt 0.957913 0.216112
vt 0.085398 0.905142
vt 0.056524 0.895094
vt 0.067097 0.874984
vt 0.096369 0.898867
vt 0.054782 0.858040
vt 0.065824 0.861029
vt 0.060846 0.852881
vt 0.049501 0.877940
vt 0.038888 0.870013
vt 0.082089 0.916822
vt 0.069050 0.925859
vt 0.060439 0.921261
vt 0.040958 0.892177
vt 0.030359 0.877219
vt 0.028501 0.897771
vt 0.034833 0.910582
vt 0.288495 0.207129
vt 0.210284 0.226556
vt 0.224218 0.199834
vt 0.243927 0.238657
vt 0.227247 0.183010
vt 0.231569 0.171912
vt 0.291402 0.185615
vt 0.294940 0.227335
vt 0.298064 0.237173
vt 0.276163 0.248812
vt 0.302985 0.205884
vt 0.302992 0.174163
vt 0.312676 0.198073
vt 0.311530 0.226886
vt 0.288932 0.163297
vt 0.904188 0.164945
vt 0.911564 0.132105
vt 0.913466 0.164277
vt 0.932916 0.150782
vt 0.929065 0.133597
vt 0.925926 0.192538
vt 0.908346 0.190341
vt 0.895869 0.171669
vt 0.896467 0.148674
vt 0.952845 0.129547
vt 0.959772 0.146529
vt 0.803686 0.969002
vt 0.812614 0.974272
vt 0.804330 0.979945
vt 0.496643 0.196587
vt 0.021232 0.902510
vt 0.023229 0.912353
vt 0.956764 0.175219
vt 0.250403 0.255157
vt 0.229624 0.264337
vt 0.044586 0.926408
vt 0.270784 0.776388
vt 0.282261 0.760401
vt 0.266829 0.793242
vt 0.293158 0.800212
vt 0.311281 0.797899
vt 0.295649 0.764169
vt 0.343006 0.814657
vt 0.329971 0.800183
vt 0.345055 0.799597
vt 0.339789 0.852531
vt 0.348509 0.866495
vt 0.342988 0.870449
vt 0.298630 0.759285
vt 0.306160 0.768581
vt 0.428923 0.687847
vt 0.427678 0.668414
vt 0.427951 0.668018
vt 0.427483 0.655602
vt 0.419739 0.678374
vt 0.947050 0.467920
vt 0.918872 0.468356
vt 0.929465 0.455119
vt 0.925298 0.449424
vt 0.824437 0.627537
vt 0.814668 0.605949
vt 0.834494 0.618881
vt 0.811239 0.599614
vt 0.818026 0.598104
vt 0.760549 0.618197
vt 0.773619 0.597104
vt 0.734261 0.601110
vt 0.732261 0.617702
vt 0.727245 0.607366
vt 0.727681 0.634336
vt 0.801972 0.639736
vt 0.761043 0.636341
vt 0.794857 0.655243
vt 0.489777 0.713724
vt 0.483068 0.713712
vt 0.463097 0.713521
vt 0.467491 0.695554
vt 0.210882 0.173215
vt 0.188748 0.175304
vt 0.171224 0.153278
vt 0.208447 0.146768
vt 0.164534 0.131891
vt 0.226028 0.141452
vt 0.217540 0.120869
vt 0.231402 0.126284
vt 0.209056 0.120539
vt 0.205686 0.699883
vt 0.484853 0.150581
vt 0.500481 0.152696
vt 0.478324 0.171302
vt 0.436384 0.139377
vt 0.476973 0.131046
vt 0.456370 0.158314
vt 0.437553 0.172114
vt 0.433956 0.155519
vt 0.421400 0.171474
vt 0.429887 0.186667
vt 0.439110 0.190364
vt 0.511524 0.170105
vt 0.522174 0.159840
vt 0.947714 0.053913
vt 0.926985 0.035173
vt 0.186638 0.191991
vt 0.189516 0.553249
vt 0.203162 0.590720
vt 0.199723 0.605529
vt 0.185142 0.656596
vt 0.163884 0.165748
vt 0.152067 0.138003
vt 0.672824 0.078768
vt 0.670676 0.093201
vt 0.641291 0.085387
vt 0.656394 0.125437
vt 0.631431 0.102264
vt 0.645060 0.137441
vt 0.586813 0.092766
vt 0.609206 0.101406
vt 0.583360 0.097118
vt 0.601328 0.088529
vt 0.619318 0.088709
vt 0.660202 0.062494
vt 0.651241 0.053414
vt 0.630492 0.063317
vt 0.627818 0.108985
vt 0.101879 0.177345
vt 0.082095 0.181898
vt 0.077190 0.168669
vt 0.067816 0.181346
vt 0.057424 0.178992
vt 0.055239 0.165460
vt 0.099851 0.158418
vt 0.087134 0.148704
vt 0.052901 0.145336
vt 0.079772 0.126444
vt 0.091190 0.128854
vt 0.111008 0.146125
vt 0.112249 0.151024
vt 0.099764 0.143297
vt 0.113035 0.136397
vt 0.116205 0.133274
vt 0.104949 0.127526
vt 0.102196 0.118105
vt 0.097672 0.106223
vt 0.083151 0.109849
vt 0.114021 0.160922
vt 0.516631 0.016452
vt 0.520172 0.006856
vt 0.532342 0.013180
vt 0.538882 0.018618
vt 0.528365 0.020854
vt 0.152912 0.151957
vt 0.131526 0.200776
vt 0.131997 0.145922
vt 0.130482 0.136477
vt 0.139204 0.135229
vt 0.143810 0.203246
vt 0.167083 0.190568
vt 0.178699 0.203718
vt 0.210416 0.575845
vt 0.162084 0.201210
vt 0.168184 0.199959
vt 0.636172 0.061180
vt 0.061630 0.119427
vt 0.716295 0.615143
vt 0.711512 0.639848
vt 0.693407 0.617484
vt 0.690745 0.629715
vt 0.725624 0.649610
vt 0.714988 0.656351
vt 0.714206 0.653780
vt 0.749767 0.652171
vt 0.724701 0.262605
vt 0.704720 0.266485
vt 0.434357 0.711998
vt 0.073908 0.978098
vt 0.056986 0.970266
vt 0.073126 0.965416
vt 0.084385 0.959317
vt 0.057460 0.958520
vt 0.077194 0.951456
vt 0.077473 0.937775
vt 0.036425 0.958108
vt 0.039651 0.974651
vt 0.065225 0.984861
vt 0.417039 0.158910
vt 0.429320 0.133571
vt 0.053875 0.945673
vt 0.430553 0.704429
vt 0.409834 0.695277
vt 0.405735 0.712065
vt 0.384861 0.690594
vt 0.384782 0.682911
vt 0.409085 0.676048
vt 0.395245 0.701920
vt 0.702868 0.607706
vt 0.700769 0.597081
vt 0.714837 0.596547
vt 0.705305 0.590653
vt 0.719604 0.596210
vt 0.398390 0.673834
vt 0.693295 0.612012
vt 0.707790 0.649738
vt 0.961319 0.304209
vt 0.956556 0.312143
vt 0.943035 0.300861
vt 0.945377 0.298459
vt 0.953709 0.690791
vt 0.961258 0.685719
vt 0.128509 0.578245
vt 0.621033 0.561258
vt 0.619494 0.559438
vt 0.181858 0.483706
vt 0.978672 0.674508
vt 0.915679 0.665650
vt 0.927410 0.674902
vt 0.990329 0.176847
vt 0.682628 0.982156
vt 0.679454 0.973234
vt 0.692621 0.978970
vt 0.095823 0.067877
vt 0.203257 0.944775
vt 0.274322 0.574019
vt 0.294309 0.581369
vt 0.875324 0.738323
vt 0.418662 0.967668
vt 0.421135 0.970230
vt 0.411867 0.981079
vt 0.645542 0.976558
vt 0.021011 0.739525
vt 0.012592 0.725093
vt 0.491405 0.500480
vt 0.848099 0.233532
vt 0.795282 0.010480
vt 0.796039 0.006603
vt 0.799765 0.012231
vt 0.802767 0.008693
vt 0.128640 0.990350
vt 0.129047 0.989863
vt 0.129128 0.989539
vt 0.783787 0.792443
vt 0.074412 0.281733
vt 0.735907 0.054688
vt 0.741867 0.045269
vt 0.744094 0.056898
vt 0.749521 0.036270
vt 0.726006 0.980868
vt 0.346853 0.928738
vt 0.341175 0.929650
vt 0.111763 0.044273
vt 0.775234 0.776414
vt 0.129149 0.802447
vt 0.126156 0.800809
vt 0.462813 0.610633
vt 0.465772 0.613770
vt 0.468096 0.623521
vt 0.470496 0.619167
vt 0.316821 0.161148
vt 0.314344 0.172095
vt 0.514840 0.029573
vt 0.510666 0.024438
vt 0.213286 0.581572
s 1
f 12/1/1 10/2/2 25/3/3
f 10/2/2 26/4/4 25/3/3
f 10/2/2 13/5/5 26/4/4
f 42/6/6 25/3/3 26/4/4
f 45/7/7 25/3/3 68/8/8
f 10/9/2 12/10/1 11/11/9
f 25/12/3 45/13/7 12/14/1
f 45/13/7 47/15/10 12/14/1
f 35/16/11 12/10/1 96/17/12
f 96/17/12 12/10/1 47/15/10
f 162/18/13 35/16/11 96/17/12
f 35/16/11 162/18/13 48/19/14
f 127/20/15 83/21/16 46/22/17
f 66/23/18 83/21/16 127/20/15
f 42/24/6 123/25/19 25/26/3
f 25/27/3 123/25/19 68/28/8
f 68/28/8 150/29/20 111/30/21
f 68/28/8 111/30/21 45/31/7
f 115/32/22 100/33/23 111/30/21
f 45/31/7 100/33/23 47/34/10
f 127/35/15 123/25/19 42/24/6
f 64/36/24 127/35/15 42/24/6
f 26/37/4 64/36/24 42/24/6
f 115/32/22 162/38/13 96/39/12
f 319/40/25 281/41/26 287/42/27
f 287/42/27 150/29/20 265/43/28
f 287/42/27 265/43/28 319/40/25
f 319/40/25 265/43/28 321/44/29
f 321/44/29 265/43/28 248/45/30
f 283/46/31 248/45/30 162/47/13
f 162/47/13 248/45/30 184/48/32
f 265/43/28 184/48/32 248/45/30
f 265/43/28 123/25/19 184/48/32
f 100/33/23 45/31/7 111/30/21
f 47/34/10 100/33/23 115/32/22
f 96/39/12 47/34/10 115/32/22
f 281/41/26 115/32/22 287/42/27
f 287/42/27 115/32/22 150/29/20
f 123/25/19 265/43/28 68/28/8
f 68/28/8 265/43/28 150/29/20
f 115/32/22 111/30/21 150/29/20
f 127/35/15 184/48/32 123/25/19
f 88/49/33 127/35/15 64/36/24
f 184/48/32 127/35/15 46/50/17
f 162/47/13 184/48/32 46/51/17
f 46/22/17 48/19/14 162/18/13
f 260/52/34 262/53/35 228/54/36
f 425/55/37 260/52/34 261/56/38
f 327/57/39 280/58/40 234/59/41
f 280/58/40 327/57/39 341/60/42
f 234/59/41 349/61/43 327/57/39
f 234/59/41 326/62/44 343/63/45
f 248/64/30 283/65/31 247/66/46
f 409/67/47 284/68/48 314/69/49
f 481/70/50 284/68/48 409/67/47
f 431/71/51 409/67/47 314/69/49
f 314/69/49 247/66/46 283/65/31
f 281/72/26 350/73/52 314/69/49
f 356/74/53 308/75/54 274/76/55
f 356/74/53 274/76/55 350/73/52
f 377/77/56 314/69/49 350/73/52
f 280/58/40 341/60/42 264/78/57
f 207/79/58 280/58/40 264/78/57
f 198/80/59 207/79/58 264/78/57
f 198/80/59 295/81/60 247/82/46
f 264/78/57 295/81/60 198/80/59
f 295/81/60 264/78/57 341/60/42
f 295/81/60 341/60/42 396/83/61
f 234/59/41 343/63/45 349/61/43
f 343/63/45 497/84/62 349/61/43
f 341/60/42 327/57/39 396/83/61
f 327/57/39 349/61/43 396/83/61
f 295/81/60 396/83/61 319/85/25
f 376/86/63 319/85/25 396/83/61
f 376/86/63 396/83/61 349/61/43
f 295/81/60 319/85/25 248/87/30
f 326/62/44 234/59/41 262/88/35
f 343/63/45 326/62/44 423/89/64
f 234/59/41 228/90/36 262/88/35
f 223/91/65 228/90/36 234/59/41
f 280/58/40 207/79/58 234/59/41
f 234/59/41 207/79/58 223/91/65
f 295/81/60 248/87/30 247/82/46
f 248/87/30 319/85/25 321/92/29
f 356/93/53 319/94/25 452/95/66
f 452/95/66 319/94/25 376/96/63
f 376/96/63 349/97/43 471/98/67
f 471/98/67 349/97/43 497/99/62
f 319/94/25 356/93/53 281/100/26
f 390/101/68 435/102/69 476/103/70
f 323/104/71 382/105/72 390/101/68
f 435/106/69 390/101/68 382/105/72
f 390/101/68 476/103/70 425/55/37
f 425/55/37 476/103/70 489/107/73
f 551/108/74 488/109/75 454/110/76
f 488/111/75 392/112/77 454/110/76
f 260/52/34 454/110/76 392/112/77
f 392/112/77 262/53/35 260/52/34
f 425/55/37 454/110/76 260/52/34
f 425/55/37 489/107/73 454/110/76
f 549/113/78 535/114/79 559/115/80
f 583/116/81 573/117/82 528/118/83
f 573/117/82 511/119/84 528/118/83
f 573/117/82 523/120/85 511/119/84
f 573/117/82 586/121/86 581/122/87
f 567/123/88 581/122/87 586/121/86
f 567/123/88 586/121/86 619/124/89
f 619/124/89 586/121/86 595/125/90
f 619/124/89 634/126/91 698/127/92
f 619/124/89 698/127/92 714/128/93
f 714/128/93 667/129/94 619/124/89
f 619/124/89 622/130/95 567/123/88
f 619/124/89 667/129/94 622/130/95
f 581/122/87 567/123/88 523/120/85
f 567/123/88 543/131/96 523/120/85
f 588/132/97 471/133/67 567/123/88
f 567/123/88 622/130/95 588/132/97
f 658/134/98 622/130/95 657/135/99
f 657/135/99 720/136/100 658/134/98
f 323/104/71 390/101/68 261/56/38
f 425/55/37 261/56/38 390/101/68
f 278/137/101 323/104/71 261/56/38
f 496/138/102 392/139/77 488/140/75
f 549/113/78 496/138/102 488/140/75
f 497/141/62 496/138/102 549/113/78
f 496/138/102 497/141/62 423/142/64
f 423/142/64 326/143/44 496/138/102
f 392/139/77 496/138/102 326/143/44
f 392/139/77 326/143/44 262/144/35
f 549/113/78 559/115/80 598/145/103
f 549/113/78 598/145/103 497/141/62
f 598/145/103 559/115/80 530/146/104
f 497/141/62 598/145/103 471/147/67
f 543/148/96 598/145/103 530/146/104
f 543/149/96 530/146/104 523/150/85
f 515/151/105 523/150/85 530/146/104
f 515/151/105 530/146/104 528/118/83
f 511/119/84 515/151/105 528/118/83
f 515/151/105 511/119/84 523/120/85
f 343/63/45 423/89/64 497/84/62
f 588/152/97 452/95/66 471/98/67
f 471/98/67 452/95/66 376/96/63
f 465/153/106 503/154/107 538/155/108
f 526/156/109 538/155/108 503/154/107
f 528/118/83 530/146/104 559/115/80
f 523/120/85 573/117/82 581/122/87
f 538/157/108 526/158/109 561/159/110
f 503/160/107 561/159/110 526/158/109
f 559/115/80 583/116/81 528/118/83
f 481/161/50 538/162/108 561/163/110
f 465/164/106 538/162/108 481/161/50
f 481/161/50 542/165/111 407/166/112
f 563/167/113 561/163/110 457/168/114
f 481/161/50 563/167/113 542/165/111
f 16/169/115 13/5/5 10/170/2
f 72/171/116 36/172/117 34/173/118
f 72/171/116 34/173/118 40/174/119
f 40/174/119 41/175/120 72/171/116
f 41/175/120 83/176/16 66/177/18
f 127/178/15 88/179/33 66/177/18
f 88/179/33 64/180/24 66/177/18
f 66/177/18 13/5/5 67/181/121
f 66/177/18 64/180/24 13/5/5
f 64/180/24 26/4/4 13/5/5
f 36/172/117 16/169/115 34/173/118
f 16/169/115 36/172/117 13/5/5
f 13/5/5 36/172/117 72/171/116
f 72/171/116 67/181/121 13/5/5
f 16/182/115 27/183/122 34/184/118
f 40/185/119 34/184/118 27/183/122
f 10/186/2 27/183/122 16/182/115
f 27/183/122 10/186/2 11/11/9
f 40/185/119 27/183/122 41/187/120
f 41/187/120 27/183/122 11/11/9
f 11/11/9 46/22/17 50/188/123
f 11/11/9 50/188/123 41/187/120
f 83/21/16 41/187/120 50/188/123
f 46/22/17 11/11/9 48/19/14
f 11/11/9 35/16/11 48/19/14
f 35/16/11 11/11/9 12/10/1
f 46/22/17 83/21/16 50/188/123
f 72/171/116 41/175/120 66/177/18
f 67/181/121 72/171/116 66/177/18
f 154/189/124 147/190/125 137/191/126
f 163/192/127 147/190/125 154/189/124
f 154/189/124 190/193/128 197/194/129
f 154/189/124 197/194/129 163/192/127
f 154/189/124 137/191/126 157/195/130
f 154/189/124 180/196/131 190/193/128
f 180/196/131 154/189/124 168/197/132
f 190/193/128 180/196/131 250/198/133
f 190/193/128 250/198/133 311/199/134
f 388/200/135 311/199/134 370/201/136
f 250/198/133 370/201/136 311/199/134
f 270/202/137 370/201/136 250/198/133
f 499/203/138 429/204/139 510/205/140
f 388/200/135 510/205/140 429/204/139
f 388/200/135 370/201/136 510/205/140
f 478/206/141 370/201/136 331/207/142
f 370/201/136 270/202/137 331/207/142
f 195/208/143 331/207/142 270/202/137
f 270/202/137 250/198/133 168/197/132
f 250/198/133 180/196/131 168/197/132
f 195/208/143 270/202/137 168/197/132
f 243/209/144 263/210/145 195/208/143
f 246/211/146 263/210/145 243/209/144
f 263/210/145 246/211/146 285/212/147
f 331/207/142 195/208/143 263/210/145
f 345/213/148 263/210/145 285/212/147
f 263/210/145 345/213/148 331/207/142
f 157/214/130 143/215/149 174/216/150
f 161/217/151 159/218/152 152/219/153
f 239/220/154 244/221/155 200/222/156
f 161/217/151 200/222/156 159/218/152
f 200/222/156 175/223/157 159/218/152
f 175/223/157 207/224/58 198/225/59
f 198/225/59 173/226/158 175/223/157
f 159/218/152 175/223/157 164/227/159
f 173/226/158 164/227/159 175/223/157
f 173/226/158 198/228/59 247/229/46
f 173/226/158 247/230/46 210/231/160
f 210/231/160 284/232/48 203/233/161
f 210/231/160 164/227/159 173/226/158
f 137/191/126 143/234/149 157/195/130
f 195/208/143 168/197/132 157/195/130
f 197/235/129 224/236/162 207/79/58
f 207/237/58 175/223/157 197/238/129
f 197/238/129 175/223/157 171/239/163
f 163/240/127 197/238/129 171/239/163
f 142/241/164 163/242/127 171/239/163
f 147/243/125 142/241/164 137/244/126
f 185/245/165 143/246/149 142/241/164
f 185/245/165 142/241/164 171/239/163
f 200/222/156 185/245/165 171/239/163
f 171/239/163 175/223/157 200/222/156
f 164/247/159 210/248/160 203/249/161
f 316/250/166 203/249/161 284/251/48
f 159/252/152 164/247/159 203/249/161
f 230/253/167 174/216/150 143/215/149
f 230/253/167 143/215/149 239/254/154
f 168/197/132 154/189/124 157/195/130
f 192/255/168 342/256/169 290/257/170
f 192/255/168 290/257/170 239/258/154
f 192/255/168 239/258/154 161/259/151
f 228/260/36 223/261/65 242/262/171
f 223/261/65 224/263/162 322/264/172
f 223/261/65 322/264/172 242/262/171
f 323/265/71 242/262/171 329/266/173
f 242/262/171 323/265/71 278/267/101
f 329/266/173 382/268/72 323/265/71
f 382/268/72 329/266/173 405/269/174
f 435/270/69 382/268/72 405/269/174
f 435/270/69 405/269/174 482/271/175
f 476/272/70 435/270/69 482/271/175
f 482/271/175 551/273/74 454/274/76
f 489/275/73 476/272/70 482/271/175
f 306/276/176 322/264/172 224/263/162
f 329/266/173 242/262/171 322/277/172
f 322/277/172 405/269/174 329/266/173
f 210/278/160 247/279/46 284/280/48
f 247/279/46 314/281/49 284/280/48
f 224/282/162 238/283/177 306/284/176
f 442/285/178 306/284/176 469/286/179
f 306/284/176 313/287/180 462/288/181
f 429/289/139 462/288/181 313/287/180
f 238/290/177 224/291/162 197/194/129
f 272/292/182 289/293/183 246/211/146
f 289/293/183 357/294/184 285/212/147
f 285/212/147 246/211/146 289/293/183
f 244/295/155 239/258/154 185/296/165
f 161/259/151 239/258/154 200/297/156
f 246/298/146 243/299/144 249/300/185
f 279/301/186 330/302/187 411/303/188
f 411/303/188 331/304/142 443/305/189
f 331/304/142 411/303/188 478/306/141
f 370/307/136 478/306/141 510/308/140
f 510/308/140 478/306/141 540/309/190
f 468/310/191 478/306/141 411/303/188
f 512/311/192 468/310/191 441/312/193
f 512/311/192 441/312/193 513/313/194
f 512/311/192 547/314/195 540/309/190
f 512/311/192 540/309/190 478/306/141
f 468/310/191 512/311/192 478/306/141
f 547/314/195 519/315/196 460/316/197
f 499/317/138 510/308/140 540/309/190
f 540/309/190 460/316/197 499/317/138
f 540/309/190 547/314/195 460/316/197
f 249/300/185 272/318/182 246/298/146
f 249/300/185 279/301/186 272/318/182
f 272/318/182 363/319/198 289/320/183
f 272/318/182 279/301/186 363/319/198
f 363/319/198 279/301/186 378/321/199
f 378/321/199 403/322/200 363/319/198
f 403/322/200 289/320/183 363/319/198
f 200/222/156 244/323/155 185/245/165
f 378/321/199 279/301/186 411/303/188
f 233/324/201 279/301/186 249/300/185
f 233/324/201 249/300/185 243/299/144
f 311/199/134 388/200/135 313/325/180
f 313/325/180 388/200/135 429/204/139
f 190/193/128 311/199/134 313/325/180
f 313/325/180 238/290/177 190/193/128
f 290/326/170 230/327/167 239/328/154
f 257/329/202 230/327/167 290/326/170
f 362/330/203 441/331/193 290/326/170
f 290/326/170 318/332/204 362/330/203
f 318/332/204 290/326/170 342/333/169
f 342/333/169 402/334/205 318/332/204
f 318/332/204 402/334/205 362/330/203
f 362/330/203 402/334/205 404/335/206
f 404/335/206 402/334/205 456/336/207
f 472/337/208 404/335/206 456/336/207
f 404/335/206 472/337/208 460/338/197
f 284/339/48 407/340/112 316/250/166
f 238/283/177 313/287/180 306/284/176
f 499/341/138 462/288/181 429/342/139
f 203/343/161 316/344/166 374/345/209
f 203/346/161 338/347/210 307/348/211
f 337/349/212 307/350/211 338/347/210
f 338/347/210 449/351/213 394/352/214
f 449/351/213 480/353/215 394/352/214
f 449/351/213 338/347/210 374/345/209
f 629/354/216 611/355/217 558/356/218
f 480/353/215 629/354/216 558/356/218
f 480/353/215 558/356/218 457/357/114
f 611/355/217 653/358/219 558/356/218
f 402/359/205 342/360/169 455/361/220
f 306/284/176 442/285/178 322/362/172
f 316/363/166 407/364/112 437/365/221
f 316/363/166 449/366/213 374/367/209
f 455/361/220 316/363/166 437/365/221
f 455/361/220 473/368/222 316/363/166
f 357/369/184 289/320/183 403/322/200
f 443/305/189 403/322/200 378/321/199
f 362/330/203 404/335/206 441/331/193
f 460/338/197 441/331/193 404/335/206
f 402/334/205 455/370/220 456/336/207
f 401/371/223 257/372/202 290/326/170
f 401/371/223 290/326/170 441/331/193
f 401/371/223 441/331/193 468/373/191
f 284/68/48 481/70/50 407/374/112
f 481/70/50 409/67/47 465/375/106
f 465/375/106 409/67/47 431/71/51
f 469/376/179 306/377/176 462/378/181
f 535/379/79 442/380/178 469/376/179
f 551/273/74 442/380/178 535/379/79
f 442/380/178 551/273/74 482/271/175
f 442/380/178 482/271/175 322/277/172
f 456/381/207 437/382/221 492/383/224
f 492/383/224 517/384/225 472/385/208
f 456/381/207 492/383/224 472/385/208
f 456/381/207 455/386/220 437/382/221
f 357/369/184 403/322/200 443/305/189
f 443/305/189 345/387/148 357/369/184
f 331/304/142 345/387/148 443/305/189
f 411/303/188 443/305/189 378/321/199
f 473/368/222 455/361/220 495/388/226
f 546/389/227 495/390/226 522/391/228
f 546/389/227 473/392/222 495/390/226
f 465/393/106 386/394/229 457/395/114
f 465/393/106 457/396/114 503/397/107
f 503/397/107 457/396/114 561/398/110
f 559/399/80 469/376/179 531/400/230
f 559/399/80 535/379/79 469/376/179
f 549/401/78 551/273/74 535/379/79
f 454/274/76 489/275/73 482/271/175
f 549/401/78 488/402/75 551/273/74
f 561/163/110 563/167/113 481/161/50
f 531/403/230 568/404/231 606/405/232
f 531/403/230 606/405/232 597/406/233
f 606/405/232 654/407/234 624/408/235
f 437/409/221 407/410/112 542/411/111
f 531/403/230 462/412/181 499/413/138
f 531/403/230 499/413/138 541/414/236
f 541/414/236 568/404/231 531/403/230
f 472/337/208 509/415/237 460/338/197
f 514/416/238 513/417/194 460/338/197
f 441/331/193 460/338/197 513/417/194
f 517/418/225 504/419/239 472/420/208
f 472/420/208 504/419/239 519/421/196
f 514/422/238 504/419/239 513/423/194
f 504/419/239 514/422/238 519/421/196
f 512/424/192 513/425/194 529/426/240
f 512/424/192 529/426/240 547/427/195
f 547/427/195 529/426/240 541/428/236
f 529/426/240 576/429/241 541/428/236
f 547/427/195 541/428/236 519/421/196
f 591/430/242 541/428/236 576/429/241
f 591/430/242 568/431/231 541/428/236
f 568/431/231 591/430/242 649/432/243
f 568/431/231 649/432/243 606/433/232
f 739/434/244 722/435/245 606/433/232
f 606/433/232 722/436/245 654/437/234
f 519/438/196 514/416/238 460/338/197
f 506/439/246 504/440/239 527/441/247
f 527/441/247 638/442/248 749/443/249
f 517/444/225 492/445/224 527/441/247
f 517/444/225 527/441/247 504/440/239
f 546/446/227 643/447/250 629/448/216
f 504/449/239 529/450/240 513/313/194
f 529/451/240 550/452/251 576/453/241
f 473/454/222 546/446/227 480/455/215
f 473/454/222 480/455/215 449/456/213
f 469/376/179 462/378/181 531/400/230
f 457/357/114 394/352/214 480/353/215
f 394/352/214 457/357/114 386/457/229
f 572/458/252 492/459/224 437/460/221
f 572/458/252 437/460/221 542/461/111
f 499/462/138 460/463/197 509/464/237
f 509/464/237 541/428/236 499/462/138
f 519/421/196 541/428/236 509/464/237
f 509/464/237 472/420/208 519/421/196
f 19/465/253 4/466/254 5/467/255
f 1/468/256 4/466/254 6/469/257
f 39/470/258 6/469/257 4/466/254
f 19/465/253 5/467/255 15/471/259
f 5/467/255 1/468/256 2/472/260
f 15/471/259 5/467/255 2/473/260
f 43/474/261 91/475/262 114/476/263
f 19/465/253 91/475/262 43/474/261
f 91/475/262 90/477/264 166/478/265
f 170/479/266 166/478/265 90/477/264
f 19/465/253 43/474/261 4/466/254
f 71/480/267 15/471/259 49/481/268
f 39/482/258 4/483/254 43/484/261
f 114/485/263 225/486/269 39/482/258
f 114/485/263 39/482/258 43/484/261
f 18/487/270 39/482/258 77/488/271
f 225/486/269 77/488/271 39/482/258
f 78/489/272 77/488/271 145/490/273
f 194/491/274 236/492/275 145/490/273
f 225/486/269 268/493/276 77/488/271
f 77/488/271 268/493/276 194/491/274
f 77/488/271 194/491/274 145/490/273
f 364/494/277 268/493/276 225/486/269
f 364/494/277 225/486/269 344/495/278
f 91/475/262 166/478/265 189/496/279
f 71/480/267 170/479/266 90/477/264
f 71/480/267 90/477/264 15/471/259
f 302/497/280 274/498/55 256/499/281
f 256/499/281 194/500/274 302/497/280
f 268/501/276 302/497/280 194/500/274
f 144/502/282 194/500/274 89/503/283
f 194/500/274 49/481/268 89/503/283
f 162/504/13 115/505/22 281/506/26
f 281/506/26 356/507/53 350/508/52
f 281/506/26 283/509/31 162/504/13
f 218/510/284 189/511/279 166/512/265
f 308/513/54 218/510/284 166/512/265
f 308/513/54 166/512/265 274/514/55
f 114/515/263 237/516/285 225/517/269
f 354/518/286 237/516/285 360/519/287
f 237/516/285 354/518/286 225/517/269
f 424/520/288 354/518/286 360/519/287
f 424/520/288 475/521/289 387/522/290
f 387/522/290 475/521/289 413/523/291
f 424/520/288 470/524/292 475/521/289
f 189/525/279 218/526/284 237/516/285
f 237/516/285 218/527/284 308/528/54
f 308/528/54 356/529/53 474/530/293
f 470/524/292 308/528/54 474/530/293
f 308/528/54 470/524/292 424/520/288
f 474/530/293 452/531/66 707/532/294
f 707/532/294 452/531/66 779/533/295
f 779/533/295 452/531/66 806/534/296
f 779/533/295 806/534/296 797/535/297
f 166/512/265 170/536/266 274/514/55
f 170/479/266 71/480/267 256/499/281
f 49/481/268 194/500/274 71/480/267
f 71/480/267 194/500/274 256/499/281
f 274/498/55 170/479/266 256/499/281
f 189/525/279 114/515/263 91/537/262
f 114/515/263 189/525/279 237/516/285
f 314/69/49 283/65/31 281/72/26
f 350/73/52 274/76/55 302/538/280
f 302/538/280 377/77/56 350/73/52
f 377/77/56 335/539/298 431/71/51
f 302/538/280 335/539/298 377/77/56
f 360/519/287 308/528/54 424/520/288
f 237/516/285 308/528/54 360/519/287
f 301/540/299 320/541/300 387/542/290
f 354/518/286 387/542/290 320/541/300
f 354/518/286 344/543/278 225/517/269
f 364/544/277 344/545/278 354/546/286
f 268/547/276 364/544/277 368/548/301
f 299/549/302 268/547/276 368/548/301
f 299/549/302 368/548/301 427/550/303
f 325/551/304 299/549/302 427/550/303
f 320/552/300 367/553/305 368/548/301
f 364/544/277 354/546/286 368/548/301
f 320/552/300 368/548/301 354/546/286
f 268/554/276 335/555/298 302/556/280
f 294/557/306 232/558/307 335/555/298
f 424/520/288 387/522/290 354/518/286
f 371/559/308 301/560/299 346/561/309
f 371/559/308 346/561/309 426/562/310
f 434/563/311 346/561/309 413/564/291
f 387/565/290 413/564/291 301/560/299
f 413/564/291 346/561/309 301/560/299
f 445/566/312 416/567/313 458/568/314
f 458/568/314 416/567/313 450/569/315
f 406/570/316 445/566/312 467/571/317
f 406/570/316 467/571/317 417/572/318
f 416/567/313 406/570/316 351/573/319
f 416/567/313 445/566/312 406/570/316
f 426/562/310 346/561/309 434/563/311
f 475/574/289 434/563/311 413/564/291
f 371/559/308 426/562/310 450/575/315
f 371/559/308 450/575/315 416/576/313
f 351/577/319 371/559/308 416/576/313
f 474/530/293 356/529/53 452/531/66
f 571/578/320 475/579/289 470/580/292
f 475/574/289 571/581/320 434/563/311
f 434/563/311 571/581/320 566/582/321
f 566/582/321 571/581/320 589/583/322
f 486/584/323 434/563/311 505/585/324
f 434/563/311 486/584/323 426/562/310
f 3/586/325 28/587/326 7/588/327
f 29/589/328 17/590/329 7/588/327
f 7/588/327 9/591/330 1/592/256
f 1/592/256 9/591/330 8/593/331
f 8/593/331 2/594/260 1/592/256
f 9/591/330 33/595/332 8/593/331
f 31/596/333 22/597/334 58/598/335
f 59/599/336 31/596/333 101/600/337
f 31/596/333 58/598/335 101/600/337
f 58/598/335 172/601/338 101/600/337
f 172/601/338 208/602/339 101/600/337
f 97/603/340 172/601/338 58/598/335
f 14/604/341 21/605/342 22/597/334
f 23/606/343 24/607/344 14/604/341
f 21/605/342 14/604/341 20/608/345
f 201/609/346 124/610/347 156/611/348
f 201/609/346 156/611/348 216/612/349
f 124/610/347 201/609/346 52/613/350
f 52/613/350 117/614/351 122/615/352
f 52/613/350 122/615/352 124/610/347
f 32/616/353 29/617/328 7/618/327
f 17/619/329 29/617/328 44/620/354
f 37/621/355 29/617/328 32/616/353
f 37/621/355 44/620/354 29/617/328
f 44/620/354 37/621/355 54/622/356
f 28/623/326 32/616/353 7/618/327
f 32/616/353 54/622/356 37/621/355
f 1/624/256 6/625/257 3/626/325
f 39/627/258 18/628/270 6/625/257
f 30/629/357 28/630/326 3/626/325
f 32/631/353 28/630/326 30/629/357
f 30/629/357 18/628/270 56/632/358
f 3/626/325 6/625/257 18/628/270
f 3/626/325 18/628/270 30/629/357
f 49/633/268 15/634/259 8/593/331
f 2/594/260 8/593/331 15/634/259
f 7/588/327 17/590/329 9/591/330
f 9/591/330 17/590/329 51/635/359
f 51/635/359 17/590/329 65/636/360
f 17/590/329 44/637/354 65/636/360
f 9/591/330 51/635/359 33/595/332
f 65/636/360 44/637/354 54/638/356
f 51/635/359 57/639/361 33/595/332
f 55/640/362 33/595/332 78/641/272
f 78/641/272 33/595/332 56/642/358
f 56/642/358 33/595/332 57/639/361
f 57/639/361 30/643/357 56/642/358
f 55/644/362 8/645/331 33/646/332
f 55/644/362 62/647/363 8/645/331
f 8/645/331 62/647/363 74/648/364
f 80/649/365 74/648/364 62/647/363
f 74/648/364 80/649/365 75/650/366
f 75/650/366 80/649/365 89/651/283
f 80/649/365 82/652/367 89/651/283
f 82/652/367 80/649/365 92/653/368
f 92/653/368 80/649/365 95/654/369
f 122/655/352 92/653/368 107/656/370
f 107/656/370 92/653/368 95/654/369
f 104/657/371 62/647/363 55/644/362
f 80/649/365 62/647/363 104/657/371
f 80/649/365 104/657/371 95/654/369
f 55/644/362 78/658/272 104/657/371
f 22/597/334 21/605/342 60/659/372
f 60/659/372 52/613/350 22/597/334
f 97/603/340 58/598/335 52/613/350
f 52/613/350 60/659/372 117/614/351
f 22/597/334 52/613/350 58/598/335
f 14/660/341 31/661/333 23/662/343
f 14/660/341 22/663/334 31/661/333
f 32/631/353 30/629/357 54/664/356
f 54/665/356 57/666/361 65/667/360
f 54/665/356 30/629/357 57/666/361
f 77/668/271 78/669/272 56/670/358
f 77/668/271 56/670/358 18/671/270
f 126/672/373 78/669/272 145/673/273
f 8/645/331 74/648/364 75/650/366
f 75/650/366 49/674/268 8/645/331
f 75/650/366 89/651/283 49/675/268
f 81/676/374 24/677/344 23/662/343
f 63/678/375 24/677/344 108/679/376
f 81/676/374 23/662/343 59/680/336
f 81/676/374 59/680/336 105/681/377
f 59/680/336 110/682/378 105/681/377
f 59/680/336 101/683/337 110/682/378
f 181/684/379 108/679/376 105/681/377
f 181/684/379 105/681/377 110/682/378
f 181/684/379 110/682/378 165/685/380
f 165/686/380 110/682/378 101/683/337
f 53/687/381 86/688/382 60/689/372
f 20/690/345 53/687/381 60/689/372
f 20/690/345 60/689/372 21/691/342
f 86/688/382 53/687/381 130/692/383
f 130/692/383 226/693/384 86/688/382
f 65/636/360 57/639/361 51/635/359
f 78/658/272 126/694/373 104/657/371
f 104/657/371 126/694/373 156/695/348
f 124/696/347 122/655/352 107/656/370
f 156/695/348 124/696/347 95/654/369
f 156/695/348 95/654/369 104/657/371
f 93/697/385 108/679/376 24/677/344
f 93/697/385 24/677/344 81/676/374
f 105/681/377 93/697/385 81/676/374
f 93/697/385 105/681/377 108/679/376
f 136/698/386 181/684/379 165/685/380
f 82/652/367 117/699/351 106/700/387
f 117/699/351 92/653/368 122/655/352
f 82/652/367 106/700/387 89/651/283
f 82/652/367 92/653/368 117/699/351
f 144/701/282 89/651/283 106/700/387
f 132/702/388 106/703/387 117/704/351
f 132/702/388 117/704/351 60/689/372
f 232/705/307 106/703/387 132/702/388
f 232/705/307 144/706/282 106/703/387
f 273/707/389 232/705/307 132/702/388
f 386/708/229 273/707/389 267/709/390
f 267/709/390 348/710/391 397/711/392
f 273/707/389 132/702/388 267/709/390
f 226/693/384 267/709/390 132/702/388
f 267/709/390 226/693/384 269/712/393
f 267/709/390 269/712/393 348/710/391
f 269/712/393 365/713/394 348/710/391
f 348/710/391 365/714/394 397/711/392
f 86/688/382 226/693/384 60/689/372
f 132/702/388 60/689/372 226/693/384
f 201/715/346 216/716/349 254/717/395
f 145/718/273 156/719/348 126/720/373
f 201/609/346 97/603/340 52/613/350
f 97/603/340 201/721/346 172/601/338
f 201/721/346 325/722/304 172/601/338
f 269/723/393 208/602/339 172/601/338
f 208/602/339 269/723/393 213/724/396
f 325/722/304 365/725/394 172/601/338
f 236/726/275 194/727/274 144/728/282
f 236/726/275 216/716/349 156/719/348
f 156/719/348 145/718/273 236/726/275
f 216/716/349 236/726/275 254/717/395
f 299/729/302 254/717/395 294/730/306
f 236/726/275 294/730/306 254/717/395
f 232/731/307 294/730/306 236/726/275
f 325/732/304 201/733/346 254/734/395
f 325/732/304 254/735/395 299/736/302
f 365/737/394 325/732/304 436/738/397
f 397/739/392 365/737/394 436/738/397
f 562/740/398 436/738/397 325/732/304
f 557/741/399 436/738/397 562/740/398
f 320/742/300 304/743/400 367/744/305
f 367/744/305 385/745/401 484/746/402
f 351/747/319 304/743/400 371/748/308
f 301/749/299 304/743/400 320/750/300
f 130/692/383 269/712/393 226/693/384
f 365/713/394 269/712/393 172/751/338
f 268/547/276 299/549/302 294/752/306
f 335/753/298 268/547/276 294/752/306
f 335/754/298 386/755/229 431/756/51
f 304/743/400 336/757/403 367/744/305
f 336/757/403 385/745/401 367/744/305
f 502/758/404 385/745/401 395/759/405
f 385/745/401 502/758/404 484/746/402
f 554/760/406 502/758/404 564/761/407
f 564/761/407 502/758/404 505/762/324
f 593/763/408 564/761/407 505/762/324
f 593/763/408 505/762/324 566/764/321
f 505/762/324 466/765/409 486/766/323
f 516/767/410 466/765/409 467/768/317
f 417/769/318 466/765/409 381/770/411
f 395/759/405 385/745/401 336/757/403
f 502/758/404 395/759/405 505/762/324
f 505/762/324 395/759/405 466/765/409
f 351/747/319 417/769/318 381/770/411
f 381/770/411 466/765/409 395/759/405
f 351/747/319 381/770/411 304/743/400
f 381/770/411 395/759/405 336/757/403
f 381/770/411 336/757/403 304/743/400
f 337/771/212 393/772/412 359/773/413
f 337/774/212 338/775/210 393/776/412
f 397/777/392 421/778/414 393/776/412
f 397/777/392 436/779/397 421/778/414
f 335/754/298 232/780/307 273/781/389
f 386/782/229 335/783/298 273/784/389
f 386/785/229 267/786/390 394/787/214
f 267/786/390 393/788/412 394/787/214
f 338/789/210 394/787/214 393/788/412
f 397/777/392 393/776/412 267/790/390
f 386/791/229 465/375/106 431/71/51
f 427/792/303 367/793/305 484/794/402
f 578/795/415 585/796/416 484/794/402
f 477/797/417 427/792/303 484/794/402
f 477/797/417 325/798/304 427/792/303
f 325/798/304 477/797/417 562/799/398
f 477/797/417 582/800/418 562/799/398
f 562/799/398 608/801/419 610/802/420
f 578/803/415 554/804/406 610/802/420
f 608/801/419 585/805/416 610/802/420
f 585/805/416 578/803/415 610/802/420
f 608/801/419 562/799/398 587/806/421
f 421/807/414 359/808/413 393/809/412
f 373/810/422 359/808/413 421/807/414
f 421/807/414 494/811/423 498/812/424
f 498/812/424 373/810/422 421/807/414
f 412/813/425 373/810/422 498/812/424
f 626/814/426 617/815/427 651/816/428
f 494/811/423 617/815/427 626/814/426
f 498/812/424 494/811/423 552/817/429
f 570/818/430 552/817/429 494/811/423
f 552/817/429 570/818/430 605/819/431
f 552/817/429 605/819/431 577/820/432
f 605/819/431 570/818/430 494/811/423
f 626/814/426 605/819/431 494/811/423
f 445/566/312 458/568/314 516/821/410
f 458/568/314 450/569/315 486/822/323
f 458/568/314 486/822/323 516/821/410
f 450/569/315 426/823/310 486/822/323
f 516/821/410 467/571/317 445/566/312
f 466/765/409 516/767/410 486/766/323
f 505/762/324 434/824/311 566/764/321
f 466/765/409 417/769/318 467/768/317
f 569/825/433 421/826/414 436/827/397
f 569/825/433 557/828/399 600/829/434
f 600/829/434 592/830/435 614/831/436
f 630/832/437 614/831/436 592/830/435
f 694/833/438 768/834/439 630/832/437
f 484/746/402 502/758/404 554/760/406
f 578/835/415 484/746/402 554/760/406
f 569/836/433 436/738/397 557/741/399
f 69/837/440 73/838/441 98/839/442
f 76/840/443 69/837/440 98/839/442
f 98/839/442 73/838/441 128/841/444
f 76/840/443 179/842/445 188/843/446
f 69/837/440 79/844/447 84/845/448
f 69/837/440 61/846/449 79/844/447
f 196/847/450 118/848/451 259/849/452
f 196/847/450 84/845/448 118/848/451
f 84/845/448 196/847/450 113/850/453
f 205/851/454 113/850/453 277/852/455
f 118/848/451 84/845/448 79/844/447
f 84/845/448 113/850/453 102/853/456
f 94/854/457 116/855/458 85/856/459
f 85/856/459 121/857/460 103/858/461
f 178/859/462 140/860/463 103/858/461
f 138/861/464 178/859/462 103/858/461
f 188/862/446 178/859/462 138/861/464
f 103/858/461 140/860/463 129/863/465
f 103/858/461 129/863/465 99/864/466
f 103/858/461 99/864/466 85/856/459
f 87/865/467 120/866/468 94/867/457
f 99/868/466 119/869/469 87/865/467
f 87/865/467 119/869/469 120/866/468
f 183/870/470 120/866/468 119/869/469
f 219/871/471 120/866/468 183/870/470
f 120/866/468 219/871/471 186/872/472
f 186/872/472 94/867/457 120/866/468
f 186/872/472 149/873/473 94/867/457
f 98/874/442 183/870/470 76/875/443
f 183/870/470 98/876/442 219/871/471
f 219/871/471 98/876/442 296/877/474
f 98/876/442 128/878/444 296/877/474
f 296/877/474 276/879/475 219/871/471
f 219/871/471 276/879/475 293/880/476
f 87/865/467 85/881/459 99/868/466
f 99/868/466 129/882/465 133/883/477
f 99/868/466 133/883/477 125/884/478
f 99/868/466 125/884/478 119/869/469
f 119/869/469 125/884/478 183/870/470
f 179/885/445 183/870/470 125/884/478
f 133/883/477 179/885/445 125/884/478
f 211/886/479 133/883/477 129/882/465
f 179/885/445 133/883/477 211/886/479
f 211/886/479 188/887/446 179/885/445
f 76/875/443 183/870/470 179/885/445
f 188/887/446 211/886/479 178/888/462
f 61/846/449 69/837/440 76/840/443
f 139/889/480 146/890/481 152/891/153
f 146/890/481 192/892/168 161/893/151
f 146/890/481 161/893/151 152/891/153
f 204/894/482 149/895/473 152/891/153
f 209/896/483 158/897/484 182/898/485
f 152/891/153 182/898/485 158/897/484
f 152/891/153 158/897/484 139/889/480
f 209/896/483 296/899/474 298/900/486
f 158/897/484 209/896/483 231/901/487
f 139/889/480 158/897/484 153/902/488
f 153/902/488 141/903/489 139/889/480
f 116/855/458 94/854/457 149/904/473
f 116/855/458 149/904/473 204/905/482
f 212/906/490 116/855/458 204/905/482
f 116/855/458 121/857/460 85/856/459
f 116/855/458 212/906/490 193/907/491
f 121/857/460 116/855/458 193/907/491
f 102/853/456 205/851/454 135/908/492
f 102/853/456 135/908/492 73/838/441
f 84/845/448 102/853/456 73/838/441
f 128/841/444 73/838/441 135/908/492
f 271/909/493 128/841/444 135/908/492
f 366/910/494 271/909/493 451/911/495
f 451/911/495 271/909/493 444/912/496
f 340/913/497 444/912/496 271/909/493
f 291/914/498 355/915/499 205/851/454
f 340/913/497 205/851/454 355/915/499
f 205/851/454 340/913/497 252/916/500
f 135/908/492 252/916/500 271/909/493
f 152/917/153 159/918/152 203/919/161
f 227/920/501 152/917/153 203/919/161
f 359/921/413 253/922/502 337/923/212
f 312/924/503 337/923/212 253/922/502
f 253/922/502 359/921/413 373/925/422
f 253/922/502 151/926/504 286/927/505
f 253/922/502 286/927/505 312/924/503
f 337/923/212 312/924/503 307/928/211
f 312/924/503 317/929/506 227/920/501
f 241/930/507 300/931/508 372/932/509
f 227/920/501 212/933/490 204/934/482
f 227/920/501 204/934/482 152/917/153
f 227/920/501 203/919/161 307/928/211
f 182/898/485 152/891/153 186/935/472
f 182/898/485 296/899/474 209/896/483
f 276/936/475 296/899/474 182/898/485
f 293/937/476 276/936/475 182/898/485
f 255/938/510 182/898/485 186/935/472
f 129/863/465 140/860/463 211/939/479
f 140/860/463 178/859/462 211/939/479
f 138/861/464 177/940/511 188/862/446
f 188/862/446 177/940/511 222/941/512
f 112/942/513 202/943/514 109/944/515
f 187/945/516 251/946/517 339/947/518
f 188/948/446 251/946/517 187/945/516
f 339/947/518 358/949/519 187/945/516
f 102/853/456 113/850/453 205/851/454
f 196/847/450 277/852/455 113/850/453
f 196/847/450 259/849/452 277/852/455
f 157/950/130 174/951/150 233/952/201
f 233/952/201 174/951/150 257/953/202
f 233/952/201 330/954/187 279/955/186
f 401/956/223 330/954/187 257/953/202
f 257/953/202 330/954/187 233/952/201
f 257/953/202 174/951/150 230/957/167
f 342/958/169 192/892/168 275/959/520
f 167/960/521 146/890/481 141/903/489
f 146/961/481 275/962/520 192/963/168
f 167/964/521 141/965/489 245/966/522
f 245/966/522 292/967/523 347/968/524
f 292/967/523 410/969/525 347/968/524
f 347/968/524 275/962/520 245/966/522
f 275/962/520 490/970/526 415/971/527
f 167/964/521 245/966/522 146/961/481
f 146/961/481 245/966/522 275/962/520
f 227/920/501 307/928/211 312/924/503
f 186/872/472 219/871/471 255/972/510
f 293/880/476 255/972/510 219/871/471
f 235/973/528 220/974/529 258/975/530
f 324/976/531 258/975/530 384/977/532
f 418/978/533 384/977/532 221/979/534
f 221/979/534 384/977/532 258/975/530
f 220/974/529 221/979/534 258/975/530
f 221/979/534 333/980/535 418/981/533
f 221/979/534 231/982/487 333/980/535
f 231/901/487 221/983/534 158/897/484
f 220/984/529 153/902/488 221/983/534
f 221/983/534 153/902/488 158/897/484
f 231/901/487 209/896/483 298/900/486
f 112/942/513 187/945/516 202/943/514
f 118/985/451 79/986/447 191/987/536
f 118/985/451 191/987/536 259/988/452
f 229/989/537 235/990/528 332/991/538
f 235/990/528 324/992/531 332/991/538
f 229/989/537 332/991/538 292/993/523
f 410/994/525 292/993/523 332/991/538
f 410/994/525 332/991/538 324/992/531
f 384/995/532 410/994/525 324/992/531
f 258/996/530 324/992/531 235/990/528
f 235/990/528 153/997/488 220/998/529
f 229/989/537 141/999/489 153/997/488
f 141/999/489 229/989/537 245/1000/522
f 292/993/523 245/1000/522 229/989/537
f 255/938/510 293/937/476 182/898/485
f 317/1001/506 212/1002/490 227/1003/501
f 312/1004/503 375/1005/539 369/1006/540
f 317/1001/506 288/1007/541 212/1002/490
f 317/1001/506 369/1006/540 339/1008/518
f 317/1001/506 251/1009/517 222/1010/512
f 317/1001/506 222/1010/512 288/1007/541
f 214/1011/542 288/1007/541 222/1010/512
f 188/1012/446 222/1010/512 251/1013/517
f 222/1010/512 177/1014/511 214/1011/542
f 298/1015/486 333/1016/535 231/1017/487
f 333/1016/535 366/1018/494 400/1019/543
f 422/1020/544 333/1016/535 400/1019/543
f 398/1021/545 432/1022/546 422/1020/544
f 398/1021/545 422/1020/544 400/1019/543
f 400/1019/543 428/1023/547 398/1021/545
f 366/1018/494 428/1023/547 400/1019/543
f 398/1021/545 428/1023/547 432/1022/546
f 432/1022/546 459/1024/548 448/1025/549
f 432/1022/546 479/1026/550 422/1020/544
f 479/1026/550 432/1022/546 415/971/527
f 490/970/526 418/1027/533 415/971/527
f 448/1028/549 415/971/527 432/1022/546
f 418/1027/533 479/1026/550 415/971/527
f 479/1026/550 418/1027/533 333/1016/535
f 333/1016/535 422/1020/544 479/1026/550
f 340/913/497 271/909/493 252/916/500
f 298/1015/486 366/1018/494 333/1016/535
f 298/1015/486 128/1029/444 366/1018/494
f 271/909/493 366/910/494 128/841/444
f 259/988/452 191/987/536 282/1030/551
f 282/1030/551 355/1031/499 259/988/452
f 259/988/452 355/1031/499 277/1032/455
f 277/1032/455 355/1031/499 291/1033/498
f 109/944/515 282/1030/551 191/987/536
f 109/944/515 191/987/536 79/986/447
f 358/949/519 109/944/515 202/943/514
f 358/949/519 353/1034/552 109/944/515
f 187/945/516 358/949/519 202/943/514
f 448/1035/549 455/1036/220 342/1037/169
f 448/1035/549 342/1037/169 415/1038/527
f 342/1037/169 275/1039/520 415/1038/527
f 358/949/519 339/947/518 353/1034/552
f 444/1040/496 353/1034/552 339/947/518
f 339/947/518 451/1041/495 444/1040/496
f 459/1042/548 455/1036/220 448/1035/549
f 495/390/226 455/1036/220 459/1042/548
f 493/1043/553 556/1044/554 522/391/228
f 493/1045/553 522/391/228 459/1042/548
f 459/1042/548 522/391/228 495/390/226
f 459/1046/548 432/1047/546 493/1048/553
f 447/1049/555 493/1048/553 451/1050/495
f 447/1049/555 369/1051/540 438/1052/556
f 339/1053/518 369/1051/540 447/1049/555
f 447/1049/555 451/1050/495 339/1053/518
f 428/1054/547 451/1050/495 493/1048/553
f 428/1054/547 493/1048/553 432/1047/546
f 347/968/524 410/969/525 384/1055/532
f 347/968/524 384/1055/532 418/1027/533
f 418/1027/533 490/970/526 347/968/524
f 347/968/524 490/970/526 275/962/520
f 428/1023/547 366/1018/494 451/1056/495
f 580/1057/557 584/1058/558 485/1059/559
f 580/1060/557 485/1059/559 565/1061/560
f 485/1059/559 584/1058/558 539/1062/561
f 485/1059/559 539/1062/561 493/1063/553
f 485/1059/559 493/1063/553 438/1064/556
f 447/1065/555 438/1064/556 493/1063/553
f 506/1066/246 527/1067/247 601/1068/562
f 529/451/240 524/1069/563 550/452/251
f 575/1070/564 613/1071/565 524/1069/563
f 613/1071/565 636/1072/566 524/1069/563
f 560/1073/567 506/1066/246 601/1068/562
f 612/1074/568 560/1073/567 601/1068/562
f 560/1073/567 612/1074/568 663/1075/569
f 560/1073/567 663/1075/569 603/1076/570
f 603/1076/570 575/1070/564 560/1073/567
f 575/1070/564 524/1069/563 520/1077/571
f 560/1073/567 575/1070/564 520/1077/571
f 506/1066/246 520/1077/571 524/1069/563
f 506/1066/246 524/1069/563 529/451/240
f 520/1077/571 506/1066/246 560/1073/567
f 112/942/513 61/1078/449 187/945/516
f 76/1079/443 187/945/516 61/1078/449
f 112/942/513 109/944/515 61/1078/449
f 61/1078/449 109/944/515 79/986/447
f 135/908/492 205/851/454 252/916/500
f 355/1031/499 353/1034/552 340/1080/497
f 444/1040/496 340/1080/497 353/1034/552
f 282/1030/551 109/944/515 353/1034/552
f 355/1031/499 282/1030/551 353/1034/552
f 38/1081/572 53/1082/381 20/1083/345
f 38/1081/572 14/1084/341 24/1085/344
f 14/1084/341 38/1081/572 20/1083/345
f 63/1086/375 108/1087/376 136/1088/386
f 63/1086/375 70/1089/573 24/1085/344
f 70/1089/573 38/1081/572 24/1085/344
f 63/1086/375 136/1088/386 70/1089/573
f 136/1088/386 108/1087/376 181/1090/379
f 101/1091/337 213/1092/396 165/1093/380
f 101/1091/337 208/1094/339 213/1092/396
f 213/1092/396 269/1095/393 130/1096/383
f 213/1092/396 130/1096/383 70/1089/573
f 53/1082/381 38/1081/572 70/1089/573
f 134/1097/574 131/1098/575 151/1099/504
f 199/1100/576 217/1101/577 215/1102/578
f 240/1103/579 215/1102/578 217/1101/577
f 155/1104/580 240/1103/579 169/1105/581
f 169/1105/581 240/1103/579 217/1101/577
f 169/1105/581 217/1101/577 199/1100/576
f 155/1104/580 169/1105/581 134/1097/574
f 169/1105/581 160/1106/582 134/1097/574
f 160/1106/582 131/1098/575 134/1097/574
f 160/1106/582 148/1107/583 131/1098/575
f 131/1098/575 148/1107/583 151/1108/504
f 134/1097/574 176/1109/584 155/1104/580
f 121/1110/460 177/1111/511 138/1112/464
f 103/1113/461 121/1110/460 138/1112/464
f 176/1114/584 151/926/504 253/922/502
f 176/1114/584 266/1115/585 155/1116/580
f 176/1114/584 134/1117/574 151/926/504
f 241/1118/507 151/1119/504 148/1120/583
f 206/1121/586 148/1120/583 160/1122/582
f 148/1120/583 206/1121/586 241/1118/507
f 206/1121/586 215/1123/578 300/1124/508
f 300/1124/508 297/1125/587 372/1126/509
f 300/1124/508 241/1118/507 206/1121/586
f 199/1100/576 160/1106/582 169/1105/581
f 206/1127/586 160/1106/582 215/1102/578
f 199/1100/576 215/1102/578 160/1106/582
f 214/1011/542 121/1128/460 193/1129/491
f 288/1007/541 214/1011/542 212/1002/490
f 214/1011/542 193/1130/491 212/1002/490
f 286/927/505 151/926/504 241/930/507
f 253/922/502 266/1115/585 176/1114/584
f 297/1131/587 266/1115/585 372/1132/509
f 266/1115/585 412/1133/425 372/1132/509
f 412/1133/425 266/1115/585 373/925/422
f 373/925/422 266/1115/585 253/922/502
f 375/1134/539 312/924/503 286/927/505
f 375/1134/539 286/927/505 241/930/507
f 312/1004/503 369/1006/540 317/1001/506
f 240/1135/579 297/1125/587 215/1136/578
f 300/1124/508 215/1136/578 297/1125/587
f 369/1137/540 375/1138/539 389/1139/588
f 389/1139/588 375/1138/539 383/1140/589
f 438/1141/556 389/1139/588 464/1142/590
f 361/1143/591 383/1140/589 391/1144/592
f 399/1145/593 391/1144/592 383/1140/589
f 309/1146/594 310/1147/595 361/1143/591
f 309/1146/594 361/1143/591 391/1144/592
f 361/1143/591 389/1139/588 383/1140/589
f 430/1148/596 389/1139/588 361/1143/591
f 389/1139/588 430/1148/596 487/1149/597
f 389/1139/588 487/1149/597 464/1142/590
f 383/1140/589 375/1150/539 399/1145/593
f 375/1150/539 420/1151/598 399/1145/593
f 399/1152/593 420/1151/598 463/1153/599
f 420/1154/598 412/813/425 463/1155/599
f 412/813/425 498/812/424 463/1155/599
f 521/1156/600 637/1157/601 716/1158/602
f 717/1159/603 637/1157/601 670/1160/604
f 655/1161/605 746/1162/606 670/1160/604
f 741/1163/607 655/1161/605 666/1164/608
f 579/1165/609 637/1157/601 521/1156/600
f 579/1165/609 521/1156/600 498/812/424
f 637/1157/601 579/1165/609 670/1160/604
f 498/812/424 552/817/429 577/820/432
f 577/820/432 579/1165/609 498/812/424
f 579/1165/609 577/820/432 655/1161/605
f 485/1166/559 438/1167/556 464/1168/590
f 438/1167/556 369/1169/540 389/1170/588
f 420/1171/598 372/1172/509 412/1173/425
f 375/1174/539 372/1172/509 420/1171/598
f 372/1172/509 375/1174/539 241/1175/507
f 361/1143/591 328/1176/610 430/1148/596
f 379/1177/611 433/1178/612 315/1179/613
f 439/1180/614 379/1177/611 334/1181/615
f 334/1181/615 379/1177/611 305/1182/616
f 305/1182/616 379/1177/611 315/1179/613
f 305/1182/616 315/1179/613 310/1147/595
f 334/1181/615 305/1182/616 310/1147/595
f 399/1183/593 419/1184/617 391/1185/592
f 419/1184/617 309/1186/594 391/1185/592
f 309/1186/594 419/1184/617 461/1187/618
f 419/1184/617 491/1188/619 461/1187/618
f 419/1184/617 399/1183/593 483/1189/620
f 521/1156/600 463/1155/599 498/812/424
f 463/1155/599 521/1156/600 525/1190/621
f 483/1189/620 463/1191/599 525/1192/621
f 525/1192/621 544/1193/622 483/1189/620
f 399/1183/593 463/1191/599 483/1189/620
f 553/1194/623 518/1195/624 508/1196/625
f 544/1193/622 553/1194/623 533/1197/626
f 544/1193/622 533/1197/626 483/1189/620
f 491/1188/619 483/1189/620 533/1197/626
f 533/1197/626 594/1198/627 491/1188/619
f 532/1199/628 464/1200/590 518/1201/624
f 518/1201/624 464/1200/590 508/1202/625
f 464/1200/590 487/1203/597 508/1202/625
f 532/1204/628 544/1205/622 525/1206/621
f 532/1204/628 518/1207/624 544/1205/622
f 574/1208/629 508/1209/625 532/1210/628
f 574/1208/629 553/1211/623 508/1209/625
f 525/1212/621 574/1208/629 532/1210/628
f 487/1213/597 565/1214/560 508/1215/625
f 565/1214/560 487/1213/597 604/1216/630
f 648/1217/631 565/1214/560 604/1216/630
f 787/1218/632 828/1219/633 854/1220/634
f 854/1220/634 828/1219/633 783/1221/635
f 828/1219/633 787/1218/632 648/1217/631
f 648/1217/631 604/1216/630 828/1219/633
f 874/1222/636 828/1219/633 604/1216/630
f 828/1219/633 874/1222/636 896/1223/637
f 783/1221/635 828/1219/633 896/1223/637
f 548/1224/638 487/1225/597 430/1226/596
f 641/1227/639 645/1228/640 632/1229/641
f 594/1230/627 664/1231/642 645/1228/640
f 594/1230/627 645/1228/640 641/1227/639
f 594/1230/627 641/1227/639 609/1232/643
f 491/1233/619 594/1230/627 536/1234/644
f 536/1234/644 594/1230/627 609/1232/643
f 536/1234/644 555/1235/645 501/1236/646
f 446/1237/647 555/1235/645 534/1238/648
f 669/1239/649 555/1235/645 677/1240/650
f 609/1232/643 677/1240/650 555/1235/645
f 555/1235/645 536/1234/644 609/1232/643
f 310/1147/595 309/1146/594 303/1241/651
f 310/1147/595 315/1179/613 328/1176/610
f 361/1143/591 310/1147/595 328/1176/610
f 303/1242/651 309/1186/594 352/1243/652
f 380/1244/653 352/1243/652 446/1245/647
f 352/1243/652 501/1246/646 446/1245/647
f 501/1246/646 352/1243/652 461/1187/618
f 461/1187/618 352/1243/652 309/1186/594
f 461/1187/618 536/1247/644 501/1246/646
f 501/1246/646 555/1248/645 446/1245/647
f 446/1245/647 534/1249/648 500/1250/654
f 500/1250/654 534/1249/648 545/1251/655
f 507/1252/656 545/1251/655 590/1253/657
f 334/1254/615 310/1255/595 380/1244/653
f 310/1255/595 303/1242/651 352/1243/652
f 310/1255/595 352/1243/652 380/1244/653
f 500/1250/654 545/1251/655 408/1256/658
f 380/1244/653 446/1245/647 408/1256/658
f 408/1256/658 446/1245/647 500/1250/654
f 545/1251/655 414/1257/659 408/1256/658
f 545/1251/655 507/1252/656 414/1257/659
f 507/1252/656 590/1253/657 537/1258/660
f 439/1259/614 414/1260/659 440/1261/661
f 440/1261/661 414/1260/659 507/1262/656
f 439/1259/614 334/1263/615 414/1260/659
f 440/1261/661 507/1262/656 537/1264/660
f 440/1261/661 537/1264/660 439/1259/614
f 414/1257/659 334/1265/615 408/1256/658
f 334/1265/615 380/1244/653 408/1256/658
f 430/1226/596 328/1266/610 548/1224/638
f 328/1266/610 433/1267/612 548/1224/638
f 548/1224/638 433/1267/612 453/1268/662
f 419/1184/617 483/1189/620 491/1188/619
f 491/1188/619 536/1247/644 461/1187/618
f 433/1267/612 379/1269/611 453/1268/662
f 548/1224/638 453/1268/662 632/1229/641
f 632/1229/641 453/1268/662 669/1239/649
f 537/1264/660 669/1239/649 453/1268/662
f 439/1259/614 537/1264/660 453/1268/662
f 439/1259/614 453/1268/662 379/1269/611
f 595/125/90 586/121/86 573/117/82
f 573/117/82 583/116/81 597/1270/233
f 573/117/82 597/1270/233 595/125/90
f 619/124/89 595/125/90 607/1271/663
f 452/1272/66 588/1273/97 622/1274/95
f 733/1275/664 452/1272/66 622/1274/95
f 733/1275/664 622/1274/95 776/1276/665
f 776/1276/665 622/1274/95 735/1277/666
f 776/1276/665 832/1278/667 815/1279/668
f 765/1280/669 759/1281/670 724/1282/671
f 765/1280/669 724/1282/671 752/1283/672
f 765/1280/669 452/1284/66 795/1285/673
f 452/1284/66 765/1280/669 752/1283/672
f 765/1280/669 795/1285/673 798/1286/674
f 776/1276/665 798/1286/674 733/1275/664
f 657/135/99 622/130/95 667/129/94
f 657/1287/99 799/1288/675 720/1289/100
f 658/1290/98 720/1289/100 767/1291/676
f 767/1291/676 735/1277/666 658/1290/98
f 658/1290/98 735/1277/666 622/1274/95
f 776/1276/665 735/1277/666 832/1278/667
f 922/1292/677 815/1279/668 832/1278/667
f 880/1293/678 815/1279/668 922/1292/677
f 840/1294/679 897/1295/680 735/1277/666
f 735/1277/666 897/1295/680 934/1296/681
f 934/1296/681 832/1278/667 735/1277/666
f 742/1297/682 667/129/94 714/128/93
f 774/1298/683 776/1276/665 815/1279/668
f 776/1276/665 765/1280/669 798/1286/674
f 776/1276/665 774/1298/683 765/1280/669
f 759/1281/670 765/1280/669 725/1299/684
f 765/1280/669 774/1298/683 725/1299/684
f 841/1300/685 897/1295/680 840/1294/679
f 840/1294/679 735/1277/666 767/1291/676
f 714/1301/93 774/1298/683 818/1302/686
f 774/1298/683 815/1279/668 818/1302/686
f 725/1303/684 824/1304/687 795/1305/673
f 824/1304/687 823/1306/688 795/1305/673
f 795/1305/673 759/1307/670 725/1303/684
f 708/1308/689 715/1309/690 727/1310/691
f 727/1310/691 759/1307/670 795/1305/673
f 800/1311/692 727/1310/691 795/1305/673
f 800/1311/692 752/1312/672 727/1310/691
f 799/1313/675 916/1314/693 841/1315/685
f 1026/1316/694 880/1317/678 922/1318/677
f 1024/1319/695 1030/1320/696 1026/1316/694
f 764/1321/697 799/1313/675 657/1322/99
f 714/1323/93 698/1324/92 794/1325/698
f 796/1326/699 794/1325/698 865/1327/700
f 824/1328/687 796/1326/699 865/1327/700
f 796/1326/699 824/1329/687 785/1330/701
f 724/1331/671 671/1332/702 708/1333/689
f 724/1331/671 727/1334/691 671/1332/702
f 726/1335/703 671/1332/702 725/1336/684
f 727/1334/691 725/1336/684 671/1332/702
f 785/1337/701 824/1338/687 725/1339/684
f 862/1340/704 853/1341/705 785/1337/701
f 862/1340/704 785/1337/701 778/1342/706
f 778/1342/706 785/1337/701 715/1343/690
f 774/1344/683 794/1325/698 725/1336/684
f 725/1336/684 794/1325/698 796/1326/699
f 671/1332/702 726/1335/703 653/1345/219
f 736/1346/707 778/1347/706 705/1348/708
f 829/1349/709 778/1347/706 736/1346/707
f 882/1350/710 823/1351/688 915/1352/711
f 882/1350/710 915/1352/711 958/1353/712
f 991/1354/713 958/1353/712 915/1352/711
f 991/1354/713 968/1355/714 977/1356/715
f 991/1354/713 977/1356/715 958/1353/712
f 939/1357/716 977/1356/715 968/1355/714
f 977/1356/715 882/1350/710 958/1353/712
f 882/1350/710 893/1358/717 806/1359/296
f 806/1359/296 733/1360/664 882/1350/710
f 720/1289/100 799/1288/675 767/1291/676
f 841/1300/685 840/1294/679 767/1291/676
f 767/1291/676 799/1288/675 841/1300/685
f 915/1352/711 823/1351/688 824/1361/687
f 818/1302/686 815/1279/668 880/1293/678
f 824/1361/687 907/1362/718 915/1352/711
f 832/1278/667 934/1296/681 922/1292/677
f 916/1314/693 897/1363/680 841/1315/685
f 916/1314/693 934/1364/681 897/1363/680
f 1029/1365/719 934/1364/681 916/1314/693
f 999/1366/720 1029/1365/719 916/1314/693
f 934/1364/681 1029/1365/719 1024/1319/695
f 916/1314/693 799/1313/675 914/1367/721
f 916/1314/693 914/1367/721 999/1366/720
f 1024/1319/695 1026/1316/694 922/1318/677
f 922/1318/677 934/1364/681 1024/1319/695
f 583/1368/81 559/1369/80 531/1370/230
f 583/1368/81 531/1370/230 597/1371/233
f 595/1372/90 597/1373/233 607/1374/663
f 607/1374/663 597/1373/233 624/1375/235
f 558/1376/218 563/1377/113 457/1378/114
f 572/1379/252 621/1380/722 492/445/224
f 621/1380/722 527/441/247 492/445/224
f 638/442/248 693/1381/723 749/443/249
f 740/1382/724 749/443/249 693/1381/723
f 480/455/215 546/446/227 629/448/216
f 619/1383/89 607/1384/663 634/1385/91
f 607/1384/663 624/1386/235 634/1385/91
f 674/1387/725 634/1385/91 624/1386/235
f 597/406/233 606/405/232 624/408/235
f 563/1388/113 623/1389/726 542/1390/111
f 653/1391/219 633/1392/727 623/1389/726
f 623/1389/726 633/1392/727 542/1390/111
f 542/1393/111 633/1394/727 572/1395/252
f 611/1396/217 629/1397/216 633/1394/727
f 633/1394/727 629/1397/216 572/1395/252
f 631/1398/728 629/1397/216 643/1399/250
f 693/1400/723 631/1398/728 719/1401/729
f 693/1400/723 638/1402/248 631/1398/728
f 631/1398/728 638/1402/248 621/1403/722
f 621/1403/722 572/1395/252 631/1398/728
f 631/1398/728 572/1395/252 629/1397/216
f 631/1398/728 643/1399/250 772/1404/730
f 631/1398/728 772/1404/730 719/1401/729
f 649/432/243 591/430/242 576/429/241
f 649/432/243 739/434/244 606/433/232
f 649/432/243 576/429/241 713/1405/731
f 634/1385/91 760/1406/732 698/1407/92
f 674/1387/725 760/1406/732 634/1385/91
f 760/1406/732 674/1387/725 700/1408/733
f 868/1409/734 830/1410/735 981/1411/736
f 868/1409/734 981/1412/736 931/1413/737
f 894/1414/738 868/1409/734 931/1413/737
f 624/1415/235 700/1416/733 674/1417/725
f 722/1418/245 680/1419/739 654/1420/234
f 700/1421/733 624/1422/235 680/1419/739
f 624/1423/235 654/1420/234 680/1419/739
f 750/1424/740 649/1425/243 713/1426/731
f 693/1427/723 739/1428/244 750/1424/740
f 722/1418/245 739/1428/244 693/1427/723
f 693/1427/723 750/1424/740 740/1429/724
f 713/1430/731 576/1431/241 673/1432/741
f 550/1433/251 636/1434/566 673/1432/741
f 550/1433/251 524/1435/563 636/1434/566
f 636/1434/566 613/1436/565 644/1437/742
f 613/1436/565 599/1438/743 644/1437/742
f 679/1439/744 636/1434/566 644/1437/742
f 713/1430/731 673/1432/741 770/1440/745
f 636/1434/566 770/1441/745 673/1432/741
f 739/1428/244 649/1425/243 750/1424/740
f 722/1442/245 693/1443/723 802/1444/746
f 749/1445/249 740/1446/724 812/1447/747
f 527/1448/247 749/1445/249 601/1449/562
f 601/1450/562 749/1445/249 612/1451/568
f 663/1452/569 612/1451/568 749/1445/249
f 749/1445/249 812/1447/747 663/1452/569
f 812/1447/747 740/1446/724 750/1453/740
f 730/1454/748 636/1455/566 679/1456/744
f 730/1454/748 679/1457/744 642/1458/749
f 730/1454/748 642/1458/749 663/1452/569
f 636/1455/566 730/1454/748 770/1459/745
f 730/1454/748 812/1447/747 770/1459/745
f 812/1447/747 730/1454/748 663/1452/569
f 750/1453/740 770/1459/745 812/1447/747
f 770/1459/745 750/1453/740 713/1460/731
f 816/1461/750 772/1462/730 723/1463/751
f 816/1461/750 723/1463/751 906/1464/752
f 818/1465/686 742/1466/682 714/1467/93
f 764/1468/697 742/1466/682 858/1469/753
f 954/1470/754 920/1471/755 925/1472/756
f 920/1471/755 911/1473/757 925/1472/756
f 858/1469/753 911/1473/757 764/1474/697
f 764/1474/697 911/1473/757 920/1471/755
f 914/1475/721 764/1474/697 920/1471/755
f 979/1476/758 999/1477/720 914/1475/721
f 914/1475/721 920/1471/755 979/1476/758
f 818/1465/686 872/1478/759 742/1466/682
f 818/1465/686 987/1479/760 951/1480/761
f 987/1479/760 818/1465/686 880/1481/678
f 880/1481/678 1026/1482/694 987/1479/760
f 987/1479/760 1026/1482/694 1030/1483/696
f 818/1465/686 951/1480/761 872/1478/759
f 774/1344/683 714/1323/93 794/1325/698
f 742/1484/682 764/1485/697 657/1322/99
f 722/1442/245 802/1444/746 680/1486/739
f 802/1444/746 831/1487/762 680/1486/739
f 831/1487/762 802/1444/746 846/1488/763
f 846/1488/763 802/1444/746 904/1489/764
f 831/1487/762 700/1490/733 680/1486/739
f 950/1491/765 949/1492/766 904/1489/764
f 836/1493/767 950/1491/765 802/1444/746
f 802/1444/746 950/1491/765 904/1489/764
f 802/1444/746 693/1443/723 836/1493/767
f 719/1494/729 836/1493/767 693/1443/723
f 794/1495/698 698/1407/92 868/1409/734
f 868/1409/734 865/1496/700 794/1495/698
f 868/1409/734 894/1414/738 865/1496/700
f 868/1409/734 698/1407/92 830/1410/735
f 760/1406/732 830/1410/735 698/1407/92
f 858/1469/753 742/1466/682 872/1478/759
f 911/1473/757 930/1497/768 925/1472/756
f 930/1497/768 911/1473/757 921/1498/769
f 873/1499/770 726/1500/703 788/1501/771
f 853/1502/705 908/1503/772 788/1501/771
f 788/1501/771 908/1503/772 873/1499/770
f 726/1504/703 875/1505/773 801/1506/774
f 801/1506/774 885/1507/775 903/1508/776
f 937/1509/777 903/1508/776 885/1507/775
f 903/1508/776 937/1509/777 949/1510/766
f 726/1504/703 908/1511/772 875/1505/773
f 929/1512/778 875/1505/773 927/1513/779
f 927/1513/779 875/1505/773 908/1511/772
f 980/1514/780 929/1512/778 927/1513/779
f 980/1514/780 931/1515/737 981/1516/736
f 682/1517/781 801/1506/774 690/1518/782
f 682/1517/781 726/1504/703 801/1506/774
f 653/1519/219 682/1517/781 633/1520/727
f 846/1488/763 700/1490/733 831/1487/762
f 914/1367/721 799/1313/675 764/1321/697
f 907/1521/718 824/1522/687 935/1523/783
f 824/1522/687 865/1524/700 935/1523/783
f 907/1521/718 991/1525/713 915/1526/711
f 1012/1527/784 907/1521/718 935/1523/783
f 1012/1527/784 935/1523/783 1002/1528/785
f 1002/1528/785 931/1529/737 980/1530/780
f 931/1529/737 1002/1528/785 935/1523/783
f 921/1498/769 872/1478/759 951/1480/761
f 987/1479/760 921/1498/769 951/1480/761
f 993/1531/786 987/1479/760 1030/1483/696
f 921/1498/769 987/1479/760 993/1531/786
f 1025/1532/787 993/1531/786 1030/1483/696
f 908/1511/772 726/1504/703 873/1533/770
f 957/1534/788 948/1535/789 909/1536/790
f 846/1488/763 909/1536/790 700/1490/733
f 909/1536/790 846/1488/763 957/1534/788
f 957/1534/788 846/1488/763 959/1537/791
f 904/1489/764 959/1537/791 846/1488/763
f 959/1537/791 990/1538/792 957/1534/788
f 957/1534/788 990/1538/792 1020/1539/793
f 990/1538/792 959/1537/791 966/1540/794
f 949/1492/766 962/1541/795 955/1542/796
f 964/1543/797 903/1544/776 949/1492/766
f 949/1492/766 1010/1545/798 964/1543/797
f 888/1546/799 903/1547/776 964/1543/797
f 942/1548/800 885/1507/775 875/1505/773
f 1007/1549/801 929/1512/778 1015/1550/802
f 875/1505/773 929/1512/778 1007/1549/801
f 942/1548/800 875/1505/773 1007/1549/801
f 942/1548/800 937/1509/777 885/1507/775
f 930/1551/768 947/1552/803 925/1553/756
f 920/1554/755 954/1555/754 979/1556/758
f 999/1557/720 979/1556/758 1029/1558/719
f 947/1552/803 930/1551/768 945/1559/804
f 945/1559/804 930/1551/768 921/1560/769
f 1030/1561/696 1024/1562/695 1029/1558/719
f 1025/1563/787 1030/1561/696 1029/1558/719
f 945/1559/804 993/1564/786 1025/1563/787
f 1003/1565/805 1025/1563/787 1029/1558/719
f 947/1552/803 1003/1565/805 954/1555/754
f 1003/1565/805 947/1552/803 1025/1563/787
f 1003/1565/805 979/1556/758 954/1555/754
f 1003/1565/805 1029/1558/719 979/1556/758
f 865/1524/700 894/1566/738 935/1523/783
f 935/1523/783 894/1566/738 931/1529/737
f 760/1406/732 700/1408/733 909/1567/790
f 909/1568/790 948/1569/789 760/1406/732
f 760/1406/732 948/1569/789 830/1410/735
f 959/1537/791 904/1489/764 955/1542/796
f 966/1540/794 959/1537/791 956/1570/806
f 956/1570/806 959/1537/791 955/1542/796
f 955/1542/796 904/1489/764 949/1492/766
f 1010/1571/798 950/1572/765 982/1573/807
f 950/1572/765 1010/1571/798 949/1574/766
f 982/1573/807 1032/1575/808 1039/1576/809
f 1008/1577/810 996/1578/811 1000/1579/812
f 998/1580/813 1000/1579/812 996/1578/811
f 1021/1581/814 1028/1582/815 1039/1576/809
f 1028/1582/815 1021/1581/814 1013/1583/816
f 1013/1583/816 1021/1581/814 994/1584/817
f 996/1578/811 1013/1583/816 1005/1585/818
f 1008/1577/810 1013/1583/816 996/1578/811
f 1028/1582/815 1013/1583/816 1008/1577/810
f 998/1580/813 996/1578/811 1001/1586/819
f 998/1580/813 1001/1586/819 1019/1587/820
f 1001/1586/819 996/1578/811 1005/1585/818
f 1005/1585/818 994/1584/817 1001/1586/819
f 994/1584/817 886/1588/821 965/1589/822
f 886/1588/821 918/1590/823 965/1589/822
f 918/1590/823 886/1588/821 816/1591/750
f 886/1588/821 772/1592/730 816/1591/750
f 772/1592/730 886/1588/821 917/1593/824
f 917/1593/824 983/1594/825 938/1595/826
f 983/1594/825 917/1593/824 886/1588/821
f 1001/1586/819 994/1584/817 1019/1587/820
f 925/1553/756 947/1552/803 954/1555/754
f 945/1559/804 1025/1563/787 947/1552/803
f 921/1560/769 993/1564/786 945/1559/804
f 1042/1596/827 1002/1597/785 976/1598/828
f 1004/1599/829 1042/1596/827 976/1598/828
f 1036/1600/830 1004/1599/829 1006/1601/831
f 1004/1599/829 1036/1600/830 1042/1596/827
f 974/1602/832 1004/1599/829 970/1603/833
f 1017/1604/834 970/1603/833 1004/1599/829
f 1018/1605/835 970/1603/833 1017/1604/834
f 1017/1604/834 1004/1599/829 976/1598/828
f 1018/1605/835 1017/1604/834 976/1598/828
f 1002/1597/785 980/1606/780 976/1598/828
f 976/1598/828 972/1607/836 1014/1608/837
f 976/1598/828 1014/1608/837 1018/1605/835
f 955/1609/796 962/1610/795 975/1611/838
f 955/1609/796 975/1611/838 956/1612/806
f 956/1612/806 975/1611/838 989/1613/839
f 956/1612/806 989/1613/839 978/1614/840
f 978/1614/840 989/1613/839 1022/1615/841
f 978/1614/840 1022/1615/841 990/1616/792
f 989/1613/839 975/1611/838 1022/1615/841
f 1022/1615/841 975/1611/838 962/1610/795
f 1022/1615/841 1020/1617/793 990/1616/792
f 956/1612/806 978/1614/840 966/1618/794
f 978/1614/840 990/1616/792 966/1618/794
f 1033/1619/842 968/1620/714 991/1525/713
f 991/1525/713 1035/1621/843 1033/1622/842
f 907/1521/718 1012/1527/784 991/1525/713
f 1035/1621/843 1012/1527/784 1042/1623/827
f 1042/1623/827 1012/1527/784 1002/1624/785
f 986/1625/844 1006/1626/831 974/1627/832
f 1006/1626/831 986/1625/844 1027/1628/845
f 974/1627/832 970/1629/833 973/1630/846
f 974/1627/832 973/1630/846 986/1625/844
f 872/1478/759 921/1498/769 858/1469/753
f 911/1473/757 858/1469/753 921/1498/769
f 980/1514/780 981/1516/736 929/1512/778
f 950/1631/765 836/1632/767 938/1595/826
f 995/1633/847 938/1595/826 983/1594/825
f 1007/1549/801 1015/1550/802 1022/1634/841
f 981/1516/736 1020/1635/793 1015/1550/802
f 1020/1635/793 1022/1634/841 1015/1550/802
f 981/1516/736 830/1636/735 948/1637/789
f 948/1637/789 1020/1635/793 981/1516/736
f 1020/1635/793 948/1637/789 957/1638/788
f 982/1639/807 1039/1640/809 1010/1641/798
f 964/1642/797 1010/1641/798 1039/1640/809
f 1041/1643/848 964/1642/797 1039/1640/809
f 888/1644/799 964/1642/797 969/1645/849
f 969/1645/849 964/1642/797 1041/1643/848
f 1039/1640/809 1040/1646/850 1041/1643/848
f 1040/1646/850 1038/1647/851 1041/1643/848
f 969/1645/849 1041/1643/848 1038/1647/851
f 1038/1647/851 992/1648/852 969/1645/849
f 1035/1621/843 991/1525/713 1012/1527/784
f 1034/1649/853 1036/1650/830 1043/1651/854
f 1035/1652/843 1042/1653/827 1033/1654/842
f 1036/1650/830 1027/1655/845 1043/1651/854
f 1031/1656/855 1043/1651/854 1027/1655/845
f 1027/1655/845 1036/1650/830 1006/1657/831
f 625/1658/856 635/1659/857 686/1660/858
f 625/1658/856 587/1661/421 474/1662/293
f 625/1658/856 474/1662/293 635/1659/857
f 470/580/292 474/1662/293 571/578/320
f 587/1661/421 571/578/320 474/1662/293
f 608/1663/419 587/1661/421 625/1658/856
f 625/1658/856 589/1664/322 608/1663/419
f 608/1663/419 589/1664/322 585/1665/416
f 571/578/320 587/1661/421 582/1666/418
f 562/1667/398 582/1666/418 587/1661/421
f 582/1666/418 477/1668/417 484/1669/402
f 582/1666/418 484/1669/402 571/578/320
f 571/581/320 484/1670/402 585/1671/416
f 589/583/322 571/581/320 585/1671/416
f 474/1662/293 707/1672/294 635/1659/857
f 686/1660/858 635/1659/857 707/1672/294
f 625/1658/856 656/1673/859 589/1664/322
f 686/1660/858 656/1673/859 625/1658/856
f 771/1674/860 656/1673/859 686/1660/858
f 708/1333/689 671/1332/702 653/1345/219
f 708/1333/689 653/1345/219 705/1348/708
f 678/1675/861 689/1676/862 699/1677/863
f 678/1675/861 627/1678/864 689/1676/862
f 627/1678/864 678/1675/861 659/1679/865
f 699/1677/863 743/1680/866 696/1681/867
f 699/1677/863 706/1682/868 743/1680/866
f 706/1682/868 699/1677/863 689/1676/862
f 689/1676/862 627/1678/864 706/1682/868
f 589/1683/322 656/1684/859 627/1678/864
f 627/1678/864 656/1684/859 706/1682/868
f 656/1684/859 771/1685/860 743/1680/866
f 771/1685/860 773/1686/869 743/1680/866
f 797/1687/297 707/1672/294 779/1688/295
f 707/1672/294 797/1687/297 729/1689/870
f 848/1690/871 771/1674/860 797/1687/297
f 848/1690/871 847/1691/872 771/1674/860
f 686/1660/858 707/1672/294 729/1689/870
f 727/1692/691 724/1282/671 759/1281/670
f 705/1348/708 715/1693/690 708/1333/689
f 715/1693/690 705/1348/708 778/1347/706
f 686/1660/858 729/1689/870 771/1674/860
f 729/1689/870 797/1687/297 771/1674/860
f 708/1694/689 727/1695/691 752/1696/672
f 708/1694/689 752/1696/672 724/1697/671
f 806/1698/296 452/1699/66 800/1700/692
f 800/1700/692 452/1699/66 752/1701/672
f 452/1699/66 733/1702/664 795/1703/673
f 800/1704/692 795/1703/673 733/1702/664
f 806/1698/296 800/1700/692 733/1705/664
f 823/1706/688 733/1705/664 798/1707/674
f 733/1705/664 823/1706/688 882/1708/710
f 795/1709/673 823/1706/688 798/1707/674
f 829/1710/709 806/1359/296 876/1711/873
f 893/1358/717 876/1711/873 806/1359/296
f 953/1712/874 893/1358/717 882/1350/710
f 953/1712/874 939/1357/716 893/1358/717
f 876/1711/873 893/1358/717 939/1357/716
f 876/1711/873 932/1713/875 900/1714/876
f 797/1715/297 829/1710/709 736/1716/707
f 876/1711/873 778/1717/706 829/1710/709
f 900/1714/876 778/1717/706 876/1711/873
f 939/1357/716 932/1713/875 876/1711/873
f 939/1357/716 953/1712/874 977/1356/715
f 977/1356/715 953/1712/874 882/1350/710
f 829/1710/709 797/1718/297 806/1359/296
f 848/1719/871 797/1720/297 736/1721/707
f 736/1721/707 902/1722/877 848/1719/871
f 902/1722/877 869/1723/878 940/1724/879
f 891/1725/880 902/1722/877 940/1724/879
f 891/1725/880 928/1726/881 731/1727/882
f 941/1728/883 943/1729/884 967/1730/885
f 940/1724/879 967/1730/885 928/1726/881
f 940/1724/879 928/1726/881 891/1725/880
f 940/1724/879 869/1723/878 967/1730/885
f 869/1723/878 941/1728/883 967/1730/885
f 968/1355/714 1009/1731/886 939/1357/716
f 1033/1732/842 1009/1731/886 968/1355/714
f 554/1733/406 564/1734/407 602/1735/887
f 610/1736/420 554/1733/406 616/1737/888
f 557/1738/399 592/1739/435 600/1740/434
f 592/1739/435 610/1736/420 616/1737/888
f 562/1741/398 610/1736/420 557/1738/399
f 557/1738/399 610/1736/420 592/1739/435
f 602/1735/887 616/1737/888 554/1733/406
f 593/1742/408 602/1735/887 564/1734/407
f 602/1735/887 593/1742/408 618/1743/889
f 602/1735/887 652/1744/890 616/1737/888
f 616/1737/888 630/1745/437 592/1739/435
f 623/1746/726 563/1747/113 558/1748/218
f 421/826/414 569/825/433 596/1749/891
f 421/826/414 596/1749/891 494/1750/423
f 628/1751/892 617/1752/427 596/1749/891
f 494/1750/423 596/1749/891 617/1752/427
f 569/825/433 600/829/434 596/1749/891
f 596/1749/891 600/829/434 628/1751/892
f 593/1742/408 627/1753/864 618/1743/889
f 589/1754/322 627/1753/864 593/1742/408
f 647/1755/893 627/1753/864 659/1756/865
f 627/1753/864 647/1755/893 618/1743/889
f 618/1743/889 652/1744/890 602/1735/887
f 687/1757/894 696/1758/867 721/1759/895
f 696/1758/867 743/1760/866 721/1759/895
f 743/1760/866 773/1761/869 721/1759/895
f 687/1757/894 721/1759/895 618/1743/889
f 647/1755/893 687/1757/894 618/1743/889
f 653/1762/219 623/1763/726 558/1764/218
f 630/1765/437 616/1766/888 661/1767/896
f 661/1767/896 694/1768/438 630/1765/437
f 766/1769/897 694/1768/438 661/1767/896
f 766/1769/897 835/1770/898 838/1771/899
f 766/1769/897 838/1771/899 833/1772/900
f 694/1768/438 879/1773/901 768/1774/439
f 879/1775/901 694/1768/438 827/1776/902
f 694/1768/438 766/1769/897 827/1776/902
f 678/1675/861 699/1677/863 659/1679/865
f 696/1681/867 659/1679/865 699/1677/863
f 696/1681/867 687/1777/894 659/1679/865
f 659/1679/865 687/1777/894 647/1778/893
f 725/1336/684 788/1779/771 726/1335/703
f 796/1326/699 788/1779/771 725/1336/684
f 705/1780/708 653/1781/219 691/1782/903
f 676/1783/904 728/1784/905 691/1782/903
f 728/1784/905 705/1785/708 691/1782/903
f 705/1785/708 728/1784/905 736/1721/707
f 728/1784/905 817/1786/906 869/1723/878
f 691/1782/903 653/1781/219 676/1783/904
f 618/1743/889 721/1759/895 652/1744/890
f 652/1744/890 721/1759/895 773/1761/869
f 652/1744/890 773/1761/869 731/1787/882
f 847/1788/872 773/1761/869 771/1789/860
f 633/1790/727 682/1791/781 611/1792/217
f 682/1791/781 690/1793/782 611/1792/217
f 801/1794/774 888/1795/799 690/1793/782
f 690/1793/782 888/1795/799 757/1796/907
f 672/1797/908 653/1798/219 611/1799/217
f 653/1798/219 672/1797/908 676/1800/904
f 672/1797/908 668/1801/909 676/1800/904
f 676/1800/904 668/1801/909 662/1802/910
f 665/1803/911 697/1804/912 662/1802/910
f 697/1804/912 665/1803/911 762/1805/913
f 697/1804/912 762/1805/913 755/1806/914
f 827/1807/902 755/1806/914 762/1805/913
f 697/1808/912 676/1783/904 662/1809/910
f 755/1810/914 860/1811/915 697/1808/912
f 866/1812/916 697/1808/912 860/1811/915
f 697/1808/912 866/1812/916 817/1786/906
f 676/1783/904 697/1808/912 728/1784/905
f 926/1813/917 819/1814/918 822/1815/919
f 822/1815/919 838/1816/899 835/1817/898
f 786/1818/920 838/1816/899 753/1819/921
f 838/1816/899 822/1815/919 753/1819/921
f 822/1815/919 819/1814/918 747/1820/922
f 747/1820/922 819/1814/918 702/1821/923
f 702/1821/923 819/1814/918 837/1822/924
f 702/1821/923 837/1822/924 825/1823/925
f 702/1821/923 825/1823/925 712/1824/926
f 822/1815/919 747/1820/922 753/1819/921
f 753/1819/921 747/1820/922 703/1825/927
f 786/1818/920 753/1819/921 718/1826/928
f 702/1821/923 718/1826/928 703/1825/927
f 702/1821/923 712/1824/926 718/1826/928
f 702/1821/923 703/1825/927 747/1820/922
f 753/1819/921 703/1825/927 718/1826/928
f 766/1769/897 661/1767/896 835/1770/898
f 731/1827/882 890/1828/929 661/1767/896
f 890/1828/929 926/1829/917 835/1770/898
f 835/1770/898 926/1829/917 822/1830/919
f 928/1831/881 890/1828/929 731/1827/882
f 690/1793/782 672/1832/908 611/1792/217
f 690/1793/782 757/1796/907 672/1832/908
f 643/1833/250 684/1834/930 723/1835/751
f 643/1833/250 723/1835/751 772/1836/730
f 723/1835/751 684/1834/930 672/1832/908
f 672/1797/908 684/1837/930 668/1801/909
f 662/1838/910 668/1801/909 660/1839/931
f 660/1839/931 668/1801/909 665/1803/911
f 665/1803/911 662/1802/910 660/1839/931
f 684/1837/930 688/1840/932 668/1801/909
f 685/1841/933 684/1842/930 643/1843/250
f 643/1843/250 646/1844/934 685/1841/933
f 685/1841/933 688/1845/932 684/1842/930
f 665/1846/911 668/1847/909 628/1848/892
f 628/1848/892 668/1847/909 617/1849/427
f 651/1850/428 617/1849/427 668/1847/909
f 628/1851/892 651/1852/428 665/1853/911
f 762/1854/913 665/1853/911 849/1855/935
f 960/1856/936 827/1857/902 762/1854/913
f 827/1857/902 960/1856/936 879/1858/901
f 748/1859/937 855/1860/938 804/1861/939
f 804/1861/939 855/1860/938 887/1862/940
f 960/1856/936 864/1863/941 887/1862/940
f 879/1858/901 960/1856/936 887/1862/940
f 879/1858/901 887/1862/940 855/1860/938
f 960/1856/936 762/1854/913 864/1863/941
f 653/1519/219 726/1504/703 682/1517/781
f 616/1864/888 652/1865/890 731/1827/882
f 731/1827/882 661/1767/896 616/1864/888
f 786/1866/920 718/1867/928 712/1868/926
f 944/1869/942 837/1870/924 819/1871/918
f 944/1869/942 943/1729/884 837/1870/924
f 944/1869/942 819/1871/918 926/1872/917
f 926/1872/917 967/1730/885 944/1869/942
f 728/1784/905 697/1808/912 817/1786/906
f 786/1866/920 712/1868/926 791/1873/943
f 838/1874/899 786/1866/920 881/1875/944
f 786/1866/920 791/1873/943 881/1875/944
f 791/1873/943 712/1868/926 825/1876/925
f 825/1876/925 837/1870/924 791/1873/943
f 755/1877/914 827/1878/902 833/1879/900
f 833/1879/900 827/1878/902 766/1880/897
f 723/1835/751 672/1832/908 757/1796/907
f 788/1881/771 796/1882/699 853/1341/705
f 853/1341/705 796/1882/699 785/1337/701
f 900/1883/876 862/1884/704 778/1885/706
f 939/1886/716 1009/1887/886 932/1888/875
f 731/1727/882 773/1889/869 847/1890/872
f 847/1890/872 891/1725/880 731/1727/882
f 891/1725/880 847/1890/872 902/1722/877
f 736/1721/707 728/1784/905 869/1723/878
f 661/1767/896 890/1828/929 835/1770/898
f 881/1875/944 941/1728/883 860/1811/915
f 866/1812/916 860/1811/915 941/1728/883
f 866/1812/916 869/1723/878 817/1786/906
f 869/1723/878 866/1812/916 941/1728/883
f 967/1730/885 943/1729/884 944/1869/942
f 837/1870/924 943/1729/884 791/1873/943
f 943/1729/884 941/1728/883 881/1875/944
f 943/1729/884 881/1875/944 791/1873/943
f 932/1888/875 988/1891/945 900/1883/876
f 1034/1892/853 988/1891/945 932/1888/875
f 932/1888/875 1009/1887/886 1034/1892/853
f 736/1721/707 869/1723/878 902/1722/877
f 801/1506/774 903/1508/776 888/1893/799
f 757/1894/907 888/1895/799 969/1896/849
f 906/1464/752 757/1894/907 969/1896/849
f 723/1463/751 757/1894/907 906/1464/752
f 906/1464/752 969/1896/849 918/1897/823
f 970/1603/833 997/1898/946 973/1899/846
f 973/1899/846 997/1898/946 986/1900/844
f 997/1898/946 1018/1605/835 1014/1608/837
f 986/1900/844 1031/1901/855 1027/1902/845
f 986/1900/844 997/1898/946 1031/1901/855
f 997/1898/946 970/1603/833 1018/1605/835
f 900/1883/876 988/1891/945 862/1884/704
f 988/1891/945 972/1903/836 862/1884/704
f 853/1904/705 862/1884/704 972/1903/836
f 972/1903/836 988/1891/945 1014/1905/837
f 997/1906/946 988/1891/945 1034/1892/853
f 997/1906/946 1014/1905/837 988/1891/945
f 927/1907/779 853/1904/705 976/1908/828
f 927/1907/779 976/1908/828 980/1909/780
f 853/1904/705 972/1903/836 976/1908/828
f 1009/1910/886 1033/1654/842 1034/1649/853
f 997/1911/946 1034/1649/853 1031/1912/855
f 1034/1649/853 1043/1651/854 1031/1912/855
f 1034/1649/853 1033/1654/842 1042/1653/827
f 1036/1650/830 1034/1649/853 1042/1653/827
f 603/1913/570 620/1914/947 575/1915/564
f 575/1915/564 620/1914/947 599/1438/743
f 603/1913/570 663/1916/569 620/1914/947
f 620/1914/947 663/1916/569 642/1917/749
f 646/1918/934 522/1919/228 556/1920/554
f 646/1921/934 546/1922/227 522/1919/228
f 546/1922/227 646/1921/934 643/1923/250
f 575/1915/564 599/1438/743 613/1436/565
f 756/1924/948 685/1925/933 732/1926/949
f 732/1926/949 685/1925/933 704/1927/950
f 685/1925/933 646/1928/934 704/1927/950
f 646/1928/934 556/1929/554 704/1927/950
f 704/1927/950 556/1929/554 615/1930/951
f 584/1931/558 615/1930/951 539/1932/561
f 584/1058/558 675/1933/952 615/1934/951
f 584/1058/558 681/1935/953 675/1933/952
f 639/1936/954 565/1214/560 648/1217/631
f 565/1214/560 639/1936/954 580/1937/557
f 584/1938/558 580/1939/557 681/1940/953
f 580/1939/557 692/1941/955 681/1940/953
f 639/1942/954 775/1943/956 692/1944/955
f 580/1945/557 639/1942/954 692/1944/955
f 692/1944/955 769/1946/957 681/1947/953
f 793/1948/958 681/1947/953 769/1946/957
f 807/1949/959 782/1950/960 769/1946/957
f 648/1951/631 787/1952/632 639/1942/954
f 854/1953/634 639/1942/954 787/1952/632
f 775/1943/956 639/1942/954 854/1953/634
f 807/1949/959 692/1944/955 775/1943/956
f 769/1946/957 692/1944/955 807/1949/959
f 883/1954/961 782/1950/960 807/1949/959
f 782/1950/960 883/1954/961 808/1955/962
f 883/1954/961 913/1956/963 808/1955/962
f 913/1956/963 883/1954/961 919/1957/964
f 883/1954/961 807/1949/959 775/1943/956
f 910/1958/965 756/1959/948 732/1960/949
f 843/1961/966 756/1959/948 910/1958/965
f 704/1962/950 615/1963/951 758/1964/967
f 843/1961/966 910/1958/965 952/1965/968
f 843/1961/966 984/1966/969 919/1967/964
f 952/1965/968 984/1966/969 843/1961/966
f 984/1966/969 952/1965/968 961/1968/970
f 732/1960/949 704/1962/950 910/1958/965
f 758/1964/967 961/1968/970 910/1958/965
f 793/1969/958 895/1970/971 961/1968/970
f 910/1958/965 961/1968/970 952/1965/968
f 961/1968/970 895/1970/971 923/1971/972
f 961/1968/970 923/1971/972 984/1966/969
f 675/1972/952 758/1964/967 615/1963/951
f 784/1973/973 808/1974/962 790/1975/974
f 851/1976/975 808/1974/962 870/1977/976
f 790/1975/974 808/1974/962 851/1976/975
f 790/1975/974 821/1978/977 784/1973/973
f 821/1978/977 790/1975/974 851/1976/975
f 769/1979/957 784/1973/973 821/1978/977
f 769/1980/957 782/1981/960 784/1973/973
f 784/1973/973 782/1981/960 808/1974/962
f 870/1977/976 808/1974/962 913/1982/963
f 913/1982/963 923/1983/972 870/1977/976
f 681/1984/953 793/1985/958 675/1986/952
f 719/1987/729 772/1592/730 836/1632/767
f 917/1593/824 836/1632/767 772/1592/730
f 836/1632/767 917/1593/824 938/1595/826
f 675/1972/952 793/1969/958 758/1964/967
f 961/1968/970 758/1964/967 793/1969/958
f 775/1943/956 854/1953/634 919/1957/964
f 923/1988/972 919/1957/964 984/1989/969
f 919/1957/964 923/1988/972 913/1956/963
f 919/1957/964 883/1954/961 775/1943/956
f 851/1976/975 870/1977/976 923/1983/972
f 895/1990/971 821/1978/977 851/1976/975
f 851/1976/975 923/1983/972 895/1990/971
f 854/1991/634 783/1992/635 843/1961/966
f 950/1631/765 938/1595/826 982/1573/807
f 983/1594/825 1021/1581/814 995/1633/847
f 1021/1581/814 983/1594/825 994/1584/817
f 983/1594/825 886/1588/821 994/1584/817
f 1013/1583/816 994/1584/817 1005/1585/818
f 919/1957/964 854/1953/634 843/1993/966
f 1008/1994/810 1000/1995/812 1028/1996/815
f 1039/1640/809 1037/1997/978 1040/1646/850
f 1037/1997/978 1023/1998/979 1040/1646/850
f 1011/1999/980 1023/1998/979 1037/1997/978
f 1037/1997/978 1028/1996/815 1011/1999/980
f 1039/1640/809 1028/1996/815 1037/1997/978
f 938/1595/826 995/1633/847 982/1573/807
f 982/1573/807 995/1633/847 1032/1575/808
f 1039/1576/809 1032/1575/808 1021/1581/814
f 1032/1575/808 995/1633/847 1021/1581/814
f 1028/1996/815 1000/1995/812 1011/1999/980
f 965/2000/822 1019/2001/820 994/2002/817
f 918/2003/823 992/1648/852 965/2000/822
f 816/2004/750 906/2005/752 918/2003/823
f 1011/1999/980 1000/2006/812 998/2007/813
f 998/2007/813 1023/1998/979 1011/1999/980
f 1023/1998/979 998/2007/813 1019/2001/820
f 1019/2001/820 965/2000/822 992/1648/852
f 992/1648/852 918/2003/823 969/1645/849
f 992/1648/852 1038/1647/851 1019/2001/820
f 1019/2001/820 1038/1647/851 1040/1646/850
f 874/1222/636 889/2008/981 946/2009/982
f 896/1223/637 946/2010/982 985/2011/983
f 896/1223/637 874/1222/636 946/2010/982
f 889/2008/981 898/2012/984 946/2009/982
f 508/2013/625 565/2014/560 485/2015/559
f 532/1199/628 485/2015/559 464/2016/590
f 485/2015/559 532/1199/628 508/2013/625
f 521/2017/600 574/2018/629 525/2019/621
f 533/2020/626 553/2021/623 574/2018/629
f 789/2022/985 574/2018/629 521/2017/600
f 650/2023/986 574/2018/629 789/2022/985
f 912/2024/987 650/2023/986 789/2022/985
f 971/2025/988 912/2024/987 789/2022/985
f 912/2024/987 971/2025/988 933/2026/989
f 1016/2027/990 933/2026/989 971/2025/988
f 521/2017/600 716/2028/602 789/2022/985
f 871/2029/991 789/2022/985 716/2028/602
f 716/2028/602 783/2030/635 871/2029/991
f 487/1213/597 548/2031/638 604/1216/630
f 604/1216/630 548/2031/638 632/2032/641
f 604/1216/630 632/2032/641 645/2033/640
f 683/2034/992 604/1216/630 645/2033/640
f 630/2035/437 695/2036/993 701/2037/994
f 701/2037/994 614/2038/436 630/2035/437
f 614/2038/436 701/2037/994 640/2039/995
f 600/2040/434 651/2041/428 628/2042/892
f 600/2040/434 626/2043/426 651/2041/428
f 626/2043/426 600/2040/434 614/2038/436
f 577/820/432 605/819/431 640/2044/995
f 605/819/431 626/814/426 640/2044/995
f 655/1161/605 577/820/432 666/1164/608
f 579/1165/609 655/1161/605 670/1160/604
f 664/2045/642 594/2046/627 650/2047/986
f 745/2048/996 645/2049/640 763/2050/997
f 645/2049/640 664/2045/642 763/2050/997
f 650/2047/986 763/2050/997 664/2045/642
f 763/2050/997 650/2047/986 852/2051/998
f 763/2050/997 852/2051/998 826/2052/999
f 892/2053/1000 826/2052/999 852/2051/998
f 933/2054/989 892/2053/1000 852/2051/998
f 912/2055/987 933/2054/989 852/2051/998
f 852/2051/998 650/2047/986 912/2055/987
f 574/2056/629 650/2047/986 533/2057/626
f 533/2057/626 650/2047/986 594/2046/627
f 734/2058/1001 688/1845/932 685/1841/933
f 651/1850/428 668/1847/909 738/2059/1002
f 688/1845/932 738/2059/1002 668/1847/909
f 695/2036/993 630/2035/437 768/2060/439
f 665/1853/911 738/2061/1002 849/1855/935
f 864/1863/941 762/1854/913 849/1855/935
f 849/1855/935 850/2062/1003 864/1863/941
f 804/1861/939 809/2063/1004 737/2064/1005
f 804/1861/939 737/2064/1005 748/1859/937
f 804/1861/939 887/1862/940 809/2063/1004
f 864/1863/941 850/2062/1003 887/1862/940
f 850/2062/1003 809/2063/1004 887/1862/940
f 701/2037/994 695/2036/993 768/2060/439
f 701/2037/994 768/2060/439 777/2065/1006
f 640/2039/995 701/2037/994 751/2066/1007
f 777/2065/1006 751/2066/1007 701/2037/994
f 685/2067/933 756/2068/948 734/2069/1001
f 734/2069/1001 756/2068/948 783/2070/635
f 717/2071/603 734/2069/1001 783/2070/635
f 717/2071/603 783/2070/635 716/2072/602
f 744/2073/1008 670/2074/604 746/2075/606
f 811/2076/1009 803/2077/1010 744/2073/1008
f 803/2077/1010 734/2069/1001 717/2071/603
f 803/2077/1010 717/2071/603 670/2074/604
f 803/2077/1010 670/2074/604 744/2073/1008
f 688/2078/932 734/2069/1001 738/2079/1002
f 734/2069/1001 863/2080/1011 738/2079/1002
f 734/2069/1001 803/2077/1010 863/2080/1011
f 717/2071/603 716/2072/602 637/2081/601
f 666/2082/608 577/2083/432 754/2084/1012
f 754/2084/1012 577/2085/432 640/2086/995
f 754/2084/1012 640/2086/995 751/2087/1007
f 780/2088/1013 754/2084/1012 877/2089/1014
f 877/2089/1014 754/2084/1012 751/2087/1007
f 863/2090/1011 878/2091/1015 751/2087/1007
f 878/2091/1015 877/2089/1014 751/2087/1007
f 877/2089/1014 878/2091/1015 905/2092/1016
f 780/2088/1013 844/2093/1017 792/2094/1018
f 877/2089/1014 859/2095/1019 844/2093/1017
f 844/2093/1017 780/2088/1013 877/2089/1014
f 905/2092/1016 859/2095/1019 877/2089/1014
f 844/2093/1017 859/2095/1019 834/2096/1020
f 792/2097/1018 844/2093/1017 834/2096/1020
f 842/2098/1021 859/2095/1019 905/2092/1016
f 834/2096/1020 859/2095/1019 842/2098/1021
f 834/2096/1020 842/2098/1021 792/2097/1018
f 842/2098/1021 856/2099/1022 792/2097/1018
f 744/2100/1008 856/2099/1022 811/2101/1009
f 878/2091/1015 811/2101/1009 856/2099/1022
f 878/2091/1015 856/2099/1022 905/2092/1016
f 741/2102/607 666/2082/608 780/2088/1013
f 666/2082/608 754/2084/1012 780/2088/1013
f 746/2103/606 655/2104/605 741/2105/607
f 741/2105/607 780/2106/1013 792/2107/1018
f 746/2103/606 741/2105/607 792/2107/1018
f 761/2108/1023 737/2109/1005 809/2110/1004
f 751/2066/1007 850/2111/1003 863/2112/1011
f 850/2111/1003 751/2066/1007 761/2108/1023
f 850/2111/1003 761/2108/1023 809/2110/1004
f 761/2108/1023 777/2065/1006 748/2113/937
f 737/2109/1005 761/2108/1023 748/2113/937
f 748/2113/937 777/2065/1006 820/2114/1024
f 820/2114/1024 777/2065/1006 768/2060/439
f 820/2114/1024 768/2060/439 879/2115/901
f 849/1855/935 781/2116/1025 850/2062/1003
f 738/2061/1002 781/2116/1025 849/1855/935
f 820/2114/1024 855/2117/938 748/2113/937
f 879/2115/901 855/2118/938 820/2114/1024
f 863/2080/1011 781/2119/1025 738/2079/1002
f 783/1992/635 756/1959/948 843/1961/966
f 803/2120/1010 878/2091/1015 863/2090/1011
f 803/2120/1010 811/2101/1009 878/2091/1015
f 842/2098/1021 905/2092/1016 856/2099/1022
f 971/2025/988 789/2022/985 871/2029/991
f 971/2025/988 871/2029/991 1016/2027/990
f 963/2121/1026 1016/2027/990 936/2122/1027
f 933/2026/989 1016/2027/990 963/2121/1026
f 963/2121/1026 936/2122/1027 861/2123/1028
f 867/2124/1029 861/2123/1028 936/2122/1027
f 985/2125/983 946/2126/982 898/2127/984
f 985/2125/983 898/2127/984 1016/2027/990
f 871/2029/991 896/2128/637 1016/2027/990
f 896/2128/637 871/2029/991 783/2030/635
f 632/1229/641 669/1239/649 677/1240/650
f 632/1229/641 677/1240/650 641/1227/639
f 590/2129/657 669/1239/649 537/1264/660
f 534/1238/648 590/2129/657 545/2130/655
f 669/1239/649 590/2129/657 534/1238/648
f 555/1235/645 669/1239/649 534/1238/648
f 641/1227/639 677/1240/650 609/1232/643
f 683/2034/992 645/2033/640 745/2131/996
f 813/2132/1030 805/2133/1031 814/2134/1032
f 813/2132/1030 814/2134/1032 857/2135/1033
f 814/2134/1032 805/2133/1031 810/2136/1034
f 814/2134/1032 867/2137/1029 857/2135/1033
f 867/2137/1029 814/2134/1032 810/2136/1034
f 857/2135/1033 867/2137/1029 936/2138/1027
f 884/2139/1035 805/2133/1031 839/2140/1036
f 884/2139/1035 810/2136/1034 805/2133/1031
f 805/2133/1031 813/2132/1030 839/2140/1036
f 813/2132/1030 901/2141/1037 839/2140/1036
f 763/2050/997 826/2052/999 745/2048/996
f 899/2142/1038 845/2143/1039 892/2053/1000
f 867/2137/1029 810/2136/1034 861/2144/1028
f 845/2145/1039 683/2034/992 745/2131/996
f 898/2012/984 889/2008/981 845/2145/1039
f 898/2012/984 845/2145/1039 901/2146/1037
f 901/2146/1037 845/2145/1039 899/2147/1038
f 813/2148/1030 857/2149/1033 901/2146/1037
f 901/2146/1037 857/2149/1033 924/2150/1040
f 839/2151/1036 901/2146/1037 899/2147/1038
f 898/2012/984 901/2146/1037 924/2150/1040
f 889/2008/981 683/2034/992 845/2145/1039
f 845/2143/1039 745/2048/996 826/2052/999
f 845/2143/1039 826/2052/999 892/2053/1000
f 683/2034/992 889/2008/981 604/1216/630
f 874/1222/636 604/1216/630 889/2008/981
f 884/2152/1035 839/2153/1036 892/2154/1000
f 899/2155/1038 892/2154/1000 839/2153/1036
f 963/2121/1026 892/2156/1000 933/2026/989
f 924/2150/1040 857/2149/1033 936/2157/1027
f 861/2123/1028 810/2158/1034 884/2152/1035
f 963/2121/1026 861/2123/1028 884/2152/1035
f 963/2121/1026 884/2152/1035 892/2154/1000
f 896/2128/637 985/2125/983 1016/2027/990
f 1016/2027/990 898/2127/984 936/2122/1027
f 936/2122/1027 898/2127/984 924/2159/1040
f 543/2160/96 567/2161/88 471/2162/67
f 598/2163/103 543/2160/96 471/2162/67
f 142/241/164 147/243/125 163/242/127
f 143/215/149 137/2164/126 142/2165/164
f 228/54/36 261/56/38 260/52/34
f 228/54/36 242/2166/171 261/56/38
f 261/56/38 242/2166/171 278/137/101
f 195/208/143 157/195/130 233/2167/201
f 233/2168/201 243/209/144 195/208/143
f 223/261/65 207/2169/58 224/263/162
f 238/290/177 197/194/129 190/193/128
f 143/215/149 185/2170/165 239/254/154
f 345/213/148 285/212/147 357/294/184
f 411/2171/188 330/954/187 401/956/223
f 411/2171/188 401/956/223 468/2172/191
f 482/271/175 405/269/174 322/277/172
f 449/456/213 316/2173/166 473/454/222
f 203/346/161 374/345/209 338/347/210
f 506/2174/246 529/2175/240 504/2176/239
f 1/468/256 5/467/255 4/466/254
f 90/477/264 19/465/253 15/471/259
f 19/465/253 90/477/264 91/475/262
f 431/71/51 314/69/49 377/77/56
f 1/592/256 3/586/325 7/588/327
f 23/662/343 31/661/333 59/680/336
f 124/696/347 107/656/370 95/654/369
f 232/705/307 236/2177/275 144/706/282
f 371/748/308 304/743/400 301/749/299
f 417/769/318 351/747/319 406/2178/316
f 368/548/301 367/553/305 427/550/303
f 85/856/459 87/2179/467 94/854/457
f 141/903/489 146/890/481 139/889/480
f 186/935/472 152/891/153 149/895/473
f 76/2180/443 188/948/446 187/945/516
f 153/997/488 235/990/528 229/989/537
f 298/2181/486 296/877/474 128/878/444
f 317/2182/506 339/2183/518 251/2184/517
f 291/914/498 205/851/454 277/852/455
f 69/837/440 84/845/448 73/838/441
f 130/1096/383 53/1082/381 70/1089/573
f 121/1110/460 214/2185/542 177/1111/511
f 165/1093/380 70/1089/573 136/1088/386
f 213/1092/396 70/1089/573 165/1093/380
f 155/2186/580 266/2187/585 297/1125/587
f 155/2186/580 297/1125/587 240/1135/579
f 518/1195/624 553/1194/623 544/1193/622
f 433/1178/612 328/1176/610 315/1179/613
f 742/1484/682 657/1322/99 667/2188/94
f 527/441/247 621/1380/722 638/442/248
f 550/452/251 673/2189/741 576/453/241
f 620/2190/947 642/2191/749 599/2192/743
f 642/2191/749 644/2193/742 599/2192/743
f 710/2194/1041 709/2195/1042 711/2196/1043
f 709/2195/1042 710/2194/1041 711/2196/1043
f 644/1437/742 642/2197/749 679/1439/744
f 875/1505/773 885/1507/775 801/1506/774
f 908/2198/772 853/1904/705 927/1907/779
f 937/2199/777 942/2200/800 949/2201/766
f 962/1610/795 949/2201/766 1022/1615/841
f 1007/2202/801 949/2201/766 942/2200/800
f 1022/1615/841 949/2201/766 1007/2202/801
f 974/1627/832 1006/1626/831 1004/2203/829
f 1015/1550/802 929/1512/778 981/1516/736
f 725/2204/684 727/2205/691 715/1693/690
f 725/1339/684 715/1343/690 785/1337/701
f 566/582/321 589/583/322 593/2206/408
f 706/1682/868 656/1684/859 743/1680/866
f 755/1810/914 833/2207/900 860/1811/915
f 881/1875/944 860/1811/915 833/2207/900
f 833/2207/900 838/1874/899 881/1875/944
f 847/1890/872 848/1719/871 902/1722/877
f 967/2208/885 926/1829/917 928/2209/881
f 926/1829/917 890/1828/929 928/2209/881
f 556/1044/554 493/2210/553 539/2211/561
f 615/2212/951 556/1044/554 539/2213/561
f 793/1969/958 769/2214/957 821/2215/977
f 821/2215/977 895/1970/971 793/1969/958
f 704/1962/950 758/1964/967 910/1958/965
f 665/1853/911 651/1852/428 738/2061/1002
f 614/2038/436 640/2039/995 626/2043/426
f 761/2108/1023 751/2066/1007 777/2065/1006
f 792/2107/1018 856/2216/1022 744/2217/1008
f 792/2107/1018 744/2217/1008 746/2103/606
f 863/2218/1011 850/2062/1003 781/2116/1025
f 1023/1998/979 1019/2001/820 1040/1646/850
