# Blender 5.1.2
# www.blender.org
o tripo_node_8ee3d7d3-a059-46d5-bacb-fcff177ec845
v -0.311244 0.159786 -0.045299
v -0.305367 0.177063 -0.042883
v -0.298723 0.170635 -0.065029
v -0.300748 -0.230729 0.149287
v -0.271157 0.134021 -0.013278
v -0.285888 -0.228472 0.187972
v -0.283437 -0.241678 0.090054
v -0.258209 0.176901 -0.044757
v -0.244245 -0.272813 0.102761
v -0.235943 0.097466 -0.010562
v -0.256777 -0.240331 0.207674
v -0.217727 -0.292218 0.159091
v -0.231710 -0.258439 0.136765
v -0.238958 0.174744 -0.081102
v -0.268085 0.134100 0.000197
v -0.271716 0.135803 0.047732
v -0.240809 -0.239760 0.078268
v -0.258011 0.140324 0.054097
v -0.214175 0.130573 -0.041485
v -0.234920 0.076089 0.061894
v -0.234307 -0.295656 0.127397
v -0.245120 0.135572 0.003438
v -0.214402 -0.259702 0.102159
v -0.244573 0.127048 0.103473
v -0.240971 0.180816 -0.013352
v -0.247999 -0.309117 0.012973
v -0.245306 -0.300571 -0.051683
v -0.229465 0.106595 0.048993
v -0.241150 -0.302520 -0.116241
v -0.234141 -0.294853 0.020957
v -0.232219 -0.200500 -0.058400
v -0.232167 -0.222716 -0.003666
v -0.226947 -0.296663 -0.074588
v -0.223471 0.168673 -0.075398
v -0.218519 0.120881 0.113261
v -0.224983 -0.213450 -0.006114
v -0.219350 -0.287096 -0.002386
v -0.227969 0.160718 -0.020552
v -0.226279 -0.207494 -0.077155
v -0.217682 -0.237035 0.211753
v -0.210215 -0.341757 -0.051324
v -0.201755 -0.262238 0.146041
v -0.202577 -0.283558 -0.119135
v -0.218730 -0.314074 -0.046787
v -0.206381 -0.326458 -0.076318
v -0.225946 -0.278882 0.022731
v -0.216502 -0.218494 0.056169
v -0.213161 -0.213324 0.068636
v -0.213033 -0.340518 0.007435
v -0.192925 -0.318404 0.129198
v -0.189357 -0.387946 0.106340
v -0.223688 0.105694 -0.119751
v -0.217539 0.115767 -0.046508
v -0.218959 -0.157428 -0.035552
v -0.212138 -0.272928 -0.061517
v -0.199623 0.114085 0.131440
v -0.202399 -0.284177 0.011768
v -0.195836 -0.276315 0.054008
v -0.218071 -0.154863 -0.006615
v -0.164447 -0.044394 0.006539
v -0.209380 0.058429 -0.059995
v -0.177890 -0.041791 0.068004
v -0.208777 0.057700 -0.109626
v -0.221088 -0.230177 -0.050210
v -0.220858 0.013705 -0.091444
v -0.209259 0.019329 -0.046850
v -0.180812 0.070767 0.108112
v -0.208203 -0.209876 -0.062896
v -0.212312 -0.236687 -0.060101
v -0.200464 -0.282949 0.110706
v -0.193778 -0.281309 0.141457
v -0.200862 -0.254264 0.081952
v -0.197758 -0.158508 -0.001733
v -0.214021 -0.178217 -0.112121
v -0.202932 -0.299186 -0.042015
v -0.199659 -0.002083 -0.105654
v -0.169172 0.122263 0.118868
v -0.214424 -0.195697 -0.125748
v -0.192712 -0.334838 -0.048659
v -0.197847 -0.157287 -0.173499
v -0.208430 -0.218619 -0.033967
v -0.172922 0.120640 0.001432
v -0.176781 0.161482 -0.018506
v -0.207591 0.041210 -0.229981
v -0.173276 -0.368580 0.151676
v -0.207957 0.076584 -0.186238
v -0.194028 0.022851 -0.126753
v -0.190123 -0.314566 0.114093
v -0.183983 0.091691 -0.136285
v -0.203122 -0.130968 -0.136696
v -0.206370 -0.228772 0.104265
v -0.175305 -0.277493 -0.065189
v -0.148923 0.151949 -0.055213
v -0.205881 -0.471162 0.045578
v -0.194355 0.045801 -0.170356
v -0.166331 0.047405 -0.128403
v -0.203290 -0.182899 0.174658
v -0.197406 -0.188901 0.205470
v -0.194652 -0.218064 -0.025164
v -0.173831 0.077710 0.033841
v -0.194315 -0.237342 0.182083
v -0.182133 -0.173425 -0.181320
v -0.179391 0.035917 -0.254118
v -0.201665 0.355959 0.036534
v -0.179296 -0.409927 0.001311
v -0.173733 -0.347192 0.089289
v -0.192097 -0.205956 0.162901
v -0.173526 -0.283820 0.157025
v -0.180446 -0.179461 -0.004494
v -0.170822 0.110329 -0.051207
v -0.192587 0.359245 0.083833
v -0.185196 -0.175016 -0.089787
v -0.177013 0.079660 0.063741
v -0.188276 -0.216397 0.178072
v -0.192638 -0.473737 0.008131
v -0.191764 -0.454340 0.024987
v -0.181483 -0.195671 -0.111199
v -0.175615 -0.414230 -0.052549
v -0.160450 -0.327905 0.096501
v -0.173806 -0.229522 0.104589
v -0.178757 -0.281901 -0.108382
v -0.185774 -0.125371 -0.118370
v -0.171200 0.020706 -0.220450
v -0.183550 -0.274172 0.025739
v -0.178778 -0.046754 -0.116920
v -0.191832 -0.473350 -0.061047
v -0.181165 -0.286798 0.115776
v -0.179747 -0.178287 0.196788
v -0.177267 0.348085 0.118100
v -0.170886 0.061082 -0.197050
v -0.195153 0.445703 -0.079156
v -0.159798 0.062106 -0.115034
v -0.183613 -0.168085 0.149725
v -0.162685 -0.361894 0.021169
v -0.180433 -0.350064 -0.083109
v -0.184879 0.076801 -0.167809
v -0.161070 -0.183768 -0.034895
v -0.169461 -0.201101 -0.076315
v -0.159448 -0.192574 -0.163199
v -0.183176 0.449588 -0.027211
v -0.175965 -0.054585 -0.158756
v -0.181422 0.360176 -0.001464
v -0.173439 -0.326254 0.027627
v -0.169560 -0.249951 -0.054636
v -0.177179 0.457928 0.024883
v -0.188953 -0.096451 -0.032631
v -0.181054 -0.452229 0.093951
v -0.162276 0.114582 -0.101139
v -0.146358 0.112433 -0.029157
v -0.164534 -0.014144 -0.179019
v -0.171788 -0.208966 0.001069
v -0.149674 0.159726 -0.066563
v -0.176290 -0.247982 -0.000929
v -0.184500 -0.120081 -0.058185
v -0.183366 0.460044 0.001590
v -0.189723 0.467406 -0.169689
v -0.183120 -0.114663 -0.157167
v -0.153439 -0.097775 -0.105601
v -0.176830 -0.271893 0.054988
v -0.155605 0.177169 -0.054389
v -0.170597 -0.005860 -0.078617
v -0.175152 0.055812 0.043177
v -0.169726 -0.371019 -0.083053
v -0.152346 -0.145083 -0.073836
v -0.161886 -0.472924 0.136814
v -0.170759 -0.209161 0.163182
v -0.166856 -0.314716 -0.073085
v -0.173871 -0.079071 -0.005771
v -0.174965 -0.289535 0.041345
v -0.160795 -0.067437 -0.103923
v -0.170378 0.439506 -0.143276
v -0.166657 -0.179224 -0.197856
v -0.173851 -0.279818 0.039545
v -0.145401 0.050942 -0.060624
v -0.136243 0.345267 0.016023
v -0.157819 0.350356 0.107508
v -0.164656 0.103884 -0.170130
v -0.176393 -0.273568 0.075057
v -0.159119 0.469585 -0.191004
v -0.152451 -0.403913 0.035288
v -0.160866 -0.180529 0.146304
v -0.151676 0.376108 -0.065427
v -0.174223 -0.120897 0.093656
v -0.163475 -0.150818 -0.052425
v -0.167709 -0.184365 0.018014
v -0.140466 -0.000721 0.085146
v -0.141760 -0.473836 -0.108470
v -0.167568 0.336117 0.178852
v -0.167234 -0.116559 0.026625
v -0.167549 -0.229988 0.088452
v -0.170203 -0.213729 0.062193
v -0.167825 -0.099943 0.077180
v -0.154960 -0.150210 0.141206
v -0.168295 0.200252 -0.025994
v -0.155161 0.441804 -0.135008
v -0.167755 -0.193295 0.103634
v -0.159234 -0.066270 0.002175
v -0.162893 -0.174167 -0.018570
v -0.138105 0.027342 -0.037741
v -0.145588 0.284714 0.047924
v -0.148348 0.440553 -0.024492
v -0.146104 -0.368051 -0.064030
v -0.153831 0.127159 0.092320
v -0.159424 -0.273999 0.079913
v -0.123983 0.379970 -0.126560
v -0.152439 -0.320294 0.117998
v -0.153141 -0.192346 0.068783
v -0.160615 -0.170499 0.094078
v -0.156427 -0.109037 -0.084538
v -0.151230 -0.171861 0.194352
v -0.136455 -0.239187 -0.122727
v -0.111298 0.047239 -0.218400
v -0.139186 0.302447 0.138796
v -0.149651 -0.379791 0.147063
v -0.148818 -0.221366 0.096573
v -0.139629 0.468680 -0.142799
v -0.158704 0.212732 0.023034
v -0.149776 -0.369955 0.038366
v -0.152604 0.104793 0.039181
v -0.157943 -0.315951 -0.015092
v -0.128583 0.464390 -0.003488
v -0.150586 -0.251160 0.027649
v -0.132182 -0.129025 -0.183696
v -0.147602 -0.121100 -0.158600
v -0.157472 -0.087895 -0.022394
v -0.151732 -0.168703 0.130585
v -0.161010 -0.225516 0.123399
v -0.155459 -0.190114 0.171037
v -0.152912 -0.169472 -0.060984
v -0.152152 -0.258931 0.053093
v -0.119531 0.035541 -0.254618
v -0.161231 -0.244094 0.106600
v -0.150201 -0.152969 0.027082
v -0.162383 -0.070724 -0.081836
v -0.143963 0.130425 0.118329
v -0.146080 0.201706 -0.035609
v -0.145252 -0.219426 -0.077358
v -0.119362 -0.377457 -0.070174
v -0.103450 0.350973 -0.007794
v -0.155634 0.156610 0.046520
v -0.110379 0.451548 -0.194980
v -0.127245 0.343911 -0.024577
v -0.154111 -0.218155 0.051680
v -0.159383 0.003654 0.232815
v -0.155421 -0.182915 0.201039
v -0.144209 0.051852 -0.108192
v -0.146639 -0.334059 0.072003
v -0.158123 0.016947 0.202726
v -0.148273 -0.286475 -0.001673
v -0.128027 -0.168560 -0.187224
v -0.129868 0.396799 -0.003865
v -0.149036 -0.135209 -0.051969
v -0.150325 -0.338409 0.008675
v -0.155289 -0.184598 -0.019209
v -0.137810 -0.152189 -0.056933
v -0.144605 -0.328866 -0.004185
v -0.101900 -0.077441 -0.184942
v -0.115420 0.398999 -0.043755
v -0.135012 -0.201001 -0.049898
v -0.123011 -0.063728 -0.000800
v -0.136257 0.067279 -0.142584
v -0.152237 -0.271145 -0.024566
v -0.128171 0.345890 0.132417
v -0.145745 0.155307 -0.118189
v -0.118917 -0.179060 -0.196870
v -0.136820 -0.336066 0.088291
v -0.142872 -0.179923 0.237230
v -0.136160 -0.113367 0.079505
v -0.140200 -0.438691 0.166723
v -0.144721 -0.248593 -0.024387
v -0.110839 -0.013982 -0.080662
v -0.135047 -0.213466 0.107476
v -0.134360 0.162984 0.066808
v -0.123618 0.414531 -0.090570
v -0.140614 0.153606 -0.045055
v -0.140428 -0.097450 0.083419
v -0.116614 -0.100941 -0.057771
v -0.142590 -0.136539 -0.038214
v -0.135238 0.103849 -0.055237
v -0.129578 -0.011381 0.262011
v -0.141513 0.171274 0.051384
v -0.140999 -0.151440 -0.171876
v -0.140642 0.178230 0.139398
v -0.081637 -0.184385 0.090900
v -0.135553 -0.143165 -0.137008
v -0.125095 0.013682 0.000448
v -0.118218 0.461794 0.037440
v -0.108242 -0.054375 -0.097214
v -0.116946 -0.220119 0.116022
v -0.133264 0.138725 0.076517
v -0.136116 0.026408 0.196699
v -0.123859 0.214314 0.015635
v -0.116040 -0.079256 -0.041416
v -0.116668 -0.050740 0.193356
v -0.111735 -0.044826 0.211812
v -0.120985 0.249591 0.102471
v -0.130130 0.065077 -0.126167
v -0.114800 -0.359820 -0.021079
v -0.112401 -0.109839 -0.085329
v -0.107670 0.091752 -0.172785
v -0.140880 -0.019038 0.274966
v -0.130213 0.001479 0.191795
v -0.128708 -0.159643 -0.146411
v -0.125937 -0.188257 0.106892
v -0.108444 -0.312026 -0.008798
v -0.115710 -0.014529 0.176840
v -0.100818 -0.202684 0.160065
v -0.111107 0.130118 -0.059370
v -0.119561 0.010033 -0.195308
v -0.071327 -0.181721 -0.157853
v -0.119356 -0.090543 -0.075469
v -0.126109 0.153607 -0.125469
v -0.121886 -0.274213 -0.110213
v -0.131604 -0.273176 -0.088323
v -0.124177 -0.149282 -0.031934
v -0.122955 0.252940 -0.066245
v -0.090721 -0.178906 0.117254
v -0.127743 0.165475 0.042562
v -0.126733 0.187415 0.066756
v -0.128382 -0.088721 0.115484
v -0.110414 -0.032562 0.076947
v -0.114415 0.255208 0.024314
v -0.092302 -0.166939 -0.185650
v -0.094929 0.078392 0.114116
v -0.103735 -0.069749 -0.075856
v -0.105986 -0.060967 -0.163368
v -0.108851 -0.218710 0.204020
v -0.109116 -0.115656 -0.060382
v -0.099946 0.297840 0.050682
v -0.090803 -0.409204 -0.126736
v -0.115604 0.186662 0.104047
v -0.101510 -0.198937 0.230684
v -0.118392 0.136346 -0.134865
v -0.114285 -0.153137 -0.169082
v -0.115414 0.282842 -0.085701
v -0.105729 -0.246539 0.111158
v -0.089236 -0.331979 0.098906
v -0.114551 0.076222 -0.129108
v -0.103161 -0.138000 0.098316
v -0.098937 0.102753 0.061021
v -0.126200 0.218749 0.081200
v -0.122468 0.009760 0.035988
v -0.124592 -0.088828 0.192393
v -0.109316 0.162047 0.159313
v -0.124183 0.245925 -0.043487
v -0.106856 -0.225534 -0.043321
v -0.100114 -0.404653 0.151013
v -0.111642 -0.080194 -0.013620
v -0.116278 -0.473421 0.213614
v -0.050556 -0.196596 -0.147707
v -0.098821 0.067362 -0.028433
v -0.114992 -0.285122 -0.086806
v -0.107084 -0.222484 -0.072057
v -0.106035 -0.001210 -0.034182
v -0.106010 0.012560 -0.121838
v -0.108919 -0.027437 0.211844
v -0.086375 -0.230703 -0.120324
v -0.099399 -0.474304 -0.156402
v -0.111332 0.042734 -0.157039
v -0.098267 0.019672 0.185051
v -0.106070 -0.070095 0.024506
v -0.094437 -0.146384 -0.071983
v -0.110674 -0.276530 -0.049577
v -0.116962 -0.119634 -0.176039
v -0.106973 -0.116726 0.102010
v -0.106128 0.236133 -0.018805
v -0.115825 0.147545 -0.147988
v -0.113583 -0.128844 -0.006182
v -0.106591 -0.117266 -0.018852
v -0.108640 0.101863 -0.146124
v -0.109364 -0.031477 0.061387
v -0.039100 0.441548 -0.138341
v -0.104887 -0.355618 0.099822
v -0.107391 0.145091 -0.040689
v -0.113749 0.102237 -0.163609
v -0.099505 -0.121465 -0.184791
v -0.107771 0.057735 -0.112618
v -0.088975 0.298373 0.087395
v -0.086496 0.449159 -0.002784
v -0.101296 0.096565 -0.121712
v -0.107279 0.142465 0.176815
v -0.083742 -0.106856 0.193911
v -0.096459 -0.193206 -0.037022
v -0.104663 0.090024 -0.125883
v -0.094072 -0.169849 -0.043857
v -0.105989 0.126095 -0.074696
v -0.102611 -0.029915 -0.098704
v -0.087610 -0.015322 0.129557
v -0.104009 -0.077812 -0.004130
v -0.104243 0.318645 -0.018140
v -0.079552 -0.165294 -0.077967
v -0.097423 -0.025805 0.148800
v -0.096737 0.148193 -0.149926
v -0.100710 -0.335420 -0.099815
v -0.088824 0.237794 -0.012704
v -0.093572 -0.132517 0.003781
v -0.108980 -0.271572 0.232364
v -0.096969 0.374713 -0.090037
v -0.091130 0.254042 0.120382
v -0.071995 0.348373 0.178393
v -0.053707 0.444547 0.027442
v -0.094631 0.294210 -0.073922
v -0.085497 -0.180543 -0.071205
v -0.095639 -0.277605 -0.128369
v -0.067852 0.362607 0.144586
v -0.074554 -0.269031 0.264154
v -0.057396 0.093665 -0.167288
v -0.082163 0.331057 -0.047139
v -0.100553 -0.074600 -0.014188
v -0.090755 0.150481 0.107590
v -0.039667 0.106825 -0.172570
v -0.096384 -0.064049 -0.100153
v -0.072120 0.094487 -0.150063
v -0.091936 -0.250581 0.197705
v -0.097676 0.054552 -0.140650
v -0.086756 0.148287 0.042582
v -0.030216 -0.021860 0.271088
v -0.064549 -0.264221 0.205404
v -0.080736 0.120644 -0.152195
v -0.090735 0.102570 0.173378
v -0.085098 0.142930 0.238422
v -0.085846 -0.400430 0.175653
v -0.077847 0.157817 -0.089067
v -0.052900 -0.061747 0.197930
v -0.086373 -0.089455 -0.163034
v -0.062010 -0.102645 0.145556
v -0.072575 0.109388 -0.103838
v -0.078865 0.178085 -0.024548
v -0.066379 -0.082129 -0.153841
v -0.082496 0.021016 -0.123403
v -0.081718 0.114157 -0.014665
v -0.041574 0.380657 -0.017365
v -0.079006 0.120263 0.238628
v -0.074859 0.030462 0.130632
v -0.030462 0.394392 -0.130007
v -0.084303 0.037469 0.038100
v -0.047136 -0.086033 0.014144
v -0.089114 -0.188910 0.192386
v -0.064221 -0.210433 0.211051
v -0.072530 0.279188 -0.094905
v -0.078909 0.079846 0.036564
v -0.053022 0.344929 -0.110319
v -0.086922 0.017832 0.007399
v -0.044699 -0.002968 0.184360
v -0.087863 -0.292374 0.199981
v -0.044299 -0.206534 -0.124672
v -0.092720 0.014757 -0.239095
v -0.077192 -0.195911 0.235218
v -0.078724 -0.124212 -0.140224
v -0.061068 0.150963 0.167629
v -0.047484 0.372679 -0.013352
v -0.082963 0.056228 -0.183567
v -0.080982 0.037760 -0.236478
v -0.075375 0.295709 -0.068330
v -0.079509 -0.021951 0.040885
v -0.079724 0.081233 0.025843
v -0.076257 -0.472924 0.224546
v -0.056933 0.408324 -0.026373
v -0.053440 0.257102 0.030123
v -0.056845 0.329387 -0.020132
v -0.077400 0.164771 0.023630
v -0.070174 -0.183061 -0.078897
v -0.069278 -0.028887 0.001074
v -0.018960 -0.024126 -0.096265
v -0.060229 -0.002977 -0.202690
v -0.042078 -0.027615 0.219400
v -0.061018 -0.295859 0.237162
v -0.053199 -0.390737 0.204281
v -0.059799 0.022278 0.034430
v -0.050930 0.266848 0.112321
v -0.073969 0.170279 0.015109
v -0.041565 -0.276671 0.231174
v -0.055389 0.141207 0.127163
v -0.036491 0.092673 -0.140583
v -0.056198 -0.071466 -0.105373
v -0.038347 -0.038231 0.225296
v -0.039567 0.160482 0.113477
v -0.069190 -0.200567 0.138030
v -0.071925 -0.107946 -0.095853
v -0.074870 -0.163628 -0.084127
v -0.062640 0.099372 -0.126139
v -0.019624 -0.416473 -0.125536
v -0.064831 0.108791 -0.023366
v -0.055452 -0.103623 -0.158188
v -0.039663 0.079726 0.045709
v -0.043729 0.138062 0.239450
v -0.052949 0.317586 0.085125
v -0.043753 0.285707 -0.041007
v -0.051250 -0.034062 0.146574
v -0.007563 0.053425 -0.147422
v -0.063312 -0.232118 0.170042
v -0.045535 0.404075 -0.091800
v -0.051529 0.081393 -0.164402
v -0.053306 0.140130 -0.073611
v -0.043666 0.095302 0.184592
v -0.029197 -0.077656 0.004420
v -0.046376 0.358069 0.154755
v -0.058316 0.352265 -0.062289
v -0.064382 0.331033 -0.115372
v -0.042225 -0.036265 -0.104852
v -0.057764 0.320940 -0.192360
v -0.038614 -0.047639 0.157072
v -0.056994 -0.174773 -0.079969
v -0.028786 0.026555 -0.255220
v -0.030790 0.455207 -0.009812
v -0.037974 0.039292 -0.183584
v -0.027967 -0.351038 -0.120001
v -0.063794 0.094875 0.152876
v -0.039052 -0.294184 0.216057
v -0.002576 0.127198 -0.155709
v -0.055650 0.110828 -0.084314
v -0.040010 0.191389 0.100291
v -0.035550 -0.131634 0.101010
v -0.053494 -0.081650 -0.171529
v -0.047253 0.145881 -0.053275
v -0.024334 0.167821 0.005768
v -0.047134 -0.111419 -0.091134
v -0.046540 0.080740 0.136259
v -0.045445 0.106187 -0.106127
v -0.029557 0.113287 -0.002295
v -0.040289 0.292626 -0.117366
v -0.049419 -0.035152 -0.183727
v -0.043681 0.367862 0.019825
v -0.044527 0.099607 -0.142125
v -0.033285 -0.121842 -0.158554
v -0.054339 -0.051859 -0.190931
v -0.035511 0.124313 -0.149316
v -0.043233 0.111947 0.182151
v -0.026766 0.440762 -0.174976
v -0.042156 0.290171 -0.074654
v -0.001261 0.271682 -0.181256
v -0.027465 -0.026925 0.060851
v -0.046541 -0.009906 -0.163502
v -0.043930 0.134249 -0.112368
v -0.044898 -0.041177 -0.137744
v -0.023108 -0.208941 0.136410
v -0.034076 0.260541 0.066981
v -0.041122 0.415031 0.102742
v -0.032662 0.075310 -0.118528
v -0.015770 0.094670 0.023557
v -0.024423 0.304166 -0.093057
v -0.035813 0.103661 -0.142410
v -0.024334 0.029540 0.114377
v -0.029968 0.114369 -0.032398
v -0.042470 0.380865 0.064615
v -0.032711 -0.232978 0.168044
v -0.032444 0.133752 -0.109270
v -0.022487 0.030901 0.049706
v -0.040385 0.279019 -0.067480
v -0.028789 -0.281616 0.193691
v -0.036377 0.025083 -0.218790
v -0.009057 0.113873 0.239662
v -0.024711 -0.028389 -0.000964
v -0.043347 0.029126 -0.207409
v -0.004301 -0.473717 -0.144667
v -0.008169 -0.446102 0.206403
v -0.032807 0.096565 -0.100237
v -0.019585 0.438777 -0.084480
v -0.015723 -0.296300 -0.112799
v -0.016295 0.115441 0.142653
v -0.029290 -0.000609 -0.202323
v -0.028477 -0.066357 0.099011
v -0.009531 0.388536 0.129532
v -0.032428 -0.203651 -0.125265
v -0.023836 -0.364649 0.203181
v -0.032470 0.099947 -0.087286
v 0.008656 0.462472 -0.002996
v -0.035602 0.118494 -0.095977
v -0.039105 0.193887 0.020638
v -0.031972 -0.197069 -0.084437
v -0.022036 -0.218597 0.201522
v -0.031917 0.123750 -0.078616
v -0.022467 -0.186052 0.084321
v -0.032730 0.286759 -0.028151
v -0.026975 0.029490 -0.202840
v -0.022940 -0.291007 0.233471
v -0.005508 0.314183 -0.120808
v -0.006287 -0.053184 -0.183449
v -0.031883 0.129194 -0.094377
v -0.029367 0.165407 0.091721
v -0.020718 -0.183339 -0.078490
v -0.014295 0.371707 0.011099
v -0.030442 -0.164238 -0.160704
v -0.003624 -0.000076 -0.217137
v -0.006454 -0.472861 0.226233
v -0.014400 0.137708 -0.039208
v -0.013741 -0.265994 0.257737
v -0.006989 0.103758 -0.149479
v -0.016868 -0.258955 0.200331
v -0.000121 -0.071824 -0.179797
v -0.012003 -0.206344 0.115530
v -0.024988 0.137030 0.078888
v -0.020314 -0.022464 0.247739
v -0.027653 0.124332 -0.085749
v -0.024939 -0.000907 0.097482
v -0.028162 -0.114115 0.021491
v -0.000489 0.059937 -0.169733
v -0.001872 -0.013222 -0.194758
v 0.009373 0.133445 -0.046039
v 0.000881 0.307516 -0.223171
v -0.026131 0.063683 0.054797
v -0.009746 -0.098855 -0.166916
v -0.000967 -0.031794 -0.151953
v 0.007782 -0.032711 -0.130606
v -0.014339 -0.329187 -0.115473
v -0.013728 0.404611 -0.049244
v -0.008142 0.382858 0.066828
v -0.025979 -0.191736 -0.248489
v -0.003285 0.037879 0.022714
v -0.006961 0.000910 -0.165721
v -0.013499 -0.260727 -0.220335
v -0.020088 -0.201868 -0.266645
v -0.005807 0.234663 -0.106039
v 0.010964 0.115027 0.207545
v -0.012322 0.470004 -0.061080
v -0.004495 -0.201440 -0.011354
v -0.024446 -0.091586 -0.071543
v -0.002360 0.410640 0.101352
v -0.019443 -0.045118 -0.087148
v 0.005731 -0.269072 -0.112403
v -0.014952 -0.055796 -0.064687
v -0.003830 0.188533 0.017409
v -0.001649 0.438721 -0.147882
v 0.001336 0.292096 -0.027449
v 0.003638 0.145783 0.099249
v -0.007425 -0.200256 0.192931
v -0.010279 -0.093629 -0.021358
v -0.004947 0.132974 -0.073074
v 0.002418 0.069692 0.115521
v 0.006834 0.165147 -0.000887
v -0.012649 -0.177554 -0.078985
v -0.006266 -0.210944 -0.068023
v -0.018114 -0.057164 -0.169368
v -0.010114 -0.307963 -0.174030
v -0.010123 -0.141198 -0.060760
v 0.001348 0.017258 -0.052273
v -0.003194 -0.101318 -0.073991
v -0.002631 -0.239341 -0.274057
v -0.008302 0.258858 0.010198
v 0.006807 -0.229899 -0.276584
v -0.002535 -0.019099 -0.116480
v 0.005537 -0.169475 -0.155587
v 0.026089 0.116543 0.160275
v 0.005462 0.442155 -0.089321
v 0.007425 -0.201629 -0.213856
v 0.021015 0.309709 -0.191043
v -0.000179 -0.220045 -0.223662
v 0.007055 0.019224 -0.027680
v -0.007252 -0.028316 -0.089236
v -0.003023 -0.321675 -0.102304
v 0.014415 -0.324274 -0.062268
v 0.000935 -0.209400 0.044732
v 0.018312 0.033338 -0.259747
v -0.007593 -0.076105 0.195864
v -0.006048 -0.194543 -0.207495
v 0.002234 -0.052077 -0.160854
v 0.000844 -0.095777 0.226141
v 0.011105 -0.386096 0.175470
v 0.003842 -0.210136 0.093423
v 0.006591 -0.257771 0.200444
v 0.008041 -0.302914 -0.209061
v 0.005406 -0.073956 0.203718
v 0.018667 -0.292745 -0.134096
v 0.012739 -0.211731 -0.032706
v 0.019975 -0.212068 0.187091
v 0.008902 0.138847 -0.015804
v 0.018910 0.276052 0.010000
v 0.023147 -0.209381 0.141571
v 0.011158 0.050617 -0.054186
v 0.007479 -0.245839 -0.233546
v 0.018693 0.168428 -0.132366
v 0.014340 -0.236883 0.119497
v 0.002920 0.040482 -0.191122
v 0.012630 -0.285373 -0.070460
v 0.049326 -0.209212 -0.128235
v 0.020148 -0.305575 -0.154081
v 0.014658 0.469079 -0.061889
v 0.036687 -0.214054 -0.056130
v 0.025054 -0.107365 0.161749
v 0.017828 -0.118980 -0.143411
v 0.014471 0.302050 0.003884
v 0.010522 0.302932 -0.027804
v 0.014495 -0.103110 0.270533
v 0.010569 -0.097213 0.234884
v 0.018265 0.024783 -0.084624
v 0.011204 -0.270849 0.183394
v 0.016795 -0.138989 -0.069587
v 0.019176 0.018701 -0.256301
v 0.013663 -0.241716 0.187606
v 0.020093 0.055040 0.009432
v 0.012670 0.267556 -0.122540
v 0.010111 -0.299608 0.165773
v 0.027809 -0.175937 -0.080216
v 0.012229 -0.317891 0.136549
v 0.012248 -0.255257 0.166350
v 0.026454 -0.152196 0.194163
v 0.040869 0.279852 -0.206038
v 0.032505 0.126933 0.117993
v 0.028135 0.054480 -0.105977
v 0.039236 -0.187759 -0.122376
v 0.019957 -0.093264 0.265218
v 0.048234 -0.197606 -0.209034
v 0.027175 -0.058631 -0.092036
v 0.017114 -0.362029 0.133081
v 0.016533 -0.277924 0.206695
v 0.026344 0.025014 -0.042527
v 0.042139 -0.340980 -0.081877
v 0.064404 0.309453 -0.249995
v 0.044871 -0.414561 -0.130012
v 0.026785 -0.086609 0.109191
v 0.017629 -0.380978 0.164522
v 0.034775 0.037124 -0.128809
v 0.040069 -0.009804 -0.084501
v 0.033133 -0.345258 0.178100
v 0.070272 0.173904 -0.151059
v 0.036660 -0.081804 0.016020
v 0.030698 -0.190992 -0.199512
v 0.035896 -0.168696 0.162170
v 0.050594 -0.282431 -0.229195
v 0.028479 -0.053858 -0.125893
v 0.043220 -0.232870 -0.125090
v 0.037595 -0.022187 0.063829
v 0.026988 -0.270044 -0.128341
v 0.031160 -0.174920 -0.027918
v 0.029914 -0.344629 0.126660
v 0.050065 -0.256637 -0.230748
v 0.038612 0.214538 -0.033738
v 0.025901 -0.313725 -0.159547
v 0.099479 -0.442858 0.192391
v 0.040785 -0.155640 0.212197
v 0.026522 0.224150 -0.122776
v 0.054390 -0.100040 0.285492
v 0.056220 -0.237515 0.110361
v 0.085076 -0.283181 -0.066628
v 0.059296 0.219854 -0.002189
v 0.067498 0.240910 -0.146168
v 0.064911 -0.237567 -0.282951
v 0.035032 0.173740 -0.043741
v 0.061717 -0.180206 -0.084328
v 0.046586 -0.024160 0.129728
v 0.040629 0.173839 -0.111638
v 0.045475 0.000597 0.140471
v 0.077543 0.236322 -0.025461
v 0.060051 -0.284131 0.206285
v 0.057080 -0.188907 0.098415
v 0.059753 -0.472175 -0.150489
v 0.053073 0.039133 -0.128722
v 0.039501 -0.095597 -0.040856
v 0.067113 -0.347638 -0.057318
v 0.052283 -0.230390 -0.205658
v 0.037203 0.036470 0.083176
v 0.044610 0.032134 0.172670
v 0.054205 -0.196911 0.151529
v 0.056092 -0.153478 0.169958
v 0.041672 0.057785 0.056997
v 0.045897 0.036750 0.099506
v 0.054508 -0.238996 -0.180286
v 0.069752 0.036995 -0.025492
v 0.042662 -0.303533 -0.134288
v 0.076219 0.126166 -0.007532
v 0.053399 0.016892 -0.099392
v 0.060968 -0.178142 0.199017
v 0.052521 -0.002481 0.059429
v 0.058100 -0.111922 -0.066823
v 0.078450 -0.202602 -0.205860
v 0.063462 -0.156202 -0.053082
v 0.063329 -0.277491 -0.211464
v 0.089607 0.059978 -0.109853
v 0.085368 -0.118028 0.250476
v 0.061596 0.022904 0.134021
v 0.105172 0.293994 -0.029330
v 0.053583 -0.395947 -0.126960
v 0.057221 0.155973 -0.086709
v 0.062527 -0.370501 -0.067809
v 0.078496 -0.050931 -0.024413
v 0.067447 -0.270066 -0.125159
v 0.056286 -0.011553 0.103880
v 0.071116 0.178737 -0.034477
v 0.139533 0.304827 0.005476
v 0.076161 -0.059278 0.020797
v 0.064111 -0.114089 -0.107828
v 0.096427 -0.033627 0.127243
v 0.066215 0.037914 0.077349
v 0.076473 -0.429528 -0.074493
v 0.066590 -0.002696 0.088679
v 0.089161 0.208178 -0.044794
v 0.089592 0.166107 -0.058995
v 0.080356 0.015446 -0.093936
v 0.089961 0.170645 -0.104221
v 0.083141 -0.239527 0.147668
v 0.068166 -0.044890 0.094263
v 0.069125 -0.204399 0.082845
v 0.079658 -0.106578 0.272846
v 0.066437 -0.319940 0.108855
v 0.077376 -0.220426 -0.229347
v 0.067935 -0.142076 0.208432
v 0.083290 -0.230713 0.178040
v 0.073100 -0.012639 0.108815
v 0.110081 0.020234 0.180457
v 0.088169 0.033546 -0.120680
v 0.087439 -0.325192 -0.047167
v 0.076772 -0.175751 -0.110697
v 0.068694 -0.332033 0.009362
v 0.092059 -0.065786 0.031684
v 0.070761 -0.291432 0.023240
v 0.099611 0.314091 -0.195220
v 0.075714 -0.198938 0.026487
v 0.109455 -0.473313 0.187647
v 0.084638 -0.299591 0.193063
v 0.074524 -0.373814 -0.025828
v 0.067260 -0.292344 -0.015975
v 0.104964 -0.245257 -0.274510
v 0.080867 -0.336421 -0.008452
v 0.102036 0.079212 -0.026220
v 0.092900 -0.474052 -0.099066
v 0.101226 -0.017448 0.059285
v 0.086054 -0.382735 -0.058909
v 0.091790 -0.112615 -0.096382
v 0.108506 0.022332 0.089928
v 0.092484 0.017504 0.133519
v 0.094672 -0.330477 0.040327
v 0.118918 0.008174 -0.028071
v 0.100474 -0.118060 0.032943
v 0.088018 -0.288544 -0.005433
v 0.097728 -0.248743 -0.108650
v 0.087350 -0.303848 -0.032744
v 0.096648 -0.215932 -0.114711
v 0.138602 0.285684 -0.205873
v 0.092826 -0.351753 -0.017071
v 0.140855 0.311072 -0.251980
v 0.106419 -0.335202 0.103087
v 0.091393 -0.141206 -0.079832
v 0.094856 -0.255635 0.005900
v 0.079520 -0.136691 -0.031550
v 0.109837 -0.310814 0.131584
v 0.094835 -0.286090 -0.031032
v 0.092078 -0.296433 -0.097759
v 0.093605 -0.231200 -0.236046
v 0.095051 -0.138091 -0.059973
v 0.087263 -0.158982 -0.078851
v 0.089952 -0.104627 0.205133
v 0.090788 -0.078265 0.205901
v 0.114224 -0.154485 -0.102689
v 0.103537 0.218896 -0.012227
v 0.097834 0.228912 -0.123819
v 0.093604 -0.174732 0.168973
v 0.093272 -0.068411 0.153280
v 0.117702 0.308582 -0.025448
v 0.095276 -0.220379 -0.093618
v 0.110500 -0.177745 -0.076223
v 0.108328 -0.321513 -0.099244
v 0.101618 -0.150897 0.190861
v 0.103691 -0.136335 -0.024445
v 0.114428 0.039649 0.059839
v 0.122254 -0.222418 0.193019
v 0.116404 -0.131950 0.016684
v 0.118099 -0.116927 -0.042173
v 0.120427 0.137085 -0.029871
v 0.108023 -0.234278 -0.043870
v 0.102703 -0.345588 -0.074611
v 0.114253 -0.291380 -0.009163
v 0.124376 -0.218597 -0.001710
v 0.118055 -0.310403 -0.030381
v 0.146380 -0.409641 -0.050945
v 0.116595 0.238786 -0.088457
v 0.108303 -0.179746 0.135107
v 0.116185 -0.016247 0.088170
v 0.122563 -0.316283 0.069384
v 0.111721 -0.161142 -0.045810
v 0.126341 -0.293361 -0.022318
v 0.102630 -0.177499 -0.029436
v 0.123732 -0.074021 0.093163
v 0.112213 -0.072066 0.138911
v 0.115696 -0.084126 0.208940
v 0.112064 -0.194931 -0.069907
v 0.106854 0.229888 0.015753
v 0.112002 0.080212 -0.092321
v 0.133691 -0.176472 -0.109296
v 0.131058 0.222974 -0.023333
v 0.115947 -0.178419 -0.030985
v 0.129456 0.032559 0.023194
v 0.155561 -0.473511 0.053240
v 0.122056 0.077740 -0.004157
v 0.124559 -0.413700 0.176639
v 0.123318 -0.126482 0.215061
v 0.127939 -0.068838 0.112869
v 0.129548 -0.094022 0.235303
v 0.119053 -0.132397 -0.001516
v 0.151986 -0.472817 -0.050551
v 0.127851 0.123505 0.025659
v 0.129443 -0.332028 0.003391
v 0.142685 -0.473056 0.148546
v 0.140424 -0.338248 -0.062387
v 0.123544 -0.106981 0.133433
v 0.128894 0.136448 -0.051721
v 0.124408 -0.141453 0.170197
v 0.153779 0.307254 -0.156486
v 0.128851 -0.336633 0.093409
v 0.122199 -0.164280 -0.034920
v 0.171514 0.325442 -0.228692
v 0.148366 -0.283545 0.028519
v 0.125678 0.199221 0.060217
v 0.159863 0.280388 -0.019476
v 0.135963 -0.116006 0.207304
v 0.148695 0.239550 -0.154162
v 0.129040 0.222090 0.006218
v 0.139610 0.063008 -0.035749
v 0.136351 -0.132078 0.011257
v 0.138275 0.021517 0.131297
v 0.163164 0.015194 -0.023521
v 0.140232 -0.161026 -0.058787
v 0.146928 -0.151251 -0.093629
v 0.159244 -0.172842 0.192923
v 0.147886 -0.212960 0.165143
v 0.140374 -0.196686 0.134154
v 0.149918 -0.429318 0.110441
v 0.162776 0.209064 0.083880
v 0.146327 0.020285 0.079944
v 0.155215 -0.022732 0.010214
v 0.156991 0.301195 -0.082503
v 0.154043 -0.334685 0.003083
v 0.148268 -0.125807 0.146478
v 0.138727 0.168205 -0.066955
v 0.158827 -0.144590 0.173751
v 0.172992 -0.097936 0.092291
v 0.159233 0.325583 -0.170191
v 0.153712 -0.175838 -0.073351
v 0.174396 -0.176938 -0.008197
v 0.138452 0.217053 -0.016213
v 0.141545 -0.374698 -0.038330
v 0.145168 -0.348123 -0.033972
v 0.190060 -0.331531 -0.078814
v 0.161688 -0.103396 0.246415
v 0.142376 0.131578 -0.068352
v 0.192604 -0.337801 -0.084771
v 0.162761 -0.100281 0.119160
v 0.179196 -0.177984 -0.011543
v 0.165350 -0.288629 -0.009021
v 0.179098 -0.330165 -0.101920
v 0.159654 0.169392 -0.109949
v 0.143352 -0.384147 0.004018
v 0.153978 0.207800 0.047111
v 0.184628 -0.136951 0.211684
v 0.166545 0.169737 -0.043903
v 0.146415 0.100797 0.009511
v 0.150252 0.109670 -0.027874
v 0.150370 -0.442348 0.069451
v 0.193892 0.123662 0.040559
v 0.160298 -0.245866 0.071716
v 0.181550 -0.270820 0.096678
v 0.183281 -0.124006 0.100892
v 0.169014 0.262325 -0.083203
v 0.152267 -0.408015 -0.024633
v 0.173819 -0.314684 -0.011511
v 0.161888 -0.334282 0.010695
v 0.167947 0.070546 0.003430
v 0.162616 -0.412923 0.091791
v 0.165296 0.156449 0.011737
v 0.170243 0.147729 0.031967
v 0.154527 -0.174059 0.050504
v 0.177671 -0.175955 -0.007194
v 0.171299 -0.159598 -0.006295
v 0.183929 -0.117300 0.191785
v 0.184973 0.297812 -0.021220
v 0.171431 -0.178873 0.008117
v 0.167568 -0.192365 0.086108
v 0.180725 -0.282978 0.004480
v 0.195676 0.299332 -0.147977
v 0.176918 0.152596 -0.037346
v 0.186281 0.320574 -0.169255
v 0.182820 -0.182066 0.038571
v 0.176523 0.099657 0.010007
v 0.175599 -0.224626 0.099981
v 0.188488 -0.196864 0.144725
v 0.187082 -0.100923 0.143576
v 0.195996 -0.327630 -0.015694
v 0.184462 0.103036 -0.031598
v 0.188422 -0.338205 -0.047514
v 0.202464 -0.338269 -0.039591
v 0.189423 -0.202618 0.085821
v 0.190383 0.290653 -0.104128
v 0.196638 0.173545 -0.112857
v 0.222606 0.188133 0.066482
v 0.191786 -0.171372 0.006528
v 0.173043 -0.259780 0.045524
v 0.201021 -0.334837 0.076844
v 0.194229 -0.288956 0.064312
v 0.220535 -0.131897 0.161855
v 0.212629 0.171200 -0.053049
v 0.194358 -0.114647 0.236375
v 0.211117 0.134550 -0.066178
v 0.197512 0.107387 -0.010717
v 0.191625 -0.284990 0.035105
v 0.215514 -0.197565 -0.027848
v 0.208950 -0.193468 -0.040700
v 0.219709 -0.230270 0.123578
v 0.239429 0.120434 0.007155
v 0.220827 -0.102433 0.089389
v 0.235245 -0.271741 0.011832
v 0.201009 -0.119015 0.203110
v 0.241351 -0.271659 0.082538
v 0.239036 0.184708 0.081811
v 0.212178 -0.129826 0.202766
v 0.219464 -0.259010 0.078134
v 0.259899 -0.227241 -0.042436
v 0.254990 -0.238352 0.048046
v 0.240975 -0.217432 0.115942
v 0.247592 0.186750 -0.098122
v 0.241409 -0.217145 0.153407
v 0.249125 -0.226167 -0.001843
v 0.262420 -0.263762 0.050109
v 0.250322 0.155329 0.002280
v 0.238781 0.184185 -0.049828
v 0.278469 -0.222584 0.126519
v 0.251685 0.175404 -0.050723
v 0.266516 0.157208 0.028197
v 0.278016 -0.243531 -0.003680
v 0.295765 -0.237933 0.030318
v 0.299671 -0.226163 0.090202
vn -0.8406 -0.2312 -0.4898
vn -0.8716 -0.1199 0.4753
vn -0.8680 0.2129 -0.4486
vn -0.6545 -0.5671 0.5000
vn 0.1169 -0.4062 -0.9063
vn -0.8369 0.0054 -0.5474
vn -0.9521 0.0226 0.3051
vn -0.7957 0.2173 0.5654
vn -0.6210 0.7808 0.0687
vn -0.3493 0.3535 0.8678
vn -0.4203 0.0766 0.9042
vn -0.7887 -0.5062 -0.3489
vn -0.5754 -0.5746 -0.5821
vn -0.7453 -0.6571 -0.1125
vn -0.0091 -0.6048 -0.7963
vn -0.6745 0.4619 -0.5758
vn 0.4721 0.2664 -0.8403
vn 0.0676 -0.2574 -0.9639
vn -0.8994 0.4351 -0.0425
vn 0.5991 0.5163 -0.6120
vn -0.0647 -0.3635 -0.9294
vn -0.0331 0.5028 -0.8638
vn 0.9300 0.1180 -0.3480
vn -0.7821 -0.6144 0.1039
vn -0.8321 0.0026 -0.5546
vn -0.9873 0.1445 -0.0663
vn -0.7318 0.4620 -0.5010
vn -0.2058 -0.8701 -0.4478
vn -0.8135 0.4445 -0.3751
vn -0.8103 0.5828 0.0613
vn 0.8953 0.4397 0.0714
vn -0.3792 0.7046 -0.5998
vn -0.0685 0.8428 -0.5338
vn -0.4130 0.2767 -0.8677
vn -0.3088 -0.4530 -0.8363
vn -0.4655 0.1044 -0.8789
vn -0.1257 0.0502 -0.9908
vn -0.3857 -0.0519 -0.9212
vn -0.9716 -0.0036 -0.2367
vn -0.7274 -0.1263 -0.6745
vn -0.9367 -0.1541 -0.3145
vn 0.4417 -0.1026 -0.8913
vn -0.3875 0.6552 -0.6485
vn -0.9072 -0.4133 0.0785
vn -0.8469 -0.1537 -0.5090
vn -0.9195 -0.1224 -0.3736
vn -0.8584 0.0195 -0.5127
vn -0.6686 -0.7381 -0.0903
vn -0.5737 -0.6670 -0.4754
vn -0.7446 0.0569 -0.6651
vn 0.5249 -0.1073 -0.8444
vn 0.4406 -0.4116 -0.7978
vn 0.6446 -0.5262 -0.5546
vn -0.4455 -0.5884 -0.6748
vn 0.3108 -0.7689 -0.5588
vn -0.2458 0.6920 0.6788
vn -0.9937 0.0786 -0.0799
vn 0.4935 0.8643 -0.0967
vn 0.7209 0.6912 -0.0492
vn 0.6029 0.5831 0.5444
vn 0.6105 0.3713 -0.6996
vn 0.7275 0.4832 -0.4871
vn 0.8277 -0.0524 -0.5587
vn -0.5566 0.2493 -0.7925
vn 0.4632 0.3997 -0.7910
vn -0.8569 0.3106 -0.4114
vn -0.7626 0.1870 0.6192
vn -0.5213 0.3157 0.7928
vn -0.1143 0.8105 -0.5745
vn 0.4063 0.4637 0.7873
vn -0.8145 -0.3328 -0.4752
vn -0.4901 0.7201 0.4912
vn 0.5967 0.6253 0.5030
vn 0.7342 0.3896 -0.5560
vn -0.4157 0.8680 0.2715
vn -0.1695 0.7341 -0.6576
vn 0.5156 -0.2278 0.8260
vn -0.3794 -0.8965 0.2287
vn 0.1119 0.2017 0.9730
vn -0.9469 0.2294 0.2251
vn 0.6749 0.2067 0.7083
vn -0.3409 0.9050 0.2546
vn 0.4475 0.8848 0.1297
vn -0.7026 -0.0702 0.7082
vn -0.7052 -0.7087 -0.0229
vn -0.5181 -0.8373 0.1749
vn -0.8774 -0.0039 0.4798
vn -0.7016 0.0998 -0.7055
vn -0.4987 -0.2939 -0.8154
vn -0.2746 -0.8544 -0.4411
vn -0.6077 -0.5810 0.5414
vn -0.4893 -0.6484 -0.5832
vn -0.9869 0.0094 0.1608
vn -0.3696 -0.1224 -0.9211
vn 0.7266 -0.0763 -0.6828
vn 0.6547 -0.0827 -0.7514
vn 0.1136 -0.3674 -0.9231
vn 0.5674 -0.0575 -0.8215
vn -0.0330 -0.3056 -0.9516
vn 0.1424 -0.4857 -0.8625
vn -0.1116 -0.0358 -0.9931
vn 0.1060 0.8416 0.5296
vn 0.9044 0.3721 -0.2090
vn -0.8482 0.5229 0.0846
vn -0.9723 -0.1552 -0.1748
vn -0.8513 -0.0398 0.5231
vn -0.5817 0.3901 0.7138
vn -0.7564 0.3694 0.5398
vn -0.7053 0.3719 -0.6036
vn -0.6883 0.0427 0.7242
vn -0.7375 0.4289 0.5217
vn -0.7486 -0.1219 -0.6517
vn 0.3366 0.3651 -0.8680
vn -0.9029 -0.2636 0.3396
vn -0.3613 -0.6828 0.6350
vn 0.6621 0.4851 0.5712
vn 0.3791 -0.4709 -0.7966
vn -0.2811 -0.6943 0.6625
vn -0.8327 -0.5529 0.0308
vn -0.9051 0.3529 -0.2371
vn -0.9625 -0.0983 0.2527
vn -0.7469 0.0738 0.6609
vn -0.8204 -0.0712 -0.5674
vn -0.9089 -0.4070 -0.0913
vn -0.5755 -0.3388 0.7443
vn 0.4530 0.5405 0.7090
vn -0.4149 0.5919 0.6910
vn -0.3284 -0.1931 0.9246
vn -0.9168 -0.0914 0.3887
vn -0.5320 0.0424 0.8457
vn -0.8827 -0.2080 0.4214
vn -0.5762 0.4690 0.6693
vn 0.8724 0.2106 0.4410
vn -0.5527 -0.2228 -0.8030
vn 0.0955 0.9947 0.0369
vn 0.2793 -0.1954 -0.9401
vn -0.6989 0.0595 -0.7127
vn -0.8222 0.4885 -0.2922
vn -0.9914 -0.0894 0.0956
vn -0.9486 -0.3146 -0.0355
vn 0.2848 0.0743 -0.9557
vn -0.0691 0.8143 -0.5763
vn 0.6336 0.6123 0.4730
vn 0.1506 0.0053 -0.9886
vn -0.1273 0.8091 -0.5737
vn -0.6659 0.1930 -0.7207
vn -0.0389 0.4369 -0.8987
vn 0.3971 0.1174 -0.9102
vn -0.7992 0.5463 0.2507
vn -0.1551 0.8018 -0.5771
vn -0.7211 0.6925 0.0205
vn -0.7008 0.4239 -0.5738
vn -0.7803 0.2662 -0.5660
vn -0.5437 0.8153 -0.1991
vn 0.3043 0.9419 -0.1423
vn 0.7612 -0.0790 -0.6437
vn 0.3822 0.5420 -0.7484
vn -0.6486 -0.2064 -0.7326
vn -0.7033 -0.6432 -0.3027
vn 0.8515 -0.1223 -0.5099
vn -0.3916 -0.4562 -0.7991
vn -0.8712 -0.0292 -0.4900
vn -0.7021 0.7118 0.0181
vn -0.0274 0.8060 -0.5913
vn -0.2877 0.9569 -0.0393
vn 0.6855 0.7280 0.0071
vn 0.8263 0.4072 -0.3892
vn -0.9642 0.1941 -0.1807
vn -0.8924 0.4491 0.0436
vn -0.9295 0.0377 -0.3668
vn -0.1245 0.4916 -0.8619
vn 0.3273 -0.5547 -0.7649
vn -0.5445 -0.5909 -0.5953
vn -0.7352 -0.5464 0.4012
vn -0.6938 -0.3298 0.6402
vn -0.4265 -0.2515 0.8688
vn -0.4784 0.1130 0.8709
vn -0.7989 0.4782 0.3649
vn -0.6444 -0.2465 0.7238
vn -0.6669 0.1235 0.7348
vn -0.8415 0.2743 0.4655
vn -0.8548 -0.2535 0.4528
vn -0.8192 -0.5095 0.2634
vn 0.6301 0.5211 -0.5757
vn 0.7050 -0.4920 -0.5109
vn -0.3388 -0.8849 -0.3195
vn -0.7483 0.4023 0.5275
vn -0.8493 -0.1375 0.5097
vn -0.0894 -0.9121 0.4001
vn 0.3780 0.8756 0.3009
vn 0.4713 0.7158 -0.5153
vn -0.4293 0.7152 -0.5516
vn -0.2563 -0.7395 0.6225
vn -0.9004 0.3518 0.2559
vn 0.7067 0.0545 -0.7054
vn -0.5811 0.2182 -0.7840
vn -0.0115 0.8806 -0.4737
vn 0.1198 0.8219 -0.5570
vn 0.6733 -0.0804 -0.7350
vn -0.2686 0.6467 -0.7139
vn 0.6141 0.0935 -0.7836
vn -0.3215 -0.6579 -0.6811
vn 0.9663 0.1646 0.1980
vn 0.3139 0.7140 0.6258
vn 0.5035 0.0014 -0.8640
vn 0.4109 0.7000 -0.5841
vn 0.8332 -0.2757 -0.4794
vn -0.0389 -0.0746 -0.9965
vn -0.2729 0.8606 -0.4299
vn 0.9293 -0.2452 -0.2760
vn -0.4566 -0.6484 -0.6092
vn 0.5496 -0.6804 -0.4848
vn -0.5566 -0.2846 -0.7805
vn -0.7538 0.2029 -0.6250
vn -0.5426 -0.3655 -0.7563
vn -0.4767 0.6625 -0.5778
vn -0.6285 -0.2064 -0.7500
vn -0.1647 -0.2077 0.9642
vn 0.5077 0.2436 0.8264
vn -0.0569 -0.3443 -0.9371
vn 0.5536 0.5661 -0.6108
vn -0.1913 0.6512 -0.7344
vn -0.3254 0.6867 -0.6500
vn 0.1287 -0.4767 -0.8696
vn -0.3131 -0.4985 -0.8083
vn 0.6571 -0.3484 -0.6684
vn 0.6069 -0.5068 -0.6122
vn 0.2930 -0.5802 -0.7600
vn 0.0144 -0.0498 -0.9987
vn 0.2238 -0.0011 -0.9746
vn 0.3186 -0.2740 -0.9074
vn 0.6270 0.5869 -0.5123
vn -0.7361 0.6462 0.2015
vn 0.0724 0.6191 -0.7820
vn 0.7596 0.6114 0.2219
vn -0.6503 0.0039 -0.7597
vn -0.6956 0.0580 -0.7160
vn -0.6814 0.1303 0.7203
vn 0.6777 0.1789 0.7133
vn -0.0917 -0.8751 -0.4752
vn -0.6336 -0.7588 -0.1513
vn -0.7984 -0.3778 -0.4688
vn 0.6998 -0.4786 -0.5304
vn -0.1412 0.4126 -0.8999
vn 0.5514 0.5415 -0.6346
vn -0.3713 0.5899 -0.7170
vn -0.9630 -0.2457 -0.1107
vn -0.5247 0.8297 -0.1904
vn -0.4763 0.8128 0.3353
vn 0.4707 0.3480 -0.8107
vn 0.9375 0.1956 -0.2878
vn 0.2188 0.5508 -0.8054
vn 0.1455 -0.3536 -0.9240
vn 0.8939 -0.0208 -0.4477
vn 0.5304 -0.0223 -0.8475
vn 0.6700 -0.3197 -0.6700
vn 0.8030 0.2839 0.5240
vn 0.9783 -0.0128 0.2070
vn 0.9701 0.1257 0.2075
vn 0.5581 0.3004 0.7735
vn 0.8423 0.5364 0.0527
vn 0.8929 -0.0622 0.4460
vn -0.2064 0.9359 -0.2855
vn -0.2080 0.9747 -0.0822
vn -0.8393 0.2688 -0.4726
vn 0.5616 0.6876 0.4603
vn -0.5117 0.8567 0.0649
vn -0.5557 0.8238 -0.1119
vn 0.4213 0.5063 0.7524
vn 0.8109 -0.4161 -0.4115
vn -0.8212 0.3385 -0.4594
vn -0.5004 -0.4080 -0.7636
vn 0.0498 0.9552 0.2918
vn -0.0311 0.5725 -0.8193
vn 0.7672 0.0427 0.6400
vn 0.6771 0.0189 0.7356
vn 0.9623 0.1798 0.2042
vn 0.4213 0.9062 -0.0357
vn 0.6264 -0.2656 0.7328
vn 0.6862 -0.6850 0.2448
vn 0.5012 0.7049 0.5020
vn 0.8826 -0.3085 -0.3548
vn 0.4654 0.8811 -0.0841
vn 0.5876 -0.2149 -0.7801
vn -0.4331 -0.2479 -0.8666
vn 0.7070 -0.3438 0.6180
vn -0.3864 -0.2121 0.8976
vn -0.3534 -0.6253 0.6958
vn -0.7979 -0.5819 0.1575
vn 0.9445 0.3208 0.0706
vn 0.3969 0.4011 0.8255
vn 0.2348 0.9223 0.3068
vn 0.2859 0.6160 -0.7340
vn -0.9008 0.4016 0.1655
vn -0.9754 -0.2000 -0.0931
vn -0.6145 0.2720 0.7406
vn -0.9600 0.1197 0.2531
vn -0.6322 -0.7008 0.3305
vn -0.9409 -0.3332 0.0604
vn -0.4499 -0.3761 0.8100
vn -0.2094 -0.4760 0.8541
vn 0.3779 -0.6575 0.6518
vn -0.9800 0.1882 0.0642
vn -0.9622 0.2363 0.1352
vn -0.5421 0.1571 -0.8255
vn -0.6439 -0.5847 -0.4934
vn 0.7321 -0.0800 0.6765
vn -0.9193 0.3932 0.0148
vn -0.7551 0.4804 0.4462
vn -0.3947 -0.0945 0.9139
vn 0.3088 0.4316 0.8476
vn 0.7386 0.5581 -0.3781
vn -0.2873 0.0048 0.9578
vn -0.8458 0.1634 0.5079
vn -0.7902 0.0637 0.6095
vn -0.4276 0.5518 0.7160
vn -0.2487 0.5740 0.7802
vn -0.7102 0.4343 0.5540
vn -0.8596 -0.4602 0.2221
vn -0.3029 -0.6054 0.7360
vn 0.7352 -0.6081 0.2994
vn 0.7636 -0.6448 0.0355
vn 0.9984 -0.0556 0.0047
vn 0.9346 0.0326 0.3543
vn 0.1893 0.3869 0.9025
vn 0.1314 -0.4077 0.9036
vn 0.4314 -0.1375 0.8916
vn 0.3512 0.2961 0.8882
vn 0.7689 0.0987 0.6317
vn 0.5484 -0.5138 0.6597
vn 0.4605 0.3411 0.8195
vn -0.2992 0.2836 0.9110
vn 0.2559 0.0152 0.9666
vn -0.6872 0.3084 -0.6578
vn -0.8134 0.3440 -0.4691
vn 0.3380 -0.1727 -0.9252
vn 0.4250 0.8868 -0.1817
vn -0.0581 0.5486 0.8341
vn -0.0412 0.9433 -0.3294
vn -0.2600 0.0266 0.9652
vn -0.7186 0.5346 -0.4448
vn -0.5752 -0.1195 -0.8093
vn -0.8541 -0.3791 0.3561
vn -0.5889 0.7106 0.3851
vn -0.1225 0.7822 0.6108
vn -0.0355 0.9945 -0.0984
vn -0.0957 0.3640 -0.9265
vn -0.9371 0.3431 -0.0634
vn -0.2962 -0.3895 0.8721
vn -0.4043 0.0142 0.9145
vn -0.0635 0.4160 0.9072
vn 0.9412 -0.3215 0.1036
vn -0.7118 0.4353 -0.5513
vn -0.8861 0.1150 -0.4490
vn 0.9541 -0.2444 -0.1731
vn -0.4288 -0.6474 -0.6301
vn 0.2796 0.8909 -0.3579
vn -0.1524 0.5026 -0.8510
vn -0.6676 0.6888 0.2826
vn -0.8061 0.4816 -0.3439
vn -0.5509 -0.6235 -0.5548
vn -0.9495 0.1284 0.2864
vn -0.9269 0.3638 0.0925
vn 0.1910 0.7508 0.6323
vn 0.1054 0.9900 0.0940
vn -0.5803 0.3901 0.7149
vn -0.2154 -0.3843 0.8977
vn -0.6293 0.0811 0.7729
vn -0.7753 -0.3215 0.5437
vn -0.7175 -0.4423 0.5381
vn -0.6609 -0.4168 0.6241
vn -0.9543 -0.1695 0.2461
vn -0.8345 -0.0276 -0.5503
vn -0.7666 0.1748 0.6179
vn -0.9373 0.1792 -0.2989
vn -0.7394 0.1886 0.6462
vn -0.7010 0.2081 0.6821
vn -0.4318 0.8503 0.3009
vn -0.2900 0.4203 0.8598
vn -0.6561 0.1660 0.7362
vn -0.4862 -0.7200 0.4952
vn -0.7441 -0.3858 0.5453
vn -0.3711 0.3164 0.8730
vn -0.0168 0.1021 0.9946
vn 0.1162 0.9361 0.3321
vn 0.1903 -0.1720 0.9666
vn -0.4024 -0.0389 0.9146
vn -0.5717 0.4973 0.6526
vn -0.4896 0.6725 0.5550
vn -0.9804 -0.1218 0.1548
vn -0.3883 -0.3255 0.8621
vn -0.9553 -0.2288 0.1870
vn -0.1972 0.9650 0.1731
vn 0.2660 0.9639 0.0150
vn -0.1318 -0.1410 0.9812
vn 0.1194 0.5960 0.7940
vn -0.5414 -0.0991 0.8349
vn -0.8753 0.4329 -0.2155
vn -0.8429 -0.4051 0.3542
vn -0.5727 0.3538 -0.7395
vn 0.2807 0.8657 -0.4144
vn 0.3920 0.8304 -0.3960
vn -0.9909 0.0881 0.1013
vn 0.1418 0.9280 0.3447
vn 0.3036 0.9145 0.2676
vn -0.4705 -0.3986 0.7872
vn -0.6260 -0.5226 0.5787
vn 0.7379 -0.2492 0.6273
vn 0.6719 0.5710 0.4716
vn -0.7218 -0.3256 0.6107
vn 0.1844 -0.7287 0.6595
vn 0.5357 -0.6899 0.4869
vn -0.0906 -0.9202 0.3808
vn 0.6119 -0.2236 -0.7587
vn 0.4164 0.6682 -0.6165
vn 0.9686 0.0728 -0.2379
vn 0.1915 0.7364 -0.6489
vn -0.1612 0.1712 -0.9720
vn 0.8904 0.0400 -0.4534
vn 0.9773 -0.1161 0.1770
vn -0.0173 -0.9721 -0.2339
vn -0.8231 0.0533 0.5655
vn 0.2352 0.5585 0.7955
vn -0.6081 0.3453 0.7148
vn -0.0559 0.9691 -0.2401
vn -0.1278 0.9915 0.0228
vn 0.5102 0.8187 0.2634
vn 0.3868 0.9104 0.1469
vn -0.1596 0.9590 0.2343
vn 0.5714 0.8171 0.0760
vn -0.3737 0.9175 0.1362
vn 0.3783 0.2352 0.8953
vn 0.6356 0.2870 0.7167
vn 0.6042 -0.6879 0.4023
vn 0.5800 0.7668 0.2749
vn 0.5440 0.0934 0.8339
vn 0.5389 0.8409 -0.0496
vn 0.0441 0.9989 -0.0135
vn 0.7067 -0.6953 0.1305
vn 0.9727 0.2321 0.0025
vn 0.5830 0.8116 0.0378
vn 0.9879 -0.0577 0.1437
vn -0.8938 -0.1269 -0.4301
vn -0.2301 0.4610 0.8571
vn -0.0378 0.9772 -0.2091
vn -0.3576 0.4955 0.7916
vn -0.1054 0.5928 0.7984
vn -0.0532 -0.0821 0.9952
vn 0.4458 -0.0942 0.8902
vn -0.1857 -0.2584 0.9480
vn 0.3714 0.9146 0.1598
vn -0.0647 0.8505 0.5220
vn -0.2722 0.4178 0.8668
vn -0.0654 0.8043 -0.5906
vn 0.9530 -0.0560 0.2978
vn 0.4864 -0.4991 0.7172
vn 0.9679 0.1720 0.1833
vn 0.1471 0.7384 0.6581
vn 0.3719 0.9157 -0.1520
vn 0.8257 0.5481 0.1332
vn 0.3160 -0.0884 0.9446
vn -0.8125 0.0058 0.5829
vn 0.2793 0.4484 -0.8491
vn -0.5900 0.7424 0.3175
vn -0.9320 -0.3612 -0.0316
vn -0.8619 -0.1772 0.4751
vn -0.1824 0.9615 0.2057
vn 0.0694 0.3632 -0.9291
vn 0.1110 0.8198 0.5618
vn 0.4459 0.7193 0.5327
vn -0.6660 0.6008 0.4421
vn 0.3875 0.7507 -0.5350
vn 0.3254 0.2929 -0.8991
vn 0.4371 0.6416 -0.6303
vn -0.7159 0.6270 -0.3072
vn -0.5216 0.7425 0.4202
vn -0.4722 0.0899 -0.8769
vn -0.0603 -0.6516 -0.7562
vn -0.4851 -0.7338 -0.4757
vn 0.4245 0.5696 0.7038
vn 0.9820 0.1832 0.0452
vn 0.7341 0.6713 0.1020
vn -0.7551 0.4148 -0.5077
vn 0.1440 0.1406 -0.9795
vn 0.6206 0.3553 -0.6990
vn -0.5590 0.5091 0.6545
vn -0.4444 0.8936 -0.0628
vn -0.1656 0.9862 -0.0092
vn 0.6090 0.7469 -0.2668
vn -0.3978 0.4482 0.8005
vn -0.9367 0.3054 0.1713
vn 0.0146 0.7128 0.7012
vn 0.6234 0.7819 0.0074
vn 0.1759 0.4513 -0.8748
vn -0.7082 0.6483 0.2795
vn -0.3324 -0.0237 -0.9428
vn 0.8111 0.5838 -0.0362
vn -0.9407 0.1893 0.2815
vn -0.6873 0.7263 0.0034
vn -0.5210 0.6925 0.4990
vn -0.6570 0.6751 -0.3357
vn -0.5192 -0.3032 -0.7991
vn 0.4778 0.8656 -0.1497
vn -0.6353 -0.4424 -0.6330
vn -0.5500 0.8107 -0.2007
vn -0.2711 0.9200 -0.2829
vn -0.7642 -0.5369 -0.3573
vn -0.7094 0.2598 0.6552
vn 0.0147 0.9403 -0.3400
vn -0.9625 -0.0290 0.2698
vn 0.0636 0.7640 -0.6421
vn 0.3201 0.8235 -0.4683
vn -0.5796 -0.1321 0.8042
vn 0.1102 -0.0399 0.9931
vn 0.0169 0.2020 0.9792
vn 0.5243 0.0744 0.8483
vn 0.7595 0.5403 0.3622
vn 0.2156 -0.9420 -0.2571
vn 0.9031 -0.4294 0.0087
vn -0.9760 -0.0674 -0.2072
vn -0.6126 -0.7903 0.0125
vn -0.9884 -0.1516 0.0059
vn -0.5861 -0.2205 -0.7796
vn -0.8987 -0.4385 0.0028
vn -0.4170 -0.5746 -0.7043
vn 0.2097 -0.2013 -0.9568
vn -0.4834 -0.4057 -0.7757
vn -0.3954 0.3813 -0.8356
vn -0.2079 -0.3316 -0.9202
vn 0.1808 -0.0015 -0.9835
vn 0.2335 0.9562 -0.1763
vn 0.0485 -0.8513 -0.5224
vn -0.0797 -0.9875 0.1359
vn 0.2588 0.9466 -0.1922
vn 0.1009 0.9948 -0.0102
vn 0.0582 0.7985 -0.5992
vn 0.0549 0.0299 -0.9980
vn 0.5651 0.5191 -0.6412
vn -0.1422 0.6081 -0.7810
vn 0.3403 0.8605 0.3791
vn 0.9707 -0.2239 -0.0877
vn 0.7632 0.5051 -0.4030
vn 0.6554 -0.2302 0.7194
vn -0.3050 0.6883 0.6582
vn -0.0612 0.5249 0.8490
vn 0.1131 0.9507 0.2886
vn -0.7653 0.6232 -0.1611
vn -0.6716 0.7406 0.0224
vn 0.6050 -0.2981 -0.7383
vn -0.4396 -0.4522 -0.7761
vn 0.8572 0.2338 0.4588
vn 0.6742 -0.2173 0.7059
vn -0.1059 -0.2686 0.9574
vn 0.4831 0.2394 0.8422
vn 0.6869 0.2524 0.6815
vn -0.4632 0.6788 -0.5698
vn -0.6182 0.6434 -0.4515
vn -0.7112 0.3318 0.6198
vn -0.2349 0.4792 -0.8457
vn -0.1872 0.9818 0.0328
vn -0.8777 0.4346 0.2018
vn -0.4896 0.8719 0.0089
vn 0.1219 0.2876 0.9500
vn 0.4147 0.8748 0.2506
vn -0.2542 0.8733 -0.4157
vn 0.2233 0.9325 0.2840
vn -0.1986 0.9494 -0.2431
vn 0.4657 0.8275 -0.3135
vn -0.3586 0.7577 -0.5452
vn -0.7482 0.6360 0.1887
vn 0.1068 0.7319 -0.6729
vn -0.1559 0.9510 0.2670
vn 0.6249 0.7407 0.2467
vn 0.7603 0.6355 -0.1344
vn 0.7752 -0.3347 -0.5358
vn 0.6783 0.5319 -0.5070
vn -0.7966 -0.4678 0.3829
vn 0.9875 -0.0215 -0.1564
vn -0.2683 0.9337 0.2373
vn 0.2592 0.9484 0.1827
vn -0.3395 0.9333 -0.1166
vn 0.3865 0.5421 -0.7462
vn -0.2640 0.4059 -0.8749
vn -0.4947 0.7344 -0.4647
vn -0.7473 0.5441 -0.3814
vn 0.3146 0.8657 -0.3893
vn -0.3987 0.7900 0.4658
vn 0.2178 -0.3872 -0.8959
vn 0.1442 0.5256 -0.8384
vn -0.7284 0.5674 0.3840
vn -0.8837 -0.4661 0.0428
vn -0.3255 0.8745 0.3596
vn -0.9208 -0.3677 -0.1297
vn -0.9116 0.3071 -0.2731
vn -0.7514 0.5874 0.3005
vn -0.7675 0.3522 -0.5357
vn -0.5588 -0.6318 -0.5373
vn -0.3496 0.2761 -0.8953
vn -0.1629 -0.6654 -0.7285
vn -0.1881 0.2290 -0.9551
vn 0.2735 -0.0485 -0.9607
vn 0.3781 -0.7164 -0.5863
vn 0.6782 0.4557 -0.5766
vn -0.1994 0.9068 0.3714
vn -0.0849 0.8913 0.4454
vn 0.6215 0.7707 0.1408
vn -0.3451 0.7695 0.5374
vn 0.9933 -0.0739 -0.0889
vn 0.8961 -0.4241 0.1309
vn 0.6860 0.4427 0.5775
vn 0.0356 -0.4233 -0.9053
vn -0.6686 -0.2946 -0.6828
vn 0.2193 -0.7455 -0.6293
vn -0.1532 0.8962 -0.4163
vn -0.1167 0.6507 -0.7503
vn -0.7964 0.5583 0.2326
vn 0.1726 0.8775 0.4474
vn -0.7732 0.3548 0.5256
vn 0.5629 0.8062 0.1822
vn 0.2050 0.9553 0.2130
vn 0.8517 0.4359 0.2909
vn 0.0368 0.5355 0.8437
vn 0.8045 0.2811 0.5232
vn 0.5678 -0.5954 -0.5684
vn 0.8769 0.2939 -0.3803
vn 0.7689 0.5879 -0.2514
vn -0.4289 0.8496 -0.3070
vn -0.6003 0.7772 -0.1887
vn 0.8494 0.3322 -0.4101
vn -0.0393 0.9670 0.2517
vn 0.1125 0.2358 -0.9653
vn 0.4596 0.2839 -0.8415
vn 0.4120 -0.5963 0.6890
vn -0.0612 -0.9967 0.0535
vn -0.9826 -0.0294 0.1836
vn -0.2504 0.4680 0.8475
vn -0.7522 0.2009 -0.6275
vn -0.1677 0.2796 -0.9454
vn -0.6013 0.0158 0.7989
vn -0.4571 0.6151 -0.6424
vn -0.1703 0.4318 0.8858
vn 0.4618 -0.2817 0.8411
vn -0.1877 0.1594 0.9692
vn 0.1603 -0.0932 0.9827
vn -0.4777 -0.4242 0.7693
vn -0.2978 0.6452 0.7036
vn 0.3782 -0.0782 0.9224
vn 0.7067 -0.3525 0.6135
vn -0.5086 0.6205 0.5969
vn -0.0695 0.9943 -0.0808
vn 0.5850 0.2351 -0.7762
vn 0.4002 0.8914 -0.2128
vn -0.8779 0.4719 -0.0806
vn -0.6501 0.2877 0.7032
vn -0.8467 0.5283 -0.0637
vn -0.3810 -0.5071 0.7731
vn -0.9823 -0.0797 0.1693
vn -0.0719 0.8445 0.5308
vn -0.9219 0.3255 -0.2103
vn 0.0198 0.8295 0.5581
vn -0.2686 0.3837 -0.8835
vn 0.2826 0.8233 -0.4922
vn 0.7350 0.4687 -0.4900
vn 0.4979 0.7325 0.4643
vn -0.0406 0.4245 -0.9045
vn 0.1115 0.9061 -0.4081
vn 0.1575 0.8321 -0.5318
vn 0.0789 0.5008 0.8620
vn -0.6202 0.4290 -0.6568
vn -0.3972 0.9136 -0.0867
vn 0.2144 0.3008 0.9293
vn -0.5736 0.5165 -0.6357
vn -0.8386 -0.5263 -0.1402
vn -0.9578 0.2432 -0.1530
vn -0.8246 0.4173 0.3820
vn -0.7530 -0.2836 0.5938
vn -0.9883 -0.0855 0.1267
vn 0.3611 0.8738 0.3257
vn -0.7621 0.5658 0.3147
vn 0.2658 0.9624 0.0553
vn 0.0568 0.9825 -0.1776
vn -0.0362 0.9488 -0.3137
vn -0.4185 0.9024 0.1029
vn -0.6260 0.1056 0.7726
vn 0.2207 0.2479 0.9433
vn -0.4582 0.8888 -0.0009
vn -0.7181 0.6287 -0.2986
vn -0.2318 0.1642 0.9588
vn -0.3100 0.9264 -0.2136
vn 0.2313 0.9727 -0.0162
vn -0.1343 0.9058 -0.4018
vn 0.3745 0.6204 0.6891
vn 0.8035 0.3197 0.5022
vn 0.1488 0.9850 0.0872
vn -0.3540 0.6076 0.7109
vn -0.8595 0.2605 -0.4398
vn -0.7475 0.4907 0.4477
vn 0.1581 0.8472 0.5071
vn 0.3014 0.6523 0.6954
vn -0.4477 -0.6872 0.5722
vn -0.9060 -0.1249 -0.4044
vn -0.3539 -0.1258 -0.9268
vn 0.2657 0.8656 -0.4245
vn 0.5548 0.8108 -0.1865
vn 0.6014 0.7977 -0.0440
vn 0.3245 0.8023 -0.5009
vn 0.8249 0.5468 -0.1431
vn -0.7940 0.2359 0.5602
vn -0.7135 -0.5727 0.4037
vn -0.4502 -0.5102 0.7328
vn -0.5176 0.5247 0.6758
vn -0.0705 -0.8240 0.5622
vn 0.5663 -0.2375 0.7892
vn 0.2446 0.6934 0.6778
vn 0.7322 0.6811 -0.0007
vn 0.9050 -0.3863 0.1779
vn 0.3250 0.4980 0.8039
vn 0.2898 0.7055 0.6467
vn 0.4278 0.2426 0.8707
vn -0.1142 0.9716 0.2073
vn 0.5214 0.8251 0.2176
vn -0.0140 0.9059 0.4234
vn -0.1735 0.8775 0.4471
vn 0.8501 0.0014 0.5267
vn 0.8850 0.4031 0.2330
vn 0.7450 0.6035 -0.2841
vn 0.8789 0.4741 0.0527
vn 0.9000 0.1006 -0.4242
vn 0.8130 0.0873 -0.5757
vn 0.8693 -0.3995 -0.2912
vn 0.8819 0.4232 -0.2077
vn 0.9218 -0.3821 0.0651
vn 0.7823 0.1046 -0.6141
vn 0.8301 0.3363 -0.4447
vn 0.9505 -0.1035 -0.2930
vn 0.6570 0.3176 -0.6837
vn -0.0963 0.3184 -0.9431
vn 0.8084 -0.0443 -0.5870
vn -0.1646 0.8009 -0.5757
vn 0.9275 0.3234 0.1875
vn 0.6463 0.2321 0.7269
vn 0.6863 0.6889 0.2334
vn 0.0142 0.3598 -0.9329
vn 0.3643 0.6942 -0.6208
vn 0.9804 0.0478 0.1911
vn -0.6697 0.7055 -0.2319
vn -0.6172 -0.4945 -0.6119
vn -0.6769 -0.3301 -0.6579
vn 0.0344 0.1270 -0.9913
vn 0.6254 -0.2634 -0.7345
vn -0.2864 0.5369 -0.7935
vn 0.7068 -0.5576 -0.4354
vn 0.9296 -0.2826 0.2366
vn 0.9866 -0.1601 0.0300
vn 0.5965 -0.1762 -0.7831
vn -0.3101 0.6869 0.6573
vn 0.9490 0.1127 0.2944
vn 0.5384 -0.1595 0.8275
vn 0.9358 -0.2805 0.2134
vn 0.9748 -0.0215 -0.2219
vn -0.1812 0.8017 0.5696
vn 0.8807 0.3377 0.3321
vn 0.5751 0.8148 0.0725
vn 0.8334 0.3625 0.4172
vn 0.8166 -0.1314 -0.5621
vn 0.9996 0.0268 0.0095
vn -0.0767 0.2213 -0.9722
vn 0.0367 0.3335 -0.9420
vn 0.5250 0.8390 0.1428
vn 0.7819 0.1925 -0.5930
vn 0.5356 0.7972 0.2787
vn 0.5920 0.5330 -0.6046
vn 0.4235 0.8848 -0.1945
vn -0.5652 0.8065 -0.1734
vn 0.2296 0.7230 -0.6516
vn 0.7178 0.6283 0.2999
vn -0.4931 0.8475 0.1964
vn -0.8017 0.0657 -0.5941
vn -0.1514 0.9297 -0.3358
vn 0.3456 0.3266 -0.8797
vn 0.6391 -0.1502 -0.7543
vn 0.7749 -0.0884 0.6259
vn 0.9216 -0.0152 -0.3878
vn 0.8464 0.2397 -0.4756
vn 0.9491 -0.0497 -0.3111
vn 0.4635 -0.5735 -0.6755
vn -0.2329 0.4005 -0.8862
vn -0.8418 0.4546 -0.2909
vn -0.8473 0.2669 -0.4591
vn -0.2945 0.9546 0.0441
vn -0.3523 0.1374 -0.9257
vn 0.7935 0.1904 -0.5780
vn 0.5373 0.0580 -0.8414
vn -0.4429 0.0244 0.8963
vn -0.7877 0.6003 0.1385
vn -0.2584 0.1714 -0.9507
vn -0.7266 0.3799 -0.5725
vn 0.7261 -0.2147 -0.6532
vn -0.5468 0.6520 -0.5252
vn -0.8640 0.0676 -0.4989
vn 0.0256 -0.0099 -0.9996
vn 0.6204 -0.7607 -0.1911
vn 0.6963 -0.3301 -0.6374
vn 0.5802 -0.1284 -0.8043
vn 0.8832 -0.3564 -0.3048
vn 0.4923 -0.6189 0.6120
vn -0.5188 0.5246 -0.6750
vn 0.9036 -0.2583 -0.3418
vn 0.8290 -0.5308 -0.1761
vn 0.6257 0.7682 -0.1355
vn 0.3059 0.7893 -0.5324
vn 0.8968 0.2436 0.3693
vn 0.8465 0.3321 -0.4161
vn 0.9166 0.3942 0.0671
vn 0.1339 0.9377 0.3205
vn 0.6016 0.7364 -0.3096
vn 0.5353 -0.1471 -0.8318
vn 0.0916 0.9958 0.0062
vn 0.9331 0.1783 -0.3125
vn 0.6326 -0.5297 0.5651
vn 0.6918 -0.1189 -0.7123
vn 0.0140 -0.4107 0.9117
vn 0.8113 -0.2707 0.5183
vn 0.9036 -0.4076 -0.1321
vn 0.8982 -0.2276 -0.3761
vn 0.6943 0.1557 -0.7026
vn 0.0404 0.8014 -0.5968
vn 0.8860 0.2945 -0.3581
vn 0.7667 -0.1433 -0.6258
vn -0.5474 0.4841 -0.6826
vn -0.0927 0.8095 0.5797
vn 0.5526 0.6823 0.4786
vn 0.8224 -0.2863 0.4917
vn 0.5688 -0.3441 -0.7470
vn -0.4907 -0.1766 -0.8533
vn 0.9479 -0.1301 -0.2907
vn 0.6586 -0.0541 0.7506
vn 0.8321 -0.1869 0.5222
vn 0.9467 -0.1194 0.2992
vn 0.7084 0.6054 0.3629
vn 0.1775 0.9700 0.1659
vn -0.9116 -0.0479 -0.4083
vn -0.2973 -0.1843 -0.9368
vn -0.7818 0.3421 -0.5213
vn -0.6755 0.7232 0.1436
vn -0.9288 0.1501 0.3389
vn 0.4616 -0.7533 -0.4684
vn 0.9206 -0.1918 0.3401
vn 0.7747 -0.3714 0.5118
vn 0.6759 -0.7352 0.0515
vn 0.6194 0.1208 -0.7757
vn -0.0633 0.5117 -0.8568
vn 0.8210 0.4929 0.2880
vn 0.5540 0.8216 0.1344
vn 0.6482 0.7194 0.2494
vn 0.9703 0.2389 0.0377
vn 0.2204 0.8639 0.4529
vn 0.1772 0.8981 -0.4025
vn -0.6304 0.6850 -0.3652
vn -0.3372 0.9405 -0.0413
vn 0.8582 -0.1237 -0.4982
vn -0.5346 0.8057 0.2550
vn 0.1873 0.6888 0.7003
vn 0.2633 -0.7226 0.6391
vn -0.6535 -0.1226 0.7470
vn -0.5959 0.0092 0.8030
vn 0.2415 -0.6633 0.7083
vn -0.5473 0.0108 0.8369
vn 0.2136 -0.0841 0.9733
vn 0.0742 -0.0632 0.9952
vn 0.2051 -0.1338 0.9696
vn 0.8733 0.0539 0.4842
vn 0.8823 0.4375 0.1737
vn 0.7404 0.5571 -0.3760
vn 0.9364 -0.0791 0.3420
vn -0.1624 0.9701 -0.1805
vn 0.5700 0.8110 0.1320
vn 0.6801 0.1685 -0.7135
vn 0.1287 0.3731 -0.9188
vn -0.6171 0.7045 0.3505
vn 0.1070 0.4270 0.8979
vn -0.2639 -0.1246 0.9565
vn 0.8887 -0.4519 0.0774
vn 0.3858 -0.3660 -0.8469
vn -0.6072 -0.0419 -0.7935
vn 0.0195 -0.4208 0.9070
vn 0.8767 -0.4779 -0.0543
vn 0.5243 -0.5185 0.6755
vn -0.5062 0.4853 0.7130
vn 0.4099 0.2793 0.8683
vn -0.9946 -0.0478 0.0926
vn -0.9463 -0.2771 0.1665
vn -0.9170 0.1424 0.3726
vn -0.7122 0.1312 -0.6896
vn -0.7716 0.5851 -0.2496
vn -0.6554 -0.1445 0.7413
vn -0.2175 -0.6055 0.7656
vn 0.9872 0.0513 0.1511
vn 0.7006 -0.0734 0.7098
vn -0.9639 0.2631 0.0410
vn 0.2901 0.9398 0.1807
vn 0.4965 0.8635 -0.0882
vn 0.1220 0.5355 -0.8357
vn -0.2087 0.9556 0.2081
vn 0.2215 0.1953 0.9554
vn 0.8596 0.1226 0.4960
vn 0.9867 0.1590 -0.0335
vn 0.8149 0.3952 -0.4240
vn 0.1780 0.3299 0.9271
vn 0.6778 -0.0546 0.7333
vn 0.1496 0.4189 0.8956
vn -0.4452 0.7656 -0.4643
vn -0.1071 0.9203 0.3764
vn 0.8822 0.4392 -0.1698
vn 0.3635 0.8918 0.2696
vn 0.4952 0.8148 -0.3014
vn -0.6634 -0.2418 0.7081
vn -0.9882 0.1080 -0.1088
vn -0.8168 -0.0956 0.5689
vn -0.3440 -0.3962 0.8513
vn 0.5837 0.8113 0.0314
vn -0.6219 0.6201 0.4782
vn -0.1737 0.6140 0.7699
vn -0.1760 0.9839 -0.0298
vn 0.1663 0.3606 0.9178
vn 0.3200 -0.4783 0.8178
vn 0.2828 -0.6141 0.7368
vn 0.6818 0.1551 0.7149
vn -0.6317 0.7644 -0.1289
vn 0.6982 0.6335 0.3333
vn -0.3095 0.4968 -0.8108
vn 0.3200 0.9338 0.1603
vn 0.6165 0.4896 0.6166
vn 0.5818 0.8130 0.0243
vn 0.2873 0.7189 -0.6330
vn 0.9345 0.2695 -0.2325
vn 0.8600 0.4153 0.2966
vn -0.1715 0.9566 -0.2356
vn 0.1715 -0.5830 -0.7942
vn 0.9986 -0.0459 -0.0268
vn 0.1318 0.5278 -0.8391
vn 0.1495 0.8806 0.4497
vn -0.7944 -0.1887 0.5773
vn -0.1668 0.7758 0.6085
vn -0.4036 0.9146 0.0239
vn 0.0514 0.9638 0.2617
vn 0.7198 0.2550 -0.6456
vn 0.8117 0.0328 0.5831
vn 0.5975 0.7153 0.3624
vn -0.3803 0.4528 0.8064
vn -0.1663 -0.7082 0.6861
vn -0.5685 0.7064 0.4216
vn 0.1684 0.9489 -0.2668
vn 0.6360 0.2387 0.7338
vn 0.3536 0.0720 0.9326
vn 0.4949 -0.6369 0.5911
vn 0.6966 0.6300 -0.3433
vn 0.1679 0.9291 0.3296
vn 0.9486 0.3004 0.0992
vn 0.9684 0.2130 -0.1297
vn 0.7149 -0.5280 -0.4585
vn 0.7984 0.3590 -0.4833
vn 0.6608 0.5484 -0.5125
vn 0.5368 0.6193 0.5730
vn -0.2458 0.2413 -0.9388
vn -0.3613 0.7072 -0.6077
vn -0.4492 0.6764 -0.5837
vn -0.6727 0.2021 -0.7118
vn 0.3053 0.5223 0.7962
vn 0.5592 -0.5530 0.6176
vn -0.6582 0.4619 0.5945
vn 0.1646 0.9783 0.1263
vn -0.5755 0.6578 0.4859
vn -0.6125 0.7094 -0.3487
vn -0.9147 0.4006 -0.0531
vn -0.2428 0.4238 -0.8726
vn 0.1771 -0.7618 -0.6231
vn 0.8638 -0.4954 0.0919
vn 0.8640 0.2991 0.4050
vn 0.8105 0.5851 -0.0278
vn 0.6689 0.1354 0.7309
vn 0.4966 0.8650 0.0716
vn 0.9897 0.1431 0.0006
vn 0.5988 0.7999 0.0415
vn 0.6085 0.3012 -0.7342
vn -0.4786 0.8757 0.0635
vn -0.2155 0.9690 -0.1204
vn 0.8404 0.2565 0.4775
vn 0.9651 0.2429 0.0978
vn -0.7632 -0.1954 0.6159
vn -0.9980 0.0199 -0.0603
vn -0.6004 0.7602 0.2482
vn -0.6574 0.2518 0.7102
vn 0.3860 0.8991 -0.2065
vn 0.1477 -0.4521 0.8797
vn 0.0262 0.3377 -0.9409
vn -0.3775 0.3049 -0.8744
vn -0.2667 0.8369 0.4780
vn 0.6212 0.4643 -0.6313
vn -0.0318 0.9477 0.3174
vn 0.4674 -0.6352 -0.6149
vn 0.9808 0.1924 -0.0324
vn -0.4838 0.8734 0.0553
vn 0.9823 0.1141 0.1486
vn 0.7827 -0.6088 0.1294
vn -0.5046 -0.3825 -0.7740
vn 0.7708 0.1597 0.6167
vn 0.8281 0.2716 -0.4904
vn 0.0130 0.9662 -0.2573
vn -0.3111 0.5831 0.7505
vn -0.7396 0.6698 0.0662
vn 0.2964 0.6776 0.6731
vn -0.4581 0.7660 -0.4510
vn 0.4220 0.7566 -0.4994
vn -0.1152 0.5734 0.8112
vn 0.5965 0.3145 0.7384
vn 0.2417 0.8804 -0.4079
vn -0.3309 0.4683 -0.8193
vn -0.0772 0.9792 0.1878
vt 0.233164 0.491602
vt 0.244192 0.449011
vt 0.260152 0.479381
vt 0.220709 0.458765
vt 0.247977 0.487614
vt 0.207262 0.505402
vt 0.209034 0.479403
vt 0.209723 0.469380
vt 0.250282 0.441984
vt 0.255985 0.435137
vt 0.246771 0.430178
vt 0.209064 0.449587
vt 0.886916 0.361919
vt 0.877827 0.379894
vt 0.892297 0.333258
vt 0.822423 0.366410
vt 0.814283 0.358745
vt 0.911711 0.370720
vt 0.918888 0.398372
vt 0.920416 0.344004
vt 0.925276 0.391721
vt 0.925768 0.382701
vt 0.899329 0.330261
vt 0.242011 0.532697
vt 0.228696 0.517921
vt 0.247419 0.519951
vt 0.233116 0.532060
vt 0.213819 0.527177
vt 0.215630 0.517631
vt 0.243132 0.504151
vt 0.262262 0.516266
vt 0.280066 0.505936
vt 0.273338 0.512870
vt 0.263575 0.494015
vt 0.267556 0.489350
vt 0.248365 0.491836
vt 0.237394 0.495361
vt 0.265262 0.451253
vt 0.135441 0.407443
vt 0.149131 0.410672
vt 0.140542 0.434116
vt 0.129349 0.417166
vt 0.131987 0.428382
vt 0.609296 0.745233
vt 0.633001 0.771881
vt 0.606360 0.762978
vt 0.649043 0.804670
vt 0.623716 0.800121
vt 0.684773 0.785858
vt 0.650790 0.752079
vt 0.665262 0.767608
vt 0.662773 0.753364
vt 0.671934 0.755513
vt 0.683467 0.759852
vt 0.670151 0.811483
vt 0.655817 0.808978
vt 0.686723 0.769254
vt 0.934575 0.278650
vt 0.932946 0.259886
vt 0.948963 0.274356
vt 0.948182 0.295072
vt 0.940919 0.300992
vt 0.919995 0.296638
vt 0.935791 0.311878
vt 0.925483 0.329278
vt 0.914374 0.324715
vt 0.915999 0.318139
vt 0.939763 0.245059
vt 0.919414 0.246414
vt 0.599213 0.794337
vt 0.417246 0.611893
vt 0.419359 0.627909
vt 0.405952 0.609817
vt 0.392188 0.603916
vt 0.394959 0.616641
vt 0.385720 0.621571
vt 0.425834 0.613857
vt 0.484323 0.631528
vt 0.488195 0.657451
vt 0.125284 0.737736
vt 0.119412 0.754808
vt 0.103983 0.736561
vt 0.107188 0.727930
vt 0.111433 0.712072
vt 0.125782 0.728840
vt 0.107601 0.719511
vt 0.093648 0.743334
vt 0.093715 0.755432
vt 0.093441 0.759186
vt 0.149999 0.887439
vt 0.133872 0.886151
vt 0.142368 0.876448
vt 0.135714 0.871138
vt 0.105596 0.869970
vt 0.113933 0.851759
vt 0.097845 0.874772
vt 0.098713 0.901339
vt 0.093000 0.891100
vt 0.092071 0.870079
vt 0.096857 0.861102
vt 0.105143 0.844796
vt 0.127057 0.914568
vt 0.143336 0.199718
vt 0.135772 0.181233
vt 0.151646 0.190853
vt 0.148293 0.213829
vt 0.144969 0.224118
vt 0.125373 0.195713
vt 0.160681 0.221131
vt 0.167745 0.211964
vt 0.161297 0.178199
vt 0.175580 0.196700
vt 0.149053 0.162476
vt 0.169538 0.167049
vt 0.156402 0.165687
vt 0.169678 0.158512
vt 0.172092 0.170429
vt 0.184076 0.171364
vt 0.176087 0.483137
vt 0.172302 0.485821
vt 0.162935 0.460155
vt 0.146164 0.475712
vt 0.179459 0.464784
vt 0.147291 0.483126
vt 0.144803 0.468461
vt 0.136950 0.482918
vt 0.330135 0.455785
vt 0.313752 0.450248
vt 0.325116 0.442266
vt 0.316789 0.457817
vt 0.289817 0.452858
vt 0.291465 0.437794
vt 0.304958 0.423892
vt 0.348742 0.433416
vt 0.335683 0.414949
vt 0.348472 0.457658
vt 0.359774 0.444042
vt 0.288120 0.428521
vt 0.296193 0.386156
vt 0.306080 0.378612
vt 0.286455 0.407276
vt 0.286994 0.391067
vt 0.329858 0.391951
vt 0.316499 0.374664
vt 0.331596 0.377795
vt 0.321886 0.366719
vt 0.026730 0.195488
vt 0.011591 0.192672
vt 0.023628 0.194279
vt 0.018163 0.186033
vt 0.019545 0.178435
vt 0.026135 0.170335
vt 0.018398 0.170900
vt 0.299101 0.472281
vt 0.333564 0.489225
vt 0.322860 0.481484
vt 0.341504 0.474145
vt 0.308250 0.478056
vt 0.285296 0.470188
vt 0.015851 0.127569
vt 0.012166 0.125146
vt 0.016027 0.124246
vt 0.381504 0.017207
vt 0.377732 0.025316
vt 0.367667 0.025751
vt 0.073523 0.742991
vt 0.067011 0.730879
vt 0.079383 0.732737
vt 0.070118 0.723511
vt 0.049149 0.735482
vt 0.043322 0.740794
vt 0.042563 0.749698
vt 0.060381 0.766467
vt 0.042475 0.774016
vt 0.071393 0.754215
vt 0.014441 0.469355
vt 0.009037 0.477844
vt 0.012634 0.471571
vt 0.014485 0.498710
vt 0.029872 0.478711
vt 0.034354 0.486510
vt 0.039681 0.498412
vt 0.030396 0.500285
vt 0.357613 0.344924
vt 0.351501 0.334899
vt 0.376765 0.348316
vt 0.360644 0.329377
vt 0.376933 0.336796
vt 0.392015 0.392078
vt 0.367610 0.376983
vt 0.372134 0.363670
vt 0.397623 0.345742
vt 0.393182 0.374526
vt 0.416475 0.388800
vt 0.428470 0.384423
vt 0.428753 0.365696
vt 0.453263 0.392912
vt 0.456067 0.375262
vt 0.444060 0.347412
vt 0.422247 0.331664
vt 0.158242 0.410398
vt 0.162947 0.422814
vt 0.171784 0.435194
vt 0.131918 0.434843
vt 0.139684 0.444248
vt 0.193245 0.445665
vt 0.195264 0.434267
vt 0.006673 0.287254
vt 0.014471 0.289416
vt 0.008993 0.291188
vt 0.014241 0.274979
vt 0.022825 0.273811
vt 0.008870 0.275354
vt 0.011602 0.272222
vt 0.337463 0.497222
vt 0.660943 0.971353
vt 0.656848 0.978311
vt 0.643868 0.974259
vt 0.633180 0.947583
vt 0.617333 0.984359
vt 0.612568 0.940780
vt 0.597160 0.969933
vt 0.973915 0.188604
vt 0.942723 0.178051
vt 0.967609 0.170685
vt 0.929156 0.163329
vt 0.960593 0.168836
vt 0.287860 0.126138
vt 0.279119 0.139890
vt 0.266560 0.131980
vt 0.282568 0.121438
vt 0.270815 0.139574
vt 0.272441 0.147373
vt 0.280597 0.152521
vt 0.279404 0.159297
vt 0.709174 0.980891
vt 0.710614 0.958969
vt 0.721701 0.956010
vt 0.725210 0.933605
vt 0.709039 0.888936
vt 0.715692 0.897739
vt 0.706866 0.892941
vt 0.718090 0.919626
vt 0.729811 0.923900
vt 0.754560 0.925264
vt 0.749105 0.933764
vt 0.734135 0.949312
vt 0.740151 0.943738
vt 0.940660 0.552077
vt 0.948209 0.569412
vt 0.932607 0.566432
vt 0.923819 0.551808
vt 0.920803 0.540930
vt 0.950025 0.555892
vt 0.947418 0.549386
vt 0.946989 0.537915
vt 0.932839 0.507081
vt 0.940455 0.534476
vt 0.909719 0.522970
vt 0.590029 0.985183
vt 0.592103 0.989927
vt 0.584438 0.992744
vt 0.581619 0.981128
vt 0.583441 0.979697
vt 0.588126 0.980153
vt 0.491369 0.951050
vt 0.485203 0.960457
vt 0.475864 0.951165
vt 0.442773 0.980549
vt 0.422874 0.979934
vt 0.411907 0.971407
vt 0.400467 0.963075
vt 0.393150 0.956378
vt 0.395494 0.937022
vt 0.422859 0.937762
vt 0.165273 0.107674
vt 0.163639 0.120802
vt 0.152041 0.117054
vt 0.159244 0.092256
vt 0.181663 0.119321
vt 0.184134 0.095782
vt 0.204861 0.094119
vt 0.186191 0.119263
vt 0.208463 0.099079
vt 0.342758 0.394257
vt 0.347131 0.403107
vt 0.355576 0.410135
vt 0.366407 0.430543
vt 0.360699 0.406758
vt 0.376983 0.409884
vt 0.376802 0.431167
vt 0.276693 0.106302
vt 0.252861 0.116185
vt 0.267368 0.104147
vt 0.248155 0.112012
vt 0.258927 0.125492
vt 0.200622 0.908150
vt 0.187683 0.905240
vt 0.192919 0.896440
vt 0.214871 0.907090
vt 0.200926 0.887281
vt 0.181728 0.895293
vt 0.170575 0.898144
vt 0.168002 0.893738
vt 0.176298 0.902456
vt 0.176456 0.910697
vt 0.179487 0.920301
vt 0.212052 0.887284
vt 0.219408 0.903067
vt 0.902647 0.566752
vt 0.875994 0.566565
vt 0.877446 0.559846
vt 0.878567 0.532201
vt 0.886646 0.511142
vt 0.062444 0.946821
vt 0.073094 0.925089
vt 0.073948 0.946250
vt 0.059458 0.926936
vt 0.099286 0.923501
vt 0.102479 0.926401
vt 0.098638 0.929635
vt 0.084068 0.921135
vt 0.458355 0.963375
vt 0.457634 0.934578
vt 0.464141 0.372333
vt 0.463933 0.364845
vt 0.462995 0.346870
vt 0.376713 0.441401
vt 0.416204 0.030711
vt 0.425631 0.021863
vt 0.429690 0.018611
vt 0.444275 0.039117
vt 0.434591 0.034843
vt 0.449931 0.040869
vt 0.440294 0.019235
vt 0.669833 0.973581
vt 0.682233 0.981555
vt 0.449219 0.024947
vt 0.177810 0.036440
vt 0.162328 0.037737
vt 0.157340 0.035618
vt 0.184371 0.041922
vt 0.190468 0.039640
vt 0.179744 0.028699
vt 0.193678 0.031620
vt 0.178820 0.018556
vt 0.158062 0.028634
vt 0.167967 0.014892
vt 0.157971 0.031350
vt 0.201078 0.014388
vt 0.279541 0.616723
vt 0.290571 0.625697
vt 0.291647 0.630417
vt 0.282010 0.631369
vt 0.264438 0.621781
vt 0.181382 0.883211
vt 0.179102 0.871812
vt 0.183158 0.859713
vt 0.188682 0.834779
vt 0.197297 0.845605
vt 0.215142 0.870447
vt 0.215910 0.861906
vt 0.212028 0.882283
vt 0.767705 0.093522
vt 0.779041 0.107221
vt 0.770224 0.104953
vt 0.765934 0.085396
vt 0.796745 0.087650
vt 0.788207 0.066481
vt 0.793316 0.073415
vt 0.793081 0.063812
vt 0.966003 0.586304
vt 0.977282 0.608128
vt 0.952875 0.617180
vt 0.949129 0.582387
vt 0.946057 0.599847
vt 0.941939 0.623588
vt 0.976300 0.625344
vt 0.982389 0.621486
vt 0.952625 0.636283
vt 0.690026 0.777163
vt 0.242968 0.626034
vt 0.245180 0.618496
vt 0.247572 0.623801
vt 0.254599 0.613214
vt 0.246198 0.597002
vt 0.255784 0.597528
vt 0.241791 0.578673
vt 0.251035 0.578275
vt 0.241577 0.560484
vt 0.126975 0.663700
vt 0.116940 0.661172
vt 0.128221 0.643860
vt 0.170208 0.644678
vt 0.147840 0.659373
vt 0.167424 0.639053
vt 0.155104 0.633422
vt 0.152274 0.615793
vt 0.133152 0.615421
vt 0.136413 0.624286
vt 0.101295 0.608670
vt 0.140260 0.597582
vt 0.107947 0.625073
vt 0.112364 0.589681
vt 0.124753 0.593463
vt 0.288230 0.382921
vt 0.109651 0.650384
vt 0.101801 0.659344
vt 0.113006 0.637709
vt 0.748533 0.083099
vt 0.767094 0.067269
vt 0.793337 0.059402
vt 0.363234 0.056301
vt 0.358510 0.065620
vt 0.340661 0.070053
vt 0.342743 0.050229
vt 0.378814 0.062345
vt 0.325586 0.533744
vt 0.284374 0.527327
vt 0.331504 0.520410
vt 0.325386 0.509973
vt 0.351657 0.526581
vt 0.353356 0.525052
vt 0.745631 0.058761
vt 0.752901 0.060727
vt 0.188794 0.950813
vt 0.173092 0.948231
vt 0.185496 0.935707
vt 0.171112 0.934669
vt 0.173835 0.958942
vt 0.151511 0.963310
vt 0.155958 0.943018
vt 0.167524 0.973541
vt 0.185297 0.968711
vt 0.061067 0.598660
vt 0.071839 0.573394
vt 0.064068 0.608007
vt 0.088624 0.592741
vt 0.073883 0.612827
vt 0.094615 0.579116
vt 0.161696 0.664458
vt 0.168923 0.655843
vt 0.170659 0.659924
vt 0.235141 0.580553
vt 0.235246 0.599391
vt 0.106552 0.640025
vt 0.101590 0.656152
vt 0.502304 0.068967
vt 0.512887 0.081143
vt 0.495799 0.082550
vt 0.515812 0.066470
vt 0.531449 0.079582
vt 0.530076 0.086545
vt 0.488419 0.090453
vt 0.492353 0.099196
vt 0.500045 0.098782
vt 0.510234 0.094217
vt 0.284761 0.181013
vt 0.265734 0.184045
vt 0.283726 0.176276
vt 0.115268 0.376982
vt 0.143749 0.392365
vt 0.112231 0.406379
vt 0.095796 0.382630
vt 0.099737 0.400812
vt 0.090397 0.391448
vt 0.151378 0.384815
vt 0.160176 0.391330
vt 0.146883 0.934188
vt 0.158942 0.928174
vt 0.166714 0.927066
vt 0.912616 0.058101
vt 0.914648 0.064016
vt 0.908170 0.064632
vt 0.919730 0.073487
vt 0.912347 0.084927
vt 0.904799 0.086734
vt 0.902975 0.078443
vt 0.899519 0.063027
vt 0.903512 0.058389
vt 0.679458 0.045192
vt 0.684492 0.059103
vt 0.663422 0.051958
vt 0.665112 0.042830
vt 0.676049 0.066758
vt 0.061847 0.136605
vt 0.041275 0.133930
vt 0.063379 0.124970
vt 0.060303 0.115164
vt 0.040206 0.117373
vt 0.040450 0.108578
vt 0.930531 0.675805
vt 0.926622 0.692040
vt 0.912815 0.671186
vt 0.931002 0.665374
vt 0.907293 0.619830
vt 0.924187 0.648609
vt 0.911452 0.605002
vt 0.898558 0.611352
vt 0.899030 0.598841
vt 0.926408 0.613082
vt 0.920629 0.594898
vt 0.930216 0.584552
vt 0.933527 0.587304
vt 0.043108 0.105848
vt 0.060181 0.107969
vt 0.130235 0.368054
vt 0.528921 0.092549
vt 0.532979 0.069340
vt 0.526616 0.061657
vt 0.521394 0.605827
vt 0.504360 0.624770
vt 0.491226 0.618098
vt 0.522319 0.641007
vt 0.537112 0.634436
vt 0.152241 0.763968
vt 0.158583 0.754478
vt 0.900912 0.102671
vt 0.906521 0.103135
vt 0.930913 0.631323
vt 0.383189 0.156968
vt 0.361742 0.161486
vt 0.367047 0.147811
vt 0.353143 0.158511
vt 0.890807 0.662501
vt 0.890847 0.677326
vt 0.888780 0.671989
vt 0.876900 0.703667
vt 0.890627 0.700269
vt 0.906381 0.714076
vt 0.934626 0.703037
vt 0.926699 0.716127
vt 0.936822 0.711692
vt 0.935248 0.716029
vt 0.918577 0.715476
vt 0.265338 0.575136
vt 0.266753 0.537642
vt 0.298427 0.563238
vt 0.263012 0.543833
vt 0.987908 0.443767
vt 0.971701 0.439488
vt 0.987800 0.439396
vt 0.546133 0.939354
vt 0.523845 0.964528
vt 0.513615 0.953498
vt 0.568059 0.959238
vt 0.565982 0.937783
vt 0.582942 0.951311
vt 0.579947 0.960308
vt 0.586554 0.954479
vt 0.831469 0.428287
vt 0.846792 0.426275
vt 0.842312 0.440991
vt 0.864438 0.450936
vt 0.871909 0.429205
vt 0.877679 0.448671
vt 0.889922 0.411346
vt 0.897352 0.480375
vt 0.884979 0.403112
vt 0.897059 0.404907
vt 0.906934 0.493074
vt 0.913618 0.494523
vt 0.932404 0.471004
vt 0.850245 0.406799
vt 0.866949 0.405360
vt 0.834457 0.413698
vt 0.837576 0.406151
vt 0.833825 0.407830
vt 0.822286 0.418373
vt 0.813850 0.420475
vt 0.813408 0.418615
vt 0.754034 0.996979
vt 0.754853 0.982034
vt 0.777909 0.983656
vt 0.778229 0.995905
vt 0.793232 0.990540
vt 0.789730 0.978787
vt 0.771353 0.972615
vt 0.545766 0.971920
vt 0.492671 0.972200
vt 0.486698 0.985107
vt 0.500954 0.990024
vt 0.524007 0.989442
vt 0.562898 0.980679
vt 0.673080 0.355084
vt 0.677298 0.331262
vt 0.689165 0.349808
vt 0.680296 0.319002
vt 0.710826 0.317546
vt 0.711664 0.331074
vt 0.741159 0.358479
vt 0.709423 0.344609
vt 0.704849 0.362912
vt 0.698284 0.364523
vt 0.732074 0.363751
vt 0.723518 0.364658
vt 0.777436 0.951985
vt 0.787382 0.953266
vt 0.791353 0.964661
vt 0.752584 0.320104
vt 0.742211 0.380577
vt 0.739324 0.377893
vt 0.745862 0.313332
vt 0.603263 0.497489
vt 0.581727 0.492374
vt 0.641979 0.446677
vt 0.634416 0.434971
vt 0.641986 0.432042
vt 0.639442 0.487988
vt 0.627993 0.502173
vt 0.607931 0.504839
vt 0.533499 0.469126
vt 0.531634 0.448829
vt 0.541598 0.458597
vt 0.523050 0.469191
vt 0.040817 0.642533
vt 0.025355 0.650046
vt 0.030296 0.622140
vt 0.553144 0.041977
vt 0.539844 0.047662
vt 0.541753 0.035404
vt 0.548487 0.055064
vt 0.533092 0.044489
vt 0.531850 0.024387
vt 0.544258 0.024224
vt 0.562140 0.029059
vt 0.555738 0.502591
vt 0.525054 0.499197
vt 0.526044 0.482454
vt 0.217478 0.652413
vt 0.223285 0.687177
vt 0.205876 0.669066
vt 0.227120 0.652868
vt 0.197659 0.649948
vt 0.225305 0.613552
vt 0.200033 0.630816
vt 0.189070 0.618078
vt 0.208463 0.608593
vt 0.228090 0.616978
vt 0.141784 0.989561
vt 0.138395 0.971995
vt 0.147331 0.987414
vt 0.113692 0.979019
vt 0.102566 0.967685
vt 0.102530 0.980969
vt 0.090251 0.976707
vt 0.118206 0.954282
vt 0.980481 0.942899
vt 0.977886 0.907990
vt 0.991912 0.917372
vt 0.973904 0.986975
vt 0.986732 0.985791
vt 0.991078 0.997563
vt 0.972105 0.976588
vt 0.972214 0.966824
vt 0.974149 0.909841
vt 0.972748 0.926820
vt 0.020670 0.765425
vt 0.008512 0.772872
vt 0.010386 0.764030
vt 0.001624 0.770565
vt 0.085138 0.965397
vt 0.098758 0.952335
vt 0.085246 0.980417
vt 0.084657 0.978364
vt 0.111469 0.941059
vt 0.112886 0.937756
vt 0.092240 0.980846
vt 0.033190 0.813853
vt 0.028042 0.804455
vt 0.034586 0.802453
vt 0.036952 0.798127
vt 0.045336 0.805928
vt 0.050855 0.798832
vt 0.041583 0.826347
vt 0.025463 0.818661
vt 0.026013 0.828184
vt 0.036487 0.835846
vt 0.053702 0.831439
vt 0.047718 0.839523
vt 0.021622 0.414646
vt 0.011674 0.398079
vt 0.034290 0.409848
vt 0.024125 0.399758
vt 0.039152 0.403862
vt 0.033088 0.398181
vt 0.007024 0.982268
vt 0.016996 0.978761
vt 0.018027 0.990576
vt 0.007577 0.989839
vt 0.033420 0.762370
vt 0.034193 0.760396
vt 0.030584 0.767503
vt 0.025979 0.771027
vt 0.184334 0.640913
vt 0.037264 0.914469
vt 0.049374 0.908535
vt 0.047976 0.918064
vt 0.033116 0.937812
vt 0.024940 0.931926
vt 0.022569 0.018318
vt 0.039549 0.009353
vt 0.027970 0.023938
vt 0.041083 0.021489
vt 0.036634 0.024656
vt 0.049446 0.025944
vt 0.046738 0.026815
vt 0.286966 0.255491
vt 0.286718 0.245270
vt 0.296953 0.238647
vt 0.014881 0.028912
vt 0.704786 0.570112
vt 0.710084 0.537250
vt 0.722443 0.579175
vt 0.723193 0.561986
vt 0.738055 0.580669
vt 0.727998 0.560387
vt 0.733524 0.534990
vt 0.672872 0.509946
vt 0.716390 0.509458
vt 0.432345 0.047295
vt 0.418326 0.053395
vt 0.424011 0.046368
vt 0.413565 0.058897
vt 0.434109 0.065283
vt 0.424276 0.080093
vt 0.397655 0.082784
vt 0.395728 0.079258
vt 0.808769 0.987925
vt 0.816827 0.991099
vt 0.394365 0.061001
vt 0.410762 0.051492
vt 0.395068 0.052956
vt 0.334965 0.106845
vt 0.344795 0.092073
vt 0.348263 0.106175
vt 0.328697 0.098921
vt 0.354290 0.090579
vt 0.379280 0.084316
vt 0.338833 0.116022
vt 0.375049 0.118080
vt 0.350964 0.129533
vt 0.389146 0.107845
vt 0.027063 0.253048
vt 0.012517 0.252471
vt 0.016043 0.244254
vt 0.031849 0.235143
vt 0.033560 0.246486
vt 0.020225 0.236739
vt 0.006680 0.238406
vt 0.003400 0.244236
vt 0.020793 0.227640
vt 0.023256 0.920157
vt 0.289640 0.231052
vt 0.286953 0.219851
vt 0.292354 0.204066
vt 0.300041 0.192974
vt 0.327238 0.222682
vt 0.310637 0.244935
vt 0.329861 0.247609
vt 0.340436 0.235209
vt 0.056329 0.810023
vt 0.054083 0.804256
vt 0.232106 0.774889
vt 0.219358 0.801524
vt 0.204376 0.812753
vt 0.196513 0.801316
vt 0.215467 0.765288
vt 0.188419 0.739746
vt 0.187024 0.786493
vt 0.193036 0.726631
vt 0.207813 0.736716
vt 0.176670 0.124959
vt 0.169001 0.128008
vt 0.172011 0.131485
vt 0.184065 0.125917
vt 0.188087 0.126380
vt 0.189143 0.130854
vt 0.154563 0.126517
vt 0.145583 0.122178
vt 0.002988 0.231069
vt 0.226873 0.042363
vt 0.209744 0.039037
vt 0.235088 0.036042
vt 0.223553 0.021528
vt 0.238685 0.017928
vt 0.628919 0.031838
vt 0.617968 0.019422
vt 0.621150 0.018293
vt 0.618481 0.044345
vt 0.593426 0.030431
vt 0.659734 0.390058
vt 0.661314 0.420161
vt 0.649945 0.406360
vt 0.700378 0.392729
vt 0.211001 0.956142
vt 0.245716 0.950691
vt 0.240635 0.976860
vt 0.253670 0.972380
vt 0.259940 0.987341
vt 0.252918 0.953252
vt 0.252556 0.960885
vt 0.229273 0.950596
vt 0.242060 0.948491
vt 0.211243 0.941801
vt 0.237076 0.935910
vt 0.234546 0.931640
vt 0.213494 0.923964
vt 0.679004 0.387666
vt 0.657666 0.427446
vt 0.246735 0.031457
vt 0.246640 0.032400
vt 0.685255 0.418398
vt 0.675683 0.428349
vt 0.665950 0.438272
vt 0.721237 0.427453
vt 0.735053 0.397362
vt 0.487942 0.129052
vt 0.475166 0.146069
vt 0.461508 0.143381
vt 0.503262 0.137467
vt 0.483941 0.157747
vt 0.466063 0.162942
vt 0.459681 0.150028
vt 0.226776 0.978178
vt 0.574868 0.332105
vt 0.604185 0.351038
vt 0.533868 0.366316
vt 0.572931 0.403878
vt 0.596621 0.391607
vt 0.243746 0.328849
vt 0.250846 0.340376
vt 0.219489 0.353807
vt 0.232576 0.360130
vt 0.217797 0.333308
vt 0.258090 0.326905
vt 0.260350 0.335192
vt 0.256000 0.300151
vt 0.261440 0.299438
vt 0.218952 0.312700
vt 0.260409 0.286448
vt 0.218793 0.285118
vt 0.241868 0.267674
vt 0.206174 0.301293
vt 0.762616 0.307535
vt 0.765252 0.311650
vt 0.772091 0.352790
vt 0.069231 0.551753
vt 0.076420 0.547266
vt 0.077171 0.549956
vt 0.050107 0.547593
vt 0.065397 0.541445
vt 0.044834 0.535317
vt 0.058368 0.552154
vt 0.052154 0.197883
vt 0.046013 0.214873
vt 0.041432 0.216259
vt 0.066131 0.196680
vt 0.044900 0.195600
vt 0.042214 0.180382
vt 0.057949 0.180293
vt 0.082797 0.189494
vt 0.078900 0.185892
vt 0.068479 0.177870
vt 0.055380 0.163984
vt 0.064717 0.168382
vt 0.038277 0.164942
vt 0.042321 0.163916
vt 0.703701 0.439141
vt 0.177129 0.752747
vt 0.179970 0.742504
vt 0.028022 0.357089
vt 0.030300 0.376316
vt 0.023246 0.361533
vt 0.221984 0.760653
vt 0.015840 0.085716
vt 0.013266 0.103542
vt 0.005258 0.091045
vt 0.023256 0.094958
vt 0.020983 0.106248
vt 0.553128 0.016727
vt 0.334281 0.211848
vt 0.342663 0.221483
vt 0.347552 0.233376
vt 0.043960 0.525077
vt 0.771893 0.404227
vt 0.764681 0.432528
vt 0.772628 0.422765
vt 0.763889 0.388734
vt 0.599529 0.043040
vt 0.503409 0.154764
vt 0.963231 0.124525
vt 0.952174 0.111593
vt 0.974520 0.113193
vt 0.971431 0.088641
vt 0.954931 0.089166
vt 0.944078 0.091674
vt 0.952520 0.097352
vt 0.939515 0.123127
vt 0.927298 0.109355
vt 0.947369 0.109271
vt 0.950373 0.134632
vt 0.974321 0.134404
vt 0.968894 0.143294
vt 0.008593 0.372621
vt 0.014295 0.377184
vt 0.206474 0.316226
vt 0.006730 0.793042
vt 0.015739 0.804188
vt 0.005822 0.798322
vt 0.630732 0.125194
vt 0.647216 0.125092
vt 0.644580 0.135453
vt 0.629064 0.124229
vt 0.635582 0.130527
vt 0.624048 0.138395
vt 0.622142 0.136895
vt 0.647612 0.154752
vt 0.630745 0.161951
vt 0.621824 0.149126
vt 0.653226 0.133008
vt 0.666205 0.127882
vt 0.661302 0.135321
vt 0.662334 0.126245
vt 0.604348 0.051920
vt 0.591682 0.046317
vt 0.614130 0.051280
vt 0.014920 0.446241
vt 0.009541 0.444669
vt 0.014414 0.443123
vt 0.009310 0.449909
vt 0.647503 0.174560
vt 0.652877 0.169037
vt 0.661708 0.177829
vt 0.658058 0.156023
vt 0.665198 0.178764
vt 0.664328 0.147524
vt 0.669940 0.150357
vt 0.669798 0.158257
vt 0.908172 0.019472
vt 0.901101 0.016158
vt 0.907562 0.008146
vt 0.914843 0.011132
vt 0.047571 0.991592
vt 0.038097 0.989481
vt 0.059678 0.983048
vt 0.059620 0.991337
vt 0.055573 0.996726
vt 0.035191 0.985399
vt 0.044054 0.965654
vt 0.976818 0.352271
vt 0.979596 0.350529
vt 0.986817 0.355181
vt 0.739097 0.444365
vt 0.064144 0.967711
vt 0.070704 0.977483
vt 0.292453 0.082763
vt 0.287069 0.069787
vt 0.296115 0.060487
vt 0.310171 0.068583
vt 0.280523 0.077858
vt 0.283730 0.089551
vt 0.293864 0.100507
vt 0.315133 0.089352
vt 0.278270 0.065190
vt 0.285410 0.055353
vt 0.596130 0.313210
vt 0.587831 0.308489
vt 0.603938 0.284968
vt 0.617342 0.303109
vt 0.632704 0.313525
vt 0.624893 0.286661
vt 0.618259 0.270520
vt 0.634351 0.282366
vt 0.605033 0.275278
vt 0.661230 0.275560
vt 0.677415 0.287282
vt 0.642945 0.307025
vt 0.685544 0.280245
vt 0.682049 0.275189
vt 0.689789 0.268561
vt 0.978454 0.301886
vt 0.976865 0.292911
vt 0.988765 0.301667
vt 0.974451 0.297956
vt 0.990087 0.315638
vt 0.971991 0.312654
vt 0.992493 0.333822
vt 0.963653 0.342484
vt 0.962790 0.326790
vt 0.955749 0.340532
vt 0.549071 0.403887
vt 0.519482 0.378656
vt 0.513303 0.378646
vt 0.494078 0.340364
vt 0.499981 0.377139
vt 0.488122 0.373046
vt 0.477079 0.351572
vt 0.227811 0.139125
vt 0.227635 0.163001
vt 0.208077 0.153499
vt 0.204487 0.135487
vt 0.258879 0.163720
vt 0.214232 0.129344
vt 0.200957 0.129594
vt 0.232230 0.116158
vt 0.226935 0.119580
vt 0.231188 0.115342
vt 0.232462 0.121600
vt 0.062790 0.493185
vt 0.055437 0.503186
vt 0.050710 0.490154
vt 0.076568 0.507305
vt 0.063378 0.518117
vt 0.254327 0.150748
vt 0.980576 0.422457
vt 0.980766 0.397321
vt 0.994521 0.408387
vt 0.993694 0.375712
vt 0.947660 0.401415
vt 0.957862 0.390917
vt 0.774108 0.590086
vt 0.763708 0.603065
vt 0.746303 0.599917
vt 0.781241 0.606066
vt 0.776949 0.564874
vt 0.751331 0.557973
vt 0.307293 0.141716
vt 0.321499 0.137428
vt 0.319872 0.178354
vt 0.320022 0.127765
vt 0.323509 0.131035
vt 0.335609 0.168958
vt 0.326762 0.180464
vt 0.326071 0.173891
vt 0.926066 0.947261
vt 0.943587 0.934272
vt 0.943872 0.952688
vt 0.956074 0.944277
vt 0.956839 0.974546
vt 0.938267 0.982732
vt 0.956334 0.990546
vt 0.928138 0.990586
vt 0.917702 0.978007
vt 0.914470 0.987670
vt 0.907366 0.955990
vt 0.943447 0.373001
vt 0.440818 0.970802
vt 0.435506 0.944822
vt 0.968224 0.366161
vt 0.998565 0.069922
vt 0.985756 0.081196
vt 0.994057 0.054239
vt 0.959294 0.063685
vt 0.964860 0.043430
vt 0.967687 0.050562
vt 0.959507 0.044877
vt 0.973876 0.040740
vt 0.976285 0.038184
vt 0.996535 0.039522
vt 0.003621 0.855725
vt 0.017113 0.843672
vt 0.019996 0.856933
vt 0.994081 0.370147
vt 0.177588 0.310426
vt 0.160173 0.345122
vt 0.135511 0.319567
vt 0.172178 0.303515
vt 0.136052 0.287921
vt 0.150526 0.292669
vt 0.139130 0.294060
vt 0.135876 0.345216
vt 0.137620 0.350098
vt 0.185275 0.318943
vt 0.186267 0.340157
vt 0.141597 0.302391
vt 0.159294 0.296076
vt 0.462676 0.273583
vt 0.477384 0.274963
vt 0.475484 0.286586
vt 0.500149 0.266520
vt 0.478828 0.294896
vt 0.178873 0.348586
vt 0.162397 0.359567
vt 0.140178 0.353556
vt 0.446158 0.293253
vt 0.457791 0.276147
vt 0.447738 0.301099
vt 0.078548 0.337786
vt 0.069531 0.321435
vt 0.079147 0.328143
vt 0.098097 0.301487
vt 0.072407 0.302077
vt 0.095595 0.293851
vt 0.113786 0.321182
vt 0.085658 0.358670
vt 0.083556 0.348319
vt 0.117631 0.335827
vt 0.122721 0.344326
vt 0.556560 0.834176
vt 0.586110 0.827628
vt 0.610480 0.856585
vt 0.581851 0.882450
vt 0.540998 0.839949
vt 0.347089 0.548310
vt 0.348658 0.566790
vt 0.335181 0.548304
vt 0.317636 0.572496
vt 0.345113 0.538154
vt 0.984378 0.556890
vt 0.964469 0.565201
vt 0.972063 0.544501
vt 0.960715 0.548679
vt 0.982215 0.561303
vt 0.981044 0.567548
vt 0.177434 0.683539
vt 0.188320 0.671402
vt 0.198443 0.688807
vt 0.194985 0.701040
vt 0.142614 0.720359
vt 0.162219 0.702371
vt 0.153396 0.722199
vt 0.449504 0.311653
vt 0.470636 0.319589
vt 0.465078 0.323700
vt 0.486565 0.315900
vt 0.148456 0.680895
vt 0.141937 0.691385
vt 0.504210 0.299162
vt 0.510097 0.317512
vt 0.496366 0.323304
vt 0.512471 0.261723
vt 0.520055 0.274218
vt 0.530922 0.282669
vt 0.523915 0.321742
vt 0.535128 0.321061
vt 0.533713 0.328228
vt 0.002224 0.891906
vt 0.013210 0.882086
vt 0.020419 0.886824
vt 0.010677 0.903620
vt 0.024227 0.898336
vt 0.790595 0.483969
vt 0.846562 0.495204
vt 0.829935 0.524328
vt 0.849061 0.516919
vt 0.849420 0.523765
vt 0.864933 0.553374
vt 0.860313 0.571025
vt 0.838398 0.566983
vt 0.836762 0.538528
vt 0.816515 0.463430
vt 0.856921 0.471305
vt 0.834086 0.455847
vt 0.776640 0.455443
vt 0.765533 0.481742
vt 0.742977 0.471503
vt 0.760589 0.502902
vt 0.773701 0.509776
vt 0.917897 0.222727
vt 0.915850 0.227496
vt 0.910124 0.224529
vt 0.928909 0.208737
vt 0.901734 0.193611
vt 0.896769 0.196855
vt 0.920553 0.186205
vt 0.938686 0.194236
vt 0.335068 0.571005
vt 0.962441 0.569507
vt 0.895035 0.257098
vt 0.884269 0.234871
vt 0.884331 0.248549
vt 0.441197 0.319415
vt 0.453958 0.327310
vt 0.444128 0.313899
vt 0.697928 0.607159
vt 0.657817 0.638000
vt 0.689708 0.603673
vt 0.724003 0.088649
vt 0.711836 0.108721
vt 0.718146 0.088250
vt 0.726967 0.081156
vt 0.714617 0.084030
vt 0.694032 0.097387
vt 0.683728 0.083212
vt 0.686544 0.105204
vt 0.064529 0.456355
vt 0.071215 0.428298
vt 0.081909 0.473234
vt 0.069715 0.470732
vt 0.108402 0.467234
vt 0.114190 0.475331
vt 0.120393 0.468170
vt 0.086613 0.459695
vt 0.108458 0.442054
vt 0.102042 0.425402
vt 0.118708 0.443537
vt 0.300999 0.576068
vt 0.293380 0.582890
vt 0.287459 0.592121
vt 0.018687 0.319886
vt 0.015412 0.331243
vt 0.007752 0.322181
vt 0.010882 0.329763
vt 0.007705 0.330114
vt 0.993236 0.530482
vt 0.992747 0.538232
vt 0.983716 0.527382
vt 0.973425 0.523144
vt 0.962221 0.544293
vt 0.979710 0.520289
vt 0.993135 0.524207
vt 0.318699 0.023782
vt 0.321603 0.028875
vt 0.312086 0.032177
vt 0.322034 0.041020
vt 0.310863 0.020820
vt 0.301236 0.032589
vt 0.854771 0.041423
vt 0.866946 0.052553
vt 0.864774 0.056725
vt 0.861270 0.045584
vt 0.853791 0.056341
vt 0.836372 0.049621
vt 0.831924 0.064993
vt 0.845443 0.041559
vt 0.829029 0.048960
vt 0.828060 0.053152
vt 0.069451 0.390570
vt 0.084497 0.412023
vt 0.077562 0.412343
vt 0.069979 0.409575
vt 0.057597 0.400812
vt 0.518673 0.790437
vt 0.515706 0.775761
vt 0.522252 0.779884
vt 0.535718 0.769582
vt 0.521165 0.754056
vt 0.546263 0.762161
vt 0.686730 0.632140
vt 0.671054 0.655679
vt 0.508653 0.325188
vt 0.054857 0.372722
vt 0.053355 0.396672
vt 0.046305 0.378860
vt 0.050779 0.380882
vt 0.488239 0.791361
vt 0.488034 0.760017
vt 0.462808 0.777484
vt 0.465213 0.747051
vt 0.442614 0.760905
vt 0.421767 0.737109
vt 0.436030 0.722598
vt 0.408249 0.729355
vt 0.414245 0.770199
vt 0.392120 0.740384
vt 0.393784 0.724012
vt 0.388342 0.743700
vt 0.398813 0.712710
vt 0.854756 0.905177
vt 0.812310 0.915038
vt 0.817435 0.907318
vt 0.892557 0.889552
vt 0.906631 0.857135
vt 0.917071 0.843490
vt 0.484425 0.734275
vt 0.503842 0.742793
vt 0.531416 0.772265
vt 0.636865 0.051619
vt 0.644335 0.070849
vt 0.634734 0.069939
vt 0.648336 0.049092
vt 0.649006 0.040006
vt 0.646870 0.038260
vt 0.633197 0.052867
vt 0.629788 0.059881
vt 0.291532 0.044236
vt 0.287173 0.040610
vt 0.301894 0.038742
vt 0.296602 0.045329
vt 0.302424 0.046213
vt 0.311665 0.043351
vt 0.298242 0.021355
vt 0.319384 0.044743
vt 0.974122 0.676643
vt 0.979647 0.676675
vt 0.984896 0.678240
vt 0.961543 0.694403
vt 0.971400 0.690331
vt 0.959001 0.702857
vt 0.947614 0.711686
vt 0.965451 0.675657
vt 0.973271 0.675525
vt 0.948685 0.670676
vt 0.808301 0.180356
vt 0.819587 0.166669
vt 0.812954 0.178961
vt 0.816993 0.175341
vt 0.823281 0.171406
vt 0.839196 0.163238
vt 0.821123 0.151505
vt 0.837892 0.119283
vt 0.845649 0.124380
vt 0.829410 0.125212
vt 0.803267 0.140954
vt 0.799074 0.122163
vt 0.854026 0.141423
vt 0.790200 0.134676
vt 0.556045 0.214097
vt 0.595898 0.214868
vt 0.574270 0.238104
vt 0.546591 0.227131
vt 0.549026 0.213840
vt 0.538955 0.216373
vt 0.540158 0.211348
vt 0.537398 0.222047
vt 0.537647 0.233711
vt 0.555815 0.245078
vt 0.543299 0.254250
vt 0.530749 0.248780
vt 0.568223 0.283246
vt 0.560403 0.257184
vt 0.529892 0.256043
vt 0.531492 0.259327
vt 0.252732 0.195727
vt 0.266421 0.197232
vt 0.239764 0.178595
vt 0.218244 0.195465
vt 0.214092 0.191514
vt 0.150104 0.863445
vt 0.135118 0.843764
vt 0.155680 0.848741
vt 0.154824 0.864868
vt 0.141825 0.830935
vt 0.165923 0.856766
vt 0.167162 0.839547
vt 0.168383 0.850678
vt 0.154194 0.793027
vt 0.956680 0.708385
vt 0.956238 0.711929
vt 0.960114 0.705540
vt 0.724856 0.886116
vt 0.747429 0.905773
vt 0.729162 0.894179
vt 0.751290 0.870993
vt 0.792737 0.874728
vt 0.773931 0.860852
vt 0.784135 0.853531
vt 0.788322 0.833040
vt 0.798512 0.800712
vt 0.806316 0.884427
vt 0.819816 0.855702
vt 0.840704 0.826350
vt 0.838491 0.841695
vt 0.818307 0.811364
vt 0.825290 0.798213
vt 0.054809 0.281001
vt 0.043081 0.279858
vt 0.044470 0.269257
vt 0.053925 0.251439
vt 0.064950 0.272776
vt 0.070772 0.257463
vt 0.054026 0.242062
vt 0.796874 0.180190
vt 0.776323 0.162938
vt 0.782062 0.152738
vt 0.044534 0.251062
vt 0.653269 0.873602
vt 0.640177 0.886442
vt 0.677455 0.845231
vt 0.661991 0.865090
vt 0.670340 0.859490
vt 0.640029 0.834152
vt 0.615799 0.831752
vt 0.609723 0.689237
vt 0.616304 0.681769
vt 0.611668 0.713863
vt 0.587934 0.660666
vt 0.626210 0.698383
vt 0.647238 0.685793
vt 0.639358 0.708584
vt 0.621816 0.727754
vt 0.869524 0.068806
vt 0.887569 0.089607
vt 0.856454 0.106315
vt 0.850936 0.080677
vt 0.884266 0.077677
vt 0.591206 0.625919
vt 0.622515 0.616473
vt 0.631913 0.649847
vt 0.657196 0.592318
vt 0.663587 0.582984
vt 0.652867 0.571030
vt 0.576684 0.637854
vt 0.564248 0.626672
vt 0.578578 0.604896
vt 0.590746 0.586847
vt 0.556706 0.619459
vt 0.561669 0.591605
vt 0.618419 0.574502
vt 0.594135 0.556194
vt 0.579924 0.576310
vt 0.622032 0.535999
vt 0.641706 0.548980
vt 0.178445 0.387005
vt 0.190885 0.361454
vt 0.239653 0.380623
vt 0.219935 0.400110
vt 0.179985 0.403674
vt 0.206413 0.420258
vt 0.243920 0.414336
vt 0.255685 0.406034
vt 0.201916 0.363488
vt 0.185505 0.360214
vt 0.592740 0.264337
vt 0.772551 0.760797
vt 0.728286 0.762541
vt 0.754138 0.748109
vt 0.712371 0.751812
vt 0.713229 0.730263
vt 0.728186 0.712108
vt 0.734048 0.690778
vt 0.767640 0.703162
vt 0.746198 0.665021
vt 0.712324 0.711607
vt 0.703893 0.690613
vt 0.728783 0.658476
vt 0.778271 0.687770
vt 0.772876 0.643174
vt 0.789079 0.662540
vt 0.773441 0.721854
vt 0.593714 0.231786
vt 0.516480 0.124309
vt 0.513615 0.108929
vt 0.554039 0.108075
vt 0.561588 0.129550
vt 0.544861 0.155193
vt 0.571860 0.126106
vt 0.577519 0.113593
vt 0.533654 0.158717
vt 0.989684 0.014732
vt 0.993125 0.025840
vt 0.987249 0.026818
vt 0.322370 0.789788
vt 0.306125 0.819083
vt 0.312871 0.783687
vt 0.308783 0.717654
vt 0.329693 0.740904
vt 0.304883 0.732881
vt 0.331705 0.722720
vt 0.608902 0.530166
vt 0.729979 0.511467
vt 0.741028 0.520314
vt 0.744220 0.522273
vt 0.743104 0.528180
vt 0.760439 0.529698
vt 0.776583 0.547087
vt 0.267650 0.814948
vt 0.246526 0.814447
vt 0.253847 0.796666
vt 0.282046 0.816616
vt 0.259715 0.824040
vt 0.286310 0.841334
vt 0.300966 0.869589
vt 0.278606 0.874488
vt 0.241869 0.828427
vt 0.230575 0.822776
vt 0.265647 0.890239
vt 0.226239 0.845315
vt 0.251503 0.893185
vt 0.237955 0.894281
vt 0.785878 0.553175
vt 0.825135 0.024539
vt 0.820333 0.034189
vt 0.815840 0.016001
vt 0.829689 0.009111
vt 0.239627 0.809896
vt 0.239780 0.808190
vt 0.823308 0.202676
vt 0.831242 0.189172
vt 0.836434 0.189825
vt 0.836251 0.221384
vt 0.827323 0.234729
vt 0.809320 0.219217
vt 0.844823 0.185458
vt 0.676420 0.685480
vt 0.689810 0.687558
vt 0.828122 0.281681
vt 0.843135 0.268542
vt 0.876600 0.297811
vt 0.851006 0.315786
vt 0.846012 0.312373
vt 0.845764 0.317759
vt 0.839324 0.323096
vt 0.845909 0.319018
vt 0.816709 0.304807
vt 0.807064 0.273986
vt 0.793308 0.279691
vt 0.801566 0.337178
vt 0.822713 0.335688
vt 0.804239 0.249617
vt 0.790908 0.264657
vt 0.787576 0.259655
vt 0.731303 0.454202
vt 0.726615 0.464444
vt 0.721811 0.453345
vt 0.880092 0.277734
vt 0.859916 0.260991
vt 0.807391 0.714928
vt 0.820096 0.690688
vt 0.838776 0.720925
vt 0.831454 0.729351
vt 0.841636 0.684893
vt 0.847157 0.726179
vt 0.835318 0.740075
vt 0.808816 0.753892
vt 0.804650 0.737732
vt 0.802453 0.722341
vt 0.801839 0.719282
vt 0.838346 0.331035
vt 0.834180 0.332796
vt 0.687458 0.656636
vt 0.741163 0.647802
vt 0.768286 0.626091
vt 0.755098 0.635026
vt 0.422296 0.132626
vt 0.424506 0.127290
vt 0.425455 0.135326
vt 0.434329 0.119941
vt 0.438977 0.137643
vt 0.446054 0.111290
vt 0.447587 0.123136
vt 0.458323 0.116512
vt 0.466245 0.103192
vt 0.435705 0.096484
vt 0.454031 0.091721
vt 0.466962 0.094296
vt 0.425344 0.106311
vt 0.790035 0.619152
vt 0.803268 0.628819
vt 0.788947 0.629898
vt 0.801822 0.652820
vt 0.820278 0.647477
vt 0.788576 0.209097
vt 0.799901 0.195850
vt 0.785895 0.201724
vt 0.792990 0.232246
vt 0.860690 0.217222
vt 0.879538 0.236047
vt 0.867762 0.230584
vt 0.857664 0.229704
vt 0.897225 0.177633
vt 0.903781 0.174554
vt 0.263240 0.026071
vt 0.272170 0.029709
vt 0.260488 0.049682
vt 0.271092 0.049118
vt 0.273197 0.020165
vt 0.403265 0.288301
vt 0.381416 0.291456
vt 0.365841 0.251426
vt 0.401905 0.304151
vt 0.407552 0.267259
vt 0.417928 0.313076
vt 0.392585 0.315519
vt 0.409449 0.316270
vt 0.430533 0.292795
vt 0.429863 0.267060
vt 0.439326 0.274973
vt 0.438741 0.244028
vt 0.423537 0.239126
vt 0.438958 0.256266
vt 0.435303 0.235599
vt 0.437783 0.238317
vt 0.475365 0.018525
vt 0.494092 0.004613
vt 0.480827 0.023914
vt 0.818262 0.437869
vt 0.795339 0.525698
vt 0.805218 0.537216
vt 0.794562 0.539330
vt 0.804665 0.561239
vt 0.816907 0.549895
vt 0.798811 0.553108
vt 0.056799 0.314401
vt 0.048423 0.328291
vt 0.054247 0.302623
vt 0.039332 0.300911
vt 0.035833 0.324629
vt 0.042915 0.333303
vt 0.363739 0.240198
vt 0.403460 0.231684
vt 0.387454 0.249925
vt 0.411350 0.248491
vt 0.013112 0.940884
vt 0.009407 0.966100
vt 0.007576 0.933972
vt 0.938678 0.037772
vt 0.920017 0.038302
vt 0.932844 0.030078
vt 0.916561 0.032338
vt 0.912550 0.040213
vt 0.913822 0.042521
vt 0.555538 0.084481
vt 0.574884 0.051161
vt 0.563741 0.082275
vt 0.571800 0.091992
vt 0.576480 0.077744
vt 0.580006 0.054091
vt 0.884959 0.125537
vt 0.888724 0.124301
vt 0.896230 0.130928
vt 0.873328 0.138494
vt 0.921160 0.141955
vt 0.897698 0.149585
vt 0.369648 0.270050
vt 0.580715 0.095989
vt 0.533438 0.104203
vt 0.447068 0.673993
vt 0.421055 0.667723
vt 0.481236 0.667234
vt 0.408067 0.668700
vt 0.406576 0.657944
vt 0.424289 0.635383
vt 0.395607 0.637528
vt 0.522858 0.667629
vt 0.514241 0.678948
vt 0.519454 0.684324
vt 0.506213 0.685833
vt 0.530691 0.645399
vt 0.479389 0.690837
vt 0.497868 0.698554
vt 0.465686 0.691634
vt 0.641176 0.022459
vt 0.659685 0.026660
vt 0.641198 0.029680
vt 0.081932 0.663091
vt 0.071539 0.669485
vt 0.067991 0.659682
vt 0.069747 0.652344
vt 0.088418 0.661439
vt 0.091677 0.670506
vt 0.094427 0.690756
vt 0.075663 0.689118
vt 0.087510 0.708443
vt 0.071346 0.702419
vt 0.060391 0.680098
vt 0.098112 0.701004
vt 0.093060 0.707353
vt 0.108636 0.692701
vt 0.090534 0.711984
vt 0.077932 0.710126
vt 0.119464 0.522308
vt 0.128046 0.499377
vt 0.133091 0.509272
vt 0.091103 0.548278
vt 0.129234 0.533239
vt 0.126396 0.542451
vt 0.126322 0.558228
vt 0.098218 0.560902
vt 0.123370 0.566232
vt 0.115857 0.681001
vt 0.117383 0.684116
vt 0.110937 0.685809
vt 0.110236 0.688161
vt 0.117325 0.685791
vt 0.121397 0.684307
vt 0.651157 0.004158
vt 0.660400 0.005130
vt 0.030775 0.579443
vt 0.029679 0.569098
vt 0.043538 0.564727
vt 0.047452 0.577117
vt 0.035107 0.564366
vt 0.161232 0.073783
vt 0.167044 0.061115
vt 0.166545 0.076100
vt 0.137121 0.073371
vt 0.137199 0.046169
vt 0.149894 0.047888
vt 0.116548 0.052412
vt 0.128091 0.043726
vt 0.147343 0.075420
vt 0.161082 0.049757
vt 0.167026 0.049490
vt 0.168524 0.050101
vt 0.134167 0.043138
vt 0.058525 0.877378
vt 0.047664 0.873959
vt 0.062416 0.863310
vt 0.054326 0.881740
vt 0.058034 0.892995
vt 0.043904 0.892210
vt 0.047955 0.896063
vt 0.072684 0.892195
vt 0.066024 0.896747
vt 0.072875 0.883645
vt 0.037028 0.592512
vt 0.071493 0.859792
vt 0.066272 0.849932
vt 0.037893 0.889999
vt 0.035706 0.861593
vt 0.548683 0.657804
vt 0.541257 0.679120
vt 0.488243 0.709190
vt 0.967928 0.740236
vt 0.959104 0.734406
vt 0.981725 0.707275
vt 0.986406 0.708798
vt 0.984340 0.751959
vt 0.990419 0.744035
vt 0.971028 0.755434
vt 0.971980 0.757884
vt 0.964244 0.757515
vt 0.955541 0.750022
vt 0.580241 0.681904
vt 0.554337 0.679221
vt 0.585425 0.682000
vt 0.191920 0.955570
vt 0.174115 0.981334
vt 0.349270 0.149644
vt 0.382756 0.162570
vt 0.660063 0.062435
vt 0.660324 0.080710
vt 0.655649 0.082572
vt 0.402229 0.169191
vt 0.418281 0.178695
vt 0.420896 0.173791
vt 0.407383 0.175701
vt 0.416541 0.159651
vt 0.410000 0.134242
vt 0.401943 0.129066
vt 0.738995 0.041134
vt 0.738117 0.047055
vt 0.722303 0.054083
vt 0.715218 0.030736
vt 0.711471 0.050761
vt 0.702572 0.043417
vt 0.699412 0.060083
vt 0.702990 0.034101
vt 0.711952 0.061034
vt 0.714000 0.058779
vt 0.044707 0.058840
vt 0.051129 0.065915
vt 0.032280 0.061776
vt 0.043338 0.084477
vt 0.040600 0.080361
vt 0.057949 0.081061
vt 0.024989 0.062595
vt 0.027325 0.057160
vt 0.033291 0.052531
vt 0.039236 0.049868
vt 0.908229 0.591025
vt 0.081028 0.629261
vt 0.070127 0.627668
vt 0.063080 0.620339
vt 0.660060 0.252556
vt 0.636882 0.260052
vt 0.654717 0.218160
vt 0.632893 0.196030
vt 0.661775 0.200768
vt 0.634026 0.188107
vt 0.654960 0.198158
vt 0.649799 0.193385
vt 0.680228 0.184643
vt 0.677812 0.206902
vt 0.693437 0.193970
vt 0.672707 0.228750
vt 0.701568 0.222247
vt 0.684566 0.236791
vt 0.679136 0.245614
vt 0.491960 0.907830
vt 0.472630 0.897403
vt 0.498157 0.907607
vt 0.483839 0.909104
vt 0.492860 0.886909
vt 0.499646 0.900777
vt 0.473013 0.888060
vt 0.489975 0.867158
vt 0.505833 0.880283
vt 0.475831 0.874347
vt 0.461517 0.895535
vt 0.465266 0.868151
vt 0.399455 0.863539
vt 0.459318 0.839679
vt 0.487122 0.825951
vt 0.508476 0.844302
vt 0.523615 0.841937
vt 0.525757 0.849098
vt 0.103536 0.055467
vt 0.093660 0.051950
vt 0.101398 0.052171
vt 0.548063 0.196408
vt 0.550649 0.179888
vt 0.562644 0.192629
vt 0.573262 0.189852
vt 0.567019 0.166626
vt 0.558292 0.164158
vt 0.539449 0.184370
vt 0.071427 0.046647
vt 0.074297 0.056561
vt 0.093891 0.039784
vt 0.101265 0.040107
vt 0.576082 0.163649
vt 0.589152 0.176436
vt 0.585322 0.163062
vt 0.586603 0.156506
vt 0.590389 0.163221
vt 0.598481 0.167586
vt 0.599409 0.179456
vt 0.593099 0.186898
vt 0.607548 0.173399
vt 0.595559 0.157526
vt 0.073251 0.854532
vt 0.117245 0.804100
vt 0.116856 0.806751
vt 0.111573 0.806170
vt 0.938785 0.820837
vt 0.936909 0.815146
vt 0.953775 0.811524
vt 0.961189 0.823425
vt 0.981053 0.817499
vt 0.975142 0.821856
vt 0.946875 0.825037
vt 0.067968 0.054355
vt 0.061734 0.040822
vt 0.079097 0.040350
vt 0.060425 0.048735
vt 0.057618 0.044561
vt 0.946036 0.802922
vt 0.954362 0.790499
vt 0.953865 0.785034
vt 0.949169 0.788498
vt 0.582009 0.200911
vt 0.034748 0.721069
vt 0.027670 0.715403
vt 0.041370 0.708249
vt 0.048060 0.709272
vt 0.050243 0.704022
vt 0.040602 0.700900
vt 0.027583 0.693957
vt 0.029251 0.704516
vt 0.048326 0.702115
vt 0.037671 0.851812
vt 0.056651 0.850723
vt 0.604493 0.164777
vt 0.604197 0.158119
vt 0.612654 0.161196
vt 0.614851 0.166925
vt 0.027083 0.688507
vt 0.025856 0.729606
vt 0.029092 0.731295
vt 0.851560 0.986697
vt 0.864441 0.981372
vt 0.862036 0.987367
vt 0.828058 0.948332
vt 0.813713 0.956059
vt 0.832887 0.974291
vt 0.812306 0.965413
vt 0.802908 0.960826
vt 0.976176 0.787002
vt 0.980362 0.799134
vt 0.986593 0.802220
vt 0.984676 0.790910
vt 0.068655 0.836389
vt 0.089199 0.827223
vt 0.083065 0.840008
vt 0.076657 0.816343
vt 0.100741 0.796644
vt 0.097306 0.812028
vt 0.088160 0.009697
vt 0.092243 0.016885
vt 0.073584 0.012996
vt 0.096569 0.026643
vt 0.065215 0.020469
vt 0.065261 0.018472
vt 0.064473 0.018974
vt 0.062986 0.016503
vt 0.063207 0.015763
vt 0.063496 0.017753
vt 0.078828 0.873873
vt 0.991298 0.813787
vt 0.993744 0.807781
vt 0.402932 0.437310
vt 0.450372 0.465504
vt 0.434918 0.481962
vt 0.386337 0.459237
vt 0.409236 0.489444
vt 0.473691 0.479050
vt 0.471723 0.438093
vt 0.499328 0.476468
vt 0.502100 0.466894
vt 0.492502 0.430284
vt 0.450895 0.407658
vt 0.419113 0.416488
vt 0.398999 0.428600
vt 0.400047 0.429539
vt 0.310771 0.892900
vt 0.284192 0.901816
vt 0.319658 0.883471
vt 0.276544 0.900009
vt 0.276806 0.898782
vt 0.273989 0.904676
vt 0.277253 0.929508
vt 0.320804 0.914942
vt 0.318933 0.932411
vt 0.335877 0.930510
vt 0.349305 0.938497
vt 0.333193 0.965980
vt 0.270406 0.929577
vt 0.277762 0.967594
vt 0.472485 0.411968
vt 0.523929 0.503487
vt 0.512108 0.513917
vt 0.503364 0.518682
vt 0.525884 0.515779
vt 0.509134 0.520247
vt 0.507735 0.510805
vt 0.415439 0.197490
vt 0.422206 0.195738
vt 0.423947 0.200994
vt 0.420993 0.191818
vt 0.403483 0.188231
vt 0.415132 0.189376
vt 0.395804 0.207469
vt 0.419771 0.210187
vt 0.411827 0.222384
vt 0.388613 0.184577
vt 0.373562 0.185995
vt 0.360669 0.202798
vt 0.357045 0.178951
vt 0.583115 0.508395
vt 0.559912 0.533597
vt 0.113881 0.788814
vt 0.100603 0.781966
vt 0.088478 0.779688
vt 0.069684 0.802603
vt 0.119825 0.794639
vt 0.304036 0.283556
vt 0.283640 0.284686
vt 0.282582 0.279615
vt 0.303621 0.300106
vt 0.301875 0.265299
vt 0.319810 0.259934
vt 0.318196 0.291126
vt 0.328317 0.264348
vt 0.292164 0.297861
vt 0.292963 0.308455
vt 0.325800 0.354126
vt 0.305480 0.345836
vt 0.289818 0.345710
vt 0.293187 0.355891
vt 0.272256 0.354668
vt 0.273258 0.344540
vt 0.275873 0.313278
vt 0.274589 0.330589
vt 0.019609 0.593742
vt 0.012310 0.572960
vt 0.007821 0.586575
vt 0.024720 0.566624
vt 0.015422 0.562960
vt 0.349124 0.274636
vt 0.352577 0.282086
vt 0.330291 0.338366
vt 0.344650 0.272648
vt 0.335232 0.270625
vt 0.335081 0.272997
vt 0.334549 0.268474
vt 0.746368 0.025158
vt 0.749906 0.015819
vt 0.749640 0.025359
vt 0.759359 0.014380
vt 0.245309 0.712560
vt 0.248772 0.686954
vt 0.270908 0.676655
vt 0.284362 0.662921
vt 0.283293 0.726427
vt 0.263692 0.721149
vt 0.239518 0.739005
vt 0.254337 0.744769
vt 0.235423 0.723802
vt 0.240554 0.703718
vt 0.474839 0.054984
vt 0.481110 0.039029
vt 0.480008 0.068299
vt 0.494280 0.037835
vt 0.473535 0.075303
vt 0.466694 0.067418
vt 0.461641 0.036344
vt 0.468109 0.052596
vt 0.461528 0.038212
vt 0.462300 0.061517
vt 0.632221 0.234606
vt 0.626220 0.186401
vt 0.770109 0.130717
vt 0.756249 0.125019
vt 0.777738 0.127616
vt 0.758903 0.130459
vt 0.771254 0.134446
vt 0.745394 0.118853
vt 0.738400 0.116655
vt 0.743289 0.121456
vt 0.748524 0.138606
vt 0.740440 0.137384
vt 0.726068 0.124347
vt 0.718257 0.134844
vt 0.719533 0.126144
vt 0.711501 0.127563
vt 0.143739 0.255158
vt 0.154138 0.255856
vt 0.150209 0.263598
vt 0.133335 0.256512
vt 0.119452 0.257753
vt 0.107398 0.254800
vt 0.104133 0.261313
vt 0.129060 0.273608
vt 0.142676 0.270459
vt 0.106784 0.275787
vt 0.100186 0.278341
vt 0.097955 0.269865
vt 0.112874 0.289526
vt 0.121921 0.282785
vt 0.496131 0.053319
vt 0.086617 0.212848
vt 0.091495 0.201889
vt 0.106446 0.214564
vt 0.127201 0.234078
vt 0.131262 0.237253
vt 0.130061 0.239369
vt 0.624326 0.206854
vt 0.611538 0.189701
vt 0.089039 0.256451
vt 0.089443 0.237993
vt 0.081210 0.229932
vt 0.092506 0.228016
vt 0.099676 0.238642
vt 0.117012 0.225377
vt 0.067853 0.814315
vt 0.391170 0.983548
vt 0.385502 0.983057
vt 0.385034 0.972427
vt 0.396046 0.990926
vt 0.405244 0.985334
vt 0.411482 0.991068
vt 0.106291 0.122693
vt 0.116486 0.115649
vt 0.119326 0.135897
vt 0.097366 0.150942
vt 0.094758 0.139039
vt 0.096797 0.118166
vt 0.086576 0.128521
vt 0.087565 0.166539
vt 0.104650 0.165801
vt 0.880997 0.935176
vt 0.886995 0.959768
vt 0.864492 0.939705
vt 0.883362 0.925159
vt 0.882643 0.920142
vt 0.090357 0.178488
vt 0.084136 0.172720
vt 0.097308 0.179205
vt 0.105986 0.188644
vt 0.107755 0.183859
vt 0.121609 0.155027
vt 0.122062 0.170432
vt 0.115973 0.184086
vt 0.105497 0.106373
vt 0.092190 0.103960
vt 0.098352 0.087749
vt 0.085931 0.101779
vt 0.078314 0.096274
vt 0.096808 0.079075
vt 0.112504 0.104235
vt 0.112302 0.071721
vt 0.125536 0.102921
vt 0.103954 0.073396
vt 0.092448 0.073494
vt 0.073890 0.075944
vt 0.071780 0.088807
vt 0.069573 0.096821
vt 0.873018 0.963930
vt 0.860958 0.934587
vt 0.868866 0.976693
vt 0.888402 0.986535
vt 0.870998 0.984386
vt 0.292102 0.731227
vt 0.287947 0.741647
vt 0.272034 0.744472
vt 0.948743 0.018195
vt 0.945821 0.013904
vt 0.963448 0.012745
vt 0.964653 0.020185
vt 0.960800 0.029318
vt 0.973109 0.021659
vt 0.972133 0.023124
vt 0.150112 0.522886
vt 0.169043 0.512742
vt 0.174261 0.535736
vt 0.156477 0.562051
vt 0.188235 0.542655
vt 0.200152 0.537007
vt 0.203675 0.545786
vt 0.207594 0.549900
vt 0.202245 0.561992
vt 0.190217 0.554580
vt 0.830735 0.930298
vt 0.407455 0.512446
vt 0.423185 0.510512
vt 0.389290 0.492428
vt 0.415985 0.516745
vt 0.198043 0.583077
vt 0.192460 0.570740
vt 0.186018 0.583482
vt 0.181606 0.563423
vt 0.171154 0.579480
vt 0.178271 0.544674
vt 0.399932 0.021536
vt 0.404025 0.033992
vt 0.400740 0.034361
vt 0.132654 0.141922
vt 0.140122 0.542753
vt 0.153775 0.573348
vt 0.172047 0.594840
vt 0.166301 0.596341
vt 0.157845 0.577920
vt 0.158033 0.593614
vt 0.153456 0.586980
vt 0.148468 0.577244
vt 0.229786 0.247086
vt 0.216907 0.258850
vt 0.207246 0.245746
vt 0.250747 0.230218
vt 0.235865 0.240196
vt 0.232311 0.218980
vt 0.197462 0.216783
vt 0.212934 0.227205
vt 0.187597 0.271838
vt 0.176487 0.246728
vt 0.168879 0.267065
vt 0.370513 0.494917
vt 0.382021 0.479432
vt 0.349881 0.902585
vt 0.347554 0.889874
vt 0.366817 0.939050
vt 0.299334 0.963508
vt 0.373709 0.963496
vt 0.359558 0.977598
vt 0.319903 0.989021
vt 0.140188 0.563378
vt 0.523525 0.414058
vt 0.506971 0.436726
vt 0.517413 0.409003
vt 0.492244 0.408822
vt 0.130082 0.842465
vt 0.131106 0.838409
vt 0.141866 0.787172
vt 0.779566 0.047396
vt 0.767847 0.038060
vt 0.783107 0.035694
vt 0.756103 0.043266
vt 0.371206 0.853217
vt 0.369468 0.846330
vt 0.392282 0.818369
vt 0.428333 0.814725
vt 0.968336 0.463787
vt 0.969438 0.498886
vt 0.950503 0.502183
vt 0.946919 0.517389
vt 0.949826 0.460764
vt 0.509815 0.244224
vt 0.516409 0.210596
vt 0.525590 0.222700
vt 0.504533 0.243300
vt 0.499932 0.213626
vt 0.516545 0.201802
vt 0.471569 0.207107
vt 0.494363 0.244636
vt 0.478055 0.249100
vt 0.460007 0.242104
vt 0.455990 0.200492
vt 0.441874 0.783156
vt 0.384848 0.774096
vt 0.401478 0.783043
vt 0.526336 0.860119
vt 0.403272 0.887089
vt 0.809240 0.789820
vt 0.765793 0.185753
vt 0.759977 0.197511
vt 0.744186 0.186021
vt 0.759883 0.223192
vt 0.740802 0.206166
vt 0.713764 0.184374
vt 0.725352 0.168496
vt 0.741143 0.222364
vt 0.722637 0.218632
vt 0.737325 0.239943
vt 0.715277 0.227329
vt 0.454914 0.813978
vt 0.466877 0.808098
vt 0.440195 0.813611
vt 0.738408 0.156367
vt 0.528349 0.587858
vt 0.527818 0.593362
vt 0.509771 0.583128
vt 0.516310 0.575647
vt 0.545847 0.562051
vt 0.543533 0.571386
vt 0.535380 0.539824
vt 0.533750 0.582898
vt 0.507088 0.566418
vt 0.528141 0.532553
vt 0.972086 0.276288
vt 0.986544 0.272217
vt 0.977618 0.280539
vt 0.486588 0.206429
vt 0.486430 0.183962
vt 0.506737 0.185800
vt 0.464383 0.189380
vt 0.446160 0.186805
vt 0.469258 0.176795
vt 0.490968 0.583769
vt 0.440857 0.592112
vt 0.435274 0.551933
vt 0.412071 0.572300
vt 0.492817 0.568645
vt 0.474651 0.544858
vt 0.487184 0.543707
vt 0.500147 0.539534
vt 0.449449 0.226503
vt 0.445136 0.213082
vt 0.219570 0.058146
vt 0.234269 0.072019
vt 0.199893 0.065346
vt 0.237081 0.086052
vt 0.218147 0.079763
vt 0.224503 0.092473
vt 0.423636 0.591866
vt 0.434222 0.596315
vt 0.389831 0.554635
vt 0.418193 0.530964
vt 0.773055 0.828336
vt 0.753900 0.852649
vt 0.742846 0.808064
vt 0.724151 0.852815
vt 0.779895 0.807228
vt 0.756068 0.791067
vt 0.725824 0.829120
vt 0.683920 0.886195
vt 0.682950 0.870236
vt 0.449807 0.707664
vt 0.427157 0.704088
vt 0.388329 0.708103
vt 0.396725 0.696883
vt 0.380687 0.699743
vt 0.371910 0.751119
vt 0.371298 0.727803
vt 0.375462 0.679369
vt 0.361368 0.691989
vt 0.341254 0.669688
vt 0.317310 0.697718
vt 0.310474 0.698162
vt 0.303221 0.690795
vt 0.301205 0.676763
vt 0.310811 0.634480
vt 0.337260 0.706574
vt 0.370451 0.651122
vt 0.382245 0.657054
vt 0.378789 0.644605
vt 0.349395 0.625531
vt 0.327896 0.626975
vt 0.953322 0.853738
vt 0.931107 0.866166
vt 0.930999 0.845950
vt 0.960168 0.840117
vt 0.975300 0.858043
vt 0.931050 0.885636
vt 0.925673 0.871047
vt 0.958054 0.870045
vt 0.966379 0.879453
vt 0.309102 0.599725
vt 0.740151 0.789936
vt 0.746388 0.775655
vt 0.765026 0.790087
vt 0.596466 0.112908
vt 0.591923 0.107317
vt 0.605867 0.102117
vt 0.603581 0.114886
vt 0.608090 0.112662
vt 0.599751 0.117772
vt 0.594402 0.118409
vt 0.629671 0.084681
vt 0.599085 0.095394
vt 0.609508 0.085377
vt 0.636572 0.089583
vt 0.626140 0.105802
vt 0.648363 0.101467
vt 0.638371 0.109644
vt 0.710863 0.284442
vt 0.733925 0.270834
vt 0.747602 0.281630
vt 0.707011 0.288462
vt 0.721106 0.302638
vt 0.731360 0.304118
vt 0.747991 0.296037
vt 0.749300 0.262358
vt 0.768784 0.279076
vt 0.767291 0.236827
vt 0.772402 0.259033
vt 0.760329 0.288659
vt 0.845382 0.791707
vt 0.836948 0.774000
vt 0.850020 0.775090
vt 0.887701 0.776568
vt 0.880072 0.792213
vt 0.866896 0.823656
vt 0.892718 0.836408
vt 0.874142 0.852642
vt 0.888023 0.856230
vt 0.883195 0.863394
vt 0.885363 0.849025
vt 0.860263 0.833378
vt 0.859739 0.745053
vt 0.902661 0.739984
vt 0.918304 0.790246
vt 0.921585 0.731345
vt 0.931725 0.733198
vt 0.920326 0.803258
vt 0.930690 0.803699
vt 0.910599 0.821271
vt 0.927232 0.775523
vt 0.263733 0.447422
vt 0.090021 0.852799
vt 0.095974 0.846819
vt 0.349083 0.464734
vt 0.883418 0.034095
vt 0.881782 0.021171
vt 0.885771 0.020591
vt 0.981656 0.173508
vt 0.979458 0.172532
vt 0.077487 0.943206
vt 0.762671 0.937901
vt 0.287802 0.158580
vt 0.262551 0.602079
vt 0.048481 0.143641
vt 0.553997 0.644270
vt 0.571706 0.667138
vt 0.114320 0.371723
vt 0.857719 0.019367
vt 0.860017 0.023864
vt 0.850994 0.025650
vt 0.730425 0.998442
vt 0.040901 0.410426
vt 0.045179 0.415933
vt 0.032402 0.418348
vt 0.791974 0.013809
vt 0.779710 0.018485
vt 0.789601 0.009971
vt 0.199101 0.818191
vt 0.179282 0.737149
vt 0.178842 0.728525
vt 0.009697 0.364238
vt 0.458227 0.979660
vt 0.134191 0.307831
vt 0.906087 0.996659
vt 0.908710 0.989981
vt 0.908316 0.995102
vt 0.981402 0.463376
vt 0.980939 0.456980
vt 0.991983 0.458570
vt 0.983144 0.674985
vt 0.506722 0.006822
vt 0.510725 0.007039
vt 0.513297 0.007988
vt 0.513447 0.015169
vt 0.507362 0.011595
vt 0.509617 0.019404
vt 0.504262 0.020682
vt 0.505741 0.015495
vt 0.618474 0.064052
vt 0.622267 0.061771
vt 0.211651 0.177970
vt 0.219535 0.173959
vt 0.827513 0.092304
vt 0.828850 0.079027
vt 0.503834 0.111368
vt 0.807709 0.036637
vt 0.806815 0.024100
vt 0.224482 0.824001
vt 0.130909 0.936678
vt 0.135915 0.929275
vt 0.035812 0.599210
vt 0.029570 0.600141
vt 0.575919 0.154813
vt 0.576470 0.202161
vt 0.035833 0.728300
vt 0.298035 0.981610
vt 0.960815 0.651971
vt 0.963781 0.646251
vt 0.976440 0.643647
vt 0.383462 0.996980
vt 0.943074 0.019706
vt 0.935363 0.015521
vt 0.364935 0.913610
vt 0.371125 0.879617
vt 0.595069 0.099774
s 1
f 41/1/1 26/2/2 27/3/3
f 26/2/2 41/1/1 49/4/4
f 41/1/1 27/3/3 44/5/5
f 41/1/1 118/6/6 105/7/7
f 49/4/4 41/1/1 105/8/7
f 26/2/2 30/9/8 27/3/3
f 46/10/9 30/9/8 58/11/10
f 134/12/11 30/9/8 49/4/4
f 49/4/4 30/9/8 26/2/2
f 126/13/12 187/14/13 115/15/14
f 187/14/13 555/16/15 115/17/14
f 187/14/13 118/18/6 238/19/16
f 105/20/7 118/18/6 115/15/14
f 187/14/13 126/13/12 118/18/6
f 202/21/17 118/18/6 163/22/18
f 118/18/6 126/13/12 115/15/14
f 105/20/7 115/15/14 116/23/19
f 121/24/20 135/25/21 43/26/22
f 135/25/21 121/24/20 167/27/23
f 202/28/17 135/25/21 167/27/23
f 202/28/17 163/29/18 135/25/21
f 135/25/21 45/30/24 29/31/25
f 43/32/22 29/33/25 33/34/26
f 43/32/22 33/34/26 55/35/27
f 29/33/25 45/30/24 33/34/26
f 41/1/1 45/30/24 135/25/21
f 41/1/1 135/25/21 118/6/6
f 135/25/21 163/29/18 118/6/6
f 44/5/5 27/3/3 33/34/26
f 75/36/28 79/37/29 44/5/5
f 44/5/5 79/37/29 41/1/1
f 75/36/28 44/5/5 45/30/24
f 45/30/24 44/5/5 33/34/26
f 55/35/27 33/34/26 37/38/30
f 33/34/26 30/9/8 37/38/30
f 33/34/26 27/3/3 30/9/8
f 202/39/17 167/40/23 220/41/31
f 202/39/17 220/41/31 298/42/32
f 298/42/32 220/41/31 256/43/33
f 238/19/16 118/18/6 202/21/17
f 187/44/13 330/45/34 358/46/35
f 330/45/34 507/47/36 482/48/37
f 507/47/36 330/45/34 404/49/38
f 330/45/34 187/44/13 238/50/16
f 330/45/34 238/50/16 394/51/39
f 394/51/39 238/50/16 298/52/32
f 394/51/39 298/52/32 305/53/40
f 394/51/39 305/53/40 363/54/41
f 404/49/38 330/45/34 394/51/39
f 507/47/36 404/49/38 559/55/42
f 507/47/36 559/55/42 605/56/43
f 404/49/38 394/51/39 352/57/44
f 352/57/44 394/51/39 363/54/41
f 305/58/40 298/59/32 256/60/33
f 305/58/40 249/61/45 262/62/46
f 363/63/41 262/62/46 270/64/47
f 249/61/45 270/64/47 262/62/46
f 305/58/40 256/60/33 249/61/45
f 259/65/48 383/66/49 346/67/50
f 270/64/47 259/65/48 346/67/50
f 346/67/50 363/63/41 270/64/47
f 202/68/17 298/59/32 238/69/16
f 358/46/35 330/45/34 555/70/15
f 555/70/15 330/45/34 482/48/37
f 358/46/35 555/70/15 187/44/13
f 482/71/37 709/72/51 555/73/15
f 555/74/15 709/72/51 746/75/52
f 555/74/15 746/75/52 815/76/53
f 709/72/51 482/77/37 661/78/54
f 709/72/51 661/78/54 719/79/55
f 663/80/56 634/81/57 605/82/43
f 663/80/56 605/82/43 650/83/58
f 663/80/56 650/83/58 707/84/59
f 759/85/60 663/80/56 707/84/59
f 651/86/61 707/84/59 650/83/58
f 507/87/36 605/82/43 634/81/57
f 482/88/37 507/87/36 634/81/57
f 482/88/37 634/81/57 661/89/54
f 43/90/22 55/91/27 92/92/62
f 144/93/63 92/92/62 55/91/27
f 39/94/64 144/93/63 55/91/27
f 144/93/63 39/94/64 138/95/65
f 31/96/66 39/94/64 32/97/67
f 36/98/68 31/96/66 32/97/67
f 31/96/66 54/99/69 68/100/70
f 138/95/65 39/94/64 31/96/66
f 138/95/65 31/96/66 68/100/70
f 137/101/71 138/95/65 68/100/70
f 32/97/67 55/91/27 37/102/30
f 39/94/64 55/91/27 32/97/67
f 59/103/72 36/104/68 73/105/73
f 59/103/72 73/105/73 54/106/69
f 31/107/66 59/103/72 54/106/69
f 59/103/72 31/107/66 36/108/68
f 68/109/70 54/106/69 81/110/74
f 54/106/69 73/105/73 81/110/74
f 81/110/74 73/105/73 109/111/75
f 81/110/74 109/111/75 99/112/76
f 36/104/68 109/111/75 73/105/73
f 109/111/75 36/104/68 151/113/77
f 151/113/77 254/114/78 185/115/79
f 151/113/77 137/116/71 254/114/78
f 109/111/75 151/113/77 185/115/79
f 198/117/80 109/111/75 185/115/79
f 198/117/80 137/118/71 109/111/75
f 254/114/78 198/117/80 185/115/79
f 36/119/68 32/120/67 153/121/81
f 32/120/67 57/122/82 153/121/81
f 36/119/68 153/121/81 151/123/77
f 32/120/67 37/124/30 57/122/82
f 124/125/83 57/122/82 46/126/9
f 124/125/83 153/121/81 57/122/82
f 112/127/84 78/128/85 117/129/86
f 74/130/87 78/128/85 112/127/84
f 74/130/87 80/131/88 78/128/85
f 102/132/89 139/133/90 117/129/86
f 237/134/91 117/129/86 211/135/92
f 112/127/84 117/129/86 237/134/91
f 229/136/93 112/127/84 259/137/48
f 112/127/84 237/134/91 259/137/48
f 139/133/90 211/135/92 117/129/86
f 80/131/88 102/132/89 78/128/85
f 139/133/90 102/132/89 172/138/94
f 139/133/90 310/139/95 350/140/96
f 310/139/95 139/133/90 172/138/94
f 172/138/94 265/141/97 310/139/95
f 323/142/98 310/139/95 265/141/97
f 350/140/96 211/135/92 139/133/90
f 350/140/96 357/143/99 211/135/92
f 446/144/100 404/145/38 357/143/99
f 564/146/101 404/145/38 446/144/100
f 350/140/96 446/144/100 357/143/99
f 69/147/102 68/148/70 64/149/103
f 81/150/74 69/147/102 64/149/103
f 69/147/102 81/150/74 99/151/76
f 137/152/71 99/151/76 109/153/75
f 81/150/74 64/149/103 68/148/70
f 112/127/84 90/154/104 74/130/87
f 209/155/105 158/156/106 164/157/107
f 164/157/107 158/156/106 112/127/84
f 112/127/84 158/156/106 122/158/108
f 112/127/84 122/158/108 90/154/104
f 90/154/104 157/159/109 80/131/88
f 90/154/104 80/131/88 74/130/87
f 135/160/21 29/161/25 43/162/22
f 92/163/62 121/164/20 43/165/22
f 170/166/110 158/167/106 234/168/111
f 234/168/111 158/167/106 209/169/105
f 122/170/108 158/167/106 170/166/110
f 90/171/104 122/170/108 157/172/109
f 157/172/109 141/173/112 257/174/113
f 125/175/114 141/173/112 157/172/109
f 125/175/114 157/172/109 122/170/108
f 125/175/114 122/170/108 170/166/110
f 271/176/115 288/177/116 387/178/117
f 170/179/110 288/177/116 161/180/118
f 161/180/118 288/177/116 271/176/115
f 161/181/118 76/182/119 125/183/114
f 170/179/110 161/181/118 125/183/114
f 87/184/120 95/185/121 76/186/119
f 141/187/112 76/186/119 95/185/121
f 76/186/119 141/187/112 125/188/114
f 61/189/122 63/190/123 65/191/124
f 76/186/119 161/192/118 65/191/124
f 66/193/125 65/191/124 161/192/118
f 66/193/125 61/189/122 65/191/124
f 110/194/126 61/189/122 174/195/127
f 61/189/122 66/193/125 199/196/128
f 61/189/122 199/196/128 174/195/127
f 279/197/129 199/196/128 351/198/130
f 351/198/130 199/196/128 354/199/131
f 199/196/128 271/200/115 354/199/131
f 271/200/115 199/196/128 161/192/118
f 161/192/118 199/196/128 66/193/125
f 167/40/23 121/201/20 92/202/62
f 92/202/62 220/41/31 167/40/23
f 220/41/31 92/202/62 144/203/63
f 253/204/132 220/41/31 143/205/133
f 220/41/31 144/203/63 153/121/81
f 144/203/63 151/123/77 153/121/81
f 151/123/77 144/203/63 137/206/71
f 138/207/65 137/206/71 144/203/63
f 229/208/93 184/209/134 255/210/135
f 184/209/134 229/208/93 137/211/71
f 184/209/134 137/211/71 198/212/80
f 137/211/71 259/213/48 254/214/78
f 209/155/105 164/157/107 234/215/111
f 252/216/136 255/217/135 184/218/134
f 154/219/137 198/220/80 146/221/138
f 146/221/138 198/220/80 189/222/139
f 184/218/134 198/220/80 154/219/137
f 270/223/47 233/224/140 254/225/78
f 254/225/78 233/224/140 189/226/139
f 254/225/78 189/226/139 198/227/80
f 157/228/109 224/229/141 223/230/142
f 80/231/88 157/228/109 223/230/142
f 223/232/142 224/229/141 282/233/143
f 282/233/143 224/229/141 285/234/144
f 282/233/143 285/234/144 303/235/145
f 157/236/109 257/237/113 224/238/141
f 364/239/146 224/238/141 257/237/113
f 265/240/97 250/241/147 323/242/98
f 376/243/148 323/242/98 223/244/142
f 223/244/142 282/245/143 334/246/149
f 223/244/142 334/246/149 364/239/146
f 224/238/141 364/239/146 285/247/144
f 334/246/149 285/248/144 364/239/146
f 225/249/150 154/250/137 146/251/138
f 146/251/138 168/252/151 225/249/150
f 168/252/151 197/253/152 225/249/150
f 277/254/153 225/249/150 293/255/154
f 348/256/155 293/255/154 225/249/150
f 286/257/156 260/258/157 60/259/158
f 225/249/150 260/258/157 348/256/155
f 197/253/152 260/258/157 225/249/150
f 60/259/158 260/258/157 197/253/152
f 252/260/136 184/261/134 154/262/137
f 252/260/136 154/262/137 328/263/159
f 328/264/159 278/265/160 252/260/136
f 141/266/112 95/267/121 150/268/161
f 84/269/162 86/270/163 130/271/164
f 130/272/164 177/273/165 300/274/166
f 130/272/164 300/274/166 212/275/167
f 222/276/168 230/277/169 243/278/170
f 222/276/168 243/278/170 270/279/47
f 173/280/171 249/281/45 256/282/33
f 169/283/172 173/280/171 256/282/33
f 169/283/172 256/282/33 253/284/132
f 357/143/99 404/285/38 313/286/173
f 357/143/99 313/286/173 211/135/92
f 211/135/92 313/286/173 314/287/174
f 237/134/91 211/135/92 314/287/174
f 237/134/91 314/287/174 353/288/175
f 314/287/174 352/289/44 353/288/175
f 353/288/175 363/290/41 346/291/50
f 353/288/175 352/289/44 363/290/41
f 102/292/89 250/293/147 172/294/94
f 172/294/94 250/293/147 265/295/97
f 323/296/98 250/293/147 223/230/142
f 223/230/142 250/293/147 80/231/88
f 102/292/89 80/231/88 250/293/147
f 164/297/107 299/298/176 311/299/177
f 234/300/111 164/297/107 311/299/177
f 311/299/177 325/301/178 234/300/111
f 325/301/178 311/299/177 277/302/153
f 154/303/137 225/304/150 277/302/153
f 328/305/159 154/303/137 277/302/153
f 362/306/179 328/305/159 299/298/176
f 362/306/179 299/298/176 255/307/135
f 328/305/159 277/302/153 299/298/176
f 299/298/176 277/302/153 311/299/177
f 288/308/116 234/300/111 325/301/178
f 234/300/111 288/308/116 170/309/110
f 189/310/139 197/253/152 168/252/151
f 189/310/139 168/252/151 146/251/138
f 189/310/139 183/311/180 192/312/181
f 197/253/152 189/310/139 192/312/181
f 60/259/158 62/313/182 20/314/183
f 60/259/158 197/253/152 62/313/182
f 197/253/152 192/312/181 62/313/182
f 150/315/161 326/316/184 141/317/112
f 309/318/185 326/316/184 150/315/161
f 376/319/148 223/320/142 364/321/146
f 257/322/113 376/319/148 364/321/146
f 123/323/186 309/324/185 150/268/161
f 351/198/130 354/199/131 431/325/187
f 431/326/187 354/199/131 443/327/188
f 237/134/91 353/288/175 259/137/48
f 353/288/175 383/328/49 259/137/48
f 383/328/49 353/288/175 346/291/50
f 299/329/176 164/330/107 255/331/135
f 255/331/135 391/332/189 362/333/179
f 403/334/190 391/332/189 255/331/135
f 403/334/190 255/331/135 315/335/191
f 278/336/160 315/337/191 255/217/135
f 278/336/160 255/217/135 252/216/136
f 315/335/191 385/338/192 403/334/190
f 369/339/193 409/340/194 348/341/155
f 328/342/159 369/339/193 278/343/160
f 368/344/195 315/345/191 278/343/160
f 368/344/195 278/343/160 369/339/193
f 396/346/196 315/345/191 368/344/195
f 368/344/195 369/339/193 348/341/155
f 409/347/194 369/348/193 396/346/196
f 409/347/194 396/346/196 389/349/197
f 348/341/155 389/349/197 396/346/196
f 348/341/155 396/346/196 368/344/195
f 315/345/191 396/346/196 385/350/192
f 385/351/192 396/352/196 369/353/193
f 369/353/193 328/354/159 362/355/179
f 385/351/192 369/353/193 362/355/179
f 325/301/178 293/356/154 348/357/155
f 293/356/154 325/301/178 277/302/153
f 325/301/178 348/357/155 409/358/194
f 409/358/194 443/359/188 354/360/131
f 387/361/117 354/360/131 271/362/115
f 354/360/131 387/361/117 409/358/194
f 409/358/194 387/361/117 325/301/178
f 325/301/178 387/361/117 412/363/198
f 325/301/178 412/363/198 288/308/116
f 288/364/116 355/365/199 387/366/117
f 412/367/198 326/368/184 288/364/116
f 326/368/184 412/367/198 429/369/200
f 326/368/184 429/369/200 425/370/201
f 425/370/201 429/369/200 484/371/202
f 326/372/184 309/373/185 359/374/203
f 288/375/116 326/372/184 359/374/203
f 355/376/199 288/375/116 359/374/203
f 355/376/199 359/374/203 261/377/204
f 212/378/167 359/374/203 309/373/185
f 212/378/167 309/373/185 231/379/205
f 261/377/204 359/374/203 300/380/166
f 300/380/166 359/374/203 212/378/167
f 404/49/38 352/57/44 313/381/173
f 462/382/206 480/383/207 403/384/190
f 403/384/190 480/383/207 391/385/189
f 391/385/189 503/386/208 462/387/206
f 362/355/179 391/385/189 385/351/192
f 385/351/192 391/385/189 462/387/206
f 570/388/209 462/387/206 503/386/208
f 310/389/95 570/388/209 564/390/101
f 323/391/98 376/392/148 449/393/210
f 570/394/209 310/395/95 462/396/206
f 310/395/95 480/397/207 462/396/206
f 503/398/208 480/397/207 517/399/211
f 480/397/207 479/400/212 517/399/211
f 583/401/213 581/402/214 517/399/211
f 583/401/213 517/399/211 525/403/215
f 583/401/213 564/404/101 570/405/209
f 570/405/209 581/402/214 583/401/213
f 310/139/95 323/142/98 449/406/210
f 449/393/210 376/392/148 425/407/201
f 425/407/201 376/392/148 257/408/113
f 449/393/210 425/407/201 484/409/202
f 479/400/212 449/393/210 484/409/202
f 479/400/212 484/409/202 517/399/211
f 484/409/202 525/403/215 517/399/211
f 412/367/198 387/410/117 475/411/216
f 514/412/217 484/371/202 429/369/200
f 475/411/216 429/369/200 412/367/198
f 463/413/218 409/414/194 389/415/197
f 463/413/218 389/415/197 496/416/219
f 409/414/194 463/413/218 443/417/188
f 430/418/220 464/419/221 355/420/199
f 464/419/221 387/421/117 355/420/199
f 297/422/222 355/420/199 261/423/204
f 449/393/210 480/397/207 310/395/95
f 479/400/212 480/397/207 449/393/210
f 464/424/221 500/425/223 387/410/117
f 387/410/117 500/425/223 475/411/216
f 564/426/101 620/427/224 404/428/38
f 404/428/38 620/427/224 559/429/42
f 620/427/224 723/430/225 734/431/226
f 734/431/226 674/432/227 620/427/224
f 776/433/228 734/431/226 723/430/225
f 721/434/229 776/433/228 723/430/225
f 723/430/225 620/427/224 721/434/229
f 721/435/229 564/436/101 675/437/230
f 564/436/101 642/438/231 675/437/230
f 642/438/231 700/439/232 675/437/230
f 583/440/213 642/438/231 564/436/101
f 350/441/96 310/395/95 564/442/101
f 350/441/96 564/442/101 446/443/100
f 503/386/208 581/444/214 570/388/209
f 503/386/208 391/385/189 480/383/207
f 581/444/214 503/386/208 517/445/211
f 484/409/202 514/446/217 525/403/215
f 326/447/184 425/407/201 257/408/113
f 475/448/216 535/449/233 429/450/200
f 535/449/233 475/448/216 500/451/223
f 604/452/234 535/449/233 500/451/223
f 603/453/235 535/449/233 604/452/234
f 429/450/200 535/449/233 514/454/217
f 526/455/236 514/454/217 535/449/233
f 522/456/237 526/455/236 533/457/238
f 533/457/238 526/455/236 535/449/233
f 535/458/233 610/459/239 533/460/238
f 584/461/240 465/462/241 447/463/242
f 688/464/243 447/463/242 504/465/244
f 447/463/242 688/464/243 584/461/240
f 653/466/245 688/464/243 504/465/244
f 522/467/237 533/468/238 465/462/241
f 620/427/224 651/469/61 559/429/42
f 651/469/61 650/470/58 559/429/42
f 605/471/43 559/429/42 650/470/58
f 674/432/227 651/469/61 620/427/224
f 612/472/246 611/473/247 608/474/248
f 608/474/248 611/475/247 655/476/249
f 608/474/248 655/476/249 645/477/250
f 645/477/250 647/478/251 608/474/248
f 608/474/248 647/478/251 640/479/252
f 612/480/246 608/474/248 640/479/252
f 525/481/215 602/482/253 642/483/231
f 583/484/213 525/481/215 642/483/231
f 642/483/231 602/482/253 680/485/254
f 602/486/253 514/487/217 590/488/255
f 578/489/256 526/490/236 522/491/237
f 590/488/255 514/487/217 526/490/236
f 590/488/255 526/490/236 578/489/256
f 617/492/257 621/493/258 627/494/259
f 617/492/257 627/494/259 637/495/260
f 616/496/261 635/497/262 627/494/259
f 664/498/263 616/496/261 652/499/264
f 664/498/263 652/499/264 724/500/265
f 632/501/266 664/498/263 678/502/267
f 616/496/261 664/498/263 632/501/266
f 739/503/268 693/504/269 678/502/267
f 465/505/241 598/506/270 578/489/256
f 522/491/237 465/505/241 578/489/256
f 465/462/241 584/461/240 598/507/270
f 535/449/233 603/453/235 610/508/239
f 641/509/271 604/452/234 464/510/221
f 604/452/234 500/451/223 464/510/221
f 655/511/249 611/512/247 634/513/57
f 638/514/272 611/512/247 612/515/246
f 655/516/249 634/81/57 663/80/56
f 663/80/56 717/517/273 655/516/249
f 645/477/250 655/476/249 702/518/274
f 702/518/274 655/476/249 717/519/273
f 635/497/262 637/495/260 627/494/259
f 631/520/275 635/497/262 632/501/266
f 632/501/266 635/497/262 616/496/261
f 687/521/276 631/522/275 693/523/269
f 631/522/275 632/524/266 693/523/269
f 596/525/277 627/494/259 496/526/219
f 596/525/277 496/526/219 437/527/278
f 463/528/218 496/526/219 553/529/279
f 648/530/280 553/529/279 621/493/258
f 621/493/258 619/531/281 636/532/282
f 619/531/281 464/533/221 636/534/282
f 496/526/219 627/494/259 553/529/279
f 553/529/279 627/494/259 621/493/258
f 621/493/258 636/535/282 648/530/280
f 628/536/283 636/537/282 490/538/284
f 628/536/283 669/539/285 636/537/282
f 553/540/279 648/541/280 609/542/286
f 85/543/287 12/544/288 21/545/289
f 206/546/290 214/547/291 266/548/292
f 206/546/290 266/548/292 119/549/293
f 119/549/293 266/548/292 247/550/294
f 21/551/289 51/552/295 85/553/287
f 269/554/296 147/555/297 165/556/298
f 165/556/298 94/557/299 349/558/300
f 94/557/299 165/556/298 147/555/297
f 94/557/299 147/555/297 116/559/19
f 94/557/299 116/559/19 115/560/14
f 115/560/14 349/558/300 94/557/299
f 457/561/301 349/558/300 808/562/302
f 349/558/300 115/560/14 808/562/302
f 808/562/302 115/560/14 815/563/53
f 147/555/297 85/553/287 51/552/295
f 85/553/287 147/555/297 269/554/296
f 218/564/303 180/565/304 106/566/305
f 106/566/305 180/565/304 51/552/295
f 116/559/19 147/555/297 180/565/304
f 218/564/303 106/566/305 247/567/294
f 247/567/294 106/566/305 119/568/293
f 9/569/306 106/566/305 51/552/295
f 51/552/295 21/570/289 9/571/306
f 105/572/7 180/573/304 134/574/11
f 134/574/11 49/575/4 105/572/7
f 143/576/133 134/574/11 253/577/132
f 180/565/304 147/555/297 51/552/295
f 134/574/11 180/573/304 218/578/303
f 134/574/11 218/578/303 253/577/132
f 108/579/307 85/543/287 214/547/291
f 12/544/288 85/543/287 108/579/307
f 21/545/289 12/544/288 4/580/308
f 4/580/308 12/544/288 6/581/309
f 12/544/288 11/582/310 6/581/309
f 12/544/288 40/583/311 11/582/310
f 12/544/288 108/579/307 40/583/311
f 108/579/307 206/546/290 120/584/312
f 165/585/298 349/586/300 269/587/296
f 457/588/301 468/589/313 422/590/314
f 422/590/314 337/591/315 347/592/316
f 347/592/316 214/593/291 269/587/296
f 269/587/296 349/586/300 347/592/316
f 214/593/291 85/594/287 269/587/296
f 214/593/291 347/592/316 373/595/317
f 373/595/317 266/596/292 214/593/291
f 218/578/303 247/597/294 253/577/132
f 247/597/294 178/598/318 169/599/172
f 247/597/294 169/599/172 253/577/132
f 457/588/301 347/592/316 349/586/300
f 347/592/316 457/588/301 422/590/314
f 445/600/319 337/591/315 422/590/314
f 337/591/315 247/601/294 266/602/292
f 337/591/315 266/602/292 373/595/317
f 445/600/319 422/590/314 468/589/313
f 445/600/319 468/589/313 467/603/320
f 347/592/316 337/591/315 373/595/317
f 892/604/321 808/605/302 815/606/53
f 815/606/53 115/607/14 555/608/15
f 815/606/53 882/609/322 892/604/321
f 892/604/321 882/609/322 947/610/323
f 947/610/323 916/611/324 892/604/321
f 556/612/325 457/613/301 585/614/326
f 556/612/325 468/615/313 457/613/301
f 565/616/327 658/617/328 660/618/329
f 467/619/320 565/620/327 576/621/330
f 468/622/313 565/620/327 467/619/320
f 660/623/329 576/621/330 565/620/327
f 660/624/329 587/625/331 576/621/330
f 467/619/320 587/625/331 406/626/332
f 587/625/331 467/619/320 576/621/330
f 585/614/326 457/613/301 808/605/302
f 556/612/325 585/614/326 808/605/302
f 729/627/333 556/612/325 808/605/302
f 556/612/325 729/627/333 658/628/328
f 658/628/328 565/629/327 556/612/325
f 556/612/325 565/629/327 468/615/313
f 9/630/306 4/631/308 7/632/334
f 4/631/308 9/630/306 21/633/289
f 7/632/334 17/634/335 9/630/306
f 119/635/293 17/634/335 72/636/336
f 120/637/312 206/638/290 119/635/293
f 119/635/293 106/639/305 17/634/335
f 120/637/312 119/635/293 72/636/336
f 6/640/309 7/641/334 4/642/308
f 7/641/334 6/640/309 13/643/337
f 7/641/334 13/643/337 23/644/338
f 23/644/338 13/643/337 50/645/339
f 50/645/339 70/646/340 23/644/338
f 7/641/334 23/644/338 17/647/335
f 6/648/309 40/649/311 42/650/341
f 42/651/341 13/652/337 6/653/309
f 71/654/342 50/655/339 13/652/337
f 40/656/311 6/648/309 11/657/310
f 42/658/341 70/659/340 71/660/342
f 127/661/343 71/660/342 70/659/340
f 42/662/341 91/663/344 70/646/340
f 70/646/340 88/664/345 127/665/343
f 91/663/344 48/666/346 17/647/335
f 48/666/346 47/667/347 17/647/335
f 23/644/338 70/646/340 91/663/344
f 88/668/345 70/646/340 50/645/339
f 17/647/335 23/644/338 91/663/344
f 97/669/348 114/670/349 98/671/350
f 98/671/350 114/672/349 128/673/351
f 128/673/351 114/672/349 228/674/352
f 98/671/350 128/673/351 133/675/353
f 97/669/348 98/671/350 133/675/353
f 133/675/353 107/676/354 97/669/348
f 166/677/355 107/676/354 133/675/353
f 181/678/356 166/677/355 133/675/353
f 133/675/353 128/673/351 193/679/357
f 226/680/358 133/675/353 193/679/357
f 133/675/353 226/680/358 181/678/356
f 30/681/8 134/682/11 58/683/10
f 58/683/10 134/682/11 143/684/133
f 159/685/359 58/683/10 143/684/133
f 169/686/172 159/685/359 143/684/133
f 50/687/339 71/688/342 127/689/343
f 50/687/339 127/689/343 88/690/345
f 101/691/360 42/658/341 40/692/311
f 42/658/341 107/693/354 91/694/344
f 72/636/336 47/695/347 120/637/312
f 120/696/312 48/697/346 91/698/344
f 120/696/312 107/699/354 166/700/355
f 107/699/354 120/696/312 91/698/344
f 107/701/354 42/702/341 114/703/349
f 114/703/349 101/704/360 166/705/355
f 101/704/360 114/703/349 42/702/341
f 166/705/355 101/704/360 40/706/311
f 166/705/355 40/706/311 108/707/307
f 114/708/349 166/709/355 228/710/352
f 97/711/348 107/701/354 114/703/349
f 10/712/361 20/713/183 15/714/362
f 20/713/183 16/715/363 15/714/362
f 15/714/362 16/715/363 22/716/364
f 18/717/365 22/716/364 16/715/363
f 24/718/366 18/717/365 16/715/363
f 16/715/363 20/713/183 24/718/366
f 20/713/183 62/719/182 67/720/367
f 169/721/172 178/722/318 159/723/359
f 204/724/368 178/722/318 247/725/294
f 247/725/294 337/726/315 204/724/368
f 336/727/369 204/724/368 337/726/315
f 336/727/369 289/728/370 204/724/368
f 143/576/133 220/729/31 153/730/81
f 204/724/368 232/731/371 230/732/169
f 230/732/169 232/731/371 190/733/372
f 289/728/370 232/731/371 204/724/368
f 191/734/373 196/735/374 207/736/375
f 196/735/374 191/734/373 190/737/372
f 196/735/374 208/738/376 207/736/375
f 208/738/376 183/739/180 207/736/375
f 243/740/170 191/734/373 207/736/375
f 233/741/140 270/742/47 207/736/375
f 207/736/375 270/742/47 243/740/170
f 189/743/139 207/736/375 183/739/180
f 233/741/140 207/736/375 189/743/139
f 196/744/374 190/745/372 215/746/377
f 304/747/378 208/748/376 196/744/374
f 196/744/374 272/749/379 304/747/378
f 272/749/379 196/744/374 215/746/377
f 227/750/380 215/746/377 232/751/371
f 232/751/371 215/746/377 190/745/372
f 227/750/380 272/749/379 215/746/377
f 272/749/379 289/752/370 304/747/378
f 289/752/370 272/749/379 227/750/380
f 166/700/355 108/753/307 120/696/312
f 228/710/352 166/709/355 181/754/356
f 226/755/358 289/756/370 181/754/356
f 336/757/369 327/758/381 289/756/370
f 245/759/382 327/758/381 267/760/383
f 267/760/383 327/758/381 332/761/384
f 128/673/351 210/762/385 193/679/357
f 128/673/351 245/763/382 210/762/385
f 245/763/382 128/673/351 228/674/352
f 186/764/386 62/765/182 192/766/181
f 192/766/181 276/767/387 186/764/386
f 186/764/386 276/767/387 321/768/388
f 388/769/389 321/768/388 320/770/390
f 434/771/391 321/768/388 388/769/389
f 324/772/392 321/768/388 434/771/391
f 206/546/290 108/579/307 214/547/291
f 222/276/168 249/281/45 173/280/171
f 159/773/359 222/276/168 173/280/171
f 222/276/168 159/773/359 230/277/169
f 204/774/368 230/277/169 159/773/359
f 178/775/318 204/774/368 159/773/359
f 124/776/83 159/773/359 173/280/171
f 173/280/171 169/283/172 124/776/83
f 169/283/172 143/777/133 124/776/83
f 124/776/83 143/777/133 153/778/81
f 270/279/47 249/281/45 222/276/168
f 230/277/169 190/779/372 243/278/170
f 190/779/372 191/780/373 243/278/170
f 232/781/371 289/752/370 227/750/380
f 228/710/352 181/754/356 245/759/382
f 245/759/382 181/754/356 289/756/370
f 245/759/382 289/756/370 327/758/381
f 193/782/357 210/783/385 226/784/358
f 226/784/358 307/785/393 317/786/394
f 226/784/358 210/783/385 307/785/393
f 267/787/383 210/788/385 245/789/382
f 332/790/384 307/791/393 210/788/385
f 267/787/383 332/790/384 210/788/385
f 208/792/376 268/793/395 183/794/180
f 284/795/396 268/793/395 208/792/376
f 301/796/397 248/797/398 294/798/399
f 306/799/400 294/798/399 248/797/398
f 320/800/390 294/798/399 306/799/400
f 291/801/401 302/802/402 248/797/398
f 302/802/402 306/799/400 248/797/398
f 244/803/403 248/797/398 301/796/397
f 248/804/398 244/803/403 280/805/404
f 291/806/401 248/804/398 280/805/404
f 280/805/404 244/803/403 301/796/397
f 302/807/402 291/806/401 280/805/404
f 280/805/404 356/808/405 302/807/402
f 208/792/376 304/809/378 284/795/396
f 268/793/395 276/810/387 183/794/180
f 304/811/378 289/812/370 226/784/358
f 268/793/395 284/795/396 339/813/406
f 268/793/395 339/813/406 365/814/407
f 365/814/407 276/810/387 268/793/395
f 276/810/387 365/814/407 320/815/390
f 339/813/406 284/795/396 513/816/408
f 284/795/396 573/817/409 513/816/408
f 320/818/390 343/819/410 294/820/399
f 343/819/410 320/818/390 365/821/407
f 365/821/407 382/822/411 343/819/410
f 382/822/411 424/823/412 343/819/410
f 294/820/399 343/819/410 424/823/412
f 294/820/399 424/823/412 295/824/413
f 321/768/388 276/767/387 320/770/390
f 294/798/399 295/825/413 301/796/397
f 286/826/156 60/827/158 149/828/414
f 60/827/158 10/829/361 149/828/414
f 10/829/361 60/827/158 20/830/183
f 361/831/415 260/832/157 342/833/416
f 342/833/416 260/832/157 286/834/156
f 361/831/415 342/833/416 371/835/417
f 260/832/157 361/831/415 389/836/197
f 348/837/155 260/832/157 389/836/197
f 389/836/197 437/838/278 496/839/219
f 437/838/278 389/836/197 361/831/415
f 371/835/417 455/840/418 361/831/415
f 361/831/415 455/840/418 437/838/278
f 596/841/277 437/838/278 532/842/419
f 562/843/420 596/841/277 532/842/419
f 532/842/419 437/838/278 455/840/418
f 532/842/419 455/840/418 469/844/421
f 445/600/319 406/845/332 397/846/422
f 397/846/422 336/847/369 445/600/319
f 406/848/332 445/849/319 467/850/320
f 406/848/332 418/851/423 397/852/422
f 397/852/422 418/851/423 414/853/424
f 472/854/425 418/851/423 406/848/332
f 317/855/394 304/856/378 226/857/358
f 304/856/378 317/855/394 284/858/396
f 307/859/393 438/860/426 317/855/394
f 284/858/396 317/855/394 478/861/427
f 573/862/409 284/858/396 591/863/428
f 591/863/428 284/858/396 536/864/429
f 536/864/429 491/865/430 546/866/431
f 536/864/429 478/861/427 491/865/430
f 448/867/432 439/868/433 478/861/427
f 317/855/394 438/860/426 478/861/427
f 491/865/430 478/861/427 439/868/433
f 478/861/427 536/864/429 284/858/396
f 365/814/407 339/813/406 426/869/434
f 426/869/434 339/813/406 513/816/408
f 320/770/390 306/870/400 388/769/389
f 306/870/400 392/871/435 388/769/389
f 301/872/397 417/873/436 280/874/404
f 371/875/417 186/764/386 321/768/388
f 444/876/437 302/877/402 356/878/405
f 302/877/402 444/876/437 360/879/438
f 302/877/402 360/879/438 306/880/400
f 337/591/315 445/600/319 336/847/369
f 587/625/331 472/881/425 406/626/332
f 327/758/381 336/757/369 414/882/424
f 439/883/433 327/758/381 414/882/424
f 327/758/381 439/883/433 332/761/384
f 332/761/384 439/883/433 448/884/432
f 414/853/424 336/885/369 397/852/422
f 616/886/261 596/887/277 513/816/408
f 627/888/259 596/887/277 616/886/261
f 616/886/261 513/816/408 573/817/409
f 652/889/264 616/886/261 573/817/409
f 332/790/384 438/890/426 307/791/393
f 365/821/407 426/891/434 382/822/411
f 424/892/412 476/893/439 295/894/413
f 295/894/413 476/893/439 301/895/397
f 301/895/397 476/893/439 417/896/436
f 280/897/404 417/896/436 593/898/440
f 444/899/437 356/900/405 466/901/441
f 476/893/439 444/899/437 466/901/441
f 502/902/442 444/899/437 476/893/439
f 382/903/411 426/904/434 502/902/442
f 502/902/442 424/892/412 382/903/411
f 424/892/412 502/902/442 476/893/439
f 466/901/441 593/898/440 476/893/439
f 466/905/441 280/874/404 593/906/440
f 455/840/418 371/835/417 436/907/443
f 444/908/437 306/909/400 360/910/438
f 472/911/425 587/912/331 589/913/444
f 509/914/445 472/911/425 589/913/444
f 550/915/446 509/914/445 589/913/444
f 418/916/423 472/911/425 509/914/445
f 418/916/423 509/914/445 550/915/446
f 418/917/423 550/915/446 589/913/444
f 589/913/444 571/918/447 418/917/423
f 418/917/423 439/919/433 414/920/424
f 439/919/433 418/917/423 571/918/447
f 571/918/447 589/913/444 660/921/329
f 695/922/448 689/923/449 660/921/329
f 686/924/450 695/922/448 660/921/329
f 448/925/432 478/926/427 438/890/426
f 448/927/432 438/890/426 332/790/384
f 306/928/400 489/929/451 392/930/435
f 306/928/400 444/931/437 489/929/451
f 491/932/430 439/919/433 571/918/447
f 491/932/430 571/918/447 546/933/431
f 536/934/429 546/933/431 571/918/447
f 536/934/429 626/935/452 591/936/428
f 626/935/452 536/934/429 571/918/447
f 626/935/452 571/918/447 660/921/329
f 665/937/453 668/938/454 591/939/428
f 626/935/452 665/937/453 591/939/428
f 562/940/420 502/941/442 426/942/434
f 562/940/420 426/942/434 513/943/408
f 388/944/389 489/945/451 595/946/455
f 388/944/389 595/946/455 543/947/456
f 434/948/391 388/944/389 543/947/456
f 595/946/455 489/945/451 502/949/442
f 562/950/420 595/946/455 502/949/442
f 502/951/442 489/952/451 444/953/437
f 593/898/440 417/896/436 476/893/439
f 513/816/408 596/887/277 562/954/420
f 562/950/420 532/955/419 595/946/455
f 595/946/455 532/955/419 601/956/457
f 587/912/331 660/921/329 589/913/444
f 659/957/458 672/958/459 733/959/460
f 659/957/458 733/959/460 745/960/461
f 591/961/428 659/957/458 573/962/409
f 591/961/428 672/958/459 659/957/458
f 659/957/458 652/963/264 573/962/409
f 659/957/458 745/960/461 710/964/462
f 626/935/452 660/921/329 665/937/453
f 689/923/449 665/937/453 660/921/329
f 672/958/459 668/965/454 753/966/463
f 672/958/459 753/966/463 733/959/460
f 2/967/464 1/968/465 5/969/466
f 8/970/467 2/967/464 5/969/466
f 14/971/468 2/967/464 8/970/467
f 14/971/468 8/970/467 25/972/469
f 8/970/467 5/969/466 25/972/469
f 25/972/469 22/973/364 38/974/470
f 22/973/364 25/972/469 15/975/362
f 25/972/469 5/969/466 15/975/362
f 83/976/471 160/977/472 34/978/473
f 34/978/473 38/974/470 83/976/471
f 236/979/474 194/980/475 217/981/476
f 194/980/475 236/979/474 160/977/472
f 194/980/475 160/977/472 83/976/471
f 3/982/477 2/983/464 14/984/468
f 1/985/465 2/983/464 3/982/477
f 3/982/477 14/986/468 1/987/465
f 1/987/465 14/986/468 19/988/478
f 1/987/465 19/988/478 10/989/361
f 5/990/466 1/987/465 10/989/361
f 15/991/362 5/990/466 10/989/361
f 10/829/361 19/992/478 149/828/414
f 149/828/414 19/992/478 93/993/479
f 149/828/414 93/993/479 275/994/480
f 318/995/481 149/828/414 160/996/472
f 160/996/472 149/828/414 275/994/480
f 236/997/474 292/998/482 160/996/472
f 292/998/482 318/995/481 160/996/472
f 149/828/414 318/995/481 286/826/156
f 34/978/473 25/972/469 38/974/470
f 63/999/123 52/1000/483 89/1001/484
f 132/1002/485 63/999/123 89/1001/484
f 53/1003/486 52/1000/483 63/999/123
f 96/1004/487 132/1002/485 246/1005/488
f 63/999/123 132/1002/485 96/1004/487
f 65/1006/124 87/1007/120 76/1008/119
f 87/1007/120 65/1009/124 63/999/123
f 87/1007/120 63/999/123 96/1004/487
f 95/1010/121 123/1011/186 150/1012/161
f 86/1013/163 84/1014/162 95/1010/121
f 63/999/123 61/1015/122 53/1003/486
f 52/1016/483 148/1017/489 89/1018/484
f 132/1019/485 89/1018/484 148/1017/489
f 148/1017/489 52/1016/483 53/1020/486
f 53/1020/486 110/1021/126 148/1017/489
f 22/716/364 82/1022/490 83/1023/471
f 22/716/364 83/1023/471 38/1024/470
f 219/1025/491 83/1023/471 82/1022/490
f 100/1026/492 22/716/364 28/1027/493
f 19/1028/478 34/1029/473 93/1030/479
f 34/1029/473 19/1028/478 14/1031/468
f 25/1032/469 34/1029/473 14/1031/468
f 160/1033/472 275/1034/480 152/1035/494
f 160/1033/472 152/1035/494 34/1029/473
f 34/1029/473 152/1035/494 93/1030/479
f 177/1036/165 130/1037/164 136/1038/495
f 136/1038/495 86/1039/163 95/1040/121
f 96/1041/487 95/1040/121 87/1042/120
f 96/1041/487 246/1043/488 261/1044/204
f 297/1045/222 261/1044/204 246/1043/488
f 177/1036/165 96/1041/487 261/1044/204
f 177/1036/165 261/1044/204 300/1046/166
f 136/1038/495 95/1040/121 96/1041/487
f 96/1041/487 177/1036/165 136/1038/495
f 110/1021/126 53/1020/486 61/1047/122
f 123/323/186 84/269/162 103/1048/496
f 123/323/186 103/1048/496 231/1049/205
f 309/324/185 123/323/186 231/1049/205
f 130/271/164 103/1048/496 84/269/162
f 231/1049/205 103/1048/496 130/271/164
f 231/1049/205 130/271/164 212/275/167
f 174/1050/127 132/1019/485 148/1017/489
f 194/1051/475 83/1052/471 217/1053/476
f 217/1053/476 83/1052/471 219/1054/491
f 273/1055/497 240/1056/498 203/1057/499
f 240/1056/498 273/1055/497 281/1058/500
f 240/1056/498 281/1058/500 217/1053/476
f 281/1058/500 318/1059/481 292/1060/482
f 217/1053/476 281/1058/500 292/1060/482
f 236/1061/474 217/1062/476 292/1063/482
f 174/1050/127 246/1064/488 132/1019/485
f 110/1021/126 174/1050/127 148/1017/489
f 297/1065/222 279/1066/129 264/1067/501
f 297/1065/222 264/1067/501 338/1068/502
f 393/1069/503 375/1070/504 367/1071/505
f 264/1067/501 279/1066/129 152/1072/494
f 93/1073/479 152/1072/494 279/1066/129
f 297/1065/222 246/1074/488 174/1075/127
f 174/1075/127 279/1066/129 297/1065/222
f 264/1067/501 333/1076/506 338/1068/502
f 338/1068/502 333/1076/506 370/1077/507
f 375/1070/504 370/1077/507 333/1076/506
f 375/1070/504 333/1076/506 367/1071/505
f 275/1078/480 374/1079/508 308/1080/509
f 374/1079/508 345/1081/510 386/1082/511
f 308/1080/509 374/1079/508 386/1082/511
f 174/1075/127 199/1083/128 279/1066/129
f 351/1084/130 275/1085/480 279/1066/129
f 275/1085/480 93/1073/479 279/1066/129
f 264/1086/501 275/1078/480 308/1080/509
f 275/1078/480 264/1086/501 152/1087/494
f 386/1082/511 312/1088/512 308/1080/509
f 366/1089/513 428/1090/514 395/1091/515
f 488/1092/516 395/1091/515 428/1090/514
f 515/1093/517 549/1094/518 488/1092/516
f 488/1092/516 366/1089/513 395/1091/515
f 366/1089/513 488/1092/516 460/1095/519
f 316/1096/520 345/1097/510 390/1098/521
f 242/1099/522 316/1096/520 390/1098/521
f 335/1100/523 316/1101/520 182/1102/524
f 205/1103/525 440/1104/526 335/1100/523
f 338/1105/502 370/1106/507 415/1107/527
f 430/418/220 415/1107/527 464/419/221
f 474/1108/528 490/538/284 415/1107/527
f 355/420/199 377/1109/529 430/418/220
f 415/1107/527 430/418/220 377/1109/529
f 415/1107/527 377/1109/529 338/1105/502
f 411/1110/530 375/1111/504 419/1112/531
f 419/1112/531 375/1111/504 393/1113/503
f 375/1111/504 411/1110/530 407/1114/532
f 375/1111/504 407/1114/532 413/1115/533
f 374/1116/508 275/1117/480 351/1118/130
f 374/1116/508 351/1118/130 431/1119/187
f 488/1120/516 428/1121/514 515/1122/517
f 333/1123/506 380/1124/534 384/1125/535
f 380/1124/534 333/1123/506 312/1088/512
f 380/1124/534 386/1082/511 427/1126/536
f 312/1088/512 386/1082/511 380/1124/534
f 428/1121/514 374/1116/508 431/1119/187
f 374/1116/508 428/1121/514 345/1127/510
f 366/1128/513 345/1127/510 428/1121/514
f 427/1126/536 386/1082/511 423/1129/537
f 423/1129/537 494/1130/538 427/1126/536
f 427/1126/536 494/1130/538 511/1131/539
f 345/1081/510 316/1132/520 386/1082/511
f 386/1082/511 335/1133/523 423/1129/537
f 423/1129/537 440/1134/526 494/1130/538
f 515/1135/517 428/1136/514 483/1137/540
f 386/1138/511 316/1139/520 335/1140/523
f 423/1141/537 335/1140/523 440/1142/526
f 366/1089/513 390/1098/521 345/1097/510
f 390/1098/521 366/1089/513 460/1095/519
f 205/1103/525 335/1100/523 182/1102/524
f 537/1143/541 460/1144/519 582/1145/542
f 582/1145/542 432/1146/543 451/1147/544
f 451/1147/544 239/1148/545 329/1149/546
f 329/1149/546 487/1150/547 451/1147/544
f 582/1145/542 451/1147/544 523/1151/548
f 459/1152/549 460/1144/519 537/1143/541
f 460/1144/519 459/1152/549 390/1153/521
f 322/1154/550 390/1153/521 459/1152/549
f 459/1152/549 537/1143/541 512/1155/551
f 470/1156/552 512/1155/551 537/1143/541
f 470/1156/552 399/1157/553 512/1155/551
f 497/1158/554 470/1156/552 537/1143/541
f 563/1159/555 497/1158/554 537/1143/541
f 399/1157/553 470/1156/552 497/1158/554
f 483/1160/540 428/1161/514 431/1162/187
f 520/1163/556 483/1160/540 431/1162/187
f 471/1164/557 431/1162/187 461/1165/558
f 471/1164/557 520/1163/556 431/1162/187
f 516/1166/559 586/1167/560 520/1163/556
f 516/1166/559 520/1163/556 471/1164/557
f 370/1106/507 413/1168/533 474/1108/528
f 474/1108/528 415/1107/527 370/1106/507
f 375/1111/504 413/1115/533 370/1169/507
f 431/1162/187 443/1170/188 456/1171/561
f 443/1170/188 436/1172/443 456/1171/561
f 456/1171/561 461/1165/558 431/1162/187
f 393/1173/503 384/1125/535 380/1174/534
f 384/1125/535 393/1173/503 333/1123/506
f 367/1175/505 333/1123/506 393/1173/503
f 454/1176/562 398/1177/563 402/1178/564
f 575/1179/565 504/1180/244 551/1181/566
f 575/1179/565 551/1181/566 561/1182/567
f 561/1182/567 551/1181/566 554/1183/568
f 554/1183/568 551/1181/566 504/1180/244
f 453/1184/569 554/1183/568 504/1180/244
f 554/1183/568 453/1184/569 452/1185/570
f 452/1185/570 453/1184/569 447/1186/242
f 504/1180/244 447/1186/242 453/1184/569
f 465/1187/241 533/1188/238 452/1189/570
f 447/1190/242 465/1187/241 452/1189/570
f 452/1189/570 506/1191/571 554/1192/568
f 575/1193/565 554/1192/568 506/1191/571
f 493/1194/572 597/1195/573 506/1191/571
f 493/1194/572 506/1191/571 452/1189/570
f 493/1194/572 452/1189/570 533/1188/238
f 493/1194/572 533/1188/238 610/1196/239
f 493/1194/572 610/1196/239 597/1195/573
f 610/1196/239 673/1197/574 597/1195/573
f 506/1191/571 597/1195/573 673/1197/574
f 506/1191/571 673/1197/574 575/1193/565
f 636/537/282 464/419/221 490/538/284
f 490/538/284 474/1108/528 588/1198/575
f 490/538/284 588/1199/575 628/536/283
f 510/1200/576 628/536/283 588/1199/575
f 407/1201/532 542/1202/577 413/1203/533
f 524/1204/578 413/1203/533 542/1202/577
f 474/1205/528 413/1203/533 524/1204/578
f 524/1206/578 527/1207/579 481/1208/580
f 481/1208/580 527/1207/579 419/1112/531
f 481/1208/580 419/1112/531 380/1209/534
f 380/1209/534 419/1112/531 393/1210/503
f 380/1209/534 427/1211/536 481/1208/580
f 481/1208/580 539/1212/581 524/1206/578
f 427/1213/536 511/1214/539 519/1215/582
f 519/1215/582 511/1214/539 534/1216/583
f 481/1217/580 519/1215/582 557/1218/584
f 519/1215/582 481/1217/580 427/1213/536
f 599/1219/585 572/1220/586 494/1221/538
f 572/1220/586 599/1219/585 628/1222/283
f 599/1219/585 494/1221/538 515/1223/517
f 544/1224/587 515/1223/517 483/1225/540
f 515/1223/517 544/1224/587 586/1226/560
f 515/1223/517 586/1226/560 599/1219/585
f 586/1226/560 544/1224/587 520/1227/556
f 544/1224/587 483/1228/540 520/1227/556
f 440/1229/526 205/1230/525 442/1231/588
f 440/1229/526 442/1232/588 530/1233/589
f 499/1234/590 521/1235/591 541/1236/592
f 549/1237/518 613/1238/593 488/1239/516
f 498/1240/594 492/1241/595 454/1176/562
f 492/1241/595 398/1177/563 454/1176/562
f 464/419/221 415/1107/527 490/538/284
f 494/1130/538 534/1242/583 511/1131/539
f 494/1243/538 440/1229/526 530/1233/589
f 549/1244/518 515/1245/517 494/1246/538
f 530/1233/589 549/1244/518 494/1246/538
f 521/1235/591 499/1234/590 501/1247/596
f 531/1248/597 521/1235/591 501/1247/596
f 531/1248/597 600/1249/598 697/1250/599
f 708/1251/600 697/1250/599 600/1249/598
f 708/1251/600 830/1252/601 828/1253/602
f 708/1251/600 828/1253/602 697/1250/599
f 900/1254/603 830/1252/601 708/1251/600
f 708/1251/600 806/1255/604 900/1254/603
f 900/1254/603 806/1255/604 926/1256/605
f 926/1256/605 970/1257/606 900/1254/603
f 970/1257/606 926/1256/605 897/1258/607
f 970/1257/606 968/1259/608 900/1254/603
f 968/1259/608 828/1253/602 830/1252/601
f 830/1252/601 900/1254/603 968/1259/608
f 460/1260/519 488/1261/516 530/1262/589
f 530/1262/589 432/1263/543 460/1260/519
f 432/1263/543 606/1264/609 567/1265/610
f 501/1247/596 600/1249/598 531/1248/597
f 697/1250/599 715/1266/611 531/1248/597
f 531/1248/597 613/1238/593 521/1235/591
f 531/1248/597 671/1267/612 613/1238/593
f 521/1235/591 549/1237/518 530/1268/589
f 549/1237/518 521/1235/591 613/1238/593
f 411/1269/530 510/1270/576 588/1271/575
f 527/1272/579 510/1270/576 419/1273/531
f 411/1274/530 419/1273/531 510/1270/576
f 407/1275/532 411/1269/530 588/1271/575
f 542/1276/577 407/1275/532 588/1271/575
f 557/1218/584 568/1277/613 547/1278/614
f 557/1218/584 566/1279/615 594/1280/616
f 594/1280/616 566/1279/615 572/1281/586
f 568/1282/613 566/1279/615 519/1215/582
f 557/1218/584 539/1283/581 481/1217/580
f 557/1218/584 519/1215/582 566/1279/615
f 547/1284/614 568/1282/613 534/1216/583
f 542/1285/577 474/1286/528 539/1287/581
f 547/1288/614 539/1287/581 557/1289/584
f 547/1288/614 579/1290/617 628/1291/283
f 527/1292/579 539/1287/581 547/1288/614
f 539/1287/581 527/1292/579 542/1285/577
f 542/1285/577 527/1292/579 524/1293/578
f 527/1292/579 547/1288/614 628/1291/283
f 527/1292/579 628/1291/283 510/1294/576
f 574/1295/618 541/1296/592 488/1297/516
f 530/1298/589 488/1297/516 541/1296/592
f 521/1299/591 530/1298/589 541/1296/592
f 499/1300/590 541/1296/592 577/1301/619
f 708/1302/600 600/1303/598 646/1304/620
f 691/1305/621 736/1306/622 646/1304/620
f 577/1301/619 691/1305/621 646/1304/620
f 501/1307/596 646/1304/620 600/1303/598
f 501/1307/596 577/1301/619 646/1304/620
f 736/1306/622 691/1305/621 731/1308/623
f 606/1309/609 530/1310/589 435/1311/624
f 644/1312/625 567/1313/610 606/1309/609
f 644/1312/625 677/1314/626 567/1315/610
f 644/1312/625 615/1316/627 677/1314/626
f 644/1312/625 558/1317/628 615/1316/627
f 606/1309/609 435/1311/624 623/1318/629
f 644/1312/625 606/1309/609 623/1318/629
f 558/1317/628 644/1312/625 372/1319/630
f 558/1317/628 372/1319/630 492/1320/595
f 623/1318/629 372/1319/630 644/1312/625
f 241/1321/631 372/1319/630 623/1318/629
f 241/1321/631 623/1318/629 529/1322/632
f 435/1311/624 529/1322/632 623/1318/629
f 435/1311/624 241/1321/631 529/1322/632
f 398/1323/563 492/1320/595 372/1324/630
f 598/1325/270 610/459/239 603/1326/235
f 598/1325/270 673/1327/574 610/459/239
f 688/1328/243 673/1327/574 598/1325/270
f 688/1328/243 653/1329/245 673/1327/574
f 713/1330/633 706/1331/634 685/1332/635
f 713/1330/633 685/1332/635 649/1333/636
f 685/1332/635 706/1331/634 669/1334/285
f 641/1335/271 685/1332/635 699/1336/637
f 641/1335/271 699/1336/637 712/1337/638
f 599/1338/585 699/1336/637 685/1332/635
f 599/1338/585 685/1332/635 669/1334/285
f 628/1291/283 594/1339/616 572/1340/586
f 628/1291/283 579/1290/617 594/1339/616
f 594/1339/616 579/1290/617 568/1341/613
f 699/1342/637 613/1343/593 671/1344/612
f 699/1342/637 599/1345/585 613/1343/593
f 613/1343/593 599/1345/585 639/1346/639
f 639/1346/639 599/1345/585 666/1347/640
f 666/1347/640 630/1348/641 639/1346/639
f 609/1349/286 690/1350/642 630/1348/641
f 667/1351/643 639/1346/639 735/1352/644
f 639/1346/639 630/1348/641 735/1352/644
f 858/1353/645 844/1354/646 760/1355/647
f 844/1354/646 735/1352/644 760/1355/647
f 858/1353/645 760/1355/647 814/1356/648
f 760/1355/647 735/1352/644 690/1350/642
f 690/1350/642 735/1352/644 630/1348/641
f 667/1357/643 681/1358/649 624/1359/650
f 667/1357/643 624/1359/650 574/1360/618
f 667/1357/643 574/1360/618 639/1361/639
f 574/1360/618 613/1362/593 639/1361/639
f 488/1363/516 613/1362/593 574/1360/618
f 577/1301/619 541/1296/592 624/1364/650
f 577/1301/619 624/1364/650 691/1305/621
f 624/1364/650 727/1365/651 691/1305/621
f 731/1366/623 691/1305/621 727/1365/651
f 624/1359/650 541/1367/592 574/1360/618
f 140/1368/652 131/1369/653 145/1370/654
f 140/1371/652 145/1370/654 155/1372/655
f 251/1373/656 145/1370/654 182/1102/524
f 182/1102/524 145/1370/654 131/1369/653
f 251/1373/656 182/1102/524 242/1374/522
f 171/1375/657 195/1376/658 156/1377/659
f 131/1378/653 195/1376/658 171/1375/657
f 195/1376/658 216/1379/660 156/1377/659
f 216/1379/660 372/1380/630 241/1381/631
f 216/1379/660 241/1381/631 179/1382/661
f 216/1379/660 179/1382/661 156/1377/659
f 156/1383/659 241/1384/631 205/1385/525
f 156/1383/659 205/1385/525 171/1386/657
f 156/1383/659 179/1387/661 241/1384/631
f 195/1376/658 131/1378/653 201/1388/662
f 195/1376/658 201/1388/662 258/1389/663
f 258/1389/663 274/1390/664 195/1376/658
f 258/1389/663 402/1178/564 274/1390/664
f 258/1389/663 408/1391/665 402/1178/564
f 454/1392/562 408/1391/665 498/1393/594
f 201/1388/662 131/1378/653 140/1394/652
f 201/1388/662 140/1394/652 155/1395/655
f 258/1389/663 201/1388/662 221/1396/666
f 258/1389/663 221/1396/666 379/1397/667
f 258/1389/663 379/1397/667 408/1391/665
f 145/1398/654 221/1396/666 155/1395/655
f 221/1396/666 145/1398/654 287/1399/668
f 221/1396/666 287/1399/668 379/1397/667
f 379/1397/667 458/1400/669 408/1391/665
f 458/1400/669 379/1397/667 505/1401/670
f 505/1401/670 379/1397/667 401/1402/671
f 558/1403/628 492/1404/595 505/1401/670
f 498/1393/594 408/1391/665 458/1400/669
f 492/1404/595 458/1400/669 505/1401/670
f 492/1404/595 498/1393/594 458/1400/669
f 155/1395/655 221/1396/666 201/1388/662
f 287/1399/668 401/1402/671 379/1397/667
f 142/1405/672 242/1406/522 322/1407/550
f 142/1405/672 200/1408/673 104/1409/674
f 200/1408/673 142/1405/672 322/1407/550
f 129/1410/675 104/1409/674 200/1408/673
f 129/1410/675 200/1408/673 296/1411/676
f 200/1408/673 341/1412/677 296/1411/676
f 274/1390/664 372/1380/630 195/1376/658
f 216/1379/660 195/1376/658 372/1380/630
f 398/1177/563 372/1380/630 274/1390/664
f 316/1101/520 242/1374/522 182/1102/524
f 242/1406/522 390/1413/521 322/1407/550
f 239/1414/545 242/1406/522 142/1405/672
f 241/1321/631 435/1311/624 205/1415/525
f 239/1416/545 142/1417/672 175/1418/678
f 142/1417/672 104/1419/674 111/1420/679
f 176/1421/680 263/1422/681 378/1423/682
f 378/1423/682 263/1422/681 405/1424/683
f 263/1422/681 176/1421/680 129/1425/675
f 188/1426/684 263/1422/681 129/1425/675
f 263/1422/681 188/1426/684 400/1427/685
f 405/1424/683 487/1428/547 378/1423/682
f 538/1429/686 487/1428/547 405/1424/683
f 538/1429/686 545/1430/687 487/1428/547
f 378/1423/682 487/1428/547 329/1431/546
f 175/1418/678 329/1431/546 239/1416/545
f 378/1423/682 329/1431/546 176/1421/680
f 329/1431/546 175/1418/678 176/1421/680
f 176/1421/680 175/1418/678 142/1417/672
f 176/1421/680 142/1417/672 111/1420/679
f 129/1425/675 111/1420/679 104/1419/674
f 205/1415/525 435/1311/624 442/1432/588
f 530/1310/589 442/1432/588 435/1311/624
f 402/1178/564 398/1177/563 274/1390/664
f 251/1433/656 239/1434/545 432/1435/543
f 251/1433/656 432/1435/543 401/1436/671
f 287/1437/668 251/1433/656 401/1436/671
f 505/1438/670 401/1436/671 567/1439/610
f 287/1437/668 145/1440/654 251/1433/656
f 408/1441/665 454/1442/562 402/1443/564
f 432/1444/543 530/1445/589 606/1446/609
f 615/1447/627 567/1448/610 677/1449/626
f 615/1447/627 505/1450/670 567/1448/610
f 558/1403/628 505/1401/670 615/1451/627
f 501/1307/596 499/1300/590 577/1301/619
f 18/717/365 28/1027/493 22/716/364
f 20/713/183 67/720/367 56/1452/688
f 24/718/366 20/713/183 56/1453/688
f 56/1453/688 77/1454/689 35/1455/690
f 56/1453/688 35/1455/690 24/718/366
f 77/1456/689 113/1457/691 35/1455/690
f 18/717/365 24/718/366 35/1455/690
f 77/1458/689 203/1459/499 113/1460/691
f 77/1458/689 56/1461/688 235/1462/692
f 22/716/364 100/1026/492 82/1022/490
f 56/1461/688 67/1463/367 235/1462/692
f 67/1463/367 62/1464/182 186/1465/386
f 235/1462/692 67/1463/367 186/1465/386
f 290/1466/693 203/1459/499 235/1462/692
f 290/1466/693 273/1467/497 203/1459/499
f 371/1468/417 318/1469/481 290/1466/693
f 318/1469/481 371/1468/417 342/1470/416
f 318/1469/481 342/1470/416 286/1471/156
f 113/1457/691 28/1027/493 35/1455/690
f 100/1026/492 28/1027/493 113/1457/691
f 100/1026/492 113/1457/691 162/1472/694
f 100/1473/492 162/1474/694 219/1475/491
f 100/1473/492 219/1475/491 82/1476/490
f 217/1053/476 219/1054/491 240/1056/498
f 240/1477/498 219/1478/491 203/1459/499
f 203/1459/499 77/1458/689 235/1462/692
f 331/1479/695 341/1480/677 319/1481/696
f 331/1479/695 283/1482/697 344/1483/698
f 344/1483/698 410/1484/699 331/1479/695
f 281/1485/500 283/1482/697 319/1481/696
f 129/1425/675 296/1486/676 213/1487/700
f 129/1425/675 213/1487/700 188/1426/684
f 405/1424/683 263/1422/681 400/1427/685
f 188/1426/684 213/1487/700 400/1427/685
f 371/1468/417 290/1466/693 235/1462/692
f 371/1468/417 235/1462/692 186/1465/386
f 340/1488/701 324/1489/392 283/1490/697
f 340/1488/701 283/1490/697 281/1491/500
f 340/1488/701 281/1491/500 273/1492/497
f 273/1492/497 318/1493/481 319/1494/696
f 318/1493/481 281/1495/500 319/1494/696
f 340/1488/701 416/1496/702 441/1497/703
f 416/1496/702 485/1498/704 441/1497/703
f 416/1496/702 459/1499/549 485/1498/704
f 319/1494/696 322/1500/550 416/1496/702
f 450/1501/705 528/1502/706 508/1503/707
f 322/1407/550 341/1412/677 200/1408/673
f 331/1504/695 296/1505/676 341/1506/677
f 381/1507/708 324/1489/392 420/1508/709
f 324/1489/392 381/1507/708 283/1490/697
f 381/1509/708 420/1510/709 433/1511/710
f 421/1512/711 381/1509/708 433/1511/710
f 495/1513/712 433/1511/710 420/1510/709
f 433/1511/710 552/1514/713 421/1512/711
f 486/1515/714 528/1516/706 450/1517/705
f 421/1512/711 486/1515/714 450/1517/705
f 381/1509/708 421/1512/711 450/1517/705
f 381/1509/708 344/1518/698 283/1519/697
f 381/1509/708 450/1517/705 344/1518/698
f 340/1488/701 273/1492/497 319/1494/696
f 319/1494/696 341/1520/677 322/1521/550
f 340/1488/701 319/1494/696 416/1496/702
f 399/1157/553 296/1505/676 331/1504/695
f 400/1427/685 296/1486/676 399/1522/553
f 213/1487/700 296/1486/676 400/1427/685
f 399/1522/553 497/1523/554 400/1427/685
f 618/1524/715 538/1429/686 563/1525/555
f 563/1525/555 538/1429/686 405/1424/683
f 497/1523/554 563/1525/555 405/1424/683
f 441/1526/703 456/1527/561 340/1528/701
f 340/1528/701 456/1527/561 436/1529/443
f 371/1530/417 340/1528/701 436/1529/443
f 469/1531/421 455/1532/418 436/1529/443
f 532/1533/419 469/1531/421 548/1534/716
f 469/1531/421 463/1535/218 553/1536/279
f 469/1531/421 553/1536/279 609/1537/286
f 443/1538/188 463/1535/218 469/1531/421
f 469/1531/421 436/1529/443 443/1538/188
f 371/1539/417 321/1540/388 340/1541/701
f 321/1540/388 324/1542/392 340/1541/701
f 495/1513/712 420/1510/709 434/1543/391
f 410/1484/699 477/1544/717 399/1545/553
f 331/1479/695 410/1484/699 399/1545/553
f 512/1546/551 399/1545/553 477/1544/717
f 477/1544/717 410/1484/699 473/1547/718
f 508/1503/707 473/1547/718 450/1501/705
f 473/1547/718 344/1483/698 450/1501/705
f 473/1547/718 410/1484/699 344/1483/698
f 497/1523/554 405/1424/683 400/1427/685
f 434/1543/391 420/1510/709 324/1542/392
f 540/1548/719 456/1171/561 441/1549/703
f 540/1548/719 441/1549/703 485/1550/704
f 601/1551/457 540/1548/719 485/1550/704
f 540/1548/719 569/1552/720 461/1165/558
f 569/1552/720 622/1553/721 516/1166/559
f 471/1164/557 569/1552/720 516/1166/559
f 508/1554/707 518/1555/722 473/1556/718
f 560/1557/723 473/1556/718 518/1555/722
f 518/1555/722 508/1554/707 528/1558/706
f 614/1559/724 495/1560/712 543/1561/456
f 614/1559/724 552/1562/713 495/1560/712
f 614/1559/724 643/1563/725 486/1564/714
f 495/1560/712 552/1562/713 433/1565/710
f 552/1562/713 486/1564/714 421/1566/711
f 552/1562/713 614/1559/724 486/1564/714
f 456/1171/561 540/1548/719 461/1165/558
f 528/1567/706 560/1568/723 518/1569/722
f 528/1567/706 643/1563/725 560/1568/723
f 477/1570/717 560/1568/723 625/1571/726
f 473/1572/718 560/1568/723 477/1570/717
f 477/1570/717 580/1573/727 512/1574/551
f 477/1570/717 625/1571/726 580/1573/727
f 461/1165/558 569/1552/720 471/1164/557
f 580/1575/727 459/1576/549 512/1577/551
f 322/1154/550 459/1152/549 416/1578/702
f 563/1579/555 607/1580/728 618/1581/715
f 607/1580/728 563/1579/555 582/1145/542
f 538/1582/686 607/1580/728 545/1583/687
f 618/1584/715 607/1580/728 538/1582/686
f 523/1151/548 545/1583/687 582/1145/542
f 607/1580/728 582/1145/542 545/1583/687
f 563/1579/555 537/1143/541 582/1145/542
f 548/1585/716 601/1586/457 532/1587/419
f 595/1588/455 601/1586/457 592/1589/729
f 592/1589/729 601/1586/457 485/1590/704
f 595/1591/455 592/1592/729 629/1593/730
f 595/1591/455 629/1593/730 543/1561/456
f 543/1561/456 629/1593/730 614/1559/724
f 629/1593/730 625/1571/726 698/1594/731
f 614/1559/724 629/1593/730 643/1563/725
f 643/1563/725 629/1593/730 698/1594/731
f 560/1568/723 643/1563/725 698/1594/731
f 625/1571/726 560/1568/723 698/1594/731
f 592/1595/729 485/1596/704 459/1597/549
f 629/1598/730 592/1599/729 625/1600/726
f 592/1599/729 580/1601/727 625/1600/726
f 580/1602/727 592/1599/729 459/1603/549
f 643/1563/725 528/1567/706 486/1564/714
f 569/1604/720 540/1605/719 622/1606/721
f 516/1607/559 622/1606/721 630/1608/641
f 630/1608/641 622/1606/721 540/1605/719
f 609/1609/286 630/1608/641 540/1605/719
f 469/1531/421 609/1537/286 548/1534/716
f 601/1610/457 548/1611/716 609/1612/286
f 609/1612/286 540/1613/719 601/1610/457
f 648/1614/280 690/1615/642 609/1612/286
f 543/1561/456 495/1560/712 434/1616/391
f 586/1617/560 516/1607/559 630/1608/641
f 111/1420/679 129/1425/675 176/1421/680
f 523/1151/548 451/1147/544 487/1150/547
f 523/1151/548 487/1150/547 545/1583/687
f 451/1618/544 432/1435/543 239/1434/545
f 401/1436/671 432/1435/543 567/1439/610
f 759/1619/60 707/1620/59 767/1621/732
f 707/1620/59 749/1622/733 774/1623/734
f 707/1620/59 774/1623/734 772/1624/735
f 772/1624/735 767/1621/732 707/1620/59
f 709/72/51 772/1624/735 784/1625/736
f 784/1625/736 772/1624/735 774/1623/734
f 746/75/52 784/1625/736 815/76/53
f 784/1625/736 746/75/52 709/72/51
f 719/79/55 767/1621/732 709/72/51
f 661/78/54 638/514/272 737/1626/737
f 719/79/55 661/78/54 737/1626/737
f 719/79/55 737/1626/737 812/1627/738
f 767/1621/732 719/79/55 812/1627/738
f 812/1627/738 795/1628/739 838/1629/740
f 737/1626/737 638/514/272 640/1630/252
f 795/1628/739 812/1627/738 737/1626/737
f 767/1621/732 812/1627/738 838/1629/740
f 767/1621/732 838/1629/740 757/1631/741
f 838/1629/740 765/1632/742 757/1631/741
f 757/1631/741 663/1633/56 759/1619/60
f 757/1631/741 759/1619/60 767/1621/732
f 817/1634/743 784/1635/736 774/1636/734
f 810/1637/744 817/1638/743 774/1639/734
f 810/1637/744 774/1639/734 749/1640/733
f 813/1641/745 810/1637/744 749/1640/733
f 829/1642/746 810/1637/744 813/1641/745
f 829/1642/746 801/1643/747 817/1638/743
f 860/1644/748 801/1643/747 734/1645/226
f 860/1644/748 851/1646/749 864/1647/750
f 860/1644/748 864/1647/750 817/1638/743
f 801/1643/747 860/1644/748 817/1638/743
f 801/1643/747 749/1648/733 651/1649/61
f 813/1650/745 749/1648/733 801/1643/747
f 674/1651/227 734/1645/226 801/1643/747
f 674/1651/227 801/1643/747 651/1649/61
f 860/1644/748 734/1645/226 837/1652/751
f 837/1652/751 851/1646/749 860/1644/748
f 889/1653/752 815/1654/53 784/1655/736
f 882/1656/322 815/1654/53 889/1653/752
f 889/1653/752 864/1657/750 953/1658/753
f 889/1653/752 941/1659/754 882/1656/322
f 941/1659/754 889/1653/752 953/1658/753
f 882/1656/322 941/1659/754 947/1660/323
f 955/1661/755 947/1660/323 941/1659/754
f 829/1642/746 817/1638/743 810/1637/744
f 861/1662/756 801/1643/747 829/1642/746
f 861/1662/756 836/1663/757 826/1664/758
f 861/1662/756 826/1664/758 801/1643/747
f 824/1665/759 813/1650/745 801/1643/747
f 801/1643/747 826/1664/758 824/1665/759
f 811/1666/760 826/1664/758 836/1663/757
f 824/1667/759 811/1666/760 836/1663/757
f 784/1635/736 864/1668/750 889/1669/752
f 817/1634/743 864/1668/750 784/1635/736
f 891/1670/761 921/1671/762 938/1672/763
f 891/1670/761 938/1672/763 861/1673/756
f 938/1672/763 921/1671/762 976/1674/764
f 941/1675/754 921/1676/762 955/1677/755
f 864/1678/750 935/1679/765 979/1680/766
f 864/1678/750 851/1681/749 935/1679/765
f 939/1682/767 935/1679/765 851/1681/749
f 953/1683/753 979/1680/766 976/1684/764
f 921/1676/762 953/1683/753 976/1684/764
f 953/1683/753 921/1676/762 941/1675/754
f 976/1684/764 954/1685/768 938/1686/763
f 935/1679/765 939/1682/767 932/1687/769
f 931/1688/770 893/1689/771 863/1690/772
f 893/1689/771 931/1688/770 930/1691/773
f 930/1691/773 978/1692/774 932/1693/769
f 978/1692/774 935/1694/765 932/1693/769
f 976/1695/764 979/1696/766 935/1694/765
f 978/1692/774 976/1695/764 935/1694/765
f 978/1692/774 954/1697/768 976/1695/764
f 861/1673/756 829/1698/746 891/1670/761
f 931/1688/770 863/1690/772 954/1697/768
f 931/1688/770 954/1697/768 930/1691/773
f 870/1699/775 863/1690/772 836/1700/757
f 932/1693/769 939/1701/767 893/1689/771
f 851/1702/749 893/1689/771 939/1701/767
f 932/1693/769 893/1689/771 930/1691/773
f 953/1683/753 864/1678/750 979/1680/766
f 661/78/54 611/512/247 638/514/272
f 661/78/54 634/513/57 611/512/247
f 638/514/272 612/515/246 640/1630/252
f 640/1630/252 670/1703/776 737/1626/737
f 737/1626/737 726/1704/777 795/1628/739
f 765/1632/742 838/1629/740 795/1628/739
f 663/1633/56 757/1631/741 717/1705/273
f 717/1705/273 757/1631/741 765/1632/742
f 750/1706/778 726/1707/777 728/1708/779
f 676/1709/780 750/1706/778 728/1708/779
f 645/1710/250 676/1709/780 647/1711/251
f 702/1712/274 676/1709/780 645/1710/250
f 717/1713/273 765/1714/742 702/1712/274
f 795/1715/739 702/1712/274 765/1714/742
f 750/1706/778 702/1712/274 795/1715/739
f 726/1707/777 750/1706/778 795/1715/739
f 670/1703/776 726/1704/777 737/1626/737
f 728/1716/779 726/1717/777 670/1703/776
f 670/1703/776 676/1718/780 728/1716/779
f 564/1719/101 721/434/229 620/427/224
f 776/433/228 721/434/229 827/1720/781
f 632/524/266 678/1721/267 693/523/269
f 631/522/275 687/521/276 635/1722/262
f 642/483/231 680/485/254 700/1723/232
f 700/1723/232 687/1724/276 693/1725/269
f 680/485/254 687/1724/276 700/1723/232
f 637/1726/260 635/1722/262 687/521/276
f 621/1727/258 637/1726/260 649/1728/636
f 621/1727/258 617/1729/257 637/1726/260
f 637/1726/260 687/521/276 703/1730/782
f 703/1730/782 687/521/276 720/1731/783
f 720/1731/783 687/521/276 680/1732/254
f 680/1733/254 602/1734/253 590/1735/255
f 720/1736/783 590/1735/255 656/1737/784
f 590/1735/255 720/1736/783 680/1733/254
f 603/1738/235 656/1737/784 598/1739/270
f 656/1737/784 603/1738/235 604/1740/234
f 656/1737/784 578/1741/256 598/1739/270
f 633/1742/785 578/1741/256 656/1737/784
f 656/1737/784 590/1735/255 633/1742/785
f 633/1742/785 590/1735/255 578/1741/256
f 656/1737/784 604/1740/234 720/1736/783
f 637/1743/260 703/1744/782 649/1745/636
f 703/1744/782 761/1746/786 713/1747/633
f 761/1746/786 703/1744/782 720/1748/783
f 649/1745/636 703/1744/782 713/1747/633
f 649/1745/636 641/1749/271 464/1750/221
f 464/1750/221 619/1751/281 649/1745/636
f 649/1745/636 619/1751/281 621/1752/258
f 664/498/263 724/1753/265 678/502/267
f 700/439/232 693/1754/269 739/1755/268
f 802/1756/787 700/439/232 739/1755/268
f 724/1757/265 652/1758/264 716/1759/788
f 722/1760/789 716/1759/788 652/1758/264
f 722/1760/789 780/1761/790 716/1759/788
f 722/1760/789 763/1762/791 804/1763/792
f 816/1764/793 804/1763/792 763/1762/791
f 780/1761/790 881/1765/794 775/1766/795
f 775/1766/795 822/1767/796 748/1768/797
f 775/1766/795 748/1768/797 716/1759/788
f 775/1766/795 716/1759/788 780/1761/790
f 748/1768/797 857/1769/798 764/1770/799
f 857/1769/798 748/1768/797 822/1767/796
f 724/1757/265 748/1768/797 766/1771/800
f 766/1771/800 748/1768/797 764/1770/799
f 724/1757/265 716/1759/788 748/1768/797
f 604/1772/234 712/1773/638 720/1774/783
f 712/1773/638 604/1772/234 641/1775/271
f 761/1776/786 720/1777/783 712/1773/638
f 761/1776/786 712/1773/638 747/1778/801
f 761/1776/786 788/1779/802 713/1780/633
f 788/1779/802 747/1778/801 800/1781/803
f 747/1778/801 788/1779/802 761/1776/786
f 699/1782/637 747/1778/801 712/1773/638
f 800/1781/803 747/1778/801 768/1783/804
f 768/1783/804 747/1778/801 699/1782/637
f 768/1783/804 699/1782/637 715/1784/611
f 800/1781/803 768/1783/804 788/1779/802
f 788/1779/802 877/1785/805 814/1786/648
f 758/1787/806 690/1788/642 648/1789/280
f 837/1790/751 734/1791/226 863/1792/772
f 675/437/230 700/439/232 802/1756/787
f 678/1793/267 766/1794/800 739/1795/268
f 802/1796/787 739/1795/268 766/1794/800
f 781/1797/807 802/1796/787 766/1794/800
f 781/1797/807 766/1794/800 764/1798/799
f 724/1799/265 766/1794/800 678/1793/267
f 825/1800/808 734/1791/226 776/1801/228
f 734/1791/226 859/1802/809 836/1803/757
f 818/1804/810 843/1805/811 781/1797/807
f 781/1797/807 843/1805/811 802/1796/787
f 818/1804/810 832/1806/812 843/1805/811
f 832/1806/812 839/1807/813 840/1808/814
f 850/1809/815 843/1805/811 840/1808/814
f 840/1808/814 843/1805/811 832/1806/812
f 843/1805/811 912/1810/816 878/1811/817
f 912/1810/816 843/1805/811 911/1812/818
f 911/1812/818 843/1805/811 850/1809/815
f 869/1813/819 850/1809/815 839/1807/813
f 840/1808/814 839/1807/813 850/1809/815
f 836/1700/757 861/1814/756 870/1699/775
f 826/1815/758 811/1816/760 824/1817/759
f 824/1818/759 836/1819/757 859/1820/809
f 862/1821/820 937/1822/821 928/1823/822
f 859/1820/809 862/1821/820 833/1824/823
f 862/1821/820 859/1820/809 937/1822/821
f 825/1800/808 776/1825/228 827/1826/781
f 849/1827/824 734/1791/226 825/1800/808
f 721/1828/229 675/1829/230 827/1826/781
f 734/1830/226 849/1831/824 859/1820/809
f 833/1824/823 824/1818/759 859/1820/809
f 827/1832/781 849/1831/824 825/1833/808
f 878/1811/817 827/1834/781 802/1796/787
f 843/1805/811 878/1811/817 802/1796/787
f 839/1835/813 834/1836/825 869/1837/819
f 850/1838/815 869/1837/819 871/1839/826
f 899/1840/827 869/1837/819 888/1841/828
f 853/1842/829 888/1841/828 869/1837/819
f 869/1837/819 899/1840/827 871/1839/826
f 899/1840/827 880/1843/830 871/1839/826
f 893/1689/771 851/1702/749 863/1690/772
f 851/1702/749 837/1844/751 863/1690/772
f 863/1690/772 734/1845/226 836/1700/757
f 875/1846/831 871/1847/826 880/1848/830
f 871/1847/826 875/1846/831 850/1809/815
f 850/1809/815 875/1846/831 880/1848/830
f 850/1809/815 880/1848/830 899/1849/827
f 911/1812/818 850/1809/815 899/1849/827
f 908/1850/832 899/1840/827 888/1841/828
f 853/1851/829 839/1835/813 857/1852/798
f 839/1835/813 853/1851/829 834/1836/825
f 869/1837/819 834/1836/825 853/1842/829
f 857/1853/798 888/1854/828 853/1855/829
f 888/1854/828 857/1853/798 919/1856/833
f 919/1856/833 857/1853/798 910/1857/834
f 910/1857/834 857/1853/798 822/1858/796
f 910/1857/834 822/1859/796 907/1860/835
f 878/1861/817 859/1820/809 849/1831/824
f 859/1820/809 878/1861/817 927/1862/836
f 859/1820/809 927/1862/836 937/1822/821
f 849/1831/824 827/1832/781 878/1861/817
f 911/1863/818 927/1862/836 912/1864/816
f 878/1861/817 912/1864/816 927/1862/836
f 856/1865/837 862/1866/820 928/1867/822
f 807/1868/838 805/1869/839 833/1870/823
f 833/1870/823 862/1866/820 807/1868/838
f 899/1871/827 908/1872/832 962/1873/840
f 908/1872/832 856/1874/837 962/1873/840
f 856/1874/837 928/1875/822 962/1873/840
f 961/1876/841 962/1873/840 928/1875/822
f 928/1875/822 965/1877/842 961/1876/841
f 928/1878/822 937/1879/821 965/1880/842
f 937/1879/821 962/1873/840 961/1876/841
f 954/1697/768 863/1690/772 870/1699/775
f 954/1697/768 870/1699/775 938/1881/763
f 870/1699/775 861/1814/756 938/1881/763
f 954/1697/768 978/1692/774 930/1691/773
f 937/1822/821 927/1862/836 962/1882/840
f 927/1862/836 911/1863/818 962/1882/840
f 911/1863/818 899/1883/827 962/1882/840
f 965/1884/842 967/1885/843 901/1886/844
f 960/1887/845 965/1884/842 949/1888/846
f 955/1889/755 967/1885/843 999/1890/847
f 957/1891/848 999/1890/847 986/1892/849
f 986/1892/849 999/1890/847 1011/1893/850
f 1005/1894/851 999/1890/847 967/1885/843
f 995/1895/852 1005/1894/851 967/1885/843
f 961/1896/841 995/1895/852 937/1897/821
f 965/1884/842 937/1897/821 995/1895/852
f 995/1895/852 967/1885/843 965/1884/842
f 971/1898/853 984/1899/854 960/1900/845
f 984/1899/854 961/1901/841 960/1900/845
f 965/1902/842 960/1900/845 961/1901/841
f 961/1901/841 984/1899/854 995/1903/852
f 994/1904/855 984/1899/854 985/1905/856
f 994/1904/855 985/1905/856 993/1906/857
f 993/1906/857 985/1905/856 987/1907/858
f 987/1907/858 1004/1908/859 1006/1909/860
f 993/1906/857 987/1907/858 1006/1909/860
f 984/1899/854 994/1904/855 995/1910/852
f 994/1904/855 1005/1911/851 995/1910/852
f 999/1890/847 1005/1894/851 1017/1912/861
f 658/628/328 711/1913/862 704/1914/863
f 704/1914/863 694/1915/864 658/628/328
f 704/1914/863 714/1916/865 725/1917/866
f 704/1914/863 725/1917/866 694/1915/864
f 658/628/328 694/1915/864 692/1918/867
f 692/1919/867 660/1920/329 658/1921/328
f 686/1922/450 660/1920/329 692/1919/867
f 692/1919/867 705/1923/868 686/1924/450
f 692/1919/867 714/1925/865 705/1923/868
f 694/1926/864 725/1927/866 714/1925/865
f 694/1926/864 714/1925/865 692/1919/867
f 714/1925/865 744/1928/869 705/1923/868
f 744/1928/869 714/1925/865 809/1929/870
f 714/1925/865 729/1930/333 809/1929/870
f 809/1929/870 729/1930/333 855/1931/871
f 658/628/328 729/627/333 714/1916/865
f 658/628/328 714/1916/865 711/1913/862
f 714/1916/865 704/1914/863 711/1913/862
f 884/1932/872 855/1933/871 729/627/333
f 729/627/333 808/605/302 884/1932/872
f 803/1934/873 805/1869/839 794/1935/874
f 794/1936/874 805/1869/839 792/1937/875
f 807/1868/838 792/1937/875 805/1869/839
f 824/1817/759 833/1870/823 805/1869/839
f 824/1817/759 805/1869/839 813/1938/745
f 803/1934/873 813/1938/745 805/1869/839
f 794/1939/874 821/1940/876 803/1941/873
f 821/1940/876 794/1939/874 831/1942/877
f 794/1939/874 792/1943/875 733/1944/460
f 831/1942/877 794/1939/874 835/1945/878
f 835/1945/878 794/1939/874 790/1946/879
f 790/1946/879 794/1939/874 733/1944/460
f 868/1947/880 821/1940/876 831/1942/877
f 868/1947/880 831/1942/877 898/1948/881
f 892/1949/321 898/1948/881 831/1942/877
f 898/1948/881 892/1949/321 916/1950/324
f 957/1951/848 916/1950/324 947/1952/323
f 957/1951/848 955/1953/755 999/1954/847
f 955/1953/755 957/1951/848 947/1952/323
f 950/1955/882 957/1951/848 986/1956/849
f 898/1948/881 957/1951/848 950/1955/882
f 829/1698/746 821/1957/876 891/1670/761
f 921/1671/762 891/1670/761 821/1957/876
f 921/1671/762 821/1957/876 901/1958/844
f 901/1958/844 821/1957/876 868/1959/880
f 955/1960/755 901/1958/844 967/1961/843
f 955/1960/755 921/1671/762 901/1958/844
f 914/1962/883 855/1963/871 884/1964/872
f 914/1962/883 884/1964/872 835/1945/878
f 835/1945/878 915/1965/884 914/1962/883
f 866/1966/885 915/1967/884 835/1945/878
f 835/1945/878 790/1946/879 866/1968/885
f 808/605/302 892/604/321 884/1932/872
f 957/1951/848 898/1948/881 916/1950/324
f 695/1969/448 686/1970/450 689/1971/449
f 689/1971/449 686/1970/450 705/1972/868
f 740/1973/886 710/1974/462 745/1975/461
f 792/1976/875 867/1977/887 782/1978/888
f 745/1975/461 792/1976/875 782/1978/888
f 740/1973/886 745/1975/461 782/1978/888
f 752/1979/889 740/1973/886 799/1980/890
f 740/1973/886 752/1979/889 742/1981/891
f 740/1973/886 742/1982/891 710/1974/462
f 696/1983/892 657/1984/893 718/1985/894
f 718/1985/894 657/1984/893 654/1986/895
f 696/1983/892 718/1985/894 668/1987/454
f 696/1983/892 668/1987/454 665/1988/453
f 683/1989/896 730/1990/897 769/1991/898
f 730/1990/897 696/1983/892 665/1988/453
f 730/1990/897 665/1988/453 762/1992/899
f 722/1760/789 652/1758/264 659/1993/458
f 763/1762/791 722/1760/789 751/1994/900
f 662/1995/901 684/1996/902 679/1997/903
f 684/1996/902 662/1995/901 657/1998/893
f 662/1995/901 654/1999/895 657/1998/893
f 679/1997/903 654/1999/895 662/1995/901
f 701/2000/904 684/1996/902 657/1998/893
f 732/2001/905 701/2000/904 683/2002/896
f 683/2002/896 701/2000/904 657/1998/893
f 657/1998/893 696/2003/892 683/2002/896
f 683/2002/896 696/2003/892 730/2004/897
f 732/2005/905 683/2002/896 769/2006/898
f 732/2005/905 769/2006/898 793/2007/906
f 793/2007/906 769/2006/898 701/2008/904
f 689/2009/449 705/2010/868 744/2011/869
f 689/2009/449 744/2011/869 665/2012/453
f 665/2012/453 744/2011/869 762/2013/899
f 796/2014/907 762/2013/899 754/2015/908
f 797/2016/909 754/2015/908 762/2013/899
f 744/2011/869 797/2016/909 762/2013/899
f 744/2011/869 809/2017/870 797/2016/909
f 753/2018/463 668/2019/454 718/2020/894
f 733/2021/460 753/2018/463 790/2022/879
f 718/1985/894 654/1986/895 679/2023/903
f 754/2024/908 679/2025/903 684/2026/902
f 701/2027/904 732/2028/905 793/2029/906
f 659/1993/458 710/2030/462 722/1760/789
f 722/1760/789 710/2030/462 742/2031/891
f 753/2018/463 679/2032/903 754/2015/908
f 679/2032/903 753/2018/463 718/2020/894
f 754/2015/908 797/2016/909 790/2022/879
f 754/2015/908 790/2022/879 753/2018/463
f 730/2033/897 762/2034/899 796/2035/907
f 796/2035/907 769/2036/898 730/2033/897
f 796/2035/907 754/2024/908 701/2037/904
f 701/2037/904 754/2024/908 684/2026/902
f 701/2037/904 769/2036/898 796/2035/907
f 792/1937/875 807/1868/838 823/2038/910
f 862/1866/820 856/1865/837 807/1868/838
f 722/1760/789 804/1763/792 780/1761/790
f 785/2039/911 798/2040/912 819/2041/913
f 777/2042/914 756/2043/915 770/2044/916
f 797/2045/909 809/2046/870 855/2047/871
f 797/2045/909 855/2047/871 852/2048/917
f 797/2045/909 852/2048/917 846/2049/918
f 790/2050/879 797/2045/909 846/2049/918
f 866/2051/885 790/2050/879 846/2049/918
f 841/2052/919 852/2048/917 885/2053/920
f 885/2053/920 852/2048/917 855/2047/871
f 867/2054/887 792/2055/875 804/2056/792
f 867/2057/887 804/2056/792 816/2058/793
f 841/2052/919 846/2049/918 852/2048/917
f 874/2059/921 842/2060/922 887/2061/923
f 885/2053/920 842/2060/922 841/2052/919
f 887/2061/923 842/2060/922 885/2053/920
f 963/2062/924 887/2061/923 933/2063/925
f 887/2061/923 885/2053/920 933/2063/925
f 913/2064/926 943/2065/927 885/2053/920
f 990/2066/928 933/2063/925 943/2065/927
f 933/2063/925 885/2053/920 943/2065/927
f 846/2067/918 841/2068/919 847/2069/929
f 841/2068/919 842/2070/922 847/2069/929
f 847/2069/929 842/2070/922 874/2071/921
f 847/2069/929 874/2071/921 873/2072/930
f 846/2073/918 847/2069/929 872/2074/931
f 866/2075/885 846/2073/918 872/2074/931
f 872/2074/931 847/2069/929 886/2076/932
f 894/2077/933 873/2072/930 896/2078/934
f 886/2076/932 847/2069/929 873/2072/930
f 896/2078/934 873/2072/930 874/2071/921
f 874/2071/921 904/2079/935 896/2078/934
f 874/2071/921 887/2080/923 904/2079/935
f 804/2056/792 792/2055/875 823/2081/910
f 780/2082/790 804/2056/792 823/2081/910
f 856/2083/837 823/2081/910 807/2084/838
f 888/1854/828 919/1856/833 856/2083/837
f 888/1854/828 856/2083/837 908/2085/832
f 740/1973/886 782/1978/888 799/1980/890
f 867/1977/887 816/2086/793 918/2087/936
f 867/1977/887 918/2087/936 909/2088/937
f 909/2088/937 782/1978/888 867/1977/887
f 798/2089/912 777/2090/914 770/2091/916
f 820/2092/938 819/2093/913 798/2089/912
f 820/2092/938 799/2094/890 819/2095/913
f 915/2096/884 866/2097/885 951/2098/939
f 951/2098/939 988/2099/940 915/2096/884
f 925/2100/941 872/2101/931 886/2102/932
f 886/2102/932 873/2103/930 894/2104/933
f 894/2104/933 936/2105/942 886/2102/932
f 823/2081/910 856/2083/837 919/1856/833
f 919/1856/833 881/2106/794 823/2081/910
f 881/2106/794 780/2082/790 823/2081/910
f 965/1884/842 901/1886/844 949/1888/846
f 950/2107/882 949/1888/846 868/2108/880
f 949/1888/846 950/2107/882 973/2109/943
f 898/2110/881 950/2107/882 868/2108/880
f 868/2108/880 949/1888/846 901/1886/844
f 894/2104/933 896/2111/934 922/2112/944
f 922/2112/944 896/2111/934 924/2113/945
f 922/2112/944 936/2105/942 894/2104/933
f 922/2112/944 975/2114/946 936/2105/942
f 975/2114/946 922/2112/944 963/2115/924
f 922/2112/944 924/2113/945 963/2115/924
f 998/2116/947 975/2114/946 988/2099/940
f 951/2098/939 998/2116/947 988/2099/940
f 951/2098/939 925/2100/941 998/2116/947
f 975/2114/946 998/2116/947 936/2105/942
f 936/2105/942 998/2116/947 925/2100/941
f 904/2117/935 924/2118/945 896/2119/934
f 866/2097/885 872/2101/931 925/2100/941
f 925/2100/941 951/2098/939 866/2097/885
f 913/2064/926 855/2047/871 914/2120/883
f 855/2047/871 913/2064/926 885/2053/920
f 915/2096/884 988/2099/940 914/2121/883
f 988/2099/940 1003/2122/948 914/2121/883
f 904/2123/935 887/2124/923 963/2115/924
f 1000/2125/949 963/2115/924 933/2126/925
f 933/2126/925 990/2127/928 1000/2125/949
f 1000/2125/949 990/2127/928 943/2128/927
f 1003/2122/948 1000/2125/949 943/2128/927
f 988/2099/940 975/2114/946 1003/2122/948
f 1000/2125/949 975/2114/946 963/2115/924
f 975/2114/946 1000/2125/949 1003/2122/948
f 974/2129/950 973/2130/943 996/2131/951
f 966/2132/952 974/2133/950 1007/2134/953
f 1014/2135/954 1007/2134/953 1009/2136/955
f 1007/2134/953 974/2133/950 1009/2136/955
f 1009/2136/955 974/2129/950 996/2131/951
f 996/2131/951 973/2130/943 950/2137/882
f 996/2131/951 950/2137/882 1001/2138/956
f 950/2137/882 986/2139/849 1001/2138/956
f 973/2109/943 974/2140/950 966/2141/952
f 973/2109/943 966/2141/952 960/1887/845
f 949/1888/846 973/2109/943 960/1887/845
f 980/2142/957 960/1900/845 966/2143/952
f 980/2142/957 971/1898/853 960/1900/845
f 985/1905/856 980/2142/957 987/1907/858
f 987/1907/858 1007/2144/953 1004/1908/859
f 963/2115/924 924/2113/945 904/2123/935
f 1010/2145/958 993/1906/857 1006/1909/860
f 1010/2145/958 994/1904/855 993/1906/857
f 980/2142/957 985/1905/856 971/1898/853
f 985/1905/856 984/1899/854 971/1898/853
f 980/2142/957 1007/2144/953 987/1907/858
f 1007/2144/953 1014/2146/954 1019/2147/959
f 1006/1909/860 1007/2144/953 1019/2147/959
f 1018/2148/960 1006/1909/860 1019/2147/959
f 1007/2144/953 1006/1909/860 1004/1908/859
f 1003/2122/948 943/2128/927 913/2149/926
f 914/2121/883 1003/2122/948 913/2149/926
f 1014/2150/954 1001/2151/956 1019/2152/959
f 1019/2152/959 1001/2151/956 1018/2153/960
f 1017/1912/861 1011/1893/850 999/1890/847
f 1011/1893/850 1017/1912/861 1018/2153/960
f 1011/1893/850 1018/2153/960 1001/2151/956
f 986/1892/849 1011/1893/850 1001/2151/956
f 1001/2138/956 1014/2135/954 996/2131/951
f 648/2154/280 636/2155/282 706/1331/634
f 636/2155/282 669/1334/285 706/1331/634
f 669/1334/285 628/2156/283 599/1338/585
f 586/2157/560 666/2158/640 599/2159/585
f 586/2157/560 630/2160/641 666/2158/640
f 715/1784/611 697/2161/599 828/2162/602
f 905/2163/961 923/2164/962 877/1785/805
f 768/1783/804 877/1785/805 788/1779/802
f 768/1783/804 715/1784/611 877/1785/805
f 905/2163/961 877/1785/805 715/1784/611
f 738/2165/963 741/2166/964 731/2167/623
f 731/2167/623 741/2166/964 736/2168/622
f 727/2169/651 738/2165/963 731/2167/623
f 624/2170/650 743/2171/965 727/2172/651
f 743/2171/965 624/2170/650 682/2173/966
f 682/2173/966 771/2174/967 743/2171/965
f 786/2175/968 743/2171/965 771/2174/967
f 771/2174/967 682/2173/966 779/2176/969
f 681/2177/649 667/2178/643 779/2176/969
f 779/2176/969 735/2179/644 903/2180/970
f 708/1251/600 646/2181/620 806/1255/604
f 845/2182/971 806/1255/604 736/2183/622
f 682/2173/966 681/2177/649 779/2176/969
f 758/1787/806 648/1789/280 706/2184/634
f 758/1787/806 706/2184/634 713/1780/633
f 713/1780/633 788/1779/802 758/1787/806
f 788/1779/802 814/1786/648 758/1787/806
f 699/1782/637 671/2185/612 715/1784/611
f 758/2186/806 760/1355/647 690/1350/642
f 760/1355/647 758/2186/806 814/1356/648
f 741/2187/964 773/2188/972 789/2189/973
f 738/2190/963 773/2188/972 741/2187/964
f 773/2188/972 787/2191/974 789/2189/973
f 865/2192/975 845/2193/971 789/2189/973
f 773/2188/972 738/2190/963 787/2191/974
f 738/2190/963 778/2194/976 787/2191/974
f 787/2191/974 778/2194/976 786/2195/968
f 738/2190/963 727/2196/651 778/2194/976
f 727/2196/651 786/2195/968 778/2194/976
f 786/2195/968 727/2196/651 743/2197/965
f 895/2198/977 858/2199/645 814/1786/648
f 814/1786/648 877/1785/805 895/2198/977
f 895/2198/977 877/1785/805 923/2200/962
f 789/2189/973 736/2201/622 741/2187/964
f 845/2193/971 736/2201/622 789/2189/973
f 923/2202/962 952/2203/978 879/2204/979
f 923/2202/962 879/2204/979 929/2205/980
f 969/2206/981 944/2207/982 958/2208/983
f 944/2207/982 923/2209/962 929/2205/980
f 958/2208/983 944/2207/982 906/2210/984
f 959/2211/985 958/2208/983 906/2210/984
f 735/2179/644 779/2176/969 667/2178/643
f 736/2183/622 806/1255/604 646/2181/620
f 926/1256/605 806/1255/604 897/1258/607
f 865/2192/975 787/2191/974 786/2195/968
f 787/2191/974 865/2192/975 789/2189/973
f 865/2212/975 786/2213/968 771/2214/967
f 848/2215/986 920/2216/987 771/2174/967
f 771/2174/967 920/2216/987 865/2217/975
f 964/2218/988 903/2180/970 952/2219/978
f 771/2174/967 779/2176/969 848/2215/986
f 779/2176/969 964/2218/988 848/2215/986
f 920/2216/987 848/2215/986 964/2218/988
f 964/2218/988 981/2220/989 920/2216/987
f 903/2180/970 964/2218/988 779/2176/969
f 844/2221/646 858/2222/645 890/2223/990
f 858/2222/645 883/2224/991 890/2223/990
f 876/2225/992 879/2204/979 844/2221/646
f 879/2204/979 876/2225/992 906/2210/984
f 879/2204/979 906/2210/984 929/2205/980
f 876/2225/992 844/2221/646 890/2223/990
f 902/2226/993 876/2225/992 890/2223/990
f 876/2225/992 902/2227/993 942/2228/994
f 942/2228/994 959/2211/985 906/2210/984
f 944/2207/982 929/2205/980 906/2210/984
f 942/2228/994 906/2210/984 876/2225/992
f 844/2229/646 879/2230/979 735/2179/644
f 735/2179/644 879/2230/979 903/2180/970
f 907/2231/835 822/2232/796 883/2233/991
f 775/2234/795 883/2235/991 822/2232/796
f 881/2236/794 883/2235/991 775/2234/795
f 907/2237/835 883/2224/991 895/2238/977
f 895/2238/977 883/2224/991 858/2222/645
f 881/2239/794 890/2223/990 883/2224/991
f 881/2239/794 948/2240/995 890/2223/990
f 982/2241/996 940/2242/997 989/2243/998
f 923/2244/962 989/2243/998 940/2242/997
f 982/2241/996 989/2243/998 1008/2245/999
f 989/2243/998 1013/2246/1000 1008/2245/999
f 923/2244/962 944/2247/982 989/2243/998
f 923/2244/962 905/2248/961 952/2249/978
f 715/2250/611 828/1253/602 905/2251/961
f 981/2252/989 952/2253/978 905/2251/961
f 981/2252/989 964/2254/988 952/2253/978
f 865/2255/975 920/2256/987 845/2182/971
f 920/2256/987 897/1258/607 845/2182/971
f 845/2182/971 897/1258/607 806/1255/604
f 940/2257/997 982/2258/996 991/2259/1001
f 1015/2260/1002 1013/2261/1000 1012/2262/1003
f 1015/2260/1002 1016/2263/1004 997/2264/1005
f 991/2259/1001 1015/2260/1002 997/2264/1005
f 1008/2265/999 1015/2260/1002 991/2259/1001
f 991/2259/1001 982/2258/996 1008/2265/999
f 934/2266/1006 940/2257/997 991/2259/1001
f 940/2257/997 934/2266/1006 923/2267/962
f 895/2268/977 923/2267/962 934/2266/1006
f 934/2266/1006 907/2269/835 895/2268/977
f 934/2266/1006 991/2259/1001 907/2269/835
f 907/2269/835 991/2259/1001 910/2270/834
f 997/2264/1005 910/2270/834 991/2259/1001
f 946/2271/1007 969/2272/981 958/2273/983
f 958/2273/983 945/2274/1008 946/2271/1007
f 956/2275/1009 946/2271/1007 945/2274/1008
f 969/2272/981 989/2276/998 944/2277/982
f 989/2276/998 969/2272/981 946/2271/1007
f 989/2276/998 946/2271/1007 977/2278/1010
f 992/2279/1011 977/2278/1010 956/2275/1009
f 977/2278/1010 946/2271/1007 956/2275/1009
f 977/2278/1010 992/2279/1011 989/2276/998
f 968/1259/608 905/2251/961 828/1253/602
f 903/2180/970 879/2230/979 952/2219/978
f 905/2251/961 968/1259/608 981/2252/989
f 981/2252/989 968/1259/608 970/1257/606
f 897/1258/607 981/2252/989 970/1257/606
f 981/2252/989 897/1258/607 920/2256/987
f 919/2280/833 910/2270/834 997/2264/1005
f 1013/2246/1000 989/2243/998 992/2281/1011
f 1013/2246/1000 992/2281/1011 1012/2282/1003
f 1015/2283/1002 1008/2245/999 1013/2246/1000
f 783/2284/1012 755/2285/1013 756/2286/915
f 785/2287/911 783/2284/1012 777/2288/914
f 783/2284/1012 785/2289/911 819/2290/913
f 742/2291/891 751/2292/900 722/2293/789
f 742/2291/891 752/2294/889 751/2292/900
f 751/2292/900 752/2294/889 756/2286/915
f 752/2294/889 770/2295/916 756/2286/915
f 799/2296/890 820/2297/938 770/2295/916
f 799/2296/890 770/2295/916 752/2294/889
f 755/2298/1013 783/2299/1012 854/2300/1014
f 751/2301/900 755/2298/1013 763/2302/791
f 763/2302/791 755/2298/1013 816/2303/793
f 755/2298/1013 854/2300/1014 816/2304/793
f 854/2300/1014 783/2299/1012 819/2305/913
f 756/2286/915 777/2288/914 783/2284/1012
f 770/2091/916 820/2092/938 798/2089/912
f 819/2305/913 918/2306/936 854/2300/1014
f 819/2305/913 799/2307/890 909/2308/937
f 909/2308/937 918/2306/936 819/2305/913
f 799/1980/890 782/1978/888 909/2088/937
f 854/2300/1014 918/2306/936 816/2309/793
f 942/2310/994 902/2311/993 917/2312/1015
f 1002/2313/1016 983/2314/1017 917/2312/1015
f 917/2312/1015 983/2314/1017 942/2310/994
f 959/2315/985 942/2310/994 983/2314/1017
f 959/2315/985 983/2314/1017 972/2316/1018
f 959/2315/985 972/2316/1018 945/2317/1008
f 992/2318/1011 956/2319/1009 972/2320/1018
f 972/2316/1018 956/2319/1009 945/2317/1008
f 958/2321/983 959/2315/985 945/2317/1008
f 917/2312/1015 890/2322/990 948/2323/995
f 890/2322/990 917/2312/1015 902/2311/993
f 917/2312/1015 948/2323/995 1002/2313/1016
f 1016/2324/1004 983/2314/1017 1002/2313/1016
f 948/2323/995 881/2325/794 919/2326/833
f 1012/2327/1003 1016/2324/1004 1015/2328/1002
f 1012/2327/1003 992/2329/1011 972/2316/1018
f 997/2330/1005 948/2323/995 919/2326/833
f 997/2330/1005 1016/2324/1004 1002/2313/1016
f 1016/2324/1004 1012/2327/1003 983/2314/1017
f 1012/2327/1003 972/2316/1018 983/2314/1017
f 948/2323/995 997/2330/1005 1002/2313/1016
f 79/37/29 45/30/24 41/1/1
f 45/30/24 79/37/29 75/36/28
f 220/41/31 253/204/132 256/43/33
f 30/9/8 46/10/9 37/38/30
f 57/2331/82 37/38/30 46/10/9
f 68/100/70 69/2332/102 137/101/71
f 137/101/71 69/2332/102 99/2333/76
f 78/128/85 102/132/89 117/129/86
f 164/157/107 112/127/84 229/136/93
f 255/2334/135 164/157/107 229/136/93
f 262/62/46 363/63/41 305/58/40
f 259/2335/48 137/2336/71 229/2337/93
f 270/2338/47 254/225/78 259/2339/48
f 326/316/184 257/322/113 141/2340/112
f 314/287/174 313/286/173 352/289/44
f 282/245/143 303/2341/145 334/246/149
f 303/235/145 285/234/144 334/2342/149
f 462/387/206 403/2343/190 385/351/192
f 602/486/253 525/2344/215 514/487/217
f 670/1703/776 647/2345/251 676/2346/780
f 640/1630/252 647/2345/251 670/1703/776
f 584/461/240 688/464/243 598/2347/270
f 641/2348/271 649/2349/636 685/2350/635
f 9/630/306 17/634/335 106/639/305
f 180/573/304 105/572/7 116/2351/19
f 17/634/335 47/695/347 72/636/336
f 13/652/337 42/651/341 71/654/342
f 159/2352/359 124/2353/83 46/2354/9
f 159/2352/359 46/2354/9 58/683/10
f 48/2355/346 120/2356/312 47/2357/347
f 183/2358/180 276/767/387 192/766/181
f 388/769/389 392/2359/435 489/2360/451
f 356/2361/405 280/874/404 466/905/441
f 95/2362/121 84/269/162 123/323/186
f 136/1038/495 130/1037/164 86/1039/163
f 333/1076/506 264/1067/501 312/2363/512
f 297/1045/222 377/2364/529 355/2365/199
f 377/2364/529 297/1045/222 338/2366/502
f 312/1088/512 264/1086/501 308/1080/509
f 554/2367/568 575/2368/565 561/2369/567
f 539/1287/581 474/1286/528 524/2370/578
f 519/1215/582 534/1216/583 568/1282/613
f 547/2371/614 534/2372/583 494/2373/538
f 547/2371/614 494/2374/538 579/2375/617
f 579/2375/617 494/2374/538 572/2376/586
f 566/2377/615 568/2378/613 572/2376/586
f 579/2375/617 572/2376/586 568/2378/613
f 588/1271/575 474/2379/528 542/2380/577
f 594/1280/616 568/1277/613 557/1218/584
f 504/2381/244 575/2382/565 653/1329/245
f 673/1327/574 653/1329/245 575/2382/565
f 182/2383/524 131/2384/653 171/1386/657
f 205/1385/525 182/2383/524 171/1386/657
f 239/1434/545 251/1433/656 242/2385/522
f 582/1145/542 460/1144/519 432/1146/543
f 28/1027/493 18/717/365 35/1455/690
f 162/1474/694 113/2386/691 219/1475/491
f 219/1475/491 113/2386/691 203/2387/499
f 318/2388/481 273/1467/497 290/1466/693
f 319/1481/696 283/1482/697 331/1479/695
f 651/469/61 749/2389/733 707/2390/59
f 772/1624/735 709/72/51 767/1621/732
f 813/2391/745 803/2392/873 829/1698/746
f 829/1698/746 803/2392/873 821/1957/876
f 676/1709/780 702/1712/274 750/1706/778
f 781/1797/807 764/2393/799 818/1804/810
f 802/1796/787 827/1834/781 675/2394/230
f 839/1807/813 832/1806/812 764/2393/799
f 764/2393/799 832/1806/812 818/1804/810
f 764/2395/799 857/1852/798 839/1835/813
f 1005/1911/851 994/1904/855 1010/2145/958
f 1005/1911/851 1010/2145/958 1017/2396/861
f 1018/2148/960 1010/2145/958 1006/1909/860
f 1017/2396/861 1010/2145/958 1018/2148/960
f 892/1949/321 831/1942/877 884/1964/872
f 884/1964/872 831/1942/877 835/1945/878
f 672/958/459 591/961/428 668/965/454
f 792/2397/875 745/2398/461 733/2399/460
f 791/2400/1019 785/2039/911 777/2042/914
f 798/2089/912 785/2401/911 791/2402/1019
f 777/2090/914 798/2089/912 791/2402/1019
f 886/2102/932 936/2105/942 925/2100/941
f 1007/2144/953 980/2142/957 966/2403/952
f 1014/2135/954 1009/2136/955 996/2131/951
f 715/1784/611 671/2185/612 531/2404/597
f 682/2173/966 624/2170/650 681/2177/649
f 756/2286/915 755/2405/1013 751/2292/900
