# Blender 5.1.2
# www.blender.org
o Cube.001_Cube.002
v 1.461220 1.666255 -0.396352
v 0.905576 2.305309 -0.390283
v 0.241722 1.915766 -0.508433
v 3.099844 1.707681 -0.404888
v 2.656810 2.418979 -0.386234
v 4.068624 1.686933 -0.477044
v 4.377800 1.606378 -0.448873
v 4.518905 1.527675 -0.487471
v 4.666854 2.376942 -0.476250
v 4.846640 2.060883 -0.514724
v 4.749226 1.650357 -0.474065
v 4.891758 1.783201 -0.518959
v 2.464335 2.270075 -0.334822
v 2.874229 1.837189 -0.349846
v 1.040817 1.887561 -0.347620
v 3.904814 1.820110 -0.447424
v 0.184960 1.931686 -0.530884
v 0.211829 1.996960 -0.529036
v 4.601156 1.931934 -0.434194
v 0.295480 1.939491 -0.495027
v 0.243508 1.906833 -0.500233
v 0.278781 1.896113 -0.499703
v 4.808520 1.990119 -0.482387
v 0.207251 2.003267 -0.543638
v 1.458510 1.632040 -0.604533
v 2.740196 2.468979 -0.592991
v 1.423343 1.633287 -0.470866
v 1.233700 2.450697 -0.511405
v 0.968768 1.656965 -0.568966
v 3.898467 2.262480 -0.522275
v 4.072963 2.252108 -0.552794
v 4.310929 2.307511 -0.584955
v 4.588728 2.436150 -0.487474
v 4.698993 2.413690 -0.550478
v 4.771173 1.575553 -0.547382
v 4.859973 2.059625 -0.537571
v 4.896190 1.750089 -0.541477
v 0.286122 1.784905 -0.534379
v 0.275449 2.054234 -0.538675
v 0.407059 1.957383 -0.444811
v 0.768629 1.683671 -0.411376
v 0.722322 2.317687 -0.537901
v 0.180799 1.898845 -0.543406
v 0.376054 1.908567 -0.445459
v 0.436406 1.882783 -0.432378
v 0.299796 1.933815 -0.482855
v 0.240934 1.963206 -0.502502
v 0.224652 1.817557 -0.544966
v 0.379169 1.809966 -0.458476
v 0.268586 1.891478 -0.486550
v 0.409160 1.777761 -0.440526
v 0.853322 1.875177 -0.332937
v 1.122970 2.113708 -0.335697
v 0.782567 2.217514 -0.368214
v 0.897867 2.234172 -0.356451
v 0.474716 1.944920 -0.405025
v 0.673651 1.993275 -0.369949
v 0.747370 2.043058 -0.352780
v 0.577679 1.959806 -0.382474
v 0.677040 1.830276 -0.375292
v 0.771861 2.104176 -0.347914
v 0.756632 2.293248 -0.398115
v 0.406647 1.963018 -0.416969
v 0.538712 2.021255 -0.480817
v 0.668974 2.251343 -0.407741
v 0.768467 2.254637 -0.366597
v 0.859500 1.748191 -0.366503
v 0.922157 1.873938 -0.337841
v 0.759413 2.195299 -0.370035
v 0.306878 2.044921 -0.468194
v 0.710863 2.166455 -0.353936
v 0.678505 2.023104 -0.343766
v 0.448132 2.006015 -0.390143
v 0.429293 2.186021 -0.502376
v 0.570760 1.967635 -0.538691
v 0.616320 2.136422 -0.538691
v 0.606892 2.239248 -0.388499
v 0.556052 1.990278 -0.381059
v 0.473789 2.224178 -0.502258
v 0.557053 2.246608 -0.456277
v 0.439754 2.167559 -0.483305
v 0.403988 2.127770 -0.428493
v 0.478698 2.185369 -0.499024
v 0.565282 2.198374 -0.471880
v 0.687227 2.135042 -0.365331
v 0.683819 2.079011 -0.374572
v 0.654929 2.032287 -0.377175
v 0.606467 2.215174 -0.399028
v 0.477831 2.027400 -0.425591
v 0.550281 2.122893 -0.538691
v 0.574601 2.131573 -0.538691
v 0.662890 2.090759 -0.454111
v 0.648982 2.032913 -0.453926
v 0.530206 2.107227 -0.538691
v 0.701963 2.202545 -0.538691
v 0.455250 2.045797 -0.538691
v 0.563278 1.866544 -0.538691
v 0.797192 1.971169 -0.467612
v 0.625476 1.848780 -0.538691
v 0.655814 1.846697 -0.538691
v 0.491409 1.911568 -0.538691
v 0.520957 1.882568 -0.538691
v 0.670273 2.208346 -0.538691
v 0.756720 2.178157 -0.538691
v 0.807760 2.070245 -0.473274
v 0.768644 1.938687 -0.466665
v 0.462390 2.097797 -0.538691
v 0.471065 1.960463 -0.538691
v 0.460373 2.006339 -0.538691
v 0.499264 1.970299 -0.429542
v 0.745167 2.076615 -0.392189
v 0.450469 2.103479 -0.526835
v 0.576348 2.218396 -0.394561
v 0.439840 2.126466 -0.459788
v 0.464047 2.181517 -0.545228
v 0.475352 2.049489 -0.376064
v 0.665623 2.123832 -0.358299
v 1.495271 2.413633 -0.524246
v 1.387462 2.463972 -0.538012
v 1.976681 2.544884 -0.520593
v 4.394221 2.245064 -0.539793
v 2.142698 2.627537 -0.537315
v 3.407811 2.625798 -0.537195
v 3.632548 2.169939 -0.538698
v 3.705266 2.486872 -0.520914
v 2.542185 1.715683 -0.538691
v 2.507841 1.676367 -0.538704
v 2.921405 1.538417 -0.535238
v 3.263797 1.486823 -0.538688
v 4.073140 1.519015 -0.537476
v 3.436874 1.792126 -0.538722
v 1.341286 1.639356 -0.425449
v 1.732457 1.538966 -0.399216
v 1.680826 1.640064 -0.425252
v 1.243017 2.076415 -0.325352
v 1.458490 2.256148 -0.261913
v 1.595535 2.137221 -0.229286
v 1.542103 1.758439 -0.283876
v 1.348787 1.736178 -0.337180
v 1.195265 1.866107 -0.367814
v 2.448560 2.420649 -0.695919
v 1.446514 1.665351 -0.680099
v 1.479714 2.403261 -0.709793
v 0.907106 2.306752 -0.683061
v 0.425714 1.891079 -0.647655
v 3.106298 1.724184 -0.681921
v 3.110400 2.388366 -0.658669
v 3.905137 2.248109 -0.594929
v 3.902894 2.200397 -0.620493
v 4.425352 1.543128 -0.607401
v 4.154237 2.234848 -0.606596
v 4.745287 1.594457 -0.588539
v 4.842310 1.973796 -0.581680
v 2.457052 2.107878 -0.754945
v 2.928358 1.846694 -0.728533
v 1.042583 1.891200 -0.729806
v 0.236000 1.966380 -0.572961
v 3.924827 2.060837 -0.634989
v 3.907078 1.837945 -0.631711
v 0.178086 1.929205 -0.542802
v 0.265805 1.950753 -0.573146
v 4.406950 1.638162 -0.632244
v 0.241721 1.915789 -0.568999
v 0.243493 1.906899 -0.577156
v 0.299596 1.935462 -0.583667
v 0.278758 1.896094 -0.577679
v 4.839813 1.775704 -0.585864
v 0.435664 1.875894 -0.637682
v 0.311655 2.029980 -0.588755
v 0.425003 1.933348 -0.636975
v 0.237161 1.906862 -0.589815
v 0.381492 1.809691 -0.618034
v 0.302617 1.933065 -0.597691
v 0.268668 1.891474 -0.590920
v 0.325526 1.794186 -0.589971
v 0.718548 1.853829 -0.722114
v 0.378722 1.806395 -0.630006
v 1.126176 2.098705 -0.743676
v 0.710454 2.013932 -0.718783
v 0.683027 1.829092 -0.703275
v 0.795557 2.221053 -0.709096
v 0.955694 1.907707 -0.747703
v 1.015643 2.158926 -0.746637
v 1.004072 2.005389 -0.751644
v 0.576900 1.959619 -0.694866
v 0.667190 1.711211 -0.680716
v 0.417145 1.771991 -0.633674
v 0.775170 2.308599 -0.665167
v 0.419444 1.951109 -0.663227
v 0.920004 1.873853 -0.739291
v 0.474335 1.944898 -0.673161
v 0.758526 2.194543 -0.709904
v 0.392622 2.090772 -0.638820
v 0.301071 2.049341 -0.603634
v 0.448331 2.004255 -0.686994
v 0.714029 2.091875 -0.740759
v 0.672969 2.013919 -0.729963
v 0.426926 2.188215 -0.580001
v 0.475138 2.223959 -0.576985
v 0.444658 2.069020 -0.655081
v 0.566892 2.216392 -0.622562
v 0.687518 2.101787 -0.697617
v 0.459052 2.153270 -0.587706
v 0.608596 2.207742 -0.674593
v 0.658623 2.031423 -0.714555
v 0.477031 2.018143 -0.667985
v 0.807882 2.070832 -0.603282
v 0.798272 1.985944 -0.616558
v 0.772192 1.935667 -0.605542
v 0.466807 2.011445 -0.671571
v 0.726092 2.071787 -0.696658
v 0.633668 2.212959 -0.561816
v 0.761865 2.113910 -0.652776
v 0.583232 2.218995 -0.679904
v 0.566255 1.976928 -0.688836
v 0.637637 2.032551 -0.716711
v 0.544303 2.217872 -0.639270
v 1.523312 2.394846 -0.557932
v 4.362495 2.187082 -0.540618
v 2.040668 2.557590 -0.556310
v 3.516813 2.525667 -0.556177
v 2.670540 1.764208 -0.549109
v 3.739924 1.808683 -0.548930
v 1.524771 1.505413 -0.687778
v 1.731125 1.540365 -0.676822
v 1.666373 1.652200 -0.648542
v 1.369884 2.230733 -0.792871
v 1.576996 2.167723 -0.838464
v 1.635436 1.986450 -0.837563
v 1.592225 1.790879 -0.804001
v 1.324185 1.741571 -0.730674
v 1.475997 2.251406 -0.826507
v 1.554492 2.169351 -0.847967
v 1.226314 1.802310 -0.723150
v 1.192101 1.875602 -0.712879
v 1.471549 2.368125 -0.354579
v 2.546547 2.469984 -0.444431
v 0.743462 1.667107 -0.477028
v 0.939566 1.717021 -0.399174
v 3.159592 2.406789 -0.456030
v 3.523896 1.766682 -0.411576
v 3.639462 2.317985 -0.467136
v 4.099337 2.247831 -0.489090
v 4.311351 2.305330 -0.485074
v 3.023899 2.011345 -0.340855
v 1.452731 1.765360 -0.343615
v 3.060698 2.293571 -0.366666
v 3.926776 2.208645 -0.461021
v 3.952283 2.088978 -0.444782
v 4.620733 2.344210 -0.454952
v 3.498688 2.018837 -0.384545
v 1.537125 2.106484 -0.312419
v 1.481278 2.446214 -0.399293
v 1.595925 2.488212 -0.542374
v 3.260550 1.674069 -0.486364
v 3.886452 1.733749 -0.485607
v 4.373816 1.535612 -0.491715
v 4.758858 1.579257 -0.507382
v 4.559448 2.425995 -0.591590
v 4.630969 2.442602 -0.572654
v 3.619496 2.335497 -0.570036
v 0.286804 2.043553 -0.507415
v 0.237440 1.908206 -0.488198
v 0.374729 1.978254 -0.445669
v 0.197550 1.874449 -0.516586
v 0.816166 2.318796 -0.430771
v 1.036548 2.235381 -0.356377
v 0.315774 1.792384 -0.495642
v 1.017775 1.887195 -0.331268
v 0.379672 1.806986 -0.447594
v 0.439758 1.897987 -0.416888
v 0.725912 1.700375 -0.390793
v 1.016277 2.156231 -0.330684
v 1.105988 2.095435 -0.317945
v 0.535315 1.894669 -0.390170
v 1.039539 2.215628 -0.334939
v 0.391763 2.098917 -0.442320
v 0.555534 1.971736 -0.367691
v 0.526339 2.111963 -0.533155
v 0.603553 2.135760 -0.490794
v 0.556013 2.125636 -0.538691
v 0.562043 2.127888 -0.538691
v 0.568272 2.129812 -0.538691
v 0.534976 2.111553 -0.538691
v 0.539845 2.115715 -0.538691
v 0.544914 2.119550 -0.538691
v 0.592616 2.008634 -0.465246
v 0.571279 2.133066 -0.534147
v 0.577785 2.009137 -0.538691
v 0.587678 2.054651 -0.538691
v 0.600502 2.098854 -0.538691
v 0.678642 2.193488 -0.538691
v 0.656085 2.181442 -0.538691
v 0.635057 2.163416 -0.538691
v 0.563395 1.885981 -0.538691
v 0.564213 1.907753 -0.538691
v 0.566435 1.934193 -0.538691
v 0.635674 1.846973 -0.538691
v 0.643632 1.846269 -0.538691
v 0.650096 1.846299 -0.538691
v 0.554962 2.180497 -0.538691
v 0.552010 1.870072 -0.538691
v 0.541017 1.873791 -0.538691
v 0.530574 1.877893 -0.538691
v 0.512365 1.888020 -0.538691
v 0.504695 1.894497 -0.538691
v 0.497769 1.902259 -0.538691
v 0.623041 2.200160 -0.538691
v 0.640641 2.203880 -0.538691
v 0.656651 2.206751 -0.538691
v 0.680980 2.208384 -0.538691
v 0.689300 2.207145 -0.538691
v 0.696029 2.205058 -0.538691
v 0.715652 2.196448 -0.538691
v 0.729341 2.190351 -0.538691
v 0.743030 2.184254 -0.538691
v 0.612540 1.851935 -0.538691
v 0.597364 1.856192 -0.538691
v 0.580694 1.861184 -0.538691
v 0.456037 2.057590 -0.538691
v 0.457680 2.070417 -0.538691
v 0.459893 2.083935 -0.538691
v 0.498043 2.141788 -0.538691
v 0.485484 1.922543 -0.538691
v 0.480050 1.934740 -0.538691
v 0.475210 1.947575 -0.538691
v 0.467670 1.972906 -0.538691
v 0.464883 1.984746 -0.538691
v 0.462514 1.995914 -0.538691
v 0.458347 2.016053 -0.538691
v 0.456634 2.025502 -0.538691
v 0.455510 2.035234 -0.538691
v 0.683131 2.007016 -0.382529
v 0.751557 2.140427 -0.444496
v 0.456449 2.095647 -0.538691
v 0.461314 2.015593 -0.424363
v 0.582558 1.945395 -0.419463
v 0.608173 2.203455 -0.538691
v 0.451082 2.110547 -0.392819
v 0.479079 2.174572 -0.438103
v 0.623933 2.218796 -0.429934
v 0.649349 2.177181 -0.375778
v 1.761986 2.375362 -0.540715
v 1.560315 2.528644 -0.537664
v 4.078773 2.472010 -0.538514
v 4.205273 2.152052 -0.537797
v 1.914477 2.641146 -0.539286
v 3.890258 2.122699 -0.520538
v 2.665364 1.763590 -0.528132
v 3.731170 1.809086 -0.528545
v 4.140105 1.715644 -0.538698
v 3.974081 1.771739 -0.538868
v 1.765063 1.470920 -0.379741
v 1.620584 1.829615 -0.257870
v 1.390135 2.240371 -0.266840
v 1.227818 1.799459 -0.359972
v 2.486595 2.466757 -0.643384
v 0.906296 1.686125 -0.649539
v 0.760564 1.673813 -0.650645
v 3.868984 1.767789 -0.618815
v 4.059243 1.688631 -0.593079
v 4.827322 2.101028 -0.564940
v 1.441458 1.764341 -0.733047
v 0.913594 1.760944 -0.695107
v 2.828373 2.329753 -0.720681
v 4.630403 2.342006 -0.622249
v 4.594033 1.874666 -0.643972
v 4.900957 1.885236 -0.538650
v 3.108942 2.087970 -0.732026
v 3.559973 1.803147 -0.670160
v 1.469668 2.283543 -0.743183
v 1.386984 2.462720 -0.642398
v 3.219153 1.679559 -0.622569
v 0.381535 1.972009 -0.634128
v 3.891191 1.729102 -0.580857
v 4.385999 1.529975 -0.583071
v 4.537547 1.518533 -0.565689
v 0.199480 1.928525 -0.562690
v 1.050041 2.222298 -0.723937
v 0.870355 1.757330 -0.716372
v 1.020938 1.892516 -0.747694
v 0.783178 1.703312 -0.687065
v 0.534189 1.895176 -0.684502
v 1.080000 2.163985 -0.756139
v 0.772400 2.086849 -0.731813
v 0.443273 1.895029 -0.668298
v 0.768645 2.251565 -0.712287
v 0.478865 2.215403 -0.569274
v 0.556605 1.972884 -0.710603
v 0.672281 2.236076 -0.682885
v 0.567323 2.247307 -0.627707
v 0.404259 2.125980 -0.649269
v 0.660316 2.099479 -0.620616
v 0.523135 2.114601 -0.545070
v 0.494535 2.177080 -0.572932
v 0.556542 1.991239 -0.693620
v 0.604596 2.132420 -0.588907
v 0.579718 2.139739 -0.552364
v 0.520345 2.091547 -0.573182
v 0.588755 2.007187 -0.614709
v 0.653450 2.035883 -0.625473
v 0.751822 2.161841 -0.564842
v 0.447356 2.124410 -0.677363
v 0.477080 2.044942 -0.700855
v 0.648823 2.191339 -0.690060
v 2.483201 2.643713 -0.538079
v 3.410001 1.567739 -0.552019
v 1.756366 1.463107 -0.699631
v 1.346702 1.629539 -0.654692
v 1.583767 1.793595 -0.816795
v 1.239745 2.066571 -0.755625
v 1.383417 2.461141 -0.440908
v 0.225937 2.033001 -0.541153
v 0.998897 1.976577 -0.327030
v 0.712897 2.088980 -0.337470
v 0.516064 2.085599 -0.500618
v 0.604646 2.196014 -0.538691
v 0.754328 2.137231 -0.516035
v 0.687872 1.887712 -0.519802
v 0.614386 2.211593 -0.520356
v 0.567291 2.044683 -0.357363
v 1.809615 2.331480 -0.521868
v 1.608745 1.474026 -0.382583
v 1.638013 1.977664 -0.243606
v 1.371658 1.846065 -0.299008
v 1.493831 2.047477 -0.762069
v 0.809558 2.321229 -0.625234
v 0.918406 2.295386 -0.704479
v 0.890666 2.235422 -0.720613
v 0.703218 2.154932 -0.726445
v 0.607561 2.239740 -0.689832
v 0.533189 2.024078 -0.595425
v 0.744577 2.121695 -0.560776
v 0.683369 1.881417 -0.555326
v 0.440727 2.102659 -0.591527
v 0.633102 2.147468 -0.720324
v 3.812858 2.119284 -0.557860
vn 0.0673 -0.9706 0.2310
vn -0.0099 -0.7328 0.6803
vn -0.0219 -0.9767 0.2137
vn 0.2092 0.9456 -0.2491
vn 0.2013 0.7921 0.5763
vn 0.1756 0.9591 0.2221
vn 0.2957 -0.2273 0.9279
vn 0.3891 0.0576 0.9194
vn 0.1031 -0.0069 0.9947
vn -0.2807 0.7710 0.5716
vn 0.1184 0.1996 0.9727
vn -0.0591 0.8238 0.5638
vn -0.1096 0.7666 0.6326
vn 0.0573 0.0885 0.9944
vn 0.0236 -0.4015 0.9155
vn 0.0256 -0.5990 0.8003
vn 0.2207 -0.3027 0.9272
vn -0.0202 -0.2883 0.9573
vn 0.0465 -0.6602 0.7497
vn 0.0311 -0.2115 0.9769
vn -0.6947 0.3132 0.6475
vn 0.1179 0.6034 0.7887
vn -0.5618 -0.3025 0.7700
vn -0.2143 0.9739 0.0745
vn -0.2017 0.9102 0.3618
vn -0.1302 0.9151 0.3816
vn -0.7666 -0.5057 -0.3958
vn -0.3743 0.2379 0.8963
vn -0.6627 -0.2177 0.7166
vn -0.4243 -0.9028 0.0693
vn -0.1731 -0.8112 0.5586
vn -0.7012 -0.6955 -0.1570
vn -0.3021 -0.0507 0.9519
vn -0.8647 0.3042 0.3997
vn -0.5835 0.8107 -0.0478
vn -0.6899 0.7201 -0.0741
vn -0.7531 -0.2548 0.6065
vn -0.0316 0.4307 0.9019
vn -0.7308 -0.0405 0.6814
vn -0.9979 0.0579 -0.0304
vn -0.9694 -0.2146 -0.1193
vn -0.5948 0.4548 0.6629
vn 0.2142 0.1161 0.9699
vn 0.4672 -0.0499 0.8828
vn -0.7871 0.0583 0.6140
vn -0.6843 0.1373 0.7161
vn 0.0381 -0.8842 0.4655
vn -0.1766 -0.6421 0.7460
vn 0.3001 0.4676 0.8314
vn -0.0061 0.0872 0.9962
vn -0.0402 -0.3862 0.9216
vn -0.0978 0.0882 0.9913
vn -0.0240 -0.1030 0.9944
vn -0.0905 0.3072 0.9473
vn 0.2333 -0.2045 0.9507
vn -0.0183 0.0360 0.9992
vn -0.0472 -0.0219 0.9986
vn -0.1074 0.3800 0.9187
vn -0.1606 0.1903 0.9685
vn -0.5950 -0.1429 0.7909
vn -0.3546 -0.5892 0.7260
vn -0.1999 -0.0597 0.9780
vn 0.2728 -0.3595 0.8924
vn -0.0137 -0.1908 0.9815
vn 0.4228 -0.7770 -0.4664
vn -0.1739 -0.1642 0.9710
vn -0.0688 -0.3984 0.9146
vn -0.1160 -0.2163 0.9694
vn -0.1997 -0.1524 0.9679
vn -0.4542 0.8178 0.3535
vn -0.3817 0.8494 0.3645
vn -0.1497 0.1914 0.9700
vn -0.7055 0.3426 0.6204
vn 0.3341 -0.7947 0.5068
vn -0.5326 -0.4897 0.6903
vn -0.6635 0.5357 0.5223
vn 0.4371 0.6654 0.6052
vn -0.3787 0.5651 0.7330
vn -0.1279 0.8147 0.5656
vn -0.4680 0.4530 0.7588
vn -0.6790 -0.3681 0.6351
vn 0.3114 0.5713 0.7594
vn -0.6190 0.7176 0.3194
vn -0.6275 0.5683 0.5323
vn -0.2479 0.7429 0.6219
vn 0.0275 -0.0734 0.9969
vn 0.6378 0.0004 0.7702
vn -0.4950 0.8647 -0.0855
vn 0.2832 0.5315 0.7983
vn -0.5459 0.8364 -0.0503
vn -0.6596 -0.1757 0.7308
vn -0.6474 0.7575 -0.0839
vn -0.5924 0.8004 -0.0921
vn 0.1821 0.6427 0.7441
vn 0.3160 -0.0556 -0.9471
vn -0.0000 -0.0000 -1.0000
vn 0.3030 -0.0761 -0.9500
vn 0.2781 -0.0916 -0.9562
vn -0.7984 -0.4046 -0.4459
vn -0.7553 -0.4770 -0.4495
vn -0.8254 -0.3484 -0.4443
vn -0.8437 -0.3025 -0.4435
vn -0.8760 -0.1811 -0.4471
vn -0.8755 -0.1843 -0.4466
vn -0.8731 -0.1997 -0.4448
vn -0.8974 -0.0168 -0.4409
vn -0.8948 -0.0861 -0.4381
vn -0.8861 -0.1450 -0.4402
vn 0.2436 -0.1041 -0.9643
vn 0.2043 -0.1093 -0.9728
vn -0.8915 0.0366 -0.4515
vn -0.8805 0.0519 -0.4713
vn -0.6841 -0.7285 -0.0369
vn -0.4906 0.4084 -0.7697
vn -0.6899 -0.5611 -0.4574
vn -0.5088 -0.7121 -0.4838
vn -0.6044 -0.6436 -0.4696
vn 0.1441 -0.1899 -0.9712
vn -0.1807 -0.3199 -0.9301
vn 0.0777 -0.2433 -0.9668
vn 0.2268 0.8729 -0.4319
vn 0.3144 0.8408 -0.4406
vn 0.1832 -0.1385 -0.9733
vn -0.0953 0.8650 -0.4926
vn -0.0738 0.8854 -0.4589
vn 0.2085 -0.0470 -0.9769
vn 0.8906 -0.4400 0.1154
vn -0.3291 -0.9285 -0.1721
vn 0.4081 -0.5622 -0.7193
vn 0.3999 -0.0329 -0.9160
vn 0.6176 -0.7340 0.2825
vn 0.4464 0.8842 -0.1372
vn 0.2644 0.9423 0.2052
vn 0.4857 0.8741 -0.0045
vn 0.9810 0.1253 -0.1482
vn 0.6083 0.0675 0.7908
vn 0.9188 -0.3944 -0.0170
vn -0.0158 0.9189 -0.3942
vn 0.9501 0.2658 0.1632
vn 0.1939 0.9665 -0.1679
vn -0.1329 -0.9551 0.2650
vn 0.0249 -0.9759 0.2168
vn -0.0099 0.0965 0.9953
vn -0.3872 -0.8641 0.3214
vn -0.3252 0.9456 0.0131
vn -0.9651 -0.2619 0.0019
vn -0.7007 0.7135 -0.0052
vn -0.0565 -0.9804 -0.1885
vn 0.3095 0.9201 -0.2400
vn -0.3964 -0.8922 0.2166
vn -0.9489 0.2930 -0.1170
vn 0.7854 -0.5950 0.1704
vn 0.8446 0.2976 -0.4451
vn -0.9914 0.0001 -0.1306
vn 0.1057 0.9757 0.1919
vn -0.4972 0.8676 -0.0104
vn -0.8508 0.5040 -0.1486
vn 0.2656 0.1607 -0.9506
vn 0.7316 0.6484 0.2105
vn 0.9406 0.0934 0.3264
vn -0.2866 -0.9579 -0.0175
vn -0.8074 -0.4949 -0.3212
vn 0.5529 -0.8232 -0.1289
vn -0.0254 -0.7472 -0.6641
vn 0.0691 -0.9127 -0.4027
vn -0.0133 -0.9812 -0.1924
vn 0.0692 0.0239 -0.9973
vn 0.0787 0.4103 -0.9085
vn -0.0344 0.1841 -0.9823
vn -0.3850 0.9227 0.0192
vn -0.0334 0.9919 -0.1224
vn -0.0050 -0.1733 -0.9849
vn 0.3375 -0.4790 -0.8103
vn -0.0266 -0.5894 -0.8074
vn 0.5103 0.0944 -0.8548
vn 0.9953 0.0899 -0.0360
vn 0.9311 -0.3410 -0.1292
vn -0.2179 0.7820 -0.5840
vn 0.2330 0.2441 -0.9414
vn -0.1403 0.5360 -0.8325
vn -0.4583 -0.8882 0.0322
vn -0.5807 -0.0669 -0.8114
vn -0.9123 -0.4072 -0.0428
vn -0.0230 -0.3005 -0.9535
vn 0.2248 -0.2878 -0.9309
vn -0.0157 -0.0119 -0.9998
vn 0.2857 -0.0290 -0.9579
vn -0.6595 -0.1394 -0.7386
vn -0.6849 0.1609 -0.7106
vn 0.5884 -0.7896 -0.1744
vn 0.1267 -0.9384 -0.3215
vn 0.2363 0.6174 -0.7504
vn -0.7011 -0.2052 -0.6829
vn 0.1301 0.7517 -0.6465
vn -0.2811 0.8114 -0.5125
vn -0.6131 -0.3386 -0.7137
vn -0.7849 -0.5000 -0.3660
vn -0.1412 -0.9794 0.1445
vn -0.0970 -0.9267 -0.3630
vn -0.0759 -0.3768 -0.9232
vn -0.1114 -0.3094 -0.9444
vn -0.1953 -0.2543 -0.9472
vn -0.0802 0.2120 -0.9740
vn -0.0103 0.0514 -0.9986
vn 0.4082 -0.4600 -0.7885
vn 0.2848 -0.3305 -0.8998
vn -0.0399 -0.0061 -0.9992
vn 0.4450 0.3729 -0.8142
vn -0.1907 -0.0690 -0.9792
vn -0.5288 -0.1059 -0.8421
vn -0.2938 0.9558 0.0123
vn -0.1894 0.1581 -0.9691
vn -0.1112 -0.1699 -0.9792
vn -0.6337 0.2872 -0.7183
vn -0.8248 0.0593 -0.5622
vn -0.4046 0.5671 -0.7174
vn -0.6072 0.6138 -0.5046
vn -0.6237 -0.3620 -0.6927
vn 0.0459 -0.2499 -0.9672
vn -0.1135 0.8373 -0.5349
vn 0.5371 0.4440 -0.7173
vn -0.6990 -0.4037 -0.5902
vn -0.4504 0.5318 -0.7171
vn -0.2816 0.0833 -0.9559
vn -0.6259 0.5697 -0.5325
vn -0.6519 0.5450 -0.5272
vn -0.8722 0.0184 -0.4888
vn -0.2629 0.1048 -0.9591
vn 0.5855 0.0697 -0.8077
vn 0.4715 0.3613 -0.8045
vn 0.1601 0.6289 -0.7609
vn -0.4935 0.8616 0.1189
vn -0.5241 0.8498 0.0561
vn -0.6482 0.7610 0.0266
vn -0.6779 -0.1090 -0.7270
vn -0.5931 0.8042 0.0385
vn -0.7709 -0.1621 -0.6159
vn 0.2020 0.6237 -0.7551
vn 0.3295 0.7059 -0.6271
vn -0.5959 -0.3582 -0.7187
vn 0.4038 -0.5651 0.7194
vn 0.3324 0.0484 0.9419
vn 0.4808 -0.6725 0.5626
vn 0.3856 0.7186 -0.5787
vn 0.3695 0.9137 -0.1690
vn 0.4852 0.8730 -0.0485
vn -0.3011 -0.7903 -0.5336
vn -0.1166 -0.6135 -0.7811
vn -0.2321 -0.9312 -0.2811
vn 0.5075 -0.0274 -0.8612
vn 0.9834 0.0992 0.1518
vn 0.9307 -0.3459 -0.1191
vn -0.8444 -0.2556 -0.4709
vn -0.7416 -0.4780 -0.4707
vn -0.8370 -0.2988 -0.4585
vn -0.2390 -0.9701 -0.0433
vn -0.1967 -0.9794 -0.0446
vn -0.2004 -0.9791 -0.0346
vn -0.2182 -0.9751 -0.0398
vn -0.8435 -0.1900 -0.5024
vn -0.8459 -0.2176 -0.4869
vn -0.8375 -0.1860 -0.5138
vn -0.8648 -0.1764 -0.4701
vn -0.9984 -0.0569 0.0019
vn -0.8383 -0.1922 -0.5102
vn -0.8848 -0.1492 -0.4415
vn 0.7459 -0.6661 -0.0022
vn 0.1265 -0.3066 -0.9434
vn -0.3957 -0.8684 -0.2989
vn 0.0005 0.1205 -0.9927
vn 0.0076 -0.9767 -0.2147
vn -0.1778 0.9840 -0.0091
vn 0.2173 0.9755 -0.0335
vn 0.1106 0.9935 -0.0280
vn -0.0025 0.0822 0.9966
vn -0.3050 -0.9524 0.0014
vn -0.0890 -0.9796 0.1800
vn -0.4985 -0.8365 -0.2276
vn 0.9241 0.3329 0.1879
vn -0.9620 0.2654 0.0644
vn 0.6684 -0.7158 -0.2020
vn 0.2731 0.9305 0.2443
vn 0.8917 -0.4506 -0.0419
vn -0.1042 -0.2110 0.9719
vn -0.0697 -0.9899 0.1232
vn 0.4556 -0.8847 -0.0990
vn 0.9363 0.0273 -0.3500
vn -0.8701 -0.4885 -0.0647
vn -0.9811 -0.0469 0.1876
vn -0.2397 0.5596 0.7934
vn -0.7257 0.6017 -0.3337
vn 0.0646 -0.0156 0.9978
vn 0.1034 -0.3775 0.9202
vn 0.0206 0.1690 0.9854
vn 0.0638 0.5930 0.8027
vn -0.0470 0.3415 0.9387
vn 0.0318 0.9354 0.3522
vn -0.0417 0.7527 0.6571
vn -0.1196 0.6021 0.7894
vn 0.1283 0.4812 0.8672
vn 0.6375 0.7108 0.2973
vn 0.2994 0.8713 0.3889
vn 0.1519 0.8820 0.4461
vn 0.0962 0.9747 -0.2017
vn 0.1060 0.4418 0.8908
vn 0.0303 -0.1952 0.9803
vn -0.0340 -0.8214 0.5693
vn 0.1094 0.0132 0.9939
vn -0.0559 -0.3014 0.9519
vn 0.0769 -0.7915 0.6063
vn 0.9533 0.2936 -0.0703
vn 0.4873 0.4152 0.7682
vn 0.6868 0.2427 0.6851
vn 0.7302 0.6688 -0.1397
vn 0.2212 0.8807 -0.4189
vn 0.7293 -0.0997 0.6769
vn 0.0988 0.3081 0.9462
vn -0.0176 0.0331 0.9993
vn 0.4384 -0.6943 0.5707
vn -0.3058 -0.7787 0.5478
vn -0.2316 -0.8498 0.4734
vn -0.1023 -0.9317 -0.3486
vn -0.0188 0.9998 0.0026
vn -0.6143 0.7612 -0.2079
vn -0.6305 0.3372 0.6991
vn -0.7383 -0.5711 0.3588
vn -0.8437 0.4619 -0.2736
vn -0.6424 -0.3885 0.6606
vn -0.1716 -0.1939 0.9659
vn -0.2326 0.7773 0.5846
vn -0.2159 0.6086 0.7635
vn -0.2501 0.0554 0.9666
vn -0.7047 -0.0931 0.7034
vn -0.8864 0.2461 0.3920
vn -0.7953 -0.0829 0.6005
vn -0.4787 0.8777 -0.0204
vn -0.0560 0.9749 0.2154
vn -0.5659 0.8226 -0.0559
vn -0.5812 0.8099 -0.0784
vn 0.2514 0.9513 0.1782
vn -0.9508 0.3007 0.0739
vn -0.9337 0.2470 0.2593
vn -0.3495 -0.5873 0.7301
vn -0.6957 0.5173 0.4985
vn -0.8672 -0.2268 -0.4434
vn -0.8783 -0.1765 -0.4444
vn 0.3135 -0.0242 -0.9493
vn 0.2941 0.0269 -0.9554
vn -0.2738 -0.8127 -0.5143
vn -0.3002 -0.8049 -0.5119
vn -0.3477 -0.7892 -0.5062
vn 0.5254 0.0254 -0.8505
vn 0.1078 0.8964 -0.4299
vn 0.7147 -0.0020 -0.6994
vn 0.2288 -0.1684 -0.9588
vn 0.1962 -0.2645 -0.9442
vn 0.2466 0.1059 -0.9633
vn -0.4853 -0.8654 -0.1248
vn 0.4812 -0.6808 -0.5523
vn 0.2623 -0.9551 -0.1374
vn -0.2418 -0.9677 -0.0708
vn -0.2138 -0.9687 -0.1259
vn -0.3353 0.9237 -0.1851
vn -0.1475 0.7939 0.5899
vn 0.2504 -0.4235 0.8706
vn -0.0941 -0.6884 0.7192
vn -0.8983 -0.4356 -0.0568
vn -0.8007 0.0304 -0.5983
vn -0.6395 0.0878 -0.7637
vn -0.8935 -0.4490 0.0074
vn -0.9107 -0.0347 -0.4116
vn 0.7099 0.5887 0.3865
vn 0.8779 0.3769 -0.2955
vn -0.4648 -0.6632 0.5866
vn -0.4183 -0.7685 -0.4841
vn -0.3471 -0.8002 -0.4891
vn -0.3003 -0.8203 -0.4868
vn -0.2846 -0.8174 -0.5009
vn -0.8557 -0.4006 0.3274
vn -0.7589 -0.4858 -0.4337
vn -0.7000 -0.5781 -0.4193
vn -0.6313 -0.6157 -0.4715
vn -0.5237 -0.7025 -0.4818
vn -0.8444 -0.3028 -0.4420
vn -0.8242 -0.3498 -0.4453
vn -0.7981 -0.4084 -0.4430
vn -0.2007 -0.9795 0.0149
vn -0.2186 -0.9756 0.0190
vn -0.2530 -0.9367 -0.2420
vn -0.2394 -0.9707 0.0214
vn -0.1971 -0.9802 0.0214
vn -0.8889 -0.2005 -0.4118
vn -0.8775 -0.2266 -0.4227
vn -0.8979 -0.1769 -0.4030
vn -0.8949 -0.1872 -0.4050
vn -0.8621 -0.2622 -0.4337
vn 0.1155 0.9876 0.1065
vn -0.9705 0.2157 0.1072
vn -0.9031 -0.0854 -0.4209
vn -0.9088 -0.1519 -0.3886
vn -0.9022 -0.1681 -0.3973
vn -0.0520 -0.9985 0.0171
vn 0.2197 -0.9755 0.0126
vn 0.5419 -0.8402 0.0193
vn 0.0308 0.1153 0.9929
vn 0.0568 0.9978 0.0347
vn 0.5281 0.8492 -0.0060
vn 0.7516 -0.6594 -0.0186
vn 0.9849 0.1731 -0.0013
vn -0.9944 0.1060 0.0038
vn 0.0225 0.9995 0.0201
vn -0.0288 0.9989 0.0367
vn -0.1030 -0.9947 0.0013
vn 0.2071 -0.9742 0.0900
vn 0.0415 -0.9990 0.0180
vn 0.2106 -0.9632 -0.1669
vn 0.6758 -0.7370 0.0052
vn 0.9352 0.3540 -0.0013
vn 0.8724 -0.4649 0.1508
vn 0.0186 0.5487 -0.8358
vn 0.0634 0.3222 -0.9445
vn -0.0404 0.5209 -0.8526
vn 0.0525 -0.5444 -0.8372
vn -0.0451 -0.9852 -0.1655
vn -0.0597 0.8504 -0.5227
vn 0.0484 -0.7692 -0.6372
vn 0.3342 0.8733 -0.3544
vn -0.0690 0.4352 -0.8977
vn -0.6208 0.4915 -0.6108
vn 0.1069 -0.2375 -0.9655
vn 0.0572 -0.4562 -0.8881
vn 0.0337 0.9053 -0.4234
vn 0.1504 0.7267 -0.6703
vn 0.1138 0.7790 -0.6166
vn 0.0447 -0.1204 -0.9917
vn -0.3010 -0.7928 -0.5299
vn 0.6787 0.2628 -0.6858
vn 0.1108 -0.0226 -0.9936
vn 0.4299 -0.0839 -0.8990
vn 0.0536 0.0538 -0.9971
vn 0.0756 0.2669 -0.9607
vn 0.0866 0.0482 -0.9951
vn 0.0387 -0.1845 -0.9821
vn 0.0059 -0.6141 -0.7892
vn 0.1906 -0.5558 -0.8092
vn 0.0158 0.0276 -0.9995
vn -0.2503 -0.9015 -0.3530
vn -0.1697 0.9489 -0.2661
vn -0.1237 0.8924 -0.4339
vn -0.3558 0.2421 -0.9027
vn -0.5587 0.8174 0.1406
vn -0.4463 -0.5623 -0.6961
vn -0.6691 0.1857 -0.7196
vn -0.3266 -0.6519 -0.6843
vn -0.2375 -0.6321 -0.7376
vn -0.0964 -0.2770 -0.9560
vn 0.0289 -0.2149 -0.9762
vn 0.1645 0.7373 -0.6552
vn -0.1302 0.0751 -0.9886
vn -0.1808 -0.2480 -0.9517
vn -0.0675 -0.1800 -0.9813
vn -0.0597 -0.0915 -0.9940
vn -0.1470 0.3689 -0.9178
vn -0.2100 0.8464 -0.4893
vn -0.0475 0.0329 -0.9983
vn 0.1389 -0.5220 -0.8416
vn -0.1670 0.6052 -0.7784
vn -0.3363 0.9198 0.2021
vn -0.2265 0.7843 -0.5776
vn -0.4207 0.8989 -0.1222
vn -0.5859 0.8100 0.0251
vn -0.0742 0.9948 -0.0699
vn 0.2517 0.9638 -0.0883
vn -0.3316 0.9433 -0.0174
vn -0.9949 0.0574 -0.0827
vn -0.9311 0.2375 -0.2767
vn -0.6452 0.7620 -0.0547
vn -0.6227 0.7789 0.0746
vn -0.5558 0.8302 0.0436
vn 0.3738 -0.1167 0.9201
vn 0.9149 0.3910 0.1004
vn 0.7758 0.6309 0.0117
vn 0.5735 0.8007 0.1729
vn 0.2199 -0.1020 -0.9702
vn 0.2752 -0.1031 -0.9558
vn -0.4862 -0.8664 0.1140
vn 0.2053 0.2027 -0.9575
vn 0.3425 -0.0649 -0.9373
vn 0.3454 -0.0243 -0.9381
vn -0.0657 0.8436 -0.5329
vn 0.1761 0.8526 -0.4920
vn 0.2021 0.6764 -0.7083
vn 0.8463 0.5308 -0.0451
vn 0.5427 0.8396 -0.0235
vn -0.6945 -0.1281 -0.7080
vn 0.7202 0.4290 -0.5453
vn 0.1196 0.6611 -0.7407
vn -0.7796 0.2871 -0.5565
vn -0.1511 -0.9554 -0.2536
vn 0.0257 0.1240 -0.9919
vn 0.2384 -0.9558 0.1718
vn 0.1157 0.9662 -0.2304
vn 0.7357 0.6735 -0.0720
vn -0.0991 -0.1993 0.9749
vn -0.5188 -0.2290 0.8236
vn 0.1199 0.2651 -0.9567
vn 0.2426 0.1830 0.9527
vn -0.7476 0.2031 0.6323
vn -0.6252 0.7206 0.2999
vn -0.7080 0.7060 -0.0164
vn 0.3000 0.5782 0.7588
vn -0.4912 -0.1889 -0.8503
vn -0.5951 0.8025 -0.0432
vn -0.9544 -0.1035 0.2801
vn -0.3303 0.9428 0.0442
vn -0.5867 0.8098 0.0018
vn -0.8573 -0.2624 -0.4429
vn -0.4186 -0.7604 -0.4966
vn 0.4383 0.8885 -0.1357
vn -0.0025 0.8986 -0.4388
vn 0.2451 -0.1312 -0.9606
vn 0.2654 -0.1041 -0.9585
vn 0.2862 -0.0451 -0.9571
vn 0.2855 -0.0615 -0.9564
vn 0.2786 -0.0779 -0.9572
vn 0.4362 0.8317 -0.3436
vn 0.4741 0.8657 -0.1605
vn 0.1211 -0.3588 -0.9255
vn 0.5571 0.7641 -0.3253
vn 0.7876 0.5150 -0.3383
vn 0.2883 -0.0328 -0.9570
vn 0.2834 -0.0020 -0.9590
vn -0.2012 -0.9779 -0.0575
vn -0.0455 -0.9973 -0.0583
vn 0.0090 0.9247 -0.3806
vn 0.0952 0.9051 -0.4144
vn 0.3218 0.8340 -0.4482
vn 0.2227 0.8684 -0.4430
vn 0.8009 0.5985 0.0178
vn -0.9026 -0.0283 -0.4296
vn 0.5427 0.8394 -0.0291
vn -0.1017 0.7932 -0.6004
vn -0.1516 0.8100 -0.5665
vn -0.4289 0.8828 -0.1916
vn -0.5731 0.8190 0.0273
vn -0.9372 0.3337 -0.1010
vn 0.9631 0.1007 -0.2496
vn 0.4395 0.8982 0.0048
vn 0.0487 -0.1600 -0.9859
vn 0.4817 0.8707 0.0992
vn 0.1680 -0.0898 -0.9817
vn 0.1441 -0.1096 -0.9835
vn 0.1073 -0.1323 -0.9854
vn 0.3175 -0.0888 -0.9441
vn -0.2009 -0.9775 0.0651
vn -0.0456 -0.9968 0.0663
vn -0.2418 -0.9674 0.0759
vn -0.2137 -0.9682 0.1299
vn 0.3165 0.0479 -0.9474
vn 0.2622 -0.9534 0.1490
vn -0.0205 0.9150 -0.4030
vn 0.1091 0.8385 -0.5338
vn -0.3394 -0.7692 -0.5414
vn -0.9326 -0.0027 -0.3609
vn -0.9220 0.0708 -0.3806
vn -0.8708 0.0980 -0.4818
vn -0.3212 -0.7610 -0.5636
vn -0.3945 -0.7435 -0.5399
vn -0.6849 -0.5658 -0.4591
vn -0.7544 -0.4813 -0.4464
vn -0.4900 -0.7059 -0.5114
vn -0.5927 -0.6450 -0.4824
vn -0.7981 -0.4066 -0.4447
vn -0.8230 -0.3475 -0.4495
vn 0.5390 -0.8415 -0.0370
vn -0.1087 0.8999 -0.4222
vn -0.1221 0.8101 -0.5734
vn -0.9148 -0.0874 -0.3945
vn -0.0519 -0.9978 -0.0406
vn 0.2195 -0.9750 -0.0349
vt 0.368832 0.379124
vt 0.721942 0.418242
vt 0.729390 0.411894
vt 0.278167 0.501688
vt 0.277866 0.497718
vt 0.226368 0.480287
vt 0.072815 0.344071
vt 0.052946 0.407276
vt 0.096886 0.396843
vt 0.143799 0.482570
vt 0.089407 0.467892
vt 0.085268 0.501907
vt 0.185894 0.474355
vt 0.212574 0.439522
vt 0.840430 0.446603
vt 0.823227 0.439396
vt 0.801171 0.472459
vt 0.719506 0.438780
vt 0.394674 0.390661
vt 0.439630 0.418215
vt 0.945649 0.517303
vt 0.930267 0.502271
vt 0.924739 0.497337
vt 0.753597 0.575626
vt 0.835819 0.560593
vt 0.720196 0.573840
vt 0.946925 0.496420
vt 0.952836 0.488449
vt 0.946400 0.495341
vt 0.952863 0.465996
vt 0.945032 0.467459
vt 0.963817 0.474145
vt 0.931470 0.487440
vt 0.920424 0.483026
vt 0.948381 0.520374
vt 0.958030 0.517576
vt 0.967727 0.486088
vt 0.958919 0.491333
vt 0.968951 0.497214
vt 0.970955 0.497230
vt 0.973313 0.491309
vt 0.933409 0.469661
vt 0.781043 0.514029
vt 0.784989 0.510452
vt 0.940438 0.517255
vt 0.933024 0.469279
vt 0.857408 0.435543
vt 0.866445 0.441183
vt 0.793092 0.534045
vt 0.848299 0.518655
vt 0.840186 0.475607
vt 0.800745 0.522683
vt 0.855177 0.508039
vt 0.821059 0.540746
vt 0.848328 0.536673
vt 0.843551 0.540195
vt 0.807765 0.488875
vt 0.846388 0.548018
vt 0.857235 0.533236
vt 0.919927 0.485946
vt 0.928346 0.462940
vt 0.900262 0.482402
vt 0.805449 0.470941
vt 0.823928 0.471256
vt 0.871297 0.500371
vt 0.869019 0.505391
vt 0.891144 0.494727
vt 0.894754 0.497677
vt 0.911119 0.493965
vt 0.914383 0.542281
vt 0.904766 0.546278
vt 0.915144 0.507701
vt 0.924002 0.524890
vt 0.903366 0.548896
vt 0.888620 0.542772
vt 0.886019 0.551681
vt 0.908442 0.510531
vt 0.920317 0.530288
vt 0.893680 0.500658
vt 0.877641 0.548766
vt 0.878157 0.544084
vt 0.912634 0.538554
vt 0.872831 0.507118
vt 0.874126 0.508426
vt 0.886524 0.503873
vt 0.905255 0.540213
vt 0.897556 0.526390
vt 0.894306 0.526230
vt 0.898880 0.520314
vt 0.893269 0.526987
vt 0.881829 0.527740
vt 0.889643 0.528151
vt 0.890938 0.527948
vt 0.896290 0.507755
vt 0.893454 0.491421
vt 0.901990 0.531828
vt 0.889990 0.502339
vt 0.886526 0.513257
vt 0.909437 0.488748
vt 0.908680 0.485902
vt 0.910195 0.491595
vt 0.910953 0.494442
vt 0.912399 0.506711
vt 0.912226 0.504355
vt 0.912054 0.502000
vt 0.913255 0.513543
vt 0.913041 0.511835
vt 0.912827 0.510127
vt 0.883063 0.524175
vt 0.879599 0.535093
vt 0.890031 0.538946
vt 0.912445 0.516242
vt 0.911634 0.518942
vt 0.910013 0.524342
vt 0.910824 0.521642
vt 0.907456 0.484452
vt 0.905007 0.481552
vt 0.906231 0.483002
vt 0.869938 0.537449
vt 0.879687 0.540655
vt 0.865107 0.538627
vt 0.862460 0.541083
vt 0.861368 0.540444
vt 0.874768 0.536271
vt 0.872165 0.541508
vt 0.868404 0.541935
vt 0.894712 0.480108
vt 0.891778 0.474877
vt 0.895131 0.476336
vt 0.877248 0.470370
vt 0.866522 0.479497
vt 0.847305 0.482921
vt 0.860276 0.539805
vt 0.876160 0.543657
vt 0.857700 0.538296
vt 0.910553 0.526352
vt 0.838137 0.506897
vt 0.855676 0.514011
vt 0.841113 0.492598
vt 0.875926 0.541082
vt 0.882033 0.541693
vt 0.878849 0.543014
vt 0.687176 0.551322
vt 0.200333 0.449289
vt 0.600897 0.585247
vt 0.699120 0.563621
vt 0.689357 0.587214
vt 0.178024 0.362460
vt 0.201765 0.331035
vt 0.255279 0.392615
vt 0.678694 0.404611
vt 0.693954 0.376962
vt 0.741650 0.410177
vt 0.663906 0.370941
vt 0.669300 0.385357
vt 0.673550 0.474378
vt 0.746578 0.430079
vt 0.701248 0.432959
vt 0.680718 0.441736
vt 0.736639 0.457234
vt 0.767191 0.447750
vt 0.773646 0.461940
vt 0.706527 0.537569
vt 0.686708 0.512776
vt 0.722953 0.533746
vt 0.724438 0.418383
vt 0.374163 0.381204
vt 0.724233 0.411259
vt 0.782109 0.510933
vt 0.790065 0.535224
vt 0.709022 0.533686
vt 0.143274 0.482686
vt 0.190705 0.475742
vt 0.138479 0.348277
vt 0.073620 0.332227
vt 0.136402 0.328977
vt 0.046730 0.402863
vt 0.032448 0.383095
vt 0.037754 0.358041
vt 0.093788 0.500105
vt 0.083817 0.474372
vt 0.177302 0.469878
vt 0.951651 0.499787
vt 0.945587 0.495329
vt 0.946025 0.495785
vt 0.719638 0.439188
vt 0.800654 0.471744
vt 0.707524 0.495732
vt 0.922335 0.484680
vt 0.921460 0.492278
vt 0.919610 0.481494
vt 0.066643 0.325613
vt 0.115538 0.320087
vt 0.929148 0.500849
vt 0.941861 0.513849
vt 0.957591 0.493318
vt 0.965525 0.495325
vt 0.922182 0.497165
vt 0.956925 0.503748
vt 0.864728 0.433145
vt 0.859630 0.435316
vt 0.891431 0.494502
vt 0.862085 0.475146
vt 0.911226 0.493955
vt 0.822601 0.541493
vt 0.848091 0.516645
vt 0.848436 0.536328
vt 0.804218 0.472194
vt 0.805915 0.494190
vt 0.787397 0.522754
vt 0.900295 0.483481
vt 0.917330 0.482548
vt 0.852133 0.561664
vt 0.914089 0.506122
vt 0.895296 0.497541
vt 0.924130 0.523979
vt 0.940997 0.518106
vt 0.920279 0.529875
vt 0.885784 0.551481
vt 0.886913 0.544891
vt 0.902277 0.539593
vt 0.893443 0.501131
vt 0.914193 0.519390
vt 0.878393 0.541499
vt 0.877894 0.548424
vt 0.860792 0.529804
vt 0.871973 0.506502
vt 0.873802 0.509096
vt 0.866181 0.520247
vt 0.860344 0.517052
vt 0.897839 0.526391
vt 0.909436 0.535680
vt 0.897828 0.521238
vt 0.881096 0.527590
vt 0.871899 0.520522
vt 0.897314 0.509197
vt 0.908841 0.508205
vt 0.885998 0.530372
vt 0.869481 0.480579
vt 0.878365 0.470402
vt 0.870389 0.536544
vt 0.897294 0.477278
vt 0.891504 0.499385
vt 0.859277 0.513366
vt 0.838285 0.507790
vt 0.839461 0.495252
vt 0.911710 0.497288
vt 0.910023 0.508733
vt 0.885071 0.471958
vt 0.881718 0.470499
vt 0.888424 0.473417
vt 0.911882 0.499644
vt 0.912613 0.508419
vt 0.912975 0.524057
vt 0.847371 0.483905
vt 0.874541 0.510601
vt 0.704897 0.564035
vt 0.586164 0.581403
vt 0.218696 0.453465
vt 0.612574 0.599036
vt 0.438949 0.363837
vt 0.369963 0.335928
vt 0.336710 0.363195
vt 0.200624 0.379433
vt 0.254942 0.391404
vt 0.711654 0.383757
vt 0.669994 0.385791
vt 0.739899 0.409789
vt 0.665217 0.371048
vt 0.682407 0.405991
vt 0.758177 0.501120
vt 0.692822 0.514241
vt 0.702991 0.537933
vt 0.725177 0.532638
vt 0.774090 0.462973
vt 0.681169 0.518882
vt 0.673389 0.475189
vt 0.694692 0.442108
vt 0.689652 0.437069
vt 0.405793 0.450766
vt 0.311328 0.393034
vt 0.510989 0.513202
vt 0.469324 0.535572
vt 0.704503 0.553391
vt 0.489565 0.550951
vt 0.700292 0.565981
vt 0.818379 0.555458
vt 0.793401 0.537899
vt 0.957569 0.491338
vt 0.957596 0.493329
vt 0.371101 0.524228
vt 0.449989 0.545918
vt 0.226018 0.468552
vt 0.235103 0.395616
vt 0.243478 0.379083
vt 0.304571 0.445655
vt 0.145061 0.341073
vt 0.118408 0.323749
vt 0.035990 0.422026
vt 0.071234 0.493910
vt 0.044267 0.420628
vt 0.062335 0.499300
vt 0.075900 0.503732
vt 0.040403 0.364496
vt 0.392058 0.505270
vt 0.699925 0.502624
vt 0.070641 0.328406
vt 0.205903 0.362397
vt 0.146589 0.325272
vt 0.242100 0.378089
vt 0.677804 0.576410
vt 0.951064 0.488511
vt 0.962083 0.510308
vt 0.956178 0.502647
vt 0.963684 0.513373
vt 0.923363 0.500875
vt 0.872963 0.468057
vt 0.847210 0.556406
vt 0.866120 0.549156
vt 0.860419 0.516018
vt 0.864396 0.526210
vt 0.866535 0.515803
vt 0.871104 0.518669
vt 0.895343 0.525473
vt 0.892232 0.527744
vt 0.896380 0.524715
vt 0.888349 0.528355
vt 0.887274 0.529882
vt 0.893873 0.487650
vt 0.894292 0.483879
vt 0.899457 0.478219
vt 0.901620 0.479160
vt 0.863551 0.541723
vt 0.853460 0.524858
vt 0.879483 0.470434
vt 0.891096 0.545197
vt 0.884795 0.543323
vt 0.868492 0.502586
vt 0.889063 0.492027
vt 0.911992 0.525919
vt 0.852768 0.526362
vt 0.849972 0.533771
vt 0.904786 0.497965
vt 0.903783 0.480101
vt 0.911276 0.508460
vt 0.876002 0.543793
vt 0.913661 0.529231
vt 0.880600 0.470466
vt 0.261538 0.521569
vt 0.312612 0.562205
vt 0.179754 0.517823
vt 0.118676 0.455859
vt 0.121024 0.465845
vt 0.729285 0.579947
vt 0.493837 0.590464
vt 0.566851 0.592799
vt 0.206108 0.446945
vt 0.139069 0.446433
vt 0.307209 0.397056
vt 0.493779 0.407740
vt 0.525343 0.401754
vt 0.522097 0.394713
vt 0.756470 0.502308
vt 0.510020 0.542828
vt 0.437766 0.515948
vt 0.702234 0.559456
vt 0.394377 0.393052
vt 0.821944 0.427060
vt 0.817366 0.555805
vt 0.829951 0.431757
vt 0.957569 0.491352
vt 0.958876 0.491195
vt 0.932690 0.469829
vt 0.302996 0.399306
vt 0.247099 0.384812
vt 0.501112 0.551201
vt 0.379578 0.522342
vt 0.225528 0.478463
vt 0.229638 0.399167
vt 0.207782 0.362448
vt 0.045011 0.429690
vt 0.100221 0.382437
vt 0.052376 0.364749
vt 0.225543 0.437797
vt 0.229950 0.470282
vt 0.382743 0.465640
vt 0.428352 0.418092
vt 0.854532 0.441119
vt 0.827261 0.446722
vt 0.515223 0.480687
vt 0.144700 0.324756
vt 0.836175 0.560716
vt 0.718738 0.572713
vt 0.952902 0.488263
vt 0.951068 0.488510
vt 0.945228 0.468257
vt 0.932935 0.469338
vt 0.927537 0.461186
vt 0.877165 0.445659
vt 0.870447 0.503986
vt 0.862994 0.503050
vt 0.815751 0.553726
vt 0.801201 0.522973
vt 0.871622 0.467975
vt 0.824069 0.471073
vt 0.818062 0.477530
vt 0.847284 0.547327
vt 0.843464 0.558532
vt 0.841298 0.540980
vt 0.836612 0.449461
vt 0.865779 0.547149
vt 0.914681 0.541490
vt 0.887198 0.503976
vt 0.887054 0.528558
vt 0.851237 0.523156
vt 0.849551 0.530520
vt 0.852548 0.535279
vt 0.855124 0.536788
vt 0.882505 0.544024
vt 0.850939 0.521141
vt 0.910341 0.529607
vt 0.691895 0.561518
vt 0.295653 0.534216
vt 0.493449 0.407538
vt 0.747434 0.433980
vt 0.767222 0.447833
vt 0.888838 0.510887
vt 0.907469 0.514277
vt 0.876778 0.530785
vt 0.870500 0.525447
vt 0.911060 0.526738
vt 0.905363 0.537664
vt 0.907954 0.540994
vt 0.871341 0.535298
vt 0.907223 0.513765
vt 0.864643 0.542362
vt 0.904754 0.548131
s 1
f 255/1/1 1/2/2 27/3/3
f 261/4/4 242/5/5 30/6/6
f 11/7/7 23/8/8 19/9/9
f 244/10/10 250/11/11 33/12/12
f 243/13/13 249/14/14 244/10/10
f 67/15/15 239/16/16 15/17/17
f 1/2/2 246/18/18 239/16/16
f 4/19/19 14/20/20 246/18/18
f 4/19/19 246/18/18 1/2/2
f 262/21/21 264/22/22 40/23/23
f 28/24/24 266/25/25 412/26/26
f 20/27/27 50/28/28 46/29/29
f 38/30/30 268/31/31 48/32/32
f 44/33/33 45/34/34 264/22/22
f 39/35/35 413/36/36 262/21/21
f 265/37/37 50/28/28 263/38/38
f 17/39/39 160/40/40 43/41/41
f 17/39/39 43/41/41 263/38/38
f 45/34/34 44/33/33 49/42/42
f 15/17/17 53/43/43 274/44/44
f 40/23/23 70/45/45 262/21/21
f 49/42/42 268/31/31 270/46/46
f 38/30/30 270/46/46 268/31/31
f 41/47/47 67/15/15 272/48/48
f 276/49/49 274/44/44 53/43/43
f 61/50/50 52/51/51 273/52/52
f 58/53/53 52/51/51 61/50/50
f 55/54/54 61/50/50 273/52/52
f 69/55/55 61/50/50 54/56/56
f 414/57/57 273/52/52 52/51/51
f 55/54/54 66/58/58 54/56/56
f 54/56/56 66/58/58 71/59/59
f 271/60/60 51/61/61 275/62/62
f 269/63/63 68/64/64 67/15/15
f 274/44/44 414/57/57 269/63/63
f 274/44/44 276/49/49 273/52/52
f 38/30/30 51/61/61 270/46/46
f 57/65/65 58/53/53 72/66/66
f 59/67/67 278/68/68 56/69/69
f 70/45/45 39/35/35 262/21/21
f 74/70/70 388/71/71 39/35/35
f 73/72/72 277/73/73 70/45/45
f 79/74/74 84/75/75 80/76/76
f 73/72/72 89/77/77 82/78/78
f 278/68/68 78/79/79 73/72/72
f 73/72/72 82/78/78 277/73/73
f 77/80/80 88/81/81 71/59/59
f 82/78/78 81/82/82 74/70/70
f 78/79/79 87/83/83 93/84/84
f 78/79/79 93/84/84 287/85/85
f 83/86/86 81/82/82 279/87/87
f 285/88/88 416/89/89 286/90/90
f 280/91/91 282/92/92 281/93/93
f 64/94/94 287/85/85 93/84/84
f 78/79/79 64/94/94 89/77/77
f 75/95/95 323/96/96 289/97/97
f 289/97/97 323/96/96 290/98/98
f 324/99/99 323/96/96 101/100/100
f 325/101/101 323/96/96 324/99/99
f 326/102/102 323/96/96 325/101/101
f 109/103/103 323/96/96 329/104/104
f 329/104/104 323/96/96 328/105/105
f 96/106/106 323/96/96 332/107/107
f 332/107/107 323/96/96 331/108/108
f 291/109/109 323/96/96 76/110/110
f 323/96/96 301/111/96 76/110/110
f 320/112/111 323/96/96 96/106/106
f 321/113/112 323/96/96 320/112/111
f 107/114/113 323/96/96 322/115/114
f 322/115/114 323/96/96 321/113/112
f 101/100/100 323/96/96 307/116/115
f 323/96/96 305/117/116 306/118/117
f 323/96/96 306/118/117 307/116/115
f 293/119/118 417/120/119 292/121/120
f 417/120/119 312/122/121 313/123/122
f 294/124/123 417/120/119 293/119/118
f 417/120/119 309/125/124 310/126/125
f 295/127/126 319/128/127 97/129/128
f 100/130/129 419/131/130 106/132/131
f 95/133/132 341/134/133 314/135/134
f 322/115/114 335/136/96 107/114/113
f 105/137/135 111/138/136 98/139/137
f 308/140/138 338/141/139 420/142/140
f 98/139/137 111/138/136 106/132/131
f 422/143/141 348/144/142 120/145/143
f 422/143/141 120/145/143 118/146/144
f 344/147/145 118/146/144 120/145/143
f 351/148/146 130/149/147 350/150/148
f 134/151/149 423/152/150 132/153/151
f 353/154/152 423/152/150 133/155/153
f 423/152/150 353/154/152 132/153/151
f 353/154/152 133/155/153 134/151/149
f 424/156/154 139/157/155 138/158/156
f 424/156/154 138/158/156 354/159/157
f 425/160/158 139/157/155 356/161/159
f 425/160/158 356/161/159 140/162/160
f 136/163/161 137/164/162 355/165/163
f 139/157/155 425/160/158 138/158/156
f 354/159/157 425/160/158 137/164/162
f 142/166/164 373/167/165 25/168/166
f 373/167/165 255/1/1 25/168/166
f 178/169/167 379/170/168 371/171/169
f 243/13/13 32/172/170 31/173/171
f 162/174/172 152/175/173 150/176/174
f 153/177/175 368/178/176 37/179/177
f 259/180/178 366/181/179 151/182/180
f 161/183/181 173/184/182 165/185/183
f 363/186/184 156/187/185 426/188/186
f 145/189/187 170/190/188 168/191/189
f 152/175/173 35/192/190 377/193/191
f 374/194/192 169/195/193 170/190/188
f 163/196/194 378/197/195 160/40/40
f 189/198/196 170/190/188 169/195/193
f 157/199/197 145/189/187 173/184/182
f 238/200/198 38/30/30 359/201/199
f 185/202/200 176/203/201 191/204/202
f 429/205/203 385/206/204 192/207/205
f 381/208/206 184/209/207 384/210/208
f 383/211/209 386/212/210 191/204/202
f 189/198/196 386/212/210 168/191/189
f 42/213/211 388/71/71 80/76/76
f 189/198/196 195/214/212 389/215/213
f 193/216/214 195/214/212 194/217/215
f 195/214/212 193/216/214 392/218/216
f 391/219/217 201/220/218 395/221/219
f 396/222/220 389/215/213 195/214/212
f 392/218/216 200/223/221 195/214/212
f 204/224/222 431/225/223 430/226/224
f 205/227/225 401/228/226 202/229/227
f 196/230/228 202/229/227 430/226/224
f 395/221/219 394/231/229 203/232/230
f 399/233/231 285/88/232 286/90/233
f 282/92/234 397/234/235 281/93/236
f 401/228/226 397/234/235 393/235/237
f 432/236/238 396/222/220 206/237/239
f 397/234/235 398/238/240 204/224/222
f 203/232/230 394/231/229 200/223/221
f 100/130/241 434/239/242 300/240/243
f 405/241/244 95/133/245 314/135/246
f 302/242/247 215/243/248 97/129/249
f 211/244/250 207/245/251 208/246/252
f 108/247/253 210/248/254 326/102/255
f 317/249/256 215/243/248 99/250/257
f 319/128/258 215/243/248 318/251/259
f 328/105/260 210/248/254 327/252/261
f 329/104/262 210/248/254 328/105/260
f 330/253/263 435/254/264 109/103/265
f 331/108/266 435/254/264 330/253/263
f 211/244/250 208/246/252 209/255/267
f 216/256/268 211/244/250 209/255/267
f 218/257/269 220/258/270 437/259/271
f 218/257/269 344/147/145 347/260/272
f 128/261/273 129/262/274 407/263/275
f 351/148/146 352/264/276 223/265/277
f 407/263/275 130/149/147 351/148/146
f 224/266/278 225/267/279 409/268/280
f 408/269/281 225/267/279 224/266/278
f 226/270/282 408/269/281 409/268/280
f 411/271/283 233/272/284 232/273/285
f 411/271/283 232/273/285 227/274/286
f 235/275/287 411/271/283 227/274/286
f 228/276/288 233/272/284 229/277/289
f 233/272/284 410/278/290 229/277/289
f 410/278/290 230/279/291 229/277/289
f 245/280/292 14/20/20 241/281/293
f 13/282/294 5/283/295 236/284/296
f 255/1/1 4/19/19 1/2/2
f 25/168/166 255/1/1 27/3/3
f 5/283/295 237/285/297 253/286/298
f 236/284/296 5/283/295 253/286/298
f 238/200/198 27/3/3 1/2/2
f 238/200/198 1/2/2 239/16/16
f 236/284/296 2/287/299 267/288/300
f 267/288/300 53/43/43 236/284/296
f 41/47/47 238/200/198 239/16/16
f 263/38/38 21/289/301 3/290/302
f 240/291/303 26/292/304 237/285/297
f 242/5/5 240/291/303 5/283/295
f 242/5/5 261/4/4 240/291/303
f 243/13/13 31/173/171 30/6/6
f 243/13/13 30/6/6 248/293/305
f 16/294/306 241/281/293 256/295/307
f 16/294/306 251/296/308 241/281/293
f 7/297/309 8/298/310 11/7/7
f 11/7/7 19/9/9 7/297/309
f 36/299/311 9/300/312 10/301/313
f 34/302/314 260/303/315 33/12/12
f 12/304/316 23/8/8 11/7/7
f 12/304/316 368/178/176 10/301/313
f 368/178/176 36/299/311 10/301/313
f 23/8/8 12/304/316 10/301/313
f 9/300/312 250/11/11 10/301/313
f 244/10/10 249/14/14 250/11/11
f 9/300/312 33/12/12 250/11/11
f 16/294/306 7/297/309 19/9/9
f 251/296/308 16/294/306 249/14/14
f 248/293/305 251/296/308 249/14/14
f 242/5/5 247/305/317 248/293/305
f 40/23/23 45/34/34 271/60/60
f 252/306/318 53/43/43 15/17/17
f 246/18/18 252/306/318 15/17/17
f 245/280/292 252/306/318 14/20/20
f 247/305/317 13/282/294 245/280/292
f 8/298/310 258/307/319 11/7/7
f 6/308/320 257/309/321 7/297/309
f 256/295/307 255/1/1 375/310/322
f 3/290/302 17/39/39 263/38/38
f 266/25/25 28/24/24 42/213/211
f 2/287/299 412/26/26 266/25/25
f 253/286/298 237/285/297 412/26/26
f 412/26/26 254/311/323 28/24/24
f 50/28/28 21/289/301 263/38/38
f 20/27/27 22/312/324 50/28/28
f 45/34/34 40/23/23 264/22/22
f 264/22/22 18/313/325 47/314/326
f 18/313/325 264/22/22 262/21/21
f 18/313/325 413/36/36 24/315/327
f 264/22/22 47/314/326 44/33/33
f 46/29/29 44/33/33 47/314/326
f 46/29/29 50/28/28 44/33/33
f 43/41/41 265/37/37 263/38/38
f 265/37/37 48/32/32 268/31/31
f 44/33/33 50/28/28 49/42/42
f 272/48/48 238/200/198 41/47/47
f 40/23/23 63/316/328 70/45/45
f 51/61/61 38/30/30 272/48/48
f 15/17/17 274/44/44 269/63/63
f 52/51/51 58/53/53 59/67/67
f 56/69/69 275/62/62 52/51/51
f 52/51/51 59/67/67 56/69/69
f 52/51/51 60/317/329 68/64/64
f 68/64/64 414/57/57 52/51/51
f 62/318/330 66/58/58 55/54/54
f 276/49/49 55/54/54 273/52/52
f 69/55/55 71/59/59 61/50/50
f 271/60/60 275/62/62 63/316/328
f 56/69/69 63/316/328 275/62/62
f 60/317/329 67/15/15 68/64/64
f 274/44/44 273/52/52 414/57/57
f 2/287/299 266/25/25 62/318/330
f 270/46/46 45/34/34 49/42/42
f 66/58/58 62/318/330 65/319/331
f 278/68/68 57/65/65 72/66/66
f 56/69/69 278/68/68 63/316/328
f 66/58/58 65/319/331 71/59/59
f 65/319/331 62/318/330 80/76/76
f 74/70/70 79/74/74 80/76/76
f 65/319/331 80/76/76 77/80/80
f 278/68/68 73/72/72 63/316/328
f 415/320/332 61/50/50 71/59/59
f 69/55/55 54/56/56 71/59/59
f 83/86/86 79/74/74 74/70/70
f 39/35/35 277/73/73 74/70/70
f 63/316/328 73/72/72 70/45/45
f 73/72/72 78/79/79 89/77/77
f 71/59/59 88/81/81 85/321/333
f 84/75/75 280/91/91 88/81/81
f 86/322/334 87/83/83 415/320/332
f 88/81/81 80/76/76 84/75/75
f 77/80/80 80/76/76 88/81/81
f 87/83/83 78/79/79 72/66/66
f 89/77/77 81/82/82 82/78/78
f 415/320/332 85/321/333 86/322/334
f 92/323/335 86/322/334 85/321/333
f 285/88/336 279/87/87 284/324/337
f 90/325/338 83/86/86 286/90/339
f 416/89/89 94/326/340 279/87/87
f 280/91/91 283/327/341 282/92/92
f 280/91/91 93/84/84 92/323/335
f 280/91/91 416/89/89 64/94/94
f 64/94/94 93/84/84 280/91/91
f 89/77/77 64/94/94 416/89/89
f 78/79/79 287/85/85 64/94/94
f 283/327/342 288/328/343 282/92/344
f 84/75/75 288/328/343 280/91/91
f 87/83/83 86/322/334 93/84/84
f 327/252/345 328/105/105 323/96/96
f 109/103/103 330/253/346 323/96/96
f 330/253/346 331/108/108 323/96/96
f 323/96/96 75/95/95 297/329/347
f 323/96/96 297/329/347 296/330/348
f 323/96/96 296/330/348 295/127/126
f 323/96/96 302/242/349 303/331/350
f 323/96/96 303/331/350 304/332/351
f 308/140/352 309/125/124 417/120/119
f 311/333/353 312/122/121 417/120/119
f 418/334/354 294/124/355 293/119/356
f 295/127/357 419/131/130 319/128/358
f 98/139/137 106/132/131 419/131/130
f 419/131/130 300/240/359 299/335/360
f 100/130/129 300/240/359 419/131/130
f 419/131/130 317/249/361 318/251/362
f 341/134/133 420/142/140 217/336/363
f 341/134/133 217/336/363 113/337/364
f 106/132/131 333/338/365 337/339/366
f 112/340/367 322/115/368 321/113/369
f 322/115/368 112/340/367 335/136/370
f 112/340/367 321/113/369 320/112/371
f 105/137/135 418/334/354 334/341/372
f 334/341/372 418/334/354 104/342/373
f 110/343/374 102/344/375 304/332/376
f 110/343/374 304/332/376 303/331/377
f 110/343/374 303/331/377 302/242/378
f 336/345/379 101/100/380 307/116/381
f 336/345/379 307/116/381 306/118/382
f 110/343/374 305/117/383 102/344/375
f 336/345/379 326/102/384 325/101/385
f 336/345/379 325/101/385 324/99/386
f 336/345/379 324/99/386 101/100/380
f 337/339/366 319/128/387 318/251/388
f 97/129/389 319/128/387 337/339/366
f 318/251/388 317/249/390 337/339/366
f 317/249/390 99/250/391 337/339/366
f 336/345/379 328/105/392 327/252/393
f 109/103/394 329/104/395 336/345/379
f 329/104/395 328/105/392 336/345/379
f 327/252/393 108/247/396 336/345/379
f 420/142/140 338/141/139 212/346/397
f 308/140/352 417/120/119 338/141/96
f 114/347/398 332/107/399 331/108/400
f 331/108/400 330/253/401 114/347/398
f 337/339/366 99/250/391 298/348/402
f 337/339/366 298/348/402 299/335/403
f 337/339/366 299/335/403 300/240/404
f 333/338/365 106/132/131 111/138/136
f 125/349/405 120/145/143 348/144/142
f 377/193/191 35/192/190 258/307/319 8/298/310
f 123/350/406 125/349/405 345/351/407
f 344/147/145 120/145/143 347/260/272
f 219/352/408 121/353/409 348/144/142
f 344/147/145 119/354/410 118/146/144
f 406/355/411 122/356/412 120/145/143
f 125/349/405 406/355/411 120/145/143
f 121/353/409 125/349/405 348/144/142
f 348/144/142 124/357/413 346/358/414
f 351/148/146 350/150/148 352/264/276
f 131/359/415 350/150/148 349/360/416
f 131/359/415 349/360/416 126/361/417
f 126/361/417 349/360/416 127/362/418
f 129/262/274 128/261/273 130/149/147
f 349/360/416 128/261/273 127/362/418
f 134/151/149 133/155/153 423/152/150
f 134/151/149 132/153/151 353/154/152
f 140/162/160 424/156/154 136/163/161
f 135/363/419 140/162/160 136/163/161
f 139/157/155 424/156/154 140/162/160
f 355/165/163 425/160/158 135/363/419
f 137/164/162 425/160/158 355/165/163
f 135/363/419 136/163/161 355/165/163
f 139/157/155 140/162/160 356/161/159
f 424/156/154 354/159/157 137/164/162
f 141/364/420 365/365/421 143/366/422
f 373/167/165 142/166/164 146/367/423
f 143/366/422 365/365/421 371/171/169
f 27/3/3 29/368/424 25/168/166
f 371/171/169 426/188/186 178/169/167
f 379/170/168 144/369/425 371/171/169
f 29/368/424 238/200/198 359/201/199
f 358/370/426 29/368/424 359/201/199
f 164/371/427 171/372/428 378/197/195
f 163/196/194 164/371/427 378/197/195
f 172/373/429 145/189/187 168/191/189
f 146/367/423 370/374/430 360/375/431
f 141/364/420 357/376/432 147/377/433
f 148/378/434 261/4/4 30/6/6
f 147/377/433 26/292/304 261/4/4
f 148/378/434 30/6/6 31/173/171
f 370/374/430 159/379/435 360/375/431
f 361/380/436 159/379/435 150/176/174
f 151/182/180 32/172/170 259/180/178
f 34/302/314 36/299/311 362/381/437
f 366/181/179 260/303/315 34/302/314
f 367/382/438 167/383/439 152/175/173
f 153/177/175 36/299/311 368/178/176
f 167/383/439 153/177/175 37/179/177
f 158/384/440 149/385/441 151/182/180
f 367/382/438 158/384/440 366/181/179
f 367/382/438 162/174/172 159/379/435
f 158/384/440 159/379/435 370/374/430
f 369/386/442 149/385/441 158/384/440
f 155/387/443 369/386/442 370/374/430
f 39/35/35 194/217/215 169/195/193
f 170/190/188 189/198/196 168/191/189
f 358/370/426 382/388/444 364/389/445
f 156/187/185 363/186/184 364/389/445
f 178/169/167 426/188/186 156/187/185
f 371/171/169 154/390/446 426/188/186
f 426/188/186 155/387/443 363/186/184
f 146/367/423 363/186/184 155/387/443
f 146/367/423 142/166/164 363/186/184
f 155/387/443 426/188/186 154/390/446
f 141/364/420 147/377/433 365/365/421
f 35/192/190 152/175/173 37/179/177
f 376/391/447 150/176/174 377/193/191
f 150/176/174 376/391/447 361/380/436
f 373/167/165 146/367/423 375/310/322
f 427/392/448 42/213/211 372/393/449
f 372/393/449 144/369/425 427/392/448
f 254/311/323 372/393/449 28/24/24
f 164/371/427 174/394/450 171/372/428
f 166/395/451 165/185/183 174/394/450
f 161/183/181 157/199/197 173/184/182
f 38/30/30 48/32/32 175/396/452
f 170/190/188 145/189/187 374/194/192
f 174/394/450 165/185/183 173/184/182
f 24/315/327 157/199/197 161/183/181
f 157/199/197 169/195/193 374/194/192
f 413/36/36 157/199/197 24/315/327
f 413/36/36 169/195/193 157/199/197
f 374/194/192 145/189/187 157/199/197
f 48/32/32 43/41/41 171/372/428
f 145/189/187 174/394/450 173/184/182
f 174/394/450 175/396/452 48/32/32
f 43/41/41 160/40/40 378/197/195
f 172/373/429 174/394/450 145/189/187
f 178/169/167 156/187/185 381/208/206
f 172/373/429 177/397/453 175/396/452
f 187/398/454 38/30/30 175/396/452
f 187/398/454 175/396/452 177/397/453
f 194/217/215 189/198/196 169/195/193
f 187/398/454 186/399/455 38/30/30
f 359/201/199 38/30/30 186/399/455
f 197/400/456 179/401/457 185/202/200
f 379/170/168 384/210/208 428/402/458
f 381/208/206 384/210/208 178/169/167
f 383/211/209 191/204/202 176/203/201
f 385/206/204 183/403/459 184/209/207
f 429/205/203 183/403/459 385/206/204
f 180/404/460 176/203/201 190/405/461
f 190/405/461 176/203/201 182/406/462
f 387/407/463 428/402/458 429/205/203
f 183/403/459 429/205/203 384/210/208
f 387/407/463 188/408/464 428/402/458
f 192/207/205 430/226/224 181/409/465
f 187/398/454 177/397/453 386/212/210
f 191/204/202 386/212/210 189/198/196
f 381/208/206 380/410/466 190/405/461
f 182/406/462 381/208/206 190/405/461
f 182/406/462 184/209/207 381/208/206
f 183/403/459 384/210/208 184/209/207
f 386/212/210 180/404/460 186/399/455
f 383/211/209 180/404/460 386/212/210
f 427/392/448 188/408/464 42/213/211
f 382/388/444 186/399/455 380/410/466
f 359/201/199 186/399/455 382/388/444
f 177/397/453 168/191/189 386/212/210
f 185/202/200 389/215/213 197/400/456
f 179/401/457 197/400/456 385/206/204
f 191/204/202 189/198/196 389/215/213
f 390/411/467 387/407/463 430/226/224
f 385/206/204 196/230/228 430/226/224
f 390/411/467 188/408/464 387/407/463
f 42/213/211 188/408/464 391/219/217
f 388/71/71 42/213/211 391/219/217
f 385/206/204 430/226/224 192/207/205
f 181/409/465 430/226/224 387/407/463
f 385/206/204 197/400/456 196/230/228
f 193/216/214 194/217/215 198/412/468
f 194/217/215 388/71/71 198/412/468
f 392/218/216 193/216/214 198/412/468
f 194/217/215 195/214/212 189/198/196
f 196/230/228 197/400/456 205/227/225
f 396/222/220 400/413/469 401/228/226
f 396/222/220 401/228/226 205/227/225
f 204/224/222 398/238/240 201/220/218
f 204/224/222 201/220/218 431/225/223
f 391/219/217 431/225/223 201/220/218
f 392/218/216 198/412/468 203/232/230
f 392/218/216 203/232/230 200/223/221
f 203/232/230 198/412/468 395/221/219
f 195/214/212 200/223/221 206/237/239
f 393/235/237 202/229/227 401/228/226
f 285/88/470 394/231/229 286/90/471
f 394/231/229 285/88/470 284/324/472
f 94/326/473 394/231/229 284/324/472
f 399/233/231 394/231/229 94/326/473
f 395/221/219 201/220/218 398/238/240
f 399/233/231 94/326/473 284/324/474
f 399/233/231 284/324/474 285/88/232
f 400/413/469 432/236/238 401/228/226
f 432/236/238 397/234/235 401/228/226
f 432/236/238 400/413/469 396/222/220
f 398/238/240 91/414/475 283/327/476
f 282/92/477 398/238/240 283/327/476
f 90/325/478 395/221/219 281/93/479
f 399/233/231 432/236/238 200/223/221
f 397/234/235 204/224/222 393/235/237
f 200/223/221 394/231/229 399/233/231
f 433/415/480 207/245/251 402/416/481
f 433/415/480 316/417/482 315/418/483
f 433/415/480 291/109/484 290/98/485
f 319/128/486 434/239/242 295/127/487
f 100/130/241 209/255/267 434/239/242
f 208/246/252 207/245/251 209/255/267
f 433/415/480 75/95/488 297/329/489
f 212/346/397 214/419/490 217/336/363
f 313/123/491 212/346/397 312/122/492
f 316/417/493 405/241/244 315/418/494
f 435/254/264 335/136/370 112/340/367
f 335/136/370 435/254/264 322/115/495
f 211/244/250 213/420/496 207/245/251
f 308/140/497 212/346/397 338/141/139
f 112/340/367 114/347/398 435/254/264
f 114/347/398 403/421/498 435/254/264
f 343/422/499 218/257/269 437/259/271
f 437/259/271 220/258/270 221/423/500
f 218/257/269 343/422/499 119/354/410
f 344/147/145 218/257/269 119/354/410
f 346/358/414 437/259/271 219/352/408
f 122/356/412 220/258/270 347/260/272
f 437/259/271 221/423/500 121/353/409
f 131/359/415 223/265/277 352/264/276
f 222/424/501 131/359/415 126/361/417
f 129/262/274 130/149/147 407/263/275
f 222/424/501 126/361/417 127/362/418
f 351/148/146 223/265/277 407/263/275
f 409/268/280 225/267/279 226/270/282
f 408/269/281 226/270/282 225/267/279
f 230/279/291 227/274/286 228/276/288
f 231/425/502 227/274/286 230/279/291
f 235/275/287 227/274/286 231/425/502
f 228/276/288 229/277/289 230/279/291
f 233/272/284 411/271/283 410/278/290
f 410/278/290 411/271/283 234/426/503
f 235/275/287 234/426/503 411/271/283
f 410/278/290 234/426/503 231/425/502
f 231/425/502 234/426/503 235/275/287
f 337/339/366 421/427/504 116/428/505
f 216/256/268 436/429/506 211/244/250
f 403/421/498 217/336/363 214/419/490
f 117/430/507 333/338/365 111/138/136
f 114/347/398 336/345/379 339/431/508
f 340/432/509 115/433/510 114/347/398
f 115/433/510 340/432/509 113/337/364
f 421/427/504 117/430/507 113/337/364
f 117/430/507 342/434/511 113/337/364
f 339/431/508 421/427/504 113/337/364
f 333/338/365 117/430/507 421/427/504
f 342/434/511 341/134/133 113/337/364
f 117/430/507 111/138/136 342/434/511
f 111/138/136 334/341/372 342/434/511
f 336/345/379 110/343/374 116/428/505
f 116/428/505 110/343/374 337/339/366
f 403/421/498 115/433/510 217/336/363
f 436/429/506 403/421/498 214/419/490
f 404/435/512 216/256/268 215/243/248
f 213/420/496 211/244/250 405/241/244
f 436/429/506 405/241/244 211/244/250
f 215/243/248 210/248/254 404/435/512
f 254/311/323 237/285/297 26/292/304
f 236/284/296 252/306/318 13/282/294
f 238/200/198 29/368/424 27/3/3
f 53/43/43 252/306/318 236/284/296
f 236/284/296 253/286/298 2/287/299
f 241/281/293 14/20/20 4/19/19
f 251/296/308 245/280/292 241/281/293
f 240/291/303 237/285/297 5/283/295
f 248/293/305 30/6/6 242/5/5
f 240/291/303 261/4/4 26/292/304
f 7/297/309 16/294/306 6/308/320
f 6/308/320 16/294/306 256/295/307
f 244/10/10 32/172/170 243/13/13
f 36/299/311 34/302/314 9/300/312
f 9/300/312 34/302/314 33/12/12
f 33/12/12 260/303/315 259/180/178
f 12/304/316 37/179/177 368/178/176
f 23/8/8 10/301/313 250/11/11
f 23/8/8 250/11/11 19/9/9
f 249/14/14 243/13/13 248/293/305
f 19/9/9 250/11/11 249/14/14
f 19/9/9 249/14/14 16/294/306
f 242/5/5 5/283/295 247/305/317
f 248/293/305 247/305/317 251/296/308
f 251/296/308 247/305/317 245/280/292
f 41/47/47 239/16/16 67/15/15
f 239/16/16 246/18/18 15/17/17
f 252/306/318 246/18/18 14/20/20
f 252/306/318 245/280/292 13/282/294
f 247/305/317 5/283/295 13/282/294
f 11/7/7 258/307/319 12/304/316
f 12/304/316 258/307/319 37/179/177
f 37/179/177 258/307/319 35/192/190
f 376/391/447 377/193/191 8/298/310 257/309/321
f 361/380/436 376/391/447 257/309/321 6/308/320
f 8/298/310 7/297/309 257/309/321
f 375/310/322 361/380/436 6/308/320 256/295/307
f 20/27/27 46/29/29 47/314/326 18/313/325
f 256/295/307 4/19/19 255/1/1
f 241/281/293 4/19/19 256/295/307
f 412/26/26 237/285/297 254/311/323
f 2/287/299 253/286/298 412/26/26
f 50/28/28 22/312/324 21/289/301
f 268/31/31 49/42/42 50/28/28 265/37/37
f 18/313/325 262/21/21 413/36/36
f 265/37/37 43/41/41 48/32/32
f 60/317/329 275/62/62 51/61/61 272/48/48
f 269/63/63 67/15/15 15/17/17
f 272/48/48 38/30/30 238/200/198
f 276/49/49 267/288/300 2/287/299
f 59/67/67 58/53/53 57/65/65
f 55/54/54 54/56/56 61/50/50
f 52/51/51 275/62/62 60/317/329
f 55/54/54 276/49/49 62/318/330
f 276/49/49 2/287/299 62/318/330
f 271/60/60 270/46/46 51/61/61
f 62/318/330 266/25/25 42/213/211
f 414/57/57 68/64/64 269/63/63
f 58/53/53 61/50/50 415/320/332 72/66/66
f 272/48/48 67/15/15 60/317/329
f 271/60/60 63/316/328 40/23/23
f 276/49/49 53/43/43 267/288/300
f 270/46/46 271/60/60 45/34/34
f 83/86/86 279/87/87 285/88/336 286/90/339
f 278/68/68 59/67/67 57/65/65
f 65/319/331 77/80/80 71/59/59
f 70/45/45 277/73/73 39/35/35
f 80/76/76 62/318/330 42/213/211
f 83/86/86 74/70/70 81/82/82
f 85/321/333 415/320/332 71/59/59
f 74/70/70 277/73/73 82/78/78
f 83/86/86 84/75/75 79/74/74
f 72/66/66 78/79/79 278/68/68
f 415/320/332 87/83/83 72/66/66
f 94/326/340 284/324/337 279/87/87
f 85/321/333 88/81/81 280/91/91 92/323/335
f 286/90/90 416/89/89 280/91/91 90/325/513
f 91/414/514 283/327/341 280/91/91 288/328/343
f 416/89/89 284/324/515 94/326/340
f 416/89/89 285/88/88 284/324/515
f 83/86/86 90/325/338 281/93/516 288/328/343
f 281/93/93 90/325/513 280/91/91
f 288/328/343 84/75/75 83/86/86
f 81/82/82 89/77/77 416/89/89 279/87/87
f 281/93/516 282/92/344 288/328/343
f 283/327/342 91/414/514 288/328/343
f 92/323/335 93/84/84 86/322/334
f 108/247/517 327/252/345 323/96/96 326/102/102
f 295/127/126 97/129/128 302/242/349 323/96/96
f 323/96/96 291/109/109 290/98/98
f 304/332/351 102/344/518 305/117/116 323/96/96
f 292/121/120 417/120/119 313/123/122 95/133/519
f 76/110/110 301/111/96 417/120/119 294/124/123
f 311/333/353 417/120/119 310/126/125 103/436/520
f 76/110/521 294/124/355 418/334/354 291/109/522
f 418/334/354 75/95/523 289/97/524
f 418/334/354 289/97/524 290/98/525
f 95/133/526 314/135/527 418/334/354 292/121/528
f 418/334/354 290/98/525 291/109/522
f 98/139/137 419/131/130 418/334/354 105/137/135
f 418/334/354 314/135/527 315/418/529
f 293/119/356 292/121/528 418/334/354
f 418/334/354 316/417/530 104/342/373
f 418/334/354 315/418/529 316/417/530
f 297/329/531 418/334/354 419/131/130 296/330/532
f 419/131/130 295/127/357 296/330/532
f 318/251/362 319/128/358 419/131/130
f 418/334/354 297/329/531 75/95/523
f 99/250/533 317/249/361 419/131/130 298/348/534
f 103/436/535 420/142/140 341/134/133 311/333/536
f 299/335/360 298/348/534 419/131/130
f 217/336/363 420/142/140 212/346/397
f 341/134/133 95/133/132 313/123/537
f 313/123/537 312/122/538 341/134/133
f 341/134/133 312/122/538 311/333/536
f 316/417/539 341/134/133 334/341/372 104/342/373
f 320/112/371 96/106/540 114/347/398 112/340/367
f 316/417/539 315/418/541 341/134/133
f 341/134/133 315/418/541 314/135/134
f 97/129/389 337/339/366 110/343/374 302/242/378
f 111/138/136 105/137/135 334/341/372
f 306/118/382 305/117/383 110/343/374 336/345/379
f 330/253/401 109/103/394 336/345/379 114/347/398
f 336/345/379 108/247/396 326/102/384
f 420/142/140 103/436/535 310/126/542
f 420/142/140 310/126/542 309/125/543
f 420/142/140 309/125/543 308/140/138
f 114/347/398 96/106/540 332/107/399
f 106/132/131 337/339/366 300/240/404 100/130/129
f 343/422/499 124/357/413 348/144/142 422/143/141
f 422/143/141 118/146/144 343/422/499
f 29/368/424 358/370/426 142/166/164 25/168/166
f 343/422/499 118/146/144 119/354/410
f 345/351/407 125/349/405 121/353/409
f 346/358/414 219/352/408 348/144/142
f 122/356/412 347/260/272 120/145/143
f 125/349/405 123/350/406 406/355/411
f 128/261/273 349/360/416 350/150/148
f 350/150/148 130/149/147 128/261/273
f 131/359/415 352/264/276 350/150/148
f 424/156/154 137/164/162 136/163/161
f 140/162/160 135/363/419 425/160/158
f 425/160/158 354/159/157 138/158/156
f 357/376/432 254/311/323 26/292/304
f 141/364/420 372/393/449 357/376/432
f 371/171/169 365/365/421 154/390/446
f 244/10/10 33/12/12 259/180/178 32/172/170
f 144/369/425 143/366/422 371/171/169
f 146/367/423 155/387/443 370/374/430
f 147/377/433 357/376/432 26/292/304
f 148/378/434 147/377/433 261/4/4
f 151/182/180 148/378/434 31/173/171
f 151/182/180 149/385/441 148/378/434
f 150/176/174 159/379/435 162/174/172
f 361/380/436 360/375/431 159/379/435
f 148/378/434 149/385/441 365/365/421 147/377/433
f 32/172/170 151/182/180 31/173/171
f 152/175/173 162/174/172 367/382/438
f 366/181/179 34/302/314 362/381/437
f 366/181/179 259/180/178 260/303/315
f 153/177/175 362/381/437 36/299/311
f 366/181/179 362/381/437 153/177/175
f 167/383/439 366/181/179 153/177/175
f 367/382/438 366/181/179 167/383/439
f 366/181/179 158/384/440 151/182/180
f 159/379/435 158/384/440 367/382/438
f 369/386/442 365/365/421 149/385/441
f 142/166/164 358/370/426 364/389/445 363/186/184
f 369/386/442 158/384/440 370/374/430
f 380/410/466 364/389/445 382/388/444
f 359/201/199 382/388/444 358/370/426
f 364/389/445 380/410/466 381/208/206 156/187/185
f 154/390/446 365/365/421 369/386/442
f 155/387/443 154/390/446 369/386/442
f 152/175/173 167/383/439 37/179/177
f 377/193/191 150/176/174 152/175/173
f 375/310/322 360/375/431 361/380/436
f 375/310/322 146/367/423 360/375/431
f 255/1/1 373/167/165 375/310/322
f 372/393/449 42/213/211 28/24/24
f 372/393/449 141/364/420 143/366/422
f 254/311/323 357/376/432 372/393/449
f 372/393/449 143/366/422 144/369/425
f 164/371/427 166/395/451 174/394/450
f 39/35/35 169/195/193 413/36/36
f 48/32/32 171/372/428 174/394/450
f 378/197/195 171/372/428 43/41/41
f 174/394/450 172/373/429 175/396/452
f 179/401/457 385/206/204 182/406/462 176/203/201
f 144/369/425 379/170/168 428/402/458
f 192/207/205 181/409/465 429/205/203
f 176/203/201 185/202/200 179/401/457
f 182/406/462 385/206/204 184/209/207
f 186/399/455 180/404/460 190/405/461 380/410/466
f 180/404/460 383/211/209 176/203/201
f 429/205/203 428/402/458 384/210/208
f 429/205/203 181/409/465 387/407/463
f 186/399/455 187/398/454 386/212/210
f 144/369/425 428/402/458 188/408/464 427/392/448
f 389/215/213 396/222/220 205/227/225 197/400/456
f 379/170/168 178/169/167 384/210/208
f 177/397/453 172/373/429 168/191/189
f 185/202/200 191/204/202 389/215/213
f 430/226/224 431/225/223 390/411/467
f 391/219/217 199/437/544 388/71/71
f 391/219/217 188/408/464 390/411/467
f 391/219/217 390/411/467 431/225/223
f 74/70/70 80/76/76 388/71/71
f 194/217/215 39/35/35 388/71/71
f 388/71/71 199/437/544 198/412/468
f 395/221/219 199/437/544 391/219/217
f 195/214/212 206/237/239 396/222/220
f 90/325/478 286/90/471 394/231/229 395/221/219
f 202/229/227 196/230/228 205/227/225
f 430/226/224 202/229/227 204/224/222
f 395/221/219 198/412/468 199/437/544
f 397/234/235 399/233/231 286/90/233 90/325/545
f 393/235/237 204/224/222 202/229/227
f 91/414/475 398/238/240 397/234/235 283/327/546
f 397/234/235 90/325/545 281/93/236
f 398/238/240 282/92/477 281/93/479 395/221/219
f 397/234/235 282/92/234 283/327/546
f 397/234/235 432/236/238 399/233/231
f 206/237/239 200/223/221 432/236/238
f 104/342/547 316/417/482 433/415/480 402/416/481
f 95/133/548 292/121/549 433/415/480 314/135/550
f 76/110/551 291/109/484 433/415/480 294/124/552
f 433/415/480 292/121/549 293/119/553
f 315/418/483 314/135/550 433/415/480
f 433/415/480 434/239/242 209/255/267 207/245/251
f 433/415/480 293/119/553 294/124/552
f 289/97/554 75/95/488 433/415/480
f 290/98/485 289/97/554 433/415/480
f 99/250/555 298/348/556 434/239/242 317/249/557
f 434/239/242 319/128/486 318/251/558
f 296/330/559 295/127/487 434/239/242
f 297/329/489 296/330/559 434/239/242 433/415/480
f 434/239/242 298/348/556 299/335/560
f 434/239/242 318/251/558 317/249/557
f 434/239/242 299/335/560 300/240/243
f 212/346/397 313/123/491 95/133/245 405/241/244
f 402/416/481 405/241/244 316/417/493 104/342/547
f 405/241/244 214/419/490 212/346/397
f 103/436/561 311/333/562 212/346/397
f 311/333/562 312/122/492 212/346/397
f 303/331/563 210/248/254 215/243/248 302/242/247
f 314/135/246 315/418/494 405/241/244
f 216/256/268 209/255/267 215/243/248
f 96/106/564 320/112/565 435/254/264
f 435/254/264 320/112/565 321/113/566
f 435/254/264 321/113/566 322/115/495
f 402/416/481 207/245/251 213/420/496
f 402/416/481 213/420/496 405/241/244
f 210/248/254 304/332/567 102/344/568
f 109/103/265 435/254/264 210/248/254 329/104/262
f 210/248/254 303/331/563 304/332/567
f 210/248/254 307/116/569 101/100/570
f 210/248/254 102/344/568 305/117/571
f 210/248/254 305/117/571 306/118/572
f 210/248/254 306/118/572 307/116/569
f 210/248/254 101/100/570 324/99/573
f 210/248/254 324/99/573 325/101/574
f 210/248/254 325/101/574 326/102/255
f 215/243/248 319/128/258 97/129/249
f 215/243/248 317/249/256 318/251/259
f 209/255/267 100/130/241 300/240/575 215/243/248
f 210/248/254 108/247/253 327/252/261
f 310/126/576 103/436/561 212/346/397
f 308/140/497 309/125/577 212/346/397
f 309/125/577 310/126/576 212/346/397
f 435/254/264 332/107/578 96/106/564
f 435/254/264 331/108/266 332/107/578
f 215/243/248 298/348/579 99/250/257
f 123/350/406 221/423/500 220/258/270 406/355/411
f 215/243/248 300/240/575 299/335/580
f 215/243/248 299/335/580 298/348/579
f 403/421/498 114/347/398 115/433/510
f 437/259/271 124/357/413 343/422/499
f 345/351/407 221/423/500 123/350/406
f 406/355/411 220/258/270 122/356/412
f 121/353/409 221/423/500 345/351/407
f 128/261/273 407/263/275 222/424/501 127/362/418
f 218/257/269 347/260/272 220/258/270
f 437/259/271 346/358/414 124/357/413
f 121/353/409 219/352/408 437/259/271
f 407/263/275 223/265/277 222/424/501
f 131/359/415 222/424/501 223/265/277
f 409/268/280 408/269/281 224/266/278
f 227/274/286 232/273/285 228/276/288
f 233/272/284 228/276/288 232/273/285
f 231/425/502 230/279/291 410/278/290
f 340/432/509 114/347/398 339/431/508
f 217/336/363 115/433/510 113/337/364
f 113/337/364 340/432/509 339/431/508
f 339/431/508 116/428/505 421/427/504
f 333/338/365 421/427/504 337/339/366
f 342/434/511 334/341/372 341/134/133
f 116/428/505 339/431/508 336/345/379
f 210/248/254 435/254/264 403/421/498
f 403/421/498 404/435/512 210/248/254
f 436/429/506 404/435/512 403/421/498
f 436/429/506 214/419/490 405/241/244
f 216/256/268 404/435/512 436/429/506
o Cube.002_Cube.003
v -4.653392 1.467789 -1.095706
v -5.209041 2.106844 -1.089636
v -5.872892 1.717299 -1.207786
v -3.014880 1.524698 -1.095075
v -3.457798 2.220512 -1.085587
v -2.202081 1.573579 -1.161377
v -1.691988 1.358343 -1.161126
v -1.390993 1.394681 -1.181092
v -1.447761 2.178474 -1.175604
v -1.267976 1.862412 -1.214076
v -1.303037 1.487307 -1.190306
v -1.222859 1.584736 -1.218313
v -3.650236 2.071610 -1.034176
v -3.240377 1.638721 -1.049200
v -5.073801 1.689096 -1.046973
v -2.205534 1.723145 -1.137403
v -5.929653 1.733220 -1.230235
v -5.902788 1.798493 -1.228388
v -1.513470 1.733465 -1.133547
v -1.658459 1.464652 -1.141525
v -5.819146 1.741028 -1.194384
v -5.871109 1.708368 -1.199585
v -5.835835 1.697650 -1.199056
v -1.306105 1.791671 -1.181738
v -4.656113 1.433574 -1.303886
v -3.621500 2.284328 -1.294116
v -4.691276 1.434822 -1.170219
v -4.816104 2.259945 -1.182241
v -5.145828 1.458499 -1.268318
v -3.018628 2.214728 -1.336318
v -2.216146 2.064015 -1.221630
v -2.041652 2.053643 -1.252147
v -1.803686 2.109047 -1.284309
v -1.525890 2.237684 -1.186826
v -1.421692 2.213729 -1.224162
v -1.343443 1.377088 -1.229354
v -1.254646 1.861165 -1.236924
v -1.218426 1.551626 -1.240830
v -5.831226 1.587575 -1.224004
v -5.839168 1.855768 -1.238029
v -5.707526 1.758858 -1.144146
v -5.345987 1.485206 -1.110729
v -5.393118 2.118977 -1.237339
v -5.933817 1.700383 -1.242758
v -5.739034 1.710025 -1.144954
v -5.814802 1.735241 -1.182378
v -5.678213 1.684318 -1.131731
v -5.872742 1.764257 -1.201425
v -5.889961 1.619089 -1.244319
v -5.735446 1.611503 -1.157828
v -5.846031 1.693012 -1.185903
v -5.675776 1.569912 -1.134326
v -5.257977 1.676601 -1.032179
v -4.991648 1.915244 -1.035051
v -5.332053 2.019048 -1.067568
v -5.216747 2.035705 -1.055803
v -5.639986 1.746406 -1.104243
v -5.440955 1.794815 -1.069299
v -5.367248 1.844593 -1.052133
v -5.536927 1.761343 -1.081823
v -5.437497 1.631815 -1.074660
v -5.342756 1.905709 -1.047268
v -5.357989 2.094780 -1.097468
v -5.707975 1.764630 -1.116299
v -5.575873 1.822803 -1.180135
v -5.445642 2.052878 -1.107094
v -5.346147 2.056172 -1.065950
v -5.255118 1.549723 -1.065858
v -5.192458 1.675473 -1.037195
v -5.355204 1.996833 -1.069389
v -5.807739 1.846457 -1.167548
v -5.403755 1.967989 -1.053289
v -5.436114 1.824637 -1.043121
v -5.667540 1.807224 -1.090003
v -5.710922 1.929191 -1.128056
v -5.638134 2.026858 -1.203159
v -5.685324 1.987555 -1.201729
v -5.543857 1.769170 -1.238044
v -5.498296 1.937957 -1.238044
v -5.507724 2.040782 -1.087851
v -5.616860 2.002730 -1.193261
v -5.557563 2.048142 -1.155630
v -5.673491 1.913259 -1.138655
v -5.538887 2.005420 -1.155814
v -5.427392 1.936574 -1.064687
v -5.430798 1.880550 -1.073926
v -5.459686 1.833825 -1.076528
v -5.508151 2.016712 -1.098381
v -5.647262 1.827608 -1.115367
v -5.564336 1.924428 -1.238044
v -5.540015 1.933108 -1.238044
v -5.451728 1.892293 -1.153466
v -5.469678 1.831370 -1.156610
v -5.584411 1.908762 -1.238044
v -5.597641 1.888446 -1.201322
v -5.412654 2.004080 -1.238044
v -5.659367 1.847332 -1.238044
v -5.551339 1.668078 -1.238044
v -5.321272 1.769308 -1.171742
v -5.489141 1.650315 -1.238044
v -5.458803 1.648232 -1.238044
v -5.623208 1.713103 -1.238044
v -5.593659 1.684103 -1.238044
v -5.444344 2.009881 -1.238044
v -5.357897 1.979692 -1.238044
v -5.306857 1.871781 -1.172627
v -5.652226 1.899332 -1.238044
v -5.616576 1.943321 -1.238044
v -5.643552 1.761998 -1.238044
v -5.654244 1.807874 -1.238044
v -5.545588 1.767205 -1.098755
v -5.613851 1.771174 -1.128737
v -5.663249 1.901379 -1.226113
v -5.639041 1.861230 -1.070797
v -5.538270 2.019930 -1.093914
v -5.672857 1.916158 -1.105423
v -5.650569 1.983052 -1.244580
v -5.445385 1.919748 -1.057252
v -4.514068 2.209240 -1.238039
v -4.727150 2.265509 -1.237348
v -4.137964 2.346420 -1.219946
v -3.970938 2.427808 -1.235413
v -1.721519 2.037978 -1.238408
v -3.631460 2.444294 -1.236160
v -2.702538 2.427191 -1.238121
v -2.013086 2.266752 -1.236602
v -2.481354 1.971404 -1.238034
v -2.565956 2.302825 -1.219613
v -2.038708 1.321453 -1.235990
v -3.572433 1.517217 -1.238044
v -3.606774 1.477900 -1.238058
v -3.189976 1.338657 -1.235141
v -2.850815 1.288357 -1.238041
v -2.309524 1.591944 -1.237951
v -2.388455 1.610845 -1.227965
v -4.773329 1.440890 -1.124802
v -4.349033 1.304819 -1.089250
v -4.433787 1.441597 -1.124604
v -4.894279 1.812500 -1.038013
v -4.656128 2.057684 -0.961267
v -4.519080 1.938753 -0.928639
v -4.572514 1.559975 -0.983229
v -4.765823 1.537711 -1.036532
v -4.919353 1.667640 -1.067167
v -4.668115 1.466886 -1.379452
v -4.630628 2.248010 -1.377235
v -5.207508 2.108288 -1.382414
v -5.677754 1.685488 -1.343029
v -2.841579 1.509676 -1.363157
v -2.209482 2.049644 -1.294283
v -2.233282 1.537934 -1.292554
v -2.211724 2.001932 -1.319846
v -1.702500 1.341079 -1.303920
v -2.036542 1.954554 -1.325506
v -1.415463 1.420434 -1.304693
v -1.271655 1.543884 -1.280888
v -3.235849 1.681234 -1.436058
v -5.072032 1.692736 -1.429159
v -5.876458 1.766868 -1.273276
v -2.201585 1.759332 -1.338843
v -5.936530 1.730740 -1.242155
v -5.905566 1.802419 -1.245823
v -1.707664 1.439698 -1.331597
v -5.872896 1.717324 -1.268353
v -5.871124 1.708434 -1.276510
v -5.819633 1.741467 -1.281586
v -5.835856 1.697632 -1.277032
v -1.307259 1.792766 -1.294804
v -5.802962 1.831514 -1.288108
v -5.689612 1.734879 -1.336329
v -5.877459 1.708398 -1.289167
v -5.733128 1.611225 -1.317387
v -5.702792 1.668071 -1.341515
v -5.812709 1.735479 -1.300550
v -5.732579 1.773103 -1.333722
v -5.845949 1.693008 -1.290273
v -5.789089 1.595721 -1.289327
v -5.342294 1.653555 -1.429197
v -5.735892 1.607931 -1.329362
v -4.988442 1.900237 -1.443030
v -5.273799 2.036532 -1.413600
v -5.118089 1.770413 -1.449590
v -5.410481 1.633316 -1.405874
v -5.099537 1.954668 -1.448526
v -5.540812 1.670280 -1.389779
v -5.537700 1.761158 -1.394222
v -5.447425 1.512745 -1.380070
v -5.697468 1.573524 -1.333028
v -5.339451 2.110136 -1.364501
v -5.194266 1.675779 -1.439756
v -5.640284 1.746433 -1.372516
v -5.355468 2.000186 -1.408462
v -5.409880 1.812596 -1.417336
v -5.721995 1.892304 -1.338175
v -5.814961 1.861166 -1.288543
v -5.665168 1.806531 -1.386902
v -5.396625 1.891106 -1.438876
v -5.428132 1.828260 -1.432289
v -5.687691 1.989749 -1.279355
v -5.639480 2.025493 -1.276338
v -5.706795 1.929200 -1.350078
v -5.547727 2.017926 -1.321913
v -5.433909 1.931736 -1.397059
v -5.425031 1.883108 -1.418328
v -5.655558 1.954788 -1.287062
v -5.506019 2.009277 -1.373948
v -5.455686 1.833096 -1.414085
v -5.640178 1.828459 -1.353273
v -5.575604 1.822462 -1.296594
v -5.460892 1.838028 -1.324773
v -5.306735 1.872366 -1.302636
v -5.316345 1.787477 -1.315912
v -5.342424 1.737202 -1.304896
v -5.672679 1.872337 -1.302919
v -5.634015 1.782894 -1.345492
v -5.388528 1.873331 -1.396012
v -5.352749 1.915442 -1.352127
v -5.538738 2.023692 -1.373842
v -5.548360 1.778462 -1.388189
v -5.476996 1.834082 -1.416065
v -4.591302 2.196380 -1.257285
v -4.043025 2.399286 -1.252140
v -2.612716 2.330856 -1.255542
v -3.442889 1.565912 -1.248441
v -2.729035 1.375498 -1.251574
v -2.373415 1.610162 -1.248208
v -4.589848 1.306948 -1.387132
v -4.383483 1.341892 -1.376177
v -4.448246 1.453734 -1.347895
v -4.744733 2.032268 -1.492224
v -4.537620 1.969257 -1.537817
v -4.479181 1.787984 -1.536916
v -4.522397 1.592410 -1.503353
v -4.790437 1.543106 -1.430026
v -4.638619 2.052941 -1.525860
v -4.560128 1.970890 -1.547320
v -4.888307 1.603847 -1.422503
v -4.922516 1.677139 -1.412233
v -4.643070 2.169659 -1.053932
v -3.568059 2.271519 -1.143784
v -4.731870 2.237499 -1.101728
v -5.371153 1.468642 -1.176380
v -5.175049 1.518555 -1.098528
v -2.955008 2.208322 -1.155387
v -2.590710 1.568217 -1.110930
v -2.475165 2.119522 -1.166489
v -2.015279 2.049366 -1.188444
v -1.803265 2.106865 -1.184428
v -3.090710 1.812879 -1.040209
v -4.661873 1.566894 -1.042968
v -3.053917 2.095105 -1.066019
v -2.187841 2.010180 -1.160374
v -1.946166 1.986742 -1.154749
v -1.493885 2.145741 -1.154305
v -2.615919 1.820367 -1.083899
v -4.577509 1.908016 -1.011773
v -4.535828 2.280053 -1.145261
v -2.726579 1.492914 -1.146561
v -2.854064 1.475603 -1.185719
v -2.229890 1.532534 -1.196298
v -2.036937 1.480127 -1.191245
v -1.730229 1.332035 -1.193584
v -1.571909 1.321442 -1.209905
v -1.555171 2.227529 -1.290943
v -1.483648 2.244137 -1.272007
v -2.495122 2.137032 -1.269393
v -5.827815 1.845088 -1.206770
v -5.877179 1.709742 -1.187551
v -5.739883 1.779783 -1.145019
v -5.917068 1.675982 -1.215941
v -5.298453 2.120332 -1.130127
v -5.078070 2.036917 -1.055730
v -5.096846 1.688723 -1.030623
v -5.735233 1.606496 -1.145313
v -5.674860 1.699523 -1.116241
v -5.388705 1.501910 -1.090146
v -5.098341 1.957767 -1.030038
v -5.008660 1.897151 -1.017341
v -5.579539 1.696378 -1.089234
v -5.075080 2.017164 -1.034293
v -5.722854 1.900451 -1.141672
v -5.559082 1.773271 -1.067044
v -5.588277 1.913498 -1.232508
v -5.511065 1.937294 -1.190148
v -5.558559 1.791807 -1.080398
v -5.558604 1.927171 -1.238044
v -5.552574 1.929423 -1.238044
v -5.546345 1.931347 -1.238044
v -5.579641 1.913088 -1.238044
v -5.574772 1.917250 -1.238044
v -5.569703 1.921085 -1.238044
v -5.527183 1.807752 -1.159955
v -5.543339 1.934601 -1.233500
v -5.536832 1.810671 -1.238044
v -5.526938 1.856186 -1.238044
v -5.514114 1.900389 -1.238044
v -5.435975 1.995023 -1.238044
v -5.458531 1.982977 -1.238044
v -5.479560 1.964951 -1.238044
v -5.551222 1.687516 -1.238044
v -5.550404 1.709288 -1.238044
v -5.548182 1.735728 -1.238044
v -5.478943 1.648508 -1.238044
v -5.470985 1.647804 -1.238044
v -5.464521 1.647834 -1.238044
v -5.559651 1.982032 -1.238044
v -5.562607 1.671607 -1.238044
v -5.573600 1.675326 -1.238044
v -5.584043 1.679428 -1.238044
v -5.602252 1.689555 -1.238044
v -5.609922 1.696031 -1.238044
v -5.616848 1.703794 -1.238044
v -5.491575 2.001695 -1.238044
v -5.473975 2.005415 -1.238044
v -5.457966 2.008286 -1.238044
v -5.433637 2.009918 -1.238044
v -5.425317 2.008680 -1.238044
v -5.418588 2.006593 -1.238044
v -5.398965 1.997983 -1.238044
v -5.385276 1.991886 -1.238044
v -5.371586 1.985788 -1.238044
v -5.502077 1.653470 -1.238044
v -5.517253 1.657727 -1.238044
v -5.533922 1.662719 -1.238044
v -5.658580 1.859125 -1.238044
v -5.656937 1.871952 -1.238044
v -5.654724 1.885470 -1.238044
v -5.629132 1.724078 -1.238044
v -5.634567 1.736275 -1.238044
v -5.639407 1.749110 -1.238044
v -5.646947 1.774441 -1.238044
v -5.649734 1.786281 -1.238044
v -5.652102 1.797449 -1.238044
v -5.656270 1.817588 -1.238044
v -5.657983 1.827037 -1.238044
v -5.659107 1.836769 -1.238044
v -5.342536 1.863645 -1.110313
v -5.348544 1.742499 -1.156666
v -5.363059 1.941962 -1.143851
v -5.658168 1.897182 -1.238044
v -5.506444 2.004990 -1.238044
v -5.635540 1.976105 -1.137455
v -5.490683 2.020331 -1.129287
v -5.490873 1.847982 -1.056006
v -5.465269 1.978718 -1.075132
v -2.301212 1.916034 -1.220596
v -4.554289 2.330182 -1.237018
v -1.815715 1.963909 -1.237808
v -4.200138 2.442682 -1.238640
v -3.449250 1.565125 -1.227486
v -1.996232 1.539605 -1.238231
v -4.494031 1.631152 -0.957223
v -4.836166 1.932290 -1.009035
v -4.724485 2.041903 -0.966195
v -4.886800 1.600995 -1.059325
v -3.543232 2.240784 -1.379696
v -5.208317 1.487660 -1.348892
v -5.354052 1.475348 -1.349999
v -2.196127 1.591864 -1.321393
v -2.053710 1.489325 -1.292246
v -1.426656 2.205111 -1.271252
v -1.287296 1.902564 -1.264295
v -4.552978 1.840760 -1.462772
v -4.673169 1.565878 -1.432400
v -5.201023 1.562480 -1.394460
v -3.293668 2.119282 -1.424482
v -1.484214 2.143547 -1.321601
v -1.520580 1.676197 -1.343325
v -1.212233 1.684723 -1.244761
v -3.087647 1.962240 -1.431935
v -2.758223 1.741101 -1.405928
v -4.692656 2.056284 -1.446042
v -2.628541 1.482392 -1.277957
v -4.820795 2.256161 -1.320296
v -4.674687 2.274808 -1.310035
v -1.733846 1.332251 -1.274070
v -1.589295 1.320263 -1.268641
v -1.355696 1.380845 -1.269392
v -5.915139 1.730059 -1.262042
v -5.064579 2.023836 -1.423289
v -5.244274 1.558857 -1.415723
v -5.093683 1.694047 -1.447047
v -5.331439 1.504845 -1.386417
v -5.195493 2.027606 -1.423469
v -5.034616 1.965517 -1.455493
v -5.342231 1.888333 -1.431152
v -5.671341 1.696573 -1.367654
v -5.345915 2.053159 -1.411629
v -5.797003 1.836323 -1.316740
v -5.635752 2.016937 -1.268628
v -5.557142 1.777795 -1.412466
v -5.695164 1.752636 -1.362586
v -5.442338 2.037613 -1.382235
v -5.547293 2.048842 -1.327061
v -5.454301 1.901012 -1.319969
v -5.591445 1.916136 -1.244404
v -5.620083 1.978616 -1.272286
v -5.528759 1.810098 -1.313465
v -5.510020 1.933953 -1.288261
v -5.534899 1.941274 -1.251719
v -5.597770 1.890586 -1.273774
v -5.362794 1.963376 -1.264195
v -5.552279 2.019510 -1.268174
v -5.668578 1.923999 -1.376770
v -5.637373 1.848180 -1.400644
v -5.465795 1.992875 -1.389413
v -2.006219 1.951679 -1.251119
v -3.629911 2.087204 -1.242565
v -4.358245 1.264643 -1.398984
v -4.767914 1.431073 -1.354045
v -4.530851 1.595131 -1.516149
v -4.874869 1.868111 -1.454980
v -5.888680 1.834536 -1.240507
v -5.115732 1.778086 -1.026384
v -5.401718 1.890525 -1.036824
v -5.666182 1.977198 -1.192176
v -5.509971 1.997549 -1.238044
v -5.360289 1.938764 -1.215388
v -5.426745 1.689247 -1.219156
v -5.653071 1.817021 -1.123278
v -5.500226 2.013129 -1.219707
v -4.559080 2.177480 -1.219660
v -4.365370 1.265306 -1.080588
v -4.508818 1.275535 -1.078915
v -4.476604 1.779200 -0.942959
v -4.742962 1.647621 -0.998359
v -4.610435 2.174867 -1.420896
v -2.023453 2.040876 -1.295145
v -5.305053 2.122762 -1.324594
v -5.196213 2.096922 -1.403831
v -5.411444 1.956030 -1.425979
v -5.507058 2.041276 -1.389184
v -5.370040 1.923228 -1.260129
v -5.431242 1.682956 -1.254681
v -5.481515 1.949002 -1.419677
v -2.570892 1.935855 -1.255937
v -3.079460 1.570702 -1.238046
vn 0.0306 -0.9853 0.1681
vn -0.0101 -0.7329 0.6803
vn -0.0219 -0.9767 0.2137
vn 0.2117 0.9483 -0.2363
vn 0.2013 0.7921 0.5763
vn 0.1755 0.9591 0.2221
vn -0.0374 -0.5013 0.8645
vn 0.0290 -0.1244 0.9918
vn 0.0524 -0.0365 0.9980
vn 0.4746 -0.2622 0.8402
vn 0.3882 0.0571 0.9198
vn 0.1093 -0.0051 0.9940
vn -0.2806 0.7679 0.5759
vn 0.1177 0.1992 0.9729
vn -0.0751 0.8220 0.5645
vn 0.0736 0.4302 0.8997
vn -0.0544 0.2331 0.9709
vn -0.0780 0.8101 0.5811
vn 0.0235 -0.4015 0.9156
vn 0.0256 -0.5990 0.8003
vn 0.2206 -0.3026 0.9272
vn -0.0203 -0.2882 0.9574
vn 0.0455 -0.5458 0.8367
vn 0.0306 -0.2004 0.9792
vn 0.5864 -0.7794 0.2208
vn 0.2806 -0.4766 0.8331
vn 0.1277 -0.9193 0.3722
vn -0.6947 0.3134 0.6475
vn 0.1186 0.6039 0.7882
vn -0.5618 -0.3017 0.7703
vn -0.1785 0.9617 0.2082
vn -0.2011 0.9114 0.3590
vn -0.1113 0.7391 0.6644
vn -0.7644 -0.5108 -0.3935
vn -0.3924 0.1994 0.8979
vn -0.6643 -0.2243 0.7130
vn -0.3029 -0.0509 0.9517
vn -0.8652 0.2925 0.4073
vn -0.5909 0.8057 -0.0410
vn -0.6956 0.7145 -0.0746
vn -0.7518 -0.2591 0.6063
vn -0.0316 0.4307 0.9019
vn -0.7307 -0.0404 0.6815
vn -0.9979 0.0580 -0.0304
vn -0.9694 -0.2145 -0.1193
vn -0.6114 0.4071 0.6785
vn 0.2141 0.1157 0.9699
vn 0.4655 -0.0489 0.8837
vn -0.7871 0.0584 0.6141
vn -0.4672 -0.8299 0.3050
vn -0.6502 0.0472 0.7583
vn 0.0381 -0.8842 0.4655
vn -0.1741 -0.6417 0.7469
vn 0.3001 0.4676 0.8315
vn -0.0059 0.0868 0.9962
vn -0.0371 -0.3929 0.9188
vn -0.0977 0.0881 0.9913
vn -0.0227 -0.1039 0.9943
vn -0.0905 0.3072 0.9473
vn 0.2332 -0.2044 0.9507
vn -0.0183 0.0360 0.9992
vn -0.0472 -0.0218 0.9986
vn -0.1074 0.3800 0.9187
vn -0.1606 0.1903 0.9685
vn -0.1993 -0.0552 0.9784
vn -0.3074 -0.6207 0.7213
vn -0.5967 -0.1445 0.7893
vn 0.2729 -0.3595 0.8924
vn -0.0117 -0.1930 0.9811
vn 0.4228 -0.7770 -0.4664
vn -0.1739 -0.1642 0.9710
vn -0.0678 -0.3988 0.9145
vn -0.1168 -0.2151 0.9696
vn -0.2000 -0.1476 0.9686
vn -0.4747 0.8064 0.3527
vn -0.3786 0.8508 0.3645
vn -0.1720 0.1732 0.9698
vn -0.7074 0.3414 0.6189
vn 0.4154 0.6245 0.6614
vn -0.4362 0.5445 0.7164
vn -0.1278 0.8167 0.5628
vn -0.4680 0.4530 0.7588
vn -0.6829 -0.3699 0.6300
vn 0.1934 0.4082 0.8922
vn -0.6229 0.7133 0.3213
vn -0.6011 0.5809 0.5488
vn -0.4949 0.8644 -0.0893
vn 0.2943 0.5313 0.7944
vn -0.5449 0.8369 -0.0525
vn -0.6628 -0.1715 0.7289
vn -0.6473 0.7576 -0.0839
vn -0.5924 0.8003 -0.0923
vn 0.1821 0.6407 0.7459
vn 0.5213 0.4318 0.7361
vn -0.1899 0.8447 0.5003
vn 0.3160 -0.0556 -0.9471
vn -0.0000 -0.0000 -1.0000
vn 0.3030 -0.0761 -0.9500
vn 0.2781 -0.0916 -0.9562
vn -0.7984 -0.4046 -0.4459
vn -0.7552 -0.4771 -0.4496
vn -0.8254 -0.3482 -0.4443
vn -0.8437 -0.3025 -0.4434
vn -0.8760 -0.1811 -0.4470
vn -0.8755 -0.1843 -0.4467
vn -0.8731 -0.1997 -0.4447
vn -0.8974 -0.0168 -0.4408
vn -0.8948 -0.0861 -0.4382
vn -0.8861 -0.1450 -0.4401
vn 0.2436 -0.1041 -0.9643
vn 0.2043 -0.1093 -0.9728
vn -0.8805 0.0519 -0.4713
vn -0.8915 0.0366 -0.4516
vn -0.6841 -0.7285 -0.0368
vn -0.4906 0.4084 -0.7697
vn -0.6900 -0.5610 -0.4575
vn -0.5088 -0.7122 -0.4837
vn -0.6044 -0.6435 -0.4696
vn 0.1441 -0.1899 -0.9712
vn -0.1807 -0.3199 -0.9301
vn 0.0777 -0.2433 -0.9668
vn 0.2269 0.8729 -0.4319
vn 0.3144 0.8408 -0.4406
vn 0.1832 -0.1385 -0.9733
vn -0.0953 0.8650 -0.4926
vn -0.0739 0.8854 -0.4589
vn 0.2086 -0.0470 -0.9769
vn 0.8906 -0.4399 0.1154
vn -0.3291 -0.9285 -0.1722
vn 0.3590 -0.5817 -0.7299
vn 0.4703 -0.1168 -0.8747
vn 0.5546 -0.6926 0.4613
vn 0.4465 0.8842 -0.1372
vn 0.2640 0.9426 0.2043
vn 0.4857 0.8741 -0.0046
vn -0.0158 0.9189 -0.3941
vn 0.3503 0.9071 -0.2333
vn 0.1484 0.9570 -0.2491
vn -0.3689 -0.8972 0.2430
vn -0.0456 -0.9728 0.2273
vn -0.0107 0.0977 0.9952
vn -0.3413 0.9396 0.0258
vn 0.4133 0.8812 -0.2297
vn 0.5839 -0.7935 0.1717
vn -0.9460 0.3163 -0.0708
vn -0.3867 -0.8796 0.2770
vn 0.9948 0.1012 -0.0096
vn -0.9914 0.0001 -0.1306
vn 0.1057 0.9757 0.1919
vn -0.4972 0.8676 -0.0104
vn -0.8509 0.5039 -0.1486
vn 0.2641 0.1618 -0.9508
vn 0.7316 0.6485 0.2105
vn 0.9331 0.1369 0.3324
vn -0.2926 -0.9561 -0.0188
vn -0.8074 -0.4949 -0.3212
vn 0.5303 -0.8337 -0.1538
vn -0.0230 -0.7475 -0.6639
vn 0.0936 -0.9757 -0.1983
vn -0.0114 -0.9810 -0.1937
vn 0.0697 0.0283 -0.9972
vn 0.0783 0.4131 -0.9073
vn -0.0465 0.1496 -0.9877
vn -0.3582 0.8644 -0.3529
vn -0.0583 0.9920 -0.1118
vn -0.0083 -0.1792 -0.9838
vn 0.1932 -0.2943 -0.9360
vn -0.0746 -0.6612 -0.7465
vn 0.9826 0.1032 -0.1547
vn 0.3949 0.0659 -0.9163
vn 0.7207 0.2898 -0.6297
vn 0.4557 -0.1600 -0.8756
vn 0.1035 -0.0187 -0.9945
vn -0.2171 0.7832 -0.5826
vn 0.2041 0.2315 -0.9512
vn -0.0061 0.1805 -0.9835
vn -0.0241 -0.3022 -0.9529
vn 0.2266 -0.2808 -0.9326
vn -0.0080 -0.0188 -0.9998
vn -0.3279 -0.8302 -0.4509
vn -0.0345 -0.9024 0.4295
vn -0.0083 -0.8352 -0.5500
vn 0.2501 0.5944 -0.7643
vn -0.7184 -0.2099 -0.6633
vn -0.6613 -0.2069 -0.7211
vn 0.1300 0.7517 -0.6466
vn -0.2812 0.8114 -0.5125
vn -0.6078 -0.3535 -0.7110
vn 0.0375 0.9811 -0.1896
vn 0.0487 0.9331 0.3564
vn 0.1453 0.8844 0.4436
vn 0.1470 0.8448 -0.5145
vn -0.1404 -0.9796 0.1436
vn -0.0979 -0.9267 -0.3627
vn -0.1663 -0.2583 -0.9516
vn -0.0336 -0.5024 -0.8640
vn -0.0699 -0.1088 -0.9916
vn -0.1936 -0.1117 -0.9747
vn -0.0761 -0.3728 -0.9248
vn -0.1916 -0.2598 -0.9464
vn -0.1141 0.0907 -0.9893
vn -0.1479 -0.2593 -0.9544
vn -0.0115 0.0499 -0.9987
vn 0.1247 0.0340 -0.9916
vn 0.2761 -0.3258 -0.9042
vn -0.0765 -0.0113 -0.9970
vn 0.4505 0.3738 -0.8108
vn -0.5337 -0.0945 -0.8404
vn -0.7939 0.2306 -0.5626
vn -0.2950 0.9554 0.0131
vn -0.6248 0.5695 0.5341
vn -0.6252 0.3076 -0.7173
vn -0.7341 -0.1652 -0.6587
vn -0.7960 0.3631 -0.4843
vn -0.1564 0.2026 -0.9667
vn -0.0935 0.0530 -0.9942
vn -0.3240 0.5761 -0.7504
vn -0.6072 0.6136 -0.5048
vn -0.6237 -0.3620 -0.6928
vn 0.0460 -0.2499 -0.9672
vn 0.4466 0.6452 -0.6199
vn -0.6933 -0.4132 -0.5904
vn -0.4505 0.5322 -0.7168
vn -0.2844 0.1074 -0.9527
vn 0.5848 0.0404 -0.8102
vn 0.4877 0.3390 -0.8045
vn 0.2615 0.5742 -0.7758
vn -0.4918 0.8610 0.1298
vn -0.5228 0.8506 0.0569
vn -0.6481 0.7611 0.0265
vn -0.6773 -0.1092 -0.7276
vn -0.5930 0.8043 0.0385
vn -0.6564 0.5270 -0.5399
vn -0.7678 -0.1528 -0.6221
vn 0.1663 0.6791 -0.7150
vn -0.2034 0.7724 -0.6017
vn -0.5904 0.6509 -0.4773
vn -0.7823 0.1950 -0.5916
vn -0.5959 -0.3582 -0.7187
vn 0.4038 -0.5652 0.7194
vn 0.3325 0.0483 0.9419
vn 0.4809 -0.6725 0.5627
vn 0.3752 0.7070 -0.5995
vn 0.4287 0.8843 -0.1849
vn 0.4852 0.8730 -0.0485
vn -0.2868 -0.7951 -0.5344
vn -0.1171 -0.6091 -0.7844
vn -0.2321 -0.9312 -0.2811
vn 0.5075 -0.0274 -0.8612
vn 0.9834 0.0992 0.1518
vn 0.9307 -0.3459 -0.1191
vn -0.2390 -0.9701 -0.0433
vn -0.1967 -0.9795 -0.0445
vn -0.2005 -0.9791 -0.0346
vn -0.2181 -0.9751 -0.0398
vn -0.8891 -0.2050 -0.4093
vn -0.9865 -0.1565 -0.0485
vn -0.8714 -0.2318 -0.4324
vn -0.8969 -0.1889 -0.4000
vn -0.9002 -0.1810 -0.3962
vn -0.8983 -0.1853 -0.3985
vn -0.9098 -0.1464 -0.3885
vn 0.7459 -0.6661 -0.0022
vn -0.8481 0.2265 0.4791
vn -0.2352 -0.9713 -0.0359
vn -0.0772 -0.9762 -0.2029
vn 0.0113 0.2271 -0.9738
vn 0.0658 -0.5682 -0.8203
vn -0.3826 -0.8618 -0.3330
vn -0.2018 0.9794 -0.0047
vn 0.2468 -0.9528 0.1766
vn -0.0022 0.0759 0.9971
vn -0.0091 -0.9509 0.3095
vn 0.2223 0.9745 -0.0298
vn 0.1023 0.9943 -0.0303
vn -0.7404 0.6722 -0.0074
vn -0.9282 -0.3719 0.0050
vn -0.4986 -0.8364 -0.2276
vn 0.9241 0.3329 0.1878
vn -0.9620 0.2654 0.0644
vn 0.6684 -0.7158 -0.2020
vn 0.2731 0.9305 0.2442
vn 0.8917 -0.4506 -0.0419
vn -0.1042 -0.2110 0.9719
vn -0.0697 -0.9899 0.1232
vn 0.4556 -0.8847 -0.0990
vn 0.9363 0.0273 -0.3500
vn -0.8702 -0.4885 -0.0646
vn -0.9811 -0.0469 0.1876
vn -0.2397 0.5595 0.7934
vn -0.7256 0.6018 -0.3337
vn 0.0646 -0.0156 0.9978
vn 0.1105 -0.3731 0.9212
vn 0.0206 0.1689 0.9854
vn 0.0632 0.5931 0.8026
vn -0.0317 0.3677 0.9294
vn 0.0931 -0.8422 0.5311
vn -0.0197 0.9309 0.3648
vn -0.1226 0.5940 0.7950
vn 0.1283 0.4812 0.8672
vn 0.6375 0.7108 0.2973
vn 0.2994 0.8713 0.3888
vn 0.1105 0.0138 0.9938
vn 0.9517 0.3055 -0.0315
vn 0.4502 0.3723 0.8116
vn 0.6889 0.2399 0.6840
vn 0.6924 0.6835 0.2311
vn 0.2008 0.8886 -0.4124
vn 0.7410 -0.0862 0.6659
vn 0.0988 0.3081 0.9462
vn -0.0176 0.0331 0.9993
vn 0.9348 -0.3355 -0.1166
vn -0.2435 -0.8838 0.3996
vn 0.1001 -0.9020 -0.4199
vn -0.0207 -0.3747 0.9269
vn -0.3511 -0.8762 0.3301
vn -0.1832 0.9178 -0.3523
vn -0.6145 0.7610 -0.2080
vn -0.7372 -0.5725 0.3589
vn -0.6934 0.3405 0.6351
vn -0.8117 0.4120 -0.4139
vn -0.7009 -0.6932 -0.1678
vn -0.6422 -0.3882 0.6610
vn -0.1691 -0.1922 0.9667
vn -0.2326 0.7773 0.5846
vn -0.2159 0.6086 0.7635
vn 0.2943 -0.7366 0.6089
vn -0.2501 0.0554 0.9666
vn -0.2145 -0.2124 0.9533
vn -0.7047 -0.0931 0.7034
vn -0.6210 -0.4726 0.6253
vn -0.8844 0.2482 0.3953
vn -0.8024 -0.0790 0.5916
vn -0.4690 0.8822 0.0419
vn 0.6488 -0.0219 0.7606
vn -0.0560 0.9749 0.2154
vn -0.5725 0.8179 -0.0576
vn -0.5834 0.8118 -0.0239
vn 0.2529 0.9512 0.1770
vn -0.9509 0.3006 0.0740
vn -0.9337 0.2470 0.2592
vn -0.3593 -0.5757 0.7345
vn -0.6956 0.5170 0.4988
vn -0.8672 -0.2268 -0.4434
vn -0.8783 -0.1765 -0.4444
vn 0.3135 -0.0242 -0.9493
vn 0.2940 0.0269 -0.9554
vn -0.2738 -0.8127 -0.5143
vn -0.3002 -0.8049 -0.5119
vn -0.3478 -0.7892 -0.5062
vn 0.5255 0.0254 -0.8504
vn 0.1077 0.8964 -0.4300
vn 0.7127 -0.0000 -0.7015
vn 0.2288 -0.1684 -0.9588
vn 0.1962 -0.2645 -0.9442
vn 0.2466 0.1060 -0.9633
vn -0.4853 -0.8654 -0.1247
vn 0.9139 -0.3773 -0.1498
vn 0.4812 -0.6808 -0.5523
vn 0.2624 -0.9551 -0.1374
vn -0.2418 -0.9677 -0.0708
vn -0.2139 -0.9687 -0.1260
vn -0.1359 0.9905 0.0216
vn -0.1469 0.7967 0.5862
vn -0.8387 0.0249 -0.5441
vn -0.6879 0.0945 -0.7196
vn -0.6524 -0.7411 0.1585
vn -0.7119 0.0523 -0.7003
vn -0.9238 -0.0388 -0.3809
vn 0.9725 0.1360 -0.1891
vn 0.7035 0.5930 0.3916
vn 0.8779 0.3769 -0.2955
vn -0.4773 -0.6655 0.5738
vn -0.4185 -0.7685 -0.4841
vn -0.3470 -0.7997 -0.4899
vn -0.3001 -0.8196 -0.4881
vn -0.2832 -0.8188 -0.4994
vn -0.8381 -0.4171 0.3515
vn -0.7590 -0.4857 -0.4336
vn -0.7000 -0.5778 -0.4198
vn -0.6305 -0.6210 -0.4658
vn -0.5235 -0.7047 -0.4790
vn -0.8627 -0.2623 -0.4325
vn -0.8449 -0.3029 -0.4409
vn -0.8247 -0.3498 -0.4444
vn -0.7984 -0.4085 -0.4424
vn -0.1077 -0.6321 0.7674
vn -0.2005 -0.9794 0.0238
vn -0.2182 -0.9755 0.0288
vn -0.2504 -0.9388 -0.2365
vn -0.2390 -0.9705 0.0325
vn -0.1967 -0.9799 0.0342
vn -0.8895 -0.2009 -0.4104
vn -0.8781 -0.2268 -0.4213
vn -0.8971 -0.1840 -0.4016
vn -0.8956 -0.1873 -0.4035
vn -0.9194 -0.0858 -0.3839
vn -0.9077 -0.1457 -0.3935
vn -0.8994 -0.1779 -0.3992
vn -0.0516 -0.9982 0.0314
vn 0.2198 -0.9752 0.0273
vn 0.5278 -0.8488 0.0313
vn 0.6648 0.0232 0.7467
vn 0.0214 0.0952 0.9952
vn -0.1080 -0.8098 0.5767
vn -0.0470 -0.9985 -0.0278
vn 0.0788 0.9968 0.0154
vn 0.5557 0.8313 0.0103
vn -0.1466 -0.9802 -0.1333
vn -0.9925 0.1217 0.0119
vn 0.5353 -0.8439 0.0362
vn 0.9984 0.0559 0.0026
vn 0.0133 0.9965 0.0825
vn -0.0335 0.9802 0.1949
vn 0.2242 -0.9590 -0.1733
vn 0.0375 -0.9993 0.0097
vn 0.6780 -0.7350 0.0062
vn 0.9364 0.3509 -0.0009
vn 0.9121 -0.3743 0.1673
vn 0.8301 -0.5432 0.1262
vn 0.0441 0.6976 -0.7151
vn 0.0634 0.2978 -0.9525
vn -0.0354 0.3693 -0.9286
vn 0.0643 -0.6479 -0.7590
vn -0.0530 0.7464 -0.6634
vn -0.0451 -0.9852 -0.1655
vn -0.0598 0.8494 -0.5244
vn 0.0484 -0.7692 -0.6372
vn 0.3342 0.8733 -0.3544
vn -0.0690 0.4352 -0.8977
vn -0.6431 0.4697 -0.6048
vn -0.0336 -0.1956 -0.9801
vn 0.0353 -0.1692 -0.9849
vn 0.1000 -0.0792 -0.9918
vn -0.0054 -0.2720 -0.9623
vn 0.1218 0.7830 -0.6100
vn -0.0792 0.6773 -0.7315
vn 0.6332 0.5267 -0.5671
vn 0.0513 -0.0046 -0.9987
vn 0.0778 0.0880 -0.9931
vn 0.0738 0.2770 -0.9580
vn 0.0059 -0.6141 -0.7892
vn 0.1906 -0.5558 -0.8092
vn 0.4537 -0.6920 -0.5616
vn -0.2789 -0.9249 -0.2584
vn -0.1770 0.9447 -0.2762
vn -0.0655 0.9778 -0.1990
vn -0.3549 0.2112 -0.9107
vn -0.7762 -0.5660 -0.2778
vn -0.5798 0.0056 -0.8147
vn -0.8336 -0.5325 0.1469
vn -0.4420 -0.5957 -0.6707
vn -0.6732 0.1730 -0.7189
vn -0.3272 -0.6628 -0.6735
vn -0.2393 -0.6364 -0.7333
vn 0.1655 0.7345 -0.6581
vn -0.0828 0.2296 -0.9698
vn -0.0056 -0.2448 -0.9695
vn -0.1556 0.3549 -0.9219
vn -0.2100 0.8466 -0.4891
vn 0.1392 -0.5240 -0.8403
vn -0.1090 -0.1888 -0.9759
vn -0.1671 0.6051 -0.7784
vn -0.1552 0.0584 -0.9862
vn -0.3810 0.9226 0.0600
vn -0.8243 -0.1829 -0.5358
vn -0.4208 0.8989 -0.1219
vn -0.5858 0.8100 0.0253
vn -0.0740 0.9948 -0.0696
vn 0.2413 0.9661 -0.0921
vn -0.3311 0.9436 -0.0023
vn -0.9949 0.0574 -0.0826
vn -0.9312 0.2374 -0.2767
vn -0.6451 0.7622 -0.0545
vn -0.6226 0.7790 0.0746
vn -0.5558 0.8302 0.0436
vn 0.3738 -0.1167 0.9201
vn 0.9149 0.3910 0.1004
vn 0.7757 0.6310 0.0115
vn 0.5732 0.8009 0.1729
vn 0.2199 -0.1019 -0.9702
vn 0.2752 -0.1031 -0.9558
vn -0.4862 -0.8664 0.1141
vn 0.2054 0.2028 -0.9574
vn 0.3425 -0.0649 -0.9373
vn 0.3454 -0.0243 -0.9381
vn 0.2968 0.8230 -0.4844
vn -0.1426 0.8571 -0.4950
vn 0.2088 0.8627 -0.4605
vn 0.8463 0.5307 -0.0452
vn 0.5428 0.8395 -0.0235
vn -0.6462 -0.1525 -0.7478
vn 0.7202 0.4290 -0.5453
vn 0.0932 0.7835 -0.6144
vn 0.0233 0.1073 -0.9940
vn -0.1512 -0.9871 -0.0524
vn 0.1158 0.9662 -0.2304
vn 0.7357 0.6734 -0.0720
vn 0.2863 0.1718 0.9426
vn 0.0844 -0.2504 0.9645
vn 0.1269 -0.3070 -0.9432
vn 0.1160 0.2725 -0.9551
vn -0.6180 0.7288 0.2947
vn -0.7149 0.6988 -0.0231
vn -0.5024 -0.1514 0.8513
vn 0.2939 0.5662 0.7701
vn -0.7860 0.2749 -0.5537
vn -0.5692 -0.2310 -0.7891
vn -0.6910 -0.5616 -0.4551
vn -0.5943 0.8030 -0.0445
vn -0.9544 -0.1035 0.2799
vn -0.3304 0.9430 0.0407
vn -0.5852 0.8107 -0.0201
vn -0.8573 -0.2624 -0.4428
vn -0.4186 -0.7604 -0.4966
vn 0.4384 0.8885 -0.1357
vn -0.0024 0.8986 -0.4388
vn 0.2451 -0.1312 -0.9606
vn 0.2654 -0.1041 -0.9585
vn 0.2862 -0.0451 -0.9571
vn 0.2856 -0.0615 -0.9564
vn 0.2786 -0.0779 -0.9572
vn 0.4361 0.8317 -0.3436
vn 0.4742 0.8657 -0.1604
vn 0.1211 -0.3588 -0.9255
vn 0.5570 0.7641 -0.3253
vn 0.7877 0.5149 -0.3384
vn 0.2883 -0.0327 -0.9570
vn 0.2834 -0.0020 -0.9590
vn -0.2012 -0.9779 -0.0577
vn -0.0455 -0.9973 -0.0583
vn 0.0091 0.9247 -0.3805
vn 0.0952 0.9052 -0.4142
vn 0.3218 0.8340 -0.4483
vn 0.2227 0.8684 -0.4430
vn 0.8009 0.5985 0.0178
vn 0.5427 0.8394 -0.0291
vn -0.1017 0.7932 -0.6004
vn -0.1516 0.8100 -0.5665
vn 0.0150 -0.9526 -0.3038
vn -0.5872 0.7616 -0.2740
vn -0.4289 0.8828 -0.1916
vn -0.5731 0.8190 0.0272
vn -0.9373 0.3337 -0.1009
vn 0.9631 0.1007 -0.2496
vn 0.4395 0.8982 0.0048
vn 0.0487 -0.1600 -0.9859
vn 0.4818 0.8706 0.0992
vn 0.1680 -0.0898 -0.9817
vn 0.1441 -0.1096 -0.9835
vn 0.1073 -0.1323 -0.9854
vn 0.3175 -0.0888 -0.9441
vn -0.2009 -0.9775 0.0651
vn -0.0456 -0.9968 0.0663
vn -0.2418 -0.9674 0.0759
vn -0.2137 -0.9682 0.1297
vn 0.3165 0.0479 -0.9474
vn 0.2622 -0.9534 0.1490
vn 0.0636 0.9038 -0.4232
vn -0.0161 0.9569 -0.2900
vn -0.3197 -0.7803 -0.5376
vn -0.9094 0.0068 -0.4159
vn -0.8719 0.0725 -0.4843
vn -0.7915 0.0899 -0.6046
vn -0.3260 -0.7721 -0.5455
vn -0.4004 -0.7532 -0.5219
vn -0.8282 -0.3014 -0.4725
vn -0.8022 -0.3799 -0.4606
vn -0.6867 -0.5637 -0.4590
vn -0.7506 -0.4757 -0.4586
vn -0.4964 -0.7126 -0.4957
vn -0.5979 -0.6473 -0.4727
vn -0.8004 -0.2959 -0.5213
vn -0.8418 -0.2642 -0.4707
vn 0.5389 -0.8415 -0.0370
vn -0.1168 0.9794 -0.1647
vn -0.1464 0.9508 -0.2731
vn -0.9179 -0.0780 -0.3891
vn -0.0519 -0.9978 -0.0405
vn 0.2195 -0.9750 -0.0350
vt 0.368832 0.379124
vt 0.721942 0.418242
vt 0.729393 0.411895
vt 0.278164 0.501687
vt 0.277868 0.497719
vt 0.226367 0.480287
vt 0.136072 0.331779
vt 0.126543 0.353685
vt 0.226925 0.415572
vt 0.059645 0.347666
vt 0.052944 0.407280
vt 0.096889 0.396844
vt 0.143799 0.482570
vt 0.089407 0.467894
vt 0.085268 0.501907
vt 0.226018 0.468553
vt 0.175166 0.463191
vt 0.185894 0.474355
vt 0.840429 0.446603
vt 0.823227 0.439396
vt 0.801170 0.472459
vt 0.719503 0.438779
vt 0.396093 0.392507
vt 0.439628 0.418214
vt 0.066643 0.325613
vt 0.077045 0.332341
vt 0.115116 0.320354
vt 0.945649 0.517303
vt 0.930266 0.502269
vt 0.924719 0.497297
vt 0.738042 0.577009
vt 0.835820 0.560593
vt 0.720097 0.568619
vt 0.946924 0.496420
vt 0.952835 0.488450
vt 0.946555 0.495389
vt 0.931536 0.487466
vt 0.920424 0.483026
vt 0.948381 0.520374
vt 0.958030 0.517576
vt 0.967728 0.486088
vt 0.958920 0.491334
vt 0.968949 0.497214
vt 0.970954 0.497230
vt 0.973313 0.491309
vt 0.933409 0.469661
vt 0.781043 0.514030
vt 0.784923 0.510372
vt 0.940438 0.517254
vt 0.952218 0.466716
vt 0.932423 0.465845
vt 0.857408 0.435544
vt 0.866445 0.441183
vt 0.793092 0.534046
vt 0.848299 0.518655
vt 0.839506 0.475801
vt 0.800746 0.522683
vt 0.855177 0.508039
vt 0.821058 0.540746
vt 0.848327 0.536672
vt 0.843552 0.540194
vt 0.807765 0.488873
vt 0.846388 0.548018
vt 0.857235 0.533237
vt 0.900336 0.482489
vt 0.922724 0.459747
vt 0.919927 0.485947
vt 0.805450 0.470940
vt 0.823928 0.471255
vt 0.871294 0.500373
vt 0.869019 0.505391
vt 0.891141 0.494728
vt 0.894753 0.497678
vt 0.911079 0.493922
vt 0.914383 0.542281
vt 0.904766 0.546278
vt 0.914389 0.506915
vt 0.924001 0.524890
vt 0.909019 0.510543
vt 0.920218 0.530415
vt 0.893734 0.500704
vt 0.877641 0.548766
vt 0.878157 0.544085
vt 0.910149 0.539091
vt 0.872831 0.507119
vt 0.875510 0.507679
vt 0.894306 0.526230
vt 0.898222 0.520492
vt 0.893269 0.526987
vt 0.881829 0.527740
vt 0.889643 0.528151
vt 0.890938 0.527948
vt 0.896202 0.508072
vt 0.913904 0.527439
vt 0.887675 0.503334
vt 0.893454 0.491421
vt 0.901990 0.531828
vt 0.889990 0.502339
vt 0.886526 0.513257
vt 0.909437 0.488748
vt 0.908680 0.485902
vt 0.910195 0.491595
vt 0.910953 0.494442
vt 0.912399 0.506711
vt 0.912226 0.504355
vt 0.912054 0.502000
vt 0.913255 0.513543
vt 0.913041 0.511835
vt 0.912827 0.510127
vt 0.883063 0.524175
vt 0.879599 0.535093
vt 0.890030 0.538947
vt 0.911634 0.518942
vt 0.912445 0.516242
vt 0.910013 0.524342
vt 0.910824 0.521642
vt 0.907456 0.484452
vt 0.905007 0.481552
vt 0.906231 0.483002
vt 0.869938 0.537449
vt 0.879687 0.540655
vt 0.865107 0.538627
vt 0.862460 0.541083
vt 0.861368 0.540444
vt 0.874768 0.536271
vt 0.872165 0.541508
vt 0.868404 0.541935
vt 0.894712 0.480108
vt 0.891778 0.474877
vt 0.895131 0.476336
vt 0.877248 0.470370
vt 0.866524 0.479499
vt 0.848976 0.484254
vt 0.860276 0.539805
vt 0.876160 0.543657
vt 0.857700 0.538296
vt 0.910553 0.526352
vt 0.875926 0.541082
vt 0.882033 0.541693
vt 0.878848 0.543014
vt 0.700423 0.562399
vt 0.212817 0.450880
vt 0.600901 0.585244
vt 0.689355 0.587214
vt 0.678693 0.404610
vt 0.667064 0.368675
vt 0.741647 0.410176
vt 0.694972 0.375813
vt 0.663133 0.375642
vt 0.673550 0.474379
vt 0.746577 0.430078
vt 0.701248 0.432960
vt 0.680718 0.441736
vt 0.736641 0.457237
vt 0.767192 0.447750
vt 0.773645 0.461940
vt 0.706527 0.537570
vt 0.686709 0.512775
vt 0.722953 0.533746
vt 0.724441 0.418384
vt 0.323287 0.377174
vt 0.724234 0.411259
vt 0.782109 0.510933
vt 0.790065 0.535225
vt 0.718033 0.531631
vt 0.143274 0.482686
vt 0.190704 0.475742
vt 0.138480 0.348278
vt 0.081685 0.336856
vt 0.139302 0.328000
vt 0.032943 0.383459
vt 0.052913 0.407445
vt 0.045011 0.429691
vt 0.052486 0.358351
vt 0.100220 0.382437
vt 0.093789 0.500105
vt 0.083819 0.474370
vt 0.192282 0.455173
vt 0.719641 0.439190
vt 0.800654 0.471743
vt 0.690968 0.485453
vt 0.207681 0.362447
vt 0.243224 0.378004
vt 0.244756 0.379031
vt 0.929047 0.500759
vt 0.941861 0.513849
vt 0.921460 0.492276
vt 0.957591 0.493318
vt 0.965526 0.495325
vt 0.922178 0.497169
vt 0.498289 0.554466
vt 0.489563 0.550950
vt 0.371099 0.524227
vt 0.384485 0.525629
vt 0.864727 0.433145
vt 0.859630 0.435316
vt 0.867365 0.466312
vt 0.857916 0.472465
vt 0.824223 0.471857
vt 0.891760 0.478031
vt 0.891432 0.494502
vt 0.911227 0.493955
vt 0.800504 0.522038
vt 0.832196 0.542738
vt 0.848067 0.516646
vt 0.848518 0.536416
vt 0.804218 0.472194
vt 0.809023 0.487470
vt 0.787397 0.522754
vt 0.917329 0.482548
vt 0.919887 0.482790
vt 0.851637 0.561899
vt 0.886019 0.551680
vt 0.924130 0.523979
vt 0.939165 0.515312
vt 0.942198 0.519945
vt 0.914040 0.506631
vt 0.894186 0.498409
vt 0.920272 0.529739
vt 0.885784 0.551482
vt 0.886913 0.544891
vt 0.902278 0.539592
vt 0.908450 0.510514
vt 0.878393 0.541498
vt 0.877894 0.548425
vt 0.860792 0.529715
vt 0.897837 0.526392
vt 0.909439 0.535685
vt 0.897490 0.520777
vt 0.881096 0.527590
vt 0.873951 0.508786
vt 0.871898 0.520521
vt 0.896431 0.507604
vt 0.887430 0.503834
vt 0.871966 0.506486
vt 0.864956 0.515632
vt 0.885997 0.530371
vt 0.869478 0.480578
vt 0.878365 0.470402
vt 0.870388 0.536544
vt 0.897294 0.477278
vt 0.891503 0.499384
vt 0.859273 0.513363
vt 0.838285 0.507790
vt 0.839461 0.495252
vt 0.885071 0.471958
vt 0.881718 0.470499
vt 0.888424 0.473417
vt 0.913038 0.522963
vt 0.911882 0.499644
vt 0.912613 0.508419
vt 0.847370 0.483905
vt 0.912048 0.527277
vt 0.912010 0.526093
vt 0.255372 0.453613
vt 0.577723 0.582456
vt 0.139103 0.436392
vt 0.704894 0.564035
vt 0.612573 0.599036
vt 0.493956 0.408169
vt 0.341862 0.362536
vt 0.253125 0.391339
vt 0.437965 0.363616
vt 0.369947 0.336077
vt 0.196092 0.326209
vt 0.180531 0.364818
vt 0.711652 0.383760
vt 0.669992 0.385789
vt 0.739899 0.409787
vt 0.665217 0.371048
vt 0.682407 0.405991
vt 0.758177 0.501120
vt 0.692822 0.514241
vt 0.702991 0.537933
vt 0.725177 0.532639
vt 0.774091 0.462973
vt 0.681168 0.518882
vt 0.673389 0.475188
vt 0.694691 0.442109
vt 0.689654 0.437069
vt 0.405792 0.450766
vt 0.311327 0.393032
vt 0.510978 0.513201
vt 0.469323 0.535572
vt 0.704504 0.553391
vt 0.339454 0.381138
vt 0.682261 0.574488
vt 0.818379 0.555458
vt 0.793401 0.537899
vt 0.957569 0.491338
vt 0.957596 0.493329
vt 0.304572 0.445654
vt 0.035991 0.422027
vt 0.071234 0.493909
vt 0.044268 0.420628
vt 0.061205 0.501027
vt 0.075900 0.503732
vt 0.040403 0.364496
vt 0.392058 0.505270
vt 0.699929 0.502623
vt 0.037754 0.358042
vt 0.144657 0.324599
vt 0.116846 0.320463
vt 0.237502 0.380090
vt 0.204168 0.360616
vt 0.739407 0.571791
vt 0.951064 0.488512
vt 0.956012 0.502496
vt 0.962083 0.510307
vt 0.963319 0.512720
vt 0.963816 0.474145
vt 0.923363 0.500891
vt 0.872906 0.468048
vt 0.847211 0.556406
vt 0.866121 0.549155
vt 0.903330 0.548848
vt 0.860419 0.516019
vt 0.900072 0.544216
vt 0.864396 0.526211
vt 0.885860 0.543460
vt 0.866535 0.515802
vt 0.871104 0.518669
vt 0.897556 0.526390
vt 0.895343 0.525473
vt 0.892232 0.527744
vt 0.896380 0.524715
vt 0.888349 0.528355
vt 0.887275 0.529882
vt 0.893873 0.487650
vt 0.894292 0.483879
vt 0.899457 0.478219
vt 0.901620 0.479160
vt 0.863551 0.541723
vt 0.853459 0.524858
vt 0.840895 0.491801
vt 0.879483 0.470434
vt 0.889384 0.545277
vt 0.884796 0.543323
vt 0.838137 0.506897
vt 0.852768 0.526361
vt 0.849972 0.533771
vt 0.905565 0.498879
vt 0.903783 0.480101
vt 0.911184 0.508860
vt 0.911710 0.497288
vt 0.890419 0.496452
vt 0.880600 0.470466
vt 0.851640 0.509407
vt 0.292245 0.531929
vt 0.526847 0.520711
vt 0.206191 0.446948
vt 0.311903 0.561936
vt 0.178763 0.514544
vt 0.727327 0.570274
vt 0.729287 0.579947
vt 0.126366 0.449915
vt 0.126760 0.467177
vt 0.495321 0.590289
vt 0.568048 0.593622
vt 0.493790 0.407753
vt 0.420511 0.404039
vt 0.525343 0.401754
vt 0.522095 0.394715
vt 0.764095 0.490579
vt 0.749262 0.513398
vt 0.486150 0.546427
vt 0.439053 0.515280
vt 0.697156 0.553395
vt 0.362191 0.386505
vt 0.699758 0.566038
vt 0.821941 0.427059
vt 0.817365 0.555806
vt 0.829951 0.431756
vt 0.957569 0.491352
vt 0.958876 0.491195
vt 0.932691 0.469829
vt 0.923139 0.481112
vt 0.436483 0.426986
vt 0.338352 0.432781
vt 0.234256 0.386416
vt 0.225529 0.478463
vt 0.188709 0.472578
vt 0.063450 0.497596
vt 0.235599 0.418459
vt 0.401421 0.480728
vt 0.229951 0.470281
vt 0.854533 0.441119
vt 0.827263 0.446722
vt 0.070643 0.328416
vt 0.144725 0.324349
vt 0.836174 0.560715
vt 0.709319 0.576049
vt 0.952902 0.488263
vt 0.956555 0.503295
vt 0.945519 0.494907
vt 0.946882 0.496530
vt 0.945228 0.468258
vt 0.932934 0.469339
vt 0.927536 0.461185
vt 0.877167 0.445660
vt 0.815752 0.553726
vt 0.816824 0.539575
vt 0.864239 0.502699
vt 0.847292 0.547344
vt 0.843460 0.558530
vt 0.836614 0.449460
vt 0.867397 0.505652
vt 0.865779 0.547150
vt 0.860034 0.517362
vt 0.914680 0.541490
vt 0.865979 0.525444
vt 0.887054 0.528558
vt 0.851237 0.523156
vt 0.849552 0.530520
vt 0.852548 0.535279
vt 0.855124 0.536788
vt 0.884494 0.544524
vt 0.850939 0.521141
vt 0.298772 0.537002
vt 0.223903 0.387439
vt 0.747435 0.433982
vt 0.767223 0.447834
vt 0.869892 0.523716
vt 0.879616 0.510507
vt 0.874541 0.510603
vt 0.876779 0.530786
vt 0.905364 0.537664
vt 0.907954 0.540995
vt 0.906140 0.515708
vt 0.871341 0.535299
vt 0.910390 0.529222
vt 0.907178 0.514178
vt 0.907859 0.501223
vt 0.864643 0.542362
vt 0.254606 0.393790
vt 0.951068 0.488509
vt 0.904755 0.548131
s 1
f 696/438/581 438/439/582 464/440/583
f 703/441/584 683/442/585 468/443/586
f 444/444/587 457/445/588 453/446/589
f 448/447/590 461/448/591 456/449/592
f 685/450/593 691/451/594 471/452/595
f 689/453/596 453/446/589 690/454/597
f 684/455/598 690/454/597 685/450/593
f 505/456/599 680/457/600 452/458/601
f 438/439/582 687/459/602 680/457/600
f 441/460/603 451/461/604 687/459/602
f 441/460/603 687/459/602 438/439/582
f 473/462/605 445/463/606 700/464/607
f 704/465/608 706/466/609 478/467/610
f 465/468/611 708/469/612 678/470/613
f 458/471/614 488/472/615 483/473/616
f 482/474/617 484/475/618 706/466/609
f 477/476/619 850/477/620 704/465/608
f 707/478/621 488/472/615 705/479/622
f 454/480/623 598/481/624 481/482/625
f 454/480/623 481/482/625 705/479/622
f 484/475/618 482/474/617 487/483/626
f 452/458/601 491/484/627 715/485/628
f 478/467/610 508/486/629 704/465/608
f 487/483/626 476/487/630 711/488/631
f 479/489/632 505/456/599 713/490/633
f 717/491/634 715/485/628 491/484/627
f 499/492/635 490/493/636 714/494/637
f 496/495/638 490/493/636 499/492/635
f 493/496/639 499/492/635 714/494/637
f 507/497/640 499/492/635 492/498/641
f 851/499/642 714/494/637 490/493/636
f 493/496/639 504/500/643 492/498/641
f 492/498/641 504/500/643 509/501/644
f 716/502/645 711/488/631 489/503/646
f 712/504/647 711/488/631 716/502/645
f 710/505/648 506/506/649 505/456/599
f 715/485/628 851/499/642 710/505/648
f 715/485/628 717/491/634 714/494/637
f 495/507/650 496/495/638 510/508/651
f 497/509/652 719/510/653 494/511/654
f 508/486/629 477/476/619 704/465/608
f 514/512/655 827/513/656 477/476/619
f 511/514/657 718/515/658 508/486/629
f 511/514/657 526/516/659 512/517/660
f 719/510/653 722/518/661 511/514/657
f 511/514/657 512/517/660 718/515/658
f 517/519/662 525/520/663 509/501/644
f 512/517/660 853/521/664 514/512/655
f 722/518/661 524/522/665 530/523/666
f 727/524/667 532/525/668 728/526/669
f 721/527/670 724/528/671 723/529/672
f 722/518/661 502/530/673 526/516/659
f 526/516/659 532/525/668 520/531/674
f 530/523/666 729/532/675 722/518/661
f 515/533/676 545/534/677 731/535/678
f 731/535/678 545/534/677 732/536/679
f 765/537/680 545/534/677 539/538/681
f 766/539/682 545/534/677 765/537/680
f 767/540/683 545/534/677 766/539/682
f 547/541/684 545/534/677 770/542/685
f 770/542/685 545/534/677 769/543/686
f 534/544/687 545/534/677 773/545/688
f 773/545/688 545/534/677 772/546/689
f 733/547/690 545/534/677 516/548/691
f 732/536/679 545/534/677 733/547/690
f 545/534/677 743/549/677 516/548/691
f 763/550/692 545/534/677 762/551/693
f 544/552/694 545/534/677 764/553/695
f 764/553/695 545/534/677 763/550/692
f 539/538/681 545/534/677 749/554/696
f 545/534/677 747/555/697 748/556/698
f 545/534/677 748/556/698 749/554/696
f 735/557/699 854/558/700 734/559/701
f 854/558/700 754/560/702 755/561/703
f 736/562/704 854/558/700 735/557/699
f 854/558/700 751/563/705 752/564/706
f 737/565/707 761/566/708 535/567/709
f 538/568/710 856/569/711 775/570/712
f 533/571/713 780/572/714 756/573/715
f 764/553/695 777/574/677 544/552/694
f 750/575/716 778/576/717 858/577/718
f 859/578/719 783/579/720 558/580/721
f 784/581/722 859/578/719 558/580/721
f 575/582/723 860/583/724 573/584/725
f 861/585/726 574/586/727 575/582/723
f 860/583/724 574/586/727 861/585/726
f 862/587/728 580/588/729 579/589/730
f 862/587/728 579/589/730 789/590/731
f 863/591/732 580/588/729 792/592/733
f 863/591/732 792/592/733 581/593/734
f 577/594/735 578/595/736 791/596/737
f 580/588/729 863/591/732 579/589/730
f 789/590/731 863/591/732 578/595/736
f 582/597/738 810/598/739 462/599/740
f 810/598/739 696/438/581 462/599/740
f 617/600/741 817/601/742 809/602/743
f 684/455/598 470/603/744 469/604/745
f 600/605/746 592/606/747 590/607/748
f 806/608/749 605/609/750 799/610/751
f 605/609/750 593/611/752 805/612/753
f 701/613/754 804/614/755 591/615/756
f 801/616/757 595/617/758 800/618/759
f 797/619/760 697/620/761 588/621/762
f 612/622/763 606/623/764 607/624/765
f 601/625/766 816/626/767 598/481/624
f 829/627/768 607/624/765 606/623/764
f 463/628/769 677/629/770 681/630/771 467/631/772
f 679/632/773 476/487/630 795/633/774
f 620/634/775 615/635/776 627/636/777
f 622/637/778 623/638/779 615/635/776
f 623/638/779 622/637/778 628/639/780
f 627/636/777 615/635/776 621/640/781
f 618/641/782 823/642/783 629/643/784
f 819/644/785 619/645/786 822/646/787
f 622/637/778 824/647/788 628/639/780
f 829/627/768 824/647/788 585/648/789
f 480/649/790 827/513/656 519/650/791
f 631/651/792 826/652/793 632/653/794
f 829/627/768 633/654/795 828/655/796
f 631/651/792 633/654/795 826/652/793
f 633/654/795 631/651/792 638/656/797
f 831/657/798 639/658/799 834/659/800
f 645/660/801 633/654/795 638/656/797
f 643/661/802 869/662/803 868/663/804
f 834/659/800 833/664/805 642/665/806
f 838/666/807 727/524/808 728/526/809
f 724/528/810 836/667/811 723/529/812
f 647/668/813 836/667/811 832/669/814
f 646/670/815 835/671/816 645/660/801
f 838/666/807 645/660/801 638/656/797
f 644/672/817 647/668/813 641/673/818
f 836/667/811 837/674/819 643/661/802
f 642/665/806 833/664/805 638/656/797
f 538/568/820 871/675/821 742/676/822
f 843/677/823 533/571/824 756/573/825
f 744/678/826 656/679/827 535/567/828
f 653/680/829 648/681/830 649/682/831
f 759/683/832 656/679/827 537/684/833
f 761/566/834 656/679/827 760/685/835
f 769/543/836 651/686/837 768/687/838
f 770/542/839 651/686/837 769/543/836
f 771/688/840 651/686/837 547/541/841
f 772/546/842 651/686/837 771/688/840
f 653/680/829 649/682/831 650/689/843
f 553/690/844 651/686/837 550/691/845
f 873/692/846 659/693/847 844/694/848
f 658/695/849 659/693/847 873/692/846
f 658/695/849 784/581/722 786/696/850
f 661/697/851 662/698/852 663/699/853
f 569/700/854 570/701/855 662/698/852
f 662/698/852 566/702/856 788/703/857
f 662/698/852 570/701/855 566/702/856
f 664/704/858 665/705/859 847/706/860
f 846/707/861 665/705/859 664/704/858
f 666/708/862 846/707/861 847/706/860
f 849/709/863 673/710/864 672/711/865
f 849/709/863 672/711/865 667/712/866
f 675/713/867 849/709/863 667/712/866
f 668/714/868 673/710/864 669/715/869
f 673/710/864 848/716/870 669/715/869
f 848/716/870 670/717/871 669/715/869
f 686/718/872 451/461/604 682/719/873
f 450/720/874 442/721/875 676/722/876
f 696/438/581 695/723/877 438/439/582
f 462/599/740 696/438/581 464/440/583
f 438/439/582 695/723/877 441/460/603
f 442/721/875 677/629/770 694/724/878
f 676/722/876 442/721/875 678/470/613
f 679/632/773 464/440/583 438/439/582
f 679/632/773 438/439/582 680/457/600
f 676/722/876 439/725/879 709/726/880
f 709/726/880 491/484/627 676/722/876
f 479/489/632 679/632/773 680/457/600
f 705/479/622 459/727/881 440/728/882
f 683/442/585 681/630/771 442/721/875
f 683/442/585 703/441/584 681/630/771
f 684/455/598 469/604/745 468/443/586
f 684/455/598 468/443/586 689/453/596
f 453/446/589 692/729/883 682/719/873
f 457/445/588 444/444/587 445/463/606
f 445/463/606 456/449/592 457/445/588
f 474/730/884 446/731/885 447/732/886
f 472/733/887 702/734/888 471/452/595
f 445/463/606 448/447/590 456/449/592
f 449/735/889 461/448/591 448/447/590
f 449/735/889 806/608/749 447/732/886
f 806/608/749 474/730/884 447/732/886
f 461/448/591 449/735/889 447/732/886
f 446/731/885 691/451/594 447/732/886
f 685/450/593 690/454/597 691/451/594
f 446/731/885 471/452/595 691/451/594
f 690/454/597 453/446/589 691/451/594
f 453/446/589 457/445/588 456/449/592
f 689/453/596 692/729/883 453/446/589
f 683/442/585 688/736/890 689/453/596
f 478/467/610 484/475/618 712/504/647
f 693/737/891 491/484/627 452/458/601
f 687/459/602 693/737/891 452/458/601
f 686/718/872 693/737/891 451/461/604
f 688/736/890 450/720/874 686/718/872
f 448/447/590 473/462/605 475/738/892
f 444/444/587 699/739/893 700/464/607
f 700/464/607 699/739/893 814/740/894
f 443/741/895 698/742/896 444/444/587
f 698/742/896 699/739/893 444/444/587
f 697/620/761 797/619/760 698/742/896
f 443/741/895 697/620/761 698/742/896
f 695/723/877 696/438/581 810/598/739
f 440/728/882 454/480/623 705/479/622
f 708/469/612 465/468/611 480/649/790
f 439/725/879 678/470/613 708/469/612
f 811/743/897 480/649/790 465/468/611
f 678/470/613 694/724/878 465/468/611
f 488/472/615 459/727/881 705/479/622
f 458/471/614 460/744/898 488/472/615
f 484/475/618 478/467/610 706/466/609
f 485/745/899 483/473/616 482/474/617
f 706/466/609 455/746/900 485/745/899
f 455/746/900 706/466/609 704/465/608
f 455/746/900 850/477/620 599/747/901
f 706/466/609 485/745/899 482/474/617
f 483/473/616 488/472/615 482/474/617
f 481/482/625 707/478/621 705/479/622
f 707/478/621 486/748/902 476/487/630
f 482/474/617 488/472/615 487/483/626
f 713/490/633 679/632/773 479/489/632
f 478/467/610 501/749/903 508/486/629
f 489/503/646 476/487/630 713/490/633
f 452/458/601 715/485/628 710/505/648
f 490/493/636 496/495/638 497/509/652
f 494/511/654 716/502/645 490/493/636
f 490/493/636 497/509/652 494/511/654
f 490/493/636 498/750/904 506/506/649
f 506/506/649 851/499/642 490/493/636
f 500/751/905 504/500/643 493/496/639
f 717/491/634 493/496/639 714/494/637
f 507/497/640 509/501/644 499/492/635
f 712/504/647 716/502/645 501/749/903
f 494/511/654 501/749/903 716/502/645
f 498/750/904 505/456/599 506/506/649
f 715/485/628 714/494/637 851/499/642
f 439/725/879 708/469/612 500/751/905
f 711/488/631 484/475/618 487/483/626
f 504/500/643 500/751/905 503/752/906
f 719/510/653 495/507/650 510/508/651
f 494/511/654 719/510/653 501/749/903
f 504/500/643 503/752/906 509/501/644
f 503/752/906 500/751/905 519/650/791
f 514/512/655 513/753/907 519/650/791
f 503/752/906 519/650/791 517/519/662
f 719/510/653 511/514/657 501/749/903
f 852/754/908 499/492/635 509/501/644
f 507/497/640 492/498/641 509/501/644
f 477/476/619 718/515/658 514/512/655
f 501/749/903 511/514/657 508/486/629
f 511/514/657 722/518/661 526/516/659
f 519/650/791 513/753/907 518/755/909
f 509/501/644 525/520/663 522/756/910
f 521/757/911 721/527/670 525/520/663
f 520/531/674 512/517/660 526/516/659
f 523/758/912 524/522/665 852/754/908
f 525/520/663 519/650/791 521/757/911
f 517/519/662 519/650/791 525/520/663
f 524/522/665 722/518/661 510/508/651
f 853/521/664 512/517/660 520/531/674
f 852/754/908 522/756/910 523/758/912
f 529/759/913 523/758/912 522/756/910
f 727/524/914 720/760/915 726/761/916
f 527/762/917 518/755/909 728/526/918
f 518/755/909 853/521/664 720/760/915
f 532/525/668 531/763/919 720/760/915
f 721/527/670 725/764/920 724/528/671
f 721/527/670 530/523/666 529/759/913
f 721/527/670 532/525/668 502/530/673
f 502/530/673 530/523/666 721/527/670
f 729/532/675 530/523/666 502/530/673
f 526/516/659 502/530/673 532/525/668
f 722/518/661 729/532/675 502/530/673
f 725/764/921 730/765/922 724/528/923
f 521/757/911 730/765/922 721/527/670
f 524/522/665 523/758/912 530/523/666
f 768/687/924 769/543/686 545/534/677
f 547/541/684 771/688/925 545/534/677
f 771/688/925 772/546/689 545/534/677
f 545/534/677 515/533/676 739/766/926
f 545/534/677 739/766/926 738/767/927
f 545/534/677 738/767/927 737/565/707
f 545/534/677 744/678/928 745/768/929
f 545/534/677 745/768/929 746/769/930
f 750/575/931 751/563/705 854/558/700
f 753/770/932 754/560/702 854/558/700
f 855/771/933 736/562/934 735/557/935
f 737/565/936 856/569/711 761/566/937
f 536/772/938 775/570/712 856/569/711
f 856/569/711 742/676/939 741/773/940
f 538/568/710 742/676/939 856/569/711
f 856/569/711 759/683/941 760/685/942
f 780/572/714 858/577/718 840/774/943
f 780/572/714 840/774/943 552/775/944
f 550/691/845 764/553/945 763/550/946
f 764/553/945 550/691/845 777/574/947
f 550/691/845 763/550/946 762/551/948
f 550/691/845 762/551/948 534/544/949
f 543/776/950 855/771/933 776/777/951
f 776/777/951 855/771/933 542/778/952
f 549/779/953 540/780/954 746/769/955
f 549/779/953 746/769/955 745/768/956
f 549/779/953 745/768/956 744/678/957
f 857/781/958 539/538/959 749/554/960
f 857/781/958 749/554/960 748/556/961
f 549/779/953 747/555/962 540/780/954
f 857/781/958 546/782/963 767/540/964
f 857/781/958 767/540/964 766/539/965
f 857/781/958 766/539/965 765/537/966
f 857/781/958 765/537/966 539/538/959
f 548/783/967 761/566/968 760/685/969
f 535/567/970 761/566/968 548/783/967
f 760/685/969 759/683/971 548/783/967
f 759/683/971 537/684/972 548/783/967
f 857/781/958 769/543/973 768/687/974
f 547/541/975 770/542/976 857/781/958
f 770/542/976 769/543/973 857/781/958
f 768/687/974 546/782/963 857/781/958
f 858/577/718 778/576/717 840/774/943
f 750/575/931 854/558/700 778/576/677
f 553/690/844 773/545/977 772/546/978
f 772/546/978 771/688/979 553/690/844
f 548/783/967 537/684/972 740/784/980
f 548/783/967 740/784/980 741/773/981
f 548/783/967 741/773/981 742/676/982
f 775/570/712 536/772/938 774/785/983
f 565/786/984 558/580/721 783/579/720
f 845/787/985 564/788/986 783/579/720
f 562/789/987 565/786/984 563/790/988
f 556/791/989 859/578/719 557/792/990
f 784/581/722 558/580/721 786/696/850
f 785/793/991 560/794/992 783/579/720
f 784/581/722 557/792/990 859/578/719
f 561/795/993 559/796/994 558/580/721
f 565/786/984 561/795/993 558/580/721
f 560/794/992 565/786/984 783/579/720
f 783/579/720 564/788/986 844/694/848
f 783/579/720 844/694/848 785/793/991
f 787/797/995 566/702/856 569/700/854
f 874/798/996 787/797/995 567/799/997
f 569/700/854 566/702/856 570/701/855
f 567/799/997 787/797/995 568/800/998
f 787/797/995 569/700/854 568/800/998
f 860/583/724 861/585/726 573/584/725
f 575/582/723 574/586/727 860/583/724
f 575/582/723 573/584/725 861/585/726
f 581/593/734 862/587/728 577/594/735
f 576/801/999 581/593/734 577/594/735
f 580/588/729 862/587/728 581/593/734
f 791/596/737 863/591/732 790/802/1000
f 578/595/736 863/591/732 791/596/737
f 863/591/732 576/801/999 790/802/1000
f 790/802/1000 577/594/735 791/596/737
f 580/588/729 581/593/734 792/592/733
f 862/587/728 789/590/731 578/595/736
f 793/803/1001 803/804/1002 864/805/1003
f 582/597/738 586/806/1004 810/598/739
f 583/807/1005 463/628/769 793/803/1001
f 793/803/1001 864/805/1003 583/807/1005
f 864/805/1003 803/804/1002 809/602/743
f 464/440/583 466/808/1006 462/599/740
f 817/601/742 584/809/1007 809/602/743
f 583/807/1005 864/805/1003 584/809/1007
f 466/808/1006 679/632/773 795/633/774
f 794/810/1008 466/808/1006 795/633/774
f 602/811/1009 608/812/1010 816/626/767
f 601/625/766 602/811/1009 816/626/767
f 609/813/1011 610/814/1012 585/648/789
f 594/815/1013 808/816/1014 796/817/1015
f 587/818/1016 703/441/584 468/443/586
f 587/818/1016 468/443/586 469/604/745
f 586/806/1004 796/817/1015 588/621/762
f 797/619/760 796/817/1015 590/607/748
f 588/621/762 796/817/1015 797/619/760
f 591/615/756 470/603/744 701/613/754
f 591/615/756 865/819/1017 470/603/744
f 798/820/1018 702/734/888 472/733/887
f 804/614/755 702/734/888 798/820/1018
f 805/612/753 593/611/752 592/606/747
f 593/611/752 806/608/749 475/738/892
f 605/609/750 806/608/749 593/611/752
f 805/612/753 591/615/756 804/614/755
f 805/612/753 600/605/746 597/821/1019
f 807/822/1020 589/823/1021 597/821/1019
f 477/476/619 826/652/793 606/623/764
f 607/624/765 829/627/768 585/648/789
f 794/810/1008 820/824/1022 802/825/1023
f 595/617/758 801/616/757 802/825/1023
f 800/618/759 594/815/1013 801/616/757
f 586/806/1004 801/616/757 594/815/1013
f 586/806/1004 582/597/738 801/616/757
f 807/822/1020 800/618/759 803/804/1002
f 793/803/1001 467/631/772 803/804/1002
f 593/611/752 475/738/892 815/826/1024
f 815/826/1024 592/606/747 593/611/752
f 592/606/747 815/826/1024 590/607/748
f 813/827/1025 590/607/748 814/740/894
f 797/619/760 590/607/748 813/827/1025
f 810/598/739 588/621/762 697/620/761
f 866/828/1026 480/649/790 811/743/897
f 811/743/897 584/809/1007 866/828/1026
f 694/724/878 812/829/1027 465/468/611
f 463/628/769 812/829/1027 694/724/878
f 463/628/769 583/807/1005 812/829/1027
f 602/811/1009 613/830/1028 608/812/1010
f 596/831/1029 611/832/1030 603/833/1031
f 476/487/630 486/748/902 614/834/1032
f 607/624/765 585/648/789 612/622/763
f 596/831/1029 606/623/764 612/622/763
f 850/477/620 596/831/1029 599/747/901
f 850/477/620 606/623/764 596/831/1029
f 612/622/763 611/832/1030 596/831/1029
f 612/622/763 585/648/789 611/832/1030
f 486/748/902 481/482/625 608/812/1010
f 610/814/1012 613/830/1028 611/832/1030
f 613/830/1028 614/834/1032 486/748/902
f 481/482/625 598/481/624 816/626/767
f 609/813/1011 613/830/1028 610/814/1012
f 617/600/741 595/617/758 819/644/785
f 609/813/1011 616/835/1033 614/834/1032
f 625/836/1034 476/487/630 614/834/1032
f 625/836/1034 614/834/1032 616/835/1033
f 826/652/793 829/627/768 606/623/764
f 625/836/1034 624/837/1035 476/487/630
f 795/633/774 476/487/630 624/837/1035
f 817/601/742 822/646/787 867/838/1036
f 819/644/785 822/646/787 617/600/741
f 821/839/1037 621/640/781 618/641/782
f 615/635/776 630/840/1038 823/642/783
f 618/641/782 621/640/781 823/642/783
f 619/645/786 627/636/777 621/640/781
f 622/637/778 615/635/776 620/634/775
f 825/841/1039 867/838/1036 821/839/1037
f 621/640/781 821/839/1037 822/646/787
f 825/841/1039 821/839/1037 618/641/782
f 825/841/1039 626/842/1040 867/838/1036
f 625/836/1034 616/835/1033 824/647/788
f 628/639/780 824/647/788 829/627/768
f 819/644/785 818/843/1041 627/636/777
f 619/645/786 819/644/785 627/636/777
f 621/640/781 822/646/787 619/645/786
f 824/647/788 622/637/778 624/837/1035
f 620/634/775 624/837/1035 622/637/778
f 866/828/1026 626/842/1040 480/649/790
f 820/824/1022 624/837/1035 818/843/1041
f 795/633/774 624/837/1035 820/824/1022
f 616/835/1033 585/648/789 824/647/788
f 623/638/779 828/655/796 630/840/1038
f 630/840/1038 635/844/1042 823/642/783
f 829/627/768 828/655/796 628/639/780
f 830/845/1043 825/841/1039 868/663/804
f 823/642/783 634/846/1044 868/663/804
f 830/845/1043 626/842/1040 825/841/1039
f 480/649/790 626/842/1040 831/657/798
f 827/513/656 480/649/790 831/657/798
f 823/642/783 868/663/804 629/643/784
f 629/643/784 868/663/804 825/841/1039
f 641/673/818 868/663/804 634/846/1044
f 823/642/783 635/844/1042 634/846/1044
f 631/651/792 632/653/794 636/847/1045
f 632/653/794 827/513/656 636/847/1045
f 638/656/797 631/651/792 636/847/1045
f 826/652/793 633/654/795 829/627/768
f 645/660/801 828/655/796 633/654/795
f 645/660/801 835/671/816 828/655/796
f 835/671/816 647/668/813 644/672/817
f 643/661/802 837/674/819 639/658/799
f 643/661/802 639/658/799 869/662/803
f 831/657/798 869/662/803 639/658/799
f 644/672/817 828/655/796 835/671/816
f 638/656/797 636/847/1045 642/665/806
f 642/665/806 636/847/1045 834/659/800
f 640/848/1046 868/663/804 641/673/818
f 727/524/1047 833/664/805 728/526/1048
f 833/664/805 727/524/1047 726/761/1049
f 531/763/1050 833/664/805 726/761/1049
f 838/666/807 833/664/805 531/763/1050
f 834/659/800 639/658/799 837/674/819
f 838/666/807 531/763/1050 726/761/1051
f 838/666/807 726/761/1051 727/524/808
f 835/671/816 646/670/815 647/668/813
f 646/670/815 836/667/811 647/668/813
f 838/666/807 646/670/815 645/660/801
f 837/674/819 528/849/1052 725/764/1053
f 724/528/1054 837/674/819 725/764/1053
f 527/762/1055 834/659/800 723/529/1056
f 836/667/811 643/661/802 832/669/814
f 638/656/797 833/664/805 838/666/807
f 870/850/1057 648/681/830 839/851/1058
f 870/850/1057 758/852/1059 757/853/1060
f 870/850/1057 733/547/1061 732/536/1062
f 761/566/1063 871/675/821 737/565/1064
f 538/568/820 650/689/843 871/675/821
f 649/682/831 648/681/830 650/689/843
f 870/850/1057 515/533/1065 739/766/1066
f 755/561/1067 655/854/1068 754/560/1069
f 758/852/1070 843/677/823 757/853/1071
f 651/686/837 777/574/947 550/691/845
f 777/574/947 651/686/837 764/553/1072
f 653/680/829 654/855/1073 648/681/830
f 750/575/1074 840/774/943 778/576/717
f 844/694/848 659/693/847 660/856/1075
f 658/695/849 556/791/989 557/792/990
f 660/856/1075 562/789/987 563/790/988
f 784/581/722 658/695/849 557/792/990
f 561/795/993 659/693/847 559/796/994
f 561/795/993 562/789/987 659/693/847
f 659/693/847 562/789/987 660/856/1075
f 559/796/994 659/693/847 786/696/850
f 844/694/848 660/856/1075 560/794/992
f 571/857/1076 663/699/853 788/703/857
f 661/697/851 874/798/996 567/799/997
f 661/697/851 567/799/997 568/800/998
f 788/703/857 663/699/853 662/698/852
f 847/706/860 665/705/859 666/708/862
f 846/707/861 666/708/862 665/705/859
f 670/717/871 667/712/866 668/714/868
f 671/858/1077 667/712/866 670/717/871
f 675/713/867 667/712/866 671/858/1077
f 668/714/868 669/715/869 670/717/871
f 673/710/864 849/709/863 848/716/870
f 848/716/870 849/709/863 674/859/1078
f 675/713/867 674/859/1078 849/709/863
f 848/716/870 674/859/1078 671/858/1077
f 671/858/1077 674/859/1078 675/713/867
f 774/785/983 555/860/1079 781/861/1080
f 657/862/1081 872/863/1082 653/680/829
f 779/864/1083 554/865/1084 553/690/844
f 554/865/1084 779/864/1083 552/775/944
f 551/866/1085 555/860/1079 552/775/944
f 555/860/1079 782/867/1086 552/775/944
f 552/775/944 553/690/844 551/866/1085
f 782/867/1086 780/572/714 552/775/944
f 781/861/1080 548/783/967 775/570/712
f 555/860/1079 774/785/983 782/867/1086
f 774/785/983 776/777/951 782/867/1086
f 857/781/958 549/779/953 551/866/1085
f 551/866/1085 549/779/953 548/783/967
f 841/868/1087 554/865/1084 655/854/1068
f 554/865/1084 840/774/943 655/854/1068
f 872/863/1082 841/868/1087 655/854/1068
f 842/869/1088 657/862/1081 656/679/827
f 654/855/1073 653/680/829 843/677/823
f 872/863/1082 843/677/823 653/680/829
f 651/686/837 841/868/1087 652/870/1089
f 656/679/827 652/870/1089 842/869/1088
f 694/724/878 677/629/770 463/628/769
f 676/722/876 693/737/891 450/720/874
f 679/632/773 466/808/1006 464/440/583
f 491/484/627 693/737/891 676/722/876
f 676/722/876 678/470/613 439/725/879
f 682/719/873 451/461/604 441/460/603
f 692/729/883 686/718/872 682/719/873
f 681/630/771 677/629/770 442/721/875
f 797/619/760 813/827/1025 699/739/893 698/742/896
f 689/453/596 468/443/586 683/442/585
f 681/630/771 703/441/584 467/631/772
f 443/741/895 453/446/589 682/719/873
f 444/444/587 453/446/589 443/741/895
f 685/450/593 470/603/744 684/455/598
f 474/730/884 472/733/887 446/731/885
f 446/731/885 472/733/887 471/452/595
f 471/452/595 702/734/888 701/613/754
f 449/735/889 475/738/892 806/608/749
f 461/448/591 447/732/886 691/451/594
f 461/448/591 691/451/594 456/449/592
f 690/454/597 684/455/598 689/453/596
f 456/449/592 691/451/594 453/446/589
f 683/442/585 442/721/875 688/736/890
f 689/453/596 688/736/890 692/729/883
f 692/729/883 688/736/890 686/718/872
f 479/489/632 680/457/600 505/456/599
f 680/457/600 687/459/602 452/458/601
f 693/737/891 687/459/602 451/461/604
f 693/737/891 686/718/872 450/720/874
f 688/736/890 442/721/875 450/720/874
f 449/735/889 448/447/590 475/738/892
f 448/447/590 445/463/606 473/462/605
f 445/463/606 444/444/587 700/464/607
f 695/723/877 697/620/761 443/741/895 682/719/873
f 458/471/614 483/473/616 485/745/899 455/746/900
f 697/620/761 695/723/877 810/598/739
f 682/719/873 441/460/603 695/723/877
f 678/470/613 442/721/875 694/724/878
f 488/472/615 460/744/898 459/727/881
f 476/487/630 487/483/626 488/472/615 707/478/621
f 455/746/900 704/465/608 850/477/620
f 707/478/621 481/482/625 486/748/902
f 498/750/904 716/502/645 489/503/646 713/490/633
f 711/488/631 476/487/630 489/503/646
f 710/505/648 505/456/599 452/458/601
f 713/490/633 476/487/630 679/632/773
f 717/491/634 709/726/880 439/725/879
f 497/509/652 496/495/638 495/507/650
f 493/496/639 492/498/641 499/492/635
f 490/493/636 716/502/645 498/750/904
f 493/496/639 717/491/634 500/751/905
f 717/491/634 439/725/879 500/751/905
f 500/751/905 708/469/612 480/649/790
f 851/499/642 506/506/649 710/505/648
f 496/495/638 499/492/635 852/754/908 510/508/651
f 713/490/633 505/456/599 498/750/904
f 712/504/647 501/749/903 478/467/610
f 717/491/634 491/484/627 709/726/880
f 711/488/631 712/504/647 484/475/618
f 513/753/907 514/512/655 853/521/664 518/755/909
f 719/510/653 497/509/652 495/507/650
f 503/752/906 517/519/662 509/501/644
f 508/486/629 718/515/658 477/476/619
f 519/650/791 500/751/905 480/649/790
f 518/755/909 720/760/915 727/524/914 728/526/918
f 522/756/910 852/754/908 509/501/644
f 514/512/655 718/515/658 512/517/660
f 521/757/911 519/650/791 518/755/909
f 510/508/651 722/518/661 719/510/653
f 852/754/908 524/522/665 510/508/651
f 531/763/919 726/761/916 720/760/915
f 522/756/910 525/520/663 721/527/670 529/759/913
f 728/526/669 532/525/668 721/527/670 527/762/1090
f 528/849/1091 725/764/920 721/527/670 730/765/922
f 532/525/668 726/761/1092 531/763/919
f 532/525/668 727/524/667 726/761/1092
f 518/755/909 527/762/917 723/529/1093 730/765/922
f 723/529/672 527/762/1090 721/527/670
f 853/521/664 520/531/674 532/525/668 720/760/915
f 723/529/1093 724/528/923 730/765/922
f 725/764/921 528/849/1091 730/765/922
f 529/759/913 530/523/666 523/758/912
f 521/757/911 518/755/909 730/765/922
f 546/782/1094 768/687/924 545/534/677 767/540/683
f 737/565/707 535/567/709 744/678/928 545/534/677
f 545/534/677 534/544/687 762/551/693
f 746/769/930 540/780/1095 747/555/697 545/534/677
f 734/559/701 854/558/700 755/561/703 533/571/1096
f 516/548/691 743/549/677 854/558/700 736/562/704
f 753/770/932 854/558/700 752/564/706 541/871/1097
f 516/548/1098 736/562/934 855/771/933 733/547/1099
f 855/771/933 515/533/1100 731/535/1101
f 855/771/933 731/535/1101 732/536/1102
f 533/571/1103 756/573/1104 855/771/933 734/559/1105
f 855/771/933 732/536/1102 733/547/1099
f 536/772/938 856/569/711 855/771/933 543/776/950
f 855/771/933 756/573/1104 757/853/1106
f 735/557/935 734/559/1105 855/771/933
f 855/771/933 758/852/1107 542/778/952
f 855/771/933 757/853/1106 758/852/1107
f 739/766/1108 855/771/933 856/569/711 738/767/1109
f 856/569/711 737/565/936 738/767/1109
f 760/685/942 761/566/937 856/569/711
f 855/771/933 739/766/1108 515/533/1100
f 537/684/1110 759/683/941 856/569/711 740/784/1111
f 541/871/1112 858/577/718 780/572/714 753/770/1113
f 741/773/940 740/784/1111 856/569/711
f 780/572/714 533/571/713 755/561/1114
f 755/561/1114 754/560/1115 780/572/714
f 780/572/714 754/560/1115 753/770/1113
f 758/852/1116 780/572/714 776/777/951 542/778/952
f 535/567/970 548/783/967 549/779/953 744/678/957
f 758/852/1116 757/853/1117 780/572/714
f 780/572/714 757/853/1117 756/573/715
f 774/785/983 543/776/950 776/777/951
f 748/556/961 747/555/962 549/779/953 857/781/958
f 774/785/983 536/772/938 543/776/950
f 773/545/977 553/690/844 550/691/845 534/544/949
f 858/577/718 541/871/1112 752/564/1118
f 858/577/718 752/564/1118 751/563/1119
f 858/577/718 751/563/1119 750/575/716
f 771/688/979 547/541/975 857/781/958 553/690/844
f 775/570/712 548/783/967 742/676/982 538/568/710
f 572/872/1120 787/797/995 874/798/996 571/857/1076
f 859/578/719 556/791/989 783/579/720
f 845/787/985 783/579/720 556/791/989
f 563/790/988 565/786/984 560/794/992
f 559/796/994 786/696/850 558/580/721
f 565/786/984 562/789/987 561/795/993
f 566/702/856 787/797/995 572/872/1120
f 571/857/1076 788/703/857 572/872/1120
f 466/808/1006 794/810/1008 582/597/738 462/599/740
f 566/702/856 572/872/1120 788/703/857
f 862/587/728 578/595/736 577/594/735
f 581/593/734 576/801/999 863/591/732
f 863/591/732 789/590/731 579/589/730
f 790/802/1000 576/801/999 577/594/735
f 685/450/593 471/452/595 701/613/754 470/603/744
f 584/809/1007 864/805/1003 809/602/743
f 586/806/1004 594/815/1013 796/817/1015
f 467/631/772 793/803/1001 463/628/769
f 587/818/1016 467/631/772 703/441/584
f 865/819/1017 587/818/1016 469/604/745
f 865/819/1017 589/823/1021 587/818/1016
f 796/817/1015 808/816/1014 597/821/1019
f 796/817/1015 597/821/1019 600/605/746
f 590/607/748 796/817/1015 600/605/746
f 474/730/884 799/610/751 798/820/1018 472/733/887
f 470/603/744 865/819/1017 469/604/745
f 592/606/747 600/605/746 805/612/753
f 587/818/1016 589/823/1021 803/804/1002 467/631/772
f 804/614/755 798/820/1018 799/610/751
f 804/614/755 701/613/754 702/734/888
f 806/608/749 799/610/751 474/730/884
f 804/614/755 799/610/751 605/609/750
f 805/612/753 804/614/755 605/609/750
f 591/615/756 589/823/1021 865/819/1017
f 597/821/1019 589/823/1021 591/615/756
f 597/821/1019 591/615/756 805/612/753
f 807/822/1020 803/804/1002 589/823/1021
f 582/597/738 794/810/1008 802/825/1023 801/616/757
f 808/816/1014 807/822/1020 597/821/1019
f 818/843/1041 802/825/1023 820/824/1022
f 795/633/774 820/824/1022 794/810/1008
f 800/618/759 595/617/758 617/600/741 809/602/743
f 815/826/1024 473/462/605 700/464/607 814/740/894
f 809/602/743 803/804/1002 800/618/759
f 807/822/1020 594/815/1013 800/618/759
f 594/815/1013 807/822/1020 808/816/1014
f 473/462/605 815/826/1024 475/738/892
f 814/740/894 590/607/748 815/826/1024
f 611/832/1030 613/830/1028 604/873/1121 603/833/1031
f 699/739/893 813/827/1025 814/740/894
f 810/598/739 586/806/1004 588/621/762
f 812/829/1027 583/807/1005 811/743/897
f 811/743/897 583/807/1005 584/809/1007
f 465/468/611 812/829/1027 811/743/897
f 602/811/1009 604/873/1121 613/830/1028
f 802/825/1023 818/843/1041 819/644/785 595/617/758
f 603/833/1031 599/747/901 596/831/1029
f 585/648/789 610/814/1012 611/832/1030
f 477/476/619 606/623/764 850/477/620
f 486/748/902 608/812/1010 613/830/1028
f 816/626/767 608/812/1010 481/482/625
f 613/830/1028 609/813/1011 614/834/1032
f 624/837/1035 620/634/775 627/636/777 818/843/1041
f 584/809/1007 817/601/742 867/838/1036
f 615/635/776 623/638/779 630/840/1038
f 615/635/776 823/642/783 621/640/781
f 821/839/1037 867/838/1036 822/646/787
f 618/641/782 629/643/784 825/841/1039
f 624/837/1035 625/836/1034 824/647/788
f 584/809/1007 867/838/1036 626/842/1040 866/828/1026
f 635/844/1042 644/672/817 641/673/818 634/846/1044
f 817/601/742 617/600/741 822/646/787
f 616/835/1033 609/813/1011 585/648/789
f 826/652/793 477/476/619 632/653/794
f 623/638/779 628/639/780 828/655/796
f 868/663/804 869/662/803 830/845/1043
f 831/657/798 637/874/1122 827/513/656
f 831/657/798 626/842/1040 830/845/1043
f 831/657/798 830/845/1043 869/662/803
f 514/512/655 519/650/791 827/513/656
f 630/840/1038 828/655/796 635/844/1042
f 632/653/794 477/476/619 827/513/656
f 827/513/656 637/874/1122 636/847/1045
f 834/659/800 637/874/1122 831/657/798
f 644/672/817 635/844/1042 828/655/796
f 641/673/818 647/668/813 832/669/814 640/848/1046
f 868/663/804 640/848/1046 643/661/802
f 834/659/800 636/847/1045 637/874/1122
f 527/762/1055 728/526/1048 833/664/805 834/659/800
f 836/667/811 838/666/807 728/526/809 527/762/1123
f 832/669/814 643/661/802 640/848/1046
f 528/849/1052 837/674/819 836/667/811 725/764/1124
f 836/667/811 527/762/1123 723/529/812
f 837/674/819 724/528/1054 723/529/1056 834/659/800
f 836/667/811 724/528/810 725/764/1124
f 836/667/811 646/670/815 838/666/807
f 542/778/1125 758/852/1059 870/850/1057 839/851/1058
f 533/571/1126 734/559/1127 870/850/1057 756/573/1128
f 516/548/1129 733/547/1061 870/850/1057 736/562/1130
f 870/850/1057 734/559/1127 735/557/1131
f 757/853/1060 756/573/1128 870/850/1057
f 870/850/1057 871/675/821 650/689/843 648/681/830
f 870/850/1057 735/557/1131 736/562/1130
f 731/535/1132 515/533/1065 870/850/1057
f 732/536/1062 731/535/1132 870/850/1057
f 537/684/1133 740/784/1134 871/675/821 759/683/1135
f 871/675/821 761/566/1063 760/685/1136
f 738/767/1137 737/565/1064 871/675/821
f 739/766/1066 738/767/1137 871/675/821 870/850/1057
f 871/675/821 740/784/1134 741/773/1138
f 871/675/821 760/685/1136 759/683/1135
f 871/675/821 741/773/1138 742/676/822
f 655/854/1068 755/561/1067 533/571/824 843/677/823
f 655/854/1068 840/774/943 753/770/1139 754/560/1069
f 541/871/1140 753/770/1139 840/774/943
f 839/851/1058 843/677/823 758/852/1070 542/778/1125
f 745/768/1141 652/870/1089 656/679/827 744/678/826
f 756/573/825 757/853/1071 843/677/823
f 657/862/1081 650/689/843 656/679/827
f 534/544/1142 762/551/1143 651/686/837
f 651/686/837 762/551/1143 763/550/1144
f 651/686/837 763/550/1144 764/553/1072
f 839/851/1058 648/681/830 654/855/1073
f 839/851/1058 654/855/1073 843/677/823
f 652/870/1089 746/769/1145 540/780/1146
f 766/539/1147 651/686/837 652/870/1089 765/537/1148
f 652/870/1089 745/768/1141 746/769/1145
f 652/870/1089 749/554/1149 539/538/1150
f 652/870/1089 540/780/1146 747/555/1151
f 652/870/1089 747/555/1151 748/556/1152
f 652/870/1089 748/556/1152 749/554/1149
f 651/686/837 767/540/1153 546/782/1154
f 652/870/1089 539/538/1150 765/537/1148
f 650/689/843 538/568/820 742/676/1155 656/679/827
f 651/686/837 766/539/1147 767/540/1153
f 656/679/827 761/566/834 535/567/828
f 656/679/827 759/683/832 760/685/835
f 651/686/837 770/542/839 547/541/841
f 546/782/1154 768/687/838 651/686/837
f 752/564/1156 541/871/1140 840/774/943
f 750/575/1074 751/563/1157 840/774/943
f 751/563/1157 752/564/1156 840/774/943
f 651/686/837 773/545/1158 534/544/1142
f 651/686/837 772/546/842 773/545/1158
f 656/679/827 740/784/1159 537/684/833
f 658/695/849 873/692/846 845/787/985 556/791/989
f 656/679/827 742/676/1155 741/773/1160
f 656/679/827 741/773/1160 740/784/1159
f 653/680/829 650/689/843 657/862/1081
f 651/686/837 553/690/844 841/868/1087
f 841/868/1087 553/690/844 554/865/1084
f 663/699/853 571/857/1076 874/798/996 661/697/851
f 873/692/846 564/788/986 845/787/985
f 560/794/992 660/856/1075 563/790/988
f 785/793/991 844/694/848 560/794/992
f 658/695/849 786/696/850 659/693/847
f 873/692/846 844/694/848 564/788/986
f 569/700/854 662/698/852 661/697/851 568/800/998
f 847/706/860 846/707/861 664/704/858
f 667/712/866 672/711/865 668/714/868
f 673/710/864 668/714/868 672/711/865
f 671/858/1077 670/717/871 848/716/870
f 781/861/1080 775/570/712 774/785/983
f 840/774/943 554/865/1084 552/775/944
f 552/775/944 779/864/1083 553/690/844
f 551/866/1085 548/783/967 781/861/1080
f 781/861/1080 555/860/1079 551/866/1085
f 782/867/1086 776/777/951 780/572/714
f 551/866/1085 553/690/844 857/781/958
f 872/863/1082 842/869/1088 841/868/1087
f 872/863/1082 655/854/1068 843/677/823
f 657/862/1081 842/869/1088 872/863/1082
f 842/869/1088 652/870/1089 841/868/1087
o Cube.003_Cube.004
v -2.339912 3.024542 -0.841733
v -2.865263 3.628411 -0.862820
v -3.529113 3.238866 -0.980970
v -0.670999 3.030783 -0.877424
v -1.114037 3.742081 -0.858770
v 0.132360 3.075058 -0.945310
v 0.606971 2.929474 -0.921409
v 0.748067 2.850775 -0.960007
v 0.896018 3.700041 -0.948786
v 1.075804 3.383980 -0.987260
v 0.978388 2.973458 -0.946601
v 1.120917 3.106298 -0.991494
v -1.306438 3.593183 -0.807360
v -0.896603 3.160291 -0.822382
v -2.730020 3.210664 -0.820155
v 0.133979 3.143212 -0.919960
v -3.585875 3.254786 -1.003419
v -3.559006 3.320059 -1.001569
v 0.830321 3.255041 -0.906731
v -3.475384 3.262505 -0.967578
v -3.527332 3.229934 -0.972768
v -3.492057 3.219218 -0.972240
v 1.037675 3.313233 -0.954921
v -1.030641 3.792080 -1.065527
v -2.342459 2.950779 -1.052448
v -2.537138 3.773798 -0.983943
v -2.802068 2.980066 -1.041503
v 0.127634 3.585581 -0.994813
v 0.302127 3.575209 -1.025329
v 0.540097 3.630614 -1.057491
v 0.817890 3.759250 -0.960010
v 0.928154 3.736792 -1.023013
v 1.000337 2.898655 -1.019917
v 1.089135 3.382726 -1.010107
v 1.125352 3.073190 -1.014013
v -3.484716 3.108006 -1.006915
v -3.495388 3.377335 -1.011212
v -3.363920 3.280394 -0.917348
v -3.002214 3.006773 -0.883911
v -3.048517 3.640788 -1.010431
v -3.590038 3.221946 -1.015942
v -3.395261 3.231595 -0.918140
v -3.471020 3.256819 -0.955559
v -3.334433 3.205885 -0.904914
v -3.528962 3.285824 -0.974606
v -3.546183 3.140656 -1.017502
v -3.391666 3.133070 -0.931010
v -3.502251 3.214578 -0.959086
v -3.361281 3.100724 -0.912987
v -2.914200 3.198165 -0.805362
v -3.391103 3.130130 -0.920056
v -2.647869 3.436811 -0.808233
v -2.988271 3.540615 -0.840750
v -2.872971 3.557273 -0.828987
v -3.097199 3.316373 -0.842483
v -3.023466 3.366162 -0.825315
v -3.193155 3.282908 -0.855009
v -3.093720 3.153381 -0.847843
v -2.998977 3.427276 -0.820451
v -3.014203 3.616349 -0.870651
v -3.365827 3.287562 -0.890081
v -3.232208 3.344421 -0.953346
v -3.101861 3.574444 -0.880276
v -3.002370 3.577738 -0.839133
v -2.911340 3.071289 -0.839040
v -2.848682 3.197039 -0.810378
v -3.296209 3.267924 -0.877345
v -3.011425 3.518401 -0.842571
v -3.464061 3.367910 -0.940801
v -3.066434 3.483571 -0.824053
v -3.092329 3.346206 -0.816303
v -3.219656 3.294128 -0.840609
v -3.363745 3.454002 -0.900297
v -3.294351 3.548425 -0.976342
v -3.341545 3.509121 -0.974912
v -3.200078 3.290736 -1.011227
v -3.154517 3.459523 -1.011227
v -3.163863 3.562342 -0.861122
v -3.273082 3.524296 -0.966444
v -3.213785 3.569709 -0.928813
v -3.195105 3.526978 -0.929002
v -3.084554 3.457676 -0.839609
v -3.081116 3.405107 -0.831204
v -3.115898 3.355397 -0.849715
v -3.167532 3.522585 -0.889549
v -3.296252 3.350088 -0.896175
v -3.220557 3.445994 -1.011227
v -3.196236 3.454674 -1.011227
v -3.107949 3.413862 -0.926649
v -3.240632 3.430328 -1.011227
v -3.068875 3.525646 -1.011227
v -3.315588 3.368898 -1.011227
v -3.207560 3.189645 -1.011227
v -2.977493 3.290873 -0.944925
v -3.145361 3.171881 -1.011227
v -3.115024 3.169798 -1.011227
v -3.279429 3.234669 -1.011227
v -3.249881 3.205669 -1.011227
v -3.100564 3.531447 -1.011227
v -3.014118 3.501258 -1.011227
v -2.963078 3.393345 -0.945809
v -3.002194 3.261788 -0.939202
v -3.308447 3.420898 -1.011227
v -3.299773 3.283565 -1.011227
v -3.310465 3.329440 -1.011227
v -3.073800 3.412782 -0.839277
v -3.271479 3.293389 -0.901987
v -3.319559 3.423797 -0.999886
v -3.194491 3.541497 -0.867097
v -3.331429 3.445959 -0.923143
v -3.306793 3.504616 -1.017767
v -3.295486 3.372591 -0.848599
v -3.123369 3.490585 -0.838547
v -2.275568 3.736735 -0.996782
v -2.383377 3.787073 -1.010548
v -1.794173 3.867985 -0.993129
v 0.307954 3.795409 -1.010504
v 0.622465 3.570199 -1.011880
v -1.619713 3.951872 -1.008443
v -1.268060 3.964701 -1.014269
v -0.362077 3.949368 -1.010539
v -0.138293 3.493040 -1.011234
v -0.222171 3.824391 -0.992795
v -1.228653 3.038784 -1.011228
v -1.262996 2.999467 -1.011242
v -0.862267 2.865261 -1.014643
v -0.507042 2.809927 -1.011224
v 0.302848 2.842301 -1.012985
v -0.333960 3.115227 -1.011258
v -2.429554 2.962460 -0.897986
v -2.005254 2.826383 -0.862432
v -2.090005 2.963161 -0.897787
v -2.527820 3.399519 -0.797888
v -2.312347 3.579249 -0.734449
v -2.175299 3.460316 -0.701822
v -2.228734 3.081542 -0.756412
v -2.422045 3.059278 -0.809714
v -2.575573 3.189204 -0.840350
v -2.324332 2.988452 -1.152635
v -2.291127 3.726363 -1.182329
v -2.863731 3.629854 -1.155596
v -3.345126 3.214182 -1.120191
v -0.497788 3.031244 -1.136340
v -0.798217 3.730020 -1.139654
v -0.136589 3.633166 -1.090807
v 0.132052 3.523499 -1.093029
v 0.641276 2.862647 -1.077103
v 0.383396 3.557949 -1.079132
v 0.978291 2.915007 -1.057289
v 1.071470 3.296892 -1.054217
v -1.313794 3.430975 -1.227481
v -0.842460 3.169800 -1.201069
v -2.728256 3.214299 -1.202341
v -3.532707 3.288379 -1.046444
v 0.153990 3.383939 -1.107525
v 0.144175 3.122465 -1.099585
v -3.592746 3.252311 -1.015340
v -3.561787 3.323986 -1.019006
v 0.596088 2.973168 -1.104759
v -3.529114 3.238888 -1.041534
v -3.527347 3.229993 -1.049691
v -3.472271 3.259645 -1.055913
v -3.492079 3.219201 -1.050214
v 1.068974 3.098808 -1.058400
v -3.479546 3.364660 -1.041215
v -3.371656 3.287598 -1.102359
v -3.533669 3.229957 -1.062355
v -3.393640 3.131694 -1.089589
v -3.468223 3.256167 -1.070226
v -3.502169 3.214574 -1.063457
v -3.445464 3.117300 -1.062415
v -3.052294 3.176933 -1.194650
v -3.392177 3.129433 -1.102491
v -2.644663 3.421805 -1.216213
v -3.087808 3.152193 -1.175811
v -2.975287 3.544152 -1.181633
v -2.815145 3.230804 -1.220238
v -2.755194 3.482027 -1.219172
v -2.766768 3.328485 -1.224180
v -3.193938 3.282721 -1.167402
v -3.103656 3.034314 -1.153251
v -3.353687 3.095090 -1.106211
v -2.995670 3.631699 -1.137704
v -3.351393 3.274208 -1.135764
v -2.850831 3.196954 -1.211827
v -3.296504 3.267999 -1.145697
v -3.012312 3.517645 -1.182441
v -3.066101 3.334161 -1.190515
v -3.377187 3.411387 -1.114686
v -3.469765 3.372444 -1.076172
v -3.321385 3.328093 -1.160087
v -3.053195 3.411261 -1.212056
v -3.084349 3.349828 -1.205472
v -3.343913 3.511314 -1.052539
v -3.295698 3.547060 -1.049521
v -3.362014 3.452934 -1.121580
v -3.203946 3.539490 -1.095096
v -3.081123 3.405798 -1.191239
v -3.311785 3.476371 -1.060241
v -3.167508 3.559874 -1.163486
v -3.112119 3.354565 -1.187153
v -3.296162 3.350092 -1.126220
v -2.962955 3.393932 -1.075819
v -2.972566 3.309045 -1.089095
v -2.998645 3.258768 -1.078078
v -3.328899 3.393900 -1.076095
v -3.290236 3.304462 -1.118675
v -3.044750 3.394889 -1.169196
v -3.137169 3.536060 -1.034353
v -3.008975 3.437011 -1.125313
v -3.187604 3.542096 -1.152442
v -3.204583 3.300029 -1.161372
v -3.133204 3.355653 -1.189247
v -3.226537 3.540973 -1.111803
v -2.288990 3.743663 -1.025408
v 0.591657 3.510183 -1.013154
v -2.108079 3.683084 -1.029586
v -1.731958 3.873967 -1.029234
v -0.145219 3.806380 -1.029468
v -1.099549 3.087417 -1.021659
v -0.042188 3.132245 -1.021273
v -2.246071 2.828515 -1.160314
v -2.039711 2.863464 -1.149358
v -2.104465 2.975301 -1.121078
v -2.400957 3.553833 -1.265406
v -2.193839 3.490821 -1.311000
v -2.135403 3.309553 -1.310098
v -2.178614 3.113979 -1.276536
v -2.446666 3.064674 -1.203207
v -2.294838 3.574507 -1.299043
v -2.216341 3.492446 -1.320503
v -2.544527 3.125412 -1.195686
v -2.578737 3.198704 -1.185415
v -2.299287 3.691227 -0.827116
v -1.224288 3.793085 -0.916967
v -2.311018 2.968381 -0.900998
v -3.027374 2.990208 -0.949565
v -2.831272 3.040121 -0.871710
v -0.611255 3.729891 -0.928565
v -0.246975 3.089780 -0.884109
v -0.131373 3.641085 -0.939672
v 0.328500 3.570932 -0.961625
v 0.540514 3.628431 -0.957610
v -2.291293 3.142350 -0.806277
v -0.746946 3.334437 -0.813391
v -0.710129 3.616672 -0.839203
v 0.155935 3.531747 -0.933557
v 0.181450 3.412080 -0.917318
v 0.849895 3.667307 -0.927488
v -0.272166 3.341941 -0.857078
v -2.233715 3.429591 -0.784955
v -2.289561 3.769315 -0.871828
v -2.174908 3.811313 -1.014911
v -0.551730 2.996723 -0.954510
v 0.120418 3.053576 -0.966277
v 0.307243 3.001541 -0.964409
v 0.614218 2.853539 -0.966607
v 0.988019 2.902357 -0.979918
v 0.788610 3.749096 -1.064125
v 0.860132 3.765704 -1.045189
v -0.151346 3.658599 -1.042572
v -3.484034 3.366655 -0.979952
v -3.533397 3.231308 -0.960733
v -3.573289 3.197550 -0.989124
v -2.954671 3.641897 -0.903307
v -2.734292 3.558485 -0.828914
v -3.455068 3.115485 -0.968180
v -2.753065 3.210294 -0.803804
v -3.331081 3.221090 -0.889425
v -3.044927 3.023475 -0.863330
v -2.754561 3.479332 -0.803220
v -2.664850 3.418535 -0.790481
v -3.235767 3.217949 -0.862418
v -2.731300 3.538730 -0.807476
v -3.379075 3.422019 -0.914856
v -3.244499 3.435065 -1.005690
v -3.167285 3.458860 -0.963330
v -3.116713 3.359957 -0.924412
v -3.214784 3.313374 -0.853587
v -3.214825 3.448737 -1.011227
v -3.208795 3.450989 -1.011227
v -3.202566 3.452914 -1.011227
v -3.235862 3.434654 -1.011227
v -3.230993 3.438816 -1.011227
v -3.225924 3.442651 -1.011227
v -3.178554 3.331835 -0.937943
v -3.199558 3.456169 -1.006681
v -3.193053 3.332238 -1.011227
v -3.183160 3.377752 -1.011227
v -3.170335 3.421955 -1.011227
v -3.092196 3.516589 -1.011227
v -3.114752 3.504543 -1.011227
v -3.135781 3.486517 -1.011227
v -3.207443 3.209082 -1.011227
v -3.206625 3.230854 -1.011227
v -3.204403 3.257294 -1.011227
v -3.135164 3.170074 -1.011227
v -3.127206 3.169370 -1.011227
v -3.120742 3.169400 -1.011227
v -3.215873 3.503598 -1.011227
v -3.218828 3.193173 -1.011227
v -3.229821 3.196892 -1.011227
v -3.240263 3.200994 -1.011227
v -3.258473 3.211121 -1.011227
v -3.266143 3.217598 -1.011227
v -3.273069 3.225360 -1.011227
v -3.147796 3.523261 -1.011227
v -3.130196 3.526981 -1.011227
v -3.114187 3.529852 -1.011227
v -3.089858 3.531485 -1.011227
v -3.081538 3.530246 -1.011227
v -3.074809 3.528159 -1.011227
v -3.055186 3.519549 -1.011227
v -3.041497 3.513452 -1.011227
v -3.027807 3.507355 -1.011227
v -3.158298 3.175036 -1.011227
v -3.173474 3.179293 -1.011227
v -3.190143 3.184285 -1.011227
v -3.314801 3.380691 -1.011227
v -3.313158 3.393518 -1.011227
v -3.310945 3.407036 -1.011227
v -3.272800 3.464884 -1.011227
v -3.285353 3.245644 -1.011227
v -3.290788 3.257841 -1.011227
v -3.295628 3.270676 -1.011227
v -3.303168 3.296007 -1.011227
v -3.305955 3.307847 -1.011227
v -3.308324 3.319015 -1.011227
v -3.312491 3.339154 -1.011227
v -3.314204 3.348603 -1.011227
v -3.315328 3.358335 -1.011227
v -3.309523 3.338694 -0.896894
v -3.087707 3.330117 -0.855065
v -3.019278 3.463527 -0.917035
v -3.314389 3.418748 -1.011227
v -2.996520 3.386002 -0.885224
v -3.162664 3.526556 -1.011227
v -3.317899 3.433675 -0.864093
v -3.291759 3.497673 -0.910639
v -3.187989 3.268511 -0.892003
v -3.146905 3.541898 -0.902472
v -1.285440 3.608688 -1.006712
v -2.210517 3.851746 -1.010200
v 0.434437 3.475153 -1.010334
v -1.856359 3.964248 -1.011822
v 0.119448 3.445798 -0.993074
v -1.105455 3.086695 -1.000668
v -0.034174 3.131998 -1.000941
v 0.369311 3.038722 -1.011243
v 0.203243 3.094840 -1.011405
v -0.388997 2.901401 -0.997506
v -2.150253 3.152717 -0.730406
v -2.380705 3.563471 -0.739377
v -2.543020 3.122560 -0.832508
v -1.284240 3.789858 -1.115920
v -1.366073 3.741695 -1.170942
v -2.864537 3.009227 -1.122075
v -3.010276 2.996915 -1.123183
v 0.130537 3.570849 -1.060385
v 0.289801 3.010998 -1.065434
v 0.881331 2.991234 -1.095261
v 1.056481 3.424136 -1.037477
v -2.329380 3.087442 -1.205583
v -2.857243 3.084045 -1.167642
v -0.942478 3.652858 -1.193217
v 0.859565 3.665108 -1.094784
v 0.819082 3.259515 -1.116562
v 1.130120 3.208328 -1.011186
v -0.661901 3.411072 -1.204563
v -0.210891 3.126249 -1.142698
v -2.301178 3.606640 -1.215720
v -2.383855 3.785821 -1.114934
v -0.318687 3.004911 -1.063274
v -3.407130 3.310759 -1.100161
v 0.114482 3.054458 -1.053522
v 0.609183 2.853888 -1.046972
v 0.766708 2.841634 -1.038225
v -3.329757 3.206388 -1.112849
v -3.571359 3.251625 -1.035226
v -2.720798 3.545400 -1.196473
v -2.900491 3.080427 -1.188906
v -2.749902 3.215617 -1.220230
v -2.987659 3.026412 -1.159600
v -3.236651 3.218278 -1.157038
v -2.690838 3.487085 -1.228676
v -2.998439 3.409950 -1.204350
v -3.327565 3.218131 -1.140834
v -3.002195 3.574667 -1.184823
v -3.291973 3.538504 -1.041810
v -3.213365 3.299361 -1.185648
v -3.098558 3.559177 -1.155420
v -3.203515 3.570408 -1.100244
v -3.091175 3.473946 -1.176799
v -3.110522 3.422579 -1.093152
v -3.247704 3.437703 -1.017607
v -3.276304 3.500182 -1.045469
v -3.185006 3.331658 -1.086656
v -3.166241 3.455519 -1.061443
v -3.191120 3.462839 -1.024899
v -3.250491 3.414649 -1.045718
v -3.117422 3.358824 -1.098041
v -3.019015 3.484942 -1.037377
v -3.324799 3.445565 -1.149952
v -3.293593 3.369745 -1.173826
v -3.122015 3.514441 -1.162595
v -2.014469 2.786209 -1.172167
v -2.424135 2.952639 -1.127228
v -2.187068 3.116698 -1.289332
v -2.531091 3.389675 -1.228161
v -2.387423 3.784242 -0.913444
v -3.396114 3.302052 -0.918332
v -3.544900 3.356103 -1.013690
v -2.771806 3.299971 -0.799529
v -3.332781 3.337484 -0.867844
v -3.052751 3.409099 -0.811159
v -3.322401 3.498763 -0.965359
v -3.253957 3.409955 -0.974460
v -3.166192 3.519115 -1.011227
v -3.016510 3.460332 -0.988571
v -3.082964 3.210815 -0.992338
v -3.156450 3.534694 -0.992891
v -3.203545 3.367786 -0.829899
v -1.961198 3.654577 -0.994404
v -2.021589 2.786874 -0.853771
v -2.165035 2.797101 -0.852097
v -2.132825 3.300771 -0.716141
v -2.399168 3.169172 -0.771540
v -2.277006 3.370583 -1.234604
v -2.961285 3.644330 -1.097769
v -2.852434 3.618488 -1.177014
v -2.880173 3.558524 -1.193149
v -3.067623 3.478035 -1.198981
v -3.237650 3.347178 -1.067961
v -3.026262 3.444798 -1.033311
v -3.087469 3.204518 -1.027862
v -3.137735 3.470569 -1.192860
v 0.042049 3.442384 -1.030396
vn 0.2095 0.9683 -0.1361
vn 0.2013 0.7921 0.5763
vn 0.1736 0.9668 0.1875
vn 0.2957 -0.2273 0.9279
vn 0.3891 0.0576 0.9194
vn 0.1031 -0.0069 0.9947
vn -0.2807 0.7710 0.5716
vn 0.1184 0.1996 0.9727
vn -0.0591 0.8238 0.5638
vn -0.1096 0.7666 0.6326
vn 0.0573 0.0885 0.9944
vn 0.0235 -0.4015 0.9156
vn 0.0327 -0.6088 0.7926
vn 0.2232 -0.3075 0.9250
vn 0.0487 -0.6534 0.7554
vn 0.0308 -0.2123 0.9767
vn -0.0373 -0.5230 0.8515
vn -0.2143 0.9739 0.0745
vn -0.2017 0.9102 0.3618
vn -0.1302 0.9151 0.3816
vn -0.7681 -0.5087 -0.3890
vn -0.3739 0.2383 0.8963
vn -0.6647 -0.2255 0.7123
vn -0.4243 -0.9029 0.0694
vn -0.1727 -0.8114 0.5583
vn -0.7012 -0.6955 -0.1570
vn -0.3025 -0.0500 0.9518
vn -0.8649 0.3035 0.3998
vn 0.1348 0.6164 0.7758
vn -0.5718 0.8203 -0.0142
vn -0.6970 0.7126 -0.0802
vn -0.6953 0.3132 0.6469
vn -0.7531 -0.2549 0.6065
vn -0.0315 0.4307 0.9019
vn -0.7309 -0.0404 0.6813
vn -0.9978 0.0581 -0.0307
vn -0.9694 -0.2145 -0.1193
vn -0.5941 0.4559 0.6627
vn 0.2142 0.1161 0.9699
vn 0.4672 -0.0499 0.8827
vn -0.5640 -0.3010 0.7690
vn -0.7890 0.0568 0.6117
vn -0.6843 0.1357 0.7165
vn 0.0381 -0.8842 0.4655
vn -0.1765 -0.6422 0.7459
vn 0.3001 0.4676 0.8314
vn -0.0081 0.0876 0.9961
vn -0.0371 -0.3929 0.9188
vn -0.0979 0.0880 0.9913
vn -0.0209 -0.1061 0.9941
vn -0.0905 0.3072 0.9473
vn 0.2521 -0.2246 0.9413
vn -0.0137 0.0362 0.9993
vn -0.0475 -0.0215 0.9986
vn -0.1038 0.3835 0.9177
vn -0.2436 0.1391 0.9598
vn -0.5953 -0.1422 0.7908
vn -0.3539 -0.5902 0.7256
vn -0.1995 -0.0576 0.9782
vn 0.2728 -0.3596 0.8924
vn -0.0117 -0.1930 0.9811
vn -0.2063 -0.1534 0.9664
vn -0.1109 -0.2208 0.9690
vn -0.6398 -0.3898 0.6623
vn 0.4197 -0.7789 -0.4660
vn -0.1707 -0.1685 0.9708
vn -0.0659 -0.3925 0.9174
vn -0.4751 0.8091 0.3459
vn -0.3817 0.8494 0.3645
vn -0.1584 0.2004 0.9668
vn -0.6950 0.3604 0.6222
vn -0.1415 0.8152 0.5616
vn -0.3212 0.5879 0.7425
vn -0.1428 0.0373 0.9890
vn -0.7826 0.2301 0.5785
vn 0.2095 0.4005 0.8920
vn -0.6127 0.7287 0.3060
vn -0.6609 0.5308 0.5305
vn -0.4947 0.8644 -0.0900
vn 0.2760 0.5250 0.8051
vn -0.5447 0.8370 -0.0528
vn -0.6670 -0.1685 0.7257
vn -0.6475 0.7574 -0.0838
vn -0.5924 0.8004 -0.0921
vn 0.1753 0.6438 0.7448
vn -0.2604 0.7328 0.6287
vn 0.4162 0.6713 0.6133
vn 0.3160 -0.0556 -0.9471
vn -0.0000 -0.0000 -1.0000
vn 0.3030 -0.0761 -0.9500
vn 0.2781 -0.0916 -0.9562
vn -0.7984 -0.4046 -0.4459
vn -0.7552 -0.4770 -0.4496
vn -0.8254 -0.3484 -0.4443
vn -0.8437 -0.3025 -0.4434
vn -0.8760 -0.1811 -0.4471
vn -0.8756 -0.1843 -0.4465
vn -0.8731 -0.1997 -0.4448
vn -0.8974 -0.0168 -0.4409
vn -0.8948 -0.0861 -0.4381
vn -0.8861 -0.1450 -0.4402
vn 0.2436 -0.1041 -0.9643
vn 0.2043 -0.1093 -0.9728
vn -0.8915 0.0366 -0.4516
vn -0.8804 0.0519 -0.4713
vn -0.6841 -0.7285 -0.0369
vn -0.4908 0.4083 -0.7697
vn -0.6900 -0.5610 -0.4574
vn -0.5088 -0.7121 -0.4838
vn -0.6044 -0.6435 -0.4696
vn 0.1441 -0.1899 -0.9712
vn -0.1807 -0.3199 -0.9301
vn 0.0777 -0.2433 -0.9668
vn 0.2268 0.8729 -0.4319
vn 0.3144 0.8408 -0.4406
vn 0.1832 -0.1385 -0.9733
vn -0.0953 0.8650 -0.4926
vn -0.0738 0.8854 -0.4589
vn 0.2085 -0.0470 -0.9769
vn 0.8906 -0.4400 0.1154
vn -0.3291 -0.9285 -0.1721
vn 0.4082 -0.5620 -0.7194
vn 0.3997 -0.0343 -0.9160
vn 0.6132 -0.7271 0.3086
vn 0.4465 0.8842 -0.1373
vn 0.2712 0.9362 0.2234
vn 0.4857 0.8741 -0.0045
vn -0.0158 0.9189 -0.3942
vn 0.9501 0.2658 0.1632
vn 0.1939 0.9665 -0.1679
vn -0.2287 -0.9709 0.0705
vn 0.0269 -0.9748 0.2214
vn -0.0114 0.0940 0.9955
vn -0.2246 -0.7014 0.6765
vn -0.3235 0.9459 0.0232
vn 0.1054 0.9940 0.0274
vn 0.2198 0.9750 0.0343
vn -0.0014 0.0722 -0.9974
vn -0.9644 -0.2645 -0.0027
vn -0.0874 -0.9790 -0.1842
vn -0.6990 0.7151 0.0072
vn 0.4133 0.8812 -0.2297
vn 0.5840 -0.7934 0.1717
vn -0.9460 0.3162 -0.0709
vn -0.3867 -0.8796 0.2770
vn 0.9948 0.1013 -0.0097
vn -0.9914 0.0001 -0.1306
vn 0.1057 0.9757 0.1919
vn -0.4972 0.8676 -0.0104
vn -0.8509 0.5039 -0.1486
vn 0.2655 0.1607 -0.9506
vn 0.7316 0.6485 0.2105
vn 0.9406 0.0934 0.3264
vn -0.2866 -0.9579 -0.0175
vn -0.8074 -0.4949 -0.3212
vn 0.5529 -0.8232 -0.1289
vn -0.0188 -0.7583 -0.6516
vn 0.0925 -0.9665 -0.2395
vn -0.0208 -0.9915 -0.1286
vn 0.0544 -0.9657 0.2539
vn 0.0692 0.0239 -0.9973
vn 0.0787 0.4103 -0.9085
vn -0.0344 0.1841 -0.9823
vn -0.5758 0.4800 -0.6619
vn 0.0533 -0.0095 -0.9985
vn -0.7529 0.1531 -0.6401
vn -0.3850 0.9227 0.0193
vn -0.0374 0.9908 -0.1299
vn 0.1392 -0.1682 -0.9759
vn 0.3642 -0.5138 -0.7768
vn -0.0674 -0.6599 -0.7483
vn 0.1063 0.0035 -0.9943
vn -0.0293 -0.1646 -0.9859
vn 0.4360 -0.0814 -0.8963
vn 0.5103 0.0944 -0.8548
vn 0.9953 0.0899 -0.0360
vn 0.9311 -0.3411 -0.1294
vn -0.2179 0.7820 -0.5840
vn 0.2335 0.2454 -0.9409
vn -0.1420 0.5360 -0.8322
vn -0.0222 -0.3009 -0.9534
vn 0.2248 -0.2878 -0.9309
vn -0.0157 -0.0119 -0.9998
vn 0.5886 -0.7920 -0.1624
vn 0.1318 -0.9329 -0.3351
vn -0.2772 -0.9266 -0.2542
vn -0.3317 -0.8913 0.3092
vn -0.3301 -0.8257 -0.4574
vn -0.0553 -0.9133 0.4035
vn -0.0314 -0.8783 -0.4771
vn 0.1300 0.7515 -0.6469
vn -0.2811 0.8113 -0.5126
vn 0.1153 0.6165 -0.7789
vn -0.7479 0.0227 -0.6635
vn -0.4349 -0.3088 -0.8459
vn -0.7357 -0.5568 -0.3856
vn -0.5918 -0.0524 -0.8043
vn -0.8144 0.0505 -0.5781
vn -0.1404 -0.9790 0.1479
vn -0.0970 -0.9267 -0.3630
vn -0.0785 -0.3634 -0.9283
vn -0.1113 -0.3096 -0.9443
vn -0.1948 -0.2563 -0.9468
vn -0.0802 0.2120 -0.9740
vn -0.0115 0.0535 -0.9985
vn 0.4081 -0.4599 -0.7887
vn 0.2848 -0.3305 -0.8998
vn -0.0400 -0.0062 -0.9992
vn 0.4450 0.3729 -0.8142
vn -0.1907 -0.0690 -0.9792
vn -0.5884 -0.0949 -0.8030
vn -0.6141 -0.3101 -0.7258
vn -0.2938 0.9558 0.0123
vn -0.6224 0.5677 0.5388
vn -0.0131 -0.9091 0.4164
vn -0.0428 -0.9912 -0.1256
vn -0.1626 0.2007 -0.9661
vn -0.0935 0.0530 -0.9942
vn -0.5896 0.2960 -0.7515
vn -0.6096 0.6232 -0.4900
vn -0.6047 -0.3893 -0.6948
vn 0.0459 -0.2499 -0.9672
vn 0.4492 0.6414 -0.6219
vn -0.3309 0.5960 -0.7317
vn -0.7435 -0.2740 -0.6100
vn -0.5189 0.4236 -0.7426
vn -0.2680 0.1207 -0.9558
vn 0.5938 0.0754 -0.8011
vn 0.4897 0.3407 -0.8025
vn 0.2262 0.6019 -0.7659
vn -0.4936 0.8616 0.1188
vn -0.5242 0.8498 0.0561
vn -0.6482 0.7610 0.0266
vn -0.6822 -0.0978 -0.7246
vn -0.5930 0.8043 0.0385
vn -0.6566 0.5272 -0.5395
vn -0.7667 -0.1382 -0.6270
vn 0.2093 0.6477 -0.7326
vn -0.1974 0.7673 -0.6102
vn -0.5909 0.6513 -0.4760
vn -0.7836 0.1786 -0.5950
vn -0.5943 -0.3557 -0.7213
vn 0.4038 -0.5651 0.7195
vn 0.3324 0.0484 0.9419
vn 0.4808 -0.6725 0.5626
vn 0.3856 0.7186 -0.5786
vn 0.3695 0.9137 -0.1690
vn 0.4852 0.8730 -0.0485
vn -0.2868 -0.7951 -0.5344
vn -0.1171 -0.6090 -0.7844
vn -0.2321 -0.9312 -0.2811
vn 0.5075 -0.0274 -0.8612
vn 0.9834 0.0992 0.1518
vn 0.9307 -0.3459 -0.1191
vn -0.2390 -0.9701 -0.0433
vn -0.1967 -0.9795 -0.0445
vn -0.2004 -0.9791 -0.0346
vn -0.2182 -0.9751 -0.0398
vn -0.8891 -0.2049 -0.4094
vn -0.9847 -0.1666 -0.0504
vn -0.8713 -0.2318 -0.4325
vn -0.8969 -0.1889 -0.3999
vn -0.9001 -0.1810 -0.3962
vn -0.8983 -0.1853 -0.3985
vn -0.9097 -0.1465 -0.3885
vn 0.7459 -0.6661 -0.0022
vn 0.1269 -0.3070 -0.9432
vn -0.9692 0.2060 0.1352
vn -0.5217 -0.8498 0.0755
vn -0.2884 -0.9504 -0.1167
vn 0.0002 0.1136 -0.9935
vn 0.0071 -0.9772 -0.2123
vn -0.2795 -0.5943 -0.7541
vn -0.1765 0.9842 -0.0113
vn -0.3049 -0.9522 0.0181
vn -0.0568 -0.9815 0.1831
vn -0.4984 -0.8365 -0.2276
vn 0.9241 0.3329 0.1879
vn -0.9620 0.2652 0.0645
vn 0.6685 -0.7158 -0.2020
vn 0.2731 0.9305 0.2442
vn 0.8917 -0.4506 -0.0419
vn -0.1042 -0.2110 0.9719
vn -0.0697 -0.9899 0.1232
vn 0.4556 -0.8847 -0.0990
vn 0.9363 0.0273 -0.3500
vn -0.8701 -0.4885 -0.0647
vn -0.9811 -0.0469 0.1876
vn -0.2398 0.5595 0.7934
vn -0.7256 0.6017 -0.3337
vn 0.0646 -0.0156 0.9978
vn 0.1044 -0.3921 0.9140
vn 0.0206 0.1690 0.9854
vn 0.0638 0.5930 0.8027
vn -0.0470 0.3415 0.9387
vn 0.0318 0.9354 0.3522
vn -0.0417 0.7527 0.6571
vn -0.1196 0.6021 0.7894
vn 0.1283 0.4812 0.8672
vn 0.6377 0.7106 0.2972
vn 0.2995 0.8713 0.3888
vn 0.1519 0.8820 0.4461
vn 0.0927 0.9799 -0.1765
vn 0.1060 0.4418 0.8908
vn 0.0363 -0.1674 0.9852
vn -0.0481 -0.5225 0.8513
vn 0.1094 0.0132 0.9939
vn -0.0705 -0.3114 0.9477
vn 0.0912 -0.7811 0.6178
vn 0.9533 0.2936 -0.0703
vn 0.4873 0.4152 0.7682
vn 0.6868 0.2427 0.6851
vn 0.7302 0.6688 -0.1397
vn 0.2212 0.8807 -0.4189
vn 0.7292 -0.0997 0.6770
vn 0.0988 0.3081 0.9462
vn -0.0187 -0.1818 0.9832
vn -0.0182 0.0399 0.9990
vn 0.4384 -0.6943 0.5707
vn -0.2155 -0.8593 0.4639
vn -0.0188 0.9998 0.0026
vn -0.6144 0.7612 -0.2077
vn -0.7367 -0.5721 0.3605
vn -0.6934 0.3403 0.6351
vn -0.8121 0.3953 -0.4292
vn -0.1707 -0.1938 0.9661
vn -0.2326 0.7773 0.5846
vn -0.2198 0.6050 0.7653
vn 0.2942 -0.7367 0.6089
vn -0.4912 0.4235 0.7611
vn -0.7394 -0.1122 0.6638
vn -0.2145 -0.2124 0.9533
vn -0.6300 -0.4624 0.6239
vn -0.7122 -0.4282 0.5563
vn -0.4690 0.8822 0.0417
vn 0.6396 -0.0283 0.7682
vn -0.0560 0.9749 0.2154
vn -0.5726 0.8178 -0.0576
vn -0.5834 0.8118 -0.0237
vn 0.2525 0.9513 0.1769
vn -0.9509 0.3006 0.0740
vn -0.7873 -0.1215 0.6044
vn -0.9337 0.2470 0.2593
vn -0.3594 -0.5757 0.7344
vn -0.6957 0.5171 0.4986
vn -0.8672 -0.2268 -0.4434
vn -0.8783 -0.1765 -0.4444
vn 0.3135 -0.0242 -0.9493
vn 0.2941 0.0269 -0.9554
vn -0.2738 -0.8127 -0.5143
vn -0.3001 -0.8050 -0.5118
vn -0.3477 -0.7892 -0.5062
vn 0.5254 0.0254 -0.8505
vn 0.1078 0.8964 -0.4299
vn 0.7127 -0.0000 -0.7015
vn 0.2288 -0.1684 -0.9588
vn 0.1962 -0.2645 -0.9442
vn 0.2466 0.1059 -0.9633
vn -0.4853 -0.8654 -0.1249
vn 0.9153 -0.3874 -0.1099
vn 0.4812 -0.6808 -0.5522
vn 0.2624 -0.9551 -0.1374
vn -0.2418 -0.9677 -0.0708
vn -0.2139 -0.9687 -0.1259
vn -0.3369 0.9228 -0.1868
vn -0.1455 0.7992 0.5832
vn 0.2438 -0.4386 0.8650
vn -0.0933 -0.6884 0.7193
vn -0.8186 0.0274 -0.5736
vn -0.6629 0.0910 -0.7432
vn -0.7017 -0.6951 0.1563
vn -0.9133 -0.0255 -0.4064
vn 0.9710 0.1372 -0.1957
vn 0.7013 0.5978 0.3883
vn 0.8779 0.3769 -0.2955
vn -0.4638 -0.6632 0.5874
vn -0.4183 -0.7685 -0.4842
vn -0.3470 -0.8001 -0.4893
vn -0.3002 -0.8202 -0.4870
vn -0.2843 -0.8177 -0.5005
vn -0.8542 -0.4017 0.3301
vn -0.7589 -0.4858 -0.4337
vn -0.7001 -0.5781 -0.4192
vn -0.6314 -0.6158 -0.4713
vn -0.5238 -0.7025 -0.4818
vn -0.8444 -0.3028 -0.4420
vn -0.8243 -0.3497 -0.4453
vn -0.7981 -0.4084 -0.4430
vn -0.2007 -0.9795 0.0154
vn -0.2186 -0.9756 0.0196
vn -0.2526 -0.9370 -0.2414
vn -0.2394 -0.9707 0.0219
vn -0.1971 -0.9801 0.0218
vn -0.8889 -0.2007 -0.4118
vn -0.8774 -0.2266 -0.4228
vn -0.8970 -0.1815 -0.4030
vn -0.8949 -0.1872 -0.4050
vn -0.8621 -0.2622 -0.4337
vn 0.1155 0.9876 0.1065
vn -0.9026 -0.0834 -0.4224
vn -0.9038 -0.1498 -0.4008
vn -0.8995 -0.1755 -0.4002
vn -0.0520 -0.9985 0.0173
vn 0.2196 -0.9755 0.0128
vn 0.5419 -0.8402 0.0192
vn 0.7017 0.0408 0.7113
vn 0.0211 0.0937 0.9954
vn -0.0953 -0.9429 -0.3193
vn 0.7612 -0.6480 -0.0238
vn 0.9815 0.1915 0.0019
vn -0.9865 0.1638 0.0087
vn -0.0277 0.9975 0.0649
vn -0.1021 -0.9945 0.0253
vn 0.2071 -0.9742 0.0899
vn 0.0417 -0.9987 -0.0276
vn 0.2400 -0.9548 -0.1751
vn 0.6758 -0.7371 0.0056
vn 0.9359 0.3523 0.0030
vn 0.8724 -0.4649 0.1508
vn 0.0104 0.5387 -0.8424
vn 0.0593 0.2977 -0.9528
vn -0.0405 0.5208 -0.8527
vn 0.0559 -0.6610 -0.7483
vn 0.0299 0.9030 -0.4286
vn 0.1375 0.7300 -0.6695
vn -0.0597 0.8504 -0.5227
vn 0.0489 -0.7704 -0.6357
vn 0.3343 0.8734 -0.3542
vn -0.0689 0.4353 -0.8976
vn 0.0881 0.3263 -0.9412
vn 0.1968 0.6934 -0.6931
vn 0.1322 0.8136 -0.5662
vn 0.1092 -0.2109 -0.9714
vn 0.0021 -0.2709 -0.9626
vn 0.6787 0.2628 -0.6858
vn 0.0547 0.0482 -0.9973
vn 0.0866 0.0482 -0.9951
vn 0.0381 -0.2079 -0.9774
vn 0.0059 -0.6141 -0.7892
vn 0.1906 -0.5558 -0.8092
vn 0.0158 0.0275 -0.9995
vn -0.1697 0.9489 -0.2661
vn -0.1237 0.8924 -0.4339
vn -0.3596 0.2380 -0.9023
vn -0.5735 0.8042 0.1561
vn -0.8532 -0.3901 0.3462
vn -0.4485 -0.5665 -0.6913
vn -0.6582 0.1342 -0.7408
vn -0.3266 -0.6519 -0.6844
vn -0.2375 -0.6321 -0.7376
vn 0.1644 0.7373 -0.6552
vn -0.1302 0.0752 -0.9886
vn -0.1808 -0.2480 -0.9517
vn -0.0675 -0.1800 -0.9813
vn -0.0597 -0.0915 -0.9940
vn -0.1470 0.3689 -0.9178
vn -0.2100 0.8464 -0.4893
vn -0.0475 0.0329 -0.9983
vn 0.1389 -0.5220 -0.8416
vn 0.0191 -0.2436 -0.9697
vn -0.1091 -0.1886 -0.9760
vn -0.1756 0.6015 -0.7793
vn -0.1594 0.0556 -0.9856
vn -0.3341 0.9182 0.2127
vn -0.4207 0.8989 -0.1222
vn -0.5859 0.8100 0.0251
vn -0.0741 0.9948 -0.0697
vn 0.2517 0.9638 -0.0882
vn -0.3316 0.9433 -0.0174
vn -0.9949 0.0574 -0.0825
vn -0.9311 0.2374 -0.2768
vn -0.6453 0.7620 -0.0546
vn -0.6227 0.7789 0.0746
vn -0.5557 0.8302 0.0436
vn 0.3738 -0.1168 0.9201
vn 0.9149 0.3910 0.1004
vn 0.7759 0.6307 0.0114
vn 0.5733 0.8009 0.1729
vn 0.2199 -0.1020 -0.9702
vn 0.2752 -0.1031 -0.9558
vn -0.4862 -0.8664 0.1140
vn 0.2053 0.2027 -0.9575
vn 0.3425 -0.0649 -0.9373
vn 0.3454 -0.0243 -0.9381
vn -0.0668 0.8433 -0.5332
vn 0.1762 0.8526 -0.4921
vn 0.2020 0.6763 -0.7084
vn 0.8463 0.5307 -0.0452
vn 0.5427 0.8396 -0.0235
vn -0.6462 -0.1525 -0.7478
vn 0.7202 0.4290 -0.5453
vn 0.1196 0.6611 -0.7407
vn 0.0248 0.1000 -0.9947
vn 0.0664 0.9978 -0.0009
vn 0.5243 0.8514 0.0117
vn 0.2061 -0.9648 0.1634
vn 0.1158 0.9662 -0.2304
vn 0.7357 0.6735 -0.0720
vn 0.2457 0.4737 0.8457
vn -0.0982 -0.2014 0.9746
vn 0.3737 0.0551 0.9259
vn -0.5252 -0.2319 0.8188
vn 0.1201 0.2655 -0.9566
vn -0.7860 0.2654 -0.5584
vn -0.7269 0.2067 0.6549
vn -0.6256 0.7198 0.3009
vn -0.7105 0.7035 -0.0154
vn -0.5692 -0.2310 -0.7891
vn -0.6910 -0.5616 -0.4551
vn -0.5942 0.8031 -0.0447
vn -0.9545 -0.1034 0.2797
vn -0.3306 0.9429 0.0401
vn -0.5852 0.8106 -0.0201
vn -0.8573 -0.2624 -0.4429
vn -0.4186 -0.7604 -0.4966
vn 0.4384 0.8885 -0.1357
vn -0.0025 0.8986 -0.4388
vn 0.2451 -0.1312 -0.9606
vn 0.2654 -0.1041 -0.9585
vn 0.2862 -0.0451 -0.9571
vn 0.2855 -0.0615 -0.9564
vn 0.2786 -0.0779 -0.9572
vn 0.4361 0.8317 -0.3436
vn 0.4740 0.8658 -0.1605
vn 0.1211 -0.3588 -0.9255
vn 0.5569 0.7642 -0.3254
vn 0.7877 0.5149 -0.3382
vn 0.2883 -0.0328 -0.9570
vn 0.2834 -0.0020 -0.9590
vn -0.2012 -0.9779 -0.0575
vn -0.0454 -0.9973 -0.0583
vn 0.0090 0.9247 -0.3805
vn 0.0951 0.9051 -0.4144
vn 0.3218 0.8340 -0.4483
vn 0.2227 0.8684 -0.4429
vn 0.8011 0.5983 0.0181
vn -0.9065 -0.0262 -0.4214
vn 0.5426 0.8395 -0.0291
vn -0.1017 0.7932 -0.6004
vn -0.1516 0.8100 -0.5665
vn 0.0136 0.9928 -0.1187
vn -0.4288 0.8828 -0.1916
vn -0.5733 0.8189 0.0272
vn -0.9372 0.3337 -0.1010
vn 0.9631 0.1007 -0.2496
vn 0.4395 0.8982 0.0049
vn 0.0487 -0.1600 -0.9859
vn 0.4816 0.8708 0.0992
vn 0.1681 -0.0898 -0.9817
vn 0.1441 -0.1096 -0.9835
vn 0.1073 -0.1323 -0.9854
vn 0.3175 -0.0888 -0.9441
vn -0.2008 -0.9775 0.0651
vn -0.0457 -0.9968 0.0663
vn -0.2418 -0.9674 0.0759
vn -0.2137 -0.9682 0.1299
vn 0.3165 0.0479 -0.9474
vn 0.2622 -0.9534 0.1490
vn -0.0205 0.9149 -0.4031
vn 0.1091 0.8385 -0.5338
vn -0.3197 -0.7803 -0.5375
vn -0.9094 0.0067 -0.4160
vn -0.8719 0.0724 -0.4843
vn -0.7915 0.0899 -0.6046
vn -0.3260 -0.7721 -0.5455
vn -0.4004 -0.7532 -0.5219
vn -0.8282 -0.3014 -0.4725
vn -0.8021 -0.3800 -0.4607
vn -0.6867 -0.5636 -0.4591
vn -0.7507 -0.4756 -0.4586
vn -0.4964 -0.7126 -0.4958
vn -0.5979 -0.6474 -0.4726
vn -0.8004 -0.2959 -0.5213
vn -0.8418 -0.2642 -0.4707
vn 0.5390 -0.8415 -0.0369
vn -0.1087 0.8999 -0.4223
vn -0.1221 0.8102 -0.5734
vn -0.9179 -0.0779 -0.3891
vn -0.0518 -0.9978 -0.0405
vn 0.2196 -0.9750 -0.0348
vt 0.278168 0.501688
vt 0.277866 0.497718
vt 0.226367 0.480287
vt 0.072814 0.344070
vt 0.052945 0.407280
vt 0.096886 0.396847
vt 0.143799 0.482570
vt 0.089406 0.467894
vt 0.085268 0.501907
vt 0.185894 0.474355
vt 0.212574 0.439522
vt 0.840430 0.446602
vt 0.823227 0.439395
vt 0.801170 0.472459
vt 0.394675 0.390661
vt 0.439630 0.418216
vt 0.722746 0.426083
vt 0.753597 0.575626
vt 0.835819 0.560594
vt 0.720197 0.573840
vt 0.946919 0.496414
vt 0.952835 0.488449
vt 0.946555 0.495390
vt 0.952863 0.465996
vt 0.945034 0.467459
vt 0.963817 0.474145
vt 0.931538 0.487467
vt 0.920423 0.483026
vt 0.930401 0.502367
vt 0.948381 0.520374
vt 0.958030 0.517576
vt 0.945649 0.517303
vt 0.967728 0.486088
vt 0.958918 0.491333
vt 0.968949 0.497214
vt 0.970954 0.497230
vt 0.973313 0.491309
vt 0.933408 0.469662
vt 0.781043 0.514030
vt 0.784989 0.510451
vt 0.924842 0.497324
vt 0.940443 0.517264
vt 0.933075 0.469259
vt 0.857408 0.435543
vt 0.866445 0.441184
vt 0.793092 0.534046
vt 0.848299 0.518656
vt 0.839506 0.475801
vt 0.800745 0.522683
vt 0.855176 0.508040
vt 0.821059 0.540746
vt 0.848328 0.536673
vt 0.843552 0.540194
vt 0.807779 0.488896
vt 0.846388 0.548018
vt 0.857853 0.531769
vt 0.919927 0.485947
vt 0.928299 0.462919
vt 0.900338 0.482489
vt 0.805450 0.470941
vt 0.823928 0.471256
vt 0.911047 0.493824
vt 0.895810 0.497680
vt 0.923294 0.499396
vt 0.871300 0.500370
vt 0.869019 0.505392
vt 0.891142 0.494728
vt 0.914383 0.542281
vt 0.904765 0.546278
vt 0.914997 0.508962
vt 0.924002 0.524890
vt 0.893733 0.500704
vt 0.919901 0.530456
vt 0.859790 0.516125
vt 0.864918 0.515712
vt 0.910149 0.539091
vt 0.872831 0.507119
vt 0.873314 0.509097
vt 0.894306 0.526230
vt 0.898495 0.519979
vt 0.893269 0.526987
vt 0.881829 0.527740
vt 0.889643 0.528151
vt 0.890938 0.527948
vt 0.896241 0.508087
vt 0.886531 0.503859
vt 0.908416 0.510514
vt 0.893454 0.491421
vt 0.901991 0.531827
vt 0.889990 0.502339
vt 0.886526 0.513257
vt 0.909437 0.488748
vt 0.908680 0.485902
vt 0.910195 0.491595
vt 0.910953 0.494442
vt 0.912399 0.506711
vt 0.912226 0.504355
vt 0.912054 0.502000
vt 0.913255 0.513543
vt 0.913041 0.511835
vt 0.912827 0.510127
vt 0.883063 0.524175
vt 0.879599 0.535093
vt 0.890031 0.538947
vt 0.912445 0.516242
vt 0.911634 0.518942
vt 0.910013 0.524342
vt 0.910824 0.521642
vt 0.907456 0.484452
vt 0.905007 0.481552
vt 0.906231 0.483002
vt 0.869938 0.537449
vt 0.879687 0.540655
vt 0.865107 0.538627
vt 0.862460 0.541083
vt 0.861368 0.540444
vt 0.874768 0.536271
vt 0.872165 0.541508
vt 0.868404 0.541935
vt 0.894712 0.480108
vt 0.891778 0.474877
vt 0.895131 0.476336
vt 0.877248 0.470370
vt 0.866523 0.479500
vt 0.847305 0.482920
vt 0.860276 0.539805
vt 0.876160 0.543657
vt 0.857700 0.538296
vt 0.910553 0.526352
vt 0.875926 0.541082
vt 0.882033 0.541693
vt 0.878849 0.543014
vt 0.687172 0.551322
vt 0.200330 0.449290
vt 0.600901 0.585243
vt 0.699122 0.563623
vt 0.689356 0.587214
vt 0.369966 0.335909
vt 0.441629 0.363731
vt 0.342530 0.362125
vt 0.177976 0.362471
vt 0.255694 0.391386
vt 0.201568 0.330823
vt 0.678691 0.404610
vt 0.667064 0.368675
vt 0.741650 0.410176
vt 0.694974 0.375812
vt 0.663133 0.375642
vt 0.673551 0.474379
vt 0.746578 0.430079
vt 0.701249 0.432960
vt 0.680718 0.441736
vt 0.736636 0.457234
vt 0.767192 0.447750
vt 0.773645 0.461940
vt 0.706527 0.537570
vt 0.686711 0.512773
vt 0.722953 0.533745
vt 0.724440 0.418383
vt 0.326005 0.377390
vt 0.727649 0.411312
vt 0.374636 0.379998
vt 0.782109 0.510933
vt 0.790065 0.535224
vt 0.709023 0.533686
vt 0.933340 0.469360
vt 0.922336 0.484681
vt 0.920240 0.483271
vt 0.143273 0.482686
vt 0.190704 0.475742
vt 0.090783 0.347514
vt 0.073048 0.334924
vt 0.139303 0.328001
vt 0.104395 0.393977
vt 0.145302 0.350639
vt 0.052376 0.364749
vt 0.046730 0.402862
vt 0.032447 0.383093
vt 0.037755 0.358041
vt 0.093788 0.500105
vt 0.083818 0.474368
vt 0.177302 0.469879
vt 0.719639 0.439189
vt 0.800654 0.471743
vt 0.707525 0.495734
vt 0.066643 0.325613
vt 0.115538 0.320087
vt 0.144810 0.324384
vt 0.204145 0.360622
vt 0.207660 0.362418
vt 0.241852 0.377650
vt 0.243365 0.378199
vt 0.957591 0.493318
vt 0.965526 0.495325
vt 0.932295 0.504232
vt 0.945431 0.516795
vt 0.925613 0.498621
vt 0.956568 0.503307
vt 0.945587 0.495329
vt 0.940997 0.518106
vt 0.864727 0.433145
vt 0.859630 0.435316
vt 0.891431 0.494503
vt 0.862085 0.475148
vt 0.911226 0.493955
vt 0.822602 0.541494
vt 0.848091 0.516646
vt 0.848436 0.536328
vt 0.804218 0.472194
vt 0.805916 0.494189
vt 0.787397 0.522754
vt 0.900294 0.483481
vt 0.917330 0.482548
vt 0.922182 0.497165
vt 0.852128 0.561664
vt 0.886019 0.551681
vt 0.722786 0.414029
vt 0.821944 0.427060
vt 0.914039 0.506631
vt 0.894188 0.498410
vt 0.924023 0.523633
vt 0.885783 0.551482
vt 0.886913 0.544891
vt 0.902277 0.539593
vt 0.908445 0.510530
vt 0.919795 0.530278
vt 0.867391 0.529370
vt 0.878011 0.548102
vt 0.860793 0.529809
vt 0.897840 0.526391
vt 0.909436 0.535680
vt 0.897828 0.521238
vt 0.881096 0.527590
vt 0.874039 0.508730
vt 0.871899 0.520521
vt 0.897314 0.509197
vt 0.887231 0.503967
vt 0.871969 0.506497
vt 0.864994 0.515741
vt 0.885998 0.530372
vt 0.869481 0.480579
vt 0.878365 0.470402
vt 0.870388 0.536544
vt 0.897294 0.477278
vt 0.891504 0.499384
vt 0.859277 0.513366
vt 0.838285 0.507790
vt 0.839461 0.495252
vt 0.885071 0.471958
vt 0.881718 0.470499
vt 0.888424 0.473417
vt 0.913038 0.522964
vt 0.911882 0.499644
vt 0.912613 0.508419
vt 0.847371 0.483905
vt 0.874542 0.510602
vt 0.913618 0.529205
vt 0.911939 0.525974
vt 0.699776 0.557035
vt 0.585761 0.580207
vt 0.218674 0.453448
vt 0.713044 0.567090
vt 0.612574 0.599035
vt 0.200625 0.379433
vt 0.255718 0.392635
vt 0.711655 0.383756
vt 0.669993 0.385790
vt 0.739899 0.409788
vt 0.665217 0.371048
vt 0.682406 0.405991
vt 0.758177 0.501120
vt 0.692821 0.514240
vt 0.702990 0.537933
vt 0.725178 0.532638
vt 0.774090 0.462973
vt 0.681168 0.518882
vt 0.673389 0.475188
vt 0.694691 0.442109
vt 0.689653 0.437069
vt 0.405795 0.450765
vt 0.311335 0.393034
vt 0.510975 0.513202
vt 0.469326 0.535572
vt 0.704503 0.553391
vt 0.489565 0.550951
vt 0.700293 0.565981
vt 0.818379 0.555458
vt 0.793401 0.537899
vt 0.957569 0.491338
vt 0.957596 0.493329
vt 0.371103 0.524229
vt 0.449989 0.545918
vt 0.226019 0.468552
vt 0.235102 0.395615
vt 0.239875 0.377744
vt 0.304575 0.445656
vt 0.145059 0.341073
vt 0.118408 0.323749
vt 0.035990 0.422026
vt 0.071234 0.493909
vt 0.044268 0.420628
vt 0.062335 0.499300
vt 0.075900 0.503732
vt 0.040403 0.364495
vt 0.392055 0.505270
vt 0.712872 0.451581
vt 0.699927 0.502623
vt 0.070641 0.328406
vt 0.144589 0.324555
vt 0.677803 0.576410
vt 0.951064 0.488511
vt 0.956012 0.502495
vt 0.962082 0.510307
vt 0.963319 0.512720
vt 0.872906 0.468048
vt 0.847211 0.556406
vt 0.866120 0.549155
vt 0.903330 0.548848
vt 0.877963 0.548487
vt 0.864428 0.525373
vt 0.900072 0.544215
vt 0.885859 0.543458
vt 0.879565 0.541887
vt 0.897556 0.526390
vt 0.895343 0.525473
vt 0.892232 0.527744
vt 0.896380 0.524715
vt 0.888349 0.528355
vt 0.871104 0.518669
vt 0.887276 0.529882
vt 0.893873 0.487650
vt 0.894292 0.483879
vt 0.899457 0.478219
vt 0.901620 0.479160
vt 0.863551 0.541723
vt 0.853460 0.524857
vt 0.840895 0.491801
vt 0.879483 0.470434
vt 0.891095 0.545197
vt 0.884796 0.543323
vt 0.868492 0.502586
vt 0.888987 0.491360
vt 0.838137 0.506897
vt 0.852768 0.526362
vt 0.849972 0.533771
vt 0.904623 0.498538
vt 0.903783 0.480101
vt 0.911279 0.508471
vt 0.911710 0.497288
vt 0.876001 0.543793
vt 0.880600 0.470466
vt 0.850642 0.510398
vt 0.292242 0.531933
vt 0.526523 0.520606
vt 0.118676 0.455859
vt 0.120809 0.466248
vt 0.729286 0.579947
vt 0.566400 0.592672
vt 0.206111 0.446946
vt 0.139067 0.446433
vt 0.307209 0.397057
vt 0.493776 0.407740
vt 0.525343 0.401754
vt 0.522095 0.394715
vt 0.756470 0.502309
vt 0.519478 0.540792
vt 0.437768 0.515949
vt 0.702235 0.559457
vt 0.362188 0.386505
vt 0.501111 0.551200
vt 0.406715 0.527724
vt 0.817366 0.555805
vt 0.829950 0.431756
vt 0.957569 0.491351
vt 0.958873 0.491195
vt 0.229952 0.470282
vt 0.277602 0.494747
vt 0.226049 0.478633
vt 0.303003 0.399306
vt 0.236249 0.393963
vt 0.045011 0.429691
vt 0.225543 0.437799
vt 0.382746 0.465641
vt 0.428350 0.418092
vt 0.854532 0.441119
vt 0.827262 0.446723
vt 0.515225 0.480688
vt 0.836176 0.560715
vt 0.718738 0.572713
vt 0.952902 0.488264
vt 0.951068 0.488509
vt 0.946184 0.495879
vt 0.945201 0.468216
vt 0.932942 0.469330
vt 0.927535 0.461185
vt 0.877168 0.445660
vt 0.815751 0.553726
vt 0.801201 0.522973
vt 0.871622 0.467975
vt 0.824069 0.471074
vt 0.818062 0.477530
vt 0.847285 0.547327
vt 0.843465 0.558532
vt 0.841299 0.540979
vt 0.836614 0.449460
vt 0.864241 0.502697
vt 0.867396 0.505652
vt 0.865779 0.547149
vt 0.860121 0.517159
vt 0.914681 0.541489
vt 0.887054 0.528558
vt 0.851236 0.523156
vt 0.849551 0.530520
vt 0.852548 0.535279
vt 0.855124 0.536788
vt 0.882505 0.544024
vt 0.850939 0.521141
vt 0.274005 0.524819
vt 0.312298 0.562236
vt 0.185021 0.517411
vt 0.493476 0.407584
vt 0.747435 0.433983
vt 0.767223 0.447833
vt 0.872030 0.533203
vt 0.888838 0.510888
vt 0.864962 0.518627
vt 0.907469 0.514277
vt 0.876778 0.530786
vt 0.910390 0.529222
vt 0.910667 0.527151
vt 0.905363 0.537664
vt 0.907955 0.540994
vt 0.907179 0.514178
vt 0.907859 0.501224
vt 0.864643 0.542362
vt 0.493622 0.588363
vt 0.904754 0.548132
s 1
f 1135/875/1161 1115/876/1162 902/877/1163
f 885/878/1164 897/879/1165 893/880/1166
f 1117/881/1167 1123/882/1168 905/883/1169
f 1116/884/1170 1122/885/1171 1117/881/1167
f 939/886/1172 1112/887/1173 889/888/1174
f 878/889/1175 888/890/1176 875/891/1177
f 900/892/1178 1139/893/1179 1284/894/1180
f 894/895/1181 922/896/1182 917/897/1183
f 910/898/1184 1141/899/1185 920/900/1186
f 916/901/1187 918/902/1188 1285/903/1189
f 911/904/1190 1286/905/1191 1136/906/1192
f 1138/907/1193 922/896/1182 1137/908/1194
f 891/909/1195 1031/910/1196 915/911/1197
f 891/909/1195 915/911/1197 1137/908/1194
f 918/902/1188 916/901/1187 921/912/1198
f 889/888/1174 926/913/1199 1146/914/1200
f 912/915/1201 943/916/1202 1136/906/1192
f 921/912/1198 1141/899/1185 925/917/1203
f 910/898/1184 925/917/1203 1141/899/1185
f 913/918/1204 939/886/1172 1144/919/1205
f 1148/920/1206 1146/914/1200 926/913/1199
f 933/921/1207 924/922/1208 1145/923/1209
f 930/924/1210 924/922/1208 933/921/1207
f 928/925/1211 933/921/1207 1145/923/1209
f 942/926/1212 933/921/1207 927/927/1213
f 1287/928/1214 1145/923/1209 924/922/1208
f 928/925/1211 938/929/1215 927/927/1213
f 927/927/1213 938/929/1215 944/930/1216
f 1143/931/1217 923/932/1218 1147/933/1219
f 1142/934/1220 940/935/1221 939/886/1172
f 1146/914/1200 1287/928/1214 1142/934/1220
f 1146/914/1200 1148/920/1206 1145/923/1209
f 910/898/1184 923/932/1218 925/917/1203
f 941/936/1222 946/937/1223 935/938/1224
f 929/939/1225 930/924/1210 945/940/1226
f 931/941/1227 946/937/1223 941/936/1222
f 943/916/1202 911/904/1190 1136/906/1192
f 949/942/1228 1263/943/1229 911/904/1190
f 1288/944/1230 1149/945/1231 943/916/1202
f 946/937/1223 1153/946/1232 1288/944/1230
f 1288/944/1230 947/947/1233 1149/945/1231
f 1289/948/1234 957/949/1235 945/940/1226
f 947/947/1233 1290/950/1236 949/942/1228
f 1153/946/1232 958/951/1237 1152/952/1238
f 1158/953/1239 1291/954/1240 1159/955/1241
f 1151/956/1242 1155/957/1243 1154/958/1244
f 936/959/1245 1160/960/1246 1152/952/1238
f 1153/946/1232 936/959/1245 960/961/1247
f 1152/952/1238 1160/960/1246 1153/946/1232
f 950/962/1248 1196/963/1249 1162/964/1250
f 1162/964/1250 1196/963/1249 1163/965/1251
f 1197/966/1252 1196/963/1249 971/967/1253
f 1198/968/1254 1196/963/1249 1197/966/1252
f 1199/969/1255 1196/963/1249 1198/968/1254
f 979/970/1256 1196/963/1249 1202/971/1257
f 1202/971/1257 1196/963/1249 1201/972/1258
f 966/973/1259 1196/963/1249 1205/974/1260
f 1205/974/1260 1196/963/1249 1204/975/1261
f 1164/976/1262 1196/963/1249 951/977/1263
f 1196/963/1249 1174/978/1249 951/977/1263
f 1193/979/1264 1196/963/1249 966/973/1259
f 1194/980/1265 1196/963/1249 1193/979/1264
f 977/981/1266 1196/963/1249 1195/982/1267
f 1195/982/1267 1196/963/1249 1194/980/1265
f 971/967/1253 1196/963/1249 1180/983/1268
f 1196/963/1249 1178/984/1269 1179/985/1270
f 1196/963/1249 1179/985/1270 1180/983/1268
f 1166/986/1271 1292/987/1272 1165/988/1273
f 1292/987/1272 1185/989/1274 1186/990/1275
f 1167/991/1276 1292/987/1272 1166/986/1271
f 1292/987/1272 1182/992/1277 1183/993/1278
f 1168/994/1279 1192/995/1280 967/996/1281
f 970/997/1282 1294/998/1283 976/999/1284
f 965/1000/1285 1215/1001/1286 1187/1002/1287
f 1195/982/1267 1209/1003/1249 977/981/1266
f 1181/1004/1288 1211/1005/1289 1295/1006/1290
f 1297/1007/1291 1220/1008/1292 990/1009/1293
f 1297/1007/1291 990/1009/1293 988/1010/1294
f 1217/1011/1295 988/1010/1294 990/1009/1293
f 1001/1012/1296 1000/1013/1297 1225/1014/1298
f 1223/1015/1299 1225/1014/1298 1222/1016/1300
f 1002/1017/1301 1225/1014/1298 1223/1015/1299
f 1001/1012/1296 1225/1014/1298 1002/1017/1301
f 1006/1018/1302 1298/1019/1303 1004/1020/1304
f 1299/1021/1305 1005/1022/1306 1006/1018/1302
f 1298/1019/1303 1005/1022/1306 1299/1021/1305
f 1300/1023/1307 1011/1024/1308 1010/1025/1309
f 1300/1023/1307 1010/1025/1309 1226/1026/1310
f 1301/1027/1311 1011/1024/1308 1228/1028/1312
f 1301/1027/1311 1228/1028/1312 1012/1029/1313
f 1008/1030/1314 1009/1031/1315 1227/1032/1316
f 1011/1024/1308 1301/1027/1311 1010/1025/1309
f 1226/1026/1310 1301/1027/1311 1009/1031/1315
f 1013/1033/1317 1247/1034/1318 899/1035/1319
f 1247/1034/1318 1128/1036/1320 899/1035/1319
f 1048/1037/1321 1254/1038/1322 1245/1039/1323
f 1042/1040/1324 1016/1041/1325 1252/1042/1326
f 1116/884/1170 904/1043/1327 903/1044/1328
f 1235/1045/1329 1023/1046/1330 1021/1047/1331
f 1241/1048/1332 1235/1045/1329 1033/1049/1333
f 1038/1050/1334 1235/1045/1329 1241/1048/1332
f 1024/1051/1335 1242/1052/1336 909/1053/1337
f 1133/1054/1338 1240/1055/1339 1022/1056/1340
f 1237/1057/1341 1027/1058/1342 1302/1059/1343
f 1023/1046/1330 907/1060/1344 1251/1061/1345
f 1250/1062/1346 1130/1063/1347 1234/1064/1348
f 1234/1064/1348 1129/1065/1349 1249/1066/1350
f 1034/1067/1351 1253/1068/1352 1031/910/1196
f 1248/1069/1353 1039/1070/1354 1040/1071/1355
f 1028/1072/1356 1016/1041/1325 1043/1073/1357
f 1064/1074/1358 1040/1071/1355 1039/1070/1354
f 1111/1075/1359 910/898/1184 1232/1076/1360
f 1054/1077/1361 1046/1078/1362 1060/1079/1363
f 1305/1080/1364 1260/1081/1365 1061/1082/1366
f 1256/1083/1367 1053/1084/1368 1259/1085/1369
f 1258/1086/1370 1261/1087/1371 1060/1079/1363
f 1058/1088/1372 1261/1087/1371 1252/1042/1326
f 914/1089/1373 1263/943/1229 954/1090/1374
f 899/1035/1319 1110/1091/1375 1111/1075/1359 901/1092/1376
f 1058/1088/1372 1065/1093/1377 1264/1094/1378
f 1063/1095/1379 1065/1093/1377 1064/1074/1358
f 1266/1096/1380 1071/1097/1381 1270/1098/1382
f 1076/1099/1383 1065/1093/1377 1070/1100/1384
f 1063/1095/1379 1070/1100/1384 1065/1093/1377
f 1267/1101/1385 1074/1102/1386 1306/1103/1387
f 1270/1098/1382 1269/1104/1388 1073/1105/1389
f 1274/1106/1390 1158/953/1391 1159/955/1392
f 1155/957/1393 1272/1107/1394 1154/958/1395
f 1275/1108/1396 1272/1107/1394 1268/1109/1397
f 1307/1110/1398 1271/1111/1399 1076/1099/1383
f 1274/1106/1390 1076/1099/1383 1070/1100/1384
f 1075/1112/1400 1275/1108/1396 1072/1113/1401
f 1272/1107/1394 1273/1114/1402 1074/1102/1386
f 1073/1105/1389 1269/1104/1388 1070/1100/1384
f 970/997/1403 1309/1115/1404 1173/1116/1405
f 1279/1117/1406 965/1000/1407 1187/1002/1408
f 1175/1118/1409 1086/1119/1410 967/996/1411
f 1082/1120/1412 1077/1121/1413 1078/1122/1414
f 1190/1123/1415 1086/1119/1410 969/1124/1416
f 1192/995/1417 1086/1119/1410 1191/1125/1418
f 1201/972/1419 1080/1126/1420 1200/1127/1421
f 1202/971/1422 1080/1126/1420 1201/972/1419
f 1203/1128/1423 1080/1126/1420 979/970/1424
f 1204/975/1425 1080/1126/1420 1203/1128/1423
f 1082/1120/1412 1078/1122/1414 1079/1129/1426
f 1087/1130/1427 1082/1120/1412 1079/1129/1426
f 984/1131/1428 1080/1126/1420 982/1132/1429
f 1091/1133/1430 1092/1134/1431 1311/1135/1432
f 1089/1136/1433 1217/1011/1295 1219/1137/1434
f 1223/1015/1299 1224/1138/1435 1095/1139/1436
f 1096/1140/1437 1097/1141/1438 1281/1142/1439
f 1280/1143/1440 1097/1141/1438 1096/1140/1437
f 1098/1144/1441 1280/1143/1440 1281/1142/1439
f 1283/1145/1442 1105/1146/1443 1104/1147/1444
f 1283/1145/1442 1104/1147/1444 1099/1148/1445
f 1107/1149/1446 1283/1145/1442 1099/1148/1445
f 1100/1150/1447 1105/1146/1443 1101/1151/1448
f 1105/1146/1443 1282/1152/1449 1101/1151/1448
f 1282/1152/1449 1102/1153/1450 1101/1151/1448
f 1119/1154/1451 888/890/1176 1114/1155/1452
f 887/1156/1453 879/1157/1454 1108/1158/1455
f 1128/1036/1320 878/889/1175 1110/1091/1375
f 879/1157/1454 1109/1159/1456 1126/1160/1457
f 1108/1158/1455 879/1157/1454 1126/1160/1457
f 1111/1075/1359 875/891/1177 1112/887/1173
f 1108/1158/1455 876/1161/1458 1140/1162/1459
f 1140/1162/1459 926/913/1199 1108/1158/1455
f 913/918/1204 1111/1075/1359 1112/887/1173
f 1137/908/1194 895/1163/1460 877/1164/1461
f 1113/1165/1462 898/1166/1463 1109/1159/1456
f 1115/876/1162 1113/1165/1462 879/1157/1454
f 1115/876/1162 1135/875/1161 1113/1165/1462
f 1116/884/1170 903/1044/1328 902/877/1163
f 1116/884/1170 902/877/1163 1121/1167/1464
f 890/1168/1465 1114/1155/1452 880/1169/1466
f 890/1168/1465 1124/1170/1467 1114/1155/1452
f 881/1171/1468 882/1172/1469 885/878/1164
f 885/878/1164 893/880/1166 881/1171/1468
f 908/1173/1470 883/1174/1471 884/1175/1472
f 906/1176/1473 1134/1177/1474 905/883/1169
f 886/1178/1475 897/879/1165 885/878/1164
f 886/1178/1475 1242/1052/1336 884/1175/1472
f 1242/1052/1336 908/1173/1470 884/1175/1472
f 897/879/1165 886/1178/1475 884/1175/1472
f 883/1174/1471 1123/882/1168 884/1175/1472
f 1117/881/1167 1122/885/1171 1123/882/1168
f 883/1174/1471 905/883/1169 1123/882/1168
f 890/1168/1465 881/1171/1468 893/880/1166
f 1124/1170/1467 890/1168/1465 1122/885/1171
f 1121/1167/1464 1124/1170/1467 1122/885/1171
f 1115/876/1162 1120/1179/1476 1121/1167/1464
f 912/915/1201 918/902/1188 1143/931/1217
f 875/891/1177 1118/1180/1477 889/888/1174
f 1125/1181/1478 926/913/1199 889/888/1174
f 1118/1180/1477 1125/1181/1478 889/888/1174
f 875/891/1177 888/890/1176 1118/1180/1477
f 1119/1154/1451 1125/1181/1478 888/890/1176
f 1120/1179/1476 887/1156/1453 1119/1154/1451
f 882/1172/1469 1132/1182/1479 885/878/1164
f 882/1172/1469 1131/1183/1480 1251/1061/1345
f 880/1169/1466 1130/1063/1347 881/1171/1468
f 1130/1063/1347 1250/1062/1346 1131/1183/1480
f 1130/1063/1347 1131/1183/1480 881/1171/1468
f 1129/1065/1349 1234/1064/1348 1130/1063/1347
f 1129/1065/1349 1247/1034/1318 1249/1066/1350
f 877/1164/1461 891/909/1195 1137/908/1194
f 1139/893/1179 900/892/1178 914/1089/1373
f 876/1161/1458 1284/894/1180 1139/893/1179
f 1126/1160/1457 1109/1159/1456 1284/894/1180
f 1284/894/1180 1127/1184/1481 900/892/1178
f 922/896/1182 895/1163/1460 1137/908/1194
f 894/895/1181 896/1185/1482 922/896/1182
f 918/902/1188 912/915/1201 1285/903/1189
f 919/1186/1483 917/897/1183 916/901/1187
f 1136/906/1192 1285/903/1189 912/915/1201
f 1285/903/1189 892/1187/1484 919/1186/1483
f 892/1187/1484 1285/903/1189 1136/906/1192
f 892/1187/1484 1286/905/1191 1032/1188/1485
f 1285/903/1189 919/1186/1483 916/901/1187
f 917/897/1183 922/896/1182 916/901/1187
f 915/911/1197 1138/907/1193 1137/908/1194
f 1138/907/1193 920/900/1186 1141/899/1185
f 916/901/1187 922/896/1182 921/912/1198
f 1144/919/1205 1111/1075/1359 913/918/1204
f 912/915/1201 935/938/1224 943/916/1202
f 923/932/1218 910/898/1184 1144/919/1205
f 889/888/1174 1146/914/1200 1142/934/1220
f 924/922/1208 930/924/1210 931/941/1227
f 941/936/1222 1147/933/1219 924/922/1208
f 924/922/1208 931/941/1227 941/936/1222
f 924/922/1208 932/1189/1486 940/935/1221
f 940/935/1221 1287/928/1214 924/922/1208
f 934/1190/1487 938/929/1215 928/925/1211
f 1148/920/1206 928/925/1211 1145/923/1209
f 942/926/1212 944/930/1216 933/921/1207
f 1143/931/1217 1147/933/1219 935/938/1224
f 941/936/1222 935/938/1224 1147/933/1219
f 932/1189/1486 939/886/1172 940/935/1221
f 1146/914/1200 1145/923/1209 1287/928/1214
f 876/1161/1458 1139/893/1179 934/1190/1487
f 925/917/1203 918/902/1188 921/912/1198
f 938/929/1215 934/1190/1487 937/1191/1488
f 935/938/1224 946/937/1223 1288/944/1230
f 946/937/1223 929/939/1225 945/940/1226
f 938/929/1215 937/1191/1488 944/930/1216
f 937/1191/1488 934/1190/1487 954/1090/1374
f 949/942/1228 948/1192/1489 954/1090/1374
f 937/1191/1488 954/1090/1374 952/1193/1490
f 1289/948/1234 933/921/1207 944/930/1216
f 942/926/1212 927/927/1213 944/930/1216
f 1289/948/1234 956/1194/1491 957/949/1235
f 911/904/1190 1149/945/1231 949/942/1228
f 935/938/1224 1288/944/1230 943/916/1202
f 1288/944/1230 1153/946/1232 960/961/1247
f 954/1090/1374 948/1192/1489 953/1195/1492
f 955/1196/1493 1151/956/1242 959/1197/1494
f 947/947/1233 1288/944/1230 960/961/1247
f 959/1197/1494 954/1090/1374 955/1196/1493
f 952/1193/1490 954/1090/1374 959/1197/1494
f 958/951/1237 1153/946/1232 945/940/1226
f 944/930/1216 959/1197/1494 956/1194/1491
f 1158/953/1495 1150/1198/1496 1157/1199/1497
f 961/1200/1498 953/1195/1492 1159/955/1499
f 953/1195/1492 1290/950/1236 1150/1198/1496
f 1291/954/1240 964/1201/1500 1150/1198/1496
f 1151/956/1242 1156/1202/1501 1155/957/1243
f 1151/956/1242 1152/952/1238 963/1203/1502
f 1151/956/1242 1291/954/1240 936/959/1245
f 936/959/1245 1152/952/1238 1151/956/1242
f 960/961/1247 936/959/1245 1291/954/1240
f 1153/946/1232 1160/960/1246 936/959/1245
f 1156/1202/1503 1161/1204/1504 1155/957/1505
f 955/1196/1493 1161/1204/1504 1151/956/1242
f 958/951/1237 957/949/1235 1152/952/1238
f 1200/1127/1506 1201/972/1258 1196/963/1249
f 979/970/1256 1203/1128/1507 1196/963/1249
f 1203/1128/1507 1204/975/1261 1196/963/1249
f 1196/963/1249 950/962/1248 1170/1205/1508
f 1196/963/1249 1170/1205/1508 1169/1206/1509
f 1196/963/1249 1169/1206/1509 1168/994/1279
f 1196/963/1249 1175/1118/1510 1176/1207/1511
f 1196/963/1249 1176/1207/1511 1177/1208/1512
f 1181/1004/1513 1182/992/1277 1292/987/1272
f 1184/1209/1514 1185/989/1274 1292/987/1272
f 1293/1210/1515 1167/991/1516 1166/986/1517
f 1168/994/1518 1294/998/1283 1192/995/1519
f 968/1211/1520 976/999/1284 1294/998/1283
f 1294/998/1283 1173/1116/1521 1172/1212/1522
f 970/997/1282 1173/1116/1521 1294/998/1283
f 1294/998/1283 1190/1123/1523 1191/1125/1524
f 1215/1001/1286 1295/1006/1290 1088/1213/1525
f 1215/1001/1286 1088/1213/1525 983/1214/1526
f 976/999/1284 1207/1215/1527 1214/1216/1528
f 982/1132/1429 1195/982/1529 1194/980/1530
f 1195/982/1529 982/1132/1429 1209/1003/1531
f 982/1132/1429 1194/980/1530 1193/979/1532
f 975/1217/1533 1293/1210/1515 1208/1218/1534
f 1208/1218/1534 1293/1210/1515 974/1219/1535
f 981/1220/1536 972/1221/1537 1177/1208/1538
f 981/1220/1536 1177/1208/1538 1176/1207/1539
f 981/1220/1536 1176/1207/1539 1175/1118/1540
f 1206/1222/1541 971/967/1542 1180/983/1543
f 1206/1222/1541 1180/983/1543 1179/985/1544
f 981/1220/1536 1178/984/1545 972/1221/1537
f 1206/1222/1541 1199/969/1546 1198/968/1547
f 1206/1222/1541 1198/968/1547 1197/966/1548
f 1206/1222/1541 1197/966/1548 971/967/1542
f 1214/1216/1528 1192/995/1549 1191/1125/1550
f 967/996/1551 1192/995/1549 1214/1216/1528
f 1191/1125/1550 1190/1123/1552 1214/1216/1528
f 1190/1123/1552 969/1124/1553 1214/1216/1528
f 1206/1222/1541 1201/972/1554 1200/1127/1555
f 979/970/1556 1202/971/1557 1206/1222/1541
f 1202/971/1557 1201/972/1554 1206/1222/1541
f 1200/1127/1555 978/1223/1558 1206/1222/1541
f 1295/1006/1290 1211/1005/1289 1083/1224/1559
f 1181/1004/1513 1292/987/1272 1211/1005/1249
f 984/1131/1428 1205/974/1560 1204/975/1561
f 1204/975/1561 1203/1128/1562 984/1131/1428
f 1214/1216/1528 969/1124/1553 1171/1225/1563
f 1214/1216/1528 1171/1225/1563 1172/1212/1564
f 1214/1216/1528 1172/1212/1564 1173/1116/1565
f 976/999/1284 968/1211/1520 1210/1226/1566
f 1207/1215/1527 976/999/1284 1210/1226/1566
f 997/1227/1567 990/1009/1293 1220/1008/1292
f 1216/1228/1568 988/1010/1294 1089/1136/1433
f 1217/1011/1295 990/1009/1293 1219/1137/1434
f 1090/1229/1569 992/1230/1570 1220/1008/1292
f 1217/1011/1295 989/1231/1571 988/1010/1294
f 997/1227/1567 993/1232/1572 990/1009/1293
f 992/1230/1570 997/1227/1567 1220/1008/1292
f 1220/1008/1292 996/1233/1573 1218/1234/1574
f 1223/1015/1299 1222/1016/1300 1224/1138/1435
f 1003/1235/1575 1222/1016/1300 1221/1236/1576
f 1003/1235/1575 1221/1236/1576 998/1237/1577
f 998/1237/1577 1221/1236/1576 999/1238/1578
f 1298/1019/1303 1299/1021/1305 1004/1020/1304
f 1006/1018/1302 1005/1022/1306 1298/1019/1303
f 1006/1018/1302 1004/1020/1304 1299/1021/1305
f 1012/1029/1313 1300/1023/1307 1008/1030/1314
f 1007/1239/1579 1012/1029/1313 1008/1030/1314
f 1011/1024/1308 1300/1023/1307 1012/1029/1313
f 1227/1032/1316 1301/1027/1311 1007/1239/1579
f 1009/1031/1315 1301/1027/1311 1227/1032/1316
f 1007/1239/1579 1008/1030/1314 1227/1032/1316
f 1011/1024/1308 1012/1029/1313 1228/1028/1312
f 1300/1023/1307 1226/1026/1310 1009/1031/1315
f 1230/1240/1580 1239/1241/1581 1014/1242/1582
f 1013/1033/1317 1017/1243/1583 1247/1034/1318
f 1230/1240/1580 1229/1244/1584 1018/1245/1585
f 1014/1242/1582 1239/1241/1581 1245/1039/1323
f 1245/1039/1323 1302/1059/1343 1048/1037/1321
f 1254/1038/1322 1015/1246/1586 1245/1039/1323
f 901/1092/1376 1111/1075/1359 1232/1076/1360
f 1231/1247/1587 901/1092/1376 1232/1076/1360
f 1035/1248/1588 1041/1249/1589 1253/1068/1352
f 1034/1067/1351 1035/1248/1588 1253/1068/1352
f 1020/1250/1590 1019/1251/1591 1233/1252/1592
f 1018/1245/1585 898/1166/1463 1135/875/1161
f 1233/1252/1592 902/877/1163 903/1044/1328
f 1017/1243/1583 1244/1253/1593 1030/1254/1594
f 1234/1064/1348 1030/1254/1594 1021/1047/1331
f 1022/1056/1340 904/1043/1327 1133/1054/1338
f 906/1176/1473 908/1173/1470 1236/1255/1595
f 1240/1055/1339 1134/1177/1474 906/1176/1473
f 1023/1046/1330 1235/1045/1329 1038/1050/1334
f 1024/1051/1335 908/1173/1470 1242/1052/1336
f 1038/1050/1334 1024/1051/1335 909/1053/1337
f 1029/1256/1596 1020/1250/1590 1022/1056/1340
f 1241/1048/1332 1029/1256/1596 1240/1055/1339
f 1241/1048/1332 1033/1049/1333 1030/1254/1594
f 1029/1256/1596 1030/1254/1594 1244/1253/1593
f 1239/1241/1581 1019/1251/1591 1020/1250/1590
f 1243/1257/1597 1020/1250/1590 1029/1256/1596
f 1026/1258/1598 1243/1257/1597 1244/1253/1593
f 911/904/1190 1064/1074/1358 1039/1070/1354
f 1231/1247/1587 1257/1259/1599 1238/1260/1600
f 1027/1058/1342 1237/1057/1341 1238/1260/1600
f 1048/1037/1321 1302/1059/1343 1027/1058/1342
f 1245/1039/1323 1025/1261/1601 1302/1059/1343
f 1302/1059/1343 1026/1258/1598 1237/1057/1341
f 1017/1243/1583 1237/1057/1341 1026/1258/1598
f 1017/1243/1583 1013/1033/1317 1237/1057/1341
f 1026/1258/1598 1302/1059/1343 1025/1261/1601
f 1230/1240/1580 1018/1245/1585 1239/1241/1581
f 907/1060/1344 1023/1046/1330 909/1053/1337
f 1250/1062/1346 1021/1047/1331 1251/1061/1345
f 1234/1064/1348 1021/1047/1331 1250/1062/1346
f 1017/1243/1583 1030/1254/1594 1249/1066/1350
f 1303/1262/1602 914/1089/1373 1246/1263/1603
f 1246/1263/1603 1015/1246/1586 1303/1262/1602
f 1127/1184/1481 1246/1263/1603 900/892/1178
f 1035/1248/1588 1044/1264/1604 1041/1249/1589
f 1037/1265/1605 1036/1266/1606 1044/1264/1604
f 910/898/1184 920/900/1186 1045/1267/1607
f 1044/1264/1604 1036/1266/1606 1043/1073/1357
f 1286/905/1191 1028/1072/1356 1032/1188/1485
f 1286/905/1191 1248/1069/1353 1028/1072/1356
f 1248/1069/1353 1016/1041/1325 1028/1072/1356
f 1039/1070/1354 1248/1069/1353 1286/905/1191
f 920/900/1186 915/911/1197 1041/1249/1589
f 1016/1041/1325 1044/1264/1604 1043/1073/1357
f 1044/1264/1604 1045/1267/1607 920/900/1186
f 915/911/1197 1031/910/1196 1253/1068/1352
f 1042/1040/1324 1044/1264/1604 1016/1041/1325
f 1048/1037/1321 1027/1058/1342 1256/1083/1367
f 1042/1040/1324 1047/1268/1608 1045/1267/1607
f 1056/1269/1609 910/898/1184 1045/1267/1607
f 1056/1269/1609 1045/1267/1607 1047/1268/1608
f 1064/1074/1358 1058/1088/1372 1040/1071/1355
f 1056/1269/1609 1055/1270/1610 910/898/1184
f 1232/1076/1360 910/898/1184 1055/1270/1610
f 1254/1038/1322 1259/1085/1369 1304/1271/1611
f 1256/1083/1367 1259/1085/1369 1048/1037/1321
f 1258/1086/1370 1060/1079/1363 1046/1078/1362
f 1260/1081/1365 1052/1272/1612 1053/1084/1368
f 1305/1080/1364 1052/1272/1612 1260/1081/1365
f 1049/1273/1613 1046/1078/1362 1059/1274/1614
f 1059/1274/1614 1046/1078/1362 1051/1275/1615
f 1262/1276/1616 1304/1271/1611 1305/1080/1364
f 1052/1272/1612 1305/1080/1364 1259/1085/1369
f 1262/1276/1616 1057/1277/1617 1304/1271/1611
f 1061/1082/1366 1306/1103/1387 1050/1278/1618
f 1056/1269/1609 1047/1268/1608 1261/1087/1371
f 1060/1079/1363 1261/1087/1371 1058/1088/1372
f 1256/1083/1367 1255/1279/1619 1059/1274/1614
f 1051/1275/1615 1256/1083/1367 1059/1274/1614
f 1051/1275/1615 1053/1084/1368 1256/1083/1367
f 1052/1272/1612 1259/1085/1369 1053/1084/1368
f 1261/1087/1371 1049/1273/1613 1055/1270/1610
f 1258/1086/1370 1049/1273/1613 1261/1087/1371
f 1303/1262/1602 1057/1277/1617 914/1089/1373
f 1257/1259/1599 1055/1270/1610 1255/1279/1619
f 1232/1076/1360 1055/1270/1610 1257/1259/1599
f 1047/1268/1608 1252/1042/1326 1261/1087/1371
f 1054/1077/1361 1264/1094/1378 1062/1280/1620
f 1062/1280/1620 1067/1281/1621 1260/1081/1365
f 1060/1079/1363 1058/1088/1372 1264/1094/1378
f 1265/1282/1622 1262/1276/1616 1306/1103/1387
f 1260/1081/1365 1066/1283/1623 1306/1103/1387
f 1265/1282/1622 1057/1277/1617 1262/1276/1616
f 914/1089/1373 1057/1277/1617 1266/1096/1380
f 1263/943/1229 914/1089/1373 1266/1096/1380
f 1260/1081/1365 1306/1103/1387 1061/1082/1366
f 1050/1278/1618 1306/1103/1387 1262/1276/1616
f 1072/1113/1401 1306/1103/1387 1066/1283/1623
f 1260/1081/1365 1067/1281/1621 1066/1283/1623
f 1063/1095/1379 1064/1074/1358 1068/1284/1624
f 1064/1074/1358 1263/943/1229 1068/1284/1624
f 1070/1100/1384 1063/1095/1379 1068/1284/1624
f 1064/1074/1358 1065/1093/1377 1058/1088/1372
f 1076/1099/1383 1264/1094/1378 1065/1093/1377
f 1076/1099/1383 1271/1111/1399 1264/1094/1378
f 1271/1111/1399 1275/1108/1396 1075/1112/1400
f 1074/1102/1386 1273/1114/1402 1071/1097/1381
f 1266/1096/1380 1074/1102/1386 1071/1097/1381
f 1075/1112/1400 1264/1094/1378 1271/1111/1399
f 1070/1100/1384 1068/1284/1624 1073/1105/1389
f 1073/1105/1389 1068/1284/1624 1270/1098/1382
f 1267/1101/1385 1306/1103/1387 1072/1113/1401
f 1158/953/1625 1269/1104/1388 1159/955/1626
f 1269/1104/1388 1158/953/1625 1157/1199/1627
f 964/1201/1628 1269/1104/1388 1157/1199/1627
f 1274/1106/1390 1269/1104/1388 964/1201/1628
f 1270/1098/1382 1071/1097/1381 1273/1114/1402
f 1274/1106/1390 964/1201/1628 1157/1199/1629
f 1274/1106/1390 1157/1199/1629 1158/953/1391
f 1271/1111/1399 1307/1110/1398 1275/1108/1396
f 1307/1110/1398 1272/1107/1394 1275/1108/1396
f 1273/1114/1402 962/1285/1630 1156/1202/1631
f 1155/957/1632 1273/1114/1402 1156/1202/1631
f 961/1200/1633 1270/1098/1382 1154/958/1634
f 1274/1106/1390 1307/1110/1398 1076/1099/1383
f 1070/1100/1384 1269/1104/1388 1274/1106/1390
f 1308/1286/1635 1077/1121/1413 1276/1287/1636
f 1308/1286/1635 1189/1288/1637 1188/1289/1638
f 1308/1286/1635 1164/976/1639 1163/965/1640
f 1192/995/1641 1309/1115/1404 1168/994/1642
f 970/997/1403 1079/1129/1426 1309/1115/1404
f 1078/1122/1414 1077/1121/1413 1079/1129/1426
f 1308/1286/1635 950/962/1643 1170/1205/1644
f 1083/1224/1559 1085/1290/1645 1088/1213/1525
f 1186/990/1646 1083/1224/1559 1185/989/1647
f 1189/1288/1648 1279/1117/1406 1188/1289/1649
f 1080/1126/1420 1209/1003/1531 982/1132/1429
f 1209/1003/1531 1080/1126/1420 1195/982/1650
f 1082/1120/1412 1084/1291/1651 1077/1121/1413
f 1181/1004/1652 1083/1224/1559 1211/1005/1289
f 1311/1135/1432 1092/1134/1431 1093/1292/1653
f 1093/1292/1653 995/1293/1654 991/1294/1655
f 1217/1011/1295 1089/1136/1433 989/1231/1571
f 1218/1234/1574 1311/1135/1432 1090/1229/1569
f 993/1232/1572 1092/1134/1431 1219/1137/1434
f 1091/1133/1430 1089/1136/1433 1092/1134/1431
f 1311/1135/1432 1093/1292/1653 992/1230/1570
f 1093/1292/1653 1092/1134/1431 995/1293/1654
f 1095/1139/1436 1000/1013/1297 1002/1017/1301
f 1003/1235/1575 1095/1139/1436 1224/1138/1435
f 1094/1295/1656 1003/1235/1575 998/1237/1577
f 1094/1295/1656 998/1237/1577 999/1238/1578
f 1002/1017/1301 1223/1015/1299 1095/1139/1436
f 1002/1017/1301 1000/1013/1297 1001/1012/1296
f 1281/1142/1439 1097/1141/1438 1098/1144/1441
f 1280/1143/1440 1098/1144/1441 1097/1141/1438
f 1102/1153/1450 1099/1148/1445 1100/1150/1447
f 1103/1296/1657 1099/1148/1445 1102/1153/1450
f 1107/1149/1446 1099/1148/1445 1103/1296/1657
f 1100/1150/1447 1101/1151/1448 1102/1153/1450
f 1105/1146/1443 1283/1145/1442 1282/1152/1449
f 1282/1152/1449 1283/1145/1442 1106/1297/1658
f 1107/1149/1446 1106/1297/1658 1283/1145/1442
f 1282/1152/1449 1106/1297/1658 1103/1296/1657
f 1103/1296/1657 1106/1297/1658 1107/1149/1446
f 987/1298/1659 1296/1299/1660 980/1300/1661
f 1214/1216/1528 1296/1299/1660 986/1301/1662
f 1087/1130/1427 1310/1302/1663 1082/1120/1412
f 1277/1303/1664 1088/1213/1525 1085/1290/1645
f 1210/1226/1566 980/1300/1661 1207/1215/1527
f 984/1131/1428 1206/1222/1541 1212/1304/1665
f 1213/1305/1666 985/1306/1667 984/1131/1428
f 985/1306/1667 1213/1305/1666 983/1214/1526
f 1296/1299/1660 987/1298/1659 983/1214/1526
f 1212/1304/1665 1296/1299/1660 983/1214/1526
f 1207/1215/1527 980/1300/1661 1296/1299/1660
f 987/1298/1659 1215/1001/1286 983/1214/1526
f 980/1300/1661 1210/1226/1566 987/1298/1659
f 1210/1226/1566 1208/1218/1534 987/1298/1659
f 1206/1222/1541 981/1220/1536 986/1301/1662
f 986/1301/1662 981/1220/1536 1214/1216/1528
f 1277/1303/1664 985/1306/1667 1088/1213/1525
f 1310/1302/1663 1277/1303/1664 1085/1290/1645
f 1278/1307/1668 1087/1130/1427 1086/1119/1410
f 1084/1291/1651 1082/1120/1412 1279/1117/1406
f 1310/1302/1663 1279/1117/1406 1082/1120/1412
f 1080/1126/1420 1277/1303/1664 1081/1308/1669
f 1086/1119/1410 1081/1308/1669 1278/1307/1668
f 875/891/1177 1110/1091/1375 878/889/1175
f 1110/1091/1375 899/1035/1319 1128/1036/1320
f 1127/1184/1481 1109/1159/1456 898/1166/1463
f 1108/1158/1455 1125/1181/1478 887/1156/1453
f 1251/1061/1345 907/1060/1344 1132/1182/1479 882/1172/1469
f 875/891/1177 1111/1075/1359 1110/1091/1375
f 926/913/1199 1125/1181/1478 1108/1158/1455
f 1108/1158/1455 1126/1160/1457 876/1161/1458
f 1114/1155/1452 888/890/1176 878/889/1175
f 1124/1170/1467 1119/1154/1451 1114/1155/1452
f 1113/1165/1462 1109/1159/1456 879/1157/1454
f 1121/1167/1464 902/877/1163 1115/876/1162
f 1113/1165/1462 1135/875/1161 898/1166/1463
f 881/1171/1468 890/1168/1465 880/1169/1466
f 1117/881/1167 904/1043/1327 1116/884/1170
f 908/1173/1470 906/1176/1473 883/1174/1471
f 883/1174/1471 906/1176/1473 905/883/1169
f 905/883/1169 1134/1177/1474 1133/1054/1338
f 886/1178/1475 909/1053/1337 1242/1052/1336
f 897/879/1165 884/1175/1472 1123/882/1168
f 897/879/1165 1123/882/1168 893/880/1166
f 1122/885/1171 1116/884/1170 1121/1167/1464
f 893/880/1166 1123/882/1168 1122/885/1171
f 893/880/1166 1122/885/1171 890/1168/1465
f 1115/876/1162 879/1157/1454 1120/1179/1476
f 1121/1167/1464 1120/1179/1476 1124/1170/1467
f 1124/1170/1467 1120/1179/1476 1119/1154/1451
f 913/918/1204 1112/887/1173 939/886/1172
f 1112/887/1173 875/891/1177 889/888/1174
f 1125/1181/1478 1118/1180/1477 888/890/1176
f 1125/1181/1478 1119/1154/1451 887/1156/1453
f 1120/1179/1476 879/1157/1454 887/1156/1453
f 885/878/1164 1132/1182/1479 886/1178/1475
f 886/1178/1475 1132/1182/1479 909/1053/1337
f 909/1053/1337 1132/1182/1479 907/1060/1344
f 894/895/1181 917/897/1183 919/1186/1483 892/1187/1484
f 882/1172/1469 881/1171/1468 1131/1183/1480
f 1130/1063/1347 880/1169/1466 1129/1065/1349
f 880/1169/1466 1114/1155/1452 1129/1065/1349
f 1129/1065/1349 878/889/1175 1128/1036/1320
f 1129/1065/1349 1128/1036/1320 1247/1034/1318
f 1114/1155/1452 878/889/1175 1129/1065/1349
f 1284/894/1180 1109/1159/1456 1127/1184/1481
f 876/1161/1458 1126/1160/1457 1284/894/1180
f 922/896/1182 896/1185/1482 895/1163/1460
f 1141/899/1185 921/912/1198 922/896/1182 1138/907/1193
f 892/1187/1484 1136/906/1192 1286/905/1191
f 1138/907/1193 915/911/1197 920/900/1186
f 932/1189/1486 1147/933/1219 923/932/1218 1144/919/1205
f 1142/934/1220 939/886/1172 889/888/1174
f 1144/919/1205 910/898/1184 1111/1075/1359
f 1148/920/1206 1140/1162/1459 876/1161/1458
f 931/941/1227 930/924/1210 929/939/1225
f 928/925/1211 927/927/1213 933/921/1207
f 924/922/1208 1147/933/1219 932/1189/1486
f 928/925/1211 1148/920/1206 934/1190/1487
f 1148/920/1206 876/1161/1458 934/1190/1487
f 1143/931/1217 925/917/1203 923/932/1218
f 934/1190/1487 1139/893/1179 914/1089/1373
f 1287/928/1214 940/935/1221 1142/934/1220
f 930/924/1210 933/921/1207 1289/948/1234 945/940/1226
f 1144/919/1205 939/886/1172 932/1189/1486
f 1143/931/1217 935/938/1224 912/915/1201
f 1148/920/1206 926/913/1199 1140/1162/1459
f 925/917/1203 1143/931/1217 918/902/1188
f 948/1192/1489 949/942/1228 1290/950/1236 953/1195/1492
f 946/937/1223 931/941/1227 929/939/1225
f 937/1191/1488 952/1193/1490 944/930/1216
f 943/916/1202 1149/945/1231 911/904/1190
f 954/1090/1374 934/1190/1487 914/1089/1373
f 957/949/1235 956/1194/1491 963/1203/1502 1152/952/1238
f 956/1194/1491 1289/948/1234 944/930/1216
f 949/942/1228 1149/945/1231 947/947/1233
f 955/1196/1493 954/1090/1374 953/1195/1492
f 945/940/1226 1153/946/1232 946/937/1223
f 957/949/1235 958/951/1237 945/940/1226
f 959/1197/1494 944/930/1216 952/1193/1490
f 953/1195/1492 1150/1198/1496 1158/953/1495 1159/955/1499
f 964/1201/1500 1157/1199/1497 1150/1198/1496
f 956/1194/1491 959/1197/1494 1151/956/1242 963/1203/1502
f 1159/955/1241 1291/954/1240 1151/956/1242 961/1200/1670
f 962/1285/1671 1156/1202/1501 1151/956/1242 1161/1204/1504
f 1291/954/1240 1157/1199/1672 964/1201/1500
f 1291/954/1240 1158/953/1239 1157/1199/1672
f 953/1195/1492 961/1200/1498 1154/958/1673 1161/1204/1504
f 1154/958/1244 961/1200/1670 1151/956/1242
f 1290/950/1236 947/947/1233 1291/954/1240 1150/1198/1496
f 1154/958/1673 1155/957/1505 1161/1204/1504
f 1156/1202/1503 962/1285/1671 1161/1204/1504
f 955/1196/1493 953/1195/1492 1161/1204/1504
f 1291/954/1240 947/947/1233 960/961/1247
f 978/1223/1674 1200/1127/1506 1196/963/1249 1199/969/1255
f 1168/994/1279 967/996/1281 1175/1118/1510 1196/963/1249
f 1196/963/1249 1164/976/1262 1163/965/1251
f 1177/1208/1512 972/1221/1675 1178/984/1269 1196/963/1249
f 1165/988/1273 1292/987/1272 1186/990/1275 965/1000/1676
f 951/977/1263 1174/978/1249 1292/987/1272 1167/991/1276
f 1184/1209/1514 1292/987/1272 1183/993/1278 973/1309/1677
f 951/977/1678 1167/991/1516 1293/1210/1515 1164/976/1679
f 1293/1210/1515 950/962/1680 1162/964/1681
f 1293/1210/1515 1162/964/1681 1163/965/1682
f 965/1000/1683 1187/1002/1684 1293/1210/1515 1165/988/1685
f 1293/1210/1515 1163/965/1682 1164/976/1679
f 968/1211/1520 1294/998/1283 1293/1210/1515 975/1217/1533
f 1293/1210/1515 1187/1002/1684 1188/1289/1686
f 1166/986/1517 1165/988/1685 1293/1210/1515
f 1293/1210/1515 1189/1288/1687 974/1219/1535
f 1293/1210/1515 1188/1289/1686 1189/1288/1687
f 1170/1205/1688 1293/1210/1515 1294/998/1283 1169/1206/1689
f 1294/998/1283 1168/994/1518 1169/1206/1689
f 1191/1125/1524 1192/995/1519 1294/998/1283
f 1293/1210/1515 1170/1205/1688 950/962/1680
f 969/1124/1690 1190/1123/1523 1294/998/1283 1171/1225/1691
f 973/1309/1692 1295/1006/1290 1215/1001/1286 1184/1209/1693
f 1172/1212/1522 1171/1225/1691 1294/998/1283
f 1088/1213/1525 1295/1006/1290 1083/1224/1559
f 1215/1001/1286 965/1000/1285 1186/990/1694
f 1186/990/1694 1185/989/1695 1215/1001/1286
f 1215/1001/1286 1185/989/1695 1184/1209/1693
f 1189/1288/1696 1215/1001/1286 1208/1218/1534 974/1219/1535
f 1193/979/1532 966/973/1697 984/1131/1428 982/1132/1429
f 1189/1288/1696 1188/1289/1698 1215/1001/1286
f 1215/1001/1286 1188/1289/1698 1187/1002/1287
f 967/996/1551 1214/1216/1528 981/1220/1536 1175/1118/1540
f 1210/1226/1566 975/1217/1533 1208/1218/1534
f 1179/985/1544 1178/984/1545 981/1220/1536 1206/1222/1541
f 1210/1226/1566 968/1211/1520 975/1217/1533
f 1203/1128/1562 979/970/1556 1206/1222/1541 984/1131/1428
f 1206/1222/1541 978/1223/1558 1199/969/1546
f 1295/1006/1290 973/1309/1692 1183/993/1699
f 1295/1006/1290 1183/993/1699 1182/992/1700
f 1295/1006/1290 1182/992/1700 1181/1004/1288
f 984/1131/1428 966/973/1697 1205/974/1560
f 976/999/1284 1214/1216/1528 1173/1116/1565 970/997/1282
f 1216/1228/1568 996/1233/1573 1220/1008/1292 1297/1007/1291
f 1297/1007/1291 988/1010/1294 1216/1228/1568
f 1000/1013/1297 999/1238/1578 1221/1236/1576 1225/1014/1298
f 1089/1136/1433 988/1010/1294 989/1231/1571
f 995/1293/1654 997/1227/1567 991/1294/1655
f 991/1294/1655 997/1227/1567 992/1230/1570
f 994/1310/1701 993/1232/1572 995/1293/1654
f 1218/1234/1574 1090/1229/1569 1220/1008/1292
f 993/1232/1572 1219/1137/1434 990/1009/1293
f 997/1227/1567 995/1293/1654 993/1232/1572
f 1225/1014/1298 1221/1236/1576 1222/1016/1300
f 1003/1235/1575 1224/1138/1435 1222/1016/1300
f 901/1092/1376 1231/1247/1587 1013/1033/1317 899/1035/1319
f 1300/1023/1307 1009/1031/1315 1008/1030/1314
f 1012/1029/1313 1007/1239/1579 1301/1027/1311
f 1301/1027/1311 1226/1026/1310 1010/1025/1309
f 1229/1244/1584 1127/1184/1481 898/1166/1463
f 1230/1240/1580 1246/1263/1603 1229/1244/1584
f 1245/1039/1323 1239/1241/1581 1025/1261/1601
f 1135/875/1161 902/877/1163 1233/1252/1592 1019/1251/1591
f 1015/1246/1586 1014/1242/1582 1245/1039/1323
f 1017/1243/1583 1026/1258/1598 1244/1253/1593
f 1018/1245/1585 1229/1244/1584 898/1166/1463
f 1117/881/1167 905/883/1169 1133/1054/1338 904/1043/1327
f 1019/1251/1591 1018/1245/1585 1135/875/1161
f 1022/1056/1340 1233/1252/1592 903/1044/1328
f 1022/1056/1340 1020/1250/1590 1233/1252/1592
f 1021/1047/1331 1030/1254/1594 1033/1049/1333
f 1013/1033/1317 1231/1247/1587 1238/1260/1600 1237/1057/1341
f 904/1043/1327 1022/1056/1340 903/1044/1328
f 1033/1049/1333 1235/1045/1329 1021/1047/1331
f 1240/1055/1339 906/1176/1473 1236/1255/1595
f 1240/1055/1339 1133/1054/1338 1134/1177/1474
f 1024/1051/1335 1236/1255/1595 908/1173/1470
f 1240/1055/1339 1236/1255/1595 1024/1051/1335
f 1038/1050/1334 1240/1055/1339 1024/1051/1335
f 1241/1048/1332 1240/1055/1339 1038/1050/1334
f 1240/1055/1339 1029/1256/1596 1022/1056/1340
f 1030/1254/1594 1029/1256/1596 1241/1048/1332
f 1243/1257/1597 1239/1241/1581 1020/1250/1590
f 1239/1241/1581 1018/1245/1585 1019/1251/1591
f 1243/1257/1597 1029/1256/1596 1244/1253/1593
f 1255/1279/1619 1238/1260/1600 1257/1259/1599
f 1232/1076/1360 1257/1259/1599 1231/1247/1587
f 1028/1072/1356 1043/1073/1357 1036/1266/1606 1032/1188/1485
f 1025/1261/1601 1239/1241/1581 1243/1257/1597
f 1026/1258/1598 1025/1261/1601 1243/1257/1597
f 1023/1046/1330 1038/1050/1334 909/1053/1337
f 1251/1061/1345 1021/1047/1331 1023/1046/1330
f 1131/1183/1480 1250/1062/1346 1251/1061/1345
f 1249/1066/1350 1030/1254/1594 1234/1064/1348
f 1247/1034/1318 1017/1243/1583 1249/1066/1350
f 1246/1263/1603 914/1089/1373 900/892/1178
f 1246/1263/1603 1230/1240/1580 1014/1242/1582
f 1127/1184/1481 1229/1244/1584 1246/1263/1603
f 1246/1263/1603 1014/1242/1582 1015/1246/1586
f 1035/1248/1588 1037/1265/1605 1044/1264/1604
f 1016/1041/1325 1248/1069/1353 1040/1071/1355 1252/1042/1326
f 1238/1260/1600 1255/1279/1619 1256/1083/1367 1027/1058/1342
f 911/904/1190 1039/1070/1354 1286/905/1191
f 920/900/1186 1041/1249/1589 1044/1264/1604
f 1253/1068/1352 1041/1249/1589 915/911/1197
f 1044/1264/1604 1042/1040/1324 1045/1267/1607
f 1062/1280/1620 1260/1081/1365 1051/1275/1615 1046/1078/1362
f 1015/1246/1586 1254/1038/1322 1304/1271/1611
f 1061/1082/1366 1050/1278/1618 1305/1080/1364
f 1046/1078/1362 1054/1077/1361 1062/1280/1620
f 1051/1275/1615 1260/1081/1365 1053/1084/1368
f 1055/1270/1610 1049/1273/1613 1059/1274/1614 1255/1279/1619
f 1049/1273/1613 1258/1086/1370 1046/1078/1362
f 1305/1080/1364 1304/1271/1611 1259/1085/1369
f 1305/1080/1364 1050/1278/1618 1262/1276/1616
f 1055/1270/1610 1056/1269/1609 1261/1087/1371
f 1015/1246/1586 1304/1271/1611 1057/1277/1617 1303/1262/1602
f 1058/1088/1372 1252/1042/1326 1040/1071/1355
f 1067/1281/1621 1075/1112/1400 1072/1113/1401 1066/1283/1623
f 1254/1038/1322 1048/1037/1321 1259/1085/1369
f 1047/1268/1608 1042/1040/1324 1252/1042/1326
f 1054/1077/1361 1060/1079/1363 1264/1094/1378
f 1306/1103/1387 1074/1102/1386 1265/1282/1622
f 1266/1096/1380 1069/1311/1702 1263/943/1229
f 1266/1096/1380 1057/1277/1617 1265/1282/1622
f 1266/1096/1380 1265/1282/1622 1074/1102/1386
f 949/942/1228 954/1090/1374 1263/943/1229
f 1062/1280/1620 1264/1094/1378 1067/1281/1621
f 1064/1074/1358 911/904/1190 1263/943/1229
f 1263/943/1229 1069/1311/1702 1068/1284/1624
f 1270/1098/1382 1069/1311/1702 1266/1096/1380
f 1075/1112/1400 1067/1281/1621 1264/1094/1378
f 1072/1113/1401 1275/1108/1396 1268/1109/1397 1267/1101/1385
f 1270/1098/1382 1068/1284/1624 1069/1311/1702
f 961/1200/1633 1159/955/1626 1269/1104/1388 1270/1098/1382
f 1272/1107/1394 1274/1106/1390 1159/955/1392 961/1200/1703
f 962/1285/1630 1273/1114/1402 1272/1107/1394 1156/1202/1704
f 1272/1107/1394 961/1200/1703 1154/958/1395
f 1273/1114/1402 1155/957/1632 1154/958/1634 1270/1098/1382
f 1272/1107/1394 1155/957/1393 1156/1202/1704
f 1272/1107/1394 1307/1110/1398 1274/1106/1390
f 1267/1101/1385 1268/1109/1397 1272/1107/1394 1074/1102/1386
f 974/1219/1705 1189/1288/1637 1308/1286/1635 1276/1287/1636
f 965/1000/1706 1165/988/1707 1308/1286/1635 1187/1002/1708
f 951/977/1709 1164/976/1639 1308/1286/1635 1167/991/1710
f 1308/1286/1635 1165/988/1707 1166/986/1711
f 1188/1289/1638 1187/1002/1708 1308/1286/1635
f 1308/1286/1635 1309/1115/1404 1079/1129/1426 1077/1121/1413
f 1308/1286/1635 1166/986/1711 1167/991/1710
f 1162/964/1712 950/962/1643 1308/1286/1635
f 1163/965/1640 1162/964/1712 1308/1286/1635
f 969/1124/1713 1171/1225/1714 1309/1115/1404 1190/1123/1715
f 1309/1115/1404 1192/995/1641 1191/1125/1716
f 1169/1206/1717 1168/994/1642 1309/1115/1404
f 1170/1205/1644 1169/1206/1717 1309/1115/1404 1308/1286/1635
f 1309/1115/1404 1171/1225/1714 1172/1212/1718
f 1309/1115/1404 1191/1125/1716 1190/1123/1715
f 1309/1115/1404 1172/1212/1718 1173/1116/1405
f 1083/1224/1559 1186/990/1646 965/1000/1407 1279/1117/1406
f 1276/1287/1636 1279/1117/1406 1189/1288/1648 974/1219/1705
f 1279/1117/1406 1085/1290/1645 1083/1224/1559
f 973/1309/1719 1184/1209/1720 1083/1224/1559
f 1184/1209/1720 1185/989/1647 1083/1224/1559
f 1176/1207/1721 1081/1308/1669 1086/1119/1410 1175/1118/1409
f 1187/1002/1408 1188/1289/1649 1279/1117/1406
f 1087/1130/1427 1079/1129/1426 1086/1119/1410
f 966/973/1722 1193/979/1723 1080/1126/1420
f 1080/1126/1420 1193/979/1723 1194/980/1724
f 1080/1126/1420 1194/980/1724 1195/982/1650
f 1276/1287/1636 1077/1121/1413 1084/1291/1651
f 1276/1287/1636 1084/1291/1651 1279/1117/1406
f 1081/1308/1669 1177/1208/1725 972/1221/1726
f 1198/968/1727 1080/1126/1420 1081/1308/1669 1197/966/1728
f 1081/1308/1669 1176/1207/1721 1177/1208/1725
f 1081/1308/1669 1180/983/1729 971/967/1730
f 1081/1308/1669 972/1221/1726 1178/984/1731
f 1081/1308/1669 1178/984/1731 1179/985/1732
f 1081/1308/1669 1179/985/1732 1180/983/1729
f 1080/1126/1420 1199/969/1733 978/1223/1734
f 1081/1308/1669 971/967/1730 1197/966/1728
f 1079/1129/1426 970/997/1403 1173/1116/1735 1086/1119/1410
f 1080/1126/1420 1198/968/1727 1199/969/1733
f 1086/1119/1410 1192/995/1417 967/996/1411
f 1086/1119/1410 1190/1123/1415 1191/1125/1418
f 1080/1126/1420 1202/971/1422 979/970/1424
f 978/1223/1734 1200/1127/1421 1080/1126/1420
f 1183/993/1736 973/1309/1719 1083/1224/1559
f 1181/1004/1652 1182/992/1737 1083/1224/1559
f 1182/992/1737 1183/993/1736 1083/1224/1559
f 1080/1126/1420 1205/974/1738 966/973/1722
f 1080/1126/1420 1204/975/1425 1205/974/1738
f 1086/1119/1410 1171/1225/1739 969/1124/1416
f 1086/1119/1410 1173/1116/1735 1172/1212/1740
f 1086/1119/1410 1172/1212/1740 1171/1225/1739
f 1080/1126/1420 984/1131/1428 1277/1303/1664
f 1277/1303/1664 984/1131/1428 985/1306/1667
f 1311/1135/1432 996/1233/1573 1091/1133/1430
f 1216/1228/1568 1091/1133/1430 996/1233/1573
f 1089/1136/1433 1091/1133/1430 1216/1228/1568
f 994/1310/1701 1092/1134/1431 993/1232/1572
f 992/1230/1570 1093/1292/1653 991/1294/1655
f 1089/1136/1433 1219/1137/1434 1092/1134/1431
f 994/1310/1701 995/1293/1654 1092/1134/1431
f 1311/1135/1432 1218/1234/1574 996/1233/1573
f 992/1230/1570 1090/1229/1569 1311/1135/1432
f 1000/1013/1297 1095/1139/1436 1094/1295/1656
f 1003/1235/1575 1094/1295/1656 1095/1139/1436
f 1094/1295/1656 999/1238/1578 1000/1013/1297
f 1281/1142/1439 1280/1143/1440 1096/1140/1437
f 1099/1148/1445 1104/1147/1444 1100/1150/1447
f 1105/1146/1443 1100/1150/1447 1104/1147/1444
f 1103/1296/1657 1102/1153/1450 1282/1152/1449
f 1213/1305/1666 984/1131/1428 1212/1304/1665
f 1088/1213/1525 985/1306/1667 983/1214/1526
f 983/1214/1526 1213/1305/1666 1212/1304/1665
f 1212/1304/1665 986/1301/1662 1296/1299/1660
f 1207/1215/1527 1296/1299/1660 1214/1216/1528
f 987/1298/1659 1208/1218/1534 1215/1001/1286
f 986/1301/1662 1212/1304/1665 1206/1222/1541
f 1310/1302/1663 1278/1307/1668 1277/1303/1664
f 1310/1302/1663 1085/1290/1645 1279/1117/1406
f 1087/1130/1427 1278/1307/1668 1310/1302/1663
f 1278/1307/1668 1081/1308/1669 1277/1303/1664
o Cube.004_Cube.005
v 4.124435 0.295900 -0.774381
v 3.568792 0.934955 -0.768312
v 2.904939 0.545411 -0.886462
v 5.762955 0.352809 -0.773750
v 5.304809 1.058296 -0.769824
v 6.731932 0.316487 -0.855111
v 7.085845 0.186454 -0.839801
v 7.330070 1.006588 -0.854280
v 7.509856 0.690519 -0.892751
v 7.412440 0.280002 -0.852093
v 7.554969 0.412838 -0.896987
v 5.127582 0.899726 -0.712852
v 5.537444 0.466835 -0.727875
v 3.704032 0.517208 -0.725648
v 6.568029 0.449756 -0.825453
v 2.848174 0.561331 -0.908913
v 2.892371 0.602224 -0.898757
v 7.264371 0.561588 -0.812223
v 7.119387 0.292758 -0.820202
v 2.954649 0.571613 -0.874483
v 2.906722 0.536476 -0.878261
v 7.471727 0.619775 -0.860413
v 2.870030 0.633190 -0.913033
v 4.119016 0.261892 -0.983212
v 5.265779 1.108763 -0.895456
v 4.090684 0.262664 -0.849481
v 3.631984 0.286609 -0.946991
v 5.759227 1.042835 -1.014993
v 6.561689 0.892124 -0.900304
v 6.736178 0.881753 -0.930823
v 6.974139 0.937155 -0.962985
v 7.251942 1.065794 -0.865502
v 7.356139 1.041840 -0.902837
v 7.434389 0.205199 -0.925411
v 7.523187 0.689273 -0.915599
v 7.559404 0.379733 -0.919506
v 2.949339 0.414550 -0.912408
v 2.938665 0.683879 -0.916705
v 3.070092 0.587002 -0.822867
v 3.431839 0.313317 -0.789404
v 3.384638 0.947060 -0.915976
v 2.844015 0.528489 -0.921434
v 3.039274 0.538209 -0.823486
v 3.099621 0.512428 -0.810407
v 2.963532 0.563521 -0.860432
v 2.900664 0.537852 -0.866223
v 2.887872 0.447198 -0.922994
v 3.042385 0.439611 -0.836505
v 2.931802 0.521123 -0.864579
v 3.072380 0.407404 -0.818554
v 3.516538 0.504821 -0.710966
v 3.786185 0.743353 -0.713726
v 3.489497 0.860104 -0.742615
v 3.139201 0.573387 -0.782094
v 3.340253 0.459922 -0.753320
v 3.419852 0.922894 -0.776144
v 3.068311 0.593991 -0.795565
v 3.196577 0.653574 -0.860226
v 3.436065 0.725081 -0.724815
v 3.332191 0.880988 -0.785768
v 3.431683 0.884282 -0.744626
v 3.522704 0.377825 -0.744536
v 3.585374 0.503584 -0.715871
v 3.423260 0.828867 -0.746620
v 2.970102 0.674572 -0.846220
v 3.374080 0.796100 -0.731965
v 3.377420 0.689282 -0.716878
v 3.214395 0.600671 -0.746102
v 3.092508 0.815665 -0.880404
v 3.233975 0.597280 -0.916720
v 3.279536 0.766067 -0.916720
v 3.270108 0.868893 -0.766527
v 3.137003 0.853822 -0.880288
v 3.220268 0.876252 -0.834306
v 3.102890 0.797133 -0.861260
v 3.184978 0.721625 -0.882747
v 3.141914 0.815015 -0.877052
v 3.228497 0.828018 -0.849909
v 3.350442 0.764687 -0.743360
v 3.352758 0.711087 -0.736724
v 3.318155 0.661938 -0.755193
v 3.269679 0.844822 -0.777059
v 3.137589 0.656606 -0.801508
v 3.213496 0.752539 -0.916720
v 3.237817 0.761218 -0.916720
v 3.332642 0.702030 -0.826586
v 3.193421 0.736872 -0.916720
v 3.365178 0.832190 -0.916720
v 3.118465 0.675442 -0.916720
v 3.226493 0.496189 -0.916720
v 3.460407 0.600814 -0.845641
v 3.288692 0.478426 -0.916720
v 3.319029 0.476343 -0.916720
v 3.154624 0.541213 -0.916720
v 3.184172 0.512214 -0.916720
v 3.333488 0.837992 -0.916720
v 3.419935 0.807802 -0.916720
v 3.470975 0.699890 -0.851302
v 3.431859 0.568332 -0.844695
v 3.125606 0.727442 -0.916720
v 3.134280 0.590109 -0.916720
v 3.123588 0.635984 -0.916720
v 3.162480 0.599946 -0.807567
v 3.408384 0.706260 -0.770219
v 3.113683 0.733128 -0.904860
v 3.239561 0.848040 -0.772590
v 3.103055 0.756109 -0.837816
v 3.127262 0.811161 -0.923258
v 3.138566 0.679135 -0.754093
v 3.328838 0.753477 -0.736327
v 4.158486 1.043278 -0.902275
v 4.050677 1.093617 -0.916041
v 4.639867 1.174532 -0.898621
v 7.056518 0.876742 -0.917373
v 4.814344 1.258416 -0.913935
v 5.165978 1.271244 -0.919762
v 6.071971 1.255912 -0.916032
v 6.295751 0.799585 -0.916726
v 6.211864 1.130942 -0.898288
v 5.205396 0.345326 -0.916720
v 5.171058 0.306010 -0.916734
v 5.584635 0.168056 -0.913267
v 5.927001 0.116470 -0.916717
v 6.736678 0.148703 -0.915524
v 6.099746 0.421753 -0.916681
v 4.004501 0.269003 -0.803478
v 4.395670 0.168613 -0.777245
v 4.344045 0.269709 -0.803280
v 3.883554 0.640609 -0.716689
v 4.121707 0.885793 -0.639942
v 4.258753 0.766861 -0.607315
v 4.205318 0.388085 -0.661904
v 4.012007 0.365821 -0.715207
v 3.858480 0.495748 -0.745843
v 5.111771 1.050295 -1.073948
v 4.109724 0.294997 -1.058129
v 4.142930 1.032907 -1.087822
v 3.570321 0.936397 -1.061089
v 3.088929 0.520726 -1.025684
v 5.936262 0.337787 -1.041832
v 6.568354 0.877755 -0.972958
v 6.548076 0.362688 -0.967380
v 6.566106 0.830041 -0.998522
v 7.088569 0.172772 -0.985429
v 6.741282 0.782663 -1.004181
v 7.408502 0.224102 -0.966567
v 7.505516 0.603458 -0.959713
v 5.120260 0.737515 -1.132974
v 5.591592 0.476344 -1.106562
v 3.705796 0.520843 -1.107834
v 2.901350 0.594921 -0.951939
v 6.576257 0.587444 -1.017518
v 2.841307 0.558853 -0.920833
v 2.875332 0.625979 -0.926301
v 7.070165 0.267808 -1.010273
v 2.904938 0.545434 -0.947027
v 2.906707 0.536545 -0.955185
v 2.961798 0.566251 -0.961414
v 2.941973 0.525743 -0.955707
v 7.503030 0.405345 -0.963892
v 2.954509 0.671203 -0.946709
v 3.062400 0.594140 -1.007851
v 2.900374 0.536508 -0.967843
v 3.040414 0.438239 -0.995082
v 2.965824 0.562706 -0.975713
v 2.931885 0.521119 -0.968949
v 2.988590 0.423844 -0.967908
v 3.381768 0.483473 -1.100144
v 3.041876 0.435978 -1.007983
v 3.789390 0.728350 -1.121705
v 3.346243 0.458737 -1.081303
v 3.458761 0.850696 -1.087127
v 3.618906 0.537345 -1.125730
v 3.678858 0.788571 -1.124665
v 3.667286 0.635033 -1.129672
v 3.240124 0.589267 -1.072894
v 3.330406 0.340857 -1.058745
v 3.080361 0.401637 -1.011703
v 3.438381 0.938244 -1.043195
v 3.082671 0.580738 -1.041259
v 3.583223 0.503499 -1.117319
v 3.137548 0.574544 -1.051192
v 3.421741 0.824190 -1.087933
v 3.367953 0.640703 -1.096007
v 3.056865 0.717930 -1.020178
v 2.962873 0.689277 -0.967221
v 3.112667 0.634638 -1.065579
v 3.380858 0.717806 -1.117549
v 3.349701 0.656371 -1.110964
v 3.090141 0.817859 -0.958031
v 3.138351 0.853603 -0.955013
v 3.230106 0.846036 -1.000589
v 3.352986 0.711832 -1.097020
v 3.122271 0.782909 -0.965735
v 3.266546 0.866417 -1.068980
v 3.322145 0.661206 -1.092760
v 3.141536 0.657295 -1.029118
v 3.195207 0.655105 -0.973302
v 3.316942 0.666143 -1.003448
v 3.471098 0.700477 -0.981311
v 3.461487 0.615588 -0.994587
v 3.435409 0.565313 -0.983571
v 3.143817 0.611006 -1.024168
v 3.389305 0.701434 -1.074688
v 3.296885 0.842602 -0.939842
v 3.425079 0.743556 -1.030806
v 3.246449 0.848640 -1.057934
v 3.229474 0.606573 -1.066865
v 3.300851 0.662197 -1.094740
v 3.207518 0.847517 -1.017297
v 4.352089 1.016349 -0.921678
v 4.186518 1.024496 -0.935961
v 7.025710 0.816728 -0.918647
v 4.702101 1.180508 -0.934728
v 6.288808 1.112925 -0.934961
v 5.334484 0.393959 -0.927152
v 6.391844 0.438790 -0.926766
v 4.187988 0.135057 -1.065807
v 4.394343 0.170007 -1.054851
v 4.329588 0.281846 -1.026571
v 4.033102 0.860380 -1.170900
v 4.240214 0.797366 -1.216493
v 4.298651 0.616094 -1.215591
v 4.255440 0.420524 -1.182029
v 3.987392 0.371217 -1.108701
v 4.139215 0.881051 -1.204536
v 4.217709 0.798993 -1.225996
v 3.889527 0.431958 -1.101179
v 3.855316 0.505247 -1.090908
v 4.124197 1.026664 -0.742861
v 3.406677 0.296753 -0.855055
v 3.602778 0.346664 -0.777204
v 2.891052 0.602502 -0.886036
v 5.822810 1.036433 -0.834058
v 6.187096 0.396326 -0.789604
v 6.302665 0.947632 -0.845164
v 6.762547 0.877476 -0.867119
v 6.974562 0.934974 -0.863103
v 5.687121 0.640979 -0.718885
v 4.115936 0.395004 -0.721644
v 5.723919 0.923217 -0.744695
v 6.589990 0.838291 -0.839050
v 6.615496 0.718624 -0.822810
v 7.283947 0.973853 -0.832981
v 6.161897 0.648486 -0.762572
v 4.200336 0.736133 -0.690448
v 2.944098 0.527008 -0.877658
v 5.871604 0.306524 -0.837047
v 6.549688 0.363398 -0.863634
v 7.205924 0.149553 -0.888580
v 7.422072 0.208901 -0.885411
v 7.222669 1.055643 -0.969618
v 7.294184 1.072247 -0.950683
v 7.037111 0.165251 -0.869723
v 6.282711 0.965142 -0.948064
v 2.950018 0.673198 -0.885444
v 2.860765 0.504097 -0.894615
v 3.479366 0.948436 -0.808794
v 3.699762 0.865028 -0.734406
v 2.978989 0.422030 -0.873670
v 3.680987 0.516837 -0.709296
v 3.042885 0.436629 -0.825625
v 3.102973 0.527634 -0.794917
v 3.389124 0.330019 -0.768823
v 3.560905 0.863410 -0.733608
v 3.679492 0.785876 -0.708713
v 3.338834 0.626012 -0.743787
v 3.769202 0.725080 -0.695973
v 3.198516 0.524323 -0.768200
v 3.702752 0.845276 -0.712969
v 3.054978 0.728561 -0.820348
v 3.336420 0.649553 -0.721695
v 3.066782 0.757948 -0.807288
v 3.186305 0.743133 -0.909372
v 3.266768 0.765404 -0.868823
v 3.219269 0.619917 -0.759079
v 3.219228 0.755282 -0.916720
v 3.225258 0.757533 -0.916720
v 3.231487 0.759458 -0.916720
v 3.198191 0.741198 -0.916720
v 3.203060 0.745360 -0.916720
v 3.208129 0.749195 -0.916720
v 3.250648 0.635862 -0.838629
v 3.234494 0.762713 -0.912174
v 3.302027 0.655330 -0.836658
v 3.241000 0.638782 -0.916720
v 3.250893 0.684296 -0.916720
v 3.263718 0.728499 -0.916720
v 3.341857 0.823133 -0.916720
v 3.319301 0.811087 -0.916720
v 3.298272 0.793062 -0.916720
v 3.226610 0.515627 -0.916720
v 3.227428 0.537398 -0.916720
v 3.229650 0.563838 -0.916720
v 3.298889 0.476619 -0.916720
v 3.306847 0.475914 -0.916720
v 3.313311 0.475945 -0.916720
v 3.218174 0.810140 -0.916720
v 3.215225 0.499717 -0.916720
v 3.204232 0.503437 -0.916720
v 3.193789 0.507538 -0.916720
v 3.175580 0.517665 -0.916720
v 3.167910 0.524142 -0.916720
v 3.160984 0.531905 -0.916720
v 3.286257 0.829805 -0.916720
v 3.303857 0.833526 -0.916720
v 3.319866 0.836396 -0.916720
v 3.344195 0.838029 -0.916720
v 3.352515 0.836791 -0.916720
v 3.359244 0.834703 -0.916720
v 3.378867 0.826093 -0.916720
v 3.392556 0.819996 -0.916720
v 3.406246 0.813899 -0.916720
v 3.275755 0.481580 -0.916720
v 3.260579 0.485837 -0.916720
v 3.243910 0.490829 -0.916720
v 3.119252 0.687235 -0.916720
v 3.120895 0.700063 -0.916720
v 3.123108 0.713580 -0.916720
v 3.161252 0.771428 -0.916720
v 3.148700 0.552188 -0.916720
v 3.143265 0.564386 -0.916720
v 3.138425 0.577221 -0.916720
v 3.130885 0.602551 -0.916720
v 3.128098 0.614392 -0.916720
v 3.125729 0.625560 -0.916720
v 3.121562 0.645699 -0.916720
v 3.119849 0.655148 -0.916720
v 3.118725 0.664879 -0.916720
v 3.124529 0.645242 -0.802385
v 3.346346 0.636661 -0.760558
v 3.414774 0.770073 -0.822529
v 3.119664 0.725293 -0.916720
v 3.245777 0.575036 -0.797495
v 3.271389 0.833100 -0.916720
v 3.114297 0.740194 -0.770848
v 3.142294 0.804218 -0.816133
v 3.287147 0.848442 -0.807963
v 3.312562 0.806830 -0.753807
v 5.148597 0.915235 -0.912205
v 4.223544 1.158291 -0.915693
v 6.742002 1.101955 -0.915996
v 6.868489 0.781697 -0.915827
v 4.577688 1.270790 -0.917315
v 6.553493 0.752342 -0.898567
v 5.328605 0.393240 -0.906161
v 6.399854 0.438541 -0.906434
v 6.803252 0.345324 -0.916711
v 6.637421 0.401360 -0.916557
v 4.428278 0.100566 -0.757769
v 4.283800 0.459260 -0.635899
v 3.941664 0.760399 -0.687711
v 4.053352 0.870017 -0.644869
v 3.891034 0.429105 -0.738001
v 5.149818 1.096402 -1.021412
v 3.569512 0.315770 -1.027567
v 3.423774 0.303459 -1.028672
v 6.577628 0.428398 -1.001465
v 6.722353 0.318367 -0.971160
v 7.351175 1.033223 -0.949928
v 7.490541 0.730666 -0.942968
v 4.104674 0.393986 -1.111076
v 3.576809 0.390590 -1.073135
v 5.491576 0.959400 -1.098710
v 7.293618 0.971653 -1.000277
v 7.257249 0.504312 -1.022001
v 7.564172 0.514877 -0.916679
v 5.772148 0.717617 -1.110056
v 6.223171 0.432794 -1.048190
v 4.132874 0.913185 -1.121212
v 4.269360 1.111778 -1.002974
v 6.100602 0.309878 -0.966603
v 3.946379 1.081402 -0.997637
v 3.026923 0.617304 -1.005653
v 7.049114 0.159630 -0.961074
v 7.188541 0.148373 -0.947317
v 3.104297 0.512931 -1.018341
v 2.862696 0.558169 -0.940720
v 3.713256 0.851943 -1.101966
v 3.533563 0.386971 -1.094399
v 3.684152 0.522160 -1.125723
v 3.446394 0.332956 -1.065093
v 3.197399 0.524824 -1.062530
v 3.743216 0.793629 -1.134168
v 3.435615 0.716495 -1.109842
v 3.106487 0.524673 -1.046327
v 3.431859 0.881209 -1.090316
v 2.980826 0.664436 -0.995413
v 3.142081 0.845048 -0.947303
v 3.220694 0.605906 -1.091142
v 3.335494 0.865721 -1.060913
v 3.230539 0.876952 -1.005737
v 3.068456 0.756471 -1.026919
v 3.342878 0.780490 -1.082292
v 3.323531 0.729124 -0.998645
v 3.186388 0.744246 -0.923079
v 3.157748 0.806725 -0.950961
v 3.249074 0.638209 -0.992141
v 3.267812 0.762065 -0.966936
v 3.242932 0.769383 -0.930392
v 3.190077 0.722905 -0.951213
v 3.415038 0.791487 -0.942869
v 3.109274 0.752112 -1.055462
v 3.140460 0.676290 -1.079319
v 3.312037 0.820985 -1.068089
v 6.120591 0.195424 -0.930487
v 4.419585 0.092753 -1.077659
v 4.009916 0.259185 -1.032721
v 4.246983 0.423240 -1.194824
v 3.902961 0.696218 -1.133654
v 4.515316 1.106912 -0.814442
v 4.020745 1.094553 -0.832440
v 3.037938 0.608597 -0.823825
v 2.889154 0.662648 -0.919182
v 3.415326 0.679476 -0.731687
v 3.662273 0.606581 -0.705006
v 3.101272 0.644029 -0.773337
v 3.267861 0.825659 -0.916720
v 3.417543 0.766878 -0.894064
v 3.351089 0.517359 -0.897831
v 3.277601 0.841237 -0.898387
v 3.230503 0.674330 -0.735392
v 4.472872 0.961118 -0.899897
v 4.271973 0.103669 -0.760612
v 4.301229 0.607310 -0.621635
v 4.034882 0.475724 -0.677033
v 6.754387 0.868988 -0.973819
v 4.157048 0.677128 -1.140097
v 3.472774 0.950874 -1.003263
v 3.581622 0.925032 -1.082507
v 3.553882 0.865066 -1.098643
v 3.366429 0.784581 -1.104472
v 3.407790 0.751343 -0.938803
v 3.346583 0.511061 -0.933354
v 3.104717 0.700054 -0.980530
v 3.296318 0.777112 -1.098353
v 6.476099 0.748929 -0.935889
vn 0.0584 -0.9256 0.3740
vn -0.0118 -0.7320 0.6812
vn -0.0210 -0.9771 0.2118
vn 0.2117 0.9483 -0.2363
vn 0.2012 0.7921 0.5763
vn 0.1755 0.9591 0.2221
vn -0.0242 -0.5171 0.8556
vn 0.0285 -0.1230 0.9920
vn 0.0300 -0.1952 0.9803
vn 0.2998 -0.2305 0.9258
vn 0.3891 0.0576 0.9194
vn 0.1051 -0.0016 0.9945
vn -0.2807 0.7710 0.5716
vn 0.1184 0.1996 0.9727
vn -0.0751 0.8220 0.5645
vn -0.1096 0.7666 0.6326
vn 0.0573 0.0885 0.9944
vn 0.0236 -0.4016 0.9155
vn 0.0256 -0.5990 0.8003
vn 0.2207 -0.3027 0.9272
vn -0.0203 -0.2882 0.9574
vn 0.0500 -0.5516 0.8326
vn 0.0306 -0.2004 0.9792
vn -0.3214 -0.8213 -0.4713
vn -0.2595 -0.8742 0.4104
vn -0.3112 -0.7797 0.5433
vn -0.0276 -0.8455 -0.5333
vn -0.0356 -0.8275 0.5604
vn -0.5994 0.8004 0.0131
vn -0.3449 0.2559 0.9031
vn -0.6439 -0.1954 0.7397
vn -0.4243 -0.9029 0.0694
vn -0.1732 -0.8111 0.5586
vn -0.7011 -0.6955 -0.1570
vn -0.3017 -0.0498 0.9521
vn -0.8648 0.3038 0.3996
vn 0.1384 0.6140 0.7771
vn -0.5785 0.8156 -0.0101
vn -0.6974 0.7131 -0.0716
vn -0.6908 0.3327 0.6420
vn -0.7531 -0.2548 0.6065
vn -0.0313 0.4307 0.9019
vn -0.7309 -0.0404 0.6813
vn -0.9978 0.0581 -0.0308
vn -0.9694 -0.2145 -0.1193
vn -0.5948 0.4547 0.6629
vn 0.2167 0.1201 0.9688
vn 0.4672 -0.0499 0.8827
vn -0.5636 -0.3010 0.7692
vn -0.7883 0.0588 0.6125
vn -0.6843 0.1373 0.7161
vn 0.0381 -0.8842 0.4655
vn -0.1766 -0.6421 0.7460
vn 0.3015 0.4677 0.8309
vn 0.8002 -0.5692 -0.1891
vn -0.0028 -0.3235 0.9462
vn -0.0221 0.0796 0.9966
vn -0.0405 -0.3868 0.9213
vn -0.0965 0.0869 0.9915
vn -0.0893 0.3147 0.9450
vn -0.1138 -0.0202 0.9933
vn 0.1017 0.0597 0.9930
vn -0.0473 -0.0218 0.9986
vn -0.1108 0.3704 0.9223
vn -0.1641 0.1757 0.9707
vn -0.5937 -0.1419 0.7921
vn -0.3546 -0.5892 0.7260
vn -0.2009 -0.0662 0.9774
vn 0.2728 -0.3596 0.8923
vn -0.0137 -0.1909 0.9815
vn -0.2077 -0.1560 0.9657
vn -0.0270 -0.3677 0.9296
vn -0.6407 -0.3896 0.6616
vn -0.0500 -0.1048 0.9932
vn 0.0881 -0.9733 -0.2119
vn -0.0124 -0.9810 -0.1938
vn -0.4541 0.8179 0.3534
vn -0.3786 0.8508 0.3645
vn -0.1427 0.2228 0.9644
vn -0.7115 0.3472 0.6109
vn 0.3341 -0.7947 0.5068
vn -0.5326 -0.4897 0.6903
vn -0.6635 0.5355 0.5224
vn -0.1356 0.8190 0.5575
vn -0.3826 0.5724 0.7253
vn -0.7753 0.2113 0.5952
vn -0.0994 -0.1454 0.9844
vn -0.4680 0.4530 0.7588
vn -0.6824 -0.3585 0.6371
vn 0.3073 0.5715 0.7609
vn -0.6409 0.7019 0.3109
vn -0.5445 0.6233 0.5613
vn 0.0276 -0.0730 0.9969
vn 0.6379 0.1415 0.7570
vn -0.4951 0.8629 -0.1014
vn 0.2237 0.5832 0.7809
vn -0.5399 0.8392 -0.0653
vn -0.6661 -0.1789 0.7241
vn -0.6473 0.7576 -0.0838
vn -0.5924 0.8004 -0.0922
vn 0.2275 0.6210 0.7501
vn 0.4138 0.6808 0.6043
vn -0.8394 0.0806 0.5375
vn -0.1633 0.8485 0.5033
vn 0.3160 -0.0556 -0.9471
vn -0.0000 -0.0000 -1.0000
vn 0.3030 -0.0761 -0.9500
vn 0.2781 -0.0916 -0.9562
vn -0.7984 -0.4044 -0.4460
vn -0.7552 -0.4770 -0.4496
vn -0.8254 -0.3484 -0.4443
vn -0.8437 -0.3025 -0.4434
vn -0.8760 -0.1811 -0.4471
vn -0.8756 -0.1843 -0.4465
vn -0.8731 -0.1997 -0.4448
vn -0.8974 -0.0168 -0.4409
vn -0.8948 -0.0861 -0.4381
vn -0.8861 -0.1450 -0.4402
vn 0.2436 -0.1041 -0.9643
vn 0.2043 -0.1093 -0.9728
vn -0.8915 0.0366 -0.4516
vn -0.8804 0.0519 -0.4713
vn -0.6840 -0.7285 -0.0367
vn -0.4907 0.4084 -0.7697
vn -0.6900 -0.5610 -0.4574
vn -0.5089 -0.7121 -0.4838
vn -0.6044 -0.6436 -0.4696
vn 0.1441 -0.1899 -0.9712
vn -0.1807 -0.3199 -0.9301
vn 0.0777 -0.2433 -0.9668
vn 0.2268 0.8729 -0.4319
vn 0.3143 0.8409 -0.4406
vn 0.1832 -0.1385 -0.9733
vn -0.0953 0.8650 -0.4926
vn -0.0740 0.8854 -0.4589
vn 0.2085 -0.0470 -0.9769
vn 0.8906 -0.4400 0.1154
vn -0.3291 -0.9285 -0.1721
vn 0.4081 -0.5623 -0.7192
vn 0.3999 -0.0329 -0.9159
vn 0.6176 -0.7340 0.2825
vn 0.4465 0.8842 -0.1373
vn 0.2644 0.9423 0.2052
vn 0.4857 0.8741 -0.0046
vn 0.9810 0.1253 -0.1482
vn 0.6083 0.0676 0.7908
vn 0.9188 -0.3944 -0.0170
vn -0.0158 0.9189 -0.3942
vn 0.9501 0.2658 0.1632
vn 0.1939 0.9665 -0.1679
vn -0.2287 -0.9709 0.0705
vn 0.0269 -0.9748 0.2214
vn -0.0114 0.0940 0.9955
vn -0.3828 -0.8504 0.3610
vn -0.3252 0.9456 0.0131
vn -0.9627 -0.2705 0.0018
vn -0.7027 0.7115 -0.0060
vn -0.0586 -0.9805 -0.1874
vn 0.3096 0.9201 -0.2398
vn -0.3964 -0.8922 0.2166
vn -0.9490 0.2930 -0.1167
vn 0.7855 -0.5949 0.1707
vn 0.8444 0.2973 -0.4456
vn -0.9914 0.0001 -0.1306
vn 0.1057 0.9757 0.1919
vn -0.4972 0.8676 -0.0104
vn -0.8509 0.5039 -0.1486
vn 0.2641 0.1619 -0.9508
vn 0.7316 0.6484 0.2105
vn 0.9331 0.1369 0.3324
vn -0.2926 -0.9560 -0.0188
vn -0.8074 -0.4949 -0.3212
vn 0.5303 -0.8338 -0.1538
vn -0.0230 -0.7469 -0.6645
vn 0.0692 0.0239 -0.9973
vn 0.0787 0.4103 -0.9085
vn -0.0344 0.1841 -0.9823
vn -0.5758 0.4799 -0.6619
vn 0.0533 -0.0094 -0.9985
vn -0.7529 0.1531 -0.6401
vn -0.3582 0.8644 -0.3529
vn -0.0583 0.9920 -0.1118
vn -0.0029 -0.1741 -0.9847
vn 0.3367 -0.4806 -0.8097
vn -0.0291 -0.5839 -0.8113
vn 0.5102 0.0944 -0.8548
vn 0.9953 0.0899 -0.0360
vn 0.9311 -0.3410 -0.1292
vn -0.2171 0.7832 -0.5826
vn 0.2047 0.2299 -0.9515
vn -0.0061 0.1805 -0.9836
vn -0.0222 -0.3009 -0.9534
vn 0.2248 -0.2878 -0.9309
vn -0.0157 -0.0119 -0.9998
vn 0.5935 -0.7844 -0.1801
vn 0.0910 -0.9191 -0.3834
vn 0.1301 0.7517 -0.6465
vn -0.2812 0.8113 -0.5126
vn 0.1153 0.6165 -0.7789
vn -0.6989 0.2234 -0.6795
vn -0.4310 -0.3188 -0.8442
vn -0.7277 -0.5514 -0.4078
vn -0.5902 -0.0546 -0.8054
vn -0.7299 -0.1836 -0.6585
vn -0.1412 -0.9794 0.1445
vn -0.0970 -0.9267 -0.3630
vn -0.0784 -0.3634 -0.9283
vn -0.1113 -0.3097 -0.9443
vn -0.1948 -0.2564 -0.9467
vn -0.0802 0.2120 -0.9740
vn -0.0115 0.0535 -0.9985
vn 0.4080 -0.4598 -0.7887
vn 0.2848 -0.3305 -0.8998
vn -0.0399 -0.0061 -0.9992
vn 0.4450 0.3729 -0.8142
vn -0.1907 -0.0690 -0.9792
vn -0.5885 -0.0949 -0.8029
vn -0.6086 -0.3199 -0.7261
vn -0.2940 0.9557 0.0134
vn -0.6130 0.2901 -0.7349
vn -0.7968 0.3629 -0.4831
vn -0.1518 0.2047 -0.9670
vn -0.0931 0.0523 -0.9943
vn -0.6095 0.6230 -0.4902
vn -0.6047 -0.3893 -0.6948
vn 0.0460 -0.2499 -0.9672
vn 0.4427 0.6601 -0.6069
vn -0.3982 0.5793 -0.7113
vn -0.7437 -0.2739 -0.6098
vn -0.5189 0.4235 -0.7426
vn -0.2677 0.1212 -0.9558
vn 0.5688 0.0928 -0.8172
vn 0.4708 0.3657 -0.8029
vn -0.7626 0.3657 -0.5336
vn -0.4992 0.8652 0.0482
vn -0.5405 0.8410 0.0245
vn -0.6481 0.7611 0.0266
vn -0.6839 -0.0984 -0.7229
vn -0.5930 0.8043 0.0385
vn -0.6583 0.5215 -0.5428
vn -0.7667 -0.1396 -0.6267
vn 0.1966 0.6652 -0.7203
vn -0.1941 0.7634 -0.6161
vn -0.5905 0.6503 -0.4780
vn -0.7820 0.1797 -0.5968
vn -0.5943 -0.3557 -0.7213
vn 0.4037 -0.5652 0.7194
vn 0.3324 0.0484 0.9419
vn 0.4808 -0.6725 0.5627
vn 0.3856 0.7186 -0.5786
vn 0.3695 0.9137 -0.1691
vn 0.4852 0.8730 -0.0485
vn -0.2868 -0.7951 -0.5344
vn -0.1171 -0.6090 -0.7844
vn -0.2322 -0.9312 -0.2811
vn 0.5075 -0.0274 -0.8612
vn 0.9834 0.0992 0.1518
vn 0.9307 -0.3459 -0.1191
vn -0.2390 -0.9701 -0.0433
vn -0.1968 -0.9794 -0.0445
vn -0.2004 -0.9791 -0.0346
vn -0.2181 -0.9751 -0.0398
vn -0.8925 -0.2059 -0.4013
vn -0.9853 -0.1644 -0.0461
vn -0.8747 -0.2326 -0.4253
vn -0.9004 -0.1896 -0.3915
vn -0.9037 -0.1817 -0.3877
vn -0.9018 -0.1860 -0.3900
vn -0.9133 -0.1470 -0.3798
vn 0.7459 -0.6661 -0.0022
vn 0.1269 -0.3070 -0.9432
vn -0.3941 -0.8698 -0.2968
vn 0.0006 0.1153 -0.9933
vn 0.0068 -0.9772 -0.2123
vn -0.1778 0.9840 -0.0114
vn 0.2143 0.9762 -0.0326
vn 0.1174 0.9928 -0.0254
vn -0.0041 0.0889 0.9960
vn -0.3049 -0.9524 0.0006
vn -0.0850 -0.9806 0.1768
vn -0.4985 -0.8365 -0.2276
vn 0.9241 0.3329 0.1879
vn -0.9620 0.2653 0.0645
vn 0.6684 -0.7158 -0.2020
vn 0.2731 0.9304 0.2442
vn 0.8917 -0.4506 -0.0419
vn -0.1041 -0.2110 0.9719
vn -0.0697 -0.9899 0.1232
vn 0.4556 -0.8847 -0.0990
vn 0.9363 0.0273 -0.3500
vn -0.8701 -0.4885 -0.0646
vn -0.9811 -0.0469 0.1876
vn -0.2397 0.5596 0.7934
vn -0.7257 0.6017 -0.3337
vn 0.0646 -0.0156 0.9978
vn 0.1019 -0.3892 0.9155
vn 0.0209 0.1757 0.9842
vn 0.0568 0.6887 0.7228
vn -0.0540 0.4989 0.8650
vn -0.0042 0.9082 0.4185
vn 0.0656 0.9930 0.0978
vn -0.0296 0.9415 -0.3357
vn -0.1188 0.6036 0.7884
vn 0.1314 0.4811 0.8667
vn 0.6321 0.7112 0.3076
vn 0.2995 0.8713 0.3887
vn 0.1484 0.8826 0.4461
vn 0.1060 0.4418 0.8908
vn 0.1094 0.0133 0.9939
vn 0.9534 0.2960 -0.0582
vn 0.4502 0.3723 0.8116
vn 0.6868 0.2427 0.6851
vn 0.6924 0.6835 0.2311
vn 0.2009 0.8886 -0.4124
vn 0.7292 -0.0997 0.6770
vn 0.0982 0.3119 0.9450
vn -0.0183 0.0415 0.9990
vn 0.4440 -0.6843 0.5785
vn 0.1246 -0.9063 0.4039
vn -0.1988 0.9126 0.3572
vn -0.1352 0.9247 0.3558
vn -0.1745 0.9167 -0.3594
vn -0.6676 -0.7417 -0.0639
vn -0.6605 -0.7507 -0.0147
vn -0.7372 -0.3634 0.5697
vn -0.8296 0.4861 0.2747
vn -0.1716 -0.1939 0.9659
vn -0.2329 0.7774 0.5843
vn -0.2159 0.6086 0.7635
vn -0.6829 -0.1031 0.7232
vn -0.4797 0.8770 -0.0266
vn -0.0658 0.9857 0.1550
vn -0.5660 0.8225 -0.0559
vn -0.5826 0.8089 -0.0788
vn -0.9509 0.3005 0.0740
vn -0.9337 0.2469 0.2592
vn -0.3495 -0.5873 0.7300
vn -0.6957 0.5175 0.4982
vn -0.8672 -0.2268 -0.4434
vn -0.8783 -0.1765 -0.4443
vn 0.3135 -0.0242 -0.9493
vn 0.2941 0.0269 -0.9554
vn -0.2738 -0.8127 -0.5143
vn -0.3002 -0.8049 -0.5119
vn -0.3477 -0.7892 -0.5062
vn 0.5255 0.0256 -0.8504
vn 0.1078 0.8964 -0.4299
vn 0.7147 -0.0020 -0.6994
vn 0.2288 -0.1684 -0.9588
vn 0.1962 -0.2645 -0.9442
vn 0.2466 0.1060 -0.9633
vn -0.4853 -0.8654 -0.1248
vn 0.4811 -0.6808 -0.5523
vn 0.2623 -0.9552 -0.1374
vn -0.2419 -0.9677 -0.0709
vn -0.2139 -0.9687 -0.1259
vn -0.3369 0.9228 -0.1868
vn -0.1475 0.7939 0.5899
vn 0.2504 -0.4235 0.8706
vn -0.0941 -0.6884 0.7192
vn -0.5427 -0.8302 0.1273
vn -0.8007 0.0304 -0.5982
vn -0.6397 0.0878 -0.7636
vn -0.7798 -0.6057 0.1583
vn -0.9107 -0.0347 -0.4116
vn 0.7099 0.5887 0.3865
vn 0.8779 0.3769 -0.2955
vn -0.4648 -0.6632 0.5866
vn -0.4183 -0.7685 -0.4841
vn -0.3471 -0.8002 -0.4891
vn -0.3002 -0.8203 -0.4869
vn -0.2846 -0.8174 -0.5008
vn -0.8557 -0.4006 0.3274
vn -0.7589 -0.4858 -0.4337
vn -0.7001 -0.5780 -0.4193
vn -0.6314 -0.6157 -0.4714
vn -0.5238 -0.7025 -0.4818
vn -0.8444 -0.3028 -0.4419
vn -0.8243 -0.3497 -0.4452
vn -0.7981 -0.4083 -0.4430
vn -0.2007 -0.9795 0.0149
vn -0.2185 -0.9756 0.0190
vn -0.2530 -0.9367 -0.2420
vn -0.2394 -0.9707 0.0213
vn -0.1970 -0.9802 0.0214
vn -0.8889 -0.2007 -0.4118
vn -0.8775 -0.2266 -0.4227
vn -0.8980 -0.1768 -0.4030
vn -0.8949 -0.1872 -0.4050
vn -0.8621 -0.2621 -0.4337
vn 0.1155 0.9876 0.1065
vn -0.9699 0.2167 0.1112
vn -0.9031 -0.0854 -0.4208
vn -0.9088 -0.1519 -0.3885
vn -0.9022 -0.1681 -0.3973
vn -0.0520 -0.9985 0.0171
vn 0.2197 -0.9755 0.0126
vn 0.5420 -0.8402 0.0194
vn 0.0211 0.0937 0.9954
vn -0.0569 -0.5423 -0.8382
vn -0.1178 -0.9148 0.3865
vn 0.7612 -0.6480 -0.0238
vn 0.9815 0.1915 0.0019
vn -0.9938 0.1113 0.0027
vn -0.0277 0.9975 0.0649
vn -0.1041 -0.9944 0.0196
vn 0.2071 -0.9742 0.0899
vn 0.0417 -0.9988 -0.0252
vn 0.2106 -0.9632 -0.1668
vn 0.6758 -0.7371 0.0056
vn 0.9363 0.3512 -0.0007
vn 0.9121 -0.3743 0.1673
vn 0.8301 -0.5432 0.1262
vn 0.0192 0.5477 -0.8364
vn 0.0682 0.3366 -0.9392
vn -0.0603 0.5487 -0.8338
vn 0.0566 -0.6599 -0.7492
vn -0.0452 -0.9851 -0.1659
vn -0.0592 0.8501 -0.5233
vn 0.0484 -0.7691 -0.6373
vn 0.3342 0.8733 -0.3544
vn -0.0690 0.4352 -0.8977
vn 0.0420 0.9052 -0.4230
vn 0.1514 0.8411 -0.5192
vn 0.1223 0.7846 -0.6078
vn 0.1144 -0.2486 -0.9618
vn 0.0520 -0.0036 -0.9986
vn 0.0005 -0.2687 -0.9632
vn -0.0793 0.6773 -0.7315
vn 0.6332 0.5267 -0.5671
vn 0.1105 -0.0210 -0.9937
vn 0.4300 -0.0839 -0.8989
vn 0.0863 0.0483 -0.9951
vn 0.0751 0.2798 -0.9571
vn 0.0381 -0.2079 -0.9774
vn 0.0059 -0.6141 -0.7892
vn 0.1906 -0.5558 -0.8092
vn 0.0158 0.0275 -0.9995
vn -0.2543 -0.8966 -0.3625
vn -0.1767 0.9448 -0.2759
vn -0.3596 0.2379 -0.9023
vn -0.5734 0.8042 0.1562
vn -0.8603 -0.4071 0.3070
vn -0.4485 -0.5665 -0.6913
vn -0.6264 0.2800 -0.7274
vn -0.6582 0.1342 -0.7408
vn -0.3266 -0.6519 -0.6844
vn -0.2375 -0.6321 -0.7376
vn 0.1645 0.7373 -0.6552
vn -0.1302 0.0750 -0.9887
vn -0.1808 -0.2480 -0.9517
vn -0.0675 -0.1800 -0.9813
vn -0.0597 -0.0915 -0.9940
vn -0.1470 0.3689 -0.9178
vn -0.2100 0.8465 -0.4892
vn -0.0475 0.0329 -0.9983
vn 0.1389 -0.5220 -0.8416
vn 0.0191 -0.2436 -0.9697
vn -0.1085 -0.1890 -0.9760
vn -0.1756 0.6015 -0.7793
vn -0.1582 0.0552 -0.9859
vn -0.3833 0.9222 0.0518
vn -0.4207 0.8989 -0.1220
vn -0.5859 0.8100 0.0252
vn -0.0742 0.9948 -0.0695
vn 0.2750 0.9580 -0.0812
vn -0.3297 0.9394 -0.0942
vn -0.9949 0.0573 -0.0825
vn -0.9312 0.2374 -0.2767
vn -0.6453 0.7620 -0.0546
vn -0.6227 0.7789 0.0746
vn -0.5558 0.8301 0.0436
vn 0.3738 -0.1168 0.9201
vn 0.9149 0.3910 0.1004
vn 0.7759 0.6307 0.0114
vn 0.5734 0.8008 0.1729
vn 0.2199 -0.1020 -0.9702
vn 0.2752 -0.1031 -0.9558
vn -0.4862 -0.8664 0.1140
vn 0.2053 0.2027 -0.9575
vn 0.3425 -0.0649 -0.9373
vn 0.3454 -0.0243 -0.9381
vn -0.0668 0.8433 -0.5332
vn 0.1761 0.8525 -0.4922
vn 0.2022 0.6761 -0.7085
vn 0.8463 0.5307 -0.0452
vn 0.5427 0.8396 -0.0235
vn -0.6543 -0.1532 -0.7405
vn 0.7202 0.4290 -0.5453
vn 0.1195 0.6611 -0.7407
vn -0.7852 0.2657 -0.5594
vn 0.0248 0.1000 -0.9947
vn 0.0664 0.9978 -0.0009
vn 0.5243 0.8514 0.0117
vn 0.2356 -0.9565 0.1720
vn 0.1158 0.9662 -0.2304
vn 0.7357 0.6735 -0.0720
vn -0.0991 -0.1993 0.9749
vn -0.5188 -0.2290 0.8237
vn 0.1201 0.2655 -0.9566
vn 0.2426 0.1830 0.9527
vn -0.7476 0.2031 0.6323
vn -0.6252 0.7206 0.2998
vn -0.7068 0.7072 -0.0166
vn 0.3000 0.5782 0.7588
vn -0.5692 -0.2310 -0.7890
vn -0.6902 -0.5620 -0.4559
vn 0.2510 0.9587 0.1340
vn -0.5889 0.8065 -0.0525
vn -0.9545 -0.1035 0.2798
vn -0.3314 0.9428 0.0356
vn -0.5867 0.8098 0.0019
vn -0.8573 -0.2626 -0.4428
vn -0.4186 -0.7604 -0.4966
vn 0.4384 0.8885 -0.1357
vn -0.0025 0.8986 -0.4388
vn 0.2451 -0.1312 -0.9606
vn 0.2654 -0.1041 -0.9585
vn 0.2862 -0.0451 -0.9571
vn 0.2855 -0.0615 -0.9564
vn 0.2786 -0.0779 -0.9572
vn 0.4361 0.8317 -0.3436
vn 0.4740 0.8658 -0.1603
vn 0.1211 -0.3588 -0.9255
vn 0.5569 0.7642 -0.3254
vn 0.7877 0.5149 -0.3382
vn 0.2883 -0.0328 -0.9570
vn 0.2834 -0.0020 -0.9590
vn -0.2010 -0.9779 -0.0576
vn -0.0454 -0.9973 -0.0583
vn 0.0090 0.9247 -0.3805
vn 0.0951 0.9051 -0.4144
vn 0.3220 0.8339 -0.4482
vn 0.2228 0.8684 -0.4429
vn 0.8010 0.5983 0.0180
vn -0.9026 -0.0282 -0.4296
vn 0.5427 0.8394 -0.0291
vn -0.1017 0.7931 -0.6005
vn -0.1516 0.8100 -0.5665
vn 0.0136 0.9928 -0.1187
vn 0.7241 0.2936 -0.6241
vn -0.4289 0.8828 -0.1916
vn -0.5855 0.8106 0.0102
vn -0.9373 0.3336 -0.1009
vn 0.9631 0.1007 -0.2496
vn 0.4395 0.8982 0.0049
vn 0.0487 -0.1600 -0.9859
vn 0.4818 0.8706 0.0992
vn 0.1681 -0.0898 -0.9817
vn 0.1441 -0.1096 -0.9835
vn 0.1073 -0.1323 -0.9854
vn 0.3175 -0.0888 -0.9441
vn -0.2009 -0.9774 0.0652
vn -0.0456 -0.9968 0.0661
vn -0.2419 -0.9673 0.0759
vn -0.2137 -0.9682 0.1299
vn 0.3165 0.0479 -0.9474
vn 0.2622 -0.9534 0.1490
vn -0.0205 0.9149 -0.4031
vn 0.1090 0.8387 -0.5336
vn -0.3196 -0.7803 -0.5376
vn -0.9134 0.0069 -0.4070
vn -0.8765 0.0729 -0.4758
vn -0.7970 0.0907 -0.5971
vn -0.3259 -0.7722 -0.5455
vn -0.4005 -0.7532 -0.5219
vn -0.8273 -0.3036 -0.4727
vn -0.8016 -0.3807 -0.4610
vn -0.6866 -0.5637 -0.4592
vn -0.7506 -0.4757 -0.4586
vn -0.4964 -0.7126 -0.4957
vn -0.5979 -0.6473 -0.4727
vn -0.8030 -0.2969 -0.5168
vn -0.8448 -0.2652 -0.4648
vn 0.5390 -0.8415 -0.0370
vn -0.1087 0.8999 -0.4222
vn -0.1220 0.8102 -0.5734
vn -0.9216 -0.0782 -0.3801
vn -0.0520 -0.9978 -0.0406
vn 0.2197 -0.9750 -0.0349
vt 0.377906 0.380795
vt 0.721942 0.418242
vt 0.727676 0.411603
vt 0.278165 0.501688
vt 0.277868 0.497718
vt 0.226367 0.480287
vt 0.136071 0.331779
vt 0.126540 0.353684
vt 0.235102 0.395615
vt 0.072815 0.344070
vt 0.052944 0.407279
vt 0.096885 0.396846
vt 0.143800 0.482570
vt 0.089405 0.467894
vt 0.085269 0.501907
vt 0.185895 0.474355
vt 0.212575 0.439522
vt 0.840430 0.446602
vt 0.823228 0.439395
vt 0.801170 0.472459
vt 0.719508 0.438780
vt 0.396093 0.392507
vt 0.439630 0.418215
vt 0.207950 0.362545
vt 0.146598 0.325281
vt 0.205796 0.362332
vt 0.244514 0.379446
vt 0.243474 0.379081
vt 0.950710 0.488852
vt 0.952820 0.488453
vt 0.946421 0.495323
vt 0.952862 0.465995
vt 0.945033 0.467459
vt 0.963816 0.474145
vt 0.931469 0.487439
vt 0.920424 0.483026
vt 0.930401 0.502369
vt 0.948381 0.520374
vt 0.958030 0.517576
vt 0.945650 0.517303
vt 0.967727 0.486088
vt 0.958993 0.491266
vt 0.968952 0.497214
vt 0.970956 0.497229
vt 0.973313 0.491309
vt 0.933408 0.469661
vt 0.781043 0.514030
vt 0.784989 0.510452
vt 0.924848 0.497334
vt 0.940438 0.517255
vt 0.933024 0.469279
vt 0.857408 0.435543
vt 0.866445 0.441184
vt 0.793092 0.534046
vt 0.853979 0.508884
vt 0.871135 0.499869
vt 0.848185 0.516476
vt 0.840187 0.475605
vt 0.800746 0.522683
vt 0.820815 0.540959
vt 0.834805 0.542473
vt 0.848174 0.537130
vt 0.807783 0.488899
vt 0.846388 0.548017
vt 0.857235 0.533235
vt 0.919927 0.485947
vt 0.928345 0.462940
vt 0.900265 0.482404
vt 0.805450 0.470941
vt 0.823928 0.471256
vt 0.910810 0.493867
vt 0.895810 0.497680
vt 0.923303 0.499386
vt 0.862127 0.512035
vt 0.328792 0.377651
vt 0.724414 0.411261
vt 0.914383 0.542281
vt 0.904766 0.546278
vt 0.914996 0.508962
vt 0.924001 0.524890
vt 0.903367 0.548896
vt 0.888621 0.542772
vt 0.886019 0.551681
vt 0.893733 0.500705
vt 0.920290 0.530440
vt 0.865017 0.515602
vt 0.870055 0.504834
vt 0.877641 0.548766
vt 0.878157 0.544085
vt 0.912641 0.538579
vt 0.872831 0.507118
vt 0.877054 0.506721
vt 0.905255 0.540213
vt 0.897826 0.526460
vt 0.894306 0.526230
vt 0.898080 0.521614
vt 0.893269 0.526987
vt 0.881829 0.527740
vt 0.889643 0.528151
vt 0.890938 0.527948
vt 0.897435 0.509373
vt 0.908423 0.510516
vt 0.871306 0.515051
vt 0.887675 0.503335
vt 0.893454 0.491421
vt 0.901991 0.531827
vt 0.889990 0.502339
vt 0.886526 0.513257
vt 0.909437 0.488748
vt 0.908680 0.485902
vt 0.910195 0.491595
vt 0.910953 0.494442
vt 0.912399 0.506711
vt 0.912226 0.504355
vt 0.912054 0.502000
vt 0.913255 0.513543
vt 0.913041 0.511835
vt 0.912827 0.510127
vt 0.883063 0.524175
vt 0.879599 0.535093
vt 0.890032 0.538946
vt 0.912445 0.516242
vt 0.911634 0.518942
vt 0.910013 0.524342
vt 0.910824 0.521642
vt 0.907456 0.484452
vt 0.905007 0.481552
vt 0.906231 0.483002
vt 0.869938 0.537449
vt 0.879687 0.540655
vt 0.865107 0.538627
vt 0.862460 0.541083
vt 0.861368 0.540444
vt 0.874768 0.536271
vt 0.872165 0.541508
vt 0.868404 0.541935
vt 0.894712 0.480108
vt 0.891778 0.474877
vt 0.895131 0.476336
vt 0.877248 0.470370
vt 0.866523 0.479499
vt 0.847305 0.482920
vt 0.860276 0.539805
vt 0.876160 0.543657
vt 0.857700 0.538296
vt 0.910553 0.526352
vt 0.838137 0.506897
vt 0.855676 0.514011
vt 0.841112 0.492598
vt 0.875926 0.541082
vt 0.882033 0.541693
vt 0.878848 0.543014
vt 0.687165 0.551321
vt 0.200329 0.449288
vt 0.600905 0.585245
vt 0.699123 0.563623
vt 0.689356 0.587215
vt 0.181445 0.362031
vt 0.201684 0.331014
vt 0.255695 0.391388
vt 0.678692 0.404611
vt 0.693952 0.376963
vt 0.741651 0.410177
vt 0.663906 0.370941
vt 0.669301 0.385357
vt 0.673551 0.474379
vt 0.746577 0.430079
vt 0.701248 0.432960
vt 0.680718 0.441736
vt 0.736639 0.457235
vt 0.767191 0.447750
vt 0.773645 0.461940
vt 0.706527 0.537570
vt 0.686712 0.512771
vt 0.722952 0.533746
vt 0.724439 0.418383
vt 0.782109 0.510933
vt 0.790065 0.535224
vt 0.709023 0.533686
vt 0.933340 0.469360
vt 0.922335 0.484680
vt 0.920240 0.483271
vt 0.143275 0.482686
vt 0.190704 0.475741
vt 0.138478 0.348276
vt 0.073620 0.332227
vt 0.136402 0.328977
vt 0.046732 0.402866
vt 0.032448 0.383094
vt 0.037755 0.358041
vt 0.093787 0.500106
vt 0.083817 0.474371
vt 0.192284 0.455172
vt 0.719640 0.439189
vt 0.800654 0.471743
vt 0.707525 0.495733
vt 0.066643 0.325613
vt 0.116845 0.320463
vt 0.957591 0.493318
vt 0.965525 0.495325
vt 0.932295 0.504231
vt 0.945431 0.516795
vt 0.925613 0.498621
vt 0.956567 0.503307
vt 0.945588 0.495330
vt 0.939166 0.515311
vt 0.864728 0.433145
vt 0.859630 0.435316
vt 0.891433 0.494502
vt 0.862086 0.475145
vt 0.911226 0.493954
vt 0.822601 0.541493
vt 0.848091 0.516647
vt 0.848436 0.536328
vt 0.804218 0.472194
vt 0.805915 0.494191
vt 0.787397 0.522754
vt 0.900295 0.483482
vt 0.917330 0.482548
vt 0.922178 0.497168
vt 0.851779 0.561952
vt 0.924023 0.523633
vt 0.942198 0.519946
vt 0.914040 0.506631
vt 0.894185 0.498409
vt 0.885784 0.551482
vt 0.886913 0.544891
vt 0.902278 0.539593
vt 0.908454 0.510521
vt 0.920029 0.530425
vt 0.867391 0.529370
vt 0.878010 0.548102
vt 0.860792 0.529809
vt 0.897838 0.526391
vt 0.909438 0.535685
vt 0.897241 0.521106
vt 0.881096 0.527590
vt 0.873950 0.508786
vt 0.871899 0.520522
vt 0.897095 0.508984
vt 0.887430 0.503834
vt 0.871965 0.506486
vt 0.864963 0.515752
vt 0.885998 0.530371
vt 0.869480 0.480578
vt 0.878365 0.470402
vt 0.870388 0.536543
vt 0.897294 0.477278
vt 0.891504 0.499384
vt 0.859277 0.513366
vt 0.838285 0.507790
vt 0.839461 0.495252
vt 0.885071 0.471958
vt 0.881718 0.470499
vt 0.888424 0.473417
vt 0.912847 0.522155
vt 0.911882 0.499644
vt 0.912613 0.508419
vt 0.847371 0.483905
vt 0.874541 0.510602
vt 0.704898 0.564035
vt 0.585762 0.580206
vt 0.218672 0.453444
vt 0.612575 0.599036
vt 0.438944 0.363836
vt 0.369965 0.335927
vt 0.327436 0.362438
vt 0.200613 0.379426
vt 0.255721 0.392636
vt 0.711653 0.383757
vt 0.669993 0.385790
vt 0.739900 0.409790
vt 0.665217 0.371048
vt 0.682407 0.405991
vt 0.758177 0.501120
vt 0.692821 0.514240
vt 0.702990 0.537933
vt 0.725177 0.532639
vt 0.774090 0.462973
vt 0.681168 0.518882
vt 0.673388 0.475188
vt 0.694692 0.442108
vt 0.689653 0.437069
vt 0.405792 0.450764
vt 0.311332 0.393034
vt 0.510981 0.513204
vt 0.472001 0.539368
vt 0.706123 0.559107
vt 0.627072 0.566794
vt 0.477988 0.551486
vt 0.678443 0.573938
vt 0.818379 0.555458
vt 0.793401 0.537899
vt 0.957569 0.491338
vt 0.957596 0.493329
vt 0.371101 0.524228
vt 0.226018 0.468552
vt 0.304575 0.445657
vt 0.035990 0.422027
vt 0.071234 0.493910
vt 0.044268 0.420626
vt 0.061205 0.501027
vt 0.075900 0.503732
vt 0.040404 0.364494
vt 0.392056 0.505270
vt 0.699926 0.502624
vt 0.070641 0.328406
vt 0.115116 0.320354
vt 0.835818 0.560594
vt 0.725344 0.574096
vt 0.741049 0.573777
vt 0.958391 0.504587
vt 0.947334 0.497116
vt 0.958250 0.505324
vt 0.963711 0.513025
vt 0.872963 0.468059
vt 0.847210 0.556406
vt 0.866120 0.549156
vt 0.864396 0.526211
vt 0.895343 0.525473
vt 0.892232 0.527744
vt 0.888349 0.528355
vt 0.887276 0.529882
vt 0.893873 0.487650
vt 0.894292 0.483879
vt 0.899457 0.478219
vt 0.901620 0.479160
vt 0.863551 0.541723
vt 0.853460 0.524858
vt 0.879483 0.470434
vt 0.891095 0.545197
vt 0.884796 0.543323
vt 0.868493 0.502586
vt 0.889062 0.492026
vt 0.911992 0.525919
vt 0.852768 0.526362
vt 0.849972 0.533771
vt 0.904785 0.497965
vt 0.903783 0.480101
vt 0.911279 0.508472
vt 0.911710 0.497288
vt 0.876002 0.543793
vt 0.913661 0.529231
vt 0.880600 0.470466
vt 0.292246 0.531934
vt 0.526527 0.520606
vt 0.708679 0.565670
vt 0.118676 0.455859
vt 0.120809 0.466247
vt 0.729285 0.579947
vt 0.566400 0.592675
vt 0.206113 0.446947
vt 0.139072 0.446434
vt 0.306791 0.396936
vt 0.493776 0.407740
vt 0.525343 0.401754
vt 0.522095 0.394715
vt 0.764095 0.490579
vt 0.749262 0.513397
vt 0.510021 0.542829
vt 0.437769 0.515949
vt 0.702234 0.559457
vt 0.362189 0.386505
vt 0.821943 0.427060
vt 0.817366 0.555805
vt 0.829952 0.431756
vt 0.957569 0.491352
vt 0.958876 0.491195
vt 0.501111 0.551200
vt 0.384480 0.525627
vt 0.225528 0.478463
vt 0.303001 0.399306
vt 0.235597 0.418460
vt 0.234952 0.386476
vt 0.188707 0.472579
vt 0.063450 0.497596
vt 0.100220 0.382437
vt 0.052376 0.364748
vt 0.382746 0.465641
vt 0.229951 0.470282
vt 0.428349 0.418092
vt 0.854532 0.441120
vt 0.827263 0.446722
vt 0.515223 0.480687
vt 0.144694 0.324750
vt 0.836175 0.560715
vt 0.952902 0.488263
vt 0.951068 0.488510
vt 0.946189 0.495884
vt 0.945200 0.468215
vt 0.961941 0.510063
vt 0.932943 0.469330
vt 0.927537 0.461185
vt 0.877166 0.445660
vt 0.815751 0.553726
vt 0.801201 0.522973
vt 0.871622 0.467974
vt 0.824068 0.471073
vt 0.818063 0.477529
vt 0.847284 0.547327
vt 0.843465 0.558532
vt 0.841300 0.540979
vt 0.836613 0.449461
vt 0.864241 0.502698
vt 0.867397 0.505652
vt 0.865779 0.547149
vt 0.860121 0.517160
vt 0.914681 0.541490
vt 0.896380 0.524715
vt 0.887054 0.528558
vt 0.851237 0.523156
vt 0.849552 0.530520
vt 0.852548 0.535279
vt 0.855124 0.536788
vt 0.882505 0.544024
vt 0.850939 0.521141
vt 0.910390 0.529218
vt 0.274012 0.524818
vt 0.312298 0.562238
vt 0.185024 0.517408
vt 0.493476 0.407584
vt 0.747435 0.433981
vt 0.767222 0.447833
vt 0.888838 0.510887
vt 0.907469 0.514277
vt 0.876778 0.530785
vt 0.870501 0.525445
vt 0.911060 0.526739
vt 0.905363 0.537665
vt 0.907955 0.540994
vt 0.871341 0.535299
vt 0.907179 0.514178
vt 0.907859 0.501224
vt 0.864643 0.542362
vt 0.493627 0.588365
vt 0.045010 0.429688
vt 0.904755 0.548131
s 1
f 1559/1312/1741 1312/1313/1742 1337/1314/1743
f 1566/1315/1744 1547/1316/1745 1340/1317/1746
f 1318/1318/1747 1330/1319/1748 1326/1320/1749
f 1321/1321/1750 1333/1322/1751 1329/1323/1752
f 1549/1324/1753 1555/1325/1754 1343/1326/1755
f 1548/1327/1756 1554/1328/1757 1549/1324/1753
f 1373/1329/1758 1543/1330/1759 1325/1331/1760
f 1312/1313/1742 1551/1332/1761 1543/1330/1759
f 1315/1333/1762 1324/1334/1763 1551/1332/1761
f 1315/1333/1762 1551/1332/1761 1312/1313/1742
f 1670/1335/1764 1565/1336/1765 1317/1337/1766
f 1453/1338/1767 1317/1337/1766 1560/1339/1768
f 1558/1340/1769 1360/1341/1770 1356/1342/1771
f 1348/1343/1772 1571/1344/1773 1358/1345/1774
f 1354/1346/1775 1355/1347/1776 1724/1348/1777
f 1349/1349/1778 1725/1350/1779 1567/1351/1780
f 1568/1352/1781 1360/1341/1770 1357/1353/1782
f 1327/1354/1783 1464/1355/1784 1353/1356/1785
f 1327/1354/1783 1353/1356/1785 1357/1353/1782
f 1355/1347/1776 1354/1346/1775 1359/1357/1786
f 1325/1331/1760 1363/1358/1787 1579/1359/1788
f 1350/1360/1789 1376/1361/1790 1567/1351/1780
f 1359/1357/1786 1571/1344/1773 1573/1362/1791
f 1348/1343/1772 1573/1362/1791 1571/1344/1773
f 1351/1363/1792 1373/1329/1758 1575/1364/1793
f 1581/1365/1794 1579/1359/1788 1363/1358/1787
f 1726/1366/1795 1578/1367/1796 1370/1368/1797
f 1370/1368/1797 1362/1369/1798 1577/1370/1799
f 1577/1370/1799 1576/1371/1800 1370/1368/1797
f 1364/1372/1801 1375/1373/1802 1576/1371/1800
f 1727/1374/1803 1577/1370/1799 1362/1369/1798
f 1576/1371/1800 1372/1375/1804 1364/1372/1801
f 1375/1373/1802 1372/1375/1804 1377/1376/1805
f 1574/1377/1806 1361/1378/1807 1580/1379/1808
f 1572/1380/1809 1374/1381/1810 1373/1329/1758
f 1579/1359/1788 1727/1374/1803 1572/1380/1809
f 1579/1359/1788 1581/1365/1794 1577/1370/1799
f 1348/1343/1772 1361/1378/1807 1573/1362/1791
f 1365/1382/1811 1379/1383/1812 1368/1384/1813
f 1578/1367/1796 1726/1366/1795 1378/1385/1814
f 1683/1386/1815 1559/1312/1741 1337/1314/1743 1335/1387/1816
f 1376/1361/1790 1349/1349/1778 1567/1351/1780
f 1380/1388/1817 1700/1389/1818 1349/1349/1778
f 1728/1390/1819 1582/1391/1820 1376/1361/1790
f 1384/1392/1821 1389/1393/1822 1385/1394/1823
f 1379/1383/1812 1587/1395/1824 1728/1390/1819
f 1728/1390/1819 1584/1396/1825 1582/1391/1820
f 1378/1385/1814 1391/1397/1826 1583/1398/1827
f 1383/1399/1828 1393/1400/1829 1377/1376/1805
f 1584/1396/1825 1386/1401/1830 1380/1388/1817
f 1587/1395/1824 1392/1402/1831 1596/1403/1832
f 1388/1404/1833 1386/1401/1830 1585/1405/1834
f 1592/1406/1835 1387/1407/1836 1593/1408/1837
f 1586/1409/1838 1589/1410/1839 1588/1411/1840
f 1587/1395/1824 1369/1412/1841 1394/1413/1842
f 1391/1397/1826 1397/1414/1843 1596/1403/1832
f 1596/1403/1832 1594/1415/1844 1587/1395/1824
f 1381/1416/1845 1631/1417/1846 1597/1418/1847
f 1597/1418/1847 1631/1417/1846 1598/1419/1848
f 1632/1420/1849 1631/1417/1846 1405/1421/1850
f 1633/1422/1851 1631/1417/1846 1632/1420/1849
f 1634/1423/1852 1631/1417/1846 1633/1422/1851
f 1413/1424/1853 1631/1417/1846 1637/1425/1854
f 1637/1425/1854 1631/1417/1846 1636/1426/1855
f 1400/1427/1856 1631/1417/1846 1640/1428/1857
f 1640/1428/1857 1631/1417/1846 1639/1429/1858
f 1599/1430/1859 1631/1417/1846 1382/1431/1860
f 1631/1417/1846 1609/1432/1846 1382/1431/1860
f 1628/1433/1861 1631/1417/1846 1400/1427/1856
f 1629/1434/1862 1631/1417/1846 1628/1433/1861
f 1411/1435/1863 1631/1417/1846 1630/1436/1864
f 1630/1436/1864 1631/1417/1846 1629/1434/1862
f 1405/1421/1850 1631/1417/1846 1615/1437/1865
f 1631/1417/1846 1613/1438/1866 1614/1439/1867
f 1631/1417/1846 1614/1439/1867 1615/1437/1865
f 1601/1440/1868 1729/1441/1869 1600/1442/1870
f 1729/1441/1869 1620/1443/1871 1621/1444/1872
f 1602/1445/1873 1729/1441/1869 1601/1440/1868
f 1729/1441/1869 1617/1446/1874 1618/1447/1875
f 1603/1448/1876 1627/1449/1877 1401/1450/1878
f 1404/1451/1879 1731/1452/1880 1410/1453/1881
f 1399/1454/1882 1649/1455/1883 1622/1456/1884
f 1630/1436/1864 1644/1457/1846 1411/1435/1863
f 1409/1458/1885 1415/1459/1886 1402/1460/1887
f 1616/1461/1888 1646/1462/1889 1732/1463/1890
f 1402/1460/1887 1415/1459/1886 1410/1453/1881
f 1734/1464/1891 1656/1465/1892 1424/1466/1893
f 1734/1464/1891 1424/1466/1893 1422/1467/1894
f 1652/1468/1895 1422/1467/1894 1424/1466/1893
f 1659/1469/1896 1435/1470/1897 1658/1471/1898
f 1439/1472/1899 1735/1473/1900 1437/1474/1901
f 1661/1475/1902 1735/1473/1900 1438/1476/1903
f 1735/1473/1900 1661/1475/1902 1437/1474/1901
f 1661/1475/1902 1438/1476/1903 1439/1472/1899
f 1736/1477/1904 1444/1478/1905 1443/1479/1906
f 1736/1477/1904 1443/1479/1906 1662/1480/1907
f 1737/1481/1908 1444/1478/1905 1665/1482/1909
f 1737/1481/1908 1665/1482/1909 1445/1483/1910
f 1441/1484/1911 1442/1485/1912 1664/1486/1913
f 1444/1478/1905 1737/1481/1908 1443/1479/1906
f 1662/1480/1907 1737/1481/1908 1442/1485/1912
f 1447/1487/1914 1683/1386/1815 1335/1387/1816
f 1481/1488/1915 1690/1489/1916 1681/1490/1917
f 1475/1491/1918 1450/1492/1919 1688/1493/1920
f 1548/1327/1756 1342/1494/1921 1341/1495/1922
f 1466/1496/1923 1457/1497/1924 1455/1498/1925
f 1458/1499/1926 1678/1500/1927 1347/1501/1928
f 1563/1502/1929 1676/1503/1930 1456/1504/1931
f 1673/1505/1932 1461/1506/1933 1739/1507/1934
f 1457/1497/1924 1345/1508/1935 1687/1509/1936
f 1467/1510/1937 1689/1511/1938 1464/1355/1784
f 1685/1512/1939 1472/1513/1940 1473/1514/1941
f 1462/1515/1942 1450/1492/1919 1476/1516/1943
f 1699/1517/1944 1473/1514/1941 1472/1513/1940
f 1542/1518/1945 1348/1343/1772 1668/1519/1946
f 1487/1520/1947 1479/1521/1948 1493/1522/1949
f 1742/1523/1950 1696/1524/1951 1494/1525/1952
f 1692/1526/1953 1486/1527/1954 1695/1528/1955
f 1694/1529/1956 1697/1530/1957 1493/1522/1949
f 1491/1531/1958 1697/1530/1957 1688/1493/1920
f 1352/1532/1959 1700/1389/1818 1385/1394/1823
f 1496/1533/1960 1699/1517/1944 1497/1534/1961
f 1491/1531/1958 1498/1535/1962 1701/1536/1963
f 1496/1533/1960 1498/1535/1962 1699/1517/1944
f 1703/1537/1964 1503/1538/1965 1708/1539/1966
f 1508/1540/1967 1498/1535/1962 1704/1541/1968
f 1496/1533/1960 1704/1541/1968 1498/1535/1962
f 1705/1542/1969 1506/1543/1970 1743/1544/1971
f 1708/1539/1966 1707/1545/1972 1505/1546/1973
f 1712/1547/1974 1592/1406/1975 1593/1408/1976
f 1589/1410/1977 1710/1548/1978 1588/1411/1979
f 1510/1549/1980 1710/1548/1978 1706/1550/1981
f 1509/1551/1982 1709/1552/1983 1508/1540/1967
f 1507/1553/1984 1510/1549/1980 1504/1554/1985
f 1710/1548/1978 1711/1555/1986 1506/1543/1970
f 1505/1546/1973 1707/1545/1972 1508/1540/1967
f 1404/1451/1987 1745/1556/1988 1608/1557/1989
f 1716/1558/1990 1399/1454/1991 1622/1456/1992
f 1610/1559/1993 1519/1560/1994 1401/1450/1995
f 1515/1561/1996 1511/1562/1997 1512/1563/1998
f 1625/1564/1999 1519/1560/1994 1403/1565/2000
f 1627/1449/2001 1519/1560/1994 1626/1566/2002
f 1636/1426/2003 1746/1567/2004 1635/1568/2005
f 1637/1425/2006 1746/1567/2004 1636/1426/2003
f 1638/1569/2007 1746/1567/2004 1413/1424/2008
f 1639/1429/2009 1746/1567/2004 1638/1569/2007
f 1515/1561/1996 1512/1563/1998 1513/1570/2010
f 1520/1571/2011 1515/1561/1996 1513/1570/2010
f 1523/1572/2012 1525/1573/2013 1748/1574/2014
f 1523/1572/2012 1652/1468/1895 1655/1575/2015
f 1433/1576/2016 1434/1577/2017 1717/1578/2018
f 1659/1469/1896 1660/1579/2019 1528/1580/2020
f 1529/1581/2021 1530/1582/2022 1719/1583/2023
f 1718/1584/2024 1530/1582/2022 1529/1581/2021
f 1531/1585/2025 1718/1584/2024 1719/1583/2023
f 1721/1586/2026 1538/1587/2027 1537/1588/2028
f 1721/1586/2026 1537/1588/2028 1532/1589/2029
f 1540/1590/2030 1721/1586/2026 1532/1589/2029
f 1533/1591/2031 1538/1587/2027 1534/1592/2032
f 1538/1587/2027 1720/1593/2033 1534/1592/2032
f 1720/1593/2033 1535/1594/2034 1534/1592/2032
f 1550/1595/2035 1324/1334/1763 1546/1596/2036
f 1323/1597/2037 1316/1598/2038 1541/1599/2039
f 1312/1313/1742 1559/1312/1741 1315/1333/1762
f 1722/1600/2040 1336/1601/2041 1682/1602/2042
f 1316/1598/2038 1336/1601/2041 1722/1600/2040
f 1542/1518/1945 1337/1314/1743 1312/1313/1742
f 1542/1518/1945 1312/1313/1742 1543/1330/1759
f 1541/1599/2039 1313/1603/2043 1570/1604/2044
f 1570/1604/2044 1363/1358/1787 1541/1599/2039
f 1351/1363/1792 1542/1518/1945 1543/1330/1759
f 1332/1605/2045 1314/1606/2046 1357/1353/1782
f 1547/1316/1745 1545/1607/2047 1316/1598/2038
f 1547/1316/1745 1566/1315/1744 1545/1607/2047
f 1548/1327/1756 1341/1495/1922 1340/1317/1746
f 1548/1327/1756 1340/1317/1746 1553/1608/2048
f 1326/1320/1749 1546/1596/2036 1560/1339/1768
f 1326/1320/1749 1556/1609/2049 1546/1596/2036
f 1330/1319/1748 1318/1318/1747 1321/1321/1750
f 1321/1321/1750 1329/1323/1752 1330/1319/1748
f 1346/1610/2050 1319/1611/2051 1320/1612/2052
f 1344/1613/2053 1564/1614/2054 1343/1326/1755
f 1322/1615/2055 1333/1322/1751 1321/1321/1750
f 1322/1615/2055 1678/1500/1927 1320/1612/2052
f 1678/1500/1927 1346/1610/2050 1320/1612/2052
f 1333/1322/1751 1322/1615/2055 1320/1612/2052
f 1319/1611/2051 1555/1325/1754 1320/1612/2052
f 1549/1324/1753 1554/1328/1757 1555/1325/1754
f 1319/1611/2051 1343/1326/1755 1555/1325/1754
f 1326/1320/1749 1330/1319/1748 1329/1323/1752
f 1556/1609/2049 1326/1320/1749 1554/1328/1757
f 1553/1608/2048 1556/1609/2049 1554/1328/1757
f 1547/1316/1745 1552/1616/2056 1553/1608/2048
f 1350/1360/1789 1355/1347/1776 1574/1377/1806
f 1557/1617/2057 1363/1358/1787 1325/1331/1760
f 1551/1332/1761 1557/1617/2057 1325/1331/1760
f 1550/1595/2035 1557/1617/2057 1324/1334/1763
f 1552/1616/2056 1323/1597/2037 1550/1595/2035
f 1562/1618/2058 1561/1619/2059 1345/1508/1935
f 1318/1318/1747 1562/1618/2058 1321/1321/1750
f 1318/1318/1747 1565/1336/1765 1561/1619/2059
f 1317/1337/1766 1565/1336/1765 1318/1318/1747
f 1560/1339/1768 1683/1386/1815 1453/1338/1767
f 1315/1333/1762 1559/1312/1741 1560/1339/1768
f 1314/1606/2046 1327/1354/1783 1357/1353/1782
f 1569/1620/2060 1723/1621/2061 1352/1532/1959
f 1313/1603/2043 1723/1621/2061 1569/1620/2060
f 1684/1622/2062 1352/1532/1959 1723/1621/2061
f 1723/1621/2061 1682/1602/2042 1684/1622/2062
f 1541/1599/2039 1722/1600/2040 1723/1621/2061
f 1360/1341/1770 1332/1605/2045 1357/1353/1782
f 1328/1623/2063 1331/1624/2064 1356/1342/1771
f 1328/1623/2063 1356/1342/1771 1544/1625/2065
f 1355/1347/1776 1350/1360/1789 1724/1348/1777
f 1567/1351/1780 1724/1348/1777 1350/1360/1789
f 1334/1626/2066 1328/1623/2063 1544/1625/2065
f 1544/1625/2065 1724/1348/1777 1567/1351/1780
f 1334/1626/2066 1544/1625/2065 1725/1350/1779
f 1724/1348/1777 1544/1625/2065 1354/1346/1775
f 1356/1342/1771 1354/1346/1775 1544/1625/2065
f 1356/1342/1771 1360/1341/1770 1354/1346/1775
f 1353/1356/1785 1568/1352/1781 1357/1353/1782
f 1568/1352/1781 1358/1345/1774 1571/1344/1773
f 1354/1346/1775 1360/1341/1770 1359/1357/1786
f 1575/1364/1793 1542/1518/1945 1351/1363/1792
f 1350/1360/1789 1368/1384/1813 1376/1361/1790
f 1361/1378/1807 1348/1343/1772 1575/1364/1793
f 1325/1331/1760 1579/1359/1788 1572/1380/1809
f 1362/1369/1798 1578/1367/1796 1365/1382/1811
f 1578/1367/1796 1362/1369/1798 1370/1368/1797
f 1365/1382/1811 1580/1379/1808 1362/1369/1798
f 1370/1368/1797 1576/1371/1800 1375/1373/1802
f 1362/1369/1798 1366/1627/2067 1374/1381/1810
f 1374/1381/1810 1727/1374/1803 1362/1369/1798
f 1367/1628/2068 1372/1375/1804 1576/1371/1800
f 1581/1365/1794 1576/1371/1800 1577/1370/1799
f 1375/1373/1802 1377/1376/1805 1370/1368/1797
f 1574/1377/1806 1580/1379/1808 1368/1384/1813
f 1365/1382/1811 1368/1384/1813 1580/1379/1808
f 1366/1627/2067 1373/1329/1758 1374/1381/1810
f 1579/1359/1788 1577/1370/1799 1727/1374/1803
f 1313/1603/2043 1569/1620/2060 1367/1628/2068
f 1573/1362/1791 1355/1347/1776 1359/1357/1786
f 1372/1375/1804 1367/1628/2068 1371/1629/2069
f 1368/1384/1813 1379/1383/1812 1728/1390/1819
f 1583/1398/1827 1578/1367/1796 1378/1385/1814
f 1379/1383/1812 1578/1367/1796 1583/1398/1827
f 1372/1375/1804 1371/1629/2069 1377/1376/1805
f 1378/1385/1814 1370/1368/1797 1377/1376/1805
f 1371/1629/2069 1367/1628/2068 1385/1394/1823
f 1380/1388/1817 1384/1392/1821 1385/1394/1823
f 1371/1629/2069 1385/1394/1823 1383/1399/1828
f 1378/1385/1814 1390/1630/2070 1391/1397/1826
f 1388/1404/1833 1384/1392/1821 1380/1388/1817
f 1349/1349/1778 1582/1391/1820 1380/1388/1817
f 1368/1384/1813 1728/1390/1819 1376/1361/1790
f 1728/1390/1819 1587/1395/1824 1394/1413/1842
f 1377/1376/1805 1393/1400/1829 1390/1630/2070
f 1386/1401/1830 1387/1407/1836 1585/1405/1834
f 1389/1393/1822 1586/1409/1838 1393/1400/1829
f 1393/1400/1829 1385/1394/1823 1389/1393/1822
f 1383/1399/1828 1385/1394/1823 1393/1400/1829
f 1392/1402/1831 1587/1395/1824 1583/1398/1827
f 1387/1407/1836 1386/1401/1830 1584/1396/1825
f 1397/1414/1843 1391/1397/1826 1390/1630/2070
f 1592/1406/2071 1585/1405/1834 1591/1631/2072
f 1395/1632/2073 1388/1404/1833 1593/1408/2074
f 1586/1409/1838 1590/1633/2075 1589/1410/1839
f 1586/1409/1838 1596/1403/1832 1397/1414/1843
f 1586/1409/1838 1387/1407/1836 1369/1412/1841
f 1369/1412/1841 1596/1403/1832 1586/1409/1838
f 1594/1415/1844 1596/1403/1832 1369/1412/1841
f 1587/1395/1824 1594/1415/1844 1369/1412/1841
f 1590/1633/2076 1595/1634/2077 1589/1410/2078
f 1389/1393/1822 1595/1634/2077 1586/1409/1838
f 1387/1407/1836 1394/1413/1842 1369/1412/1841
f 1392/1402/1831 1391/1397/1826 1596/1403/1832
f 1635/1568/2079 1636/1426/1855 1631/1417/1846
f 1413/1424/1853 1638/1569/2080 1631/1417/1846
f 1638/1569/2080 1639/1429/1858 1631/1417/1846
f 1631/1417/1846 1381/1416/1845 1605/1635/2081
f 1631/1417/1846 1605/1635/2081 1604/1636/2082
f 1631/1417/1846 1604/1636/2082 1603/1448/1876
f 1631/1417/1846 1610/1559/2083 1611/1637/2084
f 1631/1417/1846 1611/1637/2084 1612/1638/2085
f 1616/1461/2086 1617/1446/1874 1729/1441/1869
f 1619/1639/2087 1620/1443/1871 1729/1441/1869
f 1730/1640/2088 1602/1445/2089 1601/1440/2090
f 1603/1448/2091 1731/1452/1880 1627/1449/2092
f 1402/1460/1887 1410/1453/1881 1731/1452/1880
f 1731/1452/1880 1608/1557/2093 1607/1641/2094
f 1404/1451/1879 1608/1557/2093 1731/1452/1880
f 1731/1452/1880 1625/1564/2095 1626/1566/2096
f 1649/1455/1883 1732/1463/1890 1521/1642/2097
f 1649/1455/1883 1521/1642/2097 1417/1643/2098
f 1410/1453/1881 1642/1644/2099 1645/1645/2100
f 1416/1646/2101 1630/1436/2102 1629/1434/2103
f 1630/1436/2102 1416/1646/2101 1644/1457/2104
f 1416/1646/2101 1629/1434/2103 1628/1433/2105
f 1409/1458/1885 1730/1640/2088 1643/1647/2106
f 1643/1647/2106 1730/1640/2088 1408/1648/2107
f 1414/1649/2108 1406/1650/2109 1612/1638/2110
f 1414/1649/2108 1612/1638/2110 1611/1637/2111
f 1414/1649/2108 1611/1637/2111 1610/1559/2112
f 1641/1651/2113 1405/1421/2114 1615/1437/2115
f 1641/1651/2113 1615/1437/2115 1614/1439/2116
f 1414/1649/2108 1613/1438/2117 1406/1650/2109
f 1641/1651/2113 1634/1423/2118 1633/1422/2119
f 1641/1651/2113 1633/1422/2119 1632/1420/2120
f 1641/1651/2113 1632/1420/2120 1405/1421/2114
f 1645/1645/2100 1627/1449/2121 1626/1566/2122
f 1401/1450/2123 1627/1449/2121 1645/1645/2100
f 1626/1566/2122 1625/1564/2124 1645/1645/2100
f 1625/1564/2124 1403/1565/2125 1645/1645/2100
f 1641/1651/2113 1636/1426/2126 1635/1568/2127
f 1413/1424/2128 1637/1425/2129 1641/1651/2113
f 1637/1425/2129 1636/1426/2126 1641/1651/2113
f 1635/1568/2127 1412/1652/2130 1641/1651/2113
f 1732/1463/1890 1646/1462/1889 1516/1653/2131
f 1616/1461/2086 1729/1441/1869 1646/1462/1846
f 1418/1654/2132 1640/1428/2133 1639/1429/2134
f 1639/1429/2134 1638/1569/2135 1418/1654/2132
f 1645/1645/2100 1403/1565/2125 1606/1655/2136
f 1645/1645/2100 1606/1655/2136 1607/1641/2137
f 1645/1645/2100 1607/1641/2137 1608/1557/2138
f 1642/1644/2099 1410/1453/1881 1415/1459/1886
f 1430/1656/2139 1424/1466/1893 1656/1465/1892
f 1651/1657/2140 1422/1467/1894 1522/1658/2141
f 1652/1468/1895 1424/1466/1893 1655/1575/2015
f 1524/1659/2142 1425/1660/2143 1656/1465/1892
f 1652/1468/1895 1423/1661/2144 1422/1467/1894
f 1430/1656/2139 1426/1662/2145 1424/1466/1893
f 1425/1660/2143 1430/1656/2139 1656/1465/1892
f 1656/1465/1892 1429/1663/2146 1654/1664/2147
f 1659/1469/1896 1658/1471/1898 1660/1579/2019
f 1436/1665/2148 1658/1471/1898 1657/1666/2149
f 1436/1665/2148 1657/1666/2149 1431/1667/2150
f 1431/1667/2150 1657/1666/2149 1432/1668/2151
f 1434/1577/2017 1433/1576/2016 1435/1470/1897
f 1657/1666/2149 1433/1576/2016 1432/1668/2151
f 1439/1472/1899 1438/1476/1903 1735/1473/1900
f 1439/1472/1899 1437/1474/1901 1661/1475/1902
f 1445/1483/1910 1736/1477/1904 1441/1484/1911
f 1440/1669/2152 1445/1483/1910 1441/1484/1911
f 1444/1478/1905 1736/1477/1904 1445/1483/1910
f 1664/1486/1913 1737/1481/1908 1663/1670/2153
f 1442/1485/1912 1737/1481/1908 1664/1486/1913
f 1737/1481/1908 1440/1669/2152 1663/1670/2153
f 1663/1670/2153 1441/1484/1911 1664/1486/1913
f 1444/1478/1905 1445/1483/1910 1665/1482/1909
f 1736/1477/1904 1662/1480/1907 1442/1485/1912
f 1446/1671/2154 1675/1672/2155 1448/1673/2156
f 1447/1487/1914 1451/1674/2157 1683/1386/1815
f 1448/1673/2156 1675/1672/2155 1681/1490/1917
f 1337/1314/1743 1338/1675/2158 1335/1387/1816
f 1681/1490/1917 1739/1507/1934 1481/1488/1915
f 1690/1489/1916 1449/1676/2159 1681/1490/1917
f 1338/1675/2158 1542/1518/1945 1668/1519/1946
f 1667/1677/2160 1338/1675/2158 1668/1519/1946
f 1468/1678/2161 1474/1679/2162 1689/1511/1938
f 1467/1510/1937 1468/1678/2161 1689/1511/1938
f 1446/1671/2154 1666/1680/2163 1339/1681/2164
f 1452/1682/2165 1566/1315/1744 1340/1317/1746
f 1452/1682/2165 1340/1317/1746 1341/1495/1922
f 1451/1674/2157 1680/1683/2166 1453/1338/1767
f 1680/1683/2166 1463/1684/2167 1669/1685/2168
f 1670/1335/1764 1669/1685/2168 1455/1498/1925
f 1453/1338/1767 1669/1685/2168 1670/1335/1764
f 1456/1504/1931 1342/1494/1921 1563/1502/1929
f 1456/1504/1931 1738/1686/2169 1342/1494/1921
f 1671/1687/2170 1564/1614/2054 1344/1613/2053
f 1676/1503/1930 1564/1614/2054 1671/1687/2170
f 1677/1688/2171 1471/1689/2172 1457/1497/1924
f 1458/1499/1926 1346/1610/2050 1678/1500/1927
f 1471/1689/2172 1458/1499/1926 1347/1501/1928
f 1677/1688/2171 1456/1504/1931 1676/1503/1930
f 1677/1688/2171 1466/1496/1923 1463/1684/2167
f 1679/1690/2173 1454/1691/2174 1463/1684/2167
f 1460/1692/2175 1679/1690/2173 1680/1683/2166
f 1349/1349/1778 1699/1517/1944 1472/1513/1940
f 1667/1677/2160 1693/1693/2176 1674/1694/2177
f 1461/1506/1933 1673/1505/1932 1674/1694/2177
f 1481/1488/1915 1739/1507/1934 1461/1506/1933
f 1681/1490/1917 1459/1695/2178 1739/1507/1934
f 1739/1507/1934 1460/1692/2175 1673/1505/1932
f 1451/1674/2157 1673/1505/1932 1460/1692/2175
f 1451/1674/2157 1447/1487/1914 1673/1505/1932
f 1460/1692/2175 1739/1507/1934 1459/1695/2178
f 1446/1671/2154 1339/1681/2164 1675/1672/2155
f 1345/1508/1935 1457/1497/1924 1347/1501/1928
f 1686/1696/2179 1455/1498/1925 1687/1509/1936
f 1455/1498/1925 1686/1696/2179 1670/1335/1764
f 1686/1696/2179 1565/1336/1765 1670/1335/1764
f 1670/1335/1764 1317/1337/1766 1453/1338/1767
f 1740/1697/2180 1352/1532/1959 1684/1622/2062
f 1684/1622/2062 1449/1676/2159 1740/1697/2180
f 1682/1602/2042 1448/1673/2156 1684/1622/2062
f 1468/1678/2161 1477/1698/2181 1474/1679/2162
f 1470/1699/2182 1469/1700/2183 1477/1698/2181
f 1348/1343/1772 1358/1345/1774 1478/1701/2184
f 1477/1698/2181 1469/1700/2183 1476/1516/1943
f 1725/1350/1779 1462/1515/1942 1465/1702/2185
f 1725/1350/1779 1685/1512/1939 1462/1515/1942
f 1685/1512/1939 1450/1492/1919 1462/1515/1942
f 1472/1513/1940 1685/1512/1939 1725/1350/1779
f 1358/1345/1774 1353/1356/1785 1474/1679/2162
f 1450/1492/1919 1477/1698/2181 1476/1516/1943
f 1477/1698/2181 1478/1701/2184 1358/1345/1774
f 1353/1356/1785 1464/1355/1784 1689/1511/1938
f 1475/1491/1918 1477/1698/2181 1450/1492/1919
f 1481/1488/1915 1461/1506/1933 1692/1526/1953
f 1475/1491/1918 1480/1703/2186 1478/1701/2184
f 1489/1704/2187 1348/1343/1772 1478/1701/2184
f 1489/1704/2187 1478/1701/2184 1480/1703/2186
f 1699/1517/1944 1491/1531/1958 1473/1514/1941
f 1489/1704/2187 1488/1705/2188 1348/1343/1772
f 1668/1519/1946 1348/1343/1772 1488/1705/2188
f 1690/1489/1916 1695/1528/1955 1741/1706/2189
f 1692/1526/1953 1695/1528/1955 1481/1488/1915
f 1694/1529/1956 1493/1522/1949 1479/1521/1948
f 1696/1524/1951 1485/1707/2190 1486/1527/1954
f 1742/1523/1950 1485/1707/2190 1696/1524/1951
f 1482/1708/2191 1479/1521/1948 1492/1709/2192
f 1492/1709/2192 1479/1521/1948 1484/1710/2193
f 1698/1711/2194 1741/1706/2189 1742/1523/1950
f 1485/1707/2190 1742/1523/1950 1695/1528/1955
f 1698/1711/2194 1490/1712/2195 1741/1706/2189
f 1494/1525/1952 1743/1544/1971 1483/1713/2196
f 1489/1704/2187 1480/1703/2186 1697/1530/1957
f 1493/1522/1949 1697/1530/1957 1491/1531/1958
f 1692/1526/1953 1691/1714/2197 1492/1709/2192
f 1484/1710/2193 1692/1526/1953 1492/1709/2192
f 1484/1710/2193 1486/1527/1954 1692/1526/1953
f 1485/1707/2190 1695/1528/1955 1486/1527/1954
f 1697/1530/1957 1482/1708/2191 1488/1705/2188
f 1694/1529/1956 1482/1708/2191 1697/1530/1957
f 1740/1697/2180 1490/1712/2195 1352/1532/1959
f 1693/1693/2176 1488/1705/2188 1691/1714/2197
f 1668/1519/1946 1488/1705/2188 1693/1693/2176
f 1480/1703/2186 1688/1493/1920 1697/1530/1957
f 1487/1520/1947 1701/1536/1963 1495/1715/2198
f 1495/1715/2198 1500/1716/2199 1696/1524/1951
f 1491/1531/1958 1701/1536/1963 1493/1522/1949
f 1702/1717/2200 1698/1711/2194 1743/1544/1971
f 1696/1524/1951 1499/1718/2201 1743/1544/1971
f 1702/1717/2200 1490/1712/2195 1698/1711/2194
f 1352/1532/1959 1490/1712/2195 1703/1537/1964
f 1700/1389/1818 1352/1532/1959 1703/1537/1964
f 1696/1524/1951 1743/1544/1971 1494/1525/1952
f 1483/1713/2196 1743/1544/1971 1698/1711/2194
f 1504/1554/1985 1743/1544/1971 1499/1718/2201
f 1696/1524/1951 1500/1716/2199 1499/1718/2201
f 1496/1533/1960 1497/1534/1961 1501/1719/2202
f 1497/1534/1961 1700/1389/1818 1501/1719/2202
f 1704/1541/1968 1496/1533/1960 1501/1719/2202
f 1699/1517/1944 1498/1535/1962 1491/1531/1958
f 1508/1540/1967 1701/1536/1963 1498/1535/1962
f 1508/1540/1967 1709/1552/1983 1701/1536/1963
f 1709/1552/1983 1510/1549/1980 1507/1553/1984
f 1506/1543/1970 1711/1555/1986 1503/1538/1965
f 1703/1537/1964 1506/1543/1970 1503/1538/1965
f 1507/1553/1984 1701/1536/1963 1709/1552/1983
f 1704/1541/1968 1501/1719/2202 1505/1546/1973
f 1704/1541/1968 1505/1546/1973 1508/1540/1967
f 1505/1546/1973 1501/1719/2202 1708/1539/1966
f 1705/1542/1969 1743/1544/1971 1504/1554/1985
f 1592/1406/2203 1707/1545/1972 1593/1408/2204
f 1707/1545/1972 1592/1406/2203 1591/1631/2205
f 1398/1720/2206 1707/1545/1972 1591/1631/2205
f 1712/1547/1974 1707/1545/1972 1398/1720/2206
f 1708/1539/1966 1503/1538/1965 1711/1555/1986
f 1712/1547/1974 1398/1720/2206 1591/1631/2207
f 1712/1547/1974 1591/1631/2207 1592/1406/1975
f 1709/1552/1983 1509/1551/1982 1510/1549/1980
f 1509/1551/1982 1710/1548/1978 1510/1549/1980
f 1711/1555/1986 1396/1721/2208 1590/1633/2209
f 1589/1410/2210 1711/1555/1986 1590/1633/2209
f 1395/1632/2211 1708/1539/1966 1588/1411/2212
f 1508/1540/1967 1707/1545/1972 1509/1551/1982
f 1744/1722/2213 1511/1562/1997 1713/1723/2214
f 1744/1722/2213 1624/1724/2215 1623/1725/2216
f 1744/1722/2213 1599/1430/2217 1598/1419/2218
f 1627/1449/2219 1745/1556/1988 1603/1448/2220
f 1404/1451/1987 1513/1570/2010 1745/1556/1988
f 1512/1563/1998 1511/1562/1997 1513/1570/2010
f 1744/1722/2213 1381/1416/2221 1605/1635/2222
f 1516/1653/2131 1518/1726/2223 1521/1642/2097
f 1621/1444/2224 1516/1653/2131 1620/1443/2225
f 1624/1724/2226 1716/1558/1990 1623/1725/2227
f 1746/1567/2004 1644/1457/2104 1416/1646/2101
f 1644/1457/2104 1746/1567/2004 1630/1436/2228
f 1515/1561/1996 1517/1727/2229 1511/1562/1997
f 1616/1461/2230 1516/1653/2131 1646/1462/1889
f 1416/1646/2101 1418/1654/2132 1746/1567/2004
f 1418/1654/2132 1714/1728/2231 1746/1567/2004
f 1522/1658/2141 1523/1572/2012 1748/1574/2014
f 1748/1574/2014 1525/1573/2013 1526/1729/2232
f 1526/1729/2232 1428/1730/2233 1653/1731/2234
f 1523/1572/2012 1522/1658/2141 1423/1661/2144
f 1652/1468/1895 1523/1572/2012 1423/1661/2144
f 1654/1664/2147 1748/1574/2014 1524/1659/2142
f 1426/1662/2145 1525/1573/2013 1655/1575/2015
f 1748/1574/2014 1526/1729/2232 1425/1660/2143
f 1526/1729/2232 1525/1573/2013 1428/1730/2233
f 1436/1665/2148 1528/1580/2020 1660/1579/2019
f 1527/1732/2235 1436/1665/2148 1431/1667/2150
f 1434/1577/2017 1435/1470/1897 1717/1578/2018
f 1527/1732/2235 1431/1667/2150 1432/1668/2151
f 1717/1578/2018 1659/1469/1896 1528/1580/2020
f 1719/1583/2023 1530/1582/2022 1531/1585/2025
f 1718/1584/2024 1531/1585/2025 1530/1582/2022
f 1535/1594/2034 1532/1589/2029 1533/1591/2031
f 1536/1733/2236 1532/1589/2029 1535/1594/2034
f 1540/1590/2030 1532/1589/2029 1536/1733/2236
f 1533/1591/2031 1534/1592/2032 1535/1594/2034
f 1538/1587/2027 1721/1586/2026 1720/1593/2033
f 1720/1593/2033 1721/1586/2026 1539/1734/2237
f 1540/1590/2030 1539/1734/2237 1721/1586/2026
f 1720/1593/2033 1539/1734/2237 1536/1733/2236
f 1536/1733/2236 1539/1734/2237 1540/1590/2030
f 1645/1645/2100 1733/1735/2238 1420/1736/2239
f 1520/1571/2011 1747/1737/2240 1515/1561/1996
f 1714/1728/2231 1521/1642/2097 1518/1726/2223
f 1421/1738/2241 1642/1644/2099 1415/1459/1886
f 1418/1654/2132 1641/1651/2113 1647/1739/2242
f 1648/1740/2243 1419/1741/2244 1418/1654/2132
f 1419/1741/2244 1648/1740/2243 1417/1643/2098
f 1733/1735/2238 1421/1738/2241 1417/1643/2098
f 1421/1738/2241 1650/1742/2245 1417/1643/2098
f 1647/1739/2242 1733/1735/2238 1417/1643/2098
f 1642/1644/2099 1421/1738/2241 1733/1735/2238
f 1650/1742/2245 1649/1455/1883 1417/1643/2098
f 1421/1738/2241 1415/1459/1886 1650/1742/2245
f 1415/1459/1886 1643/1647/2106 1650/1742/2245
f 1641/1651/2113 1414/1649/2108 1420/1736/2239
f 1420/1736/2239 1414/1649/2108 1645/1645/2100
f 1714/1728/2231 1419/1741/2244 1521/1642/2097
f 1747/1737/2240 1714/1728/2231 1518/1726/2223
f 1715/1743/2246 1520/1571/2011 1519/1560/1994
f 1517/1727/2229 1515/1561/1996 1716/1558/1990
f 1747/1737/2240 1716/1558/1990 1515/1561/1996
f 1746/1567/2004 1714/1728/2231 1514/1744/2247
f 1519/1560/1994 1514/1744/2247 1715/1743/2246
f 1686/1696/2179 1687/1509/1936 1561/1619/2059 1565/1336/1765
f 1541/1599/2039 1557/1617/2057 1323/1597/2037
f 1542/1518/1945 1338/1675/2158 1337/1314/1743
f 1363/1358/1787 1557/1617/2057 1541/1599/2039
f 1546/1596/2036 1324/1334/1763 1315/1333/1762
f 1556/1609/2049 1550/1595/2035 1546/1596/2036
f 1545/1607/2047 1336/1601/2041 1316/1598/2038
f 1545/1607/2047 1339/1681/2164 1336/1601/2041
f 1553/1608/2048 1340/1317/1746 1547/1316/1745
f 1545/1607/2047 1566/1315/1744 1339/1681/2164
f 1318/1318/1747 1326/1320/1749 1317/1337/1766
f 1317/1337/1766 1326/1320/1749 1560/1339/1768
f 1549/1324/1753 1342/1494/1921 1548/1327/1756
f 1346/1610/2050 1344/1613/2053 1319/1611/2051
f 1319/1611/2051 1344/1613/2053 1343/1326/1755
f 1343/1326/1755 1564/1614/2054 1563/1502/1929
f 1322/1615/2055 1347/1501/1928 1678/1500/1927
f 1333/1322/1751 1320/1612/2052 1555/1325/1754
f 1333/1322/1751 1555/1325/1754 1329/1323/1752
f 1554/1328/1757 1548/1327/1756 1553/1608/2048
f 1329/1323/1752 1555/1325/1754 1554/1328/1757
f 1329/1323/1752 1554/1328/1757 1326/1320/1749
f 1547/1316/1745 1316/1598/2038 1552/1616/2056
f 1553/1608/2048 1552/1616/2056 1556/1609/2049
f 1556/1609/2049 1552/1616/2056 1550/1595/2035
f 1351/1363/1792 1543/1330/1759 1373/1329/1758
f 1543/1330/1759 1551/1332/1761 1325/1331/1760
f 1557/1617/2057 1551/1332/1761 1324/1334/1763
f 1557/1617/2057 1550/1595/2035 1323/1597/2037
f 1552/1616/2056 1316/1598/2038 1323/1597/2037
f 1321/1321/1750 1562/1618/2058 1322/1615/2055
f 1322/1615/2055 1562/1618/2058 1347/1501/1928
f 1347/1501/1928 1562/1618/2058 1345/1508/1935
f 1562/1618/2058 1318/1318/1747 1561/1619/2059
f 1571/1344/1773 1359/1357/1786 1360/1341/1770 1568/1352/1781
f 1560/1339/1768 1559/1312/1741 1683/1386/1815
f 1546/1596/2036 1315/1333/1762 1560/1339/1768
f 1541/1599/2039 1316/1598/2038 1722/1600/2040
f 1723/1621/2061 1722/1600/2040 1682/1602/2042
f 1313/1603/2043 1541/1599/2039 1723/1621/2061
f 1360/1341/1770 1558/1340/1769 1332/1605/2045
f 1331/1624/2064 1558/1340/1769 1356/1342/1771
f 1544/1625/2065 1567/1351/1780 1725/1350/1779
f 1568/1352/1781 1353/1356/1785 1358/1345/1774
f 1366/1627/2067 1580/1379/1808 1361/1378/1807 1575/1364/1793
f 1572/1380/1809 1373/1329/1758 1325/1331/1760
f 1575/1364/1793 1348/1343/1772 1542/1518/1945
f 1581/1365/1794 1570/1604/2044 1313/1603/2043
f 1362/1369/1798 1580/1379/1808 1366/1627/2067
f 1576/1371/1800 1581/1365/1794 1367/1628/2068
f 1581/1365/1794 1313/1603/2043 1367/1628/2068
f 1372/1375/1804 1375/1373/1802 1364/1372/1801
f 1574/1377/1806 1573/1362/1791 1361/1378/1807
f 1367/1628/2068 1569/1620/2060 1352/1532/1959
f 1727/1374/1803 1374/1381/1810 1572/1380/1809
f 1728/1390/1819 1394/1413/1842 1387/1407/1836 1584/1396/1825
f 1575/1364/1793 1373/1329/1758 1366/1627/2067
f 1574/1377/1806 1368/1384/1813 1350/1360/1789
f 1581/1365/1794 1363/1358/1787 1570/1604/2044
f 1573/1362/1791 1574/1377/1806 1355/1347/1776
f 1370/1368/1797 1378/1385/1814 1726/1366/1795
f 1379/1383/1812 1365/1382/1811 1578/1367/1796
f 1371/1629/2069 1383/1399/1828 1377/1376/1805
f 1376/1361/1790 1582/1391/1820 1349/1349/1778
f 1385/1394/1823 1367/1628/2068 1352/1532/1959
f 1388/1404/1833 1380/1388/1817 1386/1401/1830
f 1390/1630/2070 1378/1385/1814 1377/1376/1805
f 1380/1388/1817 1582/1391/1820 1584/1396/1825
f 1388/1404/1833 1389/1393/1822 1384/1392/1821
f 1583/1398/1827 1587/1395/1824 1379/1383/1812
f 1388/1404/1833 1585/1405/1834 1592/1406/2071 1593/1408/2074
f 1391/1397/1826 1392/1402/1831 1583/1398/1827
f 1398/1720/2248 1591/1631/2072 1585/1405/1834
f 1390/1630/2070 1393/1400/1829 1586/1409/1838 1397/1414/1843
f 1387/1407/1836 1398/1720/2248 1585/1405/1834
f 1593/1408/1837 1387/1407/1836 1586/1409/1838 1395/1632/2249
f 1396/1721/2250 1590/1633/2075 1586/1409/1838 1595/1634/2077
f 1387/1407/1836 1591/1631/2251 1398/1720/2248
f 1387/1407/1836 1592/1406/1835 1591/1631/2251
f 1388/1404/1833 1395/1632/2073 1588/1411/2252 1595/1634/2077
f 1588/1411/1840 1395/1632/2249 1586/1409/1838
f 1595/1634/2077 1389/1393/1822 1388/1404/1833
f 1412/1652/2253 1635/1568/2079 1631/1417/1846 1634/1423/1852
f 1588/1411/2252 1589/1410/2078 1595/1634/2077
f 1590/1633/2076 1396/1721/2250 1595/1634/2077
f 1603/1448/1876 1401/1450/1878 1610/1559/2083 1631/1417/1846
f 1631/1417/1846 1599/1430/1859 1598/1419/1848
f 1612/1638/2085 1406/1650/2254 1613/1438/1866 1631/1417/1846
f 1600/1442/1870 1729/1441/1869 1621/1444/1872 1399/1454/2255
f 1382/1431/1860 1609/1432/1846 1729/1441/1869 1602/1445/1873
f 1619/1639/2087 1729/1441/1869 1618/1447/1875 1407/1745/2256
f 1382/1431/2257 1602/1445/2089 1730/1640/2088 1599/1430/2258
f 1730/1640/2088 1381/1416/2259 1597/1418/2260
f 1730/1640/2088 1597/1418/2260 1598/1419/2261
f 1399/1454/2262 1622/1456/2263 1730/1640/2088 1600/1442/2264
f 1730/1640/2088 1598/1419/2261 1599/1430/2258
f 1402/1460/1887 1731/1452/1880 1730/1640/2088 1409/1458/1885
f 1730/1640/2088 1622/1456/2263 1623/1725/2265
f 1601/1440/2090 1600/1442/2264 1730/1640/2088
f 1730/1640/2088 1624/1724/2266 1408/1648/2107
f 1730/1640/2088 1623/1725/2265 1624/1724/2266
f 1605/1635/2267 1730/1640/2088 1731/1452/1880 1604/1636/2268
f 1731/1452/1880 1603/1448/2091 1604/1636/2268
f 1626/1566/2096 1627/1449/2092 1731/1452/1880
f 1730/1640/2088 1605/1635/2267 1381/1416/2259
f 1403/1565/2269 1625/1564/2095 1731/1452/1880 1606/1655/2270
f 1407/1745/2271 1732/1463/1890 1649/1455/1883 1619/1639/2272
f 1607/1641/2094 1606/1655/2270 1731/1452/1880
f 1521/1642/2097 1732/1463/1890 1516/1653/2131
f 1649/1455/1883 1399/1454/1882 1621/1444/2273
f 1621/1444/2273 1620/1443/2274 1649/1455/1883
f 1649/1455/1883 1620/1443/2274 1619/1639/2272
f 1624/1724/2275 1649/1455/1883 1643/1647/2106 1408/1648/2107
f 1628/1433/2105 1400/1427/2276 1418/1654/2132 1416/1646/2101
f 1624/1724/2275 1623/1725/2277 1649/1455/1883
f 1649/1455/1883 1623/1725/2277 1622/1456/1884
f 1401/1450/2123 1645/1645/2100 1414/1649/2108 1610/1559/2112
f 1415/1459/1886 1409/1458/1885 1643/1647/2106
f 1614/1439/2116 1613/1438/2117 1414/1649/2108 1641/1651/2113
f 1638/1569/2135 1413/1424/2128 1641/1651/2113 1418/1654/2132
f 1641/1651/2113 1412/1652/2130 1634/1423/2118
f 1732/1463/1890 1407/1745/2271 1618/1447/2278
f 1732/1463/1890 1618/1447/2278 1617/1446/2279
f 1732/1463/1890 1617/1446/2279 1616/1461/1888
f 1418/1654/2132 1400/1427/2276 1640/1428/2133
f 1410/1453/1881 1645/1645/2100 1608/1557/2138 1404/1451/1879
f 1651/1657/2140 1429/1663/2146 1656/1465/1892 1734/1464/1891
f 1734/1464/1891 1422/1467/1894 1651/1657/2140
f 1338/1675/2158 1667/1677/2160 1447/1487/1914 1335/1387/1816
f 1522/1658/2141 1422/1467/1894 1423/1661/2144
f 1428/1730/2233 1430/1656/2139 1653/1731/2234
f 1653/1731/2234 1430/1656/2139 1425/1660/2143
f 1427/1746/2280 1426/1662/2145 1428/1730/2233
f 1654/1664/2147 1524/1659/2142 1656/1465/1892
f 1426/1662/2145 1655/1575/2015 1424/1466/1893
f 1430/1656/2139 1428/1730/2233 1426/1662/2145
f 1433/1576/2016 1657/1666/2149 1658/1471/1898
f 1658/1471/1898 1435/1470/1897 1433/1576/2016
f 1436/1665/2148 1660/1579/2019 1658/1471/1898
f 1736/1477/1904 1442/1485/1912 1441/1484/1911
f 1445/1483/1910 1440/1669/2152 1737/1481/1908
f 1737/1481/1908 1662/1480/1907 1443/1479/1906
f 1663/1670/2153 1440/1669/2152 1441/1484/1911
f 1666/1680/2163 1682/1602/2042 1336/1601/2041
f 1446/1671/2154 1682/1602/2042 1666/1680/2163
f 1681/1490/1917 1675/1672/2155 1459/1695/2178
f 1549/1324/1753 1343/1326/1755 1563/1502/1929 1342/1494/1921
f 1449/1676/2159 1448/1673/2156 1681/1490/1917
f 1451/1674/2157 1460/1692/2175 1680/1683/2166
f 1339/1681/2164 1666/1680/2163 1336/1601/2041
f 1452/1682/2165 1339/1681/2164 1566/1315/1744
f 1738/1686/2169 1452/1682/2165 1341/1495/1922
f 1738/1686/2169 1454/1691/2174 1452/1682/2165
f 1453/1338/1767 1680/1683/2166 1669/1685/2168
f 1669/1685/2168 1463/1684/2167 1466/1496/1923
f 1455/1498/1925 1669/1685/2168 1466/1496/1923
f 1346/1610/2050 1672/1747/2281 1671/1687/2170 1344/1613/2053
f 1342/1494/1921 1738/1686/2169 1341/1495/1922
f 1457/1497/1924 1466/1496/1923 1677/1688/2171
f 1452/1682/2165 1454/1691/2174 1675/1672/2155 1339/1681/2164
f 1676/1503/1930 1671/1687/2170 1672/1747/2281
f 1676/1503/1930 1563/1502/1929 1564/1614/2054
f 1458/1499/1926 1672/1747/2281 1346/1610/2050
f 1676/1503/1930 1672/1747/2281 1458/1499/1926
f 1471/1689/2172 1676/1503/1930 1458/1499/1926
f 1677/1688/2171 1676/1503/1930 1471/1689/2172
f 1456/1504/1931 1454/1691/2174 1738/1686/2169
f 1463/1684/2167 1454/1691/2174 1456/1504/1931
f 1463/1684/2167 1456/1504/1931 1677/1688/2171
f 1679/1690/2173 1675/1672/2155 1454/1691/2174
f 1447/1487/1914 1667/1677/2160 1674/1694/2177 1673/1505/1932
f 1679/1690/2173 1463/1684/2167 1680/1683/2166
f 1691/1714/2197 1674/1694/2177 1693/1693/2176
f 1668/1519/1946 1693/1693/2176 1667/1677/2160
f 1462/1515/1942 1476/1516/1943 1469/1700/2183 1465/1702/2185
f 1459/1695/2178 1675/1672/2155 1679/1690/2173
f 1460/1692/2175 1459/1695/2178 1679/1690/2173
f 1457/1497/1924 1471/1689/2172 1347/1501/1928
f 1687/1509/1936 1455/1498/1925 1457/1497/1924
f 1561/1619/2059 1687/1509/1936 1345/1508/1935
f 1683/1386/1815 1451/1674/2157 1453/1338/1767
f 1682/1602/2042 1446/1671/2154 1448/1673/2156
f 1684/1622/2062 1448/1673/2156 1449/1676/2159
f 1468/1678/2161 1470/1699/2182 1477/1698/2181
f 1450/1492/1919 1685/1512/1939 1473/1514/1941 1688/1493/1920
f 1674/1694/2177 1691/1714/2197 1692/1526/1953 1461/1506/1933
f 1465/1702/2185 1334/1626/2066 1725/1350/1779
f 1349/1349/1778 1472/1513/1940 1725/1350/1779
f 1358/1345/1774 1474/1679/2162 1477/1698/2181
f 1689/1511/1938 1474/1679/2162 1353/1356/1785
f 1477/1698/2181 1475/1491/1918 1478/1701/2184
f 1495/1715/2198 1696/1524/1951 1484/1710/2193 1479/1521/1948
f 1449/1676/2159 1690/1489/1916 1741/1706/2189
f 1494/1525/1952 1483/1713/2196 1742/1523/1950
f 1479/1521/1948 1487/1520/1947 1495/1715/2198
f 1484/1710/2193 1696/1524/1951 1486/1527/1954
f 1488/1705/2188 1482/1708/2191 1492/1709/2192 1691/1714/2197
f 1482/1708/2191 1694/1529/1956 1479/1521/1948
f 1742/1523/1950 1741/1706/2189 1695/1528/1955
f 1742/1523/1950 1483/1713/2196 1698/1711/2194
f 1488/1705/2188 1489/1704/2187 1697/1530/1957
f 1449/1676/2159 1741/1706/2189 1490/1712/2195 1740/1697/2180
f 1491/1531/1958 1688/1493/1920 1473/1514/1941
f 1500/1716/2199 1507/1553/1984 1504/1554/1985 1499/1718/2201
f 1690/1489/1916 1481/1488/1915 1695/1528/1955
f 1480/1703/2186 1475/1491/1918 1688/1493/1920
f 1699/1517/1944 1349/1349/1778 1497/1534/1961
f 1487/1520/1947 1493/1522/1949 1701/1536/1963
f 1743/1544/1971 1506/1543/1970 1702/1717/2200
f 1703/1537/1964 1502/1748/2282 1700/1389/1818
f 1703/1537/1964 1490/1712/2195 1702/1717/2200
f 1703/1537/1964 1702/1717/2200 1506/1543/1970
f 1380/1388/1817 1385/1394/1823 1700/1389/1818
f 1495/1715/2198 1701/1536/1963 1500/1716/2199
f 1497/1534/1961 1349/1349/1778 1700/1389/1818
f 1700/1389/1818 1502/1748/2282 1501/1719/2202
f 1708/1539/1966 1502/1748/2282 1703/1537/1964
f 1507/1553/1984 1500/1716/2199 1701/1536/1963
f 1504/1554/1985 1510/1549/1980 1706/1550/1981 1705/1542/1969
f 1708/1539/1966 1501/1719/2202 1502/1748/2282
f 1395/1632/2211 1593/1408/2204 1707/1545/1972 1708/1539/1966
f 1710/1548/1978 1712/1547/1974 1593/1408/1976 1395/1632/2283
f 1396/1721/2208 1711/1555/1986 1710/1548/1978 1590/1633/2284
f 1710/1548/1978 1395/1632/2283 1588/1411/1979
f 1711/1555/1986 1589/1410/2210 1588/1411/2212 1708/1539/1966
f 1710/1548/1978 1589/1410/1977 1590/1633/2284
f 1710/1548/1978 1509/1551/1982 1712/1547/1974
f 1705/1542/1969 1706/1550/1981 1710/1548/1978 1506/1543/1970
f 1408/1648/2285 1624/1724/2215 1744/1722/2213 1713/1723/2214
f 1712/1547/1974 1509/1551/1982 1707/1545/1972
f 1399/1454/2286 1600/1442/2287 1744/1722/2213 1622/1456/2288
f 1382/1431/2289 1599/1430/2217 1744/1722/2213 1602/1445/2290
f 1744/1722/2213 1600/1442/2287 1601/1440/2291
f 1623/1725/2216 1622/1456/2288 1744/1722/2213
f 1744/1722/2213 1745/1556/1988 1513/1570/2010 1511/1562/1997
f 1744/1722/2213 1601/1440/2291 1602/1445/2290
f 1597/1418/2292 1381/1416/2221 1744/1722/2213
f 1598/1419/2218 1597/1418/2292 1744/1722/2213
f 1403/1565/2293 1606/1655/2294 1745/1556/1988 1625/1564/2295
f 1745/1556/1988 1627/1449/2219 1626/1566/2296
f 1604/1636/2297 1603/1448/2220 1745/1556/1988
f 1605/1635/2222 1604/1636/2297 1745/1556/1988 1744/1722/2213
f 1745/1556/1988 1606/1655/2294 1607/1641/2298
f 1745/1556/1988 1626/1566/2296 1625/1564/2295
f 1745/1556/1988 1607/1641/2298 1608/1557/1989
f 1516/1653/2131 1621/1444/2224 1399/1454/1991 1716/1558/1990
f 1713/1723/2214 1716/1558/1990 1624/1724/2226 1408/1648/2285
f 1716/1558/1990 1518/1726/2223 1516/1653/2131
f 1407/1745/2299 1619/1639/2300 1516/1653/2131
f 1619/1639/2300 1620/1443/2225 1516/1653/2131
f 1611/1637/2301 1514/1744/2247 1519/1560/1994 1610/1559/1993
f 1622/1456/1992 1623/1725/2227 1716/1558/1990
f 1520/1571/2011 1513/1570/2010 1519/1560/1994
f 1400/1427/2302 1628/1433/2303 1746/1567/2004
f 1746/1567/2004 1628/1433/2303 1629/1434/2304
f 1746/1567/2004 1629/1434/2304 1630/1436/2228
f 1713/1723/2214 1511/1562/1997 1517/1727/2229
f 1713/1723/2214 1517/1727/2229 1716/1558/1990
f 1514/1744/2247 1612/1638/2305 1406/1650/2306
f 1633/1422/2307 1746/1567/2004 1514/1744/2247 1632/1420/2308
f 1514/1744/2247 1611/1637/2301 1612/1638/2305
f 1514/1744/2247 1615/1437/2309 1405/1421/2310
f 1514/1744/2247 1406/1650/2306 1613/1438/2311
f 1514/1744/2247 1613/1438/2311 1614/1439/2312
f 1514/1744/2247 1614/1439/2312 1615/1437/2309
f 1746/1567/2004 1634/1423/2313 1412/1652/2314
f 1514/1744/2247 1405/1421/2310 1632/1420/2308
f 1513/1570/2010 1404/1451/1987 1608/1557/2315 1519/1560/1994
f 1746/1567/2004 1633/1422/2307 1634/1423/2313
f 1519/1560/1994 1627/1449/2001 1401/1450/1995
f 1519/1560/1994 1625/1564/1999 1626/1566/2002
f 1746/1567/2004 1637/1425/2006 1413/1424/2008
f 1412/1652/2314 1635/1568/2005 1746/1567/2004
f 1618/1447/2316 1407/1745/2299 1516/1653/2131
f 1616/1461/2230 1617/1446/2317 1516/1653/2131
f 1617/1446/2317 1618/1447/2316 1516/1653/2131
f 1746/1567/2004 1640/1428/2318 1400/1427/2302
f 1746/1567/2004 1639/1429/2009 1640/1428/2318
f 1519/1560/1994 1606/1655/2319 1403/1565/2000
f 1433/1576/2016 1717/1578/2018 1527/1732/2235 1432/1668/2151
f 1519/1560/1994 1608/1557/2315 1607/1641/2320
f 1519/1560/1994 1607/1641/2320 1606/1655/2319
f 1714/1728/2231 1418/1654/2132 1419/1741/2244
f 1748/1574/2014 1429/1663/2146 1522/1658/2141
f 1651/1657/2140 1522/1658/2141 1429/1663/2146
f 1427/1746/2280 1525/1573/2013 1426/1662/2145
f 1425/1660/2143 1526/1729/2232 1653/1731/2234
f 1523/1572/2012 1655/1575/2015 1525/1573/2013
f 1427/1746/2280 1428/1730/2233 1525/1573/2013
f 1748/1574/2014 1654/1664/2147 1429/1663/2146
f 1425/1660/2143 1524/1659/2142 1748/1574/2014
f 1717/1578/2018 1528/1580/2020 1527/1732/2235
f 1436/1665/2148 1527/1732/2235 1528/1580/2020
f 1435/1470/1897 1659/1469/1896 1717/1578/2018
f 1719/1583/2023 1718/1584/2024 1529/1581/2021
f 1532/1589/2029 1537/1588/2028 1533/1591/2031
f 1538/1587/2027 1533/1591/2031 1537/1588/2028
f 1536/1733/2236 1535/1594/2034 1720/1593/2033
f 1648/1740/2243 1418/1654/2132 1647/1739/2242
f 1521/1642/2097 1419/1741/2244 1417/1643/2098
f 1417/1643/2098 1648/1740/2243 1647/1739/2242
f 1647/1739/2242 1420/1736/2239 1733/1735/2238
f 1642/1644/2099 1733/1735/2238 1645/1645/2100
f 1650/1742/2245 1643/1647/2106 1649/1455/1883
f 1420/1736/2239 1647/1739/2242 1641/1651/2113
f 1747/1737/2240 1715/1743/2246 1714/1728/2231
f 1747/1737/2240 1518/1726/2223 1716/1558/1990
f 1520/1571/2011 1715/1743/2246 1747/1737/2240
f 1715/1743/2246 1514/1744/2247 1714/1728/2231
o Cube_Cube.001
v -1.082612 0.492790 0.142339
v -1.638243 1.131844 0.148408
v -2.302094 0.742300 0.030257
v 0.555917 0.549699 0.142969
v 0.113002 1.245513 0.152457
v 1.368718 0.598579 0.076667
v 1.878810 0.383343 0.076918
v 2.123038 1.203477 0.062440
v 2.302821 0.887416 0.023968
v 2.205405 0.476888 0.064625
v 2.347936 0.609733 0.019733
v -0.079473 1.096613 0.203869
v 0.330415 0.663727 0.188845
v -1.503004 0.714097 0.191072
v 1.365250 0.748152 0.100642
v -2.358852 0.758221 0.007811
v -2.331993 0.823500 0.009653
v 2.057337 0.758470 0.104497
v 1.912335 0.489645 0.096518
v -2.248353 0.765970 0.043655
v -2.300312 0.733369 0.038458
v -2.265037 0.722650 0.038988
v 2.264697 0.816658 0.056305
v -1.088028 0.458783 -0.066491
v -0.938416 1.314912 -0.004177
v 0.196381 1.295514 -0.054300
v -1.116349 0.459555 0.067237
v 1.354653 1.089016 0.016414
v 1.529142 1.078644 -0.014102
v 1.767106 1.134045 -0.046265
v 2.044907 1.262685 0.051217
v 2.155173 1.240227 -0.011787
v 2.316153 0.886163 0.001121
v 2.352371 0.576628 -0.002786
v -2.257698 0.611441 0.004312
v -2.268369 0.880769 0.000016
v -2.136941 0.783891 0.093854
v -1.775190 0.510206 0.127315
v -1.822395 1.143950 0.000749
v -2.363019 0.725383 -0.004714
v -2.167764 0.735101 0.093233
v -2.107414 0.709317 0.106314
v -2.244050 0.760191 0.055704
v -2.301979 0.789209 0.036596
v -2.319168 0.644094 -0.006275
v -2.164650 0.636503 0.080216
v -2.275233 0.718014 0.052141
v -1.684325 0.574721 0.172186
v -2.134647 0.604292 0.098167
v -1.690483 0.701715 0.205755
v -1.420848 0.940242 0.202994
v -1.761253 1.044050 0.170477
v -1.645953 1.060707 0.182240
v -1.870164 0.819813 0.168744
v -1.796446 0.869595 0.185910
v -1.966136 0.786342 0.156218
v -1.866702 0.656817 0.163384
v -1.771958 0.930710 0.190777
v -1.787185 1.119783 0.140576
v -2.138761 0.790857 0.121159
v -2.005109 0.847791 0.057874
v -1.874845 1.077879 0.130950
v -1.775353 1.081172 0.172094
v -1.621660 0.700474 0.200849
v -2.069108 0.771400 0.133758
v -1.784406 1.021836 0.168656
v -2.236940 0.871457 0.070498
v -1.839417 0.987008 0.187174
v -1.865309 0.849641 0.194924
v -1.992639 0.797561 0.170618
v -2.114526 1.012557 0.036316
v -1.973059 0.794170 -0.000000
v -1.927498 0.962957 -0.000000
v -1.936844 1.065778 0.150105
v -2.070029 1.050714 0.036433
v -1.986766 1.073143 0.082414
v -2.104065 0.994094 0.055387
v -2.065120 1.011904 0.039667
v -1.978537 1.024911 0.066813
v -1.857537 0.961114 0.171617
v -1.854162 0.909030 0.179723
v -1.888912 0.858819 0.161479
v -1.940512 1.026024 0.121683
v -2.065978 0.853935 0.113093
v -1.993538 0.949429 -0.000000
v -1.969217 0.958109 -0.000000
v -1.874388 0.898912 0.090138
v -2.013613 0.933763 -0.000000
v -1.841856 1.029080 -0.000000
v -2.088569 0.872332 -0.000000
v -1.980541 0.693079 -0.000000
v -1.746627 0.797704 0.071080
v -1.918342 0.675316 -0.000000
v -1.888005 0.673233 -0.000000
v -2.052410 0.738104 -0.000000
v -2.022862 0.709104 -0.000000
v -1.873545 1.034882 -0.000000
v -1.787099 1.004692 -0.000000
v -1.736059 0.896783 0.065417
v -1.775174 0.765223 0.072025
v -2.081429 0.924333 -0.000000
v -2.072754 0.786999 -0.000000
v -2.083446 0.832875 -0.000000
v -1.962179 0.772119 0.119413
v -2.075113 0.823431 0.114287
v -1.798658 0.903156 0.146505
v -2.101556 0.941145 0.038503
v -2.069487 0.879523 0.165476
v -1.967471 1.044931 0.144130
v -1.878195 0.950365 0.180393
v -2.099572 0.974141 -0.024787
v -1.048550 1.240170 0.014445
v -1.156357 1.290507 0.000679
v -0.567116 1.371430 0.018098
v 1.850403 1.071599 -0.001102
v -0.401115 1.454072 0.001376
v 0.833214 1.454425 0.000793
v 1.088737 0.996473 -0.000007
v 1.161383 1.313485 0.017774
v -0.001637 0.542217 -0.000000
v -0.035978 0.502902 -0.000014
v 0.377594 0.364949 0.003453
v 0.719965 0.313363 0.000003
v 1.529207 0.345720 0.001275
v 0.892725 0.618644 0.000039
v -1.202530 0.465890 0.113242
v -0.778234 0.329817 0.148796
v -0.862985 0.466593 0.113441
v -1.300802 0.902952 0.213339
v -1.085331 1.082684 0.276778
v -0.948282 0.963754 0.309405
v -1.001715 0.584975 0.254815
v -1.195031 0.562713 0.201512
v -1.348554 0.692642 0.170877
v -0.095276 1.247186 -0.157228
v -1.097314 0.491887 -0.141408
v -1.064101 1.229795 -0.171103
v -1.636713 1.133287 -0.144370
v 0.562478 0.550720 -0.143230
v 0.566563 1.214905 -0.119978
v 1.336617 0.562500 -0.055447
v 1.361314 1.074645 -0.056239
v 1.359070 1.026933 -0.081802
v 1.881533 0.369662 -0.068710
v 1.534246 0.979550 -0.087462
v 2.207120 0.430776 -0.052224
v 2.298488 0.800345 -0.042990
v 0.334932 0.706230 -0.198014
v -1.501233 0.717738 -0.191115
v -2.305687 0.791813 -0.035217
v 1.369222 0.784334 -0.100798
v -2.365729 0.755746 -0.004113
v -2.334769 0.827422 -0.007778
v 1.863132 0.464697 -0.093552
v -2.302096 0.742324 -0.030308
v -2.300327 0.733414 -0.038467
v -2.245241 0.763136 -0.044692
v -2.265062 0.722629 -0.038988
v 2.295995 0.602241 -0.047172
v -2.111752 0.703169 -0.105491
v -2.232634 0.856596 -0.049906
v -2.118813 0.759879 -0.098285
v -2.305638 0.732706 -0.051208
v -2.162330 0.636226 -0.079343
v -1.770819 0.512907 -0.131807
v -2.118545 0.716809 -0.108686
v -2.241210 0.759597 -0.058994
v -2.161785 0.798108 -0.095676
v -2.275080 0.718057 -0.052245
v -2.113663 0.596969 -0.101528
v -2.218291 0.620723 -0.051283
v -1.771502 0.678556 -0.191152
v -2.165097 0.632931 -0.091315
v -1.417643 0.925239 -0.204985
v -1.547288 0.795421 -0.211546
v -1.852418 0.827196 -0.170651
v -1.748262 1.047590 -0.170405
v -1.771114 0.921272 -0.190959
v -1.528739 0.979669 -0.210482
v -1.862931 0.656107 -0.165869
v -1.966911 0.786156 -0.156174
v -1.768644 1.135136 -0.126476
v -2.069062 0.771485 -0.133628
v -1.785159 1.021182 -0.171330
v -2.124579 0.777748 -0.123992
v -2.150169 0.914822 -0.103459
v -1.823869 0.918931 -0.200163
v -2.242866 0.875785 -0.064853
v -2.094360 0.831575 -0.148867
v -1.870848 0.840456 -0.191273
v -2.116893 1.014750 -0.041310
v -2.068680 1.050495 -0.038294
v -2.134994 0.956369 -0.110353
v -1.976929 1.042927 -0.083869
v -1.863334 0.956515 -0.158458
v -1.854649 0.907680 -0.179895
v -2.084768 0.979808 -0.049015
v -1.935226 1.034282 -0.135902
v -1.885192 0.857963 -0.175863
v -2.069089 0.853497 -0.114924
v -2.004807 0.847463 -0.058549
v -1.882445 0.925305 -0.082693
v -1.891808 0.861650 -0.085987
v -1.735937 0.897368 -0.064591
v -1.745547 0.812480 -0.077868
v -1.771625 0.762203 -0.066851
v -2.098849 0.891334 -0.101589
v -2.063214 0.807892 -0.107447
v -1.817727 0.898324 -0.157967
v -1.910151 1.039494 -0.023125
v -1.781951 0.940443 -0.114083
v -1.960586 1.045531 -0.141214
v -1.977563 0.803462 -0.150144
v -1.906184 0.859087 -0.178019
v -1.999521 1.044407 -0.100573
v -0.854937 1.213239 -0.004959
v -1.020504 1.221380 -0.019241
v 1.818675 1.013618 -0.001927
v -0.503184 1.384188 -0.017614
v 0.972735 1.352261 -0.017486
v 0.127461 0.590853 -0.010432
v 1.184805 0.635680 -0.010046
v -1.019045 0.331948 -0.149088
v -0.812691 0.366898 -0.138131
v -0.877447 0.478735 -0.109851
v -1.296448 0.911377 -0.214557
v -1.162567 1.064998 -0.262749
v -0.961639 0.991191 -0.303239
v -0.908383 0.812985 -0.298872
v -0.922285 0.659407 -0.276218
v -1.014361 0.579151 -0.251855
v -0.943913 0.646056 -0.284492
v -1.072268 1.194661 0.184112
v 0.002733 1.296520 0.094260
v -1.800360 0.493643 0.061664
v -1.604248 0.543556 0.139517
v 0.615773 1.233324 0.082661
v 0.980072 0.593218 0.127116
v 1.095639 1.144521 0.071556
v 1.555516 1.074367 0.049601
v 1.743768 1.118219 0.062236
v 0.480078 0.837882 0.197836
v -1.091078 0.591896 0.195077
v 0.516881 1.120106 0.172025
v 1.382956 1.035182 0.077670
v 2.076914 1.170747 0.083739
v 0.954875 0.845373 0.154146
v -1.006708 0.933019 0.226272
v -1.062537 1.272750 0.139398
v 0.572421 0.508835 0.095745
v 0.883455 0.508536 0.065431
v 1.341477 0.557890 0.042291
v 1.534460 0.504874 0.046785
v 1.998883 0.346442 0.028140
v 2.015629 1.252531 -0.052899
v 2.087152 1.269138 -0.033963
v 1.830722 0.362074 0.047145
v 1.075674 1.162033 -0.031348
v -1.199657 1.288317 0.085472
v -2.257015 0.870089 0.031274
v -2.306381 0.734744 0.050493
v -2.346267 0.700978 0.022102
v -1.727671 1.145327 0.107925
v -1.507273 1.061920 0.182313
v -2.228047 0.618920 0.043048
v -1.526046 0.713727 0.207422
v -2.164146 0.633521 0.091098
v -2.104061 0.724523 0.121803
v -1.817907 0.526911 0.147898
v -1.527542 0.982767 0.208007
v -1.437831 0.921972 0.220746
v -2.008512 0.721209 0.148520
v -1.504279 1.042163 0.203752
v -2.152057 0.925452 0.096371
v -2.140252 0.954840 0.109431
v -2.017481 0.938500 0.005537
v -1.940269 0.962295 0.047895
v -1.987767 0.816807 0.157643
v -1.987806 0.952172 -0.000000
v -1.981776 0.954424 -0.000000
v -1.975547 0.956348 -0.000000
v -2.008843 0.938089 -0.000000
v -2.003974 0.942251 -0.000000
v -1.998905 0.946086 -0.000000
v -1.956385 0.832753 0.078090
v -1.972540 0.959602 0.004544
v -1.904994 0.852226 0.080065
v -1.966034 0.835672 -0.000000
v -1.956141 0.881187 -0.000000
v -1.943316 0.925389 -0.000000
v -1.865177 1.020024 -0.000000
v -1.887733 1.007978 -0.000000
v -1.908762 0.989952 -0.000000
v -1.980424 0.712517 -0.000000
v -1.979606 0.734289 -0.000000
v -1.977384 0.760729 -0.000000
v -1.908145 0.673509 -0.000000
v -1.900187 0.672805 -0.000000
v -1.893723 0.672835 -0.000000
v -1.988855 1.007033 -0.000000
v -1.991809 0.696608 -0.000000
v -2.002802 0.700327 -0.000000
v -2.013244 0.704429 -0.000000
v -2.031454 0.714556 -0.000000
v -2.039124 0.721032 -0.000000
v -2.046050 0.728795 -0.000000
v -1.920777 1.026695 -0.000000
v -1.903177 1.030416 -0.000000
v -1.887168 1.033287 -0.000000
v -1.862839 1.034919 -0.000000
v -1.854519 1.033681 -0.000000
v -1.847790 1.031593 -0.000000
v -1.828167 1.022983 -0.000000
v -1.814478 1.016886 -0.000000
v -1.800788 1.010789 -0.000000
v -1.931279 0.678471 -0.000000
v -1.946455 0.682728 -0.000000
v -1.963124 0.687720 -0.000000
v -2.087782 0.884126 -0.000000
v -2.086139 0.896953 -0.000000
v -2.083926 0.910471 -0.000000
v -2.045777 0.968323 -0.000000
v -2.058335 0.749079 -0.000000
v -2.063769 0.761276 -0.000000
v -2.068609 0.774111 -0.000000
v -2.076149 0.799442 -0.000000
v -2.078936 0.811282 -0.000000
v -2.081305 0.822450 -0.000000
v -2.085472 0.842589 -0.000000
v -2.087185 0.852038 -0.000000
v -2.088309 0.861770 -0.000000
v -1.860681 0.833551 0.156160
v -1.792260 0.966963 0.094192
v -2.087370 0.922183 -0.000000
v -1.935645 1.029990 -0.000000
v -2.097114 0.943343 0.137753
v -2.064740 1.001106 0.100589
v -1.919883 1.045332 0.108752
v -1.894473 1.003721 0.162912
v -0.058397 1.112120 0.004515
v -0.983495 1.355181 0.001027
v 1.533133 1.299424 0.000442
v 1.661455 0.978588 0.000894
v -0.629338 1.467683 -0.000595
v 1.346450 0.949234 0.018153
v 0.121552 0.590127 0.010559
v 1.192844 0.635432 0.010286
v 1.596329 0.542156 -0.000016
v 1.430379 0.598252 0.000163
v -0.923235 0.656151 0.280821
v -1.153684 1.066906 0.271851
v -1.316001 0.625996 0.178719
v -0.057212 1.293292 -0.104692
v -1.637521 0.512661 -0.110848
v -1.800614 0.492553 -0.046109
v 1.374673 0.616863 -0.083348
v 1.515247 0.515235 -0.054390
v 2.283500 0.927569 -0.026250
v -0.982175 0.865771 -0.224728
v -1.102353 0.590877 -0.194356
v -1.630228 0.587477 -0.156413
v 0.277136 1.144280 -0.186438
v 2.086583 1.168542 -0.083558
v 2.050213 0.701195 -0.105281
v 2.357138 0.711765 0.000041
v 0.483153 0.987244 -0.193890
v 0.812584 0.766102 -0.167883
v -1.121855 1.081291 -0.207997
v -0.948422 1.293772 -0.112018
v 0.642177 0.503262 -0.081169
v -1.260651 1.278293 -0.080918
v 1.131947 0.531037 -0.054147
v 1.841383 0.356579 -0.044178
v 1.981500 0.345263 -0.030597
v 2.225063 0.404886 -0.023771
v -2.344386 0.755004 -0.024199
v -1.493778 1.048834 -0.185246
v -1.673468 0.583862 -0.177679
v -1.522885 0.719044 -0.209001
v -1.799258 0.522511 -0.149888
v -1.645080 1.061291 -0.182784
v -1.622874 0.700998 -0.201378
v -2.027676 0.733128 -0.145852
v -1.463815 0.990517 -0.217449
v -1.799438 0.866513 -0.186309
v -1.775174 1.078100 -0.173596
v -2.064955 1.041938 -0.030583
v -1.987196 0.799422 -0.171915
v -1.871537 1.062613 -0.144192
v -1.976496 1.073842 -0.089017
v -2.020682 0.941134 -0.006378
v -2.049285 1.003616 -0.034241
v -1.987281 0.817772 -0.154932
v -1.939221 0.958955 -0.050216
v -1.964101 0.966274 -0.013673
v -2.026971 0.915584 -0.035731
v -1.955042 0.833727 -0.076016
v -1.791997 0.988378 -0.026150
v -2.096343 0.944428 -0.141361
v -2.066574 0.873180 -0.162599
v -1.894996 1.017876 -0.151368
v -0.060590 1.470246 0.000614
v 0.902627 0.399354 -0.013943
v -0.787447 0.289645 -0.160939
v -1.197117 0.456074 -0.116001
v -1.062623 1.076414 -0.287718
v -1.191924 0.563151 -0.205697
v -1.351117 0.667158 -0.176650
v 2.214413 0.401218 0.027960
v -2.169093 0.805485 0.092895
v -2.317883 0.859536 -0.002463
v -1.544906 0.803144 0.211663
v -2.105764 0.840920 0.143382
v -1.825730 0.912541 0.200068
v -2.027756 0.912131 0.038076
v -1.939173 1.022550 -0.000000
v -1.789489 0.963763 0.022657
v -1.855949 0.714246 0.018888
v -1.929429 1.038127 0.018333
v -1.976531 0.871218 0.181327
v -0.734207 1.158016 0.016822
v -0.794571 0.290307 0.157457
v -0.938022 0.300535 0.159130
v -0.905805 0.804195 0.295085
v -1.172163 0.672609 0.239684
v 1.547356 1.065879 -0.057100
v -1.734260 1.147763 -0.086547
v -1.625413 1.121922 -0.165787
v -1.840599 0.981466 -0.187755
v -1.936260 1.066277 -0.151140
v -1.799241 0.948229 -0.022085
v -1.860446 0.707955 -0.016636
v -2.073059 1.012593 -0.012539
v -1.910717 0.974003 -0.181633
v 1.269055 0.945820 -0.019169
v -1.291708 0.692792 -0.174353
v -1.190635 0.896535 -0.259354
vn 0.0359 -0.9250 0.3784
vn -0.0118 -0.7320 0.6812
vn -0.0193 -0.9764 0.2152
vn 0.2092 0.9456 -0.2491
vn 0.2013 0.7921 0.5763
vn 0.1755 0.9591 0.2221
vn -0.0298 -0.5140 0.8573
vn 0.0269 -0.1272 0.9915
vn 0.0549 -0.0330 0.9979
vn 0.3050 -0.2387 0.9219
vn 0.3891 0.0576 0.9194
vn 0.1068 -0.0005 0.9943
vn -0.2402 0.6954 0.6772
vn 0.1219 0.1969 0.9728
vn -0.0549 0.8260 0.5610
vn 0.0793 0.4231 0.9026
vn 0.0235 -0.4015 0.9156
vn 0.0256 -0.5990 0.8003
vn 0.2207 -0.3027 0.9272
vn -0.0203 -0.2882 0.9574
vn 0.0524 -0.5323 0.8449
vn 0.0306 -0.2004 0.9792
vn -0.7645 -0.5088 -0.3959
vn -0.3739 0.2383 0.8963
vn -0.6622 -0.2171 0.7172
vn -0.4238 -0.9031 0.0686
vn -0.1732 -0.8112 0.5586
vn -0.7014 -0.6952 -0.1572
vn -0.3018 -0.0498 0.9521
vn -0.8648 0.3039 0.3996
vn 0.1341 0.6160 0.7763
vn -0.5833 0.8109 -0.0470
vn -0.6958 0.7143 -0.0744
vn -0.6948 0.3135 0.6472
vn -0.7531 -0.2549 0.6065
vn -0.0316 0.4307 0.9019
vn -0.7308 -0.0404 0.6814
vn -0.9978 0.0602 -0.0284
vn -0.9690 -0.2161 -0.1200
vn -0.5948 0.4547 0.6630
vn 0.2142 0.1161 0.9699
vn 0.4672 -0.0499 0.8828
vn -0.5639 -0.3015 0.7688
vn -0.7883 0.0587 0.6124
vn -0.6843 0.1372 0.7162
vn 0.0381 -0.8842 0.4655
vn -0.1766 -0.6421 0.7461
vn 0.3001 0.4676 0.8314
vn -0.0082 0.0880 0.9961
vn -0.0402 -0.3862 0.9215
vn -0.0978 0.0881 0.9913
vn -0.0222 -0.1051 0.9942
vn -0.0905 0.3072 0.9473
vn 0.2521 -0.2246 0.9413
vn -0.0137 0.0362 0.9993
vn -0.0472 -0.0219 0.9986
vn -0.1038 0.3835 0.9177
vn -0.2436 0.1391 0.9598
vn -0.5936 -0.1421 0.7921
vn -0.3545 -0.5893 0.7260
vn -0.2002 -0.0605 0.9779
vn 0.2728 -0.3595 0.8924
vn -0.0137 -0.1908 0.9815
vn -0.2058 -0.1585 0.9657
vn -0.1112 -0.2213 0.9688
vn -0.6402 -0.3903 0.6616
vn 0.4197 -0.7789 -0.4660
vn -0.1707 -0.1685 0.9708
vn -0.0669 -0.3919 0.9176
vn -0.4541 0.8179 0.3534
vn -0.3818 0.8494 0.3645
vn -0.1568 0.2076 0.9656
vn -0.7115 0.3472 0.6109
vn 0.3341 -0.7947 0.5068
vn -0.5367 -0.4834 0.6916
vn -0.6606 0.5308 0.5309
vn -0.1351 0.8192 0.5574
vn -0.3874 0.5705 0.7242
vn -0.1437 0.0374 0.9889
vn -0.7908 0.2258 0.5689
vn 0.3100 0.5705 0.7605
vn -0.6313 0.7066 0.3197
vn -0.5466 0.6228 0.5598
vn 0.0275 -0.0734 0.9969
vn 0.6378 0.0004 0.7702
vn -0.4950 0.8647 -0.0855
vn 0.2832 0.5315 0.7983
vn -0.5459 0.8364 -0.0503
vn -0.6676 -0.1804 0.7224
vn -0.6473 0.7576 -0.0839
vn -0.5924 0.8004 -0.0921
vn 0.1904 0.6402 0.7442
vn 0.4129 0.6825 0.6030
vn -0.8406 0.0793 0.5359
vn -0.1709 0.8541 0.4912
vn 0.3160 -0.0556 -0.9471
vn -0.0000 -0.0000 -1.0000
vn 0.3030 -0.0761 -0.9500
vn 0.2781 -0.0916 -0.9562
vn -0.7984 -0.4046 -0.4459
vn -0.7553 -0.4770 -0.4495
vn -0.8254 -0.3484 -0.4443
vn -0.8437 -0.3025 -0.4434
vn -0.8760 -0.1811 -0.4471
vn -0.8756 -0.1843 -0.4465
vn -0.8731 -0.1997 -0.4447
vn -0.8974 -0.0168 -0.4409
vn -0.8948 -0.0861 -0.4381
vn -0.8861 -0.1450 -0.4401
vn 0.2436 -0.1041 -0.9643
vn 0.2043 -0.1093 -0.9728
vn -0.8915 0.0366 -0.4515
vn -0.8805 0.0519 -0.4713
vn -0.6841 -0.7284 -0.0369
vn -0.4907 0.4084 -0.7697
vn -0.6899 -0.5610 -0.4574
vn -0.5089 -0.7121 -0.4838
vn -0.6044 -0.6435 -0.4696
vn 0.1441 -0.1899 -0.9712
vn -0.1807 -0.3198 -0.9301
vn 0.0777 -0.2433 -0.9668
vn 0.2268 0.8729 -0.4319
vn 0.3143 0.8409 -0.4406
vn 0.1832 -0.1385 -0.9733
vn -0.0953 0.8650 -0.4926
vn -0.0739 0.8854 -0.4589
vn 0.2085 -0.0470 -0.9769
vn 0.8906 -0.4399 0.1154
vn -0.3291 -0.9285 -0.1721
vn 0.4075 -0.5628 -0.7192
vn 0.3999 -0.0329 -0.9160
vn 0.6174 -0.7341 0.2826
vn 0.4465 0.8842 -0.1372
vn 0.2644 0.9423 0.2051
vn 0.4857 0.8741 -0.0046
vn 0.9810 0.1253 -0.1482
vn 0.6083 0.0676 0.7908
vn 0.9188 -0.3944 -0.0169
vn -0.0158 0.9189 -0.3942
vn 0.9501 0.2658 0.1631
vn 0.1939 0.9665 -0.1680
vn -0.2288 -0.9709 0.0705
vn 0.0246 -0.9756 0.2183
vn -0.0099 0.0965 0.9953
vn -0.3828 -0.8504 0.3610
vn -0.3252 0.9456 0.0131
vn -0.9631 -0.2693 0.0020
vn -0.7003 0.7138 -0.0063
vn -0.0585 -0.9806 -0.1873
vn 0.4133 0.8812 -0.2297
vn 0.5839 -0.7935 0.1717
vn -0.9460 0.3163 -0.0708
vn -0.3867 -0.8796 0.2770
vn 0.9948 0.1013 -0.0096
vn -0.9914 0.0001 -0.1306
vn 0.1057 0.9757 0.1919
vn -0.4972 0.8676 -0.0104
vn -0.8508 0.5040 -0.1486
vn 0.2656 0.1607 -0.9506
vn 0.7316 0.6484 0.2105
vn 0.9406 0.0934 0.3264
vn -0.2866 -0.9579 -0.0175
vn -0.8074 -0.4949 -0.3212
vn 0.5529 -0.8232 -0.1289
vn -0.0228 -0.7347 -0.6780
vn 0.0468 -0.9365 -0.3476
vn -0.0104 -0.9794 -0.2016
vn 0.0697 0.0283 -0.9972
vn 0.0783 0.4131 -0.9073
vn -0.0429 0.1558 -0.9869
vn -0.1670 0.9822 0.0857
vn -0.3632 0.8672 -0.3406
vn -0.0583 0.9920 -0.1118
vn -0.0037 -0.1739 -0.9848
vn 0.3094 -0.3867 -0.8687
vn -0.0276 -0.5854 -0.8103
vn 0.5103 0.0944 -0.8548
vn 0.9953 0.0899 -0.0360
vn 0.9322 -0.3395 -0.1254
vn -0.2186 0.7844 -0.5805
vn 0.2332 0.2429 -0.9416
vn -0.0061 0.1805 -0.9836
vn -0.0250 -0.3017 -0.9531
vn 0.2266 -0.2808 -0.9326
vn -0.0080 -0.0188 -0.9998
vn 0.1830 0.0230 -0.9828
vn -0.6836 -0.1197 -0.7200
vn -0.3423 -0.0588 -0.9377
vn 0.2381 0.6180 -0.7492
vn -0.7015 -0.2035 -0.6830
vn 0.1321 0.7518 -0.6460
vn -0.2827 0.8034 -0.5240
vn -0.5983 -0.3612 -0.7152
vn -0.3587 0.2391 -0.9023
vn -0.0674 0.4279 -0.9013
vn 0.3288 0.8726 -0.3612
vn -0.7318 -0.5644 -0.3820
vn -0.5927 -0.0557 -0.8035
vn -0.1508 -0.9790 -0.1374
vn -0.1240 -0.6892 -0.7138
vn 0.0709 -0.8943 -0.4419
vn -0.1374 -0.9753 0.1728
vn -0.1886 -0.1708 -0.9671
vn -0.0290 -0.5298 -0.8476
vn -0.0698 -0.1055 -0.9920
vn -0.0780 -0.4073 -0.9099
vn -0.1779 -0.2078 -0.9619
vn -0.1151 0.0831 -0.9899
vn -0.0831 0.2178 -0.9725
vn 0.0031 0.0622 -0.9981
vn 0.4122 -0.4611 -0.7858
vn 0.1234 -0.4980 -0.8584
vn 0.2749 -0.3257 -0.9046
vn -0.0796 -0.0112 -0.9968
vn 0.4516 0.3731 -0.8105
vn -0.2941 0.9557 0.0133
vn -0.1603 0.1937 -0.9679
vn -0.1113 -0.1733 -0.9786
vn -0.5898 0.2960 -0.7513
vn -0.8259 0.0596 -0.5606
vn -0.6072 0.6136 -0.5048
vn -0.6237 -0.3620 -0.6928
vn 0.0459 -0.2499 -0.9672
vn -0.1067 0.8376 -0.5357
vn 0.4490 0.6486 -0.6147
vn -0.3277 0.5962 -0.7329
vn -0.6925 -0.4132 -0.5913
vn -0.4504 0.5318 -0.7171
vn -0.2925 0.1039 -0.9506
vn -0.7833 0.2045 -0.5870
vn -0.7754 -0.1365 -0.6166
vn -0.8241 -0.2103 -0.5260
vn 0.5855 0.0414 -0.8096
vn 0.4897 0.3407 -0.8025
vn 0.2637 0.5730 -0.7760
vn -0.4919 0.8609 0.1297
vn -0.5228 0.8505 0.0569
vn -0.6481 0.7611 0.0265
vn -0.6775 -0.1100 -0.7272
vn -0.5930 0.8043 0.0385
vn -0.6393 0.5495 -0.5378
vn 0.1734 0.6454 -0.7439
vn -0.5959 -0.3582 -0.7187
vn -0.2325 0.7897 -0.5677
vn 0.4038 -0.5652 0.7194
vn 0.3324 0.0484 0.9419
vn 0.4807 -0.6726 0.5627
vn 0.3856 0.7186 -0.5786
vn 0.3695 0.9137 -0.1691
vn 0.4852 0.8730 -0.0485
vn -0.2868 -0.7951 -0.5344
vn -0.1171 -0.6091 -0.7844
vn -0.2321 -0.9312 -0.2811
vn 0.5075 -0.0274 -0.8612
vn 0.9834 0.0992 0.1518
vn 0.9307 -0.3459 -0.1191
vn -0.2390 -0.9701 -0.0433
vn -0.1967 -0.9795 -0.0446
vn -0.2004 -0.9791 -0.0346
vn -0.2181 -0.9751 -0.0398
vn -0.8765 -0.2005 -0.4375
vn -0.9586 -0.2042 -0.1983
vn -0.8680 -0.2283 -0.4409
vn -0.8794 -0.1848 -0.4387
vn -0.8818 -0.1755 -0.4378
vn -0.8796 -0.1816 -0.4397
vn -0.8865 -0.1386 -0.4414
vn 0.7459 -0.6661 -0.0022
vn 0.1269 -0.3070 -0.9432
vn -0.7735 0.2597 -0.5782
vn -0.9526 0.3034 -0.0210
vn -0.3941 -0.8698 -0.2968
vn 0.0005 0.1205 -0.9927
vn 0.0073 -0.9767 -0.2147
vn -0.1779 0.9840 -0.0091
vn -0.0035 0.0805 0.9967
vn 0.2133 0.9765 -0.0325
vn 0.1144 0.9932 -0.0238
vn -0.3050 -0.9524 -0.0002
vn -0.0854 -0.9805 0.1769
vn -0.4985 -0.8365 -0.2276
vn 0.9240 0.3329 0.1879
vn -0.9620 0.2654 0.0643
vn 0.6685 -0.7158 -0.2020
vn 0.2731 0.9305 0.2442
vn -0.0761 -0.0298 -0.9967
vn -0.9454 0.2967 -0.1347
vn -0.2455 0.9683 -0.0450
vn -0.2721 0.4902 0.8280
vn -0.9503 -0.2155 0.2246
vn 0.2832 -0.9590 -0.0060
vn 0.2897 0.0448 0.9561
vn -0.3196 -0.9353 0.1517
vn 0.0646 -0.0156 0.9978
vn 0.1065 -0.3999 0.9104
vn 0.0206 0.1690 0.9854
vn 0.0638 0.5930 0.8027
vn -0.0470 0.3415 0.9387
vn 0.0319 0.9353 0.3524
vn -0.0424 0.7705 0.6361
vn -0.1193 0.6026 0.7890
vn 0.1283 0.4812 0.8672
vn 0.6375 0.7108 0.2972
vn 0.2995 0.8713 0.3888
vn 0.1519 0.8820 0.4461
vn 0.0962 0.9747 -0.2017
vn 0.1105 0.0138 0.9938
vn 0.9533 0.2936 -0.0703
vn 0.4873 0.4152 0.7682
vn 0.6868 0.2427 0.6851
vn 0.7302 0.6688 -0.1397
vn 0.2212 0.8807 -0.4189
vn 0.7290 -0.1007 0.6771
vn 0.0988 0.3081 0.9462
vn -0.0176 0.0331 0.9993
vn 0.4636 -0.7413 0.4852
vn -0.2650 -0.8671 0.4218
vn 0.1284 -0.9052 0.4051
vn -0.0226 -0.3824 0.9237
vn -0.3513 -0.8767 0.3286
vn -0.0363 -0.9052 0.4234
vn 0.0826 -0.9208 0.3812
vn -0.1993 0.9124 0.3576
vn -0.1569 0.9314 0.3285
vn -0.1750 0.9169 -0.3588
vn -0.6143 0.7612 -0.2079
vn -0.7370 -0.5735 0.3578
vn -0.6935 0.3405 0.6349
vn -0.8121 0.3954 -0.4292
vn -0.1716 -0.1940 0.9659
vn -0.2326 0.7773 0.5846
vn -0.2198 0.6050 0.7653
vn -0.4912 0.4235 0.7611
vn -0.7370 -0.1381 0.6617
vn -0.7103 -0.4144 0.5690
vn -0.4787 0.8777 -0.0204
vn -0.0560 0.9749 0.2154
vn -0.5660 0.8225 -0.0560
vn -0.5812 0.8100 -0.0785
vn 0.2514 0.9513 0.1783
vn -0.9509 0.3006 0.0740
vn -0.9337 0.2469 0.2592
vn -0.3495 -0.5873 0.7300
vn -0.6956 0.5172 0.4987
vn -0.8672 -0.2268 -0.4434
vn -0.8783 -0.1765 -0.4443
vn 0.3135 -0.0242 -0.9493
vn 0.2941 0.0269 -0.9554
vn -0.2738 -0.8127 -0.5143
vn -0.3002 -0.8049 -0.5119
vn -0.3477 -0.7892 -0.5062
vn 0.5255 0.0254 -0.8504
vn 0.1077 0.8964 -0.4299
vn 0.7147 -0.0019 -0.6994
vn 0.2288 -0.1684 -0.9588
vn 0.1962 -0.2645 -0.9442
vn 0.2466 0.1059 -0.9633
vn -0.4853 -0.8654 -0.1248
vn 0.4810 -0.6809 -0.5523
vn 0.2623 -0.9551 -0.1374
vn -0.2418 -0.9677 -0.0708
vn -0.2139 -0.9687 -0.1259
vn -0.3424 0.9190 -0.1953
vn -0.1464 0.7940 0.5900
vn 0.2503 -0.4238 0.8705
vn -0.1144 -0.6899 0.7148
vn -0.9979 -0.0524 -0.0380
vn -0.9359 0.0092 -0.3520
vn -0.8156 0.1148 -0.5671
vn -0.9437 -0.2860 -0.1660
vn -0.7976 0.0647 -0.5997
vn -0.8322 -0.0083 -0.5544
vn 0.7099 0.5887 0.3865
vn 0.8778 0.3769 -0.2955
vn -0.7458 -0.5049 0.4345
vn -0.4253 -0.7863 -0.4481
vn -0.3563 -0.8246 -0.4395
vn -0.3279 -0.8125 -0.4821
vn -0.7470 -0.4759 -0.4643
vn -0.6834 -0.5625 -0.4652
vn -0.6025 -0.6507 -0.4621
vn -0.5119 -0.7280 -0.4561
vn -0.8470 -0.3017 -0.4377
vn -0.8227 -0.3470 -0.4503
vn -0.7917 -0.4029 -0.4592
vn -0.2007 -0.9796 0.0137
vn -0.2185 -0.9757 0.0179
vn -0.2376 -0.9399 -0.2452
vn -0.2393 -0.9707 0.0204
vn -0.1970 -0.9802 0.0207
vn -0.8997 -0.2019 -0.3871
vn -0.8864 -0.2273 -0.4033
vn -0.9102 -0.1789 -0.3736
vn -0.9064 -0.1892 -0.3776
vn -0.8682 -0.2620 -0.4215
vn 0.1155 0.9876 0.1065
vn -0.8835 -0.0910 -0.4596
vn -0.9173 -0.1579 -0.3655
vn -0.9143 -0.1715 -0.3669
vn -0.0519 -0.9985 0.0168
vn 0.2197 -0.9755 0.0127
vn 0.5417 -0.8403 0.0198
vn 0.0308 0.1212 0.9921
vn -0.0569 -0.5423 -0.8382
vn -0.1178 -0.9147 0.3866
vn 0.0509 0.9983 0.0297
vn 0.5262 0.8503 -0.0039
vn 0.7516 -0.6594 -0.0186
vn 0.9849 0.1734 -0.0013
vn -0.9938 0.1113 0.0027
vn 0.0215 0.9996 0.0183
vn -0.0288 0.9989 0.0368
vn -0.1041 -0.9944 0.0196
vn 0.2071 -0.9742 0.0900
vn 0.0417 -0.9988 -0.0252
vn 0.2106 -0.9632 -0.1668
vn 0.6758 -0.7371 0.0056
vn 0.9366 0.3504 -0.0006
vn 0.8724 -0.4649 0.1508
vn 0.0219 0.5483 -0.8360
vn 0.0556 0.2960 -0.9536
vn -0.0633 0.5263 -0.8480
vn 0.0608 -0.5247 -0.8491
vn -0.0590 0.8501 -0.5233
vn -0.6340 0.4850 -0.6023
vn 0.0359 -0.1500 -0.9880
vn 0.1000 -0.0792 -0.9918
vn -0.0060 -0.2676 -0.9635
vn -0.0065 -0.8272 -0.5618
vn 0.0356 0.9053 -0.4234
vn 0.1495 0.7239 -0.6735
vn 0.1228 0.7733 -0.6221
vn -0.3191 -0.8255 -0.4656
vn -0.0793 0.6773 -0.7315
vn 0.6787 0.2628 -0.6858
vn 0.1098 -0.0193 -0.9938
vn 0.4324 -0.0780 -0.8983
vn 0.0513 -0.0046 -0.9987
vn 0.0778 0.0880 -0.9931
vn 0.0734 0.2606 -0.9627
vn -0.0046 -0.7666 -0.6422
vn 0.1786 -0.5549 -0.8125
vn 0.5494 -0.7524 -0.3633
vn -0.2553 -0.8962 -0.3629
vn 0.1023 -0.9107 -0.4001
vn 0.1112 -0.9121 -0.3947
vn -0.1767 0.9448 -0.2759
vn -0.0295 0.8782 -0.4774
vn -0.5725 0.8051 0.1551
vn -0.8514 -0.3921 0.3484
vn -0.4416 -0.5689 -0.6938
vn -0.6664 0.1855 -0.7221
vn -0.3181 -0.6350 -0.7040
vn -0.0908 -0.2570 -0.9621
vn 0.4937 -0.6831 0.5381
vn 0.1650 0.7379 -0.6544
vn -0.1257 0.0870 -0.9882
vn -0.0256 -0.1027 -0.9944
vn -0.1474 0.3689 -0.9177
vn -0.2100 0.8465 -0.4892
vn -0.0457 0.0298 -0.9985
vn -0.1252 0.0401 -0.9913
vn -0.1670 0.6052 -0.7783
vn -0.3347 0.9182 0.2117
vn -0.6033 0.6067 -0.5176
vn -0.4207 0.8989 -0.1223
vn -0.5859 0.8100 0.0253
vn -0.0741 0.9948 -0.0698
vn 0.2409 0.9662 -0.0920
vn -0.3312 0.9436 -0.0023
vn -0.9949 0.0573 -0.0826
vn -0.9312 0.2376 -0.2766
vn -0.6452 0.7620 -0.0547
vn -0.6228 0.7788 0.0746
vn -0.5557 0.8302 0.0435
vn 0.3738 -0.1167 0.9201
vn 0.9149 0.3910 0.1004
vn 0.7757 0.6310 0.0116
vn 0.5734 0.8008 0.1729
vn 0.2199 -0.1020 -0.9702
vn 0.2752 -0.1031 -0.9558
vn -0.4862 -0.8664 0.1140
vn 0.2053 0.2027 -0.9575
vn 0.3425 -0.0649 -0.9373
vn 0.3454 -0.0243 -0.9381
vn -0.0694 0.8436 -0.5325
vn 0.1761 0.8525 -0.4921
vn 0.2021 0.6762 -0.7084
vn 0.8463 0.5307 -0.0452
vn 0.5427 0.8396 -0.0235
vn -0.8994 -0.1107 -0.4228
vn 0.7202 0.4290 -0.5453
vn 0.1195 0.6610 -0.7408
vn 0.0269 0.1268 -0.9916
vn 0.2348 -0.9567 0.1720
vn -0.7529 -0.6194 0.2225
vn 0.1362 0.9862 -0.0940
vn 0.8451 -0.5062 -0.1720
vn 0.9003 0.3988 -0.1746
vn -0.0893 -0.2019 0.9753
vn -0.5364 -0.1914 0.8220
vn 0.1210 0.2655 -0.9565
vn 0.2426 0.1830 0.9527
vn -0.8144 0.2334 0.5312
vn -0.6402 0.7185 0.2720
vn -0.6432 0.7655 -0.0155
vn 0.3000 0.5782 0.7588
vn -0.5644 -0.2369 -0.7908
vn -0.6721 -0.5762 -0.4650
vn -0.0261 0.9993 0.0265
vn -0.5953 0.8024 -0.0432
vn -0.9544 -0.1036 0.2799
vn -0.3304 0.9428 0.0443
vn -0.5867 0.8098 0.0019
vn -0.8573 -0.2625 -0.4428
vn -0.4186 -0.7604 -0.4966
vn 0.4384 0.8885 -0.1357
vn -0.0025 0.8986 -0.4388
vn 0.2451 -0.1312 -0.9606
vn 0.2654 -0.1041 -0.9585
vn 0.2862 -0.0451 -0.9571
vn 0.2855 -0.0615 -0.9564
vn 0.2786 -0.0779 -0.9572
vn 0.4361 0.8317 -0.3436
vn 0.4740 0.8658 -0.1603
vn 0.1211 -0.3588 -0.9255
vn 0.5569 0.7642 -0.3254
vn 0.7877 0.5149 -0.3382
vn 0.2883 -0.0327 -0.9570
vn 0.2834 -0.0020 -0.9590
vn -0.2012 -0.9779 -0.0575
vn -0.0456 -0.9973 -0.0583
vn 0.0090 0.9247 -0.3806
vn 0.0951 0.9051 -0.4144
vn 0.3218 0.8340 -0.4481
vn 0.2228 0.8684 -0.4430
vn 0.8010 0.5985 0.0178
vn -0.2924 -0.8129 -0.5036
vn 0.5427 0.8394 -0.0292
vn -0.1017 0.7932 -0.6004
vn -0.1516 0.8100 -0.5666
vn -0.4288 0.8829 -0.1916
vn -0.5733 0.8189 0.0272
vn -0.9373 0.3337 -0.1009
vn 0.9631 0.1007 -0.2496
vn 0.4395 0.8982 0.0048
vn 0.0487 -0.1600 -0.9859
vn 0.4818 0.8706 0.0991
vn 0.1680 -0.0898 -0.9817
vn 0.1441 -0.1096 -0.9835
vn 0.1073 -0.1323 -0.9854
vn 0.3175 -0.0888 -0.9441
vn -0.2009 -0.9775 0.0651
vn -0.0457 -0.9968 0.0663
vn -0.2418 -0.9674 0.0759
vn -0.2137 -0.9682 0.1299
vn 0.3165 0.0479 -0.9474
vn 0.2622 -0.9534 0.1490
vn -0.0205 0.9149 -0.4031
vn 0.1090 0.8387 -0.5336
vn -0.3196 -0.7803 -0.5375
vn -0.8750 -0.0581 -0.4807
vn -0.9925 0.0722 -0.0985
vn -0.9857 0.1120 -0.1256
vn -0.3260 -0.7721 -0.5455
vn -0.4004 -0.7532 -0.5219
vn -0.8142 -0.3328 -0.4758
vn -0.7929 -0.3924 -0.4661
vn -0.6867 -0.5636 -0.4591
vn -0.7506 -0.4757 -0.4586
vn -0.4964 -0.7126 -0.4958
vn -0.5979 -0.6474 -0.4727
vn -0.8291 -0.3025 -0.4702
vn -0.8523 -0.2641 -0.4514
vn -0.8803 -0.0896 -0.4659
vn -0.1087 0.8999 -0.4224
vn -0.1220 0.8102 -0.5733
vn 0.5388 -0.8416 -0.0370
vn -0.0519 -0.9978 -0.0406
vn 0.2196 -0.9750 -0.0348
vt 0.393784 0.385002
vt 0.721944 0.418242
vt 0.727677 0.411603
vt 0.278168 0.501688
vt 0.277868 0.497718
vt 0.226367 0.480287
vt 0.136071 0.331779
vt 0.126545 0.353683
vt 0.226928 0.415572
vt 0.072815 0.344070
vt 0.052945 0.407278
vt 0.096885 0.396844
vt 0.148444 0.479701
vt 0.089406 0.467895
vt 0.085268 0.501907
vt 0.226018 0.468552
vt 0.840005 0.446820
vt 0.823227 0.439396
vt 0.801170 0.472459
vt 0.719505 0.438781
vt 0.396093 0.392507
vt 0.439628 0.418214
vt 0.946919 0.496415
vt 0.952836 0.488450
vt 0.946429 0.495321
vt 0.952863 0.465996
vt 0.945035 0.467459
vt 0.963817 0.474146
vt 0.931469 0.487439
vt 0.920424 0.483026
vt 0.930401 0.502366
vt 0.948382 0.520374
vt 0.958030 0.517576
vt 0.945649 0.517303
vt 0.967727 0.486087
vt 0.958919 0.491334
vt 0.968946 0.497214
vt 0.970952 0.497230
vt 0.973312 0.491309
vt 0.933408 0.469661
vt 0.781043 0.514029
vt 0.784989 0.510451
vt 0.924848 0.497334
vt 0.940438 0.517255
vt 0.933024 0.469279
vt 0.857408 0.435544
vt 0.866445 0.441184
vt 0.793092 0.534045
vt 0.848299 0.518655
vt 0.840185 0.475607
vt 0.800745 0.522683
vt 0.855176 0.508040
vt 0.821059 0.540746
vt 0.848328 0.536673
vt 0.843551 0.540195
vt 0.807766 0.488878
vt 0.846388 0.548018
vt 0.857854 0.531770
vt 0.919927 0.485947
vt 0.928343 0.462940
vt 0.900263 0.482403
vt 0.805450 0.470941
vt 0.823928 0.471255
vt 0.911061 0.493861
vt 0.895810 0.497680
vt 0.923377 0.500799
vt 0.871298 0.500371
vt 0.869019 0.505392
vt 0.891141 0.494729
vt 0.914383 0.542281
vt 0.904766 0.546277
vt 0.914996 0.508962
vt 0.924002 0.524890
vt 0.903364 0.548896
vt 0.888621 0.542773
vt 0.886019 0.551681
vt 0.893733 0.500704
vt 0.920290 0.530441
vt 0.859789 0.516125
vt 0.864947 0.515701
vt 0.912634 0.538553
vt 0.872826 0.507130
vt 0.877053 0.506721
vt 0.905254 0.540213
vt 0.897556 0.526390
vt 0.894306 0.526230
vt 0.898881 0.520314
vt 0.893269 0.526987
vt 0.881830 0.527740
vt 0.889643 0.528151
vt 0.890938 0.527948
vt 0.896312 0.507754
vt 0.908441 0.510530
vt 0.871307 0.515050
vt 0.887676 0.503334
vt 0.893454 0.491421
vt 0.901989 0.531828
vt 0.889990 0.502339
vt 0.886526 0.513257
vt 0.909437 0.488748
vt 0.908680 0.485902
vt 0.910195 0.491595
vt 0.910953 0.494442
vt 0.912399 0.506711
vt 0.912226 0.504355
vt 0.912054 0.502000
vt 0.913255 0.513543
vt 0.913041 0.511835
vt 0.912827 0.510127
vt 0.883063 0.524175
vt 0.879599 0.535093
vt 0.890031 0.538946
vt 0.912445 0.516242
vt 0.911634 0.518942
vt 0.910013 0.524342
vt 0.910824 0.521642
vt 0.907456 0.484452
vt 0.905007 0.481552
vt 0.906231 0.483002
vt 0.869938 0.537449
vt 0.879687 0.540655
vt 0.865107 0.538627
vt 0.862460 0.541083
vt 0.861368 0.540444
vt 0.874768 0.536271
vt 0.872165 0.541508
vt 0.868404 0.541935
vt 0.894712 0.480108
vt 0.891778 0.474877
vt 0.895131 0.476336
vt 0.877248 0.470370
vt 0.866523 0.479498
vt 0.847305 0.482920
vt 0.860276 0.539805
vt 0.876160 0.543657
vt 0.857700 0.538296
vt 0.910553 0.526352
vt 0.838137 0.506898
vt 0.855677 0.514011
vt 0.841113 0.492598
vt 0.875926 0.541082
vt 0.882033 0.541693
vt 0.878848 0.543014
vt 0.687172 0.551322
vt 0.200330 0.449288
vt 0.600891 0.585243
vt 0.699119 0.563621
vt 0.689355 0.587214
vt 0.177975 0.362471
vt 0.201658 0.330916
vt 0.255695 0.391386
vt 0.678691 0.404610
vt 0.667064 0.368675
vt 0.741649 0.410177
vt 0.694973 0.375813
vt 0.663133 0.375642
vt 0.673550 0.474377
vt 0.746578 0.430079
vt 0.701248 0.432959
vt 0.680718 0.441736
vt 0.736637 0.457236
vt 0.767192 0.447750
vt 0.773646 0.461940
vt 0.706527 0.537569
vt 0.686710 0.512773
vt 0.722952 0.533746
vt 0.724440 0.418383
vt 0.380837 0.381835
vt 0.724416 0.411261
vt 0.782109 0.510933
vt 0.790065 0.535224
vt 0.718033 0.531632
vt 0.185894 0.474355
vt 0.143275 0.482686
vt 0.190705 0.475742
vt 0.138477 0.348277
vt 0.071973 0.338666
vt 0.136402 0.328977
vt 0.046732 0.402865
vt 0.032447 0.383094
vt 0.037754 0.358042
vt 0.093788 0.500105
vt 0.083817 0.474369
vt 0.192285 0.455171
vt 0.719637 0.439187
vt 0.800654 0.471744
vt 0.690967 0.485454
vt 0.922394 0.484323
vt 0.921460 0.492276
vt 0.919820 0.481889
vt 0.929048 0.500760
vt 0.941928 0.513907
vt 0.957591 0.493318
vt 0.965509 0.495260
vt 0.921309 0.496493
vt 0.952879 0.488253
vt 0.958789 0.491175
vt 0.957569 0.491351
vt 0.956567 0.503308
vt 0.945588 0.495329
vt 0.864258 0.432837
vt 0.862806 0.441816
vt 0.856351 0.436985
vt 0.864728 0.433146
vt 0.871481 0.468208
vt 0.857919 0.472464
vt 0.823977 0.471127
vt 0.891433 0.494503
vt 0.911115 0.493932
vt 0.800504 0.522038
vt 0.821097 0.540671
vt 0.847610 0.516760
vt 0.848567 0.536612
vt 0.836613 0.449460
vt 0.804218 0.472193
vt 0.809021 0.487471
vt 0.787396 0.522753
vt 0.851776 0.561952
vt 0.913998 0.506644
vt 0.895292 0.497541
vt 0.924023 0.523633
vt 0.941001 0.518118
vt 0.885784 0.551482
vt 0.886913 0.544891
vt 0.902277 0.539593
vt 0.893444 0.501131
vt 0.908372 0.510517
vt 0.919795 0.530278
vt 0.878394 0.541499
vt 0.877895 0.548425
vt 0.860792 0.529804
vt 0.864982 0.515635
vt 0.871692 0.519501
vt 0.865949 0.525837
vt 0.897839 0.526391
vt 0.909436 0.535680
vt 0.897491 0.520777
vt 0.881096 0.527590
vt 0.874183 0.508534
vt 0.896431 0.507603
vt 0.885998 0.530371
vt 0.887398 0.503841
vt 0.869480 0.480578
vt 0.878365 0.470402
vt 0.870388 0.536544
vt 0.897294 0.477278
vt 0.891504 0.499384
vt 0.859276 0.513366
vt 0.838285 0.507790
vt 0.839461 0.495252
vt 0.885071 0.471958
vt 0.881718 0.470499
vt 0.888424 0.473417
vt 0.913445 0.518016
vt 0.911882 0.499644
vt 0.912613 0.508419
vt 0.847371 0.483905
vt 0.874541 0.510602
vt 0.911355 0.528204
vt 0.912458 0.534400
vt 0.704895 0.564036
vt 0.586187 0.581410
vt 0.218731 0.453501
vt 0.612573 0.599036
vt 0.329788 0.362860
vt 0.438946 0.363836
vt 0.369966 0.335923
vt 0.200612 0.379426
vt 0.255722 0.392636
vt 0.711657 0.383752
vt 0.669993 0.385791
vt 0.739900 0.409787
vt 0.665216 0.371048
vt 0.682406 0.405990
vt 0.749767 0.458711
vt 0.679910 0.441423
vt 0.705049 0.433048
vt 0.688495 0.443878
vt 0.673389 0.475188
vt 0.723554 0.535425
vt 0.733018 0.494585
vt 0.702694 0.536940
vt 0.405794 0.450766
vt 0.311330 0.393033
vt 0.510985 0.513203
vt 0.469322 0.535572
vt 0.704503 0.553391
vt 0.489564 0.550950
vt 0.700292 0.565981
vt 0.818379 0.555458
vt 0.793401 0.537899
vt 0.957569 0.491338
vt 0.957596 0.493329
vt 0.371102 0.524228
vt 0.449989 0.545918
vt 0.304571 0.445656
vt 0.035991 0.422026
vt 0.071234 0.493910
vt 0.044268 0.420627
vt 0.062335 0.499300
vt 0.075900 0.503732
vt 0.040403 0.364496
vt 0.392058 0.505270
vt 0.699928 0.502624
vt 0.071395 0.326936
vt 0.146514 0.325225
vt 0.115117 0.320354
vt 0.237502 0.380090
vt 0.204265 0.360711
vt 0.243371 0.378201
vt 0.333585 0.378072
vt 0.835818 0.560593
vt 0.728063 0.573818
vt 0.741048 0.573777
vt 0.951064 0.488512
vt 0.956029 0.502501
vt 0.962083 0.510308
vt 0.963319 0.512720
vt 0.872906 0.468048
vt 0.847210 0.556406
vt 0.866120 0.549156
vt 0.877963 0.548487
vt 0.864428 0.525373
vt 0.879565 0.541887
vt 0.895343 0.525473
vt 0.892232 0.527744
vt 0.896380 0.524715
vt 0.888349 0.528355
vt 0.887275 0.529882
vt 0.893873 0.487650
vt 0.894292 0.483879
vt 0.899457 0.478219
vt 0.901620 0.479160
vt 0.863551 0.541723
vt 0.853460 0.524857
vt 0.879483 0.470434
vt 0.891096 0.545197
vt 0.884795 0.543323
vt 0.868491 0.502585
vt 0.889850 0.492478
vt 0.912844 0.525125
vt 0.852768 0.526362
vt 0.849972 0.533771
vt 0.909704 0.505442
vt 0.903783 0.480101
vt 0.911710 0.497288
vt 0.876003 0.543794
vt 0.880600 0.470466
vt 0.261551 0.521574
vt 0.526517 0.520604
vt 0.708680 0.565670
vt 0.317796 0.564553
vt 0.178604 0.518902
vt 0.118676 0.455859
vt 0.121025 0.465844
vt 0.729286 0.579947
vt 0.493833 0.590483
vt 0.566852 0.592799
vt 0.206108 0.446945
vt 0.139069 0.446433
vt 0.306790 0.396937
vt 0.493777 0.407740
vt 0.525344 0.401754
vt 0.522096 0.394715
vt 0.756470 0.502309
vt 0.510023 0.542829
vt 0.439053 0.515280
vt 0.702233 0.559456
vt 0.394377 0.393052
vt 0.817366 0.555806
vt 0.932691 0.469829
vt 0.436487 0.426984
vt 0.338350 0.432780
vt 0.233885 0.386289
vt 0.244835 0.379219
vt 0.501110 0.551200
vt 0.379581 0.522343
vt 0.225529 0.478463
vt 0.207852 0.362489
vt 0.188707 0.472579
vt 0.045011 0.429691
vt 0.100220 0.382436
vt 0.052376 0.364749
vt 0.235598 0.418459
vt 0.401418 0.480729
vt 0.229951 0.470282
vt 0.829952 0.431756
vt 0.827263 0.446722
vt 0.068310 0.327682
vt 0.144769 0.324785
vt 0.116846 0.320463
vt 0.281598 0.375032
vt 0.836175 0.560715
vt 0.677295 0.572611
vt 0.951069 0.488509
vt 0.946190 0.495884
vt 0.945226 0.468254
vt 0.932934 0.469339
vt 0.926376 0.461581
vt 0.870447 0.503986
vt 0.866984 0.501408
vt 0.815751 0.553726
vt 0.903644 0.483339
vt 0.856090 0.507482
vt 0.847284 0.547326
vt 0.843464 0.558532
vt 0.841298 0.540980
vt 0.859661 0.517250
vt 0.865779 0.547149
vt 0.914681 0.541490
vt 0.871974 0.506502
vt 0.887054 0.528558
vt 0.851237 0.523156
vt 0.849551 0.530520
vt 0.852548 0.535279
vt 0.855124 0.536788
vt 0.882505 0.544024
vt 0.850938 0.521141
vt 0.295691 0.534191
vt 0.493475 0.407584
vt 0.682477 0.517703
vt 0.745430 0.429913
vt 0.756216 0.504340
vt 0.772429 0.456528
vt 0.888838 0.510886
vt 0.906455 0.514842
vt 0.876779 0.530786
vt 0.870500 0.525446
vt 0.912531 0.526426
vt 0.905363 0.537664
vt 0.907523 0.541130
vt 0.871341 0.535299
vt 0.907178 0.514177
vt 0.907859 0.501222
vt 0.674057 0.575993
vt 0.864643 0.542362
vt 0.904754 0.548132
s 1
f 1998/1749/2321 1749/1750/2322 1775/1751/2323
f 2006/1752/2324 1987/1753/2325 1776/1754/2326
f 1755/1755/2327 1767/1756/2328 1763/1757/2329
f 1758/1758/2330 1771/1759/2331 1766/1760/2332
f 1989/1761/2333 1994/1762/2334 1779/1763/2335
f 1993/1764/2336 1763/1757/2329 1989/1761/2333
f 1796/1765/2337 1984/1766/2338 1762/1767/2339
f 1749/1750/2322 1991/1768/2340 1984/1766/2338
f 1752/1769/2341 1761/1770/2342 1991/1768/2340
f 1752/1769/2341 1991/1768/2340 1749/1750/2322
f 1768/1771/2343 1795/1772/2344 1791/1773/2345
f 1783/1774/2346 2013/1775/2347 1793/1776/2348
f 1789/1777/2349 1790/1778/2350 2158/1779/2351
f 1784/1780/2352 2159/1781/2353 2008/1782/2354
f 2010/1783/2355 1795/1772/2344 2009/1784/2356
f 1764/1785/2357 1900/1786/2358 1788/1787/2359
f 1764/1785/2357 1788/1787/2359 2009/1784/2356
f 1790/1778/2350 1789/1777/2349 1794/1788/2360
f 1762/1767/2339 1799/1789/2361 2019/1790/2362
f 1785/1791/2363 1815/1792/2364 2008/1782/2354
f 1794/1788/2360 2013/1775/2347 2015/1793/2365
f 1783/1774/2346 2015/1793/2365 2013/1775/2347
f 1786/1794/2366 1796/1765/2337 2017/1795/2367
f 2021/1796/2368 2019/1790/2362 1799/1789/2361
f 1806/1797/2369 1798/1798/2370 2018/1799/2371
f 1803/1800/2372 1798/1798/2370 1806/1797/2369
f 1801/1801/2373 1806/1797/2369 2018/1799/2371
f 1814/1802/2374 1806/1797/2369 1800/1803/2375
f 2160/1804/2376 2018/1799/2371 1798/1798/2370
f 1801/1801/2373 1811/1805/2377 1800/1803/2375
f 1800/1803/2375 1811/1805/2377 1816/1806/2378
f 2016/1807/2379 1797/1808/2380 2020/1809/2381
f 2014/1810/2382 1812/1811/2383 1796/1765/2337
f 2019/1790/2362 2160/1804/2376 2014/1810/2382
f 2019/1790/2362 2021/1796/2368 2018/1799/2371
f 1783/1774/2346 1797/1808/2380 2015/1793/2365
f 1813/1812/2384 1818/1813/2385 1808/1814/2386
f 1802/1815/2387 1803/1800/2372 1817/1816/2388
f 1804/1817/2389 1818/1813/2385 1813/1812/2384
f 1815/1792/2364 1784/1780/2352 2008/1782/2354
f 1819/1818/2390 2135/1819/2391 1784/1780/2352
f 2161/1820/2392 2022/1821/2393 1815/1792/2364
f 1823/1822/2394 1827/1823/2395 1824/1824/2396
f 1818/1813/2385 2026/1825/2397 2161/1820/2392
f 2161/1820/2392 2023/1826/2398 2022/1821/2393
f 2162/1827/2399 1829/1828/2400 1817/1816/2388
f 2023/1826/2398 1825/1829/2401 1819/1818/2390
f 2026/1825/2397 1830/1830/2402 2035/1831/2403
f 1826/1832/2404 1825/1829/2401 2024/1833/2405
f 2031/1834/2406 2163/1835/2407 2032/1836/2408
f 2025/1837/2409 2028/1838/2410 2027/1839/2411
f 2026/1825/2397 1809/1840/2412 1832/1841/2413
f 1829/1828/2400 1835/1842/2414 2035/1831/2403
f 2035/1831/2403 2033/1843/2415 2026/1825/2397
f 1820/1844/2416 2070/1845/2417 2036/1846/2418
f 2036/1846/2418 2070/1845/2417 2037/1847/2419
f 2071/1848/2420 2070/1845/2417 1843/1849/2421
f 2072/1850/2422 2070/1845/2417 2071/1848/2420
f 2073/1851/2423 2070/1845/2417 2072/1850/2422
f 1851/1852/2424 2070/1845/2417 2076/1853/2425
f 2076/1853/2425 2070/1845/2417 2075/1854/2426
f 1838/1855/2427 2070/1845/2417 2079/1856/2428
f 2079/1856/2428 2070/1845/2417 2078/1857/2429
f 2038/1858/2430 2070/1845/2417 1821/1859/2431
f 2070/1845/2417 2048/1860/2417 1821/1859/2431
f 2067/1861/2432 2070/1845/2417 1838/1855/2427
f 2068/1862/2433 2070/1845/2417 2067/1861/2432
f 1849/1863/2434 2070/1845/2417 2069/1864/2435
f 2069/1864/2435 2070/1845/2417 2068/1862/2433
f 1843/1849/2421 2070/1845/2417 2054/1865/2436
f 2070/1845/2417 2052/1866/2437 2053/1867/2438
f 2070/1845/2417 2053/1867/2438 2054/1865/2436
f 2040/1868/2439 2164/1869/2440 2039/1870/2441
f 2164/1869/2440 2059/1871/2442 2060/1872/2443
f 2041/1873/2444 2164/1869/2440 2040/1868/2439
f 2164/1869/2440 2056/1874/2445 2057/1875/2446
f 2042/1876/2447 2066/1877/2448 1839/1878/2449
f 1842/1879/2450 2166/1880/2451 1848/1881/2452
f 1837/1882/2453 2086/1883/2454 2061/1884/2455
f 2069/1864/2435 2082/1885/2417 1849/1863/2434
f 1847/1886/2456 1854/1887/2457 1840/1888/2458
f 2055/1889/2459 2083/1890/2460 2167/1891/2461
f 1840/1888/2458 1854/1887/2457 1848/1881/2452
f 2169/1892/2462 2093/1893/2463 1862/1894/2464
f 2169/1892/2462 1862/1894/2464 1860/1895/2465
f 2089/1896/2466 1860/1895/2465 1862/1894/2464
f 2096/1897/2467 1872/1898/2468 2095/1899/2469
f 1876/1900/2470 2170/1901/2471 1874/1902/2472
f 2171/1903/2473 1875/1904/2474 1876/1900/2470
f 2170/1901/2471 1875/1904/2474 2171/1903/2473
f 2172/1905/2475 1881/1906/2476 1880/1907/2477
f 2172/1905/2475 1880/1907/2477 2098/1908/2478
f 2173/1909/2479 1881/1906/2476 2100/1910/2480
f 2173/1909/2479 2100/1910/2480 1882/1911/2481
f 1878/1912/2482 1879/1913/2483 2099/1914/2484
f 1881/1906/2476 2173/1909/2479 1880/1907/2477
f 2098/1908/2478 2173/1909/2479 1879/1913/2483
f 1884/1915/2485 2118/1916/2486 1772/1917/2487
f 1922/1918/2488 2125/1919/2489 2116/1920/2490
f 1988/1921/2491 1778/1922/2492 1777/1923/2493
f 1902/1924/2494 1894/1925/2495 1892/1926/2496
f 1895/1927/2497 2113/1928/2498 1782/1929/2499
f 2003/1930/2500 2111/1931/2501 1893/1932/2502
f 2108/1933/2503 1897/1934/2504 2107/1935/2505
f 1914/1936/2506 1910/1937/2507 1908/1938/2508
f 1916/1939/2509 1909/1940/2510 1910/1937/2507
f 1903/1941/2511 2124/1942/2512 1900/1786/2358
f 1933/1943/2513 1910/1937/2507 1909/1940/2510
f 1917/1944/2514 1911/1945/2515 1904/1946/2516
f 1898/1947/2517 1914/1936/2506 1915/1948/2518
f 2103/1949/2519 2128/1950/2520 1913/1951/2521
f 1983/1952/2522 1783/1774/2346 2103/1949/2519
f 1928/1953/2523 1920/1954/2524 2130/1955/2525
f 1928/1953/2523 1929/1956/2526 1920/1954/2524
f 1929/1956/2526 1928/1953/2523 1931/1957/2527
f 2130/1955/2525 1920/1954/2524 1927/1958/2528
f 2129/1959/2529 1926/1960/2530 1932/1961/2531
f 2130/1955/2525 2126/1962/2532 1928/1953/2523
f 2127/1963/2533 1923/1964/2534 2132/1965/2535
f 1787/1966/2536 2135/1819/2391 1824/1824/2396
f 2118/1916/2486 1998/1749/2321 1775/1751/2323 1772/1917/2487
f 1933/1943/2513 1937/1967/2537 2136/1968/2538
f 1934/1969/2539 1937/1967/2537 1936/1970/2540
f 2138/1971/2541 1942/1972/2542 2140/1973/2543
f 2141/1974/2544 2136/1968/2538 1937/1967/2537
f 1948/1975/2545 1937/1967/2537 1941/1976/2546
f 1934/1969/2539 1941/1976/2546 1937/1967/2537
f 1946/1977/2547 2178/1978/2548 2177/1979/2549
f 1944/1980/2550 1950/1981/2551 1943/1982/2552
f 2140/1973/2543 2139/1983/2553 1945/1984/2554
f 2144/1985/2555 2031/1834/2556 2032/1836/2557
f 2028/1838/2558 2142/1986/2559 2027/1839/2560
f 1951/1987/2561 2142/1986/2559 1950/1981/2551
f 1949/1988/2562 2141/1974/2544 1948/1975/2545
f 2144/1985/2555 1948/1975/2545 1941/1976/2546
f 2142/1986/2559 2143/1989/2563 1946/1977/2547
f 2145/1990/2564 1951/1987/2561 2141/1974/2544
f 1945/1984/2554 2139/1983/2553 1941/1976/2546
f 1842/1879/2565 2180/1991/2566 2047/1992/2567
f 2149/1993/2568 1837/1882/2569 2061/1884/2570
f 2049/1994/2571 1961/1995/2572 1839/1878/2573
f 1957/1996/2574 1952/1997/2575 1953/1998/2576
f 2064/1999/2577 1961/1995/2572 1841/2000/2578
f 2066/1877/2579 1961/1995/2572 2065/2001/2580
f 2075/1854/2581 1955/2002/2582 2074/2003/2583
f 2076/1853/2584 1955/2002/2582 2075/1854/2581
f 2077/2004/2585 1955/2002/2582 1851/1852/2586
f 2078/1857/2587 1955/2002/2582 2077/2004/2585
f 1957/1996/2574 1953/1998/2576 1954/2005/2588
f 1962/2006/2589 1957/1996/2574 1954/2005/2588
f 2147/2007/2590 1955/2002/2582 1859/2008/2591
f 1965/2009/2592 1967/2010/2593 2183/2011/2594
f 1965/2009/2592 2089/1896/2466 2092/2012/2595
f 1872/1898/2468 2096/1897/2467 2151/2013/2596
f 1870/2014/2597 1871/2015/2598 2151/2013/2596
f 2096/1897/2467 2097/2016/2599 1970/2017/2600
f 2151/2013/2596 1871/2015/2598 1872/1898/2468
f 1971/2018/2601 1972/2019/2602 2153/2020/2603
f 2152/2021/2604 1972/2019/2602 1971/2018/2601
f 1973/2022/2605 2152/2021/2604 2153/2020/2603
f 2184/2023/2606 1978/2024/2607 1979/2025/2608
f 1980/2026/2609 1978/2024/2607 1977/2027/2610
f 1975/2028/2611 2185/2029/2612 2154/2030/2613
f 1990/2031/2614 1761/1770/2342 1986/2032/2615
f 1760/2033/2616 1753/2034/2617 1981/2035/2618
f 1749/1750/2322 1998/1749/2321 1752/1769/2341
f 1753/2034/2617 1982/2036/2619 1997/2037/2620
f 1981/2035/2618 1753/2034/2617 1997/2037/2620
f 1983/1952/2522 1775/1751/2323 1749/1750/2322
f 1983/1952/2522 1749/1750/2322 1984/1766/2338
f 1981/2035/2618 1750/2038/2621 2012/2039/2622
f 2012/2039/2622 1799/1789/2361 1981/2035/2618
f 1786/1794/2366 1983/1952/2522 1984/1766/2338
f 2009/1784/2356 1769/2040/2623 1751/2041/2624
f 1985/2042/2625 1774/2043/2626 1982/2036/2619
f 1987/1753/2325 1985/2042/2625 1753/2034/2617
f 1987/1753/2325 2006/1752/2324 1985/2042/2625
f 1988/1921/2491 1777/1923/2493 1776/1754/2326
f 1988/1921/2491 1776/1754/2326 1993/1764/2336
f 1763/1757/2329 1995/2044/2627 1986/2032/2615
f 1767/1756/2328 1755/1755/2327 1758/1758/2330
f 1758/1758/2330 1766/1760/2332 1767/1756/2328
f 1781/2045/2628 1756/2046/2629 1757/2047/2630
f 1780/2048/2631 2004/2049/2632 1779/1763/2335
f 1759/2050/2633 1771/1759/2331 1758/1758/2330
f 1759/2050/2633 2113/1928/2498 1757/2047/2630
f 2113/1928/2498 1781/2045/2628 1757/2047/2630
f 1771/1759/2331 1759/2050/2633 1757/2047/2630
f 1756/2046/2629 1994/1762/2334 1757/2047/2630
f 1756/2046/2629 1779/1763/2335 1994/1762/2334
f 1989/1761/2333 1763/1757/2329 1994/1762/2334
f 1763/1757/2329 1767/1756/2328 1766/1760/2332
f 1993/1764/2336 1995/2044/2627 1763/1757/2329
f 1987/1753/2325 1992/2051/2634 1993/1764/2336
f 1785/1791/2363 1790/1778/2350 2016/1807/2379
f 1996/2052/2635 1799/1789/2361 1762/1767/2339
f 1991/1768/2340 1996/2052/2635 1762/1767/2339
f 1990/2031/2614 1996/2052/2635 1761/1770/2342
f 1992/2051/2634 1760/2033/2616 1990/2031/2614
f 1755/1755/2327 2157/2053/2636 1758/1758/2330
f 1755/1755/2327 2005/2054/2637 2002/2055/2638
f 1754/2056/2639 2001/2057/2640 1755/1755/2327
f 2001/2057/2640 2005/2054/2637 1755/1755/2327
f 1754/2056/2639 2000/2058/2641 2001/2057/2640
f 1752/1769/2341 1998/1749/2321 1999/2059/2642
f 1751/2041/2624 1764/1785/2357 2009/1784/2356
f 2011/2060/2643 2007/2061/2644 1787/1966/2536
f 1750/2038/2621 2007/2061/2644 2011/2060/2643
f 2119/2062/2645 1787/1966/2536 2007/2061/2644
f 1997/2037/2620 1982/2036/2619 2007/2061/2644
f 1795/1772/2344 1769/2040/2623 2009/1784/2356
f 1768/1771/2343 1770/2063/2646 1795/1772/2344
f 1790/1778/2350 1785/1791/2363 2158/1779/2351
f 1791/1773/2345 1789/1777/2349 1792/2064/2647
f 2008/1782/2354 2158/1779/2351 1785/1791/2363
f 2158/1779/2351 1765/2065/2648 1792/2064/2647
f 1765/2065/2648 2158/1779/2351 2008/1782/2354
f 1765/2065/2648 2159/1781/2353 1901/2066/2649
f 2158/1779/2351 1792/2064/2647 1789/1777/2349
f 1791/1773/2345 1795/1772/2344 1789/1777/2349
f 1788/1787/2359 2010/1783/2355 2009/1784/2356
f 2010/1783/2355 1793/1776/2348 2013/1775/2347
f 1789/1777/2349 1795/1772/2344 1794/1788/2360
f 2017/1795/2367 1983/1952/2522 1786/1794/2366
f 1785/1791/2363 1808/1814/2386 1815/1792/2364
f 1797/1808/2380 1783/1774/2346 2017/1795/2367
f 1762/1767/2339 2019/1790/2362 2014/1810/2382
f 1798/1798/2370 1803/1800/2372 1804/1817/2389
f 1813/1812/2384 2020/1809/2381 1798/1798/2370
f 1798/1798/2370 1804/1817/2389 1813/1812/2384
f 1798/1798/2370 1805/2067/2650 1812/1811/2383
f 1812/1811/2383 2160/1804/2376 1798/1798/2370
f 1807/2068/2651 1811/1805/2377 1801/1801/2373
f 2021/1796/2368 1801/1801/2373 2018/1799/2371
f 1814/1802/2374 1816/1806/2378 1806/1797/2369
f 2016/1807/2379 2020/1809/2381 1808/1814/2386
f 1813/1812/2384 1808/1814/2386 2020/1809/2381
f 1805/2067/2650 1796/1765/2337 1812/1811/2383
f 2019/1790/2362 2018/1799/2371 2160/1804/2376
f 1750/2038/2621 2011/2060/2643 1807/2068/2651
f 2015/1793/2365 1790/1778/2350 1794/1788/2360
f 1811/1805/2377 1807/2068/2651 1810/2069/2652
f 1808/1814/2386 1818/1813/2385 2161/1820/2392
f 1818/1813/2385 1802/1815/2387 1817/1816/2388
f 1811/1805/2377 1810/2069/2652 1816/1806/2378
f 1810/2069/2652 1807/2068/2651 1824/1824/2396
f 1819/1818/2390 1823/1822/2394 1824/1824/2396
f 1810/2069/2652 1824/1824/2396 1822/2070/2653
f 2162/1827/2399 1806/1797/2369 1816/1806/2378
f 1814/1802/2374 1800/1803/2375 1816/1806/2378
f 2162/1827/2399 1828/2071/2654 1829/1828/2400
f 1826/1832/2404 1823/1822/2394 1819/1818/2390
f 1784/1780/2352 2022/1821/2393 1819/1818/2390
f 1808/1814/2386 2161/1820/2392 1815/1792/2364
f 2161/1820/2392 2026/1825/2397 1832/1841/2413
f 1827/1823/2395 2025/1837/2409 1831/2072/2655
f 1831/2072/2655 1824/1824/2396 1827/1823/2395
f 1822/2070/2653 1824/1824/2396 1831/2072/2655
f 1830/1830/2402 2026/1825/2397 1817/1816/2388
f 1832/1841/2413 1825/1829/2401 2023/1826/2398
f 1816/1806/2378 1831/2072/2655 1828/2071/2654
f 1835/1842/2414 1829/1828/2400 1828/2071/2654
f 2031/1834/2656 2024/1833/2405 2030/2073/2657
f 1833/2074/2658 1826/1832/2404 2032/1836/2659
f 2163/1835/2407 1836/2075/2660 2024/1833/2405
f 2025/1837/2409 2029/2076/2661 2028/1838/2410
f 2025/1837/2409 2035/1831/2403 1835/1842/2414
f 2025/1837/2409 2163/1835/2407 1809/1840/2412
f 1809/1840/2412 2035/1831/2403 2025/1837/2409
f 2033/1843/2415 2035/1831/2403 1809/1840/2412
f 1832/1841/2413 1809/1840/2412 2163/1835/2407
f 2026/1825/2397 2033/1843/2415 1809/1840/2412
f 2029/2076/2662 2034/2077/2663 2028/1838/2664
f 1827/1823/2395 2034/2077/2663 2025/1837/2409
f 1830/1830/2402 1829/1828/2400 2035/1831/2403
f 2074/2003/2665 2075/1854/2426 2070/1845/2417
f 1851/1852/2424 2077/2004/2666 2070/1845/2417
f 2077/2004/2666 2078/1857/2429 2070/1845/2417
f 2070/1845/2417 1820/1844/2416 2044/2078/2667
f 2070/1845/2417 2044/2078/2667 2043/2079/2668
f 2070/1845/2417 2043/2079/2668 2042/1876/2447
f 2070/1845/2417 2049/1994/2669 2050/2080/2670
f 2070/1845/2417 2050/2080/2670 2051/2081/2671
f 2055/1889/2672 2056/1874/2445 2164/1869/2440
f 2058/2082/2673 2059/1871/2442 2164/1869/2440
f 2165/2083/2674 2041/1873/2675 2040/1868/2676
f 2042/1876/2677 2166/1880/2451 2066/1877/2678
f 1840/1888/2458 1848/1881/2452 2166/1880/2451
f 2166/1880/2451 2047/1992/2679 2046/2084/2680
f 1842/1879/2450 2047/1992/2679 2166/1880/2451
f 2166/1880/2451 2064/1999/2681 2065/2001/2682
f 2086/1883/2454 2167/1891/2461 1963/2085/2683
f 2086/1883/2454 1963/2085/2683 1857/2086/2684
f 1848/1881/2452 2080/2087/2685 1852/2088/2686
f 1855/2089/2687 2069/1864/2688 2068/1862/2689
f 2069/1864/2688 1855/2089/2687 2082/1885/2690
f 1855/2089/2687 2068/1862/2689 2067/1861/2691
f 1855/2089/2687 2067/1861/2691 1838/1855/2692
f 1847/1886/2456 2165/2083/2674 2081/2090/2693
f 2081/2090/2693 2165/2083/2674 1846/2091/2694
f 1853/2092/2695 1844/2093/2696 2051/2081/2697
f 1853/2092/2695 2051/2081/2697 2050/2080/2698
f 1853/2092/2695 1843/1849/2699 2054/1865/2700
f 1853/2092/2695 2054/1865/2700 2053/1867/2701
f 1853/2092/2695 2053/1867/2701 2052/1866/2702
f 1853/2092/2695 2052/1866/2702 1844/2093/2696
f 1853/2092/2695 2073/1851/2703 2072/1850/2704
f 1853/2092/2695 2072/1850/2704 2071/1848/2705
f 1853/2092/2695 2071/1848/2705 1843/1849/2699
f 1852/2088/2686 2066/1877/2706 2065/2001/2707
f 1839/1878/2708 2066/1877/2706 1852/2088/2686
f 2065/2001/2707 2064/1999/2709 1852/2088/2686
f 2064/1999/2709 1841/2000/2710 1852/2088/2686
f 1853/2092/2695 2075/1854/2711 2074/2003/2712
f 1851/1852/2713 2076/1853/2714 1853/2092/2695
f 2076/1853/2714 2075/1854/2711 1853/2092/2695
f 2074/2003/2712 1850/2094/2715 1853/2092/2695
f 2167/1891/2461 2083/1890/2460 1958/2095/2716
f 2055/1889/2672 2164/1869/2440 2083/1890/2417
f 1855/2089/2687 2079/1856/2717 2078/1857/2718
f 2078/1857/2718 2077/2004/2719 1855/2089/2687
f 1852/2088/2686 1841/2000/2710 2045/2096/2720
f 1852/2088/2686 2045/2096/2720 2046/2084/2721
f 1852/2088/2686 2046/2084/2721 2047/1992/2722
f 2080/2087/2685 1848/1881/2452 1854/1887/2457
f 1867/2097/2723 1862/1894/2464 2093/1893/2463
f 2088/2098/2724 1860/1895/2465 1964/2099/2725
f 1865/2100/2726 1867/2097/2723 2090/2101/2727
f 2089/1896/2466 1862/1894/2464 2092/2012/2595
f 1966/2102/2728 1863/2103/2729 2093/1893/2463
f 2089/1896/2466 1861/2104/2730 1860/1895/2465
f 2150/2105/2731 1864/2106/2732 1862/1894/2464
f 1867/2097/2723 2150/2105/2731 1862/1894/2464
f 1863/2103/2729 1867/2097/2723 2093/1893/2463
f 2093/1893/2463 1866/2107/2733 2091/2108/2734
f 2096/1897/2467 2095/1899/2469 2097/2016/2599
f 1873/2109/2735 2095/1899/2469 2094/2110/2736
f 1873/2109/2735 2094/2110/2736 1868/2111/2737
f 1868/2111/2737 2094/2110/2736 1869/2112/2738
f 1871/2015/2598 1870/2014/2597 1872/1898/2468
f 2094/2110/2736 1870/2014/2597 1869/2112/2738
f 2170/1901/2471 2171/1903/2473 1874/1902/2472
f 1876/1900/2470 1875/1904/2474 2170/1901/2471
f 1876/1900/2470 1874/1902/2472 2171/1903/2473
f 1882/1911/2481 2172/1905/2475 1878/1912/2482
f 1877/2113/2739 1882/1911/2481 1878/1912/2482
f 1881/1906/2476 2172/1905/2475 1882/1911/2481
f 2099/1914/2484 2173/1909/2479 1877/2113/2739
f 1879/1913/2483 2173/1909/2479 2099/1914/2484
f 1877/2113/2739 1878/1912/2482 2099/1914/2484
f 1881/1906/2476 1882/1911/2481 2100/1910/2480
f 2172/1905/2475 2098/1908/2478 1879/1913/2483
f 1883/2114/2740 2110/2115/2741 1885/2116/2742
f 2118/1916/2486 1884/1915/2485 1887/2117/2743
f 1885/2116/2742 2110/2115/2741 2116/1920/2490
f 1775/1751/2323 2103/1949/2519 1772/1917/2487
f 2125/1919/2489 1886/2118/2744 2116/1920/2490
f 1904/1946/2516 1911/1945/2515 2124/1942/2512
f 1903/1941/2511 1904/1946/2516 2124/1942/2512
f 1912/2119/2745 1914/1936/2506 1908/1938/2508
f 1896/2120/2746 2115/2121/2747 2104/2122/2748
f 1887/2117/2743 2104/2122/2748 1889/2123/2749
f 1883/2114/2740 2101/2124/2750 1888/2125/2751
f 1890/2126/2752 2006/1752/2324 1776/1754/2326
f 1888/2125/2751 1774/2043/2626 2006/1752/2324
f 1890/2126/2752 1776/1754/2326 1777/1923/2493
f 2105/2127/2753 2104/2122/2748 1892/1926/2496
f 1889/2123/2749 2104/2122/2748 2105/2127/2753
f 1893/1932/2502 1778/1922/2492 2003/1930/2500
f 1893/1932/2502 2174/2128/2754 1778/1922/2492
f 1780/2048/2631 1781/2045/2628 2106/2129/2755
f 2111/1931/2501 2004/2049/2632 1780/2048/2631
f 2112/2130/2756 1907/2131/2757 1894/1925/2495
f 1895/1927/2497 1781/2045/2628 2113/1928/2498
f 1907/2131/2757 1895/1927/2497 1782/1929/2499
f 2112/2130/2756 1893/1932/2502 2111/1931/2501
f 2112/2130/2756 1902/1924/2494 1899/2132/2758
f 2114/2133/2759 1891/2134/2760 1899/2132/2758
f 1784/1780/2352 1936/1970/2540 1909/1940/2510
f 1910/1937/2507 1933/1943/2513 1908/1938/2508
f 2102/2135/2761 1913/1951/2521 2109/2136/2762
f 1897/1934/2504 2108/1933/2503 2109/2136/2762
f 2107/1935/2505 1896/2120/2746 2108/1933/2503
f 1887/2117/2743 2108/1933/2503 1896/2120/2746
f 1887/2117/2743 1884/1915/2485 2108/1933/2503
f 2114/2133/2759 2107/1935/2505 2110/2115/2741
f 1883/2114/2740 1888/2125/2751 2110/2115/2741
f 2123/2137/2763 1894/1925/2495 1782/1929/2499
f 1894/1925/2495 2123/2137/2763 1892/1926/2496
f 2121/2138/2764 1892/1926/2496 2122/2139/2765
f 1892/1926/2496 2121/2138/2764 2105/2127/2753
f 2120/2140/2766 1889/2123/2749 2000/2058/2641
f 2118/1916/2486 1887/2117/2743 2120/2140/2766
f 2175/2141/2767 1787/1966/2536 2119/2062/2645
f 2119/2062/2645 1886/2118/2744 2175/2141/2767
f 2117/2142/2768 1885/2116/2742 2119/2062/2645
f 1906/2143/2769 1905/2144/2770 1917/1944/2514
f 1783/1774/2346 1793/1776/2348 1919/2145/2771
f 1910/1937/2507 1914/1936/2506 1916/1939/2509
f 1917/1944/2514 1905/2144/2770 1915/1948/2518
f 1898/1947/2517 1909/1940/2510 1916/1939/2509
f 2159/1781/2353 1898/1947/2517 1901/2066/2649
f 2159/1781/2353 1909/1940/2510 1898/1947/2517
f 1916/1939/2509 1914/1936/2506 1898/1947/2517
f 1793/1776/2348 1788/1787/2359 1911/1945/2515
f 1914/1936/2506 1917/1944/2514 1915/1948/2518
f 1917/1944/2514 1919/2145/2771 1793/1776/2348
f 1788/1787/2359 1900/1786/2358 2124/1942/2512
f 1912/2119/2745 1917/1944/2514 1914/1936/2506
f 1922/1918/2488 1897/1934/2504 2127/1963/2533
f 1912/2119/2745 1921/2146/2772 1919/2145/2771
f 1918/2147/2773 1783/1774/2346 1919/2145/2771
f 1918/2147/2773 1919/2145/2771 1921/2146/2772
f 1936/1970/2540 1933/1943/2513 1909/1940/2510
f 1918/2147/2773 2128/1950/2520 1783/1774/2346
f 2103/1949/2519 1783/1774/2346 2128/1950/2520
f 1938/2148/2774 1924/2149/2775 1929/1956/2526
f 2125/1919/2489 2132/1965/2535 2176/2150/2776
f 2127/1963/2533 2132/1965/2535 1922/1918/2488
f 2131/2151/2777 1931/1957/2527 1928/1953/2523
f 1929/1956/2526 1924/2149/2775 2133/2152/2778
f 1920/1954/2524 2133/2152/2778 1926/1960/2530
f 2129/1959/2529 1927/1958/2528 1926/1960/2530
f 1923/1964/2534 2130/1955/2525 1927/1958/2528
f 2134/2153/2779 2176/2150/2776 2129/1959/2529
f 1927/1958/2528 2129/1959/2529 2132/1965/2535
f 2134/2153/2779 1930/2154/2780 2176/2150/2776
f 1932/1961/2531 2177/1979/2549 1925/2155/2781
f 1926/1960/2530 1935/2156/2782 1932/1961/2531
f 1921/2146/2772 2131/2151/2777 1918/2147/2773
f 2131/2151/2777 1921/2146/2772 1908/1938/2508
f 2131/2151/2777 1933/1943/2513 1931/1957/2527
f 2127/1963/2533 2126/1962/2532 2130/1955/2525
f 1923/1964/2534 2127/1963/2533 2130/1955/2525
f 1927/1958/2528 2132/1965/2535 1923/1964/2534
f 2128/1950/2520 1918/2147/2773 1928/1953/2523
f 2131/2151/2777 1928/1953/2523 1918/2147/2773
f 2175/2141/2767 1930/2154/2780 1787/1966/2536
f 1929/1956/2526 2136/1968/2538 1938/2148/2774
f 1935/2156/2782 2133/2152/2778 1938/2148/2774
f 1924/2149/2775 1938/2148/2774 2133/2152/2778
f 1933/1943/2513 2136/1968/2538 1931/1957/2527
f 2137/2157/2783 2134/2153/2779 2177/1979/2549
f 2137/2157/2783 1930/2154/2780 2134/2153/2779
f 1787/1966/2536 1930/2154/2780 2138/1971/2541
f 2135/1819/2391 1787/1966/2536 2138/1971/2541
f 1935/2156/2782 2177/1979/2549 1932/1961/2531
f 1925/2155/2781 2177/1979/2549 2134/2153/2779
f 1944/1980/2550 2177/1979/2549 1935/2156/2782
f 1934/1969/2539 1936/1970/2540 1939/2158/2784
f 1936/1970/2540 2135/1819/2391 1939/2158/2784
f 1941/1976/2546 1934/1969/2539 1939/2158/2784
f 1936/1970/2540 1937/1967/2537 1933/1943/2513
f 2141/1974/2544 1951/1987/2561 1947/2159/2785
f 1946/1977/2547 2143/1989/2563 1942/1972/2542
f 1946/1977/2547 1942/1972/2542 2178/1978/2548
f 2138/1971/2541 2178/1978/2548 1942/1972/2542
f 1941/1976/2546 1939/2158/2784 1945/1984/2554
f 1945/1984/2554 1939/2158/2784 2140/1973/2543
f 1943/1982/2552 2177/1979/2549 1944/1980/2550
f 1944/1980/2550 1951/1987/2561 1950/1981/2551
f 2031/1834/2786 2139/1983/2553 2032/1836/2787
f 2139/1983/2553 2031/1834/2786 2030/2073/2788
f 1836/2075/2789 2139/1983/2553 2030/2073/2788
f 2144/1985/2555 2139/1983/2553 1836/2075/2789
f 2140/1973/2543 1942/1972/2542 2143/1989/2563
f 2144/1985/2555 1836/2075/2789 2030/2073/2790
f 2144/1985/2555 2030/2073/2790 2031/1834/2556
f 2145/1990/2564 1949/1988/2562 1951/1987/2561
f 1949/1988/2562 2142/1986/2559 1951/1987/2561
f 2144/1985/2555 1949/1988/2562 1948/1975/2545
f 1949/1988/2562 2145/1990/2564 2141/1974/2544
f 2143/1989/2563 1834/2160/2791 2029/2076/2792
f 2028/1838/2793 2143/1989/2563 2029/2076/2792
f 1833/2074/2794 2140/1973/2543 2027/1839/2795
f 2142/1986/2559 1946/1977/2547 1950/1981/2551
f 1941/1976/2546 2139/1983/2553 2144/1985/2555
f 2179/2161/2796 1952/1997/2575 2146/2162/2797
f 2179/2161/2796 2063/2163/2798 2062/2164/2799
f 2179/2161/2796 2038/1858/2800 2037/1847/2801
f 2066/1877/2802 2180/1991/2566 2042/1876/2803
f 1842/1879/2565 1954/2005/2588 2180/1991/2566
f 1953/1998/2576 1952/1997/2575 1954/2005/2588
f 2179/2161/2796 1820/1844/2804 2044/2078/2805
f 1958/2095/2716 1960/2165/2806 1963/2085/2683
f 2060/1872/2807 1958/2095/2716 2059/1871/2808
f 2063/2163/2809 2149/1993/2568 2062/2164/2810
f 1859/2008/2591 2082/1885/2690 1855/2089/2687
f 2082/1885/2690 1859/2008/2591 2069/1864/2811
f 1957/1996/2574 1959/2166/2812 1952/1997/2575
f 2055/1889/2813 1958/2095/2716 2083/1890/2460
f 1964/2099/2725 1965/2009/2592 2183/2011/2594
f 2183/2011/2594 1967/2010/2593 1968/2167/2814
f 1965/2009/2592 1964/2099/2725 1861/2104/2730
f 2089/1896/2466 1965/2009/2592 1861/2104/2730
f 2091/2108/2734 2183/2011/2594 1966/2102/2728
f 1864/2106/2732 1967/2010/2593 2092/2012/2595
f 2183/2011/2594 1968/2167/2814 1863/2103/2729
f 1873/2109/2735 1970/2017/2600 2097/2016/2599
f 1969/2168/2815 1873/2109/2735 1868/2111/2737
f 1969/2168/2815 1868/2111/2737 1869/2112/2738
f 2151/2013/2596 2096/1897/2467 1970/2017/2600
f 2153/2020/2603 1972/2019/2602 1973/2022/2605
f 2152/2021/2604 1973/2022/2605 1972/2019/2602
f 1978/2024/2607 2184/2023/2606 1976/2169/2816
f 1976/2169/2816 1977/2027/2610 1978/2024/2607
f 1980/2026/2609 2185/2029/2612 2155/2170/2817
f 2185/2029/2612 1974/2171/2818 2156/2172/2819
f 2156/2172/2819 2155/2170/2817 2185/2029/2612
f 1979/2025/2608 1980/2026/2609 2155/2170/2817
f 1978/2024/2607 1980/2026/2609 1979/2025/2608
f 1974/2171/2818 2185/2029/2612 1975/2028/2611
f 2184/2023/2606 1979/2025/2608 2155/2170/2817
f 1977/2027/2610 1976/2169/2816 1980/2026/2609
f 2185/2029/2612 1980/2026/2609 1976/2169/2816
f 2184/2023/2606 2155/2170/2817 2156/2172/2819
f 1852/2088/2686 2168/2173/2820 1856/2174/2821
f 1962/2006/2589 2182/2175/2822 1957/1996/2574
f 2147/2007/2590 1963/2085/2683 1960/2165/2806
f 1858/2176/2823 2080/2087/2685 1854/1887/2457
f 1855/2089/2687 1853/2092/2695 2084/2177/2824
f 2085/2178/2825 1859/2008/2591 2084/2177/2824
f 2181/2179/2826 2085/2178/2825 1857/2086/2684
f 2168/2173/2820 1858/2176/2823 1857/2086/2684
f 1858/2176/2823 2087/2180/2827 1857/2086/2684
f 1857/2086/2684 2084/2177/2824 1856/2174/2821
f 1856/2174/2821 2168/2173/2820 1857/2086/2684
f 2080/2087/2685 1858/2176/2823 2168/2173/2820
f 2087/2180/2827 2086/1883/2454 1857/2086/2684
f 1858/2176/2823 1854/1887/2457 2087/2180/2827
f 1854/1887/2457 2081/2090/2693 2087/2180/2827
f 1963/2085/2683 2147/2007/2590 2181/2179/2826
f 2147/2007/2590 1859/2008/2591 2181/2179/2826
f 2182/2175/2822 2147/2007/2590 1960/2165/2806
f 2148/2181/2828 1962/2006/2589 1961/1995/2572
f 1959/2166/2812 1957/1996/2574 2149/1993/2568
f 2182/2175/2822 2149/1993/2568 1957/1996/2574
f 1955/2002/2582 2147/2007/2590 1956/2182/2829
f 1961/1995/2572 1956/2182/2829 2148/2181/2828
f 2121/2138/2764 2122/2139/2765 2002/2055/2638 2005/2054/2637
f 1773/2183/2830 1982/2036/2619 1774/2043/2626
f 1981/2035/2618 1996/2052/2635 1760/2033/2616
f 1983/1952/2522 2103/1949/2519 1775/1751/2323
f 1799/1789/2361 1996/2052/2635 1981/2035/2618
f 1981/2035/2618 1997/2037/2620 1750/2038/2621
f 1986/2032/2615 1761/1770/2342 1752/1769/2341
f 1995/2044/2627 1990/2031/2614 1986/2032/2615
f 1985/2042/2625 1982/2036/2619 1753/2034/2617
f 1993/1764/2336 1776/1754/2326 1987/1753/2325
f 1985/2042/2625 2006/1752/2324 1774/2043/2626
f 1754/2056/2639 1763/1757/2329 1986/2032/2615
f 1755/1755/2327 1763/1757/2329 1754/2056/2639
f 1989/1761/2333 1778/1922/2492 1988/1921/2491
f 1781/2045/2628 1780/2048/2631 1756/2046/2629
f 1756/2046/2629 1780/2048/2631 1779/1763/2335
f 1779/1763/2335 2004/2049/2632 2003/1930/2500
f 1759/2050/2633 1782/1929/2499 2113/1928/2498
f 1771/1759/2331 1757/2047/2630 1994/1762/2334
f 1771/1759/2331 1994/1762/2334 1766/1760/2332
f 1989/1761/2333 1988/1921/2491 1993/1764/2336
f 1766/1760/2332 1994/1762/2334 1763/1757/2329
f 1987/1753/2325 1753/2034/2617 1992/2051/2634
f 1993/1764/2336 1992/2051/2634 1995/2044/2627
f 1995/2044/2627 1992/2051/2634 1990/2031/2614
f 1786/1794/2366 1984/1766/2338 1796/1765/2337
f 1984/1766/2338 1991/1768/2340 1762/1767/2339
f 1996/2052/2635 1991/1768/2340 1761/1770/2342
f 1996/2052/2635 1990/2031/2614 1760/2033/2616
f 1992/2051/2634 1753/2034/2617 1760/2033/2616
f 1758/1758/2330 2157/2053/2636 1759/2050/2633
f 1759/2050/2633 2157/2053/2636 1782/1929/2499
f 1782/1929/2499 2157/2053/2636 2123/2137/2763
f 2157/2053/2636 1755/1755/2327 2002/2055/2638
f 1889/2123/2749 2105/2127/2753 2001/2057/2640 2000/2058/2641
f 1999/2059/2642 2000/2058/2641 1754/2056/2639 1986/2032/2615
f 1768/1771/2343 1791/1773/2345 1792/2064/2647 1765/2065/2648
f 2000/2058/2641 1999/2059/2642 2120/2140/2766
f 1986/2032/2615 1752/1769/2341 1999/2059/2642
f 1999/2059/2642 1998/1749/2321 2118/1916/2486
f 2007/2061/2644 1982/2036/2619 1773/2183/2830
f 1750/2038/2621 1997/2037/2620 2007/2061/2644
f 1795/1772/2344 1770/2063/2646 1769/2040/2623
f 2013/1775/2347 1794/1788/2360 1795/1772/2344 2010/1783/2355
f 1765/2065/2648 2008/1782/2354 2159/1781/2353
f 2010/1783/2355 1788/1787/2359 1793/1776/2348
f 1805/2067/2650 2020/1809/2381 1797/1808/2380 2017/1795/2367
f 2014/1810/2382 1796/1765/2337 1762/1767/2339
f 2017/1795/2367 1783/1774/2346 1983/1952/2522
f 2021/1796/2368 2012/2039/2622 1750/2038/2621
f 1804/1817/2389 1803/1800/2372 1802/1815/2387
f 1801/1801/2373 1800/1803/2375 1806/1797/2369
f 1798/1798/2370 2020/1809/2381 1805/2067/2650
f 1801/1801/2373 2021/1796/2368 1807/2068/2651
f 2021/1796/2368 1750/2038/2621 1807/2068/2651
f 2016/1807/2379 2015/1793/2365 1797/1808/2380
f 1807/2068/2651 2011/2060/2643 1787/1966/2536
f 2160/1804/2376 1812/1811/2383 2014/1810/2382
f 1803/1800/2372 1806/1797/2369 2162/1827/2399 1817/1816/2388
f 2017/1795/2367 1796/1765/2337 1805/2067/2650
f 2016/1807/2379 1808/1814/2386 1785/1791/2363
f 2021/1796/2368 1799/1789/2361 2012/2039/2622
f 2015/1793/2365 2016/1807/2379 1790/1778/2350
f 1826/1832/2404 2024/1833/2405 2031/1834/2656 2032/1836/2659
f 1818/1813/2385 1804/1817/2389 1802/1815/2387
f 1810/2069/2652 1822/2070/2653 1816/1806/2378
f 1815/1792/2364 2022/1821/2393 1784/1780/2352
f 1824/1824/2396 1807/2068/2651 1787/1966/2536
f 1826/1832/2404 1819/1818/2390 1825/1829/2401
f 1828/2071/2654 2162/1827/2399 1816/1806/2378
f 1819/1818/2390 2022/1821/2393 2023/1826/2398
f 1826/1832/2404 1827/1823/2395 1823/1822/2394
f 1817/1816/2388 2026/1825/2397 1818/1813/2385
f 1832/1841/2413 2023/1826/2398 2161/1820/2392
f 1829/1828/2400 1830/1830/2402 1817/1816/2388
f 1831/2072/2655 1816/1806/2378 1822/2070/2653
f 1836/2075/2660 2030/2073/2657 2024/1833/2405
f 1828/2071/2654 1831/2072/2655 2025/1837/2409 1835/1842/2414
f 2032/1836/2408 2163/1835/2407 2025/1837/2409 1833/2074/2831
f 1834/2160/2832 2029/2076/2661 2025/1837/2409 2034/2077/2663
f 2163/1835/2407 2030/2073/2833 1836/2075/2660
f 2163/1835/2407 2031/1834/2406 2030/2073/2833
f 1826/1832/2404 1833/2074/2658 2027/1839/2834 2034/2077/2663
f 2027/1839/2411 1833/2074/2831 2025/1837/2409
f 2034/2077/2663 1827/1823/2395 1826/1832/2404
f 1825/1829/2401 1832/1841/2413 2163/1835/2407 2024/1833/2405
f 2027/1839/2834 2028/1838/2664 2034/2077/2663
f 2029/2076/2662 1834/2160/2832 2034/2077/2663
f 1850/2094/2835 2074/2003/2665 2070/1845/2417 2073/1851/2423
f 2042/1876/2447 1839/1878/2449 2049/1994/2669 2070/1845/2417
f 2070/1845/2417 2038/1858/2430 2037/1847/2419
f 2051/2081/2671 1844/2093/2836 2052/1866/2437 2070/1845/2417
f 2039/1870/2441 2164/1869/2440 2060/1872/2443 1837/1882/2837
f 1821/1859/2431 2048/1860/2417 2164/1869/2440 2041/1873/2444
f 2058/2082/2673 2164/1869/2440 2057/1875/2446 1845/2184/2838
f 1821/1859/2839 2041/1873/2675 2165/2083/2674 2038/1858/2840
f 2165/2083/2674 1820/1844/2841 2036/1846/2842
f 2165/2083/2674 2036/1846/2842 2037/1847/2843
f 1837/1882/2844 2061/1884/2845 2165/2083/2674 2039/1870/2846
f 2165/2083/2674 2037/1847/2843 2038/1858/2840
f 1840/1888/2458 2166/1880/2451 2165/2083/2674 1847/1886/2456
f 2165/2083/2674 2061/1884/2845 2062/2164/2847
f 2040/1868/2676 2039/1870/2846 2165/2083/2674
f 2165/2083/2674 2063/2163/2848 1846/2091/2694
f 2165/2083/2674 2062/2164/2847 2063/2163/2848
f 2044/2078/2849 2165/2083/2674 2166/1880/2451 2043/2079/2850
f 2166/1880/2451 2042/1876/2677 2043/2079/2850
f 2065/2001/2682 2066/1877/2678 2166/1880/2451
f 2165/2083/2674 2044/2078/2849 1820/1844/2841
f 1841/2000/2851 2064/1999/2681 2166/1880/2451 2045/2096/2852
f 1845/2184/2853 2167/1891/2461 2086/1883/2454 2058/2082/2854
f 2046/2084/2680 2045/2096/2852 2166/1880/2451
f 1963/2085/2683 2167/1891/2461 1958/2095/2716
f 2086/1883/2454 1837/1882/2453 2060/1872/2855
f 2060/1872/2855 2059/1871/2856 2086/1883/2454
f 2086/1883/2454 2059/1871/2856 2058/2082/2854
f 2063/2163/2857 2086/1883/2454 2081/2090/2693 1846/2091/2694
f 2050/2080/2698 2049/1994/2858 1852/2088/2686 1853/2092/2695
f 2063/2163/2857 2062/2164/2859 2086/1883/2454
f 2086/1883/2454 2062/2164/2859 2061/1884/2455
f 1854/1887/2457 1847/1886/2456 2081/2090/2693
f 2077/2004/2719 1851/1852/2713 1853/2092/2695 1855/2089/2687
f 1852/2088/2686 2049/1994/2858 1839/1878/2708
f 1853/2092/2695 1850/2094/2715 2073/1851/2703
f 2167/1891/2461 1845/2184/2853 2057/1875/2860
f 2167/1891/2461 2057/1875/2860 2056/1874/2861
f 2167/1891/2461 2056/1874/2861 2055/1889/2459
f 1855/2089/2687 1838/1855/2692 2079/1856/2717
f 1848/1881/2452 1852/2088/2686 2047/1992/2722 1842/1879/2450
f 2088/2098/2724 1866/2107/2733 2093/1893/2463 2169/1892/2462
f 1859/2008/2591 1855/2089/2687 2084/2177/2824
f 2169/1892/2462 1860/1895/2465 2088/2098/2724
f 2103/1949/2519 2102/2135/2761 1884/1915/2485 1772/1917/2487
f 1964/2099/2725 1860/1895/2465 1861/2104/2730
f 2090/2101/2727 1867/2097/2723 1863/2103/2729
f 2091/2108/2734 1966/2102/2728 2093/1893/2463
f 1864/2106/2732 2092/2012/2595 1862/1894/2464
f 1867/2097/2723 1865/2100/2726 2150/2105/2731
f 1870/2014/2597 2094/2110/2736 2095/1899/2469
f 2095/1899/2469 1872/1898/2468 1870/2014/2597
f 1873/2109/2735 2097/2016/2599 2095/1899/2469
f 2172/1905/2475 1879/1913/2483 1878/1912/2482
f 1882/1911/2481 1877/2113/2739 2173/1909/2479
f 2173/1909/2479 2098/1908/2478 1880/1907/2477
f 2101/2124/2750 1773/2183/2830 1774/2043/2626
f 1883/2114/2740 2117/2142/2768 2101/2124/2750
f 1989/1761/2333 1779/1763/2335 2003/1930/2500 1778/1922/2492
f 1886/2118/2744 1885/2116/2742 2116/1920/2490
f 1913/1951/2521 2102/2135/2761 2103/1949/2519
f 1887/2117/2743 1896/2120/2746 2104/2122/2748
f 1888/2125/2751 2101/2124/2750 1774/2043/2626
f 1890/2126/2752 1888/2125/2751 2006/1752/2324
f 2174/2128/2754 1890/2126/2752 1777/1923/2493
f 2174/2128/2754 1891/2134/2760 1890/2126/2752
f 2104/2122/2748 2115/2121/2747 1899/2132/2758
f 2104/2122/2748 1899/2132/2758 1902/1924/2494
f 1892/1926/2496 2104/2122/2748 1902/1924/2494
f 1890/2126/2752 1891/2134/2760 2110/2115/2741 1888/2125/2751
f 1778/1922/2492 2174/2128/2754 1777/1923/2493
f 1894/1925/2495 1902/1924/2494 2112/2130/2756
f 2111/1931/2501 1780/2048/2631 2106/2129/2755
f 2111/1931/2501 2003/1930/2500 2004/2049/2632
f 1895/1927/2497 2106/2129/2755 1781/2045/2628
f 2111/1931/2501 2106/2129/2755 1895/1927/2497
f 1907/2131/2757 2111/1931/2501 1895/1927/2497
f 2112/2130/2756 2111/1931/2501 1907/2131/2757
f 1893/1932/2502 1891/2134/2760 2174/2128/2754
f 1899/2132/2758 1891/2134/2760 1893/1932/2502
f 1899/2132/2758 1893/1932/2502 2112/2130/2756
f 2114/2133/2759 2110/2115/2741 1891/2134/2760
f 1913/1951/2521 2128/1950/2520 2126/1962/2532 2109/2136/2762
f 2115/2121/2747 2114/2133/2759 1899/2132/2758
f 1884/1915/2485 2102/2135/2761 2109/2136/2762 2108/1933/2503
f 2107/1935/2505 1897/1934/2504 1922/1918/2488 2116/1920/2490
f 2123/2137/2763 2157/2053/2636 2002/2055/2638 2122/2139/2765
f 2116/1920/2490 2110/2115/2741 2107/1935/2505
f 2114/2133/2759 1896/2120/2746 2107/1935/2505
f 1896/2120/2746 2114/2133/2759 2115/2121/2747
f 1894/1925/2495 1907/2131/2757 1782/1929/2499
f 2122/2139/2765 1892/1926/2496 2123/2137/2763
f 2121/2138/2764 2005/2054/2637 2001/2057/2640 2105/2127/2753
f 1898/1947/2517 1915/1948/2518 1905/2144/2770 1901/2066/2649
f 2120/2140/2766 1887/2117/2743 1889/2123/2749
f 1999/2059/2642 2118/1916/2486 2120/2140/2766
f 2117/2142/2768 1883/2114/2740 1885/2116/2742
f 1773/2183/2830 2117/2142/2768 2119/2062/2645
f 2007/2061/2644 1773/2183/2830 2119/2062/2645
f 1773/2183/2830 2101/2124/2750 2117/2142/2768
f 2119/2062/2645 1885/2116/2742 1886/2118/2744
f 1904/1946/2516 1906/2143/2769 1917/1944/2514
f 2109/2136/2762 2126/1962/2532 2127/1963/2533 1897/1934/2504
f 1784/1780/2352 1909/1940/2510 2159/1781/2353
f 1793/1776/2348 1911/1945/2515 1917/1944/2514
f 2124/1942/2512 1911/1945/2515 1788/1787/2359
f 1917/1944/2514 1912/2119/2745 1919/2145/2771
f 1886/2118/2744 2176/2150/2776 1930/2154/2780 2175/2141/2767
f 1886/2118/2744 2125/1919/2489 2176/2150/2776
f 1932/1961/2531 1925/2155/2781 2129/1959/2529
f 1920/1954/2524 1929/1956/2526 2133/2152/2778
f 1920/1954/2524 1926/1960/2530 1927/1958/2528
f 2129/1959/2529 2176/2150/2776 2132/1965/2535
f 2129/1959/2529 1925/2155/2781 2134/2153/2779
f 1933/1943/2513 2131/2151/2777 1908/1938/2508
f 1928/1953/2523 2126/1962/2532 2128/1950/2520
f 2136/1968/2538 2141/1974/2544 1947/2159/2785 1938/2148/2774
f 2125/1919/2489 1922/1918/2488 2132/1965/2535
f 1921/2146/2772 1912/2119/2745 1908/1938/2508
f 1935/2156/2782 1926/1960/2530 2133/2152/2778
f 1929/1956/2526 1931/1957/2527 2136/1968/2538
f 2177/1979/2549 2178/1978/2548 2137/2157/2783
f 2138/1971/2541 1940/2185/2862 2135/1819/2391
f 2138/1971/2541 1930/2154/2780 2137/2157/2783
f 2138/1971/2541 2137/2157/2783 2178/1978/2548
f 1819/1818/2390 1824/1824/2396 2135/1819/2391
f 1936/1970/2540 1784/1780/2352 2135/1819/2391
f 2135/1819/2391 1940/2185/2862 1939/2158/2784
f 2140/1973/2543 1940/2185/2862 2138/1971/2541
f 1937/1967/2537 1948/1975/2545 2141/1974/2544
f 1938/2148/2774 1947/2159/2785 1944/1980/2550 1935/2156/2782
f 1833/2074/2794 2032/1836/2787 2139/1983/2553 2140/1973/2543
f 2177/1979/2549 1943/1982/2552 1946/1977/2547
f 2140/1973/2543 1939/2158/2784 1940/2185/2862
f 2142/1986/2559 2144/1985/2555 2032/1836/2557 1833/2074/2863
f 1950/1981/2551 1946/1977/2547 1943/1982/2552
f 1834/2160/2791 2143/1989/2563 2142/1986/2559 2029/2076/2864
f 2142/1986/2559 1833/2074/2863 2027/1839/2560
f 2143/1989/2563 2028/1838/2793 2027/1839/2795 2140/1973/2543
f 2142/1986/2559 2028/1838/2558 2029/2076/2864
f 2142/1986/2559 1949/1988/2562 2144/1985/2555
f 1846/2091/2865 2063/2163/2798 2179/2161/2796 2146/2162/2797
f 1951/1987/2561 1944/1980/2550 1947/2159/2785
f 1837/1882/2866 2039/1870/2867 2179/2161/2796 2061/1884/2868
f 1821/1859/2869 2038/1858/2800 2179/2161/2796 2041/1873/2870
f 2179/2161/2796 2039/1870/2867 2040/1868/2871
f 2062/2164/2799 2061/1884/2868 2179/2161/2796
f 2179/2161/2796 2180/1991/2566 1954/2005/2588 1952/1997/2575
f 2179/2161/2796 2040/1868/2871 2041/1873/2870
f 2036/1846/2872 1820/1844/2804 2179/2161/2796
f 2037/1847/2801 2036/1846/2872 2179/2161/2796
f 1841/2000/2873 2045/2096/2874 2180/1991/2566 2064/1999/2875
f 2180/1991/2566 2066/1877/2802 2065/2001/2876
f 2043/2079/2877 2042/1876/2803 2180/1991/2566
f 2044/2078/2805 2043/2079/2877 2180/1991/2566 2179/2161/2796
f 2180/1991/2566 2045/2096/2874 2046/2084/2878
f 2180/1991/2566 2065/2001/2876 2064/1999/2875
f 2180/1991/2566 2046/2084/2878 2047/1992/2567
f 1958/2095/2716 2060/1872/2807 1837/1882/2569 2149/1993/2568
f 2146/2162/2797 2149/1993/2568 2063/2163/2809 1846/2091/2865
f 2149/1993/2568 1960/2165/2806 1958/2095/2716
f 1845/2184/2879 2058/2082/2880 1958/2095/2716
f 2058/2082/2880 2059/1871/2808 1958/2095/2716
f 2050/2080/2881 1956/2182/2829 1961/1995/2572 2049/1994/2571
f 2061/1884/2570 2062/2164/2810 2149/1993/2568
f 1962/2006/2589 1954/2005/2588 1961/1995/2572
f 1838/1855/2882 2067/1861/2883 1859/2008/2591
f 1859/2008/2591 2067/1861/2883 2068/1862/2884
f 1859/2008/2591 2068/1862/2884 2069/1864/2811
f 2146/2162/2797 1952/1997/2575 1959/2166/2812
f 2146/2162/2797 1959/2166/2812 2149/1993/2568
f 1956/2182/2829 2051/2081/2885 1844/2093/2886
f 2072/1850/2887 1955/2002/2582 1956/2182/2829 2071/1848/2888
f 1956/2182/2829 2050/2080/2881 2051/2081/2885
f 1956/2182/2829 2054/1865/2889 1843/1849/2890
f 1956/2182/2829 1844/2093/2886 2052/1866/2891
f 1956/2182/2829 2052/1866/2891 2053/1867/2892
f 1956/2182/2829 2053/1867/2892 2054/1865/2889
f 1955/2002/2582 2073/1851/2893 1850/2094/2894
f 1956/2182/2829 1843/1849/2890 2071/1848/2888
f 1838/1855/2882 1859/2008/2591 1955/2002/2582 2079/1856/2895
f 1955/2002/2582 2072/1850/2887 2073/1851/2893
f 1961/1995/2572 2066/1877/2579 1839/1878/2573
f 1961/1995/2572 2064/1999/2577 2065/2001/2580
f 1955/2002/2582 2076/1853/2584 1851/1852/2586
f 1850/2094/2894 2074/2003/2583 1955/2002/2582
f 2057/1875/2896 1845/2184/2879 1958/2095/2716
f 2055/1889/2813 2056/1874/2897 1958/2095/2716
f 2056/1874/2897 2057/1875/2896 1958/2095/2716
f 1954/2005/2588 1842/1879/2565 2047/1992/2898 1961/1995/2572
f 1955/2002/2582 2078/1857/2587 2079/1856/2895
f 1961/1995/2572 2045/2096/2899 1841/2000/2578
f 1865/2100/2726 1968/2167/2814 1967/2010/2593 2150/2105/2731
f 1961/1995/2572 2047/1992/2898 2046/2084/2900
f 1961/1995/2572 2046/2084/2900 2045/2096/2899
f 2183/2011/2594 1866/2107/2733 1964/2099/2725
f 2088/2098/2724 1964/2099/2725 1866/2107/2733
f 2090/2101/2727 1968/2167/2814 1865/2100/2726
f 2150/2105/2731 1967/2010/2593 1864/2106/2732
f 1863/2103/2729 1968/2167/2814 2090/2101/2727
f 1870/2014/2597 2151/2013/2596 1969/2168/2815 1869/2112/2738
f 1965/2009/2592 2092/2012/2595 1967/2010/2593
f 2183/2011/2594 2091/2108/2734 1866/2107/2733
f 1863/2103/2729 1966/2102/2728 2183/2011/2594
f 2151/2013/2596 1970/2017/2600 1969/2168/2815
f 1873/2109/2735 1969/2168/2815 1970/2017/2600
f 1976/2169/2816 2184/2023/2606 1975/2028/2611 2154/2030/2613
f 2153/2020/2603 2152/2021/2604 1971/2018/2601
f 1974/2171/2818 1975/2028/2611 2184/2023/2606
f 1976/2169/2816 2154/2030/2613 2185/2029/2612
f 1974/2171/2818 2184/2023/2606 2156/2172/2819
f 2085/2178/2825 2181/2179/2826 1859/2008/2591
f 1963/2085/2683 2181/2179/2826 1857/2086/2684
f 1857/2086/2684 2085/2178/2825 2084/2177/2824
f 2080/2087/2685 2168/2173/2820 1852/2088/2686
f 2087/2180/2827 2081/2090/2693 2086/1883/2454
f 1852/2088/2686 1856/2174/2821 1853/2092/2695
f 1856/2174/2821 2084/2177/2824 1853/2092/2695
f 2182/2175/2822 2148/2181/2828 2147/2007/2590
f 2182/2175/2822 1960/2165/2806 2149/1993/2568
f 1962/2006/2589 2148/2181/2828 2182/2175/2822
f 2148/2181/2828 1956/2182/2829 2147/2007/2590
