# Blender 5.1.2
# www.blender.org
o Plane
v -0.566240 -0.902368 1.161283
v -2.708657 -0.146433 -1.567061
v 1.452973 -0.680076 -0.463985
vn -0.0000 -0.0000 -0.0000
s 1
f 3//1 2//1 1//1
f 2//1 3//1 1//1
o Text
v 0.832034 0.070000 -1.213237
v 0.886994 0.070000 -1.210690
v 0.900725 0.070000 -1.065912
v 0.799575 0.070000 -1.065912
v 0.799575 0.070000 -1.304612
v 0.704547 0.070000 -1.201771
v 0.661045 0.070000 -1.176408
v 0.745024 0.070000 -1.108642
v 0.670157 0.070000 -1.077811
v 0.684971 0.070000 -1.232556
v 0.529583 0.070000 -1.051377
v 0.487979 0.070000 -1.156992
v 0.507220 0.070000 -1.200881
v 0.583061 0.070000 -1.221410
v 0.597907 0.070000 -1.174675
v 0.562434 0.070000 -1.086536
v 0.417900 0.070000 -1.065912
v 0.412409 0.070000 -1.280437
v 0.323743 0.070000 -1.169078
v 0.235156 0.070000 -1.280448
v 0.229600 0.070000 -1.065912
v -0.039015 0.070000 -0.985419
v 0.005636 0.070000 -1.116609
v -0.045872 0.070000 -1.222957
v 0.072001 0.070000 -1.222991
v -0.102025 0.070000 -1.065912
v -0.102025 0.070000 -1.304612
v -0.165155 0.070000 -1.144552
v -0.191457 0.070000 -1.071233
v -0.279323 0.070000 -1.079949
v -0.315721 0.070000 -1.183701
v -0.218505 0.070000 -1.232890
v -0.262510 0.070000 -1.205057
v -0.473025 0.070000 -0.985412
v -0.473025 0.070000 -1.209062
v -0.368914 0.070000 -1.188967
v -0.346587 0.070000 -1.094862
v -0.444686 0.070000 -1.078422
v -0.644175 0.070000 -1.065912
v -0.644175 0.070000 -1.223062
v -0.649918 0.070000 -1.248262
v -0.638026 0.070000 -1.292853
v -0.726250 0.070000 -1.065912
v -0.743400 0.070000 -1.185262
v -0.877100 0.070000 -1.185262
v -0.894250 0.070000 -1.065912
v -0.894250 0.070000 -1.304612
v -0.726250 0.070000 -1.304612
v 0.832034 -0.070000 -1.213237
v 0.886994 -0.070000 -1.210690
v 0.900725 -0.070000 -1.065912
v 0.799575 -0.070000 -1.065912
v 0.799575 -0.070000 -1.304612
v 0.704547 -0.070000 -1.201771
v 0.661045 -0.070000 -1.176408
v 0.745024 -0.070000 -1.108642
v 0.670157 -0.070000 -1.077811
v 0.684971 -0.070000 -1.232556
v 0.529583 -0.070000 -1.051377
v 0.487979 -0.070000 -1.156992
v 0.507220 -0.070000 -1.200881
v 0.583061 -0.070000 -1.221410
v 0.597907 -0.070000 -1.174675
v 0.562434 -0.070000 -1.086536
v 0.417900 -0.070000 -1.065912
v 0.412409 -0.070000 -1.280437
v 0.323743 -0.070000 -1.169078
v 0.235156 -0.070000 -1.280448
v 0.229600 -0.070000 -1.065912
v -0.039015 -0.070000 -0.985419
v 0.005636 -0.070000 -1.116609
v -0.045872 -0.070000 -1.222957
v 0.072001 -0.070000 -1.222991
v -0.102025 -0.070000 -1.065912
v -0.102025 -0.070000 -1.304612
v -0.165155 -0.070000 -1.144552
v -0.191457 -0.070000 -1.071233
v -0.279323 -0.070000 -1.079949
v -0.315721 -0.070000 -1.183701
v -0.218505 -0.070000 -1.232890
v -0.262510 -0.070000 -1.205057
v -0.473025 -0.070000 -0.985412
v -0.473025 -0.070000 -1.209062
v -0.368914 -0.070000 -1.188967
v -0.346587 -0.070000 -1.094862
v -0.444686 -0.070000 -1.078422
v -0.644175 -0.070000 -1.065912
v -0.644175 -0.070000 -1.223062
v -0.659496 -0.070000 -1.255166
v -0.628043 -0.070000 -1.286619
v -0.726250 -0.070000 -1.065912
v -0.743400 -0.070000 -1.185262
v -0.877100 -0.070000 -1.185262
v -0.894250 -0.070000 -1.065912
v -0.894250 -0.070000 -1.304612
v -0.726250 -0.070000 -1.304612
v -0.734825 -0.070000 -1.107492
v -0.799011 0.070000 -1.100562
v -0.890820 -0.070000 -1.091900
v -0.799011 -0.070000 -1.269962
v -0.890820 0.070000 -1.278625
v -0.734825 0.070000 -1.263032
v -0.659750 -0.070000 -1.065912
v -0.659750 0.070000 -1.065912
v -0.638983 -0.070000 -1.223062
v -0.649367 0.070000 -1.223062
v -0.628600 -0.070000 -1.065912
v -0.628600 0.070000 -1.065912
v -0.664836 0.070000 -1.259825
v -0.664835 -0.070000 -1.281499
v -0.638067 0.070000 -1.290153
v -0.624509 -0.070000 -1.276595
v -0.624509 0.070000 -1.264729
v -0.638067 -0.070000 -1.251171
v -0.467833 0.070000 -0.985412
v -0.375518 -0.070000 -1.215719
v -0.386797 0.070000 -1.221025
v -0.352058 -0.070000 -1.102265
v -0.381139 0.070000 -1.057361
v -0.449809 -0.070000 -1.057459
v -0.447035 -0.070000 -1.092337
v -0.438913 0.070000 -1.089445
v -0.384468 -0.070000 -1.108556
v -0.381768 0.070000 -1.116896
v -0.400678 -0.070000 -1.193142
v -0.394766 0.070000 -1.190209
v -0.253675 -0.070000 -1.042483
v -0.249078 0.070000 -1.047187
v -0.314989 0.070000 -1.200788
v -0.299217 -0.070000 -1.215292
v -0.149907 0.070000 -1.190376
v -0.154969 -0.070000 -1.190566
v -0.261331 -0.070000 -1.085074
v -0.263776 0.070000 -1.086166
v -0.179180 -0.070000 -1.142293
v -0.179324 0.070000 -1.139339
v -0.263753 -0.070000 -1.204517
v -0.261259 0.070000 -1.205576
v -0.117600 -0.000000 -1.065912
v -0.096833 -0.070000 -1.304612
v -0.107217 0.070000 -1.304612
v -0.086450 -0.070000 -1.065912
v -0.086450 0.070000 -1.065912
v -0.044791 -0.070000 -0.985418
v -0.021412 0.070000 -1.002552
v -0.025643 -0.070000 -1.204104
v -0.020276 0.070000 -1.205542
v 0.047240 -0.070000 -1.205770
v 0.066179 0.070000 -1.222999
v 0.412183 -0.070000 -1.065912
v 0.362676 0.070000 -1.177921
v 0.284824 -0.070000 -1.177921
v 0.235317 0.070000 -1.065912
v 0.340560 -0.070000 -1.276839
v 0.306969 0.070000 -1.276833
v 0.453388 0.070000 -1.144846
v 0.473689 -0.070000 -1.186489
v 0.599318 -0.070000 -1.213148
v 0.602861 0.070000 -1.208948
v 0.542559 -0.070000 -1.069299
v 0.556275 0.070000 -1.074818
v 0.577440 -0.070000 -1.190874
v 0.587011 0.070000 -1.161993
v 0.567597 0.070000 -1.196530
v 0.518390 -0.070000 -1.191381
v 0.516237 0.070000 -1.188812
v 0.506450 -0.070000 -1.160412
v 0.758808 -0.070000 -1.104419
v 0.744006 0.070000 -1.073204
v 0.700478 -0.070000 -1.077264
v 0.696977 0.070000 -1.108377
v 0.662203 -0.070000 -1.208537
v 0.674773 0.070000 -1.212458
v 0.916845 0.070000 -1.189757
v 0.864084 -0.070000 -1.199582
v 0.858299 0.070000 -1.199308
v 0.794383 -0.070000 -1.065912
v 0.874917 -0.070000 -1.239028
v 0.825418 0.070000 -1.223255
vn -0.0000 1.0000 -0.0000
vn -0.0000 -1.0000 -0.0000
vn 0.8114 0.0021 -0.5845
vn 0.1097 0.0037 -0.9940
vn -0.7658 0.0024 -0.6431
vn 0.1363 0.0922 -0.9864
vn -0.8671 -0.1812 -0.4640
vn -0.8671 0.1812 0.4640
vn 0.8900 0.0928 0.4465
vn 0.8900 -0.0927 -0.4465
vn 0.1363 -0.0922 0.9864
vn -0.4356 -0.5516 0.7113
vn -0.7219 -0.3459 0.5994
vn 0.8464 -0.1153 0.5200
vn -0.9022 -0.0057 -0.4314
vn -0.8432 0.0309 -0.5367
vn 0.6889 -0.1048 -0.7172
vn -0.0832 0.0362 0.9959
vn -0.1438 -0.0598 0.9878
vn 0.9129 0.0288 -0.4072
vn -0.8370 0.0372 -0.5459
vn -0.7004 -0.0577 -0.7114
vn -0.7658 -0.0024 0.6431
vn 0.1097 -0.0037 0.9940
vn -0.0000 -0.0000 1.0000
vn 0.9795 0.0363 0.1979
vn -0.7460 -0.0210 -0.6656
vn -0.7113 0.0518 -0.7010
vn -0.1278 0.0502 0.9905
vn 0.7525 -0.1946 -0.6292
vn 0.8046 -0.1259 -0.5803
vn -0.3608 -0.7340 0.5754
vn -0.9498 -0.0921 0.2989
vn 0.9498 0.0922 0.2990
vn -0.9964 0.0277 -0.0805
vn 0.1333 -0.1621 0.9777
vn 0.3537 0.0207 0.9351
vn 0.7052 -0.0247 -0.7085
vn 0.7042 0.0978 -0.7033
vn -0.4527 -0.0150 0.8915
vn -0.9129 0.0715 0.4018
vn -0.8456 -0.0356 -0.5326
vn -0.8498 0.1150 0.5144
vn -0.4679 -0.0409 0.8828
vn 0.6515 0.2565 0.7140
vn -0.3269 0.3724 -0.8686
vn -0.4553 0.3356 -0.8247
vn 0.8938 0.3170 0.3173
vn 0.1752 -0.5544 -0.8136
vn -0.5056 0.1251 -0.8537
vn -0.6130 -0.0349 0.7893
vn 0.8629 -0.1594 0.4796
vn 0.8114 -0.0021 0.5845
vn -0.7406 -0.0275 0.6714
vn -0.0467 -0.0017 -0.9989
vn 0.0467 0.0017 -0.9989
vn 0.7406 0.0275 0.6714
vn 0.0666 0.2919 -0.9541
vn 0.1691 0.3004 -0.9387
vn 0.9266 0.0126 0.3758
vn -0.1464 -0.0331 0.9887
vn -0.0929 -0.0356 0.9950
vn 0.7827 -0.0242 -0.6220
vn 0.4639 0.0003 -0.8859
vn 0.4827 0.0003 -0.8758
vn -0.9989 0.0002 -0.0469
vn -0.9997 0.0002 -0.0250
vn 0.9146 -0.0325 -0.4030
vn 0.4310 -0.0005 0.9023
vn 0.4508 -0.0005 0.8926
vn 0.8418 -0.1037 -0.5298
vn 0.8252 -0.1115 -0.5538
vn -0.9952 -0.0738 -0.0649
vn -0.2949 0.2112 0.9319
vn -0.1471 -0.0194 -0.9889
vn 0.1473 0.0196 -0.9889
vn 0.3608 0.7340 0.5754
vn -0.8367 0.0411 -0.5462
vn 0.9655 0.0992 0.2409
vn 0.5861 0.0128 0.8101
vn 0.7950 0.0100 -0.6065
vn 0.9861 -0.0576 0.1559
vn -0.3460 -0.0531 0.9367
s 1
f 7//2 4//2 8//2
f 10//2 9//2 13//2
f 18//2 17//2 16//2
f 14//2 19//2 15//2
f 26//2 25//2 28//2
f 36//2 35//2 34//2
f 36//2 31//2 35//2
f 33//2 36//2 34//2
f 33//2 32//2 31//2
f 37//2 41//2 38//2
f 41//2 40//2 39//2
f 49//2 48//2 50//2
f 47//2 46//2 51//2
f 52//3 55//3 56//3
f 57//3 58//3 61//3
f 65//3 66//3 64//3
f 67//3 62//3 63//3
f 73//3 74//3 76//3
f 83//3 84//3 82//3
f 79//3 84//3 83//3
f 84//3 81//3 82//3
f 80//3 81//3 79//3
f 89//3 85//3 86//3
f 88//3 89//3 87//3
f 96//3 97//3 98//3
f 94//3 95//3 99//3
f 105//4 103//5 104//6
f 114//7 113//8 112//9
f 116//10 115//11 114//7
f 112//9 117//12 116//10
f 118//13 123//14 122//15
f 127//16 126//17 125//18
f 131//19 130//20 134//21
f 132//22 130//20 131//19
f 134//21 133//23 132//22
f 102//24 101//25 104//6 103//5
f 142//26 145//27 146//27
f 150//28 149//29 148//30
f 152//31 151//32 150//28
f 156//33 155//34 154//35
f 159//36 163//37 164//38
f 162//39 161//40 159//36
f 167//41 165//42 166//43
f 174//44 173//45 172//46
f 176//47 175//48 174//44
f 177//49 181//50 182//51
f 179//52 178//53 177//49
f 101//25 102//24 100//54
f 103//5 105//4 101//25 100//54
f 106//55 107//55 109//56 108//57
f 108//57 109//56 111//58 110//58
f 110//58 111//58 107//55 106//55
f 123//14 118//13 120//59 119//60
f 112//9 113//8 117//12
f 114//7 115//11 113//8
f 116//10 117//12 115//11
f 119//60 120//59 122//15 121//61
f 126//17 127//16 129//62 128//63
f 122//15 123//14 121//61
f 125//18 126//17 124//64
f 128//63 129//62 125//18 124//64
f 136//65 137//66 139//67 138//68
f 134//21 130//20 135//69
f 132//22 133//23 130//20
f 134//21 135//69 133//23
f 138//68 139//67 141//70 140//71
f 140//71 141//70 137//66 136//65
f 143//72 144//73 146//27 145//27
f 144//73 143//72 142//74
f 151//32 152//31 148//30 147//75
f 148//30 149//29 147//75
f 150//28 151//32 149//29
f 155//34 156//33 158//76 157//77
f 154//35 155//34 153//78
f 157//77 158//76 154//35 153//78
f 161//40 162//39 164//38 163//37
f 159//36 160//79 163//37
f 159//36 161//40 160//79
f 165//42 167//41 169//80 168//81
f 170//82 169//80 166//43 165//42
f 169//80 170//82 168//81
f 175//48 176//47 172//46 171//83
f 180//84 179//52 182//51 181//50
f 172//46 173//45 171//83
f 174//44 175//48 173//45
f 177//49 178//53 181//50
f 179//52 180//84 178//53
l 4 5
l 5 6
l 23 24
l 47 48
l 93 92
l 11 12
l 29 30
l 63 66
l 70 71
l 86 87
l 20 21
l 26 27
l 44 45
l 63 64
l 10 11
l 42 43
l 52 53
l 53 54
l 71 72
l 95 96
l 21 22
l 59 60
l 77 78
l 68 69
l 74 75
l 15 18
l 22 23
l 38 39
l 58 59
l 90 91
l 15 16
l 69 70
o Text.001
v 0.907725 0.070000 1.520793
v 0.913419 0.070000 1.280215
v 1.008624 0.070000 1.318576
v 1.009321 0.070000 1.409915
v 0.937534 0.070000 1.429023
v 0.807790 0.070000 1.420101
v 0.738383 0.070000 1.442108
v 0.813192 0.070000 1.342378
v 0.763808 0.070000 1.308761
v 0.758400 0.070000 1.280339
v 0.838939 0.070000 1.300453
v 0.847028 0.070000 1.434373
v 0.764795 0.070000 1.412735
v 0.598716 0.070000 1.296018
v 0.679704 0.070000 1.305564
v 0.686525 0.070000 1.440293
v 0.581350 0.070000 1.329871
v 0.587825 0.070000 1.440293
v 0.489125 0.070000 1.440293
v 0.513173 0.070000 1.300620
v 0.317275 0.070000 1.440293
v 0.317275 0.070000 1.201593
v 0.214540 0.070000 1.420101
v 0.159707 0.070000 1.446346
v 0.148839 0.070000 1.382907
v 0.224107 0.070000 1.346867
v 0.170559 0.070000 1.308761
v 0.165150 0.070000 1.280339
v 0.245689 0.070000 1.300453
v 0.253777 0.070000 1.434373
v 0.005467 0.070000 1.296018
v 0.086454 0.070000 1.305564
v 0.093275 0.070000 1.440293
v -0.011900 0.070000 1.329871
v -0.005425 0.070000 1.440293
v -0.104125 0.070000 1.440293
v -0.080077 0.070000 1.300620
v -0.217093 0.070000 1.310308
v -0.177195 0.070000 1.274960
v -0.181165 0.070000 1.307645
v -0.239225 0.070000 1.440293
v -0.303755 0.070000 1.361653
v -0.330058 0.070000 1.434972
v -0.437787 0.070000 1.429426
v -0.454319 0.070000 1.322500
v -0.357105 0.070000 1.273314
v -0.401158 0.070000 1.420599
v -0.401110 0.070000 1.301147
v -0.512007 0.070000 1.438079
v -0.706431 0.070000 1.204109
v -0.703500 0.070000 1.440293
v -0.514500 0.070000 1.201593
v -0.945000 0.070000 1.302393
v -0.862400 0.070000 1.302393
v -0.862400 0.070000 1.331093
v -0.930650 0.070000 1.331093
v -0.945000 0.070000 1.399343
v -0.959350 0.070000 1.331093
v -1.027600 0.070000 1.331093
v -1.027600 0.070000 1.302393
v -0.945000 0.070000 1.234143
v 0.976655 0.070000 0.934747
v 1.051889 0.070000 0.950686
v 1.043000 0.070000 1.090293
v 1.005138 0.070000 0.947343
v 0.941850 0.070000 1.090293
v 0.941850 0.070000 0.851593
v 0.837701 0.070000 0.953005
v 0.818236 0.070000 0.978316
v 0.901025 0.070000 1.050991
v 0.804970 0.070000 1.091227
v 0.816080 0.070000 1.065915
v 0.863167 0.070000 1.047834
v 0.774861 0.070000 0.961294
v 0.873763 0.070000 0.935556
v 0.729068 0.070000 1.092162
v 0.632152 0.070000 1.067784
v 0.633935 0.070000 1.001296
v 0.637619 0.070000 0.944383
v 0.732156 0.070000 0.947589
v 0.742897 0.070000 1.001462
v 0.704708 0.070000 1.069669
v 0.560175 0.070000 1.090293
v 0.554684 0.070000 0.875768
v 0.466018 0.070000 0.987127
v 0.377431 0.070000 0.875757
v 0.371875 0.070000 1.090293
v 0.103260 0.070000 1.170786
v 0.147911 0.070000 1.039596
v 0.096403 0.070000 0.933248
v 0.214277 0.070000 0.933214
v 0.040250 0.070000 1.090293
v 0.040250 0.070000 0.851593
v -0.022688 0.070000 1.010921
v -0.054803 0.070000 1.073758
v -0.156912 0.070000 1.079426
v -0.173446 0.070000 0.972501
v -0.080247 0.070000 0.938376
v -0.155984 0.070000 1.015378
v -0.330750 0.070000 1.170793
v -0.325057 0.070000 0.930215
v -0.229851 0.070000 0.968576
v -0.226854 0.070000 1.053607
v -0.296710 0.070000 1.080267
v -0.480220 0.070000 0.933158
v -0.537886 0.070000 1.087193
v -0.589251 0.070000 0.935834
v -0.640354 0.070000 1.087145
v -0.698574 0.070000 0.933163
v -0.740030 0.070000 1.011653
v -0.766332 0.070000 1.084972
v -0.874062 0.070000 1.079426
v -0.890596 0.070000 0.972502
v -0.793380 0.070000 0.923314
v -0.837433 0.070000 1.070600
v -0.837385 0.070000 0.951147
v -0.911925 0.070000 1.074893
v -1.036875 0.070000 1.074893
v -1.036875 0.070000 0.851593
v 0.907725 -0.070000 1.520793
v 0.913419 -0.070000 1.280215
v 1.008624 -0.070000 1.318576
v 1.009321 -0.070000 1.409915
v 0.937534 -0.070000 1.429023
v 0.807790 -0.070000 1.420101
v 0.738383 -0.070000 1.442108
v 0.813192 -0.070000 1.342378
v 0.763808 -0.070000 1.308761
v 0.758400 -0.070000 1.280339
v 0.838939 -0.070000 1.300453
v 0.847028 -0.070000 1.434373
v 0.764795 -0.070000 1.412735
v 0.598716 -0.070000 1.296018
v 0.679704 -0.070000 1.305564
v 0.686525 -0.070000 1.440293
v 0.581350 -0.070000 1.329871
v 0.587825 -0.070000 1.440293
v 0.489125 -0.070000 1.440293
v 0.513173 -0.070000 1.300620
v 0.317275 -0.070000 1.440293
v 0.317275 -0.070000 1.201593
v 0.214540 -0.070000 1.420101
v 0.159707 -0.070000 1.446346
v 0.148839 -0.070000 1.382907
v 0.224107 -0.070000 1.346867
v 0.170559 -0.070000 1.308761
v 0.165150 -0.070000 1.280339
v 0.245689 -0.070000 1.300453
v 0.253777 -0.070000 1.434373
v 0.005467 -0.070000 1.296018
v 0.086454 -0.070000 1.305564
v 0.093275 -0.070000 1.440293
v -0.011900 -0.070000 1.329871
v -0.005425 -0.070000 1.440293
v -0.104125 -0.070000 1.440293
v -0.080077 -0.070000 1.300620
v -0.217093 -0.070000 1.310308
v -0.177195 -0.070000 1.274960
v -0.181165 -0.070000 1.307645
v -0.239225 -0.070000 1.440293
v -0.303755 -0.070000 1.361653
v -0.330058 -0.070000 1.434972
v -0.437787 -0.070000 1.429426
v -0.454319 -0.070000 1.322500
v -0.357105 -0.070000 1.273314
v -0.401158 -0.070000 1.420599
v -0.401110 -0.070000 1.301147
v -0.512007 -0.070000 1.438079
v -0.706431 -0.070000 1.204109
v -0.703500 -0.070000 1.440293
v -0.514500 -0.070000 1.201593
v -0.945000 -0.070000 1.302393
v -0.862400 -0.070000 1.302393
v -0.862400 -0.070000 1.331093
v -0.930650 -0.070000 1.331093
v -0.945000 -0.070000 1.399343
v -0.959350 -0.070000 1.331093
v -1.027600 -0.070000 1.331093
v -1.027600 -0.070000 1.302393
v -0.945000 -0.070000 1.234143
v 0.976655 -0.070000 0.934747
v 1.051889 -0.070000 0.950686
v 1.043000 -0.070000 1.090293
v 1.005138 -0.070000 0.947343
v 0.941850 -0.070000 1.090293
v 0.941850 -0.070000 0.851593
v 0.837701 -0.070000 0.953005
v 0.818236 -0.070000 0.978316
v 0.901025 -0.070000 1.050991
v 0.804970 -0.070000 1.091227
v 0.816080 -0.070000 1.065915
v 0.863167 -0.070000 1.047834
v 0.774861 -0.070000 0.961294
v 0.873763 -0.070000 0.935556
v 0.729068 -0.070000 1.092162
v 0.632152 -0.070000 1.067784
v 0.633935 -0.070000 1.001296
v 0.637619 -0.070000 0.944383
v 0.732156 -0.070000 0.947589
v 0.742897 -0.070000 1.001462
v 0.704708 -0.070000 1.069669
v 0.560175 -0.070000 1.090293
v 0.554684 -0.070000 0.875768
v 0.466018 -0.070000 0.987127
v 0.377431 -0.070000 0.875757
v 0.371875 -0.070000 1.090293
v 0.103260 -0.070000 1.170786
v 0.147911 -0.070000 1.039596
v 0.096403 -0.070000 0.933248
v 0.214277 -0.070000 0.933214
v 0.040250 -0.070000 1.090293
v 0.040250 -0.070000 0.851593
v -0.022688 -0.070000 1.010921
v -0.054803 -0.070000 1.073758
v -0.156912 -0.070000 1.079426
v -0.173446 -0.070000 0.972501
v -0.080247 -0.070000 0.938376
v -0.155984 -0.070000 1.015378
v -0.330750 -0.070000 1.170793
v -0.325057 -0.070000 0.930215
v -0.229851 -0.070000 0.968576
v -0.226854 -0.070000 1.053607
v -0.296882 -0.070000 1.094155
v -0.293916 -0.070000 1.067137
v -0.480220 -0.070000 0.933158
v -0.537886 -0.070000 1.087193
v -0.589251 -0.070000 0.935834
v -0.640354 -0.070000 1.087145
v -0.698574 -0.070000 0.933163
v -0.740030 -0.070000 1.011653
v -0.766332 -0.070000 1.084972
v -0.874062 -0.070000 1.079426
v -0.890596 -0.070000 0.972502
v -0.793380 -0.070000 0.923314
v -0.837433 -0.070000 1.070600
v -0.837385 -0.070000 0.951147
v -0.911925 -0.070000 1.074893
v -1.036875 -0.070000 1.074893
v -1.036875 -0.070000 0.851593
v -0.938875 -0.070000 1.071813
v -0.955045 0.070000 1.067193
v -1.054025 -0.070000 1.090293
v -1.054025 0.070000 1.090293
v -1.031158 -0.070000 0.851593
v -1.042592 0.070000 0.851593
v -0.722352 0.070000 1.053051
v -0.872677 0.070000 1.080604
v -0.893346 -0.070000 1.049527
v -0.848669 0.070000 0.916535
v -0.843000 -0.070000 0.920669
v -0.723864 -0.070000 1.070815
v -0.836206 -0.070000 1.071131
v -0.838651 0.070000 1.070039
v -0.754055 -0.070000 1.013911
v -0.754198 0.070000 1.016865
v -0.838628 -0.070000 0.951688
v -0.836134 0.070000 0.950629
v -0.503996 -0.070000 0.949295
v -0.544892 0.070000 0.943611
v -0.595530 -0.070000 1.087968
v -0.582597 0.070000 1.087965
v -0.633612 -0.070000 0.943728
v -0.674623 0.070000 0.949407
v -0.233243 -0.070000 0.940485
v -0.291919 0.070000 0.921885
v -0.197871 0.070000 1.015932
v -0.209783 -0.070000 1.053941
v -0.288597 0.070000 1.102131
v -0.307534 -0.070000 1.098746
v -0.290876 -0.070000 1.067507
v -0.296638 0.070000 1.066760
v -0.238580 -0.070000 1.037337
v -0.239494 0.070000 1.039309
v -0.258403 -0.070000 0.963062
v -0.252492 0.070000 0.965994
v -0.005202 0.070000 1.053051
v -0.083522 -0.070000 1.109179
v -0.155527 0.070000 1.080604
v -0.177688 -0.070000 0.954777
v -0.131519 0.070000 0.916535
v -0.012694 -0.070000 0.965640
v -0.119056 -0.070000 1.071131
v -0.156045 0.070000 1.013867
v -0.046343 0.070000 1.057632
v -0.036905 -0.070000 1.013911
v -0.082573 0.070000 0.953948
v -0.121478 -0.070000 0.951688
v 0.024675 -0.070000 1.090293
v 0.045442 0.070000 1.090293
v 0.045442 -0.070000 0.851593
v 0.024675 0.070000 0.851593
v 0.055825 0.070000 0.851593
v 0.055825 -0.070000 1.090293
v 0.097484 -0.070000 1.170787
v 0.120863 0.070000 1.153653
v 0.116632 -0.070000 0.952101
v 0.121999 0.070000 0.950663
v 0.189515 -0.070000 0.950435
v 0.208454 0.070000 0.933206
v 0.554458 -0.070000 1.090293
v 0.504951 0.070000 0.978284
v 0.427099 -0.070000 0.978284
v 0.377592 0.070000 1.090293
v 0.482835 -0.070000 0.879367
v 0.449244 0.070000 0.879372
v 0.595663 0.070000 1.011358
v 0.615964 -0.070000 0.969717
v 0.741594 -0.070000 0.943057
v 0.745136 0.070000 0.947257
v 0.684834 -0.070000 1.086906
v 0.698550 0.070000 1.081386
v 0.719717 -0.070000 0.965332
v 0.729286 0.070000 0.994211
v 0.709874 0.070000 0.959676
v 0.660665 -0.070000 0.964823
v 0.658513 0.070000 0.967392
v 0.648725 -0.070000 0.995793
v 0.901083 -0.070000 1.051784
v 0.892290 0.070000 1.033373
v 0.850807 0.070000 1.081497
v 0.842753 -0.070000 1.078941
v 0.804479 -0.070000 0.947667
v 0.805174 0.070000 0.946938
v 1.066772 0.070000 0.983990
v 1.006359 -0.070000 0.956623
v 1.000574 0.070000 0.956897
v 0.936658 -0.070000 1.090293
v 1.017192 -0.070000 0.917176
v 0.968944 0.070000 0.931777
v -0.917467 -0.070000 1.286021
v -0.942130 0.070000 1.251205
v -0.917467 0.070000 1.347465
v -0.942130 -0.070000 1.382281
v -1.010538 -0.070000 1.319613
v -1.010538 0.070000 1.313873
v -0.640256 -0.070000 1.417382
v -0.610393 0.070000 1.423466
v -0.706831 -0.070000 1.197869
v -0.714185 0.070000 1.198434
v -0.533442 -0.070000 1.224521
v -0.553124 0.070000 1.237263
v -0.323404 0.070000 1.442254
v -0.429004 -0.070000 1.433300
v -0.477418 0.070000 1.336928
v -0.448435 -0.070000 1.296990
v -0.306709 0.070000 1.300192
v -0.269794 -0.070000 1.370260
v -0.396085 -0.070000 1.423575
v -0.436919 0.070000 1.363866
v -0.327218 0.070000 1.407632
v -0.318702 -0.070000 1.359331
v -0.363448 0.070000 1.303948
v -0.402353 -0.070000 1.301688
v -0.187157 -0.070000 1.277741
v -0.191238 0.070000 1.277444
v -0.200448 -0.070000 1.303661
v -0.198306 0.070000 1.304272
v -0.244417 -0.070000 1.440293
v -0.234033 0.070000 1.440293
v 0.005608 0.070000 1.297780
v 0.070747 -0.070000 1.292562
v 0.075622 0.070000 1.298018
v -0.047080 -0.070000 1.316024
v -0.057046 0.070000 1.302441
v -0.029328 -0.070000 1.280634
v 0.129282 -0.070000 1.421263
v 0.133321 0.070000 1.386369
v 0.206200 -0.070000 1.285042
v 0.205733 0.070000 1.285662
v 0.244482 -0.070000 1.434126
v 0.237100 0.070000 1.438358
v 0.173720 -0.070000 1.382936
v 0.197484 0.070000 1.368272
v 0.171775 0.070000 1.413726
v 0.183601 -0.070000 1.422807
v 0.209051 0.070000 1.418250
v 0.218963 -0.070000 1.410271
v 0.312083 -0.070000 1.440293
v 0.301700 0.070000 1.440293
v 0.301700 -0.070000 1.201593
v 0.312083 0.070000 1.201593
v 0.332850 -0.070000 1.201593
v 0.332850 0.070000 1.440293
v 0.598858 0.070000 1.297781
v 0.663997 -0.070000 1.292562
v 0.668872 0.070000 1.298018
v 0.546170 -0.070000 1.316024
v 0.536203 0.070000 1.302441
v 0.563922 -0.070000 1.280634
v 0.722533 -0.070000 1.421263
v 0.726572 0.070000 1.386369
v 0.799450 -0.070000 1.285042
v 0.798982 0.070000 1.285662
v 0.837732 -0.070000 1.434126
v 0.830350 0.070000 1.438357
v 0.766970 -0.070000 1.382936
v 0.790734 0.070000 1.368271
v 0.765025 0.070000 1.413726
v 0.776851 -0.070000 1.422807
v 0.802301 0.070000 1.418250
v 0.812213 -0.070000 1.410271
v 0.967415 -0.070000 1.278318
v 0.946556 0.070000 1.271885
v 1.039503 -0.070000 1.363843
v 1.040604 0.070000 1.365933
v 0.949306 -0.070000 1.452835
v 0.949877 0.070000 1.452131
v 0.947600 -0.070000 1.417507
v 0.941837 0.070000 1.416760
v 0.999895 -0.070000 1.387337
v 0.998981 0.070000 1.389309
v 0.980072 -0.070000 1.313062
v 0.985983 0.070000 1.315994
vn -0.0000 1.0000 -0.0000
vn -0.0000 -0.0000 1.0000
vn 0.8826 0.0886 0.4616
vn 0.8708 0.0876 0.4838
vn -0.6631 -0.0111 0.7484
vn -0.0000 -1.0000 -0.0000
vn -0.6634 0.0718 0.7448
vn 0.8844 -0.0930 0.4573
vn 0.9684 0.0211 0.2487
vn -0.2367 0.0404 -0.9707
vn -0.8883 -0.0706 0.4539
vn 0.7685 0.0864 -0.6340
vn -0.7698 -0.0873 -0.6322
vn -0.8928 -0.0707 -0.4449
vn 0.9924 0.1204 0.0253
vn 0.1313 -0.1718 -0.9763
vn -0.4447 0.0200 -0.8955
vn -0.4492 -0.1251 0.8846
vn 0.8789 -0.0580 0.4735
vn -0.7063 0.1056 0.7000
vn 0.0551 -0.2139 0.9753
vn 0.9185 0.1994 0.3414
vn -0.2892 0.2194 -0.9318
vn -0.8470 -0.1978 -0.4934
vn 0.8486 -0.0942 -0.5206
vn -0.6955 -0.2310 -0.6804
vn 0.4336 0.1779 -0.8834
vn 0.9772 -0.1769 -0.1175
vn -0.2822 -0.1593 0.9460
vn -0.9874 0.1575 0.0158
vn 0.4242 0.2151 0.8796
vn 0.7232 -0.0000 -0.6906
vn 0.0429 -0.0000 -0.9991
vn -0.7383 -0.0000 -0.6745
vn -0.7460 -0.0210 -0.6656
vn -0.7113 0.0518 -0.7010
vn -0.1278 0.0502 0.9905
vn 0.7525 -0.1946 -0.6292
vn 0.8046 -0.1259 -0.5803
vn -0.3608 -0.7340 0.5754
vn -0.9498 -0.0921 0.2989
vn 0.9498 0.0922 0.2990
vn -0.9964 0.0277 -0.0805
vn 0.1333 -0.1621 0.9777
vn 0.3537 0.0207 0.9351
vn 0.7052 -0.0247 -0.7085
vn 0.7042 0.0978 -0.7033
vn -0.4527 -0.0150 0.8915
vn -0.9130 0.0714 0.4017
vn -0.8456 -0.0356 -0.5327
vn -0.2254 0.1087 0.9682
vn 0.9823 -0.0154 0.1866
vn 0.9941 0.0650 -0.0863
vn -0.5164 -0.0464 -0.8551
vn -0.5149 0.0032 -0.8572
vn 0.7939 0.3861 0.4698
vn 0.1544 -0.5385 -0.8284
vn -0.4397 0.1583 -0.8841
vn -0.7383 -0.0382 0.6734
vn 0.8417 -0.2077 0.4984
vn 0.6629 0.1581 0.7319
vn 0.6629 -0.1581 -0.7319
vn 0.1750 -0.2085 -0.9623
vn -0.9774 -0.1826 0.1062
vn -0.9774 0.1826 -0.1062
vn -0.9427 0.2607 -0.2084
vn -0.5244 -0.0708 0.8485
vn 0.4159 0.1715 0.8931
vn 0.6334 0.0749 -0.7702
vn -0.6043 -0.1899 -0.7738
vn 0.9608 -0.2764 0.0202
vn -0.6967 -0.2343 -0.6780
vn 0.3814 0.1940 -0.9038
vn 0.9784 -0.1702 -0.1172
vn -0.2796 -0.1668 0.9455
vn -0.9856 0.1512 0.0762
vn 0.4446 0.2180 0.8688
vn -0.0044 0.0932 -0.9956
vn -0.4184 0.0148 -0.9081
vn -0.6554 0.7517 0.0730
vn 0.8528 0.5210 -0.0367
vn 0.8754 0.4820 -0.0372
vn -0.9814 0.1112 0.1566
vn -0.8865 0.0327 0.4615
vn 0.6470 0.1519 0.7472
vn 0.8817 -0.1029 -0.4604
vn 0.5168 0.1561 0.8417
vn -0.0012 -0.0333 0.9994
vn -0.8452 0.0110 -0.5343
vn 0.4623 0.0577 -0.8849
vn -0.7232 -0.0000 0.6906
vn -0.0429 -0.0000 0.9991
vn 0.7383 -0.0000 0.6745
vn -0.4076 -0.0961 0.9081
vn -0.4041 -0.1095 0.9081
vn 0.9991 0.0236 0.0347
vn -0.2101 0.0922 -0.9733
vn -0.1124 0.0985 -0.9888
vn 0.4638 0.0003 -0.8859
vn 0.4827 0.0003 -0.8758
vn -0.9989 0.0002 -0.0469
vn -0.9997 0.0002 -0.0250
vn -0.1285 -0.0345 -0.9911
vn 0.4310 -0.0005 0.9023
vn 0.4508 -0.0005 0.8926
vn 0.8918 0.0699 -0.4469
vn 0.0533 0.0053 0.9986
vn -0.0504 -0.0060 0.9987
vn -0.6365 -0.2471 0.7306
vn 0.6445 -0.0147 -0.7644
vn 0.6752 -0.0146 -0.7375
vn -0.9049 0.0039 -0.4257
vn -0.9099 0.0041 -0.4148
vn -0.0963 0.0185 0.9952
vn -0.0434 0.0181 0.9989
vn -0.7383 -0.0000 0.6745
vn 0.0429 -0.0000 0.9991
vn 0.7232 -0.0000 0.6906
vn -0.2949 0.2112 0.9319
vn -0.1471 -0.0194 -0.9889
vn 0.1473 0.0196 -0.9889
vn 0.3608 0.7340 0.5754
vn -0.8367 0.0411 -0.5462
vn 0.9655 0.0992 0.2409
vn 0.5861 0.0128 0.8101
vn 0.7950 0.0100 -0.6065
vn -0.3484 -0.0483 0.9361
vn -0.4389 0.0088 0.8985
vn -0.1469 0.0171 0.9890
vn 0.0971 0.0004 0.9953
vn -0.7702 0.1347 -0.6235
vn -0.7439 0.1347 -0.6546
vn 0.1750 0.2085 0.9623
vn 0.8872 0.0037 -0.4614
vn 0.8804 0.0048 -0.4742
vn -0.3321 0.3627 0.8707
vn -0.3022 0.3627 0.8816
vn 0.9470 -0.0188 0.3206
vn 0.9471 -0.0188 0.3205
vn 0.1255 -0.8480 -0.5149
vn 0.1706 -0.8486 -0.5008
vn -0.7788 -0.0743 0.6229
vn 0.1667 -0.0303 -0.9855
vn 0.1696 -0.0301 -0.9850
vn 0.7662 -0.0028 0.6426
vn -0.9601 0.0706 -0.2705
vn -0.0429 -0.0000 -0.9991
vn -0.7232 -0.0000 -0.6906
vn 0.7383 -0.0000 -0.6745
vn -0.4092 -0.0461 -0.9113
vn -0.2738 -0.0371 -0.9611
vn 0.9997 0.0177 0.0166
s 1
f 183//85 187//85 184//85
f 191//85 193//85 192//85
f 190//85 193//85 191//85
f 190//85 194//85 193//85
f 188//85 194//85 190//85
f 189//85 195//85 190//85
f 189//85 188//85 195//85
f 199//85 197//85 196//85
f 199//85 196//85 202//85
f 209//85 211//85 210//85
f 208//85 211//85 209//85
f 208//85 212//85 211//85
f 205//85 212//85 208//85
f 206//85 205//85 207//85
f 216//85 214//85 213//85
f 216//85 213//85 219//85
f 220//85 222//85 221//85
f 230//85 228//85 227//85
f 230//85 224//85 228//85
f 226//85 230//85 227//85
f 226//85 229//85 230//85
f 229//85 225//85 224//85
f 226//85 225//85 229//85
f 241//85 235//85 242//85
f 241//85 236//85 235//85
f 241//85 237//85 236//85
s 0
f 240//86 237//86 241//86
s 1
f 239//85 238//85 240//85
s 0
f 238//86 237//86 240//86
s 1
f 248//85 244//85 249//85
f 244//85 247//85 245//85
f 248//85 247//85 244//85
f 246//85 245//85 247//85
f 256//85 250//85 257//85
f 256//85 251//85 250//85
f 256//85 252//85 251//85
f 255//85 252//85 256//85
f 254//85 252//85 255//85
f 253//85 252//85 254//85
f 261//85 260//85 262//85
f 259//85 264//85 260//85
f 259//85 258//85 264//85
f 271//85 270//85 273//85
f 279//85 281//85 280//85
f 278//85 281//85 279//85
f 278//85 277//85 281//85
f 282//85 286//85 283//85
f 422//87 423//88 425//89 424//89
f 298//85 296//85 295//85
f 298//85 292//85 296//85
f 294//85 298//85 295//85
f 294//85 297//85 298//85
f 297//85 293//85 292//85
f 294//85 293//85 297//85
f 306//90 302//90 303//90
f 312//90 310//90 311//90
f 312//90 309//90 310//90
f 313//90 309//90 312//90
f 313//90 307//90 309//90
f 314//90 308//90 309//90
f 307//90 308//90 314//90
f 316//90 318//90 315//90
f 315//90 318//90 321//90
f 330//90 328//90 329//90
f 330//90 327//90 328//90
f 331//90 327//90 330//90
f 331//90 324//90 327//90
f 324//90 325//90 326//90
f 333//90 335//90 332//90
f 332//90 335//90 338//90
f 341//90 339//90 340//90
f 347//90 349//90 346//90
f 343//90 349//90 347//90
f 349//90 345//90 346//90
f 348//90 345//90 349//90
f 344//90 348//90 343//90
f 344//90 345//90 348//90
f 354//90 360//90 361//90
f 355//90 360//90 354//90
f 356//90 360//90 355//90
s 0
f 356//86 359//86 360//86
s 1
f 357//90 358//90 359//90
s 0
f 356//86 357//86 359//86
s 1
f 363//90 367//90 368//90
f 366//90 363//90 364//90
f 366//90 367//90 363//90
f 364//90 365//90 366//90
f 369//90 375//90 376//90
f 370//90 375//90 369//90
f 371//90 375//90 370//90
f 371//90 374//90 375//90
f 371//90 373//90 374//90
f 371//90 372//90 373//90
f 379//90 380//90 381//90
f 383//90 378//90 379//90
f 377//90 378//90 383//90
f 389//90 390//90 392//90
f 400//90 398//90 399//90
f 400//90 397//90 398//90
f 396//90 397//90 400//90
f 406//90 401//90 402//90
f 405//90 401//90 406//90
f 404//90 405//90 406//90
f 416//90 418//90 415//90
f 412//90 418//90 416//90
f 418//90 414//90 415//90
f 417//90 414//90 418//90
f 413//90 417//90 412//90
f 413//90 414//90 417//90
f 429//91 433//92 428//93
f 431//94 430//95 429//91
f 428//93 433//92 431//94
f 441//96 444//97 445//98
f 448//99 446//100 447//101
f 450//102 449//103 448//99
f 460//104 459//105 458//106
f 462//107 461//108 460//104
f 458//106 463//109 462//107
f 466//110 464//111 465//112
f 468//113 467//114 466//110
f 465//112 469//115 468//113
f 474//116 472//117 473//118
f 479//119 478//120 477//121
f 481//122 480//123 479//119
f 485//124 484//125 483//126
f 488//127 492//128 493//129
f 491//130 490//131 488//127
f 496//132 494//133 495//134
f 502//135 500//136 501//137
f 505//138 504//139 502//135
f 506//140 510//141 511//142
f 508//143 507//144 506//140
f 514//145 512//146 513//147
f 517//148 516//149 514//145
f 513//147 512//146 517//148
f 526//150 525//151 524//152
f 528//153 527//154 526//150
f 524//152 529//155 528//153
f 532//156 530//157 531//158
f 534//159 533//160 532//156
f 531//158 535//161 534//159
f 542//162 547//163 546//164
f 544//165 543//166 542//162
f 549//167 548//168 553//169
f 556//170 554//171 555//172
f 558//173 557//174 556//170
f 561//175 560//176 565//177
f 566//162 571//163 570//164
f 568//165 567//166 566//162
f 573//167 572//168 577//169
f 580//170 578//171 579//172
f 582//173 581//174 580//170
f 589//178 588//179 587//180
f 424//89 425//89 427//181 426//182
f 426//182 427//181 423//88 422//87
f 434//183 435//184 437//185 436//186
f 429//91 430//95 433//92
f 431//94 432//187 430//95
f 431//94 433//92 432//187
f 436//186 437//185 439//188 438//189
f 438//189 439//188 435//184 434//183
f 440//190 441//96 443//191 442//192
f 442//192 443//191 445//98 444//97
f 451//193 450//102 447//101 446//100
f 441//96 440//190 444//97
f 452//194 453//195 455//196 454//197
f 448//99 449//103 446//100
f 450//102 451//193 449//103
f 454//197 455//196 457//198 456//199
f 456//199 457//198 453//195 452//194
f 470//200 471//201 473//118 472//117
f 458//106 459//105 463//109
f 460//104 461//108 459//105
f 462//107 463//109 461//108
f 466//110 467//114 464//111
f 468//113 469//115 467//114
f 465//112 464//111 469//115
f 472//117 474//116 471//201 475//202
f 480//123 481//122 477//121 476//203
f 471//201 470//200 475//202
f 477//121 478//120 476//203
f 479//119 480//123 478//120
f 484//125 485//124 487//204 486//205
f 483//126 484//125 482//206
f 486//205 487//204 483//126 482//206
f 490//131 491//130 493//129 492//128
f 488//127 489//207 492//128
f 488//127 490//131 489//207
f 494//133 496//132 498//208 497//209
f 499//210 498//208 495//134 494//133
f 498//208 499//210 497//209
f 504//139 505//138 501//137 500//136
f 509//211 508//143 511//142 510//141
f 502//135 503//212 500//136
f 502//135 504//139 503//212
f 506//140 507//144 510//141
f 508//143 509//211 507//144
f 518//213 519//214 521//215 520//216
f 514//145 515//217 512//146
f 514//145 516//149 515//217
f 517//148 512//146 516//149
f 520//216 521//215 523//218 522//219
f 522//219 523//218 519//214 518//213
f 536//220 537//221 539//222 538//223
f 524//152 525//151 529//155
f 526//150 527//154 525//151
f 528//153 529//155 527//154
f 532//156 533//160 530//157
f 534//159 535//161 533//160
f 531//158 530//157 535//161
f 538//223 539//222 541//224 540//225
f 540//225 541//224 537//221 536//220
f 543//166 544//165 546//164 545//226
f 542//162 543//166 547//163
f 548//168 549//167 551//227 550//228
f 546//164 547//163 545//226
f 553//169 548//168 552//229
f 550//228 551//227 553//169 552//229
f 559//230 558//173 555//172 554//171
f 556//170 557//174 554//171
f 558//173 559//230 557//174
f 560//176 561//175 563//231 562//232
f 564//233 563//231 565//177 560//176
f 563//231 564//233 562//232
f 567//166 568//165 570//164 569//226
f 566//162 567//166 571//163
f 572//168 573//167 575//227 574//228
f 570//164 571//163 569//226
f 577//169 572//168 576//229
f 574//228 575//227 577//169 576//229
f 583//230 582//173 579//172 578//171
f 580//170 581//174 578//171
f 582//173 583//230 581//174
f 588//179 589//178 585//234 584//235
f 584//235 585//234 587//180 586//236
f 590//194 591//195 593//196 592//197
f 587//180 588//179 586//236
f 592//197 593//196 595//198 594//199
f 594//199 595//198 591//195 590//194
l 280 276
l 289 290
l 337 338
l 333 334
l 387 388
l 395 396
l 419 420
l 218 219
l 214 215
l 268 269
l 276 277
l 299 300
l 393 394
l 410 411
l 274 275
l 290 291
l 353 350
l 350 351
l 384 385
l 390 391
l 402 403
l 403 404
l 420 421
l 234 231
l 231 232
l 265 266
l 271 272
l 283 284
l 284 285
l 300 301
l 320 321
l 316 317
l 335 336
l 351 352
l 381 382
l 201 202
l 197 198
l 216 217
l 232 233
l 262 263
l 285 286
l 303 304
l 304 305
l 354 362
l 385 386
l 407 408
l 184 185
l 185 186
l 266 267
l 287 288
l 326 327
l 339 342
l 207 208
l 220 223
l 235 243
l 305 306
l 318 319
l 322 323
l 379 382
l 386 387
l 408 409
l 186 187
l 199 200
l 203 204
l 260 263
l 267 268
l 288 289
l 399 395
l 409 410
o Worm_HP_Circle.002
v -2.762424 0.141173 0.103750
v -2.762455 0.040897 0.099158
v -2.763139 0.140745 0.148775
v -2.762290 0.033971 0.128908
v -2.763463 0.109588 0.178112
v -2.757965 0.142189 0.115700
v -2.757044 0.103306 0.074395
v -2.757084 0.064685 0.079003
v -2.757939 0.039763 0.110238
v -2.751949 0.150582 0.138456
v -2.751486 0.029344 0.138484
v -2.759013 0.068746 0.172053
v -2.758764 0.132821 0.154444
v -2.753383 0.148773 0.103119
v -2.759067 0.106725 0.174876
v -2.758860 0.044591 0.151029
v -2.752943 0.051287 0.073287
v -2.753177 0.121403 0.069445
v -2.716354 0.156090 0.161483
v -2.717041 0.111949 0.197799
v -2.716759 0.138128 0.183821
v -2.727574 0.059486 0.180111
v -2.717692 0.075580 0.199700
v -2.724631 0.104940 0.061578
v -2.724684 0.066032 0.064890
v -2.727236 0.040593 0.164355
v -2.725507 0.148584 0.099828
v -2.725564 0.031420 0.098875
v -2.731794 0.150171 0.091323
v -2.733551 0.158226 0.115348
v -2.751339 0.027708 0.107228
v -2.731401 0.034113 0.082702
v -2.745544 0.047028 0.173361
v -2.730857 0.154318 0.143540
v -2.749752 0.137137 0.166924
v -2.731186 0.109796 0.057691
v -2.731062 0.052662 0.065044
v -2.730322 0.077306 0.055755
v -2.726457 0.028388 0.142830
v -2.734504 0.110552 0.188710
v -2.725765 0.153611 0.124786
v -2.725021 0.134756 0.079105
v -2.725787 0.025748 0.119532
v -2.726812 0.138248 0.168163
v -2.731166 0.046712 0.176064
v -2.727421 0.093076 0.189293
v -2.617886 0.032178 0.077072
v -2.613097 0.065357 0.216891
v -2.613224 0.035897 0.200964
v -2.600319 0.171685 0.161977
v -2.600882 0.151424 0.197496
v -2.617804 0.142890 0.072042
v -2.600386 0.014822 0.177068
v -2.613373 0.105512 0.220010
v -2.624668 0.157023 0.171066
v -2.624833 0.022982 0.170350
v -2.624701 0.162410 0.113321
v -2.624679 0.018629 0.108109
v -2.636114 0.164470 0.094631
v -2.635093 0.174547 0.132036
v -2.636122 0.015527 0.093876
v -2.631468 0.153903 0.188147
v -2.632379 0.105185 0.052487
v -2.632710 0.065904 0.055131
v -2.635986 0.035815 0.068790
v -2.631680 0.026033 0.187395
v -2.634548 0.113856 0.214184
v -2.624385 0.053762 0.202235
v -2.624270 0.097045 0.059213
v -2.624432 0.143433 0.082175
v -2.624710 0.013853 0.137308
v -2.635202 0.005456 0.131090
v -2.705954 0.164815 0.104729
v -2.705328 0.145719 0.071399
v -2.705971 0.017312 0.096263
v -2.704716 0.112526 0.052118
v -2.710993 0.073297 0.051138
v -2.707112 0.029366 0.177847
v -2.715494 0.014831 0.136153
v -2.687808 0.128234 0.200002
v -2.686959 0.162815 0.160920
v -2.685977 0.102401 0.049953
v -2.678940 0.067860 0.058441
v -2.687107 0.017183 0.160176
v -2.685128 0.151811 0.078682
v -2.679506 0.024011 0.094739
v -2.671897 0.153289 0.078453
v -2.671907 0.026771 0.077694
v -2.672755 0.008744 0.128993
v -2.671521 0.066141 0.209279
v -2.667848 0.036223 0.195674
v -2.666517 0.167739 0.165325
v -2.668586 0.113620 0.052057
v -2.654869 0.010953 0.164820
v -2.671858 0.105041 0.212259
v -2.667698 0.143843 0.196166
v -2.680950 0.054454 0.195523
v -2.679156 0.041816 0.072445
v -2.680037 0.015188 0.126678
v -2.680987 0.103964 0.202694
v -2.680622 0.147592 0.178047
v -2.679853 0.160281 0.109051
v -2.679422 0.137727 0.072383
v -2.681026 0.024184 0.164239
v -2.672645 0.171260 0.129873
v -2.420723 0.065370 0.226770
v -2.421777 0.035903 0.210905
v -2.410998 0.171690 0.171537
v -2.409502 0.151437 0.206891
v -2.434028 0.141631 0.082564
v -2.439909 0.055469 0.077653
v -2.410310 0.014819 0.186433
v -2.420823 0.105525 0.229909
v -2.434309 0.157118 0.181970
v -2.434565 0.022877 0.181280
v -2.437571 0.162515 0.124498
v -2.431264 0.007901 0.138116
v -2.439173 0.033631 0.094227
v -2.460999 0.169414 0.113547
v -2.461453 0.014841 0.105473
v -2.460004 0.004967 0.137579
v -2.437979 0.074576 0.226464
v -2.463814 0.103656 0.061255
v -2.450698 0.065396 0.065814
v -2.449896 0.035882 0.081421
v -2.439581 0.031818 0.204082
v -2.438318 0.129493 0.219134
v -2.432347 0.053723 0.212958
v -2.439759 0.125429 0.081004
v -2.436209 0.014423 0.146022
v -2.437782 0.022799 0.110967
v -2.441187 0.007903 0.153928
v -2.439923 0.098627 0.071563
v -2.519976 0.169830 0.113737
v -2.494797 0.158777 0.095526
v -2.507324 0.008328 0.118802
v -2.494835 0.021282 0.094827
v -2.486662 0.066556 0.222521
v -2.495089 0.134581 0.073220
v -2.493813 0.090004 0.061394
v -2.495088 0.045380 0.072846
v -2.487409 0.031816 0.202566
v -2.484965 0.115887 0.222407
v -2.488050 0.172082 0.153191
v -2.488242 0.007913 0.152433
v -2.468794 0.065365 0.225834
v -2.469611 0.035896 0.209955
v -2.444941 0.167120 0.182396
v -2.485968 0.125635 0.077796
v -2.479846 0.066591 0.067389
v -2.459095 0.010312 0.177375
v -2.468954 0.105529 0.228952
v -2.469406 0.144166 0.210387
v -2.480250 0.053737 0.211721
v -2.485817 0.053571 0.078091
v -2.479864 0.104243 0.218976
v -2.480468 0.137888 0.202750
v -2.484397 0.018352 0.118414
v -2.479528 0.032868 0.086414
v -2.484210 0.162516 0.123074
v -2.482006 0.022884 0.180016
v -2.483249 0.013774 0.147280
v -2.481793 0.157112 0.180650
v -2.588630 0.165525 0.099510
v -2.600427 0.175036 0.129471
v -2.599759 0.014505 0.097350
v -2.582533 0.074570 0.218696
v -2.586753 0.107723 0.055433
v -2.587926 0.065416 0.057157
v -2.587807 0.035891 0.072854
v -2.576129 0.107450 0.213294
v -2.582323 0.172087 0.146635
v -2.582505 0.147143 0.197318
v -2.582419 0.007911 0.145897
v -2.582682 0.032870 0.196795
v -2.577091 0.022801 0.103028
v -2.562080 0.064700 0.221572
v -2.568627 0.037061 0.202462
v -2.553773 0.158471 0.193609
v -2.577925 0.125617 0.071126
v -2.566001 0.065742 0.057893
v -2.554205 0.010313 0.171622
v -2.567419 0.106571 0.221189
v -2.576328 0.053731 0.205486
v -2.577644 0.042092 0.080739
v -2.577106 0.014424 0.138285
v -2.571823 0.007908 0.130649
v -2.571693 0.032872 0.079923
v -2.577578 0.162518 0.116532
v -2.576682 0.138972 0.196901
v -2.577081 0.022874 0.173675
v -2.576944 0.157129 0.174274
v -2.525530 0.037077 0.078219
v -2.503580 0.076401 0.228612
v -2.492987 0.161802 0.190904
v -2.506230 0.175038 0.152110
v -2.524357 0.111595 0.063185
v -2.525193 0.142065 0.079900
v -2.506284 0.014479 0.182703
v -2.516970 0.114663 0.223696
v -2.517428 0.144208 0.208036
v -2.518767 0.039516 0.210190
v -2.528472 0.076375 0.216653
v -2.529431 0.157096 0.177877
v -2.529696 0.022900 0.176941
v -2.524980 0.007905 0.133975
v -2.554101 0.169412 0.107596
v -2.554207 0.014838 0.099510
v -2.542522 0.005059 0.132481
v -2.533926 0.162265 0.180336
v -2.542291 0.114565 0.060328
v -2.541794 0.035847 0.075831
v -2.537124 0.129263 0.214727
v -2.531556 0.138721 0.083492
v -2.531820 0.082928 0.065857
v -2.530212 0.014424 0.141502
v -2.530665 0.022784 0.106244
v -2.530598 0.159433 0.110635
v -2.534263 0.017591 0.179079
v -2.538517 0.077232 0.059336
v -2.036973 0.165322 0.074719
v -2.029464 0.174974 0.105581
v -2.037256 0.014686 0.073651
v -2.051710 0.004749 0.114330
v -2.032999 0.065573 0.195182
v -2.023404 0.035490 0.177462
v -2.055698 0.139206 0.047899
v -2.058196 0.057348 0.038855
v -2.019405 0.011521 0.144036
v -2.049295 0.041190 0.175763
v -2.077816 0.068560 0.049425
v -2.065433 0.032660 0.057569
v -2.054326 0.022931 0.153805
v -2.032619 0.131098 0.189473
v -2.061286 0.169026 0.096659
v -2.070073 0.023320 0.084860
v -2.103848 0.164845 0.088345
v -2.098329 0.174728 0.119021
v -2.090955 0.171734 0.150803
v -2.110618 0.136858 0.058506
v -2.113489 0.098787 0.046023
v -2.045414 0.075862 0.191329
v -2.058350 0.164146 0.134483
v -2.077931 0.104161 0.048912
v -2.075871 0.132872 0.059407
v -2.067850 0.159740 0.092912
v -2.078452 0.153735 0.071092
v -2.046248 0.121754 0.187099
v -2.057547 0.022428 0.165193
v -2.074357 0.041745 0.063244
v -2.084729 0.104146 0.043797
v -2.065132 0.172120 0.129594
v -2.050127 0.145725 0.170875
v -2.149151 0.164871 0.095220
v -2.144165 0.175228 0.131009
v -2.127267 0.014894 0.091898
v -2.131344 0.003908 0.132456
v -2.099033 0.090013 0.209755
v -2.145706 0.098803 0.050531
v -2.157734 0.070908 0.054105
v -2.102575 0.161569 0.155135
v -2.101680 0.141774 0.192773
v -2.121170 0.116503 0.060024
v -2.126495 0.043606 0.064377
v -2.122105 0.086987 0.055379
v -2.102828 0.018518 0.154654
v -2.101931 0.038329 0.192415
v -2.113608 0.159423 0.098711
v -2.079340 0.012543 0.088025
v -2.097797 0.005163 0.119193
v -2.056124 0.060317 0.199587
v -2.072210 0.150938 0.183941
v -2.112067 0.064813 0.048673
v -2.108924 0.035071 0.064045
v -2.091260 0.008269 0.150078
v -2.072478 0.029054 0.183260
v -2.065603 0.105605 0.206272
v -2.096210 0.047678 0.189409
v -2.094069 0.075793 0.201981
v -2.119684 0.047475 0.068554
v -2.108350 0.013777 0.126449
v -2.097824 0.144347 0.181801
v -2.118172 0.142137 0.075296
v -2.115201 0.023336 0.093885
v -2.094495 0.112414 0.199366
v -2.091224 0.031944 0.183675
v -2.227591 0.169671 0.111537
v -2.218752 0.014859 0.102090
v -2.214418 0.005069 0.133606
v -2.195909 0.074585 0.220205
v -2.235932 0.103663 0.059238
v -2.222554 0.065401 0.062564
v -2.220434 0.035878 0.077903
v -2.190000 0.108169 0.213726
v -2.211382 0.098644 0.067336
v -2.202827 0.014690 0.172907
v -2.205114 0.159459 0.110305
v -2.178363 0.065402 0.218832
v -2.159969 0.167696 0.172027
v -2.177397 0.176092 0.139091
v -2.204791 0.134855 0.073747
v -2.204009 0.066152 0.062492
v -2.171548 0.014805 0.177858
v -2.178199 0.105558 0.221885
v -2.179709 0.145631 0.202992
v -2.190630 0.068407 0.210867
v -2.210366 0.125441 0.076671
v -2.210620 0.053519 0.075216
v -2.192003 0.138489 0.199048
v -2.206591 0.023375 0.105080
v -2.201542 0.013407 0.140287
v -2.206856 0.154781 0.101812
v -2.195052 0.171807 0.140782
v -2.196398 0.022906 0.175293
v -2.195949 0.157090 0.175984
v -2.193065 0.041166 0.197614
v -2.130580 0.065350 0.212741
v -2.133280 0.035898 0.197326
v -2.126824 0.171697 0.156759
v -2.121360 0.151456 0.191368
v -2.154337 0.034216 0.072706
v -2.124352 0.014803 0.171532
v -2.129636 0.104373 0.216001
v -2.148767 0.157104 0.170676
v -2.166474 0.111343 0.065374
v -2.149019 0.022891 0.170248
v -2.160660 0.023360 0.100554
v -2.154846 0.013402 0.135547
v -2.183555 0.165165 0.099824
v -2.172507 0.014892 0.098335
v -2.147649 0.074510 0.215173
v -2.174953 0.082192 0.055318
v -2.148341 0.113446 0.212986
v -2.163012 0.143488 0.084300
v -2.166382 0.076680 0.063621
v -2.159221 0.159447 0.105336
v -2.158556 0.007901 0.144231
v -2.155454 0.032208 0.198261
v -2.150894 0.147257 0.194298
v -2.403854 0.165157 0.107250
v -2.412986 0.175035 0.139227
v -2.415107 0.014842 0.106323
v -2.412742 0.003906 0.146294
v -2.389496 0.082271 0.228740
v -2.403782 0.107705 0.064789
v -2.404903 0.065405 0.066532
v -2.403886 0.035876 0.082105
v -2.393909 0.172092 0.155227
v -2.390397 0.141759 0.211184
v -2.394168 0.007905 0.154389
v -2.391401 0.032856 0.205034
v -2.391364 0.022798 0.111435
v -2.372968 0.074434 0.229599
v -2.374072 0.035914 0.210864
v -2.362707 0.165181 0.186615
v -2.365144 0.175038 0.154633
v -2.394206 0.095496 0.070315
v -2.388182 0.066565 0.069123
v -2.362908 0.014819 0.186159
v -2.372740 0.114649 0.226784
v -2.348211 0.147689 0.208474
v -2.384832 0.047668 0.208647
v -2.393553 0.047521 0.084598
v -2.389300 0.014423 0.146429
v -2.383859 0.097049 0.222343
v -2.384462 0.007902 0.138495
v -2.387348 0.032859 0.088085
v -2.390973 0.162510 0.124912
v -2.392953 0.145746 0.095478
v -2.385293 0.138976 0.204721
v -2.387152 0.022886 0.181658
v -2.394138 0.122001 0.077913
v -2.386898 0.157128 0.182265
v -2.328078 0.065843 0.223765
v -2.316713 0.171692 0.170035
v -2.342196 0.141674 0.082060
v -2.329998 0.030882 0.203630
v -2.327970 0.114043 0.223938
v -2.327116 0.151007 0.204107
v -2.339811 0.157123 0.181088
v -2.335670 0.009676 0.160545
v -2.344576 0.162532 0.123935
v -2.340479 0.017698 0.106567
v -2.368181 0.169415 0.114168
v -2.368806 0.014840 0.106339
v -2.365873 0.003906 0.146200
v -2.342796 0.066571 0.223427
v -2.359170 0.114623 0.066406
v -2.359019 0.074471 0.063365
v -2.357916 0.035924 0.081846
v -2.342131 0.105454 0.225932
v -2.348605 0.097097 0.070691
v -2.346860 0.143462 0.093242
v -2.336831 0.126360 0.212320
v -2.345087 0.022793 0.110823
v -2.342535 0.013770 0.143194
v -2.351971 0.153805 0.094456
v -2.340149 0.018420 0.171946
v -2.343890 0.032852 0.204197
v -2.347120 0.172089 0.154247
v -2.247900 0.152953 0.092598
v -2.227076 0.065358 0.222440
v -2.229250 0.035883 0.206792
v -2.206694 0.167163 0.177263
v -2.223227 0.175038 0.150762
v -2.252680 0.115977 0.067422
v -2.251272 0.066585 0.066656
v -2.221410 0.010304 0.173578
v -2.226918 0.105525 0.225553
v -2.228890 0.144177 0.207226
v -2.243831 0.157089 0.178972
v -2.244221 0.022900 0.178323
v -2.250962 0.162522 0.122259
v -2.243794 0.007892 0.135347
v -2.249404 0.032845 0.085431
v -2.274109 0.169671 0.113598
v -2.276182 0.014844 0.104737
v -2.261365 0.005069 0.136138
v -2.244714 0.074581 0.223293
v -2.281291 0.103666 0.061052
v -2.268033 0.065397 0.064801
v -2.266229 0.035880 0.080218
v -2.238673 0.108171 0.216965
v -2.239842 0.053723 0.209537
v -2.256121 0.125440 0.079249
v -2.256342 0.053529 0.077796
v -2.248258 0.014422 0.143469
v -2.252177 0.022783 0.108838
v -2.250601 0.014693 0.175800
v -2.256935 0.098634 0.069893
v -2.322518 0.165141 0.105800
v -2.319595 0.175034 0.137883
v -2.322695 0.014840 0.105253
v -2.308598 0.005049 0.136991
v -2.297136 0.050751 0.217515
v -2.298714 0.083233 0.228440
v -2.326965 0.103597 0.061218
v -2.314032 0.065323 0.065296
v -2.336696 0.040454 0.076650
v -2.299188 0.025852 0.197509
v -2.297273 0.123249 0.221536
v -2.299868 0.172087 0.153663
v -2.302618 0.098638 0.070990
v -2.305372 0.008481 0.169162
v -2.298699 0.022781 0.110127
v -2.294072 0.152944 0.094000
v -2.275985 0.065358 0.224617
v -2.277811 0.035879 0.208898
v -2.254605 0.167162 0.179971
v -2.298310 0.115960 0.068675
v -2.302951 0.068487 0.072737
v -2.269253 0.010304 0.175909
v -2.275920 0.105531 0.227723
v -2.277505 0.144178 0.209314
v -2.288544 0.053728 0.211277
v -2.302019 0.125440 0.080371
v -2.300938 0.040898 0.087720
v -2.295520 0.014422 0.144919
v -2.289956 0.148008 0.195743
v -2.299169 0.155458 0.106515
v -2.290861 0.007894 0.136934
v -2.295418 0.032849 0.086841
v -2.297792 0.162521 0.123566
v -2.292245 0.022908 0.179918
v -2.291895 0.157085 0.180562
v -1.392357 0.171693 -0.274465
v -1.413665 0.158846 -0.290945
v -1.392650 0.010358 -0.282305
v -1.370291 0.063965 -0.172606
v -1.426122 0.127890 -0.312098
v -1.427050 0.065902 -0.316707
v -1.378471 0.027076 -0.196447
v -1.371059 0.129332 -0.177502
v -1.386301 0.165279 -0.214455
v -1.404734 0.009661 -0.257368
v -1.424600 0.017964 -0.275107
v -1.382103 0.050871 -0.169650
v -1.406927 0.173368 -0.220308
v -1.431633 0.111538 -0.307954
v -1.433735 0.142139 -0.295370
v -1.438142 0.063990 -0.309308
v -1.413186 0.028245 -0.170028
v -1.384665 0.130098 -0.168667
v -1.392192 0.097199 -0.151762
v -1.381675 0.041253 -0.187460
v -1.375003 0.093070 -0.171939
v -1.393054 0.159735 -0.215015
v -1.429008 0.054600 -0.300996
v -1.380374 0.132350 -0.184258
v -1.422300 0.148800 -0.285590
v -1.406680 0.165711 -0.247161
v -1.421626 0.165216 -0.268007
v -1.392774 0.019003 -0.214395
v -1.391721 0.157518 -0.194268
v -1.421444 0.065253 -0.138043
v -1.427685 0.035793 -0.152508
v -1.437488 0.164462 -0.175378
v -1.451415 0.174952 -0.203453
v -1.480811 0.129277 -0.279052
v -1.450737 0.010314 -0.176326
v -1.430065 0.103640 -0.127548
v -1.431759 0.020535 -0.188972
v -1.425582 0.140712 -0.150651
v -1.414284 0.093731 -0.148448
v -1.464208 0.171496 -0.232991
v -1.466419 0.011845 -0.241092
v -1.450927 0.164501 -0.259528
v -1.437105 0.174976 -0.231219
v -1.434848 0.006509 -0.250657
v -1.406219 0.066226 -0.149954
v -1.457459 0.103687 -0.307260
v -1.467194 0.065278 -0.296861
v -1.461129 0.035824 -0.282358
v -1.427098 0.151629 -0.177258
v -1.444370 0.165577 -0.217489
v -1.470440 0.125400 -0.277392
v -1.472883 0.068406 -0.282596
v -1.421383 0.041301 -0.164022
v -1.458969 0.022881 -0.249576
v -1.447489 0.014287 -0.223428
v -1.417934 0.125700 -0.156036
v -1.424697 0.008587 -0.201612
v -1.462824 0.140645 -0.284469
v -1.474604 0.098660 -0.285656
v -1.422147 0.161873 -0.182109
v -1.509323 0.074414 -0.076563
v -1.525731 0.039323 -0.085226
v -1.529344 0.169693 -0.125269
v -1.562542 0.121868 -0.231864
v -1.516072 0.015553 -0.124947
v -1.530559 0.005042 -0.152932
v -1.497649 0.114124 -0.090674
v -1.500573 0.043840 -0.102709
v -1.492483 0.082474 -0.097926
v -1.508845 0.157189 -0.134933
v -1.543084 0.162404 -0.198368
v -1.534601 0.018095 -0.191146
v -1.517649 0.169698 -0.208200
v -1.531433 0.015512 -0.209205
v -1.494825 0.152269 -0.121927
v -1.549773 0.114184 -0.242972
v -1.543955 0.041934 -0.236887
v -1.538367 0.082891 -0.257748
v -1.486549 0.129202 -0.105472
v -1.522302 0.166229 -0.164561
v -1.551113 0.126276 -0.227625
v -1.523809 0.014423 -0.167149
v -1.538360 0.157167 -0.198659
v -1.513022 0.018100 -0.143086
v -1.554912 0.078188 -0.234903
v -1.541450 0.144148 -0.231709
v -1.514765 0.172512 -0.161856
v -1.449611 0.051535 -0.130779
v -1.457393 0.153883 -0.147240
v -1.508931 0.121377 -0.266193
v -1.508077 0.049561 -0.263518
v -1.460090 0.021918 -0.154137
v -1.447109 0.113462 -0.124924
v -1.514895 0.103610 -0.260068
v -1.479848 0.014430 -0.182105
v -1.491842 0.165642 -0.226403
v -1.492229 0.014356 -0.226890
v -1.508769 0.021963 -0.231186
v -1.460501 0.049612 -0.121460
v -1.476751 0.164444 -0.150354
v -1.491030 0.174949 -0.178405
v -1.523980 0.113794 -0.259767
v -1.515272 0.142071 -0.245750
v -1.519246 0.051472 -0.254183
v -1.493867 0.010292 -0.149317
v -1.461897 0.132715 -0.121479
v -1.462643 0.036564 -0.144124
v -1.504226 0.031228 -0.236874
v -1.464429 0.148797 -0.147884
v -1.503797 0.148819 -0.236343
v -1.482904 0.166239 -0.189160
v -1.502383 0.165193 -0.218386
v -1.453658 0.102769 -0.124420
v -1.476451 0.014352 -0.158464
v -1.714871 0.024762 -0.098161
v -1.653515 0.065923 0.016850
v -1.662280 0.037487 0.009307
v -1.685567 0.169698 -0.017900
v -1.713916 0.138473 -0.115527
v -1.716489 0.050780 -0.119963
v -1.671711 0.015548 -0.017011
v -1.657107 0.132487 0.011599
v -1.664907 0.157172 -0.027513
v -1.648823 0.103751 0.008212
v -1.698771 0.162008 -0.091207
v -1.699351 0.008547 -0.074240
v -1.673827 0.169696 -0.100958
v -1.686951 0.015511 -0.101206
v -1.672514 0.005040 -0.073340
v -1.642362 0.050736 0.001807
v -1.705519 0.114226 -0.135143
v -1.694131 0.074532 -0.149699
v -1.677623 0.039345 -0.141268
v -1.643730 0.024804 -0.019990
v -1.649694 0.068077 0.006801
v -1.706911 0.126035 -0.119792
v -1.661285 0.028388 -0.019168
v -1.679249 0.014422 -0.059020
v -1.694214 0.157197 -0.090895
v -1.659297 0.008529 -0.043973
v -1.710593 0.081283 -0.126721
v -1.697299 0.144170 -0.124141
v -1.660208 0.162394 -0.027874
v -1.633494 0.174945 -0.099595
v -1.650075 0.017078 -0.125400
v -1.666619 0.114148 -0.161645
v -1.655300 0.074437 -0.176157
v -1.608542 0.037143 -0.031463
v -1.629619 0.161934 -0.061649
v -1.656142 0.155118 -0.138213
v -1.671954 0.082508 -0.154362
v -1.629385 0.018083 -0.061763
v -1.604360 0.123169 -0.021507
v -1.661730 0.018044 -0.116878
v -1.616008 0.049600 -0.014616
v -1.632838 0.164462 -0.043740
v -1.647201 0.174956 -0.071647
v -1.680374 0.113774 -0.152501
v -1.626137 0.105532 0.004693
v -1.614524 0.047642 -0.029228
v -1.608984 0.097523 -0.016809
v -1.660412 0.031200 -0.129755
v -1.619566 0.148190 -0.039858
v -1.654817 0.155976 -0.117599
v -1.640309 0.165576 -0.085600
v -1.641387 0.013766 -0.088694
v -1.658702 0.165188 -0.111529
v -1.618634 0.138526 -0.021012
v -1.632044 0.014341 -0.051380
v -1.570516 0.164462 -0.182736
v -1.555990 0.174958 -0.154781
v -1.553795 0.010283 -0.184564
v -1.589218 0.114143 -0.216705
v -1.577459 0.074538 -0.230997
v -1.547886 0.022852 -0.107677
v -1.525682 0.129194 -0.079451
v -1.543205 0.162354 -0.109053
v -1.594419 0.081281 -0.208513
v -1.561737 0.013767 -0.137884
v -1.571132 0.014348 -0.175060
v -1.536656 0.065783 -0.064894
v -1.565003 0.039501 -0.058217
v -1.569640 0.174697 -0.128627
v -1.593206 0.111534 -0.207065
v -1.599334 0.064062 -0.207961
v -1.553097 0.017086 -0.101244
v -1.537562 0.121336 -0.066794
v -1.533428 0.068397 -0.076074
v -1.548341 0.155979 -0.108777
v -1.590217 0.054595 -0.200291
v -1.537268 0.132402 -0.084260
v -1.577437 0.155972 -0.172880
v -1.562861 0.165576 -0.140876
v -1.584482 0.018069 -0.174090
v -1.581338 0.165196 -0.166829
v -1.531638 0.098726 -0.073034
v -1.538559 0.041055 -0.088608
v -1.622030 0.165630 -0.139610
v -1.622163 0.014343 -0.139572
v -1.581208 0.041894 -0.042726
v -1.606906 0.169706 -0.070664
v -1.637002 0.136899 -0.170484
v -1.606670 0.010300 -0.070737
v -1.591628 0.136903 -0.033506
v -1.586736 0.157165 -0.081530
v -1.586596 0.022820 -0.081647
v -1.572737 0.095526 -0.033258
v -1.596350 0.169704 -0.155903
v -1.596436 0.010293 -0.155826
v -1.578371 0.163277 -0.083100
v -1.618023 0.103663 -0.204175
v -1.626385 0.065282 -0.193269
v -1.619941 0.035817 -0.178815
v -1.581014 0.014389 -0.086963
v -1.600335 0.166223 -0.111087
v -1.627368 0.132315 -0.169766
v -1.629391 0.053731 -0.173884
v -1.616576 0.022828 -0.144974
v -1.601550 0.013256 -0.113301
v -1.616455 0.157184 -0.144921
v -1.621752 0.140789 -0.180696
v -1.633119 0.098676 -0.180987
v -2.044035 0.171731 0.141235
v -2.001431 0.066659 0.185334
v -2.013543 0.165360 0.141303
v -2.040485 0.114600 0.036787
v -1.997395 0.111349 0.178769
v -2.000830 0.138187 0.165659
v -1.992741 0.014692 0.062044
v -2.006015 0.005026 0.098584
v -1.992707 0.044618 0.172521
v -2.010197 0.034971 0.040862
v -1.975570 0.008570 0.123534
v -1.965069 0.026663 0.153220
v -1.997402 0.075867 0.179870
v -2.002792 0.034115 0.158501
v -2.016469 0.013739 0.105795
v -2.022843 0.159688 0.082115
v -2.025250 0.023327 0.074113
v -2.017449 0.166287 0.079629
v -2.009028 0.019176 0.136537
v -2.034215 0.068548 0.039589
v -2.006897 0.156518 0.144693
v -1.988885 0.090886 0.186036
v -1.970217 0.165067 0.055734
v -1.937290 0.175211 0.081803
v -1.970101 0.012680 0.059246
v -1.943830 0.051512 0.162592
v -1.941367 0.090031 0.172600
v -1.946378 0.143051 0.155803
v -1.985531 0.128786 0.026372
v -1.970948 0.089119 0.008002
v -1.954276 0.007037 0.111611
v -1.963192 0.161578 0.122468
v -1.983728 0.044216 0.030116
v -2.000626 0.169241 0.072105
v -1.959458 0.055147 0.172400
v -1.969485 0.089702 0.184613
v -1.974785 0.171013 0.124502
v -1.965608 0.152945 0.155093
v -2.002043 0.110672 0.021817
v -2.022614 0.141137 0.042011
v -1.987199 0.134469 0.175857
v -1.950097 0.075909 0.166808
v -1.956151 0.034250 0.145662
v -1.990839 0.104144 0.026609
v -1.966582 0.015845 0.109688
v -1.951999 0.126270 0.160482
v -1.978490 0.020275 0.068855
v -1.978109 0.009330 0.089931
v -1.978977 0.159116 0.066857
v -1.981599 0.174514 0.096380
v -1.991280 0.076097 0.025022
v -1.986406 0.041738 0.040676
v -1.887277 0.164393 0.020025
v -1.874929 0.174934 0.048733
v -1.887251 0.015605 0.019572
v -1.849231 0.060791 0.129545
v -1.853308 0.150166 0.111906
v -1.891713 0.103694 -0.027719
v -1.901353 0.065375 -0.018102
v -1.895915 0.035889 -0.003579
v -1.852953 0.029871 0.111332
v -1.834158 0.104265 0.130025
v -1.873330 0.161129 0.088810
v -1.897822 0.140582 -0.005263
v -1.908860 0.093134 -0.008921
v -1.860345 0.010065 0.084156
v -1.886218 0.013942 0.051539
v -1.866094 0.065338 0.141042
v -1.871156 0.035865 0.126215
v -1.893472 0.169713 0.101213
v -1.912902 0.129397 -0.003305
v -1.914239 0.064431 -0.008738
v -1.893082 0.010289 0.100575
v -1.871473 0.144196 0.126632
v -1.863620 0.042202 0.114633
v -1.902718 0.041215 0.006743
v -1.860658 0.126254 0.123744
v -1.892687 0.159750 0.034971
v -1.901112 0.018016 0.026370
v -1.899396 0.165296 0.034262
v -1.861583 0.105022 0.138644
v -1.870668 0.022928 0.093835
v -1.880385 0.014299 0.067098
v -1.911981 0.065221 0.160657
v -1.937847 0.169707 0.119499
v -1.965221 0.138907 0.022263
v -1.957389 0.041171 0.019469
v -1.929616 0.028512 0.145381
v -1.910798 0.105498 0.163518
v -1.916729 0.144219 0.146067
v -1.914944 0.157082 0.114240
v -1.944890 0.133709 0.022582
v -1.917958 0.017983 0.104712
v -1.913711 0.031720 0.136423
v -1.935636 0.159119 0.051281
v -1.935840 0.020844 0.050347
v -1.927685 0.165484 0.040639
v -1.907025 0.175031 0.064395
v -1.928841 0.015638 0.039624
v -1.931735 0.103725 -0.007463
v -1.938526 0.042049 0.011341
v -1.945351 0.087923 0.000618
v -1.910012 0.014700 0.108688
v -1.889196 0.114430 0.152142
v -1.905670 0.126344 0.143783
v -1.943967 0.041171 0.025981
v -1.938637 0.140513 0.014471
v -1.910283 0.165235 0.109195
v -1.726326 0.164444 -0.075259
v -1.712071 0.174949 -0.047446
v -1.690500 0.152331 0.011135
v -1.732776 0.105606 -0.123104
v -1.742629 0.049698 -0.104024
v -1.704038 0.022865 -0.000146
v -1.682179 0.129210 0.027764
v -1.686576 0.042340 0.023447
v -1.708537 0.161915 -0.009719
v -1.740398 0.138642 -0.097829
v -1.749655 0.098903 -0.101203
v -1.726607 0.014354 -0.067274
v -1.743090 0.158107 -0.071848
v -1.739558 0.033165 -0.079697
v -1.693501 0.065759 0.042204
v -1.746868 0.055780 -0.095453
v -1.709454 0.017078 0.005972
v -1.697059 0.132552 0.037033
v -1.689998 0.068395 0.031209
v -1.693914 0.132294 0.022844
v -1.733280 0.155981 -0.065605
v -1.728362 0.017725 -0.055169
v -1.720226 0.166242 -0.036688
v -1.688328 0.098738 0.034143
v -1.715778 0.013798 -0.026757
v -1.711369 0.165654 0.000436
v -1.694965 0.041022 0.018805
v -1.778811 0.165660 -0.034295
v -1.736457 0.065236 0.072343
v -1.742380 0.035797 0.057688
v -1.765905 0.169712 0.034265
v -1.765680 0.010297 0.033728
v -1.746085 0.103582 0.083006
v -1.744650 0.157120 0.024596
v -1.784807 0.126607 -0.068315
v -1.742617 0.025170 0.028769
v -1.740711 0.140664 0.059937
v -1.729194 0.103844 0.060305
v -1.777617 0.017582 -0.039127
v -1.765668 0.164444 -0.049705
v -1.751727 0.174950 -0.021628
v -1.765519 0.015524 -0.049878
v -1.741920 0.004964 -0.028016
v -1.730500 0.154102 0.035759
v -1.773177 0.103615 -0.097741
v -1.781729 0.065260 -0.087232
v -1.775494 0.035841 -0.072793
v -1.737771 0.010663 0.013775
v -1.720996 0.121962 0.057717
v -1.755963 0.165701 -0.001525
v -1.786955 0.068388 -0.072497
v -1.770098 0.159726 -0.033573
v -1.779729 0.036557 -0.055962
v -1.762832 0.014161 -0.017124
v -1.777592 0.140672 -0.074466
v -1.788947 0.092735 -0.076478
v -1.738911 0.171507 0.007902
v -1.732655 0.054852 0.053053
v -1.820492 0.052008 0.111178
v -1.850223 0.169712 0.080063
v -1.872603 0.129391 -0.024365
v -1.824615 0.140922 0.102844
v -1.873238 0.063805 -0.029256
v -1.827902 0.022901 0.071793
v -1.818384 0.108473 0.116968
v -1.858060 0.165212 0.012809
v -1.860555 0.018074 0.004886
v -1.845181 0.165532 -0.001288
v -1.833354 0.174934 0.026644
v -1.846268 0.015565 -0.002440
v -1.823296 0.004968 0.020541
v -1.810164 0.150165 0.089343
v -1.861219 0.114685 -0.039734
v -1.851857 0.076308 -0.049855
v -1.797093 0.114404 0.105890
v -1.838535 0.165707 0.045778
v -1.863482 0.132381 -0.017733
v -1.868722 0.086442 -0.030469
v -1.866035 0.061126 -0.024663
v -1.851425 0.159737 0.013308
v -1.858223 0.032276 -0.004566
v -1.844833 0.014159 0.029612
v -1.822969 0.017568 0.071756
v -1.855496 0.144108 -0.025057
v -1.830753 0.161143 0.066700
v -1.807627 0.162888 -0.022208
v -1.791918 0.174932 0.004097
v -1.805626 0.015607 -0.024889
v -1.765535 0.064169 0.085379
v -1.808820 0.114606 -0.070163
v -1.821271 0.049563 -0.054395
v -1.766386 0.129505 0.080694
v -1.781842 0.165214 0.043971
v -1.819069 0.138588 -0.047587
v -1.828361 0.098654 -0.051749
v -1.778958 0.018076 0.050889
v -1.803568 0.014161 0.006873
v -1.824881 0.152944 -0.027327
v -1.776795 0.065889 0.093183
v -1.807892 0.169706 0.057599
v -1.833175 0.115938 -0.051593
v -1.827244 0.068482 -0.050324
v -1.807720 0.010298 0.056881
v -1.776543 0.106624 0.096425
v -1.781760 0.140951 0.080056
v -1.771431 0.076704 0.084955
v -1.774423 0.126353 0.078518
v -1.817166 0.014779 -0.010189
v -1.809356 0.161359 -0.007150
v -1.785757 0.022899 0.048865
v -1.796702 0.014292 0.022405
v -1.785951 0.157109 0.049502
v -1.777205 0.041121 0.069733
v 0.081526 0.165385 -0.425451
v 0.068583 0.018196 -0.428114
v 0.056044 0.082546 -0.468970
v 0.087859 0.112333 -0.318209
v 0.072595 0.168197 -0.382642
v 0.083462 0.144464 -0.335790
v 0.072563 0.011796 -0.383411
v 0.077565 0.040931 -0.335076
v 0.072526 0.075137 -0.308458
v 0.037735 0.164043 -0.345264
v 0.044757 0.171465 -0.374922
v 0.043999 0.112373 -0.459948
v 0.048325 0.144563 -0.441987
v 0.045489 0.065195 -0.460091
v 0.055726 0.031143 -0.326998
v 0.071522 0.113532 -0.310943
v 0.068408 0.141748 -0.325571
v 0.052574 0.056206 -0.450442
v 0.081051 0.096765 -0.318433
v 0.077238 0.135648 -0.335248
v 0.061571 0.020866 -0.410200
v 0.055885 0.035380 -0.436194
v 0.059970 0.157529 -0.415905
v 0.071054 0.029135 -0.339192
v 0.067397 0.017823 -0.383347
v 0.073155 0.153989 -0.355985
v 0.025078 0.066262 -0.297840
v -0.008911 0.168880 -0.344362
v 0.009409 0.149349 -0.313856
v 0.008479 0.127725 -0.438165
v -0.008859 0.011114 -0.344841
v 0.009619 0.030635 -0.314300
v 0.025956 0.104979 -0.295030
v 0.027447 0.154548 -0.343056
v 0.025055 0.028606 -0.326077
v 0.008199 0.159648 -0.411867
v 0.016708 0.020250 -0.397794
v 0.003874 0.034972 -0.430487
v 0.036791 0.166074 -0.413088
v 0.024523 0.017874 -0.417579
v 0.034415 0.067346 -0.307599
v 0.015386 0.113611 -0.454770
v 0.026844 0.076934 -0.462341
v 0.041720 0.104854 -0.302389
v 0.022120 0.162810 -0.370025
v 0.028455 0.029876 -0.336911
v 0.015277 0.157081 -0.403246
v 0.009643 0.043086 -0.431818
v 0.021405 0.166027 -0.399205
v 0.027313 0.011097 -0.370630
v 0.037576 0.035057 -0.323039
v 0.006234 0.086974 -0.447856
v 0.018359 0.141876 -0.439836
v -0.081266 0.065845 -0.272354
v -0.087448 0.163676 -0.311757
v -0.093403 0.174368 -0.350417
v -0.084330 0.030303 -0.292426
v -0.082866 0.137387 -0.282224
v -0.093105 0.092559 -0.266392
v -0.059122 0.064101 -0.286798
v -0.064707 0.155536 -0.321074
v -0.080399 0.129110 -0.417021
v -0.087816 0.082565 -0.432366
v -0.093805 0.041832 -0.420174
v -0.067667 0.027686 -0.304083
v -0.063682 0.104647 -0.276949
v -0.042846 0.160386 -0.405055
v -0.054341 0.016860 -0.398569
v -0.073760 0.109032 -0.436302
v -0.061872 0.081445 -0.440712
v -0.058201 0.095558 -0.281421
v -0.082369 0.089995 -0.427447
v -0.063877 0.028955 -0.314808
v -0.074943 0.158103 -0.382450
v -0.075671 0.022198 -0.385718
v -0.073502 0.152259 -0.406004
v -0.059869 0.121317 -0.288442
v -0.081899 0.064080 -0.423653
v -0.059059 0.160536 -0.318220
v -0.020223 0.162705 -0.405617
v -0.003567 0.172139 -0.377846
v -0.009425 0.017405 -0.408837
v -0.004858 0.075028 -0.290200
v -0.030453 0.107112 -0.445313
v -0.028956 0.066223 -0.443855
v -0.026206 0.037666 -0.428991
v -0.004919 0.112700 -0.292497
v -0.008774 0.145379 -0.310571
v -0.025179 0.143637 -0.428388
v -0.008627 0.034560 -0.310905
v -0.030524 0.022685 -0.395446
v -0.047498 0.055342 -0.283597
v -0.020659 0.077015 -0.283322
v -0.038548 0.155247 -0.306996
v -0.047660 0.173788 -0.359711
v -0.054795 0.010525 -0.334299
v -0.050017 0.026046 -0.305825
v -0.019818 0.108448 -0.284967
v -0.013592 0.055681 -0.302724
v -0.036143 0.055635 -0.427776
v -0.025518 0.015893 -0.367995
v -0.011788 0.096874 -0.293032
v -0.029738 0.157610 -0.392216
v -0.031570 0.027202 -0.403778
v -0.014635 0.137417 -0.309946
v -0.021158 0.028132 -0.314438
v -0.049208 0.042151 -0.429244
v -0.043467 0.082624 -0.441570
v -0.018510 0.155062 -0.331427
v -0.270687 0.164969 -0.373600
v -0.279220 0.174879 -0.341534
v -0.270786 0.015013 -0.373700
v -0.279326 0.005122 -0.341743
v -0.255190 0.066632 -0.257143
v -0.272473 0.114571 -0.413608
v -0.285757 0.076293 -0.417783
v -0.254518 0.105477 -0.254754
v -0.259932 0.171859 -0.326254
v -0.256217 0.146992 -0.276124
v -0.261645 0.076430 -0.407996
v -0.260054 0.008150 -0.326310
v -0.256380 0.033014 -0.276212
v -0.237541 0.065480 -0.255324
v -0.218377 0.171077 -0.311645
v -0.227257 0.151171 -0.276184
v -0.218475 0.008922 -0.311574
v -0.227388 0.028828 -0.276129
v -0.237585 0.105561 -0.252431
v -0.250140 0.044770 -0.274045
v -0.248670 0.097089 -0.259529
v -0.260528 0.138587 -0.392168
v -0.257916 0.018847 -0.360451
v -0.257582 0.162298 -0.356345
v -0.250429 0.138762 -0.277114
v -0.252608 0.023070 -0.299489
v -0.255138 0.014515 -0.327839
v -0.252700 0.077677 -0.417174
v -0.260495 0.036363 -0.388065
v -0.262001 0.107320 -0.407519
v -0.252452 0.156923 -0.299475
v -0.198573 0.005435 -0.340852
v -0.182933 0.170966 -0.314193
v -0.179635 0.155222 -0.285102
v -0.182975 0.009035 -0.314123
v -0.178977 0.029623 -0.278827
v -0.177381 0.130020 -0.264937
v -0.190049 0.102825 -0.255110
v -0.201734 0.067670 -0.265580
v -0.197981 0.153314 -0.285647
v -0.216608 0.107315 -0.409175
v -0.215342 0.135000 -0.396660
v -0.207520 0.077753 -0.419153
v -0.203569 0.041218 -0.405961
v -0.205560 0.023310 -0.301784
v -0.212310 0.021380 -0.367784
v -0.235835 0.164799 -0.374780
v -0.232779 0.174630 -0.343058
v -0.224750 0.015271 -0.375051
v -0.232854 0.005370 -0.342988
v -0.206926 0.074532 -0.257151
v -0.227193 0.109529 -0.417073
v -0.238699 0.041961 -0.404978
v -0.207519 0.113281 -0.259491
v -0.204428 0.152083 -0.295046
v -0.201302 0.111814 -0.265090
v -0.211843 0.158969 -0.367546
v -0.209075 0.033132 -0.278371
v -0.215926 0.067616 -0.407312
v -0.208971 0.146870 -0.278411
v -0.087872 0.160908 -0.395726
v -0.088377 0.016746 -0.391774
v -0.118286 0.109137 -0.428068
v -0.117803 0.075792 -0.429223
v -0.089732 0.009944 -0.327258
v -0.106832 0.058647 -0.279845
v -0.112868 0.160389 -0.320804
v -0.112820 0.019635 -0.321153
v -0.106139 0.106980 -0.274829
v -0.102592 0.146668 -0.291544
v -0.118506 0.152652 -0.397771
v -0.121011 0.021756 -0.377430
v -0.133504 0.164192 -0.382877
v -0.152404 0.173381 -0.349922
v -0.133468 0.015818 -0.383080
v -0.115846 0.066235 -0.266820
v -0.138284 0.064273 -0.422672
v -0.160504 0.039513 -0.407448
v -0.148053 0.011022 -0.312990
v -0.109252 0.034937 -0.296578
v -0.116938 0.014859 -0.349464
v -0.107671 0.131671 -0.286260
v -0.120345 0.158553 -0.374206
v -0.110610 0.104495 -0.268269
v -0.120590 0.009168 -0.338659
v -0.113967 0.032914 -0.290175
v -0.124748 0.045508 -0.406149
v -0.121950 0.170503 -0.345723
v -0.115345 0.153546 -0.294833
v -0.201278 0.164279 -0.376783
v -0.198524 0.174564 -0.340920
v -0.179022 0.015610 -0.378079
v -0.165120 0.065859 -0.259712
v -0.194600 0.114402 -0.417652
v -0.161285 0.032933 -0.283361
v -0.159040 0.160729 -0.314442
v -0.171231 0.097049 -0.413757
v -0.170859 0.067735 -0.410613
v -0.169135 0.041569 -0.396649
v -0.159059 0.019253 -0.314462
v -0.155504 0.143044 -0.287195
v -0.166039 0.158656 -0.371082
v -0.151544 0.006116 -0.348693
v -0.146523 0.066703 -0.265153
v -0.148253 0.170460 -0.318551
v -0.131800 0.149840 -0.283969
v -0.148633 0.138067 -0.411540
v -0.131047 0.030156 -0.284171
v -0.128016 0.106317 -0.261529
v -0.162572 0.014445 -0.342870
v -0.153432 0.096958 -0.266454
v -0.166497 0.021686 -0.371339
v -0.167529 0.154170 -0.379367
v -0.147146 0.104991 -0.262976
v -0.170516 0.131962 -0.402131
v -0.149622 0.147513 -0.285031
v -0.155267 0.045267 -0.280646
v -0.654532 0.169693 -0.396969
v -0.642561 0.015524 -0.403733
v -0.649640 0.075778 -0.280364
v -0.644079 0.114699 -0.444592
v -0.656931 0.076358 -0.450122
v -0.636782 0.113798 -0.284619
v -0.637936 0.148314 -0.303259
v -0.632716 0.076281 -0.437189
v -0.629838 0.018096 -0.336324
v -0.636945 0.169138 -0.386407
v -0.643185 0.005035 -0.372109
v -0.602892 0.065274 -0.278571
v -0.619056 0.015557 -0.321646
v -0.618411 0.005043 -0.353235
v -0.621692 0.127885 -0.287680
v -0.628855 0.036370 -0.309387
v -0.633100 0.111887 -0.435443
v -0.630793 0.014424 -0.362730
v -0.628504 0.132365 -0.300440
v -0.632236 0.152499 -0.404889
v -0.631717 0.018102 -0.389135
v -0.627232 0.162400 -0.399862
v -0.629960 0.157190 -0.327555
v -0.619288 0.039395 -0.294003
v -0.578770 0.158079 -0.403270
v -0.578580 0.021872 -0.402891
v -0.573921 0.065827 -0.278125
v -0.579306 0.128525 -0.428719
v -0.579163 0.051480 -0.428548
v -0.573054 0.132557 -0.284368
v -0.576009 0.165641 -0.323720
v -0.576080 0.014361 -0.323397
v -0.581883 0.098290 -0.282706
v -0.584171 0.166233 -0.361106
v -0.595538 0.164447 -0.398583
v -0.596257 0.174954 -0.367022
v -0.611559 0.010287 -0.392219
v -0.592544 0.149982 -0.299690
v -0.593818 0.114121 -0.437432
v -0.610933 0.074508 -0.444622
v -0.588667 0.026077 -0.305495
v -0.582586 0.152542 -0.315844
v -0.585839 0.082233 -0.433531
v -0.582502 0.031177 -0.309228
v -0.584982 0.155973 -0.393152
v -0.585167 0.031172 -0.406056
v -0.583635 0.013769 -0.354481
v -0.591661 0.014363 -0.391848
v -0.581666 0.125175 -0.291598
v -0.585450 0.135360 -0.418860
v -0.595929 0.169851 -0.327861
v -0.581573 0.068759 -0.285842
v -0.485593 0.037119 -0.409832
v -0.479755 0.049653 -0.272068
v -0.465788 0.169695 -0.312420
v -0.483741 0.113776 -0.424893
v -0.491735 0.141133 -0.403444
v -0.477828 0.145709 -0.282834
v -0.488793 0.157143 -0.311218
v -0.489044 0.022851 -0.311350
v -0.480346 0.108467 -0.265475
v -0.484787 0.165200 -0.378243
v -0.490839 0.018079 -0.373036
v -0.500011 0.156669 -0.398874
v -0.513421 0.175036 -0.356707
v -0.501463 0.015582 -0.387393
v -0.494193 0.148162 -0.289008
v -0.499861 0.121401 -0.423993
v -0.499523 0.049607 -0.421067
v -0.493703 0.113464 -0.269263
v -0.487281 0.126292 -0.279601
v -0.489998 0.013772 -0.344084
v -0.502195 0.005055 -0.355752
v -0.494268 0.018094 -0.306653
v -0.491918 0.103743 -0.421025
v -0.501799 0.169898 -0.316224
v -0.548754 0.164479 -0.393478
v -0.549308 0.174964 -0.361827
v -0.560396 0.010305 -0.386960
v -0.556499 0.075611 -0.270429
v -0.543901 0.154069 -0.300484
v -0.562579 0.103731 -0.440074
v -0.549851 0.065301 -0.434330
v -0.549274 0.035864 -0.418489
v -0.543030 0.121918 -0.276398
v -0.534711 0.054833 -0.285633
v -0.548156 0.171457 -0.329390
v -0.538577 0.098702 -0.426981
v -0.546505 0.011946 -0.321289
v -0.537459 0.022826 -0.387197
v -0.530115 0.165658 -0.385217
v -0.523436 0.065279 -0.269634
v -0.524159 0.035809 -0.285505
v -0.530319 0.136939 -0.419728
v -0.517317 0.075616 -0.433875
v -0.513279 0.010308 -0.317100
v -0.510654 0.103600 -0.263919
v -0.524958 0.140657 -0.282918
v -0.534461 0.082998 -0.277218
v -0.538741 0.053718 -0.418878
v -0.536728 0.013775 -0.354513
v -0.534964 0.137803 -0.294518
v -0.537934 0.155975 -0.387299
v -0.533055 0.017596 -0.389045
v -0.534867 0.103864 -0.277568
v -0.530898 0.010867 -0.328146
v -0.536096 0.157158 -0.316859
v -0.285381 0.074435 -0.250772
v -0.276626 0.171540 -0.309407
v -0.274486 0.151331 -0.274240
v -0.302838 0.116021 -0.410259
v -0.276786 0.008463 -0.309574
v -0.274682 0.028668 -0.274372
v -0.285175 0.114597 -0.253664
v -0.292563 0.153710 -0.281570
v -0.301694 0.059946 -0.408778
v -0.299775 0.022923 -0.298426
v -0.303907 0.162463 -0.355416
v -0.304176 0.018390 -0.359559
v -0.314441 0.150475 -0.390343
v -0.315900 0.014544 -0.371645
v -0.305711 0.165238 -0.300946
v -0.314991 0.121423 -0.409362
v -0.314541 0.049701 -0.406455
v -0.303750 0.037146 -0.269853
v -0.302915 0.129405 -0.260949
v -0.296323 0.076695 -0.259035
v -0.298738 0.152431 -0.291361
v -0.306861 0.125405 -0.398549
v -0.296480 0.111887 -0.261109
v -0.302082 0.013833 -0.330874
v -0.306852 0.007964 -0.325463
v -0.307359 0.093120 -0.408627
v -0.361577 0.164425 -0.374979
v -0.372669 0.175034 -0.344329
v -0.361572 0.015568 -0.374803
v -0.361463 0.005052 -0.343314
v -0.366107 0.075697 -0.251833
v -0.376663 0.103701 -0.420748
v -0.363950 0.065343 -0.415558
v -0.362996 0.035915 -0.399818
v -0.353314 0.129214 -0.262712
v -0.353398 0.161843 -0.292683
v -0.353096 0.091233 -0.410328
v -0.351604 0.017554 -0.297247
v -0.332906 0.065290 -0.253805
v -0.333998 0.035791 -0.269465
v -0.334800 0.165640 -0.295753
v -0.324821 0.175018 -0.325650
v -0.345084 0.121953 -0.410627
v -0.332899 0.075685 -0.417682
v -0.324339 0.010329 -0.301799
v -0.319517 0.103674 -0.249224
v -0.334962 0.140536 -0.266924
v -0.344828 0.053715 -0.268140
v -0.352972 0.118880 -0.403679
v -0.344769 0.125395 -0.269366
v -0.351688 0.147742 -0.382052
v -0.350617 0.018641 -0.360837
v -0.338371 0.171423 -0.358396
v -0.344636 0.098751 -0.260129
v -0.347157 0.022855 -0.299504
v -0.348824 0.014287 -0.327987
v -0.454733 0.164422 -0.382757
v -0.466444 0.175036 -0.352181
v -0.454829 0.015544 -0.382821
v -0.455280 0.005049 -0.351249
v -0.461363 0.075776 -0.259413
v -0.453454 0.114194 -0.421611
v -0.469147 0.076294 -0.429117
v -0.448980 0.031615 -0.283501
v -0.448331 0.121969 -0.266011
v -0.439869 0.054805 -0.275745
v -0.446687 0.161873 -0.302241
v -0.445347 0.076468 -0.416381
v -0.454697 0.010124 -0.312053
v -0.436178 0.025920 -0.393705
v -0.413639 0.065274 -0.258407
v -0.437106 0.142570 -0.404985
v -0.430616 0.015545 -0.301109
v -0.432813 0.127848 -0.267152
v -0.444667 0.031174 -0.390355
v -0.442831 0.014423 -0.341906
v -0.439802 0.126252 -0.275280
v -0.445458 0.137439 -0.401908
v -0.431736 0.008556 -0.365046
v -0.437976 0.165189 -0.373633
v -0.430323 0.005033 -0.332697
v -0.438491 0.054795 -0.415462
v -0.441535 0.157146 -0.306837
v -0.430533 0.039416 -0.273470
v -0.439891 0.081667 -0.266897
v -0.391688 0.027038 -0.389012
v -0.384776 0.049657 -0.264007
v -0.371420 0.169698 -0.304697
v -0.393071 0.129393 -0.409971
v -0.394420 0.064007 -0.414533
v -0.371606 0.010304 -0.304510
v -0.384275 0.121419 -0.261114
v -0.385301 0.154899 -0.284638
v -0.394557 0.022848 -0.302756
v -0.392379 0.098300 -0.263112
v -0.391311 0.165204 -0.369940
v -0.390219 0.007453 -0.346429
v -0.408021 0.164427 -0.378409
v -0.419507 0.175035 -0.347829
v -0.403510 0.150038 -0.279761
v -0.413178 0.115262 -0.420736
v -0.422693 0.076146 -0.424088
v -0.399719 0.026063 -0.285642
v -0.393670 0.152526 -0.296134
v -0.398600 0.138712 -0.396394
v -0.399078 0.086869 -0.413381
v -0.397165 0.020281 -0.366399
v -0.404205 0.014367 -0.371709
v -0.392319 0.125162 -0.271983
v -0.407301 0.169876 -0.307832
v -0.392148 0.068768 -0.266250
v -1.351833 0.076187 -0.174126
v -1.345939 0.039445 -0.196299
v -1.358299 0.165520 -0.222140
v -1.380222 0.175034 -0.244810
v -1.410436 0.104640 -0.331176
v -1.391104 0.143979 -0.317460
v -1.399482 0.071839 -0.333215
v -1.358368 0.014468 -0.221811
v -1.380226 0.004966 -0.244397
v -1.342137 0.114621 -0.183986
v -1.347908 0.144024 -0.198491
v -1.335217 0.076421 -0.194165
v -1.370119 0.172075 -0.267585
v -1.370347 0.007917 -0.267444
v -1.353905 0.169696 -0.302035
v -1.340481 0.008447 -0.300506
v -1.364094 0.028533 -0.328112
v -1.330841 0.050606 -0.198595
v -1.382407 0.065349 -0.341748
v -1.351191 0.019842 -0.233408
v -1.385193 0.132335 -0.319992
v -1.390380 0.084522 -0.332723
v -1.343237 0.036531 -0.213702
v -1.375915 0.022877 -0.294916
v -1.365359 0.014285 -0.268515
v -1.375642 0.157134 -0.295066
v -1.386804 0.104995 -0.339081
v -1.376564 0.144141 -0.327167
v -1.353157 0.161638 -0.238486
v -1.334398 0.141621 -0.206239
v -1.297833 0.169936 -0.324511
v -1.328731 0.158815 -0.332318
v -1.297469 0.008435 -0.319155
v -1.307394 0.024348 -0.346795
v -1.288629 0.072162 -0.211634
v -1.340378 0.127858 -0.354143
v -1.336376 0.044323 -0.352664
v -1.299698 0.044737 -0.225948
v -1.299168 0.157245 -0.241861
v -1.342840 0.076877 -0.361113
v -1.307074 0.025139 -0.245525
v -1.289307 0.120115 -0.214982
v -1.333498 0.022881 -0.315392
v -1.301843 0.065432 -0.204219
v -1.307344 0.035957 -0.218816
v -1.327379 0.165161 -0.236059
v -1.328782 0.174936 -0.270532
v -1.360458 0.114372 -0.352836
v -1.317366 0.014521 -0.242586
v -1.311816 0.103729 -0.194740
v -1.294339 0.093185 -0.212725
v -1.340894 0.042160 -0.336032
v -1.318443 0.013600 -0.276411
v -1.299250 0.132375 -0.225209
v -1.332962 0.155967 -0.315454
v -1.320737 0.165576 -0.282857
v -1.346971 0.032843 -0.334573
v -1.337593 0.165290 -0.310293
v -1.305460 0.140465 -0.216689
v -1.308286 0.157230 -0.250468
v -1.231856 0.170338 -0.347750
v -1.226696 0.155973 -0.375450
v -1.200695 0.063550 -0.245038
v -1.198905 0.161730 -0.280398
v -1.220777 0.174841 -0.314085
v -1.219700 0.135214 -0.395842
v -1.217294 0.041838 -0.261770
v -1.225219 0.159115 -0.287865
v -1.251629 0.138475 -0.371997
v -1.250224 0.035541 -0.366957
v -1.223826 0.023305 -0.282677
v -1.275708 0.009081 -0.329135
v -1.257163 0.031141 -0.368391
v -1.251479 0.174479 -0.295116
v -1.236999 0.151087 -0.253867
v -1.224370 0.025730 -0.265504
v -1.254965 0.015721 -0.267443
v -1.243514 0.005035 -0.305739
v -1.212477 0.108931 -0.248060
v -1.213324 0.068353 -0.250073
v -1.256276 0.100969 -0.388069
v -1.216007 0.132572 -0.258028
v -1.233408 0.013762 -0.313692
v -1.240884 0.016502 -0.338474
v -1.244626 0.156572 -0.351683
v -1.234258 0.166647 -0.318794
v -1.255650 0.072794 -0.386222
v -1.216477 0.076719 -0.238893
v -1.261907 0.066624 -0.221146
v -1.277442 0.035451 -0.231303
v -1.276057 0.165138 -0.259529
v -1.309633 0.175218 -0.283590
v -1.312445 0.113915 -0.371768
v -1.306836 0.141107 -0.358681
v -1.299887 0.054515 -0.364090
v -1.285995 0.014860 -0.254713
v -1.271364 0.103752 -0.213351
v -1.267745 0.020562 -0.271755
v -1.265071 0.140024 -0.233915
v -1.253582 0.093183 -0.230879
v -1.264021 0.171696 -0.333043
v -1.273182 0.155802 -0.360805
v -1.287052 0.027907 -0.358974
v -1.248492 0.040253 -0.241562
v -1.266691 0.134772 -0.381742
v -1.279507 0.049617 -0.379503
v -1.243675 0.114093 -0.230465
v -1.268957 0.159755 -0.274907
v -1.302820 0.097126 -0.371847
v -1.259206 0.040860 -0.246567
v -1.291896 0.027495 -0.340447
v -1.289865 0.157088 -0.334336
v -1.276525 0.013206 -0.296678
v -1.299032 0.082210 -0.380122
v -1.298863 0.133518 -0.359775
v -1.256598 0.153424 -0.254813
v -1.272901 0.171801 -0.303610
v -1.007180 0.043010 -0.294727
v -1.009397 0.162565 -0.322564
v -1.033108 0.014929 -0.322507
v -1.015221 0.114643 -0.284743
v -1.030446 0.147835 -0.301469
v -1.065330 0.111372 -0.429990
v -1.060338 0.067520 -0.437348
v -1.038562 0.005084 -0.353640
v -1.039290 0.116485 -0.290902
v -1.056815 0.018461 -0.384965
v -1.085633 0.151472 -0.414109
v -1.079535 0.008305 -0.378998
v -1.086519 0.029060 -0.413965
v -1.077776 0.106291 -0.438578
v -1.077138 0.065356 -0.435633
v -1.077935 0.014886 -0.314766
v -1.084354 0.005070 -0.345682
v -1.049483 0.164184 -0.346635
v -1.061787 0.142096 -0.413775
v -1.065222 0.075607 -0.431116
v -1.051795 0.014424 -0.359320
v -1.058462 0.007844 -0.365621
v -1.068010 0.031956 -0.414073
v -1.057530 0.159350 -0.390998
v -1.044968 0.023339 -0.324401
v -1.044619 0.155081 -0.321675
v -1.057569 0.171807 -0.359128
v -1.038485 0.068566 -0.289485
v -1.050772 0.033330 -0.296955
v -1.115377 0.171730 -0.372880
v -1.134719 0.150927 -0.405312
v -1.115104 0.008270 -0.371893
v -1.134398 0.029057 -0.404591
v -1.126186 0.119889 -0.426067
v -1.150898 0.059997 -0.420392
v -1.116719 0.037221 -0.410909
v -1.122558 0.084107 -0.428722
v -1.090082 0.023329 -0.316521
v -1.086002 0.089994 -0.272790
v -1.079787 0.171700 -0.379868
v -1.073199 0.044499 -0.284066
v -1.078218 0.165100 -0.315754
v -1.084680 0.174935 -0.346827
v -1.108089 0.113991 -0.429117
v -1.059321 0.114602 -0.277495
v -1.049839 0.140446 -0.292220
v -1.084499 0.047060 -0.290593
v -1.112973 0.111582 -0.420394
v -1.097897 0.014423 -0.351168
v -1.082271 0.082800 -0.278912
v -1.103655 0.018504 -0.376673
v -1.103186 0.162430 -0.373728
v -1.083485 0.116589 -0.283340
v -1.107474 0.060056 -0.425732
v -1.223091 0.015090 -0.361800
v -1.169169 0.082124 -0.258777
v -1.181119 0.038818 -0.263232
v -1.217357 0.090894 -0.406056
v -1.245821 0.065800 -0.397158
v -1.230194 0.036053 -0.385724
v -1.200652 0.014585 -0.286176
v -1.211834 0.003910 -0.323881
v -1.186408 0.165389 -0.300759
v -1.179308 0.023300 -0.295896
v -1.170026 0.111891 -0.262678
v -1.190099 0.166270 -0.334206
v -1.196491 0.007728 -0.335121
v -1.161840 0.171724 -0.362651
v -1.192745 0.017993 -0.368268
v -1.145934 0.164837 -0.301390
v -1.152903 0.174729 -0.331523
v -1.157185 0.115024 -0.257221
v -1.137884 0.140346 -0.274921
v -1.172767 0.047604 -0.271363
v -1.209307 0.077961 -0.401218
v -1.206111 0.049729 -0.391122
v -1.189259 0.014340 -0.329806
v -1.199175 0.156920 -0.365790
v -1.184010 0.171873 -0.333286
v -1.174522 0.138782 -0.276418
v -1.175660 0.013723 -0.303092
v -1.200629 0.043238 -0.395462
v -1.208810 0.111415 -0.399018
v -1.205200 0.138058 -0.386155
v -1.180592 0.157258 -0.298186
v -1.165783 0.044794 -0.267294
v -1.103004 0.056843 -0.271262
v -1.101304 0.164829 -0.311017
v -1.119468 0.175033 -0.339904
v -1.107493 0.005350 -0.334088
v -1.108184 0.023775 -0.295384
v -1.101956 0.106083 -0.266594
v -1.094033 0.140425 -0.284350
v -1.136756 0.159418 -0.312236
v -1.160525 0.121821 -0.407930
v -1.156315 0.090146 -0.422033
v -1.133122 0.010914 -0.320521
v -1.127273 0.116493 -0.274161
v -1.150589 0.161518 -0.367668
v -1.150220 0.018468 -0.366590
v -1.181971 0.150926 -0.394446
v -1.161839 0.012633 -0.371592
v -1.137612 0.038871 -0.274562
v -1.174781 0.063895 -0.415772
v -1.169337 0.032522 -0.398610
v -1.157264 0.010793 -0.304863
v -1.127913 0.053764 -0.277905
v -1.131065 0.142077 -0.289273
v -1.156324 0.146201 -0.391660
v -1.161350 0.075640 -0.412104
v -1.142813 0.013773 -0.338422
v -1.134852 0.023342 -0.306966
v -0.673188 0.026081 -0.419814
v -0.667626 0.049639 -0.293020
v -0.665758 0.164433 -0.326643
v -0.642016 0.174323 -0.350090
v -0.675364 0.115951 -0.444199
v -0.680335 0.068473 -0.440436
v -0.649833 0.010291 -0.333079
v -0.668175 0.140829 -0.302073
v -0.669641 0.014364 -0.333265
v -0.668273 0.108494 -0.286433
v -0.673490 0.161910 -0.407125
v -0.677942 0.013769 -0.370633
v -0.689491 0.015567 -0.407975
v -0.679750 0.064104 -0.290392
v -0.681825 0.153925 -0.314888
v -0.688128 0.121436 -0.444566
v -0.688185 0.065891 -0.446904
v -0.682317 0.027086 -0.315973
v -0.681194 0.113453 -0.290054
v -0.675354 0.138684 -0.308695
v -0.680107 0.125403 -0.432940
v -0.679372 0.031217 -0.416010
v -0.690019 0.005044 -0.376289
v -0.685857 0.165632 -0.401315
v -0.676579 0.018076 -0.341051
v -0.679980 0.098711 -0.442260
v -0.677012 0.165565 -0.355603
v -0.760770 0.171545 -0.398401
v -0.737290 0.158907 -0.421748
v -0.748613 0.010306 -0.404829
v -0.741870 0.075621 -0.288961
v -0.737835 0.134641 -0.443951
v -0.737640 0.100238 -0.455208
v -0.739031 0.065304 -0.452807
v -0.738136 0.035861 -0.437030
v -0.733463 0.168026 -0.340252
v -0.733493 0.011977 -0.340138
v -0.729091 0.137111 -0.304062
v -0.725718 0.022867 -0.406678
v -0.710246 0.065296 -0.289841
v -0.711097 0.035834 -0.305642
v -0.712218 0.164456 -0.330701
v -0.700808 0.175035 -0.361137
v -0.719011 0.129275 -0.443289
v -0.706091 0.075683 -0.454052
v -0.700704 0.010317 -0.337456
v -0.697633 0.103630 -0.284433
v -0.712004 0.140626 -0.303050
v -0.721214 0.093295 -0.295204
v -0.727618 0.125395 -0.437000
v -0.727084 0.042187 -0.428838
v -0.723250 0.020278 -0.342810
v -0.721985 0.144705 -0.319298
v -0.726739 0.151597 -0.415402
v -0.721266 0.017573 -0.408667
v -0.713636 0.171491 -0.394522
v -0.721180 0.103347 -0.296950
v -0.718250 0.010877 -0.347958
v -0.856511 0.167686 -0.409891
v -0.841674 0.176094 -0.375238
v -0.843447 0.008308 -0.399450
v -0.845490 0.028541 -0.434639
v -0.812791 0.072663 -0.301009
v -0.835036 0.114690 -0.455120
v -0.824492 0.139407 -0.306657
v -0.829709 0.074995 -0.454641
v -0.822957 0.007914 -0.367142
v -0.819843 0.032870 -0.316965
v -0.820598 0.157131 -0.410183
v -0.827356 0.026216 -0.426818
v -0.816248 0.036026 -0.437172
v -0.789110 0.076207 -0.290471
v -0.793824 0.169670 -0.343226
v -0.815770 0.119849 -0.451766
v -0.792321 0.014840 -0.334552
v -0.794324 0.004966 -0.366475
v -0.802213 0.114624 -0.295083
v -0.803361 0.144020 -0.310760
v -0.813993 0.042151 -0.317972
v -0.822961 0.054595 -0.440163
v -0.818182 0.014424 -0.374953
v -0.813371 0.125433 -0.310035
v -0.813373 0.007920 -0.382761
v -0.813563 0.172080 -0.383037
v -0.815996 0.022787 -0.340088
v -0.816236 0.160968 -0.346311
v -0.804214 0.039471 -0.307809
v -0.768642 0.037140 -0.437347
v -0.759397 0.065853 -0.295573
v -0.768339 0.148192 -0.431869
v -0.760656 0.030866 -0.315568
v -0.757380 0.119966 -0.295664
v -0.759989 0.005604 -0.361495
v -0.767367 0.098755 -0.299760
v -0.773142 0.018413 -0.400189
v -0.809825 0.161858 -0.420595
v -0.795479 0.175038 -0.382728
v -0.796306 0.008311 -0.398711
v -0.784265 0.021154 -0.423030
v -0.773229 0.066590 -0.296944
v -0.774856 0.152968 -0.322935
v -0.784931 0.106698 -0.455504
v -0.782457 0.052138 -0.447847
v -0.771746 0.116058 -0.297526
v -0.767499 0.053642 -0.307702
v -0.767990 0.138701 -0.316162
v -0.775700 0.103390 -0.447804
v -0.774955 0.137828 -0.431392
v -0.775301 0.053759 -0.440446
v -0.771340 0.013772 -0.376484
v -0.773313 0.157125 -0.409383
v -0.769697 0.018345 -0.347817
v -0.773944 0.032880 -0.315902
v -0.769930 0.162519 -0.352227
v -1.046301 0.170075 -0.390203
v -1.050591 0.152046 -0.419011
v -1.021051 0.009713 -0.392420
v -1.037836 0.024091 -0.415580
v -1.028554 0.135035 -0.435648
v -1.042086 0.057043 -0.440055
v -1.011014 0.171631 -0.365924
v -1.016341 0.067619 -0.436339
v -1.003719 0.022492 -0.320732
v -1.004688 0.013777 -0.362746
v -0.994663 0.121836 -0.299702
v -1.010899 0.157099 -0.401239
v -0.982398 0.076427 -0.286072
v -0.987691 0.165121 -0.329367
v -0.969252 0.175228 -0.366886
v -1.009828 0.128551 -0.437199
v -0.976270 0.014852 -0.329108
v -0.992053 0.005074 -0.359299
v -0.982151 0.113269 -0.288749
v -0.960196 0.140068 -0.303570
v -0.996102 0.044464 -0.306735
v -1.001235 0.159734 -0.339162
v -1.014042 0.041272 -0.422314
v -1.009678 0.018484 -0.391498
v -1.009328 0.038426 -0.429229
v -0.997006 0.138833 -0.310633
v -1.000230 0.022757 -0.331656
v -0.993308 0.089376 -0.292426
v -0.940530 0.040598 -0.304460
v -0.932472 0.171664 -0.349041
v -0.942737 0.158850 -0.324212
v -0.963128 0.097884 -0.451926
v -0.941490 0.014873 -0.332230
v -0.942681 0.127764 -0.299234
v -0.945381 0.005074 -0.363589
v -0.962696 0.160883 -0.400008
v -0.962176 0.018467 -0.396276
v -0.960901 0.038413 -0.434067
v -0.997230 0.171559 -0.392114
v -0.990058 0.151456 -0.427793
v -0.973380 0.009745 -0.397435
v -0.989658 0.028526 -0.426902
v -0.980234 0.065353 -0.448429
v -0.967977 0.068404 -0.440511
v -0.950063 0.125449 -0.307088
v -0.957908 0.013774 -0.367347
v -0.953466 0.023359 -0.335060
v -0.966573 0.133663 -0.432446
v -0.980033 0.107712 -0.450839
v -0.954048 0.157483 -0.336168
v -0.952612 0.082305 -0.291051
v -0.961804 0.040817 -0.301065
v -0.847791 0.065434 -0.295289
v -0.849152 0.035978 -0.310875
v -0.849517 0.165156 -0.335423
v -0.863880 0.147148 -0.433005
v -0.859434 0.065585 -0.455543
v -0.838435 0.014847 -0.335338
v -0.834512 0.103721 -0.291163
v -0.862043 0.022784 -0.339866
v -0.852187 0.005069 -0.367217
v -0.853534 0.136059 -0.308314
v -0.858324 0.093173 -0.299645
v -0.867327 0.018411 -0.400863
v -0.863763 0.032856 -0.433001
v -0.877412 0.172990 -0.393762
v -0.877705 0.149077 -0.432522
v -0.890314 0.008310 -0.398089
v -0.879035 0.021190 -0.423074
v -0.879599 0.114078 -0.452497
v -0.878016 0.052100 -0.447877
v -0.864209 0.113452 -0.297445
v -0.859631 0.138714 -0.316823
v -0.870670 0.125401 -0.439781
v -0.871216 0.093335 -0.449329
v -0.870692 0.053701 -0.440894
v -0.864797 0.014424 -0.374730
v -0.869399 0.007907 -0.366678
v -0.862603 0.162530 -0.352680
v -0.865499 0.147125 -0.316540
v -0.862311 0.065366 -0.297904
v -0.937307 0.174493 -0.388935
v -0.954943 0.152532 -0.428856
v -0.937888 0.008305 -0.396215
v -0.941294 0.028533 -0.431172
v -0.911305 0.066266 -0.295319
v -0.910967 0.143951 -0.312003
v -0.930067 0.135681 -0.443505
v -0.930397 0.102048 -0.455450
v -0.931278 0.065324 -0.452332
v -0.909069 0.162533 -0.352012
v -0.916047 0.007895 -0.365321
v -0.911115 0.032886 -0.315505
v -0.915241 0.157078 -0.408646
v -0.922680 0.026203 -0.424571
v -0.916521 0.029005 -0.418864
v -0.892516 0.065286 -0.294191
v -0.881875 0.035472 -0.309115
v -0.884391 0.165155 -0.334478
v -0.887463 0.175034 -0.366290
v -0.910361 0.129342 -0.445767
v -0.909746 0.056796 -0.449386
v -0.872237 0.018013 -0.328826
v -0.887276 0.004965 -0.365966
v -0.879649 0.103714 -0.290222
v -0.895210 0.140473 -0.307318
v -0.903864 0.068370 -0.303237
v -0.918918 0.126286 -0.439497
v -0.919518 0.069745 -0.445816
v -0.911478 0.014423 -0.373314
v -0.904554 0.125446 -0.309119
v -0.906880 0.007936 -0.381233
v -0.907193 0.172082 -0.381886
v -0.903735 0.098403 -0.299583
v -0.908089 0.022749 -0.338763
v -0.905692 0.040909 -0.316461
v -2.762897 0.079667 0.181384
v -2.776465 0.115872 0.082209
v -2.761357 0.078411 0.070559
v -2.761369 0.056344 0.080447
v -2.764952 0.046874 0.161209
v -2.781393 0.087703 0.171404
v -2.779200 0.136350 0.115089
v -2.779859 0.064230 0.084689
v -2.782549 0.047431 0.117553
v -2.780527 0.125978 0.154078
v -2.788690 0.097480 0.148367
v -2.788859 0.086576 0.097164
v -2.783282 0.057203 0.152089
v -2.787601 0.109021 0.103987
v -2.792108 0.083887 0.122828
v -2.790778 0.106736 0.125866
v 1.930304 0.088185 -0.726493
v 1.962342 0.058870 -0.737023
v 1.959099 0.032461 -0.730880
v 1.973068 0.013153 -0.684113
v 1.970300 0.058446 -0.645086
v 1.974251 0.088139 -0.717863
v 2.009105 0.038631 -0.648303
v 1.995180 0.097898 -0.688538
v 1.984703 0.009956 -0.679381
v 1.977648 0.053698 -0.648422
v 1.975113 0.027281 -0.657980
v 1.980507 0.082089 -0.661178
v 1.979908 0.079496 -0.720901
v 1.973248 0.015843 -0.703903
v 1.985858 0.022836 -0.721885
v 1.981486 0.093679 -0.695947
v 1.986108 0.023087 -0.656260
v 2.052702 0.085793 -0.684876
v 2.052114 0.070348 -0.719492
v 2.076839 0.066853 -0.656984
v 2.043130 0.023061 -0.658643
v 2.040511 0.075303 -0.666078
v 2.036647 0.040222 -0.723985
v 2.040421 0.009410 -0.684660
v 1.989030 0.009741 -0.702112
v 2.034216 0.086734 -0.677580
v 1.990859 0.062713 -0.732532
v 1.993408 0.085830 -0.719314
v 2.041570 0.083556 -0.685477
v 2.038423 0.056016 -0.723783
v 2.034209 0.012821 -0.695054
v 2.035087 0.022204 -0.714441
v 2.041386 0.081202 -0.702991
v 2.039912 0.064817 -0.656686
v 2.034616 0.016294 -0.671500
v 2.039880 0.068988 -0.717731
v 2.036636 0.033193 -0.656400
v 2.132622 0.048269 -0.712004
v 2.135233 0.025083 -0.712298
v 2.129193 0.018712 -0.664654
v 2.133993 0.059909 -0.666236
v 2.134993 0.067258 -0.685711
v 2.129378 0.013860 -0.698942
v 2.093971 0.026331 -0.716999
v 2.133677 0.045779 -0.656900
v 2.133825 0.059481 -0.704458
v 2.131388 0.029861 -0.711587
v 2.131114 0.031297 -0.657550
v 2.080697 0.075031 -0.706400
v 2.083427 0.079507 -0.684035
v 2.046015 0.016652 -0.713397
v 2.052220 0.038882 -0.649931
v 2.087172 0.051489 -0.718392
v 2.077520 0.034866 -0.721916
v 2.087526 0.055923 -0.657706
v 2.075037 0.008589 -0.686199
v 2.119544 0.067459 -0.705187
v 2.106149 0.007804 -0.688847
v 2.086086 0.042342 -0.655295
v 2.121071 0.071324 -0.674449
v 2.127916 0.011829 -0.672489
v 2.083374 0.020314 -0.708852
v 2.088706 0.068051 -0.707376
v 2.089582 0.075229 -0.684149
v 2.082668 0.012248 -0.684159
v 2.094752 0.023558 -0.657368
v 2.154581 0.027144 -0.653343
v 2.166592 0.055236 -0.707303
v 2.172469 0.022794 -0.709529
v 2.138409 0.006205 -0.681210
v 2.160840 0.012803 -0.662205
v 2.165649 0.066034 -0.678275
v 2.181903 0.008545 -0.696161
v 2.177337 0.016405 -0.657877
v 2.179450 0.040153 -0.713041
v 2.180203 0.041588 -0.654267
v 2.175780 0.057479 -0.667705
v 2.172815 0.034542 -0.712496
v 2.170741 0.009219 -0.671189
v 2.172728 0.031325 -0.655033
v 2.175696 0.055507 -0.701497
v 2.175807 0.061463 -0.692258
v 2.170746 0.006523 -0.688537
v 2.171227 0.011310 -0.700982
v 0.117560 0.066714 -0.324814
v 0.093455 0.169094 -0.372239
v 0.089777 0.121134 -0.469077
v 0.101662 0.031659 -0.340459
v 0.118573 0.153368 -0.369360
v 0.118624 0.026649 -0.370178
v 0.115949 0.137791 -0.336820
v 0.119178 0.107622 -0.323417
v 0.105452 0.157356 -0.426356
v 0.106327 0.021530 -0.423393
v 0.125402 0.164901 -0.437930
v 0.113169 0.018872 -0.441550
v 0.133890 0.075456 -0.330224
v 0.101774 0.106628 -0.480764
v 0.103322 0.066839 -0.479534
v 0.106687 0.039005 -0.465188
v 0.132280 0.127265 -0.336921
v 0.112533 0.161479 -0.395754
v 0.094645 0.095055 -0.472577
v 0.100074 0.142800 -0.449871
v 0.124844 0.124364 -0.340373
v 0.098128 0.045212 -0.457971
v 0.111042 0.164646 -0.424670
v 0.117667 0.012542 -0.397056
v 0.129184 0.036069 -0.350423
v 0.106812 0.140899 -0.464644
v 0.157659 0.160400 -0.454926
v 0.156464 0.020632 -0.456293
v 0.179591 0.075601 -0.345679
v 0.147329 0.112909 -0.492906
v 0.149557 0.045269 -0.483773
v 0.144098 0.083253 -0.493736
v 0.179399 0.111891 -0.347845
v 0.162612 0.166665 -0.410750
v 0.174584 0.143403 -0.365022
v 0.150910 0.140371 -0.478494
v 0.162583 0.013323 -0.411609
v 0.174642 0.036611 -0.365591
v 0.148683 0.024450 -0.446169
v 0.163325 0.066910 -0.339960
v 0.128761 0.162689 -0.372140
v 0.135012 0.169933 -0.401655
v 0.135609 0.139513 -0.472823
v 0.147161 0.032249 -0.355006
v 0.164316 0.104526 -0.337169
v 0.159845 0.140765 -0.353996
v 0.172093 0.076684 -0.349504
v 0.142575 0.044402 -0.470404
v 0.170459 0.124006 -0.355667
v 0.150002 0.156688 -0.440594
v 0.163852 0.027275 -0.385052
v 0.157412 0.019234 -0.411315
v 0.163828 0.152730 -0.384353
v 0.168904 0.044322 -0.364325
v 0.285411 0.164069 -0.485988
v 0.250363 0.152885 -0.497011
v 0.264417 0.032639 -0.511104
v 0.276017 0.053975 -0.388003
v 0.273796 0.138388 -0.395863
v 0.239730 0.103937 -0.524718
v 0.240725 0.068039 -0.522342
v 0.259335 0.165045 -0.444863
v 0.244665 0.031742 -0.497949
v 0.261899 0.055157 -0.381394
v 0.227202 0.169750 -0.432889
v 0.225399 0.150425 -0.387201
v 0.218318 0.112349 -0.517037
v 0.229002 0.137767 -0.502585
v 0.235390 0.057504 -0.509233
v 0.218306 0.014862 -0.414427
v 0.250878 0.025699 -0.402561
v 0.258050 0.130999 -0.382300
v 0.262934 0.096531 -0.373775
v 0.267223 0.057587 -0.391549
v 0.267429 0.123222 -0.390504
v 0.246375 0.023701 -0.469404
v 0.239598 0.037543 -0.493974
v 0.244299 0.153951 -0.477439
v 0.253361 0.020794 -0.443930
v 0.260231 0.151363 -0.418550
v 0.208961 0.067143 -0.355780
v 0.179943 0.170584 -0.416404
v 0.192513 0.147153 -0.369827
v 0.177877 0.126480 -0.495182
v 0.175038 0.069149 -0.502126
v 0.179911 0.009409 -0.417182
v 0.192548 0.032841 -0.370382
v 0.209989 0.104378 -0.353066
v 0.209312 0.152037 -0.399994
v 0.207607 0.030936 -0.383328
v 0.193960 0.154889 -0.459357
v 0.185797 0.023348 -0.466724
v 0.202937 0.159612 -0.470119
v 0.215406 0.020800 -0.476565
v 0.226550 0.053798 -0.369606
v 0.192380 0.067297 -0.507801
v 0.196030 0.040074 -0.493785
v 0.224169 0.125606 -0.369702
v 0.216022 0.057258 -0.372940
v 0.202663 0.159980 -0.425717
v 0.186400 0.129198 -0.487691
v 0.183229 0.088529 -0.499825
v 0.187185 0.044891 -0.484742
v 0.193160 0.025784 -0.460636
v 0.211551 0.033916 -0.390281
v 0.188350 0.101838 -0.507288
v 0.196012 0.139825 -0.493369
v 0.208088 0.165851 -0.426276
v 0.500871 0.157908 -0.576892
v 0.466805 0.095452 -0.610474
v 0.469060 0.053975 -0.600747
v 0.501804 0.054669 -0.478113
v 0.486633 0.160818 -0.532255
v 0.492082 0.024706 -0.505875
v 0.500173 0.140049 -0.490200
v 0.472919 0.144022 -0.585657
v 0.473895 0.029062 -0.579272
v 0.445905 0.159336 -0.554080
v 0.486494 0.072940 -0.461575
v 0.459636 0.155451 -0.491254
v 0.438135 0.163869 -0.508202
v 0.450137 0.123408 -0.594067
v 0.446213 0.053005 -0.594027
v 0.462381 0.029531 -0.478004
v 0.484721 0.110387 -0.462683
v 0.481256 0.136402 -0.476247
v 0.494719 0.069317 -0.474013
v 0.485858 0.029473 -0.504957
v 0.493893 0.120536 -0.479516
v 0.468821 0.016287 -0.539675
v 0.473219 0.152413 -0.555311
v 0.464418 0.132730 -0.585174
v 0.483537 0.032468 -0.488926
v 0.486962 0.147699 -0.506626
v 0.412433 0.027116 -0.541956
v 0.423557 0.041239 -0.454716
v 0.396301 0.164985 -0.490438
v 0.392023 0.115513 -0.578013
v 0.400184 0.018324 -0.477243
v 0.430754 0.110670 -0.443941
v 0.406158 0.142962 -0.450609
v 0.432270 0.077822 -0.442019
v 0.429815 0.148770 -0.485029
v 0.419074 0.018975 -0.492664
v 0.414574 0.152615 -0.538086
v 0.424277 0.160595 -0.532028
v 0.420571 0.144878 -0.569338
v 0.439724 0.022015 -0.558819
v 0.411748 0.123872 -0.580449
v 0.446901 0.093567 -0.602901
v 0.407966 0.080423 -0.588893
v 0.438089 0.108359 -0.452566
v 0.421728 0.156865 -0.513126
v 0.401598 0.095492 -0.579965
v 0.408331 0.140408 -0.558721
v 0.430157 0.033669 -0.478807
v 0.419711 0.022060 -0.514983
v 0.422628 0.017861 -0.530465
v 0.435758 0.024913 -0.483892
v 0.442353 0.139952 -0.467800
v 0.436371 0.058887 -0.456951
v 0.285166 0.146776 -0.512795
v 0.310937 0.048431 -0.403013
v 0.297984 0.091398 -0.383570
v 0.282035 0.166985 -0.445299
v 0.305688 0.152645 -0.422312
v 0.262825 0.121373 -0.529805
v 0.277431 0.054372 -0.530041
v 0.270505 0.017074 -0.428117
v 0.305643 0.027306 -0.422441
v 0.310958 0.131573 -0.402977
v 0.323267 0.069746 -0.407145
v 0.317271 0.101724 -0.395346
v 0.299731 0.024618 -0.491178
v 0.308850 0.021820 -0.509213
v 0.335967 0.069617 -0.404969
v 0.329805 0.142933 -0.422275
v 0.296037 0.126358 -0.537945
v 0.296542 0.077073 -0.547486
v 0.320460 0.024457 -0.439498
v 0.335159 0.104662 -0.402989
v 0.315530 0.146584 -0.433012
v 0.306135 0.158958 -0.467943
v 0.289913 0.126960 -0.525684
v 0.286731 0.083763 -0.536454
v 0.317124 0.036747 -0.427752
v 0.296396 0.150792 -0.500709
v 0.322719 0.111475 -0.406620
v 0.314730 0.164634 -0.465107
v 0.386010 0.162480 -0.525408
v 0.377855 0.142925 -0.557974
v 0.365984 0.022112 -0.531789
v 0.352629 0.111206 -0.565054
v 0.351275 0.076122 -0.567336
v 0.358653 0.041338 -0.554006
v 0.395412 0.067998 -0.428333
v 0.384206 0.037954 -0.445931
v 0.368547 0.154749 -0.474075
v 0.369717 0.026308 -0.467948
v 0.356868 0.146805 -0.541145
v 0.338834 0.142450 -0.540768
v 0.372032 0.053732 -0.425818
v 0.360874 0.156766 -0.453899
v 0.351289 0.166308 -0.480757
v 0.333135 0.104463 -0.559904
v 0.332070 0.069604 -0.557977
v 0.343140 0.018122 -0.454521
v 0.371640 0.102758 -0.416290
v 0.369732 0.137394 -0.434608
v 0.377727 0.051669 -0.439342
v 0.350635 0.037050 -0.535252
v 0.381584 0.096207 -0.427820
v 0.375705 0.140471 -0.448800
v 0.353044 0.145837 -0.529922
v 0.361503 0.157619 -0.499012
v 0.340578 0.161784 -0.514476
v 0.363273 0.021484 -0.491239
v 0.347128 0.121363 -0.550806
v 0.985355 0.151916 -0.707726
v 0.985127 0.012685 -0.699577
v 0.963061 0.044979 -0.617664
v 0.992344 0.148109 -0.649439
v 0.988452 0.156309 -0.676590
v 0.963747 0.131081 -0.736845
v 0.973012 0.011328 -0.667197
v 0.976847 0.027660 -0.634302
v 0.946570 0.143187 -0.648980
v 0.933382 0.045376 -0.726957
v 0.946618 0.028769 -0.641502
v 0.937628 0.141433 -0.705359
v 0.936497 0.026666 -0.705176
v 0.948359 0.013993 -0.676593
v 0.938575 0.066635 -0.603702
v 0.936026 0.037489 -0.618184
v 0.933544 0.148522 -0.639652
v 0.930030 0.157203 -0.670778
v 0.932409 0.019849 -0.639428
v 0.908644 0.105346 -0.599290
v 0.906723 0.130923 -0.612560
v 0.951678 0.066261 -0.613998
v 0.931535 0.087351 -0.740767
v 0.942390 0.018977 -0.669583
v 0.942331 0.149650 -0.675567
v 0.951987 0.103222 -0.615038
v 0.950366 0.122289 -0.623264
v 0.926421 0.123275 -0.731279
v 0.850427 0.064127 -0.586688
v 0.847798 0.038491 -0.599840
v 0.874919 0.149217 -0.628164
v 0.838113 0.158268 -0.651859
v 0.864472 0.099706 -0.730103
v 0.843825 0.020697 -0.620982
v 0.864685 0.126364 -0.598858
v 0.882024 0.097390 -0.591666
v 0.887689 0.071880 -0.595998
v 0.865585 0.040047 -0.717220
v 0.924477 0.152521 -0.699047
v 0.904452 0.136561 -0.721541
v 0.923202 0.015839 -0.698786
v 0.904312 0.027906 -0.715944
v 0.886294 0.105760 -0.736017
v 0.918710 0.045866 -0.734147
v 0.882955 0.073458 -0.737421
v 0.874285 0.123371 -0.716095
v 0.871759 0.078525 -0.728332
v 0.882438 0.018566 -0.662648
v 0.876943 0.027138 -0.694131
v 0.877998 0.142101 -0.694396
v 0.887254 0.025576 -0.636138
v 0.887807 0.143858 -0.638068
v 0.890946 0.042585 -0.615040
v 0.769774 0.065164 -0.567895
v 0.758781 0.150667 -0.599167
v 0.721194 0.159784 -0.620904
v 0.726650 0.115785 -0.695482
v 0.760258 0.025602 -0.592258
v 0.768233 0.098368 -0.563612
v 0.764876 0.132385 -0.578979
v 0.754403 0.116072 -0.692342
v 0.806214 0.155446 -0.668913
v 0.770920 0.145992 -0.680793
v 0.804862 0.015188 -0.668597
v 0.799220 0.033077 -0.698931
v 0.784942 0.051716 -0.577373
v 0.765782 0.125107 -0.699586
v 0.786653 0.099065 -0.571129
v 0.770854 0.145810 -0.612567
v 0.752513 0.101157 -0.698633
v 0.752893 0.067148 -0.696484
v 0.775000 0.043543 -0.587152
v 0.765374 0.019991 -0.634465
v 0.758374 0.028012 -0.666012
v 0.770248 0.026188 -0.609339
v 0.759514 0.074518 -0.707218
v 0.782349 0.140122 -0.593677
v 0.865401 0.154716 -0.682485
v 0.859962 0.136869 -0.712723
v 0.864145 0.014794 -0.682151
v 0.843586 0.032570 -0.709203
v 0.824308 0.106147 -0.722257
v 0.853985 0.068436 -0.731167
v 0.839228 0.139619 -0.609243
v 0.819431 0.073943 -0.722040
v 0.835626 0.095337 -0.588106
v 0.818597 0.142792 -0.681351
v 0.821876 0.030414 -0.696939
v 0.812500 0.072218 -0.574595
v 0.821436 0.038907 -0.594171
v 0.816618 0.149935 -0.614615
v 0.779509 0.159015 -0.637210
v 0.806986 0.129818 -0.704032
v 0.796074 0.064330 -0.716387
v 0.815390 0.020724 -0.614341
v 0.824582 0.106379 -0.581087
v 0.821218 0.132917 -0.594515
v 0.831754 0.039255 -0.606824
v 0.829008 0.145088 -0.627635
v 0.811891 0.091290 -0.715352
v 0.813436 0.054762 -0.706838
v 0.824390 0.019591 -0.645621
v 0.834033 0.121590 -0.599395
v 0.835390 0.065914 -0.591054
v 0.539269 0.048147 -0.493756
v 0.531121 0.154338 -0.521166
v 0.523198 0.162634 -0.546791
v 0.509506 0.130429 -0.612120
v 0.497531 0.052331 -0.614394
v 0.516547 0.026480 -0.504854
v 0.521939 0.013711 -0.545966
v 0.522190 0.131889 -0.487888
v 0.541990 0.088957 -0.481961
v 0.519343 0.057228 -0.614490
v 0.541726 0.027268 -0.532111
v 0.528520 0.150124 -0.583795
v 0.513135 0.017713 -0.576808
v 0.544274 0.160825 -0.578857
v 0.556938 0.018549 -0.599029
v 0.524753 0.101299 -0.631252
v 0.531782 0.065952 -0.634439
v 0.535259 0.154144 -0.559224
v 0.517158 0.094289 -0.622576
v 0.523118 0.134793 -0.604192
v 0.547272 0.042501 -0.511316
v 0.529452 0.032798 -0.607729
v 0.532299 0.021863 -0.563843
v 0.556194 0.138716 -0.513082
v 0.553172 0.014388 -0.549744
v 0.529597 0.134187 -0.616258
v 0.541159 0.150746 -0.536664
v 0.551325 0.066736 -0.497451
v 0.630743 0.156327 -0.622630
v 0.593543 0.147356 -0.627689
v 0.629127 0.016282 -0.617625
v 0.592448 0.027308 -0.627266
v 0.588837 0.127201 -0.646273
v 0.588061 0.047516 -0.646010
v 0.600938 0.087191 -0.664063
v 0.614637 0.062365 -0.520301
v 0.600430 0.158779 -0.577741
v 0.582098 0.098572 -0.653299
v 0.575434 0.068000 -0.642147
v 0.595654 0.024428 -0.562694
v 0.614758 0.105727 -0.517710
v 0.598228 0.074004 -0.506870
v 0.595052 0.043394 -0.521149
v 0.588800 0.152371 -0.543794
v 0.580072 0.161614 -0.569841
v 0.564232 0.096270 -0.647619
v 0.554393 0.141852 -0.622201
v 0.572534 0.030178 -0.523490
v 0.588165 0.109111 -0.504860
v 0.591549 0.137135 -0.522446
v 0.608073 0.081444 -0.517945
v 0.602439 0.039902 -0.537468
v 0.582727 0.141070 -0.618892
v 0.592259 0.153203 -0.581964
v 0.585509 0.025178 -0.604016
v 0.579495 0.155193 -0.599539
v 0.607305 0.112723 -0.523368
v 0.589924 0.018724 -0.559448
v 0.576333 0.108023 -0.642716
v 0.747276 0.156204 -0.653357
v 0.710466 0.145824 -0.664594
v 0.745932 0.015573 -0.653125
v 0.739718 0.033500 -0.683407
v 0.731983 0.050762 -0.561080
v 0.701811 0.106987 -0.688711
v 0.700611 0.073046 -0.690880
v 0.732121 0.106798 -0.556423
v 0.714950 0.142136 -0.585989
v 0.713895 0.030500 -0.585691
v 0.703211 0.031267 -0.665364
v 0.698441 0.073246 -0.541368
v 0.706648 0.039777 -0.561509
v 0.683764 0.158767 -0.590397
v 0.681858 0.095218 -0.686541
v 0.684530 0.128236 -0.673725
v 0.671033 0.065403 -0.681213
v 0.670722 0.021873 -0.572339
v 0.661910 0.012948 -0.602698
v 0.710266 0.107653 -0.548488
v 0.707541 0.133110 -0.561773
v 0.700981 0.143307 -0.649544
v 0.694498 0.149023 -0.649954
v 0.712683 0.026311 -0.593417
v 0.694542 0.055890 -0.675381
v 0.713813 0.146325 -0.593743
v 0.720495 0.063150 -0.560152
v 0.627962 0.041051 -0.652911
v 0.642636 0.073772 -0.523128
v 0.624497 0.160592 -0.578893
v 0.629065 0.141109 -0.540933
v 0.626855 0.121177 -0.660682
v 0.628063 0.033335 -0.540650
v 0.653735 0.108273 -0.530445
v 0.653494 0.132816 -0.545822
v 0.654391 0.045121 -0.542913
v 0.664572 0.085361 -0.538452
v 0.648145 0.155456 -0.580597
v 0.655196 0.026686 -0.575523
v 0.671144 0.155641 -0.637436
v 0.685103 0.017340 -0.641285
v 0.672543 0.073341 -0.536737
v 0.643477 0.121600 -0.666617
v 0.641381 0.073623 -0.673192
v 0.672810 0.107163 -0.538994
v 0.635873 0.118334 -0.658103
v 0.635539 0.056214 -0.656964
v 0.660545 0.044692 -0.552562
v 0.649276 0.020741 -0.599718
v 0.640323 0.030819 -0.635235
v 0.642148 0.144991 -0.631561
v 0.654851 0.148639 -0.579656
v 0.668653 0.136445 -0.555142
v 1.931787 0.102634 -0.701216
v 1.926972 0.041815 -0.644218
v 1.923690 0.019597 -0.657880
v 1.951243 0.101859 -0.680881
v 1.923796 0.008757 -0.680012
v 1.969546 0.088482 -0.658651
v 1.919049 0.099858 -0.681508
v 1.925257 0.086529 -0.653910
v 1.871726 0.098073 -0.722666
v 1.864328 0.016919 -0.717070
v 1.904068 0.087802 -0.729686
v 1.869884 0.034701 -0.735313
v 1.903144 0.077542 -0.645257
v 1.917857 0.090021 -0.718192
v 1.913181 0.025645 -0.659444
v 1.917586 0.081032 -0.654476
v 1.911806 0.011909 -0.690165
v 1.898385 0.007304 -0.692833
v 1.915758 0.052198 -0.645951
v 1.913168 0.027994 -0.724391
v 1.916362 0.069055 -0.731808
v 1.846218 0.109283 -0.707636
v 1.836763 0.011005 -0.699598
v 1.847179 0.084597 -0.735181
v 1.853112 0.041784 -0.732826
v 1.852133 0.108208 -0.676584
v 1.856763 0.076556 -0.648074
v 1.905122 0.105870 -0.699679
v 1.883134 0.030074 -0.648667
v 1.905355 0.101081 -0.666263
v 1.899968 0.017260 -0.660386
v 1.868524 0.062788 -0.639772
v 1.850938 0.015285 -0.690741
v 1.857697 0.097805 -0.715846
v 1.858377 0.104803 -0.701035
v 1.851610 0.020909 -0.669499
v 1.855978 0.081731 -0.730507
v 1.854594 0.055108 -0.645040
v 1.853560 0.031652 -0.655090
v 1.686388 0.122989 -0.711171
v 1.685449 0.108972 -0.735509
v 1.680863 0.019234 -0.724811
v 1.684332 0.084505 -0.749463
v 1.682097 0.034637 -0.741445
v 1.733037 0.082644 -0.646020
v 1.714807 0.060910 -0.750667
v 1.730074 0.023029 -0.669860
v 1.732677 0.109777 -0.716472
v 1.768704 0.055188 -0.638881
v 1.776408 0.030429 -0.650982
v 1.779283 0.111581 -0.666940
v 1.779260 0.117823 -0.687240
v 1.743808 0.017469 -0.667203
v 1.765446 0.080664 -0.640711
v 1.745350 0.100486 -0.651352
v 1.729368 0.040088 -0.736191
v 1.732944 0.100998 -0.658743
v 1.729057 0.022594 -0.716843
v 1.728853 0.016546 -0.693581
v 1.732967 0.116402 -0.693259
v 1.730556 0.077245 -0.741779
v 1.732865 0.111411 -0.672990
v 1.730323 0.038226 -0.652390
v 1.731360 0.061656 -0.644285
v 1.807023 0.105530 -0.722237
v 1.805150 0.035587 -0.646733
v 1.822977 0.062306 -0.638489
v 1.825394 0.105788 -0.661537
v 1.802037 0.082444 -0.739154
v 1.800837 0.024152 -0.725864
v 1.836102 0.012656 -0.675758
v 1.804948 0.020467 -0.660728
v 1.806998 0.084505 -0.643569
v 1.791947 0.054594 -0.645472
v 1.793416 0.109074 -0.678587
v 1.809391 0.115803 -0.690210
v 1.789770 0.016497 -0.691932
v 1.778911 0.115765 -0.707693
v 1.744802 0.106907 -0.730104
v 1.774986 0.013240 -0.707616
v 1.776977 0.028234 -0.732274
v 1.763868 0.075333 -0.746230
v 1.742653 0.053605 -0.746467
v 1.790077 0.027453 -0.722019
v 1.791024 0.026213 -0.662614
v 1.792763 0.094604 -0.728765
v 1.791476 0.060834 -0.739373
v 1.459171 0.138617 -0.718788
v 1.458875 0.122761 -0.746256
v 1.454203 0.011259 -0.718483
v 1.455160 0.027006 -0.746013
v 1.481791 0.062119 -0.637673
v 1.473246 0.093190 -0.761381
v 1.473542 0.060695 -0.762709
v 1.483183 0.104385 -0.643528
v 1.490726 0.125618 -0.671767
v 1.478768 0.011040 -0.693156
v 1.489115 0.125009 -0.726223
v 1.485110 0.022569 -0.726004
v 1.500203 0.129588 -0.728928
v 1.534846 0.042963 -0.642041
v 1.514089 0.112076 -0.751558
v 1.499350 0.103799 -0.643516
v 1.489509 0.068347 -0.641346
v 1.485477 0.016031 -0.699091
v 1.490672 0.100886 -0.649108
v 1.490386 0.132334 -0.699280
v 1.498657 0.008622 -0.696301
v 1.497615 0.135970 -0.698401
v 1.486414 0.022533 -0.672190
v 1.484623 0.040465 -0.747257
v 1.486020 0.093044 -0.753649
v 1.487720 0.040435 -0.651362
v 1.498333 0.067665 -0.636985
v 1.591966 0.009842 -0.702201
v 1.560891 0.038703 -0.644523
v 1.568250 0.129578 -0.668003
v 1.594155 0.013549 -0.675073
v 1.559709 0.021468 -0.660902
v 1.582443 0.095077 -0.638359
v 1.549222 0.056420 -0.643485
v 1.550271 0.076152 -0.640392
v 1.550741 0.131378 -0.701327
v 1.546085 0.015808 -0.697772
v 1.539649 0.135297 -0.714873
v 1.498859 0.012845 -0.721868
v 1.530686 0.023563 -0.738591
v 1.540762 0.133324 -0.679966
v 1.539453 0.107399 -0.750383
v 1.547202 0.078804 -0.754959
v 1.532911 0.049046 -0.757371
v 1.532772 0.019662 -0.662001
v 1.541240 0.095793 -0.639589
v 1.551030 0.128904 -0.687124
v 1.551115 0.108760 -0.652322
v 1.548922 0.113346 -0.737654
v 1.547976 0.029073 -0.661234
v 1.545894 0.023729 -0.724036
v 1.539261 0.011527 -0.703466
v 1.540121 0.122338 -0.658612
v 1.715449 0.010684 -0.695910
v 1.681974 0.037131 -0.646528
v 1.718633 0.055786 -0.639322
v 1.719914 0.114300 -0.664147
v 1.698621 0.012963 -0.677738
v 1.715724 0.026194 -0.654847
v 1.670051 0.045373 -0.647905
v 1.684519 0.107700 -0.653302
v 1.668653 0.022848 -0.670692
v 1.681353 0.083242 -0.639544
v 1.667934 0.016393 -0.695003
v 1.625229 0.123434 -0.724425
v 1.619823 0.019117 -0.727580
v 1.664234 0.051209 -0.641635
v 1.623264 0.087652 -0.753464
v 1.654386 0.029048 -0.738378
v 1.672302 0.120463 -0.690050
v 1.669455 0.061188 -0.746809
v 1.671795 0.083626 -0.645131
v 1.668006 0.023582 -0.718956
v 1.654785 0.009770 -0.698148
v 1.671838 0.114265 -0.719042
v 1.670194 0.083818 -0.744207
v 1.671068 0.101837 -0.734500
v 1.672728 0.112437 -0.667039
v 1.581128 0.134129 -0.708915
v 1.562546 0.123670 -0.734822
v 1.558783 0.018939 -0.730426
v 1.610239 0.053627 -0.644865
v 1.604113 0.109383 -0.650421
v 1.562772 0.102487 -0.752793
v 1.596889 0.083211 -0.756032
v 1.593814 0.042855 -0.751585
v 1.559881 0.035934 -0.748731
v 1.612089 0.122746 -0.680371
v 1.607950 0.065548 -0.750637
v 1.610985 0.118873 -0.721588
v 1.607321 0.022929 -0.721437
v 1.658959 0.128002 -0.697528
v 1.622488 0.053087 -0.638814
v 1.621428 0.032209 -0.649929
v 1.628988 0.124575 -0.667722
v 1.655440 0.019202 -0.664017
v 1.623021 0.102206 -0.645321
v 1.658865 0.080612 -0.638095
v 1.607193 0.042204 -0.742577
v 1.607018 0.016112 -0.696345
v 1.611764 0.105790 -0.654271
v 1.611298 0.125970 -0.697693
v 1.610516 0.074178 -0.641570
v 1.607878 0.022884 -0.670868
v 0.976805 0.062973 -0.751228
v 0.979280 0.031792 -0.733865
v 0.997090 0.127280 -0.625568
v 1.003787 0.050193 -0.623231
v 0.984746 0.095897 -0.751386
v 1.004961 0.023666 -0.657424
v 1.057123 0.067610 -0.620139
v 1.033780 0.155462 -0.674631
v 1.032459 0.010922 -0.674541
v 1.055891 0.103849 -0.621487
v 1.007254 0.037779 -0.639667
v 0.992597 0.071188 -0.746807
v 0.993367 0.046823 -0.737851
v 1.010461 0.094783 -0.622100
v 1.008071 0.129175 -0.639667
v 0.999507 0.145982 -0.702883
v 0.996323 0.026609 -0.715097
v 1.009091 0.153314 -0.685656
v 1.018448 0.090013 -0.616296
v 0.993393 0.110640 -0.742798
v 1.005480 0.142851 -0.658150
v 1.009485 0.061827 -0.624913
v 1.069842 0.150166 -0.712491
v 1.080536 0.069142 -0.623095
v 1.076267 0.144816 -0.659315
v 1.073026 0.152982 -0.685811
v 1.064685 0.112522 -0.756157
v 1.074308 0.036523 -0.639604
v 1.079182 0.120800 -0.633168
v 1.081227 0.092757 -0.622422
v 1.061203 0.037939 -0.745378
v 1.063742 0.022506 -0.666623
v 1.066826 0.134789 -0.740319
v 1.066092 0.014269 -0.705031
v 1.029289 0.153069 -0.708961
v 1.009398 0.141919 -0.729000
v 1.028018 0.013314 -0.708847
v 1.023442 0.117746 -0.751425
v 1.005387 0.083339 -0.758446
v 1.023586 0.035695 -0.744494
v 1.062600 0.147862 -0.685369
v 1.053900 0.098054 -0.753730
v 1.061007 0.017428 -0.691149
v 1.057392 0.025628 -0.721023
v 1.058424 0.140173 -0.721146
v 1.068317 0.121292 -0.639496
v 1.053713 0.070200 -0.754420
v 1.055414 0.121560 -0.742840
v 1.066282 0.138067 -0.657212
v 1.054918 0.152844 -0.690546
v 1.200394 0.059280 -0.632075
v 1.199006 0.034721 -0.645023
v 1.200164 0.142435 -0.665616
v 1.230181 0.150577 -0.696418
v 1.185791 0.088192 -0.767291
v 1.186134 0.055060 -0.762723
v 1.199017 0.017019 -0.665415
v 1.196669 0.008828 -0.692012
v 1.213871 0.092495 -0.629188
v 1.199829 0.124774 -0.645169
v 1.176876 0.109264 -0.753311
v 1.187259 0.102197 -0.639634
v 1.177365 0.034453 -0.743110
v 1.134663 0.148351 -0.717142
v 1.131355 0.130979 -0.746911
v 1.133334 0.012224 -0.717111
v 1.187557 0.061849 -0.638155
v 1.166325 0.099995 -0.763469
v 1.166158 0.067262 -0.765778
v 1.143883 0.029688 -0.748149
v 1.180534 0.092925 -0.631862
v 1.176209 0.073920 -0.761087
v 1.181332 0.016800 -0.698325
v 1.179039 0.023916 -0.727520
v 1.171653 0.133070 -0.741578
v 1.184479 0.024293 -0.668526
v 1.185736 0.133746 -0.665106
v 1.085624 0.024749 -0.739729
v 1.116305 0.115134 -0.749177
v 1.083380 0.060285 -0.761371
v 1.110857 0.017585 -0.663667
v 1.115060 0.038315 -0.639380
v 1.116650 0.146836 -0.675996
v 1.114983 0.086333 -0.758299
v 1.115019 0.061734 -0.755670
v 1.117261 0.122188 -0.639760
v 1.111865 0.144019 -0.720461
v 1.117971 0.024471 -0.725210
v 1.154147 0.067338 -0.627671
v 1.139376 0.035272 -0.643261
v 1.140167 0.142998 -0.663721
v 1.169508 0.151134 -0.695285
v 1.124298 0.055685 -0.760730
v 1.139015 0.017570 -0.663706
v 1.168178 0.008840 -0.695150
v 1.141340 0.100771 -0.630298
v 1.140165 0.125367 -0.643283
v 1.124138 0.024393 -0.666246
v 1.127068 0.121093 -0.647666
v 1.118073 0.132591 -0.730878
v 1.116021 0.034907 -0.740712
v 1.127306 0.057991 -0.637351
v 1.441573 0.056340 -0.636606
v 1.440133 0.033201 -0.648859
v 1.445216 0.134532 -0.668440
v 1.442993 0.142610 -0.697311
v 1.473166 0.022107 -0.658382
v 1.442374 0.087808 -0.634394
v 1.443460 0.117998 -0.649057
v 1.425909 0.022969 -0.671953
v 1.427425 0.127087 -0.731947
v 1.423458 0.023390 -0.728325
v 1.437759 0.008555 -0.696968
v 1.399065 0.146846 -0.706943
v 1.413019 0.132093 -0.739955
v 1.377498 0.011840 -0.719966
v 1.409363 0.020684 -0.738490
v 1.422803 0.136283 -0.674595
v 1.413270 0.113068 -0.756774
v 1.411133 0.081266 -0.768108
v 1.411305 0.040904 -0.756857
v 1.430412 0.129221 -0.671542
v 1.424228 0.070115 -0.759824
v 1.424710 0.016251 -0.699795
v 1.430498 0.097618 -0.644405
v 1.333374 0.145696 -0.720252
v 1.332893 0.129021 -0.749230
v 1.316418 0.011301 -0.719998
v 1.331999 0.027902 -0.749054
v 1.366301 0.135267 -0.674758
v 1.347699 0.098360 -0.765770
v 1.348952 0.063941 -0.767262
v 1.358432 0.092596 -0.634177
v 1.355722 0.130180 -0.742676
v 1.362503 0.023649 -0.728773
v 1.380947 0.138958 -0.669253
v 1.361403 0.098106 -0.759240
v 1.412994 0.018939 -0.664294
v 1.403372 0.096875 -0.635021
v 1.380532 0.121510 -0.648090
v 1.367189 0.067426 -0.639652
v 1.361022 0.072208 -0.762056
v 1.361663 0.038502 -0.747162
v 1.363757 0.016216 -0.702111
v 1.367494 0.093236 -0.640245
v 1.362794 0.129074 -0.734522
v 1.368496 0.036008 -0.752214
v 1.370241 0.129359 -0.743619
v 1.364484 0.140884 -0.701683
v 1.364377 0.017236 -0.684132
v 1.378763 0.030486 -0.650931
v 1.367071 0.049079 -0.644647
v 1.195648 0.147800 -0.719104
v 1.207296 0.129574 -0.750284
v 1.194427 0.011656 -0.718862
v 1.247158 0.063597 -0.637500
v 1.228273 0.092121 -0.766883
v 1.227752 0.059351 -0.764497
v 1.205528 0.029134 -0.749680
v 1.240194 0.092394 -0.632747
v 1.245268 0.137015 -0.672721
v 1.244085 0.019715 -0.677158
v 1.238362 0.031554 -0.650695
v 1.241324 0.135242 -0.728629
v 1.232164 0.026220 -0.742366
v 1.239232 0.028347 -0.737329
v 1.259055 0.041062 -0.640575
v 1.293904 0.068905 -0.630097
v 1.259534 0.142133 -0.667572
v 1.274094 0.149903 -0.693146
v 1.248337 0.103873 -0.763691
v 1.247455 0.070767 -0.768112
v 1.257469 0.021666 -0.658830
v 1.260604 0.099632 -0.632870
v 1.259865 0.124191 -0.645896
v 1.246378 0.043976 -0.647696
v 1.242181 0.015749 -0.701225
v 1.247431 0.097344 -0.640223
v 1.259079 0.008432 -0.687263
v 1.237993 0.049923 -0.754154
v 1.319098 0.040825 -0.641568
v 1.337353 0.071182 -0.630590
v 1.319835 0.140945 -0.668360
v 1.317666 0.149075 -0.697368
v 1.299531 0.049255 -0.755119
v 1.351382 0.024685 -0.655851
v 1.317140 0.098499 -0.635225
v 1.319909 0.123189 -0.646856
v 1.306959 0.065752 -0.638437
v 1.304497 0.023168 -0.670752
v 1.319638 0.008602 -0.687844
v 1.308889 0.130981 -0.744031
v 1.256743 0.147182 -0.719881
v 1.267924 0.129399 -0.750456
v 1.255516 0.011160 -0.719685
v 1.305829 0.136854 -0.674057
v 1.289814 0.098781 -0.764769
v 1.289757 0.066148 -0.767007
v 1.267879 0.029185 -0.750671
v 1.299811 0.111523 -0.639779
v 1.306716 0.123031 -0.656123
v 1.299752 0.084685 -0.762177
v 1.307468 0.096659 -0.641098
v 1.300535 0.027910 -0.736696
v 1.293562 0.025988 -0.742634
v 1.303000 0.015655 -0.701712
v 1.302490 0.134280 -0.728952
v 1.296886 0.016288 -0.673043
v 1.301195 0.119173 -0.747555
v 2.210314 0.037504 -0.687083
v 2.211808 0.029150 -0.680386
v 2.206524 0.038936 -0.675408
v 2.201199 0.017060 -0.682146
v 2.209304 0.025183 -0.689033
v 2.204585 0.025792 -0.672086
v 2.192116 0.029195 -0.707042
v -2.757490 0.124305 0.084999
v -2.750647 0.082976 0.185509
v -2.752199 0.089678 0.059811
v -2.705082 0.040021 0.066295
v -2.714107 0.165936 0.133424
v -2.725034 0.045210 0.078312
v -2.731391 0.133647 0.070730
v -2.617813 0.082499 0.053121
v -2.624684 0.165604 0.142333
v -2.636031 0.144092 0.069311
v -2.634211 0.074255 0.216589
v -2.624321 0.104222 0.209559
v -2.624527 0.047486 0.072514
v -2.624647 0.138899 0.193646
v -2.688311 0.075959 0.207526
v -2.687988 0.039655 0.189747
v -2.679981 0.165062 0.126964
v -2.668964 0.074397 0.049305
v -2.679125 0.096776 0.056564
v -2.434036 0.089996 0.064375
v -2.435930 0.165708 0.153354
v -2.448875 0.140470 0.079141
v -2.431846 0.104252 0.220219
v -2.447278 0.175457 0.149441
v -2.433029 0.138966 0.204458
v -2.438150 0.155452 0.107354
v -2.485312 0.147314 0.095080
v -2.482996 0.165706 0.151979
v -2.486210 0.100134 0.069947
v -2.587911 0.144049 0.073243
v -2.600483 0.003906 0.136726
v -2.577812 0.147312 0.088461
v -2.570439 0.095554 0.056840
v -2.577698 0.082916 0.062552
v -2.577263 0.165713 0.145509
v -2.506430 0.004958 0.151234
v -2.523947 0.082304 0.060083
v -2.530177 0.165704 0.149079
v -2.542053 0.144077 0.076274
v -2.535665 0.093432 0.224214
v -2.537046 0.041426 0.208673
v -2.528119 0.104219 0.216203
v -2.531528 0.042063 0.083995
v -2.528712 0.042227 0.199363
v -2.541439 0.175445 0.144323
v -2.528437 0.137941 0.199991
v -2.030261 0.098681 0.198985
v -2.038522 0.155888 0.170235
v -2.069963 0.098742 0.036863
v -2.060965 0.013725 0.122404
v -2.050121 0.089011 0.200598
v -2.153245 0.139268 0.066085
v -2.108050 0.166417 0.126967
v -2.219553 0.140469 0.075629
v -2.198945 0.037894 0.202842
v -2.200899 0.166418 0.138733
v -2.201775 0.036896 0.077442
v -2.204689 0.097655 0.059603
v -2.176113 0.139167 0.069643
v -2.177653 0.003908 0.138580
v -2.142055 0.082917 0.209858
v -2.163819 0.042095 0.079812
v -2.145020 0.042198 0.191904
v -2.154464 0.166426 0.133573
v -2.144263 0.133286 0.197474
v -2.172004 0.037024 0.075052
v -2.403848 0.144050 0.082600
v -2.388927 0.165715 0.153692
v -2.336442 0.086548 0.220646
v -2.342186 0.165721 0.152596
v -2.342877 0.090016 0.064098
v -2.370601 0.144496 0.081557
v -2.347638 0.047562 0.084025
v -2.337345 0.047673 0.207588
v -2.247370 0.165697 0.150730
v -2.265303 0.140480 0.077940
v -2.247360 0.037893 0.205845
v -2.259087 0.175462 0.147455
v -2.240378 0.138467 0.202218
v -2.252710 0.155470 0.105287
v -2.311463 0.140530 0.078566
v -2.287574 0.102584 0.219025
v -2.294821 0.165696 0.152179
v -1.432885 0.086621 -0.309750
v -1.419528 0.030883 -0.298076
v -1.420047 0.027475 -0.279419
v -1.402672 0.013572 -0.238482
v -1.478553 0.041401 -0.274404
v -1.483959 0.093329 -0.288704
v -1.465600 0.036438 -0.266306
v -1.461736 0.151598 -0.257663
v -1.558360 0.041410 -0.223490
v -1.545658 0.036350 -0.215596
v -1.489255 0.041441 -0.110497
v -1.483567 0.093274 -0.096019
v -1.502019 0.036396 -0.118496
v -1.498200 0.132412 -0.110165
v -1.494258 0.155281 -0.251746
v -1.455362 0.004554 -0.213844
v -1.497242 0.075673 -0.282768
v -1.453842 0.076651 -0.124246
v -1.516981 0.005035 -0.181235
v -1.470656 0.075712 -0.102004
v -1.514655 0.077433 -0.260225
v -1.487268 0.014400 -0.199858
v -1.665883 0.075523 0.031394
v -1.719597 0.086692 -0.129593
v -1.697363 0.028356 -0.098850
v -1.645227 0.138429 -0.002869
v -1.639415 0.086733 0.011390
v -1.679549 0.166750 -0.059241
v -1.656201 0.137762 -0.007055
v -1.705734 0.046694 -0.115803
v -1.633468 0.005053 -0.099816
v -1.598220 0.088789 -0.015145
v -1.662408 0.041284 -0.150263
v -1.665446 0.136024 -0.141005
v -1.568978 0.146371 -0.212402
v -1.508122 0.148148 -0.102965
v -1.522579 0.093352 -0.070002
v -1.585060 0.041342 -0.205190
v -1.569664 0.005057 -0.126859
v -1.548194 0.075554 -0.050049
v -1.548724 0.156697 -0.089085
v -1.580455 0.027479 -0.178959
v -1.587424 0.139067 -0.194303
v -1.635526 0.040794 -0.168840
v -1.642011 0.093224 -0.183502
v -1.566253 0.136948 -0.055921
v -1.570203 0.082875 -0.044586
v -1.561414 0.093188 -0.042901
v -1.577742 0.042193 -0.061129
v -1.596037 0.172187 -0.115828
v -1.576172 0.135239 -0.057892
v -2.041552 0.075995 0.033234
v -2.030768 0.042313 0.051336
v -2.013656 0.165807 0.118554
v -2.034708 0.101736 0.037233
v -2.030001 0.138108 0.053338
v -1.939146 0.005282 0.076578
v -1.971218 0.166425 0.094977
v -2.015117 0.073310 0.023048
v -1.954185 0.105059 0.174528
v -1.986338 0.138185 0.041329
v -1.864679 0.004968 0.043029
v -1.857816 0.082154 0.131704
v -1.890807 0.077981 0.155106
v -1.880577 0.165696 0.067738
v -1.903993 0.132419 0.003694
v -1.949277 0.090028 0.009523
v -1.906898 0.004970 0.063894
v -1.900378 0.142220 0.137266
v -1.903387 0.075714 0.150175
v -1.907966 0.041675 0.136291
v -1.927048 0.166413 0.078943
v -1.926948 0.013584 0.078359
v -1.686086 0.005037 -0.044865
v -1.679086 0.093379 0.037338
v -1.705943 0.075577 0.057001
v -1.757612 0.090433 -0.104268
v -1.745562 0.129260 -0.092930
v -1.792257 0.041431 -0.064292
v -1.790415 0.142897 -0.060925
v -1.721749 0.034507 0.043448
v -1.729394 0.082992 0.060744
v -1.736290 0.137808 0.045077
v -1.755669 0.014296 -0.001669
v -1.804501 0.086640 0.112016
v -1.804747 0.041494 0.097972
v -1.814605 0.075724 0.107708
v -1.820349 0.042193 0.092487
v -1.817189 0.126222 0.101461
v -1.857419 0.039334 -0.027428
v -1.838275 0.014295 0.045254
v -1.782013 0.004967 -0.002321
v -1.810496 0.075652 -0.073099
v -1.821167 0.038798 -0.035637
v -1.796782 0.165698 0.023208
v -1.823102 0.132373 -0.040084
v 0.072944 0.136470 -0.460257
v 0.089962 0.007774 -0.388277
v 0.060134 0.039566 -0.450200
v 0.050546 0.089994 -0.459264
v 0.074244 0.030387 -0.350001
v 0.067420 0.162176 -0.382667
v 0.052864 0.131293 -0.447414
v -0.000661 0.082777 -0.452720
v 0.044798 0.007019 -0.375474
v 0.034757 0.096811 -0.305050
v 0.031500 0.137126 -0.320631
v 0.016664 0.041508 -0.442506
v 0.022125 0.017187 -0.370642
v -0.058502 0.143020 -0.422383
v -0.036006 0.007207 -0.366614
v -0.070716 0.165341 -0.357122
v -0.061191 0.137776 -0.299406
v -0.079468 0.039121 -0.408827
v -0.071118 0.015351 -0.358000
v -0.003580 0.007863 -0.378389
v -0.025107 0.164794 -0.367131
v -0.037891 0.089996 -0.436800
v -0.017585 0.029400 -0.325182
v -0.035761 0.128801 -0.426490
v -0.271955 0.145357 -0.397456
v -0.266651 0.043996 -0.400694
v -0.255009 0.165485 -0.327841
v -0.250392 0.147320 -0.396344
v -0.203222 0.041418 -0.279557
v -0.208858 0.165917 -0.339153
v -0.214320 0.141766 -0.391220
v -0.214471 0.041338 -0.393247
v -0.208923 0.014084 -0.339095
v -0.103186 0.143399 -0.413641
v -0.081652 0.006616 -0.356899
v -0.116941 0.165140 -0.348994
v -0.124407 0.038809 -0.400742
v -0.127022 0.089997 -0.419527
v -0.124890 0.131920 -0.407818
v -0.180961 0.140627 -0.405557
v -0.158789 0.104190 -0.261353
v -0.162556 0.165556 -0.342910
v -0.138342 0.096804 -0.426344
v -0.166505 0.090006 -0.420742
v -0.643547 0.144146 -0.428760
v -0.636757 0.041378 -0.296391
v -0.628463 0.082495 -0.286851
v -0.642316 0.039352 -0.431448
v -0.624613 0.041407 -0.429040
v -0.603074 0.104343 -0.275369
v -0.630960 0.166228 -0.360150
v -0.625803 0.093339 -0.444444
v -0.632598 0.036369 -0.416057
v -0.572230 0.004445 -0.354031
v -0.579749 0.090395 -0.439054
v -0.621005 0.138414 -0.431201
v -0.592492 0.041425 -0.425204
v -0.489785 0.165714 -0.339929
v -0.492261 0.079816 -0.421675
v -0.491828 0.047606 -0.408885
v -0.487148 0.077081 -0.271643
v -0.487769 0.051890 -0.279699
v -0.490023 0.165851 -0.356981
v -0.548525 0.140698 -0.421180
v -0.568432 0.034778 -0.290456
v -0.530474 0.041452 -0.418228
v -0.535538 0.028397 -0.307937
v -0.536979 0.166222 -0.349513
v -0.531673 0.093334 -0.433593
v -0.538722 0.132334 -0.414305
v -0.301751 0.165654 -0.326753
v -0.295435 0.031722 -0.395192
v -0.325919 0.004988 -0.341387
v -0.306591 0.047623 -0.395231
v -0.298074 0.041145 -0.275895
v -0.308604 0.170267 -0.348180
v -0.305857 0.148142 -0.381621
v -0.362058 0.140612 -0.402535
v -0.353242 0.041391 -0.268067
v -0.351573 0.093366 -0.252815
v -0.349375 0.165861 -0.345172
v -0.343470 0.154074 -0.386740
v -0.344119 0.031722 -0.393265
v -0.352654 0.049193 -0.397831
v -0.348714 0.165715 -0.328223
v -0.346194 0.152504 -0.292769
v -0.455731 0.144117 -0.407826
v -0.443075 0.165849 -0.352575
v -0.454749 0.039359 -0.410505
v -0.413722 0.104314 -0.255207
v -0.441117 0.027505 -0.299783
v -0.442722 0.165712 -0.335483
v -0.445792 0.097028 -0.416605
v -0.395769 0.165720 -0.331665
v -0.406341 0.142996 -0.401841
v -0.398701 0.047679 -0.399850
v -0.393083 0.042189 -0.280620
v -0.396225 0.165854 -0.348628
v -0.405595 0.041436 -0.404974
v -0.395191 0.014404 -0.330118
v -1.394753 0.041337 -0.320713
v -1.359044 0.078033 -0.355925
v -1.335408 0.100099 -0.193594
v -1.363641 0.166229 -0.265105
v -1.339995 0.132360 -0.205449
v -1.383059 0.037416 -0.313385
v -1.339010 0.004966 -0.265822
v -1.347313 0.082894 -0.352880
v -1.341838 0.136053 -0.339367
v -1.249013 0.103124 -0.398069
v -1.199025 0.097511 -0.241424
v -1.283410 0.089074 -0.389641
v -1.224459 0.154047 -0.267129
v -1.309766 0.004774 -0.283598
v -1.313290 0.082194 -0.374686
v -1.277093 0.166423 -0.299246
v -1.241587 0.072426 -0.228002
v -1.258166 0.132352 -0.243544
v -1.040979 0.046113 -0.299030
v -1.039269 0.174391 -0.350230
v -1.061412 0.034073 -0.409585
v -1.037973 0.095385 -0.286518
v -1.108797 0.146950 -0.401126
v -1.069784 0.080236 -0.272687
v -1.095578 0.165335 -0.341087
v -1.113376 0.075587 -0.422468
v -1.086801 0.142133 -0.298542
v -1.108942 0.034145 -0.401101
v -1.180975 0.135632 -0.260320
v -1.200850 0.028323 -0.372311
v -1.144252 0.074245 -0.256902
v -1.179972 0.005093 -0.340109
v -1.125567 0.087464 -0.268725
v -1.122509 0.042210 -0.279420
v -1.143687 0.166424 -0.339942
v -1.156228 0.034095 -0.390875
v -1.177654 0.105398 -0.419235
v -1.164936 0.143098 -0.401055
v -0.677809 0.166429 -0.364362
v -0.694956 0.155250 -0.425089
v -0.674889 0.090000 -0.292007
v -0.675361 0.047630 -0.305110
v -0.679279 0.152501 -0.409394
v -0.687577 0.036982 -0.431511
v -0.737497 0.036037 -0.308344
v -0.724610 0.165712 -0.377989
v -0.719018 0.041407 -0.437970
v -0.727829 0.082886 -0.447030
v -0.721343 0.043511 -0.311179
v -0.724186 0.165855 -0.360977
v -0.720482 0.093371 -0.453285
v -0.724499 0.014288 -0.378041
v -0.833810 0.144132 -0.439489
v -0.862177 0.101947 -0.457675
v -0.812596 0.100167 -0.300658
v -0.818521 0.165711 -0.381759
v -0.814788 0.075250 -0.456463
v -0.823640 0.097131 -0.450204
v -0.821221 0.027483 -0.416782
v -0.814424 0.148230 -0.327070
v -0.822557 0.137820 -0.432162
v -0.769715 0.097559 -0.455978
v -0.760110 0.174401 -0.361971
v -0.759825 0.150543 -0.316970
v -0.785994 0.144111 -0.438775
v -0.771649 0.165712 -0.380903
v -1.025317 0.081868 -0.279688
v -1.030411 0.100325 -0.446884
v -1.010966 0.090007 -0.447286
v -1.016961 0.104335 -0.438232
v -1.005578 0.166416 -0.364475
v -1.013970 0.146179 -0.417323
v -0.920491 0.104702 -0.290460
v -0.941492 0.080515 -0.291828
v -0.958753 0.166417 -0.368897
v -0.948831 0.089768 -0.297366
v -0.968291 0.104379 -0.443181
v -0.950354 0.047549 -0.309798
v -0.965766 0.041234 -0.427233
v -0.864880 0.166434 -0.372020
v -0.908538 0.096965 -0.456476
v -0.859302 0.047599 -0.313049
v -0.868623 0.152508 -0.416509
v -0.912192 0.165699 -0.380422
v -0.908392 0.154165 -0.426055
v -0.907605 0.155564 -0.335208
v -2.762531 0.145690 0.127564
v -2.763651 0.128299 0.166469
v -2.774733 0.095217 0.074137
v 1.974217 0.024509 -0.717592
v 1.990616 0.057856 -0.645063
v 1.982048 0.094383 -0.686347
v 1.993580 0.083619 -0.657763
v 1.976334 0.048325 -0.730140
v 2.049222 0.053529 -0.726550
v 2.008338 0.043452 -0.731684
v 2.038055 0.050198 -0.652884
v 2.095927 0.049161 -0.720120
v 2.084068 0.021930 -0.663312
v 2.088865 0.067201 -0.666250
v 2.163397 0.052582 -0.656512
v 0.090267 0.034834 -0.455242
v 0.091902 0.078591 -0.314173
v 0.079475 0.082390 -0.476822
v 0.135032 0.008577 -0.402459
v 0.126412 0.076554 -0.334178
v 0.123421 0.043883 -0.349172
v 0.112492 0.018515 -0.396809
v 0.135455 0.041141 -0.472262
v 0.131424 0.082997 -0.490113
v 0.138765 0.089995 -0.485391
v 0.157455 0.160759 -0.410421
v 0.141845 0.129598 -0.473281
v 0.261878 0.012670 -0.466374
v 0.269549 0.090375 -0.382841
v 0.223178 0.084789 -0.519439
v 0.233143 0.090014 -0.516195
v 0.261607 0.032795 -0.412339
v 0.252241 0.159705 -0.447526
v 0.236547 0.131484 -0.503582
v 0.210783 0.011687 -0.443499
v 0.228654 0.090002 -0.359996
v 0.218467 0.096548 -0.363745
v 0.214549 0.135225 -0.379735
v 0.202622 0.020015 -0.426410
v 0.504035 0.095020 -0.469155
v 0.459277 0.082055 -0.599933
v 0.480150 0.155233 -0.530962
v 0.465602 0.036549 -0.576564
v 0.475257 0.021957 -0.540951
v 0.405059 0.048512 -0.567429
v 0.391565 0.079107 -0.582654
v 0.448430 0.012643 -0.524938
v 0.449661 0.084015 -0.448247
v 0.438510 0.082994 -0.451301
v 0.435230 0.132595 -0.465601
v 0.413745 0.037554 -0.568630
v 0.276568 0.087095 -0.538991
v 0.292598 0.040567 -0.516105
v 0.317239 0.013305 -0.482777
v 0.331648 0.046348 -0.415060
v 0.298644 0.042173 -0.529215
v 0.307254 0.021545 -0.464589
v 0.374386 0.013665 -0.505630
v 0.391105 0.107796 -0.426901
v 0.336256 0.046447 -0.547913
v 0.344141 0.083417 -0.558838
v 0.347302 0.024809 -0.523671
v 0.964422 0.080692 -0.606671
v 0.943013 0.094744 -0.747909
v 0.934316 0.124641 -0.725702
v 0.928700 0.011139 -0.670527
v 0.931977 0.068829 -0.737858
v 0.836750 0.011849 -0.651507
v 0.883640 0.150667 -0.662975
v 0.903012 0.073527 -0.597733
v 0.893792 0.084613 -0.601374
v 0.892144 0.123374 -0.613441
v 0.873827 0.042770 -0.713196
v 0.738455 0.013082 -0.614757
v 0.742160 0.075900 -0.703507
v 0.766649 0.151511 -0.634730
v 0.778366 0.085753 -0.573247
v 0.776383 0.122241 -0.584345
v 0.757943 0.138335 -0.675369
v 0.754620 0.043703 -0.685028
v 0.778076 0.012247 -0.636928
v 0.785436 0.093538 -0.716616
v 0.816879 0.031469 -0.686998
v 0.825200 0.150774 -0.649818
v 0.814892 0.127119 -0.700355
v 0.506261 0.096946 -0.624878
v 0.524204 0.034044 -0.595396
v 0.552051 0.088026 -0.495417
v 0.560504 0.101591 -0.494396
v 0.549691 0.125829 -0.506050
v 0.566458 0.045606 -0.634480
v 0.601548 0.141126 -0.544944
v 0.579951 0.040988 -0.626519
v 0.589344 0.021668 -0.586889
v 0.718827 0.126956 -0.568965
v 0.721195 0.085247 -0.556084
v 0.685118 0.035810 -0.666457
v 0.692704 0.092505 -0.683286
v 0.698659 0.032319 -0.655027
v 0.708410 0.152268 -0.618036
v 0.696188 0.128476 -0.668378
v 0.706738 0.019772 -0.617733
v 0.623180 0.013760 -0.578500
v 0.633861 0.078268 -0.664896
v 0.669174 0.041681 -0.551536
v 0.648053 0.152433 -0.607505
v 0.662012 0.123597 -0.549670
v 0.645076 0.041023 -0.657894
v 1.923694 0.009065 -0.703106
v 1.929832 0.063771 -0.642391
v 1.925934 0.020394 -0.723368
v 1.914116 0.052028 -0.734361
v 1.804185 0.053971 -0.742638
v 1.854492 0.060383 -0.735794
v 1.851582 0.026427 -0.722144
v 1.868663 0.062370 -0.740793
v 1.858372 0.105340 -0.682026
v 1.857666 0.091885 -0.656926
v 1.775181 0.011182 -0.687159
v 1.731815 0.094260 -0.734450
v 1.793373 0.095593 -0.655848
v 1.793462 0.109977 -0.700700
v 1.793104 0.072243 -0.645593
v 1.496886 0.074544 -0.762420
v 1.485505 0.068393 -0.755939
v 1.487938 0.111445 -0.743229
v 1.555433 0.072913 -0.758806
v 1.539992 0.067453 -0.636076
v 1.545981 0.041486 -0.744328
v 1.685419 0.124994 -0.686095
v 1.624306 0.108783 -0.742317
v 1.664158 0.104733 -0.651865
v 1.668255 0.039703 -0.737441
v 1.584902 0.064982 -0.634977
v 1.609363 0.036319 -0.653951
v 1.621689 0.058402 -0.755024
v 1.609770 0.103174 -0.740134
v 0.996600 0.100432 -0.612846
v 0.995349 0.125194 -0.733445
v 1.022782 0.031687 -0.635125
v 1.023689 0.134994 -0.635131
v 1.000322 0.018028 -0.685267
v 1.090635 0.008799 -0.693976
v 1.065116 0.084184 -0.763317
v 1.069099 0.076903 -0.627419
v 1.067368 0.041855 -0.641998
v 1.055189 0.041203 -0.740136
v 1.187503 0.083948 -0.636551
v 1.183020 0.143573 -0.692786
v 1.178957 0.123445 -0.646387
v 1.186296 0.039474 -0.649704
v 1.178779 0.130820 -0.736612
v 1.128612 0.081356 -0.633026
v 1.123050 0.089894 -0.764829
v 1.122624 0.144128 -0.690255
v 1.121092 0.016133 -0.694284
v 1.432500 0.081778 -0.764687
v 1.426128 0.111703 -0.748728
v 1.422639 0.117842 -0.650352
v 1.423467 0.043390 -0.751007
v 1.429534 0.068249 -0.640679
v 1.428261 0.044783 -0.648335
v 1.429485 0.135910 -0.705298
v 1.367196 0.118035 -0.652299
v 1.411092 0.008593 -0.697228
v 1.399242 0.066183 -0.632192
v 1.246747 0.122123 -0.652458
v 1.238131 0.085269 -0.762061
v 1.243146 0.143021 -0.697352
v 1.239715 0.124800 -0.744158
v 1.307379 0.084972 -0.767780
v 1.306549 0.040816 -0.649462
v 1.304027 0.141393 -0.705366
v 2.181915 0.063541 -0.682244
v 2.176259 0.004416 -0.676773
v 2.181328 0.057809 -0.665295
v 2.182389 0.058336 -0.701400
vn 0.6253 -0.2074 0.7523
vn 0.6364 -0.5160 0.5734
vn 0.5626 -0.4473 0.6953
vn 0.5260 -0.1110 0.8432
vn -0.2330 0.1668 0.9580
vn -0.2377 0.2121 -0.9479
vn -0.0692 -0.3207 -0.9447
vn 0.0232 0.4902 -0.8713
vn 0.1025 -0.8148 -0.5706
vn -0.1384 -0.9279 -0.3462
vn 0.3342 -0.9323 0.1387
vn 0.3497 0.4174 0.8387
vn -0.2058 0.6458 0.7353
vn -0.0652 -0.3807 -0.9224
vn -0.1487 -0.6144 -0.7749
vn -0.1672 -0.8479 0.5032
vn -0.1047 -0.9878 0.1152
vn 0.6402 -0.7098 0.2940
vn 0.5162 0.8380 0.1770
vn -0.1884 0.8148 0.5483
vn 0.6649 0.4515 0.5950
vn 0.5222 0.8280 -0.2042
vn 0.1910 0.8475 -0.4953
vn 0.3749 0.6062 -0.7014
vn -0.0877 -0.3324 -0.9391
vn 0.4847 0.1240 -0.8659
vn 0.4619 -0.6373 -0.6169
vn 0.5968 -0.7783 -0.1949
vn 0.6614 -0.3961 0.6369
vn 0.6400 0.0203 0.7681
vn 0.3381 0.9119 0.2326
vn 0.2116 -0.9340 0.2880
vn 0.4279 -0.9013 -0.0678
vn -0.0245 -0.9240 0.3817
vn 0.1532 0.6230 0.7671
vn -0.0923 0.7076 0.7005
vn 0.1914 0.9048 0.3805
vn 0.3441 0.7084 -0.6163
vn 0.3813 0.3791 -0.8432
vn 0.5297 0.1973 -0.8249
vn 0.2318 -0.6603 0.7143
vn -0.0788 -0.7073 0.7025
vn -0.0732 -0.2389 0.9683
vn 0.2769 0.2190 0.9356
vn 0.2001 -0.3322 0.9217
vn -0.0891 0.3978 0.9131
vn 0.4143 0.9048 -0.0987
vn 0.2416 0.7998 -0.5495
vn 0.4592 0.0002 -0.8884
vn 0.5316 -0.2394 -0.8125
vn 0.1296 0.9221 0.3646
vn 0.3303 0.9376 0.1090
vn -0.3182 -0.8914 -0.3228
vn 0.4390 -0.6701 -0.5986
vn 0.1384 -0.9904 0.0010
vn -0.2997 0.5934 -0.7471
vn 0.0657 -0.9900 0.1249
vn -0.0696 -0.9870 -0.1451
vn -0.1823 -0.9303 0.3182
vn 0.4048 -0.5614 0.7218
vn -0.2587 -0.8635 0.4328
vn -0.3305 -0.5950 0.7326
vn 0.4206 0.6235 0.6591
vn -0.1620 0.9278 0.3361
vn -0.0526 0.9030 0.4265
vn 0.0426 0.9987 0.0281
vn 0.0690 -0.7022 -0.7087
vn -0.0878 -0.5804 -0.8096
vn -0.0510 -0.9114 -0.4083
vn 0.0673 -0.9397 -0.3353
vn 0.3325 0.6084 -0.7206
vn 0.1858 0.4648 -0.8657
vn 0.3633 0.2529 -0.8967
vn 0.1102 -0.1582 -0.9812
vn 0.3144 -0.1865 -0.9308
vn 0.0001 -0.7368 0.6761
vn -0.1900 -0.1615 0.9684
vn 0.3970 0.0989 0.9125
vn -0.0550 0.9218 -0.3838
vn -0.3783 -0.7118 -0.5918
vn 0.3641 -0.5651 -0.7403
vn 0.3171 -0.8814 -0.3502
vn -0.2797 -0.9598 0.0233
vn -0.4172 -0.2001 0.8865
vn -0.3559 -0.5675 0.7425
vn 0.2953 -0.2941 0.9090
vn 0.2585 0.1880 0.9475
vn -0.4591 0.2472 0.8533
vn -0.2530 0.9665 0.0433
vn 0.1008 0.9236 -0.3699
vn -0.3997 0.6899 -0.6036
vn -0.3020 -0.8533 0.4250
vn -0.2975 0.1903 -0.9356
vn -0.2206 -0.3107 -0.9246
vn -0.3368 0.5977 0.7276
vn -0.1353 0.5170 0.8452
vn 0.2947 -0.9547 0.0417
vn 0.2664 0.9609 0.0750
vn 0.4971 -0.7696 -0.4008
vn -0.3113 -0.8712 -0.3795
vn -0.2791 0.8985 -0.3388
vn -0.1939 0.6206 -0.7598
vn -0.2673 -0.4563 -0.8487
vn -0.2308 0.1634 -0.9592
vn 0.2051 0.4621 -0.8628
vn 0.2500 -0.7423 -0.6217
vn -0.3765 -0.1585 0.9128
vn -0.1074 -0.1020 0.9890
vn 0.0593 -0.5551 0.8297
vn -0.4196 -0.7235 0.5481
vn 0.1520 0.3458 0.9259
vn 0.2785 -0.1609 -0.9468
vn 0.2466 -0.9220 0.2984
vn 0.3912 -0.7279 0.5631
vn 0.4551 -0.1545 -0.8769
vn 0.4668 0.2234 -0.8557
vn 0.3748 0.9258 0.0495
vn 0.4103 -0.9112 0.0365
vn -0.0921 0.8608 -0.5005
vn 0.3438 0.6086 -0.7151
vn 0.0711 -0.9902 0.1204
vn -0.1681 -0.9819 -0.0875
vn -0.0101 -0.9398 0.3416
vn 0.0143 0.8810 0.4729
vn -0.2585 0.6119 0.7475
vn -0.1418 0.7301 0.6684
vn 0.5054 0.8598 0.0734
vn -0.0004 1.0000 0.0006
vn 0.0394 -0.7293 -0.6831
vn -0.1196 -0.6714 -0.7314
vn -0.1380 -0.8625 -0.4868
vn 0.0307 -0.9382 -0.3446
vn -0.2120 0.4359 0.8747
vn -0.2925 0.2808 0.9141
vn 0.4296 0.0064 0.9030
vn 0.2910 0.6024 -0.7432
vn 0.0882 0.4575 -0.8848
vn 0.3129 0.2597 -0.9136
vn 0.1241 -0.1371 -0.9828
vn 0.2793 -0.1851 -0.9422
vn 0.4811 -0.5591 0.6753
vn -0.4318 -0.7941 0.4278
vn -0.0154 -0.3951 0.9185
vn -0.0070 0.9016 -0.4326
vn -0.3837 0.8077 0.4477
vn 0.0131 -0.9216 0.3879
vn -0.3089 -0.5683 0.7626
vn -0.0093 -0.1811 0.9834
vn 0.1116 -0.1817 0.9770
vn -0.3120 0.2544 0.9154
vn -0.4521 0.6344 -0.6271
vn -0.4919 0.8682 -0.0650
vn 0.0464 0.9232 -0.3815
vn 0.0211 0.9917 0.1269
vn -0.2622 0.5992 0.7564
vn -0.2124 -0.9770 -0.0179
vn -0.4555 -0.4147 -0.7877
vn -0.4726 0.1630 -0.8661
vn -0.2284 -0.8810 -0.4143
vn -0.4778 -0.8774 -0.0432
vn 0.0815 -0.9911 -0.1053
vn 0.2644 -0.9135 0.3093
vn 0.0759 0.9885 -0.1305
vn -0.4553 0.8868 -0.0790
vn -0.0272 0.9440 0.3289
vn -0.4351 0.6402 -0.6331
vn 0.0551 0.8903 -0.4520
vn -0.4836 -0.2981 -0.8230
vn 0.0555 0.1572 -0.9860
vn 0.3412 -0.2708 -0.9001
vn 0.3265 -0.6029 -0.7279
vn -0.2185 -0.8191 -0.5304
vn -0.4250 0.2494 -0.8701
vn 0.0715 0.4564 -0.8869
vn -0.3316 -0.9406 -0.0733
vn -0.1985 -0.8855 -0.4201
vn -0.3824 0.4624 0.8000
vn -0.0964 0.4616 0.8818
vn -0.4307 0.0144 0.9024
vn -0.1578 -0.1538 0.9754
vn 0.0282 0.8936 -0.4481
vn 0.1171 -0.6065 -0.7864
vn -0.0604 -0.0860 -0.9945
vn -0.3335 -0.7792 0.5307
vn -0.2571 -0.7107 0.6548
vn -0.0468 -0.9636 0.2631
vn -0.0229 0.8950 0.4456
vn 0.4872 0.6109 0.6240
vn -0.0623 0.9449 0.3212
vn 0.3135 -0.6135 -0.7248
vn -0.2401 -0.4440 0.8632
vn -0.1270 0.9916 0.0257
vn 0.3079 0.6112 -0.7292
vn 0.4371 0.2423 0.8661
vn 0.3343 0.2518 -0.9082
vn 0.3073 -0.1541 -0.9390
vn 0.0314 0.8955 -0.4439
vn -0.4449 0.6173 -0.6489
vn -0.5016 0.8598 -0.0957
vn -0.4355 0.1648 -0.8850
vn 0.1226 0.4460 -0.8866
vn -0.4759 -0.8731 -0.1061
vn -0.3314 -0.9398 -0.0835
vn 0.0065 -0.9083 -0.4183
vn -0.4327 -0.6094 -0.6643
vn -0.3595 -0.2099 0.9092
vn -0.0223 0.1206 0.9925
vn -0.2444 -0.4602 0.8535
vn 0.0630 0.8917 -0.4482
vn -0.2346 -0.7301 0.6418
vn -0.1505 -0.9546 0.2572
vn -0.0509 0.9024 0.4278
vn -0.0082 0.5655 0.8247
vn -0.3529 0.5752 0.7379
vn -0.0130 0.8824 0.4703
vn -0.3751 0.5796 0.7235
vn 0.4419 0.6240 0.6445
vn 0.4819 0.8717 0.0896
vn -0.2905 0.9522 0.0950
vn 0.2804 0.2595 -0.9241
vn -0.3397 0.5470 -0.7651
vn 0.4227 0.6178 -0.6631
vn 0.1083 -0.7819 -0.6139
vn -0.1552 -0.5834 -0.7972
vn -0.2678 -0.6209 0.7367
vn 0.0949 0.9235 -0.3717
vn 0.2493 -0.2353 -0.9394
vn 0.3819 -0.1909 -0.9043
vn 0.3475 -0.1241 0.9294
vn 0.2496 0.3037 0.9195
vn -0.3785 0.7478 0.5455
vn 0.4171 0.5724 0.7059
vn 0.4971 0.8631 0.0888
vn -0.2936 -0.8556 -0.4264
vn -0.3381 -0.4763 0.8117
vn 0.3503 -0.6102 0.7106
vn 0.4061 -0.2595 0.8762
vn -0.0688 0.0859 0.9939
vn 0.2784 0.1230 0.9525
vn -0.2412 0.8737 -0.4225
vn 0.0282 0.6419 -0.7663
vn 0.3658 0.5428 -0.7560
vn 0.0363 0.2263 -0.9734
vn 0.0110 -0.2050 -0.9787
vn -0.1764 -0.9774 -0.1166
vn 0.0818 -0.8954 0.4376
vn -0.0391 -0.6376 0.7694
vn -0.1543 0.8756 0.4578
vn 0.0092 -0.9219 0.3873
vn -0.4479 0.1568 0.8802
vn 0.0466 0.5982 0.8000
vn -0.3041 -0.4505 -0.8394
vn 0.0987 -0.6295 -0.7707
vn -0.3359 -0.0220 -0.9416
vn -0.4693 0.7796 -0.4147
vn 0.0801 0.9934 -0.0819
vn -0.3687 -0.2877 0.8839
vn -0.4749 -0.7838 -0.4002
vn 0.4291 0.6541 0.6229
vn -0.0803 0.8664 0.4929
vn -0.1229 0.8616 0.4925
vn 0.0994 -0.5469 0.8313
vn 0.5000 -0.1030 0.8599
vn 0.2084 -0.5963 0.7753
vn 0.2932 0.2883 0.9115
vn 0.2334 0.3859 0.8925
vn 0.2627 0.9647 -0.0178
vn -0.2658 0.8916 -0.3667
vn -0.2844 0.8993 -0.3321
vn 0.0862 0.2997 -0.9501
vn -0.2405 0.6564 -0.7150
vn -0.2484 0.1951 -0.9488
vn 0.0016 -0.0999 -0.9950
vn 0.2115 -0.9201 -0.3298
vn 0.0950 -0.7483 -0.6566
vn -0.1162 -0.9671 -0.2264
vn 0.5365 -0.8314 0.1446
vn 0.2293 -0.2508 0.9405
vn 0.3743 0.5750 0.7275
vn -0.0541 -0.3947 -0.9172
vn -0.0289 -0.4646 -0.8851
vn 0.2942 -0.8942 0.3374
vn 0.1602 0.9795 -0.1221
vn 0.2449 0.9675 0.0632
vn -0.2024 0.8673 0.4549
vn -0.1852 -0.1759 0.9668
vn 0.4084 0.2943 0.8640
vn -0.1437 0.6774 -0.7214
vn -0.5410 0.7565 -0.3676
vn 0.1450 0.9402 -0.3082
vn -0.1465 -0.6936 -0.7053
vn 0.0242 -0.7357 -0.6769
vn -0.3774 -0.6720 0.6371
vn -0.4842 -0.8743 0.0330
vn -0.6524 -0.0100 -0.7578
vn -0.4107 0.3537 -0.8404
vn -0.1567 0.8663 0.4742
vn -0.2888 0.4801 0.8283
vn 0.4210 0.6255 0.6569
vn -0.5361 0.5612 -0.6306
vn 0.1457 0.3019 -0.9421
vn -0.5656 -0.0044 -0.8247
vn 0.1204 -0.1199 0.9855
vn 0.3121 0.0652 0.9478
vn 0.3327 -0.3387 0.8801
vn 0.4046 0.2248 0.8864
vn -0.0605 0.8974 -0.4371
vn 0.2192 0.5941 -0.7739
vn 0.0725 0.9196 -0.3861
vn 0.0169 0.9999 -0.0010
vn -0.5466 -0.5314 -0.6472
vn -0.2690 -0.7110 -0.6498
vn -0.2096 -0.3092 -0.9276
vn 0.1261 0.9920 -0.0002
vn -0.0919 0.8634 0.4961
vn 0.3627 0.6326 0.6843
vn -0.3222 0.2466 -0.9140
vn -0.1633 -0.2071 -0.9646
vn 0.3916 0.5791 -0.7151
vn 0.2966 -0.8653 0.4040
vn 0.2549 -0.9627 0.0909
vn 0.2812 -0.8887 0.3620
vn 0.2105 -0.9776 0.0051
vn 0.2940 -0.6910 0.6603
vn 0.4034 -0.5158 0.7558
vn 0.4255 -0.1198 0.8970
vn 0.1074 0.5486 0.8292
vn 0.1464 -0.9210 -0.3610
vn 0.0874 -0.9184 -0.3858
vn -0.2401 0.4655 -0.8518
vn 0.0079 -0.9338 0.3578
vn -0.2792 -0.5562 0.7827
vn -0.4866 -0.7503 0.4475
vn 0.1977 -0.9799 0.0252
vn 0.0280 -0.9958 -0.0873
vn -0.2827 -0.8798 -0.3822
vn 0.0408 -0.1436 0.9888
vn 0.2466 -0.1263 0.9609
vn -0.2408 0.2511 0.9375
vn -0.2347 -0.8795 -0.4139
vn 0.1291 -0.5665 -0.8139
vn 0.1282 -0.4141 0.9012
vn -0.2458 0.6003 0.7611
vn 0.0745 0.4675 0.8809
vn -0.4866 0.8162 -0.3116
vn -0.1562 0.9871 0.0363
vn -0.2582 0.9571 0.1314
vn 0.4250 0.6092 0.6696
vn -0.1623 0.8665 0.4720
vn -0.1653 0.8693 0.4658
vn -0.2858 -0.8948 -0.3429
vn 0.1742 -0.6215 -0.7638
vn 0.5349 -0.4991 0.6817
vn 0.4641 -0.1122 0.8787
vn -0.1872 -0.5397 0.8208
vn 0.4669 -0.8799 -0.0883
vn 0.4550 0.2583 0.8522
vn 0.1098 -0.8508 0.5139
vn -0.2717 0.6373 -0.7211
vn -0.1262 0.3092 -0.9426
vn 0.1948 0.2906 -0.9368
vn 0.1225 -0.2616 -0.9574
vn 0.1658 -0.1675 -0.9718
vn -0.1206 0.8849 0.4499
vn -0.0418 -0.7239 -0.6887
vn -0.2376 -0.5323 -0.8125
vn -0.2392 -0.8717 -0.4278
vn 0.0905 -0.2642 0.9602
vn 0.3155 -0.5572 0.7681
vn 0.1556 -0.1949 -0.9684
vn -0.0705 0.9002 -0.4298
vn -0.1232 0.5899 -0.7980
vn 0.2314 -0.9729 -0.0001
vn 0.1552 -0.9878 0.0099
vn 0.1966 -0.9089 0.3677
vn 0.1071 -0.7237 0.6817
vn 0.2527 -0.8631 0.4373
vn 0.0392 -0.8866 0.4608
vn -0.3566 0.6543 -0.6669
vn -0.5055 0.2153 -0.8356
vn -0.0004 -1.0000 0.0087
vn -0.5224 -0.6056 -0.6002
vn -0.0214 0.8810 -0.4726
vn -0.5106 0.8590 -0.0364
vn 0.0830 0.9965 0.0113
vn -0.1606 0.0812 -0.9837
vn -0.5695 -0.2549 -0.7815
vn -0.2794 0.0793 0.9569
vn 0.0809 0.2185 0.9725
vn 0.0042 0.8941 -0.4478
vn -0.4662 0.6173 -0.6337
vn -0.5043 0.8611 -0.0652
vn -0.4825 0.1122 -0.8687
vn 0.0371 0.4967 -0.8671
vn -0.4848 -0.8709 -0.0807
vn -0.2897 -0.9557 -0.0530
vn 0.0812 -0.8697 -0.4868
vn -0.4735 -0.5307 -0.7030
vn 0.0056 0.5209 0.8536
vn 0.0128 0.9004 -0.4348
vn -0.3126 -0.6214 -0.7184
vn 0.0723 -0.1565 -0.9850
vn -0.2171 -0.8602 0.4614
vn -0.1294 -0.7306 0.6705
vn -0.1034 -0.9532 0.2842
vn -0.0185 0.9012 0.4329
vn 0.0821 -0.6182 0.7818
vn 0.0246 -0.9328 0.3596
vn 0.0020 0.8937 0.4488
vn -0.2902 0.5917 0.7521
vn 0.4732 0.6186 0.6272
vn 0.5064 0.8601 0.0624
vn -0.0491 0.9985 -0.0255
vn -0.2482 -0.2981 0.9217
vn -0.1869 -0.4217 0.8873
vn -0.1689 -0.0505 0.9843
vn -0.2910 0.1760 0.9404
vn 0.4879 0.2508 0.8361
vn 0.2768 -0.3074 -0.9104
vn 0.2932 0.1968 -0.9356
vn 0.2814 0.5975 -0.7509
vn 0.0258 -0.9902 0.1374
vn -0.2768 -0.9592 -0.0574
vn 0.1133 -0.9492 0.2934
vn 0.2893 0.5599 0.7764
vn 0.5116 0.7800 0.3605
vn -0.0655 0.8654 0.4969
vn -0.2335 0.9617 0.1432
vn 0.3619 0.2443 -0.8996
vn -0.3318 0.4530 -0.8275
vn 0.3845 0.6517 -0.6537
vn -0.1769 0.0442 -0.9832
vn -0.3177 0.0809 -0.9447
vn 0.0236 -0.9399 -0.3406
vn -0.2542 0.2780 0.9263
vn 0.4661 0.0677 0.8821
vn 0.4312 0.8819 -0.1905
vn -0.2729 0.9225 -0.2729
vn -0.3864 -0.3945 -0.8337
vn 0.3492 -0.2230 -0.9101
vn -0.0370 0.5255 -0.8500
vn 0.5117 -0.5379 0.6699
vn -0.0148 -0.6892 0.7244
vn 0.0314 -0.1396 0.9897
vn 0.0553 0.5102 0.8582
vn 0.0826 0.9176 -0.3888
vn -0.0212 -0.4764 -0.8790
vn 0.2694 -0.6871 -0.6748
vn 0.0059 0.9957 0.0920
vn -0.4900 -0.8706 -0.0455
vn 0.0971 -0.9913 -0.0886
vn -0.4777 0.2779 -0.8334
vn -0.4843 -0.1618 -0.8598
vn -0.0014 0.8998 -0.4363
vn -0.4866 0.6192 -0.6163
vn -0.3037 -0.6622 -0.6850
vn 0.2831 0.8734 0.3963
vn -0.4907 -0.6643 0.5638
vn 0.0003 -0.8970 -0.4421
vn 0.0435 -0.9557 0.2912
vn 0.4407 -0.6811 0.5847
vn -0.2188 0.8440 0.4897
vn 0.5156 0.6273 0.5836
vn 0.4816 0.8750 0.0494
vn 0.1604 -0.6088 -0.7770
vn -0.2289 -0.8723 -0.4321
vn 0.5931 -0.3022 0.7463
vn 0.0579 0.9188 -0.3903
vn 0.2294 0.6222 -0.7485
vn -0.0128 0.4572 -0.8893
vn 0.2543 0.2439 -0.9359
vn 0.1494 -0.2455 -0.9578
vn 0.1788 -0.1737 -0.9684
vn 0.4637 0.2206 0.8581
vn 0.0015 0.4573 0.8893
vn -0.2355 0.8553 -0.4615
vn -0.0232 0.8847 0.4655
vn -0.0003 -0.9335 0.3586
vn -0.2988 -0.5536 0.7773
vn 0.0552 -0.8741 0.4826
vn -0.2769 0.9524 0.1273
vn 0.0306 0.8807 0.4727
vn 0.0252 -0.1245 0.9919
vn 0.2295 -0.0501 0.9720
vn -0.2264 0.2489 0.9417
vn -0.2623 0.5909 0.7630
vn -0.2119 -0.9773 -0.0037
vn -0.4962 0.8089 -0.3153
vn 0.0600 0.9951 -0.0791
vn 0.1254 -0.5051 0.8539
vn -0.2596 -0.8791 -0.3997
vn -0.2049 -0.9754 -0.0812
vn 0.1563 -0.5699 -0.8067
vn -0.5211 0.1577 -0.8388
vn -0.4451 0.6111 -0.6546
vn 0.0169 -0.8903 0.4551
vn -0.3369 -0.5425 0.7696
vn 0.0484 -0.8852 0.4627
vn -0.0018 0.8706 0.4919
vn -0.4828 -0.8747 -0.0430
vn 0.0770 -0.7603 -0.6450
vn -0.0029 -0.1904 0.9817
vn -0.0123 -0.0568 0.9983
vn 0.0035 -0.1331 -0.9911
vn -0.0461 0.4529 -0.8904
vn -0.3916 0.7176 -0.5759
vn -0.3333 -0.9413 -0.0540
vn 0.1822 -0.8723 -0.4538
vn 0.1000 -0.5074 0.8559
vn 0.2546 0.6181 0.7438
vn -0.1900 0.2646 0.9455
vn -0.1336 0.8876 -0.4408
vn 0.0549 0.9957 -0.0749
vn 0.3905 -0.8897 0.2366
vn 0.4224 -0.6828 0.5961
vn 0.4623 0.6199 0.6341
vn 0.4840 0.8739 0.0459
vn 0.2092 -0.5832 -0.7849
vn 0.5552 -0.2979 0.7765
vn 0.0692 0.9188 -0.3885
vn 0.2497 0.6219 -0.7422
vn 0.2796 0.2441 -0.9286
vn 0.2211 -0.1940 -0.9558
vn 0.0094 -0.9942 -0.1072
vn -0.0184 -0.9934 0.1129
vn 0.1547 -0.9476 0.2796
vn 0.0926 0.9055 0.4141
vn 0.6459 0.6262 0.4367
vn 0.5467 0.8356 -0.0544
vn -0.0055 0.9899 -0.1414
vn -0.6478 0.5275 -0.5496
vn 0.1122 0.7147 -0.6904
vn 0.1630 0.2751 -0.9475
vn -0.4874 -0.8161 -0.3105
vn 0.2213 -0.8167 -0.5329
vn 0.7343 -0.3977 0.5501
vn 0.5821 -0.0375 0.8123
vn 0.3155 -0.1789 0.9319
vn 0.0598 0.2526 0.9657
vn 0.7350 0.2560 0.6278
vn -0.1398 0.9249 -0.3536
vn -0.4155 0.8555 -0.3088
vn 0.3862 0.5410 0.7471
vn -0.6326 -0.0419 -0.7734
vn 0.0704 -0.4177 -0.9059
vn 0.3354 -0.7707 0.5419
vn 0.5146 -0.7771 0.3623
vn 0.3127 -0.9494 -0.0296
vn 0.4935 -0.8296 0.2613
vn -0.2585 -0.8206 0.5097
vn -0.2078 0.7702 0.6030
vn 0.5924 0.6019 0.5356
vn 0.1563 0.9669 0.2016
vn -0.1119 0.9915 -0.0665
vn -0.0453 0.2648 -0.9632
vn -0.4747 -0.0995 -0.8745
vn -0.7498 0.4035 -0.5244
vn -0.0706 0.2957 0.9527
vn 0.4650 -0.1636 0.8701
vn 0.7072 0.2641 0.6558
vn -0.1029 0.7398 -0.6649
vn 0.0761 0.9393 -0.3344
vn -0.6439 -0.4390 -0.6267
vn 0.1608 -0.7848 -0.5985
vn -0.6548 -0.6926 -0.3026
vn 0.2301 0.8026 0.5504
vn -0.0523 -0.5680 0.8214
vn -0.3706 -0.9281 -0.0354
vn -0.3090 -0.6170 -0.7238
vn 0.5287 -0.2297 0.8172
vn -0.1640 -0.9170 -0.3636
vn -0.2586 0.6739 -0.6921
vn 0.3806 0.7107 0.5917
vn 0.0512 0.5627 0.8250
vn -0.0595 0.8738 0.4826
vn 0.1004 -0.4591 0.8827
vn 0.4241 -0.7894 0.4439
vn 0.4705 -0.7191 0.5113
vn -0.2034 0.9326 -0.2980
vn -0.6155 0.6068 -0.5030
vn -0.1015 0.9021 -0.4194
vn -0.7334 0.2477 -0.6331
vn -0.5242 -0.0791 -0.8479
vn -0.4360 0.6043 -0.6669
vn -0.4710 -0.8507 -0.2334
vn -0.2456 -0.7984 -0.5498
vn -0.6736 -0.5262 -0.5190
vn 0.5632 0.2920 0.7730
vn 0.1104 -0.0524 0.9925
vn -0.1310 -0.9235 0.3606
vn -0.0279 -0.9996 -0.0007
vn -0.2707 -0.9626 -0.0136
vn -0.0835 0.9874 0.1347
vn 0.1285 0.8744 0.4678
vn -0.5875 -0.4031 -0.7017
vn 0.6374 -0.5462 0.5435
vn 0.3397 -0.1557 0.9275
vn 0.2595 -0.9655 -0.0234
vn 0.5149 -0.8237 0.2373
vn -0.2297 -0.7986 0.5563
vn 0.1178 0.9218 0.3693
vn -0.2203 0.9754 -0.0049
vn 0.2894 0.9198 0.2648
vn 0.4305 0.7356 0.5231
vn 0.0594 0.5539 0.8305
vn -0.5137 0.1964 -0.8352
vn -0.4925 0.1526 -0.8568
vn -0.8153 0.4432 -0.3726
vn -0.1374 0.5854 -0.7990
vn 0.2356 -0.9689 -0.0750
vn -0.2478 -0.9341 -0.2570
vn 0.1373 -0.3281 0.9346
vn 0.3685 -0.6528 0.6618
vn -0.1073 -0.0481 -0.9931
vn -0.8113 -0.2315 -0.5368
vn -0.1251 -0.4358 -0.8913
vn -0.5930 -0.6441 -0.4831
vn -0.1878 -0.8999 -0.3936
vn -0.4160 -0.5432 -0.7293
vn 0.5283 0.1331 0.8385
vn 0.4931 -0.5154 0.7009
vn -0.3197 -0.9466 0.0419
vn 0.3448 -0.8934 -0.2880
vn 0.2733 -0.9175 0.2889
vn -0.4933 -0.8331 -0.2503
vn 0.0403 -0.7197 -0.6931
vn 0.8001 -0.2313 0.5535
vn 0.5010 0.0883 0.8610
vn 0.0962 -0.2982 0.9496
vn -0.1252 0.9214 -0.3678
vn 0.2178 0.9760 -0.0053
vn -0.2874 0.9214 -0.2616
vn -0.4369 0.7454 -0.5034
vn -0.0410 0.5599 -0.8275
vn 0.0134 -0.8669 0.4983
vn 0.6295 -0.6149 0.4750
vn -0.0920 -0.3997 -0.9120
vn -0.1277 -0.1038 -0.9864
vn 0.5728 0.8089 0.1328
vn -0.2180 0.9706 0.1025
vn 0.1753 0.7451 -0.6435
vn 0.0081 0.4171 -0.9088
vn -0.3576 0.1032 -0.9281
vn -0.5211 -0.1448 -0.8411
vn 0.0966 -0.7139 -0.6936
vn -0.2143 -0.9761 0.0363
vn 0.7758 -0.3238 0.5416
vn 0.5003 0.1572 0.8515
vn 0.7652 0.4354 0.4742
vn -0.3198 0.7056 -0.6323
vn 0.3627 -0.7525 0.5498
vn 0.4316 -0.1044 0.8960
vn 0.3176 0.0944 0.9435
vn -0.4195 -0.1141 -0.9006
vn 0.0013 -0.3323 -0.9432
vn 0.5826 -0.8118 0.0395
vn -0.0397 0.9945 0.0964
vn 0.0461 0.9928 -0.1102
vn -0.1228 0.7886 0.6025
vn 0.6874 0.5031 0.5238
vn 0.4872 0.8280 0.2776
vn -0.7650 0.4365 -0.4735
vn -0.5120 0.1529 -0.8453
vn -0.0422 0.4229 0.9052
vn -0.7458 -0.4283 -0.5102
vn 0.2637 0.7341 0.6257
vn -0.0343 -0.5625 0.8261
vn -0.2970 -0.7908 0.5352
vn -0.6026 0.7901 -0.1117
vn -0.2127 -0.7627 -0.6108
vn 0.2507 -0.9679 -0.0201
vn 0.5200 -0.8134 0.2606
vn -0.2249 -0.7900 0.5704
vn -0.8113 0.2213 -0.5411
vn -0.6149 0.5951 -0.5175
vn -0.4780 0.1437 -0.8665
vn 0.0006 -1.0000 -0.0002
vn -0.2432 -0.9231 -0.2978
vn -0.1167 -0.0609 -0.9913
vn -0.7294 -0.4488 -0.5163
vn -0.4772 -0.2030 -0.8550
vn -0.5402 0.2969 -0.7874
vn 0.0112 -0.8557 -0.5173
vn -0.3488 -0.6614 -0.6639
vn 0.1238 0.0460 0.9912
vn 0.5399 -0.4166 0.7314
vn 0.0599 -0.5697 0.8197
vn 0.1440 0.4279 0.8923
vn 0.3632 0.8038 0.4711
vn 0.3334 0.5846 0.7397
vn -0.1213 0.9275 0.3537
vn 0.0004 1.0000 -0.0010
vn -0.2300 -0.9731 0.0139
vn 0.2685 -0.9165 0.2966
vn -0.4771 -0.8271 -0.2971
vn 0.2059 -0.8075 -0.5528
vn 0.8035 -0.2216 0.5525
vn 0.3615 0.1566 0.9191
vn 0.5297 0.1882 0.8270
vn 0.1042 -0.2781 0.9549
vn 0.1439 0.5512 0.8219
vn -0.0046 -0.8642 0.5032
vn 0.6146 -0.6188 0.4892
vn -0.1500 0.0572 -0.9870
vn -0.0704 -0.5473 -0.8339
vn 0.1207 0.9271 -0.3548
vn -0.3781 0.7931 -0.4776
vn -0.0807 0.4602 -0.8842
vn 0.5680 0.7989 0.1977
vn 0.2769 0.9600 -0.0408
vn -0.1268 0.8542 0.5043
vn 0.0442 0.5861 -0.8090
vn -0.2307 0.0874 -0.9691
vn -0.6989 0.4939 -0.5174
vn -0.2976 -0.9239 -0.2403
vn -0.2596 -0.9140 -0.3119
vn -0.4866 -0.7396 -0.4650
vn 0.8111 -0.2531 0.5273
vn 0.1460 -0.5396 0.8292
vn 0.6507 -0.6935 0.3092
vn 0.5345 0.1092 0.8381
vn 0.5396 0.2007 0.8176
vn 0.1376 -0.0438 0.9895
vn 0.7659 0.4977 0.4070
vn -0.2436 0.9228 -0.2984
vn -0.3100 0.9203 -0.2388
vn 0.0210 -0.3533 -0.9353
vn -0.4825 -0.5655 -0.6689
vn 0.0088 -0.9998 0.0184
vn 0.2647 -0.9642 -0.0145
vn 0.5646 -0.5696 0.5973
vn -0.4157 -0.0753 -0.9064
vn -0.1983 0.8273 0.5255
vn 0.5192 0.8188 0.2450
vn 0.2746 0.9615 -0.0115
vn -0.7777 0.3899 -0.4931
vn -0.2143 0.7568 -0.6176
vn -0.5251 -0.1814 -0.8315
vn -0.5611 0.8131 -0.1548
vn -0.7638 -0.4845 -0.4265
vn 0.1950 0.9796 -0.0488
vn 0.3485 0.7635 0.5437
vn 0.1969 -0.8945 0.4014
vn -0.2420 -0.7990 0.5505
vn -0.4359 0.5216 -0.7335
vn 0.5077 -0.6142 0.6041
vn 0.7646 -0.2476 0.5951
vn 0.5630 0.0484 0.8250
vn 0.5077 0.1606 0.8464
vn 0.7434 0.5205 0.4200
vn -0.4618 0.8366 -0.2947
vn -0.4293 0.8613 -0.2718
vn 0.2541 -0.7646 -0.5923
vn -0.2255 0.6361 -0.7379
vn -0.6138 0.2784 -0.7387
vn -0.0166 -0.9998 -0.0114
vn 0.6687 -0.2789 0.6893
vn 0.4778 0.5170 0.7102
vn -0.4475 -0.5834 -0.6778
vn -0.1890 0.7689 0.6107
vn 0.6295 0.6109 0.4801
vn 0.2656 0.9294 0.2562
vn -0.2486 0.9680 0.0337
vn -0.8149 0.2740 -0.5107
vn -0.1701 0.5817 -0.7954
vn -0.5246 0.1611 -0.8360
vn 0.0075 0.3031 0.9529
vn 0.5317 -0.1770 0.8282
vn 0.7574 0.2434 0.6058
vn -0.5637 0.7889 -0.2448
vn 0.1264 0.8621 -0.4907
vn -0.1540 -0.1084 -0.9821
vn -0.7804 -0.3126 -0.5415
vn -0.1028 -0.5142 -0.8515
vn -0.6368 -0.7107 -0.2992
vn -0.1840 0.9817 0.0486
vn 0.3349 0.7685 0.5453
vn 0.1966 -0.8862 0.4196
vn -0.2294 -0.8035 0.5494
vn -0.3157 -0.9483 0.0340
vn -0.3557 -0.1262 -0.9260
vn -0.0001 1.0000 -0.0001
vn 0.1777 -0.9740 -0.1403
vn -0.1221 0.8672 -0.4828
vn 0.5794 0.4130 0.7027
vn 0.0826 0.6031 0.7933
vn 0.0995 0.8673 0.4878
vn 0.3771 -0.9060 -0.1923
vn 0.2833 -0.9066 0.3127
vn 0.1326 -0.8644 0.4849
vn 0.4756 -0.5321 0.7005
vn 0.6513 -0.5586 0.5136
vn 0.4150 -0.1577 0.8961
vn -0.4154 0.6339 -0.6524
vn -0.5912 0.1806 -0.7860
vn -0.1680 0.6598 -0.7324
vn -0.6676 0.2506 -0.7011
vn -0.2506 -0.9573 0.1445
vn -0.5164 -0.8156 -0.2612
vn -0.2307 -0.2828 0.9310
vn -0.2261 0.1268 0.9658
vn 0.3283 -0.6413 0.6935
vn 0.1907 0.6204 0.7607
vn -0.2996 0.7465 -0.5941
vn 0.1629 0.9866 -0.0100
vn -0.0214 -0.6377 -0.7700
vn -0.0631 -0.2660 -0.9619
vn -0.1987 -0.9774 -0.0722
vn -0.3367 -0.8328 -0.4394
vn 0.0562 0.3129 0.9481
vn -0.2912 0.9009 -0.3219
vn 0.1510 -0.9137 0.3774
vn -0.1086 -0.8318 0.5444
vn -0.0549 0.8576 0.5115
vn 0.0541 -0.9050 0.4220
vn -0.2200 -0.9694 0.1088
vn 0.5262 -0.8326 0.1728
vn 0.4520 -0.5802 0.6775
vn -0.5382 0.3876 -0.7484
vn -0.4402 0.7310 -0.5214
vn 0.2522 0.4928 -0.8328
vn 0.2217 0.0095 -0.9751
vn -0.3008 0.0267 -0.9533
vn -0.4607 -0.7062 -0.5377
vn -0.2643 -0.9349 -0.2370
vn 0.0874 -0.1423 0.9860
vn -0.0282 -0.2530 0.9670
vn 0.2770 0.2061 0.9385
vn 0.2813 0.9594 0.0190
vn -0.3124 0.9174 -0.2465
vn 0.0632 -0.4968 -0.8656
vn -0.3286 0.1747 -0.9282
vn 0.3605 -0.8486 0.3871
vn 0.7101 -0.3748 0.5960
vn 0.1396 -0.5738 0.8070
vn 0.1528 -0.0258 -0.9879
vn -0.6083 -0.1749 -0.7742
vn -0.5602 0.2936 -0.7746
vn 0.2157 -0.5711 -0.7921
vn -0.2526 -0.9237 -0.2881
vn -0.1303 -0.9304 -0.3427
vn 0.2574 0.1980 0.9458
vn 0.2845 -0.0054 0.9587
vn -0.0130 0.5271 0.8497
vn 0.6584 0.4678 0.5897
vn 0.1834 0.4127 -0.8922
vn -0.3419 0.7315 -0.5900
vn -0.2265 0.1998 -0.9533
vn 0.2336 -0.7123 0.6619
vn -0.0368 -0.1259 0.9914
vn -0.0524 0.9849 -0.1650
vn 0.1860 0.9317 -0.3121
vn -0.2399 -0.4189 -0.8758
vn -0.1840 -0.9804 0.0708
vn 0.2667 -0.8707 0.4133
vn -0.7137 -0.1758 -0.6780
vn -0.0896 0.8431 0.5303
vn -0.4759 0.8497 0.2271
vn 0.0794 0.9321 0.3534
vn 0.3938 0.6319 0.6675
vn -0.4953 0.0789 -0.8651
vn -0.3362 -0.1532 -0.9293
vn -0.0204 0.3193 -0.9474
vn -0.1587 -0.9222 -0.3526
vn -0.1877 -0.9293 -0.3182
vn -0.0149 -0.6773 -0.7355
vn -0.4654 -0.4356 -0.7705
vn -0.3339 0.6023 -0.7250
vn 0.0518 -0.9917 -0.1176
vn 0.2542 -0.9670 -0.0176
vn 0.7077 0.2554 0.6587
vn 0.6027 -0.0738 0.7946
vn 0.5642 0.5970 0.5703
vn 0.5536 0.5984 0.5791
vn 0.0070 0.9202 -0.3914
vn 0.0114 0.9962 -0.0864
vn -0.0851 0.8805 -0.4663
vn -0.0540 0.7017 -0.7104
vn 0.1352 -0.9158 0.3781
vn 0.4987 -0.8010 0.3313
vn 0.5304 0.8077 0.2573
vn 0.4940 0.8616 -0.1167
vn 0.4448 -0.8291 0.3389
vn -0.2365 -0.8194 0.5221
vn 0.0135 -0.9981 0.0602
vn -0.3044 0.7466 0.5915
vn 0.5760 0.5082 0.6403
vn 0.4585 0.8278 0.3231
vn 0.0103 0.9969 0.0781
vn -0.1885 -0.9285 -0.3198
vn -0.1297 0.2740 0.9529
vn -0.1872 0.9239 -0.3337
vn -0.5403 0.6045 -0.5854
vn -0.5691 -0.6166 -0.5440
vn -0.7698 -0.1516 -0.6200
vn -0.0927 -0.2501 -0.9638
vn -0.0429 0.1423 -0.9889
vn -0.1171 -0.4362 0.8922
vn -0.6202 0.3113 -0.7200
vn 0.3908 0.8628 0.3207
vn -0.2253 0.9577 0.1791
vn 0.3102 0.8810 0.3572
vn 0.5165 -0.0371 0.8555
vn 0.4687 -0.5425 0.6971
vn 0.0762 0.9257 -0.3705
vn -0.3288 0.1819 -0.9267
vn 0.0075 -0.8487 -0.5289
vn -0.3322 -0.4467 -0.8308
vn -0.5382 -0.6087 -0.5830
vn 0.2976 0.6457 0.7032
vn -0.6568 0.6479 -0.3857
vn -0.5257 0.5508 -0.6482
vn -0.1415 0.9889 0.0447
vn 0.3412 -0.1570 0.9268
vn 0.7337 0.0547 0.6773
vn -0.1547 -0.9870 0.0434
vn 0.3324 -0.8711 0.3615
vn 0.1308 -0.6271 -0.7679
vn 0.2557 0.8157 -0.5189
vn 0.2079 0.7566 0.6199
vn 0.7303 0.4102 0.5463
vn 0.5488 0.8256 0.1313
vn -0.2821 -0.9295 -0.2375
vn 0.0517 -0.7130 -0.6993
vn 0.5235 -0.1761 0.8336
vn 0.7108 -0.5358 0.4558
vn -0.4559 0.8519 -0.2578
vn -0.2715 0.9624 -0.0080
vn -0.4550 0.8397 -0.2964
vn 0.0194 0.5386 -0.8423
vn -0.1849 0.6456 -0.7409
vn -0.5997 0.2714 -0.7528
vn 0.1998 -0.9792 -0.0347
vn 0.3609 -0.1332 0.9230
vn 0.6672 0.3812 0.6399
vn -0.1237 -0.4143 -0.9017
vn -0.4302 -0.5880 -0.6850
vn 0.4484 0.7318 0.5132
vn 0.3386 0.9253 0.1708
vn -0.0933 0.9925 -0.0790
vn 0.2535 -0.9673 -0.0015
vn 0.5275 -0.8099 0.2563
vn -0.1289 -0.7550 0.6430
vn 0.6042 0.5901 0.5354
vn 0.4837 0.8318 0.2724
vn 0.0134 0.9961 0.0874
vn -0.7964 0.2728 -0.5397
vn -0.1927 0.6315 -0.7510
vn -0.4621 0.1333 -0.8767
vn -0.7273 -0.4471 -0.5207
vn -0.0214 -0.7303 -0.6827
vn -0.5531 -0.8146 -0.1748
vn 0.6646 -0.5470 0.5091
vn 0.6007 -0.4612 0.6530
vn 0.5374 -0.2022 0.8187
vn 0.0343 0.0429 0.9985
vn 0.7018 0.2880 0.6516
vn 0.1006 0.9117 -0.3983
vn -0.5359 0.8147 -0.2214
vn -0.1312 -0.3456 -0.9292
vn -0.2976 -0.1519 -0.9425
vn -0.2833 0.7709 0.5705
vn 0.0266 0.5405 0.8409
vn 0.5263 0.8091 0.2615
vn 0.0216 0.9981 0.0574
vn 0.0147 0.9961 -0.0871
vn 0.2460 -0.9691 -0.0203
vn 0.1236 -0.9835 -0.1324
vn -0.2624 -0.9151 -0.3062
vn -0.2006 0.9405 -0.2743
vn -0.5997 0.6077 -0.5206
vn -0.2082 0.8450 -0.4926
vn -0.7058 0.2572 -0.6601
vn -0.5821 0.0772 -0.8095
vn -0.5624 0.4261 -0.7086
vn -0.5327 -0.1283 -0.8365
vn -0.1263 -0.8869 -0.4444
vn -0.4350 -0.6180 -0.6549
vn -0.6452 -0.5669 -0.5123
vn 0.3458 0.7071 0.6167
vn 0.7244 0.2441 0.6447
vn 0.5442 -0.0663 0.8363
vn -0.0225 -0.6280 0.7779
vn 0.1618 -0.9242 0.3459
vn -0.1411 -0.8535 0.5016
vn 0.4789 0.8659 -0.1446
vn 0.0776 -0.9382 -0.3374
vn -0.2109 -0.8339 0.5101
vn -0.2503 0.7655 0.5928
vn 0.0008 0.9974 0.0725
vn -0.4242 0.8999 0.1010
vn -0.7299 0.4076 -0.5486
vn 0.0874 -0.9894 -0.1160
vn -0.0380 0.3024 0.9524
vn 0.4161 -0.1417 0.8982
vn -0.7931 -0.1806 -0.5818
vn -0.3885 0.1898 -0.9017
vn -0.1482 -0.9166 -0.3714
vn -0.4817 -0.4457 -0.7545
vn -0.6841 -0.5639 -0.4626
vn 0.6500 0.0053 0.7599
vn -0.0879 -0.4317 0.8977
vn 0.3683 0.7159 0.5932
vn 0.2653 0.4038 0.8756
vn 0.4493 0.8823 -0.1400
vn -0.2021 -0.9306 -0.3053
vn -0.0241 -0.6822 -0.7308
vn 0.7115 -0.2603 0.6526
vn 0.4437 0.1799 0.8779
vn 0.6185 0.5457 0.5654
vn 0.2721 0.7901 -0.5493
vn -0.1518 0.5617 -0.8133
vn -0.2090 0.9274 -0.3102
vn -0.2555 -0.3095 -0.9159
vn 0.4967 0.8157 0.2964
vn 0.2450 -0.9695 -0.0035
vn 0.1493 -0.9135 0.3784
vn 0.4481 -0.8450 0.2918
vn 0.1011 0.8353 -0.5404
vn 0.6051 -0.6010 0.5221
vn 0.3099 -0.6142 0.7258
vn -0.2797 0.6663 -0.6912
vn -0.0389 0.0335 -0.9987
vn 0.2005 0.7778 -0.5957
vn 0.0678 0.3045 -0.9501
vn -0.4567 -0.1323 -0.8797
vn 0.4521 -0.2579 0.8539
vn 0.7096 -0.5338 0.4600
vn 0.7272 0.4287 0.5362
vn 0.4271 0.1313 0.8946
vn -0.3704 0.6480 -0.6655
vn -0.4615 0.0464 -0.8859
vn 0.2375 -0.8067 -0.5411
vn 0.1202 -0.9852 -0.1221
vn 0.4792 -0.0420 0.8767
vn 0.4916 0.2238 0.8416
vn -0.4306 0.8941 0.1229
vn 0.0523 0.8444 -0.5331
vn 0.3246 -0.9247 0.1990
vn 0.5882 -0.7658 0.2598
vn 0.5033 0.6591 0.5588
vn 0.2090 0.9773 -0.0354
vn -0.1631 -0.7003 0.6949
vn 0.0254 0.9984 0.0501
vn -0.2636 0.7972 0.5432
vn -0.7527 -0.1680 -0.6366
vn -0.7205 0.2831 -0.6331
vn -0.0782 -0.2872 0.9547
vn -0.6859 -0.5646 -0.4591
vn -0.4162 -0.4331 -0.7995
vn 0.4694 -0.5657 0.6779
vn -0.0626 -0.8325 -0.5505
vn -0.1307 -0.9525 -0.2751
vn 0.4190 -0.8939 -0.1594
vn 0.0940 -0.9222 0.3751
vn -0.5075 -0.5878 -0.6301
vn 0.2347 -0.6382 -0.7332
vn -0.1055 -0.8948 -0.4339
vn 0.0688 -0.5471 0.8342
vn 0.3579 -0.0677 0.9313
vn 0.6045 0.0840 0.7921
vn 0.1558 0.4764 0.8653
vn 0.5394 0.5452 0.6417
vn 0.4504 0.8609 -0.2366
vn 0.2109 0.9668 -0.1445
vn -0.6585 0.7069 -0.2582
vn -0.2998 0.6061 -0.7367
vn 0.1247 0.1767 -0.9763
vn -0.2558 -0.0922 -0.9623
vn 0.1688 -0.3172 -0.9332
vn 0.3342 0.8731 0.3549
vn 0.3643 0.7391 0.5665
vn 0.2298 0.9404 0.2507
vn 0.0287 -0.9232 0.3834
vn 0.4621 -0.6294 0.6247
vn -0.2745 -0.6339 0.7231
vn -0.0994 0.9916 -0.0823
vn 0.4648 0.5519 0.6924
vn -0.3038 0.3048 0.9027
vn -0.5588 0.7169 -0.4168
vn -0.2323 -0.2645 0.9360
vn -0.1503 -0.5746 -0.8045
vn -0.4601 -0.6090 -0.6460
vn -0.5348 0.2136 -0.8176
vn 0.4084 -0.6188 0.6710
vn -0.3829 -0.7548 0.5326
vn 0.3915 -0.8341 0.3885
vn -0.0348 -0.9961 0.0812
vn -0.0096 0.9948 0.1014
vn 0.2526 0.9526 -0.1696
vn 0.1611 0.9508 0.2647
vn 0.0074 -0.9947 -0.1027
vn 0.1417 -0.9368 -0.3198
vn 0.0869 -0.8774 -0.4717
vn -0.2585 -0.7031 -0.6624
vn 0.3946 -0.4918 0.7762
vn 0.5020 -0.2257 0.8349
vn -0.2076 0.0887 0.9742
vn 0.1751 0.9321 -0.3170
vn -0.4528 0.2978 -0.8404
vn -0.2523 -0.0448 -0.9666
vn -0.4069 0.3184 -0.8562
vn -0.4923 -0.2009 -0.8469
vn -0.6145 0.6751 -0.4083
vn -0.2675 0.8627 -0.4291
vn -0.2727 -0.6057 -0.7475
vn -0.0676 -0.9943 -0.0828
vn 0.5478 -0.8291 0.1119
vn 0.1268 -0.8834 -0.4511
vn 0.5143 -0.2696 0.8141
vn 0.0542 0.0304 0.9981
vn 0.2774 0.1418 0.9502
vn 0.3236 0.8551 0.4050
vn 0.2123 0.5951 0.7751
vn 0.4431 0.8695 -0.2184
vn 0.2944 0.6064 -0.7387
vn 0.1537 -0.2004 -0.9676
vn -0.2135 -0.8262 0.5213
vn -0.0232 -0.9988 0.0432
vn -0.0067 -1.0000 0.0043
vn 0.4358 -0.2544 0.8633
vn 0.4749 0.2009 0.8568
vn -0.3182 0.0401 0.9472
vn 0.2560 -0.4857 0.8358
vn 0.1008 -0.5781 0.8097
vn -0.0423 0.5728 0.8186
vn -0.1838 -0.5436 -0.8190
vn -0.5408 -0.1723 -0.8233
vn 0.1032 -0.0129 -0.9946
vn -0.0247 0.3374 -0.9410
vn -0.2872 -0.0075 -0.9578
vn -0.0275 0.6741 0.7381
vn 0.0192 0.3659 0.9304
vn -0.4999 -0.5695 -0.6525
vn -0.0855 -0.4760 -0.8753
vn -0.1627 -0.9206 0.3549
vn -0.2317 0.9705 0.0665
vn -0.1748 0.9831 0.0537
vn -0.1167 0.8976 0.4251
vn -0.1031 0.8644 0.4921
vn -0.2019 -0.8259 0.5264
vn 0.6129 -0.6763 0.4087
vn 0.1259 -0.5791 0.8055
vn -0.1758 -0.7492 -0.6386
vn 0.3662 -0.7972 -0.4800
vn -0.0140 -0.9999 -0.0036
vn 0.2738 0.1293 0.9530
vn 0.4601 -0.2356 0.8560
vn -0.4688 -0.2629 -0.8433
vn 0.2079 0.9297 -0.3040
vn -0.1359 0.8662 -0.4809
vn 0.1394 0.7245 -0.6750
vn 0.0409 -0.0416 0.9983
vn 0.0961 0.8947 0.4363
vn 0.4653 0.5889 0.6608
vn 0.1747 0.9065 0.3844
vn 0.2415 0.1911 -0.9514
vn 0.0404 -0.9992 0.0022
vn 0.1952 -0.3052 -0.9321
vn 0.3139 0.5914 -0.7427
vn -0.1495 0.8835 -0.4440
vn -0.1314 0.4684 -0.8737
vn 0.2929 -0.6072 -0.7386
vn 0.0307 -0.8938 -0.4474
vn 0.3320 -0.4863 0.8083
vn 0.4937 0.2824 0.8225
vn 0.1473 -0.0585 0.9874
vn 0.1949 0.4684 0.8617
vn -0.1312 0.9902 0.0472
vn -0.2881 -0.0831 -0.9540
vn 0.0781 -0.9241 0.3742
vn 0.1085 0.8806 0.4612
vn -0.2488 0.9647 0.0859
vn 0.0751 0.8479 0.5248
vn -0.0455 0.5710 0.8197
vn -0.5820 0.6684 -0.4631
vn 0.0901 0.4161 -0.9048
vn -0.3355 0.0517 0.9406
vn 0.0410 -0.5813 -0.8127
vn -0.4973 0.1689 -0.8510
vn -0.2112 0.8528 0.4777
vn -0.4615 0.4528 0.7629
vn 0.3302 0.6691 0.6658
vn -0.5168 0.2630 -0.8147
vn 0.2419 0.1946 -0.9506
vn -0.4348 -0.2209 -0.8730
vn 0.0271 0.1413 0.9896
vn 0.0403 0.9397 -0.3395
vn -0.4876 0.8706 -0.0655
vn 0.0648 0.9909 0.1183
vn 0.2336 -0.2958 -0.9262
vn -0.0421 -0.0486 -0.9979
vn -0.1518 0.5686 -0.8085
vn -0.4824 0.6311 -0.6074
vn -0.4866 -0.8711 -0.0664
vn -0.3111 -0.9473 -0.0765
vn -0.0480 -0.8974 -0.4386
vn -0.5071 -0.6127 -0.6063
vn -0.2695 -0.2665 0.9254
vn -0.1294 -0.2215 0.9665
vn 0.0251 -0.6281 0.7778
vn 0.1655 0.2150 0.9625
vn -0.1931 -0.6342 0.7487
vn -0.0458 0.8957 -0.4423
vn -0.2186 -0.8477 0.4833
vn -0.0957 -0.9483 0.3025
vn -0.1311 0.9219 0.3647
vn 0.0234 -0.9950 0.0967
vn 0.0407 0.5526 0.8325
vn -0.1749 0.7228 0.6686
vn -0.1869 0.8502 0.4922
vn 0.0431 0.9950 0.0899
vn 0.0555 -0.7021 -0.7099
vn -0.2493 -0.5795 -0.7759
vn -0.2659 -0.9276 -0.2624
vn -0.2163 -0.2193 0.9514
vn 0.2857 -0.6576 0.6971
vn 0.3138 0.1517 0.9373
vn -0.3104 0.9481 -0.0691
vn -0.2434 0.9341 -0.2614
vn 0.0427 0.7083 -0.7046
vn 0.2291 -0.2074 -0.9510
vn 0.2508 0.5584 0.7907
vn -0.1348 0.8858 0.4441
vn -0.1844 0.8529 0.4884
vn -0.1125 -0.2440 0.9632
vn 0.3488 0.1332 0.9277
vn 0.0682 -0.2762 0.9587
vn -0.0401 0.9526 -0.3016
vn -0.1649 0.8762 -0.4529
vn -0.0114 0.7036 -0.7105
vn 0.4662 -0.6477 -0.6026
vn -0.1492 -0.7704 -0.6199
vn -0.0963 -0.4875 -0.8678
vn -0.2794 0.3410 -0.8976
vn -0.1385 -0.3356 -0.9318
vn 0.2460 -0.1134 -0.9626
vn 0.2315 -0.9728 0.0042
vn 0.1270 -0.9919 0.0080
vn 0.1841 -0.8963 0.4034
vn 0.0655 -0.6733 0.7365
vn 0.1277 -0.5876 0.7990
vn 0.2354 -0.8605 0.4519
vn 0.1312 0.6464 0.7516
vn 0.2574 0.3027 0.9177
vn 0.1240 0.9922 0.0114
vn -0.5432 -0.5711 -0.6154
vn 0.0037 -0.8776 -0.4793
vn -0.4993 0.1619 -0.8512
vn -0.4307 -0.2753 -0.8595
vn -0.4948 0.6021 -0.6266
vn 0.5965 -0.6820 0.4231
vn -0.0882 0.6849 -0.7233
vn -0.2777 0.7280 -0.6269
vn -0.2955 0.4210 -0.8576
vn 0.3932 -0.6205 -0.6785
vn -0.1230 -0.8893 -0.4404
vn -0.1330 -0.9446 -0.3000
vn -0.2972 -0.2712 -0.9155
vn 0.1712 -0.5409 0.8235
vn 0.1637 0.0119 0.9864
vn -0.1177 0.5862 0.8016
vn 0.0957 0.6802 0.7267
vn -0.1091 -0.4932 -0.8630
vn -0.1572 -0.9841 0.0827
vn -0.2283 -0.9062 0.3560
vn -0.1714 -0.8394 0.5159
vn -0.3581 -0.9337 -0.0036
vn 0.2773 -0.9559 0.0965
vn -0.1005 -0.6617 -0.7430
vn 0.1912 -0.9304 -0.3127
vn -0.5686 -0.6790 -0.4644
vn -0.1685 -0.1224 0.9781
vn 0.1151 -0.5667 0.8159
vn -0.4653 0.8843 -0.0397
vn 0.2599 0.9620 0.0833
vn 0.2040 0.8941 -0.3988
vn -0.1823 0.9716 0.1506
vn -0.1443 0.8953 0.4214
vn -0.1594 0.8527 0.4975
vn -0.5098 0.6506 -0.5628
vn -0.0890 0.9250 -0.3694
vn -0.1825 0.3055 0.9345
vn -0.4413 0.2542 -0.8606
vn -0.6080 -0.1588 -0.7779
vn -0.1818 -0.5734 0.7988
vn 0.0810 -0.9160 0.3928
vn 0.2674 0.6252 0.7332
vn -0.3482 0.2845 -0.8932
vn -0.5357 -0.1916 -0.8224
vn -0.5651 0.6353 -0.5264
vn 0.3002 -0.1213 0.9461
vn 0.2220 0.2967 0.9288
vn 0.1456 -0.6559 -0.7406
vn -0.1320 -0.0316 -0.9907
vn -0.2129 0.5608 -0.8001
vn -0.0944 -0.5224 0.8474
vn 0.1713 0.9852 0.0029
vn -0.1083 0.8896 0.4437
vn 0.0919 -0.8471 0.5234
vn 0.3700 0.5834 0.7230
vn -0.0648 0.7125 -0.6987
vn 0.3511 0.2570 -0.9004
vn 0.3412 -0.2169 -0.9146
vn -0.1464 -0.2196 -0.9645
vn 0.5396 -0.0059 0.8419
vn 0.1995 -0.9795 0.0274
vn 0.3868 -0.6046 -0.6963
vn 0.1107 -0.9226 -0.3695
vn -0.0204 -0.9395 0.3419
vn -0.3503 -0.5969 0.7218
vn -0.5510 -0.7980 0.2441
vn -0.2242 -0.9622 -0.1545
vn -0.3406 0.5582 -0.7566
vn 0.1592 0.7348 -0.6593
vn -0.0601 0.9202 -0.3867
vn -0.2138 -0.9762 -0.0371
vn -0.0912 -0.8814 -0.4636
vn -0.3025 -0.6596 -0.6881
vn -0.3477 -0.2603 0.9007
vn -0.0680 0.2212 0.9729
vn -0.1394 -0.3097 0.9406
vn 0.1370 0.9230 -0.3595
vn -0.0004 1.0000 0.0007
vn -0.1915 0.9763 0.1010
vn -0.3448 -0.2723 -0.8983
vn 0.0911 -0.5739 -0.8139
vn -0.3402 -0.8142 0.4704
vn -0.2210 -0.9712 0.0886
vn 0.4920 -0.7885 0.3691
vn 0.2201 -0.5671 0.7937
vn 0.3235 0.5553 0.7662
vn -0.1588 0.7396 0.6540
vn 0.0656 0.9222 0.3811
vn -0.1852 -0.9151 -0.3581
vn 0.4855 -0.4119 -0.7711
vn -0.2305 -0.6804 -0.6957
vn 0.0160 -0.1507 -0.9884
vn -0.1384 0.9224 0.3606
vn 0.1925 0.9760 -0.1015
vn 0.0748 -0.7650 0.6396
vn 0.0476 0.1034 -0.9935
vn 0.3404 -0.0569 0.9386
vn -0.3515 -0.8267 0.4393
vn -0.2284 -0.9662 0.1199
vn 0.3925 -0.7698 0.5034
vn -0.3846 -0.5487 0.7423
vn 0.3814 0.7853 0.4877
vn 0.2637 0.9646 -0.0005
vn -0.0944 0.9291 0.3575
vn 0.5012 0.2484 -0.8289
vn 0.0489 -0.0980 -0.9940
vn 0.0197 0.1402 -0.9899
vn -0.2852 -0.7298 -0.6214
vn 0.4186 -0.4571 -0.7848
vn 0.4686 -0.8124 -0.3471
vn 0.4024 -0.4115 0.8177
vn 0.4430 0.4238 0.7900
vn -0.3814 0.2439 0.8916
vn 0.4114 -0.0103 0.9114
vn -0.3647 0.6120 0.7017
vn 0.4898 0.7911 -0.3664
vn -0.3262 0.8741 -0.3599
vn 0.2527 0.6041 -0.7558
vn -0.2953 -0.3453 -0.8908
vn 0.0734 -0.6044 0.7933
vn 0.0446 0.1424 0.9888
vn -0.0337 0.7581 0.6512
vn 0.2347 0.9713 -0.0390
vn -0.0436 0.7574 -0.6515
vn 0.2528 -0.4316 -0.8659
vn -0.1920 -0.9806 0.0397
vn -0.0033 -0.9060 0.4232
vn -0.0743 0.2001 0.9770
vn -0.4733 -0.2571 0.8425
vn -0.4958 0.4998 0.7102
vn 0.3009 0.8412 -0.4493
vn -0.3824 0.7209 -0.5780
vn -0.4889 0.8028 0.3414
vn 0.0203 -0.8167 -0.5767
vn 0.2445 0.2896 -0.9254
vn -0.3693 -0.8042 0.4657
vn -0.0051 -0.9986 0.0528
vn 0.4643 -0.8003 0.3795
vn -0.0295 -0.9966 -0.0773
vn -0.2303 0.9105 0.3435
vn -0.3071 0.8525 0.4231
vn 0.4100 0.6018 0.6854
vn -0.2468 0.9625 0.1124
vn 0.3840 0.4684 -0.7957
vn 0.4917 -0.1784 -0.8523
vn 0.0094 0.1590 -0.9872
vn 0.0584 -0.9416 -0.3316
vn 0.3586 -0.6209 -0.6971
vn -0.0923 -0.8884 -0.4497
vn -0.0699 0.1592 0.9848
vn 0.2209 0.0767 0.9723
vn -0.1520 0.9867 -0.0571
vn -0.1856 0.9158 -0.3563
vn -0.2955 -0.3525 -0.8879
vn 0.2964 -0.3031 0.9057
vn -0.2462 -0.6379 0.7297
vn 0.0176 -0.1049 0.9943
vn -0.0478 0.5694 0.8207
vn -0.2911 0.8538 -0.4316
vn 0.3083 0.4901 -0.8153
vn 0.0928 -0.4755 -0.8748
vn -0.2108 -0.9729 0.0949
vn -0.4082 -0.7359 0.5402
vn -0.0083 -0.9974 0.0720
vn 0.3684 -0.8490 0.3788
vn -0.4380 0.7632 -0.4751
vn 0.3273 0.5985 -0.7312
vn 0.3244 0.2663 -0.9077
vn 0.1366 0.1484 -0.9794
vn -0.4118 -0.6335 -0.6550
vn 0.3912 -0.5491 -0.7386
vn -0.1592 -0.9247 -0.3459
vn 0.3427 -0.0504 0.9381
vn -0.0873 0.1603 0.9832
vn -0.4332 -0.3236 0.8412
vn -0.4645 0.4277 0.7755
vn -0.4277 -0.2609 -0.8655
vn -0.2057 0.9738 0.0966
vn -0.1085 0.9919 0.0655
vn 0.2786 0.4608 -0.8427
vn -0.1447 -0.1711 0.9746
vn 0.0612 -0.1559 0.9859
vn 0.1655 0.7628 -0.6251
vn -0.2265 -0.9364 -0.2679
vn -0.1454 -0.9878 -0.0563
vn -0.1358 -0.8927 -0.4298
vn -0.0767 -0.5495 0.8319
vn -0.1516 0.4171 0.8961
vn 0.1135 -0.6221 -0.7747
vn 0.1283 -0.1296 -0.9832
vn 0.1829 0.0767 -0.9801
vn 0.2068 0.8649 0.4574
vn -0.3481 0.8018 0.4857
vn 0.4367 0.8037 0.4041
vn 0.0972 -0.1350 -0.9861
vn 0.5513 0.8097 -0.2009
vn 0.0453 0.9249 -0.3776
vn -0.0219 -0.8658 0.4999
vn 0.3150 0.5798 0.7514
vn 0.0721 -0.9901 0.1201
vn -0.0654 -0.9929 -0.0991
vn -0.1944 -0.9063 0.3754
vn -0.2031 -0.7569 0.6212
vn -0.1488 0.9225 0.3561
vn 0.0339 -0.9439 -0.3286
vn 0.5213 -0.2944 0.8010
vn 0.5303 0.2994 0.7932
vn -0.1813 0.9833 0.0177
vn 0.0643 0.8826 -0.4658
vn 0.0348 0.7124 -0.7010
vn -0.2667 0.6174 -0.7401
vn 0.1917 0.1722 -0.9662
vn 0.1585 -0.2040 -0.9661
vn 0.1039 -0.8143 -0.5710
vn 0.4968 -0.6520 -0.5727
vn -0.0067 -0.5349 0.8449
vn -0.0413 0.0049 0.9991
vn 0.0005 0.6173 0.7867
vn 0.2667 -0.9184 0.2922
vn -0.3460 -0.6671 0.6598
vn -0.4663 -0.8609 0.2035
vn 0.0072 -0.9954 -0.0959
vn -0.4363 0.5710 -0.6954
vn 0.2739 0.2414 -0.9310
vn -0.4643 -0.8111 -0.3557
vn 0.3659 -0.7183 0.5918
vn 0.3389 -0.3669 0.8663
vn 0.0603 0.1571 0.9857
vn -0.3918 -0.3202 0.8626
vn -0.4058 0.4234 0.8100
vn -0.4662 0.8811 -0.0795
vn 0.0236 0.9194 -0.3927
vn 0.0744 0.9911 0.1101
vn -0.4828 -0.4607 -0.7448
vn -0.0252 -0.1407 0.9897
vn -0.0605 -0.0175 0.9980
vn -0.3649 -0.5575 0.7457
vn -0.3573 0.2612 0.8967
vn -0.3829 -0.0437 -0.9227
vn 0.0778 0.4191 -0.9046
vn -0.3395 0.5825 -0.7385
vn -0.4780 0.7731 -0.4168
vn -0.4215 -0.7839 -0.4559
vn 0.4226 -0.9023 -0.0848
vn -0.0455 -0.7968 -0.6025
vn -0.3346 0.6032 0.7240
vn -0.1428 0.4824 0.8642
vn -0.1054 0.9902 -0.0913
vn -0.2847 0.9542 0.0916
vn -0.3298 -0.8164 0.4740
vn -0.0061 -0.7714 0.6363
vn 0.0757 -0.9935 0.0851
vn -0.1871 0.9150 0.3574
vn -0.3287 0.8140 0.4788
vn 0.3870 0.6632 0.6406
vn -0.2685 0.8354 0.4796
vn -0.1403 -0.1421 -0.9799
vn -0.0114 -0.1258 -0.9920
vn 0.3353 -0.5651 -0.7538
vn 0.0027 -0.4542 -0.8909
vn -0.2347 0.8567 -0.4592
vn 0.3229 0.6153 -0.7192
vn 0.1295 -0.3555 0.9257
vn 0.2805 -0.8404 -0.4638
vn 0.1795 0.4051 -0.8965
vn -0.3005 0.6598 -0.6887
vn -0.4423 -0.7716 -0.4571
vn -0.4631 -0.2451 0.8517
vn -0.2850 -0.6142 0.7359
vn 0.0381 0.8433 -0.5360
vn 0.4300 -0.8986 -0.0870
vn -0.2907 -0.8453 -0.4482
vn -0.2129 -0.1065 0.9712
vn -0.1433 -0.5525 0.8211
vn -0.2600 0.1126 0.9590
vn 0.0081 1.0000 -0.0053
vn 0.1509 -0.5204 -0.8405
vn 0.0379 0.0973 -0.9945
vn -0.2098 -0.9760 0.0583
vn -0.0298 0.7802 0.6248
vn -0.4173 0.5181 0.7466
vn -0.3753 -0.8079 0.4545
vn 0.0126 -0.9983 0.0566
vn 0.4806 -0.8015 0.3558
vn 0.3011 -0.5572 0.7739
vn -0.1804 -0.9162 -0.3577
vn -0.2568 -0.2742 0.9268
vn -0.0644 0.1430 0.9876
vn 0.4387 -0.4252 -0.7917
vn -0.2421 -0.6801 -0.6920
vn -0.0002 -0.1482 -0.9890
vn 0.2689 0.7403 0.6162
vn 0.2748 0.9246 0.2638
vn 0.2301 0.9650 -0.1261
vn 0.3108 0.8523 -0.4208
vn 0.3829 0.5315 -0.7556
vn 0.4168 0.4046 0.8140
vn -0.0053 -0.9986 0.0528
vn 0.4807 -0.7912 0.3782
vn -0.0324 -0.9958 -0.0861
vn 0.4673 0.8792 0.0931
vn 0.4407 0.6966 0.5662
vn 0.4357 0.4452 -0.7822
vn 0.0500 -0.0612 -0.9969
vn 0.0380 0.1596 -0.9864
vn 0.0509 -0.9537 -0.2965
vn 0.4820 0.2808 0.8299
vn 0.0997 0.9143 -0.3925
vn 0.4111 -0.3290 -0.8502
vn 0.4013 -0.6765 -0.6176
vn -0.3147 -0.4637 -0.8282
vn 0.0315 -0.8494 -0.5268
vn -0.2395 0.0050 0.9709
vn 0.4561 -0.4207 0.7842
vn -0.1252 0.5587 0.8199
vn -0.0243 0.9094 -0.4152
vn 0.0653 0.6095 -0.7901
vn 0.2298 -0.4571 -0.8592
vn -0.2266 -0.9704 0.0840
vn -0.1435 -0.6619 0.7357
vn -0.1109 0.9105 0.3985
vn -0.4404 0.5251 0.7282
vn -0.4418 0.8155 0.3739
vn -0.4189 0.7076 -0.5691
vn 0.0986 0.9779 -0.1842
vn -0.4016 -0.5776 0.7107
vn 0.1390 0.2206 -0.9654
vn -0.0999 -0.5949 0.7976
vn -0.3911 -0.8770 0.2791
vn 0.2620 0.7200 0.6426
vn -0.0004 0.5388 0.8424
vn -0.4449 0.1132 -0.8884
vn -0.6968 0.1050 -0.7095
vn -0.6789 -0.2457 -0.6919
vn 0.4657 0.0301 0.8844
vn 0.4251 -0.4493 0.7858
vn -0.5084 0.7120 -0.4843
vn -0.3544 0.8857 -0.2999
vn -0.4077 0.8717 0.2718
vn -0.5873 -0.6279 -0.5107
vn -0.3088 -0.5283 -0.7909
vn 0.2875 -0.8824 0.3724
vn -0.2413 0.9508 0.1945
vn 0.5937 0.7710 0.2305
vn -0.2525 -0.9675 -0.0123
vn -0.2198 -0.9735 0.0632
vn 0.2275 -0.9180 0.3247
vn 0.3664 0.7055 0.6066
vn 0.0088 0.9952 -0.0977
vn -0.1012 0.9348 0.3404
vn 0.1152 0.4279 -0.8964
vn -0.4037 -0.1511 -0.9023
vn -0.6811 0.2393 -0.6920
vn -0.1811 -0.8862 -0.4264
vn -0.6355 -0.5397 -0.5522
vn 0.1475 -0.5665 -0.8107
vn -0.2886 -0.9301 -0.2271
vn 0.5478 -0.6225 0.5590
vn 0.8023 -0.1676 0.5729
vn 0.0902 -0.2911 0.9524
vn 0.0868 0.1669 0.9821
vn -0.5225 -0.0866 -0.8482
vn 0.6647 0.3016 0.6836
vn 0.0280 0.7424 0.6694
vn 0.5970 0.5003 0.6272
vn 0.0263 0.8743 0.4847
vn -0.6542 0.2615 -0.7096
vn -0.2967 0.6463 -0.7030
vn 0.1619 0.2057 -0.9651
vn -0.4072 -0.1527 -0.9005
vn -0.4466 -0.8388 -0.3115
vn -0.5893 -0.5468 -0.5948
vn 0.2316 -0.7130 -0.6618
vn -0.1957 0.8768 -0.4392
vn 0.2244 0.9660 -0.1281
vn -0.3499 0.8269 -0.4402
vn 0.1458 -0.3420 -0.9283
vn -0.4056 -0.0724 -0.9112
vn -0.4002 -0.5467 -0.7354
vn -0.0211 -0.8983 -0.4388
vn 0.0594 0.9903 -0.1254
vn -0.1751 0.5899 0.7882
vn 0.5205 -0.6191 0.5881
vn 0.1027 -0.8847 0.4547
vn -0.2985 -0.7902 0.5353
vn 0.0039 -0.9992 0.0387
vn -0.3967 0.8569 -0.3291
vn 0.4005 0.0551 0.9146
vn -0.4692 0.5683 -0.6760
vn -0.5291 0.6369 -0.5607
vn 0.1423 0.8737 0.4653
vn 0.0348 0.6794 0.7329
vn 0.1267 0.9420 0.3109
vn 0.0315 0.9981 -0.0523
vn -0.0069 -0.4965 0.8680
vn 0.1000 -0.6312 0.7691
vn 0.5562 -0.1768 0.8120
vn -0.0602 -0.0861 -0.9945
vn -0.0301 -0.4914 -0.8704
vn -0.4769 -0.5002 -0.7228
vn -0.1210 -0.8151 -0.5665
vn -0.0028 0.2839 -0.9588
vn -0.3806 0.5788 -0.7212
vn -0.2298 0.3123 -0.9218
vn 0.4299 -0.1374 0.8924
vn -0.1749 -0.2885 -0.9414
vn 0.3293 -0.9131 0.2406
vn 0.1552 -0.9877 -0.0202
vn 0.2527 -0.8518 0.4589
vn 0.1778 -0.9719 -0.1543
vn 0.2372 -0.7705 0.5917
vn 0.0847 -0.9521 0.2939
vn -0.1129 -0.9741 -0.1961
vn 0.3634 0.9146 0.1773
vn -0.2416 0.9700 -0.0271
vn -0.1866 0.6622 0.7257
vn -0.6524 -0.6693 -0.3555
vn -0.2921 -0.6646 -0.6877
vn 0.0435 -0.4719 0.8806
vn 0.2951 -0.0387 0.9547
vn 0.2736 0.4380 0.8563
vn 0.4217 0.2469 0.8725
vn 0.1105 0.8506 -0.5141
vn -0.6192 0.6635 -0.4199
vn -0.6928 0.1418 -0.7071
vn -0.0407 -0.2901 -0.9561
vn 0.0813 -0.9104 -0.4057
vn -0.1713 -0.9009 0.3989
vn 0.5133 -0.7601 0.3985
vn -0.0461 -0.6067 0.7936
vn 0.1868 -0.9744 -0.1249
vn 0.2294 -0.9634 -0.1389
vn 0.3665 0.4452 0.8170
vn 0.0492 0.1142 0.9922
vn -0.3061 -0.0565 -0.9503
vn -0.1361 0.6454 -0.7516
vn -0.2437 -0.9217 -0.3018
vn 0.2012 -0.1857 0.9618
vn 0.0644 -0.2737 0.9597
vn -0.1358 0.9265 0.3510
vn -0.0172 0.9968 -0.0784
vn 0.2053 0.8422 0.4986
vn 0.4403 -0.8879 -0.1333
vn 0.0464 -0.8522 0.5212
vn 0.3212 -0.6681 -0.6711
vn 0.1012 -0.5195 0.8485
vn -0.0257 0.2235 -0.9744
vn -0.3677 -0.5327 -0.7622
vn 0.0163 0.9075 -0.4198
vn 0.0235 0.5099 -0.8599
vn 0.7422 0.0707 0.6664
vn 0.5160 0.6889 0.5091
vn -0.3821 -0.8005 -0.4617
vn 0.1965 -0.6202 -0.7595
vn 0.2575 -0.9475 -0.1894
vn -0.1602 -0.4862 0.8591
vn 0.3457 -0.6990 0.6261
vn -0.0397 -0.2886 0.9566
vn -0.0866 -0.1017 0.9910
vn 0.6064 0.2322 0.7605
vn 0.0865 0.4169 0.9048
vn 0.1764 0.8537 -0.4900
vn -0.2765 0.5326 -0.7999
vn -0.3179 0.4946 -0.8089
vn -0.1733 -0.3048 -0.9365
vn 0.0737 0.0989 -0.9924
vn -0.0988 -0.3104 -0.9455
vn -0.0135 0.2852 -0.9584
vn 0.2462 -0.6417 0.7263
vn 0.2992 -0.9134 0.2760
vn 0.0404 0.9184 0.3935
vn -0.0877 0.9948 -0.0516
vn 0.2104 0.9686 -0.1323
vn 0.1094 -0.7122 0.6934
vn 0.2069 -0.8882 0.4102
vn -0.4920 -0.8679 0.0691
vn 0.2110 -0.9661 -0.1488
vn 0.0701 -0.9413 0.3302
vn 0.2131 0.9612 -0.1751
vn -0.4441 0.8848 0.1409
vn 0.0961 0.9349 0.3416
vn 0.0354 0.1072 -0.9936
vn 0.1318 0.4681 -0.8738
vn -0.0291 -0.0777 -0.9966
vn 0.0443 -0.8687 -0.4933
vn -0.4246 -0.5718 -0.7020
vn 0.1659 -0.8408 -0.5153
vn -0.4443 0.6252 -0.6417
vn 0.1109 0.8814 -0.4591
vn 0.1482 0.8622 -0.4845
vn -0.3632 0.6156 0.6993
vn -0.1293 0.2751 0.9527
vn 0.2398 0.1485 0.9594
vn -0.1167 -0.1657 0.9792
vn -0.1174 0.9408 0.3179
vn -0.3429 0.5135 0.7866
vn 0.1996 0.7346 0.6485
vn -0.1759 -0.2116 -0.9614
vn -0.5610 -0.0314 -0.8272
vn -0.2213 0.3481 -0.9109
vn 0.0109 0.5600 -0.8284
vn -0.1767 0.7698 -0.6133
vn -0.0810 -0.3329 0.9395
vn 0.6121 -0.0475 0.7894
vn -0.1757 0.0640 0.9824
vn 0.4676 0.3565 0.8089
vn 0.0214 0.8551 -0.5181
vn -0.2544 0.9613 -0.1053
vn -0.1288 0.1254 -0.9837
vn -0.3088 -0.6740 -0.6711
vn -0.3946 -0.5745 -0.7171
vn -0.3322 -0.8532 -0.4021
vn 0.1671 0.1788 0.9696
vn 0.0015 1.0000 0.0046
vn -0.3018 -0.3471 -0.8879
vn -0.1388 -0.9344 0.3281
vn 0.1000 -0.7403 0.6648
vn -0.0734 -0.9312 0.3571
vn 0.0785 -0.9809 -0.1782
vn -0.0432 0.9093 0.4139
vn 0.1531 0.7247 0.6718
vn 0.5966 0.3170 0.7373
vn -0.1642 -0.2843 -0.9446
vn 0.5803 -0.2455 0.7765
vn 0.2600 -0.2690 0.9274
vn 0.1882 -0.7668 0.6136
vn 0.1156 -0.8906 0.4398
vn 0.2626 -0.9648 0.0146
vn -0.4658 0.8559 0.2249
vn 0.3083 0.7862 0.5355
vn 0.2007 0.6193 0.7591
vn -0.1901 0.0910 -0.9775
vn -0.4737 0.5745 -0.6675
vn -0.5455 -0.8230 -0.1583
vn -0.1465 0.0132 0.9891
vn 0.4050 0.4851 0.7750
vn 0.4730 0.3059 0.8263
vn 0.0416 0.8464 -0.5309
vn -0.1157 0.8846 -0.4517
vn -0.0924 -0.2451 -0.9651
vn -0.2021 0.5524 -0.8087
vn 0.0877 -0.2693 0.9591
vn 0.1856 0.2065 0.9607
vn -0.0630 0.9976 -0.0303
vn -0.1315 -0.9260 0.3537
vn 0.4080 -0.9050 -0.1204
vn 0.2532 -0.6955 0.6724
vn 0.2810 0.9596 0.0137
vn -0.1996 0.8660 0.4585
vn 0.5254 0.7983 0.2945
vn -0.2757 0.1555 -0.9486
vn -0.4727 0.5854 -0.6587
vn 0.2269 0.5040 -0.8333
vn -0.0208 0.2904 0.9567
vn 0.0534 -0.1600 0.9857
vn 0.5380 0.5395 0.6477
vn -0.1167 0.6306 0.7673
vn -0.1852 0.9120 -0.3661
vn 0.3896 0.7938 -0.4670
vn -0.0045 -0.2861 -0.9582
vn -0.3457 -0.8301 -0.4375
vn 0.3150 0.5149 -0.7973
vn -0.2144 0.0098 -0.9767
vn 0.1731 -0.7090 0.6836
vn 0.0073 -0.7737 0.6335
vn 0.0648 -0.3729 0.9256
vn 0.4228 0.8419 -0.3353
vn -0.1724 -0.3225 -0.9307
vn -0.2013 0.3656 -0.9087
vn 0.2749 0.2000 0.9404
vn -0.0635 0.8508 -0.5217
vn -0.1341 0.9236 0.3591
vn -0.1165 0.9911 0.0638
vn -0.2682 -0.5520 0.7895
vn -0.1943 -0.9805 0.0284
vn -0.2653 -0.9614 -0.0737
vn -0.4217 -0.5700 -0.7052
vn -0.3673 -0.6765 -0.6383
vn -0.2948 -0.8514 -0.4339
vn -0.2919 -0.8789 -0.3772
vn 0.4394 -0.7847 0.4372
vn 0.3825 0.7173 0.5824
vn -0.2053 0.9758 0.0759
vn -0.2976 0.8426 0.4488
vn 0.4661 0.4348 -0.7705
vn 0.4966 -0.2121 -0.8417
vn 0.0354 0.1530 -0.9876
vn 0.4468 -0.3016 0.8423
vn -0.0545 0.1726 0.9835
vn 0.3826 -0.8166 -0.4321
vn 0.1169 -0.6054 -0.7873
vn 0.0027 -0.9871 -0.1599
vn 0.4491 -0.8920 -0.0510
vn -0.2723 0.2920 0.9168
vn 0.0492 0.7800 0.6239
vn 0.0807 0.0297 -0.9963
vn 0.4134 -0.5331 -0.7382
vn -0.0285 -0.7585 0.6511
vn -0.4347 0.6845 -0.5852
vn 0.3229 0.6108 -0.7230
vn -0.4831 0.2834 -0.8284
vn -0.4367 -0.7069 -0.5564
vn 0.3852 -0.5145 -0.7661
vn 0.3486 -0.8306 -0.4342
vn -0.0157 -0.9954 -0.0944
vn 0.3409 -0.0950 0.9353
vn -0.0246 0.1683 0.9854
vn -0.4273 -0.3233 0.8443
vn -0.0935 -0.0211 0.9954
vn -0.4470 0.2656 0.8542
vn 0.1429 0.9326 -0.3313
vn 0.0010 0.9227 -0.3856
vn -0.3315 0.8357 0.4379
vn -0.4066 0.5546 0.7260
vn -0.4979 -0.8120 0.3046
vn -0.4809 -0.2967 -0.8251
vn -0.2470 0.9634 0.1042
vn -0.0662 -0.5884 0.8059
vn 0.1400 0.6045 -0.7842
vn 0.1481 -0.9847 0.0920
vn 0.2850 -0.9481 -0.1409
vn 0.2186 -0.9401 0.2615
vn 0.2617 0.9564 -0.1297
vn -0.0881 0.9922 0.0882
vn -0.0380 0.9331 0.3576
vn -0.0520 0.1527 -0.9869
vn 0.1836 0.5694 -0.8013
vn -0.1546 0.6124 -0.7753
vn -0.3177 -0.8766 -0.3615
vn 0.0977 -0.7424 -0.6628
vn -0.3819 -0.4988 -0.7780
vn -0.2938 0.8876 -0.3549
vn -0.0241 -0.0888 -0.9958
vn 0.3351 -0.2971 -0.8941
vn 0.0637 -0.9928 -0.1019
vn 0.0621 0.8892 -0.4534
vn 0.2798 -0.1871 -0.9416
vn -0.1971 -0.7886 0.5825
vn -0.3378 -0.7759 0.5328
vn 0.2307 0.8656 0.4445
vn -0.0154 0.6140 0.7892
vn -0.3526 0.5939 0.7231
vn 0.4396 0.8081 0.3920
vn 0.3872 0.2591 -0.8848
vn 0.0775 -0.1562 -0.9847
vn 0.5166 0.8297 -0.2115
vn 0.2553 -0.9304 0.2629
vn -0.1022 0.1443 0.9842
vn 0.3341 0.5371 0.7745
vn 0.3375 -0.4497 0.8270
vn -0.0504 -0.4432 0.8950
vn 0.2688 -0.8943 0.3578
vn -0.2941 -0.5976 0.7459
vn 0.2006 -0.8803 0.4300
vn 0.2902 0.9497 -0.1181
vn -0.4931 0.8682 -0.0557
vn -0.0204 0.9504 0.3104
vn -0.4818 0.6542 0.5829
vn 0.0180 0.6940 0.7197
vn -0.0335 -0.9994 0.0024
vn 0.2944 -0.9523 0.0803
vn 0.0714 -0.9187 -0.3884
vn 0.1079 -0.7916 -0.6015
vn -0.3063 -0.5694 -0.7628
vn 0.2318 -0.8479 -0.4768
vn 0.2628 0.2795 0.9235
vn -0.4650 0.1845 0.8659
vn 0.3779 -0.1515 0.9134
vn -0.0197 0.8812 -0.4723
vn 0.2714 0.5899 -0.7605
vn -0.4660 0.6099 -0.6410
vn 0.0979 0.2317 -0.9678
vn -0.0192 0.6099 -0.7922
vn -0.2862 -0.3018 0.9094
vn -0.0206 -0.0920 0.9955
vn 0.1618 0.4265 0.8899
vn 0.0308 0.8980 -0.4388
vn 0.0120 -0.4463 -0.8948
vn 0.0687 -0.1017 -0.9924
vn -0.0224 0.9479 0.3177
vn -0.3447 0.7483 0.5667
vn 0.4641 0.5915 0.6593
vn 0.5119 0.8562 0.0700
vn -0.0208 0.9904 -0.1365
vn 0.0075 -0.9331 -0.3595
vn 0.2962 -0.6014 -0.7420
vn 0.4901 -0.8707 0.0408
vn -0.0994 -0.9892 0.1078
vn -0.3105 -0.5975 0.7393
vn 0.2382 -0.8215 0.5180
vn 0.4143 -0.3432 0.8430
vn -0.1647 0.8749 0.4555
vn 0.3066 -0.2657 -0.9140
vn 0.3365 0.5429 -0.7695
vn -0.0838 -0.6089 0.7888
vn 0.3283 0.1920 0.9249
vn 0.4608 0.5756 0.6755
vn 0.0537 0.9467 0.3176
vn 0.4587 0.2487 -0.8531
vn -0.1512 -0.0118 -0.9884
vn 0.3396 -0.7102 -0.6166
vn -0.3462 -0.4643 0.8152
vn 0.4272 -0.6213 0.6569
vn 0.4319 -0.0626 0.8997
vn -0.3749 -0.1414 0.9162
vn -0.2953 0.2933 0.9093
vn 0.4496 0.6328 -0.6304
vn 0.0450 0.4672 -0.8830
vn -0.2094 0.4003 0.8921
vn 0.0891 0.9203 -0.3810
vn 0.0678 -0.6240 -0.7785
vn 0.1783 -0.9792 0.0965
vn 0.1561 -0.8836 0.4415
vn 0.0944 0.9931 0.0698
vn -0.4402 -0.7028 -0.5589
vn 0.1630 -0.9317 -0.3246
vn -0.3464 -0.1629 0.9238
vn -0.4127 0.3763 0.8295
vn 0.0231 0.8899 -0.4557
vn -0.4950 0.6133 -0.6156
vn -0.5319 -0.2876 -0.7965
vn 0.0123 0.1465 -0.9891
vn -0.4410 0.2419 -0.8643
vn 0.2105 -0.8720 0.4419
vn -0.4186 -0.9025 0.1015
vn 0.1097 0.7578 0.6432
vn 0.3454 0.6341 0.6919
vn -0.5217 0.7540 -0.3990
vn 0.0121 -0.4420 -0.8969
vn 0.0813 -0.0038 -0.9967
vn -0.2659 0.5730 -0.7752
vn -0.0488 -0.9308 -0.3623
vn -0.2256 -0.9739 -0.0246
vn 0.1135 -0.2099 0.9711
vn 0.1332 0.3114 0.9409
vn 0.0240 -0.7163 0.6974
vn 0.1422 -0.7569 0.6379
vn 0.5317 -0.4034 0.7447
vn 0.5205 0.5590 0.6455
vn -0.1779 0.2810 0.9431
vn 0.5144 0.0293 0.8570
vn 0.1969 0.9719 -0.1294
vn -0.1948 0.8827 -0.4276
vn -0.0579 0.8733 -0.4838
vn -0.1429 0.9019 0.4077
vn 0.1600 0.9824 -0.0961
vn 0.2773 -0.9279 0.2494
vn -0.0628 -0.6136 -0.7871
vn 0.1383 -0.2703 -0.9528
vn 0.1907 -0.8447 -0.5002
vn -0.0056 -0.9797 0.2004
vn -0.1734 -0.9847 -0.0185
vn 0.0846 -0.9173 0.3891
vn 0.3328 -0.7127 0.6175
vn 0.3800 0.1371 -0.9148
vn -0.4039 0.2679 -0.8747
vn 0.2674 0.5255 -0.8076
vn -0.1899 -0.1806 -0.9651
vn -0.0350 -0.9629 -0.2676
vn -0.2287 -0.5298 0.8167
vn 0.4963 -0.0684 0.8655
vn -0.3067 -0.1250 0.9436
vn 0.5146 0.5405 0.6656
vn -0.1702 0.3006 0.9385
vn 0.3707 -0.4011 -0.8377
vn -0.4990 -0.5870 -0.6375
vn 0.2759 -0.7571 -0.5922
vn 0.0728 -0.8894 -0.4514
vn -0.0582 0.2656 0.9623
vn -0.1024 -0.1088 -0.9888
vn 0.0454 -0.4377 -0.8980
vn -0.1186 0.9043 0.4100
vn 0.1506 0.9846 -0.0882
vn 0.2656 0.9561 -0.1240
vn 0.1503 -0.5384 0.8292
vn 0.2320 0.1666 -0.9583
vn -0.5858 0.0620 -0.8081
vn -0.2855 0.5735 -0.7679
vn -0.2596 -0.9655 -0.0196
vn -0.3786 -0.5699 -0.7293
vn -0.1961 -0.1934 0.9613
vn 0.1302 0.8740 -0.4681
vn 0.2970 0.6457 0.7034
vn 0.0441 -0.2164 0.9753
vn -0.0702 0.5329 -0.8433
vn 0.0559 -0.9954 -0.0783
vn 0.2707 0.2694 -0.9242
vn -0.0318 -0.0522 -0.9981
vn -0.0234 -0.1461 -0.9890
vn -0.1533 0.8765 -0.4563
vn 0.4433 -0.4543 -0.7727
vn 0.0950 0.5582 -0.8242
vn -0.0435 -0.6385 -0.7684
vn 0.0886 -0.9474 -0.3076
vn 0.4860 -0.5881 0.6465
vn 0.0590 -0.8534 0.5179
vn -0.0237 -0.4604 0.8874
vn -0.0931 0.4771 0.8739
vn 0.5557 0.6191 0.5549
vn -0.0473 0.9345 0.3528
vn 0.0339 0.9964 0.0772
vn 0.0550 0.9852 -0.1625
vn -0.4918 0.8701 -0.0324
vn -0.0036 0.9440 0.3300
vn -0.0098 0.6351 -0.7724
vn 0.2798 0.2627 -0.9234
vn -0.5884 0.2509 -0.7687
vn -0.0108 -0.9861 -0.1658
vn -0.3227 -0.9069 0.2708
vn -0.3674 -0.6331 0.6813
vn 0.3941 -0.7288 0.5599
vn 0.3412 -0.4467 0.8271
vn 0.3379 -0.0567 0.9395
vn 0.3587 0.4123 0.8374
vn -0.3670 0.3851 0.8468
vn 0.2464 0.0308 0.9687
vn -0.2476 0.8179 -0.5193
vn -0.5392 -0.2926 -0.7897
vn -0.3427 -0.2397 0.9084
vn 0.1630 -0.8731 0.4595
vn -0.4895 0.8705 -0.0510
vn 0.0057 0.9490 0.3154
vn -0.4378 0.6766 0.5920
vn 0.0692 0.7195 0.6910
vn -0.3896 -0.8810 -0.2683
vn 0.2093 0.8447 -0.4926
vn -0.4747 0.6452 -0.5987
vn -0.0575 -0.1336 -0.9894
vn -0.0495 0.2869 -0.9567
vn 0.0297 -0.4516 0.8917
vn 0.0170 0.2450 0.9694
vn -0.0357 0.8931 -0.4484
vn 0.2939 -0.8468 -0.4434
vn 0.0340 -0.3913 -0.9196
vn 0.4725 -0.8799 0.0494
vn -0.2942 0.7448 0.5989
vn -0.2019 0.7881 0.5815
vn 0.5022 0.8640 0.0354
vn -0.0133 -0.1569 -0.9875
vn -0.0067 -0.8923 -0.4514
vn 0.3212 -0.5379 -0.7794
vn 0.2771 -0.9601 0.0371
vn -0.2410 0.6272 -0.7407
vn 0.7217 -0.6772 0.1434
vn -0.1166 -0.8825 0.4555
vn 0.7081 0.3955 0.5849
vn -0.1243 0.8670 0.4826
vn 0.7829 0.6151 0.0932
vn -0.1927 0.9755 -0.1064
vn 0.9491 0.0347 0.3132
vn 0.9677 -0.0715 -0.2416
vn 0.7653 -0.5105 -0.3921
vn 0.7594 0.0354 -0.6496
vn 0.9384 -0.2432 0.2454
vn 0.9782 -0.2071 -0.0183
vn 0.9955 0.0943 0.0034
vn 0.0022 -0.9901 -0.1404
vn -0.1095 -0.9757 -0.1896
vn 0.1271 -0.9637 0.2347
vn 0.0915 0.9311 0.3530
vn 0.1322 0.6961 0.7057
vn 0.1962 0.9362 0.2917
vn 0.1103 0.9798 -0.1669
vn 0.1084 0.6305 -0.7685
vn 0.1347 0.3287 -0.9348
vn -0.2620 -0.0814 -0.9616
vn -0.2936 -0.6909 -0.6606
vn -0.0438 0.0500 -0.9978
vn -0.2071 -0.1105 0.9721
vn -0.1230 0.1540 0.9804
vn -0.0881 -0.5799 0.8099
vn -0.3745 -0.7321 0.5690
vn -0.1659 0.4959 0.8524
vn 0.0571 0.7193 0.6924
vn 0.3192 -0.9290 0.1871
vn -0.0188 -0.9994 -0.0289
vn -0.0009 -0.7565 0.6540
vn -0.1137 0.2092 0.9712
vn 0.0822 -0.2508 0.9645
vn 0.1374 0.6377 0.7579
vn 0.0830 0.9597 0.2686
vn 0.1537 0.9493 -0.2744
vn 0.1591 0.6484 -0.7445
vn 0.0891 -0.1373 -0.9865
vn -0.3556 -0.7836 0.5094
vn -0.0250 -0.9931 -0.1144
vn -0.1457 -0.9044 0.4010
vn -0.0440 -0.6237 0.7805
vn 0.0662 0.7798 0.6225
vn 0.2628 0.9582 -0.1127
vn -0.1945 0.9802 -0.0361
vn -0.3530 0.2990 0.8866
vn 0.0033 -0.1378 0.9905
vn -0.0826 0.2672 0.9601
vn 0.0265 0.1596 -0.9868
vn -0.0883 -0.4676 -0.8795
vn -0.2307 -0.5603 -0.7955
vn 0.0068 -0.7561 -0.6545
vn -0.1032 -0.9924 -0.0669
vn 0.0295 0.7106 0.7029
vn 0.0512 0.8843 -0.4642
vn 0.2166 0.6384 -0.7386
vn -0.0396 -0.6018 0.7977
vn -0.0931 0.3252 -0.9411
vn 0.1124 0.3854 -0.9159
vn -0.3799 -0.8759 -0.2975
vn 0.0391 -0.7057 -0.7074
vn -0.0153 -0.2543 0.9670
vn -0.0519 -0.0769 -0.9957
vn -0.0419 -0.9585 0.2821
vn -0.2095 -0.9774 0.0273
vn -0.2308 -0.7309 0.6423
vn -0.2133 -0.9635 -0.1616
vn -0.2162 -0.6127 0.7602
vn 0.2169 0.9743 -0.0614
vn -0.0471 0.7754 0.6297
vn 0.0407 0.8693 0.4926
vn -0.0916 0.7316 -0.6755
vn 0.0412 0.6655 -0.7453
vn 0.0347 0.2528 -0.9669
vn -0.1261 -0.2653 0.9559
vn -0.0603 0.0013 0.9982
vn -0.2129 -0.9029 -0.3734
vn -0.2308 -0.7982 0.5564
vn -0.0171 -0.1931 0.9810
vn 0.1336 0.4507 0.8826
vn 0.0931 0.2527 0.9631
vn 0.1349 0.5404 -0.8305
vn 0.0119 0.9054 -0.4245
vn -0.0338 -0.7296 -0.6830
vn -0.3723 -0.9210 -0.1145
vn -0.1088 -0.2487 0.9624
vn -0.2084 -0.3375 -0.9180
vn -0.0622 0.0569 -0.9964
vn -0.2695 -0.7290 0.6292
vn 0.0613 0.7284 -0.6824
vn -0.1360 0.9844 -0.1119
vn -0.2718 -0.7441 -0.6103
vn -0.3128 -0.9466 -0.0778
vn -0.0510 0.7689 0.6373
vn 0.0396 0.9950 0.0916
vn 0.0368 -0.2822 -0.9587
vn 0.0615 0.9832 0.1722
vn 0.0219 -0.8238 -0.5664
vn -0.1720 -0.5147 -0.8399
vn -0.1467 0.4532 0.8793
vn 0.2532 0.3974 0.8820
vn 0.1282 0.8800 -0.4573
vn -0.0466 0.0944 -0.9944
vn -0.1371 -0.2677 0.9537
vn -0.5353 0.1696 0.8274
vn -0.0088 0.9758 -0.2187
vn 0.0601 0.5596 -0.8266
vn -0.1281 -0.7766 -0.6168
vn -0.1373 -0.9889 -0.0568
vn 0.2653 -0.5791 0.7708
vn 0.3154 -0.7397 0.5945
vn -0.0840 0.9917 -0.0972
vn 0.2125 0.9687 -0.1286
vn 0.2296 0.9407 0.2497
vn -0.1511 0.6628 0.7334
vn -0.2694 -0.3427 0.9000
vn -0.2175 0.7371 -0.6398
vn -0.0683 0.6043 -0.7938
vn -0.1303 0.8922 -0.4324
vn -0.5227 0.3129 -0.7930
vn -0.5901 -0.1961 -0.7831
vn -0.2510 0.1639 -0.9540
vn -0.0076 -0.8566 -0.5159
vn -0.2496 -0.4612 -0.8515
vn -0.0725 -0.9940 -0.0817
vn 0.5084 -0.8539 0.1112
vn 0.0441 -0.9242 0.3793
vn 0.1141 0.1722 -0.9784
vn -0.5784 -0.1541 -0.8011
vn -0.5376 0.3053 -0.7860
vn 0.1209 -0.8821 -0.4553
vn -0.5010 -0.6301 -0.5932
vn 0.1333 -0.4369 -0.8896
vn 0.3627 0.8602 0.3584
vn 0.2852 0.5622 0.7763
vn 0.4263 0.8762 -0.2248
vn 0.2258 0.6458 -0.7293
vn 0.5678 0.2727 0.7767
vn 0.3246 -0.0544 0.9443
vn 0.5502 -0.2448 0.7983
vn 0.4326 0.6248 0.6500
vn 0.0044 -0.9985 -0.0544
vn 0.1215 0.1899 -0.9743
vn -0.5492 -0.2033 -0.8106
vn -0.5615 0.2903 -0.7749
vn 0.1319 -0.2341 -0.9632
vn 0.2433 -0.6402 -0.7286
vn -0.1292 -0.8927 -0.4318
vn 0.4218 -0.8773 -0.2290
vn 0.4645 -0.6535 0.5976
vn 0.2342 -0.4992 0.8343
vn 0.5568 -0.2490 0.7925
vn 0.4229 0.8782 -0.2234
vn 0.2169 0.9696 -0.1137
vn -0.1356 0.8924 -0.4304
vn 0.2148 0.6460 -0.7325
vn -0.2995 -0.4588 -0.8365
vn 0.2050 -0.9361 0.2857
vn 0.3560 -0.8535 0.3805
vn 0.3789 0.8502 0.3655
vn 0.2132 0.6221 0.7534
vn 0.2783 0.9030 0.3272
vn -0.2300 -0.5731 0.7865
vn -0.1069 0.9909 -0.0821
vn -0.1693 0.0863 0.9818
vn -0.2642 0.7304 -0.6298
vn -0.0795 0.6053 -0.7920
vn -0.1473 0.5921 0.7923
vn -0.2414 0.1817 -0.9533
vn -0.1053 -0.9748 -0.1966
vn 0.3281 -0.9252 -0.1905
vn -0.1230 -0.9421 0.3120
vn 0.0852 0.4552 -0.8863
vn -0.2961 -0.0190 -0.9550
vn -0.5403 0.4848 -0.6878
vn -0.4365 -0.7944 -0.4225
vn 0.1377 -0.6021 -0.7864
vn 0.4561 -0.7698 0.4466
vn 0.1518 -0.5538 0.8187
vn 0.2284 -0.4185 0.8790
vn 0.0303 0.0057 0.9995
vn 0.6476 -0.1777 0.7410
vn 0.5968 0.2694 0.7558
vn -0.2819 0.8092 -0.5156
vn -0.2833 0.4788 -0.8310
vn -0.1882 -0.8803 -0.4356
vn 0.3016 -0.0175 0.9533
vn 0.3962 0.4808 0.7822
vn 0.5733 0.6987 0.4280
vn 0.1138 0.9124 -0.3932
vn 0.1107 0.9871 -0.1154
vn -0.4700 -0.0093 -0.8826
vn -0.4825 -0.3800 -0.7892
vn 0.4569 0.7052 0.5422
vn 0.2253 0.9467 0.2301
vn 0.2031 0.9744 0.0968
vn 0.3509 -0.8658 0.3567
vn 0.2401 -0.9181 0.3155
vn -0.1039 -0.9920 -0.0718
vn 0.2309 0.9720 0.0446
vn -0.6184 0.4012 -0.6757
vn -0.4061 0.7993 -0.4429
vn 0.0454 0.4604 -0.8866
vn -0.0160 0.0305 -0.9994
vn -0.6057 -0.0790 -0.7918
vn 0.0082 -0.7749 -0.6320
vn 0.4409 0.6173 0.6515
vn 0.1324 0.9278 -0.3487
vn -0.5299 -0.5158 -0.6732
vn -0.0208 0.1137 0.9933
vn 0.0368 -0.2846 0.9579
vn -0.1066 -0.6455 0.7562
vn 0.2955 -0.8945 0.3354
vn -0.1058 -0.9910 -0.0823
vn -0.2609 0.7943 0.5486
vn 0.5013 0.5213 0.6906
vn -0.0999 0.9916 -0.0824
vn 0.0740 0.9911 -0.1104
vn -0.0453 -0.8897 -0.4543
vn -0.2882 -0.7218 -0.6293
vn -0.1397 0.2448 0.9595
vn -0.3295 -0.0884 -0.9400
vn -0.2372 0.4546 -0.8585
vn -0.5923 0.7003 -0.3985
vn 0.4285 0.6074 0.6690
vn 0.4140 -0.0098 0.9102
vn -0.4141 0.7751 -0.4772
vn -0.1369 -0.6347 -0.7605
vn -0.0412 0.9228 0.3831
vn 0.1086 0.8794 0.4636
vn 0.4159 -0.8859 -0.2054
vn 0.4786 -0.6317 0.6099
vn 0.6700 -0.1587 0.7252
vn 0.1221 -0.3955 -0.9103
vn 0.5507 0.2865 0.7840
vn 0.1967 -0.6067 0.7703
vn -0.2352 -0.9719 -0.0055
vn 0.3005 -0.9351 -0.1880
vn 0.1062 -0.9209 0.3750
vn -0.2150 0.9667 0.1390
vn -0.2083 0.9769 -0.0479
vn -0.0572 0.9191 0.3898
vn -0.5062 0.5052 -0.6990
vn -0.2205 0.8148 -0.5362
vn 0.0709 0.4629 -0.8836
vn 0.1233 -0.6887 -0.7145
vn -0.3994 -0.8368 -0.3745
vn 0.1676 0.4783 0.8621
vn 0.6316 -0.1301 0.7643
vn 0.6390 0.4148 0.6478
vn 0.2257 0.8389 -0.4953
vn -0.3312 -0.5422 -0.7722
vn 0.0854 -0.0802 -0.9931
vn -0.0020 0.8870 -0.4617
vn -0.4033 0.2843 -0.8698
vn -0.1360 -0.9031 -0.4073
vn 0.5260 -0.6948 0.4904
vn 0.3430 -0.6205 0.7052
vn 0.3466 0.7540 0.5580
vn 0.4644 0.7929 0.3945
vn -0.4281 -0.4394 -0.7897
vn 0.0489 -0.9569 0.2864
vn 0.3721 -0.7295 0.5739
vn -0.0029 -0.9284 0.3716
vn 0.0088 0.4728 0.8811
vn 0.1215 0.8772 0.4645
vn -0.0369 -0.4371 0.8987
vn -0.3522 0.9184 0.1806
vn -0.4889 -0.6109 -0.6227
vn -0.5566 -0.2392 -0.7956
vn -0.5723 0.2044 -0.7942
vn -0.6235 0.6740 -0.3962
vn 0.3428 0.1402 0.9289
vn 0.0152 -0.0940 0.9955
vn 0.0741 -0.9605 0.2682
vn 0.1905 -0.6959 0.6924
vn 0.3078 -0.7510 0.5841
vn 0.2306 -0.9210 0.3139
vn 0.2424 0.9695 0.0375
vn -0.4895 0.8691 -0.0705
vn 0.2567 0.8908 0.3749
vn -0.6281 0.1412 -0.7652
vn -0.4967 0.6140 -0.6134
vn -0.0629 0.2691 -0.9611
vn -0.0912 -0.9787 -0.1840
vn -0.1029 -0.8876 -0.4491
vn -0.2425 -0.7111 -0.6599
vn -0.1162 0.9246 -0.3628
vn 0.0116 -0.2695 -0.9629
vn -0.5792 -0.2786 -0.7661
vn -0.3630 0.0848 -0.9279
vn -0.4375 0.4573 -0.7743
vn -0.0320 0.1761 0.9839
vn 0.2922 -0.1398 0.9461
vn -0.0363 -0.3398 0.9398
vn -0.1437 -0.6278 -0.7650
vn -0.4925 -0.2938 -0.8192
vn 0.0990 -0.9721 -0.2126
vn 0.3880 -0.9166 0.0966
vn 0.5155 0.6558 0.5514
vn 0.4220 0.9053 0.0492
vn -0.0117 0.9982 -0.0596
vn -0.2158 0.7536 -0.6209
vn 0.2620 0.8206 -0.5080
vn -0.2106 -0.8845 -0.4164
vn 0.0748 -0.6514 -0.7550
vn 0.6064 -0.3914 0.6921
vn 0.6355 0.1229 0.7623
vn 0.4160 0.5630 0.7141
vn 0.2017 0.9786 -0.0396
vn -0.1531 0.7915 -0.5917
vn 0.1094 -0.9906 -0.0816
vn -0.1520 -0.7008 0.6970
vn 0.1116 -0.9927 -0.0452
vn 0.2576 0.9340 0.2477
vn 0.1745 0.7465 0.6421
vn 0.0844 0.9884 -0.1259
vn -0.6715 -0.1016 -0.7340
vn -0.2579 0.2550 -0.9319
vn -0.5505 -0.4972 -0.6706
vn -0.2619 -0.8446 -0.4670
vn -0.0419 0.4391 0.8974
vn 0.3225 0.7230 0.6110
vn 0.3223 0.0779 0.9434
vn -0.2583 0.7618 -0.5941
vn -0.4199 0.8077 -0.4139
vn -0.4132 -0.3372 -0.8459
vn -0.0168 -0.8802 0.4743
vn -0.2478 -0.9687 -0.0171
vn 0.2968 -0.9333 -0.2022
vn -0.0367 -0.9132 0.4058
vn -0.3942 -0.8450 -0.3615
vn 0.0386 -0.6675 -0.7436
vn 0.5879 -0.4529 0.6703
vn 0.5864 0.1639 0.7932
vn 0.0365 -0.2038 0.9783
vn -0.2113 0.9174 -0.3372
vn 0.1997 0.9798 0.0141
vn 0.2657 0.8179 -0.5103
vn 0.0128 0.5772 -0.8165
vn -0.0920 -0.1753 -0.9802
vn 0.3720 0.8504 0.3722
vn 0.4031 -0.5263 0.7487
vn -0.0992 0.2238 -0.9696
vn -0.0896 -0.9868 0.1351
vn 0.5781 -0.7012 0.4173
vn -0.3726 -0.7236 -0.5810
vn -0.2634 -0.9330 -0.2454
vn 0.6050 0.1944 0.7722
vn 0.4830 0.5836 0.6527
vn -0.1264 0.9183 -0.3751
vn 0.1279 0.6784 -0.7235
vn 0.3329 -0.4719 0.8164
vn 0.6063 -0.2678 0.7488
vn 0.2092 -0.8607 0.4642
vn -0.2790 0.8317 0.4800
vn -0.0534 0.5446 0.8370
vn 0.1008 0.9938 -0.0471
vn -0.6156 0.4429 -0.6519
vn -0.5901 -0.1706 -0.7891
vn -0.0274 -0.6643 0.7469
vn 0.2198 0.7580 0.6141
vn 0.3892 0.0957 0.9162
vn 0.0617 0.2826 0.9572
vn -0.5722 -0.5350 -0.6215
vn -0.3512 -0.0472 -0.9351
vn -0.3192 0.5707 -0.7566
vn -0.2235 -0.9737 -0.0443
vn -0.2071 -0.9773 0.0434
vn -0.1491 -0.9083 0.3908
vn -0.0672 -0.8747 0.4800
vn 0.1124 -0.6441 0.7566
vn -0.0652 0.6921 0.7188
vn -0.0121 0.6047 0.7963
vn -0.0498 0.8604 0.5071
vn 0.3697 0.9290 -0.0173
vn -0.0384 0.9758 -0.2153
vn -0.1728 0.9480 0.2671
vn 0.0135 -0.6478 0.7617
vn 0.3730 -0.1550 0.9148
vn -0.0159 0.2901 0.9569
vn 0.8192 0.2249 0.5276
vn -0.1917 0.8396 -0.5082
vn -0.0926 0.7919 -0.6035
vn 0.1128 0.0081 -0.9936
vn -0.1689 -0.5778 -0.7985
vn -0.3267 -0.1961 -0.9246
vn -0.3317 -0.5792 -0.7447
vn 0.1738 0.5094 -0.8428
vn -0.1460 0.2803 -0.9487
vn 0.2806 -0.0343 0.9592
vn -0.1907 -0.3221 -0.9273
vn -0.2666 -0.8558 -0.4433
vn 0.0360 -0.6445 -0.7638
vn 0.3834 -0.2844 0.8787
vn 0.3958 0.1834 0.8998
vn -0.2221 -0.4820 0.8476
vn 0.1563 -0.7175 0.6788
vn -0.2261 0.8790 -0.4198
vn -0.0402 0.9902 -0.1337
vn -0.1944 0.9809 -0.0035
vn -0.0745 0.4833 0.8723
vn -0.2093 -0.9778 -0.0135
vn -0.2510 -0.8816 -0.3998
vn -0.3386 0.6174 -0.7100
vn -0.3563 0.2081 -0.9109
vn -0.1352 -0.9413 0.3092
vn -0.0787 -0.9967 -0.0219
vn 0.2001 -0.9776 -0.0644
vn -0.3107 -0.8607 -0.4033
vn -0.0814 -0.5832 -0.8083
vn -0.1710 -0.5353 -0.8272
vn -0.0361 -0.6932 0.7199
vn 0.4213 -0.3179 0.8494
vn -0.2338 -0.2165 0.9479
vn 0.0458 0.2313 0.9718
vn 0.1776 0.6891 0.7026
vn -0.2199 0.5757 0.7876
vn -0.5735 0.2413 -0.7828
vn -0.2135 -0.0446 -0.9759
vn -0.1527 0.6326 -0.7593
vn -0.2282 -0.9015 -0.3677
vn 0.0761 -0.5796 0.8113
vn -0.0691 0.6089 0.7902
vn 0.2145 0.0901 0.9726
vn -0.0628 -0.8825 0.4660
vn -0.1385 0.9423 0.3048
vn -0.0445 0.9976 -0.0527
vn -0.0212 0.8875 0.4604
vn -0.1312 -0.9149 0.3819
vn 0.1906 0.7604 0.6209
vn -0.1357 0.9176 0.3736
vn 0.1800 0.1949 -0.9642
vn 0.0282 -0.2748 -0.9611
vn -0.1692 -0.9274 0.3336
vn 0.3786 -0.7802 0.4979
vn 0.2756 -0.7886 0.5496
vn 0.1050 -0.9941 -0.0261
vn 0.1908 -0.9775 -0.0900
vn 0.0231 0.4716 -0.8815
vn -0.4962 -0.1533 -0.8546
vn -0.5450 0.2905 -0.7865
vn -0.2268 0.6621 -0.7143
vn -0.3449 0.7893 -0.5080
vn -0.3138 0.0465 -0.9484
vn -0.1419 -0.9207 -0.3636
vn -0.3276 -0.8584 -0.3947
vn -0.1836 0.9024 -0.3898
vn 0.0995 0.9939 -0.0484
vn -0.4242 -0.6178 -0.6621
vn -0.2795 -0.5282 -0.8018
vn -0.1021 0.9494 0.2972
vn -0.0197 0.8743 0.4849
vn -0.0009 0.6711 0.7413
vn -0.0029 0.6936 0.7204
vn 0.0471 0.6096 0.7913
vn -0.4132 -0.6143 -0.6723
vn 0.2260 -0.6989 -0.6785
vn -0.3424 -0.8645 -0.3680
vn 0.4360 -0.4914 0.7539
vn 0.5107 -0.2676 0.8171
vn 0.1749 -0.1514 0.9729
vn -0.3105 0.8680 -0.3874
vn 0.2129 0.9741 -0.0767
vn 0.1769 0.4421 -0.8794
vn 0.3421 -0.8216 0.4560
vn 0.1371 -0.2093 -0.9682
vn 0.2532 0.3570 0.8991
vn 0.5610 0.1659 0.8111
vn 0.3654 -0.4749 0.8006
vn 0.2067 -0.9751 -0.0801
vn -0.0268 -0.8699 0.4926
vn 0.2850 -0.7007 -0.6541
vn -0.4274 -0.1879 -0.8843
vn -0.3232 -0.1371 -0.9363
vn -0.1288 0.2942 -0.9470
vn -0.0013 0.2686 -0.9633
vn -0.1268 -0.9217 -0.3665
vn -0.0683 -0.6308 0.7729
vn 0.2965 -0.1168 0.9479
vn 0.5424 0.1870 0.8191
vn 0.1353 0.4676 0.8735
vn 0.5139 0.6984 0.4982
vn -0.1696 0.7200 -0.6729
vn 0.0093 0.6180 -0.7861
vn 0.1078 0.8682 -0.4844
vn -0.4383 -0.4868 -0.7556
vn -0.1685 -0.9361 0.3088
vn 0.1074 -0.9931 -0.0467
vn -0.4020 0.6036 -0.6885
vn -0.3016 0.1718 -0.9378
vn -0.4385 -0.2822 -0.8533
vn -0.1419 0.9405 0.3088
vn 0.0886 0.9908 -0.1020
vn 0.1595 0.8726 0.4617
vn -0.1839 -0.5655 0.8040
vn -0.0044 -0.5465 0.8374
vn 0.3079 -0.7164 0.6261
vn 0.3276 0.8128 0.4818
vn -0.5643 -0.0274 -0.8251
vn -0.4802 0.3048 -0.8225
vn -0.2670 -0.5310 -0.8042
vn 0.3713 0.4396 0.8179
vn -0.1758 0.8848 -0.4316
vn -0.4266 -0.0201 -0.9042
vn 0.0733 -0.1223 0.9898
vn 0.3464 -0.0536 0.9365
vn 0.1727 -0.8987 0.4032
vn -0.0553 -0.9984 -0.0106
vn -0.0449 0.9887 0.1428
vn 0.2723 -0.9547 0.1201
vn 0.1632 -0.7019 0.6934
vn 0.1188 0.9672 -0.2244
vn 0.0987 0.9339 0.3435
vn -0.5340 0.5439 -0.6473
vn -0.1731 0.7439 -0.6455
vn -0.3433 0.6816 -0.6462
vn -0.2886 -0.9167 -0.2763
vn -0.3847 -0.8637 -0.3255
vn 0.0906 -0.6935 -0.7147
vn -0.2642 -0.9630 -0.0527
vn 0.5490 0.6928 0.4676
vn 0.5562 -0.5731 0.6018
vn 0.5028 0.2814 0.8173
vn 0.6068 -0.2202 0.7638
vn 0.0130 -0.1876 -0.9822
vn -0.0658 -0.9809 -0.1829
vn 0.3540 -0.9155 -0.1913
vn -0.1333 -0.9076 0.3980
vn 0.2919 0.9548 0.0563
vn -0.0439 0.9808 -0.1898
vn -0.1079 0.9433 0.3140
vn -0.3880 0.1817 -0.9036
vn -0.1504 0.7390 -0.6567
vn 0.1240 0.3419 -0.9315
vn -0.2913 0.7282 -0.6204
vn -0.1364 -0.7231 -0.6772
vn 0.5015 -0.5169 0.6937
vn 0.6369 -0.1101 0.7631
vn 0.2918 0.0332 0.9559
vn 0.3683 0.2553 0.8940
vn -0.3311 0.9129 -0.2387
vn -0.5494 -0.2640 -0.7927
vn 0.0822 -0.2535 -0.9638
vn -0.4328 0.0676 -0.8990
vn 0.4199 -0.3710 0.8282
vn 0.3955 -0.8075 0.4377
vn 0.2755 -0.8017 0.5304
vn 0.1227 0.9487 0.2913
vn 0.4128 0.8024 0.4310
vn 0.3334 0.7231 0.6050
vn 0.0055 0.5589 0.8292
vn 0.0363 -0.1061 0.9937
vn -0.4422 0.8885 -0.1231
vn -0.4740 -0.6116 -0.6335
vn -0.2920 -0.4575 -0.8399
vn -0.4413 -0.2791 -0.8528
vn -0.2802 -0.8748 0.3951
vn 0.0362 -0.9980 0.0519
vn -0.3205 -0.8005 -0.5064
vn -0.0068 0.9994 -0.0330
vn -0.0185 0.9829 -0.1831
vn -0.3734 -0.5982 -0.7090
vn -0.2083 -0.8383 -0.5039
vn 0.0977 -0.6061 0.7894
vn 0.1556 -0.4159 0.8960
vn 0.5495 0.1969 0.8120
vn -0.0749 0.1283 0.9889
vn -0.1807 0.8422 -0.5080
vn 0.0379 -0.2644 -0.9637
vn -0.3636 0.0296 -0.9311
vn -0.2072 0.3318 -0.9203
vn -0.2018 -0.9025 -0.3806
vn 0.2438 -0.0721 0.9671
vn 0.5359 -0.2973 0.7902
vn 0.2544 0.4444 0.8589
vn 0.5283 0.7067 0.4706
vn 0.1636 0.8700 0.4652
vn -0.4614 0.6159 -0.6385
vn -0.3489 0.1831 -0.9191
vn 0.0361 0.8715 -0.4891
vn -0.8629 0.5051 -0.0175
vn -0.5115 -0.2611 -0.8186
vn -0.0797 0.9245 0.3729
vn -0.0707 0.6508 0.7559
vn -0.4122 -0.6348 -0.6535
vn -0.0155 -0.1132 0.9935
vn -0.0567 -0.5506 0.8329
vn -0.2775 -0.8308 0.4824
vn -0.0483 -0.4646 0.8842
vn -0.4833 -0.8627 -0.1487
vn -0.5602 0.5235 -0.6420
vn 0.0005 0.9021 -0.4315
vn -0.5434 -0.6160 -0.5703
vn -0.2332 0.0222 -0.9722
vn -0.2285 0.6405 -0.7332
vn 0.4459 0.0859 0.8909
vn 0.2822 -0.4713 0.8356
vn -0.1312 0.5796 0.8043
vn 0.0636 0.8669 0.4944
vn 0.2801 0.4379 0.8542
vn -0.2620 -0.5404 -0.7996
vn -0.0799 -0.9923 0.0951
vn 0.0939 0.9948 -0.0388
vn -0.0900 -0.9645 -0.2482
vn 0.1390 -0.9316 0.3360
vn 0.5065 0.6128 0.6066
vn 0.1580 -0.6687 -0.7265
vn 0.5488 0.1571 0.8211
vn 0.5234 -0.4526 0.7220
vn 0.0371 -0.8459 0.5321
vn 0.1019 0.2003 -0.9744
vn 0.0930 -0.2779 -0.9561
vn 0.1998 0.9776 -0.0666
vn 0.0705 0.5897 -0.8045
vn 0.2366 -0.6658 -0.7076
vn -0.1293 -0.9717 -0.1977
vn 0.1183 -0.2132 -0.9698
vn 0.0690 0.1082 -0.9917
vn 0.0183 -0.5484 -0.8360
vn 0.0983 -0.6306 0.7698
vn -0.0546 -0.8059 0.5895
vn -0.1758 -0.2202 0.9595
vn -0.0560 0.1068 0.9927
vn 0.0701 0.6285 0.7746
vn 0.1700 0.9502 -0.2613
vn 0.0365 0.9993 0.0035
vn 0.2031 0.7304 -0.6522
vn 0.1928 0.8553 0.4810
vn 0.0952 0.4719 0.8765
vn 0.1325 -0.0781 -0.9881
vn 0.0333 0.5329 -0.8455
vn 0.1059 -0.0919 0.9901
vn -0.2049 -0.3862 -0.8993
vn -0.2385 -0.8442 -0.4801
vn -0.1656 0.8053 -0.5692
vn -0.1118 0.9903 0.0823
vn 0.0767 0.6671 -0.7410
vn 0.1033 -0.8148 0.5704
vn -0.2838 -0.4182 0.8629
vn -0.2608 -0.9029 0.3416
vn 0.1896 0.4787 -0.8573
vn 0.0422 0.6154 -0.7871
vn 0.1721 0.8339 -0.5244
vn 0.1834 -0.3462 0.9201
vn 0.1199 0.2130 0.9697
vn 0.1373 -0.4008 -0.9058
vn -0.0493 -0.8109 -0.5831
vn -0.0940 -0.6766 -0.7303
vn -0.0226 -0.3882 -0.9213
vn -0.0345 0.0282 -0.9990
vn -0.3656 -0.8862 -0.2844
vn -0.1935 -0.9626 0.1896
vn -0.2502 -0.9534 -0.1688
vn 0.0646 0.0055 0.9979
vn -0.2010 -0.4464 0.8720
vn -0.0619 0.8870 -0.4577
vn -0.1122 0.9418 -0.3170
vn -0.0858 0.9962 -0.0157
vn -0.1269 0.9694 0.2100
vn -0.2719 -0.9438 0.1882
vn 0.0814 -0.7666 0.6370
vn 0.0518 0.1794 -0.9824
vn -0.2402 -0.5633 0.7905
vn -0.0480 -0.8079 0.5874
vn 0.0696 0.3757 0.9241
vn 0.0696 -0.7038 0.7070
vn -0.0103 -0.5337 0.8456
vn -0.0214 -0.9065 0.4217
vn -0.0917 -0.9956 0.0184
vn 0.0873 -0.9804 -0.1767
vn 0.0771 -0.9544 0.2884
vn -0.1784 0.9822 0.0591
vn -0.0386 0.8647 0.5008
vn 0.1710 0.8556 0.4885
vn -0.1633 0.7267 -0.6673
vn 0.2137 0.5006 -0.8389
vn -0.1822 0.1783 -0.9670
vn 0.0894 -0.2821 0.9552
vn -0.2475 0.0981 0.9639
vn 0.1313 0.5550 0.8214
vn -0.0254 0.5705 0.8209
vn 0.0646 0.8890 -0.4532
vn 0.0463 0.9489 -0.3123
vn 0.0171 -0.3096 -0.9507
vn 0.2348 -0.2261 -0.9454
vn 0.1856 -0.6716 -0.7173
vn -0.2372 -0.8131 -0.5316
vn -0.1272 0.1038 -0.9864
vn -0.0918 0.5355 -0.8395
vn -0.0352 -0.2527 0.9669
vn -0.1232 0.9924 0.0074
vn -0.2311 -0.9141 0.3332
vn 0.1121 -0.7466 0.6557
vn -0.2132 0.6284 0.7481
vn -0.1528 0.9389 0.3086
vn -0.1428 0.9791 -0.1447
vn -0.1588 0.6366 -0.7546
vn -0.0411 0.1805 -0.9827
vn -0.1991 -0.8485 -0.4903
vn 0.1410 -0.6513 -0.7456
vn -0.1719 -0.9120 -0.3723
vn -0.1193 -0.2102 0.9704
vn 0.1725 0.2165 0.9609
vn 0.1776 0.8659 -0.4677
vn -0.0562 -0.2989 -0.9526
vn 0.2036 0.7332 0.6489
vn -0.1185 0.9929 0.0103
vn -0.0165 0.1972 -0.9802
vn -0.0253 -0.6665 -0.7451
vn -0.1422 -0.9399 -0.3103
vn 0.0851 -0.9959 -0.0291
vn 0.0863 0.8065 -0.5850
vn -0.0006 -0.1623 -0.9867
vn 0.0238 0.0770 0.9967
vn -0.0015 -0.6317 0.7752
vn -0.0287 0.7720 0.6350
vn -0.1161 -0.9670 0.2268
vn -0.2058 -0.9744 -0.0904
vn -0.0674 -0.7010 0.7100
vn -0.0315 -0.6454 0.7632
vn 0.0612 -0.8920 0.4479
vn 0.1099 -0.9939 -0.0044
vn 0.1531 -0.9872 -0.0444
vn -0.0927 -0.9473 0.3067
vn 0.2441 0.9670 -0.0727
vn -0.3454 0.9354 -0.0763
vn -0.0126 0.9444 0.3285
vn 0.0691 0.8728 0.4832
vn -0.0125 0.7016 0.7125
vn -0.0381 -0.8790 -0.4753
vn -0.3730 -0.4408 -0.8164
vn 0.0804 -0.8835 -0.4615
vn -0.2085 0.7659 -0.6082
vn -0.2550 -0.2771 0.9264
vn -0.2574 0.2270 0.9393
vn -0.1371 -0.3186 0.9379
vn -0.1403 0.8712 -0.4705
vn -0.0430 -0.4640 -0.8848
vn 0.0447 0.0574 -0.9974
vn -0.2356 0.2299 -0.9443
vn -0.1545 0.8398 -0.5205
vn -0.1169 0.5573 -0.8221
vn -0.1691 0.4812 -0.8601
vn -0.2677 -0.9170 -0.2956
vn -0.2457 -0.7677 -0.5918
vn 0.2929 -0.4688 -0.8333
vn 0.2382 -0.9702 -0.0437
vn -0.3014 -0.9093 0.2867
vn 0.0091 -0.5687 0.8225
vn -0.2419 0.3429 0.9077
vn -0.0845 0.5763 0.8129
vn -0.2036 0.7561 0.6220
vn 0.2250 0.9700 -0.0920
vn -0.2610 -0.3346 -0.9055
vn -0.2077 0.0885 -0.9742
vn 0.2440 0.0876 -0.9658
vn 0.2046 0.8985 0.3883
vn 0.2020 -0.8695 0.4508
vn -0.1141 -0.9785 0.1719
vn -0.0618 -0.9978 0.0246
vn 0.1363 -0.8133 0.5656
vn 0.1910 0.8564 0.4797
vn -0.1824 0.9805 -0.0735
vn -0.1480 0.9807 0.1279
vn 0.2075 0.4923 -0.8453
vn -0.0876 0.2978 -0.9506
vn -0.0651 0.1397 -0.9880
vn 0.1049 -0.8847 -0.4543
vn 0.2037 0.0620 0.9771
vn 0.1824 0.5537 0.8125
vn -0.2397 0.4636 0.8530
vn -0.1827 0.9122 -0.3668
vn -0.0210 -0.3648 -0.9309
vn -0.1221 -0.0733 -0.9898
vn -0.1094 -0.6098 -0.7850
vn -0.0887 -0.9671 -0.2385
vn 0.1304 -0.4700 0.8730
vn -0.0221 -0.7224 0.6911
vn 0.0492 -0.1068 0.9931
vn -0.0261 0.5419 0.8400
vn 0.0454 0.7826 -0.6209
vn 0.2152 0.8258 -0.5213
vn -0.3573 0.9301 0.0853
vn 0.1911 -0.0040 0.9816
vn -0.3597 -0.4703 0.8059
vn 0.0125 0.8846 0.4662
vn -0.1307 0.9914 -0.0116
vn -0.0520 0.4368 -0.8981
vn -0.1126 0.8815 -0.4586
vn 0.0255 -0.2955 -0.9550
vn 0.0677 -0.3063 0.9495
vn -0.0134 0.1350 0.9908
vn -0.0119 0.5483 0.8362
vn -0.0585 -0.9901 -0.1272
vn 0.0346 -0.8795 0.4747
vn -0.2662 -0.9627 0.0474
vn 0.0772 -0.8913 0.4469
vn -0.1785 0.8363 -0.5184
vn 0.1912 0.6487 -0.7367
vn -0.3505 0.2876 -0.8913
vn 0.0878 -0.8926 -0.4422
vn 0.0087 -0.8573 -0.5148
vn -0.3616 -0.5965 -0.7166
vn 0.1166 -0.2768 0.9538
vn -0.2250 0.6575 0.7190
vn 0.0998 0.2210 0.9702
vn 0.1928 -0.4862 -0.8523
vn -0.2096 -0.1703 -0.9628
vn -0.1733 0.9836 0.0498
vn 0.0535 0.8874 0.4579
vn 0.0434 -0.5977 0.8006
vn 0.0466 -0.8736 0.4845
vn 0.1111 0.8701 0.4802
vn 0.1482 0.6115 -0.7772
vn 0.1287 0.3380 -0.9323
vn 0.0376 -0.9501 -0.3098
vn -0.3426 -0.6051 -0.7186
vn -0.0453 -0.0940 -0.9945
vn -0.3170 -0.1872 0.9298
vn -0.0187 0.0649 0.9977
vn -0.1268 0.8894 -0.4392
vn -0.1511 0.9883 -0.0188
vn -0.0942 -0.6452 -0.7582
vn -0.1329 0.5707 0.8104
vn 0.1943 0.8332 0.5178
vn -0.0729 -0.9972 0.0177
vn 0.1461 -0.6348 0.7587
vn -0.5099 0.4236 -0.7487
vn -0.0155 0.9138 -0.4058
vn -0.0606 -0.2066 -0.9766
vn -0.2086 0.2501 -0.9455
vn -0.0407 -0.9552 0.2933
vn -0.1525 -0.9186 -0.3647
vn -0.1147 -0.6716 -0.7320
vn -0.2194 -0.8705 -0.4406
vn 0.1265 0.7029 -0.7000
vn -0.0068 0.9997 -0.0252
vn -0.0506 0.8686 0.4929
vn -0.0049 0.5370 0.8436
vn -0.0063 -0.9470 0.3213
vn 0.4216 -0.9045 -0.0644
vn 0.2910 -0.7777 0.5573
vn 0.0848 0.6264 0.7748
vn 0.0421 0.9517 0.3042
vn -0.0229 0.9783 -0.2061
vn 0.0868 0.6754 -0.7323
vn -0.3240 0.2545 -0.9112
vn 0.0599 -0.4731 0.8790
vn 0.2029 -0.4535 0.8678
vn 0.3271 0.0096 0.9449
vn 0.2487 -0.0760 -0.9656
vn 0.0953 -0.6820 -0.7251
vn -0.3545 -0.2966 -0.8868
vn 0.1028 0.2161 0.9709
vn 0.0158 0.7838 0.6208
vn 0.3941 0.9067 0.1503
vn 0.0105 0.9999 0.0059
vn 0.0169 0.2998 0.9538
vn 0.4431 0.5742 0.6885
vn -0.0315 0.9121 -0.4088
vn -0.2093 0.8864 -0.4130
vn 0.2917 0.6139 -0.7335
vn -0.3525 0.5502 -0.7570
vn 0.1592 0.5975 -0.7859
vn -0.0712 0.0697 -0.9950
vn 0.1361 0.2223 -0.9654
vn 0.1476 -0.8569 -0.4939
vn 0.0702 -0.8289 -0.5549
vn -0.0149 -0.9910 -0.1329
vn 0.1581 -0.9822 -0.1015
vn 0.2463 -0.4091 0.8786
vn 0.2428 -0.2124 0.9466
vn 0.2549 -0.0191 0.9668
vn 0.1807 0.2286 0.9566
vn 0.1489 -0.1671 -0.9746
vn 0.0390 -0.5961 -0.8020
vn 0.1368 -0.5031 -0.8533
vn 0.2338 -0.9426 0.2383
vn 0.1673 -0.8684 0.4668
vn 0.2404 -0.7306 0.6391
vn 0.0831 0.8788 0.4698
vn 0.2243 -0.6106 0.7595
vn -0.3776 -0.9238 0.0633
vn -0.0487 -0.9702 -0.2375
vn -0.0372 0.9981 -0.0485
vn 0.1698 0.2602 -0.9505
vn -0.1298 -0.0298 -0.9911
vn 0.0160 -0.1887 -0.9819
vn 0.0130 -0.6814 0.7318
vn -0.1233 -0.8114 0.5714
vn -0.0710 -0.4753 0.8769
vn -0.0956 -0.3785 -0.9207
vn 0.2014 -0.5999 -0.7743
vn 0.1469 -0.8781 -0.4554
vn 0.1038 -0.8395 -0.5334
vn -0.1014 -0.9927 -0.0651
vn 0.3195 -0.1529 0.9352
vn 0.0218 0.0978 0.9950
vn 0.3367 0.3383 0.8787
vn 0.2204 -0.9396 0.2620
vn 0.0614 0.6968 0.7146
vn 0.1201 0.8871 0.4456
vn 0.1995 0.9385 0.2819
vn -0.0058 0.9999 0.0096
vn 0.1776 0.9767 -0.1204
vn 0.2128 0.9402 0.2660
vn 0.0291 0.7041 0.7095
vn 0.1226 0.2963 -0.9472
vn -0.0144 0.2090 -0.9778
vn -0.3531 -0.1757 -0.9189
vn 0.2044 -0.8684 -0.4517
vn -0.2358 -0.9718 -0.0061
vn -0.3875 -0.6038 -0.6966
vn -0.2615 -0.2796 0.9238
vn 0.2249 -0.6814 0.6965
vn 0.3487 -0.1481 0.9255
vn -0.2483 0.2143 0.9447
vn 0.1453 0.8735 -0.4646
vn 0.1973 0.5969 -0.7777
vn 0.1613 0.6168 -0.7704
vn 0.1473 0.8583 -0.4916
vn 0.2072 -0.2774 -0.9381
vn -0.2204 0.9752 -0.0213
vn -0.3289 -0.7203 0.6107
vn -0.3682 -0.8493 0.3783
vn 0.1749 -0.5129 0.8404
vn -0.4284 -0.8712 -0.2396
vn -0.3600 -0.5447 -0.7575
vn 0.0218 0.9997 -0.0048
vn 0.0399 -0.0193 -0.9990
vn 0.0262 0.3113 -0.9500
vn -0.0525 -0.6521 -0.7563
vn -0.0264 0.8699 -0.4925
vn -0.0619 -0.9969 -0.0493
vn 0.0797 0.6871 0.7222
vn 0.1273 0.8966 0.4241
vn 0.2353 -0.9421 0.2391
vn 0.1291 -0.8154 0.5643
vn 0.1646 -0.6087 -0.7761
vn 0.2446 0.2739 0.9301
vn 0.3266 0.3433 0.8806
vn -0.1731 -0.8449 0.5061
vn -0.1010 0.8814 0.4615
vn -0.1836 0.5197 0.8344
vn 0.3091 -0.1113 0.9445
vn -0.1291 0.8864 -0.4445
vn 0.2193 0.6426 -0.7342
vn 0.1403 0.5022 -0.8533
vn 0.1861 0.2754 -0.9431
vn -0.0714 -0.8668 -0.4936
vn -0.1164 0.1688 0.9788
vn 0.0655 -0.3516 -0.9339
vn 0.2113 -0.6242 -0.7522
vn 0.2067 -0.1825 -0.9612
vn 0.0392 0.9988 0.0307
vn -0.2143 0.8240 -0.5245
vn 0.2557 0.6712 -0.6958
vn -0.0390 0.1722 -0.9843
vn 0.1005 0.0997 -0.9899
vn -0.0687 -0.9927 0.0987
vn -0.0021 -0.9928 0.1202
vn -0.3610 -0.8669 -0.3438
vn -0.2214 0.4804 0.8486
vn -0.2305 -0.0514 0.9717
vn -0.0836 -0.2699 -0.9593
vn -0.4071 -0.5839 -0.7024
vn -0.2693 -0.7889 0.5523
vn -0.1884 -0.5472 0.8155
vn -0.2540 -0.4734 0.8434
vn -0.0166 -0.9992 0.0372
vn 0.1853 -0.9818 -0.0416
vn -0.0493 -0.9567 0.2868
vn 0.1555 0.9661 -0.2060
vn 0.0682 0.9961 0.0561
vn 0.1858 0.9375 0.2943
vn 0.1072 0.8873 0.4485
vn -0.0191 0.7002 0.7137
vn -0.2501 0.7531 -0.6085
vn 0.1982 0.5341 -0.8218
vn 0.0203 0.4397 -0.8979
vn -0.2951 -0.2119 -0.9317
vn -0.0318 0.1286 -0.9912
vn 0.1010 -0.9064 -0.4102
vn -0.0276 0.9633 -0.2669
vn 0.1460 0.1742 -0.9738
vn -0.1846 -0.2975 0.9367
vn -0.1731 0.1004 0.9798
vn -0.1571 -0.3267 0.9320
vn -0.2197 0.2456 0.9442
vn -0.4185 -0.6927 0.5874
vn 0.1867 0.6257 0.7574
vn -0.0522 -0.8773 0.4772
vn 0.3212 -0.7161 0.6197
vn 0.2162 0.9404 0.2626
vn -0.1925 0.9806 -0.0368
vn -0.1779 -0.2333 -0.9560
vn 0.1520 -0.6150 -0.7737
vn 0.3285 0.5533 0.7655
vn 0.1017 -0.6401 -0.7615
vn 0.1310 -0.8890 -0.4388
vn 0.0357 -0.6977 0.7155
vn 0.0991 -0.8883 0.4485
vn 0.1482 0.9885 0.0315
vn -0.3331 0.7374 0.5876
vn 0.0557 0.6945 0.7173
vn -0.2222 -0.9749 -0.0156
vn 0.1112 -0.8875 -0.4472
vn 0.1494 -0.6477 -0.7471
vn -0.2600 -0.2007 0.9445
vn 0.1865 0.8657 -0.4645
vn 0.1967 0.5919 -0.7817
vn -0.3643 0.6643 -0.6527
vn 0.1452 0.9223 -0.3581
vn 0.0284 0.2190 -0.9753
vn 0.0592 0.5684 -0.8206
vn -0.1037 -0.9945 -0.0110
vn 0.0108 -0.0947 0.9955
vn -0.0736 0.4803 0.8740
vn -0.2784 0.2734 0.9207
vn -0.3673 -0.1818 -0.9122
vn -0.0526 -0.3099 -0.9493
vn -0.1200 0.8027 0.5842
vn 0.1974 0.9381 0.2846
vn 0.0477 0.6644 0.7459
vn 0.2103 0.5151 -0.8309
vn -0.2156 0.1335 -0.9673
vn -0.0098 -0.7098 0.7044
vn 0.3198 -0.3408 0.8841
vn 0.3107 0.1506 0.9385
vn 0.1491 0.9745 -0.1675
vn 0.1753 -0.9431 0.2826
vn 0.2223 -0.2403 -0.9449
vn 0.1514 -0.8745 -0.4607
vn 0.3633 -0.7050 0.6090
vn -0.0160 -0.6768 0.7360
vn -0.0941 0.1754 -0.9800
vn -0.0581 0.4614 0.8853
vn 0.2895 -0.0996 0.9520
vn -0.1444 0.8127 0.5646
vn -0.1559 0.8518 -0.5002
vn 0.2789 -0.2673 -0.9223
vn 0.1742 -0.6163 -0.7680
vn 0.1307 0.6196 -0.7740
vn 0.1186 -0.8749 -0.4695
vn 0.1344 -0.7195 -0.6813
vn 0.1292 -0.8955 -0.4259
vn -0.0083 -0.2439 -0.9698
vn 0.1329 0.9895 0.0572
vn 0.1039 -0.5826 0.8061
vn 0.0898 -0.9125 0.3991
vn 0.0810 -0.9874 0.1362
vn -0.0630 -0.9945 -0.0840
vn -0.3482 0.7322 0.5853
vn -0.2807 -0.2923 0.9142
vn 0.2465 0.7669 -0.5925
vn -0.3320 0.8699 -0.3648
vn -0.3925 -0.4617 -0.7955
vn -0.2816 0.1884 0.9409
vn 0.0268 -0.1216 0.9922
vn -0.8813 -0.3994 0.2525
vn -0.9529 0.1780 -0.2455
vn -0.7538 -0.4260 -0.5003
vn -0.8191 0.4188 0.3921
vn -0.6723 0.3594 -0.6472
vn -0.2706 -0.7679 0.5806
vn -0.2857 0.8363 0.4679
vn -0.5871 0.8026 -0.1053
vn -0.1519 -0.9806 -0.1240
vn 0.0488 0.7330 -0.6785
vn -0.2025 -0.6340 0.7463
vn -0.2970 0.1702 0.9396
vn -0.2155 0.4948 0.8419
vn -0.2094 -0.3026 0.9298
vn 0.5113 -0.5556 -0.6556
vn 0.4251 0.8552 -0.2964
vn -0.3448 0.3062 0.8873
vn -0.0739 0.9932 -0.0898
vn -0.3200 0.8409 0.4363
vn 0.1686 0.5804 0.7967
vn 0.1923 0.8913 0.4106
vn 0.3688 0.7145 0.5945
vn -0.2665 -0.5827 0.7677
vn -0.2735 -0.2231 0.9357
vn 0.0005 1.0000 -0.0008
vn -0.2145 -0.9763 -0.0292
vn 0.0005 1.0000 -0.0010
vn -0.0607 -0.9512 -0.3025
vn -0.5066 0.1640 -0.8465
vn -0.4404 0.5879 -0.6785
vn -0.2657 0.8468 -0.4608
vn -0.2048 0.9715 0.1193
vn 0.1140 0.5978 0.7935
vn -0.2872 0.5499 0.7843
vn 0.0007 1.0000 -0.0008
vn 0.0130 -0.8771 -0.4801
vn 0.4262 -0.4453 0.7875
vn 0.0004 1.0000 0.0004
vn -0.1406 -0.8631 0.4850
vn 0.5814 0.8080 0.0956
vn -0.1038 -0.8982 -0.4271
vn 0.0679 -0.8476 -0.5263
vn -0.2626 -0.6108 -0.7470
vn -0.1176 -0.8672 -0.4839
vn -0.8344 -0.0715 -0.5465
vn 0.2145 0.6205 0.7543
vn -0.2173 -0.9699 0.1099
vn -0.2021 0.7377 -0.6442
vn 0.2969 -0.6053 0.7386
vn 0.6249 -0.5660 0.5378
vn 0.5867 -0.5701 0.5751
vn 0.3121 -0.8174 -0.4842
vn 0.2013 -0.9006 0.3852
vn 0.5303 -0.3913 0.7522
vn -0.0413 -0.4544 -0.8898
vn 0.0799 -0.9246 0.3724
vn 0.0128 0.1198 0.9927
vn 0.2616 -0.9548 -0.1411
vn -0.1916 0.7038 -0.6841
vn -0.5044 -0.3146 -0.8041
vn -0.2712 0.6268 0.7305
vn -0.1911 0.6917 -0.6965
vn 0.1093 -0.9148 0.3889
vn -0.1985 0.3188 -0.9268
vn -0.6014 0.6556 -0.4566
vn 0.1942 -0.8597 -0.4725
vn -0.0387 0.9551 -0.2937
vn -0.0546 -0.7003 -0.7117
vn -0.2581 0.5664 -0.7826
vn 0.0016 -0.8837 0.4680
vn 0.2731 0.2864 -0.9184
vn 0.2430 0.9699 0.0137
vn -0.0557 -0.9559 -0.2882
vn 0.1342 0.9175 -0.3744
vn -0.3723 0.5174 0.7705
vn 0.0093 0.2782 -0.9605
vn 0.4152 0.5142 -0.7505
vn 0.2791 -0.5367 0.7963
vn -0.0074 0.2756 -0.9612
vn 0.7225 -0.3545 0.5936
vn 0.7040 0.1362 0.6970
vn 0.2775 0.5899 0.7583
vn -0.1438 0.9884 -0.0496
vn -0.3109 0.8814 -0.3556
vn -0.1890 0.9087 0.3722
vn -0.0978 0.7115 0.6959
vn -0.0031 -0.9667 -0.2558
vn 0.0093 -0.9947 -0.1022
vn -0.0137 0.7636 0.6456
vn -0.3576 -0.6833 -0.6366
vn 0.0575 -0.6038 0.7950
vn -0.0839 -0.9106 0.4048
vn 0.0065 0.7453 0.6667
vn 0.4252 0.8087 -0.4065
vn -0.2120 -0.7141 0.6672
vn 0.0328 0.9987 0.0393
vn 0.0002 -0.5601 0.8284
vn 0.0309 -0.2170 0.9757
vn -0.2008 0.9087 0.3659
vn 0.0234 0.7340 0.6787
vn -0.4571 -0.6436 -0.6139
vn 0.0304 0.9987 0.0402
vn 0.8091 0.4601 -0.3656
vn -0.1465 -0.6836 -0.7150
vn 0.1153 0.9703 0.2125
vn 0.0577 0.2152 -0.9749
vn -0.0703 -0.7237 0.6865
vn -0.0803 -0.2975 -0.9514
vn 0.2758 -0.9108 0.3074
vn 0.5317 -0.5778 0.6193
vn -0.2163 0.7199 -0.6595
vn 0.6209 0.1026 0.7771
vn 0.2810 -0.0848 0.9560
vn 0.2529 -0.9563 -0.1467
vn 0.1158 -0.9933 0.0057
vn -0.1797 -0.4290 0.8853
vn 0.2019 -0.9728 -0.1136
vn 0.2173 -0.9653 -0.1449
vn -0.0616 0.0772 -0.9951
vn 0.3497 0.8697 0.3484
vn 0.5619 0.5533 0.6149
vn 0.2113 0.9763 -0.0477
vn -0.0816 0.8955 -0.4375
vn 0.0105 0.2974 0.9547
vn -0.5598 0.2038 -0.8032
vn 0.5024 0.4751 0.7224
vn -0.0222 -0.9008 0.4337
vn 0.1174 -0.9930 -0.0099
vn 0.1336 0.3043 0.9431
vn -0.3019 -0.8948 -0.3290
vn 0.0447 0.7269 0.6852
vn 0.0222 -0.6832 -0.7299
vn -0.0198 0.9981 0.0581
vn -0.0496 0.1080 0.9929
vn 0.0728 -0.6257 0.7767
vn 0.0615 -0.6425 0.7638
vn 0.1792 0.2393 -0.9543
vn -0.2623 -0.1691 0.9500
vn 0.2977 0.6132 0.7317
vn 0.3000 -0.1037 0.9483
vn -0.2219 0.8113 0.5409
vn 0.1770 -0.6301 -0.7560
vt 0.011853 0.514661
vt 0.012005 0.518312
vt 0.008064 0.517275
vt 0.008386 0.513750
vt 0.011294 0.512632
vt 0.010964 0.503088
vt 0.012527 0.501462
vt 0.012600 0.505025
vt 0.012450 0.485846
vt 0.010787 0.484384
vt 0.012305 0.481862
vt 0.012276 0.471691
vt 0.010605 0.474278
vt 0.011050 0.470597
vt 0.010834 0.494499
vt 0.010814 0.491607
vt 0.012421 0.491200
vt 0.012668 0.495097
vt 0.010883 0.497424
vt 0.018600 0.461194
vt 0.018372 0.465216
vt 0.014372 0.463185
vt 0.015032 0.524660
vt 0.018157 0.528683
vt 0.014361 0.529383
vt 0.014541 0.538760
vt 0.012509 0.536024
vt 0.015963 0.534814
vt 0.017789 0.495100
vt 0.014686 0.501984
vt 0.015461 0.487747
vt 0.014436 0.482612
vt 0.015006 0.516912
vt 0.015215 0.512311
vt 0.012258 0.529079
vt 0.012340 0.525104
vt 0.014523 0.541525
vt 0.024751 0.463381
vt 0.023118 0.466623
vt 0.020702 0.461934
vt 0.024790 0.531298
vt 0.020717 0.530288
vt 0.024760 0.526648
vt 0.023873 0.508423
vt 0.019457 0.505827
vt 0.022727 0.502367
vt 0.025211 0.519497
vt 0.021149 0.518961
vt 0.021178 0.513715
vt 0.024203 0.511023
vt 0.025236 0.514401
vt 0.024463 0.474897
vt 0.021177 0.473103
vt 0.025223 0.469299
vt 0.022716 0.540546
vt 0.019718 0.534857
vt 0.024216 0.534719
vt 0.019259 0.499369
vt 0.021182 0.476835
vt 0.022188 0.495276
vt 0.020712 0.526919
vt 0.020061 0.523661
vt 0.022980 0.522249
vt 0.018462 0.482553
vt 0.017906 0.479545
vt 0.019251 0.487834
vt 0.019662 0.480341
vt 0.018300 0.507405
vt 0.046805 0.466102
vt 0.041783 0.466807
vt 0.041800 0.463379
vt 0.043535 0.458466
vt 0.049062 0.461009
vt 0.049217 0.457244
vt 0.043550 0.530397
vt 0.042575 0.526575
vt 0.047024 0.527794
vt 0.046816 0.522741
vt 0.045861 0.488670
vt 0.041064 0.490017
vt 0.041203 0.484740
vt 0.041209 0.480072
vt 0.046229 0.478456
vt 0.046225 0.482267
vt 0.043584 0.508654
vt 0.040876 0.506052
vt 0.043591 0.503605
vt 0.040874 0.496996
vt 0.043535 0.497118
vt 0.043972 0.518720
vt 0.042178 0.519083
vt 0.042170 0.512647
vt 0.044406 0.511683
vt 0.041212 0.536613
vt 0.041133 0.533203
vt 0.043841 0.532813
vt 0.039163 0.487720
vt 0.032437 0.490215
vt 0.033455 0.483988
vt 0.038451 0.479275
vt 0.040061 0.512970
vt 0.039324 0.519380
vt 0.033127 0.514335
vt 0.040149 0.477758
vt 0.033088 0.475373
vt 0.040013 0.474095
vt 0.038466 0.542084
vt 0.034962 0.537793
vt 0.039285 0.534644
vt 0.038904 0.460963
vt 0.041739 0.458362
vt 0.039082 0.465993
vt 0.038525 0.502082
vt 0.038484 0.495436
vt 0.039334 0.469053
vt 0.042169 0.470483
vt 0.039026 0.508583
vt 0.029251 0.466199
vt 0.029815 0.523178
vt 0.022399 0.484680
vt 0.022821 0.480226
vt 0.027905 0.483739
vt 0.028676 0.479407
vt 0.027915 0.537629
vt 0.027865 0.533069
vt 0.027677 0.492601
vt 0.027564 0.502272
vt 0.029267 0.506025
vt 0.027609 0.508452
vt 0.029464 0.487468
vt 0.028906 0.512723
vt 0.030572 0.512157
vt 0.030553 0.518458
vt 0.029052 0.519195
vt 0.030437 0.474002
vt 0.030596 0.477348
vt 0.028742 0.477576
vt 0.029266 0.497077
vt 0.028611 0.459221
vt 0.030123 0.458791
vt 0.030120 0.463353
vt 0.032115 0.459101
vt 0.038885 0.457252
vt 0.031561 0.496835
vt 0.031616 0.503625
vt 0.031472 0.541674
vt 0.032121 0.466234
vt 0.029624 0.536647
vt 0.029524 0.533305
vt 0.032611 0.532870
vt 0.033004 0.510712
vt 0.032353 0.508614
vt 0.086877 0.466104
vt 0.081948 0.466812
vt 0.081981 0.463383
vt 0.086903 0.527909
vt 0.089302 0.531578
vt 0.082831 0.530833
vt 0.083452 0.523521
vt 0.086891 0.522724
vt 0.085936 0.488665
vt 0.081230 0.490013
vt 0.081368 0.484733
vt 0.081375 0.480063
vt 0.086301 0.478450
vt 0.086298 0.482260
vt 0.083486 0.472412
vt 0.089730 0.474110
vt 0.085118 0.477285
vt 0.083299 0.468569
vt 0.089733 0.469050
vt 0.083657 0.508661
vt 0.081027 0.506068
vt 0.083664 0.503616
vt 0.081027 0.497001
vt 0.083602 0.497127
vt 0.084053 0.518657
vt 0.082324 0.520197
vt 0.082326 0.516778
vt 0.081379 0.536571
vt 0.081284 0.533161
vt 0.083914 0.532773
vt 0.081802 0.527781
vt 0.076870 0.462209
vt 0.079399 0.457256
vt 0.080956 0.460061
vt 0.077502 0.512560
vt 0.082230 0.512116
vt 0.079839 0.518570
vt 0.079709 0.474109
vt 0.082243 0.477460
vt 0.077216 0.477937
vt 0.079547 0.534002
vt 0.079733 0.540833
vt 0.076162 0.537887
vt 0.076305 0.542858
vt 0.079282 0.531582
vt 0.078619 0.466623
vt 0.079307 0.492836
vt 0.079309 0.502079
vt 0.078636 0.484031
vt 0.079289 0.508985
vt 0.070280 0.465961
vt 0.066838 0.467320
vt 0.064594 0.462514
vt 0.066853 0.521512
vt 0.070291 0.522879
vt 0.066863 0.525321
vt 0.069529 0.534013
vt 0.069714 0.540837
vt 0.066068 0.536598
vt 0.066280 0.541650
vt 0.069342 0.495227
vt 0.065812 0.501800
vt 0.063639 0.495423
vt 0.063764 0.489999
vt 0.068017 0.486197
vt 0.069273 0.503613
vt 0.071008 0.506062
vt 0.069272 0.508980
vt 0.069702 0.480481
vt 0.071369 0.480065
vt 0.071349 0.484735
vt 0.069802 0.470688
vt 0.072314 0.471631
vt 0.070347 0.476697
vt 0.072543 0.477488
vt 0.071359 0.536580
vt 0.071123 0.490010
vt 0.071008 0.497068
vt 0.068801 0.459663
vt 0.072060 0.458676
vt 0.071961 0.463383
vt 0.076885 0.527913
vt 0.073544 0.530546
vt 0.072729 0.526479
vt 0.076872 0.522728
vt 0.073725 0.490195
vt 0.072507 0.520231
vt 0.072504 0.516784
vt 0.071562 0.541580
vt 0.071264 0.533172
vt 0.073899 0.532783
vt 0.074037 0.474110
vt 0.074040 0.468777
vt 0.073641 0.508659
vt 0.073649 0.503614
vt 0.073586 0.496947
vt 0.046229 0.536482
vt 0.049562 0.533865
vt 0.049681 0.540865
vt 0.046244 0.542072
vt 0.049255 0.502334
vt 0.050970 0.506057
vt 0.049234 0.508933
vt 0.049668 0.480481
vt 0.051334 0.480067
vt 0.051312 0.484738
vt 0.049448 0.488917
vt 0.049762 0.513072
vt 0.052274 0.512096
vt 0.052467 0.516775
vt 0.049656 0.519395
vt 0.051323 0.536602
vt 0.052027 0.458672
vt 0.051926 0.463380
vt 0.050243 0.465955
vt 0.051747 0.527795
vt 0.051847 0.531212
vt 0.049245 0.531595
vt 0.056847 0.527923
vt 0.059248 0.531592
vt 0.053506 0.530556
vt 0.053395 0.523537
vt 0.058916 0.522825
vt 0.054233 0.503605
vt 0.058396 0.507488
vt 0.053002 0.508629
vt 0.056143 0.486927
vt 0.051170 0.490021
vt 0.059622 0.519406
vt 0.052473 0.520223
vt 0.058347 0.542743
vt 0.052823 0.541515
vt 0.056116 0.537906
vt 0.050513 0.496786
vt 0.053270 0.496813
vt 0.051227 0.533192
vt 0.053259 0.532840
vt 0.054287 0.477781
vt 0.052277 0.475798
vt 0.055123 0.474121
vt 0.068810 0.529179
vt 0.063590 0.530388
vt 0.063414 0.523538
vt 0.061327 0.484738
vt 0.069795 0.517769
vt 0.064012 0.519335
vt 0.064509 0.514195
vt 0.062296 0.512093
vt 0.064445 0.510668
vt 0.064487 0.476634
vt 0.062299 0.475803
vt 0.064018 0.469722
vt 0.061335 0.536590
vt 0.061245 0.533183
vt 0.063746 0.532805
vt 0.061643 0.502598
vt 0.060989 0.497009
vt 0.061934 0.466809
vt 0.061013 0.462113
vt 0.061852 0.458721
vt 0.063575 0.457301
vt 0.061769 0.527790
vt 0.056830 0.462207
vt 0.059184 0.457241
vt 0.059678 0.469042
vt 0.060554 0.475854
vt 0.061868 0.531207
vt 0.058801 0.492932
vt 0.061104 0.489999
vt 0.058892 0.498929
vt 0.059668 0.536619
vt 0.061259 0.541609
vt 0.059630 0.514354
vt 0.062292 0.518532
vt 0.060377 0.510695
vt 0.059608 0.484946
vt 0.061348 0.480068
vt 0.060988 0.508339
vt 0.059595 0.509729
vt 0.164792 0.531544
vt 0.162116 0.527769
vt 0.169140 0.527843
vt 0.163251 0.518633
vt 0.165158 0.511964
vt 0.167364 0.518393
vt 0.164996 0.477827
vt 0.162404 0.474061
vt 0.167346 0.472972
vt 0.164229 0.541923
vt 0.161537 0.536453
vt 0.167896 0.537808
vt 0.163782 0.503636
vt 0.161283 0.508353
vt 0.161197 0.502461
vt 0.164107 0.498386
vt 0.164366 0.482277
vt 0.164109 0.487366
vt 0.161427 0.481204
vt 0.163021 0.478660
vt 0.162467 0.513282
vt 0.162341 0.469363
vt 0.165220 0.468653
vt 0.160347 0.494089
vt 0.164159 0.492975
vt 0.163566 0.463502
vt 0.161999 0.466798
vt 0.162016 0.462228
vt 0.162812 0.457479
vt 0.161736 0.522828
vt 0.164692 0.522826
vt 0.154902 0.522811
vt 0.159417 0.526942
vt 0.160707 0.477773
vt 0.155337 0.474134
vt 0.156437 0.533380
vt 0.159863 0.535129
vt 0.154359 0.538939
vt 0.161155 0.541480
vt 0.154320 0.542641
vt 0.156351 0.488792
vt 0.161050 0.488491
vt 0.161912 0.531183
vt 0.160325 0.459020
vt 0.160435 0.465962
vt 0.159863 0.480449
vt 0.159595 0.499588
vt 0.157846 0.504959
vt 0.159603 0.509780
vt 0.149094 0.527834
vt 0.150441 0.531474
vt 0.144777 0.531555
vt 0.149408 0.507938
vt 0.143714 0.503633
vt 0.149429 0.499705
vt 0.147574 0.511876
vt 0.152119 0.511845
vt 0.151576 0.515480
vt 0.145164 0.475094
vt 0.145096 0.468985
vt 0.150575 0.470251
vt 0.152116 0.476706
vt 0.147734 0.477984
vt 0.146416 0.536378
vt 0.143979 0.532711
vt 0.149737 0.533764
vt 0.150594 0.537762
vt 0.146428 0.541965
vt 0.149570 0.490217
vt 0.152015 0.489461
vt 0.151247 0.495364
vt 0.151721 0.523047
vt 0.152112 0.527744
vt 0.154918 0.531558
vt 0.151851 0.501684
vt 0.156390 0.497146
vt 0.153013 0.533574
vt 0.154896 0.460952
vt 0.154759 0.465946
vt 0.151139 0.462085
vt 0.151163 0.466361
vt 0.151163 0.457980
vt 0.154697 0.457242
vt 0.151151 0.541695
vt 0.155074 0.477833
vt 0.152455 0.470479
vt 0.155345 0.469065
vt 0.155243 0.518145
vt 0.151601 0.519772
vt 0.154345 0.482278
vt 0.150566 0.483431
vt 0.150591 0.479334
vt 0.154218 0.478582
vt 0.152756 0.508623
vt 0.151158 0.507241
vt 0.127085 0.462359
vt 0.129493 0.457259
vt 0.131139 0.462121
vt 0.131146 0.466365
vt 0.126947 0.467324
vt 0.126375 0.479666
vt 0.130567 0.479340
vt 0.128725 0.484021
vt 0.127591 0.512582
vt 0.132321 0.512119
vt 0.129933 0.518593
vt 0.129807 0.474111
vt 0.132332 0.477463
vt 0.127307 0.477941
vt 0.131461 0.484726
vt 0.131067 0.490001
vt 0.132419 0.516800
vt 0.129809 0.469050
vt 0.132424 0.471622
vt 0.129747 0.537500
vt 0.131485 0.541528
vt 0.128480 0.542669
vt 0.134185 0.531537
vt 0.132088 0.527758
vt 0.139108 0.527838
vt 0.138141 0.483563
vt 0.134015 0.490124
vt 0.134094 0.517983
vt 0.134625 0.511860
vt 0.139743 0.518272
vt 0.133535 0.466308
vt 0.134605 0.474133
vt 0.134614 0.469096
vt 0.132416 0.520216
vt 0.131206 0.508378
vt 0.131119 0.503713
vt 0.133749 0.503630
vt 0.130688 0.496668
vt 0.133679 0.496963
vt 0.142108 0.527752
vt 0.146045 0.488651
vt 0.141312 0.491367
vt 0.141485 0.484723
vt 0.142541 0.514469
vt 0.146116 0.518605
vt 0.144109 0.510741
vt 0.144444 0.497459
vt 0.141495 0.536508
vt 0.141395 0.533097
vt 0.144719 0.466244
vt 0.141151 0.466355
vt 0.141139 0.462097
vt 0.141994 0.458374
vt 0.144711 0.457251
vt 0.144891 0.460949
vt 0.136978 0.460922
vt 0.139208 0.457250
vt 0.138472 0.508890
vt 0.139414 0.502111
vt 0.136394 0.479264
vt 0.140572 0.479326
vt 0.139625 0.489081
vt 0.136402 0.536389
vt 0.139841 0.540777
vt 0.136413 0.541976
vt 0.141140 0.500953
vt 0.139395 0.495433
vt 0.138827 0.533548
vt 0.140054 0.511974
vt 0.142419 0.511051
vt 0.086301 0.536440
vt 0.089634 0.533824
vt 0.089752 0.540823
vt 0.086320 0.542029
vt 0.089323 0.500915
vt 0.091046 0.507224
vt 0.089307 0.508944
vt 0.089739 0.480471
vt 0.091398 0.480060
vt 0.091392 0.484730
vt 0.089468 0.490228
vt 0.092349 0.470479
vt 0.091399 0.536560
vt 0.091252 0.490023
vt 0.091050 0.498476
vt 0.088955 0.460961
vt 0.092201 0.458390
vt 0.092000 0.463384
vt 0.090315 0.465959
vt 0.091821 0.527776
vt 0.091919 0.531194
vt 0.096912 0.457102
vt 0.096902 0.462211
vt 0.096920 0.527904
vt 0.099332 0.531573
vt 0.093581 0.530538
vt 0.093470 0.523515
vt 0.096909 0.522719
vt 0.099750 0.514370
vt 0.097350 0.519515
vt 0.093288 0.515723
vt 0.092640 0.519369
vt 0.093517 0.511627
vt 0.099921 0.510678
vt 0.094077 0.474110
vt 0.099821 0.475500
vt 0.093501 0.477326
vt 0.093664 0.495428
vt 0.093604 0.502048
vt 0.091302 0.533150
vt 0.093918 0.532763
vt 0.094079 0.468776
vt 0.093661 0.508664
vt 0.106912 0.466107
vt 0.102016 0.466814
vt 0.102023 0.463385
vt 0.106942 0.531716
vt 0.103494 0.527934
vt 0.106932 0.527898
vt 0.108995 0.522803
vt 0.103092 0.503633
vt 0.108889 0.506115
vt 0.103091 0.508641
vt 0.101429 0.500965
vt 0.107891 0.501215
vt 0.101430 0.480058
vt 0.106336 0.478447
vt 0.106330 0.482257
vt 0.105720 0.470355
vt 0.109677 0.474110
vt 0.103940 0.476244
vt 0.108426 0.542691
vt 0.102914 0.540268
vt 0.108449 0.538902
vt 0.108264 0.493897
vt 0.103098 0.495419
vt 0.101065 0.507227
vt 0.104090 0.518669
vt 0.102361 0.519114
vt 0.102363 0.512684
vt 0.103842 0.511674
vt 0.102367 0.470487
vt 0.103927 0.467970
vt 0.100484 0.537846
vt 0.103341 0.533582
vt 0.101123 0.492624
vt 0.104396 0.489011
vt 0.101633 0.523071
vt 0.103486 0.521718
vt 0.100333 0.465957
vt 0.096892 0.467322
vt 0.099326 0.503622
vt 0.099344 0.496749
vt 0.096323 0.536430
vt 0.099653 0.533815
vt 0.096339 0.542018
vt 0.098557 0.489318
vt 0.101836 0.527772
vt 0.101937 0.531190
vt 0.100344 0.459124
vt 0.101922 0.458368
vt 0.099763 0.469058
vt 0.099758 0.480466
vt 0.101408 0.484729
vt 0.099324 0.508949
vt 0.122051 0.463389
vt 0.123689 0.458477
vt 0.129045 0.527842
vt 0.129379 0.531560
vt 0.123637 0.530526
vt 0.123528 0.523499
vt 0.129050 0.522796
vt 0.123862 0.490007
vt 0.121439 0.484727
vt 0.124126 0.520539
vt 0.124056 0.514769
vt 0.122956 0.541443
vt 0.126255 0.537836
vt 0.123728 0.508674
vt 0.121101 0.506081
vt 0.123733 0.503627
vt 0.120667 0.496619
vt 0.123675 0.497136
vt 0.124129 0.474112
vt 0.122405 0.471624
vt 0.124132 0.468776
vt 0.121449 0.536528
vt 0.121357 0.533118
vt 0.123985 0.532730
vt 0.121879 0.527761
vt 0.117069 0.462358
vt 0.119472 0.457258
vt 0.121029 0.460066
vt 0.119033 0.522800
vt 0.116961 0.527894
vt 0.117582 0.512579
vt 0.122304 0.512116
vt 0.119912 0.518591
vt 0.119783 0.474110
vt 0.122315 0.477462
vt 0.117301 0.477940
vt 0.121975 0.531181
vt 0.119356 0.531565
vt 0.118704 0.466623
vt 0.119728 0.537509
vt 0.121369 0.541545
vt 0.118463 0.542679
vt 0.119787 0.469051
vt 0.122400 0.516796
vt 0.118711 0.484022
vt 0.121459 0.480059
vt 0.121036 0.490048
vt 0.119379 0.502085
vt 0.119359 0.508609
vt 0.106924 0.460920
vt 0.109412 0.457255
vt 0.111013 0.460066
vt 0.111863 0.527765
vt 0.109773 0.480474
vt 0.110199 0.488338
vt 0.107516 0.512571
vt 0.112288 0.512113
vt 0.109851 0.518605
vt 0.112299 0.477461
vt 0.107258 0.477941
vt 0.110639 0.497816
vt 0.111083 0.506076
vt 0.108872 0.509823
vt 0.111440 0.480061
vt 0.111419 0.484729
vt 0.112382 0.516791
vt 0.112292 0.469341
vt 0.112586 0.474036
vt 0.109131 0.533931
vt 0.111428 0.536538
vt 0.111351 0.541555
vt 0.112032 0.463388
vt 0.110350 0.465966
vt 0.113669 0.458474
vt 0.113618 0.530529
vt 0.113509 0.523507
vt 0.113803 0.490196
vt 0.114106 0.520535
vt 0.114038 0.514760
vt 0.112936 0.541454
vt 0.116235 0.537847
vt 0.111339 0.533129
vt 0.113975 0.532740
vt 0.114112 0.468777
vt 0.113718 0.508671
vt 0.113725 0.503624
vt 0.113664 0.496956
vt 0.327318 0.467342
vt 0.322387 0.465730
vt 0.327306 0.463534
vt 0.327730 0.526400
vt 0.324333 0.530645
vt 0.323890 0.523953
vt 0.327334 0.521397
vt 0.329021 0.507909
vt 0.323231 0.509841
vt 0.323162 0.504081
vt 0.329007 0.484724
vt 0.323377 0.483720
vt 0.326748 0.479636
vt 0.324678 0.516667
vt 0.323104 0.511058
vt 0.328783 0.512835
vt 0.330207 0.475335
vt 0.328342 0.477970
vt 0.324769 0.474120
vt 0.326765 0.541375
vt 0.323323 0.542375
vt 0.321241 0.537775
vt 0.323490 0.533744
vt 0.328988 0.536287
vt 0.329275 0.532525
vt 0.323105 0.476709
vt 0.322733 0.471720
vt 0.324766 0.469108
vt 0.321192 0.499383
vt 0.323295 0.492710
vt 0.322289 0.459307
vt 0.325334 0.459709
vt 0.323868 0.457346
vt 0.315222 0.466036
vt 0.314932 0.460988
vt 0.320601 0.462029
vt 0.320648 0.528027
vt 0.314958 0.531482
vt 0.317217 0.524990
vt 0.321491 0.522290
vt 0.313621 0.503655
vt 0.316301 0.498530
vt 0.319241 0.506139
vt 0.321066 0.473741
vt 0.317804 0.477960
vt 0.315413 0.474130
vt 0.315385 0.469074
vt 0.320999 0.467971
vt 0.314267 0.533711
vt 0.320193 0.532607
vt 0.320923 0.541632
vt 0.316741 0.542604
vt 0.314624 0.538682
vt 0.318889 0.492939
vt 0.314515 0.485265
vt 0.319541 0.486887
vt 0.322306 0.528863
vt 0.320553 0.457321
vt 0.320735 0.467120
vt 0.321584 0.491400
vt 0.322542 0.514534
vt 0.322728 0.519196
vt 0.320993 0.519445
vt 0.318693 0.480834
vt 0.321754 0.483527
vt 0.321507 0.507866
vt 0.311736 0.530766
vt 0.308632 0.531603
vt 0.309526 0.526353
vt 0.310551 0.516943
vt 0.312086 0.520414
vt 0.307041 0.520432
vt 0.306989 0.537637
vt 0.309015 0.532530
vt 0.310939 0.537441
vt 0.308744 0.503677
vt 0.311703 0.498828
vt 0.311477 0.507844
vt 0.308760 0.508738
vt 0.309079 0.484770
vt 0.312080 0.486773
vt 0.309048 0.490910
vt 0.310115 0.470261
vt 0.312162 0.468852
vt 0.312711 0.474051
vt 0.311306 0.476583
vt 0.309387 0.463416
vt 0.312273 0.466075
vt 0.309347 0.467207
vt 0.312391 0.523015
vt 0.312372 0.527687
vt 0.311657 0.493048
vt 0.311890 0.459195
vt 0.314825 0.457271
vt 0.311836 0.542099
vt 0.312767 0.477474
vt 0.311718 0.480040
vt 0.314653 0.478554
vt 0.314076 0.509210
vt 0.285158 0.466033
vt 0.284844 0.460986
vt 0.290605 0.461065
vt 0.287542 0.526463
vt 0.289328 0.521548
vt 0.291340 0.526474
vt 0.291685 0.530774
vt 0.288598 0.531612
vt 0.286188 0.502191
vt 0.290995 0.501407
vt 0.289889 0.507477
vt 0.283991 0.507977
vt 0.284590 0.478559
vt 0.291402 0.479999
vt 0.286960 0.483404
vt 0.290519 0.515705
vt 0.291261 0.520567
vt 0.287716 0.520217
vt 0.283184 0.499069
vt 0.289397 0.495449
vt 0.283592 0.492974
vt 0.288634 0.489704
vt 0.291619 0.484703
vt 0.291526 0.491385
vt 0.292053 0.510955
vt 0.292668 0.516895
vt 0.290076 0.470270
vt 0.292110 0.468839
vt 0.292161 0.476426
vt 0.299339 0.467205
vt 0.293816 0.465980
vt 0.296979 0.462361
vt 0.293302 0.480608
vt 0.299089 0.484774
vt 0.293829 0.487731
vt 0.298772 0.479727
vt 0.294724 0.514459
vt 0.297734 0.510620
vt 0.300508 0.514426
vt 0.296414 0.537576
vt 0.294633 0.542494
vt 0.292621 0.537571
vt 0.292267 0.533273
vt 0.295368 0.532428
vt 0.292316 0.461057
vt 0.292229 0.457647
vt 0.294896 0.457260
vt 0.293639 0.492974
vt 0.295334 0.519498
vt 0.294057 0.507539
vt 0.292012 0.508957
vt 0.293205 0.498807
vt 0.304035 0.526864
vt 0.309068 0.522110
vt 0.303194 0.509836
vt 0.303190 0.506168
vt 0.302288 0.502589
vt 0.306683 0.497511
vt 0.303380 0.487522
vt 0.302054 0.479998
vt 0.308781 0.479721
vt 0.305179 0.515855
vt 0.307736 0.510625
vt 0.310974 0.511968
vt 0.304740 0.471527
vt 0.308461 0.475885
vt 0.303454 0.534958
vt 0.301472 0.508411
vt 0.302687 0.519181
vt 0.303993 0.477717
vt 0.302216 0.475882
vt 0.301298 0.497194
vt 0.303190 0.495466
vt 0.304019 0.461881
vt 0.302250 0.459308
vt 0.306601 0.457765
vt 0.302178 0.523021
vt 0.303852 0.521629
vt 0.300539 0.529083
vt 0.294925 0.531490
vt 0.294901 0.527763
vt 0.295199 0.522715
vt 0.299417 0.506263
vt 0.295719 0.501923
vt 0.300970 0.471636
vt 0.297879 0.476889
vt 0.295369 0.470297
vt 0.300969 0.467969
vt 0.298994 0.492042
vt 0.302267 0.529459
vt 0.300525 0.457320
vt 0.300570 0.462019
vt 0.302613 0.466312
vt 0.299961 0.537167
vt 0.301728 0.533662
vt 0.302575 0.540051
vt 0.301609 0.542110
vt 0.302693 0.469380
vt 0.301943 0.510968
vt 0.303346 0.513425
vt 0.301650 0.487458
vt 0.245085 0.466030
vt 0.244767 0.460983
vt 0.250556 0.460978
vt 0.249325 0.503675
vt 0.248311 0.508458
vt 0.245629 0.501938
vt 0.244519 0.478563
vt 0.251585 0.479802
vt 0.246883 0.483407
vt 0.243117 0.499054
vt 0.248929 0.491926
vt 0.250736 0.496659
vt 0.251388 0.503688
vt 0.251545 0.484709
vt 0.251494 0.490058
vt 0.251198 0.511985
vt 0.252613 0.516836
vt 0.249998 0.518283
vt 0.250448 0.471638
vt 0.251967 0.468162
vt 0.253376 0.471024
vt 0.249293 0.525356
vt 0.252177 0.522693
vt 0.251787 0.529562
vt 0.259267 0.467201
vt 0.252147 0.466232
vt 0.256906 0.462358
vt 0.258701 0.479733
vt 0.259012 0.484778
vt 0.253204 0.484891
vt 0.254663 0.514444
vt 0.252650 0.511088
vt 0.257635 0.510603
vt 0.260440 0.514410
vt 0.257852 0.475615
vt 0.252680 0.476369
vt 0.260060 0.469815
vt 0.252238 0.461054
vt 0.252190 0.457644
vt 0.254854 0.457255
vt 0.253126 0.500033
vt 0.254045 0.491488
vt 0.254515 0.538743
vt 0.251622 0.541049
vt 0.252021 0.534529
vt 0.255291 0.519485
vt 0.253535 0.506148
vt 0.252008 0.509623
vt 0.264228 0.527761
vt 0.265128 0.522730
vt 0.270094 0.526827
vt 0.263117 0.508034
vt 0.264187 0.500129
vt 0.268653 0.507494
vt 0.262556 0.483482
vt 0.266912 0.483404
vt 0.262708 0.488272
vt 0.264681 0.514447
vt 0.270523 0.518217
vt 0.264672 0.519459
vt 0.262980 0.511203
vt 0.267598 0.510609
vt 0.270913 0.511935
vt 0.267851 0.475610
vt 0.262641 0.476050
vt 0.264811 0.469648
vt 0.266918 0.537679
vt 0.264565 0.542524
vt 0.262566 0.537604
vt 0.263376 0.533796
vt 0.268937 0.532572
vt 0.262963 0.493907
vt 0.266591 0.491731
vt 0.261640 0.480051
vt 0.264545 0.478562
vt 0.262156 0.518396
vt 0.260960 0.497952
vt 0.260467 0.527798
vt 0.259378 0.531508
vt 0.254838 0.527779
vt 0.255127 0.522732
vt 0.259341 0.506258
vt 0.255032 0.510002
vt 0.256137 0.497155
vt 0.255286 0.533683
vt 0.259599 0.532622
vt 0.259887 0.537208
vt 0.259276 0.490846
vt 0.261859 0.523003
vt 0.262192 0.529467
vt 0.261717 0.457557
vt 0.262177 0.461058
vt 0.260499 0.462014
vt 0.262200 0.466073
vt 0.262619 0.469388
vt 0.261399 0.507270
vt 0.282217 0.457616
vt 0.287278 0.457133
vt 0.284710 0.514455
vt 0.282711 0.511099
vt 0.287686 0.510617
vt 0.287925 0.475614
vt 0.282731 0.476374
vt 0.284846 0.469657
vt 0.289060 0.536283
vt 0.288762 0.541331
vt 0.281873 0.536354
vt 0.284510 0.532557
vt 0.283307 0.484716
vt 0.281355 0.508413
vt 0.281426 0.503750
vt 0.281657 0.479687
vt 0.282655 0.519206
vt 0.282448 0.514513
vt 0.282655 0.471718
vt 0.281512 0.491385
vt 0.280538 0.528066
vt 0.274945 0.531503
vt 0.276966 0.526396
vt 0.279327 0.521553
vt 0.279370 0.503681
vt 0.273753 0.508009
vt 0.275695 0.501928
vt 0.280997 0.473759
vt 0.277670 0.477957
vt 0.275414 0.474127
vt 0.275372 0.469068
vt 0.280936 0.467967
vt 0.279656 0.536307
vt 0.278763 0.541339
vt 0.273786 0.537244
vt 0.274496 0.532571
vt 0.273152 0.498831
vt 0.278948 0.494072
vt 0.273561 0.491610
vt 0.279336 0.486944
vt 0.282585 0.522448
vt 0.282229 0.528886
vt 0.282213 0.461059
vt 0.280534 0.462014
vt 0.282218 0.465713
vt 0.279437 0.467194
vt 0.281611 0.532933
vt 0.281352 0.498465
vt 0.272198 0.522776
vt 0.271385 0.480002
vt 0.271601 0.536370
vt 0.271640 0.541524
vt 0.272651 0.471680
vt 0.271205 0.476584
vt 0.270541 0.469914
vt 0.272285 0.527703
vt 0.273776 0.465985
vt 0.276953 0.462362
vt 0.272266 0.461055
vt 0.272191 0.457645
vt 0.274788 0.457266
vt 0.272687 0.477469
vt 0.271407 0.508397
vt 0.271410 0.501004
vt 0.166201 0.508780
vt 0.169540 0.503616
vt 0.168508 0.478569
vt 0.169879 0.483573
vt 0.170833 0.514579
vt 0.170723 0.510741
vt 0.172376 0.519130
vt 0.172484 0.469358
vt 0.170834 0.475596
vt 0.166457 0.532542
vt 0.170644 0.533513
vt 0.171161 0.541707
vt 0.171254 0.490029
vt 0.171129 0.495390
vt 0.171643 0.480060
vt 0.171563 0.484753
vt 0.172599 0.474060
vt 0.172236 0.537055
vt 0.171937 0.457614
vt 0.172030 0.462178
vt 0.169120 0.460950
vt 0.169110 0.466011
vt 0.171741 0.523058
vt 0.172144 0.527766
vt 0.172059 0.531192
vt 0.177166 0.462108
vt 0.179350 0.466400
vt 0.173636 0.462462
vt 0.174795 0.457252
vt 0.178223 0.504853
vt 0.178618 0.509094
vt 0.172910 0.507312
vt 0.172858 0.499384
vt 0.176353 0.499737
vt 0.178611 0.488521
vt 0.178674 0.482334
vt 0.178777 0.478584
vt 0.175233 0.518638
vt 0.172807 0.513042
vt 0.179818 0.513579
vt 0.177482 0.510542
vt 0.174402 0.542620
vt 0.178555 0.538915
vt 0.178891 0.533641
vt 0.173857 0.491996
vt 0.174970 0.522796
vt 0.172200 0.466831
vt 0.170380 0.509095
vt 0.171206 0.502471
vt 0.184943 0.460971
vt 0.183530 0.457348
vt 0.187050 0.457109
vt 0.182975 0.499716
vt 0.188707 0.497103
vt 0.188606 0.503645
vt 0.183123 0.490006
vt 0.182333 0.483447
vt 0.186616 0.483402
vt 0.184237 0.516791
vt 0.184082 0.510764
vt 0.188070 0.511499
vt 0.188062 0.518407
vt 0.189729 0.470264
vt 0.187941 0.477180
vt 0.184138 0.470419
vt 0.182992 0.506144
vt 0.181538 0.508922
vt 0.181233 0.502457
vt 0.182378 0.519146
vt 0.182478 0.513287
vt 0.181505 0.539986
vt 0.181800 0.534102
vt 0.184234 0.539726
vt 0.181291 0.492679
vt 0.182880 0.466365
vt 0.181701 0.461944
vt 0.181925 0.457615
vt 0.179647 0.496880
vt 0.179162 0.527838
vt 0.180532 0.522930
vt 0.182068 0.526593
vt 0.182076 0.521990
vt 0.181981 0.531174
vt 0.179915 0.542528
vt 0.182308 0.479337
vt 0.201834 0.501448
vt 0.205545 0.497451
vt 0.203909 0.504783
vt 0.202136 0.483840
vt 0.206806 0.483408
vt 0.204301 0.488358
vt 0.201696 0.492905
vt 0.201284 0.508379
vt 0.201439 0.480050
vt 0.204444 0.478568
vt 0.205163 0.474117
vt 0.202799 0.476943
vt 0.202517 0.469935
vt 0.205157 0.469059
vt 0.204802 0.538260
vt 0.201441 0.541113
vt 0.201458 0.536441
vt 0.204698 0.533345
vt 0.205012 0.466032
vt 0.202068 0.462229
vt 0.204685 0.460982
vt 0.204703 0.527801
vt 0.202081 0.530054
vt 0.203112 0.523734
vt 0.194821 0.461026
vt 0.200445 0.462036
vt 0.197074 0.466114
vt 0.200412 0.528026
vt 0.194668 0.531530
vt 0.194666 0.527806
vt 0.197089 0.522672
vt 0.201997 0.521963
vt 0.196504 0.478435
vt 0.196784 0.483407
vt 0.195106 0.470286
vt 0.200788 0.467960
vt 0.200656 0.473845
vt 0.196650 0.537766
vt 0.198900 0.532650
vt 0.196524 0.542731
vt 0.198731 0.490203
vt 0.199724 0.496891
vt 0.194113 0.495457
vt 0.193519 0.501454
vt 0.201168 0.510806
vt 0.202828 0.512142
vt 0.200786 0.516951
vt 0.198638 0.503649
vt 0.184818 0.526991
vt 0.189324 0.522839
vt 0.191144 0.526842
vt 0.189270 0.531539
vt 0.192405 0.512125
vt 0.192364 0.518059
vt 0.190585 0.537888
vt 0.188724 0.542596
vt 0.191264 0.502484
vt 0.191426 0.484718
vt 0.191323 0.492625
vt 0.188754 0.490010
vt 0.192493 0.469918
vt 0.192405 0.476701
vt 0.189956 0.533584
vt 0.191687 0.533012
vt 0.192332 0.541832
vt 0.192900 0.522417
vt 0.192065 0.530056
vt 0.197582 0.477947
vt 0.194097 0.476689
vt 0.192885 0.466376
vt 0.191698 0.461940
vt 0.193040 0.490372
vt 0.193159 0.537431
vt 0.191431 0.508403
vt 0.248529 0.530405
vt 0.244209 0.531477
vt 0.243924 0.526889
vt 0.242521 0.483482
vt 0.243809 0.487441
vt 0.247848 0.512953
vt 0.244768 0.518895
vt 0.250872 0.476609
vt 0.247614 0.477952
vt 0.244637 0.471549
vt 0.248957 0.467785
vt 0.248994 0.536325
vt 0.248690 0.541372
vt 0.241799 0.536396
vt 0.242915 0.507746
vt 0.241277 0.508407
vt 0.241363 0.503740
vt 0.241246 0.479457
vt 0.242676 0.477474
vt 0.241453 0.472459
vt 0.243531 0.492966
vt 0.241437 0.491406
vt 0.241708 0.530356
vt 0.241995 0.525391
vt 0.242217 0.521939
vt 0.235074 0.466036
vt 0.234781 0.460986
vt 0.240418 0.459677
vt 0.241804 0.465756
vt 0.234882 0.531521
vt 0.234822 0.527787
vt 0.237168 0.522654
vt 0.239311 0.503671
vt 0.234664 0.509160
vt 0.235618 0.501918
vt 0.238893 0.492058
vt 0.233694 0.487666
vt 0.239844 0.483885
vt 0.240857 0.520587
vt 0.235114 0.518678
vt 0.242043 0.517687
vt 0.237385 0.512634
vt 0.241107 0.511766
vt 0.241002 0.476269
vt 0.237627 0.477954
vt 0.235344 0.474123
vt 0.235310 0.469067
vt 0.242136 0.469028
vt 0.234023 0.537752
vt 0.235446 0.532572
vt 0.239591 0.536347
vt 0.241661 0.541076
vt 0.236602 0.542689
vt 0.233492 0.494195
vt 0.241533 0.532975
vt 0.241289 0.498445
vt 0.230513 0.527701
vt 0.228473 0.531639
vt 0.224728 0.527794
vt 0.227141 0.522660
vt 0.232084 0.521951
vt 0.224468 0.478566
vt 0.231502 0.480044
vt 0.226828 0.483406
vt 0.226844 0.537722
vt 0.228905 0.532615
vt 0.231262 0.535462
vt 0.231515 0.541082
vt 0.226578 0.542699
vt 0.228606 0.503656
vt 0.231389 0.501320
vt 0.231372 0.506065
vt 0.230715 0.496630
vt 0.228649 0.508709
vt 0.231514 0.484713
vt 0.231457 0.490035
vt 0.228880 0.490922
vt 0.229961 0.470241
vt 0.232563 0.469386
vt 0.232583 0.474042
vt 0.232337 0.477198
vt 0.230111 0.457300
vt 0.232122 0.462220
vt 0.230004 0.461930
vt 0.233129 0.523765
vt 0.232136 0.530395
vt 0.234476 0.482354
vt 0.234507 0.478564
vt 0.210405 0.462020
vt 0.210406 0.528090
vt 0.204729 0.531529
vt 0.207108 0.522668
vt 0.212016 0.521959
vt 0.209349 0.505867
vt 0.204113 0.509416
vt 0.211456 0.480047
vt 0.210926 0.473685
vt 0.207587 0.477948
vt 0.210805 0.467961
vt 0.211460 0.541104
vt 0.206544 0.542720
vt 0.209198 0.496240
vt 0.211306 0.502487
vt 0.212155 0.483838
vt 0.211711 0.492907
vt 0.209542 0.490479
vt 0.211181 0.510809
vt 0.213255 0.511411
vt 0.210803 0.516948
vt 0.212527 0.468288
vt 0.212549 0.472879
vt 0.213087 0.523789
vt 0.216823 0.483407
vt 0.214272 0.488602
vt 0.215194 0.514418
vt 0.217603 0.510588
vt 0.217350 0.475912
vt 0.213336 0.476885
vt 0.215062 0.469872
vt 0.213194 0.536454
vt 0.216491 0.532505
vt 0.216840 0.537732
vt 0.214988 0.495491
vt 0.214745 0.527797
vt 0.212099 0.530052
vt 0.215025 0.466033
vt 0.212085 0.462224
vt 0.214858 0.461028
vt 0.211477 0.536432
vt 0.215165 0.519470
vt 0.212520 0.518027
vt 0.214456 0.478567
vt 0.214614 0.507465
vt 0.211304 0.508382
vt 0.213419 0.500016
vt 0.223055 0.509816
vt 0.222988 0.504010
vt 0.226508 0.497510
vt 0.227983 0.514382
vt 0.230546 0.519405
vt 0.224729 0.518876
vt 0.224589 0.471517
vt 0.228315 0.475868
vt 0.223280 0.536056
vt 0.221239 0.508399
vt 0.221318 0.502383
vt 0.223258 0.483748
vt 0.221478 0.480046
vt 0.222631 0.477470
vt 0.222350 0.474046
vt 0.221477 0.541095
vt 0.221495 0.536421
vt 0.225035 0.466032
vt 0.221808 0.462456
vt 0.224127 0.460995
vt 0.221615 0.530715
vt 0.223102 0.523791
vt 0.220378 0.458481
vt 0.217120 0.522664
vt 0.220436 0.526752
vt 0.222033 0.521954
vt 0.219014 0.496843
vt 0.219277 0.503665
vt 0.220817 0.520578
vt 0.220890 0.514797
vt 0.216553 0.542710
vt 0.219507 0.490691
vt 0.221381 0.492632
vt 0.222540 0.518029
vt 0.221487 0.484713
vt 0.647555 0.467121
vt 0.644130 0.465836
vt 0.647542 0.462266
vt 0.646988 0.482211
vt 0.649394 0.490922
vt 0.643611 0.488812
vt 0.641970 0.484610
vt 0.643563 0.480552
vt 0.643125 0.518103
vt 0.643032 0.512498
vt 0.644923 0.512188
vt 0.644933 0.475948
vt 0.643034 0.476595
vt 0.643035 0.471806
vt 0.644995 0.469321
vt 0.643575 0.540088
vt 0.641966 0.540482
vt 0.642059 0.534894
vt 0.643578 0.533587
vt 0.643985 0.502010
vt 0.641802 0.498652
vt 0.643489 0.495468
vt 0.645267 0.527506
vt 0.642431 0.529743
vt 0.642521 0.525246
vt 0.644143 0.522803
vt 0.637614 0.462267
vt 0.635220 0.457502
vt 0.640959 0.458537
vt 0.637637 0.522639
vt 0.642523 0.521977
vt 0.635527 0.470073
vt 0.642852 0.468514
vt 0.641405 0.473738
vt 0.640509 0.534196
vt 0.641724 0.511208
vt 0.641333 0.514646
vt 0.641330 0.519732
vt 0.641915 0.490012
vt 0.639297 0.490271
vt 0.639279 0.502226
vt 0.642923 0.508046
vt 0.640254 0.508586
vt 0.625490 0.457461
vt 0.631117 0.460997
vt 0.625574 0.461057
vt 0.627679 0.466028
vt 0.627691 0.522613
vt 0.632583 0.521943
vt 0.632580 0.525239
vt 0.627109 0.478559
vt 0.632024 0.480131
vt 0.624985 0.482283
vt 0.632030 0.484622
vt 0.627322 0.488580
vt 0.632584 0.517788
vt 0.625580 0.513384
vt 0.630956 0.512079
vt 0.631552 0.520546
vt 0.625862 0.519550
vt 0.632026 0.540521
vt 0.627124 0.542096
vt 0.624998 0.538375
vt 0.629261 0.503814
vt 0.631864 0.498574
vt 0.633051 0.504516
vt 0.629324 0.497287
vt 0.630306 0.508617
vt 0.632121 0.534881
vt 0.630562 0.534179
vt 0.631959 0.490052
vt 0.637626 0.467164
vt 0.634195 0.463566
vt 0.634680 0.483931
vt 0.635675 0.514637
vt 0.633381 0.512177
vt 0.638149 0.510974
vt 0.637879 0.475839
vt 0.633413 0.476568
vt 0.635553 0.527567
vt 0.632669 0.529733
vt 0.634212 0.522774
vt 0.633646 0.540123
vt 0.633748 0.533401
vt 0.633098 0.470089
vt 0.635657 0.519477
vt 0.633629 0.478798
vt 0.633557 0.508937
vt 0.631862 0.509431
vt 0.633541 0.496784
vt 0.610028 0.460197
vt 0.613476 0.466303
vt 0.607749 0.466080
vt 0.605818 0.513680
vt 0.607873 0.510810
vt 0.611557 0.512046
vt 0.612816 0.517883
vt 0.608178 0.519644
vt 0.611556 0.476047
vt 0.606308 0.475293
vt 0.609532 0.470002
vt 0.607024 0.491407
vt 0.610394 0.497263
vt 0.605091 0.499953
vt 0.611102 0.504902
vt 0.613091 0.499123
vt 0.614009 0.468879
vt 0.614026 0.473058
vt 0.611968 0.490037
vt 0.612858 0.494192
vt 0.612734 0.462269
vt 0.610036 0.522440
vt 0.613579 0.522343
vt 0.613589 0.526498
vt 0.613581 0.530515
vt 0.610073 0.531233
vt 0.609881 0.527621
vt 0.620010 0.460205
vt 0.614286 0.459254
vt 0.617707 0.457292
vt 0.617100 0.487479
vt 0.613698 0.484990
vt 0.617151 0.479322
vt 0.618003 0.476575
vt 0.614653 0.477666
vt 0.619528 0.496554
vt 0.615045 0.538396
vt 0.613016 0.541306
vt 0.612201 0.534871
vt 0.615035 0.533478
vt 0.613175 0.476677
vt 0.614721 0.519475
vt 0.615800 0.513704
vt 0.627682 0.527622
vt 0.625265 0.531175
vt 0.623547 0.526485
vt 0.623597 0.502577
vt 0.622868 0.479421
vt 0.623615 0.495483
vt 0.623507 0.508890
vt 0.621909 0.509462
vt 0.621910 0.506145
vt 0.623736 0.488842
vt 0.622073 0.484632
vt 0.622782 0.517869
vt 0.625692 0.474127
vt 0.623142 0.476652
vt 0.623145 0.471784
vt 0.625007 0.477669
vt 0.625692 0.469237
vt 0.622976 0.541263
vt 0.622168 0.534875
vt 0.623703 0.533545
vt 0.621911 0.498629
vt 0.623440 0.466277
vt 0.622701 0.462269
vt 0.617721 0.466055
vt 0.617726 0.527636
vt 0.620014 0.522464
vt 0.621905 0.528620
vt 0.620052 0.531194
vt 0.620345 0.508642
vt 0.614779 0.509865
vt 0.614647 0.505312
vt 0.617844 0.510848
vt 0.621526 0.512079
vt 0.618144 0.519620
vt 0.621526 0.476026
vt 0.619511 0.470019
vt 0.623539 0.522366
vt 0.621937 0.490043
vt 0.623146 0.468472
vt 0.618859 0.502561
vt 0.569840 0.527644
vt 0.571224 0.531268
vt 0.566010 0.530797
vt 0.570187 0.503757
vt 0.564470 0.502365
vt 0.570206 0.497100
vt 0.566439 0.468505
vt 0.571654 0.470367
vt 0.568386 0.475941
vt 0.567188 0.538523
vt 0.570633 0.540302
vt 0.567200 0.542326
vt 0.564531 0.495513
vt 0.571925 0.498577
vt 0.572269 0.507654
vt 0.570185 0.509068
vt 0.570619 0.480419
vt 0.572277 0.480012
vt 0.572272 0.484670
vt 0.570399 0.488899
vt 0.570609 0.514564
vt 0.574089 0.513572
vt 0.573224 0.518736
vt 0.571911 0.510985
vt 0.570434 0.519652
vt 0.570514 0.533322
vt 0.572282 0.536053
vt 0.569840 0.461013
vt 0.572784 0.458785
vt 0.572880 0.463430
vt 0.571194 0.465995
vt 0.571208 0.522664
vt 0.573098 0.526157
vt 0.577763 0.466135
vt 0.572850 0.466848
vt 0.577796 0.531479
vt 0.573501 0.530581
vt 0.579869 0.527636
vt 0.577779 0.522520
vt 0.576991 0.488618
vt 0.572130 0.490066
vt 0.577189 0.478415
vt 0.579289 0.482253
vt 0.580553 0.513666
vt 0.575899 0.519830
vt 0.575925 0.510873
vt 0.577211 0.542300
vt 0.572292 0.540709
vt 0.579300 0.538460
vt 0.577186 0.532978
vt 0.574471 0.497034
vt 0.585484 0.531312
vt 0.583162 0.526681
vt 0.589873 0.527627
vt 0.584096 0.513589
vt 0.585945 0.510895
vt 0.588222 0.514534
vt 0.587206 0.538492
vt 0.582295 0.536046
vt 0.587195 0.532955
vt 0.583705 0.487409
vt 0.587190 0.487351
vt 0.586937 0.492976
vt 0.582032 0.503845
vt 0.581938 0.495804
vt 0.584441 0.497526
vt 0.585491 0.466257
vt 0.581937 0.466373
vt 0.581942 0.462144
vt 0.581952 0.458054
vt 0.584338 0.457409
vt 0.585650 0.461003
vt 0.582709 0.530963
vt 0.578227 0.470284
vt 0.583137 0.474072
vt 0.575831 0.475887
vt 0.581381 0.541410
vt 0.581951 0.522281
vt 0.580426 0.489108
vt 0.582175 0.485929
vt 0.580217 0.502237
vt 0.580198 0.495507
vt 0.580630 0.533497
vt 0.583236 0.477463
vt 0.581735 0.477750
vt 0.584111 0.518412
vt 0.582391 0.519923
vt 0.581365 0.479300
vt 0.604315 0.459227
vt 0.607740 0.457257
vt 0.606932 0.508827
vt 0.602788 0.509175
vt 0.602806 0.505158
vt 0.603679 0.488686
vt 0.607181 0.484768
vt 0.603050 0.483367
vt 0.607178 0.479295
vt 0.602793 0.496951
vt 0.604751 0.519498
vt 0.603092 0.518161
vt 0.603195 0.476701
vt 0.602330 0.470357
vt 0.604685 0.477698
vt 0.604044 0.468858
vt 0.602036 0.491425
vt 0.603606 0.466326
vt 0.602764 0.462269
vt 0.599859 0.461012
vt 0.601095 0.466103
vt 0.595495 0.465945
vt 0.597090 0.488759
vt 0.594962 0.482203
vt 0.600478 0.487475
vt 0.594842 0.478592
vt 0.600498 0.479359
vt 0.600543 0.512011
vt 0.598206 0.518417
vt 0.600646 0.540270
vt 0.595104 0.542105
vt 0.594911 0.537641
vt 0.601216 0.522735
vt 0.603608 0.522323
vt 0.603621 0.526515
vt 0.603616 0.530554
vt 0.601225 0.531191
vt 0.599885 0.527634
vt 0.602653 0.457739
vt 0.600635 0.533161
vt 0.603045 0.533132
vt 0.603057 0.537313
vt 0.600380 0.477807
vt 0.600477 0.474120
vt 0.599344 0.503784
vt 0.600416 0.496971
vt 0.590028 0.457349
vt 0.591941 0.462141
vt 0.592701 0.530938
vt 0.589042 0.503818
vt 0.590329 0.497334
vt 0.590375 0.509065
vt 0.586937 0.508868
vt 0.593131 0.512353
vt 0.590466 0.518795
vt 0.586886 0.469974
vt 0.593122 0.474064
vt 0.585848 0.475880
vt 0.591428 0.489509
vt 0.591942 0.498610
vt 0.592266 0.507600
vt 0.593971 0.517609
vt 0.591953 0.522297
vt 0.593140 0.526667
vt 0.593630 0.460022
vt 0.595524 0.531285
vt 0.596978 0.508828
vt 0.593673 0.503764
vt 0.593490 0.496951
vt 0.596963 0.497030
vt 0.594860 0.511838
vt 0.594863 0.476451
vt 0.595951 0.469968
vt 0.591939 0.466353
vt 0.591383 0.541380
vt 0.593138 0.477463
vt 0.593655 0.488898
vt 0.591357 0.483385
vt 0.591367 0.479317
vt 0.487888 0.462380
vt 0.489972 0.457282
vt 0.491057 0.463617
vt 0.487611 0.467361
vt 0.488386 0.532223
vt 0.491472 0.533061
vt 0.487339 0.537374
vt 0.488689 0.481028
vt 0.492315 0.479976
vt 0.492114 0.484680
vt 0.489515 0.488914
vt 0.490387 0.514526
vt 0.491789 0.510942
vt 0.493090 0.514591
vt 0.490412 0.519577
vt 0.491126 0.537364
vt 0.492067 0.541154
vt 0.489131 0.542286
vt 0.489595 0.495522
vt 0.491861 0.491430
vt 0.500042 0.461008
vt 0.499717 0.466056
vt 0.494264 0.461093
vt 0.492896 0.466284
vt 0.497579 0.457157
vt 0.496294 0.531518
vt 0.493218 0.530678
vt 0.497355 0.526366
vt 0.499142 0.478535
vt 0.498789 0.482867
vt 0.493752 0.493244
vt 0.499107 0.488607
vt 0.497533 0.497498
vt 0.493564 0.526379
vt 0.492649 0.522946
vt 0.495566 0.521455
vt 0.492640 0.459884
vt 0.491829 0.501217
vt 0.494483 0.476600
vt 0.492441 0.475153
vt 0.495680 0.470284
vt 0.494818 0.512055
vt 0.496364 0.518339
vt 0.510002 0.461011
vt 0.509720 0.466062
vt 0.504385 0.459697
vt 0.510108 0.457293
vt 0.504402 0.528964
vt 0.505894 0.522043
vt 0.507936 0.526295
vt 0.503846 0.503745
vt 0.501808 0.498445
vt 0.507565 0.501989
vt 0.509887 0.487303
vt 0.504407 0.491944
vt 0.503811 0.483857
vt 0.510549 0.518789
vt 0.504822 0.520694
vt 0.504823 0.517026
vt 0.504827 0.471661
vt 0.510400 0.474153
vt 0.504686 0.476298
vt 0.504829 0.467991
vt 0.510433 0.469100
vt 0.505319 0.541695
vt 0.503823 0.536948
vt 0.509321 0.537453
vt 0.505308 0.532317
vt 0.509685 0.494250
vt 0.502765 0.518435
vt 0.504575 0.511873
vt 0.502639 0.475828
vt 0.503104 0.469424
vt 0.501731 0.540829
vt 0.502053 0.534372
vt 0.501756 0.493089
vt 0.502986 0.466063
vt 0.502656 0.461084
vt 0.498047 0.510703
vt 0.501051 0.514543
vt 0.497812 0.475636
vt 0.500919 0.469697
vt 0.494992 0.541108
vt 0.494681 0.536061
vt 0.500327 0.534146
vt 0.500905 0.526777
vt 0.502674 0.529347
vt 0.500105 0.531415
vt 0.502325 0.457606
vt 0.502172 0.511331
vt 0.502405 0.479707
vt 0.502033 0.485939
vt 0.501753 0.503810
vt 0.501793 0.508467
vt 0.500071 0.508709
vt 0.530095 0.461013
vt 0.527686 0.466147
vt 0.524373 0.462048
vt 0.522749 0.466854
vt 0.523627 0.526352
vt 0.530084 0.527658
vt 0.524437 0.530172
vt 0.529779 0.522611
vt 0.523879 0.506322
vt 0.523951 0.496310
vt 0.527595 0.501979
vt 0.526829 0.483378
vt 0.524612 0.489972
vt 0.522168 0.484679
vt 0.522177 0.480008
vt 0.527108 0.478397
vt 0.524863 0.469780
vt 0.528351 0.475946
vt 0.523427 0.476373
vt 0.529206 0.542242
vt 0.522386 0.541102
vt 0.528869 0.537914
vt 0.529657 0.494250
vt 0.525317 0.514519
vt 0.523648 0.519346
vt 0.522491 0.513529
vt 0.523404 0.511156
vt 0.523142 0.470541
vt 0.522179 0.536103
vt 0.522087 0.532692
vt 0.524134 0.532339
vt 0.521888 0.492691
vt 0.521703 0.465035
vt 0.520418 0.459314
vt 0.517671 0.466145
vt 0.514796 0.461957
vt 0.520104 0.509898
vt 0.514518 0.508791
vt 0.520622 0.506900
vt 0.514560 0.503736
vt 0.521631 0.502383
vt 0.520206 0.489006
vt 0.514440 0.491098
vt 0.518818 0.482867
vt 0.514848 0.512054
vt 0.518097 0.510711
vt 0.520648 0.515940
vt 0.521092 0.471562
vt 0.521851 0.477739
vt 0.517378 0.475898
vt 0.523209 0.458091
vt 0.520106 0.495506
vt 0.520397 0.535730
vt 0.519196 0.542253
vt 0.520557 0.520205
vt 0.512394 0.522889
vt 0.511776 0.506144
vt 0.505050 0.508784
vt 0.508295 0.512748
vt 0.513036 0.512289
vt 0.513066 0.477497
vt 0.508053 0.477982
vt 0.511690 0.534250
vt 0.509192 0.482326
vt 0.512361 0.479679
vt 0.512142 0.484680
vt 0.513119 0.518137
vt 0.513119 0.471705
vt 0.511924 0.490060
vt 0.512439 0.496479
vt 0.511761 0.501484
vt 0.512610 0.527594
vt 0.512696 0.531005
vt 0.510006 0.531394
vt 0.512943 0.465986
vt 0.519770 0.522618
vt 0.520097 0.527663
vt 0.514317 0.527584
vt 0.516639 0.497574
vt 0.517092 0.478398
vt 0.513656 0.538656
vt 0.516830 0.537409
vt 0.514237 0.521535
vt 0.512676 0.461085
vt 0.514775 0.532311
vt 0.514518 0.476603
vt 0.515722 0.470290
vt 0.514522 0.468035
vt 0.567755 0.466145
vt 0.562860 0.466857
vt 0.562864 0.463431
vt 0.562872 0.458761
vt 0.569929 0.457303
vt 0.563636 0.526247
vt 0.567769 0.522513
vt 0.562274 0.480006
vt 0.567183 0.478402
vt 0.567176 0.482205
vt 0.564864 0.514963
vt 0.568093 0.510741
vt 0.564889 0.473093
vt 0.562466 0.541052
vt 0.562265 0.536060
vt 0.566899 0.533031
vt 0.562001 0.508497
vt 0.561110 0.502509
vt 0.561910 0.495809
vt 0.562147 0.485948
vt 0.563681 0.487416
vt 0.563311 0.520408
vt 0.563208 0.516973
vt 0.564536 0.477756
vt 0.562915 0.476707
vt 0.563213 0.470542
vt 0.555625 0.463445
vt 0.560402 0.458193
vt 0.561183 0.464820
vt 0.557735 0.467368
vt 0.560171 0.508125
vt 0.554595 0.503747
vt 0.557162 0.479613
vt 0.560604 0.478618
vt 0.560529 0.483699
vt 0.560635 0.520223
vt 0.555378 0.520750
vt 0.555345 0.515811
vt 0.558113 0.510730
vt 0.560718 0.515960
vt 0.562882 0.512020
vt 0.561184 0.471576
vt 0.557394 0.475904
vt 0.560427 0.533489
vt 0.560615 0.540318
vt 0.557049 0.537378
vt 0.557179 0.542345
vt 0.560190 0.492931
vt 0.548375 0.512766
vt 0.552576 0.511672
vt 0.550665 0.518791
vt 0.550497 0.474157
vt 0.552642 0.477006
vt 0.548117 0.477986
vt 0.550129 0.499125
vt 0.551887 0.506200
vt 0.549286 0.507609
vt 0.550475 0.509867
vt 0.550172 0.485249
vt 0.552234 0.480005
vt 0.552127 0.485938
vt 0.550522 0.469111
vt 0.553225 0.470812
vt 0.550517 0.536094
vt 0.552250 0.540740
vt 0.549243 0.542221
vt 0.550114 0.461016
vt 0.552751 0.458769
vt 0.551756 0.465041
vt 0.549815 0.522601
vt 0.553063 0.526170
vt 0.550127 0.527648
vt 0.555441 0.530703
vt 0.560028 0.527599
vt 0.557752 0.522512
vt 0.551977 0.498531
vt 0.556723 0.497569
vt 0.555770 0.468572
vt 0.554479 0.491123
vt 0.552807 0.466858
vt 0.551888 0.493101
vt 0.552237 0.536070
vt 0.552144 0.532660
vt 0.554840 0.532268
vt 0.553194 0.515809
vt 0.554943 0.484701
vt 0.554584 0.508802
vt 0.531816 0.506151
vt 0.529270 0.509341
vt 0.530406 0.485057
vt 0.531110 0.514555
vt 0.530505 0.519595
vt 0.528093 0.510714
vt 0.531848 0.509574
vt 0.532207 0.480006
vt 0.532186 0.484678
vt 0.533210 0.512297
vt 0.533265 0.518520
vt 0.531865 0.510959
vt 0.529436 0.532978
vt 0.532109 0.534896
vt 0.532121 0.541109
vt 0.531904 0.492699
vt 0.531856 0.501471
vt 0.532715 0.458764
vt 0.531719 0.465039
vt 0.532731 0.529338
vt 0.530199 0.531373
vt 0.540116 0.461013
vt 0.537704 0.466147
vt 0.534392 0.462048
vt 0.532793 0.466855
vt 0.534834 0.457318
vt 0.537127 0.478396
vt 0.538862 0.482862
vt 0.539882 0.514543
vt 0.535248 0.519479
vt 0.538118 0.510720
vt 0.533828 0.493253
vt 0.539182 0.488605
vt 0.537613 0.497515
vt 0.534914 0.530198
vt 0.535604 0.525227
vt 0.532707 0.522925
vt 0.535637 0.521437
vt 0.534749 0.536016
vt 0.534619 0.532304
vt 0.533221 0.477492
vt 0.532486 0.475190
vt 0.534978 0.472293
vt 0.533161 0.469421
vt 0.535345 0.467960
vt 0.547722 0.466149
vt 0.544410 0.462052
vt 0.542815 0.466857
vt 0.544347 0.523468
vt 0.544474 0.530145
vt 0.543912 0.506326
vt 0.541884 0.498458
vt 0.547641 0.501995
vt 0.542230 0.480004
vt 0.547144 0.478394
vt 0.546862 0.483375
vt 0.544901 0.467997
vt 0.544833 0.473771
vt 0.543720 0.540995
vt 0.546868 0.537377
vt 0.544351 0.494099
vt 0.544194 0.487107
vt 0.549708 0.493022
vt 0.542108 0.485937
vt 0.542890 0.511734
vt 0.544527 0.510943
vt 0.544895 0.517082
vt 0.543178 0.470557
vt 0.542218 0.536081
vt 0.542125 0.532670
vt 0.544167 0.532318
vt 0.541833 0.493098
vt 0.541740 0.465035
vt 0.542732 0.458763
vt 0.544456 0.457348
vt 0.542744 0.526414
vt 0.540173 0.531397
vt 0.540979 0.526755
vt 0.538102 0.475911
vt 0.540990 0.469706
vt 0.535064 0.541065
vt 0.540397 0.534105
vt 0.542048 0.540750
vt 0.542619 0.521810
vt 0.543173 0.518729
vt 0.541128 0.519579
vt 0.541830 0.503823
vt 0.541868 0.508478
vt 0.540140 0.508722
vt 0.330571 0.458489
vt 0.330750 0.465315
vt 0.332073 0.530839
vt 0.328698 0.531593
vt 0.326705 0.501908
vt 0.330848 0.502640
vt 0.328907 0.495466
vt 0.332584 0.512358
vt 0.332745 0.518069
vt 0.330832 0.519031
vt 0.330152 0.470244
vt 0.332499 0.468888
vt 0.332750 0.475901
vt 0.331782 0.533634
vt 0.332813 0.537785
vt 0.330199 0.541224
vt 0.329044 0.490024
vt 0.331603 0.491407
vt 0.332399 0.461062
vt 0.330765 0.523426
vt 0.332434 0.523004
vt 0.332415 0.527676
vt 0.339417 0.467209
vt 0.332597 0.466058
vt 0.337202 0.462377
vt 0.337079 0.530706
vt 0.337348 0.521392
vt 0.339438 0.525247
vt 0.333249 0.506222
vt 0.336722 0.497515
vt 0.338933 0.503688
vt 0.336777 0.484821
vt 0.339120 0.491108
vt 0.333285 0.490465
vt 0.332617 0.483394
vt 0.338848 0.479725
vt 0.335384 0.519511
vt 0.334306 0.513119
vt 0.339893 0.514454
vt 0.340006 0.510751
vt 0.336782 0.541365
vt 0.331878 0.542079
vt 0.331796 0.498278
vt 0.332306 0.457651
vt 0.334945 0.457265
vt 0.333507 0.532568
vt 0.335417 0.474132
vt 0.334266 0.477753
vt 0.331526 0.508426
vt 0.349440 0.530346
vt 0.343934 0.531388
vt 0.342440 0.527672
vt 0.348693 0.503632
vt 0.346542 0.508847
vt 0.343106 0.502818
vt 0.346720 0.497504
vt 0.348844 0.484773
vt 0.349053 0.490999
vt 0.343416 0.486232
vt 0.346798 0.536170
vt 0.344530 0.541491
vt 0.342635 0.535182
vt 0.343220 0.494403
vt 0.341207 0.499369
vt 0.341619 0.491395
vt 0.341690 0.484690
vt 0.341525 0.522273
vt 0.340675 0.530412
vt 0.341888 0.457569
vt 0.342327 0.461066
vt 0.340697 0.462043
vt 0.342328 0.466078
vt 0.339041 0.536274
vt 0.341140 0.540980
vt 0.342768 0.512226
vt 0.342424 0.507548
vt 0.338939 0.508736
vt 0.367401 0.527775
vt 0.363170 0.530640
vt 0.362820 0.526082
vt 0.367398 0.522190
vt 0.370118 0.517838
vt 0.362897 0.519199
vt 0.365251 0.512845
vt 0.364452 0.498312
vt 0.362496 0.490765
vt 0.368428 0.491526
vt 0.366826 0.486090
vt 0.364308 0.503729
vt 0.361681 0.508431
vt 0.361577 0.503753
vt 0.361829 0.513117
vt 0.361044 0.496553
vt 0.365167 0.462701
vt 0.361732 0.465958
vt 0.362291 0.461032
vt 0.365263 0.467212
vt 0.362458 0.457636
vt 0.357366 0.458346
vt 0.357367 0.463538
vt 0.357365 0.467346
vt 0.355150 0.525274
vt 0.359443 0.521512
vt 0.360746 0.530468
vt 0.356797 0.480887
vt 0.359952 0.487585
vt 0.356491 0.488745
vt 0.360050 0.517820
vt 0.357841 0.511861
vt 0.357816 0.471580
vt 0.361245 0.469191
vt 0.362519 0.475003
vt 0.358041 0.477048
vt 0.358903 0.541235
vt 0.354544 0.536148
vt 0.360091 0.534330
vt 0.359798 0.501828
vt 0.354030 0.495490
vt 0.361159 0.479284
vt 0.362156 0.483800
vt 0.349573 0.462548
vt 0.345354 0.459723
vt 0.350603 0.457324
vt 0.351533 0.466449
vt 0.345078 0.466437
vt 0.352623 0.471714
vt 0.350548 0.476641
vt 0.345757 0.470280
vt 0.349739 0.467900
vt 0.351224 0.499419
vt 0.350904 0.508447
vt 0.350963 0.479378
vt 0.351798 0.483515
vt 0.350587 0.510777
vt 0.352788 0.512798
vt 0.350564 0.514451
vt 0.349460 0.525243
vt 0.351948 0.522164
vt 0.352363 0.528853
vt 0.353934 0.465970
vt 0.352439 0.461062
vt 0.353267 0.487614
vt 0.357804 0.520836
vt 0.353436 0.518823
vt 0.355084 0.502079
vt 0.351636 0.491412
vt 0.351370 0.541515
vt 0.350956 0.537337
vt 0.350981 0.533231
vt 0.354179 0.532502
vt 0.354443 0.476115
vt 0.352790 0.476366
vt 0.355435 0.468729
vt 0.354455 0.511801
vt 0.353363 0.479431
vt 0.409161 0.485594
vt 0.404543 0.489180
vt 0.404621 0.480511
vt 0.410129 0.517859
vt 0.406134 0.520135
vt 0.402993 0.514543
vt 0.410240 0.512134
vt 0.404629 0.510837
vt 0.407913 0.472891
vt 0.410369 0.477851
vt 0.404522 0.474330
vt 0.404779 0.536152
vt 0.402473 0.532705
vt 0.406887 0.532288
vt 0.406633 0.495529
vt 0.404562 0.501090
vt 0.402499 0.494406
vt 0.401525 0.503758
vt 0.402220 0.508087
vt 0.402210 0.458507
vt 0.405695 0.457837
vt 0.405217 0.462682
vt 0.403321 0.526358
vt 0.402482 0.522628
vt 0.405379 0.521497
vt 0.397452 0.457987
vt 0.401608 0.462110
vt 0.400879 0.465972
vt 0.395363 0.467216
vt 0.397452 0.463541
vt 0.395375 0.521500
vt 0.400894 0.523336
vt 0.397462 0.525174
vt 0.394375 0.501111
vt 0.394289 0.507127
vt 0.401423 0.498335
vt 0.401000 0.485813
vt 0.398974 0.491116
vt 0.394795 0.484771
vt 0.399152 0.532442
vt 0.401800 0.536242
vt 0.394808 0.536163
vt 0.400895 0.530558
vt 0.401911 0.540897
vt 0.400324 0.541114
vt 0.400330 0.474141
vt 0.402904 0.475210
vt 0.400291 0.477855
vt 0.398895 0.509143
vt 0.389517 0.525206
vt 0.390876 0.530164
vt 0.387446 0.530753
vt 0.386618 0.497043
vt 0.390066 0.499739
vt 0.386620 0.504984
vt 0.390806 0.507939
vt 0.387014 0.510068
vt 0.390176 0.515318
vt 0.385699 0.511245
vt 0.390882 0.510806
vt 0.387875 0.469011
vt 0.391302 0.469763
vt 0.386118 0.472888
vt 0.387053 0.533663
vt 0.391782 0.536255
vt 0.388189 0.540386
vt 0.391615 0.500985
vt 0.392592 0.488839
vt 0.388978 0.490989
vt 0.388954 0.484787
vt 0.392885 0.475205
vt 0.391030 0.476948
vt 0.391892 0.540909
vt 0.392470 0.494387
vt 0.389513 0.463511
vt 0.392565 0.458683
vt 0.392541 0.463400
vt 0.392143 0.466881
vt 0.389722 0.521516
vt 0.392463 0.522634
vt 0.393293 0.526379
vt 0.397897 0.469010
vt 0.394587 0.473083
vt 0.393345 0.532543
vt 0.396615 0.495526
vt 0.391061 0.532677
vt 0.394634 0.514511
vt 0.393000 0.519863
vt 0.392875 0.514542
vt 0.391576 0.480902
vt 0.394791 0.479716
vt 0.367427 0.458374
vt 0.372320 0.461032
vt 0.372096 0.466056
vt 0.370821 0.523361
vt 0.371550 0.529052
vt 0.367402 0.531600
vt 0.371568 0.501313
vt 0.368810 0.507948
vt 0.364705 0.479752
vt 0.371539 0.479770
vt 0.370289 0.483467
vt 0.371061 0.511613
vt 0.367829 0.469005
vt 0.372010 0.470630
vt 0.365757 0.474129
vt 0.369064 0.532473
vt 0.371733 0.536247
vt 0.366823 0.536142
vt 0.371472 0.495379
vt 0.371593 0.507285
vt 0.372924 0.514532
vt 0.373133 0.475422
vt 0.371133 0.476788
vt 0.371825 0.540907
vt 0.370253 0.541135
vt 0.372396 0.522654
vt 0.379488 0.463511
vt 0.373994 0.466329
vt 0.377409 0.457954
vt 0.375187 0.522665
vt 0.379434 0.526433
vt 0.374188 0.527734
vt 0.376709 0.502196
vt 0.378841 0.507940
vt 0.373198 0.507341
vt 0.380066 0.474090
vt 0.379517 0.477890
vt 0.374500 0.470214
vt 0.380174 0.469169
vt 0.376956 0.537329
vt 0.374611 0.542392
vt 0.373432 0.537656
vt 0.374466 0.495474
vt 0.371922 0.484711
vt 0.373420 0.479791
vt 0.383204 0.507730
vt 0.382262 0.500016
vt 0.387866 0.519633
vt 0.383719 0.519977
vt 0.383718 0.515848
vt 0.383432 0.538761
vt 0.382462 0.494398
vt 0.381591 0.506125
vt 0.385039 0.477105
vt 0.382866 0.475217
vt 0.381763 0.536265
vt 0.381838 0.532843
vt 0.383513 0.532532
vt 0.383283 0.526370
vt 0.382103 0.522412
vt 0.384008 0.521592
vt 0.381320 0.518888
vt 0.377850 0.519631
vt 0.379497 0.512606
vt 0.379095 0.532463
vt 0.381532 0.540965
vt 0.379820 0.530916
vt 0.383253 0.466461
vt 0.379620 0.467206
vt 0.378935 0.491132
vt 0.382621 0.488694
vt 0.378942 0.484789
vt 0.379080 0.479792
vt 0.382707 0.483664
vt 0.382682 0.479382
vt 0.484314 0.460710
vt 0.484366 0.529593
vt 0.482979 0.522905
vt 0.489704 0.522629
vt 0.490010 0.527677
vt 0.483803 0.506312
vt 0.483883 0.496298
vt 0.487527 0.501969
vt 0.484787 0.520686
vt 0.484722 0.514903
vt 0.488008 0.510698
vt 0.484630 0.484756
vt 0.481877 0.490014
vt 0.481166 0.480971
vt 0.482855 0.479368
vt 0.483260 0.474077
vt 0.483067 0.469407
vt 0.484793 0.469165
vt 0.481757 0.499831
vt 0.483709 0.490519
vt 0.483429 0.466471
vt 0.482620 0.459884
vt 0.480032 0.509885
vt 0.474435 0.508780
vt 0.480102 0.503913
vt 0.480170 0.487710
vt 0.474353 0.491096
vt 0.474646 0.484755
vt 0.477016 0.479621
vt 0.474785 0.512045
vt 0.477996 0.510695
vt 0.480576 0.515934
vt 0.482974 0.512273
vt 0.481022 0.474138
vt 0.482985 0.477496
vt 0.477292 0.475904
vt 0.481099 0.537389
vt 0.476759 0.537453
vt 0.480289 0.533569
vt 0.480027 0.527683
vt 0.482637 0.529373
vt 0.480597 0.531370
vt 0.481032 0.467137
vt 0.480852 0.461900
vt 0.480036 0.495498
vt 0.482400 0.541399
vt 0.479124 0.542296
vt 0.483062 0.516934
vt 0.481756 0.507334
vt 0.472494 0.465747
vt 0.465302 0.467211
vt 0.465479 0.463500
vt 0.465315 0.521481
vt 0.472521 0.522943
vt 0.467722 0.526302
vt 0.467528 0.501984
vt 0.471445 0.507695
vt 0.468125 0.508842
vt 0.464724 0.480497
vt 0.471908 0.478914
vt 0.469221 0.483364
vt 0.471375 0.487893
vt 0.469200 0.491716
vt 0.468381 0.532246
vt 0.471367 0.533127
vt 0.469225 0.537475
vt 0.470678 0.499915
vt 0.464761 0.494263
vt 0.472984 0.480725
vt 0.472003 0.537324
vt 0.472454 0.496583
vt 0.472979 0.459210
vt 0.469508 0.459695
vt 0.472529 0.527614
vt 0.472620 0.531023
vt 0.469968 0.531411
vt 0.479697 0.522637
vt 0.474247 0.527592
vt 0.474471 0.503724
vt 0.476568 0.497557
vt 0.473583 0.538697
vt 0.474165 0.521553
vt 0.475482 0.463434
vt 0.474438 0.476596
vt 0.473048 0.475831
vt 0.475650 0.470278
vt 0.473048 0.469414
vt 0.474446 0.468030
vt 0.475214 0.517009
vt 0.473658 0.520479
vt 0.473044 0.516929
vt 0.445798 0.462228
vt 0.449923 0.457278
vt 0.452471 0.461074
vt 0.445458 0.521479
vt 0.450992 0.522708
vt 0.447557 0.525151
vt 0.451001 0.529539
vt 0.447831 0.530654
vt 0.446963 0.479625
vt 0.451864 0.478915
vt 0.452492 0.483245
vt 0.451838 0.487108
vt 0.448479 0.491612
vt 0.444885 0.484766
vt 0.445869 0.474158
vt 0.451457 0.475486
vt 0.445753 0.477860
vt 0.446959 0.536060
vt 0.444537 0.532394
vt 0.450303 0.533438
vt 0.450417 0.540443
vt 0.444886 0.541158
vt 0.451775 0.502768
vt 0.451702 0.508459
vt 0.449976 0.509044
vt 0.450346 0.514510
vt 0.451496 0.510892
vt 0.453006 0.512835
vt 0.451432 0.469157
vt 0.453010 0.471735
vt 0.452059 0.536185
vt 0.451703 0.493076
vt 0.451437 0.498464
vt 0.457579 0.525148
vt 0.459560 0.528968
vt 0.454316 0.530185
vt 0.454134 0.523367
vt 0.457565 0.521338
vt 0.456847 0.483373
vt 0.454408 0.490245
vt 0.453542 0.479767
vt 0.456984 0.478405
vt 0.460405 0.519561
vt 0.454738 0.520674
vt 0.455172 0.515612
vt 0.452580 0.528808
vt 0.454117 0.465331
vt 0.452450 0.465745
vt 0.455815 0.459632
vt 0.454333 0.495492
vt 0.451959 0.532767
vt 0.454462 0.532391
vt 0.453004 0.519248
vt 0.455046 0.510836
vt 0.464335 0.530177
vt 0.463436 0.526329
vt 0.463758 0.503734
vt 0.461820 0.498427
vt 0.464306 0.488019
vt 0.470473 0.517910
vt 0.464756 0.519888
vt 0.464913 0.512479
vt 0.470749 0.512156
vt 0.464762 0.469781
vt 0.470370 0.474148
vt 0.465204 0.476782
vt 0.463754 0.508747
vt 0.461722 0.506187
vt 0.463027 0.471702
vt 0.464740 0.540345
vt 0.461136 0.537481
vt 0.464004 0.533202
vt 0.461841 0.490009
vt 0.462468 0.465746
vt 0.462490 0.461075
vt 0.464318 0.458498
vt 0.462307 0.522619
vt 0.459964 0.457281
vt 0.460147 0.487640
vt 0.461878 0.482342
vt 0.460730 0.513335
vt 0.460167 0.477930
vt 0.455782 0.475747
vt 0.461078 0.471944
vt 0.456977 0.536049
vt 0.460320 0.533427
vt 0.456994 0.541235
vt 0.460066 0.495091
vt 0.456530 0.501942
vt 0.460000 0.503720
vt 0.459995 0.509046
vt 0.410892 0.457352
vt 0.412396 0.461070
vt 0.410896 0.465973
vt 0.405194 0.467205
vt 0.407910 0.467778
vt 0.412847 0.469416
vt 0.410337 0.534858
vt 0.410772 0.494061
vt 0.410884 0.500555
vt 0.411994 0.507651
vt 0.408078 0.507054
vt 0.410079 0.509845
vt 0.410357 0.479468
vt 0.411896 0.483511
vt 0.412713 0.479372
vt 0.412922 0.513388
vt 0.412848 0.474051
vt 0.412909 0.477473
vt 0.418358 0.519655
vt 0.413859 0.519995
vt 0.414674 0.516996
vt 0.414679 0.469864
vt 0.420321 0.474144
vt 0.415044 0.477047
vt 0.414835 0.541186
vt 0.411993 0.536233
vt 0.416912 0.536094
vt 0.413332 0.526369
vt 0.412161 0.522400
vt 0.415406 0.521491
vt 0.415388 0.463498
vt 0.413291 0.466455
vt 0.413382 0.458018
vt 0.411841 0.490112
vt 0.414438 0.495539
vt 0.415718 0.511345
vt 0.414824 0.484768
vt 0.427503 0.464875
vt 0.423310 0.466457
vt 0.423046 0.461985
vt 0.425315 0.458382
vt 0.423636 0.501427
vt 0.429491 0.503690
vt 0.424186 0.507633
vt 0.427725 0.497327
vt 0.422731 0.479370
vt 0.426930 0.478408
vt 0.426920 0.482215
vt 0.429953 0.518341
vt 0.425872 0.520169
vt 0.424665 0.512653
vt 0.430517 0.512797
vt 0.424697 0.469863
vt 0.430344 0.474144
vt 0.424668 0.476594
vt 0.423633 0.493126
vt 0.429889 0.489861
vt 0.424940 0.486027
vt 0.421238 0.485044
vt 0.422950 0.474058
vt 0.421660 0.499806
vt 0.421651 0.493067
vt 0.423353 0.526359
vt 0.422176 0.522393
vt 0.425425 0.521487
vt 0.417764 0.458043
vt 0.421876 0.457539
vt 0.414307 0.501897
vt 0.420054 0.500785
vt 0.418000 0.507931
vt 0.419180 0.479492
vt 0.418988 0.491250
vt 0.422315 0.518864
vt 0.419819 0.512996
vt 0.419231 0.532423
vt 0.421811 0.536219
vt 0.422864 0.469412
vt 0.422947 0.513405
vt 0.421650 0.507338
vt 0.447538 0.466536
vt 0.443368 0.466475
vt 0.444287 0.503717
vt 0.442022 0.499471
vt 0.446513 0.497546
vt 0.442047 0.536196
vt 0.443346 0.491366
vt 0.444279 0.508763
vt 0.441685 0.507332
vt 0.441806 0.490004
vt 0.441835 0.482343
vt 0.442795 0.479380
vt 0.444721 0.519837
vt 0.442983 0.520342
vt 0.442986 0.516921
vt 0.442990 0.471687
vt 0.444727 0.468818
vt 0.441942 0.532778
vt 0.442544 0.459885
vt 0.444212 0.458336
vt 0.443403 0.526330
vt 0.442556 0.522611
vt 0.437533 0.521347
vt 0.440972 0.522717
vt 0.437543 0.525157
vt 0.436682 0.508870
vt 0.434380 0.503714
vt 0.440072 0.503729
vt 0.436947 0.479623
vt 0.440384 0.478628
vt 0.440960 0.519524
vt 0.435174 0.520704
vt 0.435169 0.516997
vt 0.437363 0.477982
vt 0.435795 0.472624
vt 0.441049 0.471936
vt 0.442606 0.477549
vt 0.438722 0.534811
vt 0.440399 0.540462
vt 0.436963 0.541258
vt 0.439962 0.495488
vt 0.440961 0.514518
vt 0.442605 0.511921
vt 0.440129 0.509855
vt 0.430939 0.457356
vt 0.432438 0.461070
vt 0.430951 0.522717
vt 0.427519 0.525161
vt 0.430953 0.529545
vt 0.427798 0.530652
vt 0.431844 0.482338
vt 0.424839 0.536131
vt 0.424318 0.532429
vt 0.430267 0.533460
vt 0.430379 0.540470
vt 0.424853 0.541176
vt 0.431687 0.498502
vt 0.431665 0.503798
vt 0.432967 0.516961
vt 0.431381 0.469160
vt 0.432987 0.474354
vt 0.432023 0.536210
vt 0.432848 0.485686
vt 0.431667 0.493070
vt 0.434084 0.465328
vt 0.434735 0.458461
vt 0.439800 0.464369
vt 0.439526 0.528976
vt 0.433018 0.529187
vt 0.434099 0.523375
vt 0.436524 0.497530
vt 0.436934 0.484811
vt 0.434261 0.491111
vt 0.432416 0.465739
vt 0.436162 0.512094
vt 0.432997 0.511168
vt 0.433507 0.479765
vt 0.431763 0.508473
vt 0.007556 0.464113
vt 0.008048 0.460155
vt 0.010683 0.462795
vt 0.010975 0.529128
vt 0.007205 0.527985
vt 0.011047 0.526709
vt 0.006916 0.524252
vt 0.010530 0.522986
vt 0.008216 0.475420
vt 0.007341 0.471292
vt 0.004125 0.473107
vt 0.004672 0.494700
vt 0.007560 0.492395
vt 0.007680 0.496508
vt 0.004421 0.461893
vt 0.003033 0.463743
vt 0.003125 0.483928
vt 0.007605 0.482264
vt 0.007460 0.486089
vt 0.004194 0.517062
vt 0.004010 0.515101
vt 0.002416 0.495307
vt 0.001761 0.494398
vt 0.003618 0.526881
vt 0.001775 0.525660
vt 0.961995 0.464633
vt 0.957607 0.465162
vt 0.955125 0.463564
vt 0.961941 0.526472
vt 0.955399 0.528806
vt 0.955322 0.525736
vt 0.962250 0.524302
vt 0.961307 0.506961
vt 0.954225 0.504412
vt 0.960130 0.503112
vt 0.961412 0.481933
vt 0.959924 0.485199
vt 0.956953 0.481986
vt 0.961519 0.503390
vt 0.960322 0.514260
vt 0.962771 0.514115
vt 0.962768 0.517538
vt 0.961579 0.517979
vt 0.960296 0.472277
vt 0.962436 0.470885
vt 0.962773 0.474354
vt 0.960322 0.475026
vt 0.961142 0.460648
vt 0.962330 0.460450
vt 0.962757 0.463419
vt 0.966456 0.463647
vt 0.964360 0.460545
vt 0.967517 0.474385
vt 0.963956 0.475524
vt 0.964700 0.471010
vt 0.964289 0.528424
vt 0.965192 0.525607
vt 0.961999 0.528545
vt 0.963502 0.523658
vt 0.962924 0.480895
vt 0.964544 0.482056
vt 0.963414 0.506881
vt 0.963539 0.503040
vt 0.977439 0.461470
vt 0.973218 0.464051
vt 0.971288 0.461870
vt 0.973608 0.460077
vt 0.973371 0.527691
vt 0.972691 0.524436
vt 0.977528 0.525077
vt 0.977857 0.473511
vt 0.973426 0.475255
vt 0.971762 0.473802
vt 0.973813 0.471271
vt 0.972386 0.496569
vt 0.970433 0.494097
vt 0.975888 0.493248
vt 0.972645 0.481996
vt 0.970935 0.485099
vt 0.970947 0.482071
vt 0.971130 0.471039
vt 0.972164 0.538197
vt 0.970978 0.536237
vt 0.972242 0.534985
vt 0.971442 0.460140
vt 0.971323 0.527645
vt 0.966441 0.504479
vt 0.970603 0.505638
vt 0.969574 0.482837
vt 0.963721 0.485576
vt 0.964800 0.514825
vt 0.967825 0.513438
vt 0.971589 0.514662
vt 0.963676 0.534844
vt 0.963695 0.537960
vt 0.970254 0.496320
vt 0.963436 0.495955
vt 0.963506 0.492270
vt 0.971518 0.463959
vt 0.970149 0.464663
vt 0.969573 0.485804
vt 0.991653 0.463368
vt 0.985998 0.463424
vt 0.986091 0.461214
vt 0.990670 0.464180
vt 0.990822 0.460883
vt 0.987440 0.524917
vt 0.991959 0.527547
vt 0.986053 0.526889
vt 0.989784 0.506620
vt 0.985327 0.506454
vt 0.988535 0.504502
vt 0.986374 0.515276
vt 0.991832 0.515044
vt 0.990509 0.517411
vt 0.986859 0.537859
vt 0.985615 0.535504
vt 0.990044 0.535305
vt 0.983724 0.464263
vt 0.983385 0.461279
vt 0.984094 0.517569
vt 0.980784 0.515045
vt 0.980898 0.472580
vt 0.986119 0.473075
vt 0.980829 0.475085
vt 0.980055 0.535022
vt 0.984636 0.537660
vt 0.982798 0.483024
vt 0.985890 0.481908
vt 0.985239 0.484627
vt 0.977143 0.482075
vt 0.976521 0.485179
vt 0.979006 0.515297
vt 0.973779 0.517442
vt 0.973864 0.514557
vt 0.978301 0.514068
vt 0.978060 0.494481
vt 0.978075 0.496105
vt 0.979383 0.517562
vt 0.978484 0.518164
vt 0.978160 0.535248
vt 0.978393 0.537911
vt 0.976967 0.538144
vt 0.978180 0.492313
vt 0.978949 0.463811
vt 0.978947 0.461180
vt 0.978836 0.527455
vt 0.982203 0.524961
vt 0.980466 0.528247
vt 0.978427 0.484843
vt 0.978378 0.482203
vt 0.981794 0.538156
vt 0.984446 0.494807
vt 0.979398 0.474545
vt 0.992090 0.525631
vt 0.991416 0.483973
vt 0.989878 0.485024
vt 0.989692 0.482183
vt 0.992417 0.473364
vt 0.987321 0.472898
vt 0.992463 0.471624
vt 0.991580 0.536443
vt 0.991162 0.504311
vt 0.991306 0.506670
vt 0.989460 0.493637
vt 0.991306 0.492953
vt 0.991274 0.495365
vt 0.993217 0.474866
vt 0.995705 0.473603
vt 0.992592 0.537250
vt 0.991583 0.538393
vt 0.992539 0.535240
vt 0.992448 0.484436
vt 0.992472 0.482041
vt 0.991557 0.481719
vt 0.647530 0.457419
vt 0.651714 0.458361
vt 0.647561 0.522670
vt 0.652449 0.522015
vt 0.652446 0.525253
vt 0.649915 0.530419
vt 0.651348 0.516132
vt 0.652151 0.519835
vt 0.647707 0.518476
vt 0.647002 0.533099
vt 0.651903 0.532790
vt 0.651905 0.536025
vt 0.649143 0.503841
vt 0.648826 0.497255
vt 0.651725 0.502696
vt 0.651646 0.508327
vt 0.651895 0.484600
vt 0.651782 0.492637
vt 0.657465 0.467075
vt 0.654038 0.463546
vt 0.657326 0.462401
vt 0.653382 0.502217
vt 0.659108 0.497028
vt 0.659045 0.503855
vt 0.654517 0.483919
vt 0.659136 0.490279
vt 0.653417 0.492970
vt 0.655193 0.527490
vt 0.652528 0.529674
vt 0.654055 0.522834
vt 0.653488 0.540046
vt 0.651891 0.540440
vt 0.653589 0.533449
vt 0.655478 0.474099
vt 0.652919 0.476247
vt 0.652938 0.470330
vt 0.654795 0.477548
vt 0.655476 0.469332
vt 0.651888 0.480191
vt 0.653472 0.478882
vt 0.663277 0.502671
vt 0.668989 0.497341
vt 0.668926 0.503870
vt 0.663295 0.495449
vt 0.663417 0.488780
vt 0.661802 0.484587
vt 0.663370 0.480611
vt 0.665354 0.519383
vt 0.662854 0.518052
vt 0.665358 0.514683
vt 0.663383 0.540006
vt 0.661796 0.540395
vt 0.661811 0.536025
vt 0.663485 0.533475
vt 0.661685 0.492628
vt 0.663937 0.465769
vt 0.662145 0.462476
vt 0.665062 0.461151
vt 0.664915 0.527517
vt 0.662432 0.529634
vt 0.661465 0.526037
vt 0.663949 0.522865
vt 0.660731 0.458771
vt 0.657474 0.522702
vt 0.662354 0.522054
vt 0.661171 0.518770
vt 0.655360 0.513446
vt 0.660757 0.512206
vt 0.657191 0.533180
vt 0.661810 0.532823
vt 0.660747 0.530951
vt 0.661628 0.502820
vt 0.661554 0.508298
vt 0.687082 0.466931
vt 0.683640 0.465689
vt 0.689276 0.463413
vt 0.682992 0.506205
vt 0.685797 0.499646
vt 0.688456 0.507483
vt 0.686521 0.481089
vt 0.688695 0.485643
vt 0.683120 0.489947
vt 0.683077 0.480668
vt 0.687049 0.520525
vt 0.682877 0.518246
vt 0.688453 0.516170
vt 0.690507 0.476544
vt 0.684360 0.477402
vt 0.684482 0.474060
vt 0.681372 0.509236
vt 0.681373 0.506101
vt 0.681579 0.484561
vt 0.682613 0.476125
vt 0.682515 0.471854
vt 0.684062 0.469518
vt 0.684152 0.537333
vt 0.681588 0.540301
vt 0.681631 0.534936
vt 0.683247 0.532617
vt 0.681918 0.500511
vt 0.681427 0.492651
vt 0.683638 0.529167
vt 0.682080 0.529571
vt 0.682136 0.525274
vt 0.685110 0.523321
vt 0.674853 0.461163
vt 0.681725 0.461468
vt 0.677190 0.465858
vt 0.675009 0.522852
vt 0.682158 0.522138
vt 0.679544 0.505929
vt 0.676866 0.509744
vt 0.673550 0.506178
vt 0.673557 0.499544
vt 0.679528 0.498026
vt 0.676630 0.480488
vt 0.674339 0.487640
vt 0.675205 0.469418
vt 0.682512 0.468703
vt 0.674443 0.541689
vt 0.674397 0.538261
vt 0.679038 0.492118
vt 0.678762 0.534998
vt 0.680752 0.511352
vt 0.682607 0.512331
vt 0.679827 0.514697
vt 0.680960 0.519273
vt 0.672178 0.462257
vt 0.667347 0.465894
vt 0.670667 0.527771
vt 0.664918 0.530980
vt 0.667359 0.522734
vt 0.672273 0.522096
vt 0.666782 0.480458
vt 0.671695 0.484575
vt 0.667001 0.488516
vt 0.665355 0.470524
vt 0.671064 0.468373
vt 0.670100 0.474218
vt 0.671510 0.498614
vt 0.671508 0.506107
vt 0.669985 0.508491
vt 0.672746 0.470205
vt 0.672329 0.476315
vt 0.672221 0.534514
vt 0.671703 0.540349
vt 0.670239 0.534250
vt 0.671559 0.490015
vt 0.673090 0.526428
vt 0.677191 0.527542
vt 0.674777 0.530924
vt 0.673226 0.480640
vt 0.675178 0.519347
vt 0.674352 0.513102
vt 0.673144 0.493136
vt 0.673791 0.465729
vt 0.675213 0.474078
vt 0.674515 0.477449
vt 0.672740 0.518035
vt 0.671980 0.509360
vt 0.728601 0.466632
vt 0.722895 0.465564
vt 0.726397 0.462104
vt 0.721506 0.523244
vt 0.728614 0.521974
vt 0.728428 0.525768
vt 0.727799 0.507446
vt 0.725159 0.509528
vt 0.722164 0.506148
vt 0.722337 0.488572
vt 0.722336 0.480765
vt 0.728188 0.484535
vt 0.728035 0.480159
vt 0.728095 0.471772
vt 0.723634 0.476268
vt 0.723741 0.471823
vt 0.725884 0.534439
vt 0.728050 0.540372
vt 0.722415 0.536044
vt 0.720936 0.541108
vt 0.725758 0.490925
vt 0.722222 0.498745
vt 0.720640 0.509094
vt 0.720624 0.503984
vt 0.720871 0.484514
vt 0.723738 0.519182
vt 0.721915 0.518652
vt 0.723687 0.513090
vt 0.721005 0.469006
vt 0.724047 0.468571
vt 0.720908 0.535993
vt 0.720695 0.492674
vt 0.721433 0.463307
vt 0.723123 0.459307
vt 0.721073 0.528883
vt 0.723323 0.529130
vt 0.714307 0.458751
vt 0.721474 0.459195
vt 0.717150 0.462376
vt 0.717959 0.530827
vt 0.716761 0.527347
vt 0.719891 0.516972
vt 0.714744 0.520264
vt 0.720037 0.523602
vt 0.718300 0.490404
vt 0.718200 0.495400
vt 0.718416 0.502189
vt 0.719472 0.540350
vt 0.719483 0.534337
vt 0.719156 0.471988
vt 0.721912 0.475482
vt 0.720127 0.476473
vt 0.719829 0.512492
vt 0.719229 0.508336
vt 0.706733 0.463438
vt 0.706293 0.458799
vt 0.710820 0.458598
vt 0.710994 0.462223
vt 0.704506 0.522947
vt 0.710235 0.521989
vt 0.711280 0.527138
vt 0.709292 0.502403
vt 0.708472 0.508410
vt 0.703429 0.503926
vt 0.706195 0.481134
vt 0.711079 0.484525
vt 0.706185 0.489055
vt 0.706344 0.537200
vt 0.708726 0.532660
vt 0.709673 0.538253
vt 0.703941 0.541516
vt 0.703183 0.496138
vt 0.709007 0.495398
vt 0.710857 0.501711
vt 0.710917 0.506075
vt 0.710229 0.512250
vt 0.712107 0.513256
vt 0.709774 0.515970
vt 0.710925 0.490025
vt 0.710922 0.495336
vt 0.716561 0.466804
vt 0.713166 0.464388
vt 0.713438 0.530081
vt 0.713117 0.524080
vt 0.716568 0.522885
vt 0.715772 0.508496
vt 0.712294 0.509382
vt 0.716015 0.484633
vt 0.712502 0.489343
vt 0.713917 0.516988
vt 0.713849 0.512325
vt 0.716006 0.540863
vt 0.712551 0.541400
vt 0.712551 0.535898
vt 0.711399 0.530460
vt 0.711112 0.540492
vt 0.711112 0.534965
vt 0.713811 0.475644
vt 0.712109 0.476036
vt 0.711831 0.470617
vt 0.713926 0.469597
vt 0.711258 0.519639
vt 0.713985 0.481409
vt 0.710916 0.480355
vt 0.712535 0.479152
vt 0.684909 0.460113
vt 0.690423 0.458826
vt 0.691842 0.465886
vt 0.691964 0.525289
vt 0.687322 0.530083
vt 0.692017 0.522179
vt 0.689601 0.497856
vt 0.691169 0.503976
vt 0.691447 0.540258
vt 0.684602 0.541646
vt 0.688547 0.491239
vt 0.691274 0.480297
vt 0.691446 0.485771
vt 0.690400 0.471799
vt 0.691638 0.468987
vt 0.692558 0.475768
vt 0.691465 0.534434
vt 0.688690 0.534932
vt 0.691213 0.495545
vt 0.692059 0.461216
vt 0.699176 0.466741
vt 0.693458 0.465653
vt 0.698911 0.462920
vt 0.692940 0.480816
vt 0.698902 0.484608
vt 0.693724 0.488471
vt 0.698610 0.480078
vt 0.694286 0.517050
vt 0.692625 0.512523
vt 0.696495 0.511264
vt 0.699904 0.513273
vt 0.696531 0.537214
vt 0.694105 0.541569
vt 0.692946 0.536039
vt 0.695056 0.532490
vt 0.693574 0.497289
vt 0.694520 0.527427
vt 0.691651 0.529597
vt 0.694668 0.522918
vt 0.692067 0.458121
vt 0.693847 0.457830
vt 0.693543 0.507194
vt 0.691200 0.508197
vt 0.693545 0.503284
vt 0.706755 0.466843
vt 0.701885 0.465414
vt 0.703283 0.459511
vt 0.701480 0.488324
vt 0.701330 0.482440
vt 0.704075 0.475272
vt 0.704645 0.469542
vt 0.710158 0.475495
vt 0.701765 0.536748
vt 0.702903 0.533733
vt 0.703718 0.519204
vt 0.702297 0.516909
vt 0.704116 0.514755
vt 0.701859 0.460155
vt 0.700382 0.527379
vt 0.698261 0.530921
vt 0.701678 0.523044
vt 0.699180 0.506224
vt 0.698403 0.497204
vt 0.699977 0.519858
vt 0.699436 0.532660
vt 0.701113 0.540521
vt 0.701876 0.528968
vt 0.699446 0.458551
vt 0.699946 0.470775
vt 0.702310 0.469795
vt 0.702291 0.475562
vt 0.699943 0.474669
vt 0.700708 0.477329
vt 0.702302 0.519982
vt 0.699239 0.490464
vt 0.700945 0.498762
vt 0.701010 0.507164
vt 0.806579 0.466541
vt 0.800080 0.465352
vt 0.806885 0.462622
vt 0.799596 0.461290
vt 0.804475 0.458987
vt 0.806840 0.529557
vt 0.799798 0.530259
vt 0.799609 0.527292
vt 0.800997 0.522781
vt 0.804453 0.521915
vt 0.806859 0.524444
vt 0.805006 0.518676
vt 0.800072 0.518885
vt 0.802228 0.513461
vt 0.807148 0.474013
vt 0.802136 0.477159
vt 0.800707 0.474957
vt 0.803883 0.539216
vt 0.800428 0.540147
vt 0.799657 0.534867
vt 0.803710 0.533544
vt 0.800991 0.500462
vt 0.799270 0.490485
vt 0.805222 0.497090
vt 0.806148 0.490878
vt 0.800999 0.506984
vt 0.798752 0.509003
vt 0.798752 0.503892
vt 0.798918 0.513091
vt 0.799987 0.511980
vt 0.798707 0.495308
vt 0.796393 0.484548
vt 0.791651 0.490363
vt 0.792909 0.514828
vt 0.792424 0.511679
vt 0.798575 0.518057
vt 0.795116 0.519246
vt 0.796402 0.535903
vt 0.799008 0.539485
vt 0.796568 0.540209
vt 0.800227 0.470756
vt 0.798497 0.476219
vt 0.797569 0.471096
vt 0.796553 0.480242
vt 0.799227 0.483647
vt 0.796147 0.508313
vt 0.795962 0.503125
vt 0.787209 0.463366
vt 0.789192 0.465817
vt 0.782493 0.465835
vt 0.786633 0.484551
vt 0.788855 0.491180
vt 0.784243 0.491324
vt 0.787637 0.519143
vt 0.782842 0.514825
vt 0.788761 0.514029
vt 0.786713 0.475165
vt 0.785360 0.469595
vt 0.788783 0.470385
vt 0.787634 0.502847
vt 0.789005 0.499967
vt 0.789019 0.507902
vt 0.788620 0.479873
vt 0.789486 0.483649
vt 0.790474 0.518112
vt 0.790293 0.469940
vt 0.790255 0.475456
vt 0.789030 0.477099
vt 0.787203 0.458712
vt 0.789848 0.461286
vt 0.787224 0.525220
vt 0.789203 0.522767
vt 0.789861 0.527299
vt 0.788397 0.529492
vt 0.797124 0.466053
vt 0.796730 0.462114
vt 0.794680 0.458613
vt 0.794695 0.529626
vt 0.789862 0.530238
vt 0.797136 0.522528
vt 0.796743 0.526469
vt 0.795124 0.468557
vt 0.790643 0.501994
vt 0.791560 0.495392
vt 0.792499 0.475416
vt 0.767699 0.463367
vt 0.763172 0.460306
vt 0.770009 0.460030
vt 0.769679 0.465828
vt 0.762977 0.465849
vt 0.762099 0.506707
vt 0.766938 0.497198
vt 0.767700 0.503993
vt 0.769004 0.508085
vt 0.765085 0.509481
vt 0.769124 0.500608
vt 0.769108 0.479853
vt 0.769749 0.483479
vt 0.767128 0.484557
vt 0.767071 0.535090
vt 0.769118 0.533458
vt 0.770510 0.536920
vt 0.769131 0.540630
vt 0.767313 0.489845
vt 0.769562 0.491424
vt 0.767708 0.525226
vt 0.769696 0.522763
vt 0.770354 0.527314
vt 0.767651 0.529743
vt 0.777402 0.529727
vt 0.770355 0.530264
vt 0.776846 0.490334
vt 0.771118 0.487835
vt 0.776873 0.484553
vt 0.773350 0.518273
vt 0.771447 0.513851
vt 0.776461 0.512822
vt 0.776894 0.535921
vt 0.772181 0.540475
vt 0.771331 0.532782
vt 0.773002 0.460376
vt 0.771720 0.458086
vt 0.771061 0.496866
vt 0.770770 0.473944
vt 0.770785 0.469925
vt 0.772299 0.475483
vt 0.770754 0.516898
vt 0.772169 0.480005
vt 0.771075 0.506171
vt 0.780097 0.461282
vt 0.780866 0.487286
vt 0.786302 0.496572
vt 0.779683 0.498314
vt 0.779213 0.504063
vt 0.781820 0.503982
vt 0.779507 0.483478
vt 0.781923 0.480011
vt 0.780536 0.518903
vt 0.780159 0.513058
vt 0.782051 0.475469
vt 0.780023 0.476397
vt 0.780511 0.471937
vt 0.781923 0.469741
vt 0.779499 0.533686
vt 0.782081 0.532731
vt 0.782099 0.535905
vt 0.779313 0.491457
vt 0.777459 0.463365
vt 0.779432 0.465822
vt 0.772737 0.465841
vt 0.776935 0.508313
vt 0.774985 0.502690
vt 0.776922 0.495382
vt 0.777462 0.525223
vt 0.779444 0.522766
vt 0.780079 0.528330
vt 0.778540 0.458949
vt 0.779021 0.540019
vt 0.777740 0.469478
vt 0.780511 0.468993
vt 0.778860 0.479862
vt 0.727665 0.457813
vt 0.730812 0.458519
vt 0.731007 0.528986
vt 0.727681 0.530792
vt 0.727593 0.499554
vt 0.730426 0.504992
vt 0.730454 0.491434
vt 0.731260 0.468832
vt 0.731704 0.471916
vt 0.729291 0.532781
vt 0.730059 0.537121
vt 0.730440 0.500003
vt 0.728797 0.512852
vt 0.731687 0.513318
vt 0.729367 0.517964
vt 0.730768 0.461901
vt 0.731248 0.465334
vt 0.731289 0.523263
vt 0.733938 0.464765
vt 0.737060 0.458774
vt 0.736150 0.521859
vt 0.736189 0.526498
vt 0.737963 0.508023
vt 0.734947 0.509502
vt 0.731183 0.508720
vt 0.731391 0.483595
vt 0.738109 0.484567
vt 0.732022 0.489247
vt 0.737820 0.480177
vt 0.732920 0.529265
vt 0.733087 0.457980
vt 0.733685 0.538608
vt 0.730719 0.541068
vt 0.731396 0.533881
vt 0.734684 0.474024
vt 0.731689 0.475981
vt 0.733403 0.477213
vt 0.733526 0.469656
vt 0.730680 0.480110
vt 0.732110 0.479214
vt 0.732024 0.496912
vt 0.745907 0.466723
vt 0.742450 0.465527
vt 0.748320 0.462502
vt 0.741066 0.523278
vt 0.745920 0.521876
vt 0.748180 0.525229
vt 0.745961 0.502659
vt 0.743745 0.508421
vt 0.741676 0.504720
vt 0.741038 0.508850
vt 0.744317 0.488137
vt 0.741888 0.480797
vt 0.745353 0.481192
vt 0.744109 0.518257
vt 0.743005 0.513299
vt 0.746836 0.512539
vt 0.747108 0.476602
vt 0.743173 0.477191
vt 0.741510 0.473954
vt 0.745368 0.539320
vt 0.740496 0.541035
vt 0.740504 0.538055
vt 0.744384 0.533538
vt 0.747614 0.495333
vt 0.741747 0.496392
vt 0.740195 0.501281
vt 0.741474 0.515129
vt 0.743679 0.460264
vt 0.740778 0.459616
vt 0.742424 0.458043
vt 0.740351 0.526459
vt 0.743693 0.528331
vt 0.740605 0.530056
vt 0.737457 0.530760
vt 0.739060 0.513083
vt 0.737873 0.519262
vt 0.735197 0.533661
vt 0.739078 0.532797
vt 0.739056 0.538215
vt 0.737540 0.490166
vt 0.739770 0.494047
vt 0.736353 0.495421
vt 0.739498 0.463218
vt 0.741024 0.465319
vt 0.738384 0.466607
vt 0.740850 0.533939
vt 0.739156 0.470874
vt 0.741033 0.469498
vt 0.738921 0.476838
vt 0.740711 0.486373
vt 0.759952 0.522760
vt 0.765447 0.521895
vt 0.760689 0.491384
vt 0.760623 0.485783
vt 0.765408 0.520313
vt 0.761027 0.518908
vt 0.766806 0.516206
vt 0.762779 0.475181
vt 0.767990 0.469465
vt 0.768824 0.475408
vt 0.764890 0.539285
vt 0.759388 0.540651
vt 0.760647 0.534881
vt 0.761576 0.532780
vt 0.761704 0.495394
vt 0.759483 0.500026
vt 0.759730 0.509027
vt 0.759085 0.505097
vt 0.759347 0.483419
vt 0.762409 0.479996
vt 0.760998 0.513363
vt 0.762818 0.514818
vt 0.761001 0.475944
vt 0.761008 0.471930
vt 0.762401 0.469723
vt 0.760568 0.528350
vt 0.761976 0.528975
vt 0.757386 0.508325
vt 0.755448 0.502676
vt 0.752837 0.535926
vt 0.757641 0.532736
vt 0.759359 0.537077
vt 0.757382 0.495384
vt 0.757708 0.525622
vt 0.758216 0.529887
vt 0.757465 0.490428
vt 0.758604 0.513133
vt 0.758698 0.517970
vt 0.759697 0.520095
vt 0.749197 0.458030
vt 0.749369 0.466516
vt 0.748812 0.482323
vt 0.748037 0.532726
vt 0.749600 0.537092
vt 0.748296 0.489840
vt 0.749662 0.500977
vt 0.748112 0.507814
vt 0.749968 0.507597
vt 0.751120 0.511891
vt 0.751242 0.516931
vt 0.749634 0.516998
vt 0.749640 0.470229
vt 0.751237 0.468955
vt 0.751250 0.471926
vt 0.751116 0.475954
vt 0.750041 0.491424
vt 0.750823 0.465313
vt 0.750170 0.522751
vt 0.751028 0.528206
vt 0.749212 0.529549
vt 0.755675 0.466710
vt 0.755523 0.462407
vt 0.752627 0.530576
vt 0.755121 0.482306
vt 0.751610 0.489377
vt 0.752935 0.511644
vt 0.753052 0.517022
vt 0.750821 0.461269
vt 0.750793 0.458306
vt 0.752612 0.458021
vt 0.751546 0.502496
vt 0.751559 0.495381
vt 0.752670 0.540516
vt 0.749602 0.540674
vt 0.750226 0.534003
vt 0.751816 0.532778
vt 0.753012 0.475199
vt 0.753055 0.469684
vt 0.954241 0.485480
vt 0.952769 0.482644
vt 0.954457 0.496238
vt 0.954025 0.492462
vt 0.959632 0.492289
vt 0.952255 0.503458
vt 0.954460 0.502311
vt 0.952480 0.486100
vt 0.955573 0.517906
vt 0.953500 0.517986
vt 0.953510 0.515302
vt 0.953448 0.513304
vt 0.953521 0.471257
vt 0.955833 0.470599
vt 0.953451 0.474985
vt 0.954633 0.538488
vt 0.952515 0.538682
vt 0.954341 0.534941
vt 0.953065 0.464531
vt 0.953061 0.460624
vt 0.955132 0.460175
vt 0.953083 0.524863
vt 0.954279 0.523435
vt 0.945954 0.527521
vt 0.953084 0.528226
vt 0.948367 0.529221
vt 0.945162 0.502424
vt 0.947563 0.506664
vt 0.946423 0.513599
vt 0.946617 0.475439
vt 0.947327 0.472249
vt 0.949857 0.493856
vt 0.952254 0.496354
vt 0.945278 0.496264
vt 0.949946 0.491468
vt 0.952241 0.492883
vt 0.950404 0.535262
vt 0.950302 0.538989
vt 0.952252 0.507343
vt 0.950996 0.507266
vt 0.936530 0.460654
vt 0.942579 0.459395
vt 0.941816 0.462515
vt 0.935869 0.506443
vt 0.943033 0.507216
vt 0.938233 0.508232
vt 0.936553 0.515873
vt 0.938945 0.512863
vt 0.942540 0.516710
vt 0.935759 0.494141
vt 0.938199 0.491226
vt 0.942500 0.491882
vt 0.942488 0.494192
vt 0.937976 0.496774
vt 0.941992 0.482694
vt 0.943215 0.480719
vt 0.943554 0.482538
vt 0.943251 0.513220
vt 0.944224 0.516664
vt 0.943291 0.534051
vt 0.943226 0.536120
vt 0.940780 0.537575
vt 0.943226 0.538899
vt 0.940841 0.539802
vt 0.944285 0.463844
vt 0.942571 0.465226
vt 0.950741 0.463795
vt 0.945007 0.465203
vt 0.946036 0.460083
vt 0.943794 0.523928
vt 0.950876 0.524219
vt 0.942648 0.503195
vt 0.950195 0.484209
vt 0.942775 0.485910
vt 0.950164 0.480581
vt 0.951170 0.517670
vt 0.946476 0.518895
vt 0.943787 0.460899
vt 0.942492 0.496723
vt 0.943761 0.475188
vt 0.943637 0.472345
vt 0.945463 0.470067
vt 0.918049 0.459675
vt 0.925108 0.459319
vt 0.925109 0.461546
vt 0.924757 0.464616
vt 0.917862 0.465644
vt 0.918038 0.463153
vt 0.922830 0.523754
vt 0.925101 0.526996
vt 0.917897 0.527727
vt 0.921610 0.507876
vt 0.917132 0.507070
vt 0.921989 0.503767
vt 0.918488 0.515107
vt 0.923053 0.513043
vt 0.925546 0.517498
vt 0.918491 0.518682
vt 0.918647 0.471494
vt 0.925409 0.471444
vt 0.923058 0.475170
vt 0.921942 0.533859
vt 0.924552 0.536076
vt 0.919787 0.537708
vt 0.924301 0.495097
vt 0.920990 0.497701
vt 0.916873 0.495101
vt 0.917122 0.491263
vt 0.922830 0.491126
vt 0.923159 0.501942
vt 0.924303 0.502837
vt 0.924300 0.506653
vt 0.925570 0.475947
vt 0.924555 0.539345
vt 0.922255 0.539727
vt 0.932044 0.463103
vt 0.927248 0.460105
vt 0.932231 0.528666
vt 0.932056 0.525437
vt 0.925128 0.523960
vt 0.932065 0.523117
vt 0.931245 0.507487
vt 0.929745 0.503279
vt 0.931480 0.484254
vt 0.926577 0.486641
vt 0.925045 0.483334
vt 0.930537 0.514281
vt 0.927692 0.518383
vt 0.926060 0.514268
vt 0.926917 0.512800
vt 0.927706 0.474457
vt 0.932668 0.470857
vt 0.926857 0.536026
vt 0.924557 0.533846
vt 0.931504 0.533713
vt 0.926326 0.491911
vt 0.929331 0.495159
vt 0.936476 0.528340
vt 0.934477 0.524060
vt 0.941459 0.524659
vt 0.933956 0.503984
vt 0.937928 0.502483
vt 0.938451 0.485060
vt 0.932888 0.486255
vt 0.933874 0.482731
vt 0.936351 0.480675
vt 0.936885 0.519002
vt 0.933909 0.539222
vt 0.933914 0.535213
vt 0.936388 0.535460
vt 0.935126 0.533813
vt 0.933316 0.496168
vt 0.933214 0.492500
vt 0.934655 0.497326
vt 0.934841 0.513620
vt 0.934883 0.517749
vt 0.930293 0.497524
vt 0.934477 0.528055
vt 0.934459 0.460135
vt 0.934456 0.463775
vt 0.932054 0.465424
vt 0.931491 0.539197
vt 0.931477 0.481090
vt 0.933885 0.480605
vt 0.933638 0.502259
vt 0.933652 0.507288
vt 0.882271 0.458904
vt 0.887173 0.458694
vt 0.887088 0.461384
vt 0.886673 0.465098
vt 0.879786 0.465825
vt 0.882252 0.463340
vt 0.879795 0.522732
vt 0.885722 0.523321
vt 0.882262 0.525216
vt 0.887099 0.527169
vt 0.882285 0.529650
vt 0.886596 0.484318
vt 0.884785 0.492491
vt 0.879368 0.484473
vt 0.883865 0.534524
vt 0.885145 0.539315
vt 0.879221 0.539922
vt 0.885241 0.514955
vt 0.885890 0.512087
vt 0.887712 0.515139
vt 0.887611 0.518745
vt 0.886557 0.535963
vt 0.886279 0.490732
vt 0.886279 0.493415
vt 0.886267 0.497059
vt 0.884737 0.502525
vt 0.893430 0.508866
vt 0.886658 0.507609
vt 0.893420 0.506054
vt 0.894224 0.482525
vt 0.893950 0.489902
vt 0.888112 0.492660
vt 0.887987 0.480284
vt 0.894156 0.479729
vt 0.891444 0.518369
vt 0.894918 0.473056
vt 0.887454 0.470978
vt 0.894442 0.469176
vt 0.888852 0.539802
vt 0.893622 0.534976
vt 0.893974 0.494410
vt 0.894031 0.502263
vt 0.887807 0.502158
vt 0.887021 0.529890
vt 0.889772 0.526470
vt 0.889057 0.461317
vt 0.886269 0.502807
vt 0.901424 0.464240
vt 0.897529 0.464571
vt 0.898921 0.460164
vt 0.898959 0.527878
vt 0.896719 0.523350
vt 0.903689 0.523497
vt 0.898230 0.507228
vt 0.895895 0.504226
vt 0.901394 0.502510
vt 0.897428 0.480681
vt 0.900840 0.479706
vt 0.899322 0.484171
vt 0.899603 0.476215
vt 0.899737 0.471319
vt 0.904248 0.472037
vt 0.903115 0.540461
vt 0.896145 0.539496
vt 0.903290 0.537042
vt 0.900500 0.494597
vt 0.896042 0.496975
vt 0.896019 0.492166
vt 0.900142 0.490561
vt 0.896269 0.486197
vt 0.896117 0.481684
vt 0.899540 0.516884
vt 0.897124 0.518571
vt 0.897091 0.513744
vt 0.898842 0.512974
vt 0.897130 0.471187
vt 0.898470 0.469306
vt 0.896131 0.534670
vt 0.898504 0.535240
vt 0.897418 0.533224
vt 0.891497 0.458382
vt 0.894732 0.463543
vt 0.889428 0.522852
vt 0.895334 0.523881
vt 0.889811 0.512396
vt 0.895498 0.517641
vt 0.894755 0.539667
vt 0.896703 0.527127
vt 0.894153 0.529170
vt 0.896686 0.459408
vt 0.897112 0.475599
vt 0.895873 0.507727
vt 0.915716 0.523605
vt 0.914886 0.505599
vt 0.922249 0.484975
vt 0.917374 0.486280
vt 0.917283 0.481514
vt 0.915142 0.539236
vt 0.915147 0.536048
vt 0.914860 0.501974
vt 0.916239 0.501806
vt 0.916128 0.515158
vt 0.916115 0.512811
vt 0.916114 0.475332
vt 0.916136 0.471346
vt 0.917429 0.469643
vt 0.915137 0.533709
vt 0.916380 0.533536
vt 0.915697 0.464693
vt 0.915694 0.461507
vt 0.913366 0.464914
vt 0.908597 0.461410
vt 0.913389 0.508481
vt 0.907497 0.507780
vt 0.913451 0.504475
vt 0.908779 0.484190
vt 0.912787 0.480425
vt 0.914623 0.485269
vt 0.913640 0.486831
vt 0.909037 0.515060
vt 0.913808 0.470351
vt 0.909360 0.475115
vt 0.907368 0.492746
vt 0.913389 0.491771
vt 0.912528 0.495758
vt 0.913390 0.523842
vt 0.915704 0.527038
vt 0.913374 0.529280
vt 0.914880 0.491198
vt 0.914875 0.495131
vt 0.913721 0.497664
vt 0.906065 0.458986
vt 0.906218 0.461466
vt 0.906230 0.527083
vt 0.905363 0.507618
vt 0.905350 0.504276
vt 0.905643 0.482624
vt 0.904141 0.486154
vt 0.906503 0.517760
vt 0.899363 0.519627
vt 0.905621 0.533557
vt 0.905468 0.496848
vt 0.902027 0.498040
vt 0.904488 0.514455
vt 0.905902 0.512769
vt 0.905680 0.536019
vt 0.905674 0.539365
vt 0.905408 0.492233
vt 0.903890 0.492080
vt 0.906232 0.529536
vt 0.904910 0.529761
vt 0.908453 0.527803
vt 0.906248 0.523478
vt 0.905894 0.480294
vt 0.907266 0.471195
vt 0.906472 0.464891
vt 0.907756 0.533347
vt 0.906366 0.474984
vt 0.908274 0.512467
vt 0.905657 0.485965
vt 0.809285 0.458360
vt 0.807044 0.506161
vt 0.803620 0.509451
vt 0.809432 0.537004
vt 0.808486 0.497635
vt 0.808758 0.504275
vt 0.806124 0.480186
vt 0.808731 0.479549
vt 0.809393 0.483432
vt 0.808646 0.488413
vt 0.806138 0.484555
vt 0.807331 0.532791
vt 0.808731 0.533665
vt 0.809197 0.540657
vt 0.807337 0.541138
vt 0.809316 0.463326
vt 0.809369 0.527287
vt 0.809864 0.530303
vt 0.814187 0.463404
vt 0.810729 0.465792
vt 0.811750 0.459792
vt 0.814210 0.529611
vt 0.814201 0.525173
vt 0.809768 0.523143
vt 0.814194 0.521914
vt 0.811536 0.508553
vt 0.815806 0.502475
vt 0.814638 0.517028
vt 0.812190 0.520146
vt 0.810435 0.515897
vt 0.812410 0.512321
vt 0.812389 0.476231
vt 0.810291 0.470276
vt 0.814642 0.470145
vt 0.813621 0.539210
vt 0.811623 0.533197
vt 0.810051 0.498511
vt 0.811520 0.489564
vt 0.815673 0.495393
vt 0.809759 0.474955
vt 0.809760 0.511990
vt 0.823955 0.529063
vt 0.820489 0.524149
vt 0.823938 0.522612
vt 0.824392 0.474051
vt 0.820929 0.470291
vt 0.824390 0.469612
vt 0.823363 0.540274
vt 0.818514 0.536968
vt 0.825810 0.535896
vt 0.819996 0.533936
vt 0.825945 0.532722
vt 0.819663 0.507928
vt 0.818198 0.508047
vt 0.818229 0.501166
vt 0.820623 0.502567
vt 0.820400 0.484532
vt 0.817824 0.485732
vt 0.818486 0.480966
vt 0.820381 0.480265
vt 0.821957 0.515531
vt 0.818816 0.513884
vt 0.822042 0.512027
vt 0.822033 0.476515
vt 0.818985 0.474399
vt 0.820860 0.496571
vt 0.817577 0.492012
vt 0.820699 0.490970
vt 0.820985 0.463375
vt 0.819060 0.465277
vt 0.819028 0.461295
vt 0.821074 0.458802
vt 0.820499 0.529468
vt 0.819043 0.527281
vt 0.818844 0.458334
vt 0.817638 0.465475
vt 0.814184 0.466663
vt 0.818559 0.523227
vt 0.813606 0.481220
vt 0.817062 0.479976
vt 0.818156 0.511760
vt 0.819282 0.518128
vt 0.840018 0.504018
vt 0.837861 0.498862
vt 0.841972 0.497458
vt 0.843952 0.519382
vt 0.839266 0.519894
vt 0.838975 0.516919
vt 0.838359 0.494275
vt 0.840152 0.489840
vt 0.840567 0.484539
vt 0.837320 0.485749
vt 0.838446 0.480458
vt 0.840788 0.476468
vt 0.838989 0.475452
vt 0.841250 0.472824
vt 0.841137 0.463367
vt 0.839163 0.465798
vt 0.838829 0.460067
vt 0.839012 0.530006
vt 0.838534 0.527274
vt 0.841154 0.525202
vt 0.838558 0.522983
vt 0.841155 0.522034
vt 0.831399 0.525206
vt 0.833917 0.529476
vt 0.837642 0.504084
vt 0.832229 0.502728
vt 0.836156 0.496871
vt 0.830829 0.484541
vt 0.835553 0.480024
vt 0.836169 0.490891
vt 0.837180 0.514862
vt 0.831966 0.519360
vt 0.831156 0.513458
vt 0.837301 0.511739
vt 0.830840 0.535869
vt 0.830542 0.532709
vt 0.837901 0.532996
vt 0.837945 0.535934
vt 0.830284 0.495386
vt 0.837981 0.539917
vt 0.835568 0.540378
vt 0.839462 0.469585
vt 0.837228 0.475180
vt 0.838986 0.512944
vt 0.837583 0.519104
vt 0.827297 0.462442
vt 0.827405 0.458127
vt 0.826682 0.482381
vt 0.826192 0.490418
vt 0.828856 0.517180
vt 0.821515 0.519248
vt 0.828855 0.540538
vt 0.828287 0.499275
vt 0.828613 0.505132
vt 0.825646 0.507368
vt 0.828096 0.489940
vt 0.828233 0.535919
vt 0.829421 0.465802
vt 0.827256 0.466478
vt 0.829426 0.522774
vt 0.836142 0.522748
vt 0.830283 0.508308
vt 0.829284 0.530010
vt 0.828789 0.527278
vt 0.831388 0.463367
vt 0.828803 0.460277
vt 0.831437 0.458897
vt 0.830356 0.490440
vt 0.831085 0.476417
vt 0.829221 0.473944
vt 0.831506 0.472821
vt 0.829241 0.519842
vt 0.828701 0.480463
vt 0.877622 0.460496
vt 0.877492 0.527206
vt 0.878549 0.470533
vt 0.885460 0.475012
vt 0.879706 0.475998
vt 0.876910 0.535942
vt 0.878828 0.508133
vt 0.876353 0.506854
vt 0.878831 0.504091
vt 0.876875 0.484438
vt 0.879208 0.480428
vt 0.877556 0.475263
vt 0.876887 0.533164
vt 0.879087 0.532903
vt 0.876393 0.494870
vt 0.878962 0.489779
vt 0.878763 0.497518
vt 0.877457 0.523132
vt 0.875055 0.509090
vt 0.869397 0.508837
vt 0.871542 0.502537
vt 0.876525 0.502198
vt 0.872082 0.480263
vt 0.876848 0.479738
vt 0.875400 0.483600
vt 0.875712 0.471159
vt 0.873544 0.476362
vt 0.872225 0.495389
vt 0.875081 0.491000
vt 0.877428 0.465136
vt 0.874671 0.460396
vt 0.876632 0.490603
vt 0.874847 0.513512
vt 0.877089 0.512339
vt 0.878544 0.517762
vt 0.875354 0.518214
vt 0.868050 0.465324
vt 0.860438 0.466007
vt 0.862888 0.463394
vt 0.860945 0.522057
vt 0.867608 0.523328
vt 0.860604 0.525204
vt 0.867753 0.527236
vt 0.862921 0.529844
vt 0.864207 0.509257
vt 0.859740 0.507451
vt 0.866879 0.506587
vt 0.865075 0.496910
vt 0.861894 0.501997
vt 0.859860 0.480276
vt 0.867475 0.479810
vt 0.866517 0.482993
vt 0.864576 0.533685
vt 0.867339 0.537665
vt 0.860368 0.539651
vt 0.867463 0.502707
vt 0.865854 0.514887
vt 0.868966 0.512406
vt 0.869042 0.515778
vt 0.866516 0.511842
vt 0.866803 0.519043
vt 0.868185 0.470041
vt 0.868908 0.475997
vt 0.866073 0.475127
vt 0.867760 0.460332
vt 0.866359 0.459716
vt 0.872668 0.464987
vt 0.869118 0.459666
vt 0.870327 0.525222
vt 0.869150 0.522206
vt 0.875045 0.522879
vt 0.869640 0.518899
vt 0.873130 0.520146
vt 0.874471 0.540183
vt 0.874451 0.535017
vt 0.867619 0.497020
vt 0.869168 0.490525
vt 0.869253 0.529480
vt 0.867025 0.489763
vt 0.868197 0.519762
vt 0.869490 0.484466
vt 0.843879 0.458974
vt 0.848749 0.458567
vt 0.848265 0.461297
vt 0.848132 0.522991
vt 0.846902 0.528903
vt 0.843662 0.529466
vt 0.845297 0.480023
vt 0.846971 0.483532
vt 0.847319 0.488827
vt 0.846962 0.513698
vt 0.841828 0.512975
vt 0.840572 0.535859
vt 0.840272 0.532699
vt 0.846199 0.533609
vt 0.847071 0.536857
vt 0.840581 0.540162
vt 0.847847 0.502923
vt 0.847465 0.507103
vt 0.845883 0.508570
vt 0.848335 0.479873
vt 0.848728 0.513427
vt 0.849207 0.519296
vt 0.847339 0.469775
vt 0.848723 0.471953
vt 0.846920 0.474010
vt 0.845897 0.497286
vt 0.847466 0.495319
vt 0.848587 0.528494
vt 0.850893 0.525198
vt 0.853625 0.529571
vt 0.850020 0.507461
vt 0.854695 0.502351
vt 0.853701 0.519422
vt 0.850982 0.516048
vt 0.851093 0.475679
vt 0.853687 0.469505
vt 0.851232 0.522016
vt 0.850878 0.463368
vt 0.848910 0.465803
vt 0.849764 0.495390
vt 0.851225 0.512100
vt 0.850160 0.484497
vt 0.859448 0.459607
vt 0.862906 0.458715
vt 0.857918 0.502815
vt 0.858548 0.471958
vt 0.860344 0.476149
vt 0.858693 0.469019
vt 0.863539 0.469558
vt 0.857494 0.535920
vt 0.858967 0.495375
vt 0.859611 0.489833
vt 0.856951 0.507283
vt 0.859872 0.484487
vt 0.857367 0.488541
vt 0.856777 0.482990
vt 0.857208 0.532972
vt 0.858840 0.532780
vt 0.857213 0.495313
vt 0.857873 0.523010
vt 0.853382 0.459108
vt 0.858013 0.458401
vt 0.858012 0.461306
vt 0.858002 0.465263
vt 0.853149 0.466656
vt 0.856644 0.528882
vt 0.852569 0.480150
vt 0.857422 0.479569
vt 0.856657 0.514875
vt 0.850654 0.539686
vt 0.850297 0.534980
vt 0.855980 0.536771
vt 0.855638 0.493111
vt 0.858261 0.528431
vt 0.857081 0.469798
vt 0.856707 0.475161
vt 0.856781 0.511771
vt 0.858475 0.513453
vt 0.858445 0.518896
vt 0.997417 0.482894
vt 0.998713 0.483463
vt 0.997094 0.483826
vt 0.995615 0.514940
vt 0.999213 0.515811
vt 0.998877 0.516422
vt 0.997373 0.493766
vt 0.998450 0.494307
vt 0.996440 0.494945
vt 0.993134 0.461473
vt 0.998328 0.462270
vt 0.993059 0.463920
vt 0.993871 0.526600
vt 0.997373 0.525529
vt 0.998572 0.526436
vt 0.011985 0.459758
vt 0.010813 0.487227
vt 0.010790 0.481487
vt 0.012255 0.475698
vt 0.012296 0.540282
vt 0.011035 0.539298
vt 0.010589 0.534908
vt 0.012353 0.464193
vt 0.010789 0.465871
vt 0.018569 0.458183
vt 0.014384 0.458620
vt 0.018873 0.474905
vt 0.015635 0.476038
vt 0.014768 0.470522
vt 0.018627 0.470741
vt 0.015697 0.507383
vt 0.012528 0.507868
vt 0.013884 0.479959
vt 0.018977 0.514574
vt 0.019006 0.518656
vt 0.017585 0.468832
vt 0.024775 0.458658
vt 0.020709 0.458576
vt 0.019458 0.508721
vt 0.021149 0.469472
vt 0.022315 0.489836
vt 0.019484 0.541692
vt 0.019477 0.538787
vt 0.020236 0.465150
vt 0.018778 0.511525
vt 0.019148 0.530670
vt 0.018560 0.534730
vt 0.049671 0.474107
vt 0.044120 0.476155
vt 0.043943 0.468774
vt 0.049676 0.469049
vt 0.041982 0.522917
vt 0.041413 0.541616
vt 0.038918 0.527880
vt 0.039093 0.522857
vt 0.042174 0.476365
vt 0.041752 0.531217
vt 0.038903 0.531592
vt 0.030025 0.531149
vt 0.030024 0.527783
vt 0.030447 0.469406
vt 0.029245 0.541767
vt 0.032129 0.529765
vt 0.032130 0.522614
vt 0.031457 0.479695
vt 0.032551 0.519280
vt 0.032558 0.469151
vt 0.082878 0.541484
vt 0.083546 0.458302
vt 0.089286 0.457246
vt 0.089833 0.513091
vt 0.089725 0.519411
vt 0.084457 0.511438
vt 0.080309 0.522878
vt 0.081295 0.541589
vt 0.081878 0.523126
vt 0.079713 0.469051
vt 0.078046 0.479161
vt 0.063488 0.507822
vt 0.066263 0.479675
vt 0.070359 0.511437
vt 0.072580 0.512122
vt 0.072143 0.522878
vt 0.070300 0.457327
vt 0.071955 0.466811
vt 0.071884 0.531203
vt 0.070314 0.531505
vt 0.050254 0.522889
vt 0.050362 0.477768
vt 0.052278 0.469355
vt 0.051921 0.466810
vt 0.058596 0.466619
vt 0.051240 0.541621
vt 0.051824 0.523139
vt 0.058021 0.479160
vt 0.054004 0.468776
vt 0.054451 0.511697
vt 0.057613 0.532681
vt 0.062840 0.541508
vt 0.067728 0.520726
vt 0.067735 0.467741
vt 0.062298 0.469351
vt 0.061842 0.523134
vt 0.167032 0.457107
vt 0.161553 0.533058
vt 0.162474 0.477448
vt 0.156180 0.508779
vt 0.155163 0.511908
vt 0.160830 0.512898
vt 0.160743 0.519524
vt 0.146407 0.482251
vt 0.144145 0.479350
vt 0.146996 0.522695
vt 0.143722 0.508675
vt 0.152029 0.531168
vt 0.151414 0.533087
vt 0.129397 0.502350
vt 0.129377 0.508612
vt 0.129633 0.532781
vt 0.131469 0.536518
vt 0.131463 0.533091
vt 0.132068 0.523065
vt 0.132800 0.459910
vt 0.131994 0.531176
vt 0.136967 0.466108
vt 0.133534 0.457325
vt 0.136984 0.522700
vt 0.132962 0.479819
vt 0.134588 0.477804
vt 0.142078 0.523057
vt 0.141508 0.541516
vt 0.141139 0.508368
vt 0.142440 0.469360
vt 0.142433 0.475375
vt 0.142433 0.519133
vt 0.142011 0.531172
vt 0.140443 0.469100
vt 0.140016 0.476031
vt 0.140014 0.531519
vt 0.140414 0.522851
vt 0.090326 0.522874
vt 0.090434 0.477771
vt 0.091970 0.466813
vt 0.091314 0.541578
vt 0.091897 0.523122
vt 0.096315 0.484855
vt 0.096320 0.479669
vt 0.092898 0.541472
vt 0.102366 0.476360
vt 0.103584 0.458302
vt 0.101052 0.541755
vt 0.101321 0.533139
vt 0.100784 0.519361
vt 0.122045 0.466813
vt 0.123741 0.477717
vt 0.122398 0.520213
vt 0.121953 0.523106
vt 0.119616 0.532791
vt 0.118131 0.479150
vt 0.111862 0.531203
vt 0.112026 0.466812
vt 0.112380 0.520209
vt 0.111935 0.523111
vt 0.113728 0.477717
vt 0.321816 0.478930
vt 0.327301 0.520830
vt 0.322734 0.468299
vt 0.321763 0.534003
vt 0.317546 0.512663
vt 0.315263 0.518698
vt 0.321375 0.510852
vt 0.308503 0.541910
vt 0.312707 0.516864
vt 0.312781 0.512205
vt 0.311747 0.534011
vt 0.290143 0.532640
vt 0.291959 0.466260
vt 0.291710 0.541368
vt 0.292265 0.523037
vt 0.304313 0.531450
vt 0.299673 0.532579
vt 0.300964 0.519426
vt 0.248484 0.457135
vt 0.251271 0.520534
vt 0.249039 0.532602
vt 0.249257 0.521566
vt 0.253730 0.531420
vt 0.264772 0.531521
vt 0.270073 0.531474
vt 0.254563 0.542536
vt 0.264224 0.459119
vt 0.270087 0.461937
vt 0.265110 0.466035
vt 0.270087 0.457287
vt 0.261302 0.541632
vt 0.261654 0.532970
vt 0.284803 0.531512
vt 0.283998 0.526874
vt 0.282027 0.541064
vt 0.281682 0.484701
vt 0.282656 0.468295
vt 0.277443 0.512648
vt 0.275224 0.518713
vt 0.273846 0.484823
vt 0.278938 0.479685
vt 0.281268 0.510829
vt 0.271183 0.491117
vt 0.271592 0.484707
vt 0.271946 0.466253
vt 0.269417 0.498778
vt 0.272644 0.518036
vt 0.272711 0.512190
vt 0.271673 0.532960
vt 0.272209 0.531113
vt 0.273277 0.479562
vt 0.177064 0.531684
vt 0.172800 0.477509
vt 0.177492 0.468951
vt 0.177484 0.475511
vt 0.173074 0.532751
vt 0.188767 0.479348
vt 0.189338 0.466246
vt 0.183661 0.531462
vt 0.183641 0.521681
vt 0.186412 0.508932
vt 0.183127 0.475199
vt 0.186501 0.533375
vt 0.182394 0.469362
vt 0.180929 0.477754
vt 0.182477 0.477450
vt 0.202064 0.457637
vt 0.204569 0.457264
vt 0.207317 0.512624
vt 0.205005 0.518642
vt 0.203105 0.542503
vt 0.202502 0.518031
vt 0.201540 0.533034
vt 0.202010 0.466819
vt 0.194536 0.457264
vt 0.200344 0.457311
vt 0.194971 0.518629
vt 0.197299 0.512623
vt 0.198646 0.508694
vt 0.191922 0.457611
vt 0.189668 0.508636
vt 0.192315 0.479341
vt 0.193208 0.483745
vt 0.193926 0.512074
vt 0.244717 0.457237
vt 0.243340 0.532662
vt 0.242700 0.512177
vt 0.242140 0.461058
vt 0.242138 0.457641
vt 0.234678 0.457264
vt 0.232168 0.517153
vt 0.227598 0.510593
vt 0.232384 0.511687
vt 0.232072 0.466820
vt 0.232153 0.457643
vt 0.231340 0.509489
vt 0.231176 0.468006
vt 0.233156 0.542470
vt 0.210362 0.457312
vt 0.212027 0.466820
vt 0.209974 0.532719
vt 0.212081 0.457638
vt 0.211560 0.533023
vt 0.213121 0.542491
vt 0.214727 0.457254
vt 0.214636 0.531515
vt 0.224678 0.457235
vt 0.212705 0.509770
vt 0.223123 0.492675
vt 0.224163 0.531485
vt 0.223140 0.542481
vt 0.222637 0.512159
vt 0.222043 0.469298
vt 0.221496 0.532997
vt 0.222102 0.457640
vt 0.222048 0.466821
vt 0.221195 0.477728
vt 0.642687 0.457881
vt 0.642555 0.462299
vt 0.646927 0.508850
vt 0.644567 0.531055
vt 0.650440 0.468794
vt 0.649416 0.476004
vt 0.649410 0.512161
vt 0.646996 0.540237
vt 0.641963 0.480158
vt 0.642535 0.466656
vt 0.637055 0.479769
vt 0.635100 0.531123
vt 0.637260 0.508755
vt 0.639210 0.495474
vt 0.637071 0.540277
vt 0.637358 0.533128
vt 0.631391 0.468987
vt 0.631243 0.476098
vt 0.641800 0.509395
vt 0.632596 0.466693
vt 0.631030 0.530145
vt 0.627053 0.508913
vt 0.627128 0.533050
vt 0.632653 0.457859
vt 0.632655 0.462270
vt 0.606936 0.503744
vt 0.610367 0.508666
vt 0.612103 0.484642
vt 0.612905 0.479390
vt 0.609468 0.541291
vt 0.610624 0.534153
vt 0.611629 0.520607
vt 0.607193 0.538456
vt 0.607187 0.532982
vt 0.611942 0.509491
vt 0.613173 0.512424
vt 0.612733 0.457789
vt 0.619447 0.541250
vt 0.623141 0.512453
vt 0.622701 0.457823
vt 0.620601 0.534165
vt 0.621596 0.520578
vt 0.566488 0.508897
vt 0.566819 0.488643
vt 0.572549 0.475202
vt 0.573929 0.469157
vt 0.572526 0.532585
vt 0.572863 0.521808
vt 0.582033 0.508486
vt 0.577772 0.460972
vt 0.575460 0.458093
vt 0.576749 0.509017
vt 0.574532 0.503758
vt 0.573227 0.477478
vt 0.585506 0.522394
vt 0.587195 0.482212
vt 0.584918 0.479336
vt 0.584936 0.541371
vt 0.582290 0.532639
vt 0.583137 0.469428
vt 0.580307 0.508977
vt 0.603045 0.541349
vt 0.603035 0.479337
vt 0.597248 0.532980
vt 0.603194 0.512399
vt 0.597767 0.457225
vt 0.595673 0.522655
vt 0.600378 0.508686
vt 0.591364 0.537318
vt 0.590634 0.533505
vt 0.593131 0.469465
vt 0.594329 0.457435
vt 0.593233 0.520352
vt 0.592530 0.532605
vt 0.489173 0.507607
vt 0.488267 0.475949
vt 0.490557 0.469911
vt 0.491213 0.509018
vt 0.490479 0.478624
vt 0.493080 0.520362
vt 0.493648 0.468863
vt 0.490127 0.531391
vt 0.497198 0.503690
vt 0.494294 0.507961
vt 0.494552 0.532347
vt 0.494478 0.520648
vt 0.493108 0.477479
vt 0.509144 0.478533
vt 0.502314 0.522349
vt 0.530065 0.457288
vt 0.522969 0.522680
vt 0.530629 0.469917
vt 0.522713 0.531001
vt 0.514818 0.457312
vt 0.520665 0.531351
vt 0.516359 0.531510
vt 0.520534 0.478620
vt 0.515264 0.518321
vt 0.512679 0.457672
vt 0.511186 0.509695
vt 0.511811 0.541314
vt 0.563048 0.522657
vt 0.562258 0.532635
vt 0.562784 0.530979
vt 0.554938 0.458474
vt 0.560755 0.531329
vt 0.561192 0.522662
vt 0.550588 0.478617
vt 0.548490 0.532158
vt 0.553190 0.520387
vt 0.552769 0.530987
vt 0.550094 0.531374
vt 0.550224 0.457301
vt 0.552821 0.521805
vt 0.530551 0.478619
vt 0.537281 0.503702
vt 0.534362 0.507968
vt 0.542861 0.476413
vt 0.542750 0.530992
vt 0.540688 0.457325
vt 0.540570 0.478618
vt 0.330183 0.479778
vt 0.332038 0.479783
vt 0.331396 0.510856
vt 0.339194 0.532506
vt 0.340501 0.476059
vt 0.337361 0.468972
vt 0.344706 0.516674
vt 0.345125 0.510760
vt 0.345098 0.522293
vt 0.344507 0.479503
vt 0.350575 0.519322
vt 0.347324 0.520837
vt 0.346798 0.532350
vt 0.343350 0.532577
vt 0.344839 0.476196
vt 0.341772 0.480034
vt 0.342770 0.475815
vt 0.342771 0.469393
vt 0.342327 0.518420
vt 0.343911 0.457347
vt 0.342343 0.531082
vt 0.341033 0.468803
vt 0.362142 0.540968
vt 0.361938 0.536257
vt 0.366829 0.541324
vt 0.341542 0.509520
vt 0.362722 0.522428
vt 0.367900 0.520840
vt 0.363598 0.469127
vt 0.361937 0.532842
vt 0.362809 0.511145
vt 0.365237 0.477839
vt 0.360797 0.457345
vt 0.354953 0.530561
vt 0.359801 0.508745
vt 0.353940 0.507825
vt 0.361215 0.477779
vt 0.352996 0.457528
vt 0.352791 0.468302
vt 0.409707 0.525998
vt 0.407482 0.530334
vt 0.403315 0.530595
vt 0.403743 0.468668
vt 0.401877 0.481144
vt 0.404808 0.541197
vt 0.402641 0.519571
vt 0.402886 0.511160
vt 0.402467 0.466823
vt 0.397469 0.530751
vt 0.400305 0.479421
vt 0.394803 0.541209
vt 0.400318 0.513147
vt 0.398082 0.519772
vt 0.401322 0.469167
vt 0.392868 0.511157
vt 0.387426 0.457955
vt 0.387426 0.467349
vt 0.386854 0.479627
vt 0.393714 0.468679
vt 0.393286 0.530604
vt 0.394614 0.477795
vt 0.370816 0.457346
vt 0.371262 0.467995
vt 0.371780 0.490169
vt 0.374186 0.531397
vt 0.373127 0.511096
vt 0.372911 0.519203
vt 0.371848 0.532853
vt 0.372472 0.457639
vt 0.373399 0.532546
vt 0.372431 0.531068
vt 0.383262 0.462344
vt 0.383286 0.458118
vt 0.383273 0.530603
vt 0.383701 0.468682
vt 0.382849 0.511152
vt 0.380882 0.458481
vt 0.484425 0.477758
vt 0.483787 0.536970
vt 0.484058 0.532383
vt 0.483060 0.520358
vt 0.482013 0.532735
vt 0.477591 0.467359
vt 0.478274 0.457782
vt 0.481025 0.469114
vt 0.476283 0.531528
vt 0.478712 0.520504
vt 0.474693 0.532355
vt 0.473046 0.512278
vt 0.471078 0.477814
vt 0.471950 0.541928
vt 0.470395 0.469098
vt 0.471030 0.457364
vt 0.474150 0.467136
vt 0.448405 0.468993
vt 0.445257 0.512583
vt 0.450362 0.519557
vt 0.452574 0.522605
vt 0.453010 0.468313
vt 0.453009 0.476383
vt 0.451988 0.540841
vt 0.452565 0.457665
vt 0.453557 0.541091
vt 0.457557 0.466137
vt 0.454204 0.507940
vt 0.454926 0.469587
vt 0.468418 0.520889
vt 0.463022 0.519254
vt 0.463018 0.513267
vt 0.461883 0.478914
vt 0.463011 0.477480
vt 0.461724 0.541082
vt 0.461978 0.532756
vt 0.462582 0.457665
vt 0.462600 0.531028
vt 0.461024 0.531332
vt 0.458459 0.467778
vt 0.411590 0.540931
vt 0.412420 0.531067
vt 0.419741 0.525999
vt 0.417779 0.530652
vt 0.414177 0.530346
vt 0.412251 0.532740
vt 0.419755 0.466442
vt 0.418361 0.469011
vt 0.424196 0.530348
vt 0.430531 0.477837
vt 0.428378 0.469006
vt 0.421605 0.540921
vt 0.422948 0.477473
vt 0.421907 0.532799
vt 0.422436 0.531063
vt 0.420891 0.477826
vt 0.444230 0.530365
vt 0.440096 0.489201
vt 0.441970 0.540853
vt 0.442563 0.531037
vt 0.440526 0.458109
vt 0.438422 0.467776
vt 0.440979 0.531343
vt 0.431831 0.478918
vt 0.429942 0.509041
vt 0.432537 0.522616
vt 0.433447 0.468221
vt 0.432020 0.532770
vt 0.431951 0.540865
vt 0.432526 0.457662
vt 0.437519 0.467355
vt 0.433524 0.541111
vt 0.436940 0.532254
vt 0.007776 0.503492
vt 0.010811 0.507392
vt 0.007076 0.506636
vt 0.007125 0.535410
vt 0.006903 0.539033
vt 0.961565 0.534747
vt 0.961680 0.538343
vt 0.004894 0.503128
vt 0.003824 0.485733
vt 0.002190 0.536985
vt 0.001491 0.504600
vt 0.001404 0.462596
vt 0.000517 0.463009
vt 0.954080 0.507307
vt 0.956670 0.539664
vt 0.961517 0.495603
vt 0.960138 0.496021
vt 0.961501 0.492478
vt 0.961745 0.485500
vt 0.964801 0.517929
vt 0.972055 0.506533
vt 0.973239 0.503557
vt 0.977951 0.506231
vt 0.970310 0.503240
vt 0.970685 0.492184
vt 0.970720 0.507291
vt 0.971880 0.517131
vt 0.971375 0.524623
vt 0.971980 0.475128
vt 0.970804 0.538970
vt 0.970990 0.513679
vt 0.966291 0.539360
vt 0.986976 0.528063
vt 0.985039 0.504451
vt 0.985024 0.495907
vt 0.988577 0.496075
vt 0.986500 0.517414
vt 0.987026 0.514350
vt 0.992141 0.474694
vt 0.984938 0.492851
vt 0.986279 0.474804
vt 0.986254 0.471404
vt 0.985831 0.524564
vt 0.979856 0.506063
vt 0.983479 0.503443
vt 0.985099 0.514298
vt 0.982320 0.492260
vt 0.977714 0.463958
vt 0.978088 0.503544
vt 0.978862 0.471500
vt 0.978963 0.524830
vt 0.992131 0.461297
vt 0.992568 0.517389
vt 0.993953 0.524623
vt 0.994385 0.471469
vt 0.992216 0.492741
vt 0.992328 0.494945
vt 0.993463 0.515309
vt 0.993491 0.517481
vt 0.652460 0.466615
vt 0.652239 0.462478
vt 0.992263 0.505646
vt 0.992366 0.503281
vt 0.653398 0.508870
vt 0.657089 0.508692
vt 0.652931 0.512866
vt 0.655034 0.457595
vt 0.656910 0.540197
vt 0.656895 0.479837
vt 0.661034 0.476016
vt 0.655048 0.531034
vt 0.655471 0.519415
vt 0.663293 0.508834
vt 0.666976 0.508658
vt 0.667078 0.533209
vt 0.666797 0.540155
vt 0.664686 0.511270
vt 0.669248 0.511132
vt 0.664731 0.476502
vt 0.662858 0.476526
vt 0.662861 0.470171
vt 0.661795 0.480223
vt 0.662856 0.512570
vt 0.662415 0.457986
vt 0.664918 0.457644
vt 0.662367 0.466572
vt 0.661176 0.469412
vt 0.681979 0.465932
vt 0.686713 0.509700
vt 0.684433 0.513473
vt 0.690540 0.512154
vt 0.687623 0.468801
vt 0.681413 0.480263
vt 0.674741 0.457699
vt 0.680522 0.457777
vt 0.682431 0.458028
vt 0.670620 0.457724
vt 0.680591 0.476443
vt 0.680139 0.532628
vt 0.672301 0.458031
vt 0.672261 0.466528
vt 0.671689 0.480256
vt 0.671060 0.517035
vt 0.671969 0.511863
vt 0.672317 0.529592
vt 0.721976 0.509336
vt 0.721432 0.466330
vt 0.729851 0.476545
vt 0.720867 0.480399
vt 0.721925 0.512795
vt 0.716025 0.534179
vt 0.711482 0.465819
vt 0.712799 0.500991
vt 0.704218 0.530767
vt 0.704352 0.527414
vt 0.707083 0.519491
vt 0.710843 0.509124
vt 0.711676 0.523229
vt 0.695074 0.475276
vt 0.694299 0.469524
vt 0.690901 0.520299
vt 0.692194 0.517442
vt 0.690005 0.532665
vt 0.693873 0.530788
vt 0.692538 0.509443
vt 0.703997 0.511482
vt 0.702615 0.508679
vt 0.701312 0.479365
vt 0.702288 0.512729
vt 0.701288 0.532964
vt 0.700961 0.468556
vt 0.799621 0.458350
vt 0.799506 0.479700
vt 0.807272 0.469362
vt 0.800416 0.532794
vt 0.799572 0.523302
vt 0.798139 0.458108
vt 0.798154 0.530474
vt 0.781826 0.508308
vt 0.796403 0.532728
vt 0.782504 0.522752
vt 0.784934 0.529980
vt 0.789643 0.533126
vt 0.788859 0.536902
vt 0.786855 0.511539
vt 0.781938 0.540456
vt 0.788635 0.540587
vt 0.790252 0.512910
vt 0.790035 0.458315
vt 0.770447 0.519902
vt 0.768898 0.512394
vt 0.777898 0.474021
vt 0.770748 0.476890
vt 0.772746 0.522749
vt 0.772456 0.511677
vt 0.777079 0.477311
vt 0.777190 0.532740
vt 0.780097 0.458338
vt 0.781496 0.528955
vt 0.782200 0.511692
vt 0.779241 0.508070
vt 0.778914 0.518524
vt 0.775165 0.520305
vt 0.737927 0.502285
vt 0.731248 0.519342
vt 0.733522 0.519165
vt 0.733485 0.513605
vt 0.744114 0.470561
vt 0.740455 0.480127
vt 0.741046 0.519956
vt 0.741455 0.476922
vt 0.742440 0.530557
vt 0.739611 0.522069
vt 0.762699 0.511661
vt 0.760554 0.461275
vt 0.759922 0.465836
vt 0.759351 0.479843
vt 0.761000 0.468969
vt 0.759101 0.461304
vt 0.760583 0.458314
vt 0.757034 0.457881
vt 0.753234 0.522736
vt 0.757462 0.474053
vt 0.758746 0.469098
vt 0.758481 0.476822
vt 0.745899 0.520333
vt 0.750422 0.483338
vt 0.745904 0.468484
vt 0.750250 0.479497
vt 0.751558 0.508285
vt 0.953702 0.480668
vt 0.952511 0.534793
vt 0.951840 0.459948
vt 0.936928 0.464897
vt 0.943000 0.527883
vt 0.936992 0.470578
vt 0.942887 0.470827
vt 0.937258 0.474341
vt 0.944225 0.518708
vt 0.947825 0.533815
vt 0.924937 0.529254
vt 0.920417 0.529647
vt 0.943797 0.528965
vt 0.924180 0.480539
vt 0.924545 0.485969
vt 0.924295 0.492062
vt 0.924291 0.497328
vt 0.934907 0.470791
vt 0.934842 0.474886
vt 0.884719 0.508310
vt 0.931052 0.476188
vt 0.886094 0.479983
vt 0.879485 0.513315
vt 0.882897 0.519162
vt 0.882904 0.469737
vt 0.887106 0.523517
vt 0.887549 0.512350
vt 0.887541 0.475683
vt 0.886917 0.533222
vt 0.886531 0.539897
vt 0.888517 0.465301
vt 0.889812 0.476181
vt 0.896016 0.501634
vt 0.896698 0.529698
vt 0.895337 0.458620
vt 0.896686 0.465753
vt 0.894094 0.486206
vt 0.915123 0.481458
vt 0.916127 0.518344
vt 0.915689 0.459169
vt 0.908595 0.458795
vt 0.915704 0.529376
vt 0.909035 0.518624
vt 0.907500 0.504219
vt 0.911542 0.501576
vt 0.912812 0.539447
vt 0.912802 0.535261
vt 0.909646 0.490739
vt 0.901467 0.530001
vt 0.900141 0.508876
vt 0.905454 0.501807
vt 0.903595 0.476651
vt 0.907978 0.469476
vt 0.906922 0.486935
vt 0.808310 0.513589
vt 0.809716 0.518884
vt 0.808267 0.477116
vt 0.808476 0.508044
vt 0.810155 0.480289
vt 0.840013 0.508310
vt 0.837644 0.508079
vt 0.819916 0.541121
vt 0.819517 0.476864
vt 0.819474 0.469953
vt 0.817989 0.540720
vt 0.818449 0.533024
vt 0.820956 0.466497
vt 0.819044 0.530210
vt 0.845877 0.465821
vt 0.843976 0.469446
vt 0.837140 0.459657
vt 0.836131 0.465820
vt 0.834228 0.469443
vt 0.829734 0.469572
vt 0.829212 0.512928
vt 0.829220 0.476872
vt 0.827979 0.509005
vt 0.878830 0.458356
vt 0.878073 0.530078
vt 0.876883 0.539724
vt 0.876608 0.498050
vt 0.874817 0.528062
vt 0.876077 0.530227
vt 0.876062 0.458330
vt 0.877882 0.519665
vt 0.867754 0.530089
vt 0.869740 0.470422
vt 0.860116 0.513176
vt 0.863530 0.519331
vt 0.867032 0.540208
vt 0.867195 0.533074
vt 0.873492 0.468742
vt 0.869658 0.533400
vt 0.847042 0.477131
vt 0.847555 0.540047
vt 0.849840 0.490447
vt 0.849012 0.468977
vt 0.848731 0.475924
vt 0.847722 0.532998
vt 0.849104 0.532755
vt 0.859969 0.518953
vt 0.858478 0.475901
vt 0.857299 0.540011
vt 0.851865 0.509456
vt 0.999775 0.462376
vt 0.999359 0.462539
vt 0.996464 0.537224
vt 0.996554 0.536035
vt 0.998604 0.536697
vt 0.998773 0.525881
vt 0.996470 0.505021
vt 0.998630 0.472804
s 1
f 602/1/237 3348/2/238 2408/3/239
f 3715/4/240 2409/5/241 602/1/237
f 2407/6/242 610/7/243 607/8/244
f 608/9/245 598/10/246 601/11/247
f 603/12/248 2409/13/241 2410/14/249
f 600/15/250 3714/16/251 608/17/245
f 608/17/245 610/18/243 600/15/250
f 600/15/250 610/18/243 2407/19/242
f 624/20/252 625/21/253 609/22/254
f 626/23/255 627/24/256 612/25/257
f 606/26/258 611/27/259 628/28/260
f 635/29/261 3349/30/262 610/18/243
f 610/18/243 630/31/263 635/29/261
f 608/9/245 601/11/247 605/32/264
f 602/1/237 613/33/265 3348/2/238
f 3350/34/266 613/33/265 602/1/237
f 612/25/257 603/35/248 604/36/267
f 626/23/255 612/25/257 604/36/267
f 610/18/243 608/17/245 630/31/263
f 606/26/258 626/37/255 611/27/259
f 630/31/263 608/9/245 605/32/264
f 668/38/268 3352/39/269 622/40/270
f 3351/41/271 3353/42/272 670/43/273
f 673/44/274 617/45/275 618/46/276
f 669/47/277 637/48/278 619/49/279
f 619/49/279 672/50/280 671/51/281
f 672/52/280 620/53/282 3351/54/271
f 674/55/283 621/56/284 673/57/274
f 617/45/275 641/58/285 618/46/276
f 619/59/279 620/53/282 672/52/280
f 615/60/286 618/46/276 641/58/285
f 623/61/287 638/62/288 674/63/283
f 629/64/289 630/31/263 605/32/264
f 605/32/264 625/65/253 629/64/289
f 638/62/288 623/61/287 627/24/256
f 635/29/261 639/66/290 641/58/285
f 629/64/289 636/67/291 639/66/290
f 641/58/285 617/45/275 640/68/292
f 760/69/293 3356/70/294 652/71/295
f 652/71/295 647/72/296 759/73/297
f 647/72/296 3377/74/298 759/73/297
f 642/75/299 653/76/300 761/77/301
f 761/77/301 653/76/300 3378/78/302
f 646/79/303 3361/80/304 650/81/305
f 3356/82/294 760/83/293 645/84/306
f 644/85/307 663/86/308 643/87/309
f 663/86/308 3359/88/310 649/89/311
f 647/90/296 665/91/312 664/92/313
f 664/92/313 3355/93/314 647/90/296
f 651/94/315 663/95/308 644/96/307
f 3359/88/310 3361/80/304 649/89/311
f 657/97/316 691/98/317 687/99/318
f 687/99/318 655/100/319 657/97/316
f 658/101/320 3357/102/321 688/103/322
f 658/104/320 3365/105/323 659/106/324
f 667/107/325 689/108/326 661/109/327
f 654/110/328 665/111/312 652/71/295
f 652/71/295 655/112/319 654/110/328
f 3359/88/310 3358/113/329 662/114/330
f 660/115/331 3360/116/332 659/106/324
f 3358/113/329 663/86/308 661/117/327
f 3364/118/333 3352/39/269 668/38/268
f 674/63/283 694/119/334 670/43/273
f 614/120/335 3352/121/269 676/122/336
f 3352/121/269 3364/123/333 676/122/336
f 674/55/283 673/57/274 679/124/337
f 679/124/337 673/57/274 3363/125/338
f 675/126/339 3362/127/340 615/60/286
f 3362/127/340 692/128/341 3363/129/338
f 676/122/336 3364/123/333 696/130/342
f 696/130/342 675/126/339 676/122/336
f 677/131/343 3366/132/344 698/133/345
f 698/133/345 680/134/346 677/131/343
f 678/135/347 3366/136/344 677/137/343
f 675/126/339 696/130/342 695/138/348
f 695/138/348 3362/127/340 675/126/339
f 680/139/346 698/140/345 697/141/349
f 697/141/349 3364/118/333 680/139/346
f 682/142/350 3357/143/321 654/110/328
f 690/144/351 3358/113/329 685/145/352
f 689/108/326 667/107/325 684/146/353
f 690/144/351 691/98/317 662/114/330
f 700/147/354 3364/118/333 697/141/349
f 699/148/355 692/149/341 686/150/356
f 3366/132/344 3365/151/323 688/103/322
f 686/152/356 692/128/341 685/145/352
f 692/128/341 695/138/348 690/144/351
f 936/153/357 3368/154/358 711/155/359
f 937/156/360 942/157/361 713/158/362
f 937/156/360 712/159/363 938/160/364
f 704/161/365 3372/162/366 709/163/367
f 3368/164/358 936/165/357 703/166/368
f 706/167/369 941/168/370 3367/169/371
f 713/170/362 942/171/361 706/167/369
f 702/172/372 723/173/373 701/174/374
f 723/173/373 3370/175/375 708/176/376
f 705/177/377 3373/178/378 724/179/379
f 710/180/380 723/181/373 702/182/372
f 3370/175/375 3372/162/366 708/176/376
f 713/158/362 726/183/381 712/159/363
f 714/184/382 3369/185/383 3373/186/378
f 718/187/384 728/188/385 3369/189/383
f 719/190/386 728/191/385 718/192/384
f 721/193/387 727/194/388 746/195/389
f 746/195/389 727/194/388 716/196/390
f 726/183/381 713/158/362 720/197/391
f 711/155/359 3371/198/392 3373/186/378
f 722/199/393 3372/162/366 3370/175/375
f 3370/175/375 717/200/394 722/199/393
f 721/193/387 710/180/380 727/194/388
f 3369/189/383 728/188/385 724/179/379
f 743/201/395 3368/164/358 709/163/367
f 717/200/394 723/173/373 721/202/387
f 739/203/396 791/204/397 729/205/398
f 3383/206/399 740/207/400 731/208/401
f 737/209/402 740/210/400 794/211/403
f 794/211/403 740/210/400 3383/212/399
f 738/213/404 789/214/405 795/215/406
f 796/216/407 790/217/408 738/213/404
f 733/218/409 749/219/410 737/220/402
f 739/221/396 3375/222/411 758/223/412
f 758/223/412 790/217/408 739/221/396
f 736/224/413 750/225/414 735/226/415
f 750/225/414 3376/227/416 735/226/415
f 737/209/402 756/228/417 740/210/400
f 738/213/404 752/229/418 751/230/419
f 730/231/420 3374/232/421 755/233/422
f 755/233/422 739/203/396 730/231/420
f 715/234/423 720/197/391 754/235/424
f 715/234/423 753/236/425 716/237/390
f 743/201/395 748/238/426 758/223/412
f 3369/189/383 3374/239/421 744/240/427
f 716/196/390 757/241/428 746/195/389
f 756/228/417 749/242/410 742/243/429
f 3376/227/416 750/225/414 745/244/430
f 745/244/430 750/225/414 754/245/424
f 742/246/429 749/219/410 741/247/431
f 749/219/410 751/230/419 747/248/432
f 648/249/433 644/96/307 770/250/434
f 648/249/433 769/251/435 3378/252/302
f 762/253/436 779/254/437 770/255/434
f 767/256/438 3382/257/439 787/258/440
f 787/258/440 768/259/441 767/256/438
f 763/260/442 3381/261/443 775/262/444
f 775/262/444 3377/263/298 763/260/442
f 770/250/434 786/264/445 769/251/435
f 759/73/297 3379/265/446 784/266/447
f 784/266/447 767/267/438 759/73/297
f 771/268/448 780/269/449 765/270/450
f 803/271/451 807/272/452 783/273/453
f 803/271/451 782/274/454 804/275/455
f 772/276/456 3388/277/457 773/278/458
f 774/279/459 785/280/460 787/258/440
f 3386/281/461 3379/282/446 775/262/444
f 804/283/455 782/284/454 777/285/462
f 783/273/453 771/268/448 782/274/454
f 766/286/463 785/280/460 778/287/464
f 786/264/445 779/288/437 773/289/458
f 3380/290/465 3381/291/443 776/292/466
f 773/278/458 779/254/437 772/276/456
f 731/208/401 732/293/467 788/294/468
f 788/294/468 801/295/469 731/208/401
f 731/208/401 801/295/469 3383/206/399
f 790/217/408 796/216/407 799/296/470
f 734/297/471 793/298/472 792/299/473
f 810/300/474 3384/301/475 792/299/473
f 3384/302/475 810/303/474 788/304/468
f 800/305/476 3391/306/477 797/307/478
f 795/215/406 798/308/479 3389/309/480
f 729/205/398 3385/310/481 813/311/482
f 809/312/483 793/313/472 729/205/398
f 788/294/468 812/314/484 801/295/469
f 802/315/485 3386/316/461 813/311/482
f 804/275/455 812/314/484 803/271/451
f 807/317/452 815/318/486 776/292/466
f 812/314/484 3390/319/487 807/272/452
f 808/320/488 3393/321/489 3389/309/480
f 3389/309/480 3387/322/490 808/320/488
f 814/323/491 811/324/492 804/283/455
f 806/325/493 810/300/474 809/326/483
f 806/325/493 815/327/486 810/300/474
f 809/326/483 3386/281/461 806/325/493
f 805/328/494 3385/329/481 799/296/470
f 3387/322/490 798/308/479 3388/277/457
f 3388/277/457 3391/330/477 814/331/491
f 827/332/495 831/333/496 818/334/497
f 840/335/498 3396/336/499 822/337/500
f 3396/338/499 826/339/501 823/340/502
f 819/341/503 828/342/504 824/343/505
f 820/344/506 825/345/507 837/346/508
f 820/344/506 837/346/508 3394/347/509
f 1283/348/510 3395/349/511 838/350/512
f 838/350/512 830/351/513 1283/348/510
f 839/352/514 3396/336/499 840/335/498
f 826/339/501 845/353/515 827/354/495
f 3394/347/509 843/355/516 829/356/517
f 830/357/513 838/358/512 841/359/518
f 841/359/518 840/360/498 830/357/513
f 831/333/496 3397/361/519 819/362/503
f 865/363/520 3397/361/519 864/364/521
f 826/339/501 846/365/522 868/366/523
f 871/367/524 844/368/525 870/369/526
f 870/369/526 3397/370/519 865/371/520
f 867/372/527 848/373/528 843/355/516
f 831/333/496 845/374/515 864/364/521
f 842/375/529 840/360/498 841/359/518
f 841/359/518 847/376/530 842/375/529
f 838/350/512 848/373/528 847/377/530
f 3398/378/531 837/346/508 866/379/532
f 866/379/532 825/345/507 844/380/525
f 851/381/533 859/382/534 916/383/535
f 862/384/536 912/385/537 853/386/538
f 854/387/539 860/388/540 858/389/541
f 855/390/542 916/391/535 859/392/534
f 855/390/542 860/393/540 854/394/539
f 917/395/543 913/396/544 862/397/536
f 917/395/543 861/398/545 852/399/546
f 857/400/547 877/401/548 880/402/549
f 880/402/549 853/386/538 857/400/547
f 876/403/550 879/404/551 851/381/533
f 869/405/552 879/404/551 864/364/521
f 866/379/532 874/406/553 872/407/554
f 870/369/526 881/408/555 871/367/524
f 872/407/554 874/406/553 880/402/549
f 879/404/551 876/403/550 865/363/520
f 832/409/556 833/410/557 863/411/558
f 833/410/557 3400/412/559 863/411/558
f 878/413/560 835/414/561 832/409/556
f 865/371/520 876/415/550 870/369/526
f 870/369/526 861/398/545 881/408/555
f 836/416/562 860/393/540 868/366/523
f 868/366/523 875/417/563 869/418/552
f 835/419/561 878/420/560 858/389/541
f 834/421/564 877/401/548 856/422/565
f 3400/423/559 833/424/557 834/421/564
f 881/425/555 873/426/566 874/406/553
f 882/427/567 3401/428/568 892/429/569
f 3403/430/570 1000/431/571 882/427/567
f 1000/432/571 3403/433/570 999/434/572
f 886/435/573 890/436/574 3401/437/568
f 887/438/575 890/439/574 886/440/573
f 999/434/572 3403/433/570 910/441/576
f 910/441/576 904/442/577 999/434/572
f 3401/437/568 890/436/574 902/443/578
f 888/444/579 903/445/580 887/438/575
f 891/446/581 906/447/582 884/448/583
f 3404/449/584 905/450/585 925/451/586
f 894/452/587 900/453/588 910/441/576
f 896/454/589 3405/455/590 3406/456/591
f 908/457/592 3403/430/570 892/429/569
f 897/458/593 903/445/580 3404/459/584
f 896/454/589 907/460/594 902/443/578
f 911/461/595 901/462/596 893/463/597
f 901/462/596 889/464/598 899/465/599
f 916/383/535 922/466/600 851/381/533
f 915/467/601 3412/468/602 919/469/603
f 920/470/604 854/387/539 3399/471/605
f 920/470/604 855/472/542 854/387/539
f 3412/468/602 915/467/601 918/473/606
f 921/474/607 3410/475/608 913/396/544
f 850/476/609 3411/477/610 931/478/611
f 929/479/612 3399/480/605 849/481/613
f 924/482/614 3406/483/591 931/478/611
f 933/484/615 893/463/597 926/485/616
f 895/486/617 3411/487/610 894/452/587
f 934/488/618 900/453/588 894/452/587
f 898/489/619 932/490/620 3407/491/621
f 3408/492/622 926/485/616 928/493/623
f 933/494/615 921/474/607 932/490/620
f 927/495/624 930/496/625 920/470/604
f 894/452/587 3411/487/610 919/469/603
f 919/469/603 934/488/618 894/452/587
f 707/497/626 702/182/372 946/498/627
f 707/497/626 945/499/628 938/500/364
f 939/501/629 957/502/630 946/503/627
f 943/504/631 3415/505/632 968/506/633
f 968/506/633 944/507/634 943/504/631
f 942/171/361 958/508/635 941/168/370
f 946/498/627 966/509/636 945/499/628
f 944/507/634 965/510/637 960/511/638
f 960/511/638 939/501/629 944/507/634
f 935/512/639 964/513/640 963/514/641
f 963/514/641 943/515/631 935/512/639
f 947/516/642 958/517/635 942/157/361
f 964/513/640 3419/518/643 979/519/644
f 980/520/645 985/521/646 962/522/647
f 980/520/645 961/523/648 981/524/649
f 983/525/650 3419/526/643 967/527/651
f 3419/526/643 964/528/640 967/527/651
f 952/529/652 984/530/653 983/525/650
f 953/531/654 984/532/653 952/533/652
f 962/522/647 947/516/642 961/523/648
f 955/534/655 948/535/656 960/511/638
f 960/511/638 965/510/637 955/534/655
f 966/509/636 957/536/630 949/537/657
f 953/531/654 958/508/635 962/538/647
f 949/539/657 957/502/630 948/535/656
f 1027/540/658 3417/541/659 977/542/660
f 1034/543/661 978/544/662 1028/545/663
f 1028/545/663 978/544/662 1029/546/664
f 969/547/665 1030/548/666 972/549/667
f 969/547/665 3416/550/668 1031/551/669
f 3417/552/659 1027/553/658 970/554/670
f 1034/555/661 1033/556/671 3418/557/672
f 1029/558/664 976/559/673 1039/560/674
f 1036/561/675 1031/551/669 973/562/676
f 972/549/667 3421/563/677 969/547/665
f 971/564/678 988/565/679 987/566/680
f 987/566/680 3418/567/672 971/564/678
f 1034/555/661 3420/568/681 978/569/662
f 976/559/673 993/570/682 972/571/667
f 973/562/676 3416/550/668 989/572/683
f 989/572/683 974/573/684 973/562/676
f 978/544/662 991/574/685 976/575/673
f 995/576/686 951/577/687 979/519/644
f 982/578/688 948/535/656 986/579/689
f 954/580/690 949/537/657 994/581/691
f 954/580/690 993/570/682 981/582/649
f 986/579/689 948/535/656 955/534/655
f 955/534/655 956/583/692 986/579/689
f 990/584/693 3420/585/681 985/521/646
f 992/586/694 988/587/679 977/542/660
f 977/542/660 995/576/686 992/586/694
f 985/588/646 3420/568/681 984/532/653
f 983/525/650 984/530/653 987/566/680
f 995/589/686 3417/552/659 975/590/695
f 975/590/695 956/583/692 995/589/686
f 986/579/689 3416/550/668 982/578/688
f 982/578/688 3421/563/677 994/591/691
f 1008/592/696 996/593/697 882/427/567
f 996/593/697 3401/428/568 882/427/567
f 883/594/698 888/595/579 1010/596/699
f 883/594/698 1009/597/700 884/598/583
f 999/434/572 1005/599/701 1006/600/702
f 3401/437/568 996/601/697 1001/602/703
f 884/448/583 1009/603/700 1003/604/704
f 998/605/705 1019/606/706 997/607/707
f 1019/606/706 1018/608/708 1004/609/709
f 1002/610/710 1021/611/711 1010/612/699
f 1007/613/712 1019/614/706 998/615/705
f 1010/596/699 1023/616/713 1009/597/700
f 1011/617/714 3423/618/715 3427/619/716
f 1013/620/717 1023/616/713 1012/621/718
f 1015/622/719 1025/623/720 3423/624/715
f 1016/625/721 1025/626/720 1015/627/719
f 1023/616/713 1021/628/711 1017/629/722
f 1008/592/696 3425/630/723 3427/619/716
f 1024/631/724 1022/632/725 1013/633/717
f 1017/634/722 1021/611/711 1016/625/721
f 3423/624/715 1025/623/720 1020/635/726
f 1044/636/727 3422/637/728 1006/600/702
f 1006/600/702 3426/638/729 1044/636/727
f 1014/639/730 1019/606/706 3424/640/731
f 1026/641/732 3428/642/733 1055/643/734
f 1029/546/664 1040/644/735 1028/545/663
f 1037/645/736 1054/646/737 970/554/670
f 1032/647/738 1038/648/739 3428/649/733
f 1033/556/671 1038/650/739 1032/651/738
f 3429/652/740 1031/551/669 1036/561/675
f 1031/551/669 1050/653/741 1030/548/666
f 3429/652/740 1050/653/741 1031/551/669
f 1030/548/666 1050/653/741 1035/654/742
f 1037/645/736 3430/655/743 1060/656/744
f 1060/656/744 1054/646/737 1037/645/736
f 3428/649/733 1038/648/739 1051/657/745
f 1052/658/746 1046/659/747 1033/556/671
f 1035/660/742 1059/661/748 1039/560/674
f 1039/560/674 1053/662/749 1029/558/664
f 1036/561/675 1054/646/737 3429/652/740
f 1058/663/750 1037/664/736 1055/643/734
f 1058/663/750 1041/665/751 1011/617/714
f 1041/665/751 3423/618/715 1011/617/714
f 1012/621/718 1017/629/722 1057/666/752
f 1012/621/718 1056/667/753 1013/620/717
f 1044/636/727 1049/668/754 1060/656/744
f 3423/624/715 1041/669/751 1045/670/755
f 1013/633/717 1056/671/753 1047/672/756
f 1057/666/752 1040/644/735 1056/667/753
f 1059/661/748 1050/673/741 1043/674/757
f 1046/659/747 1052/658/746 1057/675/752
f 1043/676/757 1050/653/741 1042/677/758
f 1050/653/741 3429/652/740 1048/678/759
f 1951/679/760 1086/680/761 1061/681/762
f 1063/682/763 3432/683/764 1070/684/765
f 1070/684/765 1956/685/766 1063/682/763
f 1949/686/767 1067/687/768 1064/688/769
f 1950/689/770 1069/690/771 1951/691/760
f 1065/692/772 3431/693/773 1952/694/774
f 1954/695/775 1952/696/774 1066/697/776
f 1956/698/766 1070/699/765 1088/700/777
f 1088/700/777 1067/701/768 1955/702/778
f 1067/701/768 1949/703/767 1955/702/778
f 1066/697/776 3431/704/773 1083/705/779
f 1083/705/779 3432/706/764 1066/697/776
f 1064/688/769 1081/707/780 1068/708/781
f 1086/680/761 1085/709/782 1062/710/783
f 1062/710/783 1085/709/782 1065/711/772
f 1103/712/784 1102/713/785 1087/714/786
f 1071/715/787 1108/716/788 1104/717/789
f 1104/717/789 3434/718/790 1071/715/787
f 1105/719/791 1079/720/792 1072/721/793
f 1076/722/794 1106/723/795 1107/724/796
f 1108/725/788 1071/726/787 1076/722/794
f 1077/727/797 1072/728/793 1088/700/777
f 3434/729/790 1104/730/789 1117/731/798
f 1078/732/799 1120/733/800 1089/734/801
f 1078/732/799 1081/707/780 1079/720/792
f 1071/715/787 3434/718/790 3433/735/802
f 1075/736/803 1085/709/782 1087/714/786
f 1087/714/786 1086/680/761 1073/737/804
f 1089/734/801 1084/738/805 1078/732/799
f 1074/739/806 1085/740/782 1075/741/803
f 1073/742/804 1082/743/807 1089/734/801
f 1072/721/793 1081/707/780 1080/744/808
f 3437/745/809 3435/746/810 1101/747/811
f 1094/748/812 3438/749/813 3445/750/814
f 1095/751/815 1091/752/816 1097/753/817
f 1090/754/818 1099/755/819 1113/756/820
f 1113/756/820 1091/757/816 1090/754/818
f 1092/758/821 1109/759/822 1098/760/823
f 3435/761/810 3437/762/809 1112/763/824
f 1112/763/824 3436/764/825 3435/761/810
f 1100/765/826 1110/766/827 1093/767/828
f 1101/747/811 1115/768/829 1114/769/830
f 1114/769/830 3437/745/809 1101/747/811
f 1104/717/789 1108/716/788 1114/769/830
f 1116/770/831 1109/759/822 1120/733/800
f 1120/733/800 1078/732/799 1116/770/831
f 1102/713/785 3438/771/813 1118/772/832
f 1117/731/798 1115/773/829 1097/753/817
f 1107/724/796 1119/774/833 1112/763/824
f 1120/733/800 1110/775/827 1103/776/784
f 1105/719/791 1077/777/797 1113/756/820
f 1231/778/834 1230/779/835 1131/780/836
f 1232/781/837 1126/782/838 1132/783/839
f 3440/784/840 3439/785/841 1232/781/837
f 1121/786/842 1129/787/843 1128/788/844
f 1128/788/844 1122/789/845 1121/786/842
f 1231/790/834 1140/791/846 1123/792/847
f 1124/793/848 1131/794/836 3465/795/849
f 1121/786/842 3467/796/850 1127/797/851
f 1127/797/851 1236/798/852 3466/799/853
f 1127/797/851 1129/787/843 1121/786/842
f 1130/800/854 3444/801/855 3466/799/853
f 1145/802/856 1141/803/857 1124/793/848
f 1124/793/848 1141/803/857 1131/794/836
f 3439/804/841 3440/805/840 1145/806/856
f 3466/799/853 3444/801/855 1127/797/851
f 1161/807/858 1147/808/859 1133/809/860
f 1147/810/859 1160/811/861 1135/812/862
f 1161/813/858 1160/811/861 1147/810/859
f 1136/814/863 1145/802/856 1138/815/864
f 1138/815/864 1162/816/865 1136/814/863
f 1165/817/866 3449/818/867 1144/819/868
f 3443/820/869 3441/821/870 1165/817/866
f 1143/822/871 1141/823/857 1146/824/872
f 1139/825/873 3444/801/855 1135/812/862
f 1146/826/872 1141/803/857 1136/814/863
f 1135/812/862 1130/800/854 1147/810/859
f 3441/827/870 3443/828/869 1129/787/843
f 1129/787/843 3442/829/874 3441/827/870
f 1157/830/875 3446/831/876 1101/747/811
f 1091/757/816 1152/832/877 1148/833/878
f 3448/834/879 1096/835/880 1090/754/818
f 1149/836/881 1171/837/882 1093/838/828
f 1093/838/828 1092/758/821 1149/836/881
f 1150/839/883 1094/748/812 3445/750/814
f 3447/840/884 3436/841/825 1150/839/883
f 1151/842/885 3435/761/810 3447/843/884
f 1152/844/877 1091/752/816 1095/751/815
f 1148/833/878 1167/845/886 3448/834/879
f 3445/750/814 1170/846/887 1150/839/883
f 1151/842/885 1154/847/888 3451/848/889
f 3448/834/879 1173/849/890 1153/850/891
f 1156/851/892 1170/852/887 3445/853/814
f 3452/854/893 1155/855/894 1157/830/875
f 1158/856/895 1137/857/896 1134/858/897
f 1134/858/897 3449/859/867 1158/856/895
f 1159/860/898 3441/827/870 3450/861/899
f 1164/862/900 1138/863/864 1137/864/896
f 1137/864/896 1158/865/895 1164/862/900
f 3450/861/899 3442/829/874 1166/866/901
f 1158/856/895 3452/854/893 1168/867/902
f 1163/868/903 1170/852/887 1172/869/904
f 1172/869/904 1171/870/882 1161/807/858
f 1174/871/905 1167/872/886 1155/873/894
f 1155/873/894 3452/874/893 1174/871/905
f 1164/862/900 1168/875/902 3451/848/889
f 3451/876/889 1154/877/888 1162/816/865
f 1160/811/861 1169/878/906 1166/866/901
f 1159/860/898 1173/849/890 3448/834/879
f 1392/879/907 1391/880/908 1185/881/909
f 1176/882/910 1177/883/911 3453/884/912
f 1392/885/907 3458/886/913 1178/887/914
f 3453/884/912 3505/888/915 1182/889/916
f 1176/882/910 1184/890/917 1195/891/918
f 1195/891/918 1177/883/911 1176/882/910
f 1183/892/919 3459/893/920 1182/889/916
f 3454/894/921 1196/895/922 1179/896/923
f 1180/897/924 3455/898/925 3460/899/926
f 1186/900/927 1198/901/928 3455/902/925
f 1217/903/929 3458/904/913 1187/905/930
f 1217/906/929 1216/907/931 1203/908/932
f 1191/909/933 1201/910/934 1192/911/935
f 1192/911/935 1218/912/936 1191/909/933
f 1192/913/935 1201/914/934 3460/899/926
f 3460/899/926 1193/915/937 1192/913/935
f 1199/916/938 1196/917/922 1202/918/939
f 3457/919/940 1184/890/917 3456/920/941
f 3456/920/941 3459/893/920 1203/908/932
f 1200/921/942 1198/922/928 1197/923/943
f 1202/924/939 1196/895/922 1191/909/933
f 1190/925/944 1197/926/943 1195/891/918
f 1195/891/918 3457/919/940 1190/925/944
f 1205/927/945 3461/928/946 1259/929/947
f 1208/930/948 3462/931/949 1260/932/950
f 1209/933/951 1261/934/952 1223/935/953
f 1206/936/954 1262/937/955 1210/938/956
f 1206/936/954 1211/939/957 1207/940/958
f 1207/940/958 3475/941/959 1206/936/954
f 1207/942/958 1211/943/957 3463/944/960
f 1263/945/961 3461/946/946 1212/947/962
f 1208/948/948 1260/949/950 1263/945/961
f 3462/931/949 1213/950/963 1264/951/964
f 1223/935/953 1264/951/964 1213/950/963
f 1209/933/951 1225/952/965 1204/953/966
f 1210/938/956 3464/954/967 1206/936/954
f 3462/931/949 1221/955/968 1213/950/963
f 1214/956/969 1193/957/937 1188/958/970
f 1188/958/970 1189/959/971 1214/956/969
f 1215/960/972 1194/961/973 1190/925/944
f 3457/919/940 1219/962/974 1215/960/972
f 1194/963/973 1215/964/972 1229/965/975
f 1219/962/974 3456/920/941 1228/966/976
f 1214/956/969 1226/967/977 1222/968/978
f 1222/968/978 1193/957/937 1214/956/969
f 3464/969/967 1224/970/979 1227/971/980
f 1227/971/980 1225/972/965 1217/903/929
f 1193/915/937 1222/973/978 1211/943/957
f 1215/960/972 1221/955/968 1220/974/981
f 1230/779/835 3473/975/982 3465/976/849
f 1233/977/983 1124/793/848 3465/795/849
f 1233/977/983 1238/978/984 1234/979/985
f 1234/979/985 1124/793/848 1233/977/983
f 1234/980/985 1238/981/984 3468/982/986
f 1125/983/987 1126/984/838 1235/985/988
f 1235/985/988 1122/986/845 1125/983/987
f 1236/798/852 1237/987/989 3466/799/853
f 1122/789/845 1257/988/990 1248/989/991
f 1248/989/991 3467/796/850 1122/789/845
f 1237/987/989 1253/990/992 1231/790/834
f 3473/991/982 1244/992/993 1233/977/983
f 3468/982/986 1238/981/984 1250/993/994
f 1236/798/852 1251/994/995 1237/987/989
f 1254/995/996 1273/996/997 1269/997/998
f 1269/997/998 3469/998/999 1254/995/996
f 1241/999/1000 1242/1000/1001 3470/1001/1002
f 1245/1002/1003 1271/1003/1004 1272/1004/1005
f 1273/1005/997 1254/1006/996 1245/1002/1003
f 1246/1007/1006 3469/1008/999 1274/1009/1007
f 1274/1009/1007 1242/1010/1001 1246/1007/1006
f 3470/1001/1002 3478/1011/1008 1247/1012/1009
f 1247/1012/1009 3476/1013/1010 3471/1014/1011
f 1254/995/996 1239/1015/1012 3472/1016/1013
f 3473/975/982 1252/1017/1014 1255/1018/1015
f 1255/1018/1015 1253/1019/992 1243/1020/1016
f 3471/1014/1011 1251/994/995 1247/1012/1009
f 1246/1007/1006 1257/1021/990 1235/985/988
f 1241/999/1000 1256/1022/1017 1248/989/991
f 1248/989/991 1257/988/990 1241/999/1000
f 3461/928/946 1279/1023/1018 1259/929/947
f 1204/953/966 1275/1024/1019 1261/934/952
f 1263/945/961 1260/949/950 1266/1025/1020
f 1279/1026/1018 3461/946/946 1263/945/961
f 1277/1027/1021 3475/1028/959 3474/1029/1022
f 1259/929/947 1279/1023/1018 1278/1030/1023
f 1243/1020/1016 3480/1031/1024 1268/1032/1025
f 1269/997/998 1273/996/997 1278/1030/1023
f 1279/1023/1018 3469/998/999 1269/997/998
f 3469/1008/999 1279/1026/1018 1274/1009/1007
f 1280/1033/1026 1276/1034/1027 1281/1035/1028
f 1274/1009/1007 1279/1026/1018 1266/1025/1020
f 1272/1004/1005 1282/1036/1029 1277/1027/1021
f 1277/1027/1021 1273/1005/997 1272/1004/1005
f 1242/1000/1001 3479/1037/1030 3477/1038/1031
f 3477/1038/1031 3478/1011/1008 1242/1000/1001
f 821/1039/1032 820/344/506 1284/1040/1033
f 820/344/506 3394/347/509 1284/1040/1033
f 1283/348/510 817/1041/1034 1285/1042/1035
f 1285/1042/1035 3395/349/511 1283/348/510
f 822/337/500 3396/336/499 1286/1043/1036
f 3396/336/499 3482/1044/1037 1286/1043/1036
f 1286/1043/1036 3486/1045/1038 822/337/500
f 823/340/502 827/354/495 3483/1046/1039
f 823/340/502 3483/1046/1039 3482/1047/1037
f 821/1048/1032 1296/1049/1040 824/343/505
f 824/343/505 1297/1050/1041 819/341/503
f 829/356/517 1288/1051/1042 1287/1052/1043
f 1287/1052/1043 3394/347/509 829/356/517
f 1285/1042/1035 3484/1053/1044 1303/1054/1045
f 1303/1054/1045 1288/1051/1042 1285/1042/1035
f 3482/1047/1037 3483/1046/1039 1302/1055/1046
f 1296/1049/1040 1301/1056/1047 824/343/505
f 3486/1057/1038 1298/1058/1048 816/1059/1049
f 816/1059/1049 1298/1058/1048 817/1060/1034
f 818/334/497 1297/1061/1041 1299/1062/1050
f 1299/1062/1050 3483/1063/1039 818/334/497
f 1316/1064/1051 1332/1065/1052 1300/1066/1053
f 1300/1066/1053 1322/1067/1054 1316/1064/1051
f 1317/1068/1055 1294/1069/1056 1291/1070/1057
f 1291/1070/1057 1304/1071/1058 1318/1072/1059
f 1318/1072/1059 1317/1068/1055 1291/1070/1057
f 1320/1073/1060 1303/1054/1045 1319/1074/1061
f 1332/1075/1052 1319/1074/1061 3484/1053/1044
f 1322/1076/1054 3485/1077/1062 1321/1078/1063
f 3489/1079/1064 1321/1078/1063 3485/1077/1062
f 1290/1080/1065 1301/1056/1047 1293/1081/1066
f 1293/1081/1066 1301/1056/1047 1294/1082/1056
f 1323/1083/1067 1318/1072/1059 1304/1071/1058
f 1299/1062/1050 1297/1061/1041 1290/1084/1065
f 1300/1066/1053 3484/1085/1044 1298/1058/1048
f 1304/1071/1058 1287/1052/1043 1323/1083/1067
f 1290/1080/1065 1297/1050/1041 1301/1056/1047
f 1322/1076/1054 3486/1045/1038 3485/1077/1062
f 1291/1070/1057 1296/1086/1040 1295/1087/1068
f 1291/1070/1057 1295/1087/1068 1304/1071/1058
f 1305/1088/1069 1311/1089/1070 1368/1090/1071
f 1309/1091/1072 1371/1092/1073 1366/1093/1074
f 1310/1094/1075 1314/1095/1076 1367/1096/1077
f 1311/1097/1070 1333/1098/1078 1312/1099/1079
f 1312/1099/1079 1368/1100/1071 1311/1097/1070
f 1369/1101/1080 1312/1102/1079 1315/1103/1081
f 1310/1094/1075 1371/1092/1073 1309/1091/1072
f 1308/1104/1082 1325/1105/1083 1324/1106/1084
f 1324/1106/1084 1309/1091/1072 1308/1104/1082
f 1311/1097/1070 3491/1107/1085 1326/1108/1086
f 1311/1097/1070 1326/1108/1086 1333/1098/1078
f 1327/1109/1087 1325/1110/1083 1313/1111/1088
f 1309/1091/1072 1328/1112/1089 1310/1094/1075
f 3488/1113/1090 1331/1114/1091 1305/1088/1069
f 1331/1114/1091 3491/1115/1085 1311/1089/1070
f 1318/1072/1059 3490/1116/1092 1317/1068/1055
f 1321/1078/1063 3491/1107/1085 1322/1076/1054
f 1323/1083/1067 1320/1073/1060 3490/1116/1092
f 3490/1116/1092 1318/1072/1059 1323/1083/1067
f 1289/1117/1093 1330/1118/1094 1329/1119/1095
f 1330/1118/1094 1327/1120/1087 1329/1119/1095
f 1329/1119/1095 1334/1121/1096 1289/1117/1093
f 1293/1081/1066 1294/1082/1056 1327/1109/1087
f 1327/1109/1087 1330/1122/1094 1293/1081/1066
f 1319/1074/1061 3488/1123/1090 1314/1095/1076
f 1332/1075/1052 3488/1123/1090 1319/1074/1061
f 1314/1095/1076 1320/1073/1060 1319/1074/1061
f 3493/1124/1097 1344/1125/1098 1338/1126/1099
f 1345/1127/1100 1450/1128/1101 1339/1129/1102
f 1344/1125/1098 1359/1130/1103 1339/1129/1102
f 1338/1126/1099 1357/1131/1104 3493/1124/1097
f 1345/1127/1100 3495/1132/1105 1336/1133/1106
f 1341/1134/1107 1347/1135/1108 1358/1136/1109
f 1358/1136/1109 1342/1137/1110 1341/1134/1107
f 1348/1138/1111 1365/1139/1112 1364/1140/1113
f 1364/1140/1113 1343/1141/1114 1348/1138/1111
f 1336/1142/1106 1360/1143/1115 1335/1144/1116
f 1337/1145/1117 1358/1146/1109 1349/1147/1118
f 1379/1148/1119 1362/1149/1120 1380/1150/1121
f 1361/1151/1122 1383/1152/1123 1381/1153/1124
f 1381/1153/1124 3498/1154/1125 1361/1151/1122
f 3498/1154/1125 1365/1155/1112 1361/1151/1122
f 1380/1156/1121 3495/1132/1105 1352/1157/1126
f 1383/1158/1123 1361/1159/1122 1354/1160/1127
f 1355/1161/1128 1351/1162/1129 1364/1140/1113
f 1365/1139/1112 3498/1163/1125 1355/1161/1128
f 1356/1164/1130 1363/1165/1131 1386/1166/1132
f 1386/1166/1132 1363/1165/1131 3494/1167/1133
f 1361/1151/1122 1365/1155/1112 1349/1147/1118
f 1356/1164/1130 1359/1130/1103 1363/1165/1131
f 1359/1130/1103 3493/1124/1097 1363/1165/1131
f 1354/1168/1127 1347/1169/1108 1353/1170/1134
f 1345/1127/1100 1359/1130/1103 1356/1164/1130
f 1350/1171/1135 1363/1165/1131 3493/1124/1097
f 1307/1172/1136 3487/1173/1137 1378/1174/1138
f 1378/1174/1138 1369/1175/1080 1307/1172/1136
f 3497/1176/1139 1374/1177/1140 1368/1100/1071
f 1375/1178/1141 3487/1179/1137 1313/1111/1088
f 1366/1093/1074 1371/1092/1073 3500/1180/1142
f 1373/1181/1143 1387/1182/1144 1372/1183/1145
f 1388/1184/1146 3497/1185/1139 1369/1101/1080
f 1376/1186/1147 3501/1187/1148 1375/1178/1141
f 3503/1188/1149 3487/1179/1137 1375/1178/1141
f 1372/1183/1145 1387/1182/1144 1371/1092/1073
f 1387/1182/1144 3500/1180/1142 1371/1092/1073
f 3487/1173/1137 3503/1189/1149 1378/1174/1138
f 1388/1190/1146 1369/1175/1080 1378/1174/1138
f 1354/1160/1127 1382/1191/1150 1384/1192/1151
f 1381/1153/1124 1388/1190/1146 1378/1174/1138
f 1378/1174/1138 3503/1189/1149 1381/1153/1124
f 3502/1193/1152 1377/1194/1153 1379/1148/1119
f 1386/1166/1132 1387/1182/1144 3499/1195/1154
f 1385/1196/1155 3503/1188/1149 1375/1178/1141
f 1375/1178/1141 3501/1187/1148 1385/1196/1155
f 3494/1167/1133 3501/1197/1148 3500/1180/1142
f 1175/1198/1156 1395/1199/1157 1402/1200/1158
f 1399/1201/1159 1178/887/914 1393/1202/1160
f 1394/1203/1161 1179/896/923 1400/1204/1162
f 3454/1205/921 1394/1206/1161 1395/1207/1157
f 1395/1207/1157 1175/1208/1156 1180/897/924
f 1181/1209/1163 3504/1210/1164 1396/1211/1165
f 1398/1212/1166 1417/1213/1167 1409/1214/1168
f 1409/1214/1168 3505/888/915 1398/1212/1166
f 1399/1201/1159 1413/1215/1169 1392/885/907
f 1395/1207/1157 1401/1216/1170 1406/1217/1171
f 1397/1218/1172 1410/1219/1173 1393/1202/1160
f 1402/1200/1158 1404/1220/1174 1412/1221/1175
f 1412/1221/1175 1415/1222/1176 1402/1200/1158
f 1431/1223/1177 1430/1224/1178 1403/1225/1179
f 1403/1225/1179 1413/1226/1169 1431/1223/1177
f 1404/1220/1174 1437/1227/1180 1432/1228/1181
f 1432/1228/1181 1433/1229/1182 1412/1221/1175
f 1433/1229/1182 1415/1222/1176 1412/1221/1175
f 1405/1230/1183 3511/1231/1184 3506/1232/1185
f 1408/1233/1186 1434/1234/1187 1416/1235/1188
f 1403/1236/1179 1445/1237/1189 3508/1238/1190
f 3508/1238/1190 1435/1239/1191 3507/1240/1192
f 3507/1241/1192 1435/1242/1191 1436/1243/1193
f 1437/1244/1180 1404/1245/1174 1406/1217/1171
f 1438/1246/1194 3511/1247/1184 1407/1248/1195
f 1415/1249/1176 1433/1250/1182 1438/1246/1194
f 3506/1232/1185 1439/1251/1196 1408/1233/1186
f 1407/1248/1195 1417/1252/1167 1396/1211/1165
f 1396/1211/1165 1415/1249/1176 1407/1248/1195
f 1405/1230/1183 1414/1253/1197 1409/1214/1168
f 1409/1214/1168 1417/1213/1167 1405/1230/1183
f 1429/1254/1198 3509/1255/1199 1478/1256/1200
f 1478/1256/1200 3522/1257/1201 1429/1254/1198
f 3522/1257/1201 3514/1258/1202 1429/1254/1198
f 1477/1259/1203 1440/1260/1204 1421/1261/1205
f 1422/1262/1206 1420/1263/1207 1426/1264/1208
f 3514/1265/1202 3522/1266/1201 1422/1262/1206
f 1419/1267/1209 3512/1268/1210 1448/1269/1211
f 1419/1267/1209 1428/1270/1212 3512/1268/1210
f 1448/1269/1211 1420/1271/1207 1419/1267/1209
f 1424/1272/1213 3513/1273/1214 1427/1274/1215
f 3509/1275/1199 1443/1276/1216 1441/1277/1217
f 1441/1277/1217 1446/1278/1218 3509/1275/1199
f 3510/1279/1219 1442/1280/1220 1418/1281/1221
f 1429/1254/1198 3514/1258/1202 1444/1282/1222
f 1432/1228/1181 1443/1283/1216 1444/1282/1222
f 1431/1223/1177 1442/1280/1220 1430/1224/1178
f 3512/1268/1210 1428/1270/1212 1439/1251/1196
f 1439/1251/1196 3513/1273/1214 1434/1234/1187
f 1438/1246/1194 3514/1265/1202 1426/1264/1208
f 1426/1264/1208 3511/1247/1184 1438/1246/1194
f 1436/1243/1193 1446/1278/1218 1441/1277/1217
f 1434/1234/1187 1424/1272/1213 1447/1284/1223
f 1447/1284/1223 1440/1260/1204 1431/1285/1177
f 1336/1142/1106 1335/1144/1116 1456/1286/1224
f 1457/1287/1225 1342/1288/1110 1337/1145/1117
f 1337/1145/1117 3492/1289/1226 1457/1287/1225
f 3492/1289/1226 3521/1290/1227 1457/1287/1225
f 1449/1291/1228 1343/1292/1114 1338/1126/1099
f 1338/1126/1099 1344/1125/1098 1449/1291/1228
f 1336/1133/1106 1466/1293/1229 1450/1128/1101
f 1453/1294/1230 1340/1295/1231 1341/1134/1107
f 1342/1137/1110 1457/1296/1225 1453/1294/1230
f 3521/1297/1227 3492/1298/1226 1348/1138/1111
f 1449/1291/1228 1455/1299/1232 3517/1300/1233
f 1475/1301/1234 3519/1302/1235 1452/1303/1236
f 1453/1304/1230 1468/1305/1237 1451/1306/1238
f 1453/1294/1230 1471/1307/1239 1469/1308/1240
f 1452/1303/1236 3519/1302/1235 1455/1299/1232
f 3519/1302/1235 3517/1300/1233 1455/1299/1232
f 1457/1287/1225 3521/1290/1227 1472/1309/1241
f 1475/1301/1234 1490/1310/1242 1462/1311/1243
f 1463/1312/1244 1468/1305/1237 1464/1313/1245
f 1464/1314/1245 1468/1315/1237 3520/1316/1246
f 1473/1317/1247 3516/1318/1248 1493/1319/1249
f 1465/1320/1250 3519/1302/1235 1462/1311/1243
f 1460/1321/1251 1471/1322/1239 1472/1309/1241
f 1459/1323/1252 1470/1324/1253 1458/1325/1254
f 1473/1317/1247 3521/1297/1227 1454/1326/1255
f 1474/1327/1256 1467/1328/1257 1463/1312/1244
f 1475/1301/1234 1466/1293/1229 1459/1329/1252
f 3516/1330/1248 3518/1331/1258 3517/1300/1233
f 3517/1300/1233 3515/1332/1259 3516/1330/1248
f 1420/1271/1207 1486/1333/1260 1479/1334/1261
f 1479/1334/1261 1423/1335/1262 1419/1267/1209
f 1480/1336/1263 3510/1337/1219 1484/1338/1264
f 1481/1339/1265 3509/1275/1199 3523/1340/1266
f 1486/1341/1260 1420/1263/1207 1422/1262/1206
f 1479/1334/1261 1503/1342/1267 1496/1343/1268
f 1483/1344/1269 3525/1345/1270 1477/1259/1203
f 1481/1339/1265 1485/1346/1271 1492/1347/1272
f 1486/1341/1260 1501/1348/1273 1500/1349/1274
f 1477/1350/1203 1499/1351/1275 1476/1352/1276
f 1478/1256/1200 3524/1353/1277 1487/1354/1278
f 1488/1355/1279 1499/1351/1275 1458/1325/1254
f 1458/1325/1254 1499/1351/1275 1459/1323/1252
f 1460/1321/1251 1461/1356/1280 1498/1357/1281
f 1461/1356/1280 1501/1358/1273 1498/1357/1281
f 3515/1332/1259 1494/1359/1282 1489/1360/1283
f 1459/1329/1252 3525/1345/1270 1490/1310/1242
f 1488/1361/1279 1474/1327/1256 1491/1362/1284
f 1501/1348/1273 1461/1363/1280 1493/1319/1249
f 1498/1357/1281 1501/1358/1273 1487/1354/1278
f 1495/1364/1285 1497/1365/1286 1494/1359/1282
f 1491/1362/1284 3526/1366/1287 1488/1361/1279
f 1502/1367/1288 1497/1365/1286 1495/1364/1285
f 1496/1343/1268 1503/1342/1267 1489/1360/1283
f 2508/1368/1289 1508/1369/1290 1504/1370/1291
f 2508/1371/1289 2513/1372/1292 1509/1373/1293
f 1509/1373/1293 1529/1374/1294 1508/1375/1290
f 3533/1376/1295 3530/1377/1296 1506/1378/1297
f 1506/1379/1297 3530/1380/1296 1521/1381/1298
f 1521/1381/1298 3529/1382/1299 1506/1379/1297
f 1510/1383/1300 1528/1384/1301 3531/1385/1302
f 3531/1385/1302 1511/1386/1303 1510/1383/1300
f 3729/1387/1304 1522/1388/1305 1507/1389/1306
f 1505/1390/1307 1525/1391/1308 1524/1392/1309
f 1524/1392/1309 1510/1393/1300 1505/1390/1307
f 1542/1394/1310 1556/1395/1311 1516/1396/1312
f 3535/1397/1313 1528/1398/1301 1524/1392/1309
f 3538/1399/1314 1525/1400/1308 1517/1401/1315
f 3531/1385/1302 1528/1384/1301 1527/1402/1316
f 1517/1401/1315 1525/1400/1308 1521/1381/1298
f 1517/1403/1315 3530/1377/1296 1515/1404/1317
f 1515/1404/1317 3533/1376/1295 1516/1405/1312
f 1529/1374/1294 1523/1406/1318 1520/1407/1319
f 1512/1408/1320 1522/1388/1305 1511/1409/1303
f 1511/1409/1303 1527/1410/1316 1512/1408/1320
f 1592/1411/1321 1539/1412/1322 1583/1413/1323
f 1583/1413/1323 1539/1412/1322 1584/1414/1324
f 3546/1415/1325 3539/1416/1326 1540/1417/1327
f 1584/1418/1324 1548/1419/1328 1531/1420/1329
f 1531/1420/1329 1537/1421/1330 1532/1422/1331
f 1533/1423/1332 1587/1424/1333 3534/1425/1334
f 1533/1423/1332 1539/1426/1322 1592/1427/1321
f 3539/1428/1326 3546/1429/1325 1534/1430/1335
f 1530/1431/1336 3536/1432/1337 1544/1433/1338
f 1530/1431/1336 1536/1434/1339 3536/1432/1337
f 1544/1433/1338 1538/1435/1340 1530/1431/1336
f 1549/1436/1341 3539/1428/1326 1538/1437/1340
f 3537/1438/1342 3536/1432/1337 1536/1434/1339
f 1514/1439/1343 1552/1440/1344 1542/1394/1310
f 1513/1441/1345 1520/1407/1319 3537/1438/1342
f 1545/1442/1346 1555/1443/1347 1546/1444/1348
f 1546/1445/1348 1555/1446/1347 3538/1399/1314
f 1543/1447/1349 1551/1448/1350 1540/1417/1327
f 1540/1417/1327 1553/1449/1351 1543/1447/1349
f 1553/1450/1351 3539/1428/1326 1549/1436/1341
f 1549/1436/1341 1554/1451/1352 1553/1450/1351
f 3538/1399/1314 1555/1446/1347 1551/1452/1350
f 1556/1453/1311 1533/1423/1332 1545/1442/1346
f 3537/1438/1342 1537/1421/1330 1513/1441/1345
f 1513/1441/1345 1548/1419/1328 1552/1454/1344
f 1554/1455/1352 1549/1456/1341 1544/1433/1338
f 3536/1432/1337 1547/1457/1353 1544/1433/1338
f 1673/1458/1354 3542/1459/1355 1559/1460/1356
f 1675/1461/1357 1676/1462/1358 1566/1463/1359
f 1675/1461/1357 1565/1464/1360 3560/1465/1361
f 1566/1466/1359 1676/1467/1358 1567/1468/1362
f 1561/1469/1363 1569/1470/1364 1562/1471/1365
f 1563/1472/1366 1569/1470/1364 1574/1473/1367
f 1567/1468/1362 3544/1474/1368 1581/1475/1369
f 3543/1476/1370 1580/1477/1371 1569/1470/1364
f 1580/1477/1371 1574/1473/1367 1569/1470/1364
f 1673/1458/1354 1577/1478/1372 3542/1459/1355
f 3561/1479/1373 3545/1480/1374 1578/1481/1375
f 3544/1482/1368 1567/1483/1362 1674/1484/1376
f 1570/1485/1377 1579/1486/1378 3540/1487/1379
f 1597/1488/1380 1582/1489/1381 1598/1490/1382
f 1573/1491/1383 1572/1492/1384 1581/1475/1369
f 1580/1477/1371 1601/1493/1385 1574/1473/1367
f 1597/1488/1380 1601/1493/1385 1580/1477/1371
f 3542/1459/1355 1577/1478/1372 1579/1486/1378
f 1580/1477/1371 3543/1476/1370 1582/1489/1381
f 1599/1494/1386 3545/1495/1374 1576/1496/1387
f 1576/1496/1387 1600/1497/1388 1599/1494/1386
f 1581/1475/1369 1572/1492/1384 1575/1498/1389
f 1579/1499/1378 1565/1464/1360 1572/1500/1384
f 1585/1501/1390 1589/1502/1391 1594/1503/1392
f 1586/1504/1393 1536/1434/1339 1530/1431/1336
f 1531/1420/1329 3547/1505/1394 1584/1418/1324
f 1590/1506/1395 1536/1434/1339 1586/1504/1393
f 1593/1507/1396 3549/1508/1397 1602/1509/1398
f 1591/1510/1399 1612/1511/1400 1531/1420/1329
f 1592/1427/1321 3550/1512/1401 1587/1424/1333
f 1588/1513/1402 3548/1514/1403 1603/1515/1404
f 1588/1513/1402 1587/1516/1333 3548/1514/1403
f 1603/1515/1404 1589/1517/1391 1588/1513/1402
f 1534/1430/1335 1604/1518/1405 3549/1519/1397
f 3549/1519/1397 1593/1520/1396 1534/1430/1335
f 1586/1504/1393 1605/1521/1406 1590/1506/1395
f 3547/1522/1394 1606/1523/1407 1583/1413/1323
f 1570/1485/1377 3547/1522/1394 1598/1524/1382
f 1571/1525/1408 3541/1526/1409 1607/1527/1410
f 1607/1527/1410 1610/1528/1411 1571/1525/1408
f 1609/1529/1412 1600/1530/1388 1595/1531/1413
f 1572/1500/1384 1573/1532/1383 1611/1533/1414
f 1572/1500/1384 3550/1512/1401 3540/1534/1379
f 1611/1535/1414 1573/1491/1383 1610/1536/1411
f 3541/1526/1409 1604/1537/1405 1594/1503/1392
f 1570/1485/1377 1606/1523/1407 3547/1522/1394
f 1608/1538/1415 1605/1521/1406 1601/1493/1385
f 1610/1536/1411 1607/1539/1410 1603/1515/1404
f 1596/1540/1416 1605/1521/1406 1602/1509/1398
f 1596/1540/1416 1601/1493/1385 1605/1521/1406
f 1602/1509/1398 1609/1529/1412 1596/1540/1416
f 1615/1541/1417 3552/1542/1418 3598/1543/1419
f 1617/1544/1420 1837/1545/1421 1620/1546/1422
f 3598/1547/1419 3552/1548/1418 1619/1549/1423
f 1841/1550/1424 1624/1551/1425 1616/1552/1426
f 1620/1546/1422 1837/1545/1421 1843/1553/1427
f 1620/1546/1422 1633/1554/1428 1617/1544/1420
f 1617/1544/1420 1632/1555/1429 1625/1556/1430
f 1621/1557/1431 3553/1558/1432 1643/1559/1433
f 1643/1559/1433 1622/1560/1434 1621/1557/1431
f 1618/1561/1435 1642/1562/1436 1634/1563/1437
f 1618/1561/1435 1623/1564/1438 1642/1562/1436
f 1634/1563/1437 3551/1565/1439 1618/1561/1435
f 1625/1566/1430 1638/1567/1440 1624/1551/1425
f 1613/1568/1441 1634/1569/1437 1636/1570/1442
f 1636/1570/1442 1621/1571/1431 1613/1568/1441
f 1624/1572/1425 1635/1573/1443 1615/1541/1417
f 1660/1574/1444 3553/1575/1432 1636/1570/1442
f 1665/1576/1445 1641/1577/1446 1661/1578/1447
f 1661/1578/1447 1635/1573/1443 1662/1579/1448
f 1628/1580/1449 1637/1581/1450 1643/1559/1433
f 3553/1558/1432 1660/1582/1444 1627/1583/1451
f 1664/1584/1452 3554/1585/1453 1642/1562/1436
f 1642/1562/1436 1640/1586/1454 1664/1584/1452
f 1662/1587/1448 1639/1588/1455 1629/1589/1456
f 1629/1589/1456 1638/1567/1440 1630/1590/1457
f 1633/1554/1428 1637/1581/1450 1631/1591/1458
f 1656/1592/1459 1658/1593/1460 1704/1594/1461
f 1653/1595/1462 1655/1596/1463 1706/1597/1464
f 1647/1598/1465 1657/1599/1466 1648/1600/1467
f 1652/1601/1468 1646/1602/1469 1649/1603/1470
f 1651/1604/1471 1668/1605/1472 1650/1606/1473
f 1668/1605/1472 1652/1601/1468 1650/1606/1473
f 1703/1607/1474 3556/1608/1475 1669/1609/1476
f 3557/1610/1477 1654/1611/1478 1702/1612/1479
f 1661/1578/1447 3558/1613/1480 1665/1576/1445
f 1665/1614/1445 1671/1615/1481 1640/1616/1454
f 1629/1589/1456 3559/1617/1482 1662/1587/1448
f 3559/1618/1482 1658/1593/1460 1661/1578/1447
f 1672/1619/1483 1667/1620/1484 1668/1605/1472
f 1668/1605/1472 1663/1621/1485 1666/1622/1486
f 1670/1623/1487 1657/1599/1466 1629/1589/1456
f 1671/1615/1481 1653/1624/1462 1664/1625/1452
f 1664/1584/1452 1653/1595/1462 1654/1626/1478
f 1654/1626/1478 3557/1627/1477 1664/1584/1452
f 1627/1583/1451 3556/1628/1475 1667/1620/1484
f 1667/1620/1484 1672/1619/1483 1627/1583/1451
f 1673/1458/1354 1683/1629/1488 3560/1630/1361
f 1560/1631/1489 1692/1632/1490 1678/1633/1491
f 1561/1469/1363 1682/1634/1492 1558/1635/1493
f 1558/1635/1493 1679/1636/1494 1559/1637/1356
f 1562/1471/1365 1681/1638/1495 1561/1469/1363
f 1683/1639/1488 3565/1640/1496 1675/1461/1357
f 1676/1467/1358 3564/1641/1497 1699/1642/1498
f 1676/1467/1358 1675/1643/1357 3564/1641/1497
f 1699/1642/1498 3563/1644/1499 1676/1467/1358
f 1681/1638/1495 1694/1645/1500 1682/1634/1492
f 3562/1646/1501 1695/1647/1502 1683/1629/1488
f 1685/1648/1503 1700/1649/1504 1686/1650/1505
f 1718/1651/1506 1717/1652/1507 1701/1653/1508
f 1717/1652/1507 1686/1654/1505 1700/1655/1504
f 3569/1656/1509 3565/1640/1496 1719/1657/1510
f 1697/1658/1511 1715/1659/1512 1691/1660/1513
f 1697/1661/1511 1693/1662/1514 1684/1663/1515
f 3563/1664/1499 1699/1665/1498 1687/1666/1516
f 3565/1667/1496 1695/1647/1502 1685/1648/1503
f 1685/1648/1503 1695/1647/1502 1700/1649/1504
f 1698/1668/1517 1692/1669/1490 1680/1670/1518
f 3564/1641/1497 3569/1671/1509 1689/1672/1519
f 1688/1673/1520 1696/1674/1521 1678/1633/1491
f 1702/1612/1479 3566/1675/1522 1714/1676/1523
f 1704/1594/1461 1711/1677/1524 1656/1592/1459
f 1705/1678/1525 1650/1606/1473 3567/1679/1526
f 1705/1678/1525 1707/1680/1527 1648/1681/1467
f 1706/1597/1464 1709/1682/1528 3566/1683/1522
f 1656/1684/1459 1710/1685/1529 1655/1686/1463
f 1649/1603/1470 1713/1687/1530 3567/1679/1526
f 3567/1679/1526 1650/1606/1473 1649/1603/1470
f 3567/1679/1526 1723/1688/1531 1705/1678/1525
f 1705/1678/1525 1729/1689/1532 1707/1680/1527
f 3566/1683/1522 1709/1682/1528 1727/1690/1533
f 3567/1679/1526 1713/1687/1530 1723/1688/1531
f 1722/1691/1534 1724/1692/1535 1704/1594/1461
f 1685/1648/1503 1686/1650/1505 1725/1693/1536
f 1690/1694/1537 1724/1692/1535 1687/1666/1516
f 1688/1673/1520 1720/1695/1538 1716/1696/1539
f 1716/1696/1539 1726/1697/1540 1721/1698/1541
f 1721/1698/1541 1688/1673/1520 1716/1696/1539
f 1727/1690/1533 3570/1699/1542 1719/1657/1510
f 1689/1672/1519 3569/1671/1509 3570/1700/1542
f 3570/1700/1542 1690/1701/1537 1689/1672/1519
f 1686/1650/1505 3568/1702/1543 1714/1676/1523
f 1715/1659/1512 1722/1703/1534 1691/1660/1513
f 3570/1700/1542 1710/1685/1529 1690/1701/1537
f 3570/1700/1542 1709/1704/1528 1710/1685/1529
f 1728/1705/1544 1713/1687/1530 1708/1706/1545
f 3568/1707/1543 1686/1654/1505 1717/1652/1507
f 1730/1708/1546 3571/1709/1547 1739/1710/1548
f 1739/1710/1548 2180/1711/1549 1730/1708/1546
f 3572/1712/1550 1745/1713/1551 2183/1714/1552
f 2180/1715/1549 3577/1716/1553 1752/1717/1554
f 1752/1717/1554 1736/1718/1555 2180/1715/1549
f 1733/1719/1556 1737/1720/1557 1746/1721/1558
f 1746/1721/1558 3571/1722/1547 1733/1719/1556
f 1738/1723/1559 1747/1724/1560 1740/1725/1561
f 1735/1726/1562 1736/1718/1555 1748/1727/1563
f 1764/1728/1564 1765/1729/1565 1751/1730/1566
f 1765/1729/1565 3577/1731/1553 1751/1730/1566
f 1751/1730/1566 3582/1732/1567 1764/1728/1564
f 3575/1733/1568 3579/1734/1569 1766/1735/1570
f 3577/1716/1553 1765/1736/1565 1780/1737/1571
f 1744/1738/1572 1767/1739/1573 3576/1740/1574
f 1750/1741/1575 1747/1742/1560 1743/1743/1576
f 1751/1730/1566 3577/1731/1553 1749/1744/1577
f 1744/1738/1572 3573/1745/1578 1748/1727/1563
f 3578/1746/1579 1737/1747/1557 3575/1748/1568
f 1746/1721/1558 3578/1749/1579 3582/1750/1567
f 1806/1751/1580 1807/1752/1581 1754/1753/1582
f 1754/1753/1582 3590/1754/1583 1806/1751/1580
f 1755/1755/1584 3580/1756/1585 1808/1757/1586
f 1756/1758/1587 1762/1759/1588 1809/1760/1589
f 1810/1761/1590 1759/1762/1591 1760/1763/1592
f 3590/1764/1583 1754/1765/1582 1757/1766/1593
f 1758/1767/1594 1812/1768/1595 3581/1769/1596
f 1755/1770/1584 1813/1771/1597 1758/1767/1594
f 3580/1772/1585 1761/1773/1598 1818/1774/1599
f 3591/1775/1600 1818/1774/1599 1761/1773/1598
f 1814/1776/1601 1809/1760/1589 1759/1762/1591
f 1759/1762/1591 1809/1760/1589 1762/1759/1588
f 1759/1762/1591 1810/1761/1590 1814/1776/1601
f 1779/1777/1602 3581/1778/1596 1757/1766/1593
f 3581/1769/1596 1772/1779/1603 1758/1767/1594
f 1758/1767/1594 1775/1780/1604 1755/1770/1584
f 3580/1772/1585 1776/1781/1605 1761/1773/1598
f 1761/1773/1598 1773/1782/1606 3591/1775/1600
f 1759/1762/1591 1762/1759/1588 1778/1783/1607
f 1754/1753/1582 1763/1784/1608 1774/1785/1609
f 3578/1749/1579 1769/1786/1610 1768/1787/1611
f 1769/1788/1610 3575/1748/1568 3583/1789/1612
f 1743/1790/1576 1742/1791/1613 1770/1792/1614
f 1770/1792/1614 1776/1781/1605 1743/1790/1576
f 1777/1793/1615 1775/1794/1604 3583/1795/1612
f 1764/1728/1564 1779/1796/1602 1774/1785/1609
f 1768/1787/1611 1772/1797/1603 1779/1777/1602
f 1780/1737/1571 1763/1798/1608 1771/1799/1616
f 1771/1799/1616 1767/1739/1573 1780/1737/1571
f 1781/1800/1617 1773/1801/1606 1770/1802/1614
f 1893/1803/1618 1894/1804/1619 1791/1805/1620
f 1894/1804/1619 3584/1806/1621 1791/1805/1620
f 1792/1807/1622 1895/1808/1623 1782/1809/1624
f 1896/1810/1625 1895/1808/1623 1792/1807/1622
f 1783/1811/1626 1790/1812/1627 1897/1813/1628
f 1784/1814/1629 1787/1815/1630 1788/1816/1631
f 3584/1817/1621 1894/1818/1619 1784/1814/1629
f 1782/1819/1624 1899/1820/1632 3585/1821/1633
f 1896/1822/1625 1801/1823/1634 1905/1824/1635
f 1901/1825/1636 1897/1813/1628 1790/1812/1627
f 1785/1826/1637 1786/1827/1638 1804/1828/1639
f 1804/1828/1639 3585/1829/1633 1785/1826/1637
f 3585/1821/1633 3586/1830/1640 1782/1819/1624
f 1789/1831/1641 3588/1832/1642 1783/1833/1626
f 1800/1834/1643 1787/1815/1630 1790/1812/1627
f 1791/1805/1620 3584/1806/1621 3589/1835/1644
f 1793/1836/1645 1794/1837/1646 1820/1838/1647
f 1803/1839/1648 1822/1840/1649 3588/1841/1642
f 3588/1841/1642 1821/1842/1650 3587/1843/1651
f 1796/1844/1652 1827/1845/1653 1805/1846/1654
f 3595/1847/1655 1824/1848/1656 1797/1849/1657
f 1797/1849/1657 1824/1848/1656 1804/1828/1639
f 1798/1850/1658 1804/1851/1639 1824/1852/1656
f 1793/1836/1645 1786/1853/1638 3589/1835/1644
f 1800/1834/1643 3587/1843/1651 1799/1854/1659
f 1803/1855/1648 1801/1823/1634 1802/1856/1660
f 1786/1827/1638 1793/1857/1645 1797/1849/1657
f 1805/1846/1654 3584/1817/1621 1788/1816/1631
f 1788/1816/1631 1796/1844/1652 1805/1846/1654
f 3580/1756/1585 1830/1858/1661 1808/1757/1586
f 1809/1760/1589 1815/1859/1662 3591/1860/1600
f 1811/1861/1663 1817/1862/1664 3590/1764/1583
f 1812/1768/1595 1817/1863/1664 1811/1864/1663
f 3591/1775/1600 3593/1865/1665 1818/1774/1599
f 1816/1866/1666 3594/1867/1667 1836/1868/1668
f 1836/1868/1668 1810/1761/1590 1816/1866/1666
f 3590/1764/1583 1817/1862/1664 3596/1869/1669
f 1813/1771/1597 1829/1870/1670 1812/1768/1595
f 1814/1776/1601 1831/1871/1671 1834/1872/1672
f 1834/1872/1672 1828/1873/1673 1814/1776/1601
f 1819/1874/1674 1829/1875/1670 1813/1876/1597
f 1794/1837/1646 3594/1877/1667 1820/1838/1647
f 1802/1878/1660 1795/1879/1675 1833/1880/1676
f 1821/1842/1650 1834/1872/1672 1826/1881/1677
f 1805/1846/1654 1827/1845/1653 1836/1868/1668
f 3594/1867/1667 1794/1882/1646 1805/1846/1654
f 1802/1856/1660 1835/1883/1678 1825/1884/1679
f 1826/1881/1677 1834/1872/1672 1827/1845/1653
f 1833/1880/1676 1830/1858/1661 1835/1885/1678
f 1820/1838/1647 3594/1877/1667 1832/1886/1680
f 1835/1883/1678 3593/1865/1665 1822/1887/1649
f 3595/1888/1655 1829/1870/1670 3592/1889/1681
f 3592/1889/1681 1829/1870/1670 1833/1890/1676
f 1822/1840/1649 1815/1859/1662 1821/1842/1650
f 1614/1891/1682 3597/1892/1683 1847/1893/1684
f 3603/1894/1685 3551/1895/1439 1613/1568/1441
f 1615/1541/1417 1848/1896/1686 1616/1897/1426
f 3597/1898/1683 1614/1899/1682 1838/1900/1687
f 1840/1901/1688 1619/1902/1423 1618/1561/1435
f 3598/1547/1419 1619/1549/1423 1845/1903/1689
f 1616/1552/1426 1860/1904/1690 1841/1550/1424
f 1841/1550/1424 1846/1905/1691 1842/1906/1692
f 3601/1907/1693 1856/1908/1694 1837/1545/1421
f 1856/1908/1694 1859/1909/1695 1837/1545/1421
f 1857/1910/1696 3597/1898/1683 1844/1911/1697
f 1840/1901/1688 3603/1912/1685 1858/1913/1698
f 1840/1914/1688 1862/1915/1699 1845/1903/1689
f 1845/1903/1689 3600/1916/1700 3598/1547/1419
f 1843/1553/1427 1837/1545/1421 1859/1909/1695
f 1859/1909/1695 1844/1911/1697 1843/1553/1427
f 1889/1917/1701 1849/1918/1702 3602/1919/1703
f 3602/1919/1703 1878/1920/1704 1889/1917/1701
f 1854/1921/1705 1875/1922/1706 1856/1908/1694
f 1878/1923/1704 3602/1924/1703 1851/1925/1707
f 1849/1926/1702 3608/1927/1708 1879/1928/1709
f 1879/1928/1709 1880/1929/1710 1852/1930/1711
f 1852/1930/1711 1880/1929/1710 1862/1931/1699
f 1853/1932/1712 1862/1915/1699 1880/1933/1710
f 1854/1934/1705 1861/1935/1713 1881/1936/1714
f 1881/1936/1714 1861/1935/1713 3599/1937/1715
f 1855/1938/1716 1857/1910/1696 1859/1909/1695
f 1859/1909/1695 1856/1908/1694 1855/1938/1716
f 1854/1934/1705 1846/1905/1691 1861/1935/1713
f 1852/1930/1711 1862/1931/1699 1858/1913/1698
f 1851/1925/1707 3597/1898/1683 1857/1910/1696
f 1857/1910/1696 1855/1938/1716 1851/1925/1707
f 1868/1939/1717 1873/1940/1718 3604/1941/1719
f 1869/1942/1720 1873/1943/1718 1868/1944/1717
f 3606/1945/1721 1884/1946/1722 3605/1947/1723
f 3605/1947/1723 1884/1946/1722 1874/1948/1724
f 1872/1949/1725 3611/1950/1726 3612/1951/1727
f 1870/1952/1728 3610/1953/1729 1869/1942/1720
f 1874/1954/1724 1892/1955/1730 1866/1956/1731
f 1863/1957/1732 1887/1958/1733 3607/1959/1734
f 1866/1960/1731 1888/1961/1735 1865/1962/1736
f 3609/1963/1737 1888/1961/1735 1850/1964/1738
f 1850/1964/1738 1888/1961/1735 3599/1965/1715
f 1875/1922/1706 1890/1966/1739 1882/1967/1740
f 1880/1933/1710 3610/1953/1729 3609/1968/1737
f 3599/1937/1715 1892/1955/1730 1881/1936/1714
f 1882/1967/1740 1890/1966/1739 1883/1969/1741
f 1889/1917/1701 3611/1970/1726 3607/1959/1734
f 1883/1969/1741 1890/1966/1739 1886/1971/1742
f 1891/1972/1743 1884/1973/1722 1876/1974/1744
f 1885/1975/1745 1873/1940/1718 1879/1928/1709
f 3612/1951/1727 3611/1950/1726 1877/1976/1746
f 1876/1977/1744 1884/1946/1722 1875/1922/1706
f 1897/1813/1628 1902/1978/1747 1900/1979/1748
f 1903/1980/1749 1787/1815/1630 1784/1814/1629
f 1898/1981/1750 3613/1982/1751 1785/1826/1637
f 1785/1826/1637 1899/1983/1632 1898/1981/1750
f 1902/1978/1747 3617/1984/1752 1900/1979/1748
f 1903/1980/1749 3618/1985/1753 1919/1986/1754
f 1898/1981/1750 3619/1987/1755 1914/1988/1756
f 1898/1981/1750 1904/1989/1757 3619/1987/1755
f 1914/1988/1756 3613/1982/1751 1898/1981/1750
f 1900/1990/1748 3617/1991/1752 1905/1824/1635
f 1905/1824/1635 1912/1992/1758 1896/1822/1625
f 1913/1993/1759 1921/1994/1760 1901/1825/1636
f 1893/1803/1618 1914/1995/1756 3614/1996/1761
f 1895/1808/1623 1911/1997/1762 3615/1998/1763
f 1934/1999/1764 1935/2000/1765 1916/2001/1766
f 1935/2000/1765 3618/2002/1753 1916/2001/1766
f 1916/2001/1766 1908/2003/1767 1934/1999/1764
f 3618/1985/1753 1935/2004/1765 1946/2005/1768
f 1937/2006/1769 1908/2007/1767 1914/1988/1756
f 3619/1987/1755 1938/2008/1770 1937/2006/1769
f 1910/2009/1771 1936/2010/1772 3616/2011/1773
f 1906/2012/1774 1911/1997/1762 1915/2013/1775
f 1915/2013/1775 1912/2014/1758 1917/2015/1776
f 1916/2001/1766 3618/2002/1753 3614/1996/1761
f 1914/1995/1756 1908/2003/1767 1916/2001/1766
f 1910/2009/1771 1921/1994/1760 1913/1993/1759
f 1909/2016/1777 3617/1991/1752 1920/2017/1778
f 3619/2018/1755 1904/2019/1757 1918/2020/1779
f 1918/2020/1779 1911/2021/1762 1906/2022/1774
f 1863/1957/1732 1864/2023/1780 1932/2024/1781
f 1864/2023/1780 3620/2025/1782 1932/2024/1781
f 1933/2026/1783 1865/1962/1736 1922/2027/1784
f 1866/1960/1731 1865/1962/1736 1933/2026/1783
f 1923/2028/1785 1931/2029/1786 1867/2030/1787
f 3620/2031/1782 1864/2032/1780 1924/2033/1788
f 1922/2034/1784 1870/1952/1728 1926/2035/1789
f 1866/1956/1731 1933/2036/1783 1927/2037/1790
f 3606/1945/1721 1867/2030/1787 1928/2038/1791
f 1928/2038/1791 1867/2030/1787 1931/2029/1786
f 1929/2039/1792 1872/1949/1725 1871/2040/1793
f 1940/2041/1794 3620/2031/1782 1929/2039/1792
f 1942/2042/1795 1926/2043/1789 1925/2044/1796
f 1926/2035/1789 3622/2045/1797 1922/2034/1784
f 1930/2046/1798 3623/2047/1799 1923/2048/1785
f 1928/2038/1791 1931/2029/1786 1945/2049/1800
f 1932/2024/1781 3620/2025/1782 3624/2050/1801
f 1941/2051/1802 1925/2052/1796 1932/2024/1781
f 1922/2027/1784 1943/2053/1803 1933/2026/1783
f 3625/2054/1804 1906/2012/1774 1944/2055/1805
f 1938/2056/1770 1918/2020/1779 3625/2057/1804
f 1917/2058/1776 1909/2016/1777 1939/2059/1806
f 1939/2059/1806 3626/2060/1807 1917/2058/1776
f 3626/2061/1807 1943/2053/1803 1944/2055/1805
f 1934/1999/1764 1941/2051/1802 3624/2050/1801
f 1937/2006/1769 1942/2042/1795 1941/2062/1802
f 1941/2062/1802 3621/2063/1808 1937/2006/1769
f 1946/2005/1768 3620/2031/1782 1940/2041/1794
f 1940/2041/1794 1936/2010/1772 1946/2005/1768
f 1947/2064/1809 3623/2065/1799 1939/2066/1806
f 1061/681/762 1062/710/783 1953/2067/1810
f 1953/2067/1810 1960/2068/1811 1061/681/762
f 1061/681/762 1960/2068/1811 1951/679/760
f 3632/2069/1812 3627/2070/1813 1063/682/763
f 1948/2071/1814 1959/2072/1815 1949/686/767
f 1957/2073/1816 1959/2072/1815 1948/2071/1814
f 1969/2074/1817 1968/2075/1818 1953/2076/1810
f 3627/2077/1813 3632/2078/1812 1969/2079/1817
f 1969/2079/1817 1954/695/775 3627/2077/1813
f 1955/702/778 1970/2080/1819 1967/2081/1820
f 1967/2081/1820 1961/2082/1821 1955/702/778
f 1958/2083/1822 3631/2084/1823 1957/2073/1816
f 1953/2067/1810 1973/2085/1824 1960/2068/1811
f 1961/2086/1821 1972/2087/1825 1971/2088/1826
f 1971/2088/1826 3632/2069/1812 1961/2086/1821
f 1994/2089/1827 3630/2090/1828 1962/2091/1829
f 1964/2092/1830 3632/2069/1812 1971/2088/1826
f 1972/2087/1825 3633/2093/1831 1963/2094/1832
f 1965/2095/1833 1997/2096/1834 1991/2097/1835
f 1993/2098/1836 2006/2099/1837 1977/2100/1838
f 1993/2098/1836 1976/2101/1839 1994/2102/1827
f 1975/2103/1840 1974/2104/1841 1995/2105/1842
f 1995/2105/1842 1974/2104/1841 3628/2106/1843
f 3633/2107/1831 1972/2108/1825 1967/2081/1820
f 1977/2100/1838 1997/2096/1834 3629/2109/1844
f 1973/2085/1824 1968/2110/1818 1975/2111/1840
f 3629/2109/1844 3631/2084/1823 1977/2100/1838
f 1970/2080/1819 1965/2112/1833 1967/2081/1820
f 1966/2113/1845 1974/2114/1841 1969/2079/1817
f 1969/2079/1817 3632/2078/1812 1966/2113/1845
f 1975/2103/1840 1968/2075/1818 1974/2104/1841
f 1965/2095/1833 1970/2115/1819 1959/2072/1815
f 1959/2072/1815 3629/2109/1844 1965/2095/1833
f 1981/2116/1846 1984/2117/1847 1990/2118/1848
f 2036/2119/1849 2037/2120/1850 1982/2121/1851
f 1982/2121/1851 2044/2122/1852 2036/2119/1849
f 2038/2123/1853 2046/2124/1854 1986/2125/1855
f 2043/2126/1856 3640/2127/1857 1988/2128/1858
f 2046/2124/1854 2044/2122/1852 1989/2129/1859
f 1982/2121/1851 1998/2130/1860 1989/2129/1859
f 1989/2129/1859 2001/2131/1861 1986/2125/1855
f 1994/2102/1827 2007/2132/1862 1993/2098/1836
f 1963/2094/1832 2000/2133/1863 1990/2118/1848
f 1990/2118/1848 2004/2134/1864 1963/2094/1832
f 3635/2135/1865 2002/2136/1866 2005/2137/1867
f 2005/2137/1867 2003/2138/1868 1994/2089/1827
f 1996/2139/1869 1988/2128/1858 2000/2140/1863
f 3628/2106/1843 3634/2141/1870 1995/2105/1842
f 2007/2132/1862 2001/2131/1861 2006/2099/1837
f 1991/2097/1835 1998/2130/1860 1985/2142/1871
f 1985/2142/1871 1992/2143/1872 1991/2097/1835
f 2119/2144/1873 2017/2145/1874 2031/2146/1875
f 2031/2146/1875 2126/2147/1876 2119/2144/1873
f 2013/2148/1877 2016/2149/1878 3636/2150/1879
f 3637/2151/1880 2029/2152/1881 3655/2153/1882
f 3655/2153/1882 2029/2152/1881 2011/2154/1883
f 2010/2155/1884 2014/2156/1885 2027/2157/1886
f 3636/2150/1879 2016/2149/1878 2028/2158/1887
f 3637/2151/1880 2026/2159/1888 2029/2152/1881
f 2008/2160/1889 2033/2161/1890 2032/2162/1891
f 2012/2163/1892 2033/2161/1890 2008/2160/1889
f 2032/2162/1891 2016/2164/1878 2008/2160/1889
f 2049/2165/1893 2032/2162/1891 2048/2166/1894
f 2048/2166/1894 2033/2161/1890 2021/2167/1895
f 2019/2168/1896 2025/2169/1897 2031/2146/1875
f 2031/2146/1875 2020/2170/1898 2019/2168/1896
f 2021/2171/1895 3639/2172/1899 2022/2173/1900
f 2052/2174/1901 3638/2175/1902 2028/2158/1887
f 2053/2176/1903 2020/2177/1898 2034/2178/1904
f 2034/2178/1904 3638/2179/1902 2053/2176/1903
f 2025/2180/1897 2024/2181/1905 2023/2182/1906
f 2035/2183/1907 2054/2184/1908 2026/2159/1888
f 2033/2185/1890 2015/2186/1909 3639/2172/1899
f 2015/2186/1909 2029/2152/1881 3639/2172/1899
f 1978/2187/1910 1979/2188/1911 2041/2189/1912
f 1978/2187/1910 3642/2190/1913 2039/2191/1914
f 2042/2192/1915 3641/2193/1916 1984/2194/1847
f 1984/2194/1847 1981/2195/1846 2042/2192/1915
f 2036/2119/1849 2047/2196/1917 2057/2197/1918
f 3642/2198/1913 2055/2199/1919 2038/2123/1853
f 3641/2200/1916 2056/2201/1920 2040/2202/1921
f 1980/2203/1922 2060/2204/1923 2058/2205/1924
f 2058/2205/1924 1981/2116/1846 1980/2203/1922
f 2021/2167/1895 2064/2206/1925 2048/2166/1894
f 2048/2166/1894 2059/2207/1926 2049/2165/1893
f 2022/2173/1900 2063/2208/1927 2021/2171/1895
f 2049/2209/1893 2062/2210/1928 2052/2174/1901
f 2054/2184/1908 2063/2208/1927 2022/2173/1900
f 3643/2211/1929 2047/2196/1917 2054/2184/1908
f 2054/2184/1908 3644/2212/1930 2063/2208/1927
f 2024/2181/1905 2060/2213/1923 2045/2214/1931
f 2057/2215/1918 2051/2216/1932 2024/2181/1905
f 2061/2217/1933 2056/2218/1920 2042/2192/1915
f 2042/2192/1915 2050/2219/1934 2061/2217/1933
f 2062/2210/1928 2056/2201/1920 2061/2220/1933
f 2063/2208/1927 2055/2199/1919 2064/2221/1925
f 2066/2222/1935 2069/2223/1936 3646/2224/1937
f 2295/2225/1938 2292/2226/1939 2070/2227/1940
f 2070/2227/1940 3694/2228/1941 2295/2225/1938
f 2070/2227/1940 2071/2229/1942 3694/2228/1941
f 2296/2230/1943 3694/2231/1941 2071/2232/1942
f 2067/2233/1944 3645/2234/1945 2065/2235/1946
f 2068/2236/1947 3693/2237/1948 2073/2238/1949
f 2073/2238/1949 2069/2223/1936 2068/2236/1947
f 2092/2239/1950 3693/2237/1948 3645/2240/1945
f 2083/2241/1951 2292/2242/1939 2291/2243/1952
f 2074/2244/1953 2085/2245/1954 2072/2246/1955
f 2075/2247/1956 2083/2241/1951 2088/2248/1957
f 2091/2249/1958 2107/2250/1959 2104/2251/1960
f 2081/2252/1961 2086/2253/1962 2076/2254/1963
f 3650/2255/1964 2092/2239/1950 2105/2256/1965
f 3648/2257/1966 2092/2239/1950 3650/2255/1964
f 2090/2258/1967 2110/2259/1968 2106/2260/1969
f 2093/2261/1970 2089/2262/1971 2080/2263/1972
f 2086/2253/1962 2074/2244/1953 2087/2264/1973
f 2110/2259/1968 2090/2258/1967 2073/2238/1949
f 2073/2238/1949 3648/2257/1966 2110/2259/1968
f 2089/2262/1971 2085/2265/1954 2086/2266/1962
f 2079/2267/1974 2084/2268/1975 2078/2269/1976
f 2092/2239/1950 3645/2240/1945 2093/2270/1970
f 2096/2271/1977 2100/2272/1978 2097/2273/1979
f 2156/2274/1980 2103/2275/1981 2151/2276/1982
f 2151/2276/1982 2111/2277/1983 2155/2278/1984
f 2098/2279/1985 2160/2280/1986 2101/2281/1987
f 2097/2282/1979 2100/2283/1978 2099/2284/1988
f 2155/2285/1984 2102/2286/1989 2154/2287/1990
f 2103/2275/1981 2114/2288/1991 2111/2277/1983
f 3653/2289/1992 2157/2290/1993 2152/2291/1994
f 2100/2283/1978 3652/2292/1995 2101/2293/1987
f 2102/2286/1989 2113/2294/1996 2154/2287/1990
f 2157/2290/1993 3653/2289/1992 2117/2295/1997
f 2094/2296/1998 3649/2297/1999 2116/2298/2000
f 2116/2298/2000 3651/2299/2001 2094/2296/1998
f 2154/2300/1990 2113/2301/1996 2096/2271/1977
f 2096/2271/1977 2115/2302/2002 2100/2272/1978
f 2104/2251/1960 2107/2250/1959 2116/2298/2000
f 2077/2303/2003 2079/2267/1974 2118/2304/2004
f 2080/2263/1972 2105/2305/1965 2093/2261/1970
f 2109/2306/2005 3650/2255/1964 2117/2295/1997
f 2115/2302/2002 2113/2301/1996 2081/2252/1961
f 2102/2286/1989 2111/2307/1983 2105/2305/1965
f 2108/2308/2006 3649/2309/1999 2112/2310/2007
f 2106/2260/1969 3653/2289/1992 3651/2311/2001
f 3651/2311/2001 2107/2312/1959 2106/2260/1969
f 2105/2256/1965 2111/2277/1983 2114/2288/1991
f 2114/2288/1991 3650/2255/1964 2105/2256/1965
f 2009/2313/2008 2142/2314/2009 2008/2160/1889
f 2008/2160/1889 2130/2315/2010 2012/2163/1892
f 2126/2147/1876 2131/2316/2011 2119/2144/1873
f 2119/2144/1873 3656/2317/2012 2124/2318/2013
f 2120/2319/2014 2121/2320/2015 2010/2155/1884
f 2012/2321/1892 2130/2322/2010 2127/2323/2016
f 2013/2148/1877 3636/2150/1879 2122/2324/2017
f 2124/2325/2013 2140/2326/2018 2123/2327/2019
f 2121/2328/2015 2128/2329/2020 2125/2330/2021
f 3655/2153/1882 2129/2331/2022 3637/2151/1880
f 2120/2319/2014 2138/2332/2023 2121/2320/2015
f 2122/2324/2017 2147/2333/2024 2013/2148/1877
f 2140/2326/2018 2139/2334/2025 2122/2335/2017
f 2128/2329/2020 2141/2336/2026 2131/2337/2011
f 2131/2316/2011 2141/2338/2026 3656/2317/2012
f 2132/2339/2027 2143/2340/2028 2142/2314/2009
f 2142/2314/2009 2165/2341/2029 2132/2339/2027
f 3658/2342/2030 2166/2343/2031 2133/2344/2032
f 3657/2345/2033 2167/2346/2034 2150/2347/2035
f 2168/2348/2036 3663/2349/2037 2139/2334/2025
f 2139/2334/2025 2146/2350/2038 2168/2348/2036
f 2168/2348/2036 2146/2350/2038 2169/2351/2039
f 2170/2352/2040 3658/2353/2030 2145/2354/2041
f 2136/2355/2042 2120/2319/2014 2129/2331/2022
f 2149/2356/2043 2130/2322/2010 2143/2357/2028
f 2138/2332/2023 2120/2319/2014 2150/2347/2035
f 2151/2276/1982 2155/2278/1984 3660/2358/2044
f 3659/2359/2045 2156/2274/1980 2151/2276/1982
f 2095/2360/2046 2173/2361/2047 2159/2362/2048
f 2154/2287/1990 2161/2363/2049 2155/2285/1984
f 2156/2274/1980 3659/2359/2045 2162/2364/2050
f 2171/2365/2051 3659/2359/2045 3660/2358/2044
f 2160/2366/1986 2174/2367/2052 2099/2284/1988
f 2176/2368/2053 2171/2369/2051 3660/2370/2044
f 2164/2371/2054 2175/2372/2055 2161/2373/2049
f 3664/2374/2056 2165/2375/2029 3663/2376/2037
f 2167/2377/2034 2176/2368/2053 2170/2352/2040
f 2170/2352/2040 2175/2378/2055 3658/2353/2030
f 3659/2359/2045 3657/2345/2033 2136/2355/2042
f 2166/2343/2031 2164/2371/2054 2169/2379/2039
f 3661/2380/2057 2135/2381/2058 2132/2339/2027
f 2137/2382/2059 2172/2383/2060 2162/2364/2050
f 2162/2364/2050 3659/2359/2045 2137/2382/2059
f 2168/2348/2036 2174/2367/2052 3663/2349/2037
f 3663/2376/2037 2159/2362/2048 3664/2374/2056
f 2134/2384/2061 2135/2385/2058 2158/2386/2062
f 2135/2385/2058 3661/2387/2057 2158/2386/2062
f 2172/2383/2060 2137/2382/2059 2134/2384/2061
f 3659/2359/2045 2171/2365/2051 2167/2346/2034
f 2187/2388/2063 3571/1709/1547 1730/1708/1546
f 2177/2389/2064 2188/2390/2065 1740/2391/1561
f 1740/2391/1561 1731/2392/2066 2177/2389/2064
f 2178/2393/2067 2186/2394/2068 1732/2395/2069
f 3571/1722/1547 2187/2396/2063 2181/2397/2070
f 2181/2397/2070 1734/2398/2071 1733/1719/1556
f 1735/1726/1562 1732/2395/2069 2186/2394/2068
f 2179/2399/2072 2196/2400/2073 2203/2401/2074
f 2203/2401/2074 3665/2402/2075 2179/2399/2072
f 2182/2403/2076 2198/2404/2077 2177/2405/2064
f 2186/2394/2068 3667/2406/2078 2196/2400/2073
f 2196/2400/2073 2184/2407/2079 2186/2394/2068
f 2187/2388/2063 3665/2408/2075 3669/2409/2080
f 2194/2410/2081 2217/2411/2082 2190/2412/2083
f 2191/2413/2084 2224/2414/2085 2218/2415/2086
f 2218/2415/2086 2219/2416/2087 2191/2413/2084
f 3677/2417/2088 2221/2418/2089 2192/2419/2090
f 2192/2419/2090 2221/2418/2089 2202/2420/2091
f 2193/2421/2092 2202/2422/2091 2221/2423/2089
f 2201/2424/2093 2222/2425/2094 2194/2426/2081
f 2189/2427/2095 2198/2428/2077 3670/2429/2096
f 3665/2408/2075 2203/2430/2074 2200/2431/2097
f 3667/2406/2078 2190/2412/2083 2195/2432/2098
f 2201/2424/2093 2188/2433/2065 2199/2434/2099
f 2192/2419/2090 2202/2420/2091 2197/2435/2100
f 2190/2412/2083 3668/2436/2101 2194/2410/2081
f 3672/2437/2102 3689/2438/2103 2204/2439/2104
f 2269/2440/2105 3678/2441/2106 2206/2442/2107
f 2207/2443/2108 3675/2444/2109 3671/2445/2110
f 3689/2446/2103 3672/2447/2102 2212/2448/2111
f 2229/2449/2112 2214/2450/2113 2212/2448/2111
f 3671/2451/2110 3675/2452/2109 2213/2453/2114
f 2225/2454/2115 2207/2443/2108 2268/2455/2116
f 2212/2448/2111 3672/2447/2102 3676/2456/2117
f 3676/2456/2117 2229/2449/2112 2212/2448/2111
f 3675/2452/2109 2228/2457/2118 2213/2453/2114
f 2214/2450/2113 2229/2449/2112 2233/2458/2119
f 2233/2458/2119 2225/2454/2115 2214/2450/2113
f 2230/2459/2120 3672/2437/2102 2205/2460/2121
f 2215/2461/2122 2227/2462/2123 2211/2463/2124
f 2199/2464/2099 2189/2427/2095 2231/2465/2125
f 2216/2466/2126 2233/2458/2119 2223/2467/2127
f 2199/2434/2099 2234/2468/2128 2222/2425/2094
f 2223/2467/2127 2233/2458/2119 2224/2414/2085
f 2231/2465/2125 3678/2441/2106 2234/2469/2128
f 2232/2470/2129 3672/2437/2102 2230/2459/2120
f 3677/2471/2088 3674/2472/2130 3673/2473/2131
f 3673/2473/2131 2227/2474/2123 2231/2475/2125
f 2220/2476/2132 2230/2477/2120 2226/2478/2133
f 2218/2415/2086 2229/2449/2112 3676/2456/2117
f 2217/2411/2082 3675/2444/2109 2216/2466/2126
f 2235/2479/2134 3679/2480/2135 2245/2481/2136
f 2351/2482/2137 2243/2483/2138 2237/2484/2139
f 2237/2484/2139 2246/2485/2140 2238/2486/2141
f 2236/2487/2142 3682/2488/2143 2262/2489/2144
f 3686/2490/2145 2241/2491/2146 2345/2492/2147
f 2347/2493/2148 2242/2494/2149 3680/2495/2150
f 2348/2496/2151 2344/2497/2152 2244/2498/2153
f 2348/2496/2151 2243/2499/2138 2351/2500/2137
f 2239/2501/2154 2255/2502/2155 2244/2503/2153
f 2240/2504/2156 2242/2505/2149 3684/2506/2157
f 2246/2507/2140 2256/2508/2158 2242/2494/2149
f 2244/2498/2153 2261/2509/2159 2243/2499/2138
f 2241/2491/2146 3686/2490/2145 2258/2510/2160
f 2258/2510/2160 3681/2511/2161 2241/2491/2146
f 2274/2512/2162 2275/2513/2163 2247/2514/2164
f 2247/2514/2164 2259/2515/2165 2274/2512/2162
f 2274/2512/2162 2259/2515/2165 2252/2516/2166
f 2249/2517/2167 2254/2518/2168 2262/2489/2144
f 2260/2519/2169 2273/2520/2170 2249/2517/2167
f 3691/2521/2171 2272/2522/2172 2250/2523/2173
f 2247/2514/2164 3685/2524/2174 2259/2515/2165
f 2260/2525/2169 3682/2526/2143 2245/2481/2136
f 2245/2481/2136 2272/2527/2172 2260/2525/2169
f 2253/2528/2175 3681/2511/2161 2258/2510/2160
f 2253/2528/2175 2239/2501/2154 3681/2511/2161
f 2258/2510/2160 2254/2518/2168 2253/2528/2175
f 2261/2509/2159 2255/2529/2155 2263/2530/2176
f 2250/2523/2173 3687/2531/2177 3684/2506/2157
f 3684/2506/2157 3683/2532/2178 2250/2523/2173
f 2264/2533/2179 2271/2534/2180 2206/2442/2107
f 2265/2535/2181 2270/2536/2182 2207/2443/2108
f 2212/2448/2111 3690/2537/2183 3689/2446/2103
f 2208/2538/2184 2266/2539/2185 3688/2540/2186
f 3688/2540/2186 2209/2541/2187 2208/2538/2184
f 2264/2542/2179 2210/2543/2188 3688/2544/2186
f 2268/2455/2116 2207/2443/2108 2270/2536/2182
f 2267/2545/2189 2281/2546/2190 2265/2535/2181
f 3688/2544/2186 2285/2547/2191 2264/2542/2179
f 2269/2548/2105 2288/2549/2192 2267/2550/2189
f 2268/2455/2116 2270/2536/2182 2282/2551/2193
f 2282/2551/2193 3690/2537/2183 2268/2455/2116
f 2204/2439/2104 3692/2552/2194 2287/2553/2195
f 2287/2553/2195 2266/2554/2185 2204/2439/2104
f 2271/2534/2180 2286/2555/2196 2269/2440/2105
f 2272/2527/2172 3691/2556/2171 2287/2553/2195
f 2252/2516/2166 2286/2555/2196 2274/2512/2162
f 2277/2557/2197 2254/2518/2168 2249/2517/2167
f 2290/2558/2198 2277/2557/2197 2249/2517/2167
f 2278/2559/2199 3691/2521/2171 2250/2523/2173
f 2278/2560/2199 3683/2561/2178 2279/2562/2200
f 2251/2563/2201 2263/2530/2176 2289/2564/2202
f 2251/2563/2201 2288/2549/2192 2252/2565/2166
f 2280/2566/2203 2248/2567/2204 2253/2528/2175
f 2254/2518/2168 2277/2557/2197 2280/2566/2203
f 2286/2555/2196 2271/2534/2180 2275/2513/2163
f 2276/2568/2205 2281/2546/2190 2289/2569/2202
f 2292/2242/1939 2295/2570/1938 2302/2571/2206
f 2297/2572/2207 3646/2573/1937 2291/2243/1952
f 2294/2574/2208 2313/2575/2209 2296/2230/1943
f 2065/2235/1946 2299/2576/2210 2067/2233/1944
f 2069/2223/1936 2066/2222/1935 2301/2577/2211
f 2318/2578/2212 3693/2237/1948 2068/2236/1947
f 2318/2578/2212 2311/2579/2213 2065/2580/1946
f 2065/2580/1946 2311/2579/2213 2299/2581/2210
f 2066/2222/1935 2297/2582/2207 2312/2583/2214
f 2297/2582/2207 3697/2584/2215 2312/2583/2214
f 2295/2225/1938 3694/2228/1941 3696/2585/2216
f 2298/2586/2217 3696/2587/2216 3694/2231/1941
f 2330/2588/2218 3698/2589/2219 2306/2590/2220
f 2315/2591/2221 2333/2592/2222 3695/2593/2223
f 2308/2594/2224 2317/2595/2225 2307/2596/2226
f 2314/2597/2227 2300/2598/2228 2308/2599/2224
f 2329/2600/2229 3697/2601/2215 2302/2571/2206
f 2302/2571/2206 3698/2602/2219 2329/2600/2229
f 2301/2577/2211 2316/2603/2230 2309/2604/2231
f 3695/2593/2223 2298/2586/2217 2315/2591/2221
f 3695/2593/2223 3696/2587/2216 2298/2586/2217
f 2306/2590/2220 3698/2589/2219 3696/2585/2216
f 3696/2585/2216 3695/2605/2223 2306/2590/2220
f 2304/2606/2232 2316/2603/2230 2312/2583/2214
f 2312/2583/2214 3697/2584/2215 2304/2606/2232
f 2372/2607/2233 3701/2608/2234 2326/2609/2235
f 2326/2609/2235 2373/2610/2236 2372/2607/2233
f 3700/2611/2237 2376/2612/2238 2319/2613/2239
f 3699/2614/2240 2376/2612/2238 3700/2611/2237
f 3701/2615/2234 2372/2616/2233 2320/2617/2241
f 2378/2618/2242 2373/2619/2236 2322/2620/2243
f 2322/2620/2243 2379/2621/2244 2378/2618/2242
f 2328/2622/2245 2380/2623/2246 2322/2624/2243
f 2324/2625/2247 2377/2626/2248 3699/2614/2240
f 2324/2625/2247 2321/2627/2249 2377/2626/2248
f 2340/2628/2250 3701/2615/2234 2321/2627/2249
f 2322/2624/2243 2334/2629/2251 2328/2622/2245
f 2324/2625/2247 3702/2630/2252 2335/2631/2253
f 2324/2625/2247 3700/2611/2237 3702/2630/2252
f 2327/2632/2254 2336/2633/2255 2325/2634/2256
f 2330/2635/2218 2338/2636/2257 2326/2609/2235
f 2303/2637/2258 2341/2638/2259 2342/2639/2260
f 2304/2606/2232 2305/2640/2261 2340/2628/2250
f 2340/2628/2250 2310/2641/2262 2304/2606/2232
f 2338/2642/2257 2330/2588/2218 2339/2643/2263
f 2342/2644/2260 2337/2645/2264 2307/2596/2226
f 2310/2641/2262 2340/2628/2250 2335/2631/2253
f 3705/2646/2265 2334/2629/2251 2333/2592/2222
f 2338/2642/2257 2339/2643/2263 3703/2647/2266
f 2305/2640/2261 3701/2615/2234 2340/2628/2250
f 2341/2638/2259 3704/2648/2267 2342/2639/2260
f 2236/2649/2142 3706/2650/2268 2235/2479/2134
f 2343/2651/2269 2353/2652/2270 2349/2653/2271
f 2351/2500/2137 2350/2654/2272 2348/2496/2151
f 2349/2653/2271 2353/2652/2270 2352/2655/2273
f 2352/2655/2273 2241/2491/2146 2349/2653/2271
f 2344/2656/2152 3708/2657/2274 2343/2651/2269
f 2345/2492/2147 2363/2658/2275 2369/2659/2276
f 2369/2659/2276 3706/2660/2268 2345/2492/2147
f 2346/2661/2277 3709/2662/2278 2364/2663/2279
f 2347/2493/2148 2366/2664/2280 2355/2665/2281
f 2350/2654/2272 3708/2666/2274 2344/2497/2152
f 2352/2655/2273 2353/2652/2270 2363/2658/2275
f 2235/2479/2134 3706/2650/2268 3709/2667/2278
f 3709/2667/2278 2346/2668/2277 2235/2479/2134
f 2354/2669/2282 2367/2670/2283 2351/2482/2137
f 2394/2671/2284 2368/2672/2285 2358/2673/2286
f 2388/2674/2287 2387/2675/2288 2371/2676/2289
f 2390/2677/2290 2356/2678/2291 2369/2659/2276
f 2357/2679/2292 3711/2680/2293 2391/2681/2294
f 3707/2682/2295 2392/2683/2296 2361/2684/2297
f 2361/2684/2297 2365/2685/2298 3707/2682/2295
f 2393/2686/2299 2368/2687/2285 2394/2688/2284
f 2353/2652/2270 2371/2676/2289 2362/2689/2300
f 2393/2686/2299 2350/2654/2272 2368/2687/2285
f 2360/2690/2301 2365/2691/2298 2364/2663/2279
f 2364/2663/2279 2357/2679/2292 2360/2690/2301
f 2371/2676/2289 3708/2657/2274 2393/2692/2299
f 2373/2610/2236 2378/2693/2242 2384/2694/2302
f 2325/2634/2256 2382/2695/2303 2374/2696/2304
f 2374/2696/2304 2385/2697/2305 2375/2698/2306
f 2381/2699/2307 2377/2626/2248 2320/2617/2241
f 2323/2700/2308 2319/2701/2239 2383/2702/2309
f 2323/2700/2308 2382/2703/2303 2325/2704/2256
f 2404/2705/2310 2397/2706/2311 2376/2612/2238
f 2398/2707/2312 2378/2618/2242 2379/2621/2244
f 2385/2708/2305 2399/2709/2313 2380/2623/2246
f 2383/2702/2309 2405/2710/2314 2382/2703/2303
f 2377/2626/2248 3712/2711/2315 2401/2712/2316
f 2401/2712/2316 2404/2705/2310 2377/2626/2248
f 2403/2713/2317 3711/2714/2293 2356/2715/2291
f 2358/2673/2286 2359/2716/2318 2386/2717/2319
f 2386/2717/2319 2402/2718/2320 2358/2673/2286
f 2358/2673/2286 2402/2718/2320 2394/2671/2284
f 2387/2675/2288 2404/2705/2310 2395/2719/2321
f 2389/2720/2322 2396/2721/2323 3712/2711/2315
f 3707/2682/2295 2399/2709/2313 2392/2683/2296
f 2395/2719/2321 2404/2705/2310 2396/2721/2323
f 2403/2713/2317 3710/2722/2324 2384/2694/2302
f 2384/2694/2302 3711/2714/2293 2403/2713/2317
f 2396/2721/2323 2404/2705/2310 2401/2712/2316
f 2398/2707/2312 3707/2723/2295 2391/2681/2294
f 2398/2707/2312 2399/2724/2313 3707/2723/2295
f 2381/2699/2307 2403/2725/2317 3712/2711/2315
f 2406/2726/2325 2397/2706/2311 2387/2675/2288
f 2413/2727/2326 2408/2728/239 596/2729/2327
f 2410/2730/249 2414/2731/2328 597/2732/2329
f 597/2732/2329 2415/2733/2330 599/2734/2331
f 3715/2735/240 2414/2736/2328 2409/13/241
f 2409/13/241 2414/2736/2328 2410/14/249
f 3715/2735/240 2418/2737/2332 2414/2736/2328
f 2417/2738/2333 2416/2739/2334 2412/2740/2335
f 2420/2741/2336 2408/2728/239 2413/2727/2326
f 2413/2727/2326 2422/2742/2337 2420/2741/2336
f 2422/2743/2337 2413/2744/2326 2416/2745/2334
f 2408/3/239 2420/2746/2336 2418/2747/2332
f 2421/2748/2338 2422/2749/2337 2417/2738/2333
f 2418/2750/2332 2421/2751/2338 2415/2733/2330
f 3718/2752/2339 2944/2753/2340 2941/2754/2341
f 2436/2755/2342 3823/2756/2343 3821/2757/2344
f 2426/2758/2345 2436/2755/2342 3821/2757/2344
f 2433/2759/2346 2942/2760/2347 2427/2761/2348
f 3718/2762/2339 2946/2763/2349 2944/2764/2340
f 2427/2761/2348 2432/2765/2350 2433/2759/2346
f 2424/2766/2351 3720/2767/2352 2435/2768/2353
f 2435/2768/2353 2428/2769/2354 2424/2766/2351
f 2425/2770/2355 3716/2771/2356 3720/2772/2352
f 3720/2772/2352 2424/2773/2351 2425/2770/2355
f 2428/2774/2354 2435/2775/2353 2438/2776/2357
f 2438/2776/2357 3718/2752/2339 2428/2774/2354
f 2430/2777/2358 2438/2776/2357 2450/2778/2359
f 3722/2779/2360 2449/2780/2361 3720/2772/2352
f 3720/2772/2352 2437/2781/2362 3722/2779/2360
f 2437/2782/2362 2436/2755/2342 2447/2783/2363
f 2437/2782/2362 3716/2784/2356 2436/2755/2342
f 2447/2783/2363 2426/2758/2345 2431/2785/2364
f 3718/2762/2339 2438/2786/2357 2430/2787/2358
f 2439/2788/2365 2432/2765/2350 3717/2789/2366
f 2471/2790/2367 2440/2791/2368 2455/2792/2369
f 2455/2792/2369 2441/2793/2370 2471/2790/2367
f 2473/2794/2371 2446/2795/2372 2478/2796/2373
f 2476/2797/2374 3721/2798/2375 2445/2799/2376
f 2445/2799/2376 2473/2800/2371 2476/2797/2374
f 2474/2801/2377 2456/2802/2378 2442/2803/2379
f 2440/2804/2368 2444/2805/2380 2451/2806/2381
f 2445/2799/2376 2454/2807/2382 2473/2800/2371
f 2446/2808/2372 2457/2809/2383 2443/2810/2384
f 2430/2777/2358 2450/2778/2359 2455/2792/2369
f 2450/2778/2359 2458/2811/2385 2455/2792/2369
f 2447/2783/2363 2454/2812/2382 2437/2782/2362
f 2429/2813/2386 2459/2814/2387 2439/2788/2365
f 2448/2815/2388 3719/2816/2389 2430/2787/2358
f 2449/2817/2361 3722/2818/2360 2452/2819/2390
f 2437/2781/2362 2454/2807/2382 3722/2779/2360
f 2439/2820/2365 2457/2809/2383 2431/2821/2364
f 3723/2822/2391 3717/2823/2366 2456/2802/2378
f 3717/2823/2366 3719/2824/2389 2456/2802/2378
f 2451/2825/2381 2448/2826/2388 2455/2792/2369
f 2444/2805/2380 2456/2827/2378 2448/2815/2388
f 2504/2828/2392 2464/2829/2393 2468/2830/2394
f 2504/2828/2392 2494/2831/2395 2464/2829/2393
f 2468/2830/2394 2490/2832/2396 2504/2828/2392
f 2492/2833/2397 2506/2834/2398 2465/2835/2399
f 2493/2836/2400 2462/2837/2401 2489/2838/2402
f 2460/2839/2403 2500/2840/2404 2490/2841/2396
f 2492/2842/2397 2462/2843/2401 2493/2844/2400
f 2464/2829/2393 2482/2845/2405 2479/2846/2406
f 2460/2839/2403 2479/2847/2406 3724/2848/2407
f 2466/2849/2408 2469/2850/2409 3724/2851/2407
f 2488/2852/2410 2462/2843/2401 2483/2853/2411
f 2482/2854/2405 2464/2855/2393 2463/2856/2412
f 2472/2857/2413 2442/2858/2379 2440/2804/2368
f 2475/2859/2414 2441/2860/2370 3721/2861/2375
f 3721/2861/2375 2476/2862/2374 2475/2859/2414
f 2477/2863/2415 2481/2864/2416 2442/2803/2379
f 2485/2865/2417 2471/2866/2367 2475/2859/2414
f 3725/2867/2418 2487/2868/2419 2478/2869/2373
f 2442/2803/2379 3726/2870/2420 2477/2863/2415
f 2479/2846/2406 2486/2871/2421 2485/2872/2417
f 2465/2835/2399 2484/2873/2422 2480/2874/2423
f 2466/2875/2408 2484/2873/2422 2465/2835/2399
f 2482/2854/2405 3726/2876/2420 2486/2877/2421
f 2480/2878/2423 2487/2868/2419 2483/2853/2411
f 2467/2879/2424 2481/2864/2416 2477/2863/2415
f 2487/2868/2419 3725/2867/2418 2488/2852/2410
f 3724/2851/2407 2475/2880/2414 2466/2849/2408
f 3724/2848/2407 2485/2865/2417 2475/2859/2414
f 2492/2833/2397 2505/2881/2425 2506/2834/2398
f 2499/2882/2426 3727/2883/2427 2494/2884/2395
f 2491/2885/2428 2461/2886/2429 2506/2887/2398
f 2493/2844/2400 2501/2888/2430 2492/2842/2397
f 2502/2889/2431 2501/2890/2430 2493/2836/2400
f 3727/2891/2427 2499/2892/2426 2502/2893/2431
f 2497/2894/2432 2491/2885/2428 3347/2895/2433
f 3887/2896/2434 2505/2897/2425 2501/2888/2430
f 3887/2896/2434 2501/2888/2430 2496/2898/2435
f 3888/2899/2436 2499/2882/2426 3886/2900/2437
f 2499/2882/2426 2504/2901/2392 3886/2900/2437
f 3527/2902/2438 2526/2903/2439 1504/1370/1291
f 3528/2904/2440 3734/2905/2441 2516/2906/2442
f 2516/2906/2442 3728/2907/2443 1505/1390/1307
f 2509/2908/2444 2526/2909/2439 3527/2910/2438
f 2510/2911/2445 3733/2912/2446 2512/2913/2447
f 2507/2914/2448 2514/2915/2449 3732/2916/2450
f 3732/2916/2450 3733/2917/2446 2507/2914/2448
f 2511/2918/2451 2527/2919/2452 2513/1372/1292
f 2513/1372/1292 2527/2919/2452 2514/2915/2449
f 2527/2919/2452 3732/2916/2450 2514/2915/2449
f 2548/2920/2453 2529/2921/2454 2517/2922/2455
f 2519/2923/2456 2551/2924/2457 2546/2925/2458
f 2547/2926/2459 2552/2927/2460 2523/2928/2461
f 2523/2928/2461 2551/2924/2457 2519/2923/2456
f 2518/2929/2462 2528/2930/2463 2516/2906/2442
f 2516/2906/2442 2530/2931/2464 2518/2929/2462
f 2530/2932/2464 3734/2933/2441 2512/2913/2447
f 2512/2913/2447 2531/2934/2465 2530/2932/2464
f 2521/2935/2466 2525/2936/2467 2528/2937/2463
f 2521/2935/2466 2520/2938/2468 2525/2936/2467
f 2528/2937/2463 2522/2939/2469 2521/2935/2466
f 2547/2926/2459 2524/2940/2470 2529/2941/2454
f 2535/2942/2471 2594/2943/2472 2587/2944/2473
f 2539/2945/2474 2594/2943/2472 2535/2942/2471
f 2541/2946/2475 2559/2947/2476 2540/2948/2477
f 2542/2949/2478 3739/2950/2479 2536/2951/2480
f 2543/2952/2481 2558/2953/2482 2557/2954/2483
f 2557/2954/2483 2544/2955/2484 2543/2952/2481
f 2539/2945/2474 2555/2956/2485 2541/2946/2475
f 2540/2957/2477 2556/2958/2486 2533/2959/2487
f 2534/2960/2488 2554/2961/2489 2545/2962/2490
f 2545/2962/2490 2543/2963/2481 2534/2960/2488
f 2549/2964/2491 2556/2958/2486 2517/2922/2455
f 3731/2965/2492 2558/2966/2482 2545/2962/2490
f 2549/2967/2491 2520/2968/2468 3736/2969/2493
f 2550/2970/2494 2560/2971/2495 2557/2954/2483
f 2554/2961/2489 3735/2972/2496 2545/2962/2490
f 2552/2927/2460 2555/2956/2485 2551/2924/2457
f 2555/2956/2485 2553/2973/2497 2551/2924/2457
f 2559/2947/2476 2555/2956/2485 2552/2927/2460
f 2546/2925/2458 2551/2924/2457 2553/2973/2497
f 2553/2973/2497 2560/2974/2495 2546/2925/2458
f 2671/2975/2498 2568/2976/2499 2561/2977/2500
f 2564/2978/2501 2670/2979/2502 2669/2980/2503
f 2671/2981/2498 2672/2982/2504 2565/2983/2505
f 2565/2983/2505 2568/2984/2499 2671/2981/2498
f 2562/2985/2506 3746/2986/2507 2673/2987/2508
f 3764/2988/2509 2566/2989/2510 2567/2990/2511
f 2564/2978/2501 3744/2991/2512 2580/2992/2513
f 2565/2983/2505 2586/2993/2514 2568/2984/2499
f 2567/2990/2511 3743/2994/2515 2575/2995/2516
f 2567/2990/2511 2566/2989/2510 3743/2994/2515
f 2575/2995/2516 2569/2996/2517 2567/2990/2511
f 2675/2997/2518 2585/2998/2519 3744/2999/2512
f 3744/2999/2512 2564/3000/2501 2675/2997/2518
f 3741/3001/2520 2581/3002/2521 2565/2983/2505
f 2569/3003/2517 2583/3004/2522 2582/3005/2523
f 2582/3005/2523 3740/3006/2524 2569/3003/2517
f 2599/3007/2525 2584/3008/2526 2571/3009/2527
f 3747/3010/2528 2585/3011/2519 2582/3005/2523
f 2570/3012/2529 2577/3013/2530 2601/3014/2531
f 3748/3015/2532 2579/3016/2533 2570/3012/2529
f 2571/3017/2527 2586/2993/2514 2572/3018/2534
f 2603/3019/2535 2583/3020/2522 2575/2995/2516
f 2585/2998/2519 3747/3021/2528 2576/3022/2536
f 2578/3023/2537 2581/3002/2521 2579/3016/2533
f 2581/3002/2521 3741/3001/2520 2579/3016/2533
f 3744/2999/2512 2585/2998/2519 2577/3024/2530
f 3742/3025/2538 3743/3026/2515 2573/3027/2539
f 2573/3027/2539 3746/2986/2507 2574/3028/2540
f 2586/2993/2514 2581/3002/2521 2578/3023/2537
f 2570/3012/2529 3741/3001/2520 2580/2992/2513
f 2570/3012/2529 2579/3016/2533 3741/3001/2520
f 2533/2959/2487 2597/3029/2541 2588/3030/2542
f 2598/3031/2543 2537/3032/2544 2534/2960/2488
f 2534/2960/2488 2592/3033/2545 2598/3031/2543
f 2592/3033/2545 3751/3034/2546 2598/3031/2543
f 2588/3035/2542 2595/3036/2547 2589/3037/2548
f 2537/3038/2544 2598/3039/2543 2591/3040/2549
f 2587/2944/2473 3749/3041/2550 2605/3042/2551
f 2587/2944/2473 2594/2943/2472 3749/3041/2550
f 2605/3042/2551 2596/3043/2552 2587/2944/2473
f 2609/3044/2553 2608/3045/2554 2591/3040/2549
f 2611/3046/2555 3751/3047/2546 2596/3048/2552
f 3750/3049/2556 3749/3041/2550 2594/2943/2472
f 2598/3031/2543 3751/3034/2546 2610/3050/2557
f 2600/3051/2558 2603/3052/2535 2610/3050/2557
f 2610/3050/2557 3747/3010/2528 2600/3051/2558
f 2572/3018/2534 2614/3053/2559 2571/3017/2527
f 2613/3054/2560 2612/3055/2561 2573/3027/2539
f 2572/3018/2534 2578/3023/2537 2604/3056/2562
f 2614/3057/2559 2597/3029/2541 2599/3007/2525
f 3748/3015/2532 3749/3041/2550 2604/3056/2562
f 2604/3056/2562 3750/3049/2556 2572/3018/2534
f 2576/3022/2536 3751/3047/2546 2611/3046/2555
f 2602/3058/2563 2608/3045/2554 2609/3044/2553
f 2602/3058/2563 2612/3059/2561 2608/3045/2554
f 2609/3044/2553 2603/3019/2535 2602/3058/2563
f 2613/3054/2560 2607/3060/2564 2612/3055/2561
f 2572/3018/2534 2595/3036/2547 2614/3053/2559
f 2601/3014/2531 2611/3061/2555 2605/3042/2551
f 2831/3062/2565 2619/3063/2566 2615/3064/2567
f 3756/3065/2568 2835/3066/2569 2841/3067/2570
f 2829/3068/2571 2834/3069/2572 2618/3070/2573
f 2621/3071/2574 2619/3072/2566 2830/3073/2575
f 2830/3073/2575 2619/3072/2566 2831/3074/2565
f 2833/3075/2576 2616/3076/2577 2617/3077/2578
f 2834/3078/2572 2835/3079/2569 2620/3080/2579
f 2835/3079/2569 3756/3081/2568 2620/3080/2579
f 2621/3071/2574 2836/3082/2580 3752/3083/2581
f 2618/3070/2573 2634/3084/2582 2633/3085/2583
f 2633/3085/2583 3752/3083/2581 2618/3070/2573
f 2621/3071/2574 2640/3086/2584 2619/3072/2566
f 2622/3087/2585 2638/3088/2586 2616/3089/2577
f 3755/3090/2587 2623/3091/2588 2617/3077/2578
f 2620/3080/2579 3756/3081/2568 2634/3092/2582
f 3752/3083/2581 2635/3093/2589 2621/3071/2574
f 2619/3063/2566 2637/3094/2590 2622/3095/2585
f 3755/3096/2587 3756/3065/2568 2623/3097/2588
f 2653/3098/2591 2638/3099/2586 2624/3100/2592
f 3755/3096/2587 2629/3101/2593 2654/3102/2594
f 2628/3103/2595 2638/3088/2586 2653/3104/2591
f 2636/3105/2596 3756/3065/2568 3755/3096/2587
f 2632/3106/2597 2635/3093/2589 2631/3107/2598
f 2635/3093/2589 2633/3085/2583 2625/3108/2599
f 2634/3092/2582 2636/3109/2596 2639/3110/2600
f 2629/3111/2593 3755/3090/2587 3753/3112/2601
f 3753/3112/2601 2656/3113/2602 2629/3111/2593
f 2656/3114/2602 2638/3088/2586 2628/3103/2595
f 2640/3086/2584 2635/3093/2589 2632/3106/2597
f 2633/3085/2583 2639/3115/2600 2625/3108/2599
f 2696/3116/2603 2697/3117/2604 2661/3118/2605
f 2661/3118/2605 2651/3119/2606 2696/3116/2603
f 3770/3120/2607 2650/3121/2608 2641/3122/2609
f 2648/3123/2610 2642/3124/2611 2702/3125/2612
f 2643/3126/2613 2649/3127/2614 2647/3128/2615
f 2645/3129/2616 2642/3130/2611 2650/3131/2608
f 2650/3131/2608 3770/3132/2607 2645/3129/2616
f 2648/3123/2610 3771/3133/2617 2646/3134/2618
f 2648/3123/2610 3761/3135/2619 2667/3136/2620
f 2667/3136/2620 2642/3124/2611 2648/3123/2610
f 3758/3137/2621 2660/3138/2622 2644/3139/2623
f 3762/3140/2624 2658/3141/2625 2646/3134/2618
f 2658/3141/2625 3761/3135/2619 2648/3123/2610
f 2627/3142/2626 2652/3143/2627 2624/3100/2592
f 2653/3098/2591 2624/3100/2592 2652/3143/2627
f 2654/3102/2594 3763/3144/2628 2664/3145/2629
f 2664/3145/2629 3759/3146/2630 2654/3102/2594
f 2625/3108/2599 2630/3147/2631 2667/3136/2620
f 2630/3147/2631 2665/3148/2632 2667/3136/2620
f 2626/3149/2633 2632/3106/2597 2666/3150/2634
f 2655/3151/2635 2657/3152/2636 2656/3114/2602
f 2656/3114/2602 2628/3103/2595 2655/3151/2635
f 3759/3153/2630 2664/3154/2629 2665/3155/2632
f 3763/3144/2628 3757/3156/2637 2641/3122/2609
f 2652/3143/2627 2651/3119/2606 2653/3098/2591
f 2658/3141/2625 3762/3140/2624 2666/3150/2634
f 2665/3155/2632 2663/3157/2638 2662/3158/2639
f 2657/3159/2636 2660/3160/2622 3757/3161/2637
f 3757/3161/2637 3763/3162/2628 2657/3159/2636
f 2653/3104/2591 2661/3163/2605 2655/3151/2635
f 2655/3151/2635 2660/3138/2622 2657/3152/2636
f 2666/3150/2634 2649/3127/2614 2627/3164/2626
f 2627/3164/2626 2659/3165/2640 2652/3166/2627
f 2561/2977/2500 2562/3167/2506 2668/3168/2641
f 2561/2977/2500 2689/3169/2642 2671/2975/2498
f 2680/3170/2643 2563/3171/2644 3740/3006/2524
f 3740/3006/2524 3769/3172/2645 2680/3170/2643
f 2670/2979/2502 2679/3173/2646 2678/3174/2647
f 3769/3175/2645 3740/3176/2524 2675/2997/2518
f 2677/3177/2648 2679/3173/2646 2670/2979/2502
f 2689/3178/2642 2688/3179/2649 2672/2982/2504
f 2672/2982/2504 2688/3179/2649 2677/3177/2648
f 2674/3180/2650 3765/3181/2651 2691/3182/2652
f 2691/3182/2652 3764/2988/2509 2674/3180/2650
f 2692/3183/2653 3769/3175/2645 2676/3184/2654
f 2677/3177/2648 2694/3185/2655 2679/3173/2646
f 2668/3168/2641 2693/3186/2656 2561/2977/2500
f 2710/3187/2657 2695/3188/2658 2722/3189/2659
f 2695/3190/2658 2709/3191/2660 2683/3192/2661
f 2710/3193/2657 2709/3191/2660 2695/3190/2658
f 2684/3194/2662 2691/3195/2652 2685/3196/2663
f 2685/3196/2663 2711/3197/2664 2684/3194/2662
f 2713/3198/2665 3766/3199/2666 2686/3200/2667
f 2686/3200/2667 3767/3201/2668 2713/3198/2665
f 2687/3202/2669 2694/3185/2655 2683/3192/2661
f 2681/3203/2670 3765/3204/2651 2680/3170/2643
f 2680/3170/2643 3766/3205/2666 2681/3203/2670
f 2693/3186/2656 2690/3206/2671 2684/3207/2662
f 2694/3185/2655 2688/3179/2649 2683/3192/2661
f 2686/3200/2667 3769/3175/2645 2692/3183/2653
f 2683/3192/2661 2688/3179/2649 2695/3190/2658
f 3767/3208/2668 2692/3209/2653 2678/3174/2647
f 2678/3174/2647 2682/3210/2672 3767/3208/2668
f 2643/3211/2613 2721/3212/2673 2696/3116/2603
f 2696/3116/2603 2706/3213/2674 2697/3117/2604
f 2643/3126/2613 2647/3128/2615 2719/3214/2675
f 2719/3214/2675 2704/3215/2676 2643/3126/2613
f 2700/3216/2677 2701/3217/2678 3758/3218/2621
f 2645/3129/2616 3770/3132/2607 2705/3219/2679
f 2705/3219/2679 2703/3220/2680 2645/3129/2616
f 2703/3220/2680 2642/3130/2611 2645/3129/2616
f 2706/3221/2674 2724/3222/2681 2699/3223/2682
f 2721/3212/2673 2720/3224/2683 2706/3213/2674
f 3774/3225/2684 3772/3226/2685 2681/3203/2670
f 3766/3205/2666 2723/3227/2686 3774/3225/2684
f 2708/3228/2687 3767/3208/2668 2682/3210/2672
f 2682/3210/2672 2714/3229/2688 2708/3228/2687
f 2711/3197/2664 2724/3222/2681 2707/3230/2689
f 2713/3198/2665 2708/3231/2687 2705/3219/2679
f 2723/3232/2686 3766/3199/2666 2713/3198/2665
f 3774/3225/2684 2723/3227/2686 2717/3233/2690
f 2707/3234/2689 2720/3224/2683 2722/3189/2659
f 2722/3189/2659 2721/3212/2673 2710/3187/2657
f 3772/3235/2685 2717/3236/2690 3773/3237/2691
f 3773/3237/2691 2712/3238/2692 3772/3235/2685
f 3773/3237/2691 2711/3239/2664 2712/3238/2692
f 2724/3222/2681 2720/3240/2683 2707/3230/2689
f 2710/3193/2657 2704/3215/2676 2709/3191/2660
f 2709/3191/2660 2719/3214/2675 2715/3241/2693
f 2708/3228/2687 2718/3242/2694 2716/3243/2695
f 2729/3244/2696 2749/3245/2697 2725/3246/2698
f 2725/3246/2698 2736/3247/2699 2730/3248/2700
f 3133/3249/2701 2734/3250/2702 2737/3251/2703
f 2738/3252/2704 2731/3253/2705 2726/3254/2706
f 2730/3255/2700 3777/3256/2707 3776/3257/2708
f 3132/3258/2709 3776/3259/2708 3779/3260/2710
f 2731/3261/2705 2738/3262/2704 2735/3263/2711
f 2735/3263/2711 2732/3264/2712 2731/3261/2705
f 3775/3265/2713 2751/3266/2714 3850/3267/2715
f 3850/3267/2715 2751/3266/2714 3134/3268/2716
f 2727/3269/2717 2735/3270/2711 2746/3271/2718
f 2746/3271/2718 3775/3265/2713 2727/3269/2717
f 3776/3257/2708 3777/3256/2707 2747/3272/2719
f 2747/3272/2719 3779/3273/2710 3776/3257/2708
f 3775/3265/2713 2750/3274/2720 2751/3266/2714
f 3775/3265/2713 2746/3271/2718 2750/3274/2720
f 2741/3275/2721 2751/3266/2714 2745/3276/2722
f 2767/3277/2723 2769/3278/2724 2747/3272/2719
f 2767/3277/2723 2752/3279/2725 2764/3280/2726
f 2743/3281/2727 2735/3263/2711 2748/3282/2728
f 2748/3282/2728 3778/3283/2729 2743/3281/2727
f 2734/3284/2702 2747/3285/2719 2768/3286/2730
f 2742/3287/2731 2733/3288/2732 2741/3275/2721
f 2746/3271/2718 2740/3289/2733 2739/3290/2734
f 2802/3291/2735 3781/3292/2736 2756/3293/2737
f 2755/3294/2738 3784/3295/2739 2759/3296/2740
f 2803/3297/2741 2806/3298/2742 2757/3299/2743
f 2807/3300/2744 2805/3301/2745 2762/3302/2746
f 2761/3303/2747 3783/3304/2748 2777/3305/2749
f 3781/3306/2736 2776/3307/2750 2755/3294/2738
f 2757/3299/2743 2770/3308/2751 2803/3297/2741
f 2762/3302/2746 3785/3309/2752 2771/3310/2753
f 2771/3310/2753 2807/3300/2744 2762/3302/2746
f 2771/3310/2753 2757/3311/2743 2807/3300/2744
f 2803/3312/2741 2774/3313/2754 2802/3291/2735
f 2804/3314/2755 2772/3315/2756 2773/3316/2757
f 2773/3316/2757 2762/3317/2746 2804/3314/2755
f 2742/3318/2731 3781/3292/2736 2763/3319/2758
f 2763/3319/2758 2774/3313/2754 2764/3320/2726
f 2766/3321/2759 3785/3322/2752 2773/3316/2757
f 2772/3315/2756 3778/3323/2729 2765/3324/2760
f 2745/3276/2722 2776/3307/2750 2741/3275/2721
f 3785/3309/2752 2766/3325/2759 2768/3286/2730
f 3782/3326/2761 3783/3304/2748 2744/3327/2762
f 2744/3327/2762 3784/3295/2739 2745/3276/2722
f 2771/3310/2753 3785/3309/2752 2769/3328/2724
f 2888/3329/2763 2889/3330/2764 3791/3331/2765
f 2888/3329/2763 3788/3332/2766 2780/3333/2767
f 2892/3334/2768 2783/3335/2769 2778/3336/2770
f 2796/3337/2771 2782/3338/2772 2892/3334/2768
f 2778/3336/2770 3789/3339/2773 2796/3337/2771
f 3788/3340/2766 2793/3341/2774 2779/3342/2775
f 2782/3343/2772 2796/3344/2771 2799/3345/2776
f 2799/3345/2776 2797/3346/2777 2782/3343/2772
f 2784/3347/2778 3790/3348/2779 2783/3335/2769
f 2890/3349/2780 2797/3350/2777 2798/3351/2781
f 2798/3351/2781 2891/3352/2782 2890/3349/2780
f 2789/3353/2783 3792/3354/2784 2798/3351/2781
f 2821/3355/2785 2801/3356/2786 2815/3357/2787
f 2791/3358/2788 2794/3359/2789 3794/3360/2790
f 2819/3361/2791 3793/3362/2792 2799/3345/2776
f 2799/3345/2776 2790/3363/2793 2819/3361/2791
f 2787/3364/2794 3791/3331/2765 2791/3365/2788
f 2792/3366/2795 3790/3348/2779 2801/3356/2786
f 3793/3362/2792 2797/3346/2777 2799/3345/2776
f 2796/3344/2771 2790/3363/2793 2799/3345/2776
f 2795/3367/2796 3792/3368/2784 2800/3369/2797
f 2791/3358/2788 2785/3370/2798 2794/3359/2789
f 2801/3356/2786 2793/3341/2774 2816/3371/2799
f 3789/3339/2773 2792/3366/2795 2790/3372/2793
f 2802/3291/2735 2811/3373/2800 2803/3312/2741
f 2759/3296/2740 2808/3374/2801 2755/3294/2738
f 2760/3375/2802 2810/3376/2803 2759/3296/2740
f 2828/3377/2804 2810/3376/2803 2753/3378/2805
f 2808/3374/2801 2823/3379/2806 2756/3380/2737
f 3797/3381/2807 2824/3382/2808 2806/3298/2742
f 2809/3383/2809 2824/3384/2808 2825/3385/2810
f 2825/3385/2810 2812/3386/2811 2809/3383/2809
f 2822/3387/2812 2754/3388/2813 2758/3389/2814
f 2810/3376/2803 2827/3390/2815 2808/3374/2801
f 2786/3391/2816 3796/3392/2817 2816/3393/2799
f 2828/3377/2804 2814/3394/2818 2813/3395/2819
f 2820/3396/2820 2810/3376/2803 2813/3395/2819
f 2788/3397/2821 2826/3398/2822 3795/3399/2823
f 3795/3399/2823 2789/3353/2783 2788/3397/2821
f 2817/3400/2824 2811/3373/2800 2786/3391/2816
f 2821/3355/2785 2827/3390/2815 2820/3396/2820
f 2819/3361/2791 2822/3387/2812 2826/3401/2822
f 2789/3402/2783 3795/3403/2823 2825/3385/2810
f 3796/3404/2817 2823/3379/2806 2815/3357/2787
f 2832/3405/2825 2848/3406/2826 2615/3064/2567
f 3799/3407/2827 2833/3408/2576 2841/3067/2570
f 2829/3068/2571 2837/3409/2828 2856/3410/2829
f 2830/3073/2575 3802/3411/2830 2836/3082/2580
f 2833/3075/2576 3799/3412/2827 2838/3413/2831
f 2834/3078/2572 2829/3414/2571 2839/3415/2832
f 2839/3415/2832 2835/3079/2569 2834/3078/2572
f 2856/3410/2829 2837/3409/2828 3800/3416/2833
f 3798/3417/2834 2847/3418/2835 2832/3419/2825
f 3802/3411/2830 3800/3416/2833 2837/3409/2828
f 2840/3420/2836 2846/3421/2837 2831/3062/2565
f 2841/3067/2570 2851/3422/2838 3799/3407/2827
f 2842/3423/2839 2840/3420/2836 2875/3424/2840
f 2851/3422/2838 2853/3425/2841 2843/3426/2842
f 2871/3427/2843 2876/3428/2844 2849/3429/2845
f 2855/3430/2846 2872/3431/2847 2852/3432/2848
f 2873/3433/2849 2872/3431/2847 2855/3430/2846
f 3799/3407/2827 2851/3422/2838 2850/3434/2850
f 2840/3420/2836 2848/3406/2826 2854/3435/2851
f 2853/3436/2841 2851/3437/2838 2839/3415/2832
f 2839/3415/2832 2849/3438/2845 2853/3436/2841
f 2845/3439/2852 2847/3440/2835 2838/3413/2831
f 2845/3439/2852 2844/3441/2853 2847/3440/2835
f 2838/3413/2831 2850/3442/2850 2845/3439/2852
f 2855/3430/2846 2846/3443/2837 2842/3444/2839
f 3800/3416/2833 3801/3445/2854 2856/3410/2829
f 2917/3446/2855 2865/3447/2856 2857/3448/2857
f 3806/3449/2858 3815/3450/2859 2859/3451/2860
f 2916/3452/2861 2920/3453/2862 2864/3454/2863
f 2920/3453/2862 2880/3455/2864 2864/3454/2863
f 2918/3456/2865 2865/3457/2856 2917/3458/2855
f 2861/3459/2866 2866/3460/2867 2863/3461/2868
f 2863/3462/2868 2866/3463/2867 2867/3464/2869
f 3815/3465/2859 3806/3466/2858 2868/3467/2870
f 2868/3467/2870 2920/3468/2862 3815/3465/2859
f 2918/3456/2865 2921/3469/2871 2869/3470/2872
f 2864/3454/2863 2880/3455/2864 2879/3471/2873
f 2861/3459/2866 2887/3472/2874 2866/3460/2867
f 2858/3473/2875 2881/3474/2876 2861/3475/2866
f 2883/3476/2877 3806/3449/2858 2860/3477/2878
f 3805/3478/2879 3803/3479/2880 2843/3426/2842
f 2874/3480/2881 2887/3472/2874 2875/3481/2840
f 2876/3482/2844 2871/3483/2843 2886/3484/2882
f 2878/3485/2883 2885/3486/2884 2877/3487/2885
f 2884/3488/2886 2882/3489/2887 2873/3490/2849
f 2886/3484/2882 2880/3491/2864 2868/3467/2870
f 3803/3492/2880 3805/3493/2879 2867/3464/2869
f 2867/3464/2869 2874/3494/2881 3803/3492/2880
f 2872/3431/2847 3804/3495/2888 2878/3485/2883
f 3814/3496/2889 3786/3497/2890 2890/3349/2780
f 2779/3342/2775 2784/3347/2778 3807/3498/2891
f 3807/3498/2891 2896/3499/2892 2779/3342/2775
f 2889/3500/2764 3813/3501/2893 2781/3502/2894
f 2894/3503/2895 2891/3504/2782 3787/3505/2896
f 3786/3506/2890 3814/3507/2889 2897/3508/2897
f 2897/3508/2897 2782/3343/2772 3786/3506/2890
f 2897/3508/2897 2892/3509/2768 2782/3343/2772
f 2895/3510/2898 2783/3335/2769 3808/3511/2899
f 2892/3334/2768 2897/3512/2897 2914/3513/2900
f 2914/3513/2900 3808/3511/2899 2892/3334/2768
f 2896/3499/2892 2913/3514/2901 2780/3515/2767
f 3813/3501/2893 3810/3516/2902 2893/3517/2903
f 2894/3503/2895 3810/3518/2902 2912/3519/2904
f 2912/3519/2904 2898/3520/2905 2894/3503/2895
f 3811/3521/2906 3814/3496/2889 2898/3522/2905
f 2914/3513/2900 2900/3523/2907 2899/3524/2908
f 2905/3525/2909 2900/3526/2907 2911/3527/2910
f 2907/3528/2911 3808/3511/2899 2899/3524/2908
f 2928/3529/2912 3814/3496/2889 3811/3521/2906
f 3811/3521/2906 3809/3530/2913 2928/3529/2912
f 2908/3531/2914 3807/3498/2891 2907/3528/2911
f 2902/3532/2915 3810/3516/2902 2903/3533/2916
f 2903/3533/2916 3813/3501/2893 2910/3534/2917
f 2913/3514/2901 2896/3499/2892 2908/3531/2914
f 2857/3448/2857 2858/3473/2875 2919/3535/2918
f 2857/3448/2857 2925/3536/2919 2917/3446/2855
f 2917/3458/2855 2925/3537/2919 2918/3456/2865
f 2920/3468/2862 2923/3538/2920 2926/3539/2921
f 2921/3469/2871 2918/3456/2865 2922/3540/2922
f 2921/3469/2871 2924/3541/2923 2916/3452/2861
f 2923/3542/2920 2924/3541/2923 2935/3543/2924
f 3816/3544/2925 2933/3545/2926 2919/3546/2918
f 2915/3547/2927 2937/3548/2928 2934/3549/2929
f 2934/3549/2929 3816/3550/2925 2915/3547/2927
f 2922/3540/2922 3819/3551/2930 2921/3469/2871
f 2857/3448/2857 3818/3552/2931 2925/3536/2919
f 2859/3451/2860 2936/3553/2932 2937/3554/2928
f 2937/3554/2928 2915/3555/2927 2859/3451/2860
f 2901/3556/2933 3818/3552/2931 2927/3557/2934
f 2928/3529/2912 3820/3558/2935 2937/3554/2928
f 2901/3559/2933 2908/3531/2914 2940/3560/2936
f 2931/3561/2937 2902/3532/2915 2930/3562/2938
f 2938/3563/2939 2933/3564/2926 2930/3565/2938
f 2929/3566/2940 2924/3541/2923 2932/3567/2941
f 2932/3567/2941 3819/3551/2930 2940/3560/2936
f 2906/3568/2942 2936/3569/2932 2926/3539/2921
f 2935/3570/2924 3817/3571/2943 2905/3525/2909
f 2931/3572/2937 3816/3550/2925 2934/3549/2929
f 2934/3549/2929 3820/3573/2935 2931/3572/2937
f 2933/3545/2926 3816/3544/2925 2931/3561/2937
f 2944/2764/2340 2946/2763/2349 2948/3574/2944
f 2948/3574/2944 2947/3575/2945 2944/2764/2340
f 3822/3576/2946 2948/3577/2944 2946/3578/2349
f 2942/2760/2347 2959/3579/2947 3822/3580/2946
f 2948/3574/2944 2956/3581/2948 2947/3575/2945
f 2423/3582/2949 2954/3583/2950 2961/3584/2951
f 2961/3584/2951 3824/3585/2952 2423/3582/2949
f 2960/3586/2953 3823/3587/2343 3824/3588/2952
f 2945/3589/2954 2957/3590/2955 2943/3591/2956
f 2941/2754/2341 2947/3592/2945 2954/3593/2950
f 2954/3593/2950 2423/3594/2949 2941/2754/2341
f 3821/2757/2344 2957/3595/2955 2945/3596/2954
f 2950/3597/2957 2960/3598/2953 2952/3599/2958
f 2972/3600/2959 2959/3579/2947 2969/3601/2960
f 3828/3602/2961 3824/3585/2952 2961/3584/2951
f 3824/3588/2952 3828/3603/2961 2952/3604/2958
f 2953/3605/2962 2959/3606/2947 2972/3607/2959
f 2970/3608/2963 2956/3609/2948 2953/3605/2962
f 2971/3610/2964 2957/3590/2955 2958/3611/2965
f 2959/3579/2947 2955/3612/2966 2971/3613/2964
f 3005/3614/2967 2964/3615/2968 2962/3616/2969
f 3006/3617/2970 2979/3618/2971 3012/3619/2972
f 3009/3620/2973 3825/3621/2974 2964/3622/2968
f 3013/3623/2975 3008/3624/2976 3830/3625/2977
f 3830/3625/2977 2967/3626/2978 3013/3623/2975
f 3013/3623/2975 2967/3626/2978 3007/3627/2979
f 2966/3628/2980 2975/3629/2981 3829/3630/2982
f 2964/3622/2968 3826/3631/2983 2977/3632/2984
f 2979/3633/2971 2976/3634/2985 3011/3635/2986
f 3011/3635/2986 2973/3636/2987 2963/3637/2988
f 2975/3638/2981 2966/3639/2980 2962/3616/2969
f 2968/3640/2989 3829/3641/2982 2975/3638/2981
f 2975/3638/2981 2949/3642/2990 2968/3640/2989
f 2950/3597/2957 2973/3643/2987 2958/3644/2965
f 2969/3601/2960 2978/3645/2991 2972/3600/2959
f 2970/3646/2963 3830/3647/2977 3829/3630/2982
f 3829/3630/2982 2968/3648/2989 2970/3646/2963
f 2951/3649/2992 2949/3650/2990 2977/3632/2984
f 2977/3632/2984 3828/3602/2961 2951/3649/2992
f 3830/3625/2977 2970/3608/2963 2953/3605/2962
f 2974/3651/2993 2949/3642/2990 2975/3638/2981
f 2972/3607/2959 2978/3652/2991 2967/3626/2978
f 2967/3626/2978 3830/3625/2977 2972/3607/2959
f 2952/3604/2958 3828/3603/2961 3826/3653/2983
f 3826/3653/2983 2965/3654/2994 2952/3604/2958
f 2952/3604/2958 2965/3654/2994 2950/3655/2957
f 2981/3656/2995 3832/3657/2996 2988/3658/2997
f 3000/3659/2998 3842/3660/2999 2980/3661/3000
f 3081/3662/3001 2998/3663/3002 2982/3664/3003
f 3086/3665/3004 3082/3666/3005 3083/3667/3006
f 2983/3668/3007 2986/3669/3008 3832/3670/2996
f 3832/3670/2996 2981/3671/2995 2983/3668/3007
f 2984/3672/3009 2996/3673/3010 2986/3674/3008
f 3086/3675/3004 2987/3676/3011 3085/3677/3012
f 2985/3678/3013 3083/3679/3006 3090/3680/3014
f 3088/3681/3015 3084/3682/3016 2985/3678/3013
f 2985/3683/3013 3004/3684/3017 3083/3667/3006
f 3083/3667/3006 3003/3685/3018 3086/3665/3004
f 2996/3673/3010 3001/3686/3019 2986/3674/3008
f 2987/3676/3011 2999/3687/3020 3081/3688/3001
f 3018/3689/3021 3000/3659/2998 3019/3690/3022
f 3021/3691/3023 2998/3663/3002 3020/3692/3024
f 3020/3692/3024 2999/3693/3020 3831/3694/3025
f 2990/3695/3026 3003/3685/3018 2989/3696/3027
f 2991/3697/3028 2995/3698/3029 3002/3699/3030
f 3022/3700/3031 3019/3701/3022 3001/3702/3019
f 3001/3702/3019 3023/3703/3032 3022/3700/3031
f 3023/3704/3032 2996/3673/3010 3021/3705/3023
f 2993/3706/3033 3003/3707/3018 2990/3708/3026
f 2985/3678/3013 2995/3709/3029 2994/3710/3034
f 3019/3690/3022 3000/3659/2998 2988/3658/2997
f 2999/3687/3020 2987/3676/3011 2993/3706/3033
f 3010/3711/3035 3017/3712/3036 2963/3713/2988
f 3006/3617/2970 3014/3714/3037 3007/3715/2979
f 3008/3716/2976 3833/3717/3038 3015/3718/3039
f 3015/3718/3039 3016/3719/3040 3008/3716/2976
f 2964/3622/2968 3005/3720/2967 3009/3620/2973
f 2963/3637/2988 3017/3721/3036 3011/3635/2986
f 3017/3721/3036 3025/3722/3041 3012/3723/2972
f 3012/3723/2972 3025/3722/3041 3006/3724/2970
f 3013/3623/2975 3835/3725/3042 3833/3726/3038
f 3013/3623/2975 3014/3727/3037 3835/3725/3042
f 3022/3700/3031 3027/3728/3043 3026/3729/3044
f 3026/3729/3044 3019/3701/3022 3022/3700/3031
f 2990/3708/3026 3025/3722/3041 2993/3706/3033
f 2994/3710/3034 3833/3726/3038 3835/3725/3042
f 3835/3725/3042 2989/3730/3027 2994/3710/3034
f 3831/3694/3025 3017/3712/3036 3020/3692/3024
f 3020/3692/3024 3024/3731/3045 3021/3691/3023
f 3018/3689/3021 3026/3732/3044 3834/3733/3046
f 3834/3733/3046 2992/3734/3047 3018/3689/3021
f 3025/3722/3041 3017/3721/3036 3831/3735/3025
f 2992/3736/3047 3834/3737/3046 3015/3718/3039
f 3014/3714/3037 2989/3696/3027 3835/3738/3042
f 3014/3714/3037 3025/3739/3041 2990/3695/3026
f 3029/3740/3048 3838/3741/3049 3038/3742/3050
f 3047/3743/3051 3237/3744/3052 3028/3745/3053
f 3244/3746/3054 3037/3747/3055 3030/3748/3056
f 3030/3748/3056 3039/3749/3057 3031/3750/3058
f 3036/3751/3059 3035/3752/3060 3236/3753/3061
f 3238/3754/3062 3037/3755/3055 3244/3756/3054
f 3033/3757/3063 3034/3758/3064 3052/3759/3065
f 3052/3759/3065 3838/3760/3049 3033/3757/3063
f 3238/3754/3062 3050/3761/3066 3037/3755/3055
f 3035/3752/3060 3036/3762/3059 3046/3763/3067
f 3044/3764/3068 3032/3765/3069 3035/3752/3060
f 3072/3766/3070 3053/3767/3071 3041/3768/3072
f 3068/3769/3073 3080/3770/3074 3036/3751/3059
f 3080/3770/3074 3043/3771/3075 3036/3751/3059
f 3049/3772/3076 3065/3773/3077 3068/3769/3073
f 3042/3774/3078 3838/3760/3049 3052/3759/3065
f 3071/3775/3079 3051/3776/3080 3067/3777/3081
f 3048/3778/3082 3050/3761/3066 3072/3779/3070
f 3073/3780/3083 3840/3781/3084 3054/3782/3085
f 3051/3783/3080 3039/3749/3057 3066/3784/3086
f 3038/3742/3050 3838/3741/3049 3040/3785/3087
f 3043/3771/3075 3044/3764/3068 3046/3763/3067
f 3043/3771/3075 3054/3782/3085 3044/3764/3068
f 3053/3767/3071 3044/3786/3068 3054/3782/3085
f 3106/3787/3088 3063/3788/3089 3107/3789/3090
f 3108/3790/3091 3064/3791/3092 3055/3792/3093
f 3056/3793/3094 3061/3794/3095 3846/3795/3096
f 3063/3796/3089 3106/3797/3088 3057/3798/3097
f 3839/3799/3098 3114/3800/3099 3113/3801/3100
f 3055/3802/3093 3064/3803/3092 3058/3804/3101
f 3060/3805/3102 3062/3806/3103 3075/3807/3104
f 3075/3807/3104 3057/3808/3097 3060/3805/3102
f 3057/3798/3097 3075/3809/3104 3074/3810/3105
f 3074/3810/3105 3063/3796/3089 3057/3798/3097
f 3111/3811/3106 3076/3812/3107 3070/3813/3108
f 3070/3813/3108 3839/3814/3098 3111/3811/3106
f 3114/3800/3099 3841/3815/3109 3108/3816/3091
f 3064/3803/3092 3077/3817/3110 3059/3818/3111
f 3059/3818/3111 3077/3817/3110 3056/3819/3094
f 3040/3785/3087 3042/3820/3078 3065/3821/3077
f 3048/3822/3082 3079/3823/3112 3066/3784/3086
f 3042/3774/3078 3836/3824/3113 3069/3825/3114
f 3072/3779/3070 3079/3826/3112 3048/3778/3082
f 3079/3823/3112 3078/3827/3115 3067/3828/3081
f 3065/3821/3077 3076/3829/3107 3063/3788/3089
f 3073/3780/3083 3062/3806/3103 3840/3781/3084
f 3067/3777/3081 3841/3815/3109 3071/3775/3079
f 3841/3815/3109 3070/3830/3108 3071/3775/3079
f 3840/3781/3084 3061/3794/3095 3041/3768/3072
f 3041/3768/3072 3077/3831/3110 3072/3766/3070
f 2982/3664/3003 3091/3832/3116 3081/3662/3001
f 3082/3666/3005 3087/3833/3117 3083/3667/3006
f 3084/3834/3016 3088/3835/3015 3842/3836/2999
f 3081/3688/3001 3091/3837/3116 3085/3677/3012
f 3085/3677/3012 3089/3838/3118 3086/3675/3004
f 3087/3833/3117 3099/3839/3119 3090/3840/3014
f 3103/3841/3120 3098/3842/3121 2983/3668/3007
f 3098/3843/3121 3845/3844/3122 2984/3672/3009
f 2984/3672/3009 3845/3844/3122 2982/3845/3003
f 3089/3838/3118 3087/3846/3117 3082/3847/3005
f 2980/3661/3000 3097/3848/3123 3102/3849/3124
f 3102/3849/3124 2981/3656/2995 2980/3661/3000
f 3102/3849/3124 3119/3850/3125 3092/3851/3126
f 3123/3852/3127 3121/3853/3128 3094/3854/3129
f 3122/3855/3130 3119/3856/3125 3105/3857/3131
f 3105/3857/3131 3844/3858/3132 3122/3855/3130
f 3095/3859/3133 3098/3842/3121 3103/3841/3120
f 3096/3860/3134 3098/3843/3121 3848/3861/3135
f 3124/3862/3136 3844/3863/3132 3125/3864/3137
f 3101/3865/3138 3100/3866/3139 3096/3867/3134
f 3844/3863/3132 3105/3868/3131 3099/3869/3119
f 3099/3869/3119 3094/3870/3129 3125/3864/3137
f 3096/3860/3134 3845/3844/3122 3098/3843/3121
f 3094/3854/3129 3087/3833/3117 3123/3852/3127
f 3107/3789/3090 3849/3871/3140 3117/3872/3141
f 3055/3792/3093 3118/3873/3142 3108/3790/3091
f 3847/3874/3143 3056/3793/3094 3109/3875/3144
f 3115/3876/3145 3110/3877/3146 3057/3798/3097
f 3849/3878/3140 3107/3879/3090 3111/3811/3106
f 3058/3804/3101 3059/3818/3111 3847/3880/3143
f 3130/3881/3147 3846/3882/3096 3060/3805/3102
f 3112/3883/3148 3116/3884/3149 3849/3878/3140
f 3847/3880/3143 3131/3885/3150 3058/3804/3101
f 3058/3804/3101 3127/3886/3151 3055/3802/3093
f 3128/3887/3152 3130/3881/3147 3110/3888/3146
f 3118/3873/3142 3126/3889/3153 3113/3890/3100
f 3093/3891/3154 3127/3892/3151 3101/3865/3138
f 3129/3893/3155 3119/3856/3125 3122/3855/3130
f 3848/3861/3135 3126/3894/3153 3096/3860/3134
f 3092/3851/3126 3129/3895/3155 3117/3872/3141
f 3124/3862/3136 3130/3881/3147 3128/3887/3152
f 3131/3885/3150 3847/3880/3143 3121/3896/3128
f 3848/3861/3135 3116/3897/3149 3126/3894/3153
f 3116/3884/3149 3848/3898/3135 3095/3859/3133
f 3122/3855/3130 3128/3899/3152 3115/3876/3145
f 3115/3876/3145 3129/3893/3155 3122/3855/3130
f 2730/3248/2700 3851/3900/3156 2725/3246/2698
f 2727/3269/2717 3775/3265/2713 3135/3901/3157
f 3775/3265/2713 3850/3267/2715 3135/3901/3157
f 2727/3269/2717 3135/3901/3157 2732/3902/2712
f 2731/3261/2705 2732/3264/2712 3137/3903/3158
f 3135/3901/3157 3145/3904/3159 3153/3905/3160
f 2729/3906/2696 3147/3907/3161 3152/3908/3162
f 3146/3909/3163 3134/3268/2716 2728/3910/3164
f 3135/3911/3157 3142/3912/3165 3137/3903/3158
f 3137/3903/3158 3854/3913/3166 2726/3914/2706
f 3134/3268/2716 3146/3909/3163 3145/3904/3159
f 3145/3904/3159 3850/3267/2715 3134/3268/2716
f 2725/3246/2698 3851/3900/3156 3147/3915/3161
f 3147/3915/3161 2729/3244/2696 2725/3246/2698
f 2726/3254/2706 3148/3916/3167 3133/3249/2701
f 3148/3916/3167 3144/3917/3168 3133/3249/2701
f 3166/3918/3169 3149/3919/3170 3167/3920/3171
f 3171/3921/3172 3148/3916/3167 3168/3922/3173
f 3168/3922/3173 3854/3923/3166 3140/3924/3174
f 3852/3925/3175 3153/3905/3160 3138/3926/3176
f 3169/3927/3177 3167/3928/3171 3151/3929/3178
f 3151/3929/3178 3170/3930/3179 3169/3927/3177
f 3170/3931/3179 3144/3932/3168 3171/3933/3172
f 3140/3934/3174 3137/3903/3158 3852/3935/3175
f 3150/3936/3180 3853/3937/3181 3141/3938/3182
f 3170/3931/3179 3143/3939/3183 3144/3932/3168
f 3151/3929/3178 3143/3940/3183 3170/3930/3179
f 3152/3908/3162 3853/3937/3181 3146/3909/3163
f 3153/3905/3160 3145/3904/3159 3150/3936/3180
f 3209/3941/3184 3165/3942/3185 3855/3943/3186
f 3211/3944/3187 3162/3945/3188 3209/3946/3184
f 3855/3947/3186 3163/3948/3189 3212/3949/3190
f 3163/3948/3189 3159/3950/3191 3212/3949/3190
f 3159/3950/3191 3213/3951/3192 3212/3949/3190
f 3159/3952/3191 3858/3953/3193 3857/3954/3194
f 3857/3954/3194 3155/3955/3195 3159/3952/3191
f 3156/3956/3196 3180/3957/3197 3172/3958/3198
f 3172/3958/3198 3157/3959/3199 3156/3956/3196
f 3158/3960/3200 3173/3961/3201 3856/3962/3202
f 3856/3963/3202 3178/3964/3203 3162/3945/3188
f 3161/3965/3204 3857/3954/3194 3177/3966/3205
f 3161/3965/3204 3155/3955/3195 3857/3954/3194
f 3177/3966/3205 3160/3967/3206 3161/3965/3204
f 3154/3968/3207 3172/3969/3198 3176/3970/3208
f 3176/3970/3208 3164/3971/3209 3154/3968/3207
f 3162/3972/3188 3175/3973/3210 3165/3942/3185
f 3167/3920/3171 3179/3974/3211 3176/3970/3208
f 3181/3975/3212 3139/3976/3213 3166/3918/3169
f 3140/3924/3174 3174/3977/3214 3168/3922/3173
f 3168/3922/3173 3175/3973/3210 3171/3921/3172
f 3138/3926/3176 3858/3953/3193 3852/3925/3175
f 3139/3978/3213 3181/3979/3212 3180/3957/3197
f 3180/3957/3197 3853/3937/3181 3139/3978/3213
f 3170/3930/3179 3178/3980/3203 3173/3961/3201
f 3179/3981/3211 3167/3928/3171 3169/3927/3177
f 3171/3933/3172 3178/3964/3203 3170/3931/3179
f 3852/3935/3175 3163/3948/3189 3140/3934/3174
f 3857/3954/3194 3138/3926/3176 3141/3938/3182
f 3182/3982/3215 3860/3983/3216 3190/3984/3217
f 3285/3985/3218 3864/3986/3219 3192/3987/3220
f 3193/3988/3221 3191/3989/3222 3190/3984/3217
f 3184/3990/3223 3208/3991/3224 3861/3992/3225
f 3186/3993/3226 3203/3994/3227 3187/3995/3228
f 3284/3996/3229 3861/3997/3225 3864/3998/3219
f 3194/3999/3230 3205/4000/3231 3286/4001/3232
f 3286/4001/3232 3204/4002/3233 3189/4003/3234
f 3197/4004/3235 3205/4000/3231 3201/4005/3236
f 3198/4006/3237 3220/4007/3238 3202/4008/3239
f 3222/4009/3240 3223/4010/3241 3208/3991/3224
f 3208/3991/3224 3862/4011/3242 3222/4009/3240
f 3199/4012/3243 3196/4013/3244 3866/4014/3245
f 3866/4014/3245 3200/4015/3246 3199/4012/3243
f 3225/4016/3247 3221/4017/3248 3863/4018/3249
f 3863/4018/3249 3207/4019/3250 3225/4016/3247
f 3202/4008/3239 3220/4007/3238 3227/4020/3251
f 3862/4011/3242 3208/3991/3224 3193/3988/3221
f 3207/4019/3250 3204/4021/3233 3226/4022/3252
f 3194/4023/3230 3203/3994/3227 3200/4024/3246
f 3199/4012/3243 3203/4025/3227 3192/3987/3220
f 3199/4012/3243 3200/4015/3246 3203/4025/3227
f 3192/3987/3220 3206/4026/3253 3199/4012/3243
f 3154/3968/3207 3164/3971/3209 3218/4027/3254
f 3164/3971/3209 3210/4028/3255 3218/4027/3254
f 3214/4029/3256 3217/4030/3257 3156/3956/3196
f 3210/4031/3255 3164/4032/3209 3158/3960/3200
f 3212/3949/3190 3868/4033/3258 3855/3947/3186
f 3865/4034/3259 3233/4035/3260 3213/4036/3192
f 3230/4037/3261 3217/4030/3257 3214/4029/3256
f 3213/3951/3192 3229/4038/3262 3212/3949/3190
f 3212/3949/3190 3229/4038/3262 3868/4033/3258
f 3230/4037/3261 3865/4034/3259 3217/4030/3257
f 3867/4039/3263 3214/4040/3256 3218/4027/3254
f 3197/4004/3235 3868/4041/3258 3226/4042/3252
f 3221/4043/3248 3233/4035/3260 3220/4007/3238
f 3233/4035/3260 3865/4034/3259 3220/4007/3238
f 3232/4044/3264 3219/4045/3265 3197/4004/3235
f 3195/4046/3266 3867/4039/3263 3231/4047/3267
f 3231/4047/3267 3196/4048/3244 3195/4046/3266
f 3227/4020/3251 3865/4034/3259 3230/4037/3261
f 3230/4037/3261 3228/4049/3268 3227/4020/3251
f 3868/4033/3258 3229/4038/3262 3225/4016/3247
f 3225/4016/3247 3229/4038/3262 3221/4017/3248
f 3866/4050/3245 3216/4051/3269 3224/4052/3270
f 3196/4013/3244 3231/4053/3267 3210/4031/3255
f 3222/4009/3240 3230/4037/3261 3867/4054/3263
f 3028/3745/3053 3237/3744/3052 3242/4055/3271
f 3242/4055/3271 3029/3740/3048 3028/3745/3053
f 3031/3750/3058 3243/4056/3272 3030/3748/3056
f 3872/4057/3273 3034/4058/3064 3869/4059/3274
f 3244/3756/3054 3241/4060/3275 3238/3754/3062
f 3235/4061/3276 3874/4062/3277 3234/4063/3278
f 3253/4064/3279 3237/4065/3052 3236/3753/3061
f 3869/4059/3274 3254/4066/3280 3872/4057/3273
f 3241/4060/3275 3874/4067/3277 3235/4068/3276
f 3256/4069/3281 3240/4070/3282 3239/4071/3283
f 3243/4056/3272 3255/4072/3284 3244/3746/3054
f 3269/4073/3285 3282/4074/3286 3874/4062/3277
f 3874/4062/3277 3878/4075/3287 3873/4076/3288
f 3245/4077/3289 3875/4078/3290 3249/4079/3291
f 3252/4080/3292 3254/4066/3280 3251/4081/3293
f 3270/4082/3294 3871/4083/3295 3256/4069/3281
f 3242/4055/3271 3875/4084/3290 3246/4085/3296
f 3871/4083/3295 3253/4086/3279 3256/4069/3281
f 3251/4087/3293 3254/4088/3280 3870/4089/3297
f 3870/4089/3297 3250/4090/3298 3251/4087/3293
f 3249/4079/3291 3875/4078/3290 3253/4064/3279
f 3253/4064/3279 3871/4083/3295 3249/4079/3291
f 3280/4091/3299 3315/4092/3300 3257/4093/3301
f 3322/4094/3302 3275/4095/3303 3259/4096/3304
f 3259/4096/3304 3266/4097/3305 3260/4098/3306
f 3317/4099/3307 3312/4100/3308 3283/4101/3309
f 3264/4102/3310 3283/4101/3309 3313/4103/3311
f 3315/4104/3300 3280/4105/3299 3261/4106/3312
f 3317/4107/3307 3281/4108/3313 3322/4109/3302
f 3264/4102/3310 3272/4110/3314 3283/4101/3309
f 3262/4111/3315 3273/4112/3316 3268/4113/3317
f 3262/4111/3315 3263/4114/3318 3273/4112/3316
f 3268/4113/3317 3265/4115/3319 3262/4111/3315
f 3274/4116/3320 3273/4117/3316 3263/4118/3318
f 3277/4119/3321 3280/4091/3299 3265/4120/3319
f 3245/4121/3289 3280/4091/3299 3279/4122/3322
f 3279/4122/3322 3246/4085/3296 3245/4121/3289
f 3247/4123/3323 3281/4124/3313 3877/4125/3324
f 3282/4074/3286 3283/4101/3309 3878/4075/3287
f 3250/4090/3298 3279/4126/3322 3268/4113/3317
f 3250/4090/3298 3246/4127/3296 3279/4126/3322
f 3268/4113/3317 3273/4112/3316 3251/4087/3293
f 3268/4113/3317 3251/4087/3293 3250/4090/3298
f 3877/4128/3324 3281/4108/3313 3269/4129/3285
f 3270/4082/3294 3878/4075/3287 3276/4130/3325
f 3276/4130/3325 3271/4131/3326 3270/4082/3294
f 3278/4132/3327 3266/4097/3305 3247/4123/3323
f 3247/4123/3323 3275/4095/3303 3281/4124/3313
f 3279/4122/3322 3280/4091/3299 3277/4119/3321
f 3876/4133/3328 3271/4131/3326 3276/4130/3325
f 3279/4126/3322 3277/4134/3321 3268/4113/3317
f 3267/4135/3329 3876/4133/3328 3261/4106/3312
f 3261/4106/3312 3280/4105/3299 3267/4135/3329
f 3285/4136/3218 3882/4137/3330 3295/4138/3331
f 3189/4003/3234 3308/4139/3332 3286/4001/3232
f 3286/4001/3232 3296/4140/3333 3290/4141/3334
f 3184/3990/3223 3185/4142/3335 3292/4143/3336
f 3292/4143/3336 3879/4144/3337 3184/3990/3223
f 3288/4145/3338 3285/3985/3218 3186/4146/3226
f 3188/4147/3339 3183/4148/3340 3294/4149/3341
f 3188/4147/3339 3293/4150/3342 3189/4151/3234
f 3287/4152/3343 3307/4153/3344 3294/4154/3341
f 3185/4142/3335 3881/4155/3345 3292/4143/3336
f 3880/4156/3346 3882/4157/3330 3288/4145/3338
f 3296/4158/3333 3311/4159/3347 3289/4160/3348
f 3291/4161/3349 3879/4144/3337 3309/4162/3350
f 3308/4139/3332 3297/4163/3351 3296/4140/3333
f 3326/4164/3352 3330/4165/3353 3297/4163/3351
f 3298/4166/3354 3287/4152/3343 3299/4167/3355
f 3325/4168/3356 3882/4157/3330 3302/4169/3357
f 3303/4170/3358 3311/4159/3347 3330/4171/3353
f 3326/4164/3352 3308/4139/3332 3310/4172/3359
f 3324/4173/3360 3881/4174/3345 3295/4138/3331
f 3295/4138/3331 3882/4137/3330 3324/4173/3360
f 3305/4175/3361 3287/4152/3343 3309/4162/3350
f 3302/4169/3357 3882/4157/3330 3880/4156/3346
f 3880/4156/3346 3303/4176/3358 3302/4169/3357
f 3300/4177/3362 3879/4144/3337 3292/4143/3336
f 3292/4143/3336 3881/4155/3345 3300/4177/3362
f 3298/4166/3354 3307/4153/3344 3287/4152/3343
f 3257/4093/3301 3315/4092/3300 3323/4178/3363
f 3323/4178/3363 3258/4179/3364 3257/4093/3301
f 3312/4100/3308 3320/4180/3365 3313/4103/3311
f 3316/4181/3366 3263/4118/3318 3883/4182/3367
f 3316/4181/3366 3335/4183/3368 3260/4184/3306
f 3322/4109/3302 3321/4185/3369 3317/4107/3307
f 3264/4102/3310 3313/4103/3311 3318/4186/3370
f 3318/4186/3370 3319/4187/3371 3264/4102/3310
f 3312/4100/3308 3884/4188/3372 3320/4180/3365
f 3314/4189/3373 3332/4190/3374 3327/4191/3375
f 3327/4191/3375 3315/4104/3300 3314/4189/3373
f 3321/4185/3369 3884/4192/3372 3312/4193/3308
f 3318/4186/3370 3320/4180/3365 3334/4194/3376
f 3259/4096/3304 3337/4195/3377 3322/4094/3302
f 3325/4196/3356 3340/4197/3378 3338/4198/3379
f 3885/4199/3380 3301/4200/3381 3324/4173/3360
f 3310/4172/3359 3337/4195/3377 3326/4164/3352
f 3326/4164/3352 3336/4201/3382 3330/4165/3353
f 3884/4188/3372 3298/4166/3354 3299/4167/3355
f 3301/4202/3381 3885/4203/3380 3327/4191/3375
f 3328/4204/3383 3325/4168/3356 3302/4169/3357
f 3310/4205/3359 3304/4206/3384 3339/4207/3385
f 3339/4207/3385 3304/4206/3384 3884/4192/3372
f 3331/4208/3386 3299/4167/3355 3305/4175/3361
f 3337/4195/3377 3335/4209/3368 3336/4201/3382
f 3331/4208/3386 3332/4190/3374 3334/4194/3376
f 3884/4192/3372 3321/4185/3369 3339/4207/3385
f 3336/4210/3382 3316/4181/3366 3329/4211/3387
f 3328/4204/3383 3329/4212/3387 3333/4213/3388
f 3333/4213/3388 3340/4214/3378 3328/4204/3383
f 3332/4190/3374 3331/4208/3386 3327/4191/3375
f 3341/4215/3389 3342/4216/3390 3343/4217/3391
f 3347/4218/2433 3345/4219/3392 3341/4220/3389
f 3343/4221/3391 3342/4222/3390 3346/4223/3393
f 3889/4224/3394 3341/4225/3389 3886/4226/2437
f 2495/4227/3395 3344/4228/3396 3345/4229/3392
f 596/2729/2327 2408/2728/239 3348/4230/238
f 2408/3/239 3715/4/240 602/1/237
f 2410/2730/249 597/2732/2329 604/36/267 603/35/248
f 608/9/245 3714/4231/251 598/10/246
f 601/11/247 598/10/246 3713/4232/3397
f 603/12/248 602/4233/237 2409/13/241
f 611/27/259 604/4234/267 599/4235/2331
f 599/4235/2331 2411/4236/3398 611/27/259
f 601/4237/247 3713/4238/3397 596/2729/2327
f 601/4237/247 596/2729/2327 3348/4230/238
f 3354/4239/3399 624/20/252 609/22/254 613/4240/265
f 597/2732/2329 599/2734/2331 604/36/267
f 633/4241/3400 3350/4242/266 612/4243/257 632/4244/3401
f 628/4245/260 611/4246/259 607/8/244
f 628/4245/260 607/8/244 3349/30/262
f 605/32/264 609/4247/254 625/65/253
f 631/4248/3402 3354/4249/3399 613/33/265
f 613/33/265 3350/34/266 631/4248/3402
f 609/22/254 601/4237/247 3348/4230/238 613/4240/265
f 612/4243/257 627/4250/256 632/4244/3401
f 601/11/247 609/4247/254 605/32/264
f 612/4243/257 3350/4242/266 603/12/248
f 603/12/248 3350/4242/266 602/4233/237
f 611/27/259 626/37/255 604/4234/267
f 669/4251/277 668/38/268 622/40/270 637/4252/278
f 607/8/244 610/7/243 3349/30/262
f 3352/121/269 614/120/335 639/66/290 636/67/291
f 670/43/273 3353/42/272 623/61/287
f 670/43/273 623/61/287 674/63/283
f 673/44/274 621/4253/284 617/45/275
f 671/51/281 669/47/277 619/49/279
f 3351/54/271 620/53/282 3353/4254/272
f 614/120/335 616/4255/3403 639/66/290
f 616/4255/3403 615/60/286 641/58/285 639/66/290
f 674/55/283 638/4256/288 634/4257/3404
f 674/55/283 634/4257/3404 621/56/284
f 640/68/292 628/4245/260 3349/30/262 641/58/285
f 622/40/270 3352/39/269 636/4258/291
f 626/23/255 638/62/288 627/24/256
f 606/26/258 634/4257/3404 638/4256/288 626/37/255
f 629/64/289 639/66/290 630/31/263
f 631/4248/3402 3350/34/266 633/4259/3400
f 3353/42/272 632/4260/3401 627/24/256 623/61/287
f 634/4257/3404 606/26/258 628/28/260
f 628/28/260 640/4261/292 634/4257/3404
f 635/29/261 641/58/285 3349/30/262
f 635/29/261 630/31/263 639/66/290
f 637/4252/278 622/40/270 624/20/252 3354/4239/3399
f 625/21/253 624/20/252 622/40/270 636/4258/291
f 620/53/282 633/4241/3400 632/4244/3401 3353/4254/272
f 640/4261/292 621/56/284 634/4257/3404
f 3354/4249/3399 631/4248/3402 619/49/279 637/48/278
f 633/4241/3400 620/53/282 619/59/279
f 631/4248/3402 633/4259/3400 619/49/279
f 764/4262/3405 3355/4263/314 642/4264/299 765/4265/450
f 629/64/289 625/65/253 636/67/291
f 640/68/292 617/45/275 621/4253/284
f 759/73/297 760/69/293 652/71/295
f 642/75/299 761/77/301 765/270/450
f 3378/78/302 653/76/300 666/4266/3406
f 645/84/306 646/79/303 650/81/305
f 650/81/305 3356/82/294 645/84/306
f 763/260/442 3377/263/298 647/90/296
f 647/90/296 3355/93/314 763/260/442
f 651/94/315 648/249/433 3378/252/302 666/4267/3406
f 653/76/300 656/4268/3407 667/4269/325 666/4266/3406
f 648/249/433 651/94/315 644/96/307
f 649/89/311 3361/80/304 646/79/303
f 643/87/309 663/86/308 649/89/311
f 3355/4263/314 664/4270/313 3360/116/332
f 3355/4263/314 3360/116/332 642/4264/299
f 652/71/295 665/111/312 647/72/296
f 642/75/299 3360/4271/332 653/76/300
f 661/117/327 686/152/356 3358/113/329
f 688/103/322 3365/151/323 658/101/320
f 659/106/324 3365/105/323 660/115/331
f 661/109/327 689/108/326 686/150/356
f 662/114/330 691/98/317 657/97/316
f 3360/4271/332 660/4272/331 656/4268/3407 653/76/300
f 3361/80/304 3359/88/310 662/114/330 657/97/316
f 654/110/328 3357/143/321 665/111/312
f 652/71/295 3356/70/294 655/112/319
f 666/4267/3406 667/107/325 661/109/327 651/94/315
f 661/109/327 663/95/308 651/94/315
f 3357/102/321 658/101/320 664/92/313 665/91/312
f 659/106/324 3360/116/332 664/4270/313
f 659/106/324 664/4270/313 658/104/320
f 3356/82/294 650/81/305 657/97/316 655/100/319
f 693/4273/3408 3351/41/271 670/43/273 681/4274/3409
f 650/81/305 3361/80/304 657/97/316
f 3358/113/329 3359/88/310 663/86/308
f 668/38/268 669/4251/277 680/139/346
f 680/139/346 3364/118/333 668/38/268
f 670/43/273 694/119/334 681/4274/3409
f 618/46/276 3362/127/340 3363/129/338 673/44/274
f 616/4255/3403 614/120/335 676/122/336 675/126/339
f 669/47/277 671/51/281 677/131/343 680/134/346
f 671/51/281 672/50/280 677/131/343
f 678/135/347 672/52/280 3351/54/271 693/4275/3408
f 699/148/355 679/124/337 3363/125/338 692/149/341
f 672/52/280 678/135/347 677/137/343
f 674/55/283 679/124/337 694/4276/334
f 615/60/286 3362/127/340 618/46/276
f 615/60/286 616/4255/3403 675/126/339
f 3362/127/340 695/138/348 692/128/341
f 700/147/354 682/142/350 654/110/328 655/112/319
f 679/124/337 699/148/355 694/4276/334
f 656/4268/3407 683/4277/3410 684/4278/353 667/4269/325
f 683/4277/3410 656/4268/3407 660/4272/331
f 694/119/334 684/4278/353 683/4277/3410 681/4274/3409
f 685/145/352 3358/113/329 686/152/356
f 687/99/318 700/4279/354 655/100/319
f 688/103/322 3357/102/321 682/4280/350
f 683/4281/3410 660/115/331 3365/105/323
f 689/108/326 684/146/353 699/148/355
f 689/108/326 699/148/355 686/150/356
f 662/114/330 3358/113/329 690/144/351
f 683/4277/3410 693/4273/3408 681/4274/3409
f 691/98/317 690/144/351 695/138/348 696/130/342
f 682/142/350 700/147/354 697/141/349
f 697/141/349 698/140/345 682/142/350
f 693/4275/3408 683/4281/3410 3365/105/323 678/135/347
f 684/146/353 694/4276/334 699/148/355
f 3365/105/323 3366/136/344 678/135/347
f 700/4279/354 687/99/318 696/130/342 3364/123/333
f 688/103/322 682/4280/350 698/133/345
f 698/133/345 3366/132/344 688/103/322
f 687/99/318 691/98/317 696/130/342
f 710/180/380 707/497/626 938/500/364 712/4282/363
f 685/145/352 692/128/341 690/144/351
f 935/512/639 936/153/357 711/155/359
f 711/155/359 705/4283/377 935/512/639
f 935/512/639 705/4283/377 3414/4284/3411
f 937/156/360 713/158/362 712/159/363
f 703/166/368 704/161/365 709/163/367
f 709/163/367 3368/164/358 703/166/368
f 940/4285/3412 3414/4286/3411 705/177/377
f 705/177/377 3367/4287/371 940/4285/3412
f 706/167/369 942/171/361 941/168/370
f 3367/4287/371 705/177/377 724/179/379 728/188/385
f 707/497/626 710/180/380 702/182/372
f 708/176/376 3372/162/366 704/161/365
f 701/174/374 723/173/373 708/176/376
f 726/183/381 715/234/423 716/237/390 727/4288/388
f 3367/169/371 728/191/385 706/167/369
f 712/4282/363 725/4289/3413 710/180/380
f 711/155/359 3373/186/378 705/4283/377
f 712/159/363 726/183/381 725/4290/3413
f 3373/186/378 3371/198/392 714/184/382
f 741/247/431 717/200/394 721/202/387 742/246/429
f 715/234/423 726/183/381 720/197/391
f 706/167/369 719/190/386 720/4291/391 713/170/362
f 717/200/394 741/247/431 747/248/432
f 743/201/395 722/199/393 748/238/426
f 721/193/387 746/195/389 742/243/429
f 722/199/393 717/200/394 747/248/432
f 747/248/432 748/238/426 722/199/393
f 727/4288/388 725/4290/3413 726/183/381
f 711/155/359 3368/154/358 3371/198/392
f 721/193/387 723/181/373 710/180/380
f 727/194/388 710/180/380 725/4289/3413
f 722/199/393 743/201/395 709/163/367 3372/162/366
f 719/190/386 706/167/369 728/191/385
f 724/179/379 3373/178/378 3369/189/383
f 743/201/395 3371/4292/392 3368/164/358
f 789/214/405 733/218/409 737/220/402 797/4293/478
f 717/200/394 3370/175/375 723/173/373
f 730/231/420 739/203/396 729/205/398
f 731/208/401 740/207/400 732/293/467
f 749/219/410 733/218/409 738/213/404 751/230/419
f 789/214/405 738/213/404 733/218/409
f 790/217/408 791/4294/397 739/221/396
f 734/297/471 792/299/473 735/4295/415
f 792/299/473 3384/301/475 735/4295/415
f 735/226/415 3384/302/475 736/224/413
f 737/209/402 794/211/403 797/307/478
f 795/215/406 796/216/407 738/213/404
f 3376/4296/416 744/240/427 734/297/471 735/4295/415
f 758/223/412 752/229/418 790/217/408
f 753/236/425 732/293/467 740/207/400 757/4297/428
f 744/240/427 3374/239/421 734/297/471
f 737/209/402 749/242/410 756/228/417
f 740/210/400 756/228/417 757/241/428
f 738/213/404 790/217/408 752/229/418
f 730/231/420 734/4298/471 3374/232/421
f 755/233/422 3375/4299/411 739/203/396
f 750/4300/414 736/4301/413 732/293/467 753/236/425
f 3375/4299/411 755/233/422 714/184/382 3371/198/392
f 3371/4292/392 743/201/395 758/223/412 3375/222/411
f 755/233/422 3374/232/421 714/184/382
f 714/184/382 3374/232/421 3369/185/383
f 715/234/423 754/235/424 753/236/425
f 716/237/390 753/236/425 757/4297/428
f 719/190/386 745/244/430 754/245/424 720/4291/391
f 718/187/384 3369/189/383 744/240/427
f 744/240/427 3376/4296/416 718/187/384
f 745/244/430 719/190/386 718/192/384
f 718/192/384 3376/227/416 745/244/430
f 748/238/426 747/248/432 751/230/419 752/229/418
f 746/195/389 757/241/428 756/228/417
f 746/195/389 756/228/417 742/243/429
f 754/235/424 750/4300/414 753/236/425
f 771/268/448 761/77/301 3378/78/302 769/4302/435
f 758/223/412 748/238/426 752/229/418
f 741/247/431 749/219/410 747/248/432
f 759/73/297 767/267/438 760/69/293
f 643/87/309 762/253/436 770/255/434 644/85/307
f 761/77/301 771/268/448 765/270/450
f 646/79/303 645/84/306 767/256/438 768/259/441
f 762/253/436 643/87/309 649/89/311
f 645/84/306 760/83/293 767/256/438
f 768/259/441 766/286/463 649/89/311 646/79/303
f 763/4303/442 3355/4263/314 764/4262/3405
f 648/249/433 770/250/434 769/251/435
f 766/286/463 762/253/436 649/89/311
f 3381/291/443 764/4262/3405 765/4265/450 780/4304/449
f 762/253/436 766/286/463 779/254/437
f 787/258/440 785/280/460 768/259/441
f 775/262/444 3379/282/446 3377/263/298
f 3382/4305/439 784/266/447 802/315/485 3392/4306/3414
f 764/4262/3405 3381/291/443 763/4303/442
f 770/250/434 779/288/437 786/264/445
f 769/251/435 786/264/445 781/4307/3415
f 766/286/463 768/259/441 785/280/460
f 759/73/297 3377/74/298 3379/265/446
f 784/266/447 3382/4305/439 767/267/438
f 769/4302/435 781/4308/3415 771/268/448
f 3392/4309/3414 774/279/459 787/258/440 3382/257/439
f 784/266/447 3379/265/446 802/315/485
f 802/315/485 3379/265/446 3386/316/461
f 803/271/451 783/273/453 782/274/454
f 778/287/464 3387/322/490 772/276/456
f 780/4304/449 783/4310/453 776/292/466 3381/291/443
f 806/325/493 3386/281/461 775/262/444
f 775/262/444 3380/4311/465 806/325/493
f 783/4310/453 807/317/452 776/292/466
f 777/285/462 782/284/454 786/264/445
f 777/285/462 786/264/445 773/289/458
f 773/289/458 3388/4312/457 777/285/462
f 808/320/488 3387/322/490 778/287/464
f 778/287/464 785/280/460 774/279/459
f 778/287/464 774/279/459 808/320/488
f 783/273/453 780/269/449 771/268/448
f 782/274/454 771/268/448 781/4308/3415
f 782/284/454 781/4307/3415 786/264/445
f 791/4294/397 790/217/408 799/296/470 3385/329/481
f 775/262/444 3381/261/443 3380/4311/465
f 772/276/456 779/254/437 766/286/463
f 766/286/463 778/287/464 772/276/456
f 729/205/398 791/204/397 3385/310/481
f 729/205/398 793/313/472 730/231/420
f 789/214/405 797/4293/478 798/308/479
f 800/305/476 794/211/403 3383/212/399 801/4313/469
f 734/297/471 730/4314/420 793/298/472
f 788/304/468 736/224/413 3384/302/475
f 788/304/468 732/4315/467 736/224/413
f 796/216/407 795/215/406 3389/309/480 3393/321/489
f 794/211/403 800/305/476 797/307/478
f 795/215/406 789/214/405 798/308/479
f 797/4293/478 3391/330/477 798/308/479
f 799/296/470 796/216/407 3393/321/489
f 792/299/473 793/298/472 809/326/483
f 809/326/483 810/300/474 792/299/473
f 788/304/468 810/303/474 3390/4316/487
f 801/4313/469 811/324/492 800/305/476
f 810/303/474 815/318/486 807/317/452 3390/4316/487
f 813/311/482 809/312/483 729/205/398
f 788/294/468 3390/319/487 812/314/484
f 801/295/469 812/314/484 811/4317/492
f 813/311/482 3392/4306/3414 802/315/485
f 803/271/451 812/314/484 807/272/452
f 772/276/456 3387/322/490 3388/277/457
f 774/279/459 3392/4309/3414 805/328/494
f 806/325/493 3380/4311/465 815/327/486
f 815/318/486 3380/290/465 776/292/466
f 814/323/491 777/285/462 3388/4312/457
f 777/285/462 814/323/491 804/283/455
f 808/320/488 774/279/459 805/328/494
f 804/275/455 811/4317/492 812/314/484
f 813/311/482 3386/316/461 809/312/483
f 813/311/482 3385/310/481 3392/4306/3414
f 808/320/488 805/328/494 3393/321/489
f 814/323/491 3391/306/477 800/305/476
f 814/323/491 800/305/476 811/324/492
f 822/4318/500 816/1059/1049 830/357/513 840/360/498
f 805/328/494 3392/4309/3414 3385/329/481
f 799/296/470 3393/321/489 805/328/494
f 3387/322/490 3389/309/480 798/308/479
f 3388/277/457 798/308/479 3391/330/477
f 816/1059/1049 817/1060/1034 830/357/513
f 825/4319/507 821/1048/1032 824/343/505 828/342/504
f 818/334/497 831/333/496 819/362/503
f 821/1039/1032 825/345/507 820/344/506
f 1283/348/510 830/351/513 817/1041/1034
f 823/340/502 826/339/501 827/354/495
f 833/410/557 832/409/556 842/375/529 847/376/530
f 838/350/512 3395/349/511 848/373/528
f 3396/338/499 839/4320/514 826/339/501
f 828/342/504 819/341/503 3397/370/519
f 3394/347/509 837/346/508 843/355/516
f 829/356/517 843/355/516 848/373/528
f 829/356/517 848/373/528 3395/349/511
f 827/332/495 845/374/515 831/333/496
f 832/409/556 835/414/561 842/375/529
f 867/372/527 834/421/564 847/377/530 848/373/528
f 864/364/521 845/374/515 869/405/552
f 3398/378/531 866/379/532 872/407/554
f 871/4321/524 866/379/532 844/380/525
f 834/421/564 833/424/557 847/377/530
f 845/353/515 826/339/501 868/366/523 869/418/552
f 835/419/561 836/4322/562 846/4323/522
f 835/419/561 846/4323/522 842/4324/529
f 868/366/523 846/365/522 836/416/562
f 840/335/498 842/4324/529 846/4323/522 839/352/514
f 870/369/526 844/368/525 3397/370/519
f 872/407/554 867/372/527 843/355/516
f 843/355/516 3398/378/531 872/407/554
f 831/333/496 864/364/521 3397/361/519
f 841/359/518 838/358/512 847/376/530
f 843/355/516 837/346/508 3398/378/531
f 844/368/525 825/4319/507 828/342/504
f 844/368/525 828/342/504 3397/370/519
f 826/339/501 839/4320/514 846/365/522
f 878/413/560 863/411/558 849/481/613 3399/480/605
f 866/379/532 837/346/508 825/345/507
f 850/476/609 849/481/613 863/411/558 3400/412/559
f 3400/423/559 856/422/565 914/4325/3416 850/4326/609
f 852/4327/546 876/403/550 851/381/533
f 862/384/536 913/4328/544 912/385/537
f 853/386/538 912/385/537 918/473/606
f 915/467/601 914/4325/3416 856/422/565 857/400/547
f 873/426/566 862/384/536 853/386/538 874/406/553
f 3399/471/605 854/387/539 858/389/541
f 858/389/541 878/420/560 3399/471/605
f 855/390/542 859/392/534 860/393/540
f 917/395/543 862/397/536 861/398/545
f 852/399/546 861/398/545 876/415/550
f 857/400/547 853/386/538 918/473/606
f 918/473/606 915/467/601 857/400/547
f 875/4329/563 859/382/534 851/381/533 879/404/551
f 856/422/565 877/401/548 857/400/547
f 859/392/534 875/417/563 860/393/540
f 862/397/536 873/4330/566 861/398/545
f 880/402/549 874/406/553 853/386/538
f 874/406/553 866/379/532 871/4321/524 881/425/555
f 864/364/521 879/404/551 865/363/520
f 867/372/527 872/407/554 880/402/549 877/401/548
f 834/421/564 867/372/527 877/401/548
f 836/4322/562 835/419/561 858/389/541 860/388/540
f 869/405/552 875/4329/563 879/404/551
f 863/411/558 878/413/560 832/409/556
f 870/369/526 876/415/550 861/398/545
f 881/408/555 861/398/545 873/4330/566
f 868/366/523 860/393/540 875/417/563
f 997/607/707 885/4331/3417 3402/4332/3418 998/605/705
f 856/422/565 3400/423/559 834/421/564
f 892/429/569 3403/430/570 882/427/567
f 998/615/705 3402/4333/3418 891/446/581 1003/604/704
f 885/4331/3417 997/607/707 1004/609/709
f 999/434/572 904/442/577 1005/599/701
f 904/442/577 889/464/598 1004/609/709 1005/599/701
f 1003/604/704 891/446/581 884/448/583
f 889/464/598 885/4331/3417 1004/609/709
f 911/461/595 3402/4332/3418 885/4331/3417 901/462/596
f 885/4331/3417 889/464/598 901/462/596
f 909/4334/3419 891/446/581 3402/4333/3418 911/4335/595
f 902/443/578 907/460/594 3401/437/568
f 887/438/575 903/445/580 890/439/574
f 905/450/585 883/594/698 884/598/583 906/4336/582
f 891/446/581 909/4334/3419 906/447/582
f 892/429/569 3401/428/568 907/4337/594
f 903/4338/580 888/595/579 883/594/698 905/450/585
f 908/457/592 907/4337/594 924/482/614 895/4339/617
f 3406/483/591 924/482/614 907/4337/594 896/4340/589
f 906/4336/582 3407/4341/621 925/451/586 905/450/585
f 895/486/617 894/452/587 910/441/576 908/4342/592
f 933/484/615 911/461/595 893/463/597
f 909/4334/3419 898/489/619 3407/491/621 906/447/582
f 911/4335/595 933/494/615 898/489/619 909/4334/3419
f 900/453/588 899/465/599 889/464/598 904/442/577
f 3404/449/584 903/4338/580 905/450/585
f 907/4337/594 908/457/592 892/429/569
f 903/445/580 897/458/593 3405/4343/590 890/439/574
f 3405/455/590 896/454/589 902/443/578 890/436/574
f 923/4344/3420 852/4327/546 851/381/533 922/466/600
f 910/441/576 900/453/588 904/442/577
f 910/441/576 3403/433/570 908/4342/592
f 893/463/597 901/462/596 899/465/599
f 921/474/607 917/395/543 852/399/546 923/4345/3420
f 914/4325/3416 915/467/601 919/469/603
f 919/469/603 850/4326/609 914/4325/3416
f 3408/492/622 912/385/537 913/4328/544 3410/4346/608
f 917/395/543 921/474/607 913/396/544
f 3409/4347/3421 916/391/535 855/390/542 930/4348/625
f 912/385/537 3408/492/622 918/473/606
f 919/469/603 3411/487/610 850/4326/609
f 920/470/604 3399/471/605 929/4349/612
f 920/470/604 930/496/625 855/472/542
f 895/4339/617 924/482/614 931/478/611 3411/477/610
f 3412/468/602 918/473/606 3408/492/622
f 849/481/613 850/476/609 931/478/611
f 931/478/611 929/479/612 849/481/613
f 916/383/535 3409/4350/3421 922/466/600
f 3404/459/584 3413/4351/3422 927/4352/624 897/458/593
f 3413/4353/3422 3404/449/584 925/451/586
f 3407/4341/621 932/4354/620 925/451/586
f 926/485/616 893/463/597 899/465/599
f 3406/456/591 3405/455/590 927/495/624
f 927/4352/624 3405/4343/590 897/458/593
f 934/488/618 928/493/623 899/465/599 900/453/588
f 898/489/619 933/494/615 932/490/620
f 928/493/623 926/485/616 899/465/599
f 922/466/600 925/451/586 932/4354/620 923/4344/3420
f 3409/4350/3421 3413/4353/3422 925/451/586 922/466/600
f 930/4348/625 927/4352/624 3413/4351/3422 3409/4347/3421
f 931/478/611 3406/483/591 929/479/612
f 928/493/623 934/488/618 3412/468/602
f 3412/468/602 3408/492/622 928/493/623
f 933/494/615 3410/475/608 921/474/607
f 932/490/620 921/474/607 923/4345/3420
f 3410/4346/608 933/484/615 926/485/616 3408/492/622
f 3406/456/591 927/495/624 920/470/604
f 920/470/604 929/4349/612 3406/456/591
f 919/469/603 3412/468/602 934/488/618
f 947/516/642 937/156/360 938/160/364 945/4355/628
f 935/512/639 943/515/631 936/153/357
f 701/174/374 939/501/629 946/503/627 702/172/372
f 937/156/360 947/516/642 942/157/361
f 704/161/365 703/166/368 943/504/631 944/507/634
f 939/501/629 701/174/374 708/176/376
f 703/166/368 936/165/357 943/504/631
f 3414/4286/3411 940/4285/3412 967/527/651 964/528/640
f 940/4356/3412 3367/169/371 941/168/370
f 707/497/626 946/498/627 945/499/628
f 944/507/634 939/501/629 708/176/376
f 708/176/376 704/161/365 944/507/634
f 939/501/629 960/511/638 957/502/630
f 968/506/633 965/510/637 944/507/634
f 967/527/651 940/4285/3412 952/529/652
f 3415/4357/632 963/514/641 979/519/644 951/577/687
f 941/168/370 958/508/635 952/533/652
f 941/168/370 952/533/652 940/4356/3412
f 946/498/627 957/536/630 966/509/636
f 945/499/628 966/509/636 959/4358/3423
f 935/512/639 3414/4284/3411 964/513/640
f 963/514/641 3415/4357/632 943/515/631
f 945/4355/628 959/4359/3423 947/516/642
f 965/510/637 968/506/633 950/4360/3424 956/583/692
f 963/514/641 964/513/640 979/519/644
f 980/520/645 962/522/647 961/523/648
f 951/4361/687 950/4360/3424 968/506/633 3415/505/632
f 984/532/653 953/531/654 962/538/647 985/588/646
f 967/527/651 952/529/652 983/525/650
f 966/509/636 954/580/690 981/582/649 961/4362/648
f 3420/568/681 1034/555/661 3418/557/672 987/4363/680
f 954/580/690 966/509/636 949/537/657
f 955/534/655 965/510/637 956/583/692
f 962/522/647 958/517/635 947/516/642
f 961/523/648 947/516/642 959/4359/3423
f 961/4362/648 959/4358/3423 966/509/636
f 953/531/654 952/533/652 958/508/635
f 948/535/656 957/502/630 960/511/638
f 1026/641/732 1027/540/658 977/542/660
f 977/542/660 971/4364/678 1026/641/732
f 1026/641/732 971/4364/678 3428/642/733
f 1029/546/664 978/544/662 976/575/673
f 972/549/667 1030/548/666 1035/654/742
f 969/547/665 1031/551/669 1030/548/666
f 970/554/670 974/573/684 975/590/695
f 975/590/695 3417/552/659 970/554/670
f 1032/647/738 3428/649/733 971/564/678
f 971/564/678 3418/567/672 1032/647/738
f 3418/557/672 1033/556/671 1032/651/738
f 1039/560/674 976/559/673 972/571/667
f 972/571/667 1035/660/742 1039/560/674
f 973/562/676 1031/551/669 3416/550/668
f 973/562/676 974/573/684 1036/561/675
f 969/547/665 3421/563/677 3416/550/668
f 975/590/695 974/573/684 989/572/683
f 990/584/693 980/520/645 981/524/649 991/574/685
f 976/559/673 991/4365/685 993/570/682
f 972/571/667 993/570/682 3421/4366/677
f 977/542/660 988/587/679 971/4364/678
f 978/544/662 3420/585/681 990/584/693
f 978/544/662 990/584/693 991/574/685
f 979/519/644 3419/518/643 992/586/694
f 992/586/694 995/576/686 979/519/644
f 948/535/656 982/578/688 994/591/691 949/539/657
f 980/520/645 990/584/693 985/521/646
f 992/4367/694 983/525/650 987/566/680 988/565/679
f 950/4360/3424 951/4361/687 995/589/686
f 995/589/686 956/583/692 950/4360/3424
f 983/525/650 992/4367/694 3419/526/643
f 954/580/690 994/581/691 993/570/682
f 981/582/649 993/570/682 991/4365/685
f 977/542/660 3417/541/659 995/576/686
f 986/579/689 956/583/692 989/572/683
f 989/572/683 3416/550/668 986/579/689
f 994/581/691 3421/4366/677 993/570/682
f 984/532/653 3420/568/681 987/4363/680
f 3422/4368/728 1008/592/696 882/427/567 1000/431/571
f 975/590/695 989/572/683 956/583/692
f 982/578/688 3416/550/668 3421/563/677
f 1000/432/571 999/434/572 1006/600/702 3422/637/728
f 883/594/698 1010/596/699 1009/597/700
f 887/438/575 1002/610/710 1010/612/699 888/444/579
f 886/435/573 3401/437/568 1001/602/703
f 1002/610/710 887/438/575 886/440/573
f 886/440/573 1001/4369/703 1002/610/710
f 3427/4370/716 1020/635/726 1001/602/703 996/601/697
f 1003/604/704 1009/603/700 1007/613/712
f 1003/604/704 1007/613/712 998/615/705
f 997/607/707 1019/606/706 1004/609/709
f 1006/600/702 1005/599/701 3426/638/729
f 1021/611/711 1002/610/710 1001/4369/703 1025/626/720
f 1020/635/726 1025/623/720 1001/602/703
f 1005/599/701 1004/609/709 1018/608/708 3426/638/729
f 1009/603/700 1022/632/725 1007/613/712
f 1042/677/758 1014/639/730 3424/640/731 1043/676/757
f 1008/592/696 3427/619/716 996/593/697
f 1010/596/699 1021/628/711 1023/616/713
f 1009/597/700 1023/616/713 1022/4371/725
f 3427/619/716 3425/630/723 1011/617/714
f 1012/621/718 1023/616/713 1017/629/722
f 1043/674/757 3424/4372/731 1024/631/724 1047/672/756
f 1014/639/730 1042/677/758 1048/678/759
f 1044/636/727 3426/638/729 1049/668/754
f 3426/638/729 1018/608/708 1048/678/759 1049/668/754
f 1047/672/756 1024/631/724 1013/633/717
f 1018/608/708 1014/639/730 1048/678/759
f 1007/613/712 1024/631/724 3424/4372/731 1019/614/706
f 1013/620/717 1022/4371/725 1023/616/713
f 1008/592/696 3422/4368/728 3425/630/723
f 1027/540/658 1026/641/732 1055/643/734 1037/664/736
f 1024/631/724 1007/613/712 1022/632/725
f 1016/625/721 1021/611/711 1025/626/720
f 1020/635/726 3427/4370/716 3423/624/715
f 1044/636/727 3425/4373/723 3422/637/728
f 1014/639/730 1018/608/708 1019/606/706
f 1052/4374/746 1034/543/661 1028/545/663 1040/644/735
f 3430/4375/743 1058/663/750 1011/617/714 3425/630/723
f 970/554/670 1054/646/737 974/573/684
f 970/554/670 1027/553/658 1037/645/736
f 1034/555/661 1052/658/746 1033/556/671
f 1036/561/675 974/573/684 1054/646/737
f 1051/657/745 1055/4376/734 3428/649/733
f 1033/556/671 1046/659/747 1038/650/739
f 1035/660/742 1050/673/741 1059/661/748
f 1039/560/674 1059/661/748 1053/662/749
f 1058/663/750 3430/4375/743 1037/664/736
f 1029/546/664 1053/4377/749 1040/644/735
f 3425/4373/723 1044/636/727 1060/656/744 3430/655/743
f 1012/621/718 1057/666/752 1056/667/753
f 1016/625/721 1046/659/747 1057/675/752 1017/634/722
f 1015/622/719 3423/624/715 1045/670/755
f 1046/659/747 1016/625/721 1015/627/719
f 1015/627/719 1045/4378/755 1046/659/747
f 1049/668/754 1048/678/759 3429/652/740 1054/646/737
f 1047/672/756 1056/671/753 1059/661/748
f 1047/672/756 1059/661/748 1043/674/757
f 1057/666/752 1052/4374/746 1040/644/735
f 1056/667/753 1040/644/735 1053/4377/749
f 1058/663/750 1055/643/734 1041/665/751
f 1055/4376/734 1051/657/745 1045/670/755 1041/669/751
f 1056/671/753 1053/662/749 1059/661/748
f 1045/4378/755 1038/650/739 1046/659/747
f 1958/2083/1822 1068/708/781 1069/690/771 1950/689/770
f 1051/657/745 1038/648/739 1045/670/755
f 1060/656/744 1049/668/754 1054/646/737
f 1042/677/758 1050/653/741 1048/678/759
f 1061/681/762 1086/680/761 1062/710/783
f 1063/682/763 3627/2070/1813 3432/683/764
f 1948/2071/1814 1949/686/767 1064/688/769
f 3627/2077/1813 1954/695/775 1066/697/776 3432/706/764
f 1951/691/760 1069/690/771 1086/4379/761
f 1065/692/772 1952/694/774 1953/2076/1810
f 1065/692/772 1953/2076/1810 1062/4380/783
f 1066/697/776 1952/696/774 3431/704/773
f 1082/743/807 1069/690/771 1068/708/781 1084/738/805
f 1955/702/778 1956/698/766 1088/700/777
f 1068/708/781 1957/2073/1816 1948/2071/1814
f 1948/2071/1814 1064/688/769 1068/708/781
f 1068/708/781 1958/2083/1822 1957/2073/1816
f 1064/688/769 1067/687/768 1080/744/808
f 1080/744/808 1081/707/780 1064/688/769
f 1118/772/832 1075/736/803 1087/714/786 1102/713/785
f 1069/690/771 1082/743/807 1086/4379/761
f 1065/692/772 1085/740/782 1074/739/806
f 1065/692/772 1074/739/806 3431/693/773
f 1083/705/779 3433/4381/802 3432/706/764
f 1088/700/777 1070/699/765 3434/729/790
f 1088/700/777 1080/4382/808 1067/701/768
f 1068/708/781 1081/707/780 1084/738/805
f 1070/684/765 3432/683/764 3433/735/802
f 3433/735/802 3434/718/790 1070/684/765
f 1106/4383/795 1074/739/806 1075/741/803 1118/4384/832
f 1103/712/784 1087/714/786 1073/737/804
f 1072/721/793 1079/720/792 1081/707/780
f 1089/734/801 1120/733/800 1073/742/804
f 3433/4381/802 1083/705/779 1076/722/794 1071/726/787
f 1106/4383/795 1076/4385/794 1074/739/806
f 1107/724/796 1108/725/788 1076/722/794
f 1117/731/798 1077/727/797 1088/700/777
f 1088/700/777 3434/729/790 1117/731/798
f 1087/714/786 1085/709/782 1086/680/761
f 1078/732/799 1084/738/805 1081/707/780
f 1088/700/777 1072/728/793 1080/4382/808
f 1109/759/822 1092/758/821 1093/838/828 1110/775/827
f 1083/705/779 3431/704/773 1076/722/794
f 1076/4385/794 3431/693/773 1074/739/806
f 1073/742/804 1086/4379/761 1082/743/807
f 1089/734/801 1082/743/807 1084/738/805
f 3445/853/814 3438/771/813 1100/765/826
f 1090/754/818 1096/835/880 1099/755/819
f 3435/761/810 3436/764/825 3447/843/884
f 1097/753/817 3446/4386/876 1095/751/815
f 1096/835/880 1098/760/823 1099/755/819
f 1111/4387/3425 1094/748/812 3436/841/825 1119/4388/833
f 3438/771/813 1102/713/785 1103/712/784 1110/766/827
f 1094/748/812 1111/4387/3425 3438/749/813
f 1112/763/824 1119/774/833 3436/764/825
f 1097/753/817 1091/752/816 1113/4389/820
f 1097/753/817 1115/773/829 3446/4386/876
f 1098/760/823 1109/759/822 1116/770/831
f 1098/760/823 1116/770/831 1099/755/819
f 1100/765/826 3438/771/813 1110/766/827
f 1101/747/811 3446/831/876 1115/768/829
f 1114/769/830 1115/768/829 1104/717/789
f 1105/719/791 1072/721/793 1077/777/797
f 1105/719/791 1099/755/819 1079/720/792
f 1073/742/804 1120/733/800 1103/776/784
f 1106/4383/795 1118/4384/832 1119/4388/833
f 1107/724/796 1106/723/795 1119/774/833
f 1117/731/798 1104/730/789 1115/773/829
f 1116/770/831 1078/732/799 1079/720/792
f 1079/720/792 1099/755/819 1116/770/831
f 1114/769/830 1108/716/788 3437/745/809
f 1077/727/797 1117/731/798 1097/753/817 1113/4389/820
f 1108/725/788 1107/724/796 1112/763/824 3437/762/809
f 3443/820/869 1144/819/868 1125/983/987 1128/4390/844
f 1118/4384/832 3438/749/813 1111/4387/3425
f 1118/4384/832 1111/4387/3425 1119/4388/833
f 1120/733/800 1109/759/822 1110/775/827
f 1113/756/820 1099/755/819 1105/719/791
f 1131/780/836 1230/779/835 3465/976/849
f 1231/778/834 1131/780/836 1140/4391/846
f 1132/783/839 3440/784/840 1232/781/837
f 1123/792/847 1140/791/846 1130/800/854
f 1123/792/847 1130/800/854 3466/799/853
f 1234/979/985 1145/802/856 1124/793/848
f 3439/804/841 1145/806/856 1234/980/985
f 1125/983/987 1122/986/845 1128/4390/844
f 1127/797/851 3467/796/850 1236/798/852
f 1129/787/843 3443/828/869 1128/788/844
f 1126/984/838 1125/983/987 1144/819/868 1142/4392/3426
f 3440/784/840 1132/783/839 1134/858/897 1137/857/896
f 1127/797/851 3444/801/855 1129/787/843
f 1131/780/836 1141/823/857 1143/822/871
f 1131/780/836 1143/822/871 1140/4391/846
f 1132/783/839 1126/782/838 1142/4393/3426
f 1133/809/860 1147/808/859 1143/822/871
f 1133/809/860 1143/822/871 1146/824/872
f 3441/827/870 3442/829/874 3450/861/899
f 1136/814/863 1162/816/865 1146/826/872
f 1137/864/896 1138/863/864 1145/806/856
f 1144/819/868 3443/820/869 1165/817/866
f 3449/859/867 1134/858/897 1132/783/839 1142/4393/3426
f 3444/801/855 1139/825/873 3442/829/874 1129/787/843
f 1147/808/859 1140/4391/846 1143/822/871
f 1156/851/892 1100/765/826 1093/767/828 1171/870/882
f 1144/819/868 3449/818/867 1142/4392/3426
f 1145/806/856 3440/805/840 1137/864/896
f 1136/814/863 1141/803/857 1145/802/856
f 1135/812/862 3444/801/855 1130/800/854
f 1147/810/859 1130/800/854 1140/791/846
f 1151/4394/885 1157/830/875 1101/747/811 3435/746/810
f 1156/851/892 3445/853/814 1100/765/826
f 1096/835/880 1153/850/891 1149/836/881 1098/760/823
f 1157/830/875 1155/855/894 3446/831/876
f 1090/754/818 1091/757/816 1148/833/878
f 1148/833/878 3448/834/879 1090/754/818
f 1149/836/881 1092/758/821 1098/760/823
f 1150/839/883 1154/877/888 3447/840/884
f 1150/839/883 3436/841/825 1094/748/812
f 1151/842/885 3447/843/884 1154/847/888
f 1152/844/877 1095/751/815 1155/873/894
f 1095/751/815 3446/4386/876 1155/873/894
f 1096/835/880 3448/834/879 1153/850/891
f 1169/878/906 1149/836/881 1153/850/891 1173/849/890
f 1148/833/878 1152/832/877 1167/845/886
f 1149/836/881 1169/878/906 1171/837/882
f 1150/839/883 1170/846/887 1154/877/888
f 3451/848/889 1168/875/902 1151/842/885
f 1155/873/894 1167/872/886 1152/844/877
f 1146/824/872 1163/868/903 1172/869/904 1133/809/860
f 1156/851/892 1171/870/882 1170/852/887
f 1157/830/875 1151/4394/885 1168/867/902
f 1168/867/902 3452/854/893 1157/830/875
f 1159/4395/898 1174/871/905 1165/817/866 3441/821/870
f 1133/809/860 1172/869/904 1161/807/858
f 1158/856/895 3449/859/867 3452/854/893
f 1159/860/898 3450/861/899 1173/849/890
f 1166/866/901 1135/812/862 1160/811/861
f 1163/4396/903 1146/826/872 1162/816/865
f 1138/815/864 3451/876/889 1162/816/865
f 1164/862/900 3451/848/889 1138/863/864
f 3449/818/867 1165/817/866 1174/871/905 3452/874/893
f 1170/846/887 1163/4396/903 1162/816/865 1154/877/888
f 1166/866/901 3442/829/874 1139/825/873
f 1166/866/901 1139/825/873 1135/812/862
f 1166/866/901 1173/849/890 3450/861/899
f 1172/869/904 1170/852/887 1171/870/882
f 1166/866/901 1169/878/906 1173/849/890
f 1174/871/905 1159/4395/898 1167/872/886
f 1164/862/900 1158/865/895 1168/875/902
f 1169/878/906 1160/811/861 1161/813/858 1171/837/882
f 3454/1205/921 1180/897/924 3460/899/926 1201/914/934
f 3448/834/879 1167/845/886 1159/860/898
f 1185/881/909 1391/880/908 1179/4397/923
f 1392/879/907 1185/881/909 3458/904/913
f 1186/900/927 3455/902/925 1175/1198/1156
f 1176/882/910 3453/884/912 1184/890/917
f 1182/889/916 1393/1202/1160 1178/887/914
f 1178/887/914 3458/886/913 1183/892/919
f 1178/887/914 1183/892/919 1182/889/916
f 1394/1203/1161 3454/894/921 1179/896/923
f 1180/897/924 1175/1208/1156 3455/898/925
f 1182/889/916 3505/888/915 1397/1218/1172
f 1182/889/916 1397/1218/1172 1393/1202/1160
f 1182/889/916 1184/890/917 3453/884/912
f 1195/891/918 1197/926/943 1177/883/911
f 3454/894/921 1201/910/934 1196/895/922
f 1179/896/923 1196/895/922 1185/4398/909
f 3504/1210/1164 1181/1209/1163 1197/923/943 1198/922/928
f 1181/1209/1163 1177/4399/911 1197/923/943
f 1189/959/971 1188/958/970 3455/902/925 1198/901/928
f 1182/889/916 3459/893/920 1184/890/917
f 1185/881/909 1196/917/922 1199/916/938
f 1185/881/909 1199/916/938 3458/904/913
f 1186/900/927 3504/4400/1164 1198/901/928
f 1187/905/930 3458/904/913 1199/916/938
f 1187/905/930 1199/916/938 1202/918/939
f 1188/958/970 1193/957/937 3460/4401/926
f 1190/925/944 1194/961/973 1197/926/943
f 1203/908/932 1216/907/931 3456/920/941
f 1217/906/929 1203/908/932 3458/886/913
f 1191/909/933 1218/912/936 1202/924/939
f 1200/921/942 1197/923/943 1194/963/973
f 1219/962/974 3457/919/940 3456/920/941
f 1188/958/970 3460/4401/926 3455/902/925
f 3463/4402/960 1205/927/945 1259/929/947 3474/4403/1022
f 3457/919/940 1195/891/918 1184/890/917
f 3456/920/941 1184/890/917 3459/893/920
f 1200/921/942 1189/4404/971 1198/922/928
f 1191/909/933 1196/895/922 1201/910/934
f 1203/908/932 3459/893/920 1183/892/919
f 1203/908/932 1183/892/919 3458/886/913
f 1210/4405/956 1258/4406/3427 1204/4407/966
f 1210/4405/956 1262/4408/955 1258/4406/3427
f 3462/931/949 1208/930/948 1220/974/981 1221/955/968
f 1223/935/953 1261/934/952 1264/951/964
f 1261/934/952 1209/933/951 1204/953/966
f 1206/936/954 3475/941/959 1262/937/955
f 1207/942/958 3463/944/960 3474/1029/1022
f 1212/947/962 1208/948/948 1263/945/961
f 1224/970/979 1210/4405/956 1204/4407/966 1225/972/965
f 1206/936/954 3464/954/967 1211/939/957
f 1211/943/957 1222/973/978 3463/944/960
f 1212/947/962 3461/946/946 1226/4409/977
f 1212/947/962 1220/4410/981 1208/948/948
f 1213/950/963 1221/955/968 1223/935/953
f 3461/928/946 1205/927/945 1222/968/978 1226/967/977
f 1210/4405/956 1224/970/979 3464/969/967
f 1205/927/945 3463/4402/960 1222/968/978
f 1202/918/939 3464/969/967 1227/971/980 1187/905/930
f 1189/4404/971 1200/921/942 1229/965/975 1226/4409/977
f 1187/905/930 1227/971/980 1217/903/929
f 1214/956/969 1189/959/971 1226/967/977
f 1190/925/944 3457/919/940 1215/960/972
f 1215/960/972 1219/962/974 1221/955/968
f 1228/966/976 3456/920/941 1216/907/931
f 3464/954/967 1202/924/939 1218/912/936
f 1192/911/935 1211/939/957 1218/912/936
f 1193/915/937 1211/943/957 1192/913/935
f 1200/921/942 1194/963/973 1229/965/975
f 1220/4410/981 1212/947/962 1229/965/975 1215/964/972
f 1219/962/974 1228/966/976 1221/955/968
f 1227/971/980 1224/970/979 1225/972/965
f 1228/966/976 1223/935/953 1221/955/968
f 1209/933/951 1216/907/931 1217/906/929 1225/952/965
f 1212/947/962 1226/4409/977 1229/965/975
f 1218/912/936 1211/939/957 3464/954/967
f 1223/935/953 1228/966/976 1216/907/931 1209/933/951
f 3468/4411/986 1240/4412/3428 1232/781/837 3439/785/841
f 1126/782/838 1232/781/837 1240/4412/3428 1239/1015/1012
f 1251/994/995 1236/798/852 3467/796/850 1256/1022/1017
f 1122/789/845 3467/796/850 1121/786/842
f 1237/987/989 1123/792/847 3466/799/853
f 1123/792/847 1237/987/989 1231/790/834
f 3465/795/849 3473/991/982 1233/977/983
f 1234/980/985 3468/982/986 3439/804/841
f 1235/985/988 1126/984/838 1239/4413/1012
f 1248/989/991 1256/1022/1017 3467/796/850
f 1237/987/989 1251/994/995 1249/4414/3429
f 1237/987/989 1249/4414/3429 1253/990/992
f 1233/977/983 1244/992/993 1238/978/984
f 1250/993/994 3472/4415/1013 3468/982/986
f 1235/985/988 1257/1021/990 1122/986/845
f 1252/1017/1014 1230/779/835 1231/778/834 1253/1019/992
f 1281/1035/1028 3473/975/982 1255/1018/1015 1268/1032/1025
f 1230/779/835 1252/1017/1014 3473/975/982
f 1240/4412/3428 3468/4411/986 3472/1016/1013
f 3472/1016/1013 1239/1015/1012 1240/4412/3428
f 1271/4416/1004 1244/992/993 3473/991/982 1281/4417/1028
f 1268/1032/1025 1255/1018/1015 1243/1020/1016
f 1241/999/1000 3470/1001/1002 1256/1022/1017
f 1241/999/1000 1257/988/990 1242/1000/1001
f 3471/1014/1011 3476/1013/1010 1270/4418/3430
f 3471/1014/1011 1270/4418/3430 1243/4419/1016
f 3469/1008/999 1246/1007/1006 1235/985/988 1239/4413/1012
f 1271/4416/1004 1245/4420/1003 1244/992/993
f 1272/1004/1005 1273/1005/997 1245/1002/1003
f 1246/1007/1006 1242/1010/1001 1257/1021/990
f 1247/1012/1009 3478/1011/1008 3476/1013/1010
f 1247/1012/1009 1256/1022/1017 3470/1001/1002
f 1254/995/996 3469/998/999 1239/1015/1012
f 1255/1018/1015 1252/1017/1014 1253/1019/992
f 1247/1012/1009 1251/994/995 1256/1022/1017
f 3472/4415/1013 1250/993/994 1245/1002/1003 1254/1006/996
f 1249/4414/3429 3471/1014/1011 1243/4419/1016 1253/990/992
f 1250/993/994 1238/981/984 1245/1002/1003
f 1245/4420/1003 1238/978/984 1244/992/993
f 3481/4421/3431 1264/951/964 1261/934/952 1265/4422/3432
f 3471/1014/1011 1249/4414/3429 1251/994/995
f 1204/4407/966 1258/4406/3427 1275/4423/1019
f 1260/932/950 3462/931/949 1267/4424/3433
f 1261/934/952 1275/1024/1019 1265/4422/3432
f 1276/4425/1027 1262/937/955 3475/941/959 1282/4426/1029
f 3474/1029/1022 3475/1028/959 1207/942/958
f 1266/1025/1020 1279/1026/1018 1263/945/961
f 1267/4424/3433 3462/931/949 1264/951/964
f 1264/951/964 3481/4421/3431 1267/4424/3433
f 1260/932/950 1267/4424/3433 3477/1038/1031
f 3477/1038/1031 3479/1037/1030 1260/932/950
f 1280/1033/1026 1258/4406/3427 1262/4408/955 1276/1034/1027
f 1277/1027/1021 1282/1036/1029 3475/1028/959
f 1266/1025/1020 1260/949/950 3479/4427/1030
f 1267/4424/3433 3481/4421/3431 3477/1038/1031
f 3474/4403/1022 1259/929/947 1278/1030/1023 1277/4428/1021
f 1258/4406/3427 1280/1033/1026 1275/4423/1019
f 3481/4421/3431 3476/1013/1010 3478/1011/1008 3477/1038/1031
f 1268/1032/1025 3480/1031/1024 1280/1033/1026
f 1268/1032/1025 1280/1033/1026 1281/1035/1028
f 1278/1030/1023 1279/1023/1018 1269/997/998
f 1242/1000/1001 3478/1011/1008 3470/1001/1002
f 3480/4429/1024 1243/4419/1016 1270/4418/3430
f 1271/4416/1004 1281/4417/1028 1282/4426/1029
f 1272/1004/1005 1271/1003/1004 1282/1036/1029
f 1278/1030/1023 1273/996/997 1277/4428/1021
f 3480/1031/1024 1275/4423/1019 1280/1033/1026
f 1242/1010/1001 1274/1009/1007 1266/1025/1020 3479/4427/1030
f 1265/4422/3432 1270/4418/3430 3476/1013/1010 3481/4421/3431
f 1281/4417/1028 1276/4425/1027 1282/4426/1029
f 1275/1024/1019 3480/4429/1024 1270/4418/3430 1265/4422/3432
f 1299/1062/1050 1289/1117/1093 1292/4430/3434 3483/1063/1039
f 822/4318/500 3486/1057/1038 816/1059/1049
f 818/334/497 819/362/503 1297/1061/1041
f 818/334/497 3483/1063/1039 827/332/495
f 821/1039/1032 1284/1040/1033 1296/1086/1040
f 1285/1042/1035 1288/1051/1042 3395/349/511
f 823/340/502 3482/1047/1037 3396/338/499
f 829/356/517 3395/349/511 1288/1051/1042
f 1287/1052/1043 1284/1040/1033 3394/347/509
f 1284/1040/1033 1295/1087/1068 1296/1086/1040
f 1285/1042/1035 817/1041/1034 3484/1053/1044
f 1286/1043/1036 3482/1044/1037 3485/1077/1062
f 1286/1043/1036 3485/1077/1062 3486/1045/1038
f 1302/1055/1046 3485/4431/1062 3482/1047/1037
f 824/343/505 1301/1056/1047 1297/1050/1041
f 1287/1052/1043 1295/1087/1068 1284/1040/1033
f 817/1060/1034 1298/1058/1048 3484/1085/1044
f 1300/1066/1053 1332/1065/1052 3484/1085/1044
f 3483/1046/1039 1292/4432/3434 3489/4433/1064 1302/1055/1046
f 1289/1117/1093 1299/1062/1050 1290/1084/1065
f 1320/1073/1060 1323/1083/1067 1303/1054/1045
f 1319/1074/1061 1303/1054/1045 3484/1053/1044
f 3489/4433/1064 3485/4431/1062 1302/1055/1046
f 1322/1067/1054 1300/1066/1053 1298/1058/1048 3486/1057/1038
f 1294/1082/1056 1301/1056/1047 1291/4434/1057
f 3488/1123/1090 1306/4435/3435 1367/1096/1077 1314/1095/1076
f 1304/1071/1058 1295/1087/1068 1287/1052/1043
f 1323/1083/1067 1287/1052/1043 1288/1051/1042
f 1301/1056/1047 1296/1049/1040 1291/4434/1057
f 1323/1083/1067 1288/1051/1042 1303/1054/1045
f 1306/4436/3435 3488/1113/1090 1305/1088/1069
f 1307/1172/1136 1369/1175/1080 1315/4437/1081
f 1307/1172/1136 1313/4438/1088 3487/1173/1137
f 1366/1093/1074 1370/4439/3436 1308/1104/1082
f 1308/1104/1082 1370/4439/3436 1325/1105/1083
f 1308/1104/1082 1309/1091/1072 1366/1093/1074
f 1310/1094/1075 1367/1096/1077 1372/1183/1145
f 1329/1119/1095 1307/1172/1136 1315/4437/1081 1334/1121/1096
f 1315/1103/1081 1312/1102/1079 1333/4440/1078
f 1313/1111/1088 1325/1110/1083 1370/4441/3436
f 1310/1094/1075 1372/1183/1145 1371/1092/1073
f 1310/1094/1075 1328/1112/1089 1314/1095/1076
f 1315/1103/1081 1333/4440/1078 1334/4442/1096
f 1309/1091/1072 1324/1106/1084 1328/1112/1089
f 1305/1088/1069 1331/1114/1091 1311/1089/1070
f 1313/4438/1088 1307/1172/1136 1329/1119/1095 1327/1120/1087
f 1331/1114/1091 1316/1064/1051 1322/1067/1054 3491/1115/1085
f 1334/4442/1096 1333/4440/1078 3489/4433/1064 1292/4432/3434
f 1316/1064/1051 1331/1114/1091 1332/1065/1052
f 1289/1117/1093 1290/1084/1065 1330/1118/1094
f 1289/1117/1093 1334/1121/1096 1292/4430/3434
f 1325/1105/1083 1294/1069/1056 1317/1068/1055 1324/1106/1084
f 1333/4440/1078 1321/4443/1063 3489/4433/1064
f 1293/1081/1066 1330/1122/1094 1290/1080/1065
f 1332/1065/1052 1331/1114/1091 3488/1113/1090
f 3490/1116/1092 1320/1073/1060 1328/1112/1089
f 1328/1112/1089 1324/1106/1084 3490/1116/1092
f 1327/1109/1087 1294/1082/1056 1325/1110/1083
f 1333/4440/1078 1326/4444/1086 1321/4443/1063
f 1321/1078/1063 1326/1108/1086 3491/1107/1085
f 1314/1095/1076 1328/1112/1089 1320/1073/1060
f 1317/1068/1055 3490/1116/1092 1324/1106/1084
f 3496/4445/3437 1346/4446/3438 1335/1144/1116 1360/1143/1115
f 1337/1145/1117 1349/1147/1118 3492/1289/1226
f 1450/1128/1101 1345/1127/1100 1336/1133/1106
f 1340/4447/1231 1346/4448/3438 1347/1169/1108
f 1341/1134/1107 1340/1295/1231 1347/1135/1108
f 1348/1138/1111 3492/1298/1226 1349/4449/1118
f 1344/1125/1098 3493/1124/1097 1359/1130/1103
f 1338/1126/1099 1343/1292/1114 1357/1131/1104
f 1339/1129/1102 1359/1130/1103 1345/1127/1100
f 1346/4448/3438 3496/4450/3437 1347/1169/1108
f 1348/1138/1111 1349/4449/1118 1365/1139/1112
f 1364/1140/1113 1357/4451/1104 1343/1141/1114
f 1336/1142/1106 3495/4452/1105 1360/1143/1115
f 1389/4453/3439 1353/4454/1134 1362/1149/1120 1379/1148/1119
f 1337/1145/1117 1342/1288/1110 1358/1146/1109
f 1360/1143/1115 1362/1149/1120 1353/4454/1134 3496/4445/3437
f 1380/1150/1121 1362/1149/1120 3495/4452/1105
f 1350/1171/1135 3494/1167/1133 1363/1165/1131
f 1352/1157/1126 3495/1132/1105 1345/1127/1100
f 1352/1157/1126 1345/1127/1100 1356/1164/1130
f 1353/1170/1134 1389/4455/3439 1382/4456/1150
f 1382/4456/1150 1354/1168/1127 1353/1170/1134
f 1364/1140/1113 1365/1139/1112 1355/1161/1128
f 1349/1147/1118 1358/1146/1109 1361/1151/1122
f 1351/4457/1129 1350/1171/1135 3493/1124/1097 1357/1131/1104
f 1362/1149/1120 1360/1143/1115 3495/4452/1105
f 1364/1140/1113 1351/1162/1129 1357/4451/1104
f 1354/1160/1127 1361/1159/1122 1358/1136/1109
f 1358/1136/1109 1347/1135/1108 1354/1160/1127
f 1353/1170/1134 1347/1169/1108 3496/4450/3437
f 1377/1194/1153 1305/1088/1069 1368/1090/1071 1374/4458/1140
f 1376/1186/1147 1375/1178/1141 1313/1111/1088 1370/4441/3436
f 1305/1088/1069 1377/1194/1153 1306/4436/3435
f 1366/1093/1074 1376/4459/1147 1370/4439/3436
f 1367/1096/1077 1306/4435/3435 1373/1181/1143
f 1367/1096/1077 1373/1181/1143 1372/1183/1145
f 1312/1099/1079 3497/1176/1139 1368/1100/1071
f 1369/1101/1080 3497/1185/1139 1312/1102/1079
f 1376/4459/1147 1366/1093/1074 3500/1180/1142 3501/1197/1148
f 3501/1197/1148 3494/1167/1133 1350/1171/1135 1351/4457/1129
f 1306/4435/3435 3502/4460/1152 1373/1181/1143
f 1306/4436/3435 1377/1194/1153 3502/1193/1152
f 1380/1150/1121 3502/1193/1152 1379/1148/1119
f 1381/1153/1124 3503/1189/1149 3498/1154/1125
f 1356/1164/1130 3499/1195/1154 1390/4461/3440 1352/1157/1126
f 3502/4460/1152 1380/1156/1121 1352/1157/1126 1390/4461/3440
f 3503/1188/1149 1385/1196/1155 1355/1161/1128 3498/1163/1125
f 1382/4456/1150 1389/4455/3439 1384/4462/1151
f 1383/1158/1123 1354/1160/1127 1384/1192/1151
f 1351/1162/1129 1355/1161/1128 1385/1196/1155 3501/1187/1148
f 1374/4458/1140 1389/4453/3439 1379/1148/1119 1377/1194/1153
f 3499/1195/1154 1356/1164/1130 1386/1166/1132
f 1381/1153/1124 1383/1152/1123 1388/1190/1146
f 1387/1182/1144 1386/1166/1132 3494/1167/1133 3500/1180/1142
f 3497/1185/1139 1388/1184/1146 1383/1158/1123 1384/1192/1151
f 3497/1176/1139 1384/4462/1151 1389/4455/3439 1374/1177/1140
f 1373/1181/1143 1390/4461/3440 3499/1195/1154 1387/1182/1144
f 3504/4400/1164 1186/900/927 1402/1200/1158 1415/1222/1176
f 1390/4461/3440 1373/1181/1143 3502/4460/1152
f 1400/4463/1162 1179/4397/923 1391/880/908
f 1186/900/927 1175/1198/1156 1402/1200/1158
f 1177/4399/911 1181/1209/1163 1396/1211/1165 1398/4464/1166
f 3453/884/912 1177/883/911 1398/1212/1166
f 1398/1212/1166 3505/888/915 3453/884/912
f 1178/887/914 1399/1201/1159 1392/885/907
f 1394/1203/1161 1400/1204/1162 1401/4465/1170
f 1180/897/924 3454/1205/921 1395/1207/1157
f 1395/1207/1157 1394/1206/1161 1401/1216/1170
f 1396/1211/1165 3504/1210/1164 1415/1249/1176
f 1410/1219/1173 1397/1218/1172 3505/888/915 1414/1253/1197
f 1409/1214/1168 1414/1253/1197 3505/888/915
f 1393/1202/1160 1410/1219/1173 1399/1201/1159
f 1400/1204/1162 3508/1238/1190 1401/4465/1170
f 1406/1217/1171 1404/1245/1174 1395/1207/1157
f 1396/1211/1165 1417/1252/1167 1398/4464/1166
f 1411/4466/3441 1391/880/908 1392/879/907 1413/1226/1169
f 3508/4467/1190 1400/4463/1162 1391/880/908 1411/4466/3441
f 1416/1235/1188 1447/1284/1223 1431/1285/1177 1413/1215/1169
f 1402/1200/1158 1395/1199/1157 1404/1220/1174
f 1403/1225/1179 1430/1224/1178 1445/4468/1189
f 1412/1221/1175 1404/1220/1174 1432/1228/1181
f 1405/1230/1183 3506/1232/1185 1414/1253/1197
f 1405/1230/1183 1417/1213/1167 3511/1231/1184
f 1416/1235/1188 1434/1234/1187 1447/1284/1223
f 1410/1219/1173 1408/1233/1186 1416/1235/1188 1399/1201/1159
f 3508/1238/1190 1445/1237/1189 1435/1239/1191
f 1406/1217/1171 3507/1241/1192 1436/1243/1193
f 1436/1243/1193 1437/1244/1180 1406/1217/1171
f 1407/1248/1195 3511/1247/1184 1417/1252/1167
f 1407/1248/1195 1415/1249/1176 1438/1246/1194
f 1408/1233/1186 1439/1251/1196 1434/1234/1187
f 1408/1233/1186 1414/1253/1197 3506/1232/1185
f 1403/1225/1179 3508/4467/1190 1411/4466/3441
f 1403/1225/1179 1411/4466/3441 1413/1226/1169
f 1408/1233/1186 1410/1219/1173 1414/1253/1197
f 1406/1217/1171 1401/1216/1170 3507/1241/1192
f 3507/1240/1192 1401/4465/1170 3508/1238/1190
f 1416/1235/1188 1413/1215/1169 1399/1201/1159
f 1425/4469/3442 1480/1336/1263 3523/4470/1266 1446/4471/1218
f 1477/1350/1203 1418/1281/1221 1440/4472/1204
f 1419/1267/1209 1423/1335/1262 1428/1270/1212
f 1421/1261/1205 1440/1260/1204 1424/1272/1213
f 1421/1261/1205 1424/1272/1213 1427/1274/1215
f 1425/4473/3442 1445/4468/1189 1430/1224/1178 1442/1280/1220
f 1480/1336/1263 1425/4469/3442 3510/1337/1219
f 3509/1275/1199 1446/1278/1218 3523/1340/1266
f 1426/1264/1208 3514/1265/1202 1422/1262/1206
f 1423/1335/1262 1427/1274/1215 1428/1270/1212
f 1448/1269/1211 1426/4474/1208 1420/1271/1207
f 3509/1275/1199 1429/4475/1198 1443/1276/1216
f 1427/1274/1215 3513/1273/1214 1428/1270/1212
f 3510/1279/1219 1425/4473/3442 1442/1280/1220
f 1418/1281/1221 1442/1280/1220 1440/4472/1204
f 1444/1282/1222 1443/1283/1216 1429/1254/1198
f 1432/1228/1181 1444/1282/1222 1433/1229/1182
f 3506/1232/1185 3511/1231/1184 1448/1269/1211
f 1448/1269/1211 3512/1268/1210 3506/1232/1185
f 1435/1239/1191 1445/1237/1189 1446/4471/1218
f 1436/1243/1193 1435/1242/1191 1446/1278/1218
f 1438/1246/1194 1433/1250/1182 1444/4476/1222
f 3506/1232/1185 3512/1268/1210 1439/1251/1196
f 1432/1228/1181 1437/1227/1180 1443/1283/1216
f 1431/1223/1177 1440/4472/1204 1442/1280/1220
f 1437/1244/1180 1436/1243/1193 1441/1277/1217 1443/1276/1216
f 1439/1251/1196 1428/1270/1212 3513/1273/1214
f 1438/1246/1194 1444/4476/1222 3514/1265/1202
f 1346/4446/3438 1451/4477/1238 1456/1286/1224 1335/1144/1116
f 1445/1237/1189 1425/4469/3442 1446/4471/1218
f 1434/1234/1187 3513/1273/1214 1424/1272/1213
f 1447/1284/1223 1424/1272/1213 1440/1260/1204
f 1448/1269/1211 3511/1231/1184 1426/4474/1208
f 1452/1303/1236 1339/1129/1102 1450/1128/1101 1475/1301/1234
f 1336/1142/1106 1456/1286/1224 1466/4478/1229
f 1449/1291/1228 1344/1125/1098 1455/1299/1232
f 1450/1128/1101 1466/1293/1229 1475/1301/1234
f 1449/4479/1228 1454/1326/1255 1348/1138/1111 1343/1141/1114
f 1451/1306/1238 1346/4448/3438 1340/4447/1231
f 1340/4447/1231 1453/1304/1230 1451/1306/1238
f 1341/1134/1107 1342/1137/1110 1453/1294/1230
f 1339/1129/1102 1452/1303/1236 1455/1299/1232 1344/1125/1098
f 1454/1326/1255 3521/1297/1227 1348/1138/1111
f 1470/1324/1253 1456/1286/1224 1451/4477/1238 1467/4480/1257
f 3517/1300/1233 3518/1331/1258 1449/1291/1228
f 1451/1306/1238 1468/1305/1237 1467/1328/1257
f 1453/1294/1230 1457/1296/1225 1471/1307/1239
f 1469/1308/1240 1468/1315/1237 1453/1294/1230
f 1454/1326/1255 1449/4479/1228 3518/4481/1258
f 1472/4482/1241 1473/1317/1247 1493/1319/1249 1461/1363/1280
f 1456/1286/1224 1470/1324/1253 1466/4478/1229
f 1472/1309/1241 1471/1322/1239 1457/1287/1225
f 1460/1321/1251 1472/1309/1241 1461/1356/1280
f 1490/1310/1242 1475/1301/1234 1459/1329/1252
f 1467/4480/1257 1474/4483/1256 1458/1325/1254 1470/1324/1253
f 1465/1320/1250 3515/1332/1259 3519/1302/1235
f 1460/1321/1251 3520/4484/1246 1471/1322/1239
f 1459/1323/1252 1466/4478/1229 1470/1324/1253
f 1418/1281/1221 1476/1352/1276 1484/4485/1264 3510/1279/1219
f 3515/1332/1259 3517/1300/1233 3519/1302/1235
f 1473/1317/1247 1472/4482/1241 3521/1297/1227
f 1454/1326/1255 3518/4481/1258 1473/1317/1247
f 3520/1316/1246 1468/1315/1237 1469/1308/1240
f 1469/1308/1240 1471/1307/1239 3520/1316/1246
f 1463/1312/1244 1467/1328/1257 1468/1305/1237
f 1462/1311/1243 3519/1302/1235 1475/1301/1234
f 3516/1330/1248 1473/4486/1247 3518/1331/1258
f 1476/1352/1276 1418/1281/1221 1477/1350/1203
f 1427/1274/1215 1482/4487/3443 1483/1344/1269 1421/1261/1205
f 1478/1256/1200 3509/1255/1199 1481/4488/1265
f 1478/1256/1200 1487/1354/1278 3522/1257/1201
f 1419/1267/1209 1420/1271/1207 1479/1334/1261
f 1487/4489/1278 1486/1341/1260 1422/1262/1206 3522/1266/1201
f 1421/1261/1205 1483/1344/1269 1477/1259/1203
f 1480/1336/1263 1484/1338/1264 1485/4490/1271
f 1480/1336/1263 1485/4490/1271 3523/4470/1266
f 1481/1339/1265 3523/1340/1266 1485/1346/1271
f 1502/1367/1288 1483/1344/1269 1482/4487/3443 1497/1365/1286
f 1423/1335/1262 1479/1334/1261 1482/4487/3443
f 1482/4487/3443 1427/1274/1215 1423/1335/1262
f 1479/1334/1261 1486/1333/1260 1503/1342/1267
f 1497/1365/1286 1482/4487/3443 1479/1334/1261 1496/1343/1268
f 1483/1344/1269 1502/1367/1288 3525/1345/1270
f 1484/1338/1264 3526/1366/1287 1485/4490/1271
f 1492/1347/1272 3524/4491/1277 1481/1339/1265
f 1486/1341/1260 1487/4489/1278 1501/1348/1273
f 1500/1349/1274 1503/4492/1267 1486/1341/1260
f 3526/4493/1287 1484/4485/1264 1476/1352/1276 1499/1351/1275
f 1477/1350/1203 3525/4494/1270 1499/1351/1275
f 3520/4484/1246 1460/1321/1251 1498/1357/1281 3524/1353/1277
f 1478/1256/1200 1481/4488/1265 3524/1353/1277
f 1488/1355/1279 1458/1325/1254 1474/4483/1256
f 1459/1323/1252 1499/1351/1275 3525/4494/1270
f 1495/1364/1285 1462/1311/1243 1490/1310/1242 1502/1367/1288
f 3516/1330/1248 3515/1332/1259 1489/1360/1283
f 1489/1360/1283 1503/1342/1267 3516/1330/1248
f 1490/1310/1242 3525/1345/1270 1502/1367/1288
f 3524/4491/1277 1492/1347/1272 1464/1314/1245 3520/1316/1246
f 1491/1362/1284 1474/1327/1256 1463/1312/1244
f 1491/1362/1284 1463/1312/1244 1464/1313/1245
f 1503/4492/1267 1500/1349/1274 1493/1319/1249 3516/1318/1248
f 1492/1347/1272 1491/4495/1284 1464/1314/1245
f 1462/1311/1243 1495/1364/1285 1494/1359/1282 1465/1320/1250
f 1500/1349/1274 1501/1348/1273 1493/1319/1249
f 1494/1359/1282 3515/1332/1259 1465/1320/1250
f 3533/4496/1295 3527/2902/2438 1504/1370/1291 1526/4497/3444
f 1487/1354/1278 3524/1353/1277 1498/1357/1281
f 1488/1355/1279 3526/4493/1287 1499/1351/1275
f 1494/1359/1282 1497/1365/1286 1496/1343/1268
f 1492/1347/1272 1485/1346/1271 1491/4495/1284
f 1491/1362/1284 1485/4490/1271 3526/1366/1287
f 1489/1360/1283 1494/1359/1282 1496/1343/1268
f 1504/1370/1291 1508/1369/1290 1526/4497/3444
f 1511/1409/1303 3729/1387/1304 2507/2914/2448 2510/4498/2445
f 1505/1390/1307 3728/2907/2443 3529/4499/1299
f 1505/1390/1307 1510/1393/1300 3528/2904/2440
f 3728/4500/2443 3730/4501/3445 1506/1379/1297 3529/1382/1299
f 2508/1371/1289 1509/1373/1293 1508/1375/1290
f 3527/2910/2438 3533/1376/1295 1506/1378/1297
f 1506/1378/1297 3730/4502/3445 3527/2910/2438
f 2510/2911/2445 3528/4503/2440 1510/1383/1300 1511/1386/1303
f 2514/2915/2449 1507/1389/1306 1509/1373/1293 2513/1372/1292
f 1507/1389/1306 2514/2915/2449 3729/1387/1304
f 1523/1406/1318 1509/1373/1293 1507/1389/1306 1522/1388/1305
f 1511/1409/1303 1522/1388/1305 3729/1387/1304
f 1509/1373/1293 1523/1406/1318 1529/1374/1294
f 1508/1375/1290 1529/1374/1294 3532/4504/3446
f 1521/1381/1298 1525/1400/1308 3529/1382/1299
f 3532/4505/3446 1514/1439/1343 1542/1394/1310 1526/4497/3444
f 1508/1369/1290 3532/4505/3446 1526/4497/3444
f 1505/1390/1307 3529/4499/1299 1525/1391/1308
f 1524/1392/1309 1528/1398/1301 1510/1393/1300
f 1542/1394/1310 1516/1396/1312 1526/4497/3444
f 1529/1374/1294 1513/1441/1345 1514/4506/1343 3532/4504/3446
f 1543/1447/1349 1525/1391/1308 3538/4507/1314
f 1543/1447/1349 3535/1397/1313 1524/1392/1309
f 1524/1392/1309 1525/1391/1308 1543/1447/1349
f 1512/1408/1320 1527/1410/1316 1518/4508/3447
f 1545/1442/1346 1515/1404/1317 1516/1405/1312 1556/1453/1311
f 1513/1441/1345 1529/1374/1294 1520/1407/1319
f 1522/1388/1305 1519/4509/3448 1520/1407/1319 1523/1406/1318
f 1515/1404/1317 1545/1442/1346 1546/1444/1348
f 1546/1444/1348 1517/1403/1315 1515/1404/1317
f 1546/1445/1348 3538/1399/1314 1517/1401/1315
f 3535/4510/1313 1518/4511/3447 1527/1402/1316
f 1527/1402/1316 1528/1384/1301 3535/4510/1313
f 1516/1396/1312 3533/4496/1295 1526/4497/3444
f 1541/4512/3449 3534/4513/1334 1588/1513/1402 1589/1517/1391
f 1519/4509/3448 1522/1388/1305 1512/1408/1320
f 1521/1381/1298 3530/1380/1296 1517/1401/1315
f 1515/1404/1317 3530/1377/1296 3533/1376/1295
f 1511/1409/1303 3531/4514/1302 1527/1410/1316
f 1584/1414/1324 1539/1412/1322 1548/4515/1328
f 1585/1501/1390 1541/4516/3449 1589/1502/1391
f 1585/1501/1390 3546/1415/1325 1540/1417/1327
f 1540/1417/1327 1541/4516/3449 1585/1501/1390
f 1530/1431/1336 1538/1435/1340 1535/4517/3450
f 1531/1420/1329 1548/1419/1328 1537/1421/1330
f 1532/1422/1331 1537/1421/1330 3537/1438/1342
f 1533/1423/1332 1592/1427/1321 1587/1424/1333
f 1554/1455/1352 1544/1433/1338 1512/1408/1320 1518/4508/3447
f 1534/1430/1335 1535/4518/3450 1538/1437/1340
f 1538/1437/1340 3539/1428/1326 1534/1430/1335
f 1532/1422/1331 3537/1438/1342 1536/1434/1339
f 1544/1433/1338 1549/1456/1341 1538/1435/1340
f 3534/1425/1334 1555/1443/1347 1533/1423/1332
f 3534/4513/1334 1541/4512/3449 1551/1452/1350
f 1551/1452/1350 1555/1446/1347 3534/4513/1334
f 1539/1412/1322 1533/4519/1332 1550/4520/3451
f 1539/1412/1322 1550/4520/3451 1548/4515/1328
f 1540/1417/1327 1551/1448/1350 1541/4516/3449
f 1542/1394/1310 1552/1440/1344 1556/1395/1311
f 1543/1447/1349 1553/1449/1351 3535/1397/1313
f 1518/4511/3447 3535/4510/1313 1553/1450/1351 1554/1451/1352
f 1544/1433/1338 1547/1457/1353 1512/1408/1320
f 1514/4506/1343 1513/1441/1345 1552/1454/1344
f 1519/4509/3448 1547/1457/1353 3537/1438/1342 1520/1407/1319
f 1547/1457/1353 1519/4509/3448 1512/1408/1320
f 1533/4519/1332 1556/1395/1311 1552/1440/1344 1550/4520/3451
f 1543/1447/1349 3538/4507/1314 1551/1448/1350
f 1540/1417/1327 3539/1416/1326 1553/1449/1351
f 1552/1440/1344 1548/4515/1328 1550/4520/3451
f 1569/1470/1364 1563/1472/1366 1557/4521/3452 1562/1471/1365
f 1547/1457/1353 3536/1432/1337 3537/1438/1342
f 1545/1442/1346 1533/1423/1332 1555/1443/1347
f 1513/1441/1345 1537/1421/1330 1548/1419/1328
f 1560/1631/1489 1557/4521/3452 1563/1472/1366 1568/4522/3453
f 1564/4523/3454 1558/1635/1493 1559/1637/1356 3542/4524/1355
f 3543/1476/1370 1561/1469/1363 1558/1635/1493 1564/4523/3454
f 3561/4525/1373 1568/4526/3453 1576/1496/1387 3545/1495/1374
f 1675/1461/1357 1566/1463/1359 1565/1464/1360
f 3560/1465/1361 1565/1464/1360 1673/4527/1354
f 1677/4528/3455 1560/4529/1489 1568/4526/3453
f 1568/4526/3453 3561/4525/1373 1677/4528/3455
f 1561/1469/1363 3543/1476/1370 1569/1470/1364
f 1563/1472/1366 1576/4530/1387 1568/4522/3453
f 1566/1463/1359 1575/4531/1389 1565/1464/1360
f 1566/1466/1359 1567/1468/1362 1581/1475/1369
f 1581/1475/1369 1575/1498/1389 1566/1466/1359
f 1579/1486/1378 1570/1485/1377 1598/1524/1382 3542/1459/1355
f 1673/1458/1354 1565/4532/1360 1577/1478/1372
f 1674/1484/1376 3561/1479/1373 1578/1481/1375
f 1578/1481/1375 3544/1482/1368 1674/1484/1376
f 3544/1482/1368 1578/1481/1375 1571/1525/1408 1610/1528/1411
f 3541/1526/1409 1571/1525/1408 1578/1481/1375 3545/1480/1374
f 1576/4530/1387 1563/1472/1366 1595/1531/1413 1600/1530/1388
f 1595/1531/1413 1574/1473/1367 1596/1540/1416
f 1598/1490/1382 1582/1489/1381 3542/4524/1355
f 3540/1534/1379 1579/1499/1378 1572/1500/1384
f 1610/1536/1411 1573/1491/1383 1581/1475/1369
f 1581/1475/1369 3544/1474/1368 1610/1536/1411
f 1599/1494/1386 3541/4533/1409 3545/1495/1374
f 1574/1473/1367 1601/1493/1385 1596/1540/1416
f 1597/1488/1380 1580/1477/1371 1582/1489/1381
f 1579/1486/1378 1577/1478/1372 1565/4532/1360
f 1572/1500/1384 1565/1464/1360 1575/4531/1389
f 1582/1489/1381 3543/1476/1370 1564/4523/3454
f 1582/1489/1381 1564/4523/3454 3542/4524/1355
f 3546/1415/1325 1585/1501/1390 1594/1503/1392 1604/1537/1405
f 1563/1472/1366 1574/1473/1367 1595/1531/1413
f 1584/1414/1324 3547/1522/1394 1583/1413/1323
f 1593/1507/1396 1586/1504/1393 1530/1431/1336 1535/4517/3450
f 1536/1434/1339 1590/1506/1395 1591/1510/1399 1532/1422/1331
f 1532/1422/1331 1591/1510/1399 1531/1420/1329
f 1588/1513/1402 3534/4513/1334 1587/1516/1333
f 1534/1430/1335 3546/1429/1325 1604/1518/1405
f 1534/1430/1335 1593/1520/1396 1535/4518/3450
f 1608/1538/1415 1591/1510/1399 1590/1506/1395 1605/1521/1406
f 1586/1504/1393 1593/1507/1396 1602/1509/1398
f 1602/1509/1398 1605/1521/1406 1586/1504/1393
f 1591/1510/1399 1608/1538/1415 1612/1511/1400
f 1531/1420/1329 1612/1511/1400 3547/1505/1394
f 1587/1424/1333 3550/1512/1401 3548/4534/1403
f 1603/1515/1404 1607/1539/1410 1589/1517/1391
f 3550/4535/1401 1592/1411/1321 1583/1413/1323 1606/1523/1407
f 1612/1511/1400 1597/1488/1380 1598/1490/1382 3547/1505/1394
f 1594/1503/1392 1589/1502/1391 1607/1527/1410
f 1596/1540/1416 1609/1529/1412 1595/1531/1413
f 3541/4533/1409 1609/4536/1412 3549/1519/1397 1604/1518/1405
f 1597/1488/1380 1612/1511/1400 1608/1538/1415
f 1572/1500/1384 1611/1533/1414 3550/1512/1401
f 3540/1534/1379 3550/1512/1401 1570/4537/1377
f 1599/1494/1386 1600/1497/1388 1609/4536/1412
f 1609/4536/1412 3541/4533/1409 1599/1494/1386
f 1597/1488/1380 1608/1538/1415 1601/1493/1385
f 1607/1527/1410 3541/1526/1409 1594/1503/1392
f 1570/1485/1377 3550/4535/1401 1606/1523/1407
f 1837/1545/1421 1617/1544/1420 1625/1556/1430 1842/4538/1692
f 1611/1535/1414 1610/1536/1411 1603/1515/1404
f 1603/1515/1404 3548/1514/1403 1611/1535/1414
f 1611/1533/1414 3548/4534/1403 3550/1512/1401
f 1602/1509/1398 3549/1508/1397 1609/1529/1412
f 1613/1568/1441 1621/1571/1431 1614/1891/1682
f 1616/1897/1426 1624/1572/1425 1615/1541/1417
f 1839/4539/3456 1838/1900/1687 1621/1557/1431 1622/1560/1434
f 1838/1900/1687 1614/1899/1682 1621/1557/1431
f 1624/1551/1425 1841/1550/1424 1842/1906/1692 1625/1566/1430
f 1618/1561/1435 1619/1902/1423 1623/1564/1438
f 1619/1549/1423 3552/1548/1418 1623/4540/1438
f 1622/1560/1434 1620/1546/1422 1843/1553/1427 1839/4539/3456
f 1637/1581/1450 1633/1554/1428 1620/1546/1422 1622/1560/1434
f 1617/1544/1420 1633/1554/1428 1632/1555/1429
f 1643/1559/1433 1637/1581/1450 1622/1560/1434
f 3552/1548/1418 1641/4541/1446 1623/4540/1438
f 1625/1566/1430 1632/4542/1429 1638/1567/1440
f 1624/1551/1425 1638/1567/1440 1639/1588/1455
f 1641/1577/1446 3552/1542/1418 1615/1541/1417 1635/1573/1443
f 1613/1568/1441 3551/1895/1439 1634/1569/1437
f 1636/1570/1442 3553/1575/1432 1621/1571/1431
f 1624/1572/1425 1639/4543/1455 1635/1573/1443
f 1651/1604/1471 1705/1678/1525 1648/1681/1467 3555/4544/3457
f 1659/4545/3458 1660/1574/1444 1636/1570/1442
f 1636/1570/1442 3554/4546/1453 1659/4545/3458
f 1661/1578/1447 1641/1577/1446 1635/1573/1443
f 1662/1579/1448 1635/1573/1443 1639/4543/1455
f 1630/4547/1457 1632/1555/1429 1626/4548/3459
f 1627/1583/1451 1628/1580/1449 1643/1559/1433
f 1643/1559/1433 3553/1558/1432 1627/1583/1451
f 1665/1614/1445 1640/1616/1454 1641/4541/1446
f 1629/1589/1456 1639/1588/1455 1638/1567/1440
f 1630/1590/1457 1638/1567/1440 1632/4542/1429
f 1631/1591/1458 1637/1581/1450 1628/1580/1449
f 1636/1570/1442 1634/1569/1437 3554/4546/1453
f 1640/1616/1454 1642/4549/1436 1623/4540/1438
f 1640/1616/1454 1623/4540/1438 1641/4541/1446
f 1642/1562/1436 3554/1585/1453 1634/1563/1437
f 1626/4548/3459 1632/1555/1429 1633/1554/1428
f 1626/4548/3459 1633/1554/1428 1631/1591/1458
f 1702/1612/1479 1654/1611/1478 3566/1675/1522
f 1704/1594/1461 1658/1593/1460 1644/4550/3460
f 1654/1626/1478 1653/1595/1462 1706/1597/1464 3566/1683/1522
f 1705/1678/1525 1651/1604/1471 1650/1606/1473
f 1645/4551/3461 1646/1602/1469 1652/1601/1468
f 1652/1601/1468 1703/4552/1474 1645/4551/3461
f 1703/4552/1474 1652/1601/1468 1667/1620/1484 3556/1628/1475
f 1647/1598/1465 1644/4553/3460 1657/1599/1466
f 1648/1600/1467 1657/1599/1466 3555/4554/3457
f 1650/1606/1473 1652/1601/1468 1649/1603/1470
f 3558/4555/1480 1656/1684/1459 1655/1686/1463 1671/1615/1481
f 1655/1686/1463 1653/1624/1462 1671/1615/1481
f 3557/1610/1477 1669/1609/1476 1659/4545/3458 3554/4546/1453
f 1644/4553/3460 3559/1617/1482 1657/1599/1466
f 1668/1605/1472 1667/1620/1484 1652/1601/1468
f 1702/1612/1479 1703/1607/1474 1669/1609/1476
f 1669/1609/1476 3557/1610/1477 1702/1612/1479
f 1656/1592/1459 3558/1613/1480 1658/1593/1460
f 1644/4550/3460 1658/1593/1460 3559/1618/1482
f 1660/1574/1444 1659/4545/3458 1669/1609/1476 3556/1608/1475
f 1626/4548/3459 1663/1621/1485 1670/4556/1487 1630/4547/1457
f 1662/1579/1448 3559/1618/1482 1661/1578/1447
f 1672/1619/1483 1666/1622/1486 1631/1591/1458 1628/1580/1449
f 1663/1621/1485 1626/4548/3459 1631/1591/1458
f 1627/1583/1451 1660/1582/1444 3556/1628/1475
f 1627/1583/1451 1672/1619/1483 1628/1580/1449
f 1664/1584/1452 3557/1627/1477 3554/1585/1453
f 1665/1614/1445 3558/4555/1480 1671/1615/1481
f 1640/1616/1454 1671/1615/1481 1664/1625/1452
f 1630/1590/1457 1670/1623/1487 1629/1589/1456
f 1666/1622/1486 1663/1621/1485 1631/1591/1458
f 3555/4544/3457 1670/4556/1487 1663/1621/1485 1651/1604/1471
f 1661/1578/1447 1658/1593/1460 3558/1613/1480
f 1666/1622/1486 1672/1619/1483 1668/1605/1472
f 1670/1623/1487 3555/4554/3457 1657/1599/1466
f 1629/1589/1456 1657/1599/1466 3559/1617/1482
f 1663/1621/1485 1668/1605/1472 1651/1604/1471
f 1683/1629/1488 1673/1458/1354 1559/1460/1356 3562/1646/1501
f 3563/1664/1499 1684/1663/1515 1674/1484/1376 1567/1483/1362
f 3561/1479/1373 1674/1484/1376 1684/1663/1515 1693/1662/1514
f 1693/4557/1514 1680/1670/1518 1677/4528/3455 3561/4525/1373
f 1557/4521/3452 1560/1631/1489 1678/1633/1491
f 1678/1633/1491 1562/1471/1365 1557/4521/3452
f 1558/1635/1493 1682/1634/1492 1679/1636/1494
f 1559/1637/1356 1679/1636/1494 3562/4558/1501
f 3560/1465/1361 1683/1639/1488 1675/1461/1357
f 1676/1467/1358 3563/1644/1499 1567/1468/1362
f 1560/4529/1489 1677/4528/3455 1680/1670/1518 1692/1669/1490
f 1698/1668/1517 1697/1658/1511 1691/1660/1513 1720/4559/1538
f 1561/1469/1363 1681/1638/1495 1682/1634/1492
f 1562/1471/1365 1678/1633/1491 1681/1638/1495
f 1682/1634/1492 1694/1645/1500 1679/1636/1494
f 1675/1461/1357 3565/1640/1496 3564/4560/1497
f 1683/1629/1488 1695/1647/1502 3565/1667/1496
f 1719/4561/1510 3565/1667/1496 1685/1648/1503
f 1687/1666/1516 1715/4562/1512 1697/1661/1511
f 1687/1666/1516 1699/1665/1498 1690/1694/1537
f 1688/1673/1520 1721/1698/1541 1696/1674/1521
f 1688/1673/1520 1698/4563/1517 1720/1695/1538
f 1717/1652/1507 1700/1655/1504 1701/1653/1508
f 1689/1672/1519 1690/1701/1537 1699/1642/1498
f 1701/1653/1508 1696/1674/1521 1721/1698/1541 1718/1651/1506
f 1679/1636/1494 1701/1653/1508 1700/1655/1504 3562/4558/1501
f 1687/1666/1516 1697/1661/1511 1684/1663/1515
f 1684/1663/1515 3563/1664/1499 1687/1666/1516
f 1700/1649/1504 1695/1647/1502 3562/1646/1501
f 1696/1674/1521 1701/1653/1508 1694/1645/1500
f 1696/1674/1521 1694/1645/1500 1681/1638/1495
f 1697/1658/1511 1698/1668/1517 1680/1670/1518
f 1680/1670/1518 1693/4557/1514 1697/1658/1511
f 1699/1642/1498 3564/1641/1497 1689/1672/1519
f 3569/1656/1509 3564/4560/1497 3565/1640/1496
f 1698/4563/1517 1688/1673/1520 1678/1633/1491 1692/1632/1490
f 1701/1653/1508 1679/1636/1494 1694/1645/1500
f 1678/1633/1491 1696/1674/1521 1681/1638/1495
f 1703/1607/1474 1702/1612/1479 1714/1676/1523 3568/1702/1543
f 3568/1707/1543 1708/1706/1545 1645/4551/3461 1703/4552/1474
f 1644/4550/3460 1722/1691/1534 1704/1594/1461
f 1646/1602/1469 1645/4551/3461 1708/1706/1545 1713/1687/1530
f 1712/4564/3462 1647/1598/1465 1648/1600/1467 1707/4565/1527
f 1706/1597/1464 1655/1596/1463 1709/1682/1528
f 1656/1684/1459 1711/4566/1524 1710/1685/1529
f 1655/1686/1463 1710/1685/1529 1709/1704/1528
f 1722/1703/1534 1644/4553/3460 1647/1598/1465 1712/4564/3462
f 1719/4561/1510 1685/1648/1503 1725/1693/1536 1727/4567/1533
f 1649/1603/1470 1646/1602/1469 1713/1687/1530
f 1705/1678/1525 1723/1688/1531 1729/1689/1532
f 1727/1690/1533 1725/4568/1536 3566/1683/1522
f 1707/4565/1527 1729/4569/1532 1712/4564/3462
f 1714/1676/1523 3566/1675/1522 1725/1693/1536
f 1704/1594/1461 1724/1692/1535 1711/1677/1524
f 1718/1651/1506 1721/1698/1541 1726/1697/1540 1728/1705/1544
f 1687/1666/1516 1724/1692/1535 1715/4562/1512
f 1716/1696/1539 1720/1695/1538 1729/1689/1532
f 1717/1652/1507 1718/1651/1506 1728/1705/1544
f 1719/1657/1510 3570/1699/1542 3569/1656/1509
f 1720/4559/1538 1691/1660/1513 1729/4569/1532
f 1713/1687/1530 1728/1705/1544 1726/1697/1540 1723/1688/1531
f 1690/1694/1537 1711/1677/1524 1724/1692/1535
f 1715/4562/1512 1724/1692/1535 1722/1691/1534
f 1725/1693/1536 1686/1650/1505 1714/1676/1523
f 1750/1741/1575 1731/2392/2066 1740/2391/1561 1747/1742/1560
f 1691/1660/1513 1722/1703/1534 1712/4564/3462
f 1691/1660/1513 1712/4564/3462 1729/4569/1532
f 1690/1701/1537 1710/1685/1529 1711/4566/1524
f 1727/1690/1533 1709/1682/1528 3570/1699/1542
f 1717/1652/1507 1728/1705/1544 1708/1706/1545
f 1708/1706/1545 3568/1707/1543 1717/1652/1507
f 1716/1696/1539 1729/1689/1532 1723/1688/1531
f 1716/1696/1539 1723/1688/1531 1726/1697/1540
f 1732/2395/2069 3573/1745/1578 3572/4570/1550
f 2180/1715/1549 1736/1718/1555 2179/2399/2072
f 1733/1719/1556 1734/2398/2071 1737/1720/1557
f 1734/4571/2071 3574/4572/3463 1737/1747/1557
f 2183/1714/1552 1745/1713/1551 1738/1723/1559
f 2183/1714/1552 1738/1723/1559 1740/1725/1561
f 1735/1726/1562 3573/1745/1578 1732/2395/2069
f 3572/4570/1550 3573/1745/1578 1745/4573/1551
f 2180/1715/1549 1739/4574/1548 3577/1716/1553
f 1752/1717/1554 1748/1727/1563 1736/1718/1555
f 1746/1721/1558 1749/4575/1577 3571/1722/1547
f 3574/4572/3463 3579/4576/1569 1737/1747/1557
f 1748/1727/1563 3573/1745/1578 1735/1726/1562
f 1739/1710/1548 3571/1709/1547 1749/1744/1577
f 1749/1744/1577 3577/1731/1553 1739/1710/1548
f 3579/1734/1569 3574/4577/3463 1731/2392/2066 1750/1741/1575
f 1744/1738/1572 1752/1717/1554 1780/1737/1571 1767/1739/1573
f 1766/1735/1570 3579/1734/1569 1750/1741/1575
f 1766/1735/1570 1750/1741/1575 1743/1743/1576
f 1741/4578/3464 1753/4579/3465 3573/1745/1578
f 1741/4578/3464 3573/1745/1578 3576/1740/1574
f 1738/1723/1559 1742/1791/1613 1743/1790/1576 1747/1724/1560
f 1752/1717/1554 3577/1716/1553 1780/1737/1571
f 1769/1788/1610 3578/1746/1579 3575/1748/1568
f 1744/1738/1572 3576/1740/1574 3573/1745/1578
f 1745/1713/1551 1753/4580/3465 1742/1791/1613 1738/1723/1559
f 1749/4575/1577 1746/1721/1558 3582/1750/1567 1751/4581/1566
f 3578/1746/1579 1746/4582/1558 1737/1747/1557
f 3575/1748/1568 1737/1747/1557 3579/4576/1569
f 1807/4583/1581 1816/1866/1666 1760/1763/1592 1763/1798/1608
f 1752/1717/1554 1744/1738/1572 1748/1727/1563
f 1753/4579/3465 1745/4573/1551 3573/1745/1578
f 1754/1753/1582 1807/1752/1581 1763/1784/1608
f 1755/1755/1584 1808/1757/1586 1813/1876/1597
f 1756/1758/1587 1809/1760/1589 3591/1860/1600
f 1816/1866/1666 1810/1761/1590 1760/1763/1592
f 1781/1800/1617 1756/1758/1587 3591/1860/1600 1773/1801/1606
f 1811/1861/1663 3590/1764/1583 1757/1766/1593
f 1757/1766/1593 3581/1778/1596 1811/1861/1663
f 3581/1769/1596 1812/1768/1595 1811/1864/1663
f 1758/1767/1594 1813/1771/1597 1812/1768/1595
f 1776/4584/1605 3580/1756/1585 1755/1755/1584 1775/1794/1604
f 1756/1758/1587 1781/1800/1617 1762/1759/1588
f 1760/1763/1592 1759/1762/1591 1771/1799/1616
f 1771/1799/1616 1763/1798/1608 1760/1763/1592
f 1757/1766/1593 1754/1765/1582 1779/1777/1602
f 1779/1777/1602 1772/1797/1603 3581/1778/1596
f 1758/1767/1594 1772/1779/1603 1775/1780/1604
f 1761/1773/1598 1776/1781/1605 1773/1782/1606
f 1778/1783/1607 1771/1799/1616 1759/1762/1591
f 1774/1785/1609 1779/1796/1602 1754/1753/1582
f 1766/1735/1570 1777/1793/1615 3583/1795/1612 3575/1733/1568
f 1764/1728/1564 3582/1732/1567 1779/1796/1602
f 1777/1793/1615 1766/1735/1570 1743/1743/1576 1776/4584/1605
f 1781/1800/1617 1741/4578/3464 3576/1740/1574 1762/1759/1588
f 1770/1802/1614 1753/4579/3465 1741/4578/3464
f 1765/1729/1565 1764/1728/1564 1774/1785/1609 1763/1784/1608
f 1741/4578/3464 1781/1800/1617 1770/1802/1614
f 3582/1750/1567 3578/1749/1579 1768/1787/1611
f 1768/1787/1611 1769/1786/1610 1772/1797/1603
f 1768/1787/1611 1779/1777/1602 3582/1750/1567
f 1769/1788/1610 3583/1789/1612 1772/1779/1603
f 1770/1792/1614 1742/1791/1613 1753/4580/3465
f 3576/1740/1574 1767/1739/1573 1778/1783/1607
f 1778/1783/1607 1762/1759/1588 3576/1740/1574
f 1777/1793/1615 1776/4584/1605 1775/1794/1604
f 3613/4585/1751 1893/1803/1618 1791/1805/1620 1786/1853/1638
f 1778/1783/1607 1767/1739/1573 1771/1799/1616
f 1770/1792/1614 1773/1782/1606 1776/1781/1605
f 3583/1789/1612 1775/1780/1604 1772/1779/1603
f 1780/1737/1571 1765/1736/1565 1763/1798/1608
f 1796/1844/1652 1799/1854/1659 1826/1881/1677 1827/1845/1653
f 1782/1809/1624 1895/1808/1623 3615/1998/1763
f 1896/1810/1625 1792/1807/1622 1801/4586/1634
f 1783/1811/1626 1897/1813/1628 1900/1979/1748
f 1788/1816/1631 3584/1817/1621 1784/1814/1629
f 1785/1826/1637 3613/1982/1751 1786/1827/1638
f 1785/1826/1637 3585/1829/1633 1899/1983/1632
f 1782/1819/1624 3615/4587/1763 1899/1820/1632
f 1905/1824/1635 1801/1823/1634 1789/1831/1641
f 1905/1824/1635 1789/1831/1641 1783/1833/1626
f 1783/1833/1626 1900/1990/1748 1905/1824/1635
f 1790/1812/1627 1787/1815/1630 1901/1825/1636
f 1783/1811/1626 3588/1841/1642 3587/1843/1651
f 1783/1811/1626 3587/1843/1651 1790/1812/1627
f 1788/1816/1631 1787/1815/1630 1800/1834/1643
f 1800/1834/1643 1790/1812/1627 3587/1843/1651
f 3589/1835/1644 1786/1853/1638 1791/1805/1620
f 1782/1809/1624 3586/4588/1640 1792/1807/1622
f 1820/1838/1647 1823/4589/3466 1793/1836/1645
f 1793/1836/1645 3589/1835/1644 1794/1837/1646
f 1798/4590/1658 3592/4591/1681 1795/1879/1675
f 3588/1841/1642 1822/1840/1649 1821/1842/1650
f 3587/1843/1651 1821/1842/1650 1826/1881/1677
f 1805/1846/1654 1794/1882/1646 3589/4592/1644
f 1797/1849/1657 1793/1857/1645 1823/4593/3466
f 1823/4593/3466 3595/1847/1655 1797/1849/1657
f 1798/1850/1658 1824/1852/1656 3592/1889/1681
f 1803/1855/1648 1825/1884/1679 1822/1887/1649
f 1825/1884/1679 1803/1855/1648 1802/1856/1660
f 1792/1807/1622 1795/1879/1675 1802/1878/1660 1801/4586/1634
f 1799/1854/1659 3587/1843/1651 1826/1881/1677
f 3586/4588/1640 1798/4590/1658 1795/1879/1675 1792/1807/1622
f 3596/4594/1669 1832/1886/1680 1806/1751/1580 3590/1754/1583
f 1799/1854/1659 1796/1844/1652 1800/1834/1643
f 1803/1855/1648 3588/1832/1642 1789/1831/1641
f 1803/1855/1648 1789/1831/1641 1801/1823/1634
f 1798/1850/1658 3586/1830/1640 3585/1821/1633
f 1798/1850/1658 3585/1821/1633 1804/1851/1639
f 1804/1828/1639 1786/1827/1638 1797/1849/1657
f 1805/1846/1654 3589/4592/1644 3584/1817/1621
f 1788/1816/1631 1800/1834/1643 1796/1844/1652
f 1808/1757/1586 1830/1858/1661 1819/1874/1674
f 1808/1757/1586 1819/1874/1674 1813/1876/1597
f 1809/1760/1589 1828/1873/1673 1815/1859/1662
f 3591/1860/1600 1815/1859/1662 3593/4595/1665
f 3580/1772/1585 1818/1774/1599 1830/4596/1661
f 1814/1776/1601 1828/1873/1673 1809/1760/1589
f 1816/1866/1666 1807/4583/1581 3594/1867/1667
f 1836/1868/1668 1831/1871/1671 1810/1761/1590
f 1812/1768/1595 1829/1870/1670 1817/1863/1664
f 1818/1774/1599 3593/1865/1665 1830/4596/1661
f 1814/1776/1601 1810/1761/1590 1831/1871/1671
f 1807/1752/1581 1806/1751/1580 1832/1886/1680 3594/1877/1667
f 1823/4589/3466 1820/1838/1647 1832/1886/1680 3596/4594/1669
f 1833/1880/1676 1795/1879/1675 3592/4591/1681
f 1802/1878/1660 1833/1880/1676 1835/1885/1678
f 1836/1868/1668 3594/1867/1667 1805/1846/1654
f 1824/1852/1656 3595/1888/1655 3592/1889/1681
f 1825/1884/1679 1835/1883/1678 1822/1887/1649
f 1833/1880/1676 1829/1875/1670 1819/1874/1674
f 1833/1880/1676 1819/1874/1674 1830/1858/1661
f 3595/1847/1655 1823/4593/3466 3596/1869/1669 1817/1862/1664
f 1834/1872/1672 1831/1871/1671 1827/1845/1653
f 1835/1883/1678 1830/4596/1661 3593/1865/1665
f 3595/1888/1655 1817/1863/1664 1829/1870/1670
f 1883/1969/1741 1877/1976/1746 1851/1925/1707 1855/1938/1716
f 1836/1868/1668 1827/1845/1653 1831/1871/1671
f 1822/1840/1649 3593/4595/1665 1815/1859/1662
f 1821/1842/1650 1815/1859/1662 1828/1873/1673
f 1821/1842/1650 1828/1873/1673 1834/1872/1672
f 1613/1568/1441 1614/1891/1682 1847/1893/1684
f 1847/1893/1684 3603/1894/1685 1613/1568/1441
f 1615/1541/1417 3598/1543/1419 1848/1896/1686
f 1616/1897/1426 1848/1896/1686 1860/4597/1690
f 1842/4538/1692 3601/1907/1693 1837/1545/1421
f 1838/1900/1687 1839/4539/3456 1844/1911/1697
f 1844/1911/1697 3597/1898/1683 1838/1900/1687
f 1618/1561/1435 3551/1565/1439 1840/1901/1688
f 1840/1901/1688 3551/1565/1439 3603/1912/1685
f 1619/1549/1423 1840/1914/1688 1845/1903/1689
f 1841/1550/1424 1860/1904/1690 1846/1905/1691
f 1842/1906/1692 1846/1905/1691 3601/4598/1693
f 1843/1553/1427 1844/1911/1697 1839/4539/3456
f 1858/1913/1698 1862/1931/1699 1840/1901/1688
f 1845/1903/1689 1862/1915/1699 3600/1916/1700
f 1859/1909/1695 1857/1910/1696 1844/1911/1697
f 3598/1543/1419 3600/4599/1700 1848/1896/1686
f 1889/1917/1701 3608/4600/1708 1849/1918/1702
f 1853/4601/1712 3609/1963/1737 1850/1964/1738
f 3599/1965/1715 1861/4602/1713 1850/1964/1738
f 1854/1921/1705 1876/1977/1744 1875/1922/1706
f 1856/1908/1694 1875/1922/1706 1882/1967/1740
f 1848/1896/1686 1850/1964/1738 1861/4602/1713 1860/4597/1690
f 1877/1976/1746 1878/1923/1704 1851/1925/1707
f 1852/1930/1711 1849/1926/1702 1879/1928/1709
f 1853/1932/1712 1880/1933/1710 3609/1968/1737
f 1854/1934/1705 1881/1936/1714 1876/1974/1744
f 1882/1967/1740 1883/1969/1741 1855/1938/1716
f 1855/1938/1716 1856/1908/1694 1882/1967/1740
f 3600/4599/1700 1853/4601/1712 1850/1964/1738 1848/1896/1686
f 3603/1894/1685 1847/1893/1684 3602/1919/1703 1849/1918/1702
f 1849/1926/1702 1852/1930/1711 1858/1913/1698 3603/1912/1685
f 1847/1893/1684 3597/1892/1683 3602/1919/1703
f 1854/1934/1705 3601/4598/1693 1846/1905/1691
f 1861/1935/1713 1846/1905/1691 1860/1904/1690
f 1853/1932/1712 3600/1916/1700 1862/1915/1699
f 3607/4603/1734 1872/1949/1725 1924/2033/1788 1864/2032/1780
f 1851/1925/1707 3602/1924/1703 3597/1898/1683
f 1854/1921/1705 1856/1908/1694 3601/1907/1693
f 1863/1957/1732 3607/1959/1734 1864/2023/1780
f 1867/2030/1787 3606/1945/1721 3605/1947/1723
f 3612/1951/1727 1886/1971/1742 1871/2040/1793 1872/1949/1725
f 1874/1954/1724 1927/2037/1790 3605/4604/1723
f 1927/2037/1790 1874/1954/1724 1866/1956/1731
f 3606/1945/1721 1890/1966/1739 1884/1946/1722
f 1872/1949/1725 3607/4603/1734 3611/1950/1726
f 3604/1941/1719 1873/1940/1718 1885/1975/1745
f 1885/1975/1745 1887/4605/1733 3604/1941/1719
f 1869/1942/1720 3610/1953/1729 1873/1943/1718
f 1874/1954/1724 1884/1973/1722 1891/1972/1743
f 1874/1954/1724 1891/1972/1743 1892/1955/1730
f 3606/1945/1721 1871/2040/1793 1886/1971/1742 1890/1966/1739
f 3610/4606/1729 1870/4607/1728 1865/1962/1736 1888/1961/1735
f 1863/1957/1732 3604/4608/1719 1887/1958/1733
f 1866/1960/1731 1892/4609/1730 1888/1961/1735
f 3608/4600/1708 1889/1917/1701 3607/1959/1734 1887/1958/1733
f 1889/1917/1701 1878/1920/1704 3611/1970/1726
f 3599/1965/1715 1888/1961/1735 1892/4609/1730
f 1877/1976/1746 3611/1950/1726 1878/1923/1704
f 1879/1928/1709 1873/1940/1718 1880/1929/1710
f 1880/1933/1710 1873/1943/1718 3610/1953/1729
f 1881/1936/1714 1892/1955/1730 1891/1972/1743
f 1881/1936/1714 1891/1972/1743 1876/1974/1744
f 3609/1963/1737 3610/4606/1729 1888/1961/1735
f 1887/4605/1733 1885/1975/1745 1879/1928/1709 3608/1927/1708
f 1886/1971/1742 3612/1951/1727 1883/1969/1741
f 3614/4610/1761 1903/1980/1749 1784/1814/1629 1894/1818/1619
f 1877/1976/1746 1883/1969/1741 3612/1951/1727
f 1875/1922/1706 1884/1946/1722 1890/1966/1739
f 1893/1803/1618 3614/1996/1761 1894/1804/1619
f 1897/1813/1628 1921/1994/1760 1902/1978/1747
f 1911/1997/1762 1895/1808/1623 1896/1810/1625 1912/2014/1758
f 1898/1981/1750 1899/1983/1632 1904/1989/1757
f 1899/1820/1632 3615/4587/1763 1904/2019/1757
f 1901/1825/1636 1787/1815/1630 1903/1980/1749
f 1901/1825/1636 1921/1994/1760 1897/1813/1628
f 1903/1980/1749 3614/4610/1761 3618/1985/1753
f 1919/1986/1754 1913/1993/1759 1903/1980/1749
f 3615/4587/1763 1911/2021/1762 1904/2019/1757
f 1905/1824/1635 3617/1991/1752 1912/1992/1758
f 1901/1825/1636 1903/1980/1749 1913/1993/1759
f 1893/1803/1618 3613/4585/1751 1914/1995/1756
f 1910/2009/1771 1919/1986/1754 1946/2005/1768 1936/2010/1772
f 1907/4611/3467 1920/4612/1778 1921/1994/1760
f 1907/4611/3467 1921/1994/1760 3616/2011/1773
f 3617/1991/1752 1909/2016/1777 1917/2058/1776 1912/1992/1758
f 1919/1986/1754 3618/1985/1753 1946/2005/1768
f 1914/1988/1756 3619/1987/1755 1937/2006/1769
f 1938/2056/1770 3619/2018/1755 1918/2020/1779
f 1910/2009/1771 3616/2011/1773 1921/1994/1760
f 1915/2013/1775 1911/1997/1762 1912/2014/1758
f 3614/1996/1761 1914/1995/1756 1916/2001/1766
f 3604/4608/1719 1863/1957/1732 1932/2024/1781 1925/2052/1796
f 1918/2020/1779 1904/2019/1757 1911/2021/1762
f 1919/1986/1754 1910/2009/1771 1913/1993/1759
f 1920/4612/1778 3617/1984/1752 1902/1978/1747
f 1920/4612/1778 1902/1978/1747 1921/1994/1760
f 1929/2039/1792 1928/2038/1791 1945/2049/1800 1940/2041/1794
f 1922/2027/1784 1865/1962/1736 1870/4607/1728
f 1923/2028/1785 1867/2030/1787 3605/1947/1723
f 1924/2033/1788 1872/1949/1725 1929/2039/1792
f 1929/2039/1792 3620/2031/1782 1924/2033/1788
f 1868/1939/1717 3604/1941/1719 1925/2044/1796
f 1925/2044/1796 1926/2043/1789 1868/1939/1717
f 1926/2035/1789 1869/1942/1720 1868/1944/1717
f 1926/2035/1789 1870/1952/1728 1869/1942/1720
f 1927/2037/1790 1933/2036/1783 1930/2046/1798
f 1927/2037/1790 1930/2046/1798 1923/2048/1785
f 1923/2048/1785 3605/4604/1723 1927/2037/1790
f 1871/2040/1793 3606/1945/1721 1928/2038/1791
f 1928/2038/1791 1929/2039/1792 1871/2040/1793
f 1923/2028/1785 3623/2065/1799 1947/2064/1809
f 1923/2028/1785 1947/2064/1809 1931/2029/1786
f 1941/2062/1802 1942/2042/1795 1925/2044/1796
f 1926/2035/1789 1942/4613/1795 3622/2045/1797
f 1933/2036/1783 3626/2060/1807 1930/2046/1798
f 1944/2055/1805 1915/2013/1775 1917/2015/1776 3626/2061/1807
f 3624/2050/1801 1941/2051/1802 1932/2024/1781
f 1922/2027/1784 3622/4614/1797 1943/2053/1803
f 1933/2026/1783 1943/2053/1803 3626/2061/1807
f 1934/1999/1764 1908/2003/1767 3621/4615/1808
f 1934/1999/1764 3624/2050/1801 1935/2000/1765
f 1944/2055/1805 1906/2012/1774 1915/2013/1775
f 1947/2064/1809 1907/4611/3467 3616/2011/1773 1931/2029/1786
f 1939/2066/1806 1920/4612/1778 1907/4611/3467
f 3622/4614/1797 3625/2054/1804 1944/2055/1805 1943/2053/1803
f 1907/4611/3467 1947/2064/1809 1939/2066/1806
f 1946/2005/1768 1935/2004/1765 3624/4616/1801
f 1937/2006/1769 3621/2063/1808 1908/2007/1767
f 1937/2006/1769 1938/2008/1770 1942/2042/1795
f 3625/2057/1804 1918/2020/1779 1906/2022/1774
f 1938/2056/1770 3625/2057/1804 1942/4613/1795
f 1939/2059/1806 1909/2016/1777 1920/2017/1778
f 3616/2011/1773 1936/2010/1772 1945/2049/1800
f 1945/2049/1800 1931/2029/1786 3616/2011/1773
f 1976/2101/1839 1950/689/770 1960/4617/1811 3630/4618/1828
f 1934/1999/1764 3621/4615/1808 1941/2051/1802
f 1945/2049/1800 1936/2010/1772 1940/2041/1794
f 1939/2059/1806 3623/2047/1799 1930/2046/1798
f 1939/2059/1806 1930/2046/1798 3626/2060/1807
f 3625/2057/1804 3622/2045/1797 1942/4613/1795
f 1946/2005/1768 3624/4616/1801 3620/2031/1782
f 1063/682/763 1956/685/766 1961/2086/1821
f 1961/2086/1821 3632/2069/1812 1063/682/763
f 1951/691/760 1960/4617/1811 1950/689/770
f 1952/694/774 1969/2074/1817 1953/2076/1810
f 1952/694/774 1954/4619/775 1969/2074/1817
f 1955/702/778 1961/2082/1821 1956/698/766
f 1959/2072/1815 1970/2115/1819 1949/686/767
f 3631/2084/1823 1958/2083/1822 1950/689/770 1976/2101/1839
f 1992/4620/1872 1996/2139/1869 1967/2081/1820 1965/2112/1833
f 1955/702/778 1949/703/767 1970/2080/1819
f 1967/2081/1820 1972/2108/1825 1961/2082/1821
f 1957/2073/1816 3631/2084/1823 3629/2109/1844
f 1957/2073/1816 3629/2109/1844 1959/2072/1815
f 1953/2067/1810 1968/2110/1818 1973/2085/1824
f 1960/2068/1811 1973/2085/1824 3630/2090/1828
f 1962/2091/1829 3630/2090/1828 1973/2085/1824
f 1962/2091/1829 1973/2085/1824 1975/2111/1840
f 1963/2094/1832 1964/2092/1830 1971/2088/1826
f 1971/2088/1826 1972/2087/1825 1963/2094/1832
f 1991/2097/1835 1992/2143/1872 1965/2095/1833
f 1965/2095/1833 3629/2109/1844 1997/2096/1834
f 1993/2098/1836 1977/2100/1838 1976/2101/1839
f 1994/2102/1827 1976/2101/1839 3630/4618/1828
f 1966/2113/1845 3628/4621/1843 1974/2114/1841
f 1966/2113/1845 3632/2078/1812 1964/4622/1830
f 1996/2139/1869 3633/2107/1831 1967/2081/1820
f 2040/2202/1921 1983/4623/3468 1987/4624/3469 3641/2200/1916
f 1977/2100/1838 2006/2099/1837 1997/2096/1834
f 1974/2104/1841 1968/2075/1818 1969/2074/1817
f 1977/2100/1838 3631/2084/1823 1976/2101/1839
f 1978/2187/1910 2039/2191/1914 1979/2188/1911
f 1980/2203/1922 1981/2116/1846 1990/2118/1848
f 1990/2118/1848 3640/4625/1857 1980/2203/1922
f 1982/2121/1851 2037/2120/1850 1985/2142/1871
f 2038/2123/1853 1986/2125/1855 2039/4626/1914
f 1983/4623/3468 2040/2202/1921 2041/4627/1912
f 1983/4623/3468 2041/4627/1912 1979/4628/1911
f 2037/4629/1850 2043/2126/1856 1988/2128/1858 1985/4630/1871
f 1984/2194/1847 3641/2193/1916 1987/4631/3469
f 2003/4632/1868 2039/4626/1914 1986/2125/1855 2007/2132/1862
f 2044/2122/1852 1982/2121/1851 1989/2129/1859
f 2046/2124/1854 1989/2129/1859 1986/2125/1855
f 1985/2142/1871 1998/2130/1860 1982/2121/1851
f 1986/2125/1855 2001/2131/1861 2007/2132/1862
f 1984/2194/1847 1987/4631/3469 3634/4633/1870 1999/4634/3470
f 1983/4623/3468 3635/4635/1865 3634/2141/1870
f 1983/4623/3468 3634/2141/1870 1987/4624/3469
f 2002/2136/1866 1979/2188/1911 2039/2191/1914 2003/2138/1868
f 1988/2128/1858 3640/2127/1857 2000/2140/1863
f 1989/2129/1859 1998/2130/1860 2001/2131/1861
f 3635/2135/1865 1983/4636/3468 1979/2188/1911 2002/2136/1866
f 1975/2111/1840 3635/2135/1865 2005/2137/1867 1962/2091/1829
f 1990/2118/1848 1984/2117/1847 1999/4637/3470
f 1990/2118/1848 2000/2133/1863 3640/4625/1857
f 2004/4638/1864 3628/4621/1843 1966/2113/1845 1964/4622/1830
f 1962/2091/1829 2005/2137/1867 1994/2089/1827
f 1963/2094/1832 3633/2093/1831 2000/2133/1863
f 1963/2094/1832 2004/2134/1864 1964/2092/1830
f 1991/2097/1835 1997/2096/1834 1998/2130/1860
f 1993/2098/1836 2007/2132/1862 2006/2099/1837
f 3635/4635/1865 1975/2103/1840 1995/2105/1842
f 1999/4634/3470 3634/4633/1870 3628/4621/1843 2004/4638/1864
f 1996/2139/1869 2000/2140/1863 3633/2107/1831
f 1997/2096/1834 2006/2099/1837 1998/2130/1860
f 1990/2118/1848 1999/4637/3470 2004/2134/1864
f 2005/2137/1867 2002/2136/1866 2003/2138/1868
f 2006/2099/1837 2001/2131/1861 1998/2130/1860
f 1996/2139/1869 1992/4620/1872 1988/2128/1858
f 2030/4639/3471 2018/4640/3472 2125/2330/2021 2126/4641/1876
f 1995/2105/1842 3634/2141/1870 3635/4635/1865
f 1994/2102/1827 2003/4632/1868 2007/2132/1862
f 1985/2142/1871 1988/4642/1858 1992/2143/1872
f 2009/2313/2008 2008/2160/1889 2016/2164/1878
f 2119/2144/1873 2124/2318/2013 2017/2145/1874
f 2031/2146/1875 2030/4643/3471 2126/2147/1876
f 2010/2155/1884 2121/2320/2015 2014/2156/1885
f 2011/2154/1883 2029/2152/1881 2015/2186/1909
f 2011/2154/1883 2015/2186/1909 2012/2321/1892
f 2013/2148/1877 2009/4644/2008 2016/2149/1878
f 2123/2327/2019 2017/4645/1874 2124/2325/2013
f 2121/2328/2015 2125/2330/2021 2018/4640/3472 2014/4646/1885
f 3637/2151/1880 2010/2155/1884 2027/2157/1886 2026/2159/1888
f 2030/4639/3471 2025/2180/1897 2023/2182/1906 2018/4640/3472
f 2012/2321/1892 2015/2186/1909 2033/2185/1890
f 2028/2158/1887 2034/4647/1904 3636/2150/1879
f 2123/2327/2019 3636/4648/1879 2034/2178/1904
f 2123/2327/2019 2034/2178/1904 2017/4645/1874
f 2049/2165/1893 2052/4649/1901 2032/2162/1891
f 2048/2166/1894 2032/2162/1891 2033/2161/1890
f 2019/2168/1896 2020/2170/1898 2050/4650/1934
f 3643/2211/1929 2023/4651/1906 2051/4652/1932
f 3643/2211/1929 2035/2183/1907 2023/4651/1906
f 2021/2171/1895 2033/2185/1890 3639/2172/1899
f 2053/2176/1903 2050/2219/1934 2020/2177/1898
f 3638/2179/1902 2034/2178/1904 2028/4653/1887
f 2024/2181/1905 2051/2216/1932 2023/2182/1906
f 2035/2183/1907 3643/2211/1929 2054/2184/1908
f 2026/2159/1888 2054/2184/1908 2022/2173/1900
f 2022/2173/1900 3639/2172/1899 2026/2159/1888
f 2031/2146/1875 2025/2169/1897 2030/4643/3471
f 2031/2146/1875 2017/2145/1874 2020/2170/1898
f 2052/4649/1901 2016/2164/1878 2032/2162/1891
f 2026/2159/1888 3639/2172/1899 2029/2152/1881
f 2023/2182/1906 2014/4646/1885 2018/4640/3472
f 2014/2156/1885 2023/4651/1906 2035/2183/1907 2027/2157/1886
f 2034/2178/1904 2020/2177/1898 2017/4645/1874
f 2052/2174/1901 2028/2158/1887 2016/2149/1878
f 2035/2183/1907 2026/2159/1888 2027/2157/1886
f 2057/2215/1918 2045/2214/1931 2043/2126/1856 2037/4629/1850
f 1980/2203/1922 3640/4625/1857 2060/2204/1923
f 2036/2119/1849 2044/2122/1852 2047/2196/1917
f 2036/2119/1849 2057/2197/1918 2037/2120/1850
f 2039/4626/1914 3642/2198/1913 2038/2123/1853
f 3640/2127/1857 2043/2126/1856 2045/2214/1931 2060/2213/1923
f 3644/2212/1930 2046/2124/1854 2038/2123/1853 2055/2199/1919
f 2044/2122/1852 2046/2124/1854 2047/2196/1917
f 2062/2210/1928 2041/4627/1912 2040/2202/1921 2056/2201/1920
f 2059/2207/1926 1978/2187/1910 2041/2189/1912 2062/4654/1928
f 2042/2192/1915 1981/2195/1846 2058/4655/1924
f 2042/2192/1915 2056/2218/1920 3641/2193/1916
f 2046/2124/1854 3644/2212/1930 2047/2196/1917
f 2061/2220/1933 3638/2175/1902 2052/2174/1901 2062/2210/1928
f 1978/2187/1910 2059/2207/1926 3642/2190/1913
f 2048/2166/1894 2064/2206/1925 2059/2207/1926
f 2049/2165/1893 2059/2207/1926 2062/4654/1928
f 2019/2168/1896 2060/2204/1923 2025/2169/1897
f 2021/2171/1895 2063/2208/1927 2064/2221/1925
f 3643/2211/1929 2051/4652/1932 2057/2197/1918 2047/2196/1917
f 2053/2176/1903 3638/2179/1902 2061/2217/1933
f 2061/2217/1933 2050/2219/1934 2053/2176/1903
f 2024/2181/1905 2025/2180/1897 2060/2213/1923
f 2019/2168/1896 2050/4650/1934 2058/2205/1924
f 2058/2205/1924 2060/2204/1923 2019/2168/1896
f 2064/2206/1925 3642/2190/1913 2059/2207/1926
f 2054/2184/1908 2047/2196/1917 3644/2212/1930
f 2045/2214/1931 2057/2215/1918 2024/2181/1905
f 2042/2192/1915 2058/4655/1924 2050/2219/1934
f 2063/2208/1927 3644/2212/1930 2055/2199/1919
f 2064/2221/1925 2055/2199/1919 3642/2198/1913
f 2074/2244/1953 2293/4656/3473 2294/4657/2208 3647/4658/3474
f 3647/4659/3474 2294/2574/2208 2296/2230/1943 2071/2232/1942
f 2293/4656/3473 2074/2244/1953 2072/2246/1955
f 2065/2580/1946 3645/2240/1945 3693/2237/1948
f 2090/2258/1967 2082/4660/3475 3646/2224/1937 2069/2223/1936
f 2092/2239/1950 3648/2257/1966 3693/2237/1948
f 2089/2262/1971 2067/2233/1944 2072/4661/1955 2085/2265/1954
f 2070/2227/1940 2292/2226/1939 2083/4662/1951
f 2070/2227/1940 2084/4663/1975 2071/2229/1942
f 2071/2232/1942 2084/2268/1975 3647/4659/3474
f 2082/4664/3475 2088/2248/1957 2291/2243/1952 3646/2573/1937
f 2067/2233/1944 2089/2262/1971 3645/2234/1945
f 2073/2238/1949 3693/2237/1948 3648/2257/1966
f 2069/2223/1936 2073/2238/1949 2090/2258/1967
f 2087/2264/1973 2077/4665/2003 2076/2254/1963 2086/2253/1962
f 2088/2248/1957 2083/2241/1951 2291/2243/1952
f 2104/2251/1960 2075/2247/1956 2088/2248/1957
f 2088/2248/1957 2091/2249/1958 2104/2251/1960
f 2091/4666/1958 2090/2258/1967 2106/2260/1969 2107/2312/1959
f 2105/2256/1965 2092/2239/1950 2093/2270/1970
f 2086/2266/1962 2081/4667/1961 2080/2263/1972 2089/2262/1971
f 2078/4668/1976 2083/4662/1951 2075/4669/1956
f 2077/2303/2003 2087/4670/1973 2079/2267/1974
f 2084/2268/1975 2079/2267/1974 2087/4670/1973 3647/4659/3474
f 2109/2306/2005 3648/2257/1966 3650/2255/1964
f 2110/2259/1968 3648/2257/1966 2109/2306/2005
f 2086/2253/1962 2085/2245/1954 2074/2244/1953
f 2087/2264/1973 2074/2244/1953 3647/4658/3474
f 2088/2248/1957 2082/4664/3475 2091/2249/1958
f 2093/2261/1970 3645/2234/1945 2089/2262/1971
f 2112/2310/2007 2098/2279/1985 2101/2281/1987 3652/4671/1995
f 2078/4668/1976 2084/4663/1975 2070/2227/1940
f 2078/4668/1976 2070/2227/1940 2083/4662/1951
f 2090/2258/1967 2091/4666/1958 2082/4660/3475
f 2094/2296/1998 2095/4672/2046 3649/2297/1999
f 2094/2296/1998 3651/2299/2001 2153/4673/3476
f 2151/2276/1982 2103/2275/1981 2111/2277/1983
f 2152/2291/1994 2153/4674/3476 3651/2311/2001
f 2098/2279/1985 3649/2309/1999 2095/2360/2046
f 2101/2293/1987 2160/2366/1986 2099/2284/1988
f 2099/2284/1988 2100/2283/1978 2101/2293/1987
f 2155/2285/1984 2111/2307/1983 2102/2286/1989
f 2157/2290/1993 2103/2275/1981 2156/2274/1980
f 3651/2311/2001 3653/2289/1992 2152/2291/1994
f 2103/2275/1981 2157/2290/1993 2117/2295/1997 2114/2288/1991
f 2098/2279/1985 2112/2310/2007 3649/2309/1999
f 2100/2283/1978 3654/4675/3477 3652/2292/1995
f 2075/2247/1956 2104/2251/1960 2116/2298/2000 3649/2297/1999
f 2096/2271/1977 2113/2301/1996 2115/2302/2002
f 2100/2272/1978 2115/2302/2002 3654/4676/3477
f 2115/2302/2002 2076/2254/1963 2077/4665/2003 3654/4676/3477
f 2078/2269/1976 2108/4677/2006 2118/2304/2004 2079/2267/1974
f 2076/2254/1963 2115/2302/2002 2081/2252/1961
f 2106/2260/1969 2110/2259/1968 3653/2289/1992
f 2078/4668/1976 2075/4669/1956 2108/2308/2006
f 2108/2308/2006 2075/4669/1956 3649/2309/1999
f 2110/2259/1968 2109/2306/2005 2117/2295/1997 3653/2289/1992
f 2077/2303/2003 2118/2304/2004 3654/4675/3477
f 2102/2286/1989 2080/2263/1972 2081/4667/1961 2113/2294/1996
f 2116/2298/2000 2107/2250/1959 3651/2299/2001
f 2117/2295/1997 3650/2255/1964 2114/2288/1991
f 2131/2337/2011 2126/4641/1876 2125/2330/2021 2128/2329/2020
f 2080/2263/1972 2102/2286/1989 2105/2305/1965
f 2118/2304/2004 2108/4677/2006 3652/2292/1995
f 2118/2304/2004 3652/2292/1995 3654/4675/3477
f 2112/2310/2007 3652/4671/1995 2108/2308/2006
f 2009/2313/2008 2013/4678/1877 2142/2314/2009
f 2008/2160/1889 2142/2314/2009 2130/2315/2010
f 2119/2144/1873 2131/2316/2011 3656/2317/2012
f 2120/2319/2014 2010/2155/1884 3637/2151/1880
f 2011/2154/1883 2012/2321/1892 2127/2323/2016
f 2127/2323/2016 3655/2153/1882 2011/2154/1883
f 2122/2335/2017 3636/4648/1879 2123/2327/2019
f 2124/2325/2013 3656/4679/2012 2140/2326/2018
f 2123/2327/2019 2140/2326/2018 2122/2335/2017
f 3655/2153/1882 2127/2323/2016 2149/2356/2043 2144/4680/3478
f 3637/2151/1880 2129/2331/2022 2120/2319/2014
f 2149/2356/2043 2127/2323/2016 2130/2322/2010
f 2169/2379/2039 2146/4681/2038 2133/2344/2032 2166/2343/2031
f 2122/2324/2017 2139/4682/2025 2147/2333/2024
f 2013/2148/1877 2147/2333/2024 2148/4683/3479
f 2121/2328/2015 2138/4684/2023 2128/2329/2020
f 2129/2331/2022 3655/2153/1882 2144/4680/3478
f 2013/4678/1877 2148/4685/3479 2142/2314/2009
f 2132/2339/2027 2135/2381/2058 2143/2340/2028
f 2142/2314/2009 2148/4685/3479 2165/2341/2029
f 2144/4680/3478 2149/2356/2043 2134/2384/2061 2137/2382/2059
f 2150/2347/2035 2120/2319/2014 3657/2345/2033
f 2135/2385/2058 2134/2384/2061 2149/2356/2043 2143/2357/2028
f 2148/4683/3479 2147/2333/2024 3663/2376/2037 2165/2375/2029
f 2167/2377/2034 2170/2352/2040 2145/2354/2041 2150/4686/2035
f 2147/2333/2024 2139/4682/2025 3663/2376/2037
f 3656/2317/2012 2133/2344/2032 2146/4681/2038 2140/4687/2018
f 2136/2355/2042 3657/2345/2033 2120/2319/2014
f 2136/2355/2042 2144/4680/3478 2137/2382/2059
f 2141/2338/2026 3658/2342/2030 2133/2344/2032 3656/2317/2012
f 2150/4686/2035 2145/2354/2041 2128/2329/2020 2138/4684/2023
f 2142/2314/2009 2143/2340/2028 2130/2315/2010
f 2136/2355/2042 2129/2331/2022 2144/4680/3478
f 2128/2329/2020 2145/2354/2041 2141/2336/2026
f 2145/2354/2041 3658/2353/2030 2141/2336/2026
f 3661/2380/2057 2163/4688/3480 2094/2296/1998 2153/4673/3476
f 2146/2350/2038 2139/2334/2025 2140/2326/2018
f 2095/4672/2046 2094/2296/1998 2163/4688/3480 2173/4689/2047
f 2164/2371/2054 2096/2271/1977 2097/2273/1979 3662/4690/3481
f 2161/2373/2049 2154/2300/1990 2096/2271/1977 2164/2371/2054
f 2172/2383/2060 2158/2386/2062 2152/2291/1994 2157/2290/1993
f 2151/2276/1982 3660/2358/2044 3659/2359/2045
f 2153/4674/3476 2152/2291/1994 2158/2386/2062 3661/2387/2057
f 2157/2290/1993 2156/2274/1980 2162/2364/2050 2172/2383/2060
f 2098/2279/1985 2095/2360/2046 2159/2362/2048
f 2159/2362/2048 2160/2280/1986 2098/2279/1985
f 2097/2282/1979 2099/2284/1988 3662/4691/3481
f 2155/2285/1984 2161/2363/2049 3660/2370/2044
f 3662/4691/3481 2174/2367/2052 2168/2348/2036 2169/2351/2039
f 2159/2362/2048 2174/4692/2052 2160/2280/1986
f 2099/2284/1988 2174/2367/2052 3662/4691/3481
f 2161/2363/2049 2175/2378/2055 2176/2368/2053
f 2161/2363/2049 2176/2368/2053 3660/2370/2044
f 2132/2339/2027 2165/2341/2029 3664/4693/2056
f 3658/2342/2030 2175/2372/2055 2166/2343/2031
f 3657/2345/2033 3659/2359/2045 2167/2346/2034
f 2170/2352/2040 2176/2368/2053 2175/2378/2055
f 2137/2382/2059 3659/2359/2045 2136/2355/2042
f 2166/2343/2031 2175/2372/2055 2164/2371/2054
f 2169/2379/2039 2164/2371/2054 3662/4690/3481
f 2132/2339/2027 3664/4693/2056 2163/4688/3480
f 2163/4688/3480 3664/4693/2056 2173/4689/2047
f 2163/4688/3480 3661/2380/2057 2132/2339/2027
f 2167/2377/2034 2171/2369/2051 2176/2368/2053
f 3665/2408/2075 2187/2388/2063 1730/1708/1546 2180/1711/1549
f 3663/2376/2037 2174/4692/2052 2159/2362/2048
f 3664/2374/2056 2159/2362/2048 2173/2361/2047
f 2158/2386/2062 2172/2383/2060 2134/2384/2061
f 1734/4571/2071 2182/2403/2076 2177/2405/2064 3574/4572/3463
f 2177/2389/2064 1731/2392/2066 3574/4577/3463
f 2178/2393/2067 1732/2395/2069 3572/4570/1550
f 2179/2399/2072 1736/1718/1555 2184/2407/2079
f 2179/2399/2072 3665/2402/2075 2180/1715/1549
f 1733/1719/1556 3571/1722/1547 2181/2397/2070
f 1734/4571/2071 2181/4694/2070 2182/2403/2076
f 2185/4695/3482 2183/1714/1552 1740/1725/1561 2188/2433/2065
f 2183/1714/1552 2185/4695/3482 2178/4696/2067 3572/1712/1550
f 1736/1718/1555 1735/1726/1562 2186/2394/2068 2184/2407/2079
f 3669/4697/2080 2197/2435/2100 2181/2397/2070 2187/2396/2063
f 2178/2393/2067 3668/2436/2101 3667/2406/2078
f 2178/2393/2067 3667/2406/2078 2186/2394/2068
f 2179/2399/2072 2184/2407/2079 2196/2400/2073
f 3668/4698/2101 2178/4696/2067 2185/4695/3482 2201/2424/2093
f 2197/2435/2100 2202/2420/2091 2181/2397/2070
f 2181/4694/2070 2202/2422/2091 2182/2403/2076
f 2185/4695/3482 2188/2433/2065 2201/2424/2093
f 2219/4699/2087 2232/2470/2129 2200/2431/2097 2203/2430/2074
f 2177/2389/2064 2198/2428/2077 2188/2390/2065
f 2232/2470/2129 3666/4700/3483 2200/2431/2097
f 3673/2473/2131 3670/4701/2096 2193/2421/2092 2221/2423/2089
f 3670/2429/2096 3673/4702/2131 2189/2427/2095
f 2190/2412/2083 2217/2411/2082 2216/2466/2126
f 2190/2412/2083 2216/2466/2126 2223/2467/2127
f 2191/2413/2084 2219/2416/2087 2203/2401/2074
f 2192/2419/2090 3666/4703/3483 2220/2476/2132
f 2220/2476/2132 3677/2417/2088 2192/2419/2090
f 2191/2413/2084 2195/2432/2098 2223/2467/2127 2224/2414/2085
f 2194/2426/2081 2222/2425/2094 2217/4704/2082
f 2222/2425/2094 2201/2424/2093 2199/2434/2099
f 2198/2428/2077 2189/2427/2095 2199/2464/2099 2188/2390/2065
f 2195/2432/2098 2190/2412/2083 2223/2467/2127
f 2182/2403/2076 2193/2421/2092 3670/4701/2096 2198/2404/2077
f 2200/2431/2097 3666/4700/3483 3669/2409/2080
f 3669/2409/2080 3665/2408/2075 2200/2431/2097
f 2195/2432/2098 2191/2413/2084 2196/2400/2073
f 2196/2400/2073 3667/2406/2078 2195/2432/2098
f 2194/2426/2081 3668/4698/2101 2201/2424/2093
f 3666/4703/3483 2192/2419/2090 2197/2435/2100 3669/4697/2080
f 2193/2421/2092 2182/2403/2076 2202/2422/2091
f 3674/4705/2130 2226/2478/2133 2208/2538/2184 2209/2541/2187
f 2203/2401/2074 2196/2400/2073 2191/2413/2084
f 2190/2412/2083 3667/2406/2078 3668/2436/2101
f 2205/2460/2121 3672/2437/2102 2204/2439/2104
f 2206/2442/2107 3678/2441/2106 2215/2461/2122
f 2206/2442/2107 2215/2461/2122 2211/2463/2124
f 2207/2443/2108 2225/2454/2115 3675/2444/2109
f 2209/4706/2187 3688/2544/2186 2210/2543/2188
f 2269/2548/2105 2213/2453/2114 3678/4707/2106
f 2214/2450/2113 2225/2454/2115 2268/2455/2116
f 3674/2472/2130 2210/2543/2188 2211/4708/2124 2227/2474/2123
f 2226/2478/2133 2230/2477/2120 2208/2538/2184
f 3675/2452/2109 2217/4704/2082 2234/2468/2128 2228/2457/2118
f 2210/2543/2188 3674/2472/2130 2209/4706/2187
f 2213/2453/2114 2228/2457/2118 3678/4707/2106
f 2205/2460/2121 2208/4709/2184 2230/2459/2120
f 2232/2470/2129 2219/4699/2087 3676/4710/2117
f 2232/2470/2129 2230/2459/2120 3666/4700/3483
f 2231/2465/2125 2189/2427/2095 3673/4702/2131
f 2199/2464/2099 2231/2465/2125 2234/2469/2128
f 2218/2415/2086 3676/2456/2117 2219/2416/2087
f 2220/2476/2132 3666/4703/3483 2230/2477/2120
f 2221/2423/2089 3677/2471/2088 3673/2473/2131
f 2222/2425/2094 2234/2468/2128 2217/4704/2082
f 2231/2465/2125 2227/2462/2123 2215/2461/2122
f 2231/2465/2125 2215/2461/2122 3678/2441/2106
f 2232/2470/2129 3676/4710/2117 3672/2437/2102
f 2233/2458/2119 2229/2449/2112 2224/2414/2085
f 2234/2468/2128 3678/4707/2106 2228/2457/2118
f 3677/2417/2088 2220/2476/2132 2226/2478/2133 3674/4705/2130
f 3673/2473/2131 3674/2472/2130 2227/2474/2123
f 2236/2649/2142 2235/2479/2134 2245/2481/2136 3682/2526/2143
f 2218/2415/2086 2224/2414/2085 2229/2449/2112
f 2216/2466/2126 3675/2444/2109 2225/2454/2115
f 2216/2466/2126 2225/2454/2115 2233/2458/2119
f 2343/2651/2269 2239/2501/2154 2244/2503/2153 2344/2656/2152
f 2237/2484/2139 2243/2483/2138 2246/2485/2140
f 2242/2494/2149 2347/2493/2148 2238/4711/2141 2246/2507/2140
f 2239/2501/2154 2343/2651/2269 2349/2653/2271
f 2349/2653/2271 3681/2511/2161 2239/2501/2154
f 2345/2492/2147 2236/2487/2142 2262/2489/2144
f 2262/2489/2144 3686/2490/2145 2345/2492/2147
f 2240/2504/2156 3680/4712/2150 2242/2505/2149
f 3679/4713/2135 2240/2504/2156 3684/2506/2157 3687/2531/2177
f 2348/2496/2151 2244/2498/2153 2243/2499/2138
f 2241/2491/2146 3681/2511/2161 2349/2653/2271
f 3685/2524/2174 2246/2485/2140 2243/2483/2138 2257/4714/3484
f 2246/2507/2140 3685/4715/2174 2256/2508/2158
f 2242/2494/2149 2256/2508/2158 3684/4716/2157
f 2244/2498/2153 2255/2529/2155 2261/2509/2159
f 2243/2499/2138 2261/2509/2159 2257/4717/3484
f 2245/2481/2136 3679/2480/2135 3687/4718/2177
f 2261/2509/2159 2251/2563/2201 2252/2565/2166 2259/4719/2165
f 2272/2527/2172 2273/4720/2170 2260/2525/2169
f 2248/2567/2204 2263/4721/2176 2239/2501/2154
f 2262/2489/2144 2260/2519/2169 2249/2517/2167
f 2256/2508/2158 2247/4722/2164 3683/2561/2178 3684/4716/2157
f 2251/2563/2201 2261/2509/2159 2263/2530/2176
f 2253/2528/2175 2248/2567/2204 2239/2501/2154
f 2259/2515/2165 3685/2524/2174 2257/4714/3484
f 2245/2481/2136 3687/4718/2177 2272/2527/2172
f 2258/2510/2160 3686/2490/2145 2254/2518/2168
f 2259/4719/2165 2257/4717/3484 2261/2509/2159
f 3671/2445/2110 2267/2545/2189 2265/2535/2181 2207/2443/2108
f 2247/4722/2164 2256/2508/2158 3685/4715/2174
f 2250/2523/2173 2272/2522/2172 3687/2531/2177
f 2262/2489/2144 2254/2518/2168 3686/2490/2145
f 2262/2489/2144 3682/2488/2143 2260/2519/2169
f 2263/4721/2176 2255/2502/2155 2239/2501/2154
f 2204/2439/2104 2266/2554/2185 2205/2460/2121
f 2264/2533/2179 2206/2442/2107 2211/2463/2124
f 2206/2442/2107 2271/2534/2180 2269/2440/2105
f 2282/2551/2193 2290/2558/2198 3689/2446/2103 3690/2537/2183
f 2212/2448/2111 2214/2450/2113 3690/2537/2183
f 2208/2538/2184 2205/4723/2121 2266/2539/2185
f 2264/2542/2179 2211/4708/2124 2210/2543/2188
f 2213/2453/2114 2269/2548/2105 2267/2550/2189
f 2267/2550/2189 3671/2451/2110 2213/2453/2114
f 2268/2455/2116 3690/2537/2183 2214/2450/2113
f 2265/2535/2181 2281/2546/2190 2270/2536/2182
f 2284/4724/3485 2283/4725/3486 3688/2540/2186 2266/2539/2185
f 2290/2558/2198 3692/4726/2194 3689/2446/2103
f 2273/4720/2170 2272/2527/2172 2287/2553/2195 3692/2552/2194
f 3688/2544/2186 2283/4727/3486 2285/2547/2191
f 2269/2548/2105 2286/4728/2196 2288/2549/2192
f 2267/2550/2189 2288/2549/2192 2281/4729/2190
f 2204/2439/2104 3689/2438/2103 3692/2552/2194
f 2287/2553/2195 2284/4730/3485 2266/2554/2185
f 2264/2533/2179 2285/4731/2191 2271/2534/2180
f 2248/2567/2204 2276/2568/2205 2289/2569/2202 2263/4721/2176
f 2274/2512/2162 2286/2555/2196 2275/2513/2163
f 3692/4726/2194 2290/2558/2198 2249/2517/2167 2273/2520/2170
f 2248/2567/2204 2280/2566/2203 2276/2568/2205
f 2285/4731/2191 2279/4732/2200 2275/2513/2163 2271/2534/2180
f 2250/2523/2173 3683/2532/2178 2278/2559/2199
f 2279/2562/2200 3683/2561/2178 2247/4722/2164
f 2279/2562/2200 2247/4722/2164 2275/4733/2163
f 2251/2563/2201 2289/2564/2202 2288/2549/2192
f 2252/2565/2166 2288/2549/2192 2286/4728/2196
f 2253/2528/2175 2254/2518/2168 2280/2566/2203
f 3691/2521/2171 2278/2559/2199 2283/4725/3486 2284/4724/3485
f 2287/2553/2195 3691/2556/2171 2284/4730/3485
f 2280/2566/2203 2277/2557/2197 2282/2551/2193
f 2282/2551/2193 2270/2536/2182 2280/2566/2203
f 2289/2564/2202 2281/4729/2190 2288/2549/2192
f 2283/4727/3486 2278/2560/2199 2279/2562/2200
f 2279/2562/2200 2285/2547/2191 2283/4727/3486
f 2281/2546/2190 2276/2568/2205 2280/2566/2203 2270/2536/2182
f 2290/2558/2198 2282/2551/2193 2277/2557/2197
f 2300/4734/2228 2072/4661/1955 2067/2233/1944 2299/2576/2210
f 2291/2243/1952 2292/2242/1939 2302/2571/2206
f 2302/2571/2206 2297/2572/2207 2291/2243/1952
f 2072/2246/1955 2300/2598/2228 2293/4656/3473
f 2294/4657/2208 2293/4656/3473 2313/4735/2209
f 3693/2237/1948 2318/2578/2212 2065/2580/1946
f 2066/2222/1935 3646/2224/1937 2297/2582/2207
f 2296/2230/1943 2313/2575/2209 2298/2586/2217
f 2296/2230/1943 2298/2586/2217 3694/2231/1941
f 2314/2597/2227 2331/4736/3487 2332/4737/3488 2315/4738/2221
f 2068/2236/1947 2069/2223/1936 2301/2577/2211
f 2301/2577/2211 2318/2578/2212 2068/2236/1947
f 2312/2583/2214 2316/2603/2230 2066/2222/1935
f 3696/2585/2216 3698/2589/2219 2295/2225/1938
f 2299/2576/2210 2311/4739/2213 2317/2595/2225
f 2299/2576/2210 2317/2595/2225 2300/4734/2228
f 2301/2577/2211 2066/2222/1935 2316/2603/2230
f 2302/2571/2206 2295/2570/1938 3698/2602/2219
f 2302/2571/2206 3697/2601/2215 2297/2572/2207
f 2293/4656/3473 2300/2598/2228 2314/2597/2227
f 2293/4656/3473 2314/2597/2227 2313/4735/2209
f 2329/2600/2229 2305/4740/2261 3697/2601/2215
f 2329/2600/2229 3698/2602/2219 2330/2635/2218
f 2311/4739/2213 2342/2644/2260 2307/2596/2226 2317/2595/2225
f 2331/4736/3487 2314/2597/2227 2308/2599/2224
f 2342/2639/2260 2311/2579/2213 2303/2637/2258
f 2304/2606/2232 2310/2641/2262 2316/2603/2230
f 2304/2606/2232 3697/2584/2215 2305/2640/2261
f 2339/2643/2263 2330/2588/2218 2306/2590/2220
f 2306/2590/2220 3695/2605/2223 2339/2643/2263
f 2315/2591/2221 2332/4741/3488 2333/2592/2222
f 2318/2578/2212 2301/2577/2211 2309/2604/2231 2303/2637/2258
f 2309/2604/2231 2316/2603/2230 2310/2641/2262
f 2315/4738/2221 2313/4735/2209 2314/2597/2227
f 2327/2632/2254 2374/2696/2304 2375/2698/2306 2328/4742/2245
f 2308/2594/2224 2300/4734/2228 2317/2595/2225
f 2315/2591/2221 2298/2586/2217 2313/2575/2209
f 2303/2637/2258 2311/2579/2213 2318/2578/2212
f 2338/2642/2257 3703/2647/2266 2322/2620/2243 2373/2619/2236
f 2374/2696/2304 2327/2632/2254 2325/2634/2256
f 2321/2627/2249 3701/2615/2234 2320/2617/2241
f 2322/2624/2243 2380/2623/2246 2379/4743/2244
f 2328/2622/2245 2375/4744/2306 2380/2623/2246
f 2324/2625/2247 3699/2614/2240 3700/2611/2237
f 2319/2613/2239 3704/2648/2267 3702/2630/2252
f 3702/2630/2252 3700/2611/2237 2319/2613/2239
f 2321/2627/2249 2324/2625/2247 2340/2628/2250
f 2337/2645/2264 2323/2700/2308 2325/2704/2256 2336/4745/2255
f 2322/2624/2243 3703/4746/2266 2334/2629/2251
f 2328/2622/2245 2334/2629/2251 3705/2646/2265
f 3704/4747/2267 2319/2701/2239 2323/2700/2308 2337/2645/2264
f 2336/4745/2255 2308/2594/2224 2307/2596/2226 2337/2645/2264
f 2335/2631/2253 2340/2628/2250 2324/2625/2247
f 2326/2609/2235 2338/2636/2257 2373/2610/2236
f 2328/4742/2245 3705/4748/2265 2327/2632/2254
f 2329/2600/2229 2330/2635/2218 2326/2609/2235
f 2326/2609/2235 2305/4740/2261 2329/2600/2229
f 2308/2599/2224 2336/2633/2255 2331/4736/3487
f 2332/4737/3488 2331/4736/3487 3705/4748/2265
f 2339/4749/2263 3695/2593/2223 2333/2592/2222
f 2332/4741/3488 3705/2646/2265 2333/2592/2222
f 2341/2638/2259 2310/2641/2262 2335/2631/2253 3702/2630/2252
f 2309/2604/2231 2341/2638/2259 2303/2637/2258
f 2310/2641/2262 2341/2638/2259 2309/2604/2231
f 2331/4736/3487 2336/2633/2255 2327/2632/2254
f 2331/4736/3487 2327/2632/2254 3705/4748/2265
f 2326/2609/2235 3701/2608/2234 2305/4740/2261
f 3703/4746/2266 2339/4749/2263 2333/2592/2222 2334/2629/2251
f 2342/2644/2260 3704/4747/2267 2337/2645/2264
f 2354/2669/2282 2237/2484/2139 2238/2486/2141 2355/4750/2281
f 2341/2638/2259 3702/2630/2252 3704/2648/2267
f 2235/2479/2134 2346/2668/2277 3679/2480/2135
f 2346/2661/2277 3680/4712/2150 2240/2504/2156 3679/4713/2135
f 2237/2484/2139 2354/2669/2282 2351/2482/2137
f 2345/2492/2147 2241/2491/2146 2352/2655/2273
f 2345/2492/2147 3706/2660/2268 2236/2487/2142
f 2366/2664/2280 2347/2493/2148 3680/2495/2150 2365/2685/2298
f 2355/2665/2281 2238/4711/2141 2347/2493/2148
f 2348/2496/2151 2350/2654/2272 2344/2497/2152
f 2343/2651/2269 3708/2657/2274 2353/2652/2270
f 2345/2492/2147 2352/2655/2273 2363/2658/2275
f 3680/4712/2150 2346/2661/2277 2364/2663/2279
f 2364/2663/2279 2365/2691/2298 3680/4712/2150
f 2370/4751/3489 2362/2689/2300 2395/2719/2321 2396/2721/2323
f 2351/2500/2137 2367/4752/2283 2350/2654/2272
f 2355/4750/2281 2366/4753/2280 2354/2669/2282
f 2356/2715/2291 3711/2714/2293 2357/4754/2292
f 2358/2673/2286 2368/2672/2285 2359/2716/2318
f 2371/2676/2289 2387/2675/2288 2395/2719/2321
f 2388/2674/2287 2371/2676/2289 2393/2692/2299
f 2389/2720/2322 2370/4751/3489 2396/2721/2323
f 2389/2720/2322 2390/2677/2290 2369/2659/2276
f 2369/2659/2276 2370/4751/3489 2389/2720/2322
f 2360/2690/2301 2357/2679/2292 2391/2681/2294
f 2391/2681/2294 3707/2723/2295 2360/2690/2301
f 2360/2690/2301 3707/2723/2295 2365/2691/2298
f 2361/2684/2297 2392/2683/2296 2359/4755/2318
f 2354/2669/2282 2359/2716/2318 2368/2672/2285 2367/2670/2283
f 2362/2689/2300 2371/2676/2289 2395/2719/2321
f 2366/4753/2280 2361/4756/2297 2359/2716/2318 2354/2669/2282
f 3710/4757/2324 2381/2699/2307 2320/2617/2241 2372/2616/2233
f 2356/2715/2291 2357/4754/2292 3709/2667/2278
f 3709/2667/2278 3706/2650/2268 2356/2715/2291
f 2362/2689/2300 2370/4751/3489 2363/2658/2275
f 2363/2658/2275 2353/2652/2270 2362/2689/2300
f 2393/2686/2299 3708/2666/2274 2350/2654/2272
f 2368/2687/2285 2350/2654/2272 2367/4752/2283
f 2361/2684/2297 2366/2664/2280 2365/2685/2298
f 2364/2663/2279 3709/2662/2278 2357/2679/2292
f 2369/2659/2276 2356/2678/2291 3706/2660/2268
f 2369/2659/2276 2363/2658/2275 2370/4751/3489
f 2371/2676/2289 2353/2652/2270 3708/2657/2274
f 2372/2607/2233 2373/2610/2236 2384/2694/2302
f 2384/2694/2302 3710/2722/2324 2372/2607/2233
f 2374/2696/2304 2382/2695/2303 2385/2697/2305
f 2383/4758/2309 2319/2613/2239 2376/2612/2238
f 3699/2614/2240 2404/2705/2310 2376/2612/2238
f 2320/2617/2241 2377/2626/2248 2321/2627/2249
f 2406/2726/2325 2383/4758/2309 2376/2612/2238 2397/2706/2311
f 2375/4744/2306 2385/2708/2305 2380/2623/2246
f 2323/2700/2308 2383/2702/2309 2382/2703/2303
f 2377/2626/2248 2404/2705/2310 3699/2614/2240
f 2386/2717/2319 2385/2697/2305 2382/2695/2303 2400/4759/3490
f 2381/2699/2307 3712/2711/2315 2377/2626/2248
f 2398/2707/2312 2379/2621/2244 2399/2724/2313
f 2385/2708/2305 2386/4760/2319 2399/2709/2313
f 2380/2623/2246 2399/2709/2313 2379/4743/2244
f 2383/2702/2309 2406/4761/2325 2405/2710/2314
f 2382/2703/2303 2405/2710/2314 2400/4762/3490
f 2384/2694/2302 2378/2693/2242 2398/4763/2312
f 2390/2677/2290 2389/2720/2322 3712/2711/2315 2403/2725/2317
f 2356/2715/2291 2390/4764/2290 2403/2713/2317
f 2388/2674/2287 2406/2726/2325 2387/2675/2288
f 2405/2710/2314 2393/2686/2299 2394/2688/2284 2402/4765/2320
f 2386/4760/2319 2359/4755/2318 2392/2683/2296
f 2406/4761/2325 2388/4766/2287 2393/2686/2299 2405/2710/2314
f 2412/4767/2335 2407/6/242 2411/4768/3398 2419/4769/3491
f 2402/2718/2320 2386/2717/2319 2400/4759/3490
f 2384/2694/2302 2398/4763/2312 3711/2714/2293
f 2401/2712/2316 3712/2711/2315 2396/2721/2323
f 2402/4765/2320 2400/4762/3490 2405/2710/2314
f 2392/2683/2296 2399/2709/2313 2386/4760/2319
f 2391/2681/2294 3711/2680/2293 2398/2707/2312
f 2381/2699/2307 3710/4757/2324 2403/2725/2317
f 2387/2675/2288 2397/2706/2311 2404/2705/2310
f 596/2729/2327 3713/4238/3397 2413/2727/2326
f 597/2732/2329 2414/2731/2328 2415/2733/2330
f 3713/4232/3397 598/10/246 2416/2745/2334 2413/2744/2326
f 598/10/246 3714/4231/251 2416/2745/2334
f 2419/4770/3491 2411/4236/3398 599/4235/2331 2415/4771/2330
f 3714/16/251 600/15/250 2412/2740/2335 2416/2739/2334
f 600/15/250 2407/19/242 2412/2740/2335
f 2943/3591/2956 2433/4772/2346 2426/4773/2345 2945/3589/2954
f 2408/3/239 2418/2747/2332 3715/4/240
f 2414/2731/2328 2418/2750/2332 2415/2733/2330
f 2417/4774/2333 2412/4767/2335 2419/4769/3491
f 2422/2743/2337 2416/2745/2334 2417/4775/2333
f 2415/4771/2330 2421/4776/2338 2419/4770/3491
f 2419/4769/3491 2421/4777/2338 2417/4774/2333
f 2422/2742/2337 2418/4778/2332 2420/2741/2336
f 2422/2742/2337 2421/4779/2338 2418/4778/2332
f 2941/2754/2341 2423/3594/2949 2428/2774/2354
f 2428/2774/2354 3718/2752/2339 2941/2754/2341
f 2436/2755/2342 3716/2784/2356 3823/2756/2343
f 2433/2759/2346 2943/4780/2956 2942/2760/2347
f 2427/2761/2348 2942/2760/2347 3822/3580/2946
f 2424/2766/2351 2428/2769/2354 2423/3582/2949
f 2425/2770/2355 3823/3587/2343 3716/2771/2356
f 2426/4773/2345 3821/4781/2344 2945/3589/2954
f 2432/4782/2350 2427/4783/2348 2946/3578/2349 2434/4784/3492
f 2427/4783/2348 3822/3576/2946 2946/3578/2349
f 2946/2763/2349 3718/2762/2339 2434/4785/3492
f 2434/4784/3492 3719/2824/2389 3717/2823/2366 2432/4782/2350
f 2429/2813/2386 2439/2788/2365 3717/2789/2366
f 2447/2783/2363 2436/2755/2342 2426/2758/2345
f 2438/2776/2357 2435/2775/2353 2450/2778/2359
f 2433/4772/2346 2439/2820/2365 2431/2821/2364 2426/4773/2345
f 2434/4785/3492 3718/2762/2339 2430/2787/2358 3719/2816/2389
f 3720/2772/2352 3716/2771/2356 2437/2781/2362
f 2449/2817/2361 2450/4786/2359 2435/2768/2353
f 2435/2768/2353 3720/2767/2352 2449/2817/2361
f 2478/2869/2373 2446/2808/2372 2443/2810/2384 3725/2867/2418
f 2439/2788/2365 2433/2759/2346 2432/2765/2350
f 2443/4787/2384 2474/4788/2377 3725/4789/2418
f 2440/2804/2368 2442/2858/2379 2444/2805/2380
f 3723/4790/2391 2474/4788/2377 2443/4787/2384 2459/2814/2387
f 2442/2803/2379 2456/2802/2378 2444/4791/2380
f 2443/4787/2384 2457/4792/2383 2459/2814/2387
f 3721/2861/2375 2441/2860/2370 2458/4793/2385 2452/2819/2390
f 2453/4794/3493 2446/2795/2372 2473/2794/2371 2454/2812/2382
f 2445/2799/2376 3721/2798/2375 2452/4795/2390
f 2446/2808/2372 2453/4796/3493 2457/2809/2383
f 2474/2801/2377 3723/2822/2391 2456/2802/2378
f 2455/2792/2369 2440/2791/2368 2451/2825/2381
f 2455/2792/2369 2458/2811/2385 2441/2793/2370
f 2459/2814/2387 2429/2813/2386 3717/2789/2366 3723/4790/2391
f 2455/2792/2369 2448/2826/2388 2430/2777/2358
f 2447/2783/2363 2453/4794/3493 2454/2812/2382
f 2450/4786/2359 2449/2817/2361 2452/2819/2390 2458/4793/2385
f 2439/2788/2365 2459/2814/2387 2457/4792/2383
f 2448/2815/2388 2456/2827/2378 3719/2816/2389
f 2452/2819/2390 3722/2818/2360 2445/4797/2376
f 2453/4796/3493 2447/4798/2363 2431/2821/2364 2457/2809/2383
f 3722/2779/2360 2454/2807/2382 2445/2799/2376
f 2463/2856/2412 2464/2855/2393 2494/2884/2395 3727/2883/2427
f 2451/2806/2381 2444/2805/2380 2448/2815/2388
f 2465/2835/2399 2506/2834/2398 2461/4799/2429
f 2489/2838/2402 2462/2837/2401 2470/4800/3494
f 2470/4801/3494 2467/2879/2424 3727/2891/2427 2489/4802/2402
f 2460/2839/2403 2490/2841/2396 2468/4803/2394
f 2460/2839/2403 2461/4804/2429 2500/2840/2404
f 2461/2886/2429 2491/2885/2428 2500/4805/2404
f 2442/2858/2379 2472/2857/2413 2486/2877/2421 3726/2876/2420
f 2467/2879/2424 2463/4806/2412 3727/2891/2427
f 2461/2886/2429 2460/4807/2403 2469/2850/2409
f 2461/2886/2429 2469/2850/2409 2465/4808/2399
f 2492/2842/2397 2483/2853/2411 2462/2843/2401
f 2492/2833/2397 2465/2835/2399 2483/4809/2411
f 2480/2874/2423 2483/4809/2411 2465/2835/2399
f 2488/4810/2410 2467/4811/2424 2470/4800/3494
f 2488/4810/2410 2470/4800/3494 2462/2837/2401
f 2460/2839/2403 3724/2848/2407 2469/4812/2409
f 2466/2849/2408 2465/4808/2399 2469/2850/2409
f 2467/2879/2424 2482/4813/2405 2463/4806/2412
f 2464/2829/2393 2479/2846/2406 2468/2830/2394
f 2460/2839/2403 2468/4803/2394 2479/2847/2406
f 2471/2790/2367 2472/4814/2413 2440/2791/2368
f 2473/2794/2371 2478/2796/2373 2484/2873/2422
f 2474/4788/2377 2481/4815/2416 3725/4789/2418
f 2475/2859/2414 2471/2866/2367 2441/2860/2370
f 2473/2800/2371 2484/4816/2422 2476/2797/2374
f 2481/2864/2416 2474/2801/2377 2442/2803/2379
f 2472/4814/2413 2471/2790/2367 2485/2872/2417 2486/2871/2421
f 2476/2797/2374 2484/4816/2422 2475/2880/2414
f 2482/4813/2405 2467/2879/2424 2477/2863/2415 3726/2870/2420
f 2478/2796/2373 2487/4817/2419 2484/2873/2422
f 2479/2846/2406 2482/2845/2405 2486/2871/2421
f 2480/2874/2423 2484/2873/2422 2487/4817/2419
f 2481/4815/2416 2467/4811/2424 2488/4810/2410
f 3724/2848/2407 2479/2847/2406 2485/2865/2417
f 2483/2853/2411 2487/2868/2419 2488/2852/2410
f 2504/2828/2392 2503/4818/3495 3889/4224/3394 3886/4226/2437
f 2466/2849/2408 2475/2880/2414 2484/4816/2422
f 2488/4810/2410 3725/4789/2418 2481/4815/2416
f 2489/2838/2402 2502/2889/2431 2493/2836/2400
f 2492/2842/2397 2501/2888/2430 2505/2897/2425
f 3727/2891/2427 2502/2893/2431 2489/4802/2402
f 2499/2882/2426 2494/2884/2395 2504/2901/2392
f 2490/2841/2396 2500/2840/2404 2503/4819/3495
f 2504/2828/2392 2490/2832/2396 2503/4818/3495
f 2495/4227/3395 2506/2834/2398 2505/2881/2425
f 2495/4227/3395 2505/2881/2425 3887/4820/2434
f 2491/2885/2428 2506/2887/2398 3347/2895/2433
f 3347/2895/2433 2506/2887/2398 2495/4821/3395
f 2499/2892/2426 3888/4822/2436 2498/4823/3496 2502/2893/2431
f 2503/4819/3495 2500/2840/2404 2497/4824/2432 3889/4825/3394
f 2491/2885/2428 2497/2894/2432 2500/4805/2404
f 2524/4826/2470 2508/1368/1289 1504/1370/1291 2515/4827/3497
f 2502/2889/2431 2496/4828/2435 2501/2890/2430
f 2496/4828/2435 2502/2889/2431 2498/4829/3496
f 1504/1370/1291 2526/2903/2439 2515/4827/3497
f 2531/4830/2465 2519/2923/2456 2546/2925/2458 2550/4831/2494
f 1505/1390/1307 3528/2904/2440 2516/2906/2442
f 2507/2914/2448 3729/1387/1304 2514/2915/2449
f 2507/2914/2448 3733/2917/2446 2510/4498/2445
f 2508/1371/1289 2524/2940/2470 2511/2918/2451
f 2508/1371/1289 2511/2918/2451 2513/1372/1292
f 2509/2908/2444 3527/2910/2438 3730/4502/3445
f 3730/4502/3445 2525/4832/2467 2509/2908/2444
f 3730/4501/3445 3728/4500/2443 2528/2937/2463
f 2528/2937/2463 2525/2936/2467 3730/4501/3445
f 3528/4503/2440 2510/2911/2445 2512/2913/2447
f 2512/2913/2447 3734/2933/2441 3528/4503/2440
f 2509/2908/2444 2525/4832/2467 2526/2909/2439
f 2516/2906/2442 2528/2930/2463 3728/2907/2443
f 2517/2922/2455 2529/2921/2454 2532/4833/3498
f 2518/2929/2462 2530/2931/2464 3731/2965/2492
f 2550/2970/2494 3731/4834/2492 2530/2932/2464 2531/2934/2465
f 2548/4835/2453 2547/2926/2459 2529/2941/2454
f 2521/2935/2466 3736/4836/2493 2520/2938/2468
f 2526/2903/2439 2532/4833/3498 2529/2921/2454 2515/4827/3497
f 2523/2928/2461 2552/2927/2460 2551/2924/2457
f 2518/2929/2462 2522/4837/2469 2528/2930/2463
f 2516/2906/2442 3734/2905/2441 2530/2931/2464
f 2529/2921/2454 2524/4826/2470 2515/4827/3497
f 2527/2919/2452 2523/2928/2461 2519/2923/2456 3732/2916/2450
f 2525/4832/2467 2520/2968/2468 2532/4838/3498 2526/2909/2439
f 2512/2913/2447 3733/2912/2446 2531/2934/2465
f 2511/2918/2451 2547/2926/2459 2523/2928/2461 2527/2919/2452
f 3733/2917/2446 3732/2916/2450 2519/2923/2456 2531/4830/2465
f 2547/2926/2459 2511/2918/2451 2524/2940/2470
f 2544/4839/2484 2535/2942/2471 2587/2944/2473 2593/4840/3499
f 2588/3030/2542 2540/2957/2477 2533/2959/2487
f 2534/2960/2488 2543/2963/2481 2592/3033/2545
f 2540/2948/2477 2588/3035/2542 2589/3037/2548 2541/2946/2475
f 2593/4841/3499 2592/4842/2545 2543/2952/2481 2544/2955/2484
f 2538/4843/3500 2591/4844/2549 2536/2951/2480
f 2537/3038/2544 2591/3040/2549 2538/4845/3500
f 2594/2943/2472 2539/2945/2474 2541/2946/2475 2589/3037/2548
f 2560/2974/2495 2553/2973/2497 2535/2942/2471 2544/4839/2484
f 3737/4846/3501 2554/4847/2489 2537/3038/2544 2538/4845/3500
f 2541/2946/2475 2555/2956/2485 2559/2947/2476
f 2540/2948/2477 2559/2947/2476 3738/4848/3502
f 2536/2951/2480 3739/2950/2479 3737/4849/3501
f 2536/2951/2480 3737/4849/3501 2538/4843/3500
f 2555/2956/2485 2539/2945/2474 2535/2942/2471 2553/2973/2497
f 2557/2954/2483 2560/2971/2495 2544/2955/2484
f 3739/4850/2479 2542/4851/2478 2533/2959/2487 2556/2958/2486
f 2540/2957/2477 3738/4852/3502 2556/2958/2486
f 3738/4852/3502 2548/2920/2453 2517/2922/2455 2556/2958/2486
f 2534/2960/2488 2537/3032/2544 2554/2961/2489
f 2545/2962/2490 2558/2966/2482 2543/2963/2481
f 2549/2964/2491 2517/2922/2455 2532/4833/3498
f 2522/4837/2469 2518/2929/2462 2545/2962/2490 3735/2972/2496
f 2559/2947/2476 2547/2926/2459 2548/4835/2453 3738/4848/3502
f 2518/2929/2462 3731/2965/2492 2545/2962/2490
f 2546/2925/2458 2560/2974/2495 2550/4831/2494
f 3735/4853/2496 3736/4836/2493 2521/2935/2466 2522/2939/2469
f 2547/2926/2459 2559/2947/2476 2552/2927/2460
f 2549/2967/2491 2532/4838/3498 2520/2968/2468
f 3739/2950/2479 2549/2967/2491 3736/2969/2493 3737/4849/3501
f 3731/4834/2492 2550/2970/2494 2557/2954/2483
f 2557/2954/2483 2558/2953/2482 3731/4834/2492
f 2549/2964/2491 3739/4850/2479 2556/2958/2486
f 3736/4836/2493 3735/4853/2496 2554/4847/2489
f 2554/4847/2489 3737/4846/3501 3736/4836/2493
f 2584/3008/2526 2562/3167/2506 2568/2976/2499 3745/4854/3503
f 2561/2977/2500 2568/2976/2499 2562/3167/2506
f 3740/3006/2524 2563/3171/2644 2569/3003/2517
f 2669/2980/2503 2676/4855/2654 2564/2978/2501
f 2564/2978/2501 3741/3001/2520 2670/2979/2502
f 2673/2987/2508 3746/2986/2507 2566/4856/2510
f 2566/4856/2510 3764/4857/2509 2673/2987/2508
f 2674/3180/2650 3764/2988/2509 2567/2990/2511
f 2567/2990/2511 2569/2996/2517 2563/4858/2644
f 2567/2990/2511 2563/4858/2644 2674/3180/2650
f 2675/2997/2518 2564/3000/2501 2676/3184/2654
f 2565/2983/2505 2677/3177/2648 2670/2979/2502
f 2670/2979/2502 3741/3001/2520 2565/2983/2505
f 2565/2983/2505 2672/2982/2504 2677/3177/2648
f 2580/2992/2513 3741/3001/2520 2564/2978/2501
f 2565/2983/2505 2581/3002/2521 2586/2993/2514
f 2568/2984/2499 2586/2993/2514 3745/4859/3503
f 2566/4856/2510 3746/2986/2507 3743/3026/2515
f 2575/2995/2516 2583/3020/2522 2569/2996/2517
f 2675/2997/2518 3740/3176/2524 2585/2998/2519
f 2613/4860/2560 2574/4861/2540 2584/3008/2526 2599/3007/2525
f 2562/3167/2506 2584/3008/2526 3746/4862/2507
f 2582/3005/2523 2585/3011/2519 3740/3006/2524
f 2542/4851/2478 2590/4863/3504 2597/3029/2541 2533/2959/2487
f 2571/3009/2527 2584/3008/2526 3745/4854/3503
f 2600/3051/2558 2583/3004/2522 2603/3052/2535
f 2600/3051/2558 3747/3010/2528 2582/3005/2523
f 2582/3005/2523 2583/3004/2522 2600/3051/2558
f 2601/3014/2531 3748/3015/2532 2570/3012/2529
f 2571/3017/2527 3745/4859/3503 2586/2993/2514
f 2572/3018/2534 2586/2993/2514 2578/3023/2537
f 2574/3028/2540 2613/3054/2560 2573/3027/2539
f 2575/2995/2516 3742/4864/2538 2602/3058/2563
f 2602/3058/2563 2603/3019/2535 2575/2995/2516
f 2577/3024/2530 2585/2998/2519 2576/3022/2536
f 2579/3016/2533 3748/3015/2532 2578/3023/2537
f 2574/4861/2540 3746/4862/2507 2584/3008/2526
f 2577/3024/2530 2570/4865/2529 3744/2999/2512
f 2575/2995/2516 3743/2994/2515 3742/4864/2538
f 2573/3027/2539 3743/3026/2515 3746/2986/2507
f 2580/2992/2513 3744/2991/2512 2570/3012/2529
f 2607/4866/2564 2613/4860/2560 2599/3007/2525 2597/3029/2541
f 2588/3030/2542 2597/3029/2541 2606/4867/3505
f 2587/2944/2473 2596/3043/2552 2593/4840/3499
f 2588/3035/2542 2606/4868/3505 2595/3036/2547
f 2589/3037/2548 2595/3036/2547 3750/3049/2556
f 2590/4869/3504 2542/2949/2478 2536/2951/2480
f 2590/4869/3504 2536/2951/2480 2591/4844/2549
f 2591/4844/2549 2608/4870/2554 2590/4869/3504
f 2592/4842/2545 2593/4841/3499 2596/3048/2552
f 2596/3048/2552 3751/3047/2546 2592/4842/2545
f 2589/3037/2548 3750/3049/2556 2594/2943/2472
f 2605/3042/2551 2611/3061/2555 2596/3043/2552
f 2590/4869/3504 2608/4870/2554 2607/3060/2564
f 2591/3040/2549 2598/3039/2543 2609/3044/2553
f 2590/4863/3504 2607/4866/2564 2597/3029/2541
f 2610/3050/2557 2609/4871/2553 2598/3031/2543
f 2571/3009/2527 2614/3057/2559 2599/3007/2525
f 2601/3014/2531 2577/3013/2530 2611/3061/2555
f 2612/3055/2561 3742/3025/2538 2573/3027/2539
f 2602/3058/2563 3742/4864/2538 2612/3059/2561
f 2576/3022/2536 2611/3046/2555 2577/3024/2530
f 2604/3056/2562 2578/3023/2537 3748/3015/2532
f 2610/3050/2557 2603/3052/2535 2609/4871/2553
f 2610/3050/2557 3751/3034/2546 3747/3010/2528
f 2614/3057/2559 2606/4867/3505 2597/3029/2541
f 3748/3015/2532 2601/3014/2531 2605/3042/2551 3749/3041/2550
f 2604/3056/2562 3749/3041/2550 3750/3049/2556
f 2576/3022/2536 3747/3021/2528 3751/3047/2546
f 2612/3055/2561 2607/3060/2564 2608/4870/2554
f 2572/3018/2534 3750/3049/2556 2595/3036/2547
f 2614/3053/2559 2595/3036/2547 2606/4868/3505
f 2837/3409/2828 2829/3068/2571 2618/3070/2573 3752/3083/2581
f 2615/3064/2567 2619/3063/2566 2622/3095/2585
f 2622/3095/2585 2832/3405/2825 2615/3064/2567
f 2841/3067/2570 2833/3408/2576 2623/3097/2588
f 2623/3097/2588 3756/3065/2568 2841/3067/2570
f 2618/3070/2573 2834/3069/2572 2620/4872/2579
f 2832/3419/2825 2622/3087/2585 2616/3089/2577 3798/3417/2834
f 2621/3071/2574 2830/3073/2575 2836/3082/2580
f 3754/4873/3506 2627/3142/2626 2624/3100/2592 2637/3094/2590
f 2833/3075/2576 3798/4874/2834 2616/3076/2577
f 2617/3077/2578 2623/3091/2588 2833/3075/2576
f 3752/3083/2581 2836/3082/2580 2837/3409/2828
f 2618/3070/2573 2620/4872/2579 2634/3084/2582
f 2621/3071/2574 2635/3093/2589 2640/3086/2584
f 2619/3072/2566 2640/3086/2584 3754/4875/3506
f 2616/3089/2577 2638/3088/2586 3753/4876/2601
f 2617/3077/2578 2616/3076/2577 3753/3112/2601
f 3753/3112/2601 3755/3090/2587 2617/3077/2578
f 3752/3083/2581 2633/3085/2583 2635/3093/2589
f 2619/3063/2566 3754/4873/3506 2637/3094/2590
f 2622/3095/2585 2637/3094/2590 2638/3099/2586
f 2624/3100/2592 2638/3099/2586 2637/3094/2590
f 2640/3086/2584 2626/3149/2633 2627/3164/2626 3754/4875/3506
f 2654/3102/2594 3759/3146/2630 2636/3105/2596
f 2636/3105/2596 3755/3096/2587 2654/3102/2594
f 2625/3108/2599 2639/3115/2600 2630/3147/2631
f 3759/3153/2630 2630/4877/2631 2639/3110/2600 2636/3109/2596
f 2626/3149/2633 2640/3086/2584 2632/3106/2597
f 2659/4878/2640 2643/3211/2613 2696/3116/2603 2651/3119/2606
f 2625/3108/2599 3760/4879/3507 2631/3107/2598
f 2631/3107/2598 2635/3093/2589 2625/3108/2599
f 2634/3092/2582 3756/3081/2568 2636/3109/2596
f 2656/3114/2602 3753/4876/2601 2638/3088/2586
f 2633/3085/2583 2634/3084/2582 2639/3115/2600
f 2701/4880/2678 2698/4881/3508 2641/3122/2609 3757/3156/2637
f 2631/3107/2598 2658/3141/2625 2666/3150/2634 2632/3106/2597
f 2698/4881/3508 3770/3120/2607 2641/3122/2609
f 2702/3125/2612 3771/3133/2617 2648/3123/2610
f 2643/3126/2613 2659/3165/2640 2649/3127/2614
f 2647/3128/2615 2649/3127/2614 3762/3140/2624
f 2697/4882/2604 2644/3139/2623 2661/3163/2605
f 3758/3218/2621 2701/3217/2678 3757/3161/2637
f 2646/3134/2618 3771/3133/2617 2647/3128/2615
f 2647/3128/2615 3762/3140/2624 2646/3134/2618
f 2667/3136/2620 2662/4883/2639 2642/3124/2611
f 2644/3139/2623 2660/3138/2622 2661/3163/2605
f 3757/3161/2637 2660/3160/2622 3758/3218/2621
f 2650/3131/2608 2642/3130/2611 2662/3158/2639
f 2662/3158/2639 2663/3157/2638 2650/3131/2608
f 2646/3134/2618 2658/3141/2625 2648/3123/2610
f 2641/3122/2609 2650/3121/2608 2663/4884/2638
f 2654/3102/2594 2629/3101/2593 3763/3144/2628
f 2667/3136/2620 3760/4879/3507 2625/3108/2599
f 2626/3149/2633 2666/3150/2634 2627/3164/2626
f 2655/3151/2635 2628/3103/2595 2653/3104/2591
f 2629/3111/2593 2656/3113/2602 2657/3159/2636
f 2657/3159/2636 3763/3162/2628 2629/3111/2593
f 2630/4877/2631 3759/3153/2630 2665/3155/2632
f 2658/3141/2625 2631/3107/2598 3760/4879/3507
f 3772/3235/2685 2712/3238/2692 2685/4885/2663 3768/4886/3509
f 2664/3145/2629 3763/3144/2628 2641/3122/2609
f 2641/3122/2609 2663/4884/2638 2664/3145/2629
f 2652/3143/2627 2659/4878/2640 2651/3119/2606
f 2653/3098/2591 2651/3119/2606 2661/3118/2605
f 3760/4879/3507 3761/3135/2619 2658/3141/2625
f 2665/3155/2632 2664/3154/2629 2663/3157/2638
f 2655/3151/2635 2661/3163/2605 2660/3138/2622
f 2666/3150/2634 3762/3140/2624 2649/3127/2614
f 2627/3164/2626 2649/3127/2614 2659/3165/2640
f 2667/3136/2620 2665/3148/2632 2662/4883/2639
f 2667/3136/2620 3761/3135/2619 3760/4879/3507
f 2680/3170/2643 3765/3204/2651 2563/3171/2644
f 2669/2980/2503 2670/2979/2502 2678/3174/2647
f 2671/2981/2498 2689/3178/2642 2672/2982/2504
f 2668/4887/2641 2562/2985/2506 2673/2987/2508
f 2673/2987/2508 3764/4857/2509 2690/4888/2671
f 2673/2987/2508 2690/4888/2671 2668/4887/2641
f 2674/3180/2650 2563/4858/2644 3765/3181/2651
f 2676/3184/2654 3769/3175/2645 2675/2997/2518
f 2678/3174/2647 2679/3173/2646 2694/3185/2655
f 2678/3174/2647 2692/3209/2653 2669/2980/2503
f 3764/4857/2509 2691/3195/2652 2690/4888/2671
f 2676/3184/2654 2669/4889/2503 2692/3183/2653
f 2677/3177/2648 2688/3179/2649 2694/3185/2655
f 2668/3168/2641 2690/3206/2671 2693/3186/2656
f 2561/2977/2500 2693/3186/2656 2689/3169/2642
f 2722/3189/2659 2695/3188/2658 2693/3186/2656
f 2722/3189/2659 2693/3186/2656 2684/3207/2662
f 2684/3207/2662 2707/3234/2689 2722/3189/2659
f 2681/3203/2670 3772/3226/2685 3768/4890/3509
f 2682/3210/2672 2687/3202/2669 2714/3229/2688
f 2684/3194/2662 2711/3197/2664 2707/3230/2689
f 3768/4886/3509 2685/4885/2663 2691/3182/2652 3765/3181/2651
f 2681/3203/2670 3768/4890/3509 3765/3204/2651
f 2680/3170/2643 3769/3172/2645 3766/3205/2666
f 2695/3188/2658 2689/3169/2642 2693/3186/2656
f 2686/3200/2667 3766/3199/2666 3769/3175/2645
f 2687/3202/2669 2682/3210/2672 2678/3174/2647 2694/3185/2655
f 2684/3194/2662 2690/4888/2671 2691/3195/2652
f 2695/3190/2658 2688/3179/2649 2689/3178/2642
f 3767/3208/2668 2686/4891/2667 2692/3209/2653
f 2644/3139/2623 2699/3223/2682 2700/4892/2677 3758/3137/2621
f 2696/3116/2603 2721/3212/2673 2706/3213/2674
f 2702/3125/2612 2642/3124/2611 2703/4893/2680
f 2643/3126/2613 2704/3215/2676 2721/4894/2673
f 2699/3223/2682 2644/3139/2623 2697/4882/2604
f 2697/4882/2604 2706/3221/2674 2699/3223/2682
f 2701/3217/2678 2700/3216/2677 3773/3237/2691 2717/3236/2690
f 2647/3128/2615 3771/3133/2617 2719/3214/2675
f 2702/3125/2612 2703/4893/2680 2716/3243/2695
f 2702/3125/2612 2718/3242/2694 3771/3133/2617
f 2716/3243/2695 2718/3242/2694 2702/3125/2612
f 2706/3221/2674 2720/3240/2683 2724/3222/2681
f 2699/3223/2682 2724/3222/2681 3773/4895/2691
f 2699/3223/2682 3773/4895/2691 2700/4892/2677
f 3770/3120/2607 2698/4881/3508 2717/3233/2690 2723/3227/2686
f 2705/3219/2679 3770/3132/2607 2723/3232/2686
f 2705/3219/2679 2716/4896/2695 2703/3220/2680
f 3771/3133/2617 2718/3242/2694 2719/3214/2675
f 2698/4881/3508 2701/4880/2678 2717/3233/2690
f 2683/3192/2661 2715/3241/2693 2714/3229/2688 2687/3202/2669
f 2681/3203/2670 3766/3205/2666 3774/3225/2684
f 2708/3228/2687 2714/3229/2688 2718/3242/2694
f 2715/3241/2693 2683/3192/2661 2709/3191/2660
f 2712/3238/2692 2711/3239/2664 2685/4885/2663
f 2713/3198/2665 3767/3201/2668 2708/3231/2687
f 2705/3219/2679 2723/3232/2686 2713/3198/2665
f 2718/3242/2694 2714/3229/2688 2715/3241/2693 2719/3214/2675
f 2722/3189/2659 2720/3224/2683 2721/3212/2673
f 2733/3288/2732 2728/3910/3164 3134/3268/2716 2751/3266/2714
f 2705/3219/2679 2708/3231/2687 2716/4896/2695
f 3772/3235/2685 3774/4897/2684 2717/3236/2690
f 2711/3197/2664 3773/4895/2691 2724/3222/2681
f 2710/3193/2657 2721/4894/2673 2704/3215/2676
f 2709/3191/2660 2704/3215/2676 2719/3214/2675
f 2725/3246/2698 2749/3245/2697 2736/3247/2699
f 2730/3248/2700 2736/3247/2699 3777/4898/2707
f 2726/3254/2706 3133/3249/2701 2737/3251/2703
f 2737/3251/2703 2738/3252/2704 2726/3254/2706
f 2749/4899/2697 2729/3906/2696 2728/3910/3164 2733/3288/2732
f 3133/4900/2701 3132/3258/2709 3779/3260/2710 2734/3284/2702
f 2750/3274/2720 2744/3327/2762 2745/3276/2722 2751/3266/2714
f 2735/3263/2711 2727/4901/2717 2732/3264/2712
f 2735/3263/2711 2738/3262/2704 2748/3282/2728
f 2737/3251/2703 2748/4902/2728 2738/3252/2704
f 2764/3320/2726 2752/4903/2725 2763/3319/2758
f 2765/3324/2760 2768/4904/2730 2766/3321/2759
f 2767/3277/2723 2747/3272/2719 2752/3279/2725
f 2768/3286/2730 2747/3285/2719 2769/3328/2724
f 2739/3290/2734 3782/3326/2761 2744/3327/2762
f 2748/4902/2728 2737/3251/2703 2765/3324/2760 3778/3323/2729
f 2744/3327/2762 2750/3274/2720 2739/3290/2734
f 2768/4904/2730 2765/3324/2760 2737/3251/2703 2734/3250/2702
f 2736/3247/2699 2763/3319/2758 2752/4903/2725 3777/4898/2707
f 2749/3245/2697 2742/3318/2731 2763/3319/2758 2736/3247/2699
f 2754/4905/2813 2753/3378/2805 2761/3303/2747 2777/3305/2749
f 2746/3271/2718 2739/3290/2734 2750/3274/2720
f 2743/3281/2727 2740/4906/2733 2735/3263/2711
f 2734/3284/2702 3779/3260/2710 2747/3285/2719
f 2752/3279/2725 2747/3272/2719 3777/3256/2707
f 2742/3287/2731 2749/4899/2697 2733/3288/2732
f 2741/3275/2721 2733/3288/2732 2751/3266/2714
f 2746/3271/2718 2735/3270/2711 2740/3289/2733
f 2804/3314/2755 3780/4907/3510 2772/3315/2756
f 2804/3314/2755 2762/3317/2746 2805/4908/2745
f 2753/3378/2805 2760/3375/2802 2761/3303/2747
f 2777/4909/2749 2775/4910/3511 2758/3389/2814 2754/3388/2813
f 2756/3380/2737 3781/3306/2736 2755/3294/2738
f 2757/3299/2743 2806/3298/2742 2807/4911/2744
f 3780/4912/3510 2758/3389/2814 2775/4910/3511 2772/4913/2756
f 2777/3305/2749 3782/3326/2761 2739/3290/2734 2740/3289/2733
f 2759/3296/2740 3784/3295/2739 2760/3375/2802
f 2755/3294/2738 2776/3307/2750 3784/3295/2739
f 2757/3299/2743 2771/4914/2753 2770/3308/2751
f 2760/3375/2802 3784/3295/2739 3783/3304/2748
f 2760/3375/2802 3783/3304/2748 2761/3303/2747
f 2803/3312/2741 2770/4915/2751 2774/3313/2754
f 2802/3291/2735 2774/3313/2754 3781/3292/2736
f 2773/3316/2757 3785/3322/2752 2762/3317/2746
f 2763/3319/2758 3781/3292/2736 2774/3313/2754
f 2764/3320/2726 2774/3313/2754 2770/4915/2751
f 2765/3324/2760 2766/3321/2759 2773/3316/2757
f 2773/3316/2757 2772/3315/2756 2765/3324/2760
f 3781/3306/2736 2742/3287/2731 2741/3275/2721 2776/3307/2750
f 2772/4913/2756 2775/4910/3511 2743/3281/2727 3778/3283/2729
f 2764/3280/2726 2770/3308/2751 2767/3277/2723
f 2769/3328/2724 3785/3309/2752 2768/3286/2730
f 2740/4906/2733 2743/3281/2727 2775/4910/3511 2777/4909/2749
f 3790/3348/2779 2784/3347/2778 2779/3342/2775 2793/3341/2774
f 2744/3327/2762 3783/3304/2748 3784/3295/2739
f 2411/4768/3398 2407/6/242 607/8/244 611/4246/259
f 2767/3277/2723 2770/3308/2751 2771/4914/2753
f 2767/3277/2723 2771/4914/2753 2769/3278/2724
f 2745/3276/2722 3784/3295/2739 2776/3307/2750
f 2777/3305/2749 3783/3304/2748 3782/3326/2761
f 2890/3349/2780 3786/3497/2890 2797/3350/2777
f 2778/3336/2770 2783/3335/2769 3789/3339/2773
f 2778/3336/2770 2796/3337/2771 2892/3334/2768
f 2780/3515/2767 3788/3340/2766 2779/3342/2775
f 3791/4916/2765 2889/3500/2764 2781/3502/2894
f 2781/3502/2894 3787/4917/2896 2785/3370/2798
f 2781/3502/2894 2785/3370/2798 3791/4916/2765
f 2782/3343/2772 2797/3346/2777 3786/3506/2890
f 2783/3335/2769 2895/3510/2898 2784/3347/2778
f 3792/3368/2784 2795/3367/2796 3787/3505/2896 2891/3504/2782
f 3787/4917/2896 2794/3359/2789 2785/3370/2798
f 2789/3402/2783 2818/4918/3512 2800/3369/2797 3792/3368/2784
f 2795/3367/2796 2794/4919/2789 3787/3505/2896
f 2783/3335/2769 3790/3348/2779 3789/3339/2773
f 2888/3329/2763 3791/3331/2765 3788/3332/2766
f 2798/3351/2781 3792/3354/2784 2891/3352/2782
f 2786/3391/2816 2816/3393/2799 2787/3364/2794
f 2788/3397/2821 2789/3353/2783 2798/3351/2781
f 2798/3351/2781 3793/4920/2792 2788/3397/2821
f 2813/3395/2819 2814/3394/2818 2790/3372/2793
f 2790/3372/2793 2792/3366/2795 2813/3395/2819
f 2815/3357/2787 2801/3356/2786 2816/3371/2799
f 3794/3360/2790 2794/3359/2789 2800/4921/2797
f 2818/4918/3512 3794/4922/2790 2800/3369/2797
f 2820/3396/2820 2792/3366/2795 2801/3356/2786 2821/3355/2785
f 2819/3361/2791 2790/3363/2793 2814/4923/2818
f 2792/3366/2795 2820/3396/2820 2813/3395/2819
f 3791/3331/2765 2787/3364/2794 2816/3393/2799 3788/3332/2766
f 2798/3351/2781 2797/3350/2777 3793/4920/2792
f 2805/3301/2745 2807/3300/2744 2809/3383/2809 2812/3386/2811
f 2792/3366/2795 3789/3339/2773 3790/3348/2779
f 2795/3367/2796 2800/3369/2797 2794/4919/2789
f 2791/3358/2788 3791/4916/2765 2785/3370/2798
f 2801/3356/2786 3790/3348/2779 2793/3341/2774
f 2816/3371/2799 2793/3341/2774 3788/3340/2766
f 2796/3337/2771 3789/3339/2773 2790/3372/2793
f 2802/3291/2735 2756/3293/2737 2811/3373/2800
f 2803/3312/2741 2811/3373/2800 3797/4924/2807
f 2804/3314/2755 2805/4908/2745 2812/4925/2811
f 2812/4925/2811 3780/4907/3510 2804/3314/2755
f 2753/3378/2805 2810/3376/2803 2760/3375/2802
f 2755/3294/2738 2808/3374/2801 2756/3380/2737
f 2803/3297/2741 3797/3381/2807 2806/3298/2742
f 2809/4926/2809 2807/4911/2744 2806/3298/2742
f 2822/4927/2812 2828/3377/2804 2753/3378/2805 2754/4905/2813
f 2759/3296/2740 2810/3376/2803 2808/3374/2801
f 3780/4907/3510 2812/4925/2811 3795/3399/2823 2826/3398/2822
f 2808/3374/2801 2827/3390/2815 2823/3379/2806
f 2756/3380/2737 2823/3379/2806 3796/3404/2817
f 2806/3298/2742 2824/3382/2808 2809/4926/2809
f 2825/3385/2810 3795/3403/2823 2812/3386/2811
f 2758/3389/2814 3780/4912/3510 2826/3401/2822
f 2826/3401/2822 2822/3387/2812 2758/3389/2814
f 2756/3293/2737 3796/3392/2817 2811/3373/2800
f 2827/3390/2815 2821/3355/2785 2815/3357/2787 2823/3379/2806
f 2787/3364/2794 2817/3400/2824 2786/3391/2816
f 2788/3397/2821 3793/4920/2792 2826/3398/2822
f 2828/3377/2804 2813/3395/2819 2810/3376/2803
f 2816/3371/2799 3796/3404/2817 2815/3357/2787
f 2817/4928/2824 2787/4929/2794 2791/3358/2788
f 2817/4928/2824 2791/3358/2788 3794/3360/2790
f 3794/3360/2790 2824/3382/2808 2817/4928/2824
f 2818/4918/3512 2824/3384/2808 3794/4922/2790
f 2819/3361/2791 2826/3401/2822 3793/3362/2792
f 2817/3400/2824 3797/4924/2807 2811/3373/2800
f 2786/3391/2816 2811/3373/2800 3796/3392/2817
f 2820/3396/2820 2827/3390/2815 2810/3376/2803
f 2819/3361/2791 2814/4923/2818 2822/3387/2812
f 2818/4918/3512 2789/3402/2783 2825/3385/2810
f 2825/3385/2810 2824/3384/2808 2818/4918/3512
f 2817/4928/2824 2824/3382/2808 3797/3381/2807
f 2855/3430/2846 2830/3073/2575 2831/3074/2565 2846/3443/2837
f 2828/3377/2804 2822/4927/2812 2814/3394/2818
f 2615/3064/2567 2848/3406/2826 2840/3420/2836
f 2615/3064/2567 2840/3420/2836 2831/3062/2565
f 2838/3413/2831 3798/4874/2834 2833/3075/2576
f 2836/3082/2580 3802/3411/2830 2837/3409/2828
f 2856/3410/2829 2849/3429/2845 2829/3068/2571
f 2849/3429/2845 2856/3410/2829 2870/4930/3513 2871/3427/2843
f 2830/3073/2575 2855/3430/2846 3802/3411/2830
f 2832/3419/2825 2847/3418/2835 2848/4931/2826
f 2838/3413/2831 2847/3440/2835 3798/4874/2834
f 2839/3415/2832 2829/3414/2571 2849/3438/2845
f 2839/3415/2832 2851/3437/2838 2835/3079/2569
f 2841/3067/2570 2835/3066/2569 2851/3422/2838
f 2875/3424/2840 2840/3420/2836 2854/3435/2851
f 2843/3426/2842 3803/3479/2880 2850/3434/2850
f 2850/3434/2850 2851/3422/2838 2843/3426/2842
f 2875/3481/2840 2854/4932/2851 2844/4933/2853 2874/3480/2881
f 2856/3410/2829 3801/3445/2854 2870/4930/3513
f 2852/3432/2848 2872/3431/2847 2878/3485/2883
f 2873/3433/2849 2855/3430/2846 2842/3444/2839
f 2877/3487/2885 3801/3445/2854 2852/3432/2848 2878/3485/2883
f 2845/3439/2852 2874/3494/2881 2844/3441/2853
f 2845/3439/2852 2850/3442/2850 3803/3492/2880
f 2853/3436/2841 2849/3438/2845 2876/3482/2844
f 3801/3445/2854 2877/3487/2885 2870/4930/3513
f 2847/3418/2835 2844/4933/2853 2854/4932/2851 2848/4931/2826
f 2842/3423/2839 2846/3421/2837 2840/3420/2836
f 3801/3445/2854 3800/3416/2833 3802/3411/2830
f 3801/3445/2854 3802/3411/2830 2852/3432/2848
f 2838/3413/2831 3799/3412/2827 2850/3442/2850
f 2881/3474/2876 2858/3473/2875 2865/3447/2856 2882/3489/2887
f 2852/3432/2848 3802/3411/2830 2855/3430/2846
f 2857/3448/2857 2865/3447/2856 2858/3473/2875
f 2860/3477/2878 3806/3449/2858 2859/3451/2860
f 2864/3454/2863 2869/3470/2872 2916/3452/2861
f 2918/3456/2865 3804/3495/2888 2865/3457/2856
f 2862/4934/3514 2863/3462/2868 2867/3464/2869
f 2868/3467/2870 2880/3491/2864 2920/3468/2862
f 2869/3470/2872 2921/3469/2871 2916/3452/2861
f 2918/3456/2865 2869/3470/2872 3804/3495/2888
f 2864/3454/2863 2879/3471/2873 2869/3470/2872
f 2865/3457/2856 3804/3495/2888 2882/4935/2887
f 2861/3459/2866 2881/4936/2876 2887/3472/2874
f 2867/3464/2869 2866/3463/2867 2887/4937/2874
f 2867/3464/2869 3805/3493/2879 2862/4934/3514
f 2869/3470/2872 2879/3471/2873 2885/3486/2884
f 2869/3470/2872 2885/3486/2884 3804/3495/2888
f 3805/3478/2879 2883/3476/2877 2860/3477/2878 2862/4938/3514
f 2886/4939/2882 2883/3476/2877 2843/3426/2842 2853/3425/2841
f 2884/3488/2886 2842/3423/2839 2875/3424/2840
f 2875/3424/2840 2881/3474/2876 2884/3488/2886
f 2842/3423/2839 2884/3488/2886 2873/3490/2849
f 3804/3495/2888 2872/3431/2847 2873/3433/2849 2882/4935/2887
f 2883/3476/2877 3805/3478/2879 2843/3426/2842
f 2875/3481/2840 2887/3472/2874 2881/4936/2876
f 3803/3492/2880 2874/3494/2881 2845/3439/2852
f 2853/3436/2841 2876/3482/2844 2886/3484/2882
f 2877/3487/2885 2885/3486/2884 2870/4930/3513
f 2883/3476/2877 2886/4939/2882 3806/3449/2858
f 2884/3488/2886 2881/3474/2876 2882/3489/2887
f 2878/3485/2883 3804/3495/2888 2885/3486/2884
f 2885/3486/2884 2879/3471/2873 2870/4930/3513
f 2886/3484/2882 2871/3483/2843 2880/3491/2864
f 2868/3467/2870 3806/3466/2858 2886/3484/2882
f 2867/3464/2869 2887/4937/2874 2874/3494/2881
f 2871/3427/2843 2870/4930/3513 2879/3471/2873 2880/3455/2864
f 2781/3502/2894 2893/3517/2903 2894/4940/2895 3787/4917/2896
f 2888/3329/2763 2780/3333/2767 2889/3330/2764
f 2890/3349/2780 2891/3352/2782 2898/3522/2905
f 2898/3522/2905 3814/3496/2889 2890/3349/2780
f 2892/3334/2768 3808/3511/2899 2783/3335/2769
f 2779/3342/2775 2896/3499/2892 2780/3515/2767
f 2781/3502/2894 3813/3501/2893 2893/3517/2903
f 2909/4941/3515 2889/3330/2764 2780/3333/2767 3812/4942/3516
f 2894/3503/2895 2898/3520/2905 2891/3504/2782
f 3807/3498/2891 2784/3347/2778 2895/3510/2898
f 2780/3515/2767 2913/3514/2901 3812/4943/3516
f 2893/3517/2903 3810/3516/2902 2894/4940/2895
f 2912/3519/2904 3811/4944/2906 2898/3520/2905
f 2897/3508/2897 3814/3507/2889 2911/3527/2910
f 2895/3510/2898 3808/3511/2899 3807/3498/2891
f 3812/4942/3516 2901/3556/2933 2927/3557/2934 2910/4945/2917
f 2889/3330/2764 2909/4941/3515 3813/4946/2893
f 2910/4945/2917 2927/3557/2934 2903/4947/2916
f 2906/3568/2942 2905/3525/2909 2911/3527/2910 3814/3507/2889
f 2928/3529/2912 2906/4948/2942 3814/3496/2889
f 2914/3513/2900 2899/3524/2908 3808/3511/2899
f 2901/3559/2933 3812/4943/3516 2913/3514/2901
f 2901/3559/2933 2913/3514/2901 2908/3531/2914
f 2904/4949/3517 3809/4950/2913 2912/3519/2904
f 2912/3519/2904 2902/4951/2915 2904/4949/3517
f 2863/3462/2868 2862/4934/3514 2915/3547/2927 3816/3550/2925
f 2910/4945/2917 3813/4946/2893 2909/4941/3515
f 2910/4945/2917 2909/4941/3515 3812/4942/3516
f 2908/3531/2914 2896/3499/2892 3807/3498/2891
f 2907/3528/2911 3807/3498/2891 3808/3511/2899
f 2911/3527/2910 2900/3526/2907 2897/3508/2897
f 2912/3519/2904 3809/4950/2913 3811/4944/2906
f 2912/3519/2904 3810/3518/2902 2902/4951/2915
f 2903/3533/2916 3810/3516/2902 3813/3501/2893
f 2914/3513/2900 2897/3512/2897 2900/3523/2907
f 2859/3451/2860 2915/3555/2927 2860/3477/2878
f 2859/3451/2860 3815/3450/2859 2936/3553/2932
f 2916/3452/2861 2923/3542/2920 2920/3453/2862
f 2923/3542/2920 2916/3452/2861 2924/3541/2923
f 2918/3456/2865 2925/3537/2919 2922/3540/2922
f 2919/3546/2918 2858/4952/2875 2861/3459/2866
f 2919/3546/2918 2861/3459/2866 2863/3461/2868
f 2863/3461/2868 3816/3544/2925 2919/3546/2918
f 3819/3551/2930 2922/3540/2922 2925/3537/2919 2939/4953/3518
f 2862/4934/3514 2860/4954/2878 2915/3547/2927
f 3815/3465/2859 2920/3468/2862 2926/3539/2921
f 2926/3539/2921 2936/3569/2932 3815/3465/2859
f 2925/3537/2919 3818/4955/2931 2939/4953/3518
f 2938/3563/2939 2857/3448/2857 2919/3535/2918 2933/3564/2926
f 2926/3539/2921 2923/3538/2920 2935/3570/2924
f 2921/3469/2871 3819/3551/2930 2924/3541/2923
f 3817/4956/2943 2929/3566/2940 2899/3524/2908 2900/3523/2907
f 2857/3448/2857 2938/3563/2939 3818/3552/2931
f 2927/3557/2934 3818/3552/2931 2938/3563/2939
f 2927/3557/2934 2938/3563/2939 2930/3565/2938
f 2930/3565/2938 2903/4947/2916 2927/3557/2934
f 2928/3529/2912 3809/3530/2913 3820/3558/2935
f 2937/3554/2928 2906/4948/2942 2928/3529/2912
f 3809/4950/2913 2904/4949/3517 2931/3572/2937 3820/3573/2935
f 2901/3559/2933 2940/3560/2936 2939/4953/3518
f 2901/3559/2933 2939/4953/3518 3818/4955/2931
f 2930/3562/2938 2902/3532/2915 2903/3533/2916
f 2904/4949/3517 2902/4951/2915 2931/3572/2937
f 2899/3524/2908 2929/3566/2940 2932/3567/2941 2907/3528/2911
f 2905/3525/2909 3817/3571/2943 2900/3526/2907
f 2907/3528/2911 2932/3567/2941 2940/3560/2936 2908/3531/2914
f 2959/3579/2947 2942/2760/2347 2943/4780/2956 2955/3612/2966
f 2937/3554/2928 2936/3553/2932 2906/4948/2942
f 2932/3567/2941 2924/3541/2923 3819/3551/2930
f 2905/3525/2909 2906/3568/2942 2926/3539/2921
f 2926/3539/2921 2935/3570/2924 2905/3525/2909
f 2934/3549/2929 2937/3548/2928 3820/3573/2935
f 2930/3562/2938 2933/3545/2926 2931/3561/2937
f 2940/3560/2936 3819/3551/2930 2939/4953/3518
f 2929/3566/2940 3817/4956/2943 2935/3543/2924
f 2935/3543/2924 2924/3541/2923 2929/3566/2940
f 2947/3575/2945 2941/4957/2341 2944/2764/2340
f 2423/3582/2949 3824/3585/2952 2424/2766/2351
f 2425/2770/2355 2424/2773/2351 3824/3588/2952
f 3824/3588/2952 3823/3587/2343 2425/2770/2355
f 2956/3609/2948 2948/3577/2944 3822/3576/2946 2959/3606/2947
f 2943/3591/2956 2957/3590/2955 2955/4958/2966
f 2979/3618/2971 3006/3617/2970 3007/3715/2979 2978/3645/2991
f 3821/2757/2344 2960/3598/2953 2957/3595/2955
f 3821/2757/2344 3823/2756/2343 2960/3598/2953
f 2968/3640/2989 2949/3642/2990 2951/4959/2992
f 2950/3597/2957 2958/3644/2965 2960/3598/2953
f 2969/3601/2960 2959/3579/2947 2971/3613/2964
f 2951/3649/2992 3828/3602/2961 2961/3584/2951
f 2960/3586/2953 3824/3588/2952 2952/3604/2958
f 2958/3644/2965 2957/3595/2955 2960/3598/2953
f 2968/3640/2989 2951/4959/2992 2954/3593/2950
f 2954/3593/2950 2947/3592/2945 2968/3640/2989
f 2953/3605/2962 2956/3609/2948 2959/3606/2947
f 2971/3610/2964 2955/4958/2966 2957/3590/2955
f 2961/3584/2951 2954/3583/2950 2951/3649/2992
f 2970/3646/2963 2968/3648/2989 2947/3575/2945
f 2970/3646/2963 2947/3575/2945 2956/3581/2948
f 2962/3616/2969 2966/3639/2980 3016/4960/3040
f 3827/4961/3519 3010/3711/3035 2963/3713/2988
f 2976/3634/2985 2971/3610/2964 2958/3611/2965 2973/3636/2987
f 3008/3716/2976 3016/3719/3040 2966/3628/2980
f 2966/3628/2980 3830/3647/2977 3008/3716/2976
f 2964/3622/2968 3825/3621/2974 3826/3631/2983
f 2965/3654/2994 3010/4962/3035 3827/4963/3519
f 2965/3654/2994 3825/4964/2974 3010/4962/3035
f 2965/3654/2994 3826/3653/2983 3825/4964/2974
f 3012/3723/2972 2979/3633/2971 3011/3635/2986
f 3007/3627/2979 2967/3626/2978 2978/3652/2991
f 3829/3630/2982 3830/3647/2977 2966/3628/2980
f 2977/3632/2984 2974/4965/2993 2964/3622/2968
f 3011/3635/2986 2976/3634/2985 2973/3636/2987
f 2962/3616/2969 2964/3615/2968 2974/3651/2993
f 2974/3651/2993 2975/3638/2981 2962/3616/2969
f 2963/3713/2988 2973/3643/2987 3827/4961/3519
f 2969/3601/2960 2979/3618/2971 2978/3645/2991
f 2979/3633/2971 2969/4966/2960 2971/3610/2964 2976/3634/2985
f 2996/4967/3010 2984/4968/3009 2982/3664/3003 2998/3663/3002
f 2972/3607/2959 3830/3625/2977 2953/3605/2962
f 2950/3597/2957 2965/4969/2994 3827/4961/3519
f 2950/3597/2957 3827/4961/3519 2973/3643/2987
f 2977/3632/2984 2949/3650/2990 2974/4965/2993
f 2977/3632/2984 3826/3631/2983 3828/3602/2961
f 2980/3661/3000 2981/3656/2995 2988/3658/2997
f 2988/3658/2997 3000/3659/2998 2980/3661/3000
f 2992/3736/3047 2991/3697/3028 3002/3699/3030 3000/4970/2998
f 3084/3834/3016 3842/3836/2999 3000/4970/2998
f 3085/3677/3012 2987/3676/3011 3081/3688/3001
f 3090/3680/3014 3088/3681/3015 2985/3678/3013
f 3083/3667/3006 3004/3684/3017 3003/3685/3018
f 3084/3834/3016 3000/4970/2998 3002/3699/3030
f 3002/3699/3030 2997/4971/3520 3084/3834/3016
f 3832/3670/2996 2986/3669/3008 3001/3702/3019
f 3086/3675/3004 3003/3707/3018 2987/3676/3011
f 2985/3678/3013 3084/3682/3016 2997/4972/3520
f 3081/3662/3001 2999/3693/3020 2998/3663/3002
f 3018/3689/3021 2992/3734/3047 3000/3659/2998
f 3021/3691/3023 2996/4967/3010 2998/3663/3002
f 3020/3692/3024 2998/3663/3002 2999/3693/3020
f 2989/3696/3027 3003/3685/3018 3004/3684/3017
f 3004/4973/3017 2985/3678/3013 2994/3710/3034 2989/3730/3027
f 3831/3735/3025 2999/3687/3020 2993/3706/3033
f 3024/4974/3045 3010/4962/3035 3825/4964/2974 3027/4975/3043
f 2988/3658/2997 3832/3657/2996 3019/3690/3022
f 2985/3678/3013 2997/4972/3520 2995/3709/3029
f 2993/3706/3033 2987/3676/3011 3003/3707/3018
f 3023/3704/3032 3001/3686/3019 2996/3673/3010
f 3001/3702/3019 3019/3701/3022 3832/3670/2996
f 3002/3699/3030 2995/3698/3029 2997/4971/3520
f 3005/3614/2967 2962/3616/2969 3016/4960/3040
f 3009/3620/2973 3027/3728/3043 3825/3621/2974
f 3011/3635/2986 3017/3721/3036 3012/3723/2972
f 3013/3623/2975 3007/3627/2979 3014/3727/3037
f 3013/3623/2975 3833/3726/3038 3008/3624/2976
f 3006/3617/2970 3025/3739/3041 3014/3714/3037
f 3015/3718/3039 3834/3737/3046 3016/3719/3040
f 3009/3620/2973 3005/3720/2967 3026/3729/3044
f 3026/3729/3044 3027/3728/3043 3009/3620/2973
f 3234/4063/3278 3032/3765/3069 3238/4976/3062 3235/4061/3276
f 3005/3614/2967 3016/4960/3040 3834/3733/3046
f 3834/3733/3046 3026/3732/3044 3005/3614/2967
f 3010/3711/3035 3024/3731/3045 3017/3712/3036
f 3018/3689/3021 3019/3690/3022 3026/3732/3044
f 2989/3696/3027 3014/3714/3037 2990/3695/3026
f 2991/3697/3028 3833/3717/3038 2995/3698/3029
f 3023/3704/3032 3021/3705/3023 3027/4975/3043
f 3023/3704/3032 3027/4975/3043 3022/4977/3031
f 2993/3706/3033 3025/3722/3041 3831/3735/3025
f 2994/3710/3034 2995/3709/3029 3833/3726/3038
f 3020/3692/3024 3017/3712/3036 3024/3731/3045
f 3021/3705/3023 3024/4974/3045 3027/4975/3043
f 2991/3697/3028 2992/3736/3047 3015/3718/3039
f 3015/3718/3039 3833/3717/3038 2991/3697/3028
f 3028/3745/3053 3029/3740/3048 3038/3742/3050
f 3038/3742/3050 3047/3743/3051 3028/3745/3053
f 3030/3748/3056 3037/3747/3055 3039/3749/3057
f 3031/3750/3058 3039/3749/3057 3051/3783/3080
f 3047/4978/3051 3036/3751/3059 3236/3753/3061 3237/4065/3052
f 3032/3765/3069 3234/4063/3278 3239/4071/3283
f 3236/3753/3061 3035/3752/3060 3240/4070/3282
f 3053/3767/3071 3238/4976/3062 3032/3765/3069 3044/3786/3068
f 3033/3757/3063 3869/4979/3274 3034/3758/3064
f 3033/3757/3063 3838/3760/3049 3029/4980/3048
f 3031/4981/3058 3051/3776/3080 3034/4058/3064
f 3035/3752/3060 3032/3765/3069 3239/4071/3283
f 3239/4071/3283 3240/4070/3282 3035/3752/3060
f 3045/4982/3521 3048/3822/3082 3066/3784/3086 3039/3749/3057
f 3052/3759/3065 3034/3758/3064 3837/4983/3522
f 3034/4058/3064 3051/3776/3080 3837/4984/3522
f 3238/3754/3062 3053/4985/3071 3050/3761/3066
f 3037/3755/3055 3050/3761/3066 3045/4986/3521
f 3046/3763/3067 3044/3764/3068 3035/3752/3060
f 3037/3747/3055 3045/4982/3521 3039/3749/3057
f 3040/3785/3087 3065/3821/3077 3049/4987/3076
f 3040/3785/3087 3838/3741/3049 3042/3820/3078
f 3067/3828/3081 3051/3783/3080 3066/3784/3086
f 3041/3768/3072 3053/3767/3071 3054/3782/3085
f 3054/3782/3085 3840/3781/3084 3041/3768/3072
f 3036/3751/3059 3049/3772/3076 3068/3769/3073
f 3042/3774/3078 3052/3759/3065 3836/3824/3113
f 3071/3775/3079 3836/4988/3113 3051/3776/3080
f 3072/3779/3070 3050/3761/3066 3053/4985/3071
f 3043/3771/3075 3073/3780/3083 3054/3782/3085
f 3047/3743/3051 3038/3742/3050 3040/3785/3087 3049/4987/3076
f 3841/3815/3109 3114/3800/3099 3839/3799/3098 3070/3830/3108
f 3046/3763/3067 3036/3762/3059 3043/3771/3075
f 3048/3778/3082 3045/4986/3521 3050/3761/3066
f 3836/4988/3113 3837/4984/3522 3051/3776/3080
f 3052/3759/3065 3837/4983/3522 3836/3824/3113
f 3036/3751/3059 3047/4978/3051 3049/3772/3076
f 3846/3795/3096 3061/3794/3095 3062/4989/3103
f 3111/3811/3106 3839/3814/3098 3112/3883/3148
f 3058/3804/3101 3064/3803/3092 3059/3818/3111
f 3060/3805/3102 3846/3882/3096 3062/3806/3103
f 3056/3793/3094 3077/3831/3110 3061/3794/3095
f 3111/3811/3106 3107/3879/3090 3076/3812/3107
f 3064/3803/3092 3079/3826/3112 3072/3779/3070 3077/3817/3110
f 3063/3788/3089 3076/3829/3107 3107/3789/3090
f 3108/3790/3091 3841/4990/3109 3078/3827/3115
f 3108/3790/3091 3078/3827/3115 3064/3791/3092
f 3065/3821/3077 3042/3820/3078 3069/4991/3114
f 3066/3784/3086 3079/3823/3112 3067/3828/3081
f 3069/3825/3114 3836/3824/3113 3070/3813/3108
f 3071/3775/3079 3070/3830/3108 3836/4988/3113
f 3073/3780/3083 3043/3771/3075 3080/3770/3074
f 3079/3823/3112 3064/3791/3092 3078/3827/3115
f 3067/3828/3081 3078/3827/3115 3841/4990/3109
f 3065/3821/3077 3069/4991/3114 3076/3829/3107
f 3063/3788/3089 3074/4992/3105 3065/3821/3077
f 3073/3780/3083 3080/3770/3074 3075/3807/3104
f 3075/3807/3104 3062/3806/3103 3073/3780/3083
f 3080/4993/3074 3068/3769/3073 3074/3810/3105 3075/3809/3104
f 3070/3813/3108 3076/3812/3107 3069/3825/3114
f 3068/3769/3073 3065/3773/3077 3074/3810/3105
f 3105/3857/3131 3097/4994/3123 3842/3836/2999 3088/3835/3015
f 3840/3781/3084 3062/4989/3103 3061/3794/3095
f 3041/3768/3072 3061/3794/3095 3077/3831/3110
f 3083/3667/3006 3087/3833/3117 3090/3840/3014
f 2983/3668/3007 3098/3842/3121 2986/3669/3008
f 2986/3674/3008 3098/3843/3121 2984/3672/3009
f 3085/3677/3012 3091/3837/3116 3089/3838/3118
f 3086/3675/3004 3089/3838/3118 3082/3847/3005
f 3104/4995/3523 3103/3841/3120 2983/3668/3007 2981/3671/2995
f 3088/3681/3015 3090/3680/3014 3099/3869/3119 3105/3868/3131
f 3104/4996/3523 3102/3849/3124 3092/3851/3126 3843/4997/3524
f 2980/3661/3000 3842/3660/2999 3097/3848/3123
f 3102/3849/3124 3104/4996/3523 2981/3656/2995
f 2982/3664/3003 3845/4998/3122 3100/3866/3139
f 2982/3664/3003 3100/3866/3139 3091/3832/3116
f 3843/4999/3524 3095/3859/3133 3103/3841/3120 3104/4995/3523
f 3093/3891/3154 3101/3865/3138 3096/3867/3134
f 3094/3854/3129 3121/3853/3128 3120/5000/3525
f 3094/3854/3129 3120/5000/3525 3125/5001/3137
f 3095/3859/3133 3848/3898/3135 3098/3842/3121
f 3091/3837/3116 3101/5002/3138 3123/5003/3127 3089/3838/3118
f 3124/3862/3136 3122/5004/3130 3844/3863/3132
f 3101/3865/3138 3091/3832/3116 3100/3866/3139
f 3096/3867/3134 3100/3866/3139 3845/4998/3122
f 3102/3849/3124 3097/3848/3123 3119/3850/3125
f 3125/3864/3137 3844/3863/3132 3099/3869/3119
f 3123/5003/3127 3087/3846/3117 3089/3838/3118
f 3113/3890/3100 3114/5005/3099 3108/3790/3091 3118/3873/3142
f 3105/3857/3131 3119/3856/3125 3097/4994/3123
f 3094/3854/3129 3099/3839/3119 3087/3833/3117
f 3106/3787/3088 3107/3789/3090 3117/3872/3141
f 3117/3872/3141 3129/3895/3155 3106/3787/3088
f 3129/3893/3155 3115/3876/3145 3057/3798/3097 3106/3797/3088
f 3847/3874/3143 3059/5006/3111 3056/3793/3094
f 3109/3875/3144 3056/3793/3094 3846/3795/3096
f 3846/3795/3096 3130/5007/3147 3109/3875/3144
f 3131/3885/3150 3123/5003/3127 3101/5002/3138 3127/3886/3151
f 3112/3883/3148 3849/3878/3140 3111/3811/3106
f 3112/5008/3148 3839/3799/3098 3113/3801/3100
f 3113/3801/3100 3116/3897/3149 3112/5008/3148
f 3060/3805/3102 3057/3808/3097 3110/3888/3146
f 3110/3888/3146 3130/3881/3147 3060/3805/3102
f 3115/3876/3145 3128/3899/3152 3110/3877/3146
f 3113/3801/3100 3126/3894/3153 3116/3897/3149
f 3058/3804/3101 3131/3885/3150 3127/3886/3151
f 3055/3792/3093 3127/3892/3151 3118/3873/3142
f 3092/3851/3126 3119/3850/3125 3129/3895/3155
f 3130/5007/3147 3125/5001/3137 3120/5000/3525
f 3096/3860/3134 3126/3894/3153 3093/5009/3154
f 3843/4997/3524 3092/3851/3126 3117/3872/3141 3849/3871/3140
f 3123/5003/3127 3131/3885/3150 3121/3896/3128
f 3124/3862/3136 3125/3864/3137 3130/3881/3147
f 3093/3891/3154 3126/3889/3153 3118/3873/3142
f 3093/3891/3154 3118/3873/3142 3127/3892/3151
f 3109/3875/3144 3120/5000/3525 3121/3853/3128 3847/3874/3143
f 3095/3859/3133 3843/4999/3524 3849/3878/3140
f 3849/3878/3140 3116/3884/3149 3095/3859/3133
f 3122/3855/3130 3124/5010/3136 3128/3899/3152
f 3144/3932/3168 3143/3939/3183 3132/3258/2709 3133/4900/2701
f 3120/5000/3525 3109/3875/3144 3130/5007/3147
f 2730/3255/2700 3776/3257/2708 3136/5011/3526
f 3136/5011/3526 3851/5012/3156 2730/3255/2700
f 3132/3258/2709 3136/5013/3526 3776/3259/2708
f 2732/3264/2712 3135/3911/3157 3137/3903/3158
f 2731/3261/2705 3137/3903/3158 2726/3914/2706
f 3135/3901/3157 3850/3267/2715 3145/3904/3159
f 3135/3901/3157 3153/3905/3160 3142/5014/3165
f 2728/3910/3164 2729/3906/2696 3152/3908/3162
f 3152/3908/3162 3146/3909/3163 2728/3910/3164
f 3151/3929/3178 3136/5011/3526 3143/3940/3183
f 3136/5011/3526 3151/3929/3178 3851/5012/3156
f 3146/3909/3163 3853/3937/3181 3150/3936/3180 3145/3904/3159
f 3132/3258/2709 3143/3939/3183 3136/5013/3526
f 2726/3254/2706 3854/3923/3166 3148/3916/3167
f 3166/3918/3169 3139/3976/3213 3149/3919/3170
f 3171/3921/3172 3144/3917/3168 3148/3916/3167
f 3168/3922/3173 3148/3916/3167 3854/3923/3166
f 3138/3926/3176 3153/3905/3160 3150/3936/3180
f 3139/3978/3213 3853/3937/3181 3152/3908/3162
f 3152/3908/3162 3149/5015/3170 3139/3978/3213
f 3140/3934/3174 3854/3913/3166 3137/3903/3158
f 3141/3938/3182 3138/3926/3176 3150/3936/3180
f 3167/3920/3171 3149/3919/3170 3147/3915/3161
f 3147/3915/3161 3851/3900/3156 3167/3920/3171
f 3198/4006/3237 3182/3982/3215 3183/5016/3340 3863/5017/3249
f 3137/3903/3158 3142/3912/3165 3852/3935/3175
f 3151/3929/3178 3167/3928/3171 3851/5012/3156
f 3152/3908/3162 3147/3907/3161 3149/5015/3170
f 3153/3905/3160 3852/3925/3175 3142/5014/3165
f 3209/3941/3184 3162/3972/3188 3165/3942/3185
f 3155/3955/3195 3213/4036/3192 3159/3952/3191
f 3156/3956/3196 3217/4030/3257 3160/3967/3206
f 3211/3944/3187 3856/3963/3202 3162/3945/3188
f 3855/3947/3186 3165/5018/3185 3163/3948/3189
f 3156/3956/3196 3160/3967/3206 3180/3957/3197
f 3158/3960/3200 3164/4032/3209 3179/3981/3211
f 3158/3960/3200 3179/3981/3211 3173/3961/3201
f 3856/3963/3202 3173/5019/3201 3178/3964/3203
f 3162/3945/3188 3178/3964/3203 3859/5020/3527
f 3165/5018/3185 3174/5021/3214 3163/3948/3189
f 3159/3950/3191 3163/3948/3189 3858/5022/3193
f 3177/3966/3205 3180/3957/3197 3160/3967/3206
f 3154/3968/3207 3157/5023/3199 3172/3969/3198
f 3176/3970/3208 3179/3974/3211 3164/3971/3209
f 3162/3972/3188 3859/5024/3527 3175/3973/3210
f 3165/3942/3185 3175/3973/3210 3174/3977/3214
f 3166/3918/3169 3167/3920/3171 3176/3970/3208
f 3176/3970/3208 3181/3975/3212 3166/3918/3169
f 3168/3922/3173 3174/3977/3214 3175/3973/3210
f 3171/3921/3172 3175/3973/3210 3859/5024/3527
f 3180/3957/3197 3177/3966/3205 3853/3937/3181
f 3169/3927/3177 3170/3930/3179 3173/3961/3201
f 3173/3961/3201 3179/3981/3211 3169/3927/3177
f 3171/3933/3172 3859/5020/3527 3178/3964/3203
f 3852/3935/3175 3858/5022/3193 3163/3948/3189
f 3140/3934/3174 3163/3948/3189 3174/5021/3214
f 3141/3938/3182 3853/3937/3181 3177/3966/3205
f 3176/3970/3208 3172/3969/3198 3181/3975/3212
f 3177/3966/3205 3857/3954/3194 3141/3938/3182
f 3180/3957/3197 3181/3979/3212 3172/3958/3198
f 3138/3926/3176 3857/3954/3194 3858/3953/3193
f 3284/3996/3229 3185/5025/3335 3861/3997/3225
f 3284/3996/3229 3864/3998/3219 3285/4136/3218
f 3290/4141/3334 3194/3999/3230 3286/4001/3232
f 3184/3990/3223 3861/3992/3225 3185/4142/3335
f 3186/4146/3226 3285/3985/3218 3192/3987/3220
f 3290/5026/3334 3187/3995/3228 3194/4023/3230
f 3193/3988/3221 3190/3984/3217 3860/3983/3216
f 3207/4019/3250 3188/4147/3339 3189/4151/3234 3204/4021/3233
f 3182/3982/3215 3198/4006/3237 3860/3983/3216
f 3184/3990/3223 3191/3989/3222 3208/3991/3224
f 3192/3987/3220 3203/4025/3227 3186/4146/3226
f 3187/3995/3228 3203/3994/3227 3194/4023/3230
f 3863/4018/3249 3183/4148/3340 3188/4147/3339 3207/4019/3250
f 3220/4007/3238 3198/4006/3237 3863/5017/3249 3221/4043/3248
f 3193/3988/3221 3208/3991/3224 3191/3989/3222
f 3286/4001/3232 3205/4000/3231 3204/4002/3233
f 3195/4046/3266 3196/4048/3244 3206/5027/3253
f 3206/5027/3253 3223/5028/3241 3195/4046/3266
f 3197/4004/3235 3226/4042/3252 3205/4000/3231
f 3201/4005/3236 3205/4000/3231 3194/3999/3230
f 3862/4011/3242 3202/4008/3239 3227/4020/3251 3228/4049/3268
f 3222/4009/3240 3862/4011/3242 3228/4049/3268
f 3199/4012/3243 3206/4026/3253 3196/4013/3244
f 3200/4024/3246 3866/4050/3245 3224/4052/3270
f 3200/4024/3246 3224/4052/3270 3201/5029/3236
f 3201/5029/3236 3194/4023/3230 3200/4024/3246
f 3225/4016/3247 3207/4019/3250 3226/4022/3252
f 3223/5028/3241 3206/5027/3253 3864/3998/3219 3861/3997/3225
f 3226/4042/3252 3204/4002/3233 3205/4000/3231
f 3157/5023/3199 3154/3968/3207 3218/4027/3254 3214/4040/3256
f 3202/4008/3239 3862/4011/3242 3193/3988/3221
f 3193/3988/3221 3860/3983/3216 3202/4008/3239
f 3192/3987/3220 3864/3986/3219 3206/4026/3253
f 3208/3991/3224 3223/4010/3241 3861/3992/3225
f 3202/4008/3239 3860/3983/3216 3198/4006/3237
f 3219/4045/3265 3209/3941/3184 3855/3943/3186 3868/4041/3258
f 3216/4051/3269 3211/3944/3187 3209/3946/3184 3232/5030/3264
f 3209/3941/3184 3219/4045/3265 3232/4044/3264
f 3155/3955/3195 3865/4034/3259 3213/4036/3192
f 3155/3955/3195 3161/3965/3204 3865/4034/3259
f 3156/3956/3196 3157/3959/3199 3214/4029/3256
f 3210/4031/3255 3158/3960/3200 3856/3962/3202
f 3210/4031/3255 3856/3962/3202 3215/5031/3528
f 3215/5032/3528 3856/3963/3202 3211/3944/3187 3216/4051/3269
f 3161/3965/3204 3160/3967/3206 3217/4030/3257 3865/4034/3259
f 3870/4089/3297 3869/4979/3274 3033/3757/3063 3029/4980/3048
f 3213/4036/3192 3233/4035/3260 3229/5033/3262
f 3867/4054/3263 3230/4037/3261 3214/4029/3256
f 3218/4027/3254 3210/4028/3255 3231/4047/3267
f 3231/4047/3267 3867/4039/3263 3218/4027/3254
f 3195/4046/3266 3223/5028/3241 3867/4039/3263
f 3201/4005/3236 3232/4044/3264 3197/4004/3235
f 3222/4009/3240 3867/4054/3263 3223/4010/3241
f 3201/5029/3236 3224/4052/3270 3232/5030/3264
f 3226/4022/3252 3868/4033/3258 3225/4016/3247
f 3227/4020/3251 3220/4007/3238 3865/4034/3259
f 3197/4004/3235 3219/4045/3265 3868/4041/3258
f 3866/4050/3245 3215/5032/3528 3216/4051/3269
f 3224/4052/3270 3216/4051/3269 3232/5030/3264
f 3866/4014/3245 3196/4013/3244 3210/4031/3255
f 3210/4031/3255 3215/5031/3528 3866/4014/3245
f 3222/4009/3240 3228/4049/3268 3230/4037/3261
f 3221/4043/3248 3229/5033/3262 3233/4035/3260
f 3242/4055/3271 3870/5034/3297 3029/3740/3048
f 3031/3750/3058 3872/5035/3273 3243/4056/3272
f 3030/3748/3056 3243/4056/3272 3244/3746/3054
f 3271/4131/3326 3267/4135/3329 3249/4079/3291 3871/4083/3295
f 3872/4057/3273 3031/4981/3058 3034/4058/3064
f 3238/3754/3062 3241/4060/3275 3235/4068/3276
f 3234/4063/3278 3874/4062/3277 3873/4076/3288
f 3234/4063/3278 3873/4076/3288 3239/4071/3283
f 3236/3753/3061 3240/4070/3282 3253/4064/3279
f 3253/4064/3279 3875/4078/3290 3237/4065/3052
f 3870/4089/3297 3254/4088/3280 3869/4979/3274
f 3244/3756/3054 3255/5036/3284 3241/4060/3275
f 3256/4069/3281 3239/4071/3283 3873/5037/3288
f 3256/4069/3281 3253/4086/3279 3240/4070/3282
f 3242/4055/3271 3237/3744/3052 3875/4084/3290
f 3246/4085/3296 3875/4084/3290 3245/4121/3289
f 3247/4123/3323 3877/4125/3324 3248/5038/3529
f 3874/4062/3277 3282/4074/3286 3878/4075/3287
f 3878/4075/3287 3270/4082/3294 3256/4069/3281 3873/4076/3288
f 3267/4135/3329 3245/4077/3289 3249/4079/3291
f 3270/4082/3294 3271/4131/3326 3871/4083/3295
f 3243/4056/3272 3248/5038/3529 3877/4125/3324 3255/4072/3284
f 3872/5035/3273 3252/5039/3292 3248/5038/3529 3243/4056/3272
f 3255/5036/3284 3877/4128/3324 3269/4129/3285 3241/4060/3275
f 3246/4085/3296 3250/5040/3298 3242/4055/3271
f 3269/4129/3285 3874/4067/3277 3241/4060/3275
f 3319/4187/3371 3314/4189/3373 3261/4106/3312 3876/4133/3328
f 3252/4080/3292 3872/4057/3273 3254/4066/3280
f 3870/4089/3297 3242/5041/3271 3250/4090/3298
f 3257/4093/3301 3258/4179/3364 3265/4120/3319
f 3265/4120/3319 3280/4091/3299 3257/4093/3301
f 3259/4096/3304 3275/4095/3303 3266/4097/3305
f 3260/4098/3306 3266/4097/3305 3274/5042/3320
f 3283/4101/3309 3312/4100/3308 3313/4103/3311
f 3251/4081/3293 3273/4117/3316 3278/5043/3327 3252/4080/3292
f 3314/4189/3373 3315/4104/3300 3261/4106/3312
f 3262/4111/3315 3883/5044/3367 3263/4114/3318
f 3262/4111/3315 3265/4115/3319 3258/5045/3364
f 3260/4184/3306 3274/4116/3320 3263/4118/3318
f 3322/4109/3302 3281/4108/3313 3275/5046/3303
f 3264/4102/3310 3319/4187/3371 3876/4133/3328
f 3264/4102/3310 3276/4130/3325 3272/4110/3314
f 3268/4113/3317 3277/4134/3321 3265/4115/3319
f 3317/4107/3307 3283/5047/3309 3281/4108/3313
f 3876/4133/3328 3276/4130/3325 3264/4102/3310
f 3248/5038/3529 3278/4132/3327 3247/4123/3323
f 3878/4075/3287 3283/4101/3309 3272/4110/3314
f 3267/4135/3329 3280/4105/3299 3245/4077/3289
f 3182/3982/3215 3287/4152/3343 3294/4154/3341 3183/5016/3340
f 3278/5043/3327 3248/5048/3529 3252/4080/3292
f 3269/4129/3285 3281/4108/3313 3282/5049/3286
f 3276/4130/3325 3878/4075/3287 3272/4110/3314
f 3278/4132/3327 3274/5042/3320 3266/4097/3305
f 3247/4123/3323 3266/4097/3305 3275/4095/3303
f 3282/5049/3286 3281/4108/3313 3283/5047/3309
f 3278/5043/3327 3273/4117/3316 3274/4116/3320
f 3267/4135/3329 3271/4131/3326 3876/4133/3328
f 3284/3996/3229 3285/4136/3218 3295/4138/3331
f 3295/4138/3331 3185/5025/3335 3284/3996/3229
f 3286/4001/3232 3308/4139/3332 3296/4140/3333
f 3190/3984/3217 3291/4161/3349 3287/4152/3343 3182/3982/3215
f 3187/3995/3228 3289/4160/3348 3288/5050/3338 3186/3993/3226
f 3184/3990/3223 3879/4144/3337 3191/3989/3222
f 3288/4145/3338 3882/4157/3330 3285/3985/3218
f 3879/4144/3337 3291/4161/3349 3190/3984/3217 3191/3989/3222
f 3289/4160/3348 3187/3995/3228 3290/5026/3334
f 3290/5026/3334 3296/4158/3333 3289/4160/3348
f 3188/4147/3339 3294/4149/3341 3293/4150/3342
f 3189/4151/3234 3293/4150/3342 3308/5051/3332
f 3306/5052/3530 3305/4175/3361 3309/4162/3350 3879/4144/3337
f 3296/4158/3333 3297/5053/3351 3311/4159/3347
f 3289/4160/3348 3311/4159/3347 3880/5054/3346
f 3289/4160/3348 3880/5054/3346 3288/5050/3338
f 3294/4149/3341 3307/5055/3344 3293/4150/3342
f 3309/4162/3350 3287/4152/3343 3291/4161/3349
f 3295/4138/3331 3881/4174/3345 3185/5025/3335
f 3324/4173/3360 3301/4200/3381 3881/4174/3345
f 3324/4173/3360 3882/4137/3330 3325/4196/3356
f 3300/4177/3362 3881/4155/3345 3301/4202/3381
f 3330/4171/3353 3311/4159/3347 3297/5053/3351
f 3305/4175/3361 3299/4167/3355 3287/4152/3343
f 3326/4164/3352 3297/4163/3351 3308/4139/3332
f 3293/4150/3342 3304/4206/3384 3310/4205/3359 3308/5051/3332
f 3307/5055/3344 3298/5056/3354 3304/4206/3384 3293/4150/3342
f 3323/5057/3363 3883/5044/3367 3262/4111/3315 3258/5045/3364
f 3303/4170/3358 3880/5054/3346 3311/4159/3347
f 3300/4177/3362 3306/5052/3530 3879/4144/3337
f 3260/4098/3306 3335/4209/3368 3259/4096/3304
f 3340/4214/3378 3333/4213/3388 3883/5044/3367 3323/5057/3363
f 3316/4181/3366 3260/4184/3306 3263/4118/3318
f 3317/4107/3307 3321/4185/3369 3312/4193/3308
f 3318/4186/3370 3313/4103/3311 3320/4180/3365
f 3314/4189/3373 3319/4187/3371 3332/4190/3374
f 3327/4191/3375 3885/4203/3380 3315/4104/3300
f 3319/4187/3371 3318/4186/3370 3334/4194/3376 3332/4190/3374
f 3883/4182/3367 3333/5058/3388 3316/4181/3366
f 3322/4109/3302 3337/5059/3377 3321/4185/3369
f 3885/4199/3380 3338/4198/3379 3323/4178/3363 3315/4092/3300
f 3306/5052/3530 3300/4177/3362 3327/4191/3375 3331/4208/3386
f 3338/4198/3379 3340/4197/3378 3323/4178/3363
f 3259/4096/3304 3335/4209/3368 3337/4195/3377
f 3324/4173/3360 3325/4196/3356 3338/4198/3379
f 3338/4198/3379 3885/4199/3380 3324/4173/3360
f 3326/4164/3352 3337/4195/3377 3336/4201/3382
f 3884/4188/3372 3304/5060/3384 3298/4166/3354
f 3329/4212/3387 3328/4204/3383 3302/4169/3357 3303/4176/3358
f 3300/4177/3362 3301/4202/3381 3327/4191/3375
f 3299/4167/3355 3331/4208/3386 3334/4194/3376 3320/4180/3365
f 3328/4204/3383 3340/4214/3378 3325/4168/3356
f 3329/4211/3387 3303/4170/3358 3330/4171/3353
f 3330/4171/3353 3336/4210/3382 3329/4211/3387
f 3310/4205/3359 3339/4207/3385 3337/5059/3377
f 3305/4175/3361 3306/5052/3530 3331/4208/3386
f 3341/4220/3389 3889/4825/3394 2497/4824/2432 3347/4218/2433
f 3339/4207/3385 3321/4185/3369 3337/5059/3377
f 3336/4210/3382 3335/4183/3368 3316/4181/3366
f 3329/4211/3387 3316/4181/3366 3333/5058/3388
f 3299/4167/3355 3320/4180/3365 3884/4188/3372
f 3341/4225/3389 3345/5061/3392 3342/5062/3390
f 3344/5063/3396 3346/5064/3393 3342/5065/3390
f 3345/4229/3392 3344/4228/3396 3342/5066/3390
f 3346/5064/3393 3344/5063/3396 3887/2896/2434 2496/2898/2435
f 3341/4215/3389 3343/4217/3391 3888/2899/2436 3886/2900/2437
f 2496/4828/2435 2498/4829/3496 3346/5067/3393
f 3347/2895/2433 2495/4821/3395 3345/5068/3392
f 2498/4823/3496 3888/4822/2436 3343/4221/3391
f 2498/4823/3496 3343/4221/3391 3346/4223/3393
f 2495/4227/3395 3887/4820/2434 3344/4228/3396
o Worm_LP_Circle.001
v -2.705308 0.163144 0.792934
v -2.751647 0.139094 0.776219
v -2.742457 0.105719 0.876417
v -2.737233 0.140271 0.858594
v -2.767904 0.109043 0.767354
v -2.789299 0.102099 0.793522
v -2.710571 0.018449 0.792119
v -2.689317 0.036008 0.756379
v -2.733117 0.074847 0.880174
v -2.744172 0.153357 0.818438
v -2.756852 0.082482 0.754860
v -2.750946 0.029970 0.824686
v -2.735929 0.042957 0.860981
v -2.620751 0.130278 0.898779
v -2.668846 0.025881 0.870842
v -2.450368 0.130943 0.759617
v -2.454182 0.098134 0.749523
v -2.615021 0.010236 0.792313
v -2.673629 0.170593 0.825828
v -2.693220 0.156745 0.857602
v -2.687119 0.057282 0.743740
v -2.687942 0.082480 0.736710
v -2.183774 0.165794 0.869804
v -2.156079 0.175797 0.836775
v -2.414276 0.115015 0.916806
v -2.299047 0.008743 0.864521
v -2.516917 0.018894 0.881796
v -2.346353 0.172730 0.813192
v -2.510386 0.049015 0.907637
v -2.435487 0.065083 0.753757
v -2.614811 0.164906 0.784330
v -2.558987 0.177289 0.829755
v -2.127822 0.114798 0.739296
v -2.559242 0.089435 0.914740
v -2.579876 0.163483 0.874224
v -2.120901 0.073340 0.735555
v -2.103308 0.016011 0.861278
v -2.143284 0.004183 0.833332
v -2.168844 0.114483 0.908848
v -2.103455 0.007506 0.792790
v -2.123587 0.028330 0.759539
v -2.268275 0.130786 0.758833
v -2.350737 0.156508 0.783152
v -2.245171 0.072617 0.915742
v -2.254566 0.034939 0.897790
v -2.264101 0.049072 0.758452
v -2.229424 0.145089 0.896802
v -1.978396 0.114637 0.702553
v -2.334612 0.008970 0.807025
v -1.436408 0.065115 0.377536
v -1.369774 0.123578 0.522677
v -1.389634 0.014091 0.489159
v -1.540031 0.129818 0.452918
v -1.439881 0.009242 0.436643
v -1.407542 0.172528 0.482408
v -1.396359 0.156410 0.510317
v -1.565695 0.033731 0.480979
v -1.483089 0.115025 0.600690
v -1.506664 0.081420 0.621528
v -1.671969 0.066451 0.544666
v -1.621078 0.106763 0.705545
v -1.728684 0.172503 0.651105
v -1.678020 0.104293 0.545941
v -1.599532 0.148375 0.513853
v -1.629910 0.165981 0.659349
v -1.486539 0.164907 0.454919
v -1.612108 0.073334 0.699405
v -1.747936 0.139442 0.606891
v -1.741187 0.161212 0.632219
v -1.966643 0.114959 0.867105
v -1.936531 0.016932 0.821383
v -1.953652 0.087813 0.690399
v -1.953523 0.145070 0.712420
v -1.964998 0.165939 0.824344
v -1.952232 0.165634 0.737185
v -1.928801 0.049154 0.848034
v -1.958079 0.049236 0.703318
v -1.790037 0.106103 0.801039
v -1.427740 0.145966 0.392121
v -1.955952 0.018540 0.729690
v -1.834325 0.173131 0.755899
v -1.634621 0.041140 0.698831
v -1.768642 0.049250 0.614441
v -1.804153 0.081626 0.622050
v -1.612416 0.011371 0.638605
v -1.649836 0.004143 0.635343
v -1.647824 0.022149 0.685988
v -1.714103 0.130797 0.752312
v -1.813875 0.114915 0.631031
v -1.663656 0.007524 0.606596
v -1.673693 0.027104 0.572709
v -1.784481 0.065064 0.795033
v -1.788439 0.034916 0.779613
v -1.792977 0.014390 0.754679
v -1.433741 0.103525 0.372457
v -1.884392 0.007378 0.728682
v -1.804079 0.023482 0.655943
v -2.168542 0.166298 0.788251
v 0.039718 0.129071 0.380270
v 0.014130 0.026144 0.258778
v 0.046500 0.050799 0.378370
v 0.005535 0.050655 0.240331
v -0.142573 0.129994 0.265603
v -0.144619 0.065614 0.259087
v -0.142550 0.035836 0.274622
v -0.136249 0.120941 0.418190
v -0.132369 0.008903 0.363886
v -0.122660 0.171181 0.313438
v -0.135671 0.155379 0.285019
v -0.123529 0.050292 0.412519
v -0.119288 0.079406 0.420862
v -0.140900 0.174187 0.355511
v -0.362296 0.172630 0.322064
v -0.304389 0.156825 0.293343
v -0.463943 0.049724 0.263083
v -0.473131 0.018251 0.384865
v -0.313426 0.130697 0.272104
v -0.472683 0.048874 0.411007
v -0.462931 0.082044 0.253582
v -0.291147 0.075287 0.431216
v -0.298550 0.035010 0.412093
v -0.300649 0.035644 0.281578
v -0.299675 0.014180 0.386939
v -0.300902 0.114836 0.427592
v -0.303759 0.144939 0.411701
v -0.475300 0.122674 0.257577
v -0.195036 0.014868 0.305744
v -0.093932 0.005664 0.330604
v -0.753291 0.114394 0.222375
v -0.743485 0.146222 0.240077
v -0.460856 0.007519 0.313868
v -0.387277 0.165953 0.385019
v -0.380822 0.175902 0.353033
v -0.750495 0.049104 0.229284
v -1.280033 0.125719 0.300444
v -1.271619 0.156525 0.322094
v -1.233979 0.172478 0.390775
v -1.231253 0.156629 0.421200
v -1.222936 0.049193 0.440437
v -1.271626 0.049108 0.300069
v -1.238942 0.007526 0.393028
v -1.229589 0.023571 0.421122
v -1.262716 0.130835 0.459616
v -1.219601 0.089970 0.450774
v -1.097718 0.130231 0.246067
v -1.099926 0.098125 0.237024
v -1.256517 0.007521 0.347775
v -1.104408 0.067961 0.240638
v -1.092061 0.041428 0.249667
v -1.016432 0.114864 0.389430
v -1.068755 0.023636 0.371208
v -1.203451 0.172975 0.325522
v -1.094438 0.013174 0.282798
v -1.063789 0.049453 0.390941
v -1.053670 0.088367 0.399249
v -1.069733 0.165871 0.356676
v -1.147557 0.130415 0.412995
v -0.735450 0.130843 0.378588
v -0.734351 0.090018 0.389616
v -0.744259 0.007535 0.328092
v -0.743236 0.023492 0.357508
v -0.746695 0.007522 0.279497
v -0.741996 0.049348 0.378103
v -0.764925 0.172887 0.324480
v -0.942439 0.114766 0.220236
v -0.921431 0.143409 0.233216
v -0.965065 0.023011 0.248385
v -1.030218 0.175905 0.315002
v -0.907689 0.163054 0.344478
v -0.937983 0.049697 0.226238
v -0.904020 0.130878 0.372957
v -1.009217 0.007577 0.328629
v -0.757673 0.166517 0.263970
v -0.950171 0.166367 0.261515
v -0.834921 0.175811 0.287723
v 0.015369 0.113895 0.231292
v -0.963916 0.004322 0.286276
v -0.917426 0.056794 0.377766
v -0.766592 0.156516 0.355132
v -2.646932 0.113995 0.741479
v -2.683897 0.143831 0.756850
v -2.770104 0.043774 0.801242
v -2.770334 0.083772 0.856450
v -2.775087 0.121648 0.838838
v -2.759352 0.052513 0.769655
v -2.777396 0.060938 0.835909
v -2.779173 0.125007 0.804065
v -2.790541 0.077003 0.803002
v -2.790539 0.095180 0.822727
v -2.786626 0.081390 0.782653
v 1.959925 0.063386 0.036554
v 1.957972 0.091328 -0.039884
v 1.951232 0.036940 0.034223
v 1.914870 0.107417 -0.007331
v 2.155496 0.038561 0.029562
v 2.149740 0.062326 0.018464
v 2.163946 0.008520 -0.010556
v 2.190904 0.012959 0.005980
v 2.212014 0.027569 -0.000912
v 2.168180 0.017375 -0.023314
v 2.152562 0.006941 0.006960
v 2.126975 0.069455 -0.018926
v -2.722241 0.110515 0.745184
v 2.168974 0.021517 0.024712
v 2.179557 0.045194 -0.023748
v 0.126473 0.066542 0.198947
v 0.245751 0.112989 0.317359
v 0.142388 0.013851 0.306310
v 0.149882 0.013243 0.250611
v 0.201865 0.033150 0.193899
v 0.116012 0.168075 0.310198
v 0.244743 0.146609 0.297315
v 0.116812 0.161606 0.245924
v 0.491708 0.021771 0.174252
v 0.523610 0.124811 0.194089
v 0.202368 0.113572 0.173572
v 0.900835 0.063730 -0.056052
v 0.902089 0.037609 -0.042382
v 0.249928 0.076443 0.318578
v 0.930715 0.098301 -0.063280
v 0.917267 0.135826 -0.042471
v 0.918593 0.137457 0.065121
v 0.949549 0.154388 -0.014957
v 0.907742 0.019178 -0.020785
v 0.930634 0.049477 0.075412
v 0.938625 0.077421 0.082561
v 0.920823 0.105655 0.082864
v 0.478091 0.142017 0.083199
v 0.490846 0.066450 0.059907
v 0.423422 0.013376 0.170351
v 0.517050 0.160843 0.104425
v 0.720149 0.101318 -0.017332
v 0.712234 0.140449 0.007332
v 0.706448 0.011480 0.058137
v 0.533982 0.066366 0.196870
v 0.530457 0.039939 0.183298
v 0.520655 0.160569 0.148461
v 0.781673 0.157070 0.062434
v 0.741982 0.050438 0.121523
v 0.700974 0.064570 -0.009182
v 0.720396 0.020685 0.094805
v 0.747501 0.134187 0.111476
v 0.648502 0.021096 0.043269
v 1.943311 0.089522 0.023491
v 1.947875 0.011314 -0.028796
v 1.754432 0.043065 0.032947
v 1.684394 0.057404 -0.076476
v 1.806153 0.021186 0.017557
v 1.724353 0.083380 0.036122
v 2.145452 0.070941 -0.005055
v 1.363666 0.147501 -0.037791
v 1.784450 0.010722 -0.027073
v 1.541078 0.042985 0.036344
v 1.553975 0.070513 0.043784
v 1.562205 0.125063 0.015878
v 1.347320 0.023507 -0.069325
v 1.108625 0.099488 -0.086704
v 1.105954 0.059614 -0.084896
v 1.109726 0.028692 -0.067580
v 1.289814 0.094900 0.044070
v 1.196936 0.139697 -0.062271
v 1.434442 0.100656 -0.086079
v 1.135044 0.008073 -0.029582
v 1.142673 0.071345 0.052743
v 1.113966 0.144485 0.016443
v 1.342953 0.046457 -0.087529
v 1.326990 0.071841 -0.095032
v 1.509623 0.105638 0.035309
v 1.740126 0.012263 -0.001258
v 1.379538 0.130491 -0.068401
v 1.280943 0.106850 -0.089628
v 1.653992 0.121588 -0.049057
v 1.135483 0.123224 0.039029
v 1.128973 0.011264 0.001423
v 2.079297 0.057991 -0.040174
v 1.319037 0.010014 -0.044460
v 1.320804 0.051314 0.040305
v 2.212083 0.033387 -0.000013
v 2.193337 0.050101 0.011943
v 2.200873 0.044777 -0.008408
v 2.204908 0.029317 0.011621
v 2.204074 0.025858 -0.011820
v -2.654017 0.082196 0.903619
v -2.646478 0.005921 0.830116
v -2.415578 0.083793 0.920190
v -2.421851 0.144713 0.901155
v -2.434546 0.034829 0.769661
v -2.061670 0.145291 0.875627
v -2.134870 0.145098 0.756144
v -2.065805 0.078040 0.896014
v -2.093943 0.039636 0.885847
v -2.270051 0.090606 0.747965
v -2.265048 0.023235 0.779308
v -1.378168 0.074883 0.533443
v -1.373878 0.038431 0.512417
v -1.513122 0.041275 0.609277
v -1.617763 0.147666 0.678419
v -1.568912 0.089876 0.460715
v -1.920160 0.081270 0.855279
v -2.000103 0.175891 0.789027
v -1.897616 0.144687 0.827279
v -1.880388 0.004144 0.761448
v -1.637333 0.175868 0.626542
v -1.783504 0.157267 0.763854
v 0.042595 0.020962 0.352809
v 0.041699 0.154208 0.358383
v 0.014797 0.142840 0.247158
v 0.042021 0.090549 0.390536
v 0.123315 0.170934 0.274787
v 0.005329 0.082232 0.230548
v -0.129162 0.025148 0.393156
v -0.119344 0.152126 0.395364
v -0.147491 0.097697 0.256351
v -0.461543 0.023291 0.284490
v -0.285466 0.081146 0.261048
v -0.379963 0.004106 0.353675
v -0.471272 0.089927 0.422062
v -0.484042 0.139092 0.405711
v -0.481142 0.161723 0.287725
v -1.418689 0.175549 0.443614
v -1.428710 0.034891 0.391078
v -1.356299 0.004026 0.426491
v -1.050504 0.144906 0.378486
v -1.093094 0.156140 0.265792
v -1.267644 0.087771 0.287039
v -1.265338 0.023532 0.319520
v -0.751005 0.081431 0.219510
v -0.749667 0.024058 0.249115
v -0.921187 0.023599 0.353490
v -0.887081 0.098112 0.382173
v -0.939191 0.081793 0.216683
v 2.117188 0.037149 -0.037452
v 0.214559 0.042421 0.316763
v 0.200513 0.140871 0.189572
v 0.226704 0.073370 0.161653
v 0.518169 0.095716 0.206063
v 0.931245 0.022795 0.051865
v 1.063515 0.154374 -0.008946
v 0.762363 0.159142 0.032679
v 0.522242 0.146605 0.175636
v 0.486667 0.100167 0.058188
v 0.484834 0.040018 0.076865
v 0.734409 0.093229 0.130944
v 0.704009 0.038599 0.004230
v 1.904193 0.062385 -0.062506
v 1.903308 0.028902 -0.052868
v 1.519444 0.138610 -0.008900
v 1.694511 0.104880 -0.063460
v 1.505999 0.023193 0.019985
v 1.139044 0.028318 0.031122
vn 0.2037 -0.9344 0.2924
vn 0.4591 -0.8849 -0.0779
vn 0.4806 -0.7059 0.5203
vn 0.6304 -0.3396 0.6980
vn 0.8550 0.1693 0.4902
vn 0.4760 0.1186 0.8714
vn 0.2435 0.9302 0.2747
vn 0.1303 0.6734 0.7277
vn 0.5070 0.5899 0.6285
vn 0.6803 0.7159 0.1570
vn 0.3984 0.2488 -0.8828
vn 0.1895 0.7413 -0.6439
vn 0.4120 0.6427 -0.6459
vn 0.7559 -0.4933 -0.4304
vn 0.4143 -0.6762 -0.6092
vn 0.2179 -0.8214 -0.5272
vn 0.4754 0.8606 -0.1824
vn 0.7866 0.4602 -0.4118
vn 0.1438 -0.4604 -0.8760
vn 0.0178 -0.9996 -0.0196
vn 0.1262 -0.9879 -0.0898
vn 0.1926 0.1216 -0.9737
vn 0.0495 0.4580 -0.8876
vn 0.0633 -0.8385 -0.5412
vn 0.1700 0.2040 0.9641
vn 0.0505 0.4531 0.8901
vn 0.1131 0.6962 0.7089
vn -0.0234 -0.9868 -0.1600
vn -0.1388 -0.8766 -0.4608
vn -0.0471 -0.8627 -0.5035
vn -0.0193 0.9916 -0.1280
vn 0.1046 0.9869 -0.1229
vn -0.0079 0.9247 -0.3806
vn 0.0008 -0.9462 0.3237
vn -0.0333 -0.4481 0.8934
vn 0.0971 -0.6621 0.7431
vn -0.0212 -0.2981 0.9543
vn -0.0352 -0.0914 0.9952
vn 0.0804 -0.0008 -0.9968
vn 0.0022 0.1116 -0.9938
vn 0.0110 -0.8968 0.4422
vn 0.0039 -0.7864 0.6177
vn 0.2826 -0.3160 0.9057
vn 0.1544 -0.2680 0.9510
vn 0.2663 -0.6404 0.7204
vn 0.1299 -0.6250 0.7698
vn 0.0915 0.0632 0.9938
vn -0.0137 0.3044 0.9525
vn 0.0030 -0.2832 -0.9591
vn 0.0066 -0.6439 -0.7651
vn 0.1894 0.7831 0.5924
vn 0.2886 0.4744 0.8317
vn -0.1716 0.8332 -0.5257
vn -0.0914 0.8588 -0.5042
vn -0.1609 -0.6129 -0.7736
vn -0.2704 -0.2897 -0.9181
vn -0.1076 -0.2639 -0.9585
vn 0.0597 -0.4272 0.9022
vn 0.0505 -0.0112 0.9987
vn -0.1390 0.5577 -0.8183
vn -0.0497 0.1840 -0.9817
vn -0.2024 0.1016 -0.9740
vn 0.0510 -0.8328 0.5512
vn -0.0384 0.6359 -0.7708
vn 0.0064 -0.9992 0.0393
vn -0.0181 0.6501 0.7596
vn 0.0391 0.8271 -0.5606
vn 0.0079 0.9258 0.3778
vn 0.0400 0.7585 0.6505
vn 0.3566 0.0835 0.9305
vn -0.5149 0.1476 -0.8445
vn -0.5549 -0.1940 -0.8090
vn -0.4734 -0.3659 -0.8013
vn 0.5087 -0.4595 0.7281
vn 0.3882 -0.6336 0.6693
vn 0.4703 -0.6161 0.6318
vn 0.4600 0.6179 0.6376
vn 0.3860 0.6396 0.6648
vn 0.4882 0.2726 0.8290
vn 0.5822 0.0258 0.8126
vn 0.4940 -0.1735 0.8520
vn -0.2537 0.8756 -0.4111
vn -0.0070 0.9997 -0.0253
vn -0.2754 0.8827 -0.3807
vn 0.3047 -0.8397 0.4494
vn 0.0875 -0.9821 0.1670
vn 0.1536 -0.9469 0.2826
vn -0.0581 -0.9938 -0.0950
vn -0.2576 -0.8794 -0.4003
vn -0.1489 -0.9602 -0.2361
vn -0.3513 -0.7601 -0.5467
vn -0.4356 -0.6263 -0.6465
vn 0.4516 0.4582 0.7656
vn 0.3957 0.7036 0.5903
vn 0.5536 0.2823 0.7835
vn 0.5502 -0.1630 0.8190
vn -0.5503 0.1823 -0.8148
vn -0.5833 0.1337 -0.8012
vn -0.4788 0.5591 -0.6769
vn -0.4520 0.5518 -0.7009
vn -0.5342 -0.2168 -0.8171
vn 0.4656 0.0935 0.8801
vn 0.4418 -0.2304 0.8670
vn -0.1208 -0.9546 -0.2723
vn -0.2884 -0.7606 -0.5817
vn -0.3362 0.0784 -0.9385
vn 0.0606 0.9555 0.2886
vn 0.0972 0.9669 0.2359
vn -0.2801 0.4770 -0.8331
vn -0.2892 -0.6019 -0.7443
vn 0.2749 -0.8346 0.4774
vn 0.1719 -0.8687 0.4646
vn -0.3436 0.6206 -0.7049
vn -0.2196 0.8764 -0.4286
vn -0.0509 0.9912 -0.1222
vn -0.4181 -0.1913 -0.8880
vn -0.4261 0.2682 -0.8640
vn -0.3191 0.8064 -0.4978
vn -0.4350 -0.4605 -0.7737
vn 0.4067 -0.6000 0.6889
vn 0.3525 -0.4090 0.8417
vn 0.1183 -0.8964 0.4273
vn 0.1652 -0.5860 0.7933
vn 0.2648 -0.6154 0.7424
vn 0.1025 -0.0907 0.9906
vn 0.2265 -0.2914 0.9294
vn 0.0998 -0.4559 0.8844
vn 0.2192 0.1037 0.9701
vn 0.2648 0.4449 0.8555
vn 0.1929 0.4707 0.8609
vn 0.0702 -0.7679 0.6367
vn 0.0321 -0.9632 0.2668
vn 0.0089 -0.9956 0.0929
vn -0.0285 -0.9769 -0.2117
vn 0.1011 0.6088 0.7869
vn 0.1434 0.6994 0.7002
vn 0.1042 0.2827 0.9535
vn -0.1497 0.8146 -0.5603
vn -0.1387 0.9230 -0.3588
vn -0.0438 0.9501 -0.3088
vn -0.0073 0.9996 0.0267
vn -0.2536 0.0116 -0.9672
vn -0.0972 -0.3391 -0.9357
vn -0.2282 -0.4548 -0.8609
vn 0.0019 -0.7692 0.6390
vn -0.0232 -0.4538 0.8908
vn 0.1545 0.8286 0.5380
vn 0.0128 0.8704 0.4922
vn -0.0072 0.1704 -0.9853
vn 0.0046 -0.2811 -0.9597
vn -0.0028 -0.6494 -0.7605
vn -0.0972 -0.7409 -0.6646
vn 0.0116 0.9907 -0.1358
vn -0.0022 0.8812 -0.4727
vn -0.0849 0.7604 -0.6438
vn -0.0199 -0.9645 0.2633
vn -0.0252 0.5681 0.8226
vn 0.0028 0.6109 -0.7917
vn -0.1177 0.4625 -0.8788
vn -0.1346 0.0867 -0.9871
vn 0.0287 -0.8597 -0.5100
vn -0.0840 -0.3860 0.9187
vn -0.0587 -0.6326 0.7722
vn -0.0605 -0.2827 0.9573
vn -0.0767 0.0844 0.9935
vn 0.0272 0.9398 -0.3407
vn 0.0100 0.9803 0.1973
vn 0.0470 0.7592 -0.6492
vn 0.0552 0.8180 -0.5726
vn -0.0563 -0.7916 0.6084
vn -0.0491 0.7685 0.6380
vn -0.0215 0.9564 0.2913
vn 0.0945 -0.0159 -0.9954
vn 0.0858 -0.5360 -0.8399
vn 0.0853 0.4573 -0.8852
vn -0.3912 0.0077 -0.9203
vn -0.3464 0.4559 -0.8199
vn -0.4057 0.5887 -0.6992
vn 0.2456 0.7610 0.6005
vn 0.3404 0.4486 0.8263
vn 0.3601 0.0209 0.9327
vn -0.2476 0.7645 -0.5951
vn -0.1233 0.9381 -0.3235
vn -0.2423 -0.7811 -0.5754
vn -0.4056 -0.4627 -0.7883
vn 0.2067 0.9217 0.3283
vn 0.1129 0.9549 0.2748
vn -0.2623 -0.4075 -0.8747
vn -0.1089 -0.3251 -0.9394
vn -0.1859 0.0479 -0.9814
vn -0.1460 -0.6452 -0.7499
vn 0.1036 -0.9438 0.3138
vn 0.1329 -0.7731 0.6202
vn 0.0410 -0.8845 0.4647
vn 0.1109 0.8794 0.4629
vn 0.0475 0.7604 0.6477
vn 0.1645 0.5608 0.8114
vn 0.2143 0.2387 0.9471
vn -0.1397 -0.9112 -0.3875
vn -0.1171 -0.8793 -0.4617
vn -0.0059 -0.9997 -0.0244
vn -0.0331 -0.8853 0.4639
vn 0.0197 -0.9582 -0.2854
vn 0.0364 -0.7782 -0.6269
vn -0.0173 -0.8155 -0.5785
vn 0.0803 -0.4492 -0.8898
vn 0.0776 -0.0064 -0.9970
vn -0.0396 -0.4916 -0.8699
vn 0.2077 -0.0933 0.9737
vn 0.0516 0.1040 0.9932
vn 0.0620 -0.2784 0.9585
vn 0.0184 -0.6100 0.7922
vn 0.1936 -0.4460 0.8739
vn 0.0002 -0.9943 -0.1065
vn -0.0052 -0.9887 0.1497
vn -0.0044 -0.0936 -0.9956
vn -0.0547 0.9533 -0.2971
vn -0.1500 0.7610 -0.6312
vn -0.0213 0.7548 -0.6557
vn -0.0508 0.3950 -0.9173
vn 0.4586 -0.2363 -0.8566
vn 0.7205 0.0987 -0.6864
vn 0.9612 -0.0916 -0.2602
vn 0.2558 -0.2959 0.9204
vn 0.9569 0.2863 0.0479
vn 0.7838 -0.6114 0.1091
vn 0.9191 -0.2816 0.2757
vn -0.0415 0.9544 -0.2957
vn 0.0194 0.7602 -0.6494
vn -0.2311 0.4429 -0.8663
vn -0.3775 -0.3842 0.8426
vn -0.2073 -0.7978 0.5662
vn -0.1623 -0.3928 0.9052
vn -0.0193 0.9168 0.3989
vn -0.2463 0.5547 0.7948
vn -0.0530 0.5557 0.8297
vn 0.0052 0.3906 -0.9205
vn -0.1709 -0.1157 -0.9785
vn -0.1087 -0.9918 -0.0669
vn -0.2779 -0.9557 0.0970
vn -0.2061 -0.7424 -0.6375
vn -0.0877 -0.7253 -0.6829
vn -0.0966 -0.1119 0.9890
vn -0.0538 0.1531 0.9867
vn -0.0423 -0.2062 -0.9776
vn -0.1426 -0.7682 0.6242
vn -0.4090 0.8837 -0.2274
vn -0.6305 0.3803 0.6766
vn -0.1524 0.9408 0.3027
vn -0.5204 -0.6681 -0.5318
vn -0.6484 0.1583 -0.7447
vn -0.2840 0.5812 -0.7626
vn -0.2299 0.4717 -0.8513
vn -0.3563 0.1705 -0.9187
vn -0.3403 -0.2890 -0.8948
vn -0.2632 -0.7085 -0.6547
vn 0.2359 0.7045 0.6693
vn 0.3438 0.2135 0.9145
vn 0.2429 -0.6819 0.6900
vn 0.3111 -0.2867 0.9061
vn 0.3276 -0.1875 0.9260
vn 0.0959 -0.9442 0.3150
vn 0.0398 -0.9753 0.2173
vn -0.3679 -0.1085 -0.9235
vn -0.3331 0.2825 -0.8996
vn 0.3232 0.2822 0.9033
vn 0.2671 0.6485 0.7128
vn 0.1546 0.8720 0.4645
vn -0.0619 0.9871 -0.1474
vn 0.0113 0.9989 0.0452
vn -0.1677 0.8811 -0.4422
vn -0.3174 -0.4755 -0.8205
vn 0.1271 -0.6821 0.7201
vn 0.2500 -0.2089 0.9454
vn 0.1559 -0.1985 0.9676
vn -0.0349 -0.9984 -0.0444
vn 0.0309 -0.9505 0.3092
vn -0.0781 -0.9597 -0.2700
vn -0.1456 -0.6861 -0.7128
vn -0.2186 -0.6432 -0.7339
vn -0.2321 0.4729 -0.8500
vn -0.1769 0.0961 -0.9795
vn -0.1658 0.4852 -0.8585
vn -0.2868 -0.0931 -0.9534
vn 0.1845 0.2590 0.9481
vn 0.2673 0.2723 0.9243
vn -0.0950 0.8022 -0.5895
vn -0.1314 0.8858 -0.4451
vn -0.1978 -0.3125 -0.9291
vn 0.0953 0.8922 0.4416
vn -0.2657 0.6254 -0.7337
vn 0.1875 -0.7122 0.6765
vn -0.0350 -0.2627 -0.9642
vn -0.0808 -0.8968 0.4349
vn 0.0048 0.9914 0.1305
vn -0.0045 0.3568 -0.9342
vn -0.0078 0.0582 0.9983
vn -0.0101 0.4534 0.8913
vn 0.0017 0.9667 -0.2558
vn 0.0007 0.7606 -0.6492
vn -0.0869 -0.5827 0.8080
vn -0.0466 -0.7493 0.6605
vn -0.0574 -0.3577 0.9321
vn -0.0079 0.7672 0.6413
vn -0.1436 0.1181 0.9826
vn 0.0045 0.9555 0.2949
vn 0.0183 0.9815 0.1908
vn -0.0629 -0.9851 -0.1600
vn -0.0391 -0.9814 0.1879
vn -0.0626 -0.7963 -0.6017
vn -0.0192 0.0033 -0.9998
vn -0.0069 0.4475 -0.8943
vn -0.0346 -0.4707 -0.8816
vn 0.0798 -0.2895 0.9538
vn -0.0846 -0.5426 -0.8357
vn -0.0886 0.1044 -0.9906
vn -0.0250 0.9558 -0.2929
vn 0.0039 -0.4042 0.9147
vn 0.0197 -0.8085 0.5882
vn -0.0565 0.6988 -0.7130
vn -0.0682 -0.8829 -0.4646
vn -0.0328 -0.1346 -0.9904
vn -0.0157 0.3055 -0.9521
vn 0.0686 0.7147 0.6961
vn 0.0902 0.2764 0.9568
vn -0.9150 0.3978 0.0676
vn -0.9546 -0.2978 -0.0026
vn 0.1035 0.3781 0.9200
vn 0.0068 0.9244 0.3814
vn -0.0304 -0.6395 -0.7682
vn -0.0485 0.9953 -0.0840
vn 0.1687 0.9489 0.2666
vn 0.2975 0.7596 0.5784
vn -0.1185 -0.9396 -0.3212
vn -0.1609 -0.7798 -0.6050
vn 0.2579 -0.7627 0.5931
vn 0.0053 0.1016 0.9948
vn 0.0606 0.4552 -0.8883
vn -0.0666 0.0990 0.9929
vn -0.0581 0.4621 0.8849
vn -0.0738 0.4648 0.8823
vn -0.0410 0.7663 0.6412
vn -0.0225 0.9546 0.2972
vn -0.1884 0.4498 -0.8730
vn 0.0360 0.4643 0.8850
vn -0.6430 -0.6380 0.4236
vn -0.2327 -0.7681 -0.5966
vn -0.1327 -0.9407 -0.3121
vn 0.1522 0.6362 0.7564
vn 0.2051 0.6379 0.7423
vt 0.026004 0.514754
vt 0.018157 0.518588
vt 0.016637 0.511416
vt 0.012267 0.437316
vt 0.005774 0.435406
vt 0.013566 0.433273
vt 0.024967 0.525464
vt 0.029436 0.532407
vt 0.014289 0.529737
vt 0.011945 0.525027
vt 0.020990 0.479869
vt 0.033479 0.492338
vt 0.020106 0.486618
vt 0.011617 0.544461
vt 0.018032 0.538186
vt 0.019178 0.545392
vt 0.028927 0.543787
vt 0.016938 0.500330
vt 0.010113 0.496011
vt 0.018960 0.493894
vt 0.019538 0.458907
vt 0.029776 0.456352
vt 0.041642 0.460825
vt 0.049239 0.517635
vt 0.031944 0.519466
vt 0.034443 0.478121
vt 0.062133 0.483873
vt 0.031875 0.536551
vt 0.049569 0.544869
vt 0.140109 0.421081
vt 0.111856 0.415349
vt 0.139174 0.411525
vt 0.129523 0.537696
vt 0.165918 0.543106
vt 0.123715 0.543109
vt 0.132341 0.503193
vt 0.037103 0.503734
vt 0.102274 0.497848
vt 0.094602 0.515099
vt 0.114198 0.519947
vt 0.075732 0.439014
vt 0.030701 0.441767
vt 0.037720 0.435157
vt 0.074886 0.432033
vt 0.052458 0.476486
vt 0.079086 0.475835
vt 0.043648 0.511007
vt 0.094479 0.507731
vt 0.142000 0.431057
vt 0.169453 0.436946
vt 0.139027 0.436332
vt 0.173977 0.443623
vt 0.136939 0.443332
vt 0.074389 0.423558
vt 0.029695 0.420746
vt 0.078632 0.418443
vt 0.079774 0.463895
vt 0.052313 0.467735
vt 0.078113 0.457601
vt 0.173838 0.410905
vt 0.173703 0.416062
vt 0.171105 0.495051
vt 0.138798 0.495578
vt 0.145631 0.456273
vt 0.163506 0.462949
vt 0.125187 0.463377
vt 0.094666 0.444400
vt 0.110997 0.439425
vt 0.110680 0.431883
vt 0.139677 0.485802
vt 0.110298 0.477995
vt 0.144262 0.476790
vt 0.129352 0.512003
vt 0.109739 0.488513
vt 0.141397 0.491467
vt 0.136715 0.506094
vt 0.161381 0.518101
vt 0.113282 0.486824
vt 0.078774 0.411405
vt 0.062232 0.493966
vt 0.078528 0.534180
vt 0.097062 0.525452
vt 0.111084 0.532391
vt 0.181389 0.431996
vt 0.288724 0.466750
vt 0.266074 0.461820
vt 0.292247 0.459039
vt 0.267186 0.441060
vt 0.291195 0.445209
vt 0.252166 0.445227
vt 0.260943 0.414373
vt 0.291238 0.413961
vt 0.290724 0.421020
vt 0.260848 0.424699
vt 0.288661 0.426166
vt 0.290933 0.495804
vt 0.301154 0.503950
vt 0.240874 0.497397
vt 0.276261 0.510356
vt 0.289181 0.515310
vt 0.219419 0.514844
vt 0.229693 0.519995
vt 0.236491 0.543108
vt 0.237051 0.537817
vt 0.288428 0.539534
vt 0.288031 0.546598
vt 0.237351 0.548279
vt 0.214833 0.416560
vt 0.237777 0.412228
vt 0.237200 0.420968
vt 0.236732 0.433218
vt 0.236709 0.476279
vt 0.260116 0.474765
vt 0.260118 0.483530
vt 0.232763 0.483617
vt 0.236026 0.425525
vt 0.237068 0.454418
vt 0.234801 0.463773
vt 0.208976 0.431793
vt 0.205572 0.437072
vt 0.193500 0.539359
vt 0.202304 0.546364
vt 0.175558 0.467990
vt 0.145024 0.468325
vt 0.141572 0.525418
vt 0.186363 0.524352
vt 0.172177 0.531228
vt 0.172687 0.476150
vt 0.171242 0.482671
vt 0.174635 0.548279
vt 0.143212 0.548279
vt 0.173742 0.506109
vt 0.218341 0.509593
vt 0.172309 0.511719
vt 0.200360 0.485847
vt 0.171378 0.487828
vt 0.200492 0.491147
vt 0.201492 0.495816
vt 0.184264 0.503397
vt 0.198792 0.465367
vt 0.200026 0.478836
vt 0.203412 0.473613
vt 0.231234 0.493499
vt 0.215220 0.458841
vt 0.202497 0.453831
vt 0.220199 0.444337
vt 0.291557 0.434894
vt 0.323311 0.440674
vt 0.589113 0.511529
vt 0.569560 0.506547
vt 0.608845 0.506824
vt 0.538394 0.437255
vt 0.571011 0.441020
vt 0.539304 0.444149
vt 0.568254 0.436006
vt 0.593166 0.425323
vt 0.568804 0.427972
vt 0.568450 0.420306
vt 0.539831 0.508121
vt 0.541527 0.515047
vt 0.588305 0.518045
vt 0.538508 0.520017
vt 0.539100 0.416991
vt 0.569806 0.415993
vt 0.537884 0.429093
vt 0.539040 0.423954
vt 0.570505 0.492391
vt 0.591421 0.496998
vt 0.537534 0.497588
vt 0.552662 0.502918
vt 0.569534 0.462305
vt 0.535358 0.458473
vt 0.569397 0.455044
vt 0.510964 0.448960
vt 0.505821 0.443766
vt 0.595358 0.525755
vt 0.569524 0.532340
vt 0.527924 0.528951
vt 0.538817 0.534101
vt 0.506643 0.464343
vt 0.504557 0.459205
vt 0.504220 0.452188
vt 0.536329 0.450933
vt 0.491145 0.501769
vt 0.505794 0.494679
vt 0.537652 0.490838
vt 0.495430 0.515711
vt 0.510687 0.534190
vt 0.538192 0.483699
vt 0.505356 0.482515
vt 0.538211 0.478594
vt 0.505660 0.473059
vt 0.538768 0.471869
vt 0.539872 0.546812
vt 0.504477 0.548267
vt 0.489297 0.543089
vt 0.474866 0.441647
vt 0.424458 0.447058
vt 0.422852 0.439249
vt 0.476924 0.434741
vt 0.421948 0.498631
vt 0.408745 0.503882
vt 0.421610 0.491641
vt 0.473468 0.492961
vt 0.477220 0.448607
vt 0.476938 0.532480
vt 0.476619 0.525526
vt 0.546557 0.521437
vt 0.471104 0.463655
vt 0.470282 0.454100
vt 0.473259 0.509853
vt 0.507407 0.508830
vt 0.472275 0.479456
vt 0.472748 0.484525
vt 0.471384 0.472514
vt 0.289941 0.474187
vt 0.323431 0.473519
vt 0.324669 0.480989
vt 0.290547 0.484449
vt 0.324893 0.412743
vt 0.324855 0.417910
vt 0.325873 0.425292
vt 0.324781 0.492128
vt 0.324910 0.499150
vt 0.287045 0.452904
vt 0.323757 0.452502
vt 0.315803 0.457759
vt 0.324137 0.464926
vt 0.285853 0.528733
vt 0.304833 0.520332
vt 0.324516 0.525501
vt 0.324602 0.532545
vt 0.291035 0.534194
vt 0.340567 0.457423
vt 0.367686 0.460515
vt 0.359925 0.465143
vt 0.361205 0.453239
vt 0.335567 0.514735
vt 0.358559 0.507881
vt 0.385041 0.510820
vt 0.357513 0.528430
vt 0.382952 0.532651
vt 0.352428 0.534197
vt 0.359652 0.416775
vt 0.357739 0.422671
vt 0.382138 0.524959
vt 0.325935 0.539702
vt 0.358581 0.543002
vt 0.324606 0.546636
vt 0.308632 0.534416
vt 0.367815 0.536068
vt 0.422769 0.506213
vt 0.420895 0.511342
vt 0.419167 0.537398
vt 0.417161 0.546625
vt 0.389536 0.543008
vt 0.422527 0.456582
vt 0.425489 0.464068
vt 0.389919 0.456936
vt 0.416797 0.451481
vt 0.359050 0.435107
vt 0.388762 0.433771
vt 0.388062 0.438949
vt 0.391481 0.445755
vt 0.358726 0.447304
vt 0.358743 0.442134
vt 0.489920 0.520097
vt 0.406145 0.516860
vt 0.383388 0.451848
vt 0.392728 0.464150
vt 0.371157 0.498946
vt 0.358133 0.492068
vt 0.387356 0.491798
vt 0.364920 0.520052
vt 0.387818 0.506199
vt 0.358710 0.548279
vt 0.391336 0.471554
vt 0.422106 0.474239
vt 0.387164 0.478563
vt 0.417550 0.534416
vt 0.018605 0.465002
vt 0.010903 0.466148
vt 0.011542 0.461331
vt 0.004841 0.463293
vt 0.022632 0.435406
vt 0.030593 0.430578
vt 0.005651 0.527616
vt 0.004953 0.526000
vt 0.009125 0.484250
vt 0.006981 0.480606
vt 0.011894 0.480233
vt 0.005095 0.543316
vt 0.009330 0.540067
vt 0.008895 0.500204
vt 0.004148 0.497102
vt 0.004732 0.498863
vt 0.002596 0.463759
vt 0.002220 0.463145
vt 0.985700 0.498287
vt 0.919648 0.492628
vt 0.986460 0.495465
vt 0.991707 0.437490
vt 0.980033 0.441169
vt 0.972710 0.439131
vt 0.945634 0.525480
vt 0.988732 0.525274
vt 0.936489 0.528860
vt 0.988665 0.482336
vt 0.945864 0.478428
vt 0.984349 0.479536
vt 0.940928 0.541721
vt 0.985180 0.543281
vt 0.985670 0.546283
vt 0.945629 0.547193
vt 0.944362 0.423930
vt 0.897294 0.424884
vt 0.937026 0.420017
vt 0.948210 0.460299
vt 0.982582 0.459462
vt 0.986176 0.462893
vt 0.947331 0.443464
vt 0.938796 0.438005
vt 0.995134 0.521943
vt 0.995002 0.523648
vt 0.988336 0.523431
vt 0.993486 0.498439
vt 0.994838 0.461294
vt 0.990996 0.464083
vt 0.996745 0.462996
vt 0.981949 0.509118
vt 0.985811 0.511420
vt 0.948168 0.508815
vt 0.991219 0.507435
vt 0.606140 0.479172
vt 0.570885 0.483167
vt 0.570791 0.478216
vt 0.607357 0.489474
vt 0.608048 0.462720
vt 0.609834 0.457885
vt 0.610235 0.450917
vt 0.606791 0.418660
vt 0.614489 0.426003
vt 0.665073 0.448333
vt 0.608802 0.441442
vt 0.667513 0.439501
vt 0.669717 0.513256
vt 0.717899 0.513146
vt 0.665331 0.508495
vt 0.610880 0.471528
vt 0.665821 0.469672
vt 0.668470 0.474215
vt 0.667734 0.425096
vt 0.667772 0.429638
vt 0.665896 0.418856
vt 0.605418 0.436663
vt 0.697582 0.528574
vt 0.606427 0.532809
vt 0.666062 0.533266
vt 0.639539 0.520986
vt 0.707892 0.523694
vt 0.662101 0.494051
vt 0.649630 0.500539
vt 0.666255 0.453820
vt 0.753588 0.448136
vt 0.714219 0.441299
vt 0.754188 0.440571
vt 0.778114 0.518516
vt 0.756689 0.514240
vt 0.721244 0.540104
vt 0.744191 0.545643
vt 0.712236 0.546188
vt 0.711258 0.477182
vt 0.750405 0.471080
vt 0.749183 0.477139
vt 0.709809 0.469679
vt 0.748617 0.425318
vt 0.715022 0.429692
vt 0.709527 0.425226
vt 0.749812 0.492379
vt 0.728768 0.500035
vt 0.708381 0.494138
vt 0.746539 0.457333
vt 0.751148 0.461743
vt 0.709115 0.460681
vt 0.748801 0.528495
vt 0.668669 0.489584
vt 0.710352 0.508664
vt 0.668532 0.480400
vt 0.903614 0.458367
vt 0.945723 0.455901
vt 0.934663 0.514079
vt 0.891423 0.510182
vt 0.915128 0.520767
vt 0.985910 0.521049
vt 0.906374 0.472616
vt 0.946394 0.474890
vt 0.908542 0.478581
vt 0.830149 0.428161
vt 0.832620 0.422305
vt 0.906857 0.497247
vt 0.862026 0.491578
vt 0.899032 0.445849
vt 0.839555 0.448918
vt 0.849932 0.443043
vt 0.833109 0.530671
vt 0.989461 0.417100
vt 0.980143 0.420527
vt 0.887823 0.437733
vt 0.827662 0.525193
vt 0.791900 0.524114
vt 0.879874 0.516979
vt 0.835996 0.515372
vt 0.872752 0.545243
vt 0.864988 0.539659
vt 0.870770 0.472372
vt 0.868094 0.477523
vt 0.862389 0.455214
vt 0.873579 0.451456
vt 0.862995 0.461225
vt 0.788889 0.441449
vt 0.745450 0.451029
vt 0.789843 0.452606
vt 0.790457 0.460833
vt 0.809668 0.501289
vt 0.789320 0.496593
vt 0.821104 0.443596
vt 0.803240 0.449228
vt 0.797435 0.480608
vt 0.748721 0.481549
vt 0.786392 0.543443
vt 0.786644 0.547832
vt 0.819559 0.458547
vt 0.830060 0.437753
vt 0.789223 0.471465
vt 0.825612 0.475966
vt 0.788041 0.418761
vt 0.827880 0.418010
vt 0.788085 0.425161
vt 0.841003 0.470374
vt 0.804593 0.509338
vt 0.839098 0.507998
vt 0.861833 0.481469
vt 0.777600 0.537399
vt 0.829571 0.536596
vt 1.000385 0.436607
vt 0.999738 0.437032
vt 0.997576 0.436273
vt 0.031081 0.507958
vt 0.034499 0.467797
vt 0.021656 0.468505
vt 0.016856 0.441349
vt 0.005139 0.437570
vt 0.015906 0.521964
vt 0.034994 0.520701
vt 0.029834 0.414892
vt 0.015328 0.418620
vt 0.014345 0.412316
vt 0.029551 0.410610
vt 0.015970 0.477623
vt 0.043106 0.455737
vt 0.042988 0.526786
vt 0.053887 0.536447
vt 0.111029 0.422438
vt 0.111869 0.410151
vt 0.121423 0.520320
vt 0.074831 0.548279
vt 0.109916 0.548279
vt 0.080155 0.469036
vt 0.173222 0.423613
vt 0.138845 0.532425
vt 0.111697 0.468690
vt 0.113916 0.457177
vt 0.290838 0.490658
vt 0.260234 0.490824
vt 0.260969 0.434077
vt 0.260361 0.467061
vt 0.251823 0.506142
vt 0.287935 0.506157
vt 0.260663 0.532558
vt 0.242894 0.490917
vt 0.218952 0.506128
vt 0.242574 0.467256
vt 0.234172 0.503213
vt 0.234019 0.525552
vt 0.234297 0.520327
vt 0.235282 0.532419
vt 0.184226 0.520324
vt 0.177705 0.456226
vt 0.173446 0.534416
vt 0.205525 0.532406
vt 0.224136 0.487249
vt 0.224985 0.473376
vt 0.208187 0.423299
vt 0.207809 0.411318
vt 0.537038 0.538139
vt 0.586371 0.539705
vt 0.570716 0.546357
vt 0.326065 0.433917
vt 0.324021 0.446923
vt 0.587889 0.534813
vt 0.569828 0.471260
vt 0.570358 0.447781
vt 0.539188 0.449180
vt 0.610678 0.546193
vt 0.510350 0.436825
vt 0.571276 0.450073
vt 0.540652 0.463869
vt 0.510499 0.426203
vt 0.508718 0.417381
vt 0.505565 0.489508
vt 0.421312 0.479896
vt 0.421361 0.485088
vt 0.490432 0.536389
vt 0.423198 0.434150
vt 0.477007 0.426824
vt 0.423304 0.426094
vt 0.423171 0.419105
vt 0.476442 0.420166
vt 0.423101 0.413937
vt 0.477358 0.414598
vt 0.422799 0.525504
vt 0.422830 0.532714
vt 0.491225 0.520351
vt 0.469795 0.548279
vt 0.324698 0.486147
vt 0.358785 0.427019
vt 0.359565 0.473277
vt 0.357981 0.480699
vt 0.323098 0.507731
vt 0.358027 0.485782
vt 0.388613 0.418845
vt 0.388751 0.425752
vt 0.382371 0.413442
vt 0.607624 0.448437
vt 0.387247 0.485462
vt 0.006888 0.415137
vt 0.009225 0.515482
vt 0.004888 0.513254
vt 0.004752 0.541134
vt 0.002140 0.415530
vt 0.003259 0.414995
vt 0.980551 0.436262
vt 0.918096 0.481850
vt 0.994810 0.546168
vt 0.996306 0.497310
vt 0.998487 0.498268
vt 0.996585 0.417601
vt 0.992213 0.419600
vt 0.996974 0.508529
vt 0.994947 0.510444
vt 0.996679 0.437818
vt 0.667595 0.546112
vt 0.668716 0.540055
vt 0.687815 0.535499
vt 0.748396 0.419265
vt 0.754317 0.429737
vt 0.665130 0.460560
vt 0.667178 0.449876
vt 0.788494 0.429469
vt 0.751572 0.508073
vt 0.709633 0.419136
vt 0.707406 0.448103
vt 0.710968 0.489608
vt 0.711048 0.451470
vt 0.709388 0.533006
vt 0.748067 0.532801
vt 0.910920 0.500513
vt 0.898837 0.507024
vt 0.789492 0.490961
vt 0.788286 0.530984
vt 0.999061 0.462537
vt 0.999171 0.463157
vt 0.997500 0.544602
vt 1.000033 0.545614
vt 0.996406 0.482218
vt 0.992933 0.483542
vt 0.997976 0.522767
s 1
f 3890/5069/3531 3899/5070/3532 3891/5071/3533
f 3894/5072/3534 4079/5073/3535 3900/5074/3536
f 3896/5075/3537 3897/5076/3538 4074/5077/3539
f 4074/5077/3539 4071/5078/3540 3896/5075/3537
f 3898/5079/3541 3904/5080/3542 3902/5081/3543
f 4073/5082/3544 3899/5083/3532 3893/5084/3545
f 3893/5084/3545 3899/5083/3532 3909/5085/3546
f 3901/5086/3547 4075/5087/3548 3902/5088/3543
f 3902/5088/3543 3904/5080/3542 3901/5086/3547
f 3893/5089/3545 3909/5090/3546 3903/5091/3549
f 3921/5092/3550 3908/5093/3551 3890/5069/3531
f 4172/5094/3552 3918/5095/3553 3904/5080/3542
f 3904/5080/3542 3898/5079/3541 4172/5094/3552
f 3909/5085/3546 3908/5096/3551 3924/5097/3554
f 3925/5098/3555 3935/5099/3556 3930/5100/3557
f 3913/5101/3558 3963/5102/3559 3912/5103/3560
f 3927/5104/3561 4173/5105/3562 3915/5106/3563
f 3917/5107/3564 3913/5108/3558 3921/5092/3550
f 3905/5109/3565 4070/5110/3566 4069/5111/3567
f 4069/5111/3567 3906/5112/3568 3905/5109/3565
f 3918/5095/3553 3923/5113/3569 4174/5114/3570
f 3917/5107/3564 3921/5092/3550 3920/5115/3571
f 3920/5115/3571 3932/5116/3572 3917/5107/3564
f 3925/5117/3555 3937/5118/3573 3922/5119/3574
f 3922/5119/3574 3962/5120/3575 4178/5121/3576
f 3906/5122/3568 3911/5123/3577 3919/5124/3578
f 3914/5125/3579 3923/5126/3569 3903/5091/3549
f 3903/5091/3549 4175/5127/3580 3914/5125/3579
f 3930/5100/3557 3969/5128/3581 3966/5129/3582
f 3960/5130/3583 3927/5104/3561 3926/5131/3584
f 4177/5132/3585 3959/5133/3586 3928/5134/3587
f 4178/5121/3576 3932/5135/3572 3931/5136/3588
f 4181/5137/3589 3925/5117/3555 3922/5119/3574
f 3931/5136/3588 3932/5135/3572 3905/5109/3565
f 4180/5138/3590 3933/5139/3591 4179/5140/3592
f 3917/5107/3564 3932/5116/3572 3987/5141/3593
f 3926/5131/3584 3934/5142/3594 4180/5143/3590
f 3932/5116/3572 4178/5144/3576 3987/5141/3593
f 4189/5145/3595 3913/5108/3558 3917/5107/3564
f 3934/5146/3594 3918/5095/3553 3933/5139/3591
f 4176/5147/3596 3935/5099/3556 3919/5124/3578
f 3934/5142/3594 3915/5106/3563 3916/5148/3597
f 4176/5149/3596 3938/5150/3598 4182/5151/3599
f 3934/5142/3594 3926/5131/3584 3915/5106/3563
f 3937/5118/3573 3925/5117/3555 3961/5152/3600
f 4183/5153/3601 3947/5154/3602 3940/5155/3603
f 3942/5156/3604 3968/5157/3605 3953/5158/3606
f 3946/5159/3607 4210/5160/3608 3939/5161/3609
f 3939/5161/3609 4187/5162/3610 3946/5159/3607
f 3939/5161/3609 3984/5163/3611 4187/5162/3610
f 3941/5164/3612 4211/5165/3613 3974/5166/3614
f 3955/5167/3615 4209/5168/3616 3951/5169/3617
f 3951/5169/3617 4209/5168/3616 4192/5170/3618
f 3954/5171/3619 4192/5172/3618 3944/5173/3620
f 3954/5171/3619 3945/5174/3621 4186/5175/3622
f 3972/5176/3623 3980/5177/3624 3949/5178/3625
f 3952/5179/3626 3942/5156/3604 3953/5158/3606
f 3956/5180/3627 3948/5181/3628 4185/5182/3629
f 4185/5182/3629 3971/5183/3630 3956/5180/3627
f 4187/5162/3610 3952/5184/3626 3949/5178/3625
f 4186/5185/3622 3947/5154/3602 3950/5186/3631
f 3973/5187/3632 3952/5179/3626 3978/5188/3633
f 3970/5189/3634 3954/5171/3619 4193/5190/3635
f 3959/5133/3586 4188/5191/3636 4179/5192/3592
f 3961/5152/3600 3978/5188/3633 3937/5118/3573
f 3929/5193/3637 3985/5194/3638 3969/5195/3581
f 4179/5140/3592 4188/5196/3636 3965/5197/3639
f 3965/5197/3639 4180/5138/3590 4179/5140/3592
f 3963/5102/3559 3913/5101/3558 3970/5189/3634
f 3963/5102/3559 4190/5198/3640 4177/5199/3585
f 3962/5200/3575 3958/5201/3641 3964/5202/3642
f 3982/5203/3643 3960/5204/3583 3965/5197/3639
f 3960/5130/3583 3982/5205/3643 3983/5206/3644
f 3983/5206/3644 4191/5207/3645 3960/5130/3583
f 4188/5191/3636 3959/5133/3586 3967/5208/3646
f 3958/5201/3641 3951/5169/3617 3964/5202/3642
f 3951/5169/3617 4192/5170/3618 4189/5145/3595
f 3971/5183/3630 3982/5203/3643 3981/5209/3647
f 3981/5209/3647 3956/5180/3627 3971/5183/3630
f 3981/5209/3647 3967/5210/3646 3956/5180/3627
f 3983/5206/3644 3976/5211/3648 3974/5166/3614
f 3977/5212/3649 3950/5186/3631 3967/5208/3646
f 3977/5212/3649 4193/5213/3635 4186/5185/3622
f 3978/5188/3633 3957/5214/3650 3962/5120/3575
f 3984/5215/3611 4024/5216/3651 3968/5157/3605
f 3962/5200/3575 3964/5202/3642 3987/5141/3593
f 4102/5217/3652 4196/5218/3653 4223/5219/3654
f 4202/5220/3655 4065/5221/3656 3992/5222/3657
f 4199/5223/3658 4065/5221/3656 4202/5220/3655
f 4095/5224/3659 4199/5225/3658 3991/5226/3660
f 3998/5227/3661 4102/5217/3652 3997/5228/3662
f 4196/5218/3653 4102/5217/3652 3998/5227/3661
f 3997/5228/3662 4198/5229/3663 4001/5230/3664
f 4102/5217/3652 4198/5229/3663 3997/5228/3662
f 3994/5231/3665 3989/5232/3666 3991/5226/3660
f 4199/5225/3658 4202/5233/3655 3993/5234/3667
f 4194/5235/3668 4097/5236/3669 3996/5237/3670
f 4097/5236/3669 4017/5238/3671 3996/5237/3670
f 4197/5239/3672 3995/5240/3673 3988/5241/3674
f 3992/5222/3657 4003/5242/3675 4006/5243/3676
f 4098/5244/3677 3989/5245/3666 4016/5246/3678
f 3989/5245/3666 3994/5247/3665 4016/5246/3678
f 3995/5240/3673 4009/5248/3679 4013/5249/3680
f 4014/5250/3681 4201/5251/3682 3995/5240/3673
f 4017/5238/3671 4205/5252/3683 3996/5237/3670
f 3996/5237/3670 4012/5253/3684 4200/5254/3685
f 3997/5228/3662 4001/5230/3664 4002/5255/3686
f 4016/5246/3678 3994/5247/3665 4011/5256/3687
f 4200/5257/3685 4010/5258/3688 3999/5259/3689
f 3999/5259/3689 4009/5260/3679 4000/5261/3690
f 4201/5262/3682 4014/5263/3681 4021/5264/3691
f 4015/5265/3692 4019/5266/3693 4018/5267/3694
f 4018/5267/3694 4008/5268/3695 4015/5265/3692
f 4049/5269/3696 4205/5252/3683 4066/5270/3697
f 4050/5271/3698 4005/5272/3699 4049/5269/3696
f 4006/5243/3676 4208/5273/3700 4015/5265/3692
f 4011/5256/3687 4203/5274/3701 4016/5246/3678
f 4016/5246/3678 4020/5275/3702 4017/5276/3671
f 4013/5249/3680 4206/5277/3703 4207/5278/3704
f 4013/5249/3680 4009/5248/3679 4206/5277/3703
f 4207/5278/3704 4014/5250/3681 4013/5249/3680
f 4208/5279/3700 4003/5280/3675 4002/5255/3686
f 4007/5281/3705 4010/5258/3688 4005/5282/3699
f 4206/5283/3703 4009/5260/3679 4007/5281/3705
f 4183/5284/3601 4033/5285/3706 4028/5286/3707
f 4028/5286/3707 4184/5287/3708 4183/5284/3601
f 4210/5160/3608 4215/5288/3709 4029/5289/3710
f 4214/5290/3711 3984/5163/3611 3939/5161/3609
f 3941/5164/3612 4031/5291/3712 4030/5292/3713
f 4030/5292/3713 4211/5165/3613 3941/5164/3612
f 3940/5155/3603 3945/5293/3621 4027/5294/3714
f 4027/5294/3714 4032/5295/3715 3940/5155/3603
f 3940/5155/3603 4033/5296/3706 4183/5153/3601
f 3943/5297/3716 4211/5298/3613 4036/5299/3717
f 4215/5300/3709 4210/5301/3608 3943/5297/3716
f 4027/5294/3714 4046/5302/3718 4032/5295/3715
f 4039/5303/3719 4044/5304/3720 4046/5302/3718
f 4046/5302/3718 4212/5305/3721 4039/5303/3719
f 4041/5306/3722 4213/5307/3723 4063/5308/3724
f 4042/5309/3725 4056/5310/3726 4038/5311/3727
f 4029/5289/3710 4038/5312/3727 4037/5313/3728
f 4037/5313/3728 4214/5290/3711 4029/5289/3710
f 4046/5302/3718 4044/5304/3720 4033/5296/3706
f 4036/5299/3717 4066/5314/3697 4042/5309/3725
f 4042/5309/3725 4215/5300/3709 4036/5299/3717
f 4026/5315/3729 4045/5316/3730 4027/5317/3714
f 4026/5315/3729 4209/5318/3616 4057/5319/3731
f 4063/5308/3724 4019/5320/3693 4062/5321/3732
f 4053/5322/3733 4068/5323/3734 4058/5324/3735
f 4047/5325/3736 4048/5326/3737 4060/5327/3738
f 4060/5327/3738 4068/5328/3734 4047/5325/3736
f 4035/5329/3739 4220/5330/3740 4054/5331/3741
f 4055/5332/3742 4213/5333/3723 4034/5334/3743
f 4002/5255/3686 4022/5335/3744 4064/5336/3745
f 4208/5279/3700 4064/5336/3745 4062/5321/3732
f 4062/5321/3732 4019/5320/3693 4208/5279/3700
f 4212/5305/3721 4058/5337/3735 4060/5327/3738
f 4219/5338/3746 4044/5304/3720 4039/5303/3719
f 4061/5339/3747 4040/5340/3748 4218/5341/3749
f 4064/5336/3745 4057/5342/3731 4041/5306/3722
f 4213/5307/3723 4055/5343/3742 4063/5308/3724
f 4054/5331/3741 4220/5330/3740 4018/5267/3694
f 4018/5267/3694 4055/5332/3742 4054/5331/3741
f 4045/5316/3730 4057/5319/3731 4058/5324/3735
f 4058/5324/3735 4212/5344/3721 4045/5316/3730
f 4062/5321/3732 4064/5336/3745 4063/5308/3724
f 4219/5345/3746 4048/5346/3737 4067/5347/3750
f 4057/5319/3731 4064/5348/3745 4053/5322/3733
f 4209/5318/3616 4026/5315/3729 3944/5173/3620
f 4021/5264/3691 4068/5323/3734 4053/5322/3733
f 3892/5349/3751 4072/5350/3752 4073/5351/3544
f 4072/5350/3752 4078/5352/3753 4073/5351/3544
f 4092/5353/3754 3911/5354/3577 4069/5111/3567
f 4069/5111/3567 4070/5110/3566 4092/5353/3754
f 4079/5355/3535 4077/5356/3755 4071/5078/3540
f 4075/5357/3548 4078/5358/3753 4072/5359/3752
f 4078/5360/3753 4076/5361/3756 4073/5082/3544
f 4075/5087/3548 3901/5086/3547 4071/5362/3540
f 4078/5363/3753 4075/5087/3548 4077/5364/3755
f 4077/5365/3755 3895/5366/3757 4078/5352/3753
f 4090/5367/3758 4137/5368/3759 4093/5369/3760
f 4094/5370/3761 4091/5371/3762 4164/5372/3763
f 4134/5373/3764 4089/5374/3765 4235/5375/3766
f 4093/5376/3760 4082/5377/3767 4084/5378/3768
f 4083/5379/3769 4139/5380/3770 4085/5381/3771
f 4085/5381/3771 4133/5382/3772 4083/5379/3769
f 4234/5383/3773 4136/5384/3774 4235/5385/3766
f 4080/5386/3775 4085/5387/3771 4084/5388/3768
f 4164/5372/3763 4081/5389/3776 4234/5390/3773
f 4087/5391/3777 4171/5392/3778 4086/5393/3779
f 4093/5369/3760 4087/5394/3777 4090/5367/3758
f 4168/5395/3780 4093/5396/3760 4084/5388/3768
f 4170/5397/3781 4093/5396/3760 4168/5395/3780
f 4091/5398/3762 4139/5399/3770 4081/5400/3776
f 4091/5398/3762 4094/5401/3761 4139/5399/3770
f 4222/5402/3782 4194/5403/3668 3990/5404/3783
f 4194/5235/3668 4222/5405/3782 4097/5236/3669
f 4108/5406/3784 4197/5239/3672 4096/5407/3785
f 4096/5407/3785 3988/5241/3674 4101/5408/3786
f 4095/5224/3659 4099/5409/3787 4224/5410/3788
f 4117/5411/3789 4105/5412/3790 4230/5413/3791
f 4120/5414/3792 4228/5415/3793 4198/5229/3663
f 4223/5219/3654 4117/5416/3789 4102/5217/3652
f 4108/5417/3784 4225/5418/3794 4124/5419/3795
f 4118/5420/3796 4230/5421/3791 4224/5410/3788
f 4224/5410/3788 4231/5422/3797 4118/5420/3796
f 4105/5412/3790 4224/5423/3788 4230/5413/3791
f 4132/5424/3798 4099/5425/3787 4098/5244/3677
f 4132/5424/3798 4231/5426/3797 4099/5425/3787
f 4098/5244/3677 4119/5427/3799 4123/5428/3800
f 4098/5244/3677 4123/5428/3800 4132/5424/3798
f 4103/5429/3801 4119/5430/3799 4097/5236/3669
f 4097/5236/3669 4222/5405/3782 4103/5429/3801
f 4101/5408/3786 4104/5431/3802 4096/5407/3785
f 4110/5432/3803 4121/5433/3804 4109/5434/3805
f 4227/5435/3806 4228/5415/3793 4112/5436/3807
f 4127/5437/3808 4111/5438/3809 4131/5439/3810
f 4128/5440/3811 4115/5441/3812 4114/5442/3813
f 4128/5440/3811 4232/5443/3814 4115/5441/3812
f 4106/5444/3815 4121/5445/3804 4129/5446/3816
f 4226/5447/3817 4123/5448/3800 4130/5449/3818
f 4116/5450/3819 4115/5451/3812 4232/5452/3814
f 4132/5424/3798 4123/5428/3800 4113/5453/3820
f 4129/5446/3816 4230/5421/3791 4118/5420/3796
f 4130/5449/3818 4119/5430/3799 4103/5429/3801
f 4103/5429/3801 4125/5454/3821 4130/5449/3818
f 4122/5455/3822 4228/5415/3793 4120/5414/3792
f 4128/5440/3811 4125/5456/3821 4124/5419/3795
f 4124/5419/3795 4232/5443/3814 4128/5440/3811
f 4138/5457/3823 4133/5458/3772 4080/5386/3775
f 4081/5400/3776 4083/5459/3769 4161/5460/3824
f 4134/5373/3764 4141/5461/3825 4090/5462/3758
f 4082/5377/3767 4138/5463/3823 4080/5464/3775
f 4138/5463/3823 4082/5377/3767 4135/5465/3826
f 4136/5384/3774 4156/5466/3827 4155/5467/3828
f 4158/5468/3829 4238/5469/3830 4137/5368/3759
f 4237/5470/3831 4159/5471/3832 4151/5472/3833
f 4235/5375/3766 4145/5473/3834 4134/5373/3764
f 4089/5474/3765 4221/5475/3835 4235/5385/3766
f 4151/5472/3833 4136/5476/3774 4234/5390/3773
f 4234/5390/3773 4237/5470/3831 4151/5472/3833
f 4145/5473/3834 4165/5477/3836 4141/5461/3825
f 4165/5477/3836 4152/5478/3837 4141/5461/3825
f 4083/5459/3769 4236/5479/3838 4140/5480/3839
f 4144/5481/3840 4236/5482/3838 4083/5379/3769
f 4143/5483/3841 4135/5465/3826 4142/5484/3842
f 4235/5385/3766 4136/5384/3774 4155/5467/3828
f 4157/5485/3843 4144/5486/3840 4138/5457/3823
f 4138/5457/3823 4143/5487/3841 4157/5485/3843
f 4110/5432/3803 4109/5434/3805 4146/5488/3844
f 4116/5450/3819 4111/5489/3809 4162/5490/3845
f 4153/5491/3846 4115/5451/3812 4116/5450/3819
f 4152/5492/3837 4123/5448/3800 4163/5493/3847
f 4160/5494/3848 4150/5495/3849 4146/5488/3844
f 4239/5496/3850 4226/5497/3817 4114/5442/3813
f 4154/5498/3851 4162/5499/3845 4111/5438/3809
f 4149/5500/3852 4153/5491/3846 4162/5490/3845
f 4140/5480/3839 4227/5435/3806 4112/5436/3807
f 4160/5494/3848 4156/5501/3827 4151/5472/3833
f 4151/5472/3833 4159/5471/3832 4160/5494/3848
f 4153/5502/3846 4166/5503/3853 4239/5496/3850
f 4155/5467/3828 4148/5504/3854 4145/5505/3834
f 4156/5466/3827 4147/5506/3855 4155/5467/3828
f 4162/5490/3845 4144/5486/3840 4157/5485/3843
f 4146/5488/3844 4156/5501/3827 4160/5494/3848
f 4149/5507/3852 4143/5483/3841 4166/5503/3853
f 4149/5500/3852 4162/5490/3845 4157/5485/3843
f 4150/5508/3849 4159/5509/3832 4140/5480/3839
f 4166/5503/3853 4238/5510/3830 4239/5496/3850
f 4227/5511/3806 4140/5512/3839 4236/5482/3838
f 4236/5482/3838 4144/5481/3840 4154/5498/3851
f 4144/5481/3840 4162/5499/3845 4154/5498/3851
f 4088/5513/3856 4167/5514/3857 4171/5515/3778
f 4072/5359/3752 3898/5079/3541 3902/5081/3543 4075/5357/3548
f 3890/5069/3531 3891/5071/3533 4070/5516/3566
f 3890/5069/3531 3908/5093/3551 3899/5070/3532
f 3892/5349/3751 4073/5351/3544 3893/5089/3545
f 3892/5349/3751 4172/5517/3552 3898/5518/3541
f 3894/5072/3534 3891/5519/3533 3895/5520/3757
f 3894/5072/3534 3895/5520/3757 4079/5073/3535
f 3896/5075/3537 4071/5078/3540 3901/5521/3547
f 3901/5521/3547 4173/5522/3562 3896/5075/3537
f 3910/5523/3858 3900/5524/3536 4074/5525/3539 3897/5526/3538
f 3898/5079/3541 4072/5359/3752 3892/5527/3751
f 3909/5085/3546 3899/5083/3532 3908/5096/3551
f 3900/5524/3536 3910/5523/3858 3911/5123/3577
f 3897/5526/3538 4176/5147/3596 3919/5124/3578 3910/5523/3858
f 3901/5086/3547 3904/5080/3542 4173/5105/3562
f 3903/5091/3549 3909/5090/3546 3924/5528/3554
f 3892/5349/3751 3893/5089/3545 3903/5091/3549
f 3903/5091/3549 3923/5126/3569 4172/5517/3552
f 3903/5091/3549 4172/5517/3552 3892/5349/3751
f 3904/5080/3542 3916/5148/3597 4173/5105/3562
f 3890/5069/3531 4070/5516/3566 3920/5115/3571
f 3920/5115/3571 3921/5092/3550 3890/5069/3531
f 3907/5529/3859 3896/5075/3537 4173/5522/3562
f 3907/5529/3859 3897/5076/3538 3896/5075/3537
f 4172/5094/3552 3923/5113/3569 3918/5095/3553
f 3904/5080/3542 3918/5095/3553 3916/5148/3597
f 3924/5097/3554 3908/5096/3551 3921/5530/3550
f 3925/5098/3555 4181/5531/3589 3935/5099/3556
f 3930/5100/3557 3935/5099/3556 4182/5532/3599
f 3912/5103/3560 3963/5102/3559 4177/5199/3585
f 3915/5106/3563 4173/5105/3562 3916/5148/3597
f 3905/5109/3565 3932/5135/3572 4070/5110/3566
f 4069/5111/3567 3911/5354/3577 3906/5112/3568
f 3938/5150/3598 3907/5529/3859 3927/5533/3561
f 3920/5115/3571 4070/5516/3566 3932/5116/3572
f 3922/5119/3574 3937/5118/3573 3962/5120/3575
f 3907/5529/3859 3938/5150/3598 4176/5149/3596
f 4176/5149/3596 3897/5076/3538 3907/5529/3859
f 4173/5522/3562 3927/5533/3561 3907/5529/3859
f 3919/5124/3578 3911/5123/3577 3910/5523/3858
f 4175/5534/3580 3924/5097/3554 3912/5103/3560 3936/5535/3860
f 3914/5125/3579 4174/5536/3570 3923/5126/3569
f 3903/5091/3549 3924/5528/3554 4175/5127/3580
f 3925/5098/3555 3930/5100/3557 3966/5129/3582
f 3966/5129/3582 3961/5537/3600 3925/5098/3555
f 3928/5134/3587 3959/5133/3586 4179/5192/3592
f 3922/5119/3574 4178/5121/3576 3931/5136/3588
f 3931/5136/3588 4181/5137/3589 3922/5119/3574
f 3929/5193/3637 3969/5195/3581 3930/5538/3557
f 3913/5101/3558 3912/5103/3560 3924/5097/3554 3921/5530/3550
f 4181/5137/3589 3931/5136/3588 3905/5109/3565 3906/5112/3568
f 3938/5150/3598 3929/5193/3637 3930/5538/3557 4182/5151/3599
f 3929/5193/3637 3938/5150/3598 3927/5533/3561
f 4174/5536/3570 3914/5125/3579 3928/5134/3587 3933/5539/3591
f 4180/5138/3590 3934/5146/3594 3933/5139/3591
f 3912/5103/3560 4177/5199/3585 3936/5535/3860
f 3915/5106/3563 3926/5131/3584 3927/5104/3561
f 3987/5141/3593 4189/5145/3595 3917/5107/3564
f 3934/5142/3594 3916/5148/3597 3918/5095/3553
f 3933/5139/3591 3918/5095/3553 4174/5114/3570
f 3919/5124/3578 3935/5099/3556 4181/5531/3589
f 4181/5531/3589 3906/5122/3568 3919/5124/3578
f 4176/5147/3596 4182/5532/3599 3935/5099/3556
f 3936/5540/3860 3928/5134/3587 3914/5125/3579 4175/5127/3580
f 4184/5541/3708 3941/5164/3612 3974/5166/3614 4185/5542/3629
f 3928/5134/3587 3936/5540/3860 4177/5132/3585
f 3928/5134/3587 4179/5192/3592 3933/5539/3591
f 4187/5543/3610 3984/5215/3611 3942/5156/3604
f 4186/5185/3622 3940/5155/3603 3947/5154/3602
f 4186/5185/3622 3945/5293/3621 3940/5155/3603
f 4183/5153/3601 3948/5544/3628 3947/5154/3602
f 4183/5284/3601 4184/5287/3708 4185/5182/3629 3948/5181/3628
f 3953/5545/3606 3968/5546/3605 3955/5167/3615
f 3957/5214/3650 3952/5179/3626 3953/5158/3606
f 3943/5297/3716 4210/5301/3608 3946/5547/3607
f 4185/5542/3629 3974/5166/3614 3976/5211/3648 3971/5548/3630
f 4192/5172/3618 4209/5318/3616 3944/5173/3620
f 3954/5171/3619 3944/5173/3620 3945/5174/3621
f 3977/5212/3649 4186/5185/3622 3950/5186/3631
f 3957/5549/3650 3953/5545/3606 3958/5201/3641
f 3952/5179/3626 4187/5543/3610 3942/5156/3604
f 3955/5167/3615 3951/5169/3617 3958/5201/3641
f 3955/5167/3615 3958/5201/3641 3953/5545/3606
f 3949/5178/3625 3980/5177/3624 3946/5159/3607
f 3946/5159/3607 4187/5162/3610 3949/5178/3625
f 3948/5544/3628 3956/5550/3627 3950/5186/3631 3947/5154/3602
f 3974/5166/3614 4211/5165/3613 3975/5551/3861
f 4211/5298/3613 3943/5297/3716 3979/5552/3862 3975/5553/3861
f 3978/5188/3633 3952/5179/3626 3957/5214/3650
f 3980/5554/3624 3979/5552/3862 3943/5297/3716 3946/5547/3607
f 4191/5555/3645 3985/5194/3638 3929/5193/3637 3927/5533/3561
f 4193/5190/3635 3954/5171/3619 4186/5175/3622
f 3970/5189/3634 4192/5172/3618 3954/5171/3619
f 4177/5132/3585 4190/5556/3640 3959/5133/3586
f 3960/5130/3583 4191/5207/3645 3927/5104/3561
f 3926/5131/3584 4180/5143/3590 3960/5130/3583
f 3937/5118/3573 3978/5188/3633 3962/5120/3575
f 4191/5207/3645 3983/5206/3644 3974/5166/3614 3975/5551/3861
f 3965/5197/3639 3960/5204/3583 4180/5138/3590
f 3970/5189/3634 3913/5101/3558 4189/5557/3595
f 3951/5169/3617 4189/5145/3595 3964/5202/3642
f 3963/5102/3559 3970/5189/3634 4193/5190/3635
f 3963/5102/3559 4193/5190/3635 4190/5198/3640
f 3965/5197/3639 4188/5196/3636 3981/5209/3647
f 3981/5209/3647 4188/5196/3636 3967/5210/3646
f 3981/5209/3647 3982/5203/3643 3965/5197/3639
f 3967/5208/3646 3959/5133/3586 4190/5556/3640
f 3942/5156/3604 3984/5215/3611 3968/5157/3605
f 3985/5194/3638 3986/5558/3863 3969/5195/3581
f 4189/5557/3595 4192/5172/3618 3970/5189/3634
f 3962/5200/3575 3957/5549/3650 3958/5201/3641
f 3971/5183/3630 3976/5559/3648 3982/5203/3643
f 3956/5180/3627 3967/5210/3646 3950/5560/3631
f 3972/5176/3623 3949/5178/3625 3973/5561/3632
f 3949/5178/3625 3952/5184/3626 3973/5561/3632
f 3972/5176/3623 3986/5562/3863 3980/5177/3624
f 3986/5558/3863 3985/5194/3638 3979/5552/3862 3980/5554/3624
f 3983/5206/3644 3982/5205/3643 3976/5211/3648
f 3961/5152/3600 3973/5187/3632 3978/5188/3633
f 3975/5553/3861 3979/5552/3862 3985/5194/3638 4191/5555/3645
f 3986/5562/3863 3972/5176/3623 3966/5129/3582 3969/5128/3581
f 3961/5537/3600 3966/5129/3582 3972/5176/3623 3973/5561/3632
f 4001/5563/3664 4100/5564/3864 4195/5565/3865 4201/5262/3682
f 3977/5212/3649 3967/5208/3646 4190/5556/3640
f 3977/5212/3649 4190/5556/3640 4193/5213/3635
f 3984/5215/3611 4214/5566/3711 4024/5216/3651
f 3968/5157/3605 4024/5216/3651 4025/5567/3866
f 4178/5144/3576 3962/5200/3575 3987/5141/3593
f 3987/5141/3593 3964/5202/3642 4189/5145/3595
f 4001/5563/3664 4198/5568/3663 4100/5564/3864
f 4197/5569/3672 3990/5404/3783 3999/5259/3689 4000/5261/3690
f 3992/5222/3657 4065/5221/3656 4196/5570/3653
f 4196/5570/3653 3998/5571/3661 3992/5222/3657
f 4101/5572/3786 4195/5565/3865 4100/5564/3864
f 4200/5257/3685 3999/5259/3689 3990/5404/3783 4194/5403/3668
f 4202/5220/3655 3992/5222/3657 4006/5243/3676 4204/5573/3867
f 3993/5234/3667 3994/5231/3665 3991/5226/3660
f 3991/5226/3660 4199/5225/3658 3993/5234/3667
f 3996/5237/3670 4200/5254/3685 4194/5235/3668
f 3988/5241/3674 3995/5240/3673 4201/5251/3682
f 4201/5251/3682 4195/5574/3865 3988/5241/3674
f 4197/5239/3672 4000/5575/3690 3995/5240/3673
f 3992/5222/3657 3998/5571/3661 4003/5242/3675
f 3993/5234/3667 4204/5576/3867 4011/5577/3687 3994/5231/3665
f 4016/5246/3678 4017/5276/3671 4098/5244/3677
f 4204/5576/3867 3993/5234/3667 4202/5233/3655
f 3998/5227/3661 3997/5228/3662 4002/5255/3686 4003/5280/3675
f 3995/5240/3673 4000/5575/3690 4009/5248/3679
f 4013/5249/3680 4014/5250/3681 3995/5240/3673
f 3996/5237/3670 4205/5252/3683 4012/5253/3684
f 4200/5254/3685 4012/5253/3684 4010/5578/3688
f 4002/5255/3686 4001/5230/3664 4022/5335/3744
f 4052/5579/3868 4007/5281/3705 4005/5282/3699 4050/5580/3698
f 3999/5259/3689 4010/5258/3688 4009/5260/3679
f 4001/5563/3664 4201/5262/3682 4021/5264/3691
f 4021/5264/3691 4022/5581/3744 4001/5563/3664
f 4015/5265/3692 4208/5273/3700 4019/5266/3693
f 4018/5267/3694 4216/5582/3869 4008/5268/3695
f 4007/5281/3705 4052/5579/3868 4048/5346/3737 4206/5283/3703
f 4008/5583/3695 4216/5584/3869 4023/5585/3870 4004/5586/3871
f 4048/5326/3737 4047/5325/3736 4207/5278/3704 4206/5277/3703
f 4004/5586/3871 4023/5585/3870 4217/5587/3872
f 4217/5587/3872 4203/5588/3701 4004/5586/3871
f 4049/5269/3696 4005/5272/3699 4205/5252/3683
f 4051/5589/3873 4020/5275/3702 4203/5274/3701 4217/5590/3872
f 4047/5325/3736 4068/5328/3734 4207/5278/3704
f 4034/5334/3743 4024/5216/3651 4214/5566/3711 4035/5329/3739
f 4020/5275/3702 4051/5589/3873 4066/5314/3697
f 4066/5314/3697 4205/5591/3683 4020/5275/3702
f 4006/5243/3676 4003/5242/3675 4208/5273/3700
f 4006/5243/3676 4015/5265/3692 4204/5573/3867
f 4015/5265/3692 4008/5268/3695 4204/5573/3867
f 4011/5577/3687 4004/5586/3871 4203/5588/3701
f 4204/5576/3867 4008/5583/3695 4004/5586/3871
f 4204/5576/3867 4004/5586/3871 4011/5577/3687
f 4016/5246/3678 4203/5274/3701 4020/5275/3702
f 4017/5276/3671 4020/5275/3702 4205/5591/3683
f 4005/5272/3699 4012/5253/3684 4205/5252/3683
f 4005/5272/3699 4010/5578/3688 4012/5253/3684
f 4007/5281/3705 4009/5260/3679 4010/5258/3688
f 4021/5264/3691 4014/5263/3681 4207/5592/3704
f 4028/5286/3707 4031/5593/3712 4184/5287/3708
f 3939/5161/3609 4210/5160/3608 4029/5289/3710
f 4029/5289/3710 4214/5290/3711 3939/5161/3609
f 3941/5164/3612 4184/5541/3708 4031/5291/3712
f 3940/5155/3603 4032/5295/3715 4033/5296/3706
f 4036/5299/3717 4215/5300/3709 3943/5297/3716
f 4032/5295/3715 4046/5302/3718 4033/5296/3706
f 4213/5333/3723 4025/5567/3866 4024/5216/3651 4034/5334/3743
f 4040/5340/3748 4061/5339/3747 4030/5292/3713 4031/5291/3712
f 4029/5289/3710 4215/5288/3709 4038/5312/3727
f 4037/5313/3728 4035/5594/3739 4214/5290/3711
f 4027/5294/3714 4212/5305/3721 4046/5302/3718
f 4211/5165/3613 4030/5292/3713 4061/5339/3747 4066/5270/3697
f 4044/5595/3720 4043/5596/3874 4028/5286/3707 4033/5285/3706
f 4025/5597/3866 4213/5307/3723 4041/5306/3722
f 4057/5342/3731 4209/5168/3616 4041/5306/3722
f 4018/5267/3694 4019/5266/3693 4055/5332/3742
f 4018/5267/3694 4220/5330/3740 4216/5582/3869
f 4036/5299/3717 4211/5298/3613 4066/5314/3697
f 4042/5309/3725 4038/5311/3727 4215/5300/3709
f 4031/5593/3712 4028/5286/3707 4043/5596/3874 4040/5598/3748
f 4038/5312/3727 4059/5599/3875 4220/5600/3740 4037/5313/3728
f 4026/5315/3729 4057/5319/3731 4045/5316/3730
f 4027/5317/3714 4045/5316/3730 4212/5344/3721
f 4059/5599/3875 4038/5312/3727 4056/5601/3726
f 4065/5221/3656 4105/5412/3790 4223/5602/3654 4196/5570/3653
f 4220/5600/3740 4035/5594/3739 4037/5313/3728
f 4199/5223/3658 4224/5423/3788 4105/5412/3790 4065/5221/3656
f 4059/5599/3875 4023/5585/3870 4216/5584/3869 4220/5600/3740
f 4066/5314/3697 4051/5589/3873 4217/5590/3872 4056/5310/3726
f 4034/5334/3743 4035/5329/3739 4054/5331/3741
f 4054/5331/3741 4055/5332/3742 4034/5334/3743
f 4043/5596/3874 4067/5347/3750 4218/5603/3749 4040/5598/3748
f 4208/5279/3700 4002/5255/3686 4064/5336/3745
f 4039/5303/3719 4212/5305/3721 4060/5327/3738
f 4060/5327/3738 4219/5338/3746 4039/5303/3719
f 4063/5308/3724 4064/5336/3745 4041/5306/3722
f 4042/5309/3725 4066/5314/3697 4056/5310/3726
f 4067/5347/3750 4043/5596/3874 4044/5595/3720
f 4044/5595/3720 4219/5345/3746 4067/5347/3750
f 4023/5585/3870 4059/5599/3875 4056/5601/3726 4217/5587/3872
f 4049/5269/3696 4061/5339/3747 4218/5341/3749 4050/5271/3698
f 4060/5327/3738 4058/5337/3735 4068/5328/3734
f 4060/5327/3738 4048/5326/3737 4219/5338/3746
f 4050/5580/3698 4218/5603/3749 4067/5347/3750 4052/5579/3868
f 4061/5339/3747 4049/5269/3696 4066/5270/3697
f 4063/5308/3724 4055/5343/3742 4019/5320/3693
f 4067/5347/3750 4048/5346/3737 4052/5579/3868
f 4027/5317/3714 3945/5174/3621 3944/5173/3620 4026/5315/3729
f 4058/5324/3735 4057/5319/3731 4053/5322/3733
f 3955/5167/3615 4025/5597/3866 4041/5306/3722 4209/5168/3616
f 4021/5264/3691 4207/5592/3704 4068/5323/3734
f 4053/5322/3733 4064/5348/3745 4022/5581/3744
f 4021/5264/3691 4053/5322/3733 4022/5581/3744
f 4108/5417/3784 4222/5402/3782 3990/5404/3783 4197/5569/3672
f 4025/5597/3866 3955/5167/3615 3968/5546/3605
f 4074/5077/3539 4079/5355/3535 4071/5078/3540
f 4073/5082/3544 4076/5361/3756 3899/5083/3532
f 4079/5604/3535 4074/5525/3539 3900/5524/3536
f 4071/5362/3540 4077/5364/3755 4075/5087/3548
f 3891/5071/3533 3899/5070/3532 4076/5605/3756
f 4076/5605/3756 3895/5606/3757 3891/5071/3533
f 4078/5360/3753 3895/5607/3757 4076/5361/3756
f 4079/5604/3535 3895/5608/3757 4077/5609/3755
f 4080/5386/3775 4133/5458/3772 4085/5387/3771
f 4081/5400/3776 4139/5399/3770 4083/5459/3769
f 4164/5372/3763 4221/5610/3835 4094/5370/3761
f 4086/5393/3779 4134/5373/3764 4090/5462/3758
f 4084/5378/3768 4082/5377/3767 4080/5464/3775
f 4093/5376/3760 4137/5611/3759 4082/5377/3767
f 4234/5390/3773 4081/5389/3776 4237/5470/3831
f 4089/5374/3765 4134/5373/3764 4086/5393/3779
f 4085/5381/3771 4139/5380/3770 4168/5612/3780
f 4087/5391/3777 4086/5393/3779 4090/5462/3758
f 4086/5393/3779 4171/5392/3778 4089/5374/3765
f 4087/5394/3777 4170/5613/3781 4088/5614/3856
f 4089/5474/3765 4171/5615/3778 4094/5616/3761
f 4094/5616/3761 4221/5475/3835 4089/5474/3765
f 4084/5388/3768 4085/5387/3771 4168/5395/3780
f 4139/5399/3770 4094/5401/3761 4169/5617/3876
f 4169/5617/3876 4168/5618/3780 4139/5399/3770
f 4092/5353/3754 4070/5110/3566 3891/5519/3533
f 4092/5353/3754 3891/5519/3533 3894/5072/3534
f 3894/5072/3534 3900/5074/3536 4092/5353/3754
f 4092/5353/3754 3900/5074/3536 3911/5354/3577
f 4171/5515/3778 4169/5619/3876 4094/5370/3761
f 4229/5620/3877 4101/5572/3786 4100/5564/3864 4126/5621/3878
f 4095/5224/3659 4224/5410/3788 4199/5225/3658
f 4095/5224/3659 3991/5226/3660 4099/5409/3787
f 3991/5226/3660 3989/5232/3666 4099/5409/3787
f 4097/5236/3669 4119/5430/3799 4017/5238/3671
f 4096/5407/3785 4197/5239/3672 3988/5241/3674
f 4101/5408/3786 3988/5241/3674 4195/5574/3865
f 4098/5244/3677 4099/5425/3787 3989/5245/3666
f 4098/5244/3677 4017/5276/3671 4119/5427/3799
f 4222/5402/3782 4108/5417/3784 4124/5419/3795 4125/5456/3821
f 4198/5568/3663 4228/5622/3793 4100/5564/3864
f 4120/5414/3792 4198/5229/3663 4102/5217/3652
f 4107/5623/3879 4148/5504/3854 4147/5506/3855 4106/5444/3815
f 4103/5429/3801 4222/5405/3782 4125/5454/3821
f 4117/5411/3789 4223/5602/3654 4105/5412/3790
f 4106/5444/3815 4109/5624/3805 4121/5445/3804
f 4224/5410/3788 4099/5409/3787 4231/5422/3797
f 4096/5407/3785 4104/5431/3802 4225/5625/3794
f 4096/5407/3785 4225/5625/3794 4108/5406/3784
f 4101/5408/3786 4229/5626/3877 4104/5431/3802
f 4126/5621/3878 4100/5564/3864 4228/5622/3793
f 4106/5444/3815 4147/5506/3855 4146/5627/3844 4109/5624/3805
f 4122/5455/3822 4110/5628/3803 4112/5436/3807 4228/5415/3793
f 4107/5623/3879 4106/5444/3815 4129/5446/3816 4233/5629/3880
f 4110/5432/3803 4122/5630/3822 4121/5433/3804
f 4113/5453/3820 4123/5428/3800 4152/5478/3837
f 4228/5622/3793 4227/5511/3806 4127/5437/3808
f 4127/5437/3808 4154/5498/3851 4111/5438/3809
f 4114/5442/3813 4226/5497/3817 4128/5440/3811
f 4122/5630/3822 4117/5411/3789 4230/5413/3791 4121/5433/3804
f 4130/5449/3818 4128/5631/3811 4226/5447/3817
f 4131/5632/3810 4111/5489/3809 4116/5450/3819
f 4116/5450/3819 4232/5452/3814 4131/5632/3810
f 4233/5633/3880 4132/5424/3798 4113/5453/3820 4107/5634/3879
f 4233/5629/3880 4129/5446/3816 4118/5420/3796 4231/5422/3797
f 4104/5431/3802 4131/5632/3810 4232/5452/3814 4225/5625/3794
f 4126/5621/3878 4127/5437/3808 4131/5439/3810 4229/5620/3877
f 4117/5416/3789 4122/5455/3822 4120/5414/3792
f 4132/5424/3798 4233/5633/3880 4231/5426/3797
f 4124/5419/3795 4225/5418/3794 4232/5443/3814
f 4137/5611/3759 4238/5510/3830 4142/5484/3842 4135/5465/3826
f 4127/5437/3808 4126/5621/3878 4228/5622/3793
f 4129/5446/3816 4121/5445/3804 4230/5421/3791
f 4130/5449/3818 4123/5448/3800 4119/5430/3799
f 4130/5449/3818 4125/5454/3821 4128/5631/3811
f 4131/5632/3810 4104/5431/3802 4229/5626/3877
f 4120/5414/3792 4102/5217/3652 4117/5416/3789
f 4090/5367/3758 4158/5468/3829 4137/5368/3759
f 4090/5367/3758 4141/5635/3825 4158/5468/3829
f 4161/5460/3824 4237/5636/3831 4081/5400/3776
f 4135/5465/3826 4082/5377/3767 4137/5611/3759
f 4138/5457/3823 4144/5486/3840 4133/5458/3772
f 4151/5472/3833 4156/5501/3827 4136/5476/3774
f 4134/5373/3764 4145/5473/3834 4141/5461/3825
f 4235/5385/3766 4221/5475/3835 4234/5383/3773
f 4157/5485/3843 4143/5487/3841 4149/5500/3852
f 4141/5635/3825 4152/5492/3837 4158/5468/3829
f 4161/5460/3824 4159/5509/3832 4237/5636/3831
f 4140/5480/3839 4159/5509/3832 4161/5460/3824
f 4161/5460/3824 4083/5459/3769 4140/5480/3839
f 4143/5483/3841 4138/5463/3823 4135/5465/3826
f 4235/5385/3766 4155/5467/3828 4145/5505/3834
f 4146/5488/3844 4150/5495/3849 4110/5432/3803
f 4162/5490/3845 4153/5491/3846 4116/5450/3819
f 4226/5447/3817 4239/5637/3850 4163/5493/3847
f 4163/5493/3847 4123/5448/3800 4226/5447/3817
f 4112/5436/3807 4110/5628/3803 4150/5508/3849
f 4113/5453/3820 4152/5478/3837 4148/5638/3854
f 4148/5638/3854 4107/5634/3879 4113/5453/3820
f 4114/5442/3813 4115/5441/3812 4153/5502/3846
f 4153/5502/3846 4239/5496/3850 4114/5442/3813
f 4154/5498/3851 4127/5437/3808 4227/5511/3806
f 4150/5508/3849 4140/5480/3839 4112/5436/3807
f 4152/5478/3837 4165/5477/3836 4148/5638/3854
f 4155/5467/3828 4147/5506/3855 4148/5504/3854
f 4156/5466/3827 4146/5627/3844 4147/5506/3855
f 4158/5468/3829 4163/5493/3847 4238/5469/3830
f 4160/5494/3848 4159/5471/3832 4150/5495/3849
f 4166/5503/3853 4143/5483/3841 4142/5484/3842
f 4166/5503/3853 4142/5484/3842 4238/5510/3830
f 4239/5637/3850 4238/5469/3830 4163/5493/3847
f 4163/5493/3847 4158/5468/3829 4152/5492/3837
f 4164/5372/3763 4234/5390/3773 4221/5610/3835
f 4164/5372/3763 4091/5371/3762 4081/5389/3776
f 4145/5473/3834 4148/5638/3854 4165/5477/3836
f 4153/5502/3846 4149/5507/3852 4166/5503/3853
f 4154/5498/3851 4227/5511/3806 4236/5482/3838
f 4083/5379/3769 4133/5382/3772 4144/5481/3840
f 4167/5639/3857 4088/5640/3856 4170/5397/3781
f 4168/5612/3780 4169/5641/3876 4167/5642/3857
f 4171/5515/3778 4167/5514/3857 4169/5619/3876
f 4170/5643/3781 4087/5644/3777 4093/5376/3760
f 4171/5392/3778 4087/5391/3777 4088/5645/3856
f 4170/5397/3781 4168/5395/3780 4167/5639/3857
