# Blender 5.1.2
# www.blender.org
o Plane
v -0.566240 -0.902368 1.161283
v -2.708657 -0.146433 -1.567061
v 1.452973 -0.680076 -0.463985
vn -0.0000 -0.0000 -0.0000
s 1
f 3//1 2//1 1//1
f 2//1 3//1 1//1
o Text
v 0.832034 0.070000 -1.213237
v 0.886994 0.070000 -1.210690
v 0.900725 0.070000 -1.065912
v 0.799575 0.070000 -1.185262
v 0.690119 0.070000 -1.217993
v 0.661045 0.070000 -1.176408
v 0.745024 0.070000 -1.108642
v 0.670157 0.070000 -1.077811
v 0.487979 0.070000 -1.156992
v 0.507220 0.070000 -1.200881
v 0.583061 0.070000 -1.221410
v 0.597907 0.070000 -1.174675
v 0.538624 0.070000 -1.068205
v 0.417900 0.070000 -1.065912
v 0.412409 0.070000 -1.280437
v 0.323743 0.070000 -1.169078
v 0.235156 0.070000 -1.280448
v 0.229600 0.070000 -1.065912
v 0.005636 0.070000 -1.116609
v -0.045872 0.070000 -1.222957
v 0.016817 0.070000 -1.104207
v -0.102025 0.070000 -1.065912
v -0.102025 0.070000 -1.304612
v -0.163665 0.070000 -1.107551
v -0.279323 0.070000 -1.079949
v -0.280866 0.070000 -1.206397
v -0.218505 0.070000 -1.232890
v -0.449101 0.070000 -1.075673
v -0.473025 0.070000 -1.209062
v -0.368914 0.070000 -1.188967
v -0.346587 0.070000 -1.094862
v -0.644175 0.070000 -1.065912
v -0.644175 0.070000 -1.223062
v -0.649918 0.070000 -1.248262
v -0.638026 0.070000 -1.292853
v -0.743400 0.070000 -1.185262
v -0.877100 0.070000 -1.185262
v -0.894250 0.070000 -1.185262
v -0.726250 0.070000 -1.185262
v 0.832034 -0.070000 -1.213237
v 0.886994 -0.070000 -1.210690
v 0.900725 -0.070000 -1.065912
v 0.799575 -0.070000 -1.185262
v 0.690119 -0.070000 -1.217993
v 0.661045 -0.070000 -1.176408
v 0.745024 -0.070000 -1.108642
v 0.670157 -0.070000 -1.077811
v 0.487979 -0.070000 -1.156992
v 0.507220 -0.070000 -1.200881
v 0.583061 -0.070000 -1.221410
v 0.597907 -0.070000 -1.174675
v 0.538624 -0.070000 -1.068205
v 0.417900 -0.070000 -1.065912
v 0.412409 -0.070000 -1.280437
v 0.323743 -0.070000 -1.169078
v 0.235156 -0.070000 -1.280448
v 0.229600 -0.070000 -1.065912
v 0.005636 -0.070000 -1.116609
v -0.045872 -0.070000 -1.222957
v 0.016817 -0.070000 -1.104207
v -0.102025 -0.070000 -1.065912
v -0.102025 -0.070000 -1.304612
v -0.163665 -0.070000 -1.107551
v -0.279323 -0.070000 -1.079949
v -0.280866 -0.070000 -1.206397
v -0.218505 -0.070000 -1.232890
v -0.449101 -0.070000 -1.075673
v -0.473025 -0.070000 -1.209062
v -0.368914 -0.070000 -1.188967
v -0.346587 -0.070000 -1.094862
v -0.644175 -0.070000 -1.065912
v -0.644175 -0.070000 -1.223062
v -0.659496 -0.070000 -1.255166
v -0.628043 -0.070000 -1.286619
v -0.743400 -0.070000 -1.185262
v -0.877100 -0.070000 -1.185262
v -0.894250 -0.070000 -1.185262
v -0.726250 -0.070000 -1.185262
v -0.779262 0.023333 -1.103037
v -0.890820 -0.000000 -1.185262
v -0.779262 -0.023333 -1.267487
v -0.659750 -0.000000 -1.065912
v -0.644175 -0.000000 -1.223062
v -0.628600 -0.000000 -1.065912
v -0.659200 -0.023333 -1.287423
v -0.623078 -0.000000 -1.270662
v -0.659200 0.023333 -1.253901
v -0.381170 -0.000000 -1.218384
v -0.376706 0.036061 -1.059086
v -0.453240 -0.056667 -1.053542
v -0.440859 0.006774 -1.090347
v -0.383911 -0.011053 -1.110623
v -0.397727 -0.000000 -1.191681
v -0.251908 -0.007368 -1.044841
v -0.308525 0.002414 -1.207813
v -0.152154 0.007241 -1.190191
v -0.262559 -0.000000 -1.085606
v -0.179227 -0.000000 -1.140812
v -0.263753 -0.070000 -1.204517
v -0.261259 0.070000 -1.205576
v -0.117600 -0.000000 -1.065912
v -0.102025 -0.000000 -1.304612
v -0.086450 -0.000000 -1.065912
v -0.029127 0.014000 -0.995433
v -0.022954 -0.000000 -1.204819
v 0.053549 -0.014000 -1.213132
v 0.374394 0.042000 -1.158526
v 0.273106 -0.042000 -1.158526
v 0.323764 -0.000000 -1.276836
v 0.457701 0.019444 -1.152590
v 0.600811 -0.005000 -1.211481
v 0.542559 -0.070000 -1.069299
v 0.556275 0.070000 -1.074818
v 0.575502 -0.016667 -1.192375
v 0.517184 0.003043 -1.189948
v 0.579373 0.046667 -1.168943
v 0.758808 -0.070000 -1.104419
v 0.744006 0.070000 -1.073204
v 0.700478 -0.070000 -1.077264
v 0.696977 0.070000 -1.108377
v 0.662203 -0.070000 -1.208537
v 0.674773 0.070000 -1.212458
v 0.916845 0.070000 -1.189757
v 0.864084 -0.070000 -1.199582
v 0.858299 0.070000 -1.199308
v 0.803499 0.053529 -1.201616
v 0.874917 -0.070000 -1.239028
vn -0.0000 1.0000 -0.0000
vn -0.0000 -1.0000 -0.0000
vn -0.4553 0.3356 -0.8247
vn -0.3269 0.3724 -0.8686
vn 0.6515 0.2565 0.7140
vn 0.9861 -0.0576 0.1559
vn 0.9998 -0.0178 0.0004
vn 0.5023 -0.0024 0.8647
vn 0.4809 -0.0019 0.8768
vn -0.6457 0.0931 0.7579
vn 0.3365 0.0042 0.9417
vn 0.2658 0.0120 0.9640
vn -0.8498 0.1150 0.5144
vn -0.4679 -0.0409 0.8828
vn 0.3229 0.7558 0.5697
vn 0.9354 -0.1712 -0.3094
vn 0.0529 0.3174 -0.9468
vn -0.1056 -0.0063 0.9944
vn 0.7034 -0.2989 0.6449
vn -0.6107 0.0169 0.7917
vn 0.9345 -0.0779 0.3473
vn -0.0410 -0.0037 0.9992
s 1
f 15//2 14//2 13//2
f 29//2 27//2 30//2
f 31//2 34//2 33//2
f 53//3 54//3 52//3
f 66//3 68//3 69//3
f 73//3 70//3 72//3
f 124//4 125//5 121//6 120//7
f 100//8 102//9 103//10
f 113//11 115//12 116//13
f 123//14 122//15 121//6
f 125//5 124//4 123//14
f 126//16 130//17 129//18
f 128//19 127//20 126//16
f 103//10 102//9 101//21
f 116//13 115//12 114//22
f 121//6 122//15 120//7
f 123//14 124//4 122//15
f 126//16 127//20 130//17
f 128//19 129//23 127//20
l 4 5
l 4 7
l 5 6
l 20 21
l 27 28
l 39 40
l 61 63
l 70 71
l 77 76
l 82 83
l 91 92
l 92 93
l 108 109
l 113 114
l 118 119
l 10 11
l 25 26
l 40 41
l 51 54
l 58 59
l 71 72
l 17 18
l 22 23
l 37 38
l 51 52
l 78 81
l 84 82
l 86 87
l 90 88
l 88 89
l 89 90
l 98 99
l 100 101
l 104 105
l 104 106
l 107 108
l 110 111
l 111 112
l 117 118
l 119 117
l 8 9
l 9 10
l 12 16
l 28 29
l 35 36
l 43 44
l 43 46
l 44 45
l 59 60
l 66 67
l 78 79
l 18 19
l 49 50
l 64 65
l 79 80
l 95 96
l 99 97
l 112 110
l 22 24
l 31 32
l 56 57
l 61 62
l 12 15
l 19 20
l 32 33
l 47 48
l 48 49
l 51 55
l 67 68
l 74 75
l 83 84
l 85 86
l 85 87
l 93 91
l 94 95
l 96 94
l 97 98
l 105 106
l 109 107
l 12 13
l 39 42
l 57 58
o Text.001
v 0.907725 0.070000 1.520793
v 0.913419 0.070000 1.280215
v 1.008624 0.070000 1.318576
v 1.009321 0.070000 1.409915
v 0.937534 0.070000 1.429023
v 0.807790 0.070000 1.420101
v 0.753130 0.070000 1.433385
v 0.813192 0.070000 1.342378
v 0.799640 0.070000 1.282959
v 0.847028 0.070000 1.434373
v 0.598716 0.070000 1.296018
v 0.679704 0.070000 1.305564
v 0.686525 0.070000 1.440293
v 0.581350 0.070000 1.329871
v 0.587825 0.070000 1.440293
v 0.489125 0.070000 1.440293
v 0.513173 0.070000 1.300620
v 0.317275 0.070000 1.440293
v 0.317275 0.070000 1.201593
v 0.185346 0.070000 1.438354
v 0.148839 0.070000 1.382907
v 0.224107 0.070000 1.346867
v 0.206391 0.070000 1.282960
v 0.253777 0.070000 1.434373
v 0.005467 0.070000 1.296018
v 0.086454 0.070000 1.305564
v 0.093275 0.070000 1.440293
v -0.011900 0.070000 1.329871
v -0.005425 0.070000 1.440293
v -0.104125 0.070000 1.440293
v -0.080077 0.070000 1.300620
v -0.217093 0.070000 1.310308
v -0.182890 0.070000 1.289695
v -0.239225 0.070000 1.440293
v -0.302265 0.070000 1.398653
v -0.417922 0.070000 1.426255
v -0.419466 0.070000 1.299807
v -0.357105 0.070000 1.273314
v -0.512007 0.070000 1.438079
v -0.706431 0.070000 1.204109
v -0.703500 0.070000 1.440293
v -0.514500 0.070000 1.201593
v -0.945000 0.070000 1.302393
v -0.862400 0.070000 1.302393
v -0.862400 0.070000 1.331093
v -0.930650 0.070000 1.331093
v -0.945000 0.070000 1.399343
v -0.959350 0.070000 1.331093
v -1.027600 0.070000 1.331093
v -1.027600 0.070000 1.302393
v -0.945000 0.070000 1.234143
v 0.997588 0.070000 0.938699
v 1.069819 0.070000 0.996711
v 0.941850 0.070000 0.970943
v 0.805256 0.070000 0.946849
v 0.887300 0.070000 1.047563
v 0.812433 0.070000 1.078394
v 0.633935 0.070000 1.001296
v 0.637619 0.070000 0.944383
v 0.732156 0.070000 0.947589
v 0.742897 0.070000 1.001462
v 0.680898 0.070000 1.087999
v 0.560175 0.070000 1.090293
v 0.554684 0.070000 0.875768
v 0.466018 0.070000 0.987127
v 0.377431 0.070000 0.875757
v 0.371875 0.070000 1.090293
v 0.147911 0.070000 1.039596
v 0.096403 0.070000 0.933248
v 0.159092 0.070000 1.051998
v 0.040250 0.070000 1.090293
v 0.040250 0.070000 0.851593
v -0.022688 0.070000 1.010921
v -0.054803 0.070000 1.073758
v -0.156912 0.070000 1.079426
v -0.166116 0.070000 0.998205
v -0.080247 0.070000 0.938376
v -0.330750 0.070000 1.170793
v -0.325057 0.070000 0.930215
v -0.229851 0.070000 0.968576
v -0.226854 0.070000 1.053607
v -0.296710 0.070000 1.080267
v -0.480220 0.070000 0.933158
v -0.537886 0.070000 1.087193
v -0.589251 0.070000 0.935834
v -0.640354 0.070000 1.087145
v -0.698574 0.070000 0.933163
v -0.738540 0.070000 1.048653
v -0.854198 0.070000 1.076256
v -0.855742 0.070000 0.949807
v -0.793380 0.070000 0.923314
v -0.911925 0.070000 1.074893
v -1.036875 0.070000 1.074893
v -1.036875 0.070000 0.851593
v 0.907725 -0.070000 1.520793
v 0.913419 -0.070000 1.280215
v 1.008624 -0.070000 1.318576
v 1.009321 -0.070000 1.409915
v 0.937534 -0.070000 1.429023
v 0.807790 -0.070000 1.420101
v 0.753130 -0.070000 1.433385
v 0.813192 -0.070000 1.342378
v 0.799640 -0.070000 1.282959
v 0.847028 -0.070000 1.434373
v 0.598716 -0.070000 1.296018
v 0.679704 -0.070000 1.305564
v 0.686525 -0.070000 1.440293
v 0.581350 -0.070000 1.329871
v 0.587825 -0.070000 1.440293
v 0.489125 -0.070000 1.440293
v 0.513173 -0.070000 1.300620
v 0.317275 -0.070000 1.440293
v 0.317275 -0.070000 1.201593
v 0.185346 -0.070000 1.438354
v 0.148839 -0.070000 1.382907
v 0.224107 -0.070000 1.346867
v 0.206391 -0.070000 1.282960
v 0.253777 -0.070000 1.434373
v 0.005467 -0.070000 1.296018
v 0.086454 -0.070000 1.305564
v 0.093275 -0.070000 1.440293
v -0.011900 -0.070000 1.329871
v -0.005425 -0.070000 1.440293
v -0.104125 -0.070000 1.440293
v -0.080077 -0.070000 1.300620
v -0.217093 -0.070000 1.310308
v -0.182890 -0.070000 1.289695
v -0.239225 -0.070000 1.440293
v -0.302265 -0.070000 1.398653
v -0.417922 -0.070000 1.426255
v -0.419466 -0.070000 1.299807
v -0.357105 -0.070000 1.273314
v -0.512007 -0.070000 1.438079
v -0.706431 -0.070000 1.204109
v -0.703500 -0.070000 1.440293
v -0.514500 -0.070000 1.201593
v -0.945000 -0.070000 1.302393
v -0.862400 -0.070000 1.302393
v -0.862400 -0.070000 1.331093
v -0.930650 -0.070000 1.331093
v -0.945000 -0.070000 1.399343
v -0.959350 -0.070000 1.331093
v -1.027600 -0.070000 1.331093
v -1.027600 -0.070000 1.302393
v -0.945000 -0.070000 1.234143
v 0.997588 -0.070000 0.938699
v 1.069819 -0.070000 0.996711
v 0.941850 -0.070000 0.970943
v 0.805256 -0.070000 0.946849
v 0.887300 -0.070000 1.047563
v 0.812433 -0.070000 1.078394
v 0.633935 -0.070000 1.001296
v 0.637619 -0.070000 0.944383
v 0.732156 -0.070000 0.947589
v 0.742897 -0.070000 1.001462
v 0.680898 -0.070000 1.087999
v 0.560175 -0.070000 1.090293
v 0.554684 -0.070000 0.875768
v 0.466018 -0.070000 0.987127
v 0.377431 -0.070000 0.875757
v 0.371875 -0.070000 1.090293
v 0.147911 -0.070000 1.039596
v 0.096403 -0.070000 0.933248
v 0.159092 -0.070000 1.051998
v 0.040250 -0.070000 1.090293
v 0.040250 -0.070000 0.851593
v -0.022688 -0.070000 1.010921
v -0.054803 -0.070000 1.073758
v -0.156912 -0.070000 1.079426
v -0.166116 -0.070000 0.998205
v -0.080247 -0.070000 0.938376
v -0.330750 -0.070000 1.170793
v -0.325057 -0.070000 0.930215
v -0.229851 -0.070000 0.968576
v -0.226854 -0.070000 1.053607
v -0.296710 -0.070000 1.080267
v -0.480220 -0.070000 0.933158
v -0.537886 -0.070000 1.087193
v -0.589251 -0.070000 0.935834
v -0.640354 -0.070000 1.087145
v -0.698574 -0.070000 0.933163
v -0.738540 -0.070000 1.048653
v -0.854198 -0.070000 1.076256
v -0.855742 -0.070000 0.949807
v -0.793380 -0.070000 0.923314
v -0.911925 -0.070000 1.074893
v -1.036875 -0.070000 1.074893
v -1.036875 -0.070000 0.851593
v -0.947858 0.000000 1.069760
v -1.054025 0.000000 1.090293
v -1.036875 0.000000 0.851593
v -0.882798 0.006364 1.070970
v -0.846432 0.007778 0.918698
v -0.724240 -0.011053 1.064780
v -0.837433 0.000000 1.070600
v -0.754102 0.000000 1.015392
v -0.837385 0.000000 0.951147
v -0.528636 0.017500 0.947195
v -0.589062 0.000000 1.088287
v -0.649898 -0.017500 0.947330
v -0.248362 -0.012727 0.934923
v -0.198894 0.007778 1.030988
v -0.296604 0.003500 1.100886
v -0.293916 0.000000 1.067137
v -0.239023 0.000000 1.038341
v -0.255453 0.000000 0.964522
v -0.109518 -0.012069 1.108894
v -0.154164 0.003684 0.930679
v 0.004915 0.007241 1.017850
v -0.075806 0.005676 1.071364
v -0.043243 0.000000 0.970141
v -0.144198 -0.006000 0.972106
v 0.024675 0.000000 0.970943
v 0.048038 -0.023333 0.851593
v 0.048038 0.023333 1.090293
v 0.113148 0.014000 1.160772
v 0.119321 0.000000 0.951386
v 0.195824 -0.014000 0.943073
v 0.516669 0.042000 0.997679
v 0.415381 -0.042000 0.997679
v 0.466039 0.000000 0.879369
v 0.599976 0.019445 1.003615
v 0.743087 -0.005000 0.944725
v 0.690210 -0.006667 1.084751
v 0.717779 -0.016667 0.963831
v 0.659459 0.003044 0.966257
v 0.721648 0.046667 0.987262
v 0.899216 -0.011053 1.046914
v 0.850807 0.070000 1.081497
v 0.842753 -0.070000 1.078941
v 0.804479 -0.070000 0.947667
v 0.805174 0.070000 0.946938
v 1.003466 0.000000 0.956760
v 0.950333 0.055263 0.949169
v 1.026452 -0.025610 0.926802
v -0.926275 -0.023333 1.275308
v -0.926275 0.023333 1.358178
v -1.010538 0.000000 1.316743
v -0.625324 0.000000 1.420424
v -0.710929 0.000000 1.197800
v -0.543027 0.000000 1.231991
v -0.360962 0.014000 1.460955
v -0.469196 0.009460 1.322355
v -0.271420 -0.020588 1.353003
v -0.356687 0.003684 1.421351
v -0.327356 0.003044 1.316858
v -0.425073 -0.006000 1.322105
v -0.189207 0.000000 1.277601
v -0.199380 0.000000 1.303973
v -0.239225 0.000000 1.440293
v 0.070747 -0.070000 1.292562
v 0.075622 0.070000 1.298018
v -0.053460 0.014384 1.307285
v -0.015848 -0.011887 1.286975
v 0.128903 -0.019600 1.411976
v 0.206200 -0.070000 1.285042
v 0.205733 0.070000 1.285662
v 0.244482 -0.070000 1.434126
v 0.237100 0.070000 1.438358
v 0.165366 -0.005000 1.397201
v 0.191083 -0.005000 1.424802
v 0.210755 0.015556 1.381309
v 0.309488 -0.023333 1.440293
v 0.309488 0.023333 1.201593
v 0.332850 0.000000 1.320943
v 0.663997 -0.070000 1.292562
v 0.668872 0.070000 1.298018
v 0.539789 0.014384 1.307285
v 0.577402 -0.011887 1.286975
v 0.722153 -0.019600 1.411976
v 0.799450 -0.070000 1.285042
v 0.798982 0.070000 1.285662
v 0.837732 -0.070000 1.434126
v 0.830350 0.070000 1.438357
v 0.758616 -0.005000 1.397201
v 0.784333 -0.005000 1.424802
v 0.804005 0.015556 1.381309
v 0.956228 0.000000 1.274743
v 1.040079 0.003684 1.365090
v 0.949578 -0.001628 1.452483
v 0.944560 0.000000 1.417136
v 0.999452 0.000000 1.388341
v 0.983022 0.000000 1.314523
vn -0.0000 1.0000 -0.0000
vn -0.0000 -0.0000 1.0000
vn -0.0000 -1.0000 -0.0000
vn 0.7255 -0.0072 -0.6882
vn -0.8930 0.0487 -0.4474
vn -0.9611 0.0033 -0.2761
vn -0.7325 0.0080 0.6807
vn 0.4672 -0.0507 0.8827
vn 0.9977 -0.0324 -0.0599
vn 0.0882 0.0357 -0.9955
vn 0.0895 -0.0419 0.9951
vn 0.4253 0.0438 -0.9040
vn 0.5905 0.0439 -0.8058
vn 0.9183 0.0073 0.3958
vn 0.8719 0.0028 0.4897
vn -0.7061 0.0277 0.7076
vn 0.5287 -0.0459 0.8476
vn -0.2050 -0.0404 0.9779
vn -0.8542 -0.0006 -0.5200
vn -0.8542 -0.0006 -0.5199
s 1
f 131//24 135//24 132//24
f 138//24 140//24 139//24
f 136//24 140//24 138//24
f 144//24 142//24 141//24
f 144//24 141//24 147//24
f 152//24 154//24 153//24
f 150//24 154//24 152//24
f 158//24 156//24 155//24
f 158//24 155//24 161//24
f 167//24 165//24 168//24
f 179//24 173//24 180//24
f 179//24 174//24 173//24
f 179//24 175//24 174//24
s 0
f 178//25 175//25 179//25
s 1
f 177//24 176//24 178//24
s 0
f 176//25 175//25 178//25
s 1
f 189//24 188//24 190//24
f 205//24 204//24 206//24
f 208//24 212//24 209//24
f 220//24 218//24 221//24
f 229//26 225//26 226//26
f 234//26 232//26 233//26
f 234//26 230//26 232//26
f 236//26 238//26 235//26
f 235//26 238//26 241//26
f 248//26 246//26 247//26
f 248//26 244//26 246//26
f 250//26 252//26 249//26
f 249//26 252//26 255//26
f 259//26 261//26 262//26
f 267//26 273//26 274//26
f 268//26 273//26 267//26
f 269//26 273//26 268//26
s 0
f 269//25 272//25 273//25
s 1
f 270//26 271//26 272//26
s 0
f 269//25 270//25 272//25
s 1
f 282//26 283//26 284//26
f 298//26 299//26 300//26
f 306//26 302//26 303//26
f 312//26 314//26 315//26
f 358//27 361//28 362//29
f 362//29 361//28 359//30
f 382//31 381//32 384//33
f 383//34 381//32 382//31
f 397//31 396//32 399//33
f 398//34 396//32 397//31
f 386//35 387//36 389//37 388//38
f 359//30 360//39 358//40
f 359//30 361//28 360//39
f 389//37 385//41 388//38
f 387//36 386//35 385//42
f 401//35 402//36 404//37 403//38
f 404//37 400//41 403//38
f 402//36 401//35 400//43
l 137 138
l 207 203
l 215 216
l 230 231
l 245 244
l 254 255
l 250 251
l 260 261
l 276 278
l 290 291
l 297 298
l 316 317
l 319 320
l 330 328
l 338 339
l 340 341
l 341 342
l 340 342
l 343 344
l 343 345
l 346 347
l 349 350
l 350 351
l 355 356
l 357 355
l 365 363
l 369 370
l 375 376
l 378 379
l 394 395
l 405 406
l 410 408
l 413 411
l 136 137
l 151 150
l 160 161
l 156 157
l 166 167
l 182 184
l 196 197
l 203 204
l 222 223
l 280 281
l 295 296
l 310 311
l 186 187
l 201 202
l 216 217
l 266 263
l 263 264
l 276 277
l 287 288
l 292 293
l 303 304
l 304 305
l 317 318
l 320 321
l 322 323
l 323 324
l 325 326
l 326 327
l 325 327
l 334 335
l 335 336
l 339 337
l 351 349
l 364 365
l 368 366
l 371 369
l 374 372
l 379 380
l 392 390
l 395 393
l 408 409
l 172 169
l 169 170
l 182 183
l 193 194
l 198 199
l 209 210
l 210 211
l 223 224
l 240 241
l 236 237
l 252 253
l 264 265
l 279 280
l 284 285
l 282 286
l 300 301
l 305 306
l 312 313
l 146 147
l 142 143
l 158 159
l 170 171
l 185 186
l 190 191
l 188 192
l 206 207
l 211 212
l 218 219
l 226 227
l 227 228
l 267 275
l 288 289
l 307 308
l 328 329
l 333 331
l 336 334
l 337 338
l 344 345
l 348 346
l 354 352
l 353 354
l 367 368
l 370 371
l 383 384
l 391 392
l 407 405
l 409 410
l 132 133
l 133 134
l 194 195
l 213 214
l 245 246
l 256 257
l 256 258
l 259 260
l 292 294
l 151 152
l 162 163
l 162 164
l 165 166
l 173 181
l 198 200
l 228 229
l 238 239
l 242 243
l 282 285
l 289 290
l 308 309
l 313 314
l 321 319
l 324 322
l 329 330
l 331 332
l 332 333
l 347 348
l 352 353
l 356 357
l 363 364
l 366 367
l 372 373
l 373 374
l 376 377
l 375 377
l 380 378
l 390 391
l 393 394
l 398 399
l 406 407
l 411 412
l 412 413
l 134 135
l 144 145
l 148 149
l 188 191
l 195 196
l 214 215
l 219 220
l 231 232
l 301 297
l 309 310
o Worm_HP_Circle.002
v -2.759114 0.136307 0.163052
v -2.758556 0.031676 0.121181
v -2.759201 0.130110 0.078733
v -2.727389 0.159567 0.145867
v -2.759750 0.049761 0.165409
v -2.725313 0.132376 0.068540
v -2.728371 0.074597 0.194623
v -2.576652 0.167120 0.174989
v -2.623249 0.071699 0.054350
v -2.624087 0.039626 0.201366
v -2.624879 0.084500 0.217651
v -2.624642 0.150150 0.081645
v -2.689397 0.136372 0.056312
v -2.726304 0.019851 0.113609
v -2.679655 0.150736 0.183787
v -2.680010 0.162741 0.094546
v -2.679630 0.030787 0.080362
v -2.683145 0.036963 0.190385
v -2.680553 0.013035 0.148060
v -2.681414 0.091620 0.208104
v -2.431293 0.088307 0.227893
v -2.385988 0.166510 0.184053
v -2.440070 0.167308 0.114739
v -2.432847 0.031332 0.202139
v -2.437243 0.005822 0.145266
v -2.439105 0.041715 0.081042
v -2.481172 0.048659 0.217009
v -2.484435 0.129263 0.072278
v -2.486308 0.035335 0.084067
v -2.480541 0.131457 0.216643
v -2.482440 0.012879 0.151155
v -2.577751 0.155106 0.090885
v -2.625123 0.012141 0.107072
v -2.577792 0.094322 0.056593
v -2.577132 0.041939 0.072310
v -2.576046 0.079827 0.220196
v -2.578028 0.009962 0.165299
v -2.483410 0.171227 0.164547
v -2.528430 0.113188 0.221180
v -2.528784 0.035016 0.199803
v -2.531576 0.167350 0.109294
v -2.531826 0.028822 0.088229
v -2.530284 0.005975 0.154170
v -2.531066 0.109960 0.061130
v -2.046301 0.040801 0.183339
v -2.075226 0.127157 0.047274
v -2.007849 0.008138 0.125456
v -2.063105 0.169201 0.113724
v -2.122956 0.089272 0.050282
v -2.078496 0.067173 0.042898
v -2.163394 0.148757 0.079058
v -2.109006 0.005901 0.124220
v -2.167290 0.084958 0.056941
v -2.108498 0.172889 0.118885
v -2.042408 0.098347 0.201362
v -2.118741 0.034897 0.072823
v -2.093146 0.051019 0.199309
v -2.097325 0.153835 0.183078
v -2.118662 0.145831 0.071706
v -2.204291 0.168349 0.109889
v -2.216559 0.006782 0.117256
v -2.210720 0.041869 0.076370
v -2.189109 0.090060 0.220556
v -2.213892 0.100160 0.062441
v -2.197064 0.014994 0.173977
v -2.140042 0.105470 0.215879
v -2.151501 0.170908 0.151497
v -2.146220 0.025689 0.185759
v -2.392668 0.155407 0.099861
v -2.393035 0.028155 0.094709
v -2.395091 0.092242 0.065811
v -2.352364 0.167830 0.190429
v -2.385354 0.028195 0.198312
v -2.383545 0.089030 0.227550
v -2.341913 0.171383 0.153635
v -2.389301 0.008184 0.146395
v -2.337349 0.050171 0.215100
v -2.348829 0.090055 0.065491
v -2.335634 0.132260 0.214431
v -2.347883 0.157509 0.098298
v -2.341265 0.012941 0.158303
v -2.240554 0.042101 0.208180
v -2.195520 0.162954 0.180755
v -2.256011 0.128566 0.071747
v -2.237066 0.112502 0.221816
v -2.249719 0.170677 0.130781
v -2.248075 0.008403 0.158529
v -2.255766 0.036932 0.080980
v -2.300363 0.154099 0.095966
v -2.347002 0.026643 0.093172
v -2.303604 0.095395 0.063295
v -2.297821 0.008024 0.122673
v -2.289326 0.041118 0.209702
v -2.242398 0.156308 0.188074
v -2.287283 0.114842 0.223185
v -2.291211 0.163657 0.176372
v -1.419478 0.159711 -0.278140
v -1.395345 0.166202 -0.220873
v -1.375226 0.056727 -0.172313
v -1.436037 0.092583 -0.315670
v -1.375710 0.128809 -0.176430
v -1.412691 0.109856 -0.142230
v -1.420426 0.028129 -0.166433
v -1.428173 0.161859 -0.178950
v -1.477139 0.108300 -0.291365
v -1.453390 0.168300 -0.238899
v -1.471277 0.041873 -0.276872
v -1.447084 0.008282 -0.224729
v -1.528647 0.080308 -0.069102
v -1.497264 0.141221 -0.110179
v -1.529188 0.169137 -0.179148
v -1.538973 0.016451 -0.202242
v -1.552756 0.128723 -0.230189
v -1.515912 0.011576 -0.149279
v -1.511062 0.039244 -0.251121
v -1.498740 0.165437 -0.223540
v -1.451886 0.068973 -0.120026
v -1.514016 0.122041 -0.258053
v -1.472507 0.012375 -0.167313
v -1.464851 0.160452 -0.151987
v -1.704042 0.037544 -0.112814
v -1.658397 0.154183 -0.013178
v -1.688302 0.167353 -0.080113
v -1.679230 0.005020 -0.058889
v -1.712390 0.115650 -0.129890
v -1.664068 0.031995 -0.135866
v -1.649289 0.051633 0.010732
v -1.659851 0.153874 -0.128847
v -1.612557 0.046250 -0.026114
v -1.633010 0.171166 -0.070539
v -1.674375 0.101640 -0.159816
v -1.633127 0.009385 -0.072191
v -1.588839 0.143998 -0.197286
v -1.555900 0.062470 -0.238862
v -1.538998 0.146861 -0.088163
v -1.550621 0.054111 -0.051461
v -1.572434 0.009112 -0.161277
v -1.564129 0.174555 -0.143220
v -1.540026 0.031092 -0.091901
v -1.578646 0.031424 -0.061319
v -1.608867 0.120557 -0.015898
v -1.593736 0.166972 -0.095426
v -1.629551 0.138093 -0.176256
v -1.634985 0.063938 -0.184179
v -1.609466 0.013049 -0.131083
v -1.997419 0.054690 0.176328
v -1.952493 0.049336 0.165892
v -1.955320 0.003938 0.065527
v -1.986761 0.147786 0.040641
v -1.964786 0.008768 0.113522
v -1.986701 0.025679 0.047782
v -1.966931 0.169109 0.109950
v -1.993526 0.089877 0.019255
v -2.026133 0.163180 0.069534
v -1.995030 0.109937 0.186034
v -1.910143 0.084707 -0.014992
v -1.856138 0.112469 0.134460
v -1.859535 0.042937 0.123640
v -1.898914 0.158734 0.016318
v -1.899679 0.026622 0.014198
v -1.909999 0.089937 0.166914
v -1.944780 0.034289 0.025058
v -1.906465 0.042054 0.142318
v -1.931284 0.169839 0.064798
v -1.924634 0.004623 0.081101
v -1.950881 0.111687 0.005787
v -1.911021 0.157215 0.127561
v -1.742931 0.032043 -0.085294
v -1.746547 0.131582 -0.098072
v -1.686820 0.068866 0.038758
v -1.708445 0.015546 -0.010779
v -1.692371 0.135128 0.025553
v -1.719751 0.173135 -0.036224
v -1.778596 0.026973 -0.054212
v -1.767223 0.168146 -0.027678
v -1.753719 0.008763 0.002158
v -1.791937 0.108693 -0.082134
v -1.728338 0.116761 0.063650
v -1.744542 0.162596 0.024520
v -1.809097 0.095271 0.114911
v -1.848182 0.168475 0.020313
v -1.871043 0.102175 -0.038423
v -1.825597 0.161368 0.076788
v -1.806286 0.010219 0.000086
v -1.768975 0.102449 0.093448
v -1.828458 0.059534 -0.053284
v -1.792999 0.170543 0.031464
v -1.783875 0.019122 0.051904
v -1.823441 0.142823 -0.041561
v 0.031393 0.177267 -0.378917
v 0.050673 0.103992 -0.467081
v 0.050048 0.047279 -0.455437
v 0.079435 0.135852 -0.327732
v 0.063215 0.165004 -0.397345
v 0.035760 0.087891 -0.299775
v 0.031739 0.034370 -0.322419
v 0.011355 0.148570 -0.424995
v 0.007099 0.112648 -0.452050
v -0.107566 0.148769 -0.291732
v -0.057855 0.083822 -0.279801
v -0.080729 0.046803 -0.423971
v -0.026337 0.170939 -0.374414
v -0.082185 0.131914 -0.421877
v -0.072000 0.165242 -0.365888
v -0.036599 0.139505 -0.428177
v -0.015677 0.149804 -0.313534
v -0.061760 0.029859 -0.299998
v -0.011112 0.093107 -0.288476
v -0.027168 0.009374 -0.378316
v -0.038258 0.060437 -0.438571
v -0.256179 0.172532 -0.341895
v -0.263350 0.025985 -0.386785
v -0.255304 0.009369 -0.324358
v -0.250145 0.038663 -0.272819
v -0.263020 0.116379 -0.413946
v -0.247915 0.090686 -0.254181
v -0.203166 0.153340 -0.283114
v -0.216138 0.123762 -0.407819
v -0.216115 0.042248 -0.404651
v -0.209645 0.172565 -0.349163
v -0.209305 0.007183 -0.334934
v -0.200432 0.094197 -0.257747
v -0.103204 0.159628 -0.403401
v -0.126761 0.104717 -0.425133
v -0.071755 0.010072 -0.353459
v -0.105026 0.062180 -0.269131
v -0.117633 0.009480 -0.354636
v -0.116004 0.169834 -0.345658
v -0.168987 0.031836 -0.396165
v -0.155042 0.045207 -0.273564
v -0.152843 0.126342 -0.267338
v -0.161082 0.169662 -0.331994
v -0.164960 0.153159 -0.394588
v -0.160925 0.010106 -0.330074
v -0.631904 0.173415 -0.367137
v -0.632734 0.016447 -0.400998
v -0.632753 0.074382 -0.445075
v -0.629958 0.011583 -0.343168
v -0.627308 0.121361 -0.285713
v -0.582504 0.147446 -0.296156
v -0.583474 0.010885 -0.342124
v -0.585077 0.167693 -0.381538
v -0.584910 0.020843 -0.403601
v -0.580821 0.047747 -0.285271
v -0.487247 0.064632 -0.268863
v -0.488657 0.138468 -0.282001
v -0.490531 0.142871 -0.406194
v -0.488767 0.006008 -0.344535
v -0.491020 0.172846 -0.340744
v -0.537526 0.169912 -0.372463
v -0.538448 0.064299 -0.430562
v -0.536292 0.157057 -0.305478
v -0.535778 0.020304 -0.308715
v -0.510403 0.072496 -0.256775
v -0.539054 0.126951 -0.426533
v -0.534400 0.109335 -0.275486
v -0.537722 0.014514 -0.374376
v -0.250996 0.147908 -0.279886
v -0.307064 0.126912 -0.405080
v -0.295240 0.096396 -0.250366
v -0.302546 0.005984 -0.334764
v -0.307301 0.069135 -0.413787
v -0.297432 0.136512 -0.268325
v -0.360912 0.153831 -0.392755
v -0.352767 0.106928 -0.415791
v -0.344323 0.098590 -0.254125
v -0.348606 0.007373 -0.324488
v -0.344643 0.049462 -0.265467
v -0.347678 0.167021 -0.301241
v -0.340670 0.166620 -0.372556
v -0.441152 0.150836 -0.283006
v -0.444204 0.145199 -0.401779
v -0.441556 0.011198 -0.316478
v -0.443123 0.016197 -0.381168
v -0.444865 0.072047 -0.420313
v -0.443403 0.171508 -0.342018
v -0.396953 0.013770 -0.357103
v -0.398728 0.139325 -0.404257
v -0.394448 0.158676 -0.293962
v -1.359924 0.172685 -0.256077
v -1.391289 0.104913 -0.335205
v -1.348921 0.013083 -0.232633
v -1.411570 0.006976 -0.259371
v -1.337470 0.130938 -0.198993
v -1.387625 0.042614 -0.325059
v -1.379219 0.156836 -0.307913
v -1.295534 0.026212 -0.351164
v -1.295418 0.045407 -0.216908
v -1.342126 0.037223 -0.337938
v -1.318311 0.173431 -0.278447
v -1.318641 0.006949 -0.276589
v -1.296005 0.133077 -0.216730
v -1.241491 0.170328 -0.341310
v -1.210344 0.119956 -0.404125
v -1.245647 0.016334 -0.352379
v -1.226409 0.167944 -0.294436
v -1.219539 0.029022 -0.270404
v -1.264774 0.018589 -0.261680
v -1.259112 0.000899 -0.316957
v -1.211245 0.088914 -0.237915
v -1.252075 0.084334 -0.224538
v -1.265016 0.157858 -0.367966
v -1.289967 0.173320 -0.320834
v -1.299248 0.138401 -0.361188
v -1.258802 0.146410 -0.244315
v -0.997937 0.019798 -0.319824
v -1.019447 0.159138 -0.308727
v -1.037729 0.113904 -0.283036
v -1.050843 0.006288 -0.354399
v -1.065873 0.081249 -0.439652
v -1.066072 0.043394 -0.425345
v -1.096655 0.005836 -0.344919
v -1.040271 0.038771 -0.300086
v -1.048146 0.168045 -0.342320
v -1.112278 0.043143 -0.415005
v -1.097281 0.174098 -0.348383
v -1.112628 0.132392 -0.421559
v -1.081566 0.101267 -0.273028
v -1.084544 0.038954 -0.291696
v -1.170693 0.045595 -0.265349
v -1.257683 0.084802 -0.392504
v -1.173570 0.148057 -0.275822
v -1.204069 0.033946 -0.381923
v -1.154113 0.092094 -0.250797
v -1.194280 0.166803 -0.347188
v -1.127624 0.042005 -0.277813
v -1.087619 0.148980 -0.297359
v -1.142655 0.173001 -0.332455
v -1.146951 0.006533 -0.353106
v -1.162121 0.056545 -0.413711
v -1.183847 0.007084 -0.314922
v -1.127941 0.133996 -0.274633
v -1.163303 0.118449 -0.414479
v -0.673934 0.059816 -0.290281
v -0.678711 0.168652 -0.386673
v -0.677134 0.005722 -0.364371
v -0.680830 0.135150 -0.436129
v -0.680048 0.041006 -0.431486
v -0.675596 0.133581 -0.294937
v -0.727021 0.143102 -0.432326
v -0.726481 0.020254 -0.415689
v -0.727684 0.082513 -0.451799
v -0.723357 0.026033 -0.316649
v -0.720671 0.124460 -0.297916
v -0.724158 0.172899 -0.361981
v -0.866398 0.167963 -0.409088
v -0.819368 0.139520 -0.445212
v -0.822557 0.047231 -0.444376
v -0.771072 0.167773 -0.348049
v -0.817644 0.008804 -0.381448
v -0.776677 0.071254 -0.454583
v -0.820696 0.166656 -0.401474
v -0.771624 0.007399 -0.384383
v -0.767370 0.047405 -0.300306
v -0.767794 0.128529 -0.303800
v -1.059206 0.159250 -0.401418
v -1.010031 0.013183 -0.393594
v -1.019207 0.115309 -0.442139
v -1.001475 0.167307 -0.345442
v -0.993822 0.105435 -0.288400
v -0.948052 0.113934 -0.294258
v -0.951077 0.032095 -0.313381
v -0.970406 0.073253 -0.450402
v -1.012697 0.156162 -0.414827
v -0.959758 0.008998 -0.382476
v -1.014150 0.038790 -0.426739
v -0.955903 0.168628 -0.347019
v -0.857367 0.079839 -0.294046
v -0.816891 0.035821 -0.311537
v -0.877609 0.179324 -0.367893
v -0.869911 0.034229 -0.434586
v -0.882015 0.125147 -0.292319
v -0.861762 0.161324 -0.333926
v -0.963095 0.164600 -0.408052
v -0.905848 0.152759 -0.325987
v -0.920092 0.079953 -0.453467
v -0.917516 0.031447 -0.427195
v -0.902044 0.074105 -0.292890
v -0.918140 0.157417 -0.423138
v -0.874508 0.023132 -0.319414
v -0.865728 0.006413 -0.376389
v -0.911227 0.011366 -0.363935
v -2.765442 0.086095 0.182178
v -2.757961 0.054952 0.078105
v -2.783706 0.090929 0.076466
v -2.792103 0.117086 0.129276
v -2.784235 0.047996 0.135703
v 1.978493 0.053159 -0.646251
v 1.982795 0.096093 -0.673574
v 1.973737 0.015617 -0.667125
v 2.088267 0.062426 -0.659217
v 2.039354 0.058587 -0.651198
v 2.035795 0.013024 -0.670170
v 1.979132 0.069114 -0.733263
v 2.042554 0.085969 -0.690242
v 2.085785 0.033310 -0.721153
v 2.130293 0.026950 -0.711297
v 2.089760 0.076775 -0.696013
v 2.036059 0.023572 -0.718408
v 2.084267 0.015096 -0.663834
v 2.133106 0.064262 -0.704087
v 2.136850 0.054316 -0.656432
v 2.127498 0.007084 -0.682339
v 2.180264 0.032671 -0.713730
v 2.176397 0.021355 -0.653719
v 2.177716 0.054617 -0.661255
v 2.180184 0.062760 -0.695448
v 0.094814 0.121185 -0.472115
v 0.128253 0.105637 -0.326297
v 0.103450 0.160052 -0.433232
v 0.109499 0.012019 -0.408813
v 0.096370 0.048906 -0.465278
v 0.151552 0.016009 -0.431407
v 0.170152 0.137385 -0.358660
v 0.144720 0.148563 -0.463741
v 0.173626 0.090596 -0.342286
v 0.115668 0.164720 -0.380410
v 0.235061 0.133876 -0.510924
v 0.287207 0.051299 -0.533878
v 0.266987 0.043239 -0.394264
v 0.206562 0.163381 -0.410188
v 0.268945 0.119046 -0.383804
v 0.158713 0.165491 -0.407310
v 0.189003 0.145765 -0.481575
v 0.181715 0.080434 -0.502734
v 0.203197 0.013434 -0.425575
v 0.168590 0.035734 -0.367164
v 0.219031 0.055388 -0.365119
v 0.187309 0.036276 -0.485793
v 0.467756 0.149667 -0.573257
v 0.486123 0.152929 -0.503135
v 0.458585 0.099633 -0.603341
v 0.461656 0.044373 -0.588765
v 0.486243 0.020416 -0.508319
v 0.495341 0.084868 -0.465274
v 0.430498 0.026523 -0.480255
v 0.434491 0.139743 -0.467121
v 0.419753 0.160330 -0.519094
v 0.416847 0.017975 -0.528502
v 0.404680 0.134136 -0.570153
v 0.320924 0.044136 -0.412819
v 0.255411 0.162064 -0.436366
v 0.289198 0.136135 -0.523261
v 0.323807 0.125254 -0.404725
v 0.302344 0.162220 -0.476733
v 0.357773 0.164231 -0.510642
v 0.380170 0.055364 -0.432439
v 0.343432 0.084562 -0.564820
v 0.381868 0.126979 -0.430973
v 0.367031 0.021652 -0.478566
v 1.000136 0.156528 -0.680681
v 0.991537 0.112579 -0.750565
v 1.001171 0.011971 -0.682373
v 0.946181 0.019888 -0.641065
v 0.942675 0.154677 -0.670069
v 0.953152 0.091971 -0.606065
v 0.835301 0.065296 -0.585610
v 0.826370 0.152719 -0.642565
v 0.829223 0.020123 -0.619078
v 0.893485 0.125850 -0.606748
v 0.934349 0.143073 -0.715428
v 0.933866 0.030600 -0.720686
v 0.884182 0.018643 -0.651731
v 0.884985 0.150554 -0.652450
v 0.752123 0.088553 -0.705122
v 0.817799 0.142126 -0.690684
v 0.815360 0.028437 -0.693219
v 0.779130 0.068709 -0.569157
v 0.876047 0.141247 -0.705271
v 0.876381 0.027621 -0.703097
v 0.810736 0.081667 -0.719576
v 0.871166 0.085133 -0.733383
v 0.834221 0.132896 -0.600504
v 0.539486 0.156446 -0.542578
v 0.495723 0.118233 -0.472961
v 0.534411 0.015449 -0.559754
v 0.524788 0.147650 -0.598994
v 0.516790 0.098881 -0.624250
v 0.520069 0.039336 -0.611488
v 0.552362 0.064343 -0.493362
v 0.637685 0.142436 -0.647676
v 0.582503 0.148307 -0.618096
v 0.580203 0.029736 -0.622050
v 0.574346 0.092903 -0.649484
v 0.609934 0.087129 -0.513162
v 0.606507 0.038337 -0.528049
v 0.751798 0.145673 -0.675315
v 0.755522 0.031326 -0.680638
v 0.692206 0.099818 -0.687489
v 0.719767 0.046352 -0.561524
v 0.711282 0.154725 -0.602698
v 0.720923 0.118494 -0.560128
v 0.633999 0.050265 -0.661107
v 0.599321 0.154911 -0.554609
v 0.662316 0.139725 -0.554731
v 0.698481 0.144850 -0.657877
v 1.919853 0.103661 -0.690454
v 1.918532 0.091872 -0.658042
v 1.912953 0.090606 -0.724278
v 1.911374 0.009327 -0.692097
v 1.914065 0.034341 -0.645627
v 1.915267 0.042838 -0.735496
v 1.855874 0.072606 -0.737094
v 1.859595 0.108872 -0.695877
v 1.855629 0.073985 -0.642789
v 1.852854 0.013078 -0.674513
v 1.729885 0.057237 -0.747333
v 1.793319 0.111335 -0.668770
v 1.734525 0.119687 -0.683295
v 1.731083 0.097391 -0.736064
v 1.728018 0.011803 -0.679244
v 1.792077 0.035694 -0.647545
v 1.793494 0.071043 -0.641332
v 1.790291 0.016004 -0.713982
v 1.793596 0.113636 -0.710563
v 1.486069 0.107280 -0.754674
v 1.485799 0.037997 -0.750626
v 1.496797 0.133419 -0.674405
v 1.490913 0.086572 -0.638275
v 1.484125 0.010929 -0.680826
v 1.607241 0.013572 -0.687080
v 1.550033 0.133005 -0.714291
v 1.548169 0.039767 -0.643374
v 1.546145 0.015137 -0.705649
v 1.675537 0.032696 -0.650203
v 1.733028 0.078901 -0.641132
v 1.672776 0.095169 -0.645504
v 1.606911 0.026346 -0.731745
v 1.668159 0.028271 -0.732942
v 1.669123 0.013665 -0.683499
v 1.672110 0.093799 -0.746621
v 1.546153 0.103449 -0.753901
v 1.546125 0.032187 -0.744588
v 1.611906 0.097302 -0.645063
v 1.609229 0.065408 -0.755009
v 1.609581 0.043222 -0.646344
v 1.608050 0.127200 -0.671520
v 1.009128 0.041006 -0.631657
v 1.069509 0.082041 -0.622168
v 1.009137 0.122892 -0.625085
v 1.055643 0.128176 -0.742710
v 1.064936 0.029215 -0.650880
v 1.053843 0.155452 -0.691803
v 0.992741 0.040838 -0.740779
v 1.067667 0.132575 -0.644548
v 1.187159 0.070983 -0.629606
v 1.175150 0.081618 -0.765505
v 1.185165 0.025603 -0.660688
v 1.119110 0.137181 -0.733786
v 1.115870 0.028947 -0.741664
v 1.180184 0.012787 -0.717838
v 1.185409 0.143265 -0.670302
v 1.057255 0.017761 -0.721912
v 1.053756 0.078314 -0.758998
v 1.125692 0.019454 -0.662230
v 1.125718 0.137467 -0.654572
v 1.115789 0.090742 -0.761608
v 1.128425 0.070639 -0.632608
v 1.430560 0.071263 -0.632574
v 1.430215 0.140147 -0.680965
v 1.423352 0.032319 -0.746189
v 1.365601 0.145131 -0.719600
v 1.301659 0.022396 -0.736554
v 1.360974 0.081129 -0.765723
v 1.425768 0.011098 -0.689314
v 1.361394 0.032954 -0.744891
v 1.363754 0.012561 -0.700089
v 1.367334 0.056028 -0.634781
v 1.179760 0.136186 -0.736404
v 1.245364 0.017388 -0.665866
v 1.306937 0.055936 -0.637332
v 1.237952 0.073755 -0.765548
v 1.247912 0.099327 -0.633664
v 1.238969 0.024595 -0.741026
v 1.299096 0.074250 -0.765966
v 1.307466 0.126166 -0.650884
v 1.304260 0.013651 -0.686058
v 2.214936 0.029550 -0.682908
v -2.725096 0.051407 0.064224
v -2.624820 0.170021 0.161117
v -2.678495 0.088898 0.050663
v -2.441438 0.115778 0.068478
v -2.432871 0.155917 0.196141
v -2.529366 0.160919 0.177424
v -2.049599 0.155081 0.170124
v -2.067395 0.011721 0.093145
v -2.159032 0.010234 0.106338
v -1.492029 0.064597 -0.096198
v -1.645486 0.102297 0.014411
v -1.591707 0.048660 -0.203040
v -1.568731 0.111599 -0.042084
v -2.027711 0.025254 0.064034
v -2.009964 0.164023 0.132545
v -2.035242 0.103663 0.032623
v -1.951871 0.138011 0.158693
v -1.877043 0.008372 0.072940
v -1.890109 0.094149 0.157753
v -1.868329 0.161327 0.099075
v -1.731917 0.041242 0.051643
v -1.821802 0.024809 0.085879
v -1.854938 0.016160 0.005146
v 0.072116 0.013482 -0.363179
v 0.022429 0.011820 -0.371900
v 0.028058 0.156820 -0.338185
v 0.010673 0.030823 -0.426484
v -0.062415 0.145052 -0.300504
v -0.015344 0.035205 -0.314113
v -0.203835 0.032292 -0.282302
v -0.129016 0.066418 -0.424051
v -0.174616 0.124637 -0.414113
v -0.627938 0.056756 -0.287654
v -0.585524 0.107851 -0.436215
v -0.633193 0.142184 -0.427331
v -0.492940 0.069546 -0.427795
v -0.297910 0.034316 -0.278472
v -0.301343 0.170639 -0.327174
v -0.352100 0.028728 -0.387715
v -0.392713 0.106730 -0.260639
v -0.439624 0.048350 -0.270975
v -0.392899 0.028170 -0.282820
v -0.396438 0.168851 -0.351582
v -0.399427 0.056463 -0.410565
v -1.349325 0.106107 -0.357852
v -1.335548 0.068719 -0.192011
v -1.303737 0.087298 -0.376292
v -1.166722 0.161028 -0.389638
v -0.870470 0.084576 -0.455796
v -0.812785 0.142075 -0.310649
v -0.773578 0.171315 -0.398521
v 1.968568 0.018649 -0.718657
v 2.039372 0.063420 -0.723191
v 0.081909 0.085162 -0.314097
v 0.123083 0.034592 -0.350863
v 0.137021 0.069675 -0.490403
v 0.246722 0.013876 -0.461188
v 0.232925 0.073980 -0.517396
v 0.219858 0.101871 -0.358409
v 0.439735 0.085579 -0.446312
v 0.399995 0.066959 -0.581591
v 0.311211 0.016342 -0.453368
v 0.352944 0.023815 -0.525700
v 0.931263 0.086857 -0.741983
v 0.893342 0.059067 -0.602072
v 0.768482 0.017736 -0.616433
v 0.772040 0.150389 -0.605068
v 0.552063 0.117707 -0.497321
v 0.699337 0.023060 -0.652854
v 0.650560 0.015188 -0.593796
v 0.663620 0.059496 -0.535892
v 1.790356 0.066852 -0.741788
v 1.852739 0.029308 -0.728360
v 1.672482 0.124094 -0.698520
v 1.551043 0.089727 -0.636714
v 1.610662 0.114391 -0.734083
v 1.425479 0.104386 -0.761574
v 1.367743 0.128746 -0.658469
v 1.243863 0.148188 -0.693072
v 1.240086 0.122425 -0.751353
v 1.302467 0.142951 -0.724387
v 2.173765 0.004264 -0.692223
vn 0.6692 0.0158 0.7429
vn 0.4798 0.5119 0.7126
vn 0.4578 -0.6145 0.6425
vn 0.2985 -0.5762 0.7608
vn 0.3201 -0.9153 -0.2444
vn 0.4462 0.8923 0.0679
vn 0.2494 0.4604 0.8520
vn 0.3367 0.1977 -0.9206
vn 0.5936 -0.0113 -0.8047
vn 0.4343 -0.6830 -0.5872
vn -0.2320 -0.5293 0.8161
vn 0.2657 0.9581 0.1073
vn 0.2706 0.6568 -0.7038
vn 0.3349 0.7065 -0.6235
vn 0.0492 -0.9459 -0.3208
vn -0.0360 -0.7302 0.6823
vn -0.0064 -0.8176 0.5758
vn -0.0445 0.9513 0.3049
vn -0.1008 0.6316 0.7687
vn -0.0325 0.2039 0.9785
vn 0.0152 0.0082 0.9999
vn 0.1429 0.9681 -0.2060
vn 0.0400 0.6689 -0.7423
vn 0.0286 0.7722 0.6348
vn 0.2318 -0.0883 -0.9687
vn 0.1194 -0.9060 0.4062
vn 0.1943 -0.7174 -0.6690
vn 0.0879 -0.0749 -0.9933
vn 0.0601 -0.9018 -0.4280
vn -0.0522 -0.7818 -0.6214
vn 0.0535 -0.9331 0.3556
vn 0.0082 0.7388 0.6738
vn 0.0522 0.9986 0.0016
vn -0.0404 0.9991 -0.0093
vn -0.0013 0.5569 0.8306
vn 0.0040 -0.0476 0.9989
vn -0.0694 -0.2986 0.9518
vn 0.0287 0.7382 -0.6740
vn 0.0682 0.5014 -0.8625
vn -0.0114 -0.0110 -0.9999
vn -0.0030 0.9950 -0.1000
vn -0.0276 0.9964 -0.0802
vn 0.0414 -0.5313 -0.8461
vn 0.0870 -0.2767 -0.9570
vn 0.0315 -0.9778 -0.2074
vn -0.0281 0.6391 0.7686
vn 0.0951 0.9532 -0.2869
vn 0.0361 0.0907 -0.9952
vn 0.0552 -0.8834 -0.4654
vn -0.0631 -0.9247 0.3754
vn -0.0140 0.7574 0.6528
vn 0.0664 0.6406 -0.7650
vn -0.0935 -0.1835 0.9786
vn -0.0738 -0.0860 0.9936
vn -0.0207 -0.8712 -0.4905
vn -0.0513 -0.4677 0.8824
vn -0.0871 -0.9927 0.0836
vn 0.2617 -0.4542 0.8516
vn 0.1337 -0.8829 0.4500
vn 0.1535 0.3079 0.9389
vn 0.0735 0.9477 0.3107
vn 0.1484 0.7687 0.6222
vn -0.1582 0.6746 -0.7210
vn -0.0082 0.9713 -0.2378
vn -0.1152 0.4583 -0.8813
vn -0.0493 0.9983 -0.0321
vn 0.1621 0.6511 0.7415
vn 0.1657 0.9171 0.3627
vn -0.0160 -0.9886 0.1494
vn -0.0692 -0.7130 -0.6978
vn -0.0351 -0.9772 -0.2092
vn 0.0927 0.1111 0.9895
vn -0.1386 -0.0971 -0.9856
vn -0.0857 0.8957 -0.4364
vn -0.0748 0.5479 -0.8332
vn -0.0968 0.0408 -0.9945
vn -0.0034 -0.4323 0.9017
vn 0.1342 -0.0597 0.9892
vn 0.0266 -0.9178 0.3962
vn 0.0252 0.5533 0.8326
vn -0.0692 -0.2514 -0.9654
vn -0.0729 -0.8422 -0.5343
vn -0.0767 0.7608 -0.6444
vn -0.1690 -0.1912 -0.9669
vn 0.0297 0.0032 0.9996
vn 0.0367 -0.8103 0.5849
vn 0.0298 -0.7914 0.6106
vn -0.0416 0.7318 0.6802
vn 0.0021 -0.0059 1.0000
vn 0.2037 -0.9789 -0.0141
vn -0.2238 -0.8518 -0.4736
vn -0.0487 0.5090 -0.8594
vn -0.0246 -0.0275 -0.9993
vn -0.0072 -0.4705 -0.8823
vn -0.0193 0.7542 -0.6564
vn -0.1362 0.9587 -0.2497
vn 0.0705 -0.9863 0.1491
vn -0.3083 0.8968 0.3174
vn 0.1145 0.5760 0.8094
vn 0.0031 -0.8191 -0.5736
vn 0.0742 0.9758 -0.2055
vn 0.0400 0.6333 -0.7729
vn 0.0017 -0.2633 -0.9647
vn 0.0075 -0.9267 -0.3757
vn 0.0043 -0.8103 0.5859
vn 0.0168 0.9670 0.2541
vn 0.3900 0.6127 0.6874
vn 0.4571 -0.1981 0.8671
vn 0.4687 -0.0050 0.8833
vn 0.0541 0.9664 0.2512
vn -0.4588 0.4264 -0.7795
vn -0.0817 0.9232 -0.3754
vn 0.2927 -0.8345 0.4669
vn 0.5188 -0.2459 0.8187
vn 0.3551 0.5786 0.7343
vn -0.4093 0.7310 -0.5460
vn 0.1553 -0.9517 0.2647
vn 0.2234 -0.9088 0.3524
vn -0.1391 0.9503 -0.2786
vn 0.1127 0.9920 0.0569
vn 0.0389 -0.9991 0.0150
vn 0.4363 -0.5951 0.6749
vn 0.0636 -0.9894 0.1305
vn 0.2008 0.9650 0.1686
vn -0.1468 0.9544 -0.2598
vn 0.1741 0.8945 0.4117
vn -0.5602 0.2814 -0.7791
vn -0.3878 0.7983 -0.4608
vn -0.5430 -0.0327 -0.8391
vn 0.5100 -0.4586 0.7277
vn -0.5180 -0.5741 -0.6341
vn -0.2461 -0.8280 -0.5037
vn 0.5417 0.2420 0.8050
vn 0.4932 -0.3629 0.7906
vn -0.2538 -0.8816 -0.3980
vn -0.4899 0.1912 -0.8506
vn -0.4571 -0.2166 -0.8626
vn 0.3939 0.6242 0.6747
vn -0.0111 -0.9983 0.0571
vn 0.2400 -0.9294 0.2804
vn -0.4408 -0.7239 -0.5308
vn -0.4957 0.4534 -0.7407
vn -0.5783 0.2369 -0.7807
vn 0.6152 -0.1191 0.7793
vn 0.6006 -0.2891 0.7455
vn 0.4544 0.5961 0.6620
vn 0.3934 0.7171 0.5753
vn -0.1520 0.9786 -0.1385
vn 0.1455 0.9725 0.1819
vn -0.5539 0.4896 -0.6734
vn -0.4899 -0.4144 -0.7670
vn -0.3237 0.7537 -0.5720
vn 0.4492 -0.5812 0.6786
vn 0.2685 -0.8359 0.4788
vn 0.4980 0.3027 0.8126
vn 0.5466 0.4373 0.7141
vn -0.4196 0.3333 -0.8443
vn -0.5560 -0.2587 -0.7899
vn -0.3912 -0.6787 -0.6216
vn -0.2234 0.4712 -0.8533
vn -0.1897 -0.8090 -0.5564
vn -0.0119 -0.9500 -0.3120
vn 0.1617 -0.1419 0.9766
vn -0.3120 -0.2652 -0.9123
vn -0.2111 0.4806 -0.8512
vn -0.1925 -0.5695 -0.7991
vn -0.0205 -0.9869 -0.1599
vn 0.2892 0.0917 0.9529
vn -0.2216 -0.7938 -0.5664
vn 0.0695 -0.9757 0.2076
vn 0.2330 -0.6899 0.6854
vn 0.3563 -0.2553 0.8988
vn 0.3066 0.5908 0.7463
vn 0.3026 0.7048 0.6416
vn -0.6403 -0.0500 -0.7665
vn -0.0496 0.9613 -0.2711
vn 0.1394 0.9481 0.2856
vn 0.2561 0.7516 0.6078
vn -0.1140 0.9920 -0.0548
vn -0.1615 0.9716 -0.1731
vn -0.2496 -0.8844 -0.3943
vn 0.4344 0.1124 0.8937
vn -0.3049 0.6301 -0.7142
vn -0.3626 0.5659 -0.7404
vn 0.0658 -0.0540 -0.9964
vn -0.5263 -0.5382 -0.6582
vn 0.4097 -0.5240 0.7467
vn 0.1987 -0.9427 0.2680
vn 0.3257 0.7637 0.5574
vn -0.1181 0.9902 -0.0747
vn 0.4113 0.6700 0.6180
vn -0.1742 0.9450 -0.2767
vn -0.2484 -0.8682 -0.4296
vn -0.4089 0.5736 -0.7097
vn -0.4763 -0.3444 -0.8091
vn 0.1398 0.9727 0.1850
vn -0.2314 0.8451 -0.4819
vn 0.1640 -0.9644 0.2073
vn 0.2354 -0.8264 0.5116
vn 0.4641 -0.1338 0.8756
vn 0.2204 0.8808 0.4191
vn -0.4651 -0.3054 -0.8309
vn -0.4578 -0.0228 -0.8888
vn -0.2477 -0.8505 -0.4640
vn -0.4893 -0.1453 -0.8599
vn -0.1234 -0.9719 -0.2005
vn -0.0823 -0.9482 -0.3068
vn 0.0034 -0.9748 0.2232
vn 0.1812 -0.8957 0.4060
vn -0.2647 -0.1586 -0.9512
vn -0.2087 -0.6244 -0.7527
vn -0.2686 0.1628 -0.9494
vn 0.2840 -0.9588 -0.0042
vn 0.1988 -0.2847 0.9378
vn 0.2613 -0.2497 0.9324
vn 0.2148 -0.5972 0.7728
vn -0.3506 -0.7092 0.6116
vn -0.0106 -0.9946 0.1037
vn -0.1288 -0.8355 -0.5342
vn -0.1646 -0.7344 -0.6585
vn 0.2140 0.3577 0.9090
vn 0.1101 0.7581 0.6428
vn -0.1845 0.6866 -0.7032
vn -0.2407 0.0010 -0.9706
vn 0.2495 0.5832 0.7731
vn 0.2385 -0.7965 0.5556
vn -0.0278 -0.9970 0.0720
vn -0.0319 -0.9995 0.0007
vn -0.2116 0.0066 -0.9773
vn -0.1294 0.7459 -0.6534
vn -0.1536 0.3451 -0.9259
vn 0.2966 -0.2021 0.9334
vn 0.0858 -0.4615 0.8830
vn -0.1548 -0.7068 -0.6903
vn -0.1528 -0.7012 -0.6964
vn 0.1869 0.5562 0.8097
vn -0.2256 -0.0333 -0.9736
vn -0.0339 0.6232 -0.7813
vn 0.0013 -0.0698 -0.9976
vn -0.0809 -0.0082 -0.9967
vn 0.0300 -0.7367 -0.6755
vn 0.0279 0.5143 0.8572
vn 0.0927 0.7520 0.6526
vn -0.0319 0.9994 -0.0139
vn 0.0597 -0.9900 0.1275
vn -0.0079 -0.9846 0.1746
vn -0.0326 -0.7639 -0.6446
vn -0.0044 0.9867 -0.1623
vn -0.0731 0.7182 -0.6920
vn 0.0260 0.7069 0.7068
vn 0.0509 -0.4401 0.8965
vn 0.0054 -0.3533 0.9355
vn -0.1073 0.5761 -0.8103
vn -0.0718 -0.0153 -0.9973
vn 0.2004 0.3174 0.9269
vn 0.0217 0.9969 0.0757
vn 0.0140 0.9997 -0.0176
vn 0.0133 -0.7550 0.6556
vn -0.0611 -0.9849 -0.1619
vn -0.1158 -0.4359 -0.8925
vn -0.0700 0.9792 -0.1903
vn -0.0549 -0.9550 0.2913
vn 0.0290 -0.9987 -0.0425
vn -0.1158 -0.6288 0.7689
vn 0.1273 -0.6790 -0.7230
vn 0.0599 -0.3812 -0.9225
vn -0.1430 -0.4371 0.8880
vn 0.0004 -0.9719 0.2353
vn -0.1113 -0.2056 0.9723
vn -0.0943 0.8062 0.5841
vn -0.1025 0.3568 0.9285
vn 0.0231 0.4462 -0.8946
vn 0.0080 0.8269 -0.5622
vn 0.0213 0.9826 -0.1847
vn 0.1046 -0.2714 -0.9568
vn 0.0639 -0.8337 -0.5485
vn -0.0844 0.1892 0.9783
vn -0.0448 0.8820 0.4691
vn 0.0471 0.9480 -0.3147
vn 0.0454 0.9989 -0.0074
vn -0.0408 0.8695 0.4922
vn -0.0723 0.2582 0.9634
vn 0.0492 0.9439 -0.3267
vn 0.0804 -0.6529 -0.7532
vn -0.0978 0.3937 -0.9140
vn 0.0932 -0.5471 -0.8318
vn 0.1330 0.2016 -0.9704
vn 0.0052 -0.9987 -0.0498
vn -0.0990 -0.6382 0.7635
vn -0.1275 0.9284 0.3489
vn -0.0314 -0.5492 0.8351
vn -0.0139 -0.3331 0.9428
vn 0.0090 0.9997 0.0241
vn -0.0244 0.3256 0.9452
vn 0.0432 0.7242 -0.6882
vn 0.3868 -0.8210 0.4198
vn -0.0740 -0.9944 -0.0752
vn 0.0569 0.5158 -0.8548
vn -0.0123 -0.1624 0.9866
vn -0.4829 -0.7025 0.5228
vn 0.0156 -0.9033 -0.4286
vn -0.0646 0.7407 0.6687
vn 0.0165 0.9849 -0.1722
vn 0.0931 -0.1600 -0.9827
vn -0.0213 -0.9982 0.0562
vn -0.0492 -0.6712 0.7396
vn 0.0203 -0.5569 0.8303
vn 0.0112 -0.8240 -0.5665
vn 0.1144 -0.1695 -0.9789
vn -0.0446 0.9720 0.2309
vn -0.0952 0.3976 0.9126
vn 0.0336 0.7395 -0.6723
vn 0.1037 0.4227 -0.9003
vn -0.0427 -0.9879 -0.1493
vn 0.2053 -0.7761 0.5963
vn -0.4696 0.2334 -0.8514
vn -0.3750 -0.5166 -0.7698
vn -0.0298 -0.9990 -0.0335
vn -0.3151 -0.5121 -0.7990
vn -0.3709 0.5104 -0.7759
vn 0.4061 -0.2305 0.8843
vn -0.3336 -0.6955 -0.6364
vn -0.3479 0.0959 -0.9326
vn 0.3272 0.6620 0.6743
vn 0.3526 -0.3163 0.8807
vn 0.2721 -0.9472 0.1698
vn 0.2556 0.0820 0.9633
vn -0.0016 0.9752 -0.2215
vn 0.0554 0.8556 0.5147
vn -0.1939 0.7673 -0.6113
vn -0.0667 -0.6656 0.7433
vn 0.3550 0.0717 0.9321
vn 0.2723 0.7378 0.6177
vn 0.0266 0.9995 0.0162
vn -0.1977 0.8550 -0.4795
vn 0.0384 0.9984 -0.0414
vn -0.2009 -0.9395 -0.2773
vn 0.1944 -0.9595 0.2040
vn 0.0456 -0.3111 0.9493
vn 0.0944 -0.8395 0.5351
vn 0.1574 0.0515 0.9862
vn 0.0440 0.5626 0.8256
vn 0.0473 0.9281 0.3694
vn 0.0066 0.9996 -0.0257
vn -0.1735 0.5509 -0.8164
vn -0.0741 0.7960 -0.6008
vn -0.1533 -0.0608 -0.9863
vn -0.1703 0.6242 -0.7625
vn -0.1421 -0.2371 -0.9610
vn 0.0258 -0.9682 -0.2487
vn 0.0270 -0.9995 -0.0156
vn -0.2196 0.5891 -0.7776
vn -0.0088 0.9979 -0.0646
vn -0.2749 -0.7658 -0.5814
vn 0.1116 -0.9825 0.1493
vn -0.0865 -0.7165 -0.6922
vn 0.2046 0.6728 0.7109
vn 0.0440 0.9841 0.1723
vn 0.0211 -0.0319 -0.9993
vn -0.1660 0.5239 -0.8354
vn 0.2309 0.3945 0.8894
vn 0.1224 -0.3312 0.9356
vn 0.1782 0.5796 0.7951
vn -0.2207 -0.5265 -0.8211
vn 0.0536 -0.9736 0.2221
vn -0.0625 0.5590 0.8268
vn 0.0571 0.9959 -0.0706
vn -0.0387 -0.5158 0.8558
vn 0.2115 0.3493 -0.9128
vn 0.1020 -0.5462 -0.8314
vn 0.0647 -0.3472 -0.9355
vn 0.0119 -0.9868 -0.1618
vn -0.1163 0.0682 0.9909
vn 0.0234 0.7569 -0.6531
vn 0.0437 0.4496 -0.8922
vn 0.0348 -0.4480 -0.8934
vn -0.0479 -0.8936 0.4463
vn -0.0748 -0.5277 0.8462
vn 0.0461 -0.9931 0.1082
vn -0.0208 0.9994 0.0259
vn -0.0518 0.5400 0.8400
vn -0.0084 0.7130 0.7011
vn 0.0543 -0.6028 -0.7960
vn 0.0041 -0.0174 0.9998
vn 0.0771 0.6479 -0.7578
vn -0.0142 0.9965 0.0823
vn -0.0245 0.9939 0.1074
vn -0.0189 0.1904 0.9815
vn -0.0013 0.8500 0.5268
vn -0.0555 -0.9240 0.3783
vn 0.0222 -0.6576 0.7530
vn -0.5831 -0.7901 -0.1893
vn 0.0325 -0.7970 0.6032
vn -0.0951 -0.9724 -0.2132
vn 0.1728 0.6340 0.7538
vn -0.0062 0.9822 0.1878
vn 0.1014 0.1736 0.9796
vn -0.0677 -0.3120 -0.9477
vn 0.0628 0.2328 -0.9705
vn -0.1154 0.6737 -0.7300
vn 0.0595 -0.7599 0.6474
vn 0.0215 -0.8808 0.4731
vn 0.0638 0.0427 0.9970
vn 0.0532 -0.8125 -0.5806
vn -0.0509 -0.9520 -0.3019
vn -0.1369 -0.1066 -0.9848
vn -0.0983 -0.8673 -0.4880
vn -0.1866 0.1440 -0.9718
vn -0.2574 0.7437 -0.6170
vn 0.0498 0.9875 -0.1495
vn 0.1000 0.7549 0.6482
vn -0.0920 -0.9894 -0.1123
vn -0.0064 -0.4253 -0.9050
vn 0.8977 -0.4318 -0.0878
vn 0.8157 0.5601 -0.1446
vn -0.0389 0.8759 -0.4810
vn -0.0486 0.7827 0.6205
vn 0.0163 0.9970 0.0754
vn -0.0158 0.4033 -0.9149
vn -0.0059 -0.0728 -0.9973
vn -0.1700 -0.9851 0.0250
vn -0.1622 -0.4108 0.8972
vn -0.2174 -0.9325 0.2884
vn -0.0855 0.6926 0.7162
vn -0.0259 0.9017 -0.4316
vn -0.0143 0.8098 -0.5865
vn -0.1173 0.3529 0.9283
vn -0.1283 -0.9370 -0.3250
vn -0.1351 -0.3937 0.9093
vn -0.1101 -0.2578 -0.9599
vn -0.1464 -0.8106 0.5671
vn -0.3563 0.0791 0.9310
vn -0.3954 -0.8629 0.3147
vn -0.1129 -0.5384 -0.8351
vn -0.0262 -0.4719 -0.8813
vn -0.0217 0.4038 0.9146
vn -0.2285 0.9431 0.2415
vn 0.0155 0.9911 0.1321
vn 0.1969 0.5712 0.7968
vn -0.3424 0.0889 -0.9353
vn -0.2396 0.6781 -0.6949
vn -0.2605 -0.6454 -0.7181
vn -0.3605 -0.1836 -0.9145
vn -0.2299 0.7356 -0.6372
vn 0.0625 0.9745 0.2156
vn -0.0464 0.9900 -0.1331
vn 0.1587 -0.7590 0.6315
vn 0.2631 -0.4096 0.8735
vn 0.3206 0.2409 0.9161
vn -0.3125 0.6155 -0.7235
vn -0.3419 -0.4559 -0.8217
vn -0.2957 0.5482 -0.7823
vn -0.0675 -0.9880 -0.1392
vn -0.3360 -0.3738 -0.8645
vn 0.3419 0.4982 0.7968
vn 0.2552 -0.5915 0.7648
vn 0.2832 0.2415 0.9282
vn 0.1797 -0.7631 0.6208
vn -0.1505 -0.9573 -0.2467
vn -0.2568 0.4445 -0.8582
vn 0.1977 0.7125 0.6732
vn 0.0062 0.9836 0.1805
vn -0.0705 -0.9947 -0.0745
vn 0.3074 0.0190 0.9514
vn -0.0874 -0.9710 -0.2224
vn -0.1923 -0.8772 -0.4400
vn 0.1511 -0.8595 0.4882
vn -0.3973 0.3503 -0.8482
vn -0.1617 0.9187 -0.3604
vn -0.3316 0.0935 -0.9388
vn 0.2775 -0.4006 -0.8732
vn 0.2314 0.6882 0.6876
vn 0.3221 -0.1499 0.9347
vn 0.2654 0.6766 0.6869
vn -0.0151 -0.9995 0.0290
vn 0.3068 -0.5976 0.7408
vn 0.0769 -0.9734 0.2160
vn 0.1589 0.8858 0.4360
vn -0.1836 0.8321 -0.5233
vn 0.0767 0.9731 0.2172
vn -0.3965 0.0687 -0.9155
vn -0.3131 0.4509 -0.8359
vn 0.3228 0.3265 0.8884
vn 0.0156 -0.9997 0.0184
vn 0.2494 -0.5841 0.7724
vn -0.0559 0.9775 -0.2032
vn -0.2969 -0.5280 -0.7956
vn 0.3712 0.0005 0.9286
vn -0.2517 -0.7201 -0.6466
vn -0.1345 0.9677 -0.2130
vn 0.0442 -0.9985 -0.0308
vn -0.0257 -0.9901 -0.1382
vn 0.1232 -0.4287 0.8950
vn 0.0162 -0.8197 0.5726
vn 0.1865 -0.0300 0.9820
vn -0.2122 -0.1434 -0.9666
vn -0.1953 -0.5693 -0.7986
vn 0.1299 -0.7932 0.5949
vn -0.0309 -0.9863 -0.1622
vn -0.0181 -0.9971 -0.0741
vn -0.1948 0.3857 -0.9018
vn -0.1094 0.9113 -0.3968
vn -0.2312 0.2285 -0.9457
vn 0.2212 0.0185 0.9751
vn 0.2004 -0.0093 0.9797
vn 0.1295 0.8097 0.5723
vn 0.1211 0.8273 0.5485
vn -0.0173 0.9862 -0.1646
vn -0.0394 0.8812 -0.4712
vn 0.1428 0.7722 0.6191
vn 0.1036 -0.8326 0.5442
vn -0.1421 -0.8815 -0.4503
vn -0.0223 -0.9763 -0.2152
vn -0.2650 0.1793 -0.9474
vn -0.0158 0.9611 -0.2758
vn -0.2328 0.6007 -0.7649
vn -0.1713 -0.6297 -0.7577
vn 0.1333 -0.7997 0.5855
vn -0.3696 -0.4340 -0.8216
vn -0.0273 0.9989 -0.0379
vn -0.1738 -0.9231 -0.3432
vn -0.3381 0.3401 -0.8775
vn -0.1683 0.7483 -0.6417
vn -0.2919 -0.0601 -0.9546
vn -0.0288 0.9949 -0.0971
vn 0.1587 0.8438 0.5127
vn 0.1379 0.8867 0.4413
vn 0.1946 0.7524 0.6293
vn -0.2940 -0.4088 -0.8640
vn 0.1489 -0.8477 0.5092
vn 0.3035 -0.1095 0.9465
vn 0.2535 -0.0171 0.9672
vn 0.2029 -0.7647 0.6117
vn -0.2052 -0.7525 -0.6258
vn 0.2613 0.4669 0.8448
vn 0.3169 -0.0757 0.9454
vn -0.1218 -0.9915 0.0465
vn -0.1054 -0.6439 -0.7578
vn -0.0209 0.3239 0.9458
vn -0.0460 -0.2996 0.9530
vn -0.0074 0.6599 0.7513
vn -0.0494 -0.2648 -0.9630
vn -0.0802 -0.8884 0.4521
vn -0.0948 -0.9922 0.0806
vn -0.0566 -0.1380 -0.9888
vn -0.0825 -0.8655 -0.4942
vn -0.0979 -0.6792 0.7274
vn 0.0594 0.9233 -0.3793
vn -0.0984 -0.4300 0.8975
vn -0.1358 -0.6305 0.7642
vn -0.0202 -0.9841 -0.1763
vn -0.0853 0.2682 0.9596
vn -0.0475 -0.4587 -0.8873
vn -0.0102 -0.1824 -0.9832
vn -0.0322 0.9733 -0.2273
vn -0.0094 0.5502 -0.8350
vn -0.0323 -0.0861 0.9958
vn 0.0038 0.6239 -0.7815
vn 0.0115 0.9537 -0.3005
vn -0.0580 0.0778 -0.9953
vn 0.0374 -0.1484 -0.9882
vn -0.0643 -0.9373 -0.3425
vn -0.1078 -0.9580 -0.2658
vn -0.0268 -0.3620 -0.9318
vn 0.0307 0.5708 -0.8205
vn 0.0004 0.6339 0.7734
vn -0.0133 0.9947 0.1019
vn 0.0110 0.9874 -0.1580
vn -0.0409 -0.3963 0.9172
vn -0.0743 0.0918 0.9930
vn -0.0181 -0.9334 -0.3585
vn -0.0341 -0.9874 0.1544
vn -0.0414 -0.5373 0.8423
vn -0.0737 0.7137 0.6966
vn 0.0362 0.9905 -0.1326
vn -0.1258 -0.9888 0.0800
vn -0.1075 -0.7718 0.6268
vn -0.0422 0.4653 -0.8841
vn -0.0266 0.8107 0.5848
vn -0.1099 0.5581 -0.8224
vn -0.0836 -0.5260 -0.8464
vn -0.0063 0.8970 0.4420
vn -0.0689 0.7996 -0.5965
vn 0.0057 0.8813 -0.4726
vn 0.0040 0.9997 -0.0256
vn 0.1130 0.5733 0.8115
vn -0.1213 0.0396 -0.9918
vn -0.1021 -0.6980 -0.7087
vn -0.0173 -0.9989 0.0436
vn 0.0669 0.1094 0.9917
vn 0.0110 0.0009 0.9999
vn -0.0407 -0.8439 0.5349
vn 0.0467 -0.1058 0.9933
vn -0.1022 -0.7969 -0.5955
vn -0.0095 -0.9012 -0.4334
vn -0.0279 0.0907 -0.9955
vn 0.0624 -0.6656 0.7437
vn 0.0169 0.7427 0.6694
vn 0.0296 0.9442 0.3279
vn -0.0348 0.1222 -0.9919
vn -0.0520 -0.4221 0.9051
vn -0.0368 0.5732 0.8186
vn -0.0296 0.6750 0.7372
vn 0.0028 0.9810 -0.1938
vn -0.0034 0.3341 -0.9425
vn -0.0225 0.9692 -0.2454
vn -0.0128 0.9983 -0.0574
vn -0.0097 0.8171 0.5764
vn -0.0144 -0.9445 0.3283
vn 0.0122 -0.0830 0.9965
vn -0.0291 -0.7350 -0.6774
vn -0.0131 0.8637 -0.5039
vn -0.0076 -0.2701 -0.9628
vn -0.0230 -0.9925 -0.1201
vn 0.0342 0.0800 0.9962
vn 0.0163 -0.8170 0.5764
vn -0.0028 0.8124 -0.5831
vn 0.0033 0.3346 -0.9424
vn 0.0225 0.7946 0.6067
vn -0.0451 -0.6945 -0.7181
vn -0.0444 -0.9163 0.3981
vn -0.9931 0.1154 -0.0219
vn 0.0956 -0.0091 0.9954
vn 0.0991 -0.6916 0.7155
vn 0.1187 -0.6974 0.7068
vn -0.4941 -0.4678 -0.7328
vn -0.1578 -0.9569 -0.2438
vn 0.1155 -0.1785 -0.9771
vn 0.0505 0.9975 -0.0490
vn -0.1705 -0.9698 -0.1744
vn -0.1061 -0.9735 -0.2027
vn -0.3615 0.7680 -0.5287
vn 0.4910 -0.1784 0.8527
vn 0.4709 0.3773 0.7974
vn 0.3875 -0.6582 0.6455
vn -0.1365 0.9408 -0.3102
vn -0.0380 0.9987 -0.0343
vn 0.0224 0.9862 0.1642
vn -0.1977 0.7193 -0.6660
vn 0.0717 0.4113 -0.9087
vn 0.0744 -0.6021 -0.7949
vn -0.0242 -0.9825 0.1846
vn -0.1279 0.1645 0.9780
vn -0.4087 0.0017 -0.9127
vn 0.4285 -0.5347 0.7283
vn -0.1067 -0.7553 -0.6467
vn 0.1719 -0.5046 0.8461
vn 0.0136 -0.9953 -0.0960
vn -0.2151 -0.7621 0.6106
vn -0.3478 -0.6696 -0.6563
vn 0.1135 0.9819 -0.1519
vn -0.2324 0.4422 -0.8663
vn 0.1894 -0.8211 0.5384
vn 0.3649 -0.1581 0.9175
vn 0.1661 -0.8568 0.4881
vn 0.0283 0.9118 0.4097
vn -0.0489 -0.3642 -0.9300
vn -0.0223 0.6609 0.7501
vn -0.0549 0.0173 0.9983
vn 0.0140 -0.6124 0.7905
vt 0.006139 0.515521
vt 0.011294 0.512632
vt 0.011929 0.516483
vt 0.019968 0.459878
vt 0.020262 0.465190
vt 0.012744 0.461042
vt 0.012122 0.523803
vt 0.023544 0.530606
vt 0.012718 0.528895
vt 0.012625 0.471287
vt 0.019871 0.471772
vt 0.014311 0.475905
vt 0.019542 0.501287
vt 0.011716 0.503339
vt 0.012382 0.488093
vt 0.027180 0.459011
vt 0.020490 0.516902
vt 0.024203 0.511023
vt 0.027638 0.516697
vt 0.021576 0.540458
vt 0.019661 0.534850
vt 0.028214 0.533550
vt 0.012328 0.507520
vt 0.041516 0.465266
vt 0.040853 0.458705
vt 0.050780 0.460192
vt 0.043943 0.468774
vt 0.051156 0.470438
vt 0.041905 0.474121
vt 0.043656 0.511965
vt 0.041288 0.519134
vt 0.031805 0.512141
vt 0.040757 0.541720
vt 0.029267 0.538486
vt 0.041901 0.533890
vt 0.022529 0.524173
vt 0.030079 0.529577
vt 0.027901 0.507201
vt 0.029062 0.499474
vt 0.019508 0.484055
vt 0.028963 0.479437
vt 0.029519 0.488432
vt 0.031452 0.518828
vt 0.029878 0.523163
vt 0.042359 0.525969
vt 0.040212 0.500553
vt 0.091221 0.466671
vt 0.081948 0.466812
vt 0.079984 0.462186
vt 0.091604 0.530034
vt 0.081484 0.523474
vt 0.092428 0.523118
vt 0.082409 0.470558
vt 0.093044 0.476031
vt 0.080285 0.477666
vt 0.080813 0.508223
vt 0.070150 0.506364
vt 0.080752 0.499996
vt 0.071470 0.533789
vt 0.071106 0.541397
vt 0.060672 0.539422
vt 0.071312 0.492332
vt 0.061101 0.496197
vt 0.069161 0.482228
vt 0.081654 0.530325
vt 0.071155 0.529785
vt 0.051319 0.523147
vt 0.050614 0.530872
vt 0.049234 0.508933
vt 0.043587 0.506171
vt 0.050742 0.501532
vt 0.050802 0.484471
vt 0.060605 0.462128
vt 0.051173 0.466670
vt 0.061629 0.529853
vt 0.062088 0.522966
vt 0.060612 0.507997
vt 0.053002 0.508629
vt 0.061603 0.514258
vt 0.051284 0.519874
vt 0.051615 0.513057
vt 0.060430 0.484532
vt 0.070864 0.517130
vt 0.062378 0.518572
vt 0.062336 0.469421
vt 0.063230 0.476204
vt 0.051640 0.476857
vt 0.162020 0.464661
vt 0.165570 0.457446
vt 0.173876 0.460863
vt 0.164792 0.531544
vt 0.161861 0.525935
vt 0.171207 0.529159
vt 0.162227 0.541635
vt 0.164030 0.533632
vt 0.171901 0.539268
vt 0.152211 0.533378
vt 0.149381 0.540810
vt 0.150481 0.523859
vt 0.152239 0.530083
vt 0.141741 0.526809
vt 0.152813 0.479775
vt 0.152538 0.488824
vt 0.141852 0.481688
vt 0.142329 0.475652
vt 0.142500 0.469184
vt 0.152550 0.470318
vt 0.160730 0.498773
vt 0.151453 0.505087
vt 0.131142 0.508386
vt 0.121618 0.506510
vt 0.130744 0.500184
vt 0.122175 0.516640
vt 0.133787 0.513588
vt 0.131516 0.519628
vt 0.132743 0.470258
vt 0.133462 0.476742
vt 0.123002 0.477545
vt 0.122330 0.496239
vt 0.129880 0.485378
vt 0.131207 0.479352
vt 0.140892 0.541446
vt 0.129908 0.537603
vt 0.141821 0.534853
vt 0.141696 0.497544
vt 0.141375 0.508499
vt 0.102022 0.512358
vt 0.100793 0.519252
vt 0.092744 0.512947
vt 0.091851 0.519381
vt 0.102102 0.469958
vt 0.112339 0.476499
vt 0.102033 0.476132
vt 0.104887 0.465503
vt 0.096892 0.467322
vt 0.099733 0.459395
vt 0.100828 0.505522
vt 0.090655 0.499706
vt 0.102399 0.492150
vt 0.091629 0.534316
vt 0.101448 0.539841
vt 0.091852 0.541538
vt 0.097331 0.485423
vt 0.121139 0.465057
vt 0.120539 0.458282
vt 0.130713 0.462339
vt 0.129048 0.525262
vt 0.131958 0.530849
vt 0.122280 0.529782
vt 0.120397 0.486526
vt 0.128480 0.542669
vt 0.119388 0.540167
vt 0.110062 0.507530
vt 0.120625 0.470329
vt 0.110530 0.533875
vt 0.121982 0.533736
vt 0.111384 0.496142
vt 0.111920 0.466759
vt 0.110231 0.459794
vt 0.111341 0.526049
vt 0.119945 0.522920
vt 0.110886 0.484038
vt 0.120727 0.479859
vt 0.111460 0.519497
vt 0.112218 0.513690
vt 0.112796 0.469185
vt 0.331620 0.471050
vt 0.328342 0.477970
vt 0.322674 0.474269
vt 0.318458 0.541935
vt 0.321168 0.533268
vt 0.331297 0.537573
vt 0.322286 0.519260
vt 0.312390 0.513809
vt 0.323257 0.513132
vt 0.313212 0.477170
vt 0.312164 0.470509
vt 0.322772 0.468400
vt 0.312643 0.534678
vt 0.312086 0.520414
vt 0.303995 0.519557
vt 0.303380 0.537847
vt 0.309630 0.541143
vt 0.282495 0.464591
vt 0.283919 0.458521
vt 0.292360 0.463760
vt 0.282991 0.525335
vt 0.291642 0.522721
vt 0.292780 0.527360
vt 0.291465 0.504004
vt 0.282226 0.508269
vt 0.282312 0.500670
vt 0.292824 0.516745
vt 0.291261 0.520567
vt 0.285043 0.518339
vt 0.291845 0.489693
vt 0.299339 0.467205
vt 0.301155 0.461786
vt 0.292007 0.480193
vt 0.299912 0.485860
vt 0.294349 0.510786
vt 0.302647 0.515503
vt 0.294633 0.542494
vt 0.291532 0.539134
vt 0.309347 0.467207
vt 0.312207 0.462757
vt 0.312335 0.508260
vt 0.303194 0.509836
vt 0.301588 0.503260
vt 0.310035 0.496638
vt 0.302054 0.479998
vt 0.311129 0.485689
vt 0.302777 0.471317
vt 0.293011 0.457533
vt 0.300525 0.457320
vt 0.303513 0.530354
vt 0.294925 0.531490
vt 0.242952 0.480393
vt 0.251585 0.479802
vt 0.250920 0.486686
vt 0.250172 0.506353
vt 0.238689 0.503971
vt 0.261144 0.475914
vt 0.249905 0.477223
vt 0.252289 0.469794
vt 0.262724 0.469547
vt 0.262096 0.529818
vt 0.262409 0.522957
vt 0.271996 0.525419
vt 0.261162 0.507130
vt 0.262404 0.493918
vt 0.270185 0.507996
vt 0.261762 0.513766
vt 0.273935 0.517020
vt 0.264672 0.519459
vt 0.271192 0.474113
vt 0.261419 0.533087
vt 0.270805 0.534286
vt 0.262401 0.539331
vt 0.251290 0.533131
vt 0.282307 0.511024
vt 0.273029 0.458393
vt 0.283143 0.471513
vt 0.277670 0.477957
vt 0.280936 0.467967
vt 0.282645 0.534267
vt 0.281302 0.541125
vt 0.274496 0.532571
vt 0.275567 0.505373
vt 0.271675 0.496267
vt 0.280627 0.488242
vt 0.272128 0.531315
vt 0.271640 0.541524
vt 0.162756 0.507478
vt 0.171136 0.505491
vt 0.162659 0.487777
vt 0.168508 0.478569
vt 0.171213 0.482700
vt 0.164242 0.473768
vt 0.172484 0.469358
vt 0.172355 0.476505
vt 0.172041 0.533075
vt 0.172675 0.495821
vt 0.179834 0.505502
vt 0.180851 0.491282
vt 0.181777 0.481545
vt 0.175233 0.518638
vt 0.171714 0.513729
vt 0.182386 0.511801
vt 0.191873 0.487531
vt 0.192517 0.479176
vt 0.183679 0.518311
vt 0.192935 0.513994
vt 0.192778 0.470062
vt 0.193053 0.476927
vt 0.178920 0.469171
vt 0.188669 0.499573
vt 0.179374 0.529964
vt 0.182910 0.522548
vt 0.186983 0.524996
vt 0.178891 0.533641
vt 0.182246 0.539070
vt 0.201569 0.529067
vt 0.192096 0.529784
vt 0.194257 0.523798
vt 0.205221 0.522875
vt 0.203995 0.484599
vt 0.201977 0.468918
vt 0.203806 0.475530
vt 0.190381 0.533226
vt 0.194349 0.540608
vt 0.188724 0.542596
vt 0.190098 0.506970
vt 0.202356 0.507396
vt 0.193778 0.498846
vt 0.241796 0.491109
vt 0.242087 0.458760
vt 0.243212 0.464857
vt 0.233466 0.463047
vt 0.231644 0.529225
vt 0.235326 0.522853
vt 0.242462 0.529014
vt 0.242217 0.521939
vt 0.231753 0.484542
vt 0.234507 0.478564
vt 0.233943 0.540522
vt 0.230905 0.534226
vt 0.241689 0.538344
vt 0.231015 0.495943
vt 0.222243 0.524126
vt 0.221550 0.542338
vt 0.223170 0.535748
vt 0.213457 0.462940
vt 0.202869 0.460285
vt 0.211611 0.457450
vt 0.212706 0.527376
vt 0.201266 0.496820
vt 0.210818 0.498470
vt 0.204444 0.478568
vt 0.213985 0.484650
vt 0.212536 0.468661
vt 0.212847 0.474561
vt 0.220494 0.496778
vt 0.230786 0.507588
vt 0.222270 0.509203
vt 0.222595 0.482073
vt 0.214456 0.478567
vt 0.651786 0.466684
vt 0.642601 0.464691
vt 0.652023 0.461190
vt 0.651706 0.482396
vt 0.650711 0.498267
vt 0.640728 0.490580
vt 0.641954 0.500221
vt 0.636561 0.465242
vt 0.635220 0.457502
vt 0.642082 0.458110
vt 0.624290 0.458617
vt 0.632242 0.460157
vt 0.622596 0.464483
vt 0.621297 0.479725
vt 0.632000 0.485454
vt 0.622357 0.487784
vt 0.631967 0.519439
vt 0.625298 0.517550
vt 0.634549 0.515157
vt 0.623233 0.473091
vt 0.634192 0.469992
vt 0.632915 0.476460
vt 0.633120 0.508971
vt 0.632204 0.500969
vt 0.634597 0.480766
vt 0.642040 0.471992
vt 0.607376 0.459343
vt 0.613238 0.465010
vt 0.606829 0.465870
vt 0.611762 0.501289
vt 0.612521 0.508605
vt 0.603461 0.503448
vt 0.604771 0.514177
vt 0.615106 0.517082
vt 0.608326 0.520010
vt 0.602179 0.488966
vt 0.612394 0.488935
vt 0.614653 0.477666
vt 0.611934 0.471976
vt 0.622343 0.499559
vt 0.570086 0.507602
vt 0.560753 0.499455
vt 0.572875 0.498843
vt 0.571395 0.487842
vt 0.582106 0.530558
vt 0.571873 0.528936
vt 0.580708 0.523217
vt 0.570615 0.480104
vt 0.582693 0.479600
vt 0.582122 0.487236
vt 0.580576 0.540661
vt 0.571309 0.539502
vt 0.581550 0.534013
vt 0.593211 0.529339
vt 0.582974 0.516266
vt 0.585945 0.510895
vt 0.590701 0.516129
vt 0.591344 0.532855
vt 0.581263 0.508616
vt 0.582343 0.498617
vt 0.612262 0.530223
vt 0.602452 0.530864
vt 0.601826 0.524111
vt 0.611558 0.523095
vt 0.594320 0.459370
vt 0.593064 0.466224
vt 0.592261 0.494335
vt 0.592481 0.481259
vt 0.600543 0.512011
vt 0.594302 0.519018
vt 0.592316 0.539221
vt 0.601959 0.533106
vt 0.602374 0.540365
vt 0.602653 0.457739
vt 0.583819 0.464403
vt 0.590028 0.457349
vt 0.591427 0.506453
vt 0.593854 0.477043
vt 0.594173 0.471091
vt 0.601388 0.473829
vt 0.502876 0.463298
vt 0.490280 0.465377
vt 0.493976 0.458197
vt 0.502190 0.489207
vt 0.492961 0.493508
vt 0.490529 0.480352
vt 0.501987 0.479557
vt 0.511630 0.457800
vt 0.514261 0.464179
vt 0.511435 0.516813
vt 0.504822 0.520694
vt 0.502655 0.514390
vt 0.503719 0.468941
vt 0.514194 0.473926
vt 0.503118 0.475938
vt 0.503422 0.533424
vt 0.512043 0.536087
vt 0.503416 0.540140
vt 0.511022 0.496469
vt 0.503391 0.506357
vt 0.511346 0.486672
vt 0.492245 0.475087
vt 0.494551 0.469495
vt 0.492226 0.538919
vt 0.522454 0.524664
vt 0.532634 0.527580
vt 0.522450 0.530894
vt 0.529206 0.542242
vt 0.521676 0.539649
vt 0.530720 0.538552
vt 0.530523 0.488734
vt 0.521756 0.504962
vt 0.521958 0.490457
vt 0.520104 0.509898
vt 0.516284 0.501741
vt 0.521443 0.480520
vt 0.521543 0.518807
vt 0.515462 0.511684
vt 0.524300 0.512431
vt 0.504368 0.522173
vt 0.512615 0.525617
vt 0.503089 0.528590
vt 0.562057 0.458573
vt 0.571778 0.458036
vt 0.571459 0.465301
vt 0.561311 0.523927
vt 0.571856 0.521982
vt 0.563163 0.516753
vt 0.568093 0.510741
vt 0.572780 0.515620
vt 0.561528 0.533952
vt 0.570801 0.532915
vt 0.555323 0.461262
vt 0.560341 0.466010
vt 0.561269 0.508348
vt 0.551731 0.506661
vt 0.555378 0.520750
vt 0.552028 0.514378
vt 0.558113 0.510730
vt 0.550175 0.458938
vt 0.552751 0.458769
vt 0.552123 0.465675
vt 0.552171 0.530205
vt 0.550372 0.522891
vt 0.550090 0.497961
vt 0.551757 0.483976
vt 0.533151 0.465119
vt 0.532209 0.458594
vt 0.542783 0.458372
vt 0.541149 0.485939
vt 0.533107 0.480228
vt 0.541485 0.496148
vt 0.543398 0.524981
vt 0.542960 0.530739
vt 0.540946 0.507607
vt 0.531424 0.506810
vt 0.331655 0.465841
vt 0.321902 0.460916
vt 0.333773 0.459587
vt 0.322325 0.505467
vt 0.332175 0.503350
vt 0.330482 0.508210
vt 0.330775 0.491786
vt 0.341895 0.465538
vt 0.340630 0.491353
vt 0.341218 0.505781
vt 0.341159 0.480514
vt 0.335384 0.519511
vt 0.332167 0.513645
vt 0.341872 0.513811
vt 0.352031 0.489680
vt 0.351115 0.500944
vt 0.343095 0.457436
vt 0.343494 0.469591
vt 0.341389 0.475998
vt 0.371650 0.515474
vt 0.362897 0.519199
vt 0.362778 0.512332
vt 0.370612 0.539981
vt 0.362142 0.540968
vt 0.360575 0.534834
vt 0.358788 0.519514
vt 0.352716 0.512034
vt 0.351962 0.469183
vt 0.364185 0.469110
vt 0.362429 0.476451
vt 0.352718 0.476449
vt 0.358903 0.541235
vt 0.352430 0.535963
vt 0.340763 0.540462
vt 0.340888 0.532965
vt 0.359707 0.466602
vt 0.349371 0.463365
vt 0.358870 0.459344
vt 0.411443 0.514355
vt 0.403708 0.519743
vt 0.402610 0.512520
vt 0.402408 0.476155
vt 0.400463 0.470411
vt 0.407910 0.467778
vt 0.403211 0.539864
vt 0.400930 0.533345
vt 0.412337 0.535878
vt 0.389876 0.499243
vt 0.400023 0.508191
vt 0.392180 0.507619
vt 0.402403 0.495542
vt 0.401878 0.482301
vt 0.392129 0.480933
vt 0.381042 0.532686
vt 0.392161 0.533612
vt 0.391234 0.540106
vt 0.390139 0.489118
vt 0.371669 0.457652
vt 0.372257 0.464074
vt 0.364259 0.462936
vt 0.364705 0.479752
vt 0.371656 0.479771
vt 0.371092 0.489210
vt 0.371756 0.469246
vt 0.371189 0.522579
vt 0.382809 0.525177
vt 0.372394 0.529881
vt 0.375663 0.499062
vt 0.380915 0.507135
vt 0.370257 0.506308
vt 0.382439 0.472997
vt 0.379517 0.477890
vt 0.372272 0.476010
vt 0.391858 0.530512
vt 0.392305 0.523181
vt 0.381641 0.491551
vt 0.382435 0.539284
vt 0.482130 0.463369
vt 0.481488 0.530586
vt 0.481724 0.523715
vt 0.492124 0.527272
vt 0.493735 0.518600
vt 0.483216 0.520387
vt 0.481034 0.516938
vt 0.491673 0.511772
vt 0.482975 0.505432
vt 0.482189 0.492877
vt 0.470712 0.493483
vt 0.473457 0.482021
vt 0.482253 0.471073
vt 0.483371 0.477566
vt 0.473344 0.475948
vt 0.481322 0.540056
vt 0.472724 0.535230
vt 0.482669 0.532743
vt 0.463299 0.505649
vt 0.461454 0.493233
vt 0.472856 0.507044
vt 0.445409 0.461906
vt 0.449923 0.457278
vt 0.453176 0.462827
vt 0.441339 0.522859
vt 0.453107 0.529599
vt 0.442345 0.529263
vt 0.446963 0.479625
vt 0.452565 0.479059
vt 0.450860 0.491156
vt 0.445246 0.469561
vt 0.453214 0.471354
vt 0.445419 0.476399
vt 0.452559 0.533020
vt 0.453268 0.540930
vt 0.440737 0.540256
vt 0.453847 0.522995
vt 0.463512 0.523754
vt 0.462698 0.533253
vt 0.463022 0.530769
vt 0.472851 0.527670
vt 0.464724 0.480497
vt 0.473369 0.518726
vt 0.463521 0.519436
vt 0.463533 0.512976
vt 0.473458 0.512086
vt 0.459853 0.483136
vt 0.462880 0.540400
vt 0.402989 0.460328
vt 0.410892 0.457352
vt 0.414348 0.459316
vt 0.413150 0.466427
vt 0.402509 0.466603
vt 0.414600 0.470494
vt 0.414114 0.530709
vt 0.410962 0.525849
vt 0.423050 0.524340
vt 0.422908 0.474855
vt 0.411461 0.477670
vt 0.421353 0.495690
vt 0.431341 0.501872
vt 0.421399 0.507587
vt 0.433605 0.517905
vt 0.424918 0.519819
vt 0.422362 0.513040
vt 0.433608 0.511931
vt 0.431245 0.487088
vt 0.421452 0.482597
vt 0.412097 0.497023
vt 0.413164 0.482047
vt 0.414853 0.519523
vt 0.454315 0.517257
vt 0.443900 0.519339
vt 0.444804 0.512715
vt 0.442896 0.485075
vt 0.442904 0.502075
vt 0.441942 0.532778
vt 0.438828 0.509483
vt 0.433723 0.475106
vt 0.421933 0.533775
vt 0.431305 0.539684
vt 0.422292 0.540975
vt 0.431934 0.529435
vt 0.431527 0.522772
vt 0.438425 0.480636
vt 0.436303 0.494086
vt 0.438049 0.533846
vt 0.004571 0.463530
vt 0.008048 0.460155
vt 0.006916 0.524252
vt 0.012248 0.539799
vt 0.007012 0.537252
vt 0.012266 0.535192
vt 0.005485 0.527455
vt 0.001775 0.525660
vt 0.962362 0.524244
vt 0.960705 0.527880
vt 0.953013 0.524789
vt 0.961381 0.506958
vt 0.952370 0.505607
vt 0.961630 0.503362
vt 0.971324 0.463376
vt 0.971527 0.460137
vt 0.978871 0.462504
vt 0.971704 0.527653
vt 0.972093 0.524521
vt 0.978923 0.524837
vt 0.979253 0.473118
vt 0.972037 0.475133
vt 0.971798 0.471822
vt 0.962533 0.464177
vt 0.962141 0.460510
vt 0.971126 0.506568
vt 0.961607 0.471012
vt 0.962302 0.474661
vt 0.961745 0.536455
vt 0.971681 0.536574
vt 0.966291 0.539360
vt 0.961568 0.495669
vt 0.961604 0.492427
vt 0.970772 0.494620
vt 0.984994 0.517094
vt 0.993590 0.515153
vt 0.993119 0.517457
vt 0.978398 0.482205
vt 0.978333 0.484859
vt 0.970770 0.482241
vt 0.984469 0.484121
vt 0.984449 0.494171
vt 0.978075 0.496105
vt 0.977998 0.493589
vt 0.993584 0.474416
vt 0.986418 0.473031
vt 0.993537 0.471538
vt 0.653703 0.523440
vt 0.653371 0.530383
vt 0.643866 0.529364
vt 0.660184 0.500897
vt 0.651515 0.508453
vt 0.662173 0.491034
vt 0.670644 0.497106
vt 0.662292 0.508416
vt 0.661887 0.540373
vt 0.662525 0.534107
vt 0.671556 0.540238
vt 0.662399 0.518437
vt 0.654003 0.515579
vt 0.663508 0.512770
vt 0.681648 0.507344
vt 0.691439 0.491178
vt 0.690518 0.506482
vt 0.681821 0.481870
vt 0.681688 0.494596
vt 0.691968 0.472125
vt 0.684360 0.477402
vt 0.682952 0.474185
vt 0.673453 0.459879
vt 0.682787 0.459104
vt 0.673692 0.466313
vt 0.672135 0.504777
vt 0.673102 0.469818
vt 0.682601 0.468749
vt 0.662104 0.459702
vt 0.663249 0.466424
vt 0.673619 0.528561
vt 0.663001 0.530018
vt 0.662372 0.524218
vt 0.672129 0.522388
vt 0.662659 0.481365
vt 0.672840 0.482094
vt 0.663419 0.473461
vt 0.671508 0.475373
vt 0.674551 0.519001
vt 0.670914 0.511689
vt 0.684098 0.517862
vt 0.730839 0.465535
vt 0.721432 0.466329
vt 0.721317 0.461480
vt 0.729662 0.505176
vt 0.720368 0.508973
vt 0.719222 0.501104
vt 0.722182 0.493945
vt 0.719230 0.484673
vt 0.730625 0.482124
vt 0.731246 0.470583
vt 0.721712 0.476082
vt 0.721301 0.470027
vt 0.712877 0.464602
vt 0.721627 0.513443
vt 0.722029 0.518686
vt 0.711804 0.519214
vt 0.711242 0.458673
vt 0.701876 0.463223
vt 0.702240 0.527974
vt 0.710235 0.521989
vt 0.711969 0.525328
vt 0.710471 0.501080
vt 0.710929 0.509103
vt 0.701196 0.506496
vt 0.712519 0.512702
vt 0.690967 0.464824
vt 0.692215 0.458905
vt 0.692099 0.523651
vt 0.690936 0.529577
vt 0.683277 0.525146
vt 0.691623 0.480406
vt 0.701319 0.493420
vt 0.701746 0.480832
vt 0.692816 0.512401
vt 0.702577 0.513691
vt 0.692204 0.518594
vt 0.078046 0.479161
vt 0.079597 0.486566
vt 0.710927 0.488349
vt 0.701143 0.475563
vt 0.702667 0.469397
vt 0.712486 0.473984
vt 0.711192 0.535345
vt 0.703941 0.541516
vt 0.701457 0.538532
vt 0.700898 0.533035
vt 0.698261 0.530921
vt 0.701678 0.523044
vt 0.692382 0.537479
vt 0.807629 0.465077
vt 0.798019 0.465224
vt 0.808994 0.458640
vt 0.809668 0.515480
vt 0.796840 0.519045
vt 0.799624 0.512954
vt 0.798272 0.481764
vt 0.799120 0.498255
vt 0.788597 0.490511
vt 0.789105 0.459820
vt 0.789192 0.465817
vt 0.779829 0.465824
vt 0.788735 0.504210
vt 0.781826 0.508308
vt 0.778633 0.502590
vt 0.789594 0.518432
vt 0.781684 0.512422
vt 0.790449 0.512909
vt 0.790425 0.475530
vt 0.780391 0.469403
vt 0.789822 0.470079
vt 0.778614 0.536698
vt 0.789643 0.533126
vt 0.788721 0.539169
vt 0.797058 0.459620
vt 0.789203 0.522767
vt 0.799595 0.523197
vt 0.799321 0.529018
vt 0.788960 0.481355
vt 0.769084 0.460576
vt 0.770076 0.465830
vt 0.759328 0.466006
vt 0.769422 0.502762
vt 0.765085 0.509481
vt 0.759571 0.506181
vt 0.768855 0.538727
vt 0.770035 0.533178
vt 0.769724 0.485821
vt 0.778428 0.489545
vt 0.780789 0.475245
vt 0.778986 0.460548
vt 0.731974 0.493358
vt 0.720764 0.537316
vt 0.730447 0.533385
vt 0.729638 0.539648
vt 0.738996 0.483874
vt 0.750590 0.503591
vt 0.739151 0.507140
vt 0.741395 0.499467
vt 0.748668 0.539202
vt 0.740496 0.541035
vt 0.739039 0.534728
vt 0.749763 0.533832
vt 0.758765 0.526551
vt 0.768769 0.522513
vt 0.769432 0.528818
vt 0.760800 0.493354
vt 0.758683 0.480062
vt 0.769655 0.519897
vt 0.760516 0.518702
vt 0.762218 0.513635
vt 0.761239 0.475820
vt 0.769820 0.470812
vt 0.770005 0.476095
vt 0.759388 0.540651
vt 0.760413 0.533665
vt 0.759425 0.460442
vt 0.750681 0.460658
vt 0.749369 0.466516
vt 0.743423 0.465864
vt 0.751355 0.471858
vt 0.740233 0.476398
vt 0.741010 0.469880
vt 0.749407 0.488246
vt 0.751324 0.511863
vt 0.751169 0.516936
vt 0.952139 0.481897
vt 0.961990 0.483351
vt 0.951775 0.485223
vt 0.952442 0.496344
vt 0.951119 0.492391
vt 0.953481 0.473382
vt 0.944050 0.475213
vt 0.943511 0.471645
vt 0.942765 0.494814
vt 0.934341 0.462338
vt 0.942579 0.459395
vt 0.943389 0.463647
vt 0.934847 0.496381
vt 0.935523 0.491910
vt 0.952664 0.460398
vt 0.952589 0.464274
vt 0.946272 0.528565
vt 0.943663 0.523969
vt 0.942775 0.485910
vt 0.943324 0.482561
vt 0.952595 0.538769
vt 0.943164 0.537197
vt 0.952506 0.534829
vt 0.916909 0.459967
vt 0.925853 0.459593
vt 0.924890 0.463458
vt 0.917002 0.516647
vt 0.923053 0.513043
vt 0.926446 0.516847
vt 0.914685 0.493351
vt 0.924211 0.492008
vt 0.925143 0.495407
vt 0.924039 0.502943
vt 0.924300 0.506653
vt 0.916378 0.506155
vt 0.934620 0.484077
vt 0.926577 0.486641
vt 0.924424 0.482512
vt 0.933384 0.481494
vt 0.943675 0.515013
vt 0.935271 0.517991
vt 0.936042 0.513900
vt 0.928129 0.513296
vt 0.923867 0.495552
vt 0.930293 0.497524
vt 0.886407 0.507699
vt 0.876172 0.499068
vt 0.886137 0.495454
vt 0.887679 0.482454
vt 0.877281 0.489685
vt 0.896661 0.493771
vt 0.895955 0.504193
vt 0.897421 0.529141
vt 0.895834 0.524456
vt 0.906052 0.523480
vt 0.897473 0.475688
vt 0.897204 0.470854
vt 0.905899 0.474503
vt 0.905984 0.482495
vt 0.896269 0.486197
vt 0.895381 0.480122
vt 0.884918 0.459543
vt 0.893975 0.458535
vt 0.896139 0.463363
vt 0.896425 0.534578
vt 0.894978 0.539640
vt 0.886928 0.537118
vt 0.916013 0.528564
vt 0.915557 0.523621
vt 0.924558 0.524880
vt 0.914662 0.485920
vt 0.914832 0.481228
vt 0.924277 0.537516
vt 0.914984 0.537974
vt 0.916637 0.533706
vt 0.915416 0.464729
vt 0.906365 0.459991
vt 0.913389 0.508481
vt 0.905451 0.506062
vt 0.906748 0.517844
vt 0.906059 0.513352
vt 0.916214 0.471131
vt 0.916114 0.475332
vt 0.906648 0.528234
vt 0.905488 0.538100
vt 0.905714 0.533548
vt 0.907400 0.470872
vt 0.799529 0.508145
vt 0.809202 0.506948
vt 0.807933 0.492112
vt 0.818883 0.540735
vt 0.818537 0.534759
vt 0.828677 0.536375
vt 0.810040 0.523176
vt 0.819955 0.527745
vt 0.809377 0.529175
vt 0.818550 0.500544
vt 0.818298 0.508038
vt 0.817898 0.489296
vt 0.817897 0.480487
vt 0.809933 0.470490
vt 0.819536 0.475378
vt 0.809376 0.476134
vt 0.809340 0.533445
vt 0.809620 0.539099
vt 0.839172 0.513887
vt 0.830253 0.519663
vt 0.830072 0.514188
vt 0.828130 0.487107
vt 0.837632 0.484763
vt 0.838400 0.501176
vt 0.818285 0.465216
vt 0.819720 0.459261
vt 0.829307 0.461076
vt 0.827405 0.458127
vt 0.831389 0.528441
vt 0.829426 0.522774
vt 0.839063 0.525231
vt 0.828206 0.508497
vt 0.828430 0.501849
vt 0.877998 0.459383
vt 0.878317 0.465145
vt 0.885190 0.529214
vt 0.877625 0.528838
vt 0.877848 0.523159
vt 0.878232 0.470489
vt 0.886247 0.471666
vt 0.878161 0.475587
vt 0.875055 0.509090
vt 0.867133 0.503760
vt 0.858040 0.522958
vt 0.869129 0.523322
vt 0.858892 0.528233
vt 0.867361 0.533290
vt 0.867240 0.538484
vt 0.857441 0.537953
vt 0.877871 0.515971
vt 0.868442 0.519418
vt 0.868587 0.514006
vt 0.868072 0.488743
vt 0.847333 0.507781
vt 0.848129 0.494431
vt 0.848114 0.481438
vt 0.850292 0.512555
vt 0.840168 0.519750
vt 0.838501 0.534674
vt 0.840272 0.532699
vt 0.847465 0.535919
vt 0.838592 0.540068
vt 0.857894 0.504743
vt 0.848302 0.522938
vt 0.849123 0.528280
vt 0.857135 0.488592
vt 0.858059 0.479754
vt 0.858756 0.532790
vt 0.999103 0.516011
vt 0.012498 0.481629
vt 0.015105 0.514724
vt 0.018778 0.511525
vt 0.050991 0.538083
vt 0.040999 0.483735
vt 0.039026 0.508583
vt 0.030442 0.461889
vt 0.030501 0.469399
vt 0.031788 0.475379
vt 0.028742 0.477576
vt 0.040639 0.531363
vt 0.091305 0.460124
vt 0.083170 0.519443
vt 0.080876 0.514197
vt 0.092472 0.469523
vt 0.080685 0.541416
vt 0.081598 0.534268
vt 0.090382 0.484361
vt 0.070567 0.458545
vt 0.070025 0.466035
vt 0.071686 0.522878
vt 0.071740 0.477198
vt 0.069362 0.469686
vt 0.061697 0.534788
vt 0.079399 0.457256
vt 0.162341 0.469363
vt 0.153655 0.476348
vt 0.073856 0.469272
vt 0.059184 0.457241
vt 0.057613 0.532681
vt 0.061934 0.466809
vt 0.058021 0.479160
vt 0.161917 0.479823
vt 0.153411 0.464663
vt 0.152925 0.458791
vt 0.153424 0.518958
vt 0.153499 0.512788
vt 0.162287 0.513239
vt 0.165155 0.516348
vt 0.142438 0.466314
vt 0.140913 0.458952
vt 0.141720 0.518715
vt 0.142243 0.512214
vt 0.132068 0.523065
vt 0.133534 0.457325
vt 0.090935 0.508173
vt 0.101565 0.529673
vt 0.321051 0.492814
vt 0.320593 0.482432
vt 0.331182 0.481178
vt 0.102913 0.522137
vt 0.110121 0.541166
vt 0.101176 0.533490
vt 0.105573 0.480478
vt 0.126947 0.467324
vt 0.252449 0.457607
vt 0.261717 0.457557
vt 0.263316 0.459894
vt 0.252354 0.463353
vt 0.321816 0.478930
vt 0.330832 0.519031
vt 0.327301 0.520830
vt 0.314825 0.457271
vt 0.320735 0.467120
vt 0.311111 0.531060
vt 0.310485 0.523681
vt 0.321640 0.525847
vt 0.312089 0.479852
vt 0.282865 0.480265
vt 0.291670 0.532943
vt 0.303232 0.522146
vt 0.303993 0.477717
vt 0.301943 0.510968
vt 0.300938 0.533246
vt 0.248484 0.457135
vt 0.253512 0.497823
vt 0.252242 0.523642
vt 0.252191 0.530572
vt 0.262215 0.481893
vt 0.262188 0.466260
vt 0.269981 0.511360
vt 0.271592 0.482185
vt 0.252326 0.540494
vt 0.283727 0.530415
vt 0.293815 0.474839
vt 0.291200 0.469479
vt 0.271989 0.466247
vt 0.182055 0.476186
vt 0.171937 0.457614
vt 0.172419 0.523003
vt 0.164996 0.477827
vt 0.182344 0.466370
vt 0.172200 0.466831
vt 0.241896 0.532912
vt 0.192498 0.464442
vt 0.183308 0.458940
vt 0.181538 0.508922
vt 0.192366 0.457552
vt 0.202010 0.466819
vt 0.204365 0.511897
vt 0.202685 0.517847
vt 0.202843 0.533583
vt 0.204215 0.540881
vt 0.242387 0.471007
vt 0.241813 0.476852
vt 0.209974 0.532719
vt 0.212673 0.535766
vt 0.231619 0.457363
vt 0.233485 0.476297
vt 0.231664 0.469721
vt 0.223141 0.466532
vt 0.232072 0.466820
vt 0.224126 0.472222
vt 0.212027 0.466820
vt 0.212196 0.514146
vt 0.647530 0.457419
vt 0.212538 0.542004
vt 0.222380 0.459007
vt 0.222896 0.531102
vt 0.232623 0.514356
vt 0.222315 0.517484
vt 0.227598 0.510593
vt 0.213051 0.507898
vt 0.221457 0.477681
vt 0.642147 0.508546
vt 0.604999 0.480591
vt 0.612905 0.479390
vt 0.642065 0.480184
vt 0.644339 0.476319
vt 0.653803 0.470756
vt 0.633877 0.529635
vt 0.633358 0.522919
vt 0.643305 0.522944
vt 0.643968 0.514371
vt 0.640233 0.511111
vt 0.632826 0.540465
vt 0.633309 0.533757
vt 0.642713 0.537999
vt 0.632596 0.466693
vt 0.624363 0.525143
vt 0.625265 0.531175
vt 0.623830 0.541026
vt 0.620052 0.531194
vt 0.612471 0.512260
vt 0.613807 0.458174
vt 0.622256 0.508603
vt 0.611937 0.534735
vt 0.610572 0.540777
vt 0.625007 0.477669
vt 0.622724 0.534050
vt 0.622375 0.512248
vt 0.621596 0.520578
vt 0.565068 0.473762
vt 0.571756 0.469361
vt 0.573470 0.476143
vt 0.582315 0.471503
vt 0.583137 0.457734
vt 0.582933 0.477521
vt 0.604203 0.476658
vt 0.592920 0.522390
vt 0.514729 0.478718
vt 0.490559 0.532656
vt 0.489131 0.542286
vt 0.491499 0.505041
vt 0.493268 0.522629
vt 0.508053 0.477982
vt 0.502325 0.457606
vt 0.533388 0.522579
vt 0.542619 0.521810
vt 0.523423 0.464960
vt 0.522026 0.458610
vt 0.532781 0.518343
vt 0.522426 0.532634
vt 0.530773 0.533315
vt 0.516359 0.531510
vt 0.514775 0.532311
vt 0.512074 0.531095
vt 0.511424 0.508266
vt 0.511811 0.541314
vt 0.514237 0.521535
vt 0.561701 0.491190
vt 0.560276 0.480347
vt 0.560584 0.540377
vt 0.562444 0.531038
vt 0.552783 0.532567
vt 0.543469 0.464961
vt 0.551441 0.476770
vt 0.552571 0.469375
vt 0.549649 0.539084
vt 0.535262 0.511092
vt 0.523905 0.474428
vt 0.533914 0.468688
vt 0.534667 0.475084
vt 0.543178 0.517780
vt 0.543363 0.478840
vt 0.550665 0.518791
vt 0.543941 0.511226
vt 0.543858 0.472600
vt 0.543720 0.540995
vt 0.541758 0.534882
vt 0.548490 0.532158
vt 0.333507 0.532568
vt 0.332323 0.523032
vt 0.330777 0.530743
vt 0.341088 0.522385
vt 0.333323 0.476602
vt 0.369878 0.532960
vt 0.361937 0.532842
vt 0.342694 0.530436
vt 0.351544 0.528648
vt 0.352125 0.517896
vt 0.347324 0.520837
vt 0.362292 0.500099
vt 0.359566 0.481559
vt 0.403953 0.523119
vt 0.399321 0.530701
vt 0.357436 0.523270
vt 0.363410 0.528396
vt 0.359801 0.508745
vt 0.352764 0.508066
vt 0.351948 0.522164
vt 0.351302 0.480701
vt 0.351768 0.458284
vt 0.409964 0.508276
vt 0.406846 0.487392
vt 0.393227 0.465521
vt 0.390060 0.458275
vt 0.391522 0.517592
vt 0.392274 0.471226
vt 0.391030 0.476948
vt 0.394614 0.477795
vt 0.381063 0.465969
vt 0.383286 0.458118
vt 0.379634 0.460148
vt 0.379820 0.530916
vt 0.380469 0.481049
vt 0.381640 0.515144
vt 0.380153 0.519138
vt 0.457917 0.458441
vt 0.464431 0.463034
vt 0.462468 0.465746
vt 0.384465 0.511205
vt 0.383701 0.468682
vt 0.490127 0.531391
vt 0.482019 0.480161
vt 0.475271 0.466287
vt 0.478274 0.457782
vt 0.473716 0.469680
vt 0.472644 0.459120
vt 0.471950 0.541928
vt 0.474165 0.521553
vt 0.451623 0.507238
vt 0.451496 0.510892
vt 0.463497 0.474086
vt 0.431938 0.478972
vt 0.423132 0.479278
vt 0.455046 0.510836
vt 0.458459 0.467778
vt 0.411590 0.540931
vt 0.419755 0.466442
vt 0.415406 0.521491
vt 0.422991 0.530837
vt 0.432379 0.468544
vt 0.423994 0.460894
vt 0.438502 0.466068
vt 0.432968 0.460598
vt 0.443368 0.466475
vt 0.985890 0.481908
vt 0.991965 0.482010
vt 0.991509 0.484411
vt 0.431534 0.532961
vt 0.439432 0.468719
vt 0.010789 0.465871
vt 0.007076 0.506636
vt 0.010104 0.497201
vt 0.005235 0.493842
vt 0.002729 0.504065
vt 0.971667 0.503387
vt 0.979014 0.505204
vt 0.969942 0.485613
vt 0.971732 0.515881
vt 0.962458 0.515515
vt 0.970990 0.513679
vt 0.985894 0.526212
vt 0.992006 0.526853
vt 0.986976 0.528063
vt 0.991711 0.505050
vt 0.985327 0.506454
vt 0.984159 0.503882
vt 0.657465 0.467075
vt 0.987026 0.514350
vt 0.991276 0.493018
vt 0.991605 0.495217
vt 0.978869 0.514898
vt 0.985099 0.514298
vt 0.986254 0.471404
vt 0.979390 0.527725
vt 0.979280 0.517631
vt 0.973820 0.516054
vt 0.985350 0.462014
vt 0.983724 0.464263
vt 0.986249 0.537609
vt 0.992105 0.535541
vt 0.992147 0.537754
vt 0.654388 0.477266
vt 0.651738 0.534054
vt 0.653408 0.540353
vt 0.655034 0.457595
vt 0.731469 0.518954
vt 0.731986 0.513365
vt 0.682328 0.465948
vt 0.682647 0.540005
vt 0.681991 0.534008
vt 0.689320 0.533845
vt 0.670353 0.534266
vt 0.682298 0.512168
vt 0.730440 0.523512
vt 0.730910 0.529207
vt 0.720860 0.529458
vt 0.721510 0.523243
vt 0.731986 0.476219
vt 0.712021 0.530344
vt 0.712501 0.479978
vt 0.711489 0.540590
vt 0.807278 0.481124
vt 0.701886 0.519790
vt 0.695056 0.532490
vt 0.799454 0.476145
vt 0.799644 0.470593
vt 0.788791 0.527966
vt 0.779690 0.522765
vt 0.779490 0.481185
vt 0.799382 0.536033
vt 0.770245 0.513404
vt 0.780001 0.528534
vt 0.776935 0.508313
vt 0.739611 0.522069
vt 0.740236 0.528474
vt 0.779987 0.518775
vt 0.731025 0.459659
vt 0.732110 0.479214
vt 0.739905 0.513355
vt 0.741557 0.461285
vt 0.738384 0.466607
vt 0.943033 0.507216
vt 0.933628 0.506722
vt 0.935011 0.503062
vt 0.943091 0.503059
vt 0.742645 0.519711
vt 0.760092 0.469835
vt 0.749576 0.523010
vt 0.750914 0.529294
vt 0.750250 0.479497
vt 0.952978 0.518024
vt 0.953467 0.513907
vt 0.953084 0.528226
vt 0.934258 0.526081
vt 0.830566 0.476155
vt 0.820627 0.469875
vt 0.830951 0.470078
vt 0.935824 0.474664
vt 0.934873 0.470778
vt 0.944225 0.518708
vt 0.924937 0.529254
vt 0.936928 0.464897
vt 0.933519 0.539218
vt 0.933697 0.534604
vt 0.925340 0.473517
vt 0.886698 0.465100
vt 0.888123 0.523969
vt 0.886423 0.516864
vt 0.885890 0.512087
vt 0.887870 0.475755
vt 0.887666 0.482792
vt 0.914996 0.501957
vt 0.911542 0.501576
vt 0.906263 0.493842
vt 0.909646 0.490739
vt 0.898921 0.460164
vt 0.906472 0.464891
vt 0.904910 0.529761
vt 0.901394 0.502510
vt 0.905454 0.501807
vt 0.896287 0.516400
vt 0.900142 0.490561
vt 0.818757 0.512522
vt 0.820187 0.517918
vt 0.839520 0.460278
vt 0.849195 0.465750
vt 0.838929 0.465800
vt 0.849853 0.469293
vt 0.840019 0.475849
vt 0.839462 0.469585
vt 0.837644 0.508079
vt 0.828563 0.466070
vt 0.868267 0.475800
vt 0.868710 0.470170
vt 0.877115 0.538390
vt 0.877302 0.533115
vt 0.868390 0.463290
vt 0.877925 0.483302
vt 0.867743 0.480951
vt 0.868260 0.528983
vt 0.859635 0.469194
vt 0.858453 0.518896
vt 0.857582 0.512693
vt 0.850452 0.459285
vt 0.850481 0.518768
vt 0.848909 0.474721
vt 0.858082 0.474917
vt 0.858823 0.462348
vt 0.997327 0.536855
vt 0.997334 0.483131
vt 0.998630 0.472804
vt 0.997757 0.494239
s 1
f 798/1/44 797/2/45 416/3/46
f 419/4/47 417/5/48 416/6/46
f 415/7/49 992/8/50 797/9/45
f 797/10/45 992/11/50 416/12/46
f 420/13/51 796/14/52 414/15/53
f 419/4/47 426/16/54 417/5/48
f 419/17/47 992/18/50 426/19/54
f 427/20/55 420/21/51 431/22/56
f 796/14/52 420/13/51 418/23/57
f 993/24/58 425/25/59 445/26/60
f 446/27/61 448/28/62 422/29/63
f 422/30/63 425/31/59 994/32/64
f 446/33/61 432/34/65 423/35/66
f 427/36/55 430/37/67 992/8/50
f 431/38/56 420/13/51 433/39/68
f 417/40/48 429/41/69 428/42/70
f 427/20/55 431/22/56 432/34/65
f 428/42/70 433/39/68 420/13/51
f 426/19/54 994/32/64 429/43/69
f 432/44/65 446/45/61 430/37/67
f 433/39/68 424/46/71 431/38/56
f 433/39/68 428/42/70 424/46/71
f 435/47/72 996/48/73 436/49/74
f 483/50/75 438/51/76 489/52/77
f 439/53/78 484/54/79 995/55/80
f 437/56/81 440/57/82 434/58/83
f 440/59/82 444/60/84 456/61/85
f 443/62/86 440/57/82 452/63/87
f 452/63/87 451/64/88 443/62/86
f 438/51/76 439/65/78 442/66/89
f 450/67/90 448/68/62 446/45/61
f 450/69/90 423/70/66 449/71/91
f 424/46/71 421/72/92 449/71/91
f 454/73/93 421/74/92 445/26/60
f 455/75/94 450/67/90 456/76/85
f 449/71/91 453/77/95 450/78/90
f 457/79/96 445/80/60 447/81/97
f 456/76/85 442/66/89 455/75/94
f 451/64/88 452/63/87 997/82/98
f 441/83/99 454/84/93 457/79/96
f 455/85/94 457/86/96 447/87/97
f 461/88/100 459/89/101 567/90/102
f 463/91/103 999/92/104 1005/93/105
f 999/94/104 458/95/106 460/96/107
f 470/97/108 458/95/106 465/98/109
f 465/99/109 469/100/110 1000/101/111
f 467/102/112 471/103/113 480/104/114
f 466/105/115 1000/106/111 469/107/110
f 468/108/116 470/109/108 471/103/113
f 478/110/117 495/111/118 476/112/119
f 497/113/120 477/114/121 473/115/122
f 475/116/123 477/117/121 497/118/120
f 498/119/124 496/120/125 476/112/119
f 496/120/125 473/121/122 480/104/114
f 1000/122/111 478/123/117 481/124/126
f 471/103/113 479/125/127 480/104/114
f 481/126/126 476/112/119 479/125/127
f 479/125/127 496/120/125 480/104/114
f 491/127/128 493/128/129 484/129/79
f 493/128/129 482/130/130 484/129/79
f 503/131/131 504/132/132 491/133/128
f 488/134/133 485/135/134 493/136/129
f 490/137/135 487/138/136 492/139/137
f 486/140/138 494/141/139 489/142/77
f 487/138/136 485/143/134 492/139/137
f 499/144/140 497/145/120 473/146/122
f 474/147/141 475/148/123 501/149/142
f 496/120/125 498/119/124 507/150/143
f 474/151/141 500/152/144 478/123/117
f 495/111/118 506/153/145 498/119/124
f 501/154/142 497/118/120 504/132/132
f 500/152/144 506/155/145 495/156/118
f 508/157/146 507/150/143 498/119/124
f 499/144/140 509/158/147 502/159/148
f 502/159/148 497/145/120 499/144/140
f 501/149/142 505/160/149 500/161/144
f 507/150/143 508/157/146 509/162/147
f 509/162/147 499/163/140 507/150/143
f 497/113/120 502/164/148 504/165/132
f 505/166/149 501/154/142 504/132/132
f 698/167/150 694/168/151 513/169/152
f 696/170/153 512/171/154 695/172/155
f 510/173/156 518/174/157 513/175/152
f 513/169/152 518/176/157 520/177/158
f 520/177/158 696/178/153 513/169/152
f 516/179/159 512/171/154 696/170/153
f 518/174/157 519/180/160 529/181/161
f 532/182/162 516/179/159 521/183/163
f 551/184/164 546/185/165 524/186/166
f 550/187/167 527/188/168 525/189/169
f 1001/190/170 552/191/171 522/192/172
f 526/193/173 524/194/166 546/195/165
f 523/196/174 1001/190/170 522/192/172
f 533/197/175 524/186/166 529/198/161
f 524/199/166 533/200/175 523/196/174
f 547/201/176 531/202/177 526/193/173
f 532/182/162 525/203/169 527/204/168
f 517/205/178 529/198/161 519/206/160
f 516/207/159 532/208/162 530/209/179
f 530/209/179 515/210/180 516/207/159
f 533/200/175 529/211/161 517/212/178
f 531/202/177 518/174/157 529/181/161
f 528/213/181 520/177/158 518/176/157
f 533/200/175 515/210/180 530/209/179
f 529/198/161 526/214/173 531/215/177
f 528/216/181 547/217/176 525/189/169
f 586/218/182 536/219/183 535/220/184
f 540/221/185 583/222/186 535/220/184
f 544/223/187 538/224/188 534/225/189
f 534/225/189 539/226/190 544/223/187
f 539/227/190 545/228/191 558/229/192
f 542/230/193 554/231/194 553/232/195
f 544/233/187 556/234/196 541/235/197
f 557/236/198 544/223/187 539/226/190
f 542/237/193 553/238/195 545/239/191
f 540/240/185 542/237/193 545/239/191
f 546/195/165 1003/241/199 547/201/176
f 547/201/176 526/193/173 546/195/165
f 551/184/164 556/242/196 546/185/165
f 1003/243/199 556/244/196 557/236/198
f 557/236/198 550/245/167 1003/243/199
f 552/246/171 550/247/167 553/238/195
f 553/238/195 549/248/200 552/246/171
f 549/249/200 1004/250/201 548/251/202
f 522/192/172 552/191/171 549/249/200
f 550/187/167 557/252/198 558/229/192
f 550/247/167 558/253/192 553/238/195
f 549/249/200 553/232/195 1004/250/201
f 458/254/106 468/108/116 559/255/203
f 998/256/204 567/257/102 1006/258/205
f 463/259/103 1005/260/105 1007/261/206
f 458/95/106 559/262/203 460/96/107
f 568/263/207 560/264/208 559/255/203
f 1008/265/209 1006/258/205 565/266/210
f 567/267/102 1007/268/206 566/269/211
f 1008/265/209 565/266/210 580/270/212
f 580/270/212 565/266/210 577/271/213
f 562/272/214 566/269/211 579/273/215
f 575/274/216 579/275/215 564/276/217
f 1008/265/209 574/277/218 560/264/208
f 564/278/217 563/279/219 561/280/220
f 568/263/207 1008/265/209 560/264/208
f 566/269/211 562/272/214 567/267/102
f 460/96/107 560/281/208 563/282/219
f 573/283/221 575/284/216 578/285/222
f 578/285/222 1009/286/223 573/283/221
f 577/271/213 1011/287/224 580/270/212
f 575/274/216 573/288/221 569/289/225
f 563/282/219 576/290/226 578/291/222
f 578/291/222 561/292/220 563/282/219
f 580/270/212 576/293/226 574/277/218
f 561/280/220 578/285/222 575/284/216
f 571/294/227 576/293/226 1010/295/228
f 586/218/182 535/220/184 585/296/229
f 582/297/230 586/298/182 588/299/231
f 587/300/232 589/301/233 581/302/234
f 589/301/233 584/303/235 581/302/234
f 585/296/229 592/304/236 586/218/182
f 588/305/231 586/218/182 592/304/236
f 589/306/233 1012/307/237 584/308/235
f 583/222/186 591/309/238 585/296/229
f 597/310/239 589/301/233 587/300/232
f 589/306/233 597/311/239 601/312/240
f 594/313/241 572/314/242 595/315/243
f 573/283/221 1009/286/223 1014/316/244
f 571/294/227 570/317/245 593/318/246
f 572/319/242 596/320/247 1011/287/224
f 573/288/221 1014/321/244 595/322/243
f 598/323/248 593/318/246 596/320/247
f 1012/324/237 601/325/240 598/323/248
f 598/323/248 591/309/238 1012/324/237
f 600/326/249 591/309/238 598/323/248
f 594/327/241 600/326/249 596/320/247
f 830/328/250 607/329/251 823/330/252
f 830/331/250 822/332/253 606/333/254
f 606/333/254 822/332/253 1045/334/255
f 603/335/256 611/336/257 604/337/258
f 618/338/259 610/339/260 615/340/261
f 615/341/261 1017/342/262 619/343/263
f 610/344/260 618/345/259 611/346/257
f 623/347/264 1018/348/265 611/349/257
f 1045/334/255 609/350/266 608/351/267
f 603/352/256 606/333/254 1017/342/262
f 605/353/268 611/349/257 1018/348/265
f 1017/342/262 606/333/254 608/351/267
f 603/335/256 610/339/260 611/336/257
f 636/354/269 617/355/270 641/356/271
f 613/357/272 620/358/273 639/359/274
f 637/360/275 616/361/276 636/362/269
f 612/363/277 613/357/272 639/359/274
f 619/343/263 1019/364/278 615/341/261
f 623/347/264 616/365/276 614/366/279
f 1019/364/278 621/367/280 613/357/272
f 619/343/263 621/367/280 1019/364/278
f 619/343/263 608/351/267 621/367/280
f 627/368/281 673/369/282 629/370/283
f 673/369/282 671/371/284 629/370/283
f 632/372/285 625/373/286 634/374/287
f 624/375/288 633/376/289 630/377/290
f 634/378/287 626/379/291 1021/380/292
f 632/372/285 634/374/287 642/381/293
f 631/382/294 632/383/285 1023/384/295
f 634/378/287 1021/380/292 643/385/296
f 1021/386/292 629/370/283 635/387/297
f 629/370/283 630/377/290 635/387/297
f 614/388/279 1022/389/298 640/390/299
f 640/390/299 638/391/300 614/388/279
f 646/392/301 641/356/271 645/393/302
f 644/394/303 645/395/302 612/363/277
f 1022/396/298 637/360/275 646/397/301
f 647/398/304 639/399/274 640/400/299
f 644/394/303 612/363/277 639/359/274
f 637/401/275 641/356/271 646/392/301
f 633/402/289 1023/403/295 646/392/301
f 643/404/296 635/387/297 644/394/303
f 643/385/296 647/398/304 634/378/287
f 644/394/303 635/387/297 630/377/290
f 644/394/303 639/359/274 643/404/296
f 1023/405/295 642/406/293 1022/407/298
f 655/408/305 648/409/306 1026/410/307
f 653/411/308 652/412/309 648/413/306
f 648/413/306 655/414/305 653/411/308
f 655/408/305 668/415/310 663/416/311
f 668/417/310 655/418/305 1025/419/312
f 656/420/313 664/421/314 1025/422/312
f 657/423/315 666/424/316 654/425/317
f 669/426/318 657/427/315 653/411/308
f 653/411/308 665/428/319 669/426/318
f 650/429/320 649/430/321 656/420/313
f 657/423/315 654/425/317 651/431/322
f 661/432/323 687/433/324 1027/434/325
f 687/435/324 661/436/323 686/437/326
f 684/438/327 658/439/328 659/440/329
f 661/441/323 667/442/330 658/439/328
f 659/440/329 665/428/319 662/443/331
f 660/444/332 664/445/314 1027/446/325
f 659/440/329 658/439/328 667/442/330
f 654/447/317 670/448/333 656/449/313
f 667/442/330 669/426/318 665/428/319
f 672/450/334 628/451/335 624/452/288
f 625/373/286 674/453/336 626/454/291
f 672/455/334 675/456/337 628/457/335
f 626/379/291 1028/458/338 627/459/281
f 683/460/339 672/450/334 1029/461/340
f 1028/462/338 681/463/341 673/369/282
f 672/455/334 683/464/339 678/465/342
f 678/465/342 675/466/337 672/455/334
f 677/467/343 678/468/342 682/469/344
f 1030/470/345 680/471/346 674/453/336
f 681/463/341 679/472/347 673/369/282
f 673/369/282 679/472/347 682/473/344
f 689/474/348 685/475/349 691/476/350
f 692/477/351 684/438/327 689/478/348
f 684/438/327 692/477/351 1031/479/352
f 690/480/353 1030/470/345 1035/481/354
f 680/471/346 1030/470/345 690/480/353
f 1033/482/355 1031/479/352 679/472/347
f 692/477/351 682/473/344 679/472/347
f 1035/481/354 687/433/324 690/480/353
f 1031/479/352 1033/482/355 1032/483/356
f 693/484/357 510/485/156 699/486/358
f 512/487/154 1037/488/359 695/489/155
f 697/490/360 1037/488/359 512/487/154
f 703/491/361 693/484/357 699/486/358
f 1037/488/359 705/492/362 701/493/363
f 703/494/361 705/492/362 697/490/360
f 699/495/358 694/496/151 1036/497/364
f 697/490/360 705/492/362 1037/488/359
f 718/498/365 714/499/366 705/492/362
f 703/491/361 699/486/358 1036/500/364
f 698/167/150 702/501/367 1036/502/364
f 707/503/368 706/504/369 734/505/370
f 744/506/371 708/507/372 710/508/373
f 715/509/374 1038/510/375 734/505/370
f 700/511/376 708/512/372 734/513/370
f 734/513/370 1038/514/375 700/511/376
f 712/515/377 711/516/378 710/508/373
f 710/508/373 708/507/372 712/515/377
f 700/511/376 1038/514/375 702/501/367
f 711/516/378 704/517/379 701/518/363
f 709/519/380 716/520/381 715/521/374
f 771/522/382 769/523/383 723/524/384
f 723/525/384 724/526/385 770/527/386
f 722/528/387 726/529/388 719/530/389
f 731/531/390 726/532/388 732/533/391
f 721/534/392 726/532/388 731/531/390
f 727/535/393 721/534/392 729/536/394
f 739/537/395 732/538/391 725/539/396
f 725/539/396 732/538/391 726/529/388
f 740/540/397 721/534/392 731/531/390
f 707/541/368 738/542/398 706/543/369
f 706/544/369 738/545/398 735/546/399
f 708/512/372 736/547/400 734/513/370
f 744/548/371 742/549/401 736/550/400
f 737/551/402 739/552/395 733/553/403
f 743/554/404 746/555/405 707/556/368
f 707/556/368 736/547/400 743/554/404
f 737/551/402 733/553/403 735/546/399
f 728/557/406 742/549/401 725/558/396
f 745/559/407 731/531/390 739/552/395
f 725/539/396 742/560/401 739/537/395
f 745/559/407 740/540/397 731/531/390
f 739/537/395 742/560/401 744/506/371
f 748/561/408 1026/410/307 648/409/306
f 751/562/409 749/563/410 649/564/321
f 1026/565/307 748/566/408 750/567/411
f 750/567/411 650/568/320 1026/565/307
f 652/412/309 747/569/412 752/570/413
f 752/570/413 757/571/414 758/572/415
f 751/573/409 750/574/411 755/575/416
f 749/576/410 756/577/417 747/578/412
f 757/571/414 767/579/418 768/580/419
f 756/581/417 757/571/414 752/570/413
f 759/582/420 760/583/421 765/584/422
f 794/585/423 761/586/424 784/587/425
f 759/588/420 765/589/422 1041/590/426
f 784/591/425 761/592/424 1040/593/427
f 782/594/428 763/595/429 794/596/423
f 763/597/429 766/598/430 761/586/424
f 763/595/429 782/594/428 767/599/418
f 764/600/431 766/598/430 754/601/432
f 758/572/415 768/580/419 1042/602/433
f 753/603/434 1042/604/433 764/605/431
f 764/605/431 755/606/416 753/603/434
f 1042/602/433 768/580/419 762/607/435
f 767/599/418 766/608/430 763/595/429
f 768/580/419 767/579/418 1041/590/426
f 1041/590/426 762/607/435 768/580/419
f 769/609/383 771/610/382 777/611/436
f 772/612/437 727/613/393 769/609/383
f 770/527/386 779/614/438 723/525/384
f 779/615/438 770/616/386 778/617/439
f 779/614/438 776/618/440 771/619/382
f 774/620/441 791/621/442 775/622/443
f 792/623/444 787/624/445 776/625/440
f 776/625/440 789/626/446 792/623/444
f 774/620/441 788/627/447 791/621/442
f 774/620/441 780/628/448 788/627/447
f 773/629/449 774/620/441 775/622/443
f 780/628/448 774/620/441 772/630/437
f 787/624/445 777/631/436 776/625/440
f 760/632/421 759/633/420 1040/634/427
f 786/635/450 1041/590/426 781/636/451
f 794/596/423 781/637/451 782/594/428
f 793/638/452 791/621/442 781/636/451
f 784/591/425 1040/593/427 789/639/446
f 775/640/443 795/641/453 778/642/439
f 794/585/423 784/587/425 790/643/454
f 790/643/454 795/644/453 794/585/423
f 783/645/455 785/646/456 788/627/447
f 794/596/423 795/641/453 793/647/452
f 799/648/457 798/649/44 416/6/46
f 797/9/45 800/650/458 415/7/49
f 415/651/49 800/652/458 418/653/57
f 798/654/44 799/655/457 800/650/458
f 803/656/459 1043/657/460 913/658/461
f 803/659/459 914/660/462 801/661/463
f 808/662/464 1044/663/465 811/664/466
f 812/665/467 806/666/468 813/667/469
f 809/668/470 1044/669/465 812/670/467
f 802/671/471 807/672/472 808/662/464
f 807/672/472 1044/663/465 808/662/464
f 801/661/463 806/673/468 803/659/459
f 1043/674/460 812/670/467 807/675/472
f 803/676/459 806/677/468 1043/678/460
f 801/679/463 802/680/471 805/681/473
f 814/682/474 817/683/475 820/684/476
f 811/685/466 804/686/477 808/687/464
f 815/688/478 804/686/477 811/685/466
f 815/689/478 813/690/469 804/691/477
f 817/692/475 810/693/479 1073/694/480
f 824/695/481 825/696/482 605/697/268
f 829/698/483 1046/699/484 822/332/253
f 830/331/250 827/700/485 822/332/253
f 1050/701/486 840/702/487 829/698/483
f 826/703/488 840/704/487 839/705/489
f 827/700/485 1050/701/486 829/698/483
f 828/706/490 821/707/491 1047/708/492
f 833/709/493 857/710/494 854/711/495
f 855/712/496 857/710/494 835/713/497
f 832/714/498 831/715/499 1049/716/500
f 837/717/501 831/718/499 834/719/502
f 841/720/503 835/713/497 833/709/493
f 842/721/504 1048/722/505 1049/716/500
f 828/723/490 837/717/501 836/724/506
f 842/725/504 1047/726/492 826/727/488
f 826/727/488 839/728/489 842/725/504
f 836/729/506 834/730/502 827/700/485
f 1047/731/492 842/721/504 838/732/507
f 837/733/501 838/734/507 831/735/499
f 834/730/502 835/713/497 1050/701/486
f 887/736/508 844/737/509 843/738/510
f 893/739/511 847/740/512 848/741/513
f 888/742/514 844/743/509 887/744/508
f 892/745/515 845/746/516 846/747/517
f 843/738/510 844/737/509 851/748/518
f 845/749/516 843/750/510 853/751/519
f 844/743/509 888/742/514 848/741/513
f 853/752/519 851/748/518 859/753/520
f 1054/754/521 849/755/522 852/756/523
f 1051/757/524 849/758/522 860/759/525
f 853/752/519 843/738/510 851/748/518
f 848/741/513 847/740/512 1051/757/524
f 847/740/512 849/758/522 1051/757/524
f 853/751/519 1052/760/526 845/749/516
f 858/761/527 831/718/499 856/762/528
f 1053/763/529 832/764/498 1048/765/505
f 858/766/527 862/767/530 857/710/494
f 859/768/520 862/767/530 858/766/527
f 832/769/498 861/770/531 856/771/528
f 436/772/74 996/773/73 443/62/86 451/64/88
f 859/768/520 850/774/532 862/767/530
f 861/775/531 1054/776/521 1052/777/526
f 849/778/522 1054/779/521 863/780/533
f 863/780/533 860/781/525 849/778/522
f 1054/754/521 861/782/531 832/764/498
f 1053/763/529 863/783/533 1054/754/521
f 854/711/495 862/767/530 860/759/525
f 1053/784/529 860/781/525 863/780/533
f 864/785/534 868/786/535 865/787/536
f 865/788/536 874/789/537 1055/790/538
f 868/791/535 869/792/539 873/793/540
f 882/794/541 877/795/542 871/796/543
f 1056/797/544 872/798/545 870/799/546
f 882/800/541 884/801/547 885/802/548
f 885/803/548 880/804/549 883/805/550
f 872/806/545 1056/807/544 876/808/551
f 868/786/535 877/795/542 874/809/537
f 876/810/551 867/811/552 875/812/553
f 873/793/540 877/813/542 868/791/535
f 900/814/554 1058/815/555 904/816/556
f 881/817/557 1057/818/558 903/819/559
f 1057/820/558 881/821/557 872/806/545
f 1058/822/555 886/823/560 881/817/557
f 884/824/547 880/804/549 885/803/548
f 879/825/561 871/796/543 1058/815/555
f 887/744/508 1059/826/562 888/742/514
f 847/827/512 893/828/511 889/829/563
f 887/744/508 907/830/564 1059/826/562
f 1062/831/565 899/832/566 898/833/567
f 1061/834/568 896/835/569 899/836/566
f 899/836/566 1062/837/565 1061/834/568
f 907/830/564 898/833/567 1059/826/562
f 1060/838/570 1057/839/558 901/840/571
f 905/841/572 904/842/556 1058/822/555
f 900/843/554 909/844/573 902/845/574
f 902/846/574 901/847/571 878/848/575
f 1057/820/558 1060/849/570 903/850/559
f 905/841/572 881/817/557 903/819/559
f 904/816/556 909/851/573 900/814/554
f 905/841/572 903/819/559 1062/831/565
f 894/852/576 908/853/577 907/854/564
f 906/855/578 897/856/579 896/857/569
f 908/858/577 1062/831/565 898/833/567
f 904/816/556 894/852/576 909/851/573
f 904/842/556 905/841/572 908/858/577
f 906/859/578 902/845/574 894/860/576
f 908/858/577 905/841/572 1062/831/565
f 910/861/580 802/862/471 911/863/581
f 914/864/462 911/865/581 802/680/471
f 915/866/582 916/867/583 1064/868/584
f 911/865/581 914/864/462 918/869/585
f 928/870/586 916/871/583 917/872/587
f 926/873/588 921/874/589 918/869/585
f 917/872/587 912/875/590 910/876/580
f 1064/877/584 919/878/591 913/658/461
f 911/863/581 918/879/585 917/880/587
f 917/880/587 910/861/580 911/863/581
f 913/881/461 919/882/591 914/883/462
f 944/884/592 923/885/593 922/886/594
f 944/887/592 920/888/595 923/889/593
f 940/890/596 922/891/594 939/892/597
f 939/893/597 924/894/598 938/895/599
f 928/870/586 922/886/594 923/885/593
f 921/896/589 939/897/597 922/898/594
f 922/898/594 928/899/586 921/896/589
f 916/900/583 928/901/586 1063/902/600
f 920/903/595 1063/902/600 928/901/586
f 928/901/586 923/889/593 920/903/595
f 939/904/597 921/874/589 926/873/588
f 926/873/588 925/905/601 939/904/597
f 933/906/602 972/907/603 932/908/604
f 931/909/605 932/908/604 973/910/606
f 1066/911/607 936/912/608 932/908/604
f 946/913/609 937/914/610 934/915/611
f 945/916/612 946/917/609 948/918/613
f 950/919/614 1066/920/607 935/921/615
f 929/922/616 945/923/612 935/924/615
f 936/925/608 937/926/610 933/927/602
f 942/928/617 943/929/618 924/930/598
f 922/898/594 940/931/596 1065/932/619
f 924/933/598 943/934/618 938/935/599
f 944/884/592 1065/936/619 1067/937/620
f 943/938/618 949/939/621 938/895/599
f 950/919/614 1065/932/619 940/931/596
f 944/887/592 1067/940/620 948/941/613
f 942/942/617 944/943/592 948/918/613
f 934/915/611 941/944/622 946/913/609
f 934/945/611 936/925/608 949/946/621
f 941/944/622 934/915/611 943/929/618
f 948/918/613 941/947/622 942/942/617
f 867/948/552 869/792/539 951/949/623
f 869/792/539 953/950/624 951/949/623
f 966/951/625 955/952/626 968/953/627
f 866/954/628 966/955/625 957/956/629
f 952/957/630 955/958/626 951/949/623
f 958/959/631 953/950/624 956/960/632
f 957/961/629 967/962/633 865/963/536
f 951/964/623 955/952/626 866/965/628
f 960/966/634 962/967/635 970/968/636
f 969/969/637 965/970/638 959/971/639
f 956/972/632 954/973/640 962/974/635
f 954/973/640 970/975/636 962/974/635
f 963/976/641 968/977/627 964/978/642
f 968/979/627 971/980/643 959/971/639
f 1068/981/644 929/922/616 973/982/606
f 930/983/645 974/984/646 978/985/647
f 974/986/646 930/987/645 1068/988/644
f 978/989/647 981/990/648 972/907/603
f 990/991/649 980/992/650 976/993/651
f 981/994/648 980/995/650 990/996/649
f 1068/997/644 975/998/652 977/999/653
f 981/990/648 1069/1000/654 972/907/603
f 983/1001/655 959/971/639 986/1002/656
f 1070/1003/657 986/1002/656 965/970/638
f 985/1004/658 982/1005/659 960/966/634
f 961/1006/660 959/1007/639 983/1008/655
f 961/1006/660 983/1008/655 964/1009/642
f 983/1001/655 986/1002/656 984/1010/661
f 983/1011/655 990/991/649 987/1012/662
f 989/1013/663 986/1002/656 1070/1003/657
f 1070/1003/657 1072/1014/664 989/1013/663
f 990/996/649 983/1008/655 984/1015/661
f 989/1013/663 984/1010/661 986/1002/656
f 817/683/475 991/1016/665 820/684/476
f 414/15/53 416/1017/46 417/40/48
f 415/7/49 427/36/55 992/8/50
f 419/17/47 416/1018/46 992/1019/50
f 427/20/55 415/651/49 418/653/57
f 418/653/57 420/21/51 427/20/55
f 420/13/51 414/15/53 417/40/48
f 445/26/60 421/74/92 993/24/58
f 447/81/97 445/80/60 425/31/59
f 425/31/59 422/30/63 447/81/97
f 450/1020/90 446/33/61 423/35/66
f 424/46/71 993/1021/58 421/72/92
f 423/1022/66 431/38/56 424/46/71
f 423/35/66 432/34/65 431/22/56
f 424/46/71 428/42/70 993/1021/58
f 426/16/54 429/1023/69 417/5/48
f 427/36/55 432/44/65 430/37/67
f 992/11/50 430/1024/67 994/1025/64
f 992/11/50 994/1025/64 426/1026/54
f 420/13/51 417/40/48 428/42/70
f 425/25/59 993/24/58 429/1023/69
f 430/37/67 446/45/61 422/1027/63
f 428/42/70 429/41/69 993/1021/58
f 994/32/64 425/31/59 429/43/69
f 430/1024/67 422/29/63 994/1025/64
f 482/1028/130 435/47/72 436/49/74
f 483/50/75 439/65/78 438/51/76
f 484/129/79 482/130/130 436/1029/74
f 436/1029/74 995/1030/80 484/129/79
f 439/53/78 483/1031/75 484/54/79
f 489/142/77 438/1032/76 437/1033/81
f 434/58/83 996/773/73 435/1034/72
f 434/58/83 440/57/82 443/62/86
f 437/1033/81 438/1032/76 440/59/82
f 996/773/73 434/58/83 443/62/86
f 441/1035/99 451/1036/88 454/73/93
f 456/76/85 444/1037/84 442/66/89
f 441/1038/99 457/86/96 442/1039/89
f 440/59/82 456/61/85 453/1040/95
f 451/1036/88 441/1035/99 436/49/74
f 436/49/74 441/1035/99 995/1041/80
f 438/51/76 442/66/89 444/1037/84
f 999/1042/104 463/259/103 462/1043/666 469/107/110
f 442/1044/89 439/53/78 995/55/80
f 995/55/80 441/1038/99 442/1044/89
f 438/1032/76 444/60/84 440/59/82
f 449/71/91 423/70/66 424/46/71
f 447/87/97 422/29/63 448/28/62
f 454/73/93 445/26/60 457/1045/96
f 455/75/94 448/68/62 450/67/90
f 448/28/62 455/85/94 447/87/97
f 450/1020/90 453/1046/95 456/61/85
f 449/71/91 421/72/92 452/63/87
f 454/73/93 451/1036/88 997/1047/98
f 440/57/82 453/77/95 452/63/87
f 455/85/94 442/1039/89 457/86/96
f 449/71/91 452/63/87 453/77/95
f 421/72/92 454/1048/93 997/82/98
f 452/63/87 421/72/92 997/82/98
f 998/256/204 461/1049/100 567/257/102
f 467/1050/112 472/1051/667 459/89/101
f 459/89/101 461/88/100 467/1050/112
f 470/109/108 468/108/116 458/254/106
f 471/103/113 467/102/112 461/1049/100
f 461/1049/100 998/256/204 471/103/113
f 472/1052/667 462/1053/666 463/1054/103
f 472/1052/667 463/1054/103 459/1055/101
f 480/1056/114 464/1057/668 472/1051/667 467/1050/112
f 465/98/109 458/95/106 999/94/104
f 468/108/116 471/103/113 998/256/204
f 475/116/123 1000/106/111 466/105/115 477/117/121
f 470/109/108 481/126/126 479/125/127
f 464/1058/668 466/1059/115 462/1053/666
f 462/1053/666 472/1052/667 464/1058/668
f 466/105/115 469/107/110 462/1043/666
f 481/124/126 470/97/108 465/98/109
f 471/103/113 470/109/108 479/125/127
f 999/92/104 469/100/110 465/99/109
f 476/112/119 495/111/118 498/119/124
f 474/147/141 478/1060/117 475/148/123
f 473/146/122 477/1061/121 464/1057/668
f 1000/101/111 475/148/123 478/1060/117
f 481/126/126 478/110/117 476/112/119
f 465/98/109 1000/122/111 481/124/126
f 464/1057/668 480/1056/114 473/146/122
f 464/1058/668 477/114/121 466/1059/115
f 434/58/83 487/138/136 486/1062/138 437/56/81
f 476/112/119 496/120/125 479/125/127
f 435/47/72 482/1028/130 493/136/129 485/135/134
f 437/1033/81 486/140/138 489/142/77
f 435/1034/72 487/138/136 434/58/83
f 491/133/128 484/54/79 483/1031/75 503/131/131
f 503/1063/131 483/50/75 489/52/77
f 697/490/360 514/1064/669 511/1065/670 693/1066/357
f 487/138/136 435/1034/72 485/143/134
f 488/134/133 493/136/129 502/159/148
f 505/160/149 503/1063/131 494/1067/139
f 490/137/135 508/157/146 506/153/145
f 504/165/132 502/164/148 493/128/129
f 493/128/129 491/127/128 504/165/132
f 505/1068/149 494/141/139 490/1069/135
f 490/1069/135 506/155/145 505/1068/149
f 492/139/137 508/157/146 490/137/135
f 489/52/77 494/1067/139 503/1063/131
f 490/137/135 486/1062/138 487/138/136
f 486/140/138 490/1069/135 494/141/139
f 488/1070/133 492/139/137 485/143/134
f 473/146/122 496/1071/125 499/144/140
f 474/147/141 501/149/142 500/161/144
f 507/150/143 499/163/140 496/120/125
f 501/154/142 475/116/123 497/118/120
f 478/123/117 500/152/144 495/156/118
f 498/119/124 506/153/145 508/157/146
f 502/159/148 509/158/147 488/134/133
f 488/1070/133 509/162/147 492/139/137
f 503/131/131 505/166/149 504/132/132
f 508/157/146 492/139/137 509/162/147
f 500/152/144 505/1068/149 506/155/145
f 538/1072/188 544/1073/187 541/1074/197 536/1075/183
f 693/1066/357 511/1065/670 510/1076/156
f 513/175/152 694/496/151 699/1077/358
f 513/175/152 699/1077/358 510/1078/156
f 513/169/152 696/178/153 698/167/150
f 514/1064/669 697/490/360 512/487/154
f 510/485/156 519/206/160 518/1079/157
f 519/206/160 510/485/156 511/1080/670
f 512/487/154 515/210/180 514/1064/669
f 514/1064/669 517/212/178 511/1065/670
f 520/1081/158 521/1082/163 696/1083/153
f 515/210/180 512/487/154 516/207/159
f 511/1065/670 517/212/178 519/1084/160
f 516/179/159 696/170/153 521/183/163
f 517/212/178 514/1064/669 515/210/180
f 551/1085/164 524/199/166 523/196/174
f 527/204/168 552/246/171 1001/1086/170
f 523/196/174 522/192/172 548/251/202
f 529/198/161 524/186/166 526/214/173
f 527/204/168 1001/1086/170 532/182/162
f 521/1082/163 520/1081/158 528/216/181
f 528/216/181 532/1087/162 521/1082/163
f 533/200/175 517/212/178 515/210/180
f 528/213/181 518/176/157 531/1088/177
f 528/216/181 525/189/169 532/1087/162
f 547/201/176 528/1089/181 531/202/177
f 532/182/162 1001/1086/170 530/1090/179
f 533/200/175 1001/190/170 523/196/174
f 533/200/175 530/209/179 1001/190/170
f 536/1075/183 586/298/182 538/1091/188
f 535/220/184 583/222/186 585/296/229
f 535/220/184 1002/1092/671 540/221/185
f 537/1093/672 539/227/190 534/1094/189
f 535/220/184 543/1095/673 1002/1092/671
f 543/1095/673 535/220/184 536/219/183
f 541/1074/197 556/242/196 543/1096/673
f 558/229/192 557/252/198 539/227/190
f 544/233/187 557/1097/198 556/234/196
f 1004/250/201 554/231/194 543/1095/673 555/1098/674
f 536/1075/183 541/1074/197 543/1096/673
f 539/227/190 537/1093/672 545/228/191
f 540/221/185 1002/1092/671 542/230/193
f 542/230/193 1002/1092/671 554/231/194
f 554/231/194 1002/1092/671 543/1095/673
f 537/1099/672 540/240/185 545/239/191
f 550/187/167 525/189/169 1003/1100/199
f 548/251/202 551/1085/164 523/196/174
f 547/1101/176 1003/243/199 525/1102/169
f 552/246/171 527/204/168 550/247/167
f 548/251/202 1004/250/201 555/1098/674
f 548/251/202 555/1098/674 551/1085/164
f 556/234/196 1003/241/199 546/195/165
f 548/251/202 522/192/172 549/249/200
f 543/1096/673 556/242/196 555/1103/674
f 553/232/195 554/231/194 1004/250/201
f 1005/260/105 564/276/217 566/1104/211 1007/261/206
f 553/238/195 558/253/192 545/239/191
f 551/184/164 555/1103/674 556/242/196
f 459/89/101 1007/1105/206 567/90/102
f 1005/93/105 999/92/104 460/1106/107
f 1006/258/205 568/263/207 998/256/204
f 463/259/103 1007/261/206 459/1107/101
f 468/108/116 998/256/204 568/263/207
f 568/263/207 559/255/203 468/108/116
f 567/90/102 565/1108/210 1006/1109/205
f 564/278/217 1005/93/105 460/1106/107
f 1008/265/209 568/263/207 1006/258/205
f 540/240/185 537/1099/672 584/308/235 583/1110/186
f 560/281/208 460/96/107 559/262/203
f 577/1111/213 565/1108/210 562/1112/214
f 561/280/220 575/284/216 564/278/217
f 574/277/218 576/293/226 560/264/208
f 560/264/208 576/293/226 563/1113/219
f 564/276/217 579/275/215 566/1104/211
f 1008/265/209 580/270/212 574/277/218
f 567/90/102 562/1112/214 565/1108/210
f 564/278/217 460/1106/107 563/279/219
f 572/314/242 577/1111/213 579/1114/215
f 577/1111/213 572/314/242 1011/1115/224
f 571/294/227 1010/295/228 570/317/245
f 580/270/212 1011/287/224 570/317/245
f 579/273/215 569/1116/225 572/1117/242
f 571/1118/227 1009/1119/223 578/291/222
f 562/1112/214 579/1114/215 577/1111/213
f 575/274/216 569/289/225 579/275/215
f 578/291/222 576/290/226 571/1118/227
f 580/270/212 570/317/245 1010/295/228
f 1010/295/228 576/293/226 580/270/212
f 582/297/230 538/1091/188 586/298/182
f 537/1093/672 534/1094/189 581/302/234
f 581/302/234 584/303/235 537/1093/672
f 534/225/189 538/224/188 581/1120/234
f 581/1120/234 538/224/188 582/1121/230
f 593/1122/246 1013/1123/675 1009/1119/223 571/1118/227
f 582/297/230 588/299/231 590/1124/676
f 581/1120/234 582/1121/230 590/1125/676
f 590/1125/676 587/1126/232 581/1120/234
f 584/308/235 1012/307/237 583/1110/186
f 585/296/229 591/309/238 592/304/236
f 600/1127/249 588/299/231 592/1128/236
f 600/326/249 592/304/236 591/309/238
f 587/1126/232 590/1125/676 599/1129/677
f 1012/307/237 589/306/233 601/312/240
f 1012/324/237 591/309/238 583/222/186
f 572/314/242 594/313/241 596/1130/247
f 1011/287/224 596/320/247 593/318/246
f 595/1131/243 572/1117/242 569/1116/225
f 569/289/225 573/288/221 595/322/243
f 604/337/258 821/1132/491 823/330/252 607/329/251
f 1013/1123/675 1014/1133/244 1009/1119/223
f 593/318/246 570/317/245 1011/287/224
f 1013/1123/675 597/311/239 1014/1133/244
f 602/1134/678 588/299/231 600/1127/249
f 602/1134/678 590/1124/676 588/299/231
f 597/310/239 587/300/232 599/1135/677
f 590/1136/676 602/1137/678 599/1138/677
f 602/1134/678 594/313/241 595/315/243
f 594/313/241 602/1134/678 600/1127/249
f 597/310/239 599/1135/677 1014/316/244
f 1013/1139/675 593/318/246 598/323/248
f 598/323/248 601/325/240 1013/1139/675
f 596/320/247 600/326/249 598/323/248
f 595/322/243 1014/321/244 599/1129/677
f 599/1129/677 602/1140/678 595/322/243
f 601/312/240 597/311/239 1013/1123/675
f 1015/1141/679 1045/334/255 822/332/253 1046/699/484
f 1019/364/278 612/363/277 641/1142/271 617/1143/270
f 830/331/250 606/333/254 607/1144/251
f 604/1145/258 605/353/268 825/1146/482
f 603/335/256 604/337/258 607/329/251
f 1018/1147/265 1016/1148/680 1015/1149/679
f 1015/1149/679 605/697/268 1018/1147/265
f 1045/334/255 1015/1141/679 609/350/266
f 603/352/256 607/1144/251 606/333/254
f 604/1150/258 611/346/257 605/1151/268
f 1016/1152/680 609/1153/266 1015/1154/679
f 615/340/261 610/339/260 1017/1155/262
f 622/1156/681 1018/1147/265 623/1157/264
f 1016/1148/680 1018/1147/265 622/1156/681
f 609/1153/266 1016/1152/680 622/1158/681
f 619/343/263 1017/342/262 608/351/267
f 608/351/267 606/333/254 1045/334/255
f 603/335/256 1017/1155/262 610/339/260
f 614/388/279 638/391/300 622/1156/681 623/1159/264
f 637/360/275 614/1160/279 616/361/276
f 612/363/277 1019/364/278 613/357/272
f 636/354/269 616/1161/276 617/355/270
f 615/340/261 617/355/270 616/1161/276
f 1020/1162/682 621/367/280 608/351/267 609/350/266
f 620/358/273 613/357/272 621/367/280
f 615/341/261 1019/364/278 617/1143/270
f 620/1163/273 622/1158/681 638/1164/300
f 620/1163/273 638/1164/300 640/400/299 639/399/274
f 623/347/264 611/349/257 618/1165/259
f 622/1158/681 1020/1166/682 609/1153/266
f 621/367/280 1020/1162/682 620/358/273
f 616/361/276 623/1167/264 618/345/259
f 616/361/276 618/345/259 615/1168/261
f 1020/1166/682 622/1158/681 620/1163/273
f 675/1169/337 625/1170/286 628/1171/335
f 624/452/288 628/451/335 633/402/289
f 634/374/287 625/373/286 626/454/291
f 1021/386/292 627/368/281 629/370/283
f 671/371/284 624/375/288 630/377/290
f 632/1172/285 628/1171/335 625/1170/286
f 1021/380/292 626/379/291 627/459/281
f 629/370/283 671/371/284 630/377/290
f 633/402/289 631/1173/294 1023/403/295
f 643/404/296 1021/386/292 635/387/297
f 633/402/289 628/451/335 631/1173/294
f 628/1171/335 632/1172/285 631/1174/294
f 637/1175/275 1022/407/298 614/366/279
f 630/377/290 633/376/289 645/395/302 644/394/303
f 636/354/269 641/356/271 637/401/275
f 640/390/299 1022/389/298 642/381/293
f 645/395/302 641/1142/271 612/363/277
f 646/392/301 645/393/302 633/402/289
f 634/374/287 647/1176/304 642/381/293
f 663/1177/311 665/428/319 653/411/308 655/414/305
f 632/1172/285 642/406/293 1023/405/295
f 640/390/299 642/381/293 647/1176/304
f 646/397/301 1023/384/295 1022/396/298
f 639/399/274 647/398/304 643/385/296
f 648/413/306 652/412/309 752/570/413
f 749/576/410 1024/1178/683 651/431/322
f 749/576/410 651/431/322 649/1179/321
f 652/412/309 1024/1180/683 747/569/412
f 656/449/313 649/564/321 651/1181/322
f 657/427/315 1024/1180/683 652/412/309 653/411/308
f 1025/422/312 664/421/314 668/1182/310
f 655/408/305 1026/410/307 1025/1183/312
f 651/1181/322 654/447/317 656/449/313
f 690/480/353 687/433/324 686/1184/326 1033/1185/355
f 1026/565/307 650/568/320 1025/419/312
f 650/429/320 656/420/313 1025/422/312
f 657/423/315 651/431/322 1024/1178/683
f 662/1186/331 660/1187/332 685/475/349
f 659/440/329 662/443/331 684/438/327
f 1027/446/325 685/1188/349 660/444/332
f 686/437/326 661/436/323 658/1189/328
f 658/1189/328 1032/1190/356 686/437/326
f 663/416/311 668/415/310 660/1187/332
f 660/1187/332 662/1186/331 663/416/311
f 1027/434/325 664/1191/314 661/432/323
f 668/417/310 664/445/314 660/444/332
f 661/436/323 666/424/316 667/1192/330
f 667/442/330 665/428/319 659/440/329
f 656/449/313 670/448/333 664/1193/314
f 657/427/315 669/426/318 666/1194/316
f 654/425/317 666/424/316 670/1195/333
f 670/448/333 661/432/323 664/1191/314
f 661/432/323 670/448/333 666/1196/316
f 665/428/319 663/1177/311 662/443/331
f 667/442/330 666/1194/316 669/426/318
f 1029/461/340 672/450/334 624/452/288
f 627/368/281 1028/462/338 673/369/282
f 624/375/288 671/371/284 676/1197/684
f 676/1197/684 1029/1198/340 624/375/288
f 626/379/291 674/1199/336 1028/458/338
f 673/369/282 676/1197/684 671/371/284
f 625/373/286 675/1200/337 674/453/336
f 675/1200/337 1030/470/345 674/453/336
f 1029/1198/340 676/1197/684 682/473/344
f 1028/458/338 674/1199/336 681/1201/341
f 673/369/282 682/473/344 676/1197/684
f 677/467/343 682/469/344 1034/1202/685
f 683/460/339 1029/461/340 682/469/344
f 675/1169/337 678/1203/342 1030/1204/345
f 674/1199/336 680/1205/346 681/1201/341
f 682/469/344 678/468/342 683/460/339
f 685/475/349 689/474/348 662/1186/331
f 684/438/327 662/443/331 689/478/348
f 685/1188/349 1027/446/325 688/1206/686
f 1027/1207/325 687/1208/324 688/1209/686
f 684/438/327 1032/483/356 658/439/328
f 685/1188/349 688/1206/686 691/1210/350
f 684/438/327 1031/479/352 1032/483/356
f 1034/1202/685 691/476/350 677/467/343
f 1033/482/355 679/472/347 681/463/341
f 692/477/351 1034/1211/685 682/473/344
f 678/465/342 677/1212/343 691/1210/350
f 691/1210/350 1035/1213/354 678/465/342
f 1035/1214/354 1030/1204/345 678/1203/342
f 680/1205/346 690/1215/353 1033/1216/355
f 1033/1216/355 681/1217/341 680/1205/346
f 1031/479/352 692/477/351 679/472/347
f 691/476/350 1034/1202/685 689/474/348
f 701/518/363 704/517/379 695/172/155 1037/1218/359
f 692/477/351 689/478/348 1034/1211/685
f 691/1210/350 688/1206/686 1035/1213/354
f 1035/1214/354 688/1209/686 687/1208/324
f 1033/1216/355 686/437/326 1032/1190/356
f 695/1219/155 698/1220/150 696/1083/153
f 698/1220/150 695/1219/155 704/1221/379
f 703/494/361 697/490/360 693/1066/357
f 698/167/150 1036/502/364 694/1222/151
f 733/1223/403 744/506/371 710/508/373 713/1224/687
f 702/1225/367 704/1221/379 700/1226/376
f 718/498/365 705/492/362 703/494/361
f 1036/497/364 717/1227/688 716/1228/381
f 1036/497/364 1038/510/375 717/1227/688
f 702/501/367 1038/514/375 1036/502/364
f 714/499/366 701/493/363 705/492/362
f 716/520/381 703/491/361 1036/500/364
f 704/1221/379 702/1225/367 698/1220/150
f 735/546/399 713/1229/687 709/1230/380
f 735/546/399 709/1230/380 706/544/369
f 725/558/396 722/1231/387 724/1232/385 728/557/406
f 715/521/374 706/543/369 709/519/380
f 712/1233/377 708/1234/372 700/1226/376
f 714/499/366 710/1235/373 711/1236/378
f 714/499/366 713/1229/687 710/1235/373
f 713/1229/687 714/499/366 718/498/365
f 718/498/365 709/1230/380 713/1229/687
f 715/509/374 734/505/370 706/504/369
f 700/1226/376 704/1221/379 711/1237/378
f 714/499/366 711/1236/378 701/493/363
f 703/494/361 716/1238/381 718/498/365
f 715/521/374 716/520/381 717/1239/688
f 709/1230/380 718/498/365 716/1238/381
f 715/509/374 717/1227/688 1038/510/375
f 700/1226/376 711/1237/378 712/1233/377
f 770/616/386 724/1232/385 722/1231/387
f 719/1240/389 726/532/388 721/534/392
f 720/1241/689 721/534/392 727/535/393
f 729/1242/394 730/1243/690 769/609/383
f 769/609/383 727/613/393 729/1242/394
f 723/524/384 769/523/383 730/1244/690
f 725/539/396 726/529/388 722/528/387
f 739/552/395 731/531/390 732/533/391
f 743/554/404 728/1245/406 730/1246/690
f 723/525/384 730/1247/690 728/1245/406 724/526/385
f 729/536/394 721/534/392 740/540/397
f 730/1243/690 729/1242/394 741/1248/691 746/1249/405
f 708/1234/372 744/548/371 736/550/400
f 734/513/370 736/547/400 707/556/368
f 713/1229/687 735/546/399 733/553/403
f 1039/1250/692 741/1248/691 738/542/398
f 738/542/398 707/541/368 1039/1250/692
f 736/550/400 742/549/401 743/1251/404
f 741/1252/691 745/559/407 735/546/399
f 735/546/399 738/545/398 741/1252/691
f 746/1253/405 1039/1254/692 707/503/368
f 744/506/371 733/1223/403 739/537/395
f 737/551/402 735/546/399 745/559/407
f 729/536/394 740/540/397 745/559/407 741/1252/691
f 765/584/422 760/1255/421 1042/1256/433 762/1257/435
f 746/1253/405 743/1258/404 730/1244/690
f 728/1245/406 743/554/404 742/1259/401
f 737/551/402 745/559/407 739/552/395
f 741/1248/691 1039/1250/692 746/1249/405
f 751/562/409 649/564/321 650/1260/320
f 752/570/413 748/1261/408 648/413/306
f 650/429/320 750/574/411 751/573/409
f 747/578/412 1024/1178/683 749/576/410
f 758/1262/415 750/1263/411 748/561/408
f 751/562/409 754/601/432 749/563/410
f 747/569/412 756/581/417 752/570/413
f 752/570/413 758/572/415 748/1261/408
f 753/603/434 755/606/416 750/567/411
f 751/573/409 755/575/416 754/1264/432
f 753/1265/434 758/1262/415 1042/1256/433
f 767/579/418 757/571/414 756/581/417
f 766/608/430 756/577/417 754/1266/432
f 758/1262/415 753/1265/434 750/1263/411
f 749/563/410 754/601/432 756/1267/417
f 794/585/423 763/597/429 761/586/424
f 781/636/451 1041/590/426 782/1268/428
f 786/635/450 759/588/420 1041/590/426
f 760/632/421 1040/634/427 761/1269/424
f 1041/590/426 765/589/422 762/607/435
f 1041/590/426 767/579/418 782/1268/428
f 758/572/415 757/571/414 768/580/419
f 764/1270/431 754/1264/432 755/575/416
f 756/577/417 766/608/430 767/599/418
f 792/1271/444 788/627/447 780/628/448 787/1272/445
f 760/632/421 761/1273/424 764/605/431
f 764/1270/431 761/592/424 766/1274/430
f 764/605/431 1042/604/433 760/632/421
f 777/611/436 772/612/437 769/609/383
f 721/534/392 773/629/449 719/1240/389
f 720/1241/689 727/535/393 772/630/437
f 723/525/384 779/614/438 771/619/382
f 722/528/387 719/530/389 770/1275/386
f 721/534/392 720/1241/689 773/629/449
f 772/630/437 773/629/449 720/1241/689
f 777/611/436 780/1276/448 772/612/437
f 778/617/439 770/616/386 719/1277/389
f 775/622/443 719/1240/389 773/629/449
f 772/630/437 774/620/441 773/629/449
f 777/631/436 771/522/382 776/625/440
f 790/643/454 776/1278/440 778/617/439
f 776/618/440 790/1279/454 789/639/446
f 787/1280/445 780/1276/448 777/611/436
f 779/615/438 778/617/439 776/1278/440
f 719/530/389 775/640/443 778/642/439
f 783/1281/455 792/1282/444 759/582/420
f 781/636/451 791/621/442 785/646/456
f 783/645/455 786/635/450 785/646/456
f 1040/634/427 759/633/420 792/623/444
f 792/623/444 789/626/446 1040/634/427
f 759/582/420 786/1283/450 783/1281/455
f 786/635/450 781/636/451 785/646/456
f 793/647/452 781/637/451 794/596/423
f 778/617/439 795/644/453 790/643/454
f 815/688/478 814/1284/474 820/1285/476 819/1286/693
f 775/640/443 791/1287/442 795/641/453
f 788/627/447 792/1271/444 783/645/455
f 790/1279/454 784/1288/425 789/639/446
f 793/647/452 795/641/453 791/1287/442
f 791/621/442 788/627/447 785/646/456
f 416/6/46 414/1289/53 799/648/457
f 797/9/45 798/654/44 800/650/458
f 418/23/57 800/1290/458 796/14/52
f 796/1291/52 799/1292/457 414/15/53
f 799/1293/457 796/14/52 800/1290/458
f 910/876/580 912/875/590 807/672/472
f 807/672/472 802/671/471 910/876/580
f 803/676/459 913/881/461 914/883/462
f 801/679/463 914/864/462 802/680/471
f 806/673/468 805/1294/473 813/1295/469
f 808/687/464 804/686/477 805/1296/473
f 1043/657/460 806/666/468 812/665/467
f 801/661/463 805/1294/473 806/673/468
f 808/687/464 805/1296/473 802/862/471
f 1044/1297/465 807/1298/472 812/1299/467
f 816/1300/694 1073/1301/480 810/1302/479
f 818/1303/695 816/1304/694 815/1305/478
f 836/724/506 830/1306/250 823/330/252 828/723/490
f 814/682/474 810/1307/479 817/683/475
f 819/1308/693 818/1309/695 815/689/478
f 813/1295/469 815/1305/478 816/1304/694
f 814/682/474 809/1310/470 810/1311/479
f 809/668/470 816/1312/694 810/693/479
f 812/665/467 813/667/469 809/1313/470
f 809/1310/470 811/1314/466 1044/1315/465
f 813/690/469 805/681/473 804/691/477
f 814/1316/474 815/1317/478 811/664/466
f 816/1300/694 809/1313/470 813/667/469
f 809/1310/470 814/682/474 811/1314/466
f 816/1318/694 818/1319/695 1073/1320/480
f 605/697/268 1015/1149/679 824/695/481
f 825/1146/482 821/1321/491 604/1145/258
f 1046/1322/484 824/1323/481 1015/1154/679
f 825/1146/482 1047/731/492 821/1321/491
f 822/332/253 827/700/485 829/698/483
f 828/723/490 823/330/252 821/1324/491
f 825/696/482 824/695/481 826/727/488 1047/726/492
f 890/1325/696 843/750/510 845/749/516 891/1326/697
f 829/698/483 840/702/487 1046/699/484
f 830/331/250 836/729/506 827/700/485
f 824/1323/481 1046/1322/484 840/704/487
f 840/704/487 826/703/488 824/1323/481
f 858/761/527 855/1327/496 831/718/499
f 833/709/493 835/713/497 857/710/494
f 1049/716/500 1048/722/505 832/714/498
f 1048/1328/505 833/1329/493 854/1330/495
f 834/719/502 831/718/499 855/1327/496
f 842/725/504 839/728/489 1048/765/505
f 834/730/502 855/712/496 835/713/497
f 833/1329/493 1048/1328/505 839/705/489
f 836/724/506 837/717/501 834/719/502
f 1050/701/486 841/720/503 840/702/487
f 827/700/485 834/730/502 1050/701/486
f 837/733/501 828/706/490 1047/708/492
f 837/733/501 1047/708/492 838/734/507
f 839/705/489 840/704/487 841/1331/503
f 838/734/507 1049/1332/500 831/735/499
f 842/721/504 1049/716/500 838/732/507
f 839/705/489 841/1331/503 833/1329/493
f 1050/701/486 835/713/497 841/720/503
f 889/1333/563 892/1334/515 846/1335/517
f 846/1335/517 847/1336/512 889/1333/563
f 848/741/513 888/742/514 893/739/511
f 848/741/513 1051/757/524 850/774/532 844/743/509
f 892/745/515 891/1337/697 845/746/516
f 847/1336/512 846/1335/517 852/756/523
f 852/756/523 1052/1338/526 1054/754/521
f 860/759/525 862/767/530 1051/757/524
f 859/768/520 851/1339/518 850/774/532
f 1051/757/524 862/767/530 850/774/532
f 852/756/523 846/1335/517 1052/1338/526
f 844/743/509 850/774/532 851/1339/518
f 846/747/517 845/746/516 1052/777/526
f 847/827/512 852/1340/523 849/778/522
f 868/791/535 864/1341/534 953/950/624 869/792/539
f 855/712/496 858/766/527 857/710/494
f 831/735/499 832/769/498 856/771/528
f 854/1330/495 1053/784/529 1048/1328/505
f 859/753/520 858/761/527 856/762/528
f 854/711/495 857/710/494 862/767/530
f 856/771/528 861/770/531 859/1342/520
f 853/751/519 859/1342/520 861/770/531
f 861/770/531 1052/760/526 853/751/519
f 832/764/498 1053/763/529 1054/754/521
f 1053/784/529 854/1343/495 860/781/525
f 865/787/536 868/786/535 874/809/537
f 866/954/628 957/956/629 875/812/553
f 875/812/553 867/811/552 866/954/628
f 880/804/549 884/824/547 878/848/575 901/847/571
f 1055/1344/538 875/1345/553 957/961/629
f 885/802/548 1055/790/538 874/789/537
f 875/1345/553 1055/1344/538 885/803/548
f 869/792/539 1056/797/544 873/793/540
f 883/1346/550 872/1347/545 876/810/551
f 870/799/546 873/793/540 1056/797/544
f 871/1348/543 877/813/542 873/793/540
f 874/809/537 877/795/542 882/794/541
f 883/1346/550 876/810/551 875/812/553
f 869/792/539 867/948/552 1056/797/544
f 874/789/537 882/800/541 885/802/548
f 885/803/548 883/805/550 875/1345/553
f 876/808/551 1056/807/544 867/1349/552
f 902/845/574 878/1350/575 900/843/554
f 881/817/557 905/841/572 1058/822/555
f 879/825/561 1058/815/555 900/814/554
f 901/840/571 1057/839/558 880/1351/549
f 870/799/546 872/1352/545 881/817/557
f 899/1353/566 896/1354/569 892/1334/515 889/1333/563
f 881/817/557 886/823/560 870/799/546
f 882/794/541 871/796/543 879/825/561
f 880/1351/549 872/1347/545 883/1346/550
f 873/793/540 886/823/560 871/1348/543
f 882/800/541 879/1355/561 884/801/547
f 873/793/540 870/799/546 886/823/560
f 880/1351/549 1057/839/558 872/1347/545
f 1058/822/555 871/1348/543 886/823/560
f 879/1355/561 900/843/554 878/1350/575
f 878/1350/575 884/801/547 879/1355/561
f 843/738/510 890/1356/696 887/736/508
f 888/742/514 1059/826/562 893/739/511
f 893/739/511 1059/826/562 899/832/566
f 907/830/564 887/744/508 890/1357/696
f 891/1326/697 897/1358/579 890/1325/696
f 892/745/515 897/856/579 891/1337/697
f 889/829/563 893/828/511 899/836/566
f 894/852/576 907/854/564 895/1359/698
f 908/858/577 898/833/567 907/830/564
f 890/1356/696 895/1359/698 907/1360/564
f 919/1361/591 925/1362/601 926/1363/588 918/1364/585
f 890/1325/696 897/1358/579 895/1365/698
f 896/857/569 897/856/579 892/745/515
f 1059/826/562 898/833/567 899/832/566
f 902/846/574 1060/1366/570 901/847/571
f 1060/1366/570 902/846/574 906/855/578
f 903/850/559 1060/849/570 1061/834/568
f 1061/1367/568 906/1368/578 896/1354/569
f 894/860/576 895/1365/698 897/1358/579
f 897/1358/579 906/859/578 894/860/576
f 906/1368/578 1061/1367/568 1060/838/570
f 904/842/556 908/858/577 894/1369/576
f 894/860/576 902/845/574 909/844/573
f 1061/834/568 1062/837/565 903/850/559
f 912/1370/590 915/1371/582 807/1298/472
f 1043/674/460 807/675/472 915/866/582
f 913/658/461 1043/657/460 915/1372/582
f 1064/877/584 913/658/461 915/1372/582
f 912/1370/590 916/900/583 915/1371/582
f 1064/877/584 927/1373/699 919/878/591
f 970/1374/636 967/962/633 966/1375/625 963/1376/641
f 917/880/587 918/879/585 921/896/589
f 1064/868/584 1063/1377/600 927/1378/699
f 1064/868/584 916/867/583 1063/1377/600
f 914/660/462 919/1361/591 918/1364/585
f 916/900/583 912/1370/590 917/1379/587
f 1065/936/619 944/884/592 922/886/594
f 942/928/617 924/930/598 920/1380/595
f 927/1373/699 920/1380/595 924/930/598
f 925/1362/601 924/894/598 939/893/597
f 928/870/586 917/872/587 921/1381/589
f 919/882/591 927/1382/699 925/1383/601
f 920/1384/595 927/1378/699 1063/1377/600
f 924/933/598 925/1383/601 927/1382/699
f 929/922/616 931/1385/605 973/982/606
f 978/985/647 933/1386/602 930/983/645
f 929/1387/616 1068/997/644 930/1388/645
f 972/907/603 973/910/606 932/908/604
f 929/922/616 935/924/615 931/1385/605
f 946/913/609 930/983/645 933/1386/602
f 936/912/608 933/906/602 932/908/604
f 946/917/609 929/1389/616 930/987/645
f 934/945/611 937/926/610 936/925/608
f 933/1386/602 937/914/610 946/913/609
f 946/917/609 945/916/612 929/1389/616
f 1066/911/607 932/908/604 931/1390/605
f 935/921/615 1066/920/607 931/1390/605
f 939/893/597 938/895/599 940/1391/596
f 920/1384/595 944/943/592 942/942/617
f 941/944/622 943/929/618 942/928/617
f 938/895/599 949/939/621 940/1392/596
f 947/1393/700 950/1394/614 940/890/596
f 935/924/615 945/1395/612 1067/937/620
f 1067/937/620 950/1396/614 935/924/615
f 946/913/609 941/944/622 948/1397/613
f 949/939/621 936/912/608 1066/1398/607
f 1066/1398/607 947/1399/700 949/939/621
f 948/941/613 1067/940/620 945/1400/612
f 1066/911/607 950/1401/614 947/1393/700
f 1067/937/620 1065/936/619 950/1396/614
f 947/1399/700 940/1392/596 949/939/621
f 943/934/618 934/945/611 949/946/621
f 957/961/629 865/963/536 1055/1344/538
f 867/1349/552 951/964/623 866/965/628
f 952/957/630 951/949/623 953/950/624
f 865/787/536 956/972/632 864/785/534
f 953/950/624 864/1341/534 956/960/632
f 952/957/630 968/979/627 955/958/626
f 956/972/632 865/787/536 954/973/640
f 967/1402/633 954/1403/640 865/788/536
f 957/961/629 966/1375/625 967/962/633
f 866/965/628 955/952/626 966/951/625
f 952/957/630 953/950/624 958/959/631
f 982/1404/659 1070/1405/657 965/1406/638
f 987/1407/662 960/1408/634 964/1409/642
f 982/1404/659 965/1406/638 962/974/635
f 961/1410/660 968/979/627 959/971/639
f 960/966/634 982/1005/659 962/967/635
f 960/1408/634 970/1374/636 963/1376/641
f 963/1376/641 964/1409/642 960/1408/634
f 968/953/627 961/1006/660 964/1009/642
f 962/974/635 969/1411/637 956/972/632
f 966/955/625 968/977/627 963/976/641
f 952/957/630 971/980/643 968/979/627
f 958/959/631 956/960/632 969/969/637
f 970/968/636 954/1403/640 967/1402/633
f 952/957/630 958/959/631 969/969/637 971/980/643
f 1068/988/644 977/1412/653 979/1413/701 974/986/646
f 962/974/635 965/1406/638 969/1411/637
f 969/969/637 959/971/639 971/980/643
f 933/927/602 978/1414/647 972/1415/603
f 1068/981/644 973/982/606 975/1416/652
f 980/992/650 978/985/647 974/984/646
f 973/1417/606 972/907/603 1069/1000/654
f 1069/1000/654 975/1418/652 973/1417/606
f 976/993/651 980/992/650 979/1419/701
f 975/1418/652 1069/1000/654 989/1013/663
f 989/1013/663 1072/1014/664 975/1418/652
f 976/1420/651 979/1413/701 977/1412/653
f 981/990/648 989/1013/663 1069/1000/654
f 974/984/646 979/1419/701 980/992/650
f 1072/1421/664 988/1422/702 977/999/653 975/998/652
f 978/1414/647 980/995/650 981/994/648
f 1071/1423/703 1070/1405/657 982/1404/659
f 964/978/642 983/1011/655 987/1012/662
f 985/1004/658 1071/1424/703 982/1005/659
f 985/1425/658 960/1408/634 987/1407/662
f 959/971/639 965/970/638 986/1002/656
f 988/1426/702 976/1420/651 977/1412/653
f 981/994/648 990/996/649 984/1015/661
f 989/1013/663 981/990/648 984/1010/661
f 1070/1405/657 1071/1423/703 1072/1427/664
f 987/1012/662 990/991/649 976/993/651
f 1071/1424/703 985/1004/658 988/1422/702
f 988/1422/702 1072/1421/664 1071/1424/703
f 988/1426/702 985/1425/658 987/1407/662
f 987/1407/662 976/1420/651 988/1426/702
f 1073/1320/480 818/1319/695 991/1428/665
f 819/1286/693 820/1285/476 991/1429/665
f 817/692/475 1073/694/480 991/1430/665
f 818/1309/695 819/1308/693 991/1431/665
o Worm_LP_Circle.001
v -2.716172 0.040848 0.893212
v -2.747066 0.074486 0.741292
v -2.718765 0.141955 0.750335
v -2.685937 0.018228 0.773273
v -1.982667 0.175669 0.830832
v -2.092173 0.001336 0.829957
v -2.252867 0.166628 0.795677
v -2.259095 0.038099 0.767773
v -2.193018 0.107621 0.743609
v -2.407765 0.118825 0.922586
v -2.692094 0.170115 0.857759
v -2.094293 0.023299 0.877792
v -1.836153 0.094232 0.646028
v -1.292715 0.108278 0.478285
v -1.296860 0.167299 0.434304
v -1.379613 0.024255 0.360950
v -1.496739 0.151668 0.438304
v -2.107775 0.091993 0.910565
v -1.864590 0.161702 0.696198
v -1.709712 0.142855 0.752319
v -1.830403 0.033181 0.665634
v -1.747813 0.057878 0.784873
v -1.734235 0.001383 0.700162
v -0.254511 0.139602 0.423980
v -0.192963 0.007467 0.377321
v -0.314179 0.174747 0.373886
v -0.224709 0.167079 0.308410
v -0.397365 0.047881 0.425394
v 0.010255 0.009329 0.305186
v -1.045988 0.006171 0.270768
v -0.921400 0.033949 0.226262
v -0.999697 0.068345 0.386829
v -0.867758 0.108632 0.377953
v -0.934599 0.018087 0.342705
v -1.143195 0.175631 0.293483
v -0.926611 0.159461 0.343391
v -2.798404 0.093446 0.813386
v 1.893226 0.082570 0.033670
v 2.155235 0.031263 0.030987
v 2.193203 0.061491 -0.002016
v 2.214158 0.028760 -0.000339
v 2.182126 0.011422 0.011048
v 0.011570 0.048814 0.242878
v 0.109304 0.145536 0.351974
v 0.119877 0.175218 0.276361
v 0.101595 0.129854 0.215122
v 1.116323 0.015924 -0.064867
v 0.734733 0.064786 -0.028820
v 0.863896 0.154669 -0.015270
v 0.821138 0.124516 0.097988
v 0.626522 0.122890 0.011943
v 0.616140 0.033350 0.147973
v 0.650854 0.149962 0.124988
v 0.607536 0.012576 0.074991
v 1.935516 0.078974 -0.061050
v 1.757947 0.121987 0.002378
v 1.116437 0.090093 0.057223
v 1.301876 0.153196 -0.040781
v 1.261624 0.080943 -0.102572
v 1.042879 0.019274 0.027663
v -2.743661 0.017156 0.834869
v -1.300607 0.030971 0.466038
v -1.365145 0.101221 0.325156
v -0.040693 0.072735 0.412551
v -0.278542 0.118851 0.272466
v -0.382822 0.051274 0.265175
v -0.950483 0.156164 0.234639
v -0.941918 0.090331 0.205825
v 0.103104 0.022968 0.344425
v 0.383573 0.095091 0.265943
v 2.153041 0.012922 -0.025021
vn 0.4980 0.2172 0.8395
vn 0.5289 0.8390 -0.1275
vn 0.1248 0.8436 0.5223
vn 0.9897 -0.1269 -0.0657
vn 0.3659 0.3851 -0.8473
vn 0.0225 -0.8894 0.4566
vn -0.1511 -0.8625 -0.4830
vn 0.3190 -0.8351 -0.4481
vn 0.3041 -0.6614 0.6856
vn 0.0354 0.5998 0.7993
vn -0.0011 -0.2854 -0.9584
vn 0.1743 -0.2140 0.9612
vn -0.1225 0.6866 -0.7166
vn -0.1434 -0.0858 -0.9859
vn -0.0086 0.9969 -0.0784
vn -0.3942 0.5443 -0.7405
vn 0.1481 0.8420 0.5187
vn -0.0863 0.9813 -0.1723
vn 0.3879 -0.7026 0.5966
vn 0.1380 -0.8505 0.5076
vn 0.2294 -0.8136 0.5342
vn -0.4059 -0.5669 -0.7169
vn -0.2250 -0.8569 -0.4638
vn -0.3974 0.3431 -0.8511
vn -0.4263 -0.2139 -0.8789
vn 0.4055 -0.1538 0.9011
vn 0.4489 -0.0502 0.8922
vn 0.2972 0.6921 0.6578
vn 0.3240 0.7169 0.6174
vn 0.1723 0.5358 0.8266
vn 0.2485 -0.4817 0.8404
vn 0.0069 -0.3672 0.9301
vn -0.0013 -0.9980 0.0638
vn 0.0522 -0.8838 0.4650
vn 0.0048 -0.9622 -0.2723
vn -0.2248 0.7483 -0.6241
vn -0.0423 0.8965 -0.4411
vn -0.1790 0.1620 -0.9704
vn 0.0101 0.9855 0.1691
vn -0.0469 -0.5035 -0.8627
vn -0.2340 -0.5988 -0.7659
vn -0.0518 0.3044 0.9511
vn 0.0531 0.4115 -0.9099
vn 0.0572 -0.7160 0.6958
vn 0.1022 -0.0064 0.9947
vn 0.0207 -0.1245 -0.9920
vn -0.0500 0.8214 -0.5682
vn 0.0153 0.6522 0.7579
vn -0.2355 0.4382 -0.8675
vn -0.0315 -0.7973 -0.6027
vn -0.6257 -0.7739 0.0978
vn -0.0813 -0.5265 -0.8463
vn -0.0801 -0.9707 -0.2265
vn -0.1691 0.0579 -0.9839
vn -0.3657 0.8400 -0.4008
vn -0.9884 0.1432 0.0514
vn -0.2260 0.5959 0.7706
vn -0.1618 -0.8787 -0.4490
vn 0.2806 -0.4871 0.8270
vn 0.2113 0.2680 0.9400
vn 0.0866 0.9696 0.2289
vn -0.2331 0.7202 -0.6534
vn -0.3691 -0.0420 -0.9284
vn 0.0844 -0.8308 0.5501
vn 0.0025 -0.0759 0.9971
vn 0.0693 0.8059 0.5880
vn -0.2016 -0.3577 -0.9118
vn -0.1295 -0.1511 -0.9800
vn -0.0913 0.8728 -0.4794
vn -0.1344 -0.4497 0.8830
vn -0.0295 -0.9865 0.1612
vt 0.014289 0.529737
vt 0.022872 0.522258
vt 0.029708 0.528379
vt 0.028331 0.492308
vt 0.010091 0.482849
vt 0.025398 0.479833
vt 0.112208 0.512611
vt 0.213444 0.519932
vt 0.024509 0.518656
vt 0.027102 0.510243
vt 0.074389 0.423558
vt 0.020305 0.416858
vt 0.112768 0.412873
vt 0.162811 0.545817
vt 0.093762 0.548279
vt 0.031126 0.541446
vt 0.128031 0.436776
vt 0.094666 0.444400
vt 0.023015 0.439579
vt 0.147515 0.486817
vt 0.126513 0.477420
vt 0.140707 0.492469
vt 0.112577 0.499680
vt 0.309413 0.495365
vt 0.350028 0.503919
vt 0.215026 0.497473
vt 0.268401 0.507090
vt 0.341026 0.514329
vt 0.192605 0.509561
vt 0.236917 0.545668
vt 0.311955 0.543146
vt 0.205304 0.479688
vt 0.260116 0.474765
vt 0.317878 0.483158
vt 0.306536 0.425425
vt 0.198804 0.424070
vt 0.200464 0.414143
vt 0.217645 0.461659
vt 0.308896 0.461234
vt 0.242574 0.467256
vt 0.202077 0.519917
vt 0.366583 0.526006
vt 0.301712 0.532578
vt 0.198780 0.531856
vt 0.200492 0.491147
vt 0.175558 0.467990
vt 0.135972 0.465552
vt 0.143586 0.524588
vt 0.583530 0.436276
vt 0.587503 0.444672
vt 0.512669 0.441764
vt 0.587170 0.506671
vt 0.588584 0.515794
vt 0.522011 0.512029
vt 0.520148 0.520047
vt 0.578862 0.480831
vt 0.538192 0.483699
vt 0.553404 0.473417
vt 0.593139 0.491688
vt 0.597668 0.501814
vt 0.525484 0.493837
vt 0.554403 0.463124
vt 0.512946 0.455030
vt 0.583653 0.452057
vt 0.566340 0.525439
vt 0.558279 0.533464
vt 0.496166 0.533454
vt 0.486742 0.478581
vt 0.381570 0.445833
vt 0.388856 0.435974
vt 0.491059 0.435622
vt 0.403154 0.472585
vt 0.384614 0.484821
vt 0.390848 0.416404
vt 0.492601 0.421571
vt 0.388790 0.425600
vt 0.384815 0.494457
vt 0.494834 0.490662
vt 0.503529 0.540438
vt 0.587026 0.537594
vt 0.584072 0.546302
vt 0.514813 0.547579
vt 0.397801 0.459817
vt 0.359925 0.465143
vt 0.385481 0.452262
vt 0.306649 0.436053
vt 0.324021 0.446923
vt 0.306481 0.415748
vt 0.386474 0.544783
vt 0.338253 0.535054
vt 0.988079 0.544503
vt 0.945629 0.547193
vt 0.909694 0.543561
vt 0.934596 0.458416
vt 0.991216 0.460753
vt 0.989204 0.463640
vt 0.991850 0.521625
vt 0.997698 0.522849
vt 0.985271 0.524949
vt 0.998835 0.462923
vt 0.692481 0.541694
vt 0.685764 0.508572
vt 0.716892 0.424370
vt 0.697784 0.429672
vt 0.594010 0.420895
vt 0.693511 0.442801
vt 0.692470 0.530994
vt 0.689494 0.533125
vt 0.688338 0.492883
vt 0.666845 0.451298
vt 0.633608 0.460755
vt 0.753588 0.448136
vt 0.754188 0.440571
vt 0.801094 0.428258
vt 0.791235 0.419880
vt 0.695095 0.478399
vt 0.709809 0.469679
vt 0.806850 0.471758
vt 0.769435 0.492461
vt 0.728768 0.500035
vt 0.789196 0.529972
vt 0.636010 0.472233
vt 0.943380 0.440209
vt 0.819938 0.449085
vt 0.817947 0.441134
vt 0.986637 0.417257
vt 0.955725 0.422420
vt 0.809668 0.501289
vt 0.827763 0.536744
vt 0.786644 0.547832
vt 0.726085 0.545952
vt 0.783954 0.457610
vt 0.873579 0.451456
vt 0.914703 0.481644
vt 0.772840 0.481083
vt 0.022394 0.466863
vt 0.008842 0.463824
vt 0.026326 0.458150
vt 0.019437 0.433268
vt 0.005476 0.436422
vt 0.080805 0.462966
vt 0.201698 0.433254
vt 0.193665 0.443927
vt 0.112380 0.532992
vt 0.029551 0.410610
vt 0.130491 0.421529
vt 0.063917 0.476206
vt 0.170028 0.455677
vt 0.310975 0.452642
vt 0.278983 0.443532
vt 0.242894 0.490917
vt 0.136715 0.506094
vt 0.526473 0.449081
vt 0.553733 0.422144
vt 0.537884 0.429093
vt 0.492339 0.464066
vt 0.387776 0.533081
vt 0.491225 0.520351
vt 0.323431 0.473519
vt 0.369518 0.478798
vt 0.390466 0.507690
vt 0.005392 0.527016
vt 0.006481 0.514072
vt 0.931614 0.508233
vt 0.991567 0.508998
vt 0.909326 0.515420
vt 0.996585 0.417601
vt 0.992213 0.419600
vt 0.687815 0.535499
vt 0.724974 0.453802
vt 0.739928 0.510831
vt 0.862995 0.461225
vt 0.910920 0.500513
vt 0.991506 0.498424
vt 0.823858 0.511240
vt 0.985126 0.481182
vt 0.996406 0.482218
vt 0.992933 0.483542
s 1
f 1075/1432/704 1134/1433/705 1077/1434/706
f 1134/1435/705 1110/1436/707 1074/1437/708
f 1080/1438/709 1078/1439/710 1084/1440/711
f 1080/1438/709 1084/1440/711 1076/1441/712
f 1076/1442/712 1075/1443/704 1081/1444/713
f 1078/1445/710 1083/1446/714 1084/1447/711
f 1082/1448/715 1080/1449/709 1076/1450/712
f 1085/1451/716 1074/1437/708 1091/1452/717
f 1085/1453/716 1079/1454/718 1074/1437/708
f 1135/1455/719 1103/1456/720 1096/1457/721
f 1090/1458/722 1108/1459/723 1092/1460/724
f 1092/1460/724 1108/1459/723 1078/1439/710
f 1093/1461/725 1078/1445/710 1088/1462/726
f 1095/1463/727 1087/1464/728 1135/1465/719
f 1136/1466/729 1086/1467/730 1094/1468/731
f 1093/1469/725 1087/1470/728 1095/1471/727
f 1096/1472/721 1103/1473/720 1089/1474/732
f 1089/1474/732 1094/1475/731 1096/1472/721
f 1095/1463/727 1085/1451/716 1091/1452/717
f 1085/1453/716 1095/1476/727 1096/1457/721
f 1095/1477/727 1091/1478/717 1093/1469/725
f 1096/1472/721 1094/1475/731 1079/1479/718
f 1116/1480/733 1119/1481/734 1138/1482/735
f 1119/1483/734 1118/1484/736 1100/1485/737
f 1100/1485/737 1118/1484/736 1099/1486/738
f 1142/1487/739 1098/1488/740 1137/1489/741
f 1142/1490/739 1102/1491/742 1098/1492/740
f 1137/1493/741 1097/1494/743 1117/1495/744
f 1102/1496/742 1116/1497/733 1139/1498/745
f 1098/1488/740 1101/1499/746 1137/1489/741
f 1138/1482/735 1140/1500/747 1141/1501/748
f 1141/1501/748 1139/1502/745 1138/1482/735
f 1106/1503/749 1101/1499/746 1107/1504/750
f 1104/1505/751 1139/1506/745 1141/1507/748
f 1107/1508/750 1101/1509/746 1098/1492/740
f 1099/1510/738 1118/1511/736 1117/1512/744 1097/1513/743
f 1106/1514/749 1105/1515/752 1087/1470/728
f 1087/1470/728 1109/1516/753 1106/1514/749
f 1136/1517/729 1140/1500/747 1108/1518/723
f 1089/1519/732 1104/1505/751 1141/1507/748
f 1141/1507/748 1136/1466/729 1089/1519/732
f 1107/1508/750 1103/1456/720 1135/1455/719
f 1100/1485/737 1099/1486/738 1108/1459/723
f 1099/1510/738 1109/1520/753 1108/1521/723
f 1113/1522/754 1111/1523/755 1129/1524/756
f 1111/1525/755 1113/1526/754 1112/1527/757
f 1115/1528/758 1114/1529/759 1144/1530/760
f 1114/1531/759 1112/1527/757 1113/1526/754
f 1118/1511/736 1126/1532/761 1117/1512/744
f 1119/1483/734 1124/1533/762 1118/1484/736
f 1121/1534/763 1124/1535/762 1116/1536/733
f 1119/1481/734 1116/1480/733 1124/1537/762
f 1127/1538/764 1116/1497/733 1102/1496/742
f 1127/1538/764 1121/1539/763 1116/1497/733
f 1125/1540/765 1102/1491/742 1142/1490/739
f 1117/1495/744 1126/1541/761 1143/1542/766
f 1122/1543/767 1124/1537/762 1121/1544/763
f 1132/1545/768 1121/1534/763 1120/1546/769
f 1125/1547/765 1123/1548/770 1130/1549/771
f 1133/1550/772 1127/1551/764 1125/1540/765
f 1120/1552/769 1121/1539/763 1127/1538/764
f 1143/1553/766 1123/1548/770 1125/1547/765
f 1128/1554/773 1131/1555/774 1132/1556/768
f 1144/1557/760 1128/1558/773 1132/1545/768
f 1122/1543/767 1121/1544/763 1132/1556/768
f 1120/1559/769 1127/1551/764 1133/1550/772
f 1131/1560/774 1130/1561/771 1123/1562/770
f 1130/1563/771 1129/1564/756 1111/1525/755
f 1130/1549/771 1115/1565/758 1133/1566/772
f 1129/1524/756 1130/1561/771 1131/1560/774
f 1074/1567/708 1110/1568/707 1084/1569/711
f 1075/1570/704 1076/1450/712 1110/1571/707
f 1084/1569/711 1083/1572/714 1074/1567/708
f 1079/1454/718 1134/1435/705 1074/1437/708
f 1082/1448/715 1086/1573/730 1092/1574/724
f 1077/1434/706 1079/1479/718 1081/1575/713
f 1134/1433/705 1079/1479/718 1077/1434/706
f 1081/1444/713 1075/1443/704 1077/1576/706
f 1082/1577/715 1081/1444/713 1094/1468/731
f 1094/1468/731 1086/1467/730 1082/1577/715
f 1079/1479/718 1094/1475/731 1081/1575/713
f 1091/1452/717 1074/1437/708 1083/1578/714
f 1082/1577/715 1076/1442/712 1081/1444/713
f 1091/1478/717 1083/1572/714 1078/1579/710
f 1093/1469/725 1088/1580/726 1087/1470/728
f 1092/1574/724 1086/1573/730 1090/1581/722
f 1078/1445/710 1108/1521/723 1088/1462/726
f 1086/1573/730 1136/1517/729 1090/1581/722
f 1089/1519/732 1136/1466/729 1094/1468/731
f 1096/1457/721 1095/1582/727 1135/1455/719
f 1085/1453/716 1096/1457/721 1079/1454/718
f 1093/1469/725 1091/1478/717 1078/1579/710
f 1090/1581/722 1136/1517/729 1108/1518/723
f 1082/1583/715 1092/1460/724 1080/1438/709
f 1080/1438/709 1092/1460/724 1078/1439/710
f 1119/1481/734 1100/1584/737 1138/1482/735
f 1139/1506/745 1116/1585/733 1138/1586/735
f 1097/1494/743 1137/1493/741 1101/1587/746
f 1097/1494/743 1101/1587/746 1106/1514/749
f 1106/1514/749 1109/1516/753 1097/1494/743
f 1139/1498/745 1104/1588/751 1103/1473/720
f 1138/1482/735 1100/1584/737 1140/1500/747
f 1102/1496/742 1139/1498/745 1103/1473/720
f 1102/1496/742 1103/1473/720 1098/1589/740
f 1136/1517/729 1141/1501/748 1140/1500/747
f 1088/1580/726 1109/1516/753 1087/1470/728
f 1103/1473/720 1104/1588/751 1089/1474/732
f 1135/1465/719 1087/1590/728 1105/1591/752
f 1105/1591/752 1107/1504/750 1135/1465/719
f 1088/1462/726 1108/1521/723 1109/1520/753
f 1140/1592/747 1100/1485/737 1108/1459/723
f 1107/1508/750 1098/1492/740 1103/1456/720
f 1105/1591/752 1106/1503/749 1107/1504/750
f 1099/1510/738 1097/1513/743 1109/1520/753
f 1075/1432/704 1110/1593/707 1134/1433/705
f 1076/1441/712 1084/1440/711 1110/1594/707
f 1128/1595/773 1113/1596/754 1129/1597/756
f 1144/1557/760 1114/1598/759 1113/1599/754
f 1113/1599/754 1128/1558/773 1144/1557/760
f 1142/1487/739 1137/1489/741 1143/1553/766
f 1143/1542/766 1137/1493/741 1117/1495/744
f 1143/1553/766 1125/1547/765 1142/1487/739
f 1126/1532/761 1118/1511/736 1122/1600/767
f 1122/1600/767 1131/1560/774 1126/1532/761
f 1126/1532/761 1131/1560/774 1123/1562/770
f 1130/1549/771 1133/1566/772 1125/1547/765
f 1123/1601/770 1143/1542/766 1126/1541/761
f 1125/1540/765 1127/1551/764 1102/1491/742
f 1122/1602/767 1118/1484/736 1124/1533/762
f 1111/1525/755 1112/1603/757 1130/1563/771
f 1144/1604/760 1120/1559/769 1115/1605/758
f 1128/1595/773 1129/1597/756 1131/1606/774
f 1144/1557/760 1132/1545/768 1120/1546/769
f 1132/1556/768 1131/1555/774 1122/1543/767
f 1130/1549/771 1112/1607/757 1115/1565/758
f 1133/1550/772 1115/1605/758 1120/1559/769
f 1114/1608/759 1115/1609/758 1112/1607/757
