# Blender 4.5.11 LTS
# www.blender.org
mtllib fish.mtl
o Tailor_LOD0_Plane.001
v -0.482090 0.016211 0.010343
v -0.479179 0.013064 0.012227
v -0.480813 0.018556 0.010225
v -0.477745 0.016272 0.013076
v -0.472897 0.008775 0.014049
v -0.461997 0.003948 0.016373
v -0.443926 -0.002525 0.018573
v -0.435655 -0.005407 0.020208
v -0.465469 -0.001830 0.013597
v -0.486454 0.005942 0.005218
v -0.482082 0.001533 0.007160
v -0.476022 -0.001894 0.009404
v -0.455647 -0.013809 0.010975
v -0.435835 -0.022578 0.013255
v -0.444202 -0.011569 0.015413
v -0.434297 -0.012352 0.018292
v -0.485819 0.007661 0.007327
v -0.484952 0.011529 0.009351
v -0.481912 0.009649 0.010774
v -0.482455 0.005324 0.009276
v -0.477579 0.003625 0.011292
v -0.471768 0.013044 0.015859
v -0.461971 0.008652 0.018461
v -0.430157 -0.004222 0.023096
v -0.428678 -0.003041 0.024568
v -0.432062 0.000478 0.023869
v -0.429920 -0.000059 0.024840
v -0.451736 0.015537 0.019268
v -0.443118 0.006519 0.021168
v -0.448338 0.006687 0.019682
v -0.453523 0.009953 0.018449
v -0.450224 0.011534 0.018938
v -0.460972 0.014039 0.016163
v -0.460225 0.015740 0.016241
v -0.470108 0.022115 0.012740
v -0.474513 0.023292 0.010360
v -0.476988 0.021697 0.007848
v -0.477642 0.023878 0.008266
v -0.484118 0.019343 0.007207
v -0.485365 0.019988 0.004830
v -0.485937 0.020440 0.002701
v -0.487512 0.011002 0.006279
v -0.487667 0.017183 0.004289
v -0.488037 0.009328 0.003346
v -0.488345 0.012396 0.003968
v -0.486893 0.004842 -0.000002
v -0.486531 0.014992 0.007454
v -0.488098 0.015249 0.004457
v -0.429262 -0.006014 0.023266
v -0.428196 -0.005423 0.023641
v -0.439679 0.008933 0.021546
v -0.431238 0.004389 0.024726
v -0.427939 -0.000047 0.026129
v -0.425682 -0.004648 0.025814
v -0.427121 -0.003730 0.025803
v -0.445157 0.001703 0.020128
v -0.436505 -0.002643 0.021412
v -0.430986 -0.003418 0.023242
v -0.431700 -0.004330 0.023245
v -0.430659 -0.004925 0.023442
v -0.427345 -0.008709 0.023169
v -0.427739 -0.009606 0.022149
v -0.426608 -0.008688 0.024342
v -0.464156 -0.018408 0.001738
v -0.451967 -0.026035 0.002309
v -0.443670 -0.030354 0.002886
v -0.436126 -0.039716 0.003235
v -0.407232 -0.057109 0.004150
v -0.386731 -0.066402 0.003854
v -0.363383 -0.076852 0.000592
v -0.356571 -0.077137 0.003044
v -0.368775 -0.073716 0.003978
v -0.357791 -0.074926 0.007750
v -0.396548 0.082402 0.005058
v -0.333637 -0.079791 0.010309
v -0.335216 -0.077176 0.015310
v -0.323590 -0.078332 0.016975
v -0.325719 -0.075201 0.021230
v -0.313981 -0.071476 0.027205
v -0.284241 -0.030083 0.047764
v -0.303814 -0.060732 0.035812
v -0.399534 0.079653 0.008291
v -0.484145 -0.000206 0.001763
v -0.480624 -0.004675 0.002345
v -0.475748 -0.007135 0.005076
v -0.474472 -0.010482 0.002035
v -0.468816 -0.011868 0.005715
v -0.445912 -0.024046 0.008159
v -0.435492 -0.030231 0.010163
v -0.419807 0.069774 0.005933
v -0.412531 0.073710 0.007451
v -0.368441 0.095143 0.003045
v -0.358747 0.098354 0.003662
v -0.349880 0.099714 0.006134
v -0.338502 0.099071 0.011436
v -0.320788 0.102283 0.012780
v -0.285047 0.110517 0.012172
v -0.193789 0.125827 0.013213
v -0.162474 0.129361 0.010917
v -0.426739 0.020053 0.027551
v -0.423905 0.018566 0.027690
v -0.425411 0.024882 0.026871
v -0.428127 0.032533 0.026461
v -0.426271 0.031179 0.026311
v -0.424395 0.040793 0.026415
v -0.422890 0.039022 0.026106
v -0.417359 0.047012 0.027372
v -0.416549 0.044611 0.026870
v -0.408004 0.048408 0.029686
v -0.408341 0.046559 0.029041
v -0.400515 0.046807 0.032386
v -0.401055 0.045115 0.031567
v -0.394267 0.041966 0.034275
v -0.395272 0.040715 0.033420
v -0.390221 0.034658 0.035838
v -0.391635 0.033991 0.034862
v -0.389469 0.025545 0.036864
v -0.390997 0.025756 0.035764
v -0.394240 0.013123 0.036449
v -0.393244 0.018138 0.035817
v -0.398239 0.012611 0.034689
v -0.410383 0.006672 0.032275
v -0.405280 0.009642 0.032987
v -0.413401 0.009782 0.030921
v -0.421757 0.010825 0.029511
v -0.419991 0.012957 0.029148
v -0.409210 0.050949 0.028677
v -0.399554 0.049002 0.032180
v -0.393482 0.044907 0.034052
v -0.386064 0.028996 0.037370
v -0.387022 0.014992 0.038183
v -0.401621 0.005143 0.034664
v -0.414108 0.002108 0.031019
v -0.471393 0.030764 0.010934
v -0.473866 0.032481 0.008751
v -0.460888 0.045749 0.007814
v -0.447814 0.054274 0.008022
v -0.414641 0.064838 0.017571
v -0.434295 0.062501 0.007653
v -0.412727 0.069385 0.013150
v -0.399574 0.072837 0.016595
v -0.391054 0.080766 0.012657
v -0.375893 0.084327 0.016664
v -0.367444 0.091456 0.012414
v -0.362819 0.090083 0.015744
v -0.358402 0.095690 0.010361
v -0.341441 0.091406 0.020063
v -0.347463 0.097729 0.011205
v -0.337527 0.095138 0.016611
v -0.332543 0.088364 0.023433
v -0.326753 0.091773 0.021169
v -0.338439 0.097099 0.013596
v -0.367405 0.093281 0.009331
v -0.422905 0.069667 0.002404
v -0.416573 0.073849 0.001303
v -0.395073 0.084186 0.001246
v -0.338305 0.101143 0.007265
v -0.310724 0.108039 0.006481
v -0.271485 0.116143 0.006398
v -0.200738 0.128012 0.006885
v -0.163130 0.132037 0.004821
v -0.479922 0.024225 0.005658
v -0.475820 0.033476 0.005836
v -0.461476 0.047550 0.005313
v -0.446267 0.056973 0.005585
v -0.426274 0.067857 0.004453
v -0.459432 0.023281 0.016595
v -0.458688 0.029307 0.015675
v -0.467710 0.028028 0.013379
v -0.438098 0.040469 0.019941
v -0.434323 0.045821 0.019655
v -0.447476 0.043672 0.014721
v -0.430816 0.052408 0.018146
v -0.421126 0.050987 0.024060
v -0.415613 0.061539 0.020259
v -0.411970 0.059683 0.023354
v -0.408412 0.065307 0.020101
v -0.403082 0.063334 0.022752
v -0.405021 0.065134 0.020976
v -0.390611 0.063591 0.026433
v -0.389306 0.071272 0.022114
v -0.366035 0.071843 0.028442
v -0.381527 0.074551 0.022628
v -0.358645 0.076230 0.027929
v -0.361988 0.081604 0.023625
v -0.349588 0.071499 0.030976
v -0.341368 0.080559 0.027214
v -0.346772 0.085114 0.024104
v -0.327193 0.094189 0.018228
v -0.343754 0.098966 0.010836
v -0.320458 0.096251 0.018894
v -0.314199 0.089321 0.023508
v -0.313817 0.091493 0.022084
v -0.309086 0.095029 0.022430
v -0.310661 0.105444 0.011821
v -0.455840 0.012446 0.017146
v -0.430543 0.006288 0.024892
v -0.427273 0.002675 0.026359
v -0.452586 0.013199 0.018680
v -0.441322 0.016252 0.022393
v -0.435569 0.008436 0.022962
v -0.426331 0.007958 0.027760
v -0.420897 -0.000277 0.028422
v -0.475485 0.027987 0.009476
v -0.478266 0.029225 0.005874
v -0.468122 0.024761 0.013702
v -0.449093 0.022407 0.019523
v -0.437836 0.034851 0.021604
v -0.438977 0.026362 0.022690
v -0.434259 0.011253 0.024241
v -0.431142 0.011508 0.025603
v -0.402312 0.057647 0.026893
v -0.390940 0.056269 0.030219
v -0.381570 0.066503 0.028321
v -0.374976 0.062914 0.032817
v -0.357489 0.069070 0.031739
v -0.356081 0.064314 0.035961
v -0.346368 0.065381 0.034108
v -0.348983 0.063709 0.035938
v -0.386839 0.051388 0.032880
v -0.374132 0.056872 0.034555
v -0.353021 0.059266 0.037802
v -0.344848 0.058949 0.037961
v -0.382084 0.038105 0.036389
v -0.369620 0.044826 0.037354
v -0.355578 0.045338 0.039814
v -0.293180 0.090475 0.027875
v -0.189979 0.104601 0.035015
v -0.211262 0.099269 0.035747
v -0.160428 0.120981 0.022849
v -0.245014 0.116646 0.014044
v -0.192116 0.117572 0.024012
v -0.256316 0.105564 0.023126
v -0.316861 0.099912 0.017462
v -0.299332 0.101981 0.018913
v -0.285090 0.101722 0.021681
v -0.306064 0.089380 0.025067
v -0.157798 0.108618 0.034051
v -0.134262 -0.103081 0.024486
v -0.194345 -0.104818 0.022457
v -0.303424 -0.082932 0.020800
v -0.218011 -0.104613 0.020174
v -0.245230 -0.098780 0.019986
v -0.272862 -0.091817 0.020365
v -0.110435 -0.112703 0.010052
v -0.157008 -0.113802 0.009686
v -0.194683 -0.115189 0.009003
v -0.218257 -0.116197 0.008232
v -0.246528 -0.109497 0.008402
v -0.272803 -0.101023 0.008584
v -0.323128 -0.084566 0.006267
v -0.291953 -0.094497 0.008520
v -0.312246 -0.087260 0.008735
v -0.391968 -0.004324 0.035405
v -0.400813 -0.050171 0.016400
v -0.364843 -0.051895 0.027728
v -0.362961 -0.060551 0.022866
v -0.337655 -0.062061 0.029814
v -0.334490 -0.048991 0.036773
v -0.323979 -0.055811 0.036345
v -0.325106 -0.038462 0.041703
v -0.326075 -0.020203 0.045035
v -0.299558 -0.026856 0.047487
v -0.322115 0.000154 0.046390
v -0.300123 -0.001438 0.048805
v -0.318514 0.022400 0.045609
v -0.324892 0.035040 0.043183
v -0.304327 0.040531 0.044598
v -0.325512 0.045909 0.040414
v -0.311411 0.049859 0.041829
v -0.311413 0.057265 0.039347
v -0.294159 0.075333 0.035052
v -0.291144 0.065288 0.039588
v -0.293353 0.082645 0.031352
v -0.282270 0.072025 0.036522
v -0.279243 0.046705 0.045161
v -0.284759 0.044211 0.045927
v -0.277798 0.022936 0.050057
v -0.277793 -0.000937 0.051472
v -0.287958 -0.028258 0.048171
v -0.299961 -0.042568 0.043822
v -0.312013 -0.056796 0.037650
v -0.424356 -0.020672 0.021704
v -0.425703 -0.034468 0.016158
v -0.363196 -0.047355 0.031718
v -0.364071 -0.043132 0.033234
v -0.349842 -0.049494 0.034217
v -0.344261 -0.048983 0.035302
v -0.337884 -0.033312 0.041871
v -0.352613 -0.028628 0.040580
v -0.348296 -0.019091 0.042876
v -0.332746 -0.019831 0.045438
v -0.328746 0.000223 0.047090
v -0.347461 0.000944 0.044251
v -0.337090 0.020984 0.045740
v -0.328326 0.020422 0.046758
v -0.330181 0.034201 0.044484
v -0.339799 0.036460 0.043585
v -0.332922 0.044016 0.041831
v -0.397279 -0.037944 0.025274
v -0.401220 -0.034074 0.025734
v -0.410201 -0.025883 0.025584
v -0.423378 -0.048793 0.003794
v -0.425273 -0.041224 0.012628
v -0.332796 -0.033858 0.041493
v -0.339081 -0.045520 0.036618
v -0.344840 -0.052761 0.032779
v -0.323772 0.021480 0.045777
v -0.329867 0.049837 0.039023
v -0.422205 -0.018808 0.023728
v -0.379943 -0.021740 0.035533
v -0.362974 -0.027910 0.038312
v -0.418769 -0.012323 0.026668
v -0.359109 0.019663 0.041809
v -0.377248 0.012389 0.039527
v -0.366377 0.014442 0.041098
v -0.382111 0.005129 0.038453
v -0.361280 0.001358 0.042262
v -0.361870 -0.011405 0.041483
v -0.335466 0.053713 0.038345
v -0.321251 0.053551 0.038182
v -0.309584 0.063063 0.036961
v -0.296660 0.078447 0.032646
v -0.343668 0.062103 0.035697
v -0.345595 0.068891 0.031907
v -0.338738 0.077984 0.028129
v -0.326248 0.087235 0.023578
v -0.278687 0.101543 0.023019
v -0.287856 0.085542 0.030952
v -0.296437 0.085752 0.029043
v -0.314018 0.062118 0.037537
v -0.297512 0.081141 0.032680
v -0.342339 0.065526 0.035445
v -0.324367 0.085766 0.026552
v -0.308956 0.087113 0.028127
v -0.299657 0.083666 0.031420
v -0.331732 0.058443 0.038064
v -0.309107 0.068150 0.036583
v -0.300353 0.080446 0.033099
v -0.336097 0.076121 0.031186
v -0.318456 0.083693 0.029191
v -0.330962 0.068476 0.035643
v -0.317875 0.073676 0.034585
v -0.299016 0.022952 0.047474
v -0.308052 -0.043507 0.043282
v -0.188258 0.088511 0.044089
v -0.180040 0.063333 0.052942
v -0.155789 0.094299 0.042252
v -0.114318 0.098300 0.040508
v -0.107768 0.071650 0.050374
v -0.064760 0.097944 0.038049
v -0.061248 0.071641 0.048019
v -0.098522 -0.072819 0.044347
v -0.282679 0.084953 0.031549
v -0.274301 0.046028 0.044746
v -0.269929 0.112453 0.013679
v -0.273183 0.102057 0.022917
v -0.270898 0.024414 0.049394
v -0.273519 -0.001734 0.051210
v -0.121894 0.130876 0.010098
v -0.122180 0.133562 0.004813
v -0.119241 0.121867 0.022747
v -0.115802 0.110257 0.033560
v -0.077825 0.128569 0.008705
v -0.078501 0.130938 0.003140
v -0.071623 0.119798 0.021108
v -0.066490 0.108541 0.031815
v -0.015755 0.114192 0.017196
v -0.009275 0.101313 0.029930
v -0.451617 -0.024990 0.004140
v -0.443578 -0.028496 0.005753
v -0.436705 -0.036858 0.006791
v -0.399652 -0.057093 0.010254
v -0.370565 -0.066819 0.013554
v -0.424410 -0.046128 0.008340
v -0.320642 -0.064161 0.032475
v -0.335208 -0.068565 0.025637
v -0.311909 -0.050279 0.040730
v -0.354055 -0.069777 0.017523
v -0.286042 -0.064091 0.038532
v -0.270453 -0.045008 0.047512
v -0.264405 -0.025117 0.053284
v -0.261141 0.004163 0.054128
v -0.262058 0.026731 0.051012
v -0.273315 0.087340 0.032332
v -0.260781 0.049720 0.046976
v -0.268617 0.073213 0.039147
v -0.207495 -0.072951 0.043285
v -0.211805 -0.092744 0.032162
v -0.187176 -0.093211 0.033667
v -0.119870 -0.091787 0.034434
v -0.245389 0.030196 0.052259
v -0.239358 0.006898 0.054626
v -0.266871 -0.066998 0.039990
v -0.275022 0.108221 0.018003
v -0.251886 0.028741 0.052103
v -0.250741 0.006292 0.055224
v -0.250955 -0.023253 0.055418
v -0.255134 -0.045465 0.049127
v -0.280059 -0.079792 0.030995
v -0.167805 -0.022009 0.058313
v -0.091508 -0.023022 0.057391
v -0.220812 -0.021316 0.055262
v -0.171833 0.006924 0.060323
v -0.091971 0.006069 0.059372
v -0.199575 0.007050 0.059055
v -0.223722 0.007846 0.056197
v -0.174415 0.033231 0.058871
v -0.096568 0.034372 0.057663
v -0.199660 0.032016 0.057758
v -0.214791 0.122061 0.014411
v -0.212541 0.113459 0.024821
v -0.207444 0.083683 0.044262
v -0.201674 0.059132 0.052588
v -0.007702 0.091419 0.035819
v -0.005104 0.067463 0.044800
v -0.055003 0.033632 0.055885
v -0.002611 0.033249 0.052154
v -0.053521 0.005890 0.057806
v -0.000744 0.005947 0.054111
v -0.052498 -0.022397 0.055929
v 0.000101 -0.022049 0.052399
v -0.004789 -0.047200 0.048029
v -0.064342 -0.072903 0.043299
v -0.013872 -0.072343 0.039862
v -0.072569 -0.092080 0.032956
v -0.021434 -0.091833 0.029228
v -0.077018 -0.102994 0.022954
v -0.026139 -0.102605 0.018662
v -0.078773 -0.113042 0.008125
v -0.043781 0.126566 0.002884
v 0.030679 0.106825 0.014658
v 0.033346 0.096915 0.025440
v 0.034503 0.088001 0.031132
v 0.036933 0.065542 0.040138
v 0.039099 0.033087 0.047866
v 0.047056 0.006421 0.049541
v 0.048605 -0.021055 0.048048
v 0.043848 -0.045565 0.044009
v 0.027026 -0.070861 0.036739
v 0.020211 -0.090290 0.026049
v 0.017095 -0.100358 0.015973
v -0.043002 0.124395 0.008419
v 0.074454 0.097148 0.010960
v 0.076659 0.089217 0.020280
v 0.077812 0.081410 0.025729
v 0.080215 0.061016 0.034687
v 0.130346 0.026280 0.036950
v 0.070915 -0.066367 0.032565
v 0.064816 -0.084630 0.022432
v 0.062785 -0.093387 0.013125
v 0.125598 0.082791 0.008879
v 0.127619 0.076184 0.016786
v 0.128778 0.069462 0.021510
v 0.131041 0.051985 0.029436
v 0.133841 0.004733 0.038482
v 0.132672 -0.017350 0.037581
v 0.129032 -0.037632 0.034240
v 0.122986 -0.058224 0.027720
v 0.117611 -0.074067 0.019151
v 0.115353 -0.081894 0.011233
v 0.177605 0.063889 0.005423
v 0.180263 0.058503 0.012037
v 0.181374 0.053077 0.016046
v 0.229173 0.026864 0.016363
v 0.229632 0.011853 0.020337
v 0.229290 0.000368 0.021284
v 0.229021 -0.011374 0.020440
v 0.181529 -0.033167 0.025026
v 0.176660 -0.049239 0.019267
v 0.172077 -0.061082 0.012101
v 0.169041 -0.066705 0.006313
v 0.226112 0.041307 0.008243
v 0.227391 0.036895 0.011889
v 0.227322 -0.023427 0.017791
v 0.225037 -0.034719 0.013412
v 0.222906 -0.043079 0.007685
v 0.256456 -0.033316 0.001668
v 0.260325 0.030520 0.005962
v 0.260578 0.027536 0.009579
v 0.261055 0.019994 0.013977
v 0.261993 0.009150 0.016912
v 0.279017 -0.002168 0.015861
v 0.261413 -0.008843 0.016973
v 0.261502 -0.017084 0.015012
v 0.259453 -0.025216 0.011316
v 0.258148 -0.030936 0.006008
v 0.276888 0.029781 0.005580
v 0.277298 0.026042 0.010307
v 0.278719 0.018680 0.013838
v 0.287632 0.013614 0.013603
v 0.280683 -0.008370 0.015590
v 0.288938 -0.020350 0.013589
v 0.277632 -0.024065 0.012058
v 0.275290 -0.029275 0.006651
v 0.296312 0.025217 0.011647
v 0.316229 0.034684 0.008109
v 0.311898 0.025203 0.008353
v 0.340020 0.046256 0.005381
v 0.332457 0.032168 0.005245
v 0.362333 0.062027 0.003732
v 0.362192 0.052372 0.003139
v 0.393349 0.079206 0.002592
v 0.383526 0.060600 0.002249
v 0.453895 0.106852 0.002200
v 0.476569 0.114123 0.001793
v 0.472718 0.103234 0.001176
v 0.284990 0.031564 0.005822
v 0.287126 0.028115 0.010208
v 0.320284 0.042324 0.006811
v 0.357087 0.062406 0.002896
v 0.388538 0.079358 0.001906
v 0.422393 0.096260 0.001508
v 0.450620 0.108506 0.001317
v 0.476308 0.116156 0.001100
v 0.310097 -0.032399 0.008271
v 0.310670 -0.038546 0.006890
v 0.305901 -0.040903 0.004561
v 0.333362 -0.041790 0.004709
v 0.334111 -0.048717 0.003906
v 0.342312 -0.057040 0.001812
v 0.367188 -0.064662 0.002312
v 0.429299 -0.097408 0.001378
v 0.437692 -0.097491 0.001921
v 0.471023 -0.111116 0.001467
v 0.470881 -0.113792 0.001084
v 0.486713 -0.116080 0.000972
v 0.487610 -0.119269 0.000594
v 0.295720 0.005964 0.011740
v 0.299753 -0.021550 0.011141
v 0.321624 0.005712 0.007105
v 0.325100 -0.028288 0.006329
v 0.290801 -0.028576 0.010908
v 0.346201 0.012223 0.004266
v 0.347441 -0.027099 0.003718
v 0.367946 0.016319 0.003118
v 0.369387 -0.014912 0.002582
v 0.405757 0.039079 0.002107
v 0.410029 0.006127 0.001622
v 0.413174 -0.016443 0.001256
v 0.421394 0.032097 0.001420
v 0.423223 -0.038392 0.001043
v 0.447210 0.076305 0.001150
v 0.285244 -0.031955 0.006551
v 0.356452 -0.042070 0.003086
v 0.406842 -0.044202 0.001724
v 0.450494 -0.075926 0.000895
v -0.482945 0.020360 0.006917
v -0.484481 0.021436 0.002850
v -0.471668 0.019912 0.011494
v -0.433451 0.000733 0.023564
v -0.478603 0.021217 0.005541
v -0.455304 0.006391 0.018641
v -0.445096 0.002144 0.019369
v -0.433234 -0.003810 0.021911
v -0.464205 0.010219 0.017629
v -0.476821 0.016124 0.013006
v -0.483061 0.020804 0.004473
v -0.434001 0.000549 0.022751
v -0.447794 0.006163 0.019285
v -0.465771 0.016840 0.013811
v -0.431991 -0.003015 0.022104
v -0.455173 0.009582 0.018204
v -0.472737 0.019822 0.009819
v -0.431934 0.000481 0.016332
v -0.432763 -0.002474 0.020209
v -0.433818 0.001010 0.019523
v -0.240154 -0.046398 0.049475
v -0.237200 -0.022394 0.054194
v -0.199407 -0.049577 0.051779
v -0.172641 -0.048189 0.053044
v -0.176931 -0.073725 0.044142
v -0.196592 -0.022357 0.057252
v -0.097239 -0.047855 0.052781
v -0.430701 -0.002514 0.015043
v -0.423041 -0.003307 0.004223
v -0.424369 -0.000589 0.007326
v -0.420674 -0.001356 0.002918
v -0.436286 -0.002510 0.017261
v -0.456657 0.006758 0.016315
v -0.473873 0.014265 0.011915
v -0.292793 -0.045123 0.043362
v -0.298914 -0.075363 0.029777
v -0.056375 -0.047899 0.051398
v -0.449441 0.002449 0.010360
v -0.443355 0.000306 0.007804
v -0.434083 -0.004710 0.007492
v -0.456785 0.004893 0.010954
v -0.469992 0.010334 0.008016
v -0.473401 0.012628 0.004076
v -0.467009 0.011886 0.003710
v -0.465218 0.009781 0.006527
v -0.456939 0.006255 0.007868
v -0.446745 0.003824 0.005427
v -0.463269 0.010993 0.004128
v -0.452000 0.006874 0.004670
v -0.439214 0.003047 0.019399
v -0.447483 0.006996 0.015244
v -0.456712 0.011130 0.015279
v -0.465719 0.017587 0.009977
v -0.472136 0.019820 0.005750
v -0.479426 0.020935 0.000249
v -0.465606 0.019673 0.004538
v -0.404972 0.069754 0.015639
v -0.405854 0.070199 0.014979
v -0.455485 0.014513 0.007950
v -0.442506 0.007136 0.009883
v -0.450601 0.011246 0.008389
v -0.432224 0.002642 0.013922
v -0.435578 0.004481 0.012759
v -0.428211 0.003288 0.006342
v -0.432548 0.005570 0.004984
v -0.431735 0.005522 -0.000390
v -0.429035 -0.004557 0.005170
v -0.482434 0.015463 -0.010376
v -0.475071 0.014672 -0.014504
v -0.481871 0.019417 -0.008906
v -0.477668 0.016235 -0.013091
v -0.479068 0.011703 -0.012136
v -0.472765 0.008947 -0.014155
v -0.462030 0.003770 -0.016309
v -0.444038 -0.002599 -0.018466
v -0.435857 -0.006058 -0.019917
v -0.465505 -0.001967 -0.013554
v -0.485809 0.006397 -0.006672
v -0.482082 0.001533 -0.007160
v -0.475654 -0.002332 -0.009336
v -0.454091 -0.014528 -0.011101
v -0.435163 -0.023949 -0.012891
v -0.443983 -0.011622 -0.015453
v -0.434880 -0.012740 -0.017917
v -0.485019 0.011315 -0.009287
v -0.482766 0.007207 -0.009852
v -0.477676 0.003804 -0.011287
v -0.468020 0.011359 -0.016996
v -0.462037 0.008717 -0.018455
v -0.432916 -0.007438 -0.023130
v -0.430995 -0.006700 -0.023788
v -0.432994 -0.001537 -0.024439
v -0.436500 0.001615 -0.022872
v -0.439885 0.005891 -0.022016
v -0.453328 0.013400 -0.018454
v -0.455796 0.015925 -0.017885
v -0.440786 0.003918 -0.021545
v -0.451010 0.007916 -0.018991
v -0.455184 0.009583 -0.018158
v -0.450220 0.011595 -0.018921
v -0.453872 0.010040 -0.018387
v -0.460184 0.014761 -0.016162
v -0.470113 0.022120 -0.012736
v -0.474445 0.023287 -0.010408
v -0.476951 0.021648 -0.007862
v -0.477658 0.023907 -0.008258
v -0.482012 0.024393 -0.000034
v -0.484118 0.019343 -0.007207
v -0.487227 0.017347 -0.005020
v -0.485661 0.020652 -0.002984
v -0.487398 0.018166 -0.003460
v -0.487202 0.007747 -0.005164
v -0.487314 0.012070 -0.006779
v -0.488365 0.012321 -0.003844
v -0.488207 0.009294 -0.002100
v -0.486530 0.015001 -0.007451
v -0.487999 0.015385 -0.004638
v -0.488202 0.016583 -0.001204
v -0.428684 -0.008910 -0.024338
v -0.442062 0.009614 -0.020870
v -0.430663 0.001750 -0.025462
v -0.427331 -0.004284 -0.025898
v -0.443451 0.001024 -0.020267
v -0.433450 -0.006486 -0.023359
v -0.425196 -0.005326 -0.025652
v -0.432786 -0.008327 -0.023304
v -0.432049 -0.010323 -0.022700
v -0.430302 -0.013326 -0.022892
v -0.479683 -0.006308 0.000000
v -0.468770 -0.015692 0.000025
v -0.464202 -0.018377 -0.001736
v -0.453531 -0.025598 -0.000034
v -0.452103 -0.025967 -0.002287
v -0.444221 -0.030713 0.000000
v -0.443670 -0.030354 -0.002886
v -0.435318 -0.038979 0.000000
v -0.434041 -0.037383 -0.003235
v -0.408030 -0.057610 0.000000
v -0.399837 -0.060852 -0.003770
v -0.375587 -0.072405 -0.000052
v -0.364045 -0.076535 -0.001680
v -0.354636 -0.078121 0.000213
v -0.353877 -0.077306 -0.004658
v -0.367483 -0.074739 -0.003538
v -0.396564 0.082367 -0.005163
v -0.333638 -0.079792 -0.010309
v -0.335219 -0.077179 -0.015310
v -0.322807 -0.078417 -0.017190
v -0.325719 -0.075201 -0.021230
v -0.314283 -0.071596 -0.027015
v -0.284849 -0.030472 -0.047643
v -0.303933 -0.060443 -0.035894
v -0.328535 -0.083899 0.000000
v -0.484466 0.000674 -0.002533
v -0.480679 -0.004589 -0.002401
v -0.473095 -0.008983 -0.005653
v -0.474472 -0.010482 -0.002035
v -0.451825 -0.021760 -0.006851
v -0.434579 -0.029221 -0.010139
v -0.477683 0.033927 -0.000006
v -0.462687 0.048476 -0.000000
v -0.447495 0.057971 -0.000000
v -0.431477 0.066278 -0.000000
v -0.420283 0.069529 -0.005875
v -0.423561 0.069799 -0.000000
v -0.413186 0.073473 -0.007039
v -0.400308 0.079327 -0.008206
v -0.400592 0.081110 0.000003
v -0.367893 0.094753 -0.004985
v -0.359190 0.098539 -0.002528
v -0.349859 0.099726 -0.006103
v -0.343820 0.101587 0.000000
v -0.339410 0.099002 -0.011360
v -0.320791 0.102256 -0.012846
v -0.325856 0.105426 0.000002
v -0.292691 0.108755 -0.012581
v -0.275236 0.116590 -0.000007
v -0.193789 0.125827 -0.013213
v -0.201174 0.128924 0.000005
v -0.162474 0.129361 -0.010917
v -0.170275 0.132036 -0.000000
v -0.427570 0.019056 -0.027570
v -0.424574 0.017817 -0.027690
v -0.426308 0.023878 -0.026871
v -0.428279 0.032250 -0.026465
v -0.426357 0.031083 -0.026311
v -0.424459 0.039795 -0.026409
v -0.422890 0.039022 -0.026106
v -0.417371 0.046230 -0.027254
v -0.416549 0.044611 -0.026870
v -0.408004 0.048408 -0.029686
v -0.408341 0.046559 -0.029041
v -0.400453 0.047621 -0.032441
v -0.401055 0.045115 -0.031567
v -0.394267 0.041966 -0.034275
v -0.395272 0.040715 -0.033420
v -0.390221 0.034658 -0.035838
v -0.391635 0.033991 -0.034862
v -0.389569 0.021767 -0.037238
v -0.391014 0.025736 -0.035764
v -0.393386 0.017979 -0.035817
v -0.398052 0.009269 -0.035684
v -0.398347 0.012491 -0.034689
v -0.410144 0.006508 -0.032365
v -0.405337 0.009578 -0.032987
v -0.413452 0.009725 -0.030921
v -0.421416 0.010593 -0.029619
v -0.420147 0.012781 -0.029148
v -0.430544 0.018755 -0.026588
v -0.426548 0.042234 -0.025228
v -0.409710 0.051097 -0.028461
v -0.392882 0.044405 -0.034222
v -0.386051 0.029012 -0.037370
v -0.386976 0.015031 -0.038212
v -0.405791 0.003634 -0.033481
v -0.471193 0.030773 -0.011038
v -0.473793 0.032532 -0.008769
v -0.460888 0.045749 -0.007814
v -0.447814 0.054274 -0.008022
v -0.414640 0.064838 -0.017571
v -0.433277 0.062992 -0.007746
v -0.411657 0.069569 -0.013717
v -0.399564 0.072842 -0.016594
v -0.393555 0.079422 -0.012812
v -0.375893 0.084327 -0.016664
v -0.369587 0.090408 -0.012808
v -0.362800 0.090078 -0.015753
v -0.358322 0.095735 -0.010327
v -0.343953 0.091085 -0.019843
v -0.348238 0.097294 -0.011601
v -0.337527 0.095138 -0.016611
v -0.333778 0.087326 -0.024073
v -0.326753 0.091773 -0.021169
v -0.332545 0.095637 -0.016173
v -0.367507 0.093249 -0.009306
v -0.422948 0.069639 -0.002434
v -0.414074 0.074487 -0.003822
v -0.394950 0.084100 -0.001975
v -0.368499 0.095377 -0.001261
v -0.338647 0.101084 -0.007266
v -0.311058 0.108002 -0.006155
v -0.272386 0.115969 -0.006529
v -0.200518 0.128063 -0.006772
v -0.163130 0.132037 -0.004821
v -0.479940 0.024188 -0.005648
v -0.475711 0.033570 -0.005865
v -0.461476 0.047550 -0.005313
v -0.446267 0.056973 -0.005585
v -0.426089 0.068027 -0.004126
v -0.452955 0.026889 -0.017810
v -0.466791 0.025195 -0.014179
v -0.467927 0.028024 -0.013309
v -0.436549 0.041236 -0.020374
v -0.435209 0.045660 -0.019284
v -0.447476 0.043672 -0.014721
v -0.430816 0.052408 -0.018146
v -0.419213 0.048672 -0.026262
v -0.415613 0.061539 -0.020259
v -0.412092 0.059969 -0.023121
v -0.408412 0.065307 -0.020101
v -0.403082 0.063334 -0.022752
v -0.405021 0.065134 -0.020976
v -0.393340 0.062586 -0.026174
v -0.389533 0.071311 -0.021989
v -0.364777 0.071975 -0.028664
v -0.358617 0.076319 -0.027885
v -0.362001 0.081543 -0.023668
v -0.349588 0.071499 -0.030976
v -0.349258 0.084752 -0.023876
v -0.318134 0.091903 -0.020959
v -0.320230 0.096360 -0.018944
v -0.343673 0.099016 -0.010770
v -0.313132 0.089244 -0.023874
v -0.307818 0.094702 -0.022777
v -0.310661 0.105444 -0.011821
v -0.455807 0.012333 -0.017131
v -0.429294 0.003843 -0.025802
v -0.425650 -0.000065 -0.026688
v -0.450404 0.019799 -0.019444
v -0.437548 0.008599 -0.022206
v -0.435835 0.013301 -0.024148
v -0.480173 0.029838 -0.000000
v -0.475231 0.028185 -0.009603
v -0.478266 0.029225 -0.005874
v -0.439959 0.032845 -0.021088
v -0.439698 0.025412 -0.022475
v -0.428067 0.007370 -0.027120
v -0.402902 0.057576 -0.026800
v -0.390844 0.056317 -0.030204
v -0.384587 0.066210 -0.027342
v -0.375506 0.062749 -0.032767
v -0.378525 0.066365 -0.029336
v -0.357317 0.069010 -0.031820
v -0.356327 0.064363 -0.035889
v -0.346389 0.065455 -0.034037
v -0.348300 0.062542 -0.036634
v -0.386315 0.050436 -0.033275
v -0.364076 0.058646 -0.036178
v -0.382302 0.038270 -0.036333
v -0.369520 0.044158 -0.037460
v -0.357227 0.047136 -0.039262
v -0.335173 0.048338 -0.040801
v -0.293180 0.090475 -0.027875
v -0.189979 0.104601 -0.035015
v -0.160428 0.120981 -0.022849
v -0.248952 0.115961 -0.014038
v -0.192116 0.117572 -0.024012
v -0.256316 0.105564 -0.023126
v -0.316642 0.100133 -0.017294
v -0.299332 0.101981 -0.018913
v -0.278096 0.101760 -0.022921
v -0.305858 0.089327 -0.025160
v -0.157798 0.108618 -0.034051
v -0.138714 -0.102977 -0.024657
v -0.194345 -0.104818 -0.022457
v -0.292553 -0.086614 -0.020347
v -0.218011 -0.104613 -0.020174
v -0.245230 -0.098780 -0.019986
v -0.272862 -0.091817 -0.020365
v -0.307903 -0.082232 -0.019645
v -0.136592 -0.116127 -0.000034
v -0.150030 -0.113452 -0.010093
v -0.193179 -0.118304 0.000000
v -0.194683 -0.115189 -0.009003
v -0.218257 -0.116197 -0.008232
v -0.216505 -0.120205 0.000000
v -0.245104 -0.113597 0.000000
v -0.246528 -0.109497 -0.008402
v -0.272803 -0.101023 -0.008584
v -0.274630 -0.103397 0.000000
v -0.323128 -0.084566 -0.006267
v -0.291953 -0.094497 -0.008520
v -0.312321 -0.087305 -0.008395
v -0.311421 -0.089426 0.000000
v -0.392337 -0.004013 -0.035436
v -0.408675 -0.047527 -0.015097
v -0.374502 -0.049522 -0.026494
v -0.366686 -0.060476 -0.022297
v -0.345208 -0.053021 -0.032640
v -0.337679 -0.062088 -0.029814
v -0.340571 -0.046925 -0.036066
v -0.323309 -0.055979 -0.036460
v -0.332662 -0.032924 -0.041782
v -0.326164 -0.020220 -0.045024
v -0.299626 -0.026770 -0.047495
v -0.322530 0.000830 -0.046379
v -0.298967 -0.001835 -0.048909
v -0.318962 0.021993 -0.045644
v -0.324917 0.034726 -0.043234
v -0.325022 0.046198 -0.040375
v -0.313543 0.048320 -0.041920
v -0.310566 0.057585 -0.039416
v -0.300433 0.058170 -0.040863
v -0.294155 0.075673 -0.034861
v -0.289961 0.065972 -0.039212
v -0.281560 0.046745 -0.045340
v -0.277306 0.023582 -0.050007
v -0.277793 -0.000937 -0.051472
v -0.287958 -0.028258 -0.048171
v -0.293756 -0.044408 -0.043440
v -0.305089 -0.043218 -0.043549
v -0.312013 -0.056796 -0.037650
v -0.425343 -0.025101 -0.020888
v -0.372367 -0.044324 -0.030835
v -0.354513 -0.045141 -0.035038
v -0.353505 -0.050346 -0.033085
v -0.344788 -0.049301 -0.035201
v -0.337884 -0.033312 -0.041871
v -0.352885 -0.028525 -0.040562
v -0.349696 -0.019531 -0.042591
v -0.332746 -0.019831 -0.045438
v -0.328746 0.000223 -0.047090
v -0.348095 0.001071 -0.044154
v -0.337958 0.019712 -0.045560
v -0.328326 0.020422 -0.046758
v -0.330181 0.034201 -0.044484
v -0.339455 0.032457 -0.044252
v -0.352318 0.058102 -0.038159
v -0.400856 -0.037683 -0.024192
v -0.400347 -0.034292 -0.025932
v -0.423315 -0.048723 -0.003794
v -0.423544 -0.048827 0.000000
v -0.425668 -0.033933 -0.016731
v -0.425017 -0.040938 -0.012628
v -0.323772 0.021480 -0.045777
v -0.329565 0.048796 -0.039306
v -0.420640 -0.016156 -0.025229
v -0.377406 -0.022948 -0.036068
v -0.366419 -0.028530 -0.037440
v -0.417559 -0.001744 -0.029318
v -0.366266 0.014444 -0.041115
v -0.361857 0.025204 -0.040845
v -0.377137 0.012412 -0.039548
v -0.382369 0.004745 -0.038409
v -0.359198 0.000470 -0.042615
v -0.361035 -0.011695 -0.041645
v -0.335629 0.053921 -0.038291
v -0.321251 0.053551 -0.038182
v -0.309705 0.062892 -0.037010
v -0.293705 0.081858 -0.031590
v -0.343668 0.062103 -0.035697
v -0.345501 0.068825 -0.031936
v -0.338738 0.077984 -0.028129
v -0.325790 0.087363 -0.023533
v -0.287856 0.085542 -0.030952
v -0.295472 0.085213 -0.029465
v -0.326702 0.057419 -0.038203
v -0.311069 0.064838 -0.037201
v -0.298213 0.081011 -0.032858
v -0.341057 0.064928 -0.035804
v -0.342660 0.065917 -0.035132
v -0.336947 0.075682 -0.031260
v -0.324367 0.085766 -0.026552
v -0.308956 0.087113 -0.028127
v -0.299719 0.083520 -0.031552
v -0.333086 0.059932 -0.037686
v -0.312484 0.067742 -0.036709
v -0.318705 0.083189 -0.029508
v -0.328314 0.069837 -0.035318
v -0.305608 0.078679 -0.033334
v -0.293291 0.042517 -0.045401
v -0.297104 0.023619 -0.047643
v -0.312490 -0.041688 -0.043018
v -0.254487 0.076816 -0.040077
v -0.188259 0.088511 -0.044089
v -0.179886 0.063373 -0.052927
v -0.155789 0.094299 -0.042252
v -0.114318 0.098300 -0.040508
v -0.107948 0.071593 -0.050394
v -0.064757 0.097944 -0.038049
v -0.062168 0.071428 -0.048153
v -0.098091 -0.072902 -0.044295
v -0.282801 0.084842 -0.031596
v -0.282110 0.070611 -0.036991
v -0.274336 0.045961 -0.044758
v -0.272113 0.111851 -0.014013
v -0.273183 0.102057 -0.022917
v -0.271350 0.023543 -0.049473
v -0.274104 -0.001931 -0.051153
v -0.121894 0.130876 -0.010098
v -0.122180 0.133562 -0.004813
v -0.119241 0.121867 -0.022747
v -0.115802 0.110257 -0.033560
v -0.077825 0.128569 -0.008705
v -0.074277 0.130635 -0.000000
v -0.078501 0.130938 -0.003140
v -0.071447 0.119765 -0.021129
v -0.066546 0.108552 -0.031810
v -0.019695 0.121419 -0.000000
v -0.015755 0.114192 -0.017196
v -0.009275 0.101313 -0.029930
v -0.451521 -0.025055 -0.004139
v -0.434331 -0.032749 -0.007522
v -0.407804 -0.053595 -0.009632
v -0.368884 -0.068055 -0.013942
v -0.424186 -0.045876 -0.008340
v -0.320642 -0.064161 -0.032475
v -0.345292 -0.070466 -0.020553
v -0.312511 -0.050114 -0.040702
v -0.381368 0.074642 -0.022612
v -0.360690 -0.053314 -0.028443
v -0.327947 -0.067521 -0.028290
v -0.286042 -0.064091 -0.038532
v -0.270453 -0.045008 -0.047512
v -0.264405 -0.025117 -0.053284
v -0.261141 0.004163 -0.054128
v -0.262058 0.026731 -0.051012
v -0.267536 0.088843 -0.032572
v -0.260136 0.050225 -0.046998
v -0.269585 0.072519 -0.039166
v -0.208070 -0.072887 -0.043275
v -0.213802 -0.092803 -0.031924
v -0.187176 -0.093211 -0.033667
v -0.119871 -0.091787 -0.034434
v -0.249239 0.030691 -0.051922
v -0.238273 0.006828 -0.054612
v -0.266872 -0.066998 -0.039990
v -0.274662 0.108227 -0.018020
v -0.250741 0.006292 -0.055224
v -0.250955 -0.023253 -0.055418
v -0.255134 -0.045465 -0.049127
v -0.281941 -0.079197 -0.031041
v -0.168957 -0.021789 -0.058354
v -0.091254 -0.023097 -0.057372
v -0.220812 -0.021316 -0.055262
v -0.172127 0.007052 -0.060334
v -0.091205 0.005938 -0.059345
v -0.199575 0.007050 -0.059055
v -0.173718 0.032739 -0.058945
v -0.096568 0.034372 -0.057663
v -0.199627 0.032369 -0.057699
v -0.214645 0.122044 -0.014462
v -0.212541 0.113459 -0.024821
v -0.207588 0.101226 -0.035024
v -0.204447 0.084874 -0.044119
v -0.200809 0.058317 -0.052873
v -0.007702 0.091419 -0.035819
v -0.005104 0.067463 -0.044800
v -0.056364 0.034122 -0.055898
v -0.002611 0.033249 -0.052154
v -0.053228 0.005778 -0.057774
v -0.000744 0.005947 -0.054111
v -0.052288 -0.022461 -0.055907
v 0.000101 -0.022049 -0.052399
v -0.004789 -0.047200 -0.048029
v -0.064342 -0.072903 -0.043299
v -0.013872 -0.072343 -0.039862
v -0.072569 -0.092080 -0.032956
v -0.021434 -0.091833 -0.029228
v -0.077018 -0.102994 -0.022954
v -0.026139 -0.102605 -0.018662
v 0.166279 -0.069493 0.000000
v -0.079148 -0.113027 -0.008263
v -0.078581 -0.115655 0.000099
v -0.038376 -0.111297 0.000000
v -0.043781 0.126566 -0.002884
v 0.030679 0.106825 -0.014658
v 0.033346 0.096915 -0.025440
v 0.034503 0.088001 -0.031132
v 0.036933 0.065542 -0.040138
v 0.039099 0.033087 -0.047866
v 0.046221 0.006528 -0.049629
v 0.049262 -0.020776 -0.048000
v 0.045259 -0.045407 -0.043882
v 0.027026 -0.070861 -0.036739
v 0.020211 -0.090290 -0.026049
v 0.017095 -0.100358 -0.015973
v 0.115345 -0.085351 0.000000
v -0.043002 0.124395 -0.008419
v 0.074454 0.097148 -0.010960
v 0.076659 0.089217 -0.020280
v 0.077812 0.081410 -0.025729
v 0.080215 0.061016 -0.034687
v 0.130346 0.026280 -0.036950
v 0.070915 -0.066367 -0.032565
v 0.064816 -0.084630 -0.022432
v 0.062785 -0.093387 -0.013125
v 0.064137 -0.096887 0.000000
v 0.125598 0.082791 -0.008879
v 0.127619 0.076184 -0.016786
v 0.128778 0.069462 -0.021510
v 0.131041 0.051985 -0.029436
v 0.133841 0.004733 -0.038482
v 0.132672 -0.017350 -0.037581
v 0.129032 -0.037632 -0.034240
v 0.122986 -0.058224 -0.027720
v 0.117611 -0.074067 -0.019151
v 0.115353 -0.081894 -0.011233
v 0.015475 -0.105749 0.000000
v 0.177605 0.063889 -0.005423
v 0.180263 0.058503 -0.012037
v 0.181374 0.053077 -0.016046
v 0.229173 0.026864 -0.016363
v 0.229632 0.011853 -0.020337
v 0.229985 -0.000331 -0.021229
v 0.184423 -0.017032 -0.028266
v 0.181529 -0.033167 -0.025026
v 0.176660 -0.049239 -0.019267
v 0.172077 -0.061082 -0.012101
v 0.169041 -0.066705 -0.006313
v 0.215924 0.048701 -0.000000
v 0.226112 0.041307 -0.008243
v 0.227391 0.036895 -0.011889
v 0.228561 -0.012300 -0.020266
v 0.227322 -0.023427 -0.017791
v 0.225037 -0.034719 -0.013412
v 0.222906 -0.043079 -0.007685
v 0.257583 -0.032756 -0.001962
v 0.125279 0.085333 -0.000000
v 0.074168 0.100526 -0.000000
v 0.259134 0.032617 -0.000000
v 0.260325 0.030520 -0.005962
v 0.260578 0.027536 -0.009579
v 0.261055 0.019994 -0.013977
v 0.261993 0.009150 -0.016912
v 0.279765 -0.000591 -0.015635
v 0.261413 -0.008843 -0.016973
v 0.261502 -0.017084 -0.015012
v 0.259453 -0.025216 -0.011316
v 0.258148 -0.030936 -0.006008
v 0.029819 0.111686 -0.000000
v 0.276597 0.031100 -0.000000
v 0.276888 0.029781 -0.005580
v 0.277298 0.026042 -0.010307
v 0.278719 0.018680 -0.013838
v 0.286733 0.012288 -0.013812
v 0.280683 -0.008370 -0.015590
v 0.283813 -0.017045 -0.014407
v 0.277632 -0.024065 -0.012058
v 0.275290 -0.029275 -0.006651
v 0.271763 -0.031038 0.000000
v 0.255521 -0.033847 0.000171
v 0.293412 0.023913 -0.012174
v 0.316491 0.034688 -0.008091
v 0.340020 0.046256 -0.005381
v 0.335028 0.035068 -0.005079
v 0.362169 0.062002 -0.003706
v 0.360793 0.051305 -0.003212
v 0.390047 0.077303 -0.002672
v 0.385802 0.062319 -0.002236
v 0.445676 0.104026 -0.002231
v 0.429848 0.081027 -0.001761
v 0.475156 0.113274 -0.001938
v 0.472718 0.103234 -0.001176
v 0.488109 0.116523 -0.000000
v 0.486082 0.112963 -0.000000
v 0.177284 0.065376 -0.000000
v 0.285082 0.033063 0.000072
v 0.307770 0.041383 -0.004550
v 0.290736 0.029117 -0.010036
v 0.335424 0.054357 -0.000055
v 0.316288 0.040825 -0.006945
v 0.339328 0.054521 -0.003942
v 0.339442 0.051031 -0.005484
v 0.361389 0.065914 -0.000000
v 0.363750 0.065834 -0.002615
v 0.388291 0.080413 -0.000000
v 0.422221 0.097397 -0.000000
v 0.422393 0.096260 -0.001508
v 0.450576 0.109493 -0.000000
v 0.450620 0.108506 -0.001317
v 0.476318 0.116806 -0.000000
v 0.476308 0.116156 -0.001100
v 0.489863 0.118527 -0.000000
v 0.488000 0.118746 -0.000000
v 0.487676 0.117556 -0.000000
v 0.308838 -0.029850 -0.008857
v 0.310670 -0.038546 -0.006890
v 0.305901 -0.040903 -0.004561
v 0.310405 -0.044913 0.000000
v 0.333362 -0.041790 -0.004709
v 0.334111 -0.048717 -0.003906
v 0.342312 -0.057040 -0.001812
v 0.334119 -0.054875 0.000000
v 0.367188 -0.064662 -0.002312
v 0.398730 -0.085043 0.000000
v 0.429299 -0.097408 -0.001378
v 0.437692 -0.097491 -0.001921
v 0.439711 -0.102677 0.000000
v 0.471023 -0.111116 -0.001467
v 0.470881 -0.113792 -0.001084
v 0.470799 -0.114625 0.000000
v 0.486713 -0.116080 -0.000972
v 0.487610 -0.119269 -0.000594
v 0.487611 -0.119859 0.000000
v 0.491842 -0.116680 0.000000
v 0.493243 -0.119586 0.000000
v 0.494305 -0.120855 0.000000
v 0.494693 -0.120998 0.000000
v 0.308288 0.021979 -0.008917
v 0.296044 -0.012681 -0.011863
v 0.324527 0.007315 -0.006508
v 0.322353 -0.021818 -0.006826
v 0.285592 -0.033706 -0.000023
v 0.291207 -0.028785 -0.010824
v 0.292384 -0.022601 -0.012831
v 0.347470 0.011735 -0.004164
v 0.347441 -0.027099 -0.003718
v 0.375905 0.013017 -0.002822
v 0.369387 -0.014912 -0.002582
v 0.356452 -0.042070 -0.003086
v 0.413174 -0.016443 -0.001256
v 0.406842 -0.044202 -0.001724
v 0.435249 0.058678 -0.001177
v 0.410895 0.007199 -0.001513
v 0.423223 -0.038392 -0.001043
v 0.285213 0.031839 -0.005292
v 0.285244 -0.031955 -0.006551
v 0.328270 -0.032966 -0.005639
v 0.450494 -0.075926 -0.000895
v -0.484286 0.021326 -0.003465
v -0.433432 -0.006257 -0.023201
v -0.455401 0.010015 -0.018227
v -0.471818 0.019998 -0.011416
v -0.434295 -0.001738 -0.023653
v -0.463817 0.015906 -0.015000
v -0.478492 0.021170 -0.005653
v -0.481097 0.022162 -0.000000
v -0.462892 0.009564 -0.017939
v -0.444476 0.001929 -0.019557
v -0.436560 -0.002091 -0.020702
v -0.435714 -0.003056 -0.021636
v -0.476849 0.016140 -0.012992
v -0.482852 0.020635 -0.004821
v -0.435062 -0.000778 -0.022582
v -0.465302 0.016512 -0.013710
v -0.433797 -0.004339 -0.022440
v -0.437267 0.001761 -0.022108
v -0.472782 0.019838 -0.009757
v -0.454018 0.005664 -0.016674
v -0.429195 -0.000624 -0.012390
v -0.433754 -0.003769 -0.020482
v -0.435070 0.000216 -0.020138
v -0.240154 -0.046398 -0.049475
v -0.237200 -0.022394 -0.054194
v -0.202144 -0.048613 -0.051895
v -0.172641 -0.048189 -0.053044
v -0.176931 -0.073725 -0.044142
v -0.196592 -0.022357 -0.057252
v -0.094447 -0.047358 -0.052865
v -0.427171 -0.003417 -0.009105
v -0.421108 -0.001762 -0.002960
v -0.422889 -0.003456 -0.003415
v -0.422323 -0.003661 0.000000
v -0.419235 -0.001176 0.000000
v -0.473873 0.014265 -0.011915
v -0.298914 -0.075363 -0.029777
v -0.056779 -0.047599 -0.051511
v -0.449441 0.002449 -0.010360
v -0.443351 0.000311 -0.007804
v -0.434065 -0.004690 -0.007492
v -0.457075 0.005020 -0.010988
v -0.469942 0.010272 -0.007928
v -0.473401 0.012628 -0.004076
v -0.475352 0.014002 -0.000330
v -0.445691 0.005144 -0.000000
v -0.441084 0.000561 -0.000000
v -0.433497 -0.004491 0.000000
v -0.452701 0.008622 -0.000000
v -0.463271 0.011615 -0.000000
v -0.463921 0.011185 -0.003992
v -0.465028 0.009642 -0.006657
v -0.454235 0.005242 -0.007870
v -0.446573 0.003637 -0.005584
v -0.452000 0.006874 -0.004670
v -0.444054 0.005065 -0.016765
v -0.455013 0.010099 -0.015361
v -0.458509 0.012594 -0.014035
v -0.465719 0.017587 -0.009977
v -0.472115 0.019845 -0.005715
v -0.475802 0.020370 -0.003820
v -0.465079 0.019336 -0.005327
v -0.464424 0.019878 -0.000000
v -0.468986 0.020253 -0.000036
v -0.404972 0.069754 -0.015639
v -0.405854 0.070199 -0.014979
v -0.442697 0.008119 -0.000145
v -0.451446 0.012905 -0.000001
v -0.455139 0.015299 -0.000000
v -0.455485 0.014513 -0.007950
v -0.442827 0.007001 -0.010138
v -0.450790 0.011357 -0.008387
v -0.432766 0.002250 -0.014036
v -0.436031 0.004019 -0.013321
v -0.428587 0.002893 -0.006447
v -0.432715 0.005383 -0.004984
v -0.425311 0.002311 -0.000101
v -0.427847 -0.004689 -0.002564
v -0.432313 -0.003358 -0.014539
v -0.431331 -0.002376 -0.016480
v 0.477973 0.103275 -0.000000
v 0.489057 0.114483 -0.000000
v 0.485208 -0.108282 0.000000
v 0.494835 -0.118617 0.000000
v 0.427624 0.032746 -0.000000
v 0.416040 0.007091 -0.000000
v 0.418722 -0.015957 0.000000
v 0.428811 -0.038527 0.000000
v 0.449217 0.068660 -0.000000
v 0.454267 -0.073740 0.000000
v -0.408296 0.030234 0.037766
v -0.407653 0.037889 0.036700
v -0.409524 0.043636 0.033972
v -0.408836 0.046614 0.031272
v -0.408464 0.046997 0.029811
v -0.403374 0.042374 0.035539
v -0.401582 0.045125 0.033120
v -0.401068 0.045479 0.031695
v -0.401122 0.033133 0.038363
v -0.398161 0.038779 0.036867
v -0.395433 0.040885 0.034686
v -0.394798 0.041156 0.033292
v -0.394678 0.033399 0.037754
v -0.391324 0.034539 0.035733
v -0.390608 0.034686 0.034359
v -0.399313 0.027054 0.038774
v -0.393454 0.027054 0.038066
v -0.389881 0.027054 0.036101
v -0.389137 0.027054 0.034734
v -0.409551 0.023897 0.037508
v -0.401114 0.020887 0.038345
v -0.394678 0.020708 0.037754
v -0.391324 0.019568 0.035733
v -0.390608 0.019421 0.034359
v -0.398161 0.015328 0.036867
v -0.395433 0.013222 0.034686
v -0.394798 0.012951 0.033292
v -0.407653 0.016218 0.036700
v -0.403374 0.011733 0.035539
v -0.401582 0.008982 0.033120
v -0.401068 0.008628 0.031695
v -0.409524 0.010471 0.033972
v -0.408836 0.007493 0.031272
v -0.408464 0.007110 0.029811
v -0.414159 0.016817 0.034992
v -0.415673 0.011733 0.032405
v -0.416090 0.008982 0.029424
v -0.415859 0.008628 0.027926
v -0.419279 0.021140 0.033702
v -0.420886 0.015328 0.031077
v -0.422239 0.013222 0.027857
v -0.422129 0.012951 0.026329
v -0.414196 0.027844 0.036205
v -0.424370 0.020708 0.030190
v -0.426348 0.019568 0.026810
v -0.426319 0.019421 0.025262
v -0.420787 0.027054 0.033303
v -0.425593 0.027054 0.029878
v -0.427791 0.027054 0.026443
v -0.427790 0.027054 0.024887
v -0.419003 0.033131 0.033807
v -0.424370 0.033399 0.030190
v -0.426348 0.034539 0.026810
v -0.426319 0.034686 0.025262
v -0.420886 0.038779 0.031077
v -0.422239 0.040885 0.027857
v -0.422129 0.041156 0.026329
v -0.414159 0.037290 0.034992
v -0.415673 0.042374 0.032405
v -0.416090 0.045125 0.029424
v -0.415859 0.045479 0.027926
v -0.408298 0.030233 -0.037766
v -0.407652 0.037888 -0.036700
v -0.409524 0.043636 -0.033972
v -0.408836 0.046614 -0.031272
v -0.408464 0.046997 -0.029811
v -0.403374 0.042374 -0.035539
v -0.401582 0.045125 -0.033120
v -0.401068 0.045479 -0.031695
v -0.401120 0.033133 -0.038363
v -0.398161 0.038779 -0.036867
v -0.395433 0.040885 -0.034686
v -0.394798 0.041156 -0.033292
v -0.394678 0.033399 -0.037754
v -0.391324 0.034539 -0.035733
v -0.390608 0.034686 -0.034359
v -0.399313 0.027054 -0.038774
v -0.393454 0.027054 -0.038066
v -0.389881 0.027054 -0.036101
v -0.389137 0.027054 -0.034734
v -0.409548 0.023896 -0.037508
v -0.401115 0.020883 -0.038345
v -0.394678 0.020708 -0.037754
v -0.391324 0.019568 -0.035733
v -0.390608 0.019421 -0.034359
v -0.398161 0.015328 -0.036867
v -0.395433 0.013222 -0.034686
v -0.394798 0.012951 -0.033292
v -0.407654 0.016218 -0.036699
v -0.403374 0.011733 -0.035539
v -0.401582 0.008982 -0.033120
v -0.401068 0.008628 -0.031695
v -0.409524 0.010471 -0.033972
v -0.408836 0.007493 -0.031272
v -0.408464 0.007110 -0.029811
v -0.414159 0.016817 -0.034992
v -0.415673 0.011733 -0.032405
v -0.416090 0.008982 -0.029424
v -0.415859 0.008628 -0.027926
v -0.419278 0.021140 -0.033703
v -0.420886 0.015328 -0.031077
v -0.422239 0.013222 -0.027857
v -0.422129 0.012951 -0.026329
v -0.414196 0.027843 -0.036205
v -0.424370 0.020708 -0.030190
v -0.426348 0.019568 -0.026810
v -0.426319 0.019421 -0.025262
v -0.420787 0.027054 -0.033303
v -0.425593 0.027054 -0.029878
v -0.427791 0.027054 -0.026443
v -0.427790 0.027054 -0.024887
v -0.419003 0.033131 -0.033807
v -0.424370 0.033399 -0.030190
v -0.426348 0.034539 -0.026810
v -0.426319 0.034686 -0.025262
v -0.420886 0.038779 -0.031077
v -0.422239 0.040885 -0.027857
v -0.422129 0.041156 -0.026329
v -0.414159 0.037290 -0.034992
v -0.415673 0.042374 -0.032405
v -0.416090 0.045125 -0.029424
v -0.415859 0.045479 -0.027926
v -0.411507 0.039571 0.038073
v -0.410569 0.045787 0.034388
v -0.409342 0.049152 0.029573
v -0.408678 0.049585 0.026968
v -0.408504 0.029796 0.041008
v -0.404763 0.037485 0.039839
v -0.403621 0.044361 0.036158
v -0.401147 0.047470 0.031661
v -0.400323 0.047869 0.029096
v -0.397732 0.040300 0.037658
v -0.394200 0.042679 0.033431
v -0.393239 0.042985 0.030901
v -0.400301 0.031844 0.040928
v -0.393796 0.034223 0.038661
v -0.389558 0.035510 0.034613
v -0.388507 0.035676 0.032107
v -0.399397 0.024513 0.041181
v -0.392415 0.027054 0.039013
v -0.387928 0.027054 0.035029
v -0.386845 0.027054 0.032530
v -0.409556 0.023240 0.040747
v -0.393796 0.019884 0.038661
v -0.389558 0.018597 0.034613
v -0.388507 0.018431 0.032107
v -0.404878 0.016621 0.039847
v -0.397732 0.013807 0.037658
v -0.394200 0.011428 0.033431
v -0.393239 0.011122 0.030901
v -0.403621 0.009746 0.036158
v -0.401147 0.006638 0.031661
v -0.400323 0.006238 0.029096
v -0.413596 0.014642 0.037609
v -0.410569 0.008320 0.034388
v -0.409342 0.004955 0.029573
v -0.408678 0.004523 0.026968
v -0.414456 0.024900 0.039699
v -0.417516 0.009746 0.032618
v -0.417537 0.006638 0.027486
v -0.417034 0.006238 0.024839
v -0.421831 0.019931 0.035429
v -0.423405 0.013807 0.031118
v -0.424484 0.011428 0.025716
v -0.424117 0.011122 0.023035
v -0.427341 0.019884 0.030115
v -0.429126 0.018597 0.024533
v -0.428850 0.018431 0.021829
v -0.415115 0.030233 0.039363
v -0.423429 0.029826 0.035104
v -0.428723 0.027054 0.029763
v -0.430756 0.027054 0.024118
v -0.430512 0.027054 0.021405
v -0.427341 0.034223 0.030115
v -0.429126 0.035510 0.024533
v -0.428850 0.035676 0.021829
v -0.418046 0.037699 0.036476
v -0.423405 0.040300 0.031118
v -0.424484 0.042679 0.025716
v -0.424117 0.042985 0.023035
v -0.417516 0.044361 0.032618
v -0.417537 0.047469 0.027486
v -0.417034 0.047869 0.024839
v -0.411507 0.039571 -0.038073
v -0.410569 0.045787 -0.034388
v -0.409342 0.049152 -0.029573
v -0.408678 0.049585 -0.026968
v -0.410395 0.029651 -0.040744
v -0.404762 0.037484 -0.039839
v -0.403621 0.044361 -0.036158
v -0.401147 0.047470 -0.031661
v -0.400323 0.047869 -0.029096
v -0.397732 0.040300 -0.037658
v -0.394200 0.042679 -0.033431
v -0.393239 0.042985 -0.030901
v -0.407695 0.027050 -0.041187
v -0.400301 0.031844 -0.040928
v -0.393796 0.034223 -0.038661
v -0.389558 0.035510 -0.034613
v -0.388507 0.035676 -0.032107
v -0.399398 0.024512 -0.041181
v -0.392415 0.027054 -0.039013
v -0.387928 0.027054 -0.035029
v -0.386845 0.027054 -0.032530
v -0.393796 0.019884 -0.038661
v -0.389558 0.018597 -0.034613
v -0.388507 0.018431 -0.032107
v -0.410330 0.022835 -0.040515
v -0.404877 0.016622 -0.039847
v -0.397732 0.013807 -0.037658
v -0.394200 0.011428 -0.033431
v -0.393239 0.011122 -0.030901
v -0.403621 0.009746 -0.036158
v -0.401147 0.006638 -0.031661
v -0.400323 0.006238 -0.029096
v -0.413593 0.014642 -0.037610
v -0.410569 0.008320 -0.034388
v -0.409342 0.004955 -0.029573
v -0.408678 0.004523 -0.026968
v -0.415263 0.024027 -0.039259
v -0.417516 0.009746 -0.032618
v -0.417537 0.006638 -0.027486
v -0.417034 0.006238 -0.024839
v -0.420085 0.018202 -0.035888
v -0.423405 0.013807 -0.031118
v -0.424484 0.011428 -0.025716
v -0.424117 0.011122 -0.023035
v -0.423429 0.024283 -0.035105
v -0.427341 0.019884 -0.030115
v -0.429126 0.018597 -0.024533
v -0.428850 0.018431 -0.021829
v -0.415115 0.030233 -0.039363
v -0.428723 0.027054 -0.029763
v -0.430756 0.027054 -0.024118
v -0.430512 0.027054 -0.021405
v -0.422714 0.031844 -0.035218
v -0.427341 0.034223 -0.030115
v -0.429126 0.035510 -0.024533
v -0.428850 0.035676 -0.021829
v -0.418046 0.037699 -0.036476
v -0.423405 0.040300 -0.031118
v -0.424484 0.042679 -0.025716
v -0.424117 0.042985 -0.023035
v -0.417516 0.044361 -0.032618
v -0.417537 0.047469 -0.027486
v -0.417034 0.047869 -0.024839
v -0.167342 0.134138 0.001264
v -0.142655 0.132800 0.004817
v -0.163471 0.146147 0.000609
v -0.160607 0.143593 0.001026
v -0.157602 0.142102 0.001012
v -0.140789 0.150456 0.001741
v -0.156192 0.133387 0.004435
v -0.163182 0.133726 0.002388
v -0.140221 0.147077 0.002473
v -0.155522 0.142805 0.000978
v -0.144507 0.155011 0.001401
v -0.148728 0.134551 0.007415
v -0.146598 0.147235 0.003634
v -0.144787 0.146661 0.003805
v -0.143552 0.154339 0.002610
v -0.141720 0.154299 0.002017
v -0.142018 0.157360 0.001203
v -0.141060 0.156829 0.000978
v -0.136183 0.146317 0.003541
v -0.131608 0.153480 0.001499
v -0.125602 0.157104 0.001521
v -0.126540 0.157360 0.000993
v -0.138481 0.134790 0.008080
v -0.142364 0.134721 0.006899
v -0.137703 0.150463 0.001152
v -0.132857 0.134169 0.007606
v -0.115105 0.148561 0.001930
v -0.107973 0.153402 0.001546
v -0.109292 0.151296 0.002580
v -0.104920 0.154924 0.002311
v -0.098950 0.160492 0.000413
v -0.127933 0.146649 0.002873
v -0.122772 0.144704 0.002375
v -0.118340 0.150100 0.000904
v -0.123218 0.154458 0.000886
v -0.114319 0.145093 0.003915
v -0.100340 0.132250 0.003977
v -0.095340 0.143238 0.004069
v -0.094601 0.149080 0.001834
v -0.091890 0.147737 0.003042
v -0.085950 0.154826 0.001536
v -0.083322 0.155727 0.002250
v -0.079731 0.160095 0.000615
v -0.104772 0.144748 0.003350
v -0.101041 0.150166 0.001806
v -0.098696 0.155104 0.000767
v -0.087075 0.140554 0.002671
v -0.081675 0.139777 0.002936
v -0.084070 0.144134 0.001500
v -0.079582 0.150778 0.000923
v -0.075557 0.145759 0.000932
v -0.076415 0.138981 0.004038
v -0.072421 0.144443 0.001606
v -0.072865 0.142228 0.003041
v -0.059827 0.153672 0.000579
v -0.068861 0.139715 0.003397
v -0.061007 0.146326 0.000857
v -0.065287 0.134336 0.005917
v -0.060514 0.138022 0.003268
v -0.056826 0.134786 0.002660
v -0.058378 0.141164 0.001758
v -0.050154 0.142296 0.001655
v -0.049286 0.141568 0.002527
v -0.044678 0.143634 0.000868
v -0.046382 0.138528 0.001250
v -0.020298 0.117466 0.001827
v -0.015812 0.116513 0.005162
v -0.007472 0.113832 0.005947
v -0.005953 0.133334 0.002769
v -0.003456 0.132974 0.005780
v 0.004494 0.144895 0.002598
v 0.005309 0.142589 0.005199
v 0.017457 0.156989 0.001714
v 0.018825 0.154227 0.003750
v 0.035725 0.170868 0.000926
v 0.048656 0.174736 0.002174
v 0.051593 0.172030 0.002066
v 0.053268 0.180655 0.000026
v 0.074892 0.191068 0.000003
v 0.076912 0.190042 0.000595
v 0.078629 0.184774 0.000537
v 0.006618 0.111537 0.007703
v 0.017894 0.109477 0.006507
v 0.031280 0.106709 0.005579
v 0.046827 0.102235 0.005155
v 0.070073 0.095741 0.005755
v 0.092420 0.090176 0.006845
v 0.112063 0.085058 0.006807
v 0.019115 0.130696 0.006628
v 0.065723 0.142260 0.003525
v 0.098347 0.107761 0.004955
v 0.060627 0.157312 0.004197
v 0.062779 0.153294 0.004161
v 0.073219 0.129539 0.003719
v 0.094984 0.141489 0.000606
v 0.099920 0.133463 0.000815
v 0.080187 0.169161 0.001279
v 0.084266 0.159901 0.000881
v 0.120033 0.095334 0.005481
v 0.105633 0.114809 0.003027
v 0.124308 0.103142 0.003340
v 0.111978 0.119296 0.000677
v 0.127827 0.107639 0.000578
v 0.128670 0.078679 0.008080
v 0.136269 0.087030 0.006955
v 0.139953 0.094895 0.004213
v 0.150431 0.095101 0.001457
v 0.147176 0.073567 0.007636
v 0.165404 0.068776 0.006513
v 0.182031 0.073372 0.003885
v 0.186932 0.076271 0.001209
v 0.204410 0.055833 0.004653
v 0.202190 0.053707 0.004442
v 0.205745 0.060015 0.003629
v 0.208337 0.064091 0.001095
v 0.216353 0.049025 0.001669
v 0.216842 0.051584 0.003147
v 0.217905 0.053602 0.002739
v 0.219370 0.057761 0.000001
v 0.225090 0.048876 0.001149
v 0.232503 0.051070 0.002005
v 0.227275 0.055134 0.000491
v 0.239228 0.049907 0.000378
v 0.234142 0.052874 0.001261
v 0.235047 0.053873 -0.000043
v 0.239496 0.051968 -0.000037
v -0.241810 -0.113088 0.000000
v -0.239528 -0.112521 0.003287
v -0.231175 -0.111839 0.004376
v -0.235573 -0.123321 0.000006
v -0.231820 -0.124517 0.003907
v -0.222634 -0.139800 -0.000108
v -0.218850 -0.129082 0.004032
v -0.215713 -0.145368 0.002251
v -0.204838 -0.151880 0.002371
v -0.202298 -0.168828 -0.000006
v -0.197780 -0.171751 0.001537
v -0.189214 -0.190047 0.000002
v -0.189004 -0.187216 0.000992
v -0.183747 -0.192766 0.000021
v -0.183395 -0.180508 0.000162
v -0.180997 -0.163385 0.000482
v -0.180793 -0.148914 0.000566
v -0.179170 -0.132127 0.000882
v -0.175197 -0.120255 0.001160
v -0.172121 -0.112458 0.001866
v -0.185508 -0.181997 0.000660
v -0.188920 -0.165417 0.001474
v -0.193743 -0.150437 0.001715
v -0.200517 -0.124317 0.003498
v -0.208207 -0.114088 0.003824
v -0.001883 -0.106334 0.002515
v 0.003601 -0.104809 0.007206
v 0.011316 -0.102790 0.006863
v 0.018975 -0.100847 0.005546
v 0.041723 -0.095147 0.006061
v 0.018641 -0.131460 0.002148
v 0.018980 -0.125194 0.005891
v 0.030312 -0.120951 0.003715
v 0.040569 -0.153852 0.005053
v 0.045948 -0.145572 0.004467
v 0.039680 -0.157045 0.002292
v 0.058124 -0.162584 0.004742
v 0.054520 -0.168110 0.002035
v 0.056323 -0.165443 0.004771
v 0.061270 -0.156557 0.003764
v 0.074839 -0.176997 0.000069
v 0.079288 -0.178427 -0.000073
v 0.083091 -0.177060 0.000557
v 0.085781 -0.172018 0.000552
v 0.084321 -0.084528 0.005147
v 0.133094 -0.071110 0.004542
v 0.061878 -0.114315 0.004611
v 0.169937 -0.080766 0.003323
v 0.102919 -0.112064 0.004429
v 0.076318 -0.147012 0.003120
v 0.156703 -0.105044 0.002733
v 0.095578 -0.156711 0.000761
v 0.114345 -0.140486 0.001026
v 0.158373 -0.111136 0.001108
v 0.165269 -0.062885 0.004214
v 0.182799 -0.089884 0.001755
v 0.191637 -0.053426 0.004259
v 0.197929 -0.073255 0.002916
v 0.201818 -0.049667 0.004457
v 0.223791 -0.059812 0.003537
v 0.205076 -0.048078 0.004621
v 0.209356 -0.046174 0.003950
v 0.215996 -0.057421 0.004248
v 0.229678 -0.056671 0.002148
v 0.229651 -0.064670 0.001515
v 0.238178 -0.060548 0.001291
v 0.239653 -0.055294 0.001001
v 0.253431 -0.054951 -0.000102
v 0.216819 -0.043394 0.001157
v 0.224693 -0.051162 0.001328
v 0.205238 -0.078014 0.001268
v 0.181251 -0.094398 0.000853
v -0.167935 0.134128 -0.000001
v -0.167340 0.134127 -0.001263
v -0.142655 0.132800 -0.004817
v -0.140172 0.153285 -0.000006
v -0.163914 0.146284 -0.000015
v -0.163487 0.146161 -0.000563
v -0.160607 0.143594 -0.001025
v -0.157601 0.142112 -0.001022
v -0.140788 0.150455 -0.001747
v -0.157052 0.133415 -0.004208
v -0.163182 0.133726 -0.002388
v -0.140708 0.146036 -0.002952
v -0.155523 0.142809 -0.000981
v -0.149549 0.149055 -0.001197
v -0.143884 0.155796 -0.001089
v -0.143329 0.154918 -0.002537
v -0.149327 0.134534 -0.007235
v -0.146508 0.146041 -0.004082
v -0.141888 0.154187 -0.002078
v -0.141559 0.157325 -0.001118
v -0.135482 0.146498 -0.003330
v -0.133800 0.149532 -0.002735
v -0.129158 0.155191 -0.001444
v -0.125613 0.156775 -0.001729
v -0.123886 0.159312 -0.000017
v -0.122996 0.157781 -0.000001
v -0.138156 0.134827 -0.008202
v -0.142364 0.134720 -0.006897
v -0.137700 0.150460 -0.001149
v -0.115100 0.148550 -0.001929
v -0.115016 0.145536 -0.003796
v -0.109492 0.152269 -0.001577
v -0.104372 0.155418 -0.002135
v -0.098937 0.160540 -0.000418
v -0.129278 0.145838 -0.003164
v -0.122087 0.146081 -0.002124
v -0.123319 0.154528 -0.001004
v -0.118591 0.150295 -0.000851
v -0.100340 0.132250 -0.003977
v -0.100898 0.144263 -0.003367
v -0.095123 0.143308 -0.004137
v -0.094598 0.149077 -0.001835
v -0.093711 0.145798 -0.003396
v -0.085945 0.154830 -0.001551
v -0.084883 0.154337 -0.002558
v -0.079708 0.160040 -0.000774
v -0.100991 0.149311 -0.001952
v -0.098729 0.155149 -0.000782
v -0.087080 0.140554 -0.002669
v -0.081360 0.140048 -0.002754
v -0.085720 0.142348 -0.001730
v -0.079447 0.150349 -0.000838
v -0.075559 0.145765 -0.000932
v -0.076435 0.138687 -0.004208
v -0.072428 0.144463 -0.001612
v -0.071886 0.143100 -0.002838
v -0.059861 0.153659 -0.000595
v -0.067247 0.140265 -0.003091
v -0.061018 0.146332 -0.000852
v -0.064679 0.134672 -0.005767
v -0.062461 0.132188 -0.005557
v -0.060854 0.138198 -0.003196
v -0.056846 0.134800 -0.002659
v -0.058389 0.141164 -0.001762
v -0.050152 0.142283 -0.001686
v -0.049490 0.141623 -0.002515
v -0.046387 0.138465 -0.001397
v -0.044603 0.143690 -0.000794
v -0.020319 0.117483 -0.001862
v -0.015814 0.116515 -0.005167
v -0.007479 0.113837 -0.005949
v -0.003460 0.132979 -0.005803
v 0.002457 0.131540 -0.005799
v 0.004511 0.144884 -0.002619
v 0.005528 0.142909 -0.005185
v 0.017475 0.156965 -0.001774
v 0.018096 0.154024 -0.003761
v 0.035706 0.170834 -0.000795
v 0.043198 0.171731 -0.002310
v 0.063145 0.177051 -0.001296
v 0.076884 0.190010 -0.000613
v 0.078589 0.184774 -0.000595
v 0.006608 0.111544 -0.007696
v 0.017735 0.109509 -0.006571
v 0.031285 0.106711 -0.005605
v 0.048774 0.101684 -0.005125
v 0.070081 0.095741 -0.005765
v 0.092423 0.090189 -0.006828
v 0.112066 0.085064 -0.006799
v 0.019940 0.131583 -0.006554
v 0.055329 0.131894 -0.004215
v 0.073231 0.131711 -0.003591
v 0.091011 0.117483 -0.004384
v 0.059782 0.157960 -0.004190
v 0.063015 0.152098 -0.004205
v 0.073572 0.146682 -0.002551
v 0.080177 0.169174 -0.001293
v 0.084151 0.160161 -0.000872
v 0.094977 0.141584 -0.000611
v 0.100246 0.133125 -0.000791
v 0.101551 0.103223 -0.005335
v 0.120032 0.095345 -0.005484
v 0.105630 0.114823 -0.003030
v 0.124300 0.103192 -0.003370
v 0.111995 0.119298 -0.000694
v 0.127828 0.107655 -0.000598
v 0.128675 0.078681 -0.008072
v 0.135840 0.087581 -0.006944
v 0.140222 0.094813 -0.004194
v 0.152383 0.094102 -0.001434
v 0.147187 0.073547 -0.007647
v 0.160697 0.076295 -0.006066
v 0.165560 0.068658 -0.006576
v 0.180916 0.073880 -0.003967
v 0.204394 0.055817 -0.004652
v 0.201570 0.068079 -0.001214
v 0.202154 0.053730 -0.004443
v 0.205725 0.060014 -0.003652
v 0.216348 0.049067 -0.001702
v 0.216848 0.051589 -0.003177
v 0.217776 0.053501 -0.002822
v 0.225091 0.048921 -0.001154
v 0.232837 0.051081 -0.001996
v 0.227265 0.055139 -0.000520
v 0.239256 0.049991 -0.000467
v 0.234143 0.052870 -0.001337
v -0.239523 -0.112518 -0.003280
v -0.231232 -0.111840 -0.004212
v -0.232052 -0.124384 -0.003859
v -0.226199 -0.122176 -0.004408
v -0.216672 -0.143531 -0.002468
v -0.205238 -0.150409 -0.002462
v -0.200343 -0.167760 -0.001544
v -0.188836 -0.174317 -0.001192
v -0.188291 -0.187772 -0.001018
v -0.183263 -0.178849 -0.000184
v -0.181002 -0.163380 -0.000473
v -0.180799 -0.148918 -0.000568
v -0.179172 -0.132127 -0.000882
v -0.172200 -0.112439 -0.001670
v -0.193767 -0.150465 -0.001722
v -0.200051 -0.122972 -0.003510
v -0.208206 -0.114087 -0.003829
v -0.001761 -0.106265 -0.002544
v 0.004127 -0.104448 -0.007164
v 0.011397 -0.102724 -0.006832
v 0.018967 -0.100831 -0.005536
v 0.041716 -0.095142 -0.006066
v 0.015096 -0.126282 -0.002177
v 0.021270 -0.125470 -0.005809
v 0.030363 -0.120900 -0.003767
v 0.028516 -0.143330 -0.002482
v 0.031142 -0.141807 -0.006158
v 0.038101 -0.143487 -0.005664
v 0.041170 -0.137773 -0.004606
v 0.039707 -0.157059 -0.002405
v 0.041810 -0.155548 -0.005975
v 0.061038 -0.157918 -0.003861
v 0.054525 -0.168117 -0.002133
v 0.055812 -0.165403 -0.005640
v 0.082903 -0.177142 -0.000829
v 0.084837 -0.173691 -0.000640
v 0.074616 -0.164826 -0.001860
v 0.084232 -0.084550 -0.005146
v 0.133093 -0.071111 -0.004550
v 0.053496 -0.113860 -0.004646
v 0.097030 -0.113422 -0.004463
v 0.169450 -0.081380 -0.003291
v 0.124343 -0.117689 -0.003284
v 0.155932 -0.105159 -0.002787
v 0.074053 -0.147459 -0.003117
v 0.114345 -0.140488 -0.001040
v 0.158390 -0.111156 -0.001188
v 0.095620 -0.156664 -0.000872
v 0.165268 -0.062885 -0.004212
v 0.182335 -0.089953 -0.001769
v 0.191633 -0.053424 -0.004257
v 0.208984 -0.060710 -0.003797
v 0.204168 -0.078610 -0.001400
v 0.201778 -0.049670 -0.004392
v 0.229090 -0.060925 -0.002818
v 0.205074 -0.048075 -0.004631
v 0.209354 -0.046174 -0.003945
v 0.216237 -0.057525 -0.004246
v 0.223444 -0.057757 -0.003163
v 0.229649 -0.064665 -0.001508
v 0.240429 -0.059628 -0.000929
v 0.239650 -0.055289 -0.000996
v 0.216819 -0.043393 -0.001155
v 0.224692 -0.051160 -0.001327
v 0.181257 -0.094403 -0.000871
v -0.222026 0.007305 0.065846
v -0.247175 0.011315 0.056161
v -0.225273 0.015927 0.062128
v -0.221158 0.013115 0.065979
v -0.238956 0.009659 0.063540
v -0.244682 0.012401 0.057634
v -0.243581 0.008728 0.062448
v -0.240270 -0.017677 0.061092
v -0.232704 -0.033703 0.061748
v -0.242639 -0.027353 0.059834
v -0.246040 -0.030005 0.055191
v -0.242117 -0.034252 0.056334
v -0.199452 0.016445 0.070831
v -0.201590 0.019810 0.067777
v -0.179522 0.017849 0.076174
v -0.177927 0.021801 0.073847
v -0.157133 0.012201 0.082328
v -0.155513 0.021637 0.079933
v -0.156505 0.017844 0.082219
v -0.135238 0.009419 0.087355
v -0.129823 0.022056 0.086333
v -0.131970 0.018134 0.087635
v -0.113576 0.012392 0.090297
v -0.117685 0.019630 0.089420
v -0.241495 -0.004368 0.061921
v -0.160850 -0.008566 0.080275
v -0.137257 -0.009952 0.084140
v -0.151497 -0.021028 0.079809
v -0.115792 0.008505 0.089957
v -0.215286 -0.024883 0.065476
v -0.149153 -0.012785 0.082771
v -0.155948 -0.020009 0.080384
v -0.230339 -0.043150 0.058352
v -0.212887 -0.044428 0.065970
v -0.215133 -0.051920 0.062318
v -0.201076 -0.052937 0.066072
v -0.198464 -0.044793 0.068762
v -0.245915 0.012618 0.055152
v -0.233800 0.014839 0.058874
v -0.245781 -0.029566 0.053949
v -0.241656 -0.034132 0.055203
v -0.204554 0.019461 0.066029
v -0.178929 0.021826 0.072623
v -0.137694 -0.010176 0.083065
v -0.171744 -0.035136 0.074026
v -0.230120 -0.042779 0.057560
v -0.215280 -0.051485 0.061733
v -0.244306 -0.031672 0.057025
v -0.246262 -0.028957 0.055951
v -0.118733 0.016830 0.090011
v -0.119519 0.020419 0.089116
v -0.229865 -0.042667 0.059615
v -0.214438 -0.050726 0.063763
v -0.245766 -0.028688 0.053481
v -0.242268 0.009589 0.055020
v -0.226337 0.012322 0.059834
v -0.240017 -0.026742 0.054786
v -0.137898 0.018258 0.083221
v -0.125159 0.009804 0.086734
v -0.240302 0.002357 0.054951
v -0.238663 -0.015548 0.054940
v -0.238696 -0.023672 0.053331
v -0.196903 -0.005419 0.066302
v -0.246073 0.004956 -0.059605
v -0.221197 0.007582 -0.066017
v -0.246951 0.011742 -0.054942
v -0.227054 0.015585 -0.061908
v -0.247286 0.008417 -0.059113
v -0.243194 0.008920 -0.062582
v -0.242486 0.004417 -0.062802
v -0.245215 0.012423 -0.057071
v -0.243644 -0.016994 -0.058775
v -0.240490 -0.017248 -0.061090
v -0.245450 -0.026292 -0.057576
v -0.230422 -0.035438 -0.062208
v -0.242639 -0.027353 -0.059834
v -0.246263 -0.029340 -0.055566
v -0.244457 -0.032180 -0.055764
v -0.217526 0.013554 -0.066755
v -0.199061 0.016528 -0.070907
v -0.201590 0.019810 -0.067777
v -0.178140 0.017891 -0.076533
v -0.177928 0.021801 -0.073847
v -0.156268 0.012118 -0.082542
v -0.130127 0.021848 -0.086666
v -0.156505 0.017844 -0.082219
v -0.135209 0.009303 -0.087377
v -0.131970 0.018134 -0.087635
v -0.113593 0.012142 -0.090176
v -0.117364 0.019541 -0.089612
v -0.241575 -0.004160 -0.061884
v -0.244561 -0.000563 -0.059536
v -0.159235 -0.007977 -0.080790
v -0.193556 -0.023372 -0.070864
v -0.160249 -0.023242 -0.079043
v -0.136762 -0.009574 -0.084383
v -0.158230 -0.025944 -0.077845
v -0.115584 0.008614 -0.089799
v -0.214744 -0.024094 -0.065620
v -0.146756 -0.009567 -0.083571
v -0.230339 -0.043150 -0.058352
v -0.212887 -0.044428 -0.065970
v -0.215133 -0.051920 -0.062318
v -0.196314 -0.043368 -0.069298
v -0.201869 -0.052882 -0.065910
v -0.179372 -0.040454 -0.071980
v -0.235136 0.014632 -0.058359
v -0.245200 0.012904 -0.055382
v -0.245823 -0.029086 -0.053769
v -0.244502 -0.031599 -0.054552
v -0.201816 0.019851 -0.066854
v -0.178735 0.021809 -0.072762
v -0.130947 0.022168 -0.085854
v -0.137417 -0.009955 -0.083139
v -0.230012 -0.042847 -0.057563
v -0.215224 -0.051495 -0.061724
v -0.246996 0.008068 -0.054656
v -0.245932 -0.000701 -0.055108
v -0.244501 -0.016873 -0.054848
v -0.245213 -0.026065 -0.052974
v -0.244705 -0.031213 -0.057041
v -0.118654 0.016845 -0.090013
v -0.119605 0.020409 -0.089110
v -0.121364 0.008313 -0.089503
v -0.229865 -0.042667 -0.059615
v -0.214438 -0.050726 -0.063763
v -0.241272 0.010345 -0.055442
v -0.226250 0.012288 -0.059859
v -0.241000 -0.027213 -0.054545
v -0.236320 -0.030988 -0.056142
v -0.180789 0.018343 -0.071684
v -0.130875 0.018731 -0.085377
v -0.240682 0.004687 -0.054796
v -0.240180 -0.001653 -0.055157
v -0.238663 -0.015548 -0.054940
v -0.239100 -0.023461 -0.053173
v -0.196903 -0.005419 -0.066302
vn -0.2658 -0.3567 0.8956
vn -0.2715 -0.3573 0.8936
vn -0.2734 -0.3361 0.9013
vn -0.3832 -0.3026 0.8727
vn -0.2915 -0.3543 0.8886
vn -0.4508 -0.4903 0.7459
vn -0.3251 -0.4832 0.8129
vn -0.4480 -0.3664 0.8155
vn -0.5592 -0.3447 0.7540
vn -0.3978 -0.3131 0.8624
vn -0.4624 -0.1321 0.8768
vn -0.0765 0.1691 0.9826
vn -0.3552 -0.2255 0.9072
vn -0.3658 -0.3952 0.8426
vn 0.0400 0.2980 0.9537
vn -0.1586 0.3432 0.9258
vn -0.1034 0.7570 0.6452
vn -0.5699 0.5668 0.5950
vn -0.5408 0.2040 0.8160
vn -0.6178 -0.0400 0.7853
vn -0.8729 -0.1096 0.4754
vn -0.7159 -0.2966 0.6321
vn -0.7481 0.2170 0.6271
vn -0.9824 -0.0176 0.1862
vn -0.9634 -0.2191 0.1545
vn -0.3236 -0.9462 -0.0000
vn -0.2645 -0.8386 0.4762
vn -0.2974 -0.8665 0.4010
vn -0.8738 0.3890 0.2918
vn -0.6338 0.6456 0.4260
vn -0.7217 0.6783 0.1384
vn -0.3458 0.0013 0.9383
vn -0.2522 0.0324 0.9671
vn -0.4881 -0.2092 0.8473
vn -0.3070 -0.1095 0.9454
vn -0.3920 -0.4785 0.7858
vn -0.3647 -0.3555 0.8606
vn -0.2707 -0.5892 0.7613
vn -0.2997 -0.7409 0.6011
vn -0.2576 -0.7261 0.6376
vn -0.2907 -0.2640 0.9197
vn -0.5980 -0.3085 0.7397
vn -0.7299 -0.3331 0.5969
vn -0.5903 -0.2746 0.7590
vn -0.4403 -0.0342 0.8972
vn -0.2626 -0.7433 0.6153
vn -0.3016 -0.8788 0.3699
vn -0.5358 -0.6161 0.5774
vn -0.7023 -0.6237 0.3431
vn -0.6009 -0.7197 0.3478
vn -0.4483 -0.6220 0.6420
vn -0.5172 -0.7692 0.3752
vn -0.4290 -0.6767 0.5984
vn -0.3852 -0.5256 0.7585
vn -0.5222 -0.4024 0.7519
vn -0.4369 0.7879 0.4340
vn -0.4118 0.8695 0.2728
vn -0.4763 0.8726 0.1085
vn -0.3472 0.9166 0.1982
vn -0.4431 0.8921 0.0887
vn -0.1836 0.9287 0.3222
vn -0.2184 0.7980 0.5617
vn -0.2110 0.9365 0.2803
vn -0.1700 0.8180 0.5495
vn -0.1694 0.9333 0.3166
vn -0.3704 -0.8563 0.3601
vn -0.3835 -0.9233 0.0206
vn -0.3070 -0.8581 0.4117
vn -0.1499 0.2610 0.9536
vn -0.2540 0.0647 0.9650
vn -0.3785 0.4601 0.8032
vn -0.2377 -0.0726 0.9686
vn -0.3137 0.0990 0.9443
vn -0.1330 0.2172 0.9670
vn -0.3241 -0.0100 0.9460
vn -0.3770 0.0389 0.9254
vn -0.1742 0.1022 0.9794
vn -0.3961 0.0948 0.9133
vn -0.4211 0.3228 0.8476
vn -0.4532 0.5517 0.7002
vn -0.5555 0.4460 0.7018
vn -0.2928 0.6771 0.6751
vn -0.2913 0.7716 0.5655
vn -0.3490 0.7448 0.5687
vn -0.2137 0.7033 0.6781
vn -0.2309 0.8333 0.5023
vn -0.2302 0.9731 0.0006
vn -0.1900 0.9818 0.0016
vn -0.3584 0.9298 -0.0838
vn -0.3594 0.6627 0.6570
vn -0.3847 0.7316 0.5629
vn -0.4232 0.7853 0.4519
vn -0.4208 0.6208 0.6615
vn -0.4615 0.7942 0.3954
vn -0.4250 0.8147 0.3946
vn -0.6885 -0.0880 0.7199
vn -0.8728 -0.0481 0.4857
vn -0.6204 -0.4955 0.6080
vn -0.3868 0.8665 0.3155
vn -0.4573 0.8893 -0.0016
vn -0.1262 0.6669 0.7344
vn -0.0737 0.7635 0.6416
vn -0.1955 0.8108 0.5518
vn -0.1191 0.7559 0.6438
vn -0.3019 0.0963 0.9485
vn -0.4005 0.2880 0.8698
vn -0.3968 0.3607 0.8441
vn -0.2985 0.2563 0.9193
vn -0.3567 0.3865 0.8505
vn -0.3584 0.2409 0.9020
vn -0.4059 0.4840 0.7752
vn -0.3893 0.4099 0.8249
vn -0.2904 0.5202 0.8031
vn -0.2587 0.6171 0.7432
vn -0.3747 0.5624 0.7371
vn -0.2424 0.5241 0.8164
vn -0.3601 0.3125 0.8790
vn -0.2941 0.5718 0.7659
vn -0.1949 0.5148 0.8348
vn -0.1538 0.4908 0.8576
vn -0.2670 0.5846 0.7661
vn -0.1716 0.9852 -0.0014
vn -0.1585 0.8122 0.5615
vn -0.1102 0.8680 0.4843
vn -0.1936 0.9453 0.2625
vn -0.1280 0.7055 0.6971
vn -0.1947 0.4289 0.8821
vn -0.1192 0.6380 0.7608
vn -0.3384 -0.0820 0.9374
vn -0.2922 -0.0978 0.9514
vn -0.2312 0.0655 0.9707
vn -0.2716 -0.1296 0.9536
vn -0.2817 -0.1196 0.9520
vn -0.3319 -0.2451 0.9109
vn -0.2486 0.0546 0.9671
vn -0.3749 -0.0936 0.9223
vn -0.3235 -0.1598 0.9326
vn -0.4062 -0.0972 0.9086
vn -0.3200 -0.0013 0.9474
vn -0.3816 0.0641 0.9221
vn -0.4444 -0.0670 0.8933
vn -0.5449 -0.0929 0.8334
vn -0.5978 0.2104 0.7736
vn -0.1829 0.0876 0.9792
vn -0.2161 0.1184 0.9692
vn -0.4118 0.2091 0.8870
vn -0.3077 -0.0572 0.9498
vn -0.2717 0.3597 0.8926
vn -0.2045 0.3157 0.9266
vn -0.2121 0.4964 0.8418
vn -0.2175 0.3960 0.8921
vn -0.2790 0.4865 0.8279
vn -0.2190 0.4159 0.8826
vn -0.2762 0.5202 0.8082
vn -0.0976 0.5427 0.8342
vn -0.1459 0.1771 0.9733
vn -0.1667 0.2597 0.9512
vn -0.0797 0.2659 0.9607
vn -0.1645 0.1398 0.9764
vn -0.0983 0.1692 0.9807
vn -0.2386 0.6675 0.7054
vn -0.1978 0.4498 0.8710
vn -0.1403 0.6760 0.7234
vn -0.1427 0.6337 0.7603
vn -0.1234 0.5231 0.8433
vn -0.1285 0.6798 0.7221
vn -0.1445 0.5783 0.8029
vn -0.2406 0.4879 0.8391
vn -0.1877 0.8343 0.5184
vn -0.1872 -0.1060 0.9766
vn -0.1900 -0.2342 0.9534
vn -0.1614 -0.1210 0.9794
vn -0.2333 -0.9650 0.1196
vn -0.6020 -0.7985 0.0044
vn -0.2640 -0.9645 0.0005
vn -0.3230 -0.9464 -0.0003
vn -0.2908 -0.9023 0.3181
vn -0.1858 -0.4894 0.8521
vn -0.2642 -0.5470 0.7943
vn -0.6219 -0.2696 0.7352
vn -0.0559 0.1033 0.9931
vn -0.1076 0.1876 0.9763
vn 0.0340 0.2192 0.9751
vn -0.1105 0.2627 0.9585
vn -0.1412 0.2703 0.9524
vn -0.2058 0.3783 0.9025
vn 0.0974 0.2977 0.9497
vn 0.0707 0.2205 0.9728
vn 0.1093 0.3905 0.9141
vn -0.2073 0.5911 0.7795
vn -0.0249 0.4371 0.8991
vn -0.0445 0.5269 0.8487
vn -0.4619 -0.3806 0.8011
vn -0.2543 -0.4926 0.8322
vn -0.2896 -0.4438 0.8480
vn -0.1631 -0.2401 0.9569
vn -0.0374 -0.1419 0.9892
vn -0.0679 -0.2754 0.9589
vn 0.0918 0.1120 0.9895
vn -0.0009 -0.0137 0.9999
vn 0.0547 0.2503 0.9666
vn -0.4622 -0.3079 0.8316
vn -0.4040 -0.3166 0.8582
vn -0.3097 -0.2970 0.9033
vn -0.5795 -0.3401 0.7407
vn -0.1411 -0.1003 0.9849
vn -0.3110 -0.2218 0.9242
vn -0.1530 0.0745 0.9854
vn -0.1497 -0.0176 0.9886
vn -0.1376 0.0690 0.9881
vn -0.1388 -0.0375 0.9896
vn -0.1848 -0.0638 0.9807
vn -0.1421 0.0513 0.9885
vn -0.2458 -0.2205 0.9439
vn -0.1867 0.0134 0.9823
vn -0.2204 -0.1356 0.9659
vn -0.3605 -0.2096 0.9089
vn -0.0522 0.4221 0.9051
vn 0.0064 0.2745 0.9616
vn -0.1190 0.4267 0.8965
vn 0.0034 0.3628 0.9318
vn 0.0826 0.5391 0.8382
vn -0.0943 0.4966 0.8629
vn -0.0788 0.7061 0.7037
vn 0.0101 0.6006 0.7995
vn -0.0878 0.5160 0.8521
vn -0.2267 0.3350 0.9146
vn -0.2483 0.5667 0.7856
vn 0.0472 0.2700 0.9617
vn -0.0658 0.2658 0.9618
vn 0.0696 0.0607 0.9957
vn -0.0726 0.2161 0.9737
vn 0.1010 0.1630 0.9814
vn -0.1229 0.5403 0.8325
vn -0.1924 0.7155 0.6716
vn -0.0559 0.1691 0.9840
vn 0.0014 0.3639 0.9314
vn 0.1639 0.3202 0.9330
vn -0.0761 0.3709 0.9255
vn -0.0747 0.3399 0.9375
vn -0.1118 0.0009 0.9937
vn -0.0970 -0.1390 0.9855
vn -0.0174 -0.0180 0.9997
vn -0.0864 -0.2832 0.9552
vn -0.1062 0.0993 0.9894
vn -0.1691 0.3244 0.9307
vn -0.1633 0.2214 0.9614
vn -0.1110 0.3705 0.9222
vn -0.0277 0.2574 0.9659
vn -0.0131 0.4181 0.9083
vn -0.0556 0.4018 0.9141
vn -0.1056 0.4144 0.9039
vn -0.0906 0.3457 0.9340
vn -0.1159 0.4181 0.9010
vn -0.0812 0.5754 0.8139
vn -0.0674 0.5868 0.8069
vn -0.1375 0.7965 0.5889
vn -0.0599 -0.4681 0.8816
vn -0.1157 -0.3305 0.9367
vn -0.1786 -0.4072 0.8957
vn 0.0179 0.8595 0.5108
vn 0.0602 0.5950 0.8015
vn -0.0583 0.2069 0.9766
vn 0.0861 0.7686 0.6339
vn -0.1417 0.8780 0.4573
vn -0.3444 -0.7422 0.5749
vn -0.4190 -0.8535 0.3098
vn -0.5277 -0.5813 0.6194
vn -0.4775 -0.8094 0.3419
vn -0.9208 -0.3900 -0.0015
vn -0.8216 -0.5381 0.1882
vn -0.8352 -0.3957 0.3819
vn -0.2293 -0.2437 0.9423
vn -0.1357 -0.7761 0.6159
vn -0.2107 -0.6694 0.7123
vn -0.2093 -0.8354 0.5082
vn -0.2084 -0.5337 0.8196
vn -0.1433 -0.5621 0.8145
vn -0.1712 0.4659 0.8681
vn -0.1054 -0.7060 0.7004
vn -0.0897 -0.5868 0.8047
vn -0.1664 -0.7048 0.6896
vn -0.1947 -0.7329 0.6519
vn -0.1614 -0.5957 0.7868
vn -0.0595 -0.3006 0.9519
vn -0.1082 -0.4113 0.9051
vn -0.0446 -0.2708 0.9616
vn -0.0790 0.7014 0.7084
vn 0.0191 -0.2552 0.9667
vn -0.0126 -0.1311 0.9913
vn -0.0151 -0.2599 0.9655
vn -0.0543 -0.2593 0.9643
vn -0.0647 -0.1282 0.9896
vn -0.0821 -0.1101 0.9905
vn 0.0275 -0.0008 0.9996
vn 0.0296 0.1342 0.9905
vn -0.0172 0.1231 0.9922
vn -0.1034 0.0101 0.9946
vn -0.0773 0.1428 0.9867
vn 0.0154 0.0700 0.9974
vn -0.0769 0.1603 0.9841
vn -0.0140 0.9567 0.2908
vn 0.1565 0.8855 0.4375
vn 0.0936 -0.9956 -0.0001
vn 0.0520 -0.9067 0.4186
vn 0.0597 -0.9982 0.0082
vn 0.0268 0.2778 0.9603
vn 0.0585 0.1415 0.9882
vn 0.0141 -0.8963 0.4433
vn 0.1117 0.0219 0.9935
vn 0.1603 0.1809 0.9704
vn 0.1169 0.1666 0.9791
vn 0.1860 0.3483 0.9188
vn 0.1539 0.3342 0.9298
vn 0.1827 0.3579 0.9157
vn 0.2424 0.5649 0.7888
vn 0.2555 0.5253 0.8117
vn 0.2924 -0.6916 0.6604
vn 0.2398 -0.9265 0.2899
vn 0.1803 -0.8184 0.5456
vn 0.1042 0.1498 0.9832
vn 0.1495 0.0191 0.9886
vn 0.1531 0.0608 0.9863
vn -0.0496 0.1266 0.9907
vn 0.0958 -0.0806 0.9921
vn -0.0293 0.1340 0.9905
vn 0.3543 0.8598 0.3677
vn 0.3878 0.9218 -0.0000
vn 0.3749 0.9271 -0.0000
vn -0.2498 0.8453 0.4723
vn -0.0682 0.3311 0.9411
vn -0.2627 0.6357 0.7259
vn -0.3112 0.9503 0.0057
vn -0.3853 0.9226 -0.0216
vn -0.4418 0.8968 0.0225
vn -0.2888 0.5832 0.7593
vn -0.2442 0.5358 0.8083
vn 0.1000 -0.0301 0.9945
vn 0.0966 0.0853 0.9917
vn -0.0205 0.1266 0.9917
vn -0.0000 -0.0000 -1.0000
vn 0.1395 -0.5116 -0.8478
vn -0.9837 0.0553 -0.1709
vn 0.3154 -0.9489 -0.0087
vn 0.0045 -1.0000 0.0041
vn -0.2609 -0.7263 0.6360
vn -0.0151 -0.3334 0.9427
vn -0.0637 -0.4627 0.8842
vn -0.2329 -0.5538 0.7994
vn -0.0223 -0.0938 0.9953
vn -0.0387 -0.2672 0.9629
vn 0.0677 -0.0878 0.9938
vn -0.4162 -0.9093 -0.0000
vn -0.2301 -0.5386 0.8106
vn -0.0153 -0.0715 0.9973
vn -0.2160 -0.9764 -0.0000
vn -0.9063 0.3923 0.1575
vn -0.0610 -0.4360 0.8979
vn 0.1066 -0.1695 0.9797
vn 0.2016 -0.0257 0.9791
vn 0.1366 -0.0598 0.9888
vn -0.3090 -0.9511 -0.0009
vn -0.2370 -0.8146 0.5293
vn 0.0910 0.0019 0.9958
vn 0.1361 -0.0300 0.9902
vn 0.0569 -0.0124 0.9983
vn 0.0806 -0.0001 0.9967
vn 0.0430 -0.0054 0.9991
vn 0.0405 -0.0209 0.9990
vn 0.1212 -0.0192 0.9924
vn 0.0272 -0.0013 0.9996
vn 0.1352 -0.0607 0.9890
vn 0.1093 0.0541 0.9925
vn 0.0264 0.0091 0.9996
vn 0.0995 0.0798 0.9918
vn 0.1275 -0.0282 0.9914
vn 0.0741 -0.0297 0.9968
vn 0.0961 0.1413 0.9853
vn 0.0338 0.2922 0.9558
vn 0.0010 -0.0587 0.9983
vn 0.0997 0.0197 0.9948
vn -0.1962 -0.2399 0.9508
vn -0.3176 -0.0388 0.9474
vn -0.4509 0.0113 0.8925
vn -0.1327 0.9824 0.1313
vn -0.6459 0.7399 -0.1883
vn -0.0393 0.9148 0.4020
vn -0.6048 -0.7269 0.3252
vn -0.5519 -0.4664 0.6914
vn -0.5633 -0.6598 0.4973
vn -0.4545 -0.1867 0.8710
vn -0.4007 -0.2007 0.8940
vn -0.1346 0.4276 0.8939
vn 0.3802 0.9039 0.1957
vn -0.2105 0.4823 0.8504
vn 0.3813 0.8787 0.2872
vn 0.3226 0.8965 0.3038
vn 0.2288 0.8146 0.5330
vn -0.8924 -0.1267 0.4332
vn -0.8434 0.5369 0.0197
vn 0.0469 -0.4081 0.9117
vn 0.0511 -0.2553 0.9655
vn 0.0177 -0.4022 0.9154
vn 0.0251 -0.1267 0.9916
vn 0.3908 0.8960 -0.2110
vn -0.0462 -0.3057 0.9510
vn -0.1265 -0.4393 0.8894
vn -0.1225 -0.2954 0.9475
vn 0.4521 0.8870 -0.0945
vn 0.4498 0.8902 0.0725
vn 0.5002 0.8659 -0.0041
vn 0.4927 0.7938 0.3565
vn 0.3671 0.9242 0.1057
vn 0.5073 0.8556 0.1029
vn 0.4014 0.9154 0.0290
vn 0.1841 0.9346 0.3044
vn 0.4195 0.9026 0.0968
vn 0.3565 0.8202 0.4473
vn 0.2819 0.8280 0.4848
vn 0.2332 0.8979 0.3734
vn 0.2375 0.8386 0.4903
vn 0.2378 0.9713 -0.0009
vn 0.3761 0.9266 -0.0020
vn -0.4408 -0.8500 -0.2884
vn -0.4977 -0.5647 0.6584
vn -0.1530 -0.9843 -0.0880
vn -0.4276 -0.8807 0.2040
vn -0.2137 -0.9530 -0.2146
vn -0.3177 -0.9135 -0.2543
vn -0.2751 -0.9614 0.0082
vn -0.4493 -0.8481 -0.2808
vn -0.1589 -0.9872 -0.0112
vn -0.0484 -0.9988 0.0044
vn -0.4581 -0.8546 -0.2445
vn -0.3539 -0.8907 -0.2851
vn -0.3127 -0.9231 -0.2238
vn -0.3152 -0.9151 -0.2515
vn -0.4954 -0.8687 0.0001
vn -0.3566 -0.9336 0.0360
vn -0.5242 -0.8501 0.0507
vn -0.5159 -0.8168 -0.2581
vn -0.6660 -0.6965 -0.2671
vn -0.5028 -0.7823 -0.3676
vn -0.8154 -0.3763 -0.4399
vn -0.7696 -0.2921 -0.5678
vn -0.9093 -0.0572 -0.4123
vn -0.3306 -0.9344 -0.1327
vn -0.3557 -0.9345 0.0126
vn 0.0830 0.9628 0.2573
vn -0.1304 0.9854 -0.1096
vn -0.7840 0.4304 -0.4473
vn -0.5298 0.7627 -0.3709
vn 0.2172 0.9751 -0.0440
vn -0.9489 0.2957 0.1102
vn 0.7495 0.6620 -0.0000
vn 0.9970 -0.0715 -0.0292
vn -0.0000 -0.0000 1.0000
vn -0.8222 -0.5063 0.2601
vn -0.5238 0.2045 -0.8269
vn -0.2194 0.5151 -0.8286
vn -0.1683 0.3812 -0.9090
vn -0.2928 -0.3580 -0.8866
vn -0.2720 -0.3321 -0.9032
vn -0.2649 -0.3545 -0.8967
vn -0.4517 -0.4905 -0.7452
vn -0.3231 -0.4763 -0.8177
vn -0.5206 -0.3544 -0.7767
vn -0.4864 -0.4157 -0.7685
vn -0.1339 0.3129 -0.9403
vn -0.3575 -0.2364 -0.9035
vn -0.0844 0.1531 -0.9846
vn 0.0261 0.2803 -0.9596
vn -0.2978 0.0424 -0.9537
vn -0.3113 -0.0555 -0.9487
vn -0.1908 0.1342 -0.9724
vn -0.4217 -0.1007 -0.9011
vn -0.2744 -0.3588 -0.8922
vn -0.5633 0.5963 -0.5720
vn -0.1054 0.8144 -0.5706
vn -0.7425 0.2148 -0.6344
vn -0.6205 -0.0678 -0.7812
vn -0.9854 -0.0255 -0.1685
vn -0.9621 0.2722 -0.0174
vn -0.9408 0.1692 -0.2936
vn -0.2644 -0.8388 -0.4760
vn -0.2990 -0.8683 -0.3958
vn -0.2133 -0.8241 -0.5247
vn -0.3003 -0.8804 -0.3671
vn -0.2881 -0.9023 -0.3207
vn -0.3069 -0.0047 -0.9517
vn -0.2871 0.0401 -0.9571
vn -0.3395 -0.0539 -0.9391
vn -0.2967 -0.1415 -0.9444
vn -0.3819 -0.0823 -0.9205
vn -0.2997 0.0566 -0.9524
vn -0.3667 -0.0896 -0.9260
vn -0.3254 -0.1898 -0.9263
vn -0.4002 -0.1631 -0.9018
vn -0.1728 -0.2835 -0.9433
vn -0.4330 -0.7400 -0.5146
vn -0.1996 0.1608 -0.9666
vn -0.4454 -0.6850 -0.5765
vn -0.2740 -0.1147 -0.9549
vn -0.6791 -0.4406 -0.5871
vn -0.6908 -0.2732 -0.6695
vn -0.3009 -0.1610 -0.9400
vn -0.2688 -0.1332 -0.9539
vn 0.2175 0.1043 -0.9705
vn -0.2416 -0.2135 -0.9466
vn -0.7931 -0.1937 -0.5775
vn -0.5164 -0.3095 -0.7985
vn -0.7744 -0.3684 -0.5144
vn -0.4148 0.0086 -0.9098
vn -0.8568 0.4893 -0.1628
vn -0.2442 -0.9330 -0.2642
vn -0.3096 -0.8851 -0.3475
vn -0.1939 -0.9332 -0.3027
vn -0.1395 -0.7753 -0.6160
vn -0.1808 -0.6264 -0.7582
vn -0.7135 -0.6185 -0.3293
vn -0.4865 -0.6172 -0.6183
vn -0.6107 -0.7173 -0.3354
vn -0.5084 -0.7613 -0.4023
vn -0.2612 0.9545 -0.1441
vn -0.3416 0.8918 -0.2965
vn -0.2117 0.9386 -0.2724
vn -0.1654 0.8190 -0.5495
vn -0.1889 0.8393 -0.5098
vn -0.1267 0.9471 -0.2948
vn -0.0892 0.8513 -0.5171
vn -0.1424 0.8202 -0.5541
vn 0.0195 0.2342 -0.9720
vn -0.1747 0.0837 -0.9811
vn 0.1417 0.0946 -0.9854
vn -0.3257 0.1002 -0.9401
vn -0.5093 0.2463 -0.8246
vn -0.5896 0.0693 -0.8047
vn -0.2326 0.1058 -0.9668
vn -0.1478 0.2680 -0.9520
vn -0.3087 0.2677 -0.9127
vn -0.2144 0.0686 -0.9743
vn -0.3421 0.0214 -0.9394
vn -0.2832 0.0642 -0.9569
vn -0.2488 -0.1069 -0.9626
vn -0.1742 0.0895 -0.9806
vn -0.3828 0.2606 -0.8863
vn -0.1350 0.0516 -0.9895
vn -0.3232 -0.0105 -0.9463
vn -0.1284 0.2125 -0.9687
vn -0.3813 0.0421 -0.9235
vn -0.1685 0.1053 -0.9801
vn -0.4528 0.5518 -0.7004
vn -0.4194 0.3205 -0.8493
vn -0.5545 0.4474 -0.7017
vn -0.3499 0.7325 -0.5839
vn -0.3169 0.6693 -0.6720
vn -0.3784 0.7340 -0.5640
vn -0.3020 0.7686 -0.5640
vn -0.2927 0.6708 -0.6815
vn -0.1825 0.9309 -0.3165
vn -0.4321 0.8896 -0.1482
vn -0.3598 0.6625 -0.6570
vn -0.4215 0.7863 -0.4516
vn -0.4206 0.6210 -0.6614
vn -0.4608 0.7941 -0.3962
vn -0.8721 -0.0540 -0.4863
vn -0.6872 -0.0815 -0.7219
vn -0.6170 -0.4986 -0.6088
vn -0.3852 0.8733 -0.2983
vn -0.4197 0.8128 -0.4041
vn -0.4423 0.7746 -0.4521
vn -0.3912 0.8042 -0.4475
vn -0.3175 0.8515 -0.4173
vn -0.2312 0.8353 -0.4989
vn -0.0750 0.7875 -0.6117
vn -0.1391 0.6785 -0.7213
vn -0.1940 0.8107 -0.5523
vn -0.3520 0.3821 -0.8545
vn -0.3481 0.0971 -0.9324
vn -0.3568 0.2387 -0.9032
vn -0.4051 0.4840 -0.7756
vn -0.3990 0.3592 -0.8436
vn -0.3470 0.3364 -0.8755
vn -0.4264 0.3000 -0.8534
vn -0.2918 0.5278 -0.7977
vn -0.2582 0.6176 -0.7429
vn -0.3763 0.5633 -0.7356
vn -0.2935 0.5748 -0.7638
vn -0.3597 0.3153 -0.8782
vn -0.1518 0.4924 -0.8570
vn -0.1969 0.4903 -0.8490
vn -0.2678 0.5820 -0.7678
vn -0.2083 0.5901 -0.7800
vn -0.1298 0.5673 -0.8132
vn -0.0199 0.5174 -0.8555
vn -0.2374 0.4892 -0.8393
vn -0.1140 0.7123 -0.6926
vn -0.1473 0.8135 -0.5626
vn -0.2771 -0.1107 -0.9545
vn -0.5897 0.2140 -0.7787
vn -0.5399 -0.0846 -0.8375
vn -0.3843 -0.1176 -0.9157
vn -0.2950 0.1738 -0.9396
vn -0.4258 0.2147 -0.8790
vn -0.3586 0.0979 -0.9283
vn -0.2676 0.3522 -0.8969
vn -0.2632 0.4928 -0.8294
vn -0.2296 0.3923 -0.8907
vn -0.2084 0.4926 -0.8450
vn -0.2408 0.5240 -0.8170
vn -0.2771 0.1326 -0.9516
vn -0.0727 0.4863 -0.8708
vn -0.1757 0.2203 -0.9595
vn -0.2202 0.4241 -0.8784
vn -0.1399 0.1779 -0.9741
vn -0.1813 0.2545 -0.9499
vn -0.1683 0.1403 -0.9757
vn -0.0731 0.2491 -0.9657
vn -0.1644 0.1421 -0.9761
vn -0.1919 0.4567 -0.8687
vn -0.2290 0.6735 -0.7029
vn -0.1411 0.6730 -0.7261
vn -0.2176 0.8007 -0.5581
vn -0.0519 0.6896 -0.7223
vn -0.0693 0.5775 -0.8135
vn -0.1296 0.5587 -0.8192
vn -0.1872 -0.2295 -0.9551
vn -0.1821 -0.1041 -0.9778
vn -0.1612 -0.1244 -0.9791
vn -0.3953 -0.8653 -0.3084
vn -0.4563 -0.8898 0.0012
vn -0.1742 -0.4995 -0.8486
vn -0.2726 -0.5925 -0.7581
vn -0.2397 -0.5453 -0.8032
vn 0.0057 -0.0114 -0.9999
vn -0.0529 0.1027 -0.9933
vn -0.1117 -0.0003 -0.9937
vn -0.2041 0.3683 -0.9070
vn -0.1160 0.2981 -0.9474
vn -0.1436 0.2552 -0.9562
vn -0.1607 0.4215 -0.8924
vn -0.0322 0.3397 -0.9400
vn -0.4525 -0.3328 -0.8274
vn -0.2156 0.7050 -0.6756
vn -0.0624 -0.3009 -0.9516
vn -0.0247 -0.4734 -0.8805
vn 0.0864 0.4823 -0.8717
vn -0.2698 -0.4253 -0.8639
vn -0.1941 -0.3333 -0.9226
vn -0.1979 -0.5296 -0.8248
vn -0.3075 -0.4527 -0.8370
vn -0.2886 -0.5266 -0.7997
vn 0.0941 0.1139 -0.9890
vn -0.2881 -0.2404 -0.9270
vn -0.2327 -0.2524 -0.9392
vn -0.2977 -0.1666 -0.9400
vn -0.2465 -0.2176 -0.9444
vn -0.1112 0.1447 -0.9832
vn -0.1856 -0.0634 -0.9806
vn -0.1380 -0.0384 -0.9897
vn -0.1527 0.0470 -0.9872
vn -0.1584 -0.0226 -0.9871
vn -0.2256 -0.1334 -0.9650
vn -0.1831 0.0106 -0.9830
vn -0.1262 0.7248 -0.6773
vn -0.1049 0.6056 -0.7888
vn -0.0212 0.6573 -0.7534
vn -0.1116 0.5028 -0.8572
vn -0.0488 0.5277 -0.8480
vn -0.0260 0.4445 -0.8954
vn 0.0156 0.5859 -0.8102
vn -0.0764 0.7168 -0.6930
vn -0.0843 0.4970 -0.8637
vn -0.1618 0.5351 -0.8292
vn -0.2662 0.5656 -0.7805
vn 0.0596 0.2973 -0.9529
vn 0.0009 0.1403 -0.9901
vn 0.0641 0.2633 -0.9626
vn -0.1663 0.2765 -0.9465
vn -0.0120 0.3427 -0.9394
vn 0.1129 0.0957 -0.9890
vn -0.0551 0.2566 -0.9649
vn -0.0904 0.2434 -0.9657
vn -0.2617 0.3834 -0.8857
vn -0.1216 0.5339 -0.8367
vn -0.1967 0.7136 -0.6724
vn -0.0582 0.1870 -0.9806
vn -0.0017 0.2369 -0.9715
vn 0.1283 0.3177 -0.9395
vn -0.0779 0.3495 -0.9337
vn -0.0701 0.3860 -0.9198
vn -0.0913 0.1944 -0.9767
vn -0.1030 0.1042 -0.9892
vn 0.0355 0.2215 -0.9745
vn -0.1011 -0.1329 -0.9860
vn -0.0087 -0.0179 -0.9998
vn -0.0608 -0.2956 -0.9534
vn -0.0224 -0.1742 -0.9844
vn 0.0006 0.1255 -0.9921
vn -0.0131 0.4181 -0.9083
vn -0.0271 0.2576 -0.9659
vn -0.0554 0.4022 -0.9139
vn -0.0921 0.4233 -0.9013
vn -0.0634 0.5890 -0.8056
vn -0.1713 0.9316 -0.3207
vn -0.1354 0.7915 -0.5960
vn -0.1026 -0.3458 -0.9327
vn -0.0581 -0.4722 -0.8796
vn -0.1815 -0.4083 -0.8946
vn -0.1472 -0.2317 -0.9616
vn -0.1513 0.8074 -0.5703
vn 0.0428 0.5645 -0.8243
vn 0.0179 0.8595 -0.5108
vn -0.0474 0.1173 -0.9920
vn 0.0617 0.7532 -0.6549
vn 0.0864 0.7685 -0.6339
vn -0.4349 -0.6813 -0.5888
vn -0.4797 -0.8094 -0.3388
vn -0.8174 -0.5184 -0.2512
vn -0.8846 -0.2947 -0.3613
vn -0.2331 -0.7163 -0.6578
vn -0.2133 -0.5209 -0.8266
vn -0.2346 0.5578 -0.7961
vn -0.3002 0.5031 -0.8104
vn -0.2939 -0.7553 -0.5858
vn -0.1420 -0.5621 -0.8148
vn -0.1615 0.4742 -0.8655
vn -0.1473 0.6465 -0.7485
vn -0.0927 -0.5886 -0.8031
vn -0.1044 -0.7079 -0.6985
vn -0.1676 -0.7053 -0.6888
vn -0.1640 -0.5927 -0.7886
vn -0.1934 -0.7320 -0.6533
vn -0.2353 -0.7564 -0.6103
vn -0.1081 -0.4113 -0.9051
vn -0.0595 -0.3006 -0.9519
vn -0.0454 -0.2709 -0.9615
vn -0.1384 0.3570 -0.9238
vn -0.1626 0.2225 -0.9613
vn -0.1772 0.3124 -0.9333
vn -0.0135 -0.1305 -0.9914
vn 0.0200 -0.2536 -0.9671
vn -0.0152 -0.2601 -0.9654
vn -0.0336 0.0317 -0.9989
vn -0.0825 0.1171 -0.9897
vn -0.0776 -0.0048 -0.9970
vn -0.0102 -0.1072 -0.9942
vn -0.0819 -0.1081 -0.9908
vn 0.0264 0.2778 -0.9603
vn -0.0163 0.1218 -0.9924
vn 0.0506 -0.9097 -0.4121
vn 0.1602 0.1809 -0.9704
vn 0.1113 0.0220 -0.9935
vn 0.1170 0.1667 -0.9790
vn 0.1122 -0.2639 -0.9580
vn 0.1422 -0.4300 -0.8916
vn 0.1064 -0.4265 -0.8982
vn 0.1860 0.3483 -0.9188
vn 0.1539 0.3342 -0.9298
vn 0.2424 0.5649 -0.7888
vn 0.1827 0.3579 -0.9157
vn 0.2555 0.5253 -0.8117
vn 0.1454 -0.0045 -0.9894
vn 0.1552 -0.1632 -0.9743
vn 0.1840 -0.1421 -0.9726
vn 0.1518 0.0251 -0.9881
vn 0.1413 -0.0531 -0.9885
vn 0.0952 -0.1380 -0.9858
vn 0.0475 0.0834 -0.9954
vn 0.1402 -0.1281 -0.9818
vn 0.0266 -0.0268 -0.9993
vn 0.3543 0.8598 -0.3677
vn -0.2985 0.7821 -0.5470
vn -0.0733 0.3433 -0.9364
vn -0.1212 0.5241 -0.8430
vn -0.2520 0.8553 -0.4527
vn -0.2713 0.6805 -0.6807
vn -0.2967 0.6214 -0.7251
vn -0.0407 0.1103 -0.9931
vn -0.0172 0.1485 -0.9888
vn 0.1609 -0.0072 -0.9869
vn 0.2785 0.3321 -0.9012
vn -0.2154 0.9765 -0.0000
vn -0.0450 0.1697 -0.9845
vn -0.0900 0.5663 -0.8193
vn 0.2207 -0.9238 -0.3128
vn -0.0139 -0.3328 -0.9429
vn -0.2606 -0.7261 -0.6363
vn -0.0659 -0.4616 -0.8846
vn -0.0223 -0.0929 -0.9954
vn -0.2329 -0.5538 -0.7994
vn -0.0388 -0.2681 -0.9626
vn 0.0685 -0.0807 -0.9944
vn -0.2301 -0.5386 -0.8106
vn -0.0153 -0.0715 -0.9973
vn -0.2739 0.0101 -0.9617
vn -0.0610 -0.4360 -0.8979
vn 0.2083 0.0003 -0.9781
vn 0.0953 -0.1815 -0.9788
vn 0.2109 -0.0435 -0.9765
vn 0.1364 0.0033 -0.9907
vn 0.0998 0.0826 -0.9916
vn 0.1519 0.0613 -0.9865
vn -0.2368 -0.8144 -0.5297
vn 0.1309 -0.0235 -0.9911
vn 0.1205 0.0222 -0.9925
vn 0.0380 -0.0059 -0.9993
vn 0.0923 -0.0540 -0.9943
vn 0.0264 0.0091 -0.9996
vn 0.1093 0.0541 -0.9925
vn 0.0995 0.0798 -0.9918
vn 0.1248 -0.0392 -0.9914
vn 0.0604 0.1980 -0.9783
vn 0.0329 0.2871 -0.9573
vn 0.1328 -0.1256 -0.9831
vn 0.1298 -0.0151 -0.9914
vn 0.0010 -0.0587 -0.9983
vn 0.0997 0.0197 -0.9948
vn -0.6005 -0.7323 -0.3213
vn -0.4303 -0.0288 -0.9022
vn -0.5558 -0.4734 -0.6834
vn -0.3267 -0.0485 -0.9439
vn -0.5797 -0.1726 -0.7963
vn 0.3740 0.8782 -0.2982
vn -0.5075 -0.8570 -0.0894
vn -0.5525 -0.3969 -0.7329
vn -0.9705 -0.2387 0.0341
vn -0.4156 -0.9095 0.0124
vn -0.8154 -0.5789 -0.0014
vn 0.2720 0.8460 -0.4586
vn -0.5990 -0.7720 -0.2125
vn -0.4812 -0.5763 -0.6606
vn -0.0701 0.9784 -0.1946
vn -0.6923 0.7169 0.0825
vn -0.4945 0.8190 0.2910
vn -0.8684 -0.0029 0.4959
vn -0.4968 0.7338 0.4633
vn 0.0258 -0.1272 -0.9915
vn 0.3757 0.9104 0.1734
vn 0.3670 0.8968 -0.2469
vn 0.3746 0.8973 -0.2334
vn 0.0558 0.3811 -0.9228
vn 0.0540 -0.1232 -0.9909
vn 0.0503 -0.2533 -0.9661
vn 0.3601 0.9277 -0.0986
vn 0.4967 0.7912 -0.3568
vn 0.5082 0.8552 -0.1018
vn 0.3735 0.9276 0.0064
vn 0.2474 0.8171 -0.5207
vn 0.3002 0.8327 -0.4654
vn 0.3934 0.9186 -0.0369
vn 0.2344 0.9050 -0.3550
vn 0.4236 0.8995 -0.1066
vn 0.3526 0.8284 -0.4351
vn -0.4333 -0.8385 0.3302
vn -0.4354 -0.8551 0.2817
vn -0.3691 -0.9110 0.1838
vn -0.2332 -0.9431 0.2369
vn -0.1591 -0.9814 0.1077
vn -0.3049 -0.9131 0.2708
vn -0.4514 -0.8475 0.2792
vn -0.6948 -0.6493 0.3094
vn -0.7821 -0.3560 0.5115
vn -0.5242 -0.7492 0.4048
vn -0.5376 -0.7859 0.3057
vn -0.3418 -0.9228 0.1779
vn -0.1197 0.9912 0.0565
vn -0.4617 0.8870 -0.0077
vn -0.4055 0.9140 0.0115
vn -0.8451 0.2893 0.4496
vn 0.2010 0.9783 0.0509
vn -0.7831 0.3211 -0.5325
vn -0.7921 -0.3136 -0.5236
vn 0.7649 -0.6441 0.0073
vn -0.0946 -0.8330 -0.5451
vn 0.0383 0.0302 -0.9988
vn -0.0289 -0.1941 -0.9806
vn -0.3369 0.0190 0.9413
vn -0.4571 -0.1463 0.8773
vn -0.2243 -0.0762 0.9715
vn -0.1993 0.0700 0.9774
vn -0.1994 0.0700 -0.9774
vn -0.1787 0.2641 -0.9478
vn -0.0198 0.1503 -0.9884
vn 0.1636 0.3891 -0.9065
vn 0.2861 0.2078 -0.9354
vn 0.0171 -0.0013 -0.9999
vn -0.1769 -0.2644 -0.9480
vn 0.0013 -0.5022 -0.8647
vn -0.2093 -0.5490 -0.8092
vn -0.2242 -0.0762 -0.9716
vn -0.3391 -0.2451 -0.9083
vn -0.4571 -0.1463 -0.8773
vn -0.5804 -0.3903 -0.7147
vn -0.7001 -0.2078 -0.6831
vn -0.3368 0.0190 -0.9414
vn -0.1538 -0.1273 0.9799
vn 0.1532 -0.0855 0.9845
vn -0.1278 0.0939 0.9874
vn -0.3402 -0.0837 0.9366
vn -0.2957 -0.3898 0.8721
vn -0.3435 0.1054 0.9332
vn -0.0183 0.3283 -0.9444
vn 0.0831 0.6518 -0.7538
vn 0.3095 0.4958 -0.8115
vn -0.0791 -0.0046 -0.9969
vn 0.1301 0.1557 -0.9792
vn 0.1544 -0.0881 -0.9841
vn -0.1804 0.1053 -0.9779
vn -0.1813 -0.1464 -0.9725
vn -0.0127 -0.3287 -0.9443
vn -0.2897 -0.3947 -0.8719
vn -0.1678 -0.7014 -0.6928
vn -0.4398 -0.6495 -0.6202
vn -0.3584 -0.0995 -0.9283
vn -0.4993 -0.2879 -0.8172
vn -0.3447 0.1066 -0.9327
vn -0.6048 -0.0825 -0.7921
vn -0.5856 0.1508 -0.7964
vn -0.5211 0.3433 -0.7814
vn -0.1340 0.5452 -0.8276
vn -0.0845 0.8831 -0.4615
vn -0.2403 0.2909 0.9261
vn -0.1423 -0.3058 0.9414
vn 0.1092 0.2277 0.9676
vn -0.0776 0.8837 0.4615
vn -0.1508 0.2992 0.9422
vn -0.1333 0.5462 0.8270
vn -0.0535 0.7388 0.6719
vn -0.4964 0.6791 0.5408
vn 0.5908 0.1421 0.7942
vn 0.9209 0.3878 0.0404
vn 0.7613 0.4892 0.4257
vn -0.0974 0.3632 0.9266
vn -0.6715 0.6274 0.3943
vn -0.0594 0.8567 0.5125
vn 0.1311 0.1740 0.9760
vn -0.1076 -0.2427 0.9641
vn 0.0446 0.3939 0.9181
vn -0.4885 0.7600 0.4287
vn -0.4074 0.7170 0.5657
vn 0.3751 0.9270 -0.0052
vn -0.0743 -0.2562 0.9638
vn 0.0472 0.3049 0.9512
vn 0.3269 0.2326 0.9160
vn -0.0467 0.7500 0.6598
vn 0.0784 0.1836 0.9799
vn -0.1700 0.4015 0.9000
vn -0.1445 0.3341 0.9314
vn 0.3803 0.7961 0.4707
vn -0.5549 0.7469 0.3663
vn 0.3373 0.7275 0.5975
vn 0.6082 0.3243 0.7245
vn 0.1567 0.1912 0.9690
vn -0.0801 0.2394 0.9676
vn 0.0514 0.2325 0.9712
vn -0.0210 0.3727 0.9277
vn 0.1082 0.1147 0.9875
vn 0.0512 0.2385 0.9698
vn 0.0235 0.5869 0.8093
vn -0.0055 0.1996 0.9799
vn 0.0339 0.1402 0.9895
vn -0.0278 0.2891 0.9569
vn 0.6665 0.1920 0.7204
vn 0.3588 0.7966 0.4865
vn -0.5055 0.7062 0.4958
vn 0.0642 0.7500 0.6583
vn -0.0341 0.6444 0.7639
vn 0.6818 0.2789 0.6763
vn -0.0531 0.4053 0.9126
vn 0.0810 0.3054 0.9488
vn -0.2168 0.7464 0.6292
vn 0.1459 0.3054 0.9410
vn 0.6863 0.2117 0.6959
vn 0.2069 0.6965 0.6871
vn 0.2136 0.2167 0.9526
vn 0.0860 0.3216 0.9430
vn 0.1254 0.3250 0.9374
vn 0.6628 0.5962 0.4530
vn -0.1226 0.8678 0.4815
vn 0.3719 0.8914 0.2591
vn 0.4243 0.7612 -0.4904
vn -0.1186 0.3876 -0.9142
vn -0.2386 0.7854 -0.5711
vn 0.7315 -0.0054 0.6819
vn -0.0946 0.2539 0.9626
vn -0.4153 0.9097 -0.0055
vn -0.4624 0.7284 0.5056
vn 0.0205 0.0380 0.9991
vn 0.0893 0.0099 0.9960
vn 0.0564 0.0030 0.9984
vn 0.0828 -0.0101 0.9965
vn 0.0047 0.0545 0.9985
vn -0.0083 0.0443 0.9990
vn 0.0492 0.1255 0.9909
vn 0.0493 0.0682 0.9965
vn 0.1096 -0.0022 0.9940
vn 0.6647 0.3197 0.6753
vn 0.6231 0.4006 0.6718
vn 0.0293 0.0682 0.9972
vn 0.0555 0.0822 0.9951
vn 0.6665 0.2086 0.7157
vn 0.7399 0.1664 0.6518
vn 0.0040 0.1069 0.9943
vn -0.0077 0.0843 0.9964
vn 0.1475 0.1998 0.9687
vn 0.5802 0.4556 0.6751
vn 0.5359 0.5898 0.6041
vn 0.0850 0.1189 0.9893
vn 0.0656 0.1892 0.9797
vn 0.0063 0.1251 0.9921
vn 0.0830 0.1064 0.9909
vn 0.0860 -0.0472 0.9952
vn 0.1796 0.3159 0.9316
vn 0.0183 -0.1992 0.9798
vn 0.1284 -0.1660 0.9777
vn 0.1618 0.3016 0.9396
vn 0.0842 -0.1671 0.9823
vn 0.5974 -0.5754 0.5586
vn 0.0439 -0.8786 0.4756
vn 0.1976 0.4317 0.8801
vn 0.8417 0.5399 0.0032
vn 0.3154 0.9489 -0.0028
vn -0.0590 -0.0243 0.9980
vn -0.4174 -0.3145 0.8526
vn -0.0057 -0.0617 0.9981
vn -0.7654 -0.6422 -0.0413
vn -0.3259 -0.2686 0.9064
vn 0.0008 -0.0513 0.9987
vn 0.5395 -0.8419 0.0068
vn 0.6902 -0.0386 0.7226
vn 0.1442 -0.0237 0.9893
vn 0.0656 -0.0359 0.9972
vn 0.6923 -0.1681 0.7018
vn 0.6794 -0.2493 0.6901
vn -0.6300 -0.7764 0.0162
vn -0.1608 -0.1787 0.9707
vn 0.0729 0.0133 0.9972
vn -0.2043 -0.2098 0.9562
vn 0.0844 0.0614 0.9945
vn -0.7261 -0.5819 0.3663
vn -0.2801 -0.2916 0.9146
vn 0.1044 0.0157 0.9944
vn 0.1024 0.0305 0.9943
vn 0.0227 -0.0394 0.9990
vn 0.0177 -0.0241 0.9996
vn 0.0381 -0.0579 0.9976
vn 0.0103 -0.0368 0.9993
vn 0.0248 -0.0403 0.9989
vn 0.0923 -0.1258 0.9878
vn 0.0570 -0.0583 0.9967
vn 0.5325 -0.4710 0.7032
vn 0.4460 -0.6073 0.6575
vn 0.0180 -0.0450 0.9988
vn 0.1084 -0.1693 0.9796
vn 0.0626 -0.1297 0.9896
vn -0.0055 -0.0297 0.9995
vn 0.1292 -0.0219 0.9914
vn 0.3601 -0.6967 0.6205
vn 0.3537 -0.6117 0.7076
vn 0.9826 0.1854 -0.0106
vn 0.1469 0.6757 0.7224
vn 0.1166 0.1753 0.9776
vn 0.4048 0.6451 0.6480
vn 0.3912 -0.6750 0.6256
vn 0.4664 -0.6544 0.5952
vn -0.2563 0.7250 -0.6393
vn -0.0481 0.7372 -0.6739
vn -0.4802 0.6695 -0.5667
vn -0.1104 -0.2102 -0.9714
vn -0.0285 -0.2770 -0.9605
vn 0.0004 0.2738 -0.9618
vn 0.5514 0.1409 -0.8223
vn 0.2910 0.8305 -0.4750
vn -0.1612 0.2924 -0.9426
vn -0.6606 0.5616 -0.4983
vn -0.1373 0.4119 -0.9008
vn 0.0423 0.2973 -0.9538
vn -0.0571 0.2615 -0.9635
vn 0.0410 0.3698 -0.9282
vn 0.6062 0.2653 -0.7498
vn -0.1023 -0.2669 -0.9583
vn 0.3060 0.2566 -0.9168
vn -0.0506 0.7686 -0.6378
vn 0.0791 0.1759 -0.9812
vn 0.0161 0.2290 -0.9733
vn -0.4404 0.6950 -0.5684
vn -0.0939 0.2723 -0.9576
vn -0.5359 0.7520 -0.3838
vn -0.1729 0.4243 -0.8889
vn 0.3731 0.7975 -0.4742
vn 0.6701 0.2628 -0.6942
vn 0.3816 0.7027 -0.6005
vn 0.0233 0.5885 -0.8081
vn -0.0112 0.1801 -0.9836
vn -0.0054 0.2182 -0.9759
vn -0.1977 0.7633 -0.6150
vn 0.3898 0.7985 -0.4588
vn 0.6523 0.2479 -0.7163
vn -0.0431 0.2420 -0.9693
vn 0.0615 0.7540 -0.6540
vn 0.0707 0.2994 -0.9515
vn -0.0391 0.3740 -0.9266
vn 0.0764 0.1787 -0.9809
vn -0.0510 0.6585 -0.7509
vn 0.0263 0.2656 -0.9637
vn -0.0614 0.4054 -0.9121
vn 0.0985 0.2922 -0.9513
vn 0.1729 0.2975 -0.9390
vn 0.1686 0.2842 -0.9438
vn 0.2144 0.4042 -0.8892
vn 0.0691 0.3066 -0.9493
vn 0.6721 0.6008 -0.4329
vn 0.7144 -0.0056 -0.6997
vn 0.1787 0.8559 -0.4853
vn -0.3422 0.2296 -0.9111
vn -0.7172 0.6058 -0.3444
vn -0.3647 0.3273 -0.8717
vn 0.0104 0.0524 -0.9986
vn 0.0506 0.0832 -0.9952
vn 0.1050 0.0020 -0.9945
vn 0.0566 0.0032 -0.9984
vn 0.1137 0.0228 -0.9933
vn 0.0526 0.1110 -0.9924
vn 0.0434 0.0709 -0.9965
vn 0.6477 0.4159 -0.6384
vn -0.0402 0.0564 -0.9976
vn -0.3132 0.3566 -0.8802
vn -0.1215 0.3034 -0.9451
vn -0.2050 0.3291 -0.9218
vn 0.0399 0.0637 -0.9972
vn 0.7226 0.1601 -0.6725
vn 0.6602 0.2094 -0.7213
vn 0.1501 0.1938 -0.9695
vn 0.6568 0.4847 -0.5776
vn 0.1591 0.3539 -0.9217
vn 0.1089 0.1797 -0.9777
vn 0.0699 0.1952 -0.9783
vn 0.3982 0.7611 -0.5120
vn 0.1841 0.3267 -0.9270
vn 0.0883 0.1184 -0.9890
vn 0.0731 0.1089 -0.9914
vn 0.0838 -0.0515 -0.9951
vn 0.4343 0.7476 -0.5024
vn 0.2131 0.3003 -0.9297
vn 0.0180 -0.2005 -0.9795
vn 0.1615 0.3006 -0.9400
vn 0.1290 -0.1772 -0.9757
vn 0.0821 -0.1738 -0.9813
vn 0.6339 -0.5314 -0.5620
vn 0.0435 -0.8678 -0.4950
vn 0.0846 -0.0205 -0.9962
vn -0.1104 -0.1753 -0.9783
vn -0.2486 -0.1913 -0.9495
vn 0.7274 -0.0963 -0.6795
vn 0.7533 -0.2984 -0.5861
vn 0.0611 -0.0225 -0.9979
vn 0.0385 0.0068 -0.9992
vn 0.0165 -0.0508 -0.9986
vn -0.0300 -0.0393 -0.9988
vn 0.0813 -0.0241 -0.9964
vn -0.0588 -0.0043 -0.9983
vn 0.1113 -0.0001 -0.9938
vn -0.1823 -0.1619 -0.9698
vn -0.2777 -0.2779 -0.9196
vn 0.1127 0.0865 -0.9899
vn -0.2956 -0.3301 -0.8965
vn -0.2855 -0.2100 -0.9351
vn 0.1295 0.0499 -0.9903
vn -0.1049 -0.3332 -0.9370
vn 0.4722 -0.6395 -0.6066
vn -0.1450 -0.9863 -0.0790
vn -0.2229 -0.9680 0.1152
vn 0.0255 -0.0440 -0.9987
vn 0.0761 0.0623 -0.9952
vn 0.0002 -0.0283 -0.9996
vn 0.0590 -0.0959 -0.9936
vn 0.0580 -0.0558 -0.9968
vn 0.4424 -0.6008 -0.6659
vn 0.5342 -0.4785 -0.6969
vn 0.0166 -0.0442 -0.9989
vn 0.0410 -0.0604 -0.9973
vn 0.0224 -0.0252 -0.9994
vn -0.0108 -0.0615 -0.9980
vn 0.0187 -0.1057 -0.9942
vn 0.0102 -0.0453 -0.9989
vn 0.1525 0.1784 -0.9721
vn 0.1443 -0.1179 -0.9825
vn 0.0723 -0.0275 -0.9970
vn 0.3219 -0.6287 -0.7078
vn 0.3807 -0.7220 -0.5777
vn 0.4013 0.6513 -0.6441
vn 0.1549 0.6810 -0.7157
vn 0.3868 -0.6371 -0.6667
vn 0.4604 -0.6461 -0.6088
vn 0.1047 -0.1634 -0.9810
vn 0.5435 0.5775 0.6092
vn 0.5302 0.5568 -0.6394
vn -0.2470 0.9690 -0.0029
vn 0.4006 0.7521 0.5234
vn 0.4261 0.7866 0.4469
vn 0.4386 0.7261 0.5295
vn 0.1923 0.8659 -0.4618
vn 0.4137 0.9104 0.0023
vn 0.1941 0.8643 0.4640
vn -0.7014 0.6131 0.3635
vn -0.7204 0.6165 0.3177
vn -0.4680 0.7348 -0.4910
vn -0.6242 0.7812 -0.0029
vn -0.0667 0.7927 0.6060
vn -0.0610 0.7989 -0.5984
vn 0.2423 0.6650 -0.7064
vn 0.2434 0.6650 0.7061
vn 0.9343 0.3560 0.0168
vn -0.1142 0.3904 0.9135
vn 0.4378 0.7569 0.4853
vn -0.2393 0.7839 0.5729
vn -0.6842 -0.5585 -0.4689
vn -0.7267 -0.5690 -0.3848
vn 0.5257 -0.6254 0.5767
vn -0.2588 0.2880 0.9220
vn -0.1754 -0.0342 0.9839
vn -0.2073 -0.0312 0.9778
vn -0.3388 -0.0409 0.9400
vn -0.3087 -0.1391 0.9409
vn -0.4264 -0.1975 0.8827
vn -0.3050 -0.1880 0.9336
vn -0.2410 0.3371 0.9101
vn -0.4875 0.2796 0.8272
vn -0.3644 0.1172 0.9238
vn -0.3681 -0.0670 0.9274
vn -0.1669 -0.1785 0.9697
vn 0.4470 -0.7133 0.5398
vn 0.7776 -0.5962 0.1999
vn -0.1305 -0.1929 0.9725
vn 0.5170 -0.7974 0.3113
vn -0.2409 0.3493 0.9055
vn -0.2473 -0.0543 0.9674
vn -0.1021 -0.2441 0.9643
vn -0.0655 0.1224 0.9903
vn 0.9819 -0.0489 0.1832
vn 0.5129 -0.8580 -0.0273
vn 0.3172 -0.9478 -0.0314
vn -0.1660 0.7600 0.6283
vn 0.1677 0.9837 -0.0653
vn 0.1225 0.7457 -0.6549
vn -0.2414 0.8501 0.4681
vn 0.0372 0.7947 -0.6058
vn -0.0162 0.8862 -0.4630
vn -0.1814 -0.0354 0.9828
vn 0.5042 -0.3589 -0.7855
vn 0.2876 0.0169 -0.9576
vn -0.1954 0.2365 0.9518
vn -0.6622 -0.5359 0.5238
vn 0.2363 0.1633 -0.9578
vn 0.4176 0.4586 -0.7844
vn 0.9891 0.1304 -0.0683
vn 0.3091 0.9488 0.0655
vn 0.7787 0.6255 0.0494
vn 0.2802 0.0794 -0.9566
vn 0.9701 0.2087 -0.1237
vn 0.2633 0.0211 -0.9645
vn -0.2008 -0.1151 0.9728
vn -0.1383 0.2492 -0.9585
vn 0.3384 -0.3251 -0.8830
vn -0.2358 -0.5124 -0.8257
vn -0.1274 -0.4901 -0.8623
vn 0.0212 -0.5256 -0.8504
vn -0.4206 -0.0945 -0.9023
vn -0.4445 0.3347 -0.8309
vn -0.1829 -0.0366 -0.9825
vn -0.2467 0.3068 -0.9192
vn -0.2612 0.2858 -0.9220
vn -0.0867 0.7019 -0.7069
vn -0.1915 0.1818 -0.9645
vn -0.2337 0.2995 -0.9250
vn 0.6496 0.7531 -0.1045
vn -0.0710 0.1011 -0.9923
vn 0.2823 0.9583 -0.0435
vn -0.2427 -0.0657 -0.9679
vn -0.1347 -0.2157 -0.9671
vn -0.2383 -0.0447 -0.9702
vn -0.2070 -0.0326 -0.9778
vn -0.3975 -0.0472 -0.9164
vn -0.4162 -0.1015 -0.9036
vn -0.3054 -0.1864 -0.9338
vn -0.3242 -0.4980 -0.8043
vn 0.3149 -0.9489 0.0202
vn -0.2879 -0.9570 -0.0360
vn 0.5375 -0.8368 -0.1040
vn 0.4765 -0.8701 -0.1262
vn -0.1514 -0.1940 -0.9692
vn -0.2448 -0.1592 -0.9564
vn -0.6605 0.5402 0.5214
vn -0.2199 0.8309 0.5111
vn -0.4569 0.7739 -0.4385
vn -0.1442 0.8769 -0.4585
vn 0.1144 0.7859 0.6077
vn 0.5728 -0.4789 0.6652
vn 0.3975 -0.6743 -0.6224
vn -0.6874 -0.0496 0.7246
vn -0.9097 0.1076 -0.4010
vn -0.8641 -0.1780 -0.4707
vn -0.4813 -0.5012 -0.7191
vn -0.6778 -0.4439 -0.5862
vn -0.1793 -0.0401 -0.9830
vn -0.4754 -0.1523 -0.8665
vn -0.1209 -0.4925 0.8619
vn 0.2340 -0.0374 0.9715
vn -0.3862 -0.5024 0.7736
vn 0.2651 -0.2701 0.9256
vn -0.6352 -0.2228 0.7396
vn 0.2407 0.1480 0.9593
vn 0.0450 0.8111 0.5832
vn -0.0109 0.8862 0.4632
vn 0.2757 0.0819 0.9578
vn 0.1163 0.1196 0.9860
vn 0.2623 0.0207 0.9648
vn 0.1274 -0.0070 0.9918
vn 0.9845 -0.0628 -0.1640
vn 0.1442 0.8968 0.4182
vn 0.1966 0.1912 0.9617
vn 0.1489 0.0321 0.9883
vn 0.8329 -0.5320 -0.1522
vn 0.2347 -0.1356 0.9626
vn 0.0230 -0.5317 0.8466
vn 0.2496 0.0964 0.9635
vn -0.5248 0.3442 0.7785
vn 0.0207 -0.8896 -0.4562
vn 0.0101 -0.7488 -0.6627
vn 0.0675 0.4409 0.8950
vn 0.0203 0.4288 0.9032
vn -0.0168 -0.0072 -0.9998
vn 0.0281 -0.0011 -0.9996
vn 0.0191 -0.9998 -0.0041
vn 0.0213 -0.8902 0.4551
vn -0.6264 -0.4920 0.6046
vn -0.9572 0.1321 0.2575
vn -0.2096 -0.8303 0.5163
vn 0.0160 -0.8674 0.4974
vn -0.0964 -0.8406 0.5330
vn -0.0658 -0.9978 -0.0000
vn 0.0441 -0.9990 0.0003
vn -0.0263 -0.7335 0.6791
vn -0.1962 0.1810 0.9637
vn -0.1856 0.0746 0.9798
vn -0.3938 -0.0973 0.9140
vn -0.6466 -0.7123 0.2728
vn -0.3038 -0.0090 0.9527
vn -0.3675 -0.1885 0.9107
vn -0.3535 -0.2173 0.9099
vn -0.2623 0.1216 0.9573
vn -0.2141 -0.9062 0.3646
vn -0.2249 -0.8226 0.5222
vn -0.2409 -0.8481 0.4719
vn -0.1898 -0.9261 0.3261
vn 0.0101 -0.7510 0.6602
vn 0.0451 -0.7780 0.6267
vn -0.1847 -0.6233 0.7599
vn -0.6333 -0.7317 0.2523
vn -0.6678 -0.7310 0.1403
vn -0.6196 -0.5576 0.5525
vn -0.4971 0.8677 -0.0001
vn -0.0446 0.8648 0.5001
vn -0.1270 0.9465 0.2967
vn -0.0887 0.8509 0.5178
vn -0.4286 0.8740 0.2289
vn -0.3895 0.8090 0.4404
vn -0.1432 0.8206 0.5533
vn 0.1248 0.1084 0.9862
vn 0.1302 0.0541 0.9900
vn 0.0163 0.2087 0.9778
vn 0.0729 -0.0941 0.9929
vn -0.0694 -0.2219 0.9726
vn -0.2662 -0.2764 0.9234
vn -0.2979 0.0042 0.9546
vn -0.4131 -0.2615 0.8723
vn -0.3245 -0.0087 0.9459
vn -0.5003 -0.1803 0.8469
vn -0.5623 -0.0342 0.8262
vn -0.5917 0.1177 0.7975
vn -0.5709 0.1964 0.7972
vn -0.4064 0.4458 0.7976
vn -0.0539 0.2573 0.9648
vn -0.3208 0.6781 0.6612
vn -0.0148 0.5329 0.8461
vn -0.0087 0.6641 0.7476
vn -0.0993 0.9951 0.0006
vn -0.1337 0.9910 0.0001
vn -0.2572 0.9434 0.2092
vn -0.4409 0.8975 -0.0046
vn -0.6199 0.7847 -0.0000
vn -0.5561 0.7212 0.4130
vn -0.7913 0.6115 -0.0011
vn -0.7026 0.5515 0.4496
vn -0.4491 0.8935 0.0026
vn -0.3247 0.8515 0.4117
vn -0.2595 0.0908 0.9615
vn -0.0237 0.4442 0.8956
vn -0.1266 0.5677 0.8135
vn -0.1566 0.4673 0.8701
vn -0.4278 -0.0765 0.9006
vn -0.8016 0.3488 0.4856
vn -0.9113 0.4117 -0.0003
vn -0.9992 -0.0406 -0.0026
vn -0.3661 0.1115 0.9239
vn -0.0754 0.4894 0.8688
vn -0.1922 0.2100 0.9586
vn -0.1678 0.1454 0.9750
vn -0.1379 0.6251 0.7683
vn -0.0742 0.5626 0.8234
vn -0.0282 0.5846 0.8108
vn -0.0350 0.7421 0.6694
vn -0.0835 0.7156 0.6935
vn -0.1762 -0.9840 0.0265
vn -0.1523 0.8091 0.5677
vn -0.7079 -0.7063 -0.0011
vn -0.5157 -0.8290 0.2164
vn -0.5616 -0.8179 -0.1250
vn -0.6510 -0.7234 -0.2301
vn -0.5772 -0.8083 -0.1163
vn -0.5211 -0.8535 -0.0007
vn -0.9805 -0.1766 -0.0861
vn -0.2645 -0.9644 -0.0000
vn -0.4435 -0.4973 0.7457
vn -0.3127 -0.5822 0.7505
vn -0.2046 -0.3325 0.9206
vn -0.0475 0.3347 0.9411
vn -0.4676 -0.6872 0.5561
vn 0.0754 0.2775 0.9578
vn -0.0286 0.2236 0.9743
vn -0.0107 0.1172 0.9930
vn -0.2973 -0.3507 0.8880
vn -0.2429 -0.3342 0.9107
vn -0.0669 -0.2975 0.9524
vn -0.0439 -0.1537 0.9871
vn -0.0112 -0.0288 0.9995
vn 0.0325 0.0854 0.9958
vn -0.0115 -0.4682 0.8836
vn -0.0989 -0.3499 0.9316
vn -0.1942 -0.4738 0.8590
vn -0.1578 -0.0129 0.9874
vn -0.1006 0.6023 0.7919
vn -0.1483 0.5245 0.8384
vn -0.0672 -0.4019 0.9132
vn -0.0163 -0.3995 0.9166
vn -0.0290 -0.1752 0.9841
vn -0.0940 0.2384 0.9666
vn 0.0620 0.2883 0.9555
vn -0.0668 0.2363 0.9694
vn -0.0272 -0.5794 0.8146
vn 0.0113 -0.5786 0.8156
vn -0.1106 -0.1731 0.9787
vn -0.1097 -0.0022 0.9940
vn -0.0918 0.1437 0.9854
vn 0.1013 0.9481 0.3015
vn 0.0804 0.6193 0.7811
vn 0.0198 0.6001 0.7997
vn 0.1603 0.8363 0.5243
vn 0.2190 0.9757 -0.0000
vn -0.1741 -0.1167 0.9778
vn -0.1876 0.0598 0.9804
vn -0.1827 0.1492 0.9718
vn -0.1497 -0.2731 0.9503
vn -0.1701 -0.3910 0.9045
vn -0.0160 -0.0074 0.9998
vn -0.0779 -0.0055 0.9969
vn -0.0841 0.1157 0.9897
vn 0.0967 0.2927 0.9513
vn 0.1097 0.4462 0.8882
vn 0.0554 0.0040 0.9985
vn 0.0828 0.0110 0.9965
vn 0.0875 0.1501 0.9848
vn 0.0728 -0.6105 0.7887
vn 0.0759 -0.4173 0.9056
vn 0.0424 -0.5941 0.8033
vn 0.3140 -0.8486 0.4258
vn 0.3222 -0.9467 0.0006
vn 0.0779 -0.8293 0.5533
vn 0.2612 0.9653 -0.0000
vn 0.2112 0.9774 -0.0000
vn 0.1939 0.8538 0.4831
vn 0.2428 0.8608 0.4472
vn 0.0537 -0.1240 0.9908
vn 0.0803 -0.1208 0.9894
vn 0.1115 -0.2642 0.9580
vn 0.1109 -0.1178 0.9868
vn 0.0779 -0.2581 0.9630
vn 0.2375 -0.8482 0.4734
vn 0.1812 -0.8573 0.4818
vn 0.1988 -0.9800 -0.0000
vn 0.2577 -0.9662 -0.0000
vn 0.1215 -0.8527 0.5081
vn 0.1129 -0.6240 0.7732
vn 0.1759 0.6554 0.7345
vn 0.1262 0.6323 0.7644
vn 0.1562 0.4697 0.8689
vn 0.1350 0.3132 0.9400
vn 0.1065 -0.4268 0.8981
vn 0.1290 -0.9916 -0.0000
vn 0.1499 0.9887 -0.0000
vn 0.1422 -0.4298 0.8917
vn 0.1580 -0.6308 0.7597
vn 0.2145 0.6768 0.7042
vn 0.1833 0.4950 0.8493
vn 0.2083 -0.6364 0.7427
vn 0.1813 -0.4407 0.8792
vn 0.2592 0.6906 0.6752
vn 0.2175 0.5097 0.8324
vn 0.1541 0.0197 0.9879
vn 0.1552 -0.1221 0.9803
vn 0.1638 -0.2711 0.9485
vn 0.1531 0.1734 0.9729
vn 0.1444 0.0053 0.9895
vn 0.1497 -0.1517 0.9770
vn 0.2013 -0.2940 0.9344
vn 0.2948 0.8588 0.4190
vn 0.2330 -0.4767 0.8476
vn 0.2743 -0.6655 0.6941
vn 0.3180 0.7269 0.6087
vn 0.2270 -0.5106 0.8293
vn 0.3102 0.7834 0.5386
vn 0.1774 -0.3191 0.9310
vn 0.0944 -0.1411 0.9855
vn 0.0760 -0.2956 0.9523
vn 0.1061 -0.5458 0.8312
vn 0.1720 0.8536 0.4917
vn 0.1276 0.6162 0.7772
vn 0.0965 0.3520 0.9310
vn -0.0759 -0.8370 0.5419
vn -0.0352 0.6032 0.7968
vn 0.2251 0.9743 -0.0000
vn -0.0425 -0.5254 0.8498
vn -0.0710 0.8840 0.4621
vn 0.1830 -0.0133 0.9830
vn 0.1179 -0.1046 0.9875
vn 0.0583 0.0934 0.9939
vn -0.9537 -0.2862 0.0927
vn 0.1708 -0.0519 -0.9839
vn 0.3175 0.9483 -0.0000
vn -0.0770 0.9970 0.0020
vn -0.1169 0.5509 0.8263
vn -0.4517 0.8892 -0.0724
vn -0.2040 0.5572 0.8049
vn -0.4171 0.9087 -0.0190
vn -0.1048 0.5860 0.8035
vn -0.3280 0.9447 -0.0000
vn 0.2807 0.3051 -0.9100
vn -0.4152 -0.0947 0.9048
vn 0.1143 -0.1509 0.9819
vn -0.3869 -0.9221 -0.0000
vn -0.3827 -0.9239 -0.0000
vn -0.1553 -0.4745 0.8664
vn -0.3621 -0.9321 -0.0000
vn -0.3241 -0.9460 -0.0000
vn 0.2667 -0.0293 -0.9633
vn -0.9151 0.2878 0.2824
vn 0.0991 -0.9883 0.1157
vn 0.2080 0.0052 0.9781
vn 0.1470 0.0064 0.9891
vn 0.0412 -0.0064 0.9991
vn 0.1185 0.0221 0.9927
vn -0.4185 -0.9005 0.1182
vn -0.9890 -0.1117 0.0970
vn 0.5031 0.8512 -0.1496
vn 0.3104 0.9498 -0.0401
vn -0.2269 -0.5682 0.7910
vn 0.3697 0.9287 0.0304
vn 0.5857 0.8105 0.0010
vn 0.2616 0.9652 -0.0029
vn 0.5703 0.8214 -0.0007
vn -0.5113 -0.8594 0.0028
vn -0.0357 -0.7554 -0.6543
vn -0.2347 0.5195 0.8216
vn -0.3749 0.3907 0.8407
vn -0.2937 -0.9141 -0.2794
vn 0.7754 0.6315 -0.0000
vn 0.9773 -0.2116 0.0114
vn 0.9680 0.2510 0.0027
vn 0.8991 -0.4371 0.0236
vn 0.8056 -0.5923 0.0170
vn 0.8543 0.5198 -0.0000
vn 0.9995 0.0113 -0.0306
vn -0.7843 0.5792 0.2223
vn -0.4029 -0.3083 -0.8617
vn -0.5188 -0.2663 -0.8124
vn -0.6152 -0.4869 -0.6200
vn -0.7437 -0.3723 -0.5553
vn -0.5393 -0.3476 -0.7670
vn -0.8609 -0.0613 -0.5051
vn -0.8025 0.4127 -0.4309
vn -0.0964 -0.8406 -0.5330
vn 0.0159 -0.8675 -0.4972
vn -0.0264 -0.7332 -0.6795
vn -0.2745 -0.7482 -0.6041
vn -0.2118 -0.9077 -0.3622
vn -0.2249 -0.8226 -0.5222
vn -0.1998 -0.8303 -0.5203
vn -0.3922 -0.5796 -0.7143
vn 0.0442 -0.7794 -0.6250
vn -0.5856 -0.5787 -0.5675
vn -0.4923 -0.7649 -0.4154
vn -0.5465 -0.5048 -0.6682
vn -0.6318 -0.6498 -0.4227
vn -0.4516 0.8566 -0.2497
vn -0.4115 0.8729 -0.2623
vn -0.4185 0.8819 -0.2169
vn -0.0446 0.8650 -0.4999
vn 0.1428 0.0372 -0.9891
vn 0.0891 -0.1309 -0.9874
vn -0.1951 0.0065 -0.9808
vn -0.0491 -0.2570 -0.9652
vn -0.2526 -0.2766 -0.9272
vn -0.3049 0.0007 -0.9524
vn -0.4035 -0.2239 -0.8872
vn -0.5818 -0.0318 -0.8127
vn -0.4946 -0.1623 -0.8538
vn -0.4443 0.2730 -0.8533
vn -0.0458 0.2776 -0.9596
vn -0.1889 0.9409 -0.2812
vn -0.1001 0.8840 -0.4567
vn -0.5560 0.7212 -0.4133
vn -0.7001 0.5533 -0.4513
vn -0.0953 0.5383 -0.8373
vn -0.1534 0.4608 -0.8741
vn -0.1372 0.5780 -0.8044
vn -0.7995 0.3501 -0.4881
vn -0.0350 0.7421 -0.6694
vn -0.0282 0.5846 -0.8108
vn -0.0727 0.5640 -0.8226
vn -0.0823 0.7170 -0.6921
vn -0.1301 0.6750 -0.7263
vn -0.1202 0.5323 -0.8380
vn -0.0780 0.4251 -0.9018
vn -0.5492 -0.7679 -0.3295
vn -0.5287 -0.5301 -0.6629
vn -0.5010 -0.4196 -0.7569
vn -0.3296 -0.5831 -0.7426
vn -0.0734 -0.3916 -0.9172
vn -0.0600 -0.2759 -0.9593
vn -0.0360 -0.1390 -0.9896
vn 0.0119 0.2537 -0.9672
vn -0.1230 0.2746 -0.9537
vn -0.1024 -0.2984 -0.9489
vn -0.5517 -0.6530 -0.5190
vn -0.3722 -0.7385 -0.5622
vn -0.1270 -0.4400 -0.8889
vn -0.2914 -0.3381 -0.8949
vn -0.0424 -0.1527 -0.9874
vn -0.1471 -0.0210 -0.9889
vn -0.0093 -0.0306 -0.9995
vn -0.1382 0.0604 -0.9886
vn 0.0329 0.0850 -0.9958
vn 0.0744 0.2200 -0.9727
vn 0.0998 0.3196 -0.9423
vn -0.1566 0.1006 -0.9825
vn -0.0396 0.4210 -0.9062
vn -0.0170 -0.3988 -0.9169
vn -0.0672 -0.4017 -0.9133
vn -0.0567 -0.2560 -0.9650
vn -0.0910 0.2359 -0.9675
vn -0.1080 0.3767 -0.9200
vn -0.0729 0.3366 -0.9388
vn -0.0678 0.2360 -0.9694
vn 0.0115 -0.5786 -0.8155
vn -0.0279 -0.5789 -0.8149
vn 0.0175 -0.4021 -0.9154
vn -0.1075 -0.1799 -0.9778
vn -0.0992 -0.0082 -0.9950
vn -0.0801 0.1376 -0.9872
vn 0.1005 0.9499 -0.2960
vn 0.0802 0.6192 -0.7812
vn 0.0677 0.4407 -0.8951
vn 0.0202 0.4290 -0.9031
vn 0.0198 0.6001 -0.7997
vn 0.1603 0.8363 -0.5244
vn 0.1783 0.8550 -0.4870
vn 0.3559 0.8891 -0.2878
vn -0.1842 -0.6355 -0.7498
vn -0.1720 -0.1172 -0.9781
vn -0.1823 0.0605 -0.9814
vn -0.1744 0.1507 -0.9731
vn -0.0342 -0.1192 -0.9923
vn -0.0362 0.0691 -0.9970
vn -0.1081 0.1438 -0.9837
vn -0.1705 -0.3908 -0.9046
vn -0.1481 -0.2741 -0.9502
vn -0.0644 -0.1268 -0.9898
vn 0.0300 0.1346 -0.9904
vn 0.1096 0.4461 -0.8882
vn 0.0968 0.2927 -0.9513
vn 0.0612 0.2870 -0.9560
vn 0.0556 0.0040 -0.9984
vn 0.0580 0.1419 -0.9882
vn 0.0874 0.1501 -0.9848
vn 0.0825 0.0111 -0.9965
vn 0.0475 -0.4088 -0.9114
vn 0.0759 -0.4170 -0.9057
vn 0.0728 -0.6105 -0.7887
vn 0.0423 -0.5943 -0.8032
vn 0.3142 -0.8487 -0.4253
vn 0.0779 -0.8293 -0.5534
vn 0.2428 0.8608 -0.4472
vn 0.1939 0.8538 -0.4831
vn 0.0805 -0.1208 -0.9894
vn 0.0783 -0.2579 -0.9630
vn 0.1112 -0.1170 -0.9869
vn 0.1812 -0.8573 -0.4818
vn 0.2375 -0.8482 -0.4734
vn 0.1215 -0.8527 -0.5081
vn 0.1129 -0.6240 -0.7732
vn 0.1262 0.6322 -0.7644
vn 0.1759 0.6554 -0.7345
vn 0.1562 0.4697 -0.8689
vn 0.1350 0.3132 -0.9400
vn 0.1580 -0.6308 -0.7597
vn 0.2145 0.6768 -0.7042
vn 0.1833 0.4950 -0.8493
vn 0.2083 -0.6364 -0.7427
vn 0.1814 -0.4408 -0.8791
vn 0.2592 0.6906 -0.6752
vn 0.2175 0.5097 -0.8324
vn 0.1537 0.0209 -0.9879
vn 0.1538 -0.1227 -0.9805
vn 0.1630 -0.2732 -0.9480
vn 0.1537 0.1730 -0.9729
vn 0.2022 -0.3020 -0.9316
vn 0.2948 0.8588 -0.4190
vn 0.2330 -0.4767 -0.8476
vn 0.2736 -0.6641 -0.6957
vn 0.3180 0.7269 -0.6087
vn 0.2915 -0.6894 -0.6632
vn 0.2270 -0.5106 -0.8293
vn 0.3102 0.7834 -0.5386
vn 0.1764 -0.3168 -0.9319
vn 0.0786 -0.2927 -0.9530
vn 0.1087 -0.5411 -0.8339
vn 0.1847 -0.8206 -0.5409
vn 0.1720 0.8536 -0.4917
vn 0.1276 0.6162 -0.7772
vn 0.0973 0.3509 -0.9314
vn 0.1045 0.1483 -0.9834
vn -0.0778 -0.8388 -0.5388
vn -0.0360 0.6059 -0.7947
vn -0.0386 -0.5081 -0.8605
vn -0.0706 0.8853 -0.4596
vn 0.0782 -0.0308 -0.9965
vn 0.0958 -0.0128 -0.9953
vn 0.0349 -0.0187 -0.9992
vn -0.0614 0.1629 -0.9847
vn -0.0397 0.2365 -0.9708
vn -0.2421 0.5229 -0.8173
vn -0.1976 0.5729 -0.7954
vn 0.1208 -0.1450 -0.9820
vn -0.1553 -0.4745 -0.8664
vn 0.2694 -0.0305 -0.9625
vn 0.1483 -0.0168 -0.9888
vn 0.0743 -0.0021 -0.9972
vn 0.0852 -0.0097 -0.9963
vn 0.0407 -0.0075 -0.9991
vn 0.0563 -0.0119 -0.9983
vn -0.4215 -0.8850 -0.1977
vn -0.8695 -0.4832 -0.1026
vn 0.5007 0.8541 0.1408
vn -0.2281 -0.5705 -0.7890
vn -0.4633 -0.8512 0.2465
vn -0.3351 -0.9076 0.2531
vn -0.3749 0.3907 -0.8407
vn -0.2347 0.5195 -0.8216
vn -0.0356 -0.7554 0.6543
vn -0.3172 -0.8921 0.3217
vn 0.2685 -0.0299 -0.9628
vn 0.7968 0.5617 -0.2229
vn 0.2805 0.3270 -0.9024
vn -0.1220 0.9532 -0.2767
vn -0.0506 0.3048 -0.9511
vn 0.1679 -0.0306 -0.9853
vn 0.0471 -0.0394 -0.9981
vn 0.7740 -0.5916 -0.2257
vn 0.2986 0.8954 0.3302
vn -0.0608 0.9692 0.2386
vn -0.1220 0.8695 0.4787
vn 0.2005 0.8033 0.5609
vn -0.1788 0.2642 0.9478
vn -0.0199 0.1503 0.9884
vn 0.1636 0.3891 0.9065
vn 0.0013 0.5021 0.8648
vn 0.4738 0.6148 0.6305
vn 0.2861 0.2078 0.9354
vn 0.6564 0.3327 0.6771
vn 0.6034 0.6854 0.4077
vn 0.8069 0.3709 0.4596
vn 0.0171 -0.0013 0.9999
vn 0.3186 -0.0001 0.9479
vn -0.0244 -0.1463 0.9889
vn 0.8784 -0.0000 0.4778
vn 0.7205 -0.0000 0.6935
vn 0.2860 -0.2077 0.9355
vn 0.6564 -0.3327 0.6771
vn 0.8070 -0.3709 0.4596
vn 0.1638 -0.3893 0.9065
vn 0.6032 -0.6853 0.4080
vn 0.4738 -0.6148 0.6305
vn -0.1769 -0.2644 0.9480
vn 0.0013 -0.5022 0.8647
vn 0.2986 -0.8954 0.3302
vn 0.2005 -0.8033 0.5609
vn -0.2093 -0.5490 0.8092
vn -0.1220 -0.8695 0.4787
vn -0.0608 -0.9692 0.2386
vn -0.3391 -0.2451 0.9082
vn -0.4086 -0.5006 0.7632
vn -0.4202 -0.8955 0.1469
vn -0.4444 -0.8033 0.3965
vn -0.7001 -0.2078 0.6831
vn -0.5804 -0.3903 0.7147
vn -0.7249 -0.6854 0.0694
vn -0.7177 -0.6148 0.3269
vn -0.5026 0.0006 0.8645
vn -0.7341 0.0008 0.6790
vn -0.9645 -0.0000 0.2641
vn -0.6987 0.2077 0.6845
vn -0.9004 0.3327 0.2804
vn -0.9004 -0.3327 0.2804
vn -0.9285 -0.3709 0.0177
vn -1.0000 -0.0000 -0.0005
vn -0.4508 0.1512 0.8797
vn -0.5806 0.3897 0.7148
vn -0.7177 0.6148 0.3269
vn -0.9285 0.3709 0.0177
vn -0.4084 0.5010 0.7630
vn -0.4444 0.8033 0.3965
vn -0.7249 0.6854 0.0694
vn -0.3356 0.2451 0.9096
vn -0.4203 0.8954 0.1473
vn -0.2093 0.5490 0.8092
vn 0.2986 0.8954 -0.3302
vn 0.2005 0.8033 -0.5609
vn -0.1220 0.8695 -0.4787
vn -0.0608 0.9692 -0.2386
vn 0.0013 0.5021 -0.8648
vn 0.4738 0.6148 -0.6305
vn 0.6564 0.3327 -0.6771
vn 0.6034 0.6854 -0.4077
vn 0.8070 0.3709 -0.4596
vn 0.3186 -0.0001 -0.9479
vn -0.0244 -0.1464 -0.9889
vn 0.8784 -0.0000 -0.4778
vn 0.7205 -0.0000 -0.6935
vn 0.2860 -0.2076 -0.9355
vn 0.6564 -0.3327 -0.6771
vn 0.8068 -0.3709 -0.4600
vn 0.1638 -0.3893 -0.9065
vn 0.6032 -0.6853 -0.4080
vn 0.4738 -0.6148 -0.6305
vn 0.2986 -0.8954 -0.3302
vn 0.2005 -0.8033 -0.5609
vn -0.1220 -0.8695 -0.4787
vn -0.0608 -0.9692 -0.2386
vn -0.4086 -0.5006 -0.7632
vn -0.4202 -0.8955 -0.1469
vn -0.4444 -0.8033 -0.3965
vn -0.7249 -0.6854 -0.0694
vn -0.7177 -0.6148 -0.3269
vn -0.7341 0.0008 -0.6790
vn -0.5026 0.0006 -0.8645
vn -0.9645 -0.0000 -0.2641
vn -0.9004 0.3327 -0.2804
vn -0.6987 0.2077 -0.6845
vn -0.9004 -0.3327 -0.2804
vn -0.9285 -0.3709 -0.0177
vn -1.0000 -0.0000 0.0005
vn -0.4508 0.1512 -0.8797
vn -0.7177 0.6148 -0.3269
vn -0.5806 0.3897 -0.7148
vn -0.9285 0.3709 -0.0177
vn -0.4444 0.8033 -0.3965
vn -0.4084 0.5010 -0.7630
vn -0.7250 0.6852 -0.0697
vn -0.3356 0.2451 -0.9096
vn -0.4202 0.8955 -0.1469
vn -0.2093 0.5490 -0.8092
vn -0.0392 0.9873 0.1540
vn -0.0888 0.9331 0.3485
vn 0.2573 0.8621 0.4366
vn 0.3268 0.9121 0.2475
vn 0.0831 0.6518 0.7538
vn 0.3095 0.4958 0.8115
vn 0.5506 0.6598 0.5114
vn -0.0183 0.3330 0.9427
vn -0.2236 0.3954 0.8909
vn 0.4476 0.2679 0.8532
vn 0.7466 0.3571 0.5613
vn 0.6373 0.6981 0.3264
vn 0.1340 0.1541 0.9789
vn 0.8446 0.3778 0.3792
vn 0.5099 0.0049 0.8602
vn 0.9175 -0.0000 0.3977
vn 0.8155 -0.0000 0.5788
vn 0.4484 -0.2775 0.8497
vn 0.7466 -0.3571 0.5613
vn 0.8447 -0.3778 0.3792
vn -0.0123 -0.3327 0.9430
vn 0.3081 -0.4902 0.8154
vn 0.6373 -0.6981 0.3264
vn 0.5506 -0.6598 0.5114
vn 0.0778 -0.6499 0.7560
vn 0.3269 -0.9121 0.2472
vn 0.2573 -0.8621 0.4366
vn -0.1678 -0.7014 0.6928
vn -0.0392 -0.9873 0.1543
vn -0.0888 -0.9331 0.3484
vn -0.4429 -0.6440 0.6238
vn -0.4054 -0.9121 0.0607
vn -0.4348 -0.8621 0.2603
vn -0.5470 -0.2178 0.8083
vn -0.8074 -0.2591 0.5300
vn -0.6496 -0.5029 0.5702
vn -0.7281 -0.6598 0.1857
vn -0.7158 -0.6981 -0.0183
vn -0.6020 0.0828 0.7942
vn -0.8548 -0.0077 0.5188
vn -0.8002 0.2765 0.5322
vn -0.9242 0.3571 0.1357
vn -0.9930 -0.0000 0.1182
vn -0.9242 -0.3571 0.1357
vn -0.9231 -0.3778 -0.0711
vn -0.9960 -0.0000 -0.0896
vn -0.6613 0.4903 0.5677
vn -0.7281 0.6598 0.1857
vn -0.9231 0.3778 -0.0711
vn -0.4400 0.3363 0.8327
vn -0.4331 0.6537 0.6205
vn -0.4348 0.8620 0.2604
vn -0.7158 0.6981 -0.0183
vn -0.4054 0.9121 0.0608
vn -0.1756 0.6980 0.6942
vn 0.2573 0.8621 -0.4366
vn -0.0888 0.9331 -0.3485
vn -0.0392 0.9873 -0.1540
vn 0.3270 0.9121 -0.2472
vn 0.5506 0.6598 -0.5114
vn -0.2250 0.3974 -0.8896
vn 0.7466 0.3571 -0.5613
vn 0.4476 0.2679 -0.8532
vn 0.6373 0.6981 -0.3264
vn 0.8446 0.3778 -0.3792
vn 0.5099 0.0049 -0.8602
vn 0.9175 -0.0000 -0.3977
vn 0.8155 -0.0000 -0.5788
vn 0.4484 -0.2775 -0.8496
vn 0.7466 -0.3571 -0.5613
vn 0.8447 -0.3778 -0.3792
vn 0.3081 -0.4902 -0.8154
vn 0.6373 -0.6981 -0.3264
vn 0.5506 -0.6598 -0.5114
vn 0.0778 -0.6499 -0.7560
vn 0.3269 -0.9121 -0.2472
vn 0.2573 -0.8621 -0.4366
vn -0.0392 -0.9873 -0.1539
vn -0.0888 -0.9331 -0.3484
vn -0.4054 -0.9121 -0.0607
vn -0.4348 -0.8621 -0.2603
vn -0.6539 -0.4946 -0.5725
vn -0.8054 -0.2738 -0.5256
vn -0.7281 -0.6598 -0.1856
vn -0.7158 -0.6981 0.0183
vn -0.8580 0.0038 -0.5136
vn -0.9242 0.3571 -0.1357
vn -0.8008 0.2666 -0.5363
vn -0.9930 -0.0000 -0.1182
vn -0.9242 -0.3571 -0.1357
vn -0.9231 -0.3778 0.0711
vn -0.9960 -0.0000 0.0896
vn -0.7281 0.6598 -0.1857
vn -0.6606 0.4956 -0.5640
vn -0.9231 0.3778 0.0711
vn -0.4363 0.3403 -0.8330
vn -0.4348 0.8620 -0.2604
vn -0.4331 0.6537 -0.6205
vn -0.7158 0.6981 0.0183
vn -0.4054 0.9121 -0.0608
vn -0.1756 0.6980 -0.6942
vn -0.9461 0.3237 -0.0063
vn -0.0724 0.3445 0.9360
vn 0.3376 0.7052 0.6235
vn -0.0378 0.2331 0.9717
vn -0.5192 0.7185 -0.4628
vn -0.3298 0.2873 0.8993
vn -0.3751 0.2868 0.8815
vn -0.0422 0.0408 0.9983
vn -0.3026 0.3448 0.8886
vn -0.6417 0.6682 0.3764
vn -0.5476 0.6956 0.4651
vn -0.1820 0.3077 0.9339
vn 0.0114 0.1176 0.9930
vn 0.0422 0.1770 0.9833
vn 0.1406 0.2992 0.9438
vn 0.4337 0.7162 0.5468
vn 0.1538 0.3520 0.9233
vn 0.2045 0.2954 0.9332
vn 0.0224 -0.7352 0.6775
vn -0.8354 -0.5497 0.0058
vn -0.5359 -0.3052 0.7872
vn -0.8564 -0.5162 0.0038
vn -0.8231 -0.5664 -0.0409
vn -0.2192 -0.1661 0.9614
vn 0.7715 -0.0591 0.6335
vn 0.0890 -0.0151 0.9959
vn 0.7356 -0.0493 0.6756
vn 0.0736 -0.0246 0.9970
vn 0.7574 -0.3029 0.5785
vn 0.0404 -0.0149 0.9991
vn 0.1014 -0.0284 0.9944
vn 0.1108 -0.0070 0.9938
vn -0.3092 -0.2897 0.9058
vn -0.7261 -0.6051 0.3266
vn -0.4413 -0.7968 0.4128
vn -0.1245 -0.3390 0.9325
vn -0.6265 -0.6743 0.3910
vn 0.6290 -0.3829 0.6765
vn 0.4459 -0.6431 0.6226
vn 0.0062 -0.0733 0.9973
vn 0.0630 -0.0194 0.9978
vn 0.1620 0.1480 0.9756
vn 0.0301 -0.0055 0.9995
vn -0.0078 -0.0594 0.9982
vn 0.5427 0.5475 0.6369
vn -0.6422 0.7064 -0.2977
vn 0.0922 0.2013 -0.9752
vn 0.3639 0.6862 -0.6298
vn 0.6827 0.2167 -0.6978
vn 0.1850 0.7136 -0.6757
vn -0.1514 0.8843 -0.4417
vn 0.2409 0.3028 -0.9221
vn 0.3443 0.8942 -0.2861
vn -0.0591 0.0430 -0.9973
vn -0.6536 0.6688 -0.3541
vn -0.5490 0.6985 -0.4590
vn -0.0060 0.0702 -0.9975
vn 0.0198 0.0367 -0.9991
vn 0.0560 0.0027 -0.9984
vn 0.0820 -0.0083 -0.9966
vn 0.6749 0.3213 -0.6643
vn -0.0097 0.0468 -0.9989
vn 0.0469 0.1268 -0.9908
vn 0.0398 0.1767 -0.9835
vn 0.0099 0.1155 -0.9933
vn 0.0071 0.0922 -0.9957
vn 0.1393 0.2992 -0.9440
vn 0.5393 0.5961 -0.5948
vn 0.4391 0.7232 -0.5331
vn 0.0138 0.1289 -0.9916
vn 0.0217 -0.7307 -0.6823
vn 0.1920 0.4339 -0.8803
vn -0.4388 -0.3190 -0.8400
vn -0.5307 -0.3026 -0.7917
vn -0.2964 -0.2577 -0.9196
vn 0.7354 -0.0585 -0.6751
vn 0.7315 -0.0521 -0.6799
vn 0.7091 -0.1778 -0.6823
vn 0.1069 -0.0190 -0.9941
vn 0.0714 0.0215 -0.9972
vn -0.6861 -0.5845 -0.4331
vn -0.6544 -0.6847 -0.3207
vn -0.4399 -0.8187 -0.3691
vn 0.6539 -0.3399 -0.6759
vn 0.1353 0.0073 -0.9908
vn 0.0197 -0.0290 -0.9994
vn 0.0029 -0.0657 -0.9978
vn 0.0867 -0.1183 -0.9892
vn 0.4477 -0.6439 -0.6205
vn 0.0295 -0.0091 -0.9995
vn 0.1718 0.1546 -0.9729
vn 0.5426 0.5496 -0.6352
vn -0.4403 0.7615 0.4757
vn -0.7558 0.6303 -0.1775
vn -0.2012 0.8763 0.4378
vn -0.9317 -0.3201 0.1716
vn -0.8863 -0.4584 -0.0663
vn -0.6506 -0.7574 0.0560
vn -0.1366 0.8809 0.4532
vn -0.2598 0.2835 0.9231
vn -0.2295 0.2901 0.9291
vn -0.2439 -0.0037 0.9698
vn -0.5550 -0.8305 0.0466
vn -0.4721 -0.4879 0.7343
vn -0.2801 -0.9597 0.0242
vn -0.3256 -0.5001 0.8024
vn -0.5618 -0.4048 -0.7215
vn -0.2462 -0.1578 0.9563
vn -0.3015 0.7499 -0.5888
vn -0.1881 -0.2418 -0.9519
vn -0.2347 0.8482 -0.4748
vn -0.8468 -0.0076 -0.5319
vn -0.8545 -0.1426 -0.4995
vn -0.8852 0.0295 -0.4643
vn -0.2176 0.8484 -0.4826
vn -0.7075 -0.7067 0.0032
vn -0.9712 -0.1897 -0.1442
vn -0.2597 0.2791 -0.9245
vn -0.2428 -0.0025 -0.9701
vn -0.1421 -0.1705 -0.9751
vn -0.0890 -0.1258 -0.9881
vn -0.5614 -0.8272 -0.0222
vn -0.7768 -0.1196 0.6183
vn -0.7717 0.1171 0.6252
vn -0.5886 -0.0241 0.8080
vn 0.0185 0.7549 -0.6556
vn 0.0184 0.7548 0.6556
vt 0.888157 0.954762
vt 0.896499 0.945483
vt 0.915711 0.958819
vt 0.881347 0.947024
vt 0.913122 0.964569
vt 0.922022 0.975694
vt 0.896608 0.968133
vt 0.873844 0.958467
vt 0.930718 0.976835
vt 0.926223 0.972783
vt 0.932921 0.972860
vt 0.921370 0.953919
vt 0.927746 0.964649
vt 0.885529 0.939628
vt 0.900787 0.941663
vt 0.932300 0.961895
vt 0.943486 0.969550
vt 0.944619 0.972337
vt 0.939549 0.971003
vt 0.936872 0.974968
vt 0.938277 0.978841
vt 0.934774 0.979074
vt 0.940960 0.976038
vt 0.940481 0.980716
vt 0.937582 0.983159
vt 0.650034 0.889192
vt 0.656320 0.881704
vt 0.675809 0.892730
vt 0.944434 0.977807
vt 0.947146 0.974985
vt 0.948520 0.975681
vt 0.891477 0.917599
vt 0.904113 0.924846
vt 0.885881 0.922784
vt 0.885033 0.916173
vt 0.910637 0.929418
vt 0.888893 0.924878
vt 0.773618 0.914481
vt 0.770619 0.931998
vt 0.756845 0.917262
vt 0.880713 0.931408
vt 0.874642 0.932049
vt 0.875735 0.931268
vt 0.879566 0.927354
vt 0.934771 0.969128
vt 0.704988 0.886303
vt 0.702722 0.906179
vt 0.914630 0.980878
vt 0.921419 0.984609
vt 0.913574 0.984210
vt 0.906303 0.980063
vt 0.898223 0.984948
vt 0.881629 0.977936
vt 0.877345 0.971637
vt 0.865434 0.965648
vt 0.946408 0.834609
vt 0.942966 0.811062
vt 0.954978 0.832922
vt 0.930253 0.774794
vt 0.946669 0.808380
vt 0.907001 0.744330
vt 0.892103 0.730336
vt 0.889874 0.714829
vt 0.865564 0.690773
vt 0.863227 0.673766
vt 0.781177 0.954023
vt 0.767138 0.951784
vt 0.759854 0.944282
vt 0.880140 0.893187
vt 0.874672 0.892838
vt 0.872018 0.885887
vt 0.864967 0.888344
vt 0.865384 0.874007
vt 0.889911 0.845476
vt 0.889523 0.849631
vt 0.880049 0.851684
vt 0.867488 0.854810
vt 0.871086 0.859217
vt 0.954258 0.925857
vt 0.962690 0.901663
vt 0.958682 0.926680
vt 0.918571 0.794953
vt 0.919254 0.780543
vt 0.929977 0.811675
vt 0.913605 0.778194
vt 0.917395 0.768118
vt 0.905007 0.726110
vt 0.871550 0.673018
vt 0.931727 0.773373
vt 0.937426 0.843492
vt 0.940769 0.838907
vt 0.952502 0.858192
vt 0.959813 0.878281
vt 0.960478 0.878800
vt 0.952308 0.844053
vt 0.955379 0.936615
vt 0.957901 0.938148
vt 0.953973 0.938988
vt 0.956174 0.851377
vt 0.964316 0.856449
vt 0.893797 0.758022
vt 0.896721 0.751008
vt 0.908852 0.757615
vt 0.900907 0.750457
vt 0.936749 0.921782
vt 0.929745 0.887893
vt 0.933269 0.880586
vt 0.939886 0.918923
vt 0.943998 0.895850
vt 0.945068 0.923432
vt 0.935190 0.870780
vt 0.922615 0.863776
vt 0.921838 0.848918
vt 0.925931 0.842207
vt 0.928670 0.849409
vt 0.916566 0.840748
vt 0.921789 0.840962
vt 0.914647 0.819513
vt 0.892466 0.798413
vt 0.891536 0.789315
vt 0.911658 0.809997
vt 0.917654 0.745699
vt 0.902743 0.748706
vt 0.906957 0.753385
vt 0.916078 0.754920
vt 0.869082 0.739934
vt 0.870177 0.737679
vt 0.883949 0.744313
vt 0.899466 0.917195
vt 0.903845 0.919659
vt 0.888270 0.900087
vt 0.874139 0.901256
vt 0.916703 0.925821
vt 0.920774 0.926165
vt 0.922336 0.929519
vt 0.886512 0.913231
vt 0.878149 0.910306
vt 0.888555 0.906267
vt 0.929536 0.929901
vt 0.944927 0.926614
vt 0.945394 0.932355
vt 0.950894 0.934413
vt 0.956616 0.930725
vt 0.909911 0.887013
vt 0.914171 0.877430
vt 0.923873 0.887524
vt 0.920176 0.922392
vt 0.908841 0.851315
vt 0.899976 0.847622
vt 0.909615 0.843767
vt 0.899286 0.833984
vt 0.909076 0.827843
vt 0.891347 0.816068
vt 0.900534 0.818388
vt 0.907843 0.828494
vt 0.913424 0.843490
vt 0.882858 0.794059
vt 0.878059 0.841487
vt 0.893412 0.836604
vt 0.870212 0.800221
vt 0.859814 0.815317
vt 0.839258 0.809077
vt 0.882190 0.729388
vt 0.869292 0.731094
vt 0.868723 0.714672
vt 0.832237 0.672316
vt 0.786412 0.641630
vt 0.803341 0.628592
vt 0.861479 0.732553
vt 0.878995 0.738504
vt 0.884603 0.719264
vt 0.816845 0.866590
vt 0.794186 0.873156
vt 0.797027 0.863382
vt 0.755583 0.946010
vt 0.903925 0.987815
vt 0.712210 0.921219
vt 0.692300 0.910790
vt 0.711962 0.912376
vt 0.766315 0.890222
vt 0.782520 0.905419
vt 0.876196 0.925931
vt 0.812483 0.801310
vt 0.810150 0.773902
vt 0.826950 0.795008
vt 0.835388 0.789218
vt 0.825156 0.771229
vt 0.832561 0.765362
vt 0.837820 0.795367
vt 0.828152 0.799962
vt 0.862242 0.792780
vt 0.898058 0.786415
vt 0.878363 0.789374
vt 0.882596 0.794647
vt 0.869634 0.788021
vt 0.852464 0.948537
vt 0.786336 0.899803
vt 0.824415 0.925855
vt 0.765679 0.856739
vt 0.778779 0.845311
vt 0.774913 0.860116
vt 0.814208 0.805290
vt 0.792828 0.822177
vt 0.840707 0.788417
vt 0.861600 0.935572
vt 0.862883 0.930638
vt 0.845451 0.923208
vt 0.882276 0.923558
vt 0.882803 0.929847
vt 0.868025 0.919154
vt 0.844903 0.831948
vt 0.815903 0.842814
vt 0.823749 0.819464
vt 0.850340 0.858797
vt 0.846499 0.869530
vt 0.842366 0.849460
vt 0.823239 0.891690
vt 0.860315 0.867794
vt 0.846973 0.888828
vt 0.878750 0.918600
vt 0.842363 0.728793
vt 0.840869 0.734815
vt 0.836022 0.735460
vt 0.865498 0.789058
vt 0.870344 0.793680
vt 0.872258 0.785209
vt 0.860274 0.738673
vt 0.846232 0.733648
vt 0.845869 0.728660
vt 0.866023 0.784344
vt 0.872427 0.771879
vt 0.850919 0.789648
vt 0.837348 0.759483
vt 0.840176 0.763568
vt 0.838518 0.776846
vt 0.868708 0.788793
vt 0.840416 0.757375
vt 0.864250 0.748766
vt 0.870376 0.751548
vt 0.849672 0.782111
vt 0.844961 0.738805
vt 0.843786 0.733943
vt 0.853888 0.758058
vt 0.859271 0.773042
vt 0.770098 0.803273
vt 0.746246 0.826313
vt 0.751015 0.783078
vt 0.743449 0.847829
vt 0.793264 0.780715
vt 0.815905 0.715074
vt 0.779180 0.729959
vt 0.770803 0.650766
vt 0.729797 0.656007
vt 0.741083 0.602302
vt 0.762192 0.639167
vt 0.840002 0.724314
vt 0.825170 0.728621
vt 0.833804 0.723564
vt 0.847187 0.694150
vt 0.844120 0.689645
vt 0.856105 0.676446
vt 0.731043 0.864299
vt 0.739159 0.855475
vt 0.747384 0.871733
vt 0.753193 0.533592
vt 0.756169 0.530218
vt 0.773698 0.548489
vt 0.700191 0.506964
vt 0.715983 0.493056
vt 0.808221 0.949867
vt 0.814345 0.961204
vt 0.873907 0.974347
vt 0.880940 0.980627
vt 0.933743 0.985992
vt 0.927179 0.986231
vt 0.932874 0.982416
vt 0.803605 0.880783
vt 0.724741 0.898464
vt 0.741017 0.895828
vt 0.730276 0.911682
vt 0.750530 0.891007
vt 0.736136 0.879658
vt 0.829192 0.714093
vt 0.609041 0.828562
vt 0.616510 0.811067
vt 0.639308 0.847536
vt 0.673693 0.867897
vt 0.688671 0.857822
vt 0.692879 0.796178
vt 0.687596 0.837623
vt 0.681211 0.786065
vt 0.852748 0.686938
vt 0.563598 0.666440
vt 0.646731 0.713277
vt 0.630238 0.736124
vt 0.645371 0.757796
vt 0.663899 0.731731
vt 0.689644 0.753419
vt 0.606142 0.618378
vt 0.626942 0.601957
vt 0.696850 0.673744
vt 0.721394 0.733416
vt 0.754298 0.737550
vt 0.729694 0.743968
vt 0.757302 0.738821
vt 0.686967 0.464018
vt 0.683947 0.467326
vt 0.425459 0.674567
vt 0.480090 0.726247
vt 0.474159 0.733073
vt 0.683244 0.582219
vt 0.603344 0.577378
vt 0.501022 0.745726
vt 0.499047 0.502804
vt 0.447036 0.414839
vt 0.525222 0.491153
vt 0.473382 0.388065
vt 0.523854 0.426377
vt 0.365220 0.318939
vt 0.377083 0.309134
vt 0.434087 0.336112
vt 0.300015 0.383775
vt 0.278754 0.341363
vt 0.280825 0.338011
vt 0.317157 0.301438
vt 0.297567 0.294384
vt 0.298746 0.276592
vt 0.282705 0.132012
vt 0.236508 0.087076
vt 0.261725 0.058758
vt 0.447567 0.324164
vt 0.387540 0.294914
vt 0.450648 0.315496
vt 0.324773 0.259431
vt 0.304344 0.219656
vt 0.296937 0.173359
vt 0.329877 0.256894
vt 0.309480 0.195598
vt 0.300824 0.166515
vt 0.286899 0.134916
vt 0.272433 0.086664
vt 0.289998 0.199695
vt 0.299316 0.232481
vt 0.289847 0.172056
vt 0.254992 0.020748
vt 0.242044 0.011126
vt 0.243401 0.004385
vt 0.276204 0.343634
vt 0.264540 0.329522
vt 0.237135 0.308206
vt 0.236569 0.298976
vt 0.261700 0.308893
vt 0.195555 0.290224
vt 0.163853 0.263792
vt 0.211367 0.287385
vt 0.217429 0.279523
vt 0.121017 0.271527
vt 0.087317 0.250210
vt 0.079887 0.237295
vt 0.016497 0.226099
vt 0.016665 0.213497
vt 0.022040 0.219710
vt 0.271232 0.300175
vt 0.261685 0.291120
vt 0.288785 0.300352
vt 0.254815 0.324651
vt 0.259916 0.317566
vt 0.216237 0.254355
vt 0.234998 0.274417
vt 0.191978 0.258618
vt 0.252459 0.223127
vt 0.239097 0.202625
vt 0.267027 0.150406
vt 0.193823 0.172049
vt 0.230600 0.150487
vt 0.208379 0.140999
vt 0.146631 0.194316
vt 0.156102 0.217604
vt 0.093475 0.205333
vt 0.279852 0.217776
vt 0.278992 0.175013
vt 0.306949 0.261745
vt 0.313889 0.278178
vt 0.041127 0.222827
vt 0.025380 0.215489
vt 0.882965 0.931198
vt 0.884589 0.929917
vt 0.884322 0.931488
vt 0.949630 0.974343
vt 0.948853 0.975211
vt 0.945743 0.971141
vt 0.955179 0.940531
vt 0.946229 0.935945
vt 0.936566 0.933804
vt 0.928488 0.931575
vt 0.889612 0.925699
vt 0.888323 0.935554
vt 0.900558 0.941228
vt 0.937846 0.966075
vt 0.937978 0.964952
vt 0.912268 0.947797
vt 0.922630 0.954025
vt 0.886763 0.930437
vt 0.804909 0.278018
vt 0.802746 0.278564
vt 0.804919 0.270091
vt 0.519830 0.669906
vt 0.538947 0.640461
vt 0.538636 0.690094
vt 0.577316 0.642417
vt 0.850402 0.279250
vt 0.857235 0.276013
vt 0.867680 0.281847
vt 0.737131 0.837161
vt 0.720520 0.860450
vt 0.729066 0.832897
vt 0.915891 0.272268
vt 0.916631 0.271504
vt 0.899073 0.253961
vt 0.843966 0.244791
vt 0.843907 0.255068
vt 0.836075 0.249373
vt 0.885894 0.262620
vt 0.886684 0.256008
vt 0.894622 0.258087
vt 0.858923 0.245414
vt 0.861051 0.255193
vt 0.877264 0.250410
vt 0.881657 0.257379
vt 0.881353 0.243856
vt 0.855059 0.234595
vt 0.734763 0.306361
vt 0.749513 0.295599
vt 0.756353 0.297088
vt 0.707752 0.316660
vt 0.713230 0.307684
vt 0.719061 0.313840
vt 0.719943 0.295426
vt 0.726924 0.303050
vt 0.714289 0.287792
vt 0.738780 0.284917
vt 0.705596 0.310427
vt 0.709522 0.294204
vt 0.746288 0.278954
vt 0.765136 0.285864
vt 0.759314 0.269029
vt 0.781951 0.278072
vt 0.728429 0.273828
vt 0.761975 0.239590
vt 0.764883 0.235260
vt 0.772097 0.242908
vt 0.791606 0.274017
vt 0.781409 0.258884
vt 0.791894 0.262661
vt 0.786612 0.238027
vt 0.783899 0.226471
vt 0.767786 0.246230
vt 0.746027 0.256943
vt 0.805808 0.277781
vt 0.806160 0.237878
vt 0.797598 0.256921
vt 0.793764 0.230166
vt 0.817545 0.239797
vt 0.022899 0.210452
vt 0.019143 0.198936
vt 0.235653 0.014561
vt 0.235406 0.021428
vt 0.233037 0.013038
vt 0.939001 0.971471
vt 0.937855 0.966065
vt 0.934453 0.964667
vt 0.912970 0.964654
vt 0.915790 0.958823
vt 0.888015 0.954823
vt 0.921597 0.975456
vt 0.894841 0.967387
vt 0.881005 0.947472
vt 0.872836 0.958017
vt 0.928236 0.959188
vt 0.927718 0.964669
vt 0.921608 0.954092
vt 0.899531 0.941342
vt 0.929075 0.930609
vt 0.924984 0.926219
vt 0.922362 0.929516
vt 0.933972 0.970015
vt 0.896234 0.945738
vt 0.944256 0.970095
vt 0.940964 0.976035
vt 0.936819 0.975195
vt 0.940546 0.980801
vt 0.945608 0.980842
vt 0.942932 0.978634
vt 0.722835 0.899226
vt 0.702813 0.906241
vt 0.889143 0.917114
vt 0.901223 0.923419
vt 0.901579 0.918535
vt 0.882081 0.914053
vt 0.889719 0.913784
vt 0.923556 0.919702
vt 0.904761 0.912633
vt 0.921194 0.926389
vt 0.887370 0.922659
vt 0.880425 0.919386
vt 0.919313 0.932063
vt 0.919283 0.929773
vt 0.912051 0.931136
vt 0.906767 0.921330
vt 0.893009 0.924976
vt 0.888599 0.925555
vt 0.881405 0.924660
vt 0.877475 0.925069
vt 0.882719 0.929930
vt 0.877027 0.918389
vt 0.881929 0.931043
vt 0.875032 0.931626
vt 0.877711 0.931837
vt 0.884210 0.931077
vt 0.945648 0.977552
vt 0.757209 0.944343
vt 0.758889 0.943540
vt 0.747804 0.936821
vt 0.722403 0.882596
vt 0.921453 0.984572
vt 0.911440 0.980538
vt 0.898210 0.985018
vt 0.925639 0.764123
vt 0.928335 0.775248
vt 0.890130 0.715219
vt 0.870475 0.698224
vt 0.816463 0.604395
vt 0.807528 0.605224
vt 0.817880 0.619701
vt 0.896330 0.894631
vt 0.899424 0.896670
vt 0.901048 0.891943
vt 0.868772 0.863053
vt 0.868692 0.869480
vt 0.873964 0.861033
vt 0.874382 0.892579
vt 0.888281 0.899699
vt 0.901992 0.900020
vt 0.864776 0.878417
vt 0.868058 0.892623
vt 0.909985 0.887069
vt 0.919644 0.879254
vt 0.914044 0.877382
vt 0.889759 0.845691
vt 0.867481 0.854782
vt 0.962690 0.901663
vt 0.954260 0.925775
vt 0.958686 0.926629
vt 0.931333 0.815369
vt 0.928835 0.825813
vt 0.939958 0.838357
vt 0.920162 0.783415
vt 0.907293 0.744719
vt 0.945349 0.808152
vt 0.937426 0.843492
vt 0.952496 0.858192
vt 0.957863 0.938203
vt 0.955395 0.936600
vt 0.953954 0.939049
vt 0.956592 0.851304
vt 0.952131 0.844290
vt 0.946856 0.835585
vt 0.939046 0.818824
vt 0.922399 0.777986
vt 0.917421 0.768104
vt 0.896659 0.759385
vt 0.908300 0.757970
vt 0.943998 0.895850
vt 0.943845 0.925753
vt 0.945044 0.923486
vt 0.935190 0.870780
vt 0.933377 0.881465
vt 0.919900 0.864799
vt 0.929614 0.886879
vt 0.922270 0.848782
vt 0.928670 0.849409
vt 0.914684 0.819355
vt 0.891511 0.789291
vt 0.891100 0.796814
vt 0.911755 0.809903
vt 0.898070 0.786437
vt 0.890797 0.772528
vt 0.881545 0.755371
vt 0.878756 0.738424
vt 0.891952 0.747123
vt 0.902824 0.748662
vt 0.916772 0.925881
vt 0.956406 0.930642
vt 0.950908 0.934396
vt 0.890261 0.907909
vt 0.931206 0.918720
vt 0.925256 0.895643
vt 0.919082 0.899174
vt 0.915214 0.851925
vt 0.910464 0.831429
vt 0.899201 0.834015
vt 0.909549 0.844346
vt 0.913441 0.844054
vt 0.899360 0.849849
vt 0.876500 0.799293
vt 0.878342 0.810036
vt 0.891540 0.816895
vt 0.878077 0.841548
vt 0.892140 0.837173
vt 0.870324 0.827696
vt 0.868388 0.799875
vt 0.862561 0.814928
vt 0.868193 0.730406
vt 0.881110 0.731347
vt 0.892102 0.730347
vt 0.852481 0.686546
vt 0.846573 0.693215
vt 0.874197 0.740162
vt 0.794902 0.873500
vt 0.816136 0.865407
vt 0.797870 0.864559
vt 0.802103 0.958554
vt 0.815728 0.967671
vt 0.766773 0.890157
vt 0.776339 0.916566
vt 0.779391 0.903260
vt 0.793142 0.822426
vt 0.812922 0.801896
vt 0.768600 0.802362
vt 0.832576 0.764481
vt 0.824745 0.752377
vt 0.825349 0.774861
vt 0.836028 0.735289
vt 0.827407 0.736907
vt 0.860116 0.937645
vt 0.913601 0.778175
vt 0.778108 0.864785
vt 0.771389 0.885766
vt 0.868580 0.793433
vt 0.794614 0.903846
vt 0.782179 0.888967
vt 0.777185 0.892915
vt 0.827259 0.927709
vt 0.790284 0.910910
vt 0.863248 0.920896
vt 0.804658 0.883809
vt 0.874602 0.908294
vt 0.820285 0.888674
vt 0.835241 0.810870
vt 0.846695 0.869746
vt 0.850271 0.858741
vt 0.842365 0.849428
vt 0.829085 0.855746
vt 0.847287 0.889029
vt 0.860380 0.867801
vt 0.868697 0.740168
vt 0.874045 0.750030
vt 0.878974 0.746332
vt 0.872248 0.785224
vt 0.869703 0.788056
vt 0.846265 0.733842
vt 0.860274 0.738674
vt 0.845391 0.729503
vt 0.877222 0.772323
vt 0.872394 0.772464
vt 0.850932 0.789557
vt 0.842986 0.780709
vt 0.840183 0.789224
vt 0.864012 0.784260
vt 0.840013 0.759753
vt 0.837356 0.759699
vt 0.866417 0.784756
vt 0.868759 0.788830
vt 0.864576 0.749091
vt 0.870376 0.751548
vt 0.851513 0.782680
vt 0.841897 0.759752
vt 0.844106 0.735149
vt 0.858361 0.769711
vt 0.848573 0.743001
vt 0.802627 0.761858
vt 0.791684 0.779202
vt 0.826918 0.794978
vt 0.746352 0.826367
vt 0.751015 0.783078
vt 0.741111 0.845295
vt 0.734415 0.821565
vt 0.774480 0.762530
vt 0.729698 0.655837
vt 0.833859 0.723679
vt 0.844120 0.689645
vt 0.863735 0.674554
vt 0.857207 0.678117
vt 0.739799 0.855962
vt 0.746971 0.871443
vt 0.747438 0.849722
vt 0.843495 0.657333
vt 0.753193 0.533592
vt 0.700058 0.506819
vt 0.881478 0.977875
vt 0.881159 0.980686
vt 0.927728 0.985021
vt 0.935125 0.981477
vt 0.749059 0.908254
vt 0.901283 0.814161
vt 0.904906 0.819544
vt 0.768801 0.930069
vt 0.825231 0.706184
vt 0.832237 0.672316
vt 0.618408 0.812280
vt 0.690822 0.859099
vt 0.691849 0.878546
vt 0.687596 0.837623
vt 0.803963 0.697224
vt 0.778619 0.729064
vt 0.816842 0.716476
vt 0.647823 0.714335
vt 0.561698 0.664461
vt 0.729129 0.743250
vt 0.711879 0.690667
vt 0.696023 0.710584
vt 0.697253 0.768530
vt 0.683345 0.582411
vt 0.696221 0.673124
vt 0.480345 0.726488
vt 0.499710 0.503516
vt 0.454761 0.546280
vt 0.411562 0.544953
vt 0.443383 0.585824
vt 0.365220 0.318939
vt 0.340258 0.341352
vt 0.329650 0.353084
vt 0.361205 0.399261
vt 0.296989 0.293803
vt 0.301937 0.315034
vt 0.246212 0.027380
vt 0.240433 0.028008
vt 0.248504 0.090518
vt 0.315969 0.233029
vt 0.305936 0.224319
vt 0.317312 0.259873
vt 0.324691 0.259216
vt 0.302665 0.192934
vt 0.294769 0.165625
vt 0.284801 0.137614
vt 0.289870 0.172051
vt 0.237372 0.012803
vt 0.240474 0.012720
vt 0.249865 0.023263
vt 0.278292 0.339841
vt 0.237135 0.308207
vt 0.261241 0.308703
vt 0.195555 0.290224
vt 0.087317 0.250210
vt 0.272441 0.287405
vt 0.276204 0.300925
vt 0.291789 0.250591
vt 0.270303 0.251626
vt 0.299263 0.232480
vt 0.298702 0.278132
vt 0.193206 0.171290
vt 0.171202 0.184313
vt 0.240022 0.198884
vt 0.218651 0.109160
vt 0.156102 0.217604
vt 0.280789 0.212149
vt 0.308036 0.264311
vt 0.246616 0.291385
vt 0.229345 0.276054
vt 0.954905 0.940628
vt 0.945365 0.932369
vt 0.946437 0.936017
vt 0.920171 0.931719
vt 0.884156 0.931692
vt 0.938001 0.964965
vt 0.935483 0.933874
vt 0.933351 0.932964
vt 0.887424 0.929406
vt 0.961626 0.946700
vt 0.963798 0.945242
vt 0.921391 0.953278
vt 0.894325 0.926341
vt 0.900934 0.926679
vt 0.949083 0.973940
vt 0.947615 0.970371
vt 0.804544 0.277964
vt 0.804922 0.270506
vt 0.800841 0.278732
vt 0.793572 0.228808
vt 0.783933 0.226617
vt 0.795042 0.240809
vt 0.577092 0.642179
vt 0.852964 0.274991
vt 0.829925 0.273182
vt 0.865515 0.281331
vt 0.810864 0.273379
vt 0.554932 0.616642
vt 0.539179 0.640707
vt 0.843927 0.244717
vt 0.858466 0.260451
vt 0.881067 0.257327
vt 0.855434 0.254322
vt 0.885857 0.262628
vt 0.878615 0.250150
vt 0.746025 0.297241
vt 0.734749 0.306365
vt 0.756199 0.297190
vt 0.752126 0.294351
vt 0.765965 0.290044
vt 0.771586 0.282442
vt 0.779087 0.283655
vt 0.694326 0.312257
vt 0.707410 0.316748
vt 0.721038 0.294605
vt 0.714547 0.304622
vt 0.790959 0.274303
vt 0.788463 0.251879
vt 0.781572 0.259187
vt 0.772182 0.243049
vt 0.807492 0.233100
vt 0.795867 0.224185
vt 0.804840 0.260452
vt 0.797848 0.260900
vt 0.012251 0.201485
vt 0.008795 0.216078
vt 0.108396 0.395102
vt 0.098812 0.423568
vt 0.092280 0.388426
vt 0.105708 0.376806
vt 0.105711 0.376813
vt 0.128867 0.361216
vt 0.104013 0.348821
vt 0.118099 0.327589
vt 0.094520 0.325422
vt 0.082665 0.352555
vt 0.064714 0.396193
vt 0.039904 0.392499
vt 0.047002 0.415413
vt 0.092274 0.388424
vt 0.076869 0.415873
vt 0.098809 0.423568
vt 0.083625 0.444826
vt 0.107389 0.446983
vt 0.108394 0.395103
vt 0.061006 0.596478
vt 0.054892 0.582848
vt 0.067658 0.591225
vt 0.065746 0.601290
vt 0.052239 0.608500
vt 0.072092 0.598543
vt 0.075336 0.580647
vt 0.085642 0.573546
vt 0.075277 0.568128
vt 0.063859 0.591635
vt 0.064798 0.578284
vt 0.054891 0.582849
vt 0.068810 0.593118
vt 0.060728 0.597632
vt 0.048328 0.595458
vt 0.052237 0.608497
vt 0.040183 0.611479
vt 0.047772 0.620562
vt 0.065349 0.602941
vt 0.061456 0.615115
vt 0.072092 0.598542
vt 0.071849 0.614823
vt 0.081481 0.608845
vt 0.345011 0.622288
vt 0.341779 0.612903
vt 0.362306 0.619206
vt 0.370127 0.701267
vt 0.393431 0.678903
vt 0.372758 0.703716
vt 0.388468 0.640775
vt 0.382234 0.661284
vt 0.370158 0.646762
vt 0.361659 0.671323
vt 0.362065 0.673940
vt 0.404449 0.664649
vt 0.360938 0.723197
vt 0.366738 0.728634
vt 0.354166 0.729912
vt 0.358545 0.719555
vt 0.353291 0.719123
vt 0.353516 0.729223
vt 0.419077 0.691780
vt 0.432399 0.699778
vt 0.408853 0.701136
vt 0.384439 0.762386
vt 0.380727 0.761158
vt 0.381000 0.746529
vt 0.381851 0.772795
vt 0.417332 0.688647
vt 0.401898 0.693205
vt 0.383492 0.718808
vt 0.370972 0.720953
vt 0.376253 0.726137
vt 0.439390 0.801624
vt 0.422484 0.799629
vt 0.422100 0.784224
vt 0.420639 0.821760
vt 0.419798 0.790709
vt 0.409516 0.766887
vt 0.392400 0.765061
vt 0.398246 0.739513
vt 0.450195 0.727454
vt 0.427015 0.765274
vt 0.413580 0.746939
vt 0.489731 0.820727
vt 0.478518 0.823559
vt 0.480790 0.812540
vt 0.479699 0.759755
vt 0.461713 0.799730
vt 0.442521 0.783714
vt 0.455803 0.843285
vt 0.475329 0.841358
vt 0.452963 0.858863
vt 0.452832 0.836730
vt 0.510242 0.788859
vt 0.454030 0.810686
vt 0.430626 0.812213
vt 0.517280 0.796627
vt 0.501135 0.829337
vt 0.534415 0.811410
vt 0.513216 0.847882
vt 0.419586 0.770409
vt 0.539255 0.816627
vt 0.529573 0.844191
vt 0.512203 0.873338
vt 0.529410 0.868856
vt 0.535484 0.860790
vt 0.540754 0.888287
vt 0.528526 0.859259
vt 0.544268 0.903139
vt 0.538022 0.888235
vt 0.590618 0.870890
vt 0.547103 0.824159
vt 0.560994 0.838038
vt 0.203193 0.406692
vt 0.238149 0.424815
vt 0.237850 0.426726
vt 0.549871 0.889102
vt 0.520540 0.320353
vt 0.529235 0.333111
vt 0.500171 0.317528
vt 0.508265 0.199743
vt 0.546211 0.268777
vt 0.482693 0.210497
vt 0.462113 0.213691
vt 0.475956 0.253078
vt 0.448204 0.217151
vt 0.590977 0.208516
vt 0.556716 0.250711
vt 0.541931 0.284748
vt 0.579704 0.299494
vt 0.590179 0.276189
vt 0.522013 0.316265
vt 0.538152 0.293503
vt 0.578144 0.308072
vt 0.572102 0.340684
vt 0.579930 0.180472
vt 0.542829 0.190209
vt 0.609929 0.223905
vt 0.599290 0.257321
vt 0.617947 0.233096
vt 0.659663 0.148794
vt 0.651225 0.175699
vt 0.630429 0.158742
vt 0.688912 0.140276
vt 0.746293 0.109077
vt 0.715753 0.144556
vt 0.743086 0.107371
vt 0.785962 0.096989
vt 0.765326 0.102259
vt 0.764453 0.101760
vt 0.796283 0.093618
vt 0.773686 0.094267
vt 0.789309 0.099837
vt 0.798521 0.096293
vt 0.790343 0.101826
vt 0.199775 0.481080
vt 0.187700 0.516803
vt 0.172460 0.520560
vt -0.002306 0.685212
vt 0.035297 0.666221
vt 0.070875 0.679358
vt 0.007571 0.702062
vt 0.118581 0.691991
vt 0.302023 0.637068
vt 0.269967 0.677001
vt 0.270179 0.662202
vt 0.048898 0.775981
vt 0.136488 0.848300
vt 0.105261 0.890688
vt 0.279961 0.625314
vt 0.272215 0.638659
vt 0.936140 0.634755
vt 0.934616 0.648677
vt 0.894626 0.621878
vt 0.923189 0.655839
vt 0.886038 0.629470
vt 0.866760 0.606209
vt 0.869108 0.604708
vt 0.979854 0.449282
vt 0.979980 0.541023
vt 0.939290 0.405866
vt 0.930248 0.594773
vt 0.919895 0.524012
vt 0.910327 0.428947
vt 0.891470 0.584121
vt 0.856757 0.546388
vt 0.868951 0.510029
vt 0.974070 0.406383
vt 0.920216 0.399097
vt 0.945343 0.345643
vt 0.979081 0.353654
vt 0.952467 0.315731
vt 0.941412 0.303377
vt 0.943800 0.293263
vt 0.945724 0.268787
vt 0.951160 0.287076
vt 0.953343 0.303967
vt 0.966491 0.309966
vt 0.932599 0.341494
vt 0.913785 0.397310
vt 0.357758 0.610085
vt 0.336389 0.599066
vt 0.318689 0.609175
vt 0.316818 0.607732
vt 0.326826 0.581923
vt 0.349394 0.591244
vt 0.314873 0.558548
vt 0.289429 0.564422
vt 0.313988 0.554201
vt 0.277850 0.587804
vt 0.269186 0.590865
vt 0.275537 0.581001
vt 0.301674 0.589086
vt 0.293566 0.599349
vt 0.278580 0.591694
vt 0.291425 0.572548
vt 0.279933 0.565115
vt 0.256623 0.552670
vt 0.257733 0.545189
vt 0.326961 0.554975
vt 0.333018 0.564372
vt 0.318513 0.567984
vt 0.283389 0.580777
vt 0.281466 0.574360
vt 0.294495 0.580146
vt 0.326329 0.540913
vt 0.283945 0.552353
vt 0.277525 0.534965
vt 0.261826 0.559074
vt 0.271716 0.517986
vt 0.252764 0.514555
vt 0.241092 0.505740
vt 0.224215 0.498297
vt 0.236163 0.494465
vt 0.318686 0.527219
vt 0.263245 0.530558
vt 0.298847 0.477846
vt 0.261654 0.486700
vt 0.259390 0.474697
vt 0.264756 0.521005
vt 0.208704 0.456829
vt 0.232683 0.446658
vt 0.226524 0.463193
vt 0.292749 0.453756
vt 0.257378 0.454464
vt 0.252939 0.443367
vt 0.250100 0.491974
vt 0.247401 0.476454
vt 0.252887 0.473562
vt 0.252714 0.430996
vt 0.245328 0.410696
vt 0.283438 0.422427
vt 0.288745 0.441167
vt 0.040391 0.981135
vt 0.041212 0.989144
vt 0.040213 0.989032
vt 0.279068 0.406295
vt 0.253228 0.401594
vt 0.240511 0.397494
vt 0.277983 0.402258
vt 0.253878 0.396502
vt 0.222772 0.374848
vt 0.212601 0.365161
vt 0.226187 0.367031
vt 0.276360 0.396827
vt 0.271358 0.379951
vt 0.933849 0.022162
vt 0.943443 0.014655
vt 0.944580 0.065695
vt 0.916349 0.090441
vt 0.916795 0.165024
vt 0.907369 0.162858
vt 0.889114 0.136207
vt 0.892554 0.170668
vt 0.844745 0.166319
vt 0.870276 0.158790
vt 0.867504 0.195353
vt 0.941068 0.069073
vt 0.947949 0.082588
vt 0.949793 0.151067
vt 0.951121 0.108980
vt 0.944126 0.182088
vt 0.937898 0.219457
vt 0.903563 0.207877
vt 0.818794 0.185695
vt 0.851049 0.195529
vt 0.765095 0.208230
vt 0.722742 0.219418
vt 0.759295 0.197787
vt 0.753871 0.226289
vt 0.702162 0.241525
vt 0.708439 0.216063
vt 0.730155 0.193499
vt 0.654095 0.254053
vt 0.675155 0.265303
vt 0.659828 0.261177
vt 0.653974 0.250336
vt 0.639551 0.268629
vt 0.624789 0.285958
vt 0.639313 0.267583
vt 0.616505 0.293891
vt 0.628102 0.272840
vt 0.271093 0.724691
vt 0.305493 0.662085
vt 0.305702 0.760232
vt 0.266307 0.683405
vt 0.176467 0.535830
vt 0.086770 0.540645
vt 0.079603 0.514664
vt 0.233916 0.920722
vt 0.297448 0.833624
vt 0.319013 0.947906
vt 0.254715 0.810787
vt 0.026113 0.493629
vt 0.035685 0.524260
vt 0.317101 0.013489
vt 0.335953 0.076225
vt 0.295408 0.013337
vt 0.357420 0.120671
vt 0.357031 0.145123
vt 0.343186 0.116443
vt 0.389178 0.161784
vt 0.378803 0.170733
vt 0.428473 0.213156
vt 0.419318 0.217798
vt 0.394491 0.199128
vt 0.493591 0.093059
vt 0.359703 0.109917
vt 0.398988 0.073842
vt 0.502841 0.122788
vt 0.416827 0.138646
vt 0.511364 0.165087
vt 0.463280 0.178897
vt 0.653577 0.025780
vt 0.652121 0.072424
vt 0.596062 0.017247
vt 0.735064 0.019974
vt 0.743034 0.050656
vt 0.724013 0.020536
vt 0.777807 0.052208
vt 0.784171 0.066645
vt 0.761330 0.050233
vt 0.809906 0.075080
vt 0.790738 0.075469
vt 0.785473 0.037612
vt 0.814838 0.065913
vt 0.738594 0.083495
vt 0.664835 0.106174
vt 0.662495 0.097387
vt 0.570573 0.345245
vt 0.572762 0.345893
vt 0.570094 0.348668
vt 0.680745 0.187797
vt 0.675333 0.185705
vt 0.724944 0.149603
vt 0.749364 0.135708
vt 0.757818 0.124124
vt 0.781850 0.107739
vt 0.771963 0.114414
vt 0.781049 0.106057
vt 0.796867 0.093273
vt 0.436036 0.265400
vt 0.396071 0.237408
vt 0.397762 0.235640
vt 0.498978 0.319302
vt 0.127486 0.984299
vt 0.124986 0.986209
vt 0.124942 0.982678
vt 0.113643 0.980999
vt 0.113736 0.988191
vt 0.103928 0.988302
vt 0.103870 0.981082
vt 0.026258 0.986068
vt 0.482329 0.973427
vt 0.482869 0.979093
vt 0.472268 0.977336
vt 0.520458 0.968404
vt 0.512833 0.978330
vt 0.504384 0.968404
vt 0.532682 0.971368
vt 0.039120 0.962752
vt 0.038867 0.967359
vt 0.026258 0.964312
vt 0.499035 0.846687
vt 0.498353 0.891285
vt 0.497647 0.846099
vt 0.413067 0.680906
vt 0.312296 0.097719
vt 0.313524 0.083527
vt 0.334659 0.119554
vt 0.832217 0.574046
vt 0.828561 0.579473
vt 0.831015 0.572747
vt 0.819251 0.060324
vt 0.838216 0.079700
vt 0.782992 0.357229
vt 0.828462 0.385504
vt 0.795421 0.446512
vt 0.852315 0.442273
vt 0.861842 0.465228
vt 0.853600 0.465486
vt 0.834368 0.469400
vt 0.824157 0.373165
vt 0.867545 0.389266
vt 0.869744 0.409423
vt 0.862279 0.406910
vt 0.756674 0.489520
vt 0.637174 0.388304
vt 0.594077 0.340199
vt 0.660992 0.390564
vt 0.662957 0.416709
vt 0.861306 0.386854
vt 0.684745 0.393122
vt 0.672473 0.416153
vt 0.605920 0.324663
vt 0.588924 0.329100
vt 0.700163 0.461755
vt 0.759749 0.508068
vt 0.144015 0.025444
vt 0.186387 0.008957
vt 0.111246 0.039854
vt 0.040998 0.071660
vt 0.070832 0.057107
vt 0.029024 0.080332
vt 0.638670 0.346741
vt 0.192899 0.065565
vt 0.216583 0.021006
vt 0.218424 0.025880
vt 0.633955 0.327930
vt 0.860093 0.475475
vt 0.220382 0.017208
vt 0.035340 0.079114
vt 0.013416 0.098763
vt 0.011393 0.094119
vt 0.019413 0.104841
vt 0.199652 0.004171
vt 0.206840 0.005893
vt 0.187479 0.013094
vt 0.032963 0.135366
vt 0.097685 0.091960
vt 0.030755 0.136283
vt 0.039680 0.150141
vt 0.037562 0.158535
vt 0.046143 0.164171
vt 0.070104 0.168594
vt 0.098691 0.169886
vt 0.120338 0.167094
vt 0.865252 0.394756
vt 0.866802 0.388415
vt 0.827753 0.385299
vt 0.816689 0.370603
vt 0.782993 0.357224
vt 0.630213 0.314336
vt 0.689786 0.338065
vt 0.604513 0.313240
vt 0.605906 0.324680
vt 0.612485 0.313124
vt 0.681022 0.391891
vt 0.688156 0.422423
vt 0.748568 0.421822
vt 0.795334 0.444840
vt 0.852777 0.442308
vt 0.862358 0.406938
vt 0.828539 0.471890
vt 0.786228 0.503617
vt 0.760923 0.507201
vt 0.787727 0.508439
vt 0.680977 0.430419
vt 0.715985 0.469266
vt 0.752075 0.483937
vt 0.782378 0.491246
vt 0.007877 0.092039
vt 0.012859 0.089421
vt 0.012155 0.087102
vt 0.111652 0.037080
vt 0.111217 0.039805
vt 0.187241 0.008321
vt 0.192927 0.065619
vt 0.167859 0.106791
vt 0.195372 0.066421
vt 0.013898 0.099457
vt 0.006801 0.104236
vt 0.008938 0.108394
vt 0.825376 0.494172
vt 0.860921 0.475023
vt 0.638756 0.346914
vt 0.070109 0.168586
vt 0.047605 0.162487
vt 0.041843 0.162568
vt 0.037424 0.159231
vt 0.035626 0.159722
vt 0.035476 0.079039
vt 0.074527 0.054800
vt 0.026919 0.081367
vt 0.199663 0.004330
vt 0.198000 0.011077
vt 0.207477 0.006198
vt 0.146666 0.133198
vt 0.021994 0.111676
vt 0.220505 0.017416
vt 0.186588 0.011157
vt 0.010822 0.092651
vt 0.017668 0.101305
vt 0.217668 0.025680
vt 0.039756 0.149909
vt 0.098724 0.169875
vt 0.111779 0.041464
vt 0.381348 0.632601
vt 0.362627 0.638680
vt 0.737632 0.510051
vt 0.536601 0.787016
vt 0.548423 0.756352
vt 0.737632 0.510052
vt 0.676850 0.520977
vt 0.713540 0.561631
vt 0.679439 0.694171
vt 0.605481 0.617671
vt 0.517080 0.778654
vt 0.542989 0.794499
vt 0.927461 0.978622
vt 0.943083 0.978657
vt 0.723077 0.899417
vt 0.579821 0.830322
vt 0.592765 0.845142
vt 0.583327 0.849891
vt 0.570400 0.833964
vt 0.597482 0.813251
vt 0.918627 0.930036
vt 0.899449 0.897117
vt 0.899022 0.910046
vt 0.794728 0.280003
vt 0.912514 0.914359
vt 0.900448 0.912700
vt 0.880627 0.919356
vt 0.916322 0.865582
vt 0.728849 0.912831
vt 0.625655 0.865085
vt 0.752216 0.938518
vt 0.751125 0.940218
vt 0.544561 0.752354
vt 0.501704 0.709203
vt 0.722305 0.882633
vt 0.871845 0.978367
vt 0.855460 0.974193
vt 0.860455 0.969914
vt 0.969788 0.878890
vt 0.787724 0.569533
vt 0.791228 0.566760
vt 0.816637 0.604648
vt 0.956535 0.844835
vt 0.937135 0.815559
vt 0.817985 0.619852
vt 0.906884 0.885336
vt 0.911259 0.875652
vt 0.912043 0.866956
vt 0.905802 0.858306
vt 0.907483 0.855130
vt 0.897627 0.853863
vt 0.899086 0.850829
vt 0.889808 0.852894
vt 0.881330 0.854771
vt 0.868701 0.877771
vt 0.888156 0.895896
vt 0.928840 0.825831
vt 0.881560 0.752988
vt 0.800518 0.570687
vt 0.823026 0.600143
vt 0.924493 0.764704
vt 0.949471 0.812778
vt 0.972770 0.902341
vt 0.964050 0.901822
vt 0.970947 0.930721
vt 0.961784 0.927488
vt 0.960196 0.844073
vt 0.922363 0.777878
vt 0.925508 0.917985
vt 0.881454 0.770021
vt 0.889048 0.772276
vt 0.847273 0.724686
vt 0.893072 0.914796
vt 0.960589 0.931987
vt 0.969604 0.935897
vt 0.966088 0.943192
vt 0.919790 0.898880
vt 0.876327 0.799129
vt 0.884961 0.819163
vt 0.870085 0.827942
vt 0.849837 0.697892
vt 0.775905 0.626640
vt 0.752057 0.592958
vt 0.770243 0.581605
vt 0.793823 0.614438
vt 0.742062 0.938548
vt 0.841845 0.654842
vt 0.919373 0.987238
vt 0.834863 0.967773
vt 0.835456 0.973429
vt 0.855241 0.979076
vt 0.871972 0.983292
vt 0.883435 0.985799
vt 0.937781 0.984567
vt 0.615797 0.870872
vt 0.844918 0.956053
vt 0.816596 0.941646
vt 0.761406 0.876433
vt 0.827317 0.738715
vt 0.839900 0.961917
vt 0.793505 0.747261
vt 0.797794 0.752584
vt 0.774921 0.763020
vt 0.833402 0.922958
vt 0.791087 0.896134
vt 0.783856 0.849411
vt 0.797619 0.827711
vt 0.815947 0.809059
vt 0.771698 0.885544
vt 0.769756 0.879059
vt 0.775088 0.890206
vt 0.830350 0.856529
vt 0.874325 0.750394
vt 0.628165 0.782991
vt 0.608370 0.763176
vt 0.738701 0.669330
vt 0.646939 0.542597
vt 0.787231 0.742815
vt 0.599921 0.792895
vt 0.539951 0.730256
vt 0.730570 0.821689
vt 0.746577 0.779366
vt 0.770076 0.756923
vt 0.719096 0.489885
vt 0.681317 0.517542
vt 0.717753 0.557265
vt 0.634541 0.454968
vt 0.656235 0.436134
vt 0.717995 0.792088
vt 0.746183 0.761151
vt 0.764312 0.750511
vt 0.711040 0.781769
vt 0.738871 0.753188
vt 0.706132 0.808997
vt 0.704956 0.848645
vt 0.679151 0.693883
vt 0.711912 0.690696
vt 0.588241 0.491434
vt 0.613297 0.471511
vt 0.582970 0.594952
vt 0.531450 0.539491
vt 0.552623 0.522458
vt 0.455282 0.643017
vt 0.471336 0.617285
vt 0.507480 0.696551
vt 0.318766 0.456859
vt 0.313262 0.468671
vt 0.447509 0.653368
vt 0.574841 0.377871
vt 0.619750 0.407495
vt 0.605531 0.424258
vt 0.566598 0.391386
vt 0.555050 0.616778
vt 0.503135 0.561206
vt 0.455826 0.547578
vt 0.470289 0.523359
vt 0.485692 0.583695
vt 0.355666 0.516078
vt 0.387528 0.578453
vt 0.363784 0.582370
vt 0.329390 0.528981
vt 0.418998 0.621372
vt 0.427061 0.611252
vt 0.588312 0.436883
vt 0.616484 0.467841
vt 0.585216 0.440563
vt 0.560648 0.460280
vt 0.399018 0.638271
vt 0.720836 0.488273
vt 0.395407 0.569078
vt 0.550139 0.403932
vt 0.547225 0.407429
vt 0.362700 0.508203
vt 0.377010 0.487945
vt 0.495570 0.369026
vt 0.493110 0.372042
vt 0.427469 0.426194
vt 0.407587 0.445895
vt 0.393055 0.463737
vt 0.349654 0.333480
vt 0.340845 0.341993
vt 0.329288 0.352555
vt 0.349167 0.414325
vt 0.509215 0.358114
vt 0.336186 0.434388
vt 0.324613 0.450682
vt 0.436167 0.333552
vt 0.310166 0.374096
vt 0.378605 0.307286
vt 0.320805 0.362358
vt 0.295507 0.321769
vt 0.287725 0.330537
vt 0.338076 0.282420
vt 0.336939 0.283607
vt 0.328859 0.290725
vt 0.269683 0.322314
vt 0.321834 0.271629
vt 0.344409 0.276586
vt 0.275811 0.314898
vt 0.327953 0.266781
vt 0.291664 0.243153
vt 0.246303 0.025944
vt 0.517189 0.344477
vt 0.332987 0.264070
vt 0.318330 0.262612
vt 0.292262 0.133180
vt 0.264062 0.056485
vt 0.277822 0.084975
vt 0.269290 0.054682
vt 0.242789 0.291359
vt 0.227631 0.313444
vt 0.202566 0.302216
vt 0.036691 0.229260
vt 0.071261 0.253142
vt 0.032428 0.236473
vt 0.019903 0.212501
vt 0.287625 0.274625
vt 0.268833 0.254393
vt 0.211907 0.226912
vt 0.919439 0.931968
vt 0.890600 0.926669
vt 0.947026 0.937009
vt 0.886349 0.932426
vt 0.908795 0.929543
vt 0.948326 0.970956
vt 0.782655 0.221884
vt 0.894217 0.279375
vt 0.899948 0.280540
vt 0.810896 0.273514
vt 0.809691 0.268451
vt 0.829977 0.273058
vt 0.705556 0.868206
vt 0.857955 0.260362
vt 0.834145 0.232921
vt 0.815625 0.231405
vt 0.846584 0.232863
vt 0.769217 0.288475
vt 0.733136 0.269481
vt 0.589142 0.980042
vt 0.533765 0.980042
vt 0.536743 0.968404
vt 0.592121 0.968404
vt 0.775914 0.261978
vt 0.085897 0.189073
vt 0.177149 0.155118
vt 0.158448 0.167696
vt 0.192227 0.128138
vt 0.212708 0.086412
vt 0.136883 0.178176
vt 0.926245 0.972763
vt 0.931745 0.975195
vt 0.933525 0.980074
vt 0.887206 0.935041
vt 0.884982 0.940972
vt 0.939093 0.977918
vt 0.944140 0.977159
vt 0.710211 0.889387
vt 0.882443 0.975337
vt 0.861351 0.970209
vt 0.865429 0.965646
vt 0.951623 0.834033
vt 0.942981 0.811078
vt 0.956515 0.844860
vt 0.915040 0.865786
vt 0.909251 0.851352
vt 0.916104 0.754906
vt 0.907024 0.753323
vt 0.961791 0.927417
vt 0.882522 0.794695
vt 0.861449 0.732571
vt 0.904546 0.819734
vt 0.882786 0.794103
vt 0.803341 0.628592
vt 0.783486 0.637224
vt 0.853088 0.947650
vt 0.824245 0.946326
vt 0.770274 0.879222
vt 0.775040 0.860166
vt 0.778842 0.845340
vt 0.795187 0.749237
vt 0.835325 0.788397
vt 0.729730 0.833076
vt 0.819043 0.953691
vt 0.720411 0.860484
vt 0.833083 0.921294
vt 0.816525 0.843273
vt 0.822956 0.819788
vt 0.843862 0.794401
vt 0.851125 0.834184
vt 0.842212 0.729556
vt 0.628811 0.783392
vt 0.648284 0.760254
vt 0.738183 0.668579
vt 0.768422 0.647481
vt 0.824301 0.727985
vt 0.787249 0.742844
vt 0.539951 0.730256
vt 0.538282 0.689712
vt 0.730778 0.821668
vt 0.746800 0.779567
vt 0.770254 0.757243
vt 0.681359 0.517588
vt 0.676847 0.520974
vt 0.738969 0.888708
vt 0.755723 0.737334
vt 0.647659 0.543384
vt 0.582793 0.594773
vt 0.604117 0.578183
vt 0.469831 0.522804
vt 0.278130 0.176922
vt 0.268458 0.147287
vt 0.262600 0.064486
vt 0.296467 0.196584
vt 0.267499 0.299616
vt 0.242048 0.272337
vt 0.252502 0.223143
vt 0.216237 0.254355
vt 0.191978 0.258618
vt 0.889328 0.935784
vt 0.947105 0.937037
vt 0.890579 0.926670
vt 0.794758 0.279999
vt 0.899996 0.280529
vt 0.718942 0.313878
vt 0.789552 0.280527
vt 0.745922 0.279260
vt 0.759212 0.269110
vt 0.776560 0.263196
vt 0.158719 0.314258
vt 0.181921 0.341246
vt 0.172676 0.346537
vt 0.152226 0.322327
vt 0.128869 0.361219
vt 0.104016 0.348821
vt 0.139096 0.338565
vt 0.124113 0.307670
vt 0.092456 0.304621
vt 0.127211 0.297279
vt 0.091461 0.294068
vt 0.071805 0.332379
vt 0.067704 0.368657
vt 0.056939 0.304324
vt 0.061912 0.313807
vt 0.053347 0.347519
vt 0.037061 0.334102
vt 0.028780 0.327209
vt 0.042167 0.368650
vt 0.011476 0.359353
vt 0.021873 0.362556
vt 0.064713 0.396188
vt 0.008212 0.395934
vt 0.018783 0.394773
vt 0.028517 0.425504
vt 0.018861 0.430780
vt 0.062376 0.433815
vt 0.042321 0.458604
vt 0.049141 0.450244
vt 0.074816 0.475439
vt 0.077705 0.465084
vt 0.119212 0.419666
vt 0.130205 0.439878
vt 0.140221 0.458413
vt 0.148603 0.424549
vt 0.165069 0.437866
vt 0.109607 0.467861
vt 0.110675 0.478459
vt 0.145270 0.467912
vt 0.134003 0.403676
vt 0.159715 0.403238
vt 0.179994 0.409135
vt 0.173490 0.444786
vt 0.161676 0.379379
vt 0.182618 0.377035
vt 0.190420 0.412036
vt 0.138847 0.381963
vt 0.193557 0.375760
vt 0.154422 0.356677
vt 0.067699 0.368668
vt 0.134003 0.403678
vt 0.106781 0.574869
vt 0.102218 0.577481
vt 0.092123 0.565530
vt 0.095328 0.561547
vt 0.078246 0.558295
vt 0.075338 0.580648
vt 0.083310 0.587955
vt 0.063639 0.567058
vt 0.062620 0.556790
vt 0.079776 0.553166
vt 0.062129 0.551581
vt 0.052426 0.570492
vt 0.045088 0.556643
vt 0.047543 0.561325
vt 0.043315 0.577965
vt 0.035276 0.571342
vt 0.031188 0.567940
vt 0.048328 0.595459
vt 0.037796 0.588396
vt 0.022647 0.583807
vt 0.027779 0.585388
vt 0.036679 0.600168
vt 0.021036 0.601864
vt 0.026254 0.601291
vt 0.026292 0.619064
vt 0.031058 0.616460
vt 0.037872 0.632799
vt 0.041239 0.628672
vt 0.065122 0.615447
vt 0.069991 0.627062
vt 0.058260 0.625998
vt 0.055338 0.635997
vt 0.053912 0.641109
vt 0.079026 0.610900
vt 0.081253 0.623555
vt 0.090335 0.615989
vt 0.098463 0.622562
vt 0.086197 0.632704
vt 0.071086 0.637368
vt 0.071613 0.642599
vt 0.088690 0.637393
vt 0.095820 0.605469
vt 0.105830 0.608380
vt 0.102619 0.625978
vt 0.085245 0.598159
vt 0.096788 0.593692
vt 0.107125 0.592535
vt 0.110976 0.609812
vt 0.112525 0.591906
vt 0.093207 0.582486
vt 0.085245 0.598159
vt 0.353703 0.666916
vt 0.343563 0.663935
vt 0.377384 0.710359
vt 0.346052 0.625719
vt 0.316413 0.629014
vt 0.316782 0.626617
vt 0.340574 0.575301
vt 0.395378 0.650728
vt 0.389179 0.723649
vt 0.383577 0.772800
vt 0.441873 0.714458
vt 0.490138 0.844668
vt 0.453087 0.731579
vt 0.466357 0.748284
vt 0.483619 0.763601
vt 0.500041 0.778342
vt 0.457911 0.812655
vt 0.226185 0.466330
vt 0.440739 0.263443
vt 0.409271 0.231391
vt 0.421741 0.222705
vt 0.452639 0.274022
vt 0.449680 0.278435
vt 0.469456 0.295281
vt 0.473510 0.291554
vt 0.610252 0.173894
vt 0.630115 0.192757
vt 0.636353 0.203182
vt 0.644972 0.211820
vt 0.656721 0.186225
vt 0.750125 0.117223
vt 0.763181 0.095104
vt 0.200392 0.518993
vt 0.209661 0.483586
vt 0.219528 0.486703
vt 0.177805 0.651742
vt 0.181564 0.668962
vt 0.187982 0.535282
vt 0.220208 0.740186
vt 0.206962 0.702679
vt 0.188723 0.780504
vt 0.145691 0.728231
vt 0.030080 0.480991
vt 0.137704 0.487287
vt 0.122587 0.512370
vt 0.053811 0.502240
vt 0.983641 0.649444
vt 0.983319 0.655228
vt 0.983538 0.671813
vt 0.980782 0.686482
vt 0.856802 0.616225
vt 0.861581 0.611620
vt 0.880601 0.634898
vt 0.836500 0.569485
vt 0.841551 0.597807
vt 0.902228 0.426436
vt 0.984121 0.616641
vt 0.958152 0.326428
vt 0.980837 0.336728
vt 0.980183 0.342150
vt 0.979592 0.345356
vt 0.984121 0.316763
vt 0.318818 0.617319
vt 0.275223 0.594876
vt 0.247487 0.548671
vt 0.246736 0.550023
vt 0.251849 0.453112
vt 0.297464 0.473087
vt 0.302265 0.493339
vt 0.309878 0.511006
vt 0.235862 0.433306
vt 0.222624 0.403605
vt 0.233493 0.391864
vt 0.221888 0.376643
vt 0.242445 0.390557
vt 0.101065 0.981561
vt 0.101089 0.987896
vt 0.052336 0.988146
vt 0.071486 0.981394
vt 0.257975 0.342545
vt 0.165518 0.977076
vt 0.165598 0.963727
vt 0.194192 0.964488
vt 0.194136 0.976840
vt 0.274453 0.977390
vt 0.274592 0.964806
vt 0.321906 0.969969
vt 0.321903 0.973646
vt 0.920022 0.028086
vt 0.952732 0.081441
vt 0.955863 0.107771
vt 0.958275 0.146199
vt 0.942414 0.221525
vt 0.954740 0.179114
vt 0.945894 0.222689
vt 0.826699 0.111509
vt 0.854480 0.089479
vt 0.877182 0.072431
vt 0.890986 0.056878
vt 0.896970 0.202293
vt 0.901445 0.047273
vt 0.810277 0.170809
vt 0.783007 0.187257
vt 0.776217 0.160800
vt 0.797927 0.137819
vt 0.789168 0.197351
vt 0.822059 0.196792
vt 0.792389 0.208359
vt 0.752893 0.171607
vt 0.646920 0.278968
vt 0.633984 0.263551
vt 0.635686 0.285105
vt 0.626402 0.290178
vt 0.627664 0.291990
vt 0.618548 0.296486
vt 0.027812 0.528025
vt 0.016770 0.493466
vt 0.016301 0.527159
vt 0.007239 0.493813
vt 0.322678 0.878645
vt 0.335267 0.941789
vt 0.023202 0.544695
vt 0.343446 0.900583
vt 0.319412 0.759661
vt 0.317911 0.654175
vt 0.222949 0.742352
vt 0.192609 0.783451
vt 0.141206 0.851906
vt 0.325065 0.012654
vt 0.347363 0.076059
vt 0.083718 0.945079
vt 0.276025 0.017607
vt 0.348218 0.149128
vt 0.372143 0.177618
vt 0.432845 0.205160
vt 0.412560 0.182851
vt 0.472301 0.015584
vt 0.369806 0.010570
vt 0.622425 0.110654
vt 0.626058 0.122317
vt 0.739404 0.019294
vt 0.746675 0.018469
vt 0.772778 0.013523
vt 0.573332 0.340997
vt 0.581920 0.308467
vt 0.580625 0.300151
vt 0.590901 0.276989
vt 0.601690 0.258670
vt 0.619302 0.234311
vt 0.645926 0.213278
vt 0.443125 0.286755
vt 0.465678 0.300822
vt 0.049392 0.981779
vt 0.124574 0.971238
vt 0.124659 0.968505
vt 0.140224 0.968510
vt 0.140164 0.971846
vt 0.057853 0.964258
vt 0.057635 0.968019
vt 0.068587 0.959746
vt 0.067846 0.973751
vt 0.090701 0.962262
vt 0.084398 0.973358
vt 0.218542 0.968471
vt 0.250577 0.968589
vt 0.250560 0.973360
vt 0.218566 0.973277
vt 0.267154 0.968705
vt 0.267137 0.973349
vt 0.422400 0.974875
vt 0.421054 0.964698
vt 0.470231 0.959746
vt 0.471186 0.966900
vt 0.345455 0.970352
vt 0.345437 0.973675
vt 0.363886 0.965658
vt 0.363876 0.978352
vt 0.387309 0.964246
vt 0.387339 0.979779
vt 0.405104 0.969823
vt 0.405155 0.973630
vt 0.340885 0.663026
vt 0.359847 0.635799
vt 0.267508 0.022674
vt 0.339744 0.154604
vt 0.364751 0.185748
vt 0.835630 0.568130
vt 0.853064 0.544249
vt 0.867358 0.509428
vt 0.897724 0.424579
vt 0.911530 0.396459
vt 0.927894 0.340252
vt 0.935714 0.302001
vt 0.940909 0.288357
vt 0.788261 0.035359
vt 0.774966 0.012320
vt 0.773567 0.090166
vt 0.062131 0.928894
vt 0.762846 0.090875
vt 0.838442 0.364107
vt 0.878959 0.378240
vt 0.861184 0.443302
vt 0.887671 0.381349
vt 0.875368 0.390735
vt 0.790802 0.345424
vt 0.868615 0.471320
vt 0.869524 0.474899
vt 0.858707 0.482625
vt 0.737058 0.332267
vt 0.733179 0.344828
vt 0.691087 0.325131
vt 0.687844 0.348645
vt 0.631452 0.314556
vt 0.605156 0.312588
vt 0.828232 0.498965
vt 0.045803 0.166682
vt 0.036518 0.163338
vt 0.036306 0.160587
vt 0.073757 0.052401
vt 0.070204 0.171023
vt 0.099383 0.172204
vt 0.007309 0.090087
vt 0.012961 0.086640
vt 0.011151 0.090483
vt 0.179264 0.089520
vt 0.151693 0.127498
vt 0.074146 0.052321
vt 0.006187 0.093840
vt 0.036257 0.157991
vt 0.031785 0.157692
vt 0.028498 0.152391
vt 0.038255 0.151553
vt 0.032950 0.159948
vt 0.019810 0.111935
vt 0.880168 0.378689
vt 0.842182 0.365431
vt 0.873684 0.397333
vt 0.863135 0.479474
vt 0.870224 0.472772
vt 0.733193 0.344769
vt 0.687848 0.348606
vt 0.588699 0.329330
vt 0.656352 0.390125
vt 0.606993 0.342964
vt 0.593948 0.340171
vt 0.636208 0.388211
vt 0.038320 0.072981
vt 0.035038 0.162813
vt 0.042038 0.165310
vt 0.120602 0.167230
vt 0.013110 0.116221
vt 0.024290 0.138078
vt 0.032503 0.159082
vt 0.736152 0.546221
vt 0.736152 0.546221
s 1
usemtl Material.001
f 15/1/1 7/2/2 6/3/3
f 15/1/1 16/4/4 7/2/2
f 9/5/5 12/6/6 13/7/7
f 14/8/8 16/4/4 15/1/1
f 20/9/9 21/10/10 19/11/11
f 23/12/12 5/13/13 6/3/3
f 7/2/2 8/14/14 56/15/15
f 5/13/13 23/12/12 22/16/16
f 3/17/17 39/18/18 1/19/19
f 18/20/20 42/21/21 17/22/22
f 1/19/19 47/23/23 18/20/20
f 42/21/21 45/24/24 44/25/25
f 877/26/26 250/27/27 252/28/28
f 43/29/29 40/30/30 41/31/31
f 52/32/32 29/33/33 27/34/34
f 27/34/34 53/35/35 52/32/32
f 29/33/33 30/36/36 26/37/37
f 257/38/38 374/39/39 379/40/40
f 49/41/41 62/42/42 61/43/43
f 50/44/44 49/41/41 61/43/43
f 19/11/11 5/13/13 2/45/45
f 241/46/46 253/47/47 252/28/28
f 85/48/48 84/49/49 86/50/50
f 87/51/51 64/52/52 370/53/53
f 12/6/6 85/48/48 87/51/51
f 13/7/7 87/51/51 88/54/54
f 14/8/8 88/54/54 89/55/55
f 91/56/56 74/57/57 155/58/58
f 74/57/57 92/59/59 156/60/60
f 157/61/61 96/62/62 158/63/63
f 158/63/63 97/64/64 159/65/65
f 69/66/66 687/67/67 72/68/68
f 124/69/69 122/70/70 123/71/71
f 132/72/72 119/73/73 122/70/70
f 129/74/74 113/75/75 115/76/76
f 130/77/77 115/76/76 117/78/78
f 134/79/79 136/80/80 135/81/81
f 143/82/82 144/83/83 142/84/84
f 144/83/83 145/85/85 146/86/86
f 722/87/87 158/63/63 724/88/88
f 92/59/59 786/89/89 156/60/60
f 138/90/90 140/91/91 139/92/92
f 137/93/93 139/92/92 165/94/94
f 91/56/56 90/95/95 140/91/91
f 38/96/96 162/97/97 37/98/98
f 139/92/92 166/99/99 710/100/100
f 147/101/101 149/102/102 148/103/103
f 152/104/104 148/103/103 149/102/102
f 167/105/105 170/106/106 171/107/107
f 168/108/108 172/109/109 169/110/110
f 171/107/107 173/111/111 172/109/109
f 170/106/106 174/112/112 171/107/107
f 174/112/112 176/113/113 173/111/111
f 176/113/113 177/114/114 175/115/115
f 176/113/113 178/116/116 179/117/117
f 179/117/117 181/118/118 177/114/114
f 182/119/119 184/120/120 183/121/121
f 157/61/61 722/87/87 719/122/122
f 96/62/62 95/123/123 152/104/104
f 148/103/103 190/124/124 94/125/125
f 192/126/126 193/127/127 189/128/128
f 201/129/129 51/130/130 52/32/32
f 125/131/131 133/132/132 122/70/70
f 32/133/133 199/134/134 196/135/135
f 198/136/136 203/137/137 202/138/138
f 34/139/139 206/140/140 35/141/141
f 36/142/142 204/143/143 38/96/96
f 103/144/144 105/145/145 208/146/146
f 170/106/106 208/146/146 105/145/145
f 34/139/139 28/147/147 167/105/105
f 176/113/113 174/112/112 127/148/148
f 128/149/149 212/150/150 127/148/148
f 213/151/151 180/152/152 212/150/150
f 215/153/153 214/154/154 180/155/152
f 176/113/113 127/148/148 212/156/150
f 176/113/113 212/156/150 178/116/116
f 181/118/118 180/152/152 214/154/154
f 182/119/119 215/153/153 216/157/155
f 129/74/74 224/158/156 220/159/157
f 222/160/158 226/161/159 298/162/160
f 234/163/161 194/164/162 235/165/163
f 233/166/164 229/167/165 412/168/166
f 194/164/162 193/127/127 237/169/167
f 96/62/62 152/104/104 191/170/168
f 234/163/161 195/171/169 96/62/62
f 319/172/170 290/173/171 291/174/172
f 687/67/67 70/175/173 72/68/68
f 677/176/174 64/52/52 86/50/50
f 700/177/175 881/178/176 251/179/177
f 257/38/38 307/180/178 256/181/179
f 61/43/43 63/182/180 50/44/44
f 266/183/181 268/184/182 267/185/183
f 269/186/184 270/187/185 271/188/186
f 16/4/4 62/42/42 8/14/14
f 299/189/187 298/162/160 297/190/188
f 223/191/189 298/162/160 299/189/187
f 185/192/190 145/85/85 143/82/82
f 186/193/191 216/194/155 218/195/192
f 14/8/8 284/196/193 16/4/4
f 285/197/194 300/198/195 256/181/179
f 261/199/196 262/200/197 305/201/198
f 308/202/199 264/203/200 266/183/181
f 309/204/201 267/185/183 269/186/184
f 283/205/202 310/206/203 63/182/180
f 302/207/204 310/206/203 283/205/202
f 25/208/205 24/209/206 50/44/44
f 313/210/207 310/206/203 302/207/204
f 314/211/208 294/212/209 295/213/210
f 315/214/211 317/215/212 316/216/213
f 319/172/170 311/217/214 290/173/171
f 316/216/213 130/77/77 131/218/215
f 254/219/216 317/215/212 132/72/72
f 311/217/214 254/219/216 133/132/132
f 313/210/207 133/132/132 203/137/137
f 317/215/212 131/218/215 132/72/72
f 203/137/137 198/136/136 54/220/217
f 283/205/202 61/43/43 62/42/42
f 274/221/218 323/222/219 272/223/220
f 223/191/189 324/224/221 219/225/222
f 218/195/192 325/226/223 186/193/191
f 192/126/126 237/169/167 193/127/127
f 335/227/224 336/228/225 330/229/226
f 325/226/223 333/230/227 340/231/228
f 320/232/229 333/230/227 324/224/221
f 322/233/230 331/234/231 321/235/232
f 324/224/221 333/230/227 218/236/192
f 322/233/230 338/237/233 331/234/231
f 218/236/192 333/230/227 325/226/223
f 340/231/228 341/238/234 334/239/235
f 331/234/231 337/240/236 309/204/201
f 334/239/235 341/238/234 335/227/224
f 336/228/225 339/241/237 332/242/238
f 343/243/239 341/238/234 342/244/240
f 339/241/237 341/238/234 343/243/239
f 339/241/237 343/243/239 338/237/233
f 338/237/233 343/243/239 337/240/236
f 342/244/240 333/230/227 337/240/236
f 265/245/241 263/246/242 279/247/243
f 345/248/244 263/246/242 261/199/196
f 265/245/241 344/249/245 266/183/181
f 387/250/246 386/251/247 413/252/248
f 347/253/249 348/254/250 346/255/251
f 329/256/252 274/221/218 275/257/253
f 275/257/253 354/258/254 329/256/252
f 328/259/255 354/258/254 357/260/256
f 356/261/257 159/65/65 97/64/64
f 282/262/258 378/263/259 260/264/260
f 378/263/259 345/248/244 260/264/260
f 360/265/261 361/266/262 1555/267/263
f 366/268/264 364/269/265 360/265/261
f 373/270/266 68/271/267 69/66/66
f 88/54/54 370/53/53 371/272/268
f 370/53/53 64/52/52 65/273/269
f 46/274/270 83/275/271 10/276/272
f 10/276/272 44/25/25 46/274/270
f 312/277/273 290/173/171 311/217/214
f 78/278/274 377/279/275 76/280/276
f 258/281/277 377/279/275 260/264/260
f 376/282/278 260/264/260 377/279/275
f 260/264/260 376/282/278 282/262/258
f 881/178/176 253/47/47 251/179/177
f 357/260/256 385/283/279 233/166/164
f 242/284/280 389/285/281 243/286/282
f 244/287/283 400/288/284 241/46/46
f 399/289/285 394/290/286 568/291/287
f 395/292/288 356/261/257 97/64/64
f 574/293/289 401/294/290 571/295/291
f 570/296/292 573/297/293 403/298/294
f 405/299/295 409/300/296 408/301/297
f 407/302/298 392/303/299 393/304/300
f 392/303/299 386/251/247 396/305/301
f 431/306/302 364/269/265 443/307/303
f 1062/308/304 430/309/305 1061/310/306
f 350/311/307 409/300/296 417/312/308
f 1061/310/306 430/309/305 245/313/309
f 437/314/310 448/315/311 436/316/312
f 448/315/311 455/317/313 447/318/314
f 465/319/315 474/320/316 464/321/317
f 477/322/318 478/323/319 487/324/320
f 482/325/321 483/326/322 491/327/323
f 503/328/324 543/329/325 505/330/326
f 462/331/327 1108/332/328 1154/333/329
f 508/334/330 510/335/331 511/336/332
f 1155/337/333 508/334/330 1158/338/334
f 1158/338/334 511/336/332 1162/339/335
f 512/340/336 503/328/324 513/341/337
f 499/342/338 510/335/331 497/343/339
f 501/344/340 510/335/331 499/342/338
f 1169/345/341 1172/346/342 1171/347/343
f 478/323/319 1139/348/344 1138/349/345
f 518/350/346 517/351/347 533/352/348
f 521/353/349 522/354/350 520/355/351
f 520/355/351 522/354/350 519/356/352
f 1183/357/353 523/358/354 521/353/349
f 523/358/354 524/359/355 522/354/350
f 1192/360/356 1195/361/357 528/362/358
f 493/363/359 530/364/360 492/365/361
f 1201/366/362 518/350/346 544/367/363
f 535/368/364 532/369/365 545/370/366
f 534/371/367 536/372/368 504/373/369
f 536/372/368 539/374/370 538/375/371
f 538/375/371 539/374/370 541/376/372
f 538/375/371 541/376/372 543/329/325
f 542/377/373 546/378/374 547/379/375
f 504/373/369 538/375/371 543/329/325
f 500/380/376 534/371/367 502/381/377
f 491/327/323 496/382/378 490/383/379
f 546/378/374 522/354/350 524/359/355
f 525/384/380 527/385/381 547/379/375
f 60/386/382 58/387/383 59/388/384
f 41/31/31 549/389/385 657/390/386
f 3/17/17 548/391/387 39/18/18
f 552/392/388 37/98/98 162/97/97
f 550/393/389 35/141/141 36/142/142
f 561/394/390 33/395/391 34/139/139
f 30/36/36 551/396/392 26/37/37
f 56/15/15 57/397/393 554/398/394
f 4/399/395 557/400/396 3/17/17
f 23/12/12 553/401/397 556/402/398
f 22/16/16 557/400/396 4/399/395
f 58/387/383 562/403/399 59/388/384
f 56/15/15 554/398/394 553/401/397
f 22/16/16 23/12/12 556/402/398
f 59/404/384 562/405/399 566/406/400
f 424/407/401 584/408/402 353/409/403
f 401/294/290 574/293/289 402/410/404
f 553/411/397 580/412/405 556/413/398
f 281/414/406 81/415/407 582/416/408
f 1231/417/409 558/418/410 1262/419/411
f 594/420/412 585/421/413 586/422/414
f 589/423/415 591/424/416 590/425/417
f 596/426/418 593/427/419 594/420/412
f 593/427/419 595/428/420 592/429/421
f 592/429/421 595/428/420 591/424/416
f 1267/430/422 1262/419/411 591/424/416
f 596/426/418 1266/431/423 595/428/420
f 1266/431/423 1267/430/422 595/428/420
f 561/432/390 599/433/424 563/434/425
f 552/435/388 601/436/426 564/437/427
f 601/436/426 603/438/428 600/439/429
f 603/438/428 1280/440/430 606/441/431
f 1278/442/432 1281/443/433 601/436/426
f 599/433/424 608/444/434 598/445/435
f 598/445/435 607/446/436 597/447/437
f 600/439/429 606/441/431 599/433/424
f 1286/448/438 606/441/431 1280/440/430
f 613/449/439 1294/450/440 611/451/441
f 567/452/442 609/453/443 565/454/444
f 577/455/445 611/451/441 578/456/446
f 612/457/447 1284/458/448 613/449/439
f 555/459/449 59/404/384 566/406/400
f 614/460/450 575/461/451 576/462/452
f 614/460/450 587/463/453 566/406/400
f 1193/464/454 1300/465/455 527/385/381
f 1153/466/456 1298/467/457 1299/468/458
f 615/469/459 618/470/460 616/471/461
f 624/472/462 621/473/463 630/474/464
f 627/475/465 624/472/462 628/476/466
f 631/477/467 629/478/468 630/474/464
f 635/479/469 620/480/470 616/471/461
f 620/480/470 636/481/471 621/473/463
f 670/482/472 621/473/463 636/481/471
f 649/483/473 643/484/474 823/485/475
f 620/480/470 619/486/476 616/471/461
f 621/473/463 670/482/472 622/487/477
f 655/18/478 617/488/479 615/469/459
f 663/489/480 615/469/459 632/490/481
f 661/491/482 665/492/483 664/493/484
f 876/27/485 877/26/26 879/28/486
f 695/494/487 880/495/488 878/179/489
f 668/496/490 641/497/491 827/498/492
f 825/499/493 668/496/490 824/500/494
f 826/501/495 828/502/496 642/503/497
f 641/497/491 668/496/490 639/504/498
f 825/499/493 669/505/499 668/496/490
f 646/506/500 648/507/501 645/508/502
f 667/509/503 827/498/492 641/497/491
f 640/510/504 639/504/498 1222/511/505
f 1222/511/505 639/504/498 638/512/506
f 638/512/506 666/513/507 637/514/508
f 672/515/509 666/513/507 638/512/506
f 673/516/510 675/517/511 674/518/512
f 671/519/513 637/514/508 673/516/510
f 619/486/476 632/490/481 615/469/459
f 664/493/484 665/492/483 658/520/514
f 688/521/515 691/522/516 690/523/517
f 696/278/518 697/524/519 695/494/487
f 702/525/520 703/526/521 704/50/522
f 704/50/522 703/526/521 678/527/523
f 717/528/524 716/529/525 786/89/89
f 788/530/526 723/531/527 822/171/528
f 790/532/529 725/533/530 1039/534/531
f 730/535/532 729/536/533 731/537/534
f 746/538/535 748/539/536 747/540/537
f 751/541/538 753/69/539 752/71/540
f 729/536/533 754/542/541 756/543/542
f 749/544/543 762/545/544 751/541/538
f 732/546/545 757/547/546 734/548/547
f 742/75/548 759/549/549 744/76/550
f 744/76/550 760/550/551 746/538/535
f 826/501/495 642/503/497 643/484/474
f 765/551/552 763/552/553 764/553/554
f 771/554/555 770/555/556 769/556/557
f 773/557/558 772/82/559 771/554/555
f 722/87/87 788/530/526 787/558/560
f 786/89/89 785/559/561 156/60/60
f 769/556/557 767/560/562 768/561/563
f 768/561/563 766/93/564 795/94/565
f 792/562/566 653/563/567 652/564/568
f 796/565/569 768/561/563 710/100/100
f 796/565/569 711/566/570 768/561/563
f 713/567/571 714/568/572 769/556/557
f 769/556/557 714/568/572 771/554/555
f 713/567/571 769/556/557 711/566/570
f 782/569/573 773/557/558 714/568/572
f 782/569/573 775/570/574 773/557/558
f 778/102/575 776/571/576 777/572/577
f 802/573/578 798/574/579 799/575/580
f 803/576/581 801/577/582 802/573/578
f 804/578/583 800/579/584 801/577/582
f 806/580/585 804/578/583 803/576/581
f 807/114/586 806/580/585 805/581/587
f 811/582/588 809/117/589 807/114/586
f 813/583/590 812/584/591 1007/585/592
f 814/586/593 816/587/594 813/583/590
f 776/571/576 779/588/595 816/587/594
f 818/589/596 781/590/597 720/591/598
f 722/87/87 787/558/560 719/122/122
f 648/507/501 823/485/475 647/592/599
f 830/593/600 651/594/601 653/563/567
f 825/499/493 824/500/494 834/595/602
f 797/596/603 800/579/584 826/501/495
f 826/501/495 832/597/604 833/598/605
f 732/546/545 832/597/604 757/547/546
f 804/578/583 806/580/585 758/599/606
f 810/600/607 836/601/608 835/602/609
f 835/603/609 806/580/585 808/116/610
f 810/600/607 835/603/609 808/116/610
f 740/604/611 759/549/549 742/75/548
f 841/605/612 845/606/613 838/607/614
f 846/608/615 759/549/549 844/609/616
f 845/606/613 847/610/617 844/609/616
f 925/611/618 848/612/619 845/606/613
f 821/613/620 856/614/621 857/165/622
f 788/530/526 822/171/528 721/615/623
f 1025/616/624 858/617/625 723/531/527
f 821/613/620 817/618/626 818/589/596
f 822/171/528 856/614/621 721/615/623
f 916/619/627 943/620/628 917/621/629
f 678/527/523 677/176/174 704/50/522
f 700/177/175 878/179/489 881/178/176
f 686/622/630 687/67/67 685/623/631
f 886/624/632 885/625/633 1008/626/634
f 893/627/635 895/628/636 894/629/637
f 899/630/638 900/631/639 898/632/640
f 901/633/641 902/634/642 900/631/639
f 631/477/467 675/517/511 910/635/643
f 774/636/644 814/586/593 772/82/559
f 915/637/645 914/638/646 916/619/627
f 843/639/647 925/611/618 841/605/612
f 911/640/648 912/641/649 913/642/650
f 886/624/632 913/642/650 914/638/646
f 926/643/651 911/640/648 884/644/652
f 893/627/635 932/202/653 895/628/636
f 934/645/654 675/517/511 666/513/507
f 916/619/627 912/641/649 936/646/655
f 672/515/509 934/645/654 666/513/507
f 937/647/656 935/648/657 934/645/654
f 925/611/618 924/649/658 848/612/619
f 941/650/659 940/651/660 938/652/661
f 942/653/662 943/620/628 941/650/659
f 935/648/657 943/620/628 916/619/627
f 935/648/657 882/654/663 943/620/628
f 760/550/551 938/652/661 761/655/664
f 940/651/660 761/655/664 938/652/661
f 941/650/659 882/654/663 762/545/544
f 882/654/663 935/648/657 937/647/656
f 761/655/664 941/650/659 749/544/543
f 672/515/509 669/505/499 825/499/493
f 820/656/665 951/657/666 780/658/667
f 780/658/667 951/657/666 779/588/595
f 949/659/668 842/660/669 815/193/670
f 962/661/671 961/662/672 953/663/673
f 950/664/674 959/665/675 949/659/668
f 944/666/676 954/667/677 933/668/678
f 957/669/679 944/666/676 948/224/680
f 955/670/681 946/671/682 945/235/683
f 958/672/684 842/673/669 949/659/668
f 965/674/685 959/665/675 960/675/686
f 957/669/679 963/676/687 944/666/676
f 965/674/685 960/675/686 961/662/672
f 955/670/681 964/677/688 956/678/689
f 966/679/690 959/665/675 965/674/685
f 967/680/691 965/674/685 962/661/671
f 956/678/689 967/680/691 962/661/671
f 964/677/688 967/680/691 956/678/689
f 964/677/688 966/679/690 967/680/691
f 963/676/687 966/679/690 954/667/677
f 957/669/679 966/679/690 963/676/687
f 643/484/474 642/503/497 823/485/475
f 968/681/692 969/682/693 896/683/694
f 892/684/695 894/629/637 905/685/696
f 895/628/636 896/683/694 969/682/693
f 908/686/697 892/684/695 906/687/698
f 905/685/696 969/682/693 904/688/699
f 974/254/700 973/689/701 972/255/702
f 856/614/621 821/613/620 818/589/596
f 980/690/703 858/617/625 984/691/704
f 789/692/705 983/693/706 723/531/527
f 1006/694/707 909/262/708 889/695/709
f 970/696/710 1006/694/707 889/695/709
f 984/691/704 983/693/706 853/697/711
f 988/266/712 987/698/713 1754/267/714
f 991/269/715 994/699/716 987/698/713
f 678/527/523 999/700/717 680/701/718
f 701/702/719 46/274/270 659/703/720
f 1006/694/707 970/696/710 908/686/697
f 1005/704/721 885/625/633 887/281/722
f 1006/694/707 908/686/697 909/262/708
f 916/619/627 936/646/655 935/648/657
f 1008/626/634 913/642/650 886/624/632
f 1008/626/634 885/625/633 884/644/652
f 812/584/591 839/705/723 1007/585/592
f 839/705/723 838/607/614 837/706/724
f 1007/585/592 837/706/724 811/582/588
f 691/522/516 1002/707/725 1005/704/721
f 889/695/709 909/262/708 1004/282/726
f 880/495/488 881/178/176 878/179/489
f 1015/708/727 984/691/704 855/709/728
f 789/692/705 853/697/711 983/693/706
f 1019/710/729 864/284/730 865/286/731
f 1029/711/732 866/287/733 863/712/734
f 1024/713/735 1028/289/736 1241/291/737
f 983/693/706 1025/616/624 723/531/527
f 971/714/738 1016/715/739 1017/716/740
f 1015/708/727 971/714/738 1017/716/740
f 1030/717/741 1247/718/742 1244/295/743
f 1023/719/744 1038/720/745 1035/721/746
f 1242/722/747 1023/719/744 1032/298/748
f 976/723/749 1036/724/750 973/689/701
f 1062/308/304 1061/310/306 1060/725/751
f 1081/315/752 1069/726/753 1068/316/754
f 1071/727/755 1082/728/756 1072/729/757
f 1089/317/758 1081/315/752 1080/318/759
f 1110/320/760 1100/730/761 1099/321/762
f 1102/731/763 1111/732/764 1103/733/765
f 1123/734/766 1134/365/767 1124/735/768
f 1150/736/769 1151/737/770 1149/738/771
f 1097/331/772 1154/333/329 1108/332/328
f 1156/739/773 1159/740/774 1157/741/775
f 1155/337/333 1156/739/773 1214/742/776
f 1158/338/334 1160/743/777 1156/739/773
f 1163/744/778 1146/745/779 1144/746/780
f 1152/747/781 1150/736/769 1173/748/782
f 1169/345/783 1172/346/784 1170/749/785
f 1115/750/786 1138/349/345 1139/348/344
f 1175/351/787 1176/751/788 1202/752/789
f 1182/354/790 1180/753/791 1179/355/792
f 1182/354/790 1179/355/792 1178/356/793
f 1184/754/794 1183/357/353 1180/753/791
f 1185/359/795 1184/754/794 1182/354/790
f 1195/361/796 1192/360/356 1191/362/797
f 1198/755/798 1135/756/799 1134/365/767
f 1123/734/766 1198/755/798 1134/365/767
f 1197/757/800 1199/758/801 1198/755/798
f 1141/759/802 1197/757/800 1133/760/803
f 1176/751/788 1201/366/362 1215/367/804
f 1212/761/805 1209/762/806 1206/763/807
f 1149/738/771 1211/764/808 1206/763/807
f 1210/765/809 1213/377/810 1217/379/811
f 1141/759/802 1143/766/812 1197/757/800
f 1140/767/813 1133/760/803 1132/383/814
f 1182/354/790 1210/765/809 1185/359/795
f 1174/768/815 1216/769/816 1178/356/793
f 1151/737/770 1211/764/808 1149/738/771
f 1187/384/817 1217/379/811 1190/385/818
f 652/564/568 1224/770/819 792/562/566
f 650/771/820 1221/772/821 651/594/601
f 648/507/501 1220/773/822 823/485/475
f 648/507/501 646/506/500 1220/773/822
f 637/514/508 671/519/513 1219/774/823
f 1230/775/824 618/470/460 617/488/479
f 1233/776/825 1223/777/826 1220/773/822
f 1230/775/824 616/471/461 618/470/460
f 1234/778/827 1222/511/505 1219/774/823
f 1224/770/819 602/779/828 1225/780/829
f 636/481/471 1226/781/830 670/482/472
f 1235/782/831 644/783/832 640/510/504
f 1218/784/833 1231/785/409 617/488/479
f 635/479/469 1226/781/830 636/481/471
f 1219/786/823 1239/787/834 1234/788/827
f 1250/789/835 1249/790/836 1248/791/837
f 1247/718/742 1030/717/741 1031/792/838
f 1237/793/839 1227/794/840 1226/795/830
f 1228/796/841 1239/787/834 1229/459/842
f 1050/797/843 1255/798/844 1247/718/742
f 1256/421/845 1271/799/846 1257/422/847
f 1259/800/848 1269/801/849 1270/802/850
f 1260/803/851 1268/804/852 1269/801/849
f 1261/425/853 1262/419/411 1268/804/852
f 1270/802/850 1272/426/854 1271/799/846
f 1267/430/422 1268/804/852 1262/419/411
f 1266/431/423 1272/426/854 1268/804/852
f 1266/431/423 1268/804/852 1267/430/422
f 1275/805/855 1233/806/825 646/807/500
f 1274/808/856 646/807/500 645/809/502
f 1273/810/857 645/809/502 644/811/832
f 1278/442/432 602/812/828 1224/813/819
f 1279/814/858 1277/815/859 1276/439/860
f 1280/440/430 1279/814/858 1287/441/861
f 1278/442/432 1277/815/859 1281/443/433
f 1287/441/861 1275/805/855 1274/808/856
f 1287/441/861 1276/439/860 1275/805/855
f 1287/441/861 1286/448/438 1280/440/430
f 1240/816/862 1238/817/863 1290/818/864
f 1249/790/836 1294/450/440 1292/819/865
f 1293/457/866 613/449/439 1284/458/448
f 1229/459/842 1239/787/834 1219/786/823
f 1250/789/835 1295/820/867 1251/821/868
f 1248/791/837 1295/820/867 1250/789/835
f 1239/787/834 1296/822/869 1297/823/870
f 1258/463/871 1297/823/870 1296/822/869
f 1258/463/871 1295/820/867 1297/823/870
f 1300/465/455 1193/464/872 1190/385/818
f 1153/466/873 1298/467/874 1151/737/770
f 1195/361/875 1301/824/876 1196/825/877
f 1350/826/878 1346/827/879 1327/828/880
f 1327/828/880 1308/829/881 1350/826/878
f 1369/830/882 1370/831/883 1377/832/884
f 1377/832/884 1378/833/885 1381/834/886
f 1369/830/882 1377/832/884 1384/835/887
f 1396/836/888 1397/837/889 1400/838/890
f 1388/839/891 1396/836/888 1403/840/892
f 1407/841/893 1408/842/894 1412/843/895
f 1388/839/891 1403/840/892 1407/841/893
f 1388/839/891 1411/844/896 1369/830/882
f 1450/845/897 1446/846/898 1434/847/899
f 1465/848/900 1450/845/897 1434/847/899
f 1461/849/901 1450/845/897 1465/848/900
f 1465/848/900 1434/847/899 1476/850/902
f 1496/851/903 1497/852/904 1500/853/905
f 1503/854/906 1504/855/907 1508/856/908
f 1495/857/909 1503/854/906 1515/858/910
f 1515/858/910 1516/859/911 1523/860/912
f 1523/860/912 1524/861/913 1528/862/914
f 1495/857/909 1515/858/910 1527/863/915
f 1515/858/910 1523/860/912 1527/863/915
f 1527/863/915 1523/860/912 1531/864/916
f 1495/857/909 1527/863/915 1539/865/917
f 1527/863/915 1531/864/916 1535/866/918
f 1527/863/915 1535/866/918 1539/865/917
f 1539/865/917 1535/866/918 1543/867/919
f 1753/868/920 1762/869/921 791/870/922
f 1566/871/923 1565/872/924 1567/873/925
f 161/874/926 1560/875/927 1561/876/928
f 1558/877/929 1560/875/927 1563/878/930
f 1555/879/263 1565/872/924 1560/875/927
f 1569/880/931 1755/881/932 1571/882/933
f 1566/871/923 1567/873/925 1568/883/934
f 1564/884/935 1568/883/934 1570/885/936
f 1555/886/263 1579/887/937 1576/888/938
f 1574/889/939 1575/890/940 1573/891/941
f 1574/889/939 1776/892/942 1575/890/940
f 1555/893/263 1576/888/938 1577/894/943
f 1576/888/938 1562/895/944 1577/894/943
f 1559/896/945 1562/895/944 1578/897/946
f 1755/881/932 1559/896/945 1578/897/946
f 1573/891/941 1578/897/946 1562/895/944
f 1598/898/947 1583/899/948 1582/900/949
f 1583/899/948 1584/901/950 1581/902/951
f 1587/903/952 1588/904/953 1585/905/954
f 361/906/262 1589/907/955 1586/908/956
f 1601/909/957 1602/910/958 1600/911/959
f 1590/912/960 1591/913/961 1597/914/962
f 1595/915/963 1603/916/964 1596/917/965
f 1595/915/963 1596/917/965 1594/918/966
f 364/919/967 1601/909/957 1600/911/959
f 1598/898/947 1592/920/968 1599/921/969
f 364/922/967 1605/923/970 1601/909/957
f 1605/923/970 364/924/967 1609/925/971
f 1582/900/949 1581/902/951 1580/926/972 1589/907/955
f 1609/925/971 364/927/967 1611/928/973
f 1610/929/974 1609/925/971 1614/930/975
f 1613/931/976 1616/932/977 1612/933/978
f 1616/932/977 1617/934/979 1615/935/980
f 1613/931/976 1611/928/973 431/936/981
f 364/937/967 431/938/981 1611/928/973
f 1808/939/982 1807/940/983 1806/941/984
f 1616/932/977 1618/942/985 1617/934/979
f 1629/943/986 1631/944/987 1628/945/988
f 1638/946/989 1643/947/990 1637/948/991
f 1636/949/992 1642/950/993 1635/951/994
f 1644/952/995 1647/953/996 1638/946/989
f 1643/947/990 1646/954/997 1636/949/992
f 1643/947/990 1651/955/998 1646/954/997
f 1648/956/999 1651/955/998 1643/947/990
f 1630/957/1000 1645/958/1001 1650/959/1002
f 1630/957/1000 1650/959/1002 1634/960/1003
f 1640/961/1004 1644/952/995 1639/962/1005
f 1644/952/995 1653/963/1006 1649/964/1007
f 1649/964/1007 1653/963/1006 1655/965/1008
f 1661/966/1009 1658/967/1010 1657/968/1011
f 1662/969/1012 1658/967/1010 1661/966/1009
f 1665/970/1013 1663/971/1014 1658/967/1010
f 1666/972/1015 1665/970/1013 1662/969/1012
f 1674/973/1016 1671/974/1017 1670/975/1018
f 1676/976/1019 1674/973/1016 1673/977/1020
f 1677/978/1021 1679/979/1022 1678/980/1023
f 1682/981/1024 1684/982/1025 1686/983/1026
f 1684/984/1025 1685/985/1027 1687/986/1028
f 1686/987/1026 1687/986/1028 1688/988/1029
f 1693/989/1030 1694/990/1031 1700/991/1032
f 1703/992/1033 1697/993/1034 1698/994/1035
f 1691/995/1036 1693/989/1030 1692/996/1037
f 1712/997/1038 1711/998/1039 1714/999/1040
f 1711/998/1039 1710/1000/1041 1713/1001/1042
f 1711/998/1039 1713/1001/1042 1716/1002/1043
f 1714/999/1040 1716/1002/1043 1719/1003/1044
f 1725/1004/1045 1724/1005/1046 1727/1006/1047
f 1724/1005/1046 1726/1007/1048 1728/1008/1049
f 1727/1006/1047 1728/1008/1049 1730/1009/1050
f 1729/1010/1051 1731/1011/1052 1732/1012/1053
f 1714/999/1040 1726/1007/1048 1712/997/1038
f 1719/1003/1044 1729/1010/1051 1714/999/1040
f 1727/1006/1047 1734/1013/1054 1725/1004/1045
f 1735/1014/1055 1737/1015/1056 1727/1006/1047
f 1727/1006/1047 1736/1016/1057 1734/1013/1054
f 1739/1017/1058 1744/1018/1059 1745/1019/1060
f 1747/1020/1061 1746/1021/1062 1745/1019/1060
f 1743/1022/1063 1749/1023/1064 1739/1017/1058
f 1743/1022/1063 1746/1021/1062 1749/1023/1064
f 1735/1014/1055 1750/1024/1065 1737/1015/1056
f 1750/1024/1065 1735/1014/1055 1751/1025/1066
f 791/1026/922 1762/869/921 1761/1027/1067
f 1761/1027/1067 1759/1028/1068 1764/1029/1069
f 1761/1027/1067 1768/1030/1070 791/1031/922
f 1778/1032/1071 1772/1033/1072 988/1034/712
f 1770/1035/1073 1771/1036/1074 1755/1037/932
f 1769/1038/1075 1768/1030/1070 1765/1039/1076
f 1767/1040/1077 1770/1035/1073 1769/1038/1075
f 1771/1036/1074 1770/1035/1073 1767/1040/1077
f 1769/1038/1075 1765/1039/1076 1767/1040/1077
f 1772/1033/1072 1763/1041/1078 1773/1042/1079
f 1773/1042/1079 1775/1043/1080 1788/1044/1081
f 1754/1045/714 1778/1032/1071 988/1034/712
f 1754/1046/714 1779/1047/1082 1778/1032/1071
f 1760/1048/1083 1780/1049/1084 1763/1050/1078
f 988/1051/712 1786/1052/1085 1787/1053/1086
f 1755/1037/932 1780/1049/1084 1760/1048/1083
f 1774/1054/1087 1763/1041/1078 1780/1049/1084
f 1782/1055/1088 1783/1056/1089 1784/1057/1090
f 1785/1058/1091 1799/1059/1092 1784/1057/1090
f 1772/1033/1072 1786/1052/1085 988/1034/712
f 1787/1053/1086 1782/1055/1088 988/1060/712
f 1787/1053/1086 1788/1044/1081 1789/1061/1093
f 1790/1062/1094 1791/1063/1095 1792/1064/1096
f 1782/1055/1088 1787/1053/1086 1781/1065/1097
f 1787/1053/1086 1789/1061/1093 1781/1065/1097
f 1797/1066/1098 1803/1067/1099 1796/1068/1100
f 991/1069/1101 1800/1070/1102 1801/1071/1103
f 1791/1063/1095 1798/1072/1104 1793/1073/1105
f 1792/1064/1096 1791/1063/1095 1794/1074/1106
f 1799/1059/1092 1793/1073/1105 1798/1072/1104
f 1805/1075/1107 1809/1076/1108 991/1077/1101
f 1796/1068/1100 1803/1067/1099 1794/1074/1106
f 1801/1071/1103 1805/1075/1107 991/1078/1101
f 1771/1079/1074 1570/1080/936 1571/1081/933
f 1807/940/983 1809/1076/1108 1805/1075/1107
f 991/1082/1101 1809/1076/1108 1811/1083/1109
f 1813/1084/1110 1811/1083/1109 1809/1076/1108
f 991/1085/1101 1811/1083/1109 1812/1086/1111
f 1817/1087/1112 1819/1088/1113 1818/1089/1114
f 991/1090/1101 1812/1086/1111 1076/1091/1115
f 1821/1092/1116 1820/1093/1117 1823/1094/1118
f 1841/1095/1119 1845/1096/1120 1846/1097/1121
f 1842/1098/1122 1846/1097/1121 1847/1099/1123
f 1844/1100/1124 1843/1101/1125 1850/1102/1126
f 1824/1103/1127 1826/1104/1128 1841/1095/1119
f 1830/1105/1129 1845/1096/1120 1828/1106/1130
f 1831/1107/1131 1833/1108/1132 1848/1109/1133
f 1844/1100/1124 1850/1102/1126 1854/1110/1134
f 1851/1111/1135 1854/1110/1134 1850/1102/1126
f 1860/1112/1136 1863/1113/1137 1859/1114/1138
f 1861/1115/1139 1865/1116/1140 1860/1112/1136
f 1863/1113/1137 1864/1117/1141 1862/1118/1142
f 1865/1116/1140 1866/1119/1143 1863/1113/1137
f 1867/1120/1144 1869/1121/1145 1865/1116/1140
f 1866/1119/1143 1868/1122/1146 1864/1117/1141
f 1872/1123/1147 1874/1124/1148 1871/1125/1149
f 1874/1124/1148 1876/1126/1150 1873/1127/1151
f 1885/1128/1152 1886/1129/1153 1884/1130/1154
f 1885/1128/1152 1887/1131/1155 1886/1129/1153
f 1891/1132/1156 1893/1133/1157 1894/1134/1158
f 1893/1135/1157 1883/1136/1159 1881/1137/1160
f 1892/1138/1161 1885/1128/1152 1883/1136/1159
f 1879/1139/1162 1894/1134/1158 1881/1140/1160
f 1897/1141/1163 1901/1142/1164 1896/1143/1165
f 1905/1144/1166 1908/1145/1167 1904/1146/1168
f 1909/1147/1169 1911/1148/1170 1905/1144/1166
f 1905/1144/1166 1911/1148/1170 1908/1145/1167
f 1912/1149/1171 1721/1150/1172 1720/1151/1173
f 1918/1152/1174 1906/1153/1175 1917/1154/1176
f 1920/1155/1177 1922/1156/1178 1906/1153/1175
f 1909/1147/1169 1906/1153/1175 1922/1156/1178
f 1923/1157/1179 1925/1158/1180 1922/1156/1178
f 1926/1159/1181 1919/1160/1182 1916/1161/1183
f 1931/1162/1184 1929/1163/1185 1928/1164/1186
f 1936/1165/1187 1932/1166/1188 1935/1167/1189
f 1932/1166/1188 1938/1168/1190 1937/1169/1191
f 1936/1165/1187 1941/1170/1192 1939/1171/1193
f 1930/1172/1194 1942/1173/1195 1927/1174/1196
f 1633/1175/1197 1832/1176/1198 1632/1177/1199
f 1861/1178/1139 1660/1179/1200 1664/1180/1201
f 1867/1181/1144 1664/1180/1201 1668/1182/1202
f 1875/1183/1203 1672/1184/1204 1675/1185/1205
f 1876/1186/1150 1679/979/1022 1676/976/1019
f 1622/1187/1206 1820/1188/1117 1619/1189/1207
f 1631/944/987 1829/1190/1208 1628/945/988
f 1756/1191/1209 1556/1192/1210 1757/1193/1211
f 1758/1194/1212 1557/1195/1213 1558/1196/929 1759/1197/1068
f 1755/1198/932 1771/1079/1074 1571/1081/933
f 1578/1199/946 1780/1200/1084 1755/1201/932
f 1575/1202/940 1774/1203/1087 1573/1204/941
f 1776/1205/942 1774/1203/1087 1575/1202/940
f 1588/1206/953 1788/1207/1081 1777/1208/1214
f 1607/1209/1215 1608/1210/1216 1606/1211/1217
f 1555/1212/263 1577/894/943 1565/872/924
f 1694/990/1031 1693/989/1030 1887/1131/1155
f 1710/1213/1041 1900/1214/1218 1903/1215/1219
f 1722/1216/1220 1721/1217/1172 1912/1218/1171
f 1746/1219/1062 1747/1220/1061 1939/1171/1193
f 1955/1221/1221 1943/1222/1222 1972/1223/1223
f 1950/1224/1224 398/1225/1225 1952/1226/1226
f 1950/1224/1224 1952/1226/1226 1951/1227/1227
f 1943/1222/1222 1955/1221/1221 1946/1228/1228
f 1949/1229/1229 397/1230/1230 1967/1231/1231
f 1972/1223/1223 1979/1232/1232 1955/1221/1221
f 1969/1233/1233 1971/1234/1234 1973/1235/1235
f 1967/1231/1231 1950/1224/1224 1943/1222/1222
f 1973/1235/1235 1970/1236/1236 1969/1233/1233
f 1967/1231/1231 1943/1222/1222 1947/1237/1237
f 1968/1238/1238 1974/1239/1239 1973/1235/1235
f 1992/1240/1240 1971/1234/1234 1965/1241/1241
f 1987/1242/1242 1979/1232/1232 1978/1243/1243
f 1960/1244/1244 1963/1245/1245 1985/1246/1246
f 1945/1247/1247 1984/1248/1248 1981/1249/1249
f 1962/1250/1250 1973/1235/1235 1971/1234/1234
f 1974/1239/1239 1987/1242/1242 1970/1236/1236
f 1979/1232/1232 1987/1242/1242 1974/1239/1239
f 1962/1250/1250 1971/1234/1234 1992/1240/1240
f 1986/1251/1251 2001/1252/1252 1971/1253/1234
f 1962/1250/1250 1992/1240/1240 1964/1254/1253
f 1952/1226/1226 1990/1255/1254 1951/1227/1227
f 1971/1253/1234 2001/1252/1252 1965/1256/1241
f 1984/1248/1248 1998/1257/1255 1981/1249/1249
f 1984/1248/1248 1985/1246/1246 1998/1257/1255
f 393/1258/300 1997/1259/1256 2002/1260/1257
f 1993/1261/1258 1966/1262/1259 2000/1263/1260
f 2003/1264/1261 2002/1260/1257 2005/1265/1262
f 569/1266/1263 2003/1264/1261 2004/1267/1264
f 1966/1262/1259 2001/1252/1252 2005/1265/1262
f 2002/1260/1257 1997/1259/1256 2005/1265/1262
f 2001/1252/1252 1986/1251/1251 2005/1265/1262
f 1997/1259/1256 1998/1257/1255 2005/1265/1262
f 2004/1267/1264 2003/1264/1261 2005/1265/1262
f 1999/1268/1265 2004/1267/1264 2005/1265/1262
f 1983/1269/1266 1999/1268/1265 2005/1265/1262
f 2000/1263/1260 1966/1262/1259 2005/1265/1262
f 1988/1270/1267 1983/1269/1266 2005/1265/1262
f 1989/1271/1268 1988/1270/1267 2005/1265/1262
f 1978/1272/1243 1989/1271/1268 2005/1265/1262
f 1998/1257/1255 1985/1246/1246 2005/1265/1262
f 1986/1251/1251 1978/1272/1243 2005/1265/1262
f 1985/1246/1246 2000/1263/1260 2005/1265/1262
f 2012/1273/1269 2011/1274/1270 2007/1275/1271
f 2021/1276/1272 2007/1275/1271 2011/1274/1270
f 2022/1277/1273 2007/1275/1271 2021/1276/1272
f 2027/1278/1274 2030/1254/1275 2028/1279/1276
f 2032/1280/1277 2064/1281/1278 2065/1282/1279
f 2035/1283/1280 2037/1284/1281 2036/1285/1282
f 2007/1275/1271 2041/1286/1283 2015/1287/1284
f 2007/1275/1271 2033/1288/1285 2012/1273/1269
f 2015/1287/1284 2041/1286/1283 2017/1289/1286
f 2068/1290/1287 2047/1291/1288 2045/1292/1289
f 2047/1291/1288 2039/1293/1290 2048/1294/1291
f 2041/1286/1283 2046/1295/1292 2044/1296/1293
f 2036/1285/1282 2037/1284/1281 2046/1295/1292
f 2008/1297/1294 2050/1298/1295 2013/1299/1296
f 2025/1300/1297 2054/1301/1298 2027/1302/1274
f 2056/1303/1299 2039/1304/1290 2038/1305/1300
f 2059/1306/1301 2008/1297/1294 2010/1307/1302
f 2059/1306/1301 2010/1307/1302 2006/1308/1303
f 2017/1289/1286 2067/1309/1304 2063/1310/1305
f 2064/1281/1278 2029/1311/1306 2030/1254/1275
f 2063/1310/1305 2018/1226/1307 2017/1289/1286
f 2057/1312/1308 2072/1313/1309 2052/1314/1310
f 2052/1314/1310 2071/1315/1311 2051/1316/1312
f 2070/1317/1313 2053/1318/1314 2049/1319/1315
f 2065/1320/1279 2074/1321/1316 2032/1322/1277
f 2056/1303/1299 2048/1323/1291 2039/1304/1290
f 2077/1264/1317 2079/1265/1318 2076/1324/1319
f 2032/1322/1277 2074/1321/1316 2031/1325/1320
f 2055/1326/1321 2074/1321/1316 2065/1320/1279
f 2069/1327/1322 2050/1298/1295 2008/1297/1294
f 2074/1321/1316 2079/1265/1318 2031/1325/1320
f 2076/1324/1319 2079/1265/1318 2075/1328/1323
f 2040/1329/1324 2079/1265/1318 2056/1303/1299
f 2069/1327/1322 2079/1265/1318 2070/1317/1313
f 2078/1330/1325 2079/1265/1318 2077/1264/1317
f 2031/1325/1320 2079/1265/1318 2040/1329/1324
f 2072/1313/1309 2079/1265/1318 2071/1315/1311
f 2057/1312/1308 2079/1265/1318 2072/1313/1309
f 2071/1315/1311 2079/1265/1318 2078/1330/1325
f 2058/1331/1326 2079/1265/1318 2057/1312/1308
f 2056/1303/1299 2079/1265/1318 2058/1331/1326
f 2070/1317/1313 2079/1265/1318 2073/1332/1327
f 2073/1332/1327 2079/1265/1318 2074/1321/1316
f 2075/1328/1323 2079/1265/1318 2069/1327/1322
f 24/209/206 25/208/205 26/37/37
f 161/1333/926 1561/876/928 1554/1334/1328
f 1790/1335/1094 987/698/713 988/266/712
f 869/1336/1329 861/1337/1330 1060/725/751
f 360/265/261 1590/1338/960 361/266/262
f 350/311/307 351/1339/1331 349/1340/1332
f 1033/1341/1333 1036/724/750 1034/1342/1334
f 350/311/307 408/301/297 409/300/296
f 868/1343/1335 245/313/309 246/1344/1336
f 5/13/13 21/10/10 9/5/5 6/3/3
f 21/10/10 5/13/13 19/11/11
f 10/276/272 11/1345/1337 20/9/9 17/22/22
f 9/5/5 15/1/1 6/3/3
f 21/10/10 20/9/9 11/1345/1337 12/6/6
f 15/1/1 9/5/5 13/7/7 14/8/8
f 9/5/5 21/10/10 12/6/6
f 19/11/11 18/20/20 17/22/22 20/9/9
f 17/22/22 42/21/21 10/276/272
f 22/16/16 4/399/395 2/45/45 5/13/13
f 56/15/15 23/12/12 6/3/3 7/2/2
f 50/44/44 63/182/180 25/208/205
f 39/18/18 40/30/30 43/29/29 47/23/23
f 1/19/19 39/18/18 47/23/23
f 42/21/21 47/23/23 48/1346/1338 45/24/24
f 47/23/23 42/21/21 18/20/20
f 10/276/272 42/21/21 44/25/25
f 244/287/283 241/46/46 252/28/28 250/27/27
f 77/1347/1339 251/179/177 253/47/47
f 247/1348/1340 248/1349/1341 873/1350/1342 870/1351/1343
f 246/1344/1336 247/1348/1340 870/1351/1343 868/1343/1335
f 242/284/280 248/1349/1341 247/1348/1340 240/1352/1344
f 32/133/133 31/1353/1345 29/33/33 51/130/130
f 7/2/2 16/4/4 8/14/14
f 202/138/138 125/131/131 100/1354/1346 211/1355/1347
f 566/406/400 562/405/399 559/1356/1348 567/452/442
f 200/1357/1349 28/147/147 210/1358/1350
f 55/1359/1351 27/34/34 25/208/205
f 27/34/34 55/1359/1351 53/35/35
f 36/142/142 38/96/96 37/98/98
f 196/135/135 34/139/139 33/395/391
f 29/33/33 31/1353/1345 30/36/36
f 29/33/33 52/32/32 51/130/130
f 27/34/34 29/33/33 26/37/37
f 26/37/37 25/208/205 27/34/34
f 127/148/148 174/112/112 107/1360/1352
f 60/386/382 49/41/41 50/44/44 24/209/206
f 18/20/20 19/11/11 2/45/45 1/19/19
f 8/14/14 62/42/42 49/41/41
f 75/1361/1353 700/177/175 251/179/177 77/1347/1339
f 47/23/23 43/29/29 48/1346/1338
f 16/4/4 284/196/193 283/205/202
f 249/1362/1354 248/1349/1341 242/284/280 243/286/282
f 73/1363/1355 72/68/68 70/175/173 71/1364/1356
f 75/1361/1353 76/280/276 73/1363/1355 71/1364/1356
f 239/1365/1357 245/313/309 430/309/305 428/1366/1358
f 86/50/50 64/52/52 87/51/51 85/48/48
f 78/278/274 77/1347/1339 79/1367/1359
f 241/46/46 77/1347/1339 253/47/47
f 65/273/269 66/1368/1360 371/272/268 370/53/53
f 88/54/54 87/51/51 370/53/53
f 83/275/271 84/49/49 11/1345/1337 10/276/272
f 84/49/49 85/48/48 12/6/6 11/1345/1337
f 66/1368/1360 67/1369/1361 372/1370/1362 371/272/268
f 13/7/7 12/6/6 87/51/51
f 14/8/8 13/7/7 88/54/54
f 710/100/100 709/1371/1363 165/94/94 139/92/92
f 99/1372/1364 161/1373/926 160/1374/1365 98/533/1366
f 166/99/99 90/95/95 154/1375/1367
f 91/56/56 82/1376/1368 74/57/57
f 95/123/123 96/62/62 157/61/61
f 158/63/63 195/171/169 97/64/64
f 160/1374/1365 411/1377/1369 98/533/1366
f 100/1354/1346 102/537/1370 104/1378/1371 103/144/144
f 101/535/1372 102/537/1370 100/1354/1346
f 105/145/145 103/144/144 104/1378/1371 106/1379/1373
f 107/1360/1352 105/145/145 106/1379/1373 108/1380/1374
f 107/1360/1352 108/1380/1374 110/1381/1375 109/1382/1376
f 109/1382/1376 110/1381/1375 112/1383/1377 111/1384/1378
f 115/76/76 113/75/75 114/1385/1379 116/1386/1380
f 117/78/78 115/76/76 116/1386/1380 118/540/1381
f 117/78/78 118/540/1381 120/539/1382 119/73/73
f 122/70/70 119/73/73 121/1387/1383 123/71/71
f 120/539/1382 121/1387/1383 119/73/73
f 126/1388/1384 101/535/1372 100/1354/1346 125/131/131
f 113/75/75 111/1384/1378 112/1383/1377 114/1385/1379
f 117/78/78 119/73/73 131/218/215 130/77/77
f 109/1382/1376 127/148/148 107/1360/1352
f 127/148/148 109/1382/1376 111/1384/1378 128/149/149
f 133/132/132 132/72/72 122/70/70
f 122/70/70 124/69/69 126/1388/1384 125/131/131
f 132/72/72 131/218/215 119/73/73
f 130/77/77 129/74/74 115/76/76
f 142/84/84 140/91/91 138/90/90 141/1389/1385
f 137/93/93 138/90/90 139/92/92
f 148/103/103 146/86/86 145/85/85 147/101/101
f 150/1390/1386 151/658/1387 149/102/102 147/101/101
f 94/125/125 95/123/123 157/61/61
f 728/1391/1388 726/1392/1389 160/1374/1365 161/1373/926
f 719/122/122 717/528/524 93/1393/1390 94/125/125
f 158/63/63 159/65/65 724/88/88
f 95/123/123 94/125/125 190/124/124
f 722/87/87 157/61/61 158/63/63
f 717/528/524 786/89/89 92/59/59 93/1393/1390
f 155/58/58 154/1375/1367 90/95/95 91/56/56
f 715/1394/1391 74/57/57 156/60/60
f 709/1371/1363 708/1395/1392 164/1396/1393 165/94/94
f 155/58/58 74/57/57 715/1394/1391
f 708/1395/1392 707/1397/1394 163/1398/1395 164/1396/1393
f 164/1396/1393 163/1398/1395 135/81/81 136/80/80
f 165/94/94 164/1396/1393 136/80/80 137/93/93
f 712/1399/1396 710/100/100 166/99/99 154/1375/1367
f 139/92/92 140/91/91 90/95/95
f 153/1400/1397 82/1376/1368 142/84/84 144/83/83
f 166/99/99 139/92/92 90/95/95
f 140/91/91 142/84/84 91/56/56
f 155/58/58 712/1399/1396 154/1375/1367
f 82/1376/1368 91/56/56 142/84/84
f 82/1376/1368 153/1400/1397 92/59/59 74/57/57
f 153/1400/1397 144/83/83 146/86/86
f 172/109/109 168/108/108 167/105/105 171/107/107
f 167/105/105 28/147/147 207/1401/1398
f 181/118/118 179/117/117 178/116/116 180/152/152
f 167/105/105 207/1401/1398 170/106/106
f 171/107/107 174/112/112 173/111/111
f 173/111/111 176/113/113 175/115/115
f 176/113/113 179/117/117 177/114/114
f 187/1402/1399 188/1403/1400 184/120/120 186/193/191
f 183/121/121 184/120/120 185/192/190
f 216/194/155 186/193/191 184/120/120
f 136/80/80 134/79/79 169/110/110 172/109/109
f 167/105/105 168/108/108 169/110/110
f 137/93/93 136/80/80 172/109/109 173/111/111
f 138/90/90 137/93/93 173/111/111 175/115/115
f 141/1389/1385 138/90/90 177/114/114 181/118/118
f 175/115/115 177/114/114 138/90/90
f 188/1403/1400 147/101/101 145/85/85 185/192/190
f 183/121/121 185/192/190 143/82/82
f 187/1402/1399 150/1390/1386 147/101/101 188/1403/1400
f 185/192/190 184/120/120 188/1403/1400
f 149/102/102 151/658/1387 189/128/128 152/104/104
f 152/104/104 95/123/123 190/124/124 148/103/103
f 146/86/86 148/103/103 94/125/125 93/1393/1390
f 194/164/162 237/169/167 330/229/226 227/1404/1401
f 94/125/125 157/61/61 719/122/122
f 151/658/1387 192/126/126 189/128/128
f 52/32/32 53/35/35 198/136/136 197/1405/1402
f 191/170/168 152/104/104 189/128/128
f 31/1353/1345 32/133/133 196/135/135
f 210/1358/1350 211/1355/1347 200/1357/1349
f 197/1405/1402 201/129/129 52/32/32
f 201/129/129 210/1358/1350 28/147/147 199/134/134
f 197/1405/1402 211/1355/1347 210/1358/1350 201/129/129
f 202/138/138 211/1355/1347 197/1405/1402 198/136/136
f 199/134/134 32/133/133 51/130/130 201/129/129
f 204/143/143 36/142/142 35/141/141 206/140/140
f 100/1354/1346 200/1357/1349 211/1355/1347
f 34/139/139 199/134/134 28/147/147
f 205/1406/1403 162/97/97 38/96/96 204/143/143
f 829/1407/1404 654/1408/1405 162/97/97 205/1406/1403
f 105/145/145 107/1360/1352 174/112/112 170/106/106
f 34/139/139 196/135/135 199/134/134
f 207/1401/1398 28/147/147 208/146/146
f 170/106/106 207/1401/1398 208/146/146
f 28/147/147 200/1357/1349 209/1409/1406
f 209/1409/1406 100/1354/1346 103/144/144
f 28/147/147 209/1409/1406 208/146/146
f 209/1409/1406 103/144/144 208/146/146
f 200/1357/1349 100/1354/1346 209/1409/1406
f 134/79/79 204/143/143 206/140/140 169/110/110
f 163/1398/1395 205/1406/1403 204/143/143 135/81/81
f 206/140/140 167/105/105 169/110/110
f 206/140/140 34/139/139 167/105/105
f 707/1397/1394 829/1407/1404 205/1406/1403 163/1398/1395
f 218/195/192 216/194/155 217/1410/1407 219/225/222
f 204/143/143 134/79/79 135/81/81
f 128/149/149 213/151/151 212/150/150
f 213/151/151 215/153/153 180/155/152
f 215/153/153 217/1410/1407 216/194/155
f 111/1384/1378 113/75/75 129/74/74 128/149/149
f 180/152/152 178/116/116 212/156/150
f 183/121/121 181/118/118 214/154/154
f 221/1411/1408 222/160/158 217/1410/1407 215/153/153
f 220/159/157 221/1411/1408 215/153/153
f 224/158/156 225/1412/1409 221/1411/1408 220/159/157
f 225/1412/1409 226/161/159 222/160/158 221/1411/1408
f 227/1404/1401 236/1413/1410 235/165/163 194/164/162
f 234/163/161 96/62/62 191/170/168
f 235/165/163 97/64/64 195/171/169 234/163/161
f 97/64/64 235/165/163 236/1413/1410
f 158/63/63 96/62/62 195/171/169
f 228/1414/1411 238/1415/1412 230/1416/1413 232/1417/1414
f 227/1404/1401 329/256/252 328/259/255 236/1413/1410
f 232/1417/1414 230/1416/1413 99/1372/1364 98/533/1366
f 689/1418/1415 700/177/175 75/1361/1353 71/1364/1356
f 412/168/166 411/1377/1369 231/1419/1416 233/166/164
f 240/1352/1344 247/1348/1340 246/1344/1336 239/1365/1357
f 86/50/50 84/49/49 676/1420/1417 677/176/174
f 236/1413/1410 328/259/255 395/292/288 97/64/64
f 194/164/162 191/170/168 189/128/128 193/127/127
f 685/623/631 68/271/267 303/1421/1418 929/1422/1419
f 70/175/173 689/1418/1415 71/1364/1356
f 683/1423/1420 67/1369/1361 66/1368/1360 681/1424/1421
f 681/1424/1421 66/1368/1360 65/273/269 679/1425/1422
f 679/1425/1422 65/273/269 64/52/52 677/176/174
f 250/27/27 249/1362/1354 243/286/282 244/287/283
f 83/275/271 676/1420/1417 84/49/49
f 203/137/137 133/132/132 125/131/131 202/138/138
f 45/24/24 48/1346/1338 665/492/483 662/1426/1423
f 248/1349/1341 249/1362/1354 874/1427/1424 873/1350/1342
f 46/274/270 44/25/25 662/1426/1423
f 657/390/386 665/492/483 41/31/31
f 43/29/29 41/31/31 665/492/483
f 249/1362/1354 250/27/27 877/26/26 874/1427/1424
f 77/1347/1339 78/278/274 76/280/276 75/1361/1353
f 44/25/25 45/24/24 662/1426/1423
f 252/28/28 253/47/47 881/178/176 877/26/26
f 129/74/74 220/159/157 213/151/151 128/149/149
f 215/153/153 213/151/151 220/159/157
f 300/198/195 284/196/193 304/1428/1425 255/1429/1426
f 687/67/67 69/66/66 68/271/267 685/623/631
f 256/181/179 300/198/195 255/1429/1426 257/38/38
f 260/264/260 259/1430/1427 307/180/178 258/281/277
f 257/38/38 258/281/277 307/180/178
f 264/203/200 262/200/197 263/246/242 265/245/241
f 261/199/196 263/246/242 262/200/197
f 270/187/185 269/186/184 267/185/183 268/184/182
f 264/203/200 265/245/241 266/183/181
f 273/1431/1428 272/223/220 271/188/186 270/187/185
f 275/257/253 274/221/218 272/223/220 273/1431/1428
f 372/1370/1362 375/1432/1429 304/1428/1425 89/55/55
f 276/1433/1430 277/1434/1431 278/1435/1432
f 259/1430/1427 260/264/260 261/199/196
f 373/270/266 374/39/39 257/38/38 255/1429/1426
f 302/207/204 283/205/202 284/196/193 301/1436/1433
f 16/4/4 283/205/202 62/42/42
f 8/14/14 49/41/41 60/386/382
f 300/198/195 285/197/194 286/1437/1434 301/1436/1433
f 289/637/1435 292/1438/1436 291/174/172 290/173/171
f 281/414/406 282/262/258 81/415/407
f 292/1438/1436 293/1439/1437 294/212/209 291/174/172
f 293/1439/1437 296/1440/1438 295/213/210 294/212/209
f 296/1440/1438 297/190/188 298/162/160 295/213/210
f 222/160/158 223/191/189 219/225/222 217/1410/1407
f 143/82/82 145/85/85 144/83/83
f 182/119/119 216/194/155 184/120/120
f 289/637/1435 290/173/171 288/1441/1439
f 223/191/189 222/160/158 298/162/160
f 375/1432/1429 373/270/266 255/1429/1426 304/1428/1425
f 48/1346/1338 43/29/29 665/492/483
f 284/196/193 14/8/8 89/55/55 304/1428/1425
f 929/1422/1419 303/1421/1418 67/1369/1361 683/1423/1420
f 262/200/197 264/203/200 293/1439/1437 292/1438/1436
f 284/196/193 300/198/195 301/1436/1433
f 305/201/198 262/200/197 292/1438/1436 289/637/1435
f 264/203/200 308/202/199 296/1440/1438 293/1439/1437
f 61/43/43 283/205/202 63/182/180
f 288/1441/1439 307/180/178 306/1442/1440
f 307/180/178 288/1441/1439 287/1443/1441
f 308/202/199 267/185/183 297/190/188 296/1440/1438
f 309/204/201 299/189/187 297/190/188 267/185/183
f 306/1442/1440 305/201/198 289/637/1435 288/1441/1439
f 259/1430/1427 306/1442/1440 307/180/178
f 261/199/196 305/201/198 306/1442/1440 259/1430/1427
f 267/185/183 308/202/199 266/183/181
f 312/277/273 311/217/214 301/1436/1433 286/1437/1434
f 302/207/204 301/1436/1433 311/217/214
f 290/173/171 312/277/273 286/1437/1434 287/1443/1441
f 313/210/207 54/220/217 63/182/180 310/206/203
f 314/211/208 225/1412/1409 130/77/77 316/216/213
f 133/132/132 313/210/207 311/217/214
f 311/217/214 313/210/207 302/207/204
f 298/162/160 226/161/159 295/213/210
f 224/158/156 130/77/77 225/1412/1409
f 319/172/170 291/174/172 294/212/209 318/1444/1442
f 316/216/213 317/215/212 318/1444/1442
f 318/1444/1442 317/215/212 319/172/170
f 317/215/212 254/219/216 319/172/170
f 311/217/214 319/172/170 254/219/216
f 294/212/209 314/211/208 316/216/213 318/1444/1442
f 314/211/208 295/213/210 226/161/159 225/1412/1409
f 55/1359/1351 25/208/205 63/182/180 54/220/217
f 130/77/77 224/158/156 129/74/74
f 315/214/211 316/216/213 131/218/215
f 317/215/212 315/214/211 131/218/215
f 133/132/132 254/219/216 132/72/72
f 54/220/217 313/210/207 203/137/137
f 53/35/35 55/1359/1351 54/220/217 198/136/136
f 327/1445/1443 150/1390/1386 187/1402/1399 326/664/1444
f 192/126/126 151/658/1387 327/1445/1443
f 151/658/1387 150/1390/1386 327/1445/1443
f 325/226/223 326/664/1444 187/1402/1399 186/193/191
f 321/235/232 269/186/184 271/188/186 322/233/230
f 321/235/232 309/204/201 269/186/184
f 322/233/230 271/188/186 272/223/220 323/222/219
f 320/232/229 223/191/189 299/189/187 309/204/201
f 570/296/292 388/1446/1445 572/1447/1446 571/295/291
f 223/191/189 320/232/229 324/224/221
f 219/225/222 324/224/221 218/236/192
f 153/1400/1397 146/86/86 93/1393/1390 92/59/59
f 329/256/252 227/1404/1401 330/229/226 274/221/218
f 332/242/238 274/221/218 330/229/226 336/228/225
f 192/126/126 335/227/224 237/169/167
f 330/229/226 237/169/167 335/227/224
f 323/222/219 274/221/218 332/242/238
f 326/664/1444 325/226/223 340/231/228
f 334/239/235 327/1445/1443 326/664/1444 340/231/228
f 335/227/224 192/126/126 327/1445/1443 334/239/235
f 321/235/232 331/234/231 309/204/201
f 332/242/238 338/237/233 322/233/230 323/222/219
f 339/241/237 336/228/225 335/227/224 341/238/234
f 333/230/227 320/232/229 337/240/236
f 320/232/229 309/204/201 337/240/236
f 331/234/231 338/237/233 337/240/236
f 338/237/233 332/242/238 339/241/237
f 277/1434/1431 273/1431/1428 270/187/185 268/184/182
f 342/244/240 340/231/228 333/230/227
f 342/244/240 341/238/234 340/231/228
f 337/240/236 343/243/239 342/244/240
f 278/1435/1432 277/1434/1431 268/184/182 344/249/245
f 279/247/243 278/1435/1432 344/249/245 265/245/241
f 281/414/406 280/687/1447 263/246/242 345/248/244
f 266/183/181 344/249/245 268/184/182
f 276/1433/1430 275/257/253 273/1431/1428 277/1434/1431
f 279/247/243 263/246/242 280/687/1447
f 347/253/249 346/255/251 413/252/248 414/1448/1448
f 348/254/250 238/1415/1412 228/1414/1411 346/255/251
f 346/255/251 228/1414/1411 229/167/165 413/252/248
f 413/252/248 229/167/165 385/283/279 387/250/246
f 357/260/256 356/261/257 395/292/288 328/259/255
f 350/311/307 352/1449/1449 351/1339/1331
f 276/1433/1430 355/1450/1450 275/257/253
f 234/163/161 191/170/168 194/164/162
f 328/259/255 329/256/252 354/258/254
f 572/1447/1446 390/1451/1451 391/1452/1452 353/409/403
f 279/247/243 280/687/1447 80/1453/1453 359/1454/1454
f 290/173/171 287/1443/1441 288/1441/1439
f 278/1435/1432 279/247/243 359/1454/1454 358/1455/1455
f 355/1450/1450 276/1433/1430 278/1435/1432 358/1455/1455
f 365/1456/1456 1590/1338/960 360/265/261 364/269/265
f 357/260/256 354/258/254 385/283/279
f 349/1340/1332 351/1339/1331 367/1457/1457 363/1458/1458
f 303/1421/1418 68/271/267 373/270/266 375/1432/1429
f 69/66/66 72/68/68 374/39/39 373/270/266
f 67/1369/1361 303/1421/1418 375/1432/1429 372/1370/1362
f 371/272/268 372/1370/1362 89/55/55 88/54/54
f 377/279/275 258/281/277 257/38/38 379/40/40
f 260/264/260 345/248/244 261/199/196
f 281/414/406 345/248/244 378/263/259 282/262/258
f 256/181/179 307/180/178 287/1443/1441 285/197/194
f 214/154/154 215/153/153 182/119/119 183/121/121
f 287/1443/1441 286/1437/1434 285/197/194
f 143/82/82 141/1389/1385 181/118/118 183/121/121
f 443/307/303 368/1459/1459 996/1460/1460 431/306/302
f 374/39/39 72/68/68 73/1363/1355 379/40/40
f 141/1389/1385 143/82/82 142/84/84
f 379/40/40 73/1363/1355 76/280/276 377/279/275
f 79/1367/1359 376/282/278 377/279/275 78/278/274
f 81/415/407 282/262/258 376/282/278 79/1367/1359
f 382/1461/1461 383/1462/1462 359/1454/1454 80/1453/1453
f 383/1462/1462 384/1463/1463 358/1455/1455 359/1454/1454
f 387/250/246 385/283/279 354/258/254 275/257/253
f 387/250/246 275/257/253 355/1450/1450 386/251/247
f 384/1463/1463 386/251/247 355/1450/1450 358/1455/1455
f 388/1446/1445 389/285/281 390/1451/1451 572/1447/1446
f 390/1451/1451 240/1352/1344 239/1365/1357 391/1452/1452
f 389/285/281 242/284/280 240/1352/1344 390/1451/1451
f 568/291/287 569/722/1263 398/1464/1225 399/289/285
f 393/304/300 392/303/299 396/305/301 397/1465/1230
f 411/1377/1369 160/1374/1365 159/65/65 231/1419/1416
f 381/1466/1464 380/1467/1465 394/290/286 399/289/285
f 382/1461/1461 381/1466/1464 399/289/285 398/1464/1225
f 383/1462/1462 382/1461/1461 398/1464/1225 397/1465/1230
f 384/1463/1463 383/1462/1462 397/1465/1230 396/305/301
f 571/295/291 572/1447/1446 353/409/403 574/293/289
f 386/251/247 384/1463/1463 396/305/301
f 159/65/65 356/261/257 231/1419/1416
f 573/297/293 570/296/292 571/295/291 401/294/290
f 233/166/164 385/283/279 229/167/165
f 404/1468/1466 406/721/1467 573/297/293 401/294/290
f 406/721/1467 407/302/298 403/298/294 573/297/293
f 410/1469/1468 392/303/299 407/302/298 406/721/1467
f 408/301/297 410/1469/1468 406/721/1467 404/1468/1466
f 400/288/284 244/287/283 243/286/282 389/285/281
f 568/291/287 394/290/286 388/1446/1445 570/296/292
f 569/722/1263 568/291/287 570/296/292 403/298/294
f 407/302/298 393/304/300 569/722/1263 403/298/294
f 233/166/164 231/1419/1416 356/261/257 357/260/256
f 413/252/248 386/251/247 414/1448/1448
f 232/1417/1414 98/533/1366 411/1377/1369 412/168/166
f 228/1414/1411 232/1417/1414 412/168/166 229/167/165
f 726/1392/1389 724/88/88 159/65/65 160/1374/1365
f 386/251/247 392/303/299 410/1469/1468 414/1448/1448
f 410/1469/1468 408/301/297 347/253/249 414/1448/1448
f 352/1449/1449 416/1470/1469 415/1471/1470 351/1339/1331
f 350/311/307 347/253/249 408/301/297
f 419/1472/1471 420/1473/1472 418/1474/1473 417/312/308
f 431/306/302 365/1456/1456 364/269/265
f 427/1475/1474 425/1476/1475 424/407/401 426/1477/1476
f 472/1478/1477 1059/1479/1478 1139/348/344 478/323/319
f 417/312/308 418/1474/1473 416/1470/1469 352/1449/1449
f 428/1366/1358 430/309/305 1062/308/304 429/1480/1479
f 1117/1481/1480 1128/1482/1481 432/1483/1482 444/1484/1483
f 421/1485/1484 422/1486/1485 420/1473/1472 419/1472/1471
f 353/409/403 391/1452/1452 426/1477/1476 424/407/401
f 391/1452/1452 239/1365/1357 428/1366/1358 426/1477/1476
f 439/1487/1486 438/1488/1487 422/1486/1485 423/1489/1488
f 461/1490/1489 451/1491/1490 1085/1492/1491 1075/1493/1492
f 436/316/312 418/1474/1473 420/1473/1472 437/314/310
f 442/1494/1493 441/1495/1494 427/1475/1474 429/1480/1479
f 433/1496/1495 369/1497/1496 415/1471/1470 434/1498/1497
f 434/1498/1497 415/1471/1470 416/1470/1469 435/1499/1498
f 440/729/1499 439/1487/1486 423/1489/1488 425/1476/1475
f 437/314/310 420/1473/1472 422/1486/1485 438/1488/1487
f 1085/1492/1491 451/1491/1490 442/1494/1493 1096/1500/1500
f 992/1501/1501 365/1456/1456 431/306/302 996/1460/1460
f 435/1499/1498 416/1470/1469 418/1474/1473 436/316/312
f 441/1495/1494 440/729/1499 425/1476/1475 427/1475/1474
f 351/1339/1331 415/1471/1470 369/1497/1496 367/1457/1457
f 432/1483/1482 368/1459/1459 369/1497/1496 433/1496/1495
f 1128/1482/1481 996/1460/1460 368/1459/1459 432/1483/1482
f 439/1487/1486 440/729/1499 449/728/1502
f 450/1502/1503 449/728/1502 440/729/1499 441/1495/1494
f 445/1503/1504 433/1496/1495 434/1498/1497 446/1504/1505
f 451/1491/1490 450/1502/1503 441/1495/1494 442/1494/1493
f 446/1504/1505 434/1498/1497 435/1499/1498 447/318/314
f 1096/1500/1500 442/1494/1493 429/1480/1479 1062/308/304
f 447/318/314 435/1499/1498 436/316/312 448/315/311
f 460/1505/1506 459/1506/1507 449/728/1502 450/1502/1503
f 453/1507/1508 445/1503/1504 446/1504/1505 454/1508/1509
f 461/1490/1489 460/1505/1506 450/1502/1503 451/1491/1490
f 454/1508/1509 446/1504/1505 447/318/314 455/317/313
f 444/1484/1483 432/1483/1482 433/1496/1495 445/1503/1504
f 437/314/310 456/1509/1510 448/315/311
f 457/1510/1511 456/1509/1510 437/314/310 438/1488/1487
f 458/1511/1512 457/1510/1511 438/1488/1487 439/1487/1486
f 366/268/264 368/1459/1459 443/307/303 364/269/265
f 459/1506/1507 458/1511/1512 439/1487/1486 449/728/1502
f 466/1512/1513 448/315/311 456/1509/1510 467/1513/1514
f 468/1514/1515 467/1513/1514 456/1509/1510 457/1510/1511
f 469/1515/1516 468/1514/1515 457/1510/1511 458/1511/1512
f 452/1516/1517 444/1484/1483 445/1503/1504 453/1507/1508
f 470/1517/1518 469/1515/1516 458/1511/1512 459/1506/1507
f 471/1518/1519 470/1517/1518 459/1506/1507 460/1505/1506
f 463/1519/1520 453/1507/1508 454/1508/1509 464/321/317
f 472/1478/1477 471/1518/1519 460/1505/1506 461/1490/1489
f 464/321/317 454/1508/1509 455/317/313 465/319/315
f 465/319/315 455/317/313 448/315/311 466/1512/1513
f 477/322/318 476/1520/1521 470/1517/1518 471/1518/1519
f 473/1521/1522 463/1519/1520 464/321/317 474/320/316
f 478/323/319 477/322/318 471/1518/1519 472/1478/1477
f 462/331/327 452/1516/1517 453/1507/1508 463/1519/1520
f 367/1457/1457 369/1497/1496 368/1459/1459 366/268/264
f 468/1514/1515 469/1515/1516 475/1522/1523
f 476/1520/1521 475/1522/1523 469/1515/1516 470/1517/1518
f 484/735/1524 483/326/322 467/1513/1514 468/1514/1515
f 485/1523/1525 484/735/1524 468/1514/1515 475/1522/1523
f 1108/332/328 462/331/327 463/1519/1520 473/1521/1522
f 486/1524/1526 485/1523/1525 475/1522/1523 476/1520/1521
f 487/324/320 486/1524/1526 476/1520/1521 477/322/318
f 479/1525/1527 473/1521/1522 474/320/316 480/1526/1528
f 480/1526/1528 474/320/316 465/319/315 481/1527/1529
f 481/1527/1529 465/319/315 466/1512/1513 482/325/321
f 482/325/321 466/1512/1513 467/1513/1514 483/326/322
f 1138/349/345 495/1528/1530 487/324/320 478/323/319
f 489/1529/1531 480/1526/1528 481/1527/1529 490/383/379
f 490/383/379 481/1527/1529 482/325/321 491/327/323
f 461/1490/1489 1075/1493/1492 1059/1479/1478 472/1478/1477
f 492/365/361 484/735/1524 485/1523/1525 493/363/359
f 483/326/322 484/735/1524 492/365/361
f 1118/1530/1532 1108/332/328 473/1521/1522 479/1525/1527
f 494/1531/1533 493/363/359 485/1523/1525 486/1524/1526
f 495/1528/1530 494/1531/1533 486/1524/1526 487/324/320
f 488/1532/1534 479/1525/1527 480/1526/1528 489/1529/1531
f 498/1533/1535 497/343/339 496/382/378 491/327/323
f 500/380/376 499/342/338 497/343/339 498/1533/1535
f 502/381/377 501/344/340 499/342/338 500/380/376
f 504/373/369 503/328/324 501/344/340 502/381/377
f 507/737/1536 506/1534/1537 505/330/326 543/329/325
f 503/328/324 504/373/369 543/329/325
f 1153/466/1538 1152/747/1539 506/1534/1537 507/737/1536
f 1116/1535/1540 1117/1481/1480 444/1484/1483 452/1516/1517
f 452/1516/1517 462/331/327 1154/333/329 1116/1535/1540
f 429/1480/1479 427/1475/1474 426/1477/1476 428/1366/1358
f 1129/1536/1541 1118/1530/1532 479/1525/1527 488/1532/1534
f 503/328/324 512/340/336 511/336/332 501/344/340
f 508/334/330 509/1537/1542 510/335/331
f 511/336/332 510/335/331 501/344/340
f 1158/338/334 508/334/330 511/336/332
f 512/340/336 1164/1538/1543 1162/339/335 511/336/332
f 505/330/326 514/1539/1544 513/341/337 503/328/324
f 513/341/337 1165/1540/1545 1164/1538/1543 512/340/336
f 506/1534/1537 515/749/1546 514/1539/1544 505/330/326
f 514/1539/1544 1167/1541/1547 1165/1540/1545 513/341/337
f 1173/748/1548 1172/346/1549 515/749/1546 506/1534/1537
f 515/749/1546 1169/345/783 1167/1541/1547 514/1539/1544
f 509/1537/1542 496/382/378 497/343/339 510/335/331
f 516/1542/1550 493/363/359 533/352/348 517/351/347
f 1152/747/1539 1173/748/1548 506/1534/1537
f 1169/345/783 515/749/1546 1172/346/1549
f 1201/366/362 1177/1543/1551 518/350/346
f 521/353/349 518/350/346 1177/1543/1551 1181/1544/1552
f 520/355/351 517/351/347 518/350/346 521/353/349
f 519/356/352 516/1542/1550 517/351/347 520/355/351
f 526/1545/1553 523/358/354 1186/1546/1554 1189/1547/1555
f 1181/1544/1552 1183/357/353 521/353/349
f 521/353/349 523/358/354 522/354/350
f 1183/357/353 1186/1546/1554 523/358/354
f 525/384/380 524/359/355 523/358/354 526/1545/1553
f 528/362/358 526/1545/1553 1189/1547/1555 1192/360/356
f 527/385/381 525/384/380 526/1545/1553 528/362/358
f 1194/1548/1556 527/385/381 528/362/358 1195/361/357
f 1192/360/457 1196/825/1557 1195/361/1558
f 530/364/360 529/1549/1559 483/326/322 492/365/361
f 527/385/381 1194/1548/1556 1193/464/454
f 532/369/365 531/1550/1560 529/1549/1559 530/364/360
f 491/327/323 483/326/322 529/1549/1559
f 531/1550/1560 500/380/376 498/1533/1535 529/1549/1559
f 544/367/363 518/350/346 533/352/348
f 534/371/367 531/1550/1560 532/369/365 535/368/364
f 536/372/368 534/371/367 535/368/364 537/1551/1561
f 535/368/364 545/370/366 537/1551/1561
f 540/762/1562 537/1551/1561 545/370/366 546/378/374
f 500/380/376 531/1550/1560 534/371/367
f 539/374/370 536/372/368 537/1551/1561 540/762/1562
f 496/382/378 509/1537/1542 489/1529/1531 490/383/379
f 546/378/374 542/377/373 540/762/1562
f 504/373/369 536/372/368 538/375/371
f 502/381/377 534/371/367 504/373/369
f 529/1549/1559 498/1533/1535 491/327/323
f 508/334/330 1155/337/333 1129/1536/1541 488/1532/1534
f 509/1537/1542 508/334/330 488/1532/1534 489/1529/1531
f 524/359/355 525/384/380 547/379/375 546/378/374
f 519/356/352 522/354/350 545/370/366 532/369/365
f 546/378/374 545/370/366 522/354/350
f 516/1542/1550 519/356/352 532/369/365 530/364/360
f 1201/366/362 544/367/363 495/1528/1530 1138/349/345
f 493/363/359 516/1542/1550 530/364/360
f 544/367/363 533/352/348 494/1531/1533 495/1528/1530
f 549/389/385 40/30/30 39/18/18 548/391/387
f 493/363/359 494/1531/1533 533/352/348
f 60/386/382 24/209/206 58/387/383
f 41/31/31 40/30/30 549/389/385
f 59/388/384 57/397/393 8/14/14 60/386/382
f 56/15/15 8/14/14 57/397/393
f 162/97/97 654/1408/1405 1225/780/829 552/392/388
f 34/139/139 35/141/141 550/393/389 561/394/390
f 37/98/98 550/393/389 36/142/142
f 31/1353/1345 196/135/135 33/395/391 563/1552/425
f 562/403/399 58/387/383 551/396/392 559/1553/1348
f 563/1552/425 30/36/36 31/1353/1345
f 552/392/388 564/1554/427 550/393/389 37/98/98
f 33/395/391 561/394/390 563/1552/425
f 57/397/393 59/388/384 555/1555/449
f 561/394/390 550/393/389 564/1554/427
f 559/1553/1348 551/396/392 30/36/36 560/1556/1563
f 22/16/16 556/402/398 557/400/396
f 552/392/388 1225/780/829 602/779/828
f 23/12/12 56/15/15 553/401/397
f 558/1557/410 548/391/387 3/17/17 557/400/396
f 549/389/385 548/391/387 558/1557/410
f 30/36/36 563/1552/425 560/1556/1563
f 26/37/37 551/396/392 58/387/383 24/209/206
f 389/285/281 388/1446/1445 394/290/286 400/288/284
f 576/462/452 575/461/451 565/454/444 577/455/445
f 1251/821/868 576/462/452 578/456/446 1252/1558/1564
f 577/455/445 578/456/446 576/462/452
f 565/454/444 575/461/451 566/406/400 567/452/442
f 556/413/398 580/412/405 581/1559/1565 557/1560/396
f 57/1561/393 555/459/449 566/406/400 579/1562/1566
f 554/1563/394 57/1561/393 579/1562/1566
f 280/687/1447 281/414/406 582/416/408 80/1453/1453
f 80/1453/1453 582/416/408 381/1466/1464 382/1461/1461
f 380/1467/1465 381/1466/1464 582/416/408 81/415/407
f 380/1467/1465 583/1564/1567 400/288/284 394/290/286
f 79/1367/1359 77/1347/1339 241/46/46 583/1564/1567
f 241/46/46 400/288/284 583/1564/1567
f 81/415/407 79/1367/1359 583/1564/1567 380/1467/1465
f 423/1489/1488 422/1486/1485 421/1485/1484 584/408/402
f 425/1476/1475 423/1489/1488 584/408/402 424/407/401
f 585/421/413 553/411/397 554/1563/394 586/422/414
f 586/422/414 554/1563/394 579/1562/1566 587/463/453
f 590/425/417 1262/419/411 558/418/410 557/1560/396
f 588/1565/1568 580/412/405 553/411/397 585/421/413
f 589/423/415 581/1559/1565 580/412/405 588/1565/1568
f 590/425/417 557/1560/396 581/1559/1565 589/423/415
f 1264/1566/1569 586/422/414 587/463/453 1265/1567/1570
f 1264/1566/1569 1263/1568/1571 594/420/412 586/422/414
f 593/427/419 588/1565/1568 585/421/413 594/420/412
f 592/429/421 589/423/415 588/1565/1568 593/427/419
f 1263/1568/1571 1266/431/423 596/426/418 594/420/412
f 589/423/415 592/429/421 591/424/416
f 590/425/417 591/424/416 1262/419/411
f 600/439/429 561/432/390 564/437/427 601/436/426
f 596/426/418 595/428/420 593/427/419
f 595/428/420 1267/430/422 591/424/416
f 598/445/435 560/1569/1563 563/434/425 599/433/424
f 561/432/390 600/439/429 599/433/424
f 597/447/437 559/1356/1348 560/1569/1563 598/445/435
f 552/435/388 602/812/828 601/436/426
f 1284/458/448 607/446/436 608/444/434 1285/1570/1572
f 559/1356/1348 597/447/437 567/452/442
f 1278/442/432 601/436/426 602/812/828
f 600/439/429 603/438/428 606/441/431
f 601/436/426 1281/443/433 603/438/428
f 603/438/428 1281/443/433 1280/440/430
f 1285/1570/1572 608/444/434 606/441/431 1286/448/438
f 604/1571/1573 178/1572/1574 179/1573/1575 605/1574/1573
f 609/453/443 567/452/442 597/447/437 610/1575/1576
f 599/433/424 606/441/431 608/444/434
f 598/445/435 608/444/434 607/446/436
f 612/457/447 611/451/441 609/453/443 610/1575/1576
f 611/451/441 577/455/445 565/454/444 609/453/443
f 611/451/441 612/457/447 613/449/439
f 1294/450/440 1252/1558/1564 578/456/446 611/451/441
f 607/446/436 1284/458/448 612/457/447 610/1575/1576
f 597/447/437 607/446/436 610/1575/1576
f 1265/1567/1570 587/463/453 614/460/450 1295/820/867
f 1295/820/867 614/460/450 576/462/452 1251/821/868
f 1307/1576/1577 547/379/375 527/385/381 1300/465/455
f 614/460/450 566/406/400 575/461/451
f 566/406/400 587/463/453 579/1562/1566
f 1303/1577/1578 539/374/370 540/762/1562 1304/1578/1579
f 1302/1579/1580 1306/1580/1581 543/329/325 541/376/372
f 1304/1578/1579 540/762/1562 542/377/373 1305/1581/1582
f 1305/1581/1582 542/377/373 547/379/375 1307/1576/1577
f 1303/1577/1578 1302/1579/1580 541/376/372 539/374/370
f 1306/1580/1581 1298/467/874 507/737/1536 543/329/325
f 1193/464/1583 1301/824/1584 1300/465/457
f 634/1582/1585 633/1583/1586 619/486/476 620/480/470
f 1153/466/1538 507/737/1536 1298/467/874
f 239/1365/1357 246/1344/1336 245/313/309
f 615/469/459 617/488/479 618/470/460
f 616/471/461 619/486/476 615/469/459
f 624/472/462 634/1582/1585 620/480/470 621/473/463
f 626/1345/1587 633/1583/1586 634/1582/1585 627/475/465
f 630/474/464 621/473/463 622/487/477
f 630/474/464 622/487/477 631/477/467
f 633/1583/1586 626/1345/1587 625/1584/1588
f 628/476/466 624/472/462 630/474/464 629/478/468
f 627/475/465 634/1582/1585 624/472/462
f 1229/1585/842 623/1586/1589 622/487/477 670/482/472
f 625/1584/1588 632/490/481 633/1583/1586
f 631/477/467 623/1586/1589 674/518/512 675/517/511
f 638/512/506 637/514/508 1219/774/823 1222/511/505
f 632/490/481 625/1584/1588 659/703/720 660/1587/1590
f 640/510/504 641/497/491 639/504/498
f 620/480/470 635/479/469 636/481/471
f 656/1588/1591 657/390/386 655/18/478
f 663/489/480 655/18/478 615/469/459
f 655/18/478 663/489/480 656/1588/1591
f 632/490/481 660/1587/1590 663/489/480
f 664/493/484 663/489/480 660/1587/1590 661/491/482
f 661/491/482 660/1587/1590 659/703/720 662/1426/1423
f 879/28/486 863/712/734 866/287/733 876/27/485
f 873/1350/1342 872/1349/1592 871/1348/1593 870/1351/1343
f 870/1351/1343 871/1348/1593 869/1336/1329 868/1343/1335
f 871/1348/1593 872/1349/1592 864/284/730 862/1352/1594
f 641/497/491 648/507/501 647/592/599 667/509/503
f 632/490/481 619/486/476 633/1583/1586
f 834/595/602 828/502/496 756/543/542 754/542/541
f 641/497/491 644/783/832 645/508/502 648/507/501
f 668/496/490 669/505/499 639/504/498
f 638/512/506 639/504/498 669/505/499
f 652/564/568 653/563/567 651/594/601
f 671/519/513 673/516/510 674/518/512 1219/774/823
f 880/495/488 867/1589/1595 863/712/734 879/28/486
f 669/505/499 672/515/509 638/512/506
f 637/514/508 666/513/507 673/516/510
f 666/513/507 675/517/511 673/516/510
f 623/1586/1589 631/477/467 622/487/477
f 878/179/489 700/177/175 693/1361/1596 695/494/487
f 664/493/484 656/1588/1591 663/489/480
f 875/1362/1597 865/286/731 864/284/730 872/1349/1592
f 693/1361/1596 690/523/517 691/522/516 694/280/1598
f 705/1590/1599 999/700/717 678/527/523 703/526/521
f 861/1337/1330 1057/1366/1600 1060/725/751
f 880/495/488 695/494/487 867/1589/1595
f 680/701/718 999/700/717 1000/1591/1601 682/1368/1602
f 701/702/719 625/1584/1588 626/1345/1587 702/525/520
f 625/1584/1588 701/702/719 659/703/720
f 702/525/520 626/1345/1587 627/475/465 703/526/521
f 703/526/521 627/475/465 628/476/466 705/1590/1599
f 705/1590/1599 628/476/466 629/478/468 706/1592/1603
f 795/94/565 709/1371/1363 710/100/100 768/561/563
f 1000/1591/1601 684/1369/1604 682/1368/1602
f 713/567/571 784/1593/1605 692/1594/1606 714/568/572
f 783/1595/1607 711/566/570 796/565/569
f 692/1594/1606 785/559/561 786/89/89 716/529/525
f 727/1372/1608 725/533/530 790/532/529 791/1373/922
f 787/558/560 721/615/623 720/591/598
f 787/558/560 788/530/526 721/615/623
f 788/530/526 789/692/705 723/531/527
f 732/546/545 733/1378/1609 731/537/534 729/536/533
f 734/548/547 735/1379/1610 733/1378/1609 732/546/545
f 736/1596/1611 737/1380/1612 735/1379/1610 734/548/547
f 739/1381/1613 737/1380/1612 736/1596/1611 738/1382/1614
f 741/1383/1615 739/1381/1613 738/1382/1614 740/604/611
f 744/76/550 745/1386/1616 743/1385/1617 742/75/548
f 686/622/630 691/522/516 687/67/67
f 746/538/535 747/540/537 745/1386/1616 744/76/550
f 749/544/543 750/1387/1618 748/539/536 746/538/535
f 751/541/538 752/71/540 750/1387/1618 749/544/543
f 754/542/541 729/536/533 730/535/532 755/1388/1619
f 742/75/548 743/1385/1617 741/1383/1615 740/604/611
f 729/536/533 756/543/542 732/546/545
f 804/578/583 758/1597/606 738/1382/1614 736/1596/1611
f 804/578/583 736/1596/1611 734/548/547 757/547/546
f 746/538/535 760/550/551 761/655/664
f 740/604/611 738/1382/1614 758/1597/606
f 746/538/535 761/655/664 749/544/543
f 755/1388/1619 753/69/539 751/541/538 754/542/541
f 744/76/550 759/549/549 760/550/551
f 774/636/644 775/570/574 777/572/577 776/571/576
f 768/561/563 767/560/562 766/93/564
f 769/556/557 770/555/556 767/560/562
f 773/557/558 775/570/574 774/636/644
f 779/588/595 776/571/576 778/102/575 780/658/667
f 787/558/560 720/591/598 718/1598/1620
f 790/532/529 726/1392/1389 728/1391/1388 791/1373/922
f 785/559/561 692/1594/1606 715/1394/1391 156/60/60
f 724/88/88 789/692/705 788/530/526
f 722/87/87 724/88/88 788/530/526
f 819/1599/1621 718/1598/1620 720/591/598
f 719/122/122 718/1598/1620 717/528/524
f 784/1593/1605 713/567/571 711/566/570 783/1595/1607
f 784/1593/1605 155/58/58 715/1394/1391 692/1594/1606
f 794/1396/1622 708/1395/1392 709/1371/1363 795/94/565
f 793/1600/1623 707/1397/1394 708/1395/1392 794/1396/1622
f 764/553/554 793/1600/1623 794/1396/1622 765/551/552
f 765/551/552 794/1396/1622 795/94/565 766/93/564
f 796/565/569 710/100/100 712/1399/1396 783/1595/1607
f 711/566/570 769/556/557 768/561/563
f 155/58/58 784/1593/1605 783/1595/1607 712/1399/1396
f 716/529/525 782/569/573 714/568/572 692/1594/1606
f 714/568/572 773/557/558 771/554/555
f 797/596/603 798/574/579 802/573/578 801/577/582
f 781/590/597 778/102/575 777/572/577
f 808/116/610 809/117/589 811/582/588 810/600/607
f 797/596/603 801/577/582 800/579/584
f 803/576/581 804/578/583 801/577/582
f 805/581/587 806/580/585 803/576/581
f 806/580/585 809/117/589 808/116/610
f 807/114/586 809/117/589 806/580/585
f 779/588/595 815/193/670 813/583/590 816/587/594
f 814/586/593 813/583/590 1007/585/592
f 813/583/590 815/193/670 840/1601/1624
f 799/575/580 763/552/553 765/551/552 802/573/578
f 802/573/578 765/551/552 766/93/564 803/576/581
f 803/576/581 766/93/564 767/560/562 805/581/587
f 807/114/586 767/560/562 770/555/556 811/582/588
f 767/560/562 807/114/586 805/581/587
f 816/587/594 814/586/593 774/636/644 776/571/576
f 772/82/559 814/586/593 1007/585/592
f 781/590/597 777/572/577 819/1599/1621 720/591/598
f 781/590/597 780/658/667 778/102/575
f 718/1598/1620 777/572/577 775/570/574 717/528/524
f 817/618/626 820/656/665 780/658/667 781/590/597
f 721/615/623 818/589/596 720/591/598
f 719/122/122 787/558/560 718/1598/1620
f 777/572/577 718/1598/1620 819/1599/1621
f 821/613/620 850/1404/1625 953/663/673 859/1602/1626
f 827/498/492 828/502/496 834/595/602 824/500/494
f 818/589/596 817/618/626 781/590/597
f 668/496/490 827/498/492 824/500/494
f 754/542/541 751/541/538 762/545/544
f 642/503/497 828/502/496 827/498/492
f 642/503/497 827/498/492 667/509/503 647/592/599
f 647/592/599 823/485/475 642/503/497
f 830/593/600 798/574/579 650/771/820 651/594/601
f 834/595/602 937/647/656 825/499/493
f 649/483/473 650/771/820 798/574/579 643/484/474
f 831/1406/1627 830/593/600 653/563/567 792/562/566
f 829/1407/1404 831/1406/1627 792/562/566 654/1408/1405
f 833/598/605 756/543/542 828/502/496 826/501/495
f 732/546/545 756/543/542 833/598/605
f 832/597/604 732/546/545 833/598/605
f 757/547/546 800/579/584 804/578/583
f 826/501/495 643/484/474 798/574/579 797/596/603
f 644/783/832 641/497/491 640/510/504
f 763/552/553 799/575/580 798/574/579 830/593/600
f 793/1600/1623 764/553/554 830/593/600 831/1406/1627
f 707/1397/1394 793/1600/1623 831/1406/1627 829/1407/1404
f 740/604/611 758/1597/606 835/602/609 836/601/608
f 764/553/554 763/552/553 830/593/600
f 836/601/608 810/600/607 837/1603/724 838/607/614
f 838/607/614 839/705/723 840/1601/1624 841/605/612
f 841/605/612 840/1601/1624 842/660/669 843/639/647
f 857/165/622 858/617/625 850/1404/1625 821/613/620
f 806/580/585 835/603/609 758/599/606
f 811/582/588 837/706/724 810/600/607
f 1007/585/592 839/705/723 837/706/724
f 812/584/591 840/1604/1624 839/705/723
f 740/604/611 836/601/608 759/549/549
f 844/609/616 836/601/608 838/607/614
f 838/607/614 845/606/613 844/609/616
f 844/609/616 847/610/617 846/608/615
f 841/605/612 925/611/618 845/606/613
f 845/606/613 848/612/619 847/610/617
f 818/589/596 721/615/623 856/614/621
f 822/171/528 723/531/527 857/165/622 856/614/621
f 858/617/625 857/165/622 723/531/527
f 852/1416/1628 860/1415/1629 851/1414/1630 854/1417/1631
f 855/709/728 1040/1605/1632 1041/1606/1633 1015/708/727
f 854/1417/1631 725/533/530 727/1372/1608 852/1416/1628
f 858/617/625 952/256/1634 850/1404/1625
f 689/1418/1415 690/523/517 693/1361/1596 700/177/175
f 853/697/711 1039/534/531 1040/1605/1632 855/709/728
f 869/1336/1329 871/1348/1593 862/1352/1594 861/1337/1330
f 821/613/620 859/1602/1626 817/618/626
f 676/1420/1417 702/525/520 704/50/522 677/176/174
f 70/175/173 688/521/515 690/523/517 689/1418/1415
f 687/67/67 691/522/516 688/521/515 70/175/173
f 685/623/631 929/1422/1419 928/1421/1635 686/622/630
f 683/1423/1420 681/1424/1421 682/1368/1602 684/1369/1604
f 681/1424/1421 679/1425/1422 680/701/718 682/1368/1602
f 679/1425/1422 677/176/174 678/527/523 680/701/718
f 83/275/271 701/702/719 702/525/520 676/1420/1417
f 876/27/485 866/287/733 865/286/731 875/1362/1597
f 937/647/656 834/595/602 754/542/541 762/545/544
f 701/702/719 83/275/271 46/274/270
f 874/1427/1424 875/1362/1597 872/1349/1592 873/1350/1342
f 661/491/482 662/1426/1423 665/492/483
f 658/520/514 665/492/483 657/390/386
f 877/26/26 876/27/485 875/1362/1597 874/1427/1424
f 695/494/487 693/1361/1596 694/280/1598 696/278/518
f 881/178/176 880/495/488 879/28/486 877/26/26
f 931/1428/1636 930/1607/1637 926/643/651 883/1608/1638
f 836/601/608 844/609/616 759/549/549
f 883/1608/1638 926/643/651 884/644/652 885/625/633
f 889/695/709 887/281/722 886/624/632 888/1609/1639
f 886/624/632 887/281/722 885/625/633
f 970/696/710 890/1610/1640 891/1611/1641 892/684/695
f 892/684/695 891/1611/1641 893/627/635 894/629/637
f 900/631/639 902/634/642 903/1612/1642 968/681/692
f 896/683/694 897/1613/1643 898/632/640
f 897/1613/1643 899/630/638 898/632/640
f 899/630/638 901/633/641 900/631/639
f 970/696/710 889/695/709 888/1609/1639 890/1610/1640
f 907/1614/1644 908/686/697 906/687/698
f 931/1428/1636 1003/1432/1645 1000/1591/1601 706/1592/1603
f 885/625/633 1002/707/725 1001/1615/1646 883/1608/1638
f 1219/774/823 674/518/512 623/1586/1589 1229/1585/842
f 908/686/697 907/1614/1644 699/1616/1647 909/262/708
f 926/643/651 927/1617/1648 911/640/648
f 914/638/646 913/642/650 912/641/649
f 917/621/629 918/1438/1649 915/637/645 916/619/627
f 920/1618/1650 919/1439/1651 918/1438/1649 917/621/629
f 921/1619/1652 922/1440/1653 919/1439/1651 920/1618/1650
f 924/649/658 923/190/1654 922/1440/1653 921/1619/1652
f 924/649/658 925/611/618 849/1620/1655 923/190/1654
f 883/1608/1638 1001/1615/1646 1003/1432/1645 931/1428/1636
f 773/557/558 774/636/644 772/82/559
f 813/583/590 840/1601/1624 812/584/591
f 815/193/670 842/660/669 840/1601/1624
f 843/639/647 849/1620/1655 925/611/618
f 706/1592/1603 629/478/468 930/1607/1637 931/1428/1636
f 929/1422/1419 683/1423/1420 684/1369/1604 928/1421/1635
f 629/478/468 631/477/467 910/635/643 930/1607/1637
f 930/1607/1637 910/635/643 927/1617/1648 926/643/651
f 891/1611/1641 918/1438/1649 919/1439/1651 893/627/635
f 918/1438/1649 891/1611/1641 890/1610/1640 915/637/645
f 913/642/650 1008/626/634 884/644/652 911/640/648
f 888/1609/1639 886/624/632 914/638/646
f 893/627/635 919/1439/1651 922/1440/1653 932/202/653
f 932/202/653 922/1440/1653 923/190/1654 896/683/694
f 923/190/1654 849/1620/1655 933/668/678 896/683/694
f 915/637/645 890/1610/1640 888/1609/1639 914/638/646
f 927/1617/1648 935/648/657 936/646/655 911/640/648
f 895/628/636 932/202/653 896/683/694
f 933/668/678 897/1613/1643 896/683/694
f 935/648/657 927/1617/1648 934/645/654
f 760/550/551 847/610/617 939/1621/1656 938/652/661
f 927/1617/1648 910/635/643 934/645/654
f 675/517/511 934/645/654 910/635/643
f 847/610/617 760/550/551 846/608/615
f 943/620/628 942/653/662 920/1618/1650 917/621/629
f 942/653/662 941/650/659 938/652/661
f 943/620/628 882/654/663 941/650/659
f 938/652/661 921/1619/1652 920/1618/1650 942/653/662
f 939/1621/1656 924/649/658 921/1619/1652 938/652/661
f 939/1621/1656 847/610/617 848/612/619 924/649/658
f 672/515/509 825/499/493 937/647/656 934/645/654
f 759/549/549 846/608/615 760/550/551
f 761/655/664 940/651/660 941/650/659
f 762/545/544 882/654/663 937/647/656
f 949/659/668 815/193/670 779/588/595 950/664/674
f 749/544/543 941/650/659 762/545/544
f 951/657/666 950/664/674 779/588/595
f 945/235/683 946/671/682 899/630/638 897/1613/1643
f 897/1613/1643 933/668/678 945/235/683
f 946/671/682 947/1622/1657 901/633/641 899/630/638
f 849/1620/1655 843/639/647 948/224/680 944/666/676
f 944/666/676 933/668/678 849/1620/1655
f 1245/1447/1658 1018/1623/1659 1243/1624/1660 1244/295/743
f 842/673/669 948/224/680 843/639/647
f 717/528/524 775/570/574 782/569/573 716/529/525
f 953/663/673 850/1404/1625 952/256/1634 947/1622/1657
f 953/663/673 947/1622/1657 956/678/689 962/661/671
f 859/1602/1626 961/662/672 820/656/665
f 961/662/672 859/1602/1626 953/663/673
f 820/656/665 817/618/626 859/1602/1626
f 949/659/668 959/665/675 958/672/684
f 950/664/674 951/657/666 960/675/686 959/665/675
f 945/235/683 933/668/678 954/667/677 955/670/681
f 948/224/680 842/673/669 958/672/684 957/669/679
f 951/657/666 820/656/665 961/662/672 960/675/686
f 956/678/689 947/1622/1657 946/671/682 955/670/681
f 958/672/684 959/665/675 966/679/690 957/669/679
f 944/666/676 963/676/687 954/667/677
f 954/667/677 964/677/688 955/670/681
f 962/661/671 965/674/685 961/662/672
f 4/399/395 3/17/17 1/19/19 2/45/45
f 898/632/640 900/631/639 968/681/692 896/683/694
f 967/680/691 966/679/690 965/674/685
f 964/677/688 954/667/677 966/679/690
f 800/579/584 757/547/546 832/597/604
f 826/501/495 800/579/584 832/597/604
f 968/681/692 903/1612/1642 904/688/699 969/682/693
f 905/685/696 894/629/637 969/682/693
f 908/686/697 970/696/710 892/684/695
f 894/629/637 895/628/636 969/682/693
f 906/687/698 892/684/695 905/685/696
f 973/689/701 1043/1625/1661 1042/1626/1662 972/255/702
f 974/254/700 972/255/702 851/1414/1630 860/1415/1629
f 972/255/702 1042/1626/1662 1041/1606/1633 851/1414/1630
f 952/256/1634 902/634/642 901/633/641 947/1622/1657
f 902/634/642 952/256/1634 980/690/703 981/1627/1663
f 903/1612/1642 902/634/642 981/1627/1663 982/1628/1664
f 1025/616/624 983/693/706 984/691/704 858/617/625
f 980/690/703 952/256/1634 858/617/625
f 1021/1629/1665 1020/1451/1666 1245/1447/1658 979/1630/1667
f 698/1631/1668 906/687/698 905/685/696 986/1632/1669
f 914/638/646 912/641/649 916/619/627
f 986/1632/1669 905/685/696 904/688/699 985/1633/1670
f 982/1628/1664 985/1633/1670 904/688/699 903/1612/1642
f 987/698/713 1790/1335/1094 993/1456/1671 991/269/715
f 1015/708/727 980/690/703 984/691/704
f 995/1634/1672 977/1635/1673 975/1340/1674 990/1458/1675
f 1001/1615/1646 686/622/630 928/1421/1635 1003/1432/1645
f 1002/707/725 691/522/516 686/622/630 1001/1615/1646
f 1003/1432/1645 928/1421/1635 684/1369/1604 1000/1591/1601
f 999/700/717 705/1590/1599 706/1592/1603 1000/1591/1601
f 811/582/588 770/555/556 772/82/559 1007/585/592
f 664/493/484 658/520/514 656/1588/1591
f 657/390/386 656/1588/1591 658/520/514
f 659/703/720 46/274/270 662/1426/1423
f 936/646/655 912/641/649 911/640/648
f 996/1460/1460 997/1459/1676 1076/307/1677 1063/306/1678
f 1005/704/721 1009/1636/1679 696/278/518 694/280/1598
f 771/554/555 772/82/559 770/555/556
f 1005/704/721 1002/707/725 885/625/633
f 694/280/1598 691/522/516 1005/704/721
f 1009/1636/1679 1004/282/726 697/524/519 696/278/518
f 887/281/722 889/695/709 1009/1636/1679 1005/704/721
f 1004/282/726 909/262/708 699/1616/1647 697/524/519
f 1004/282/726 1009/1636/1679 889/695/709
f 1012/1461/1680 698/1631/1668 986/1632/1669 1013/1462/1681
f 1013/1462/1681 986/1632/1669 985/1633/1670 1014/1463/1682
f 1017/716/740 981/1627/1663 980/690/703 1015/708/727
f 982/1628/1664 981/1627/1663 1017/716/740 1016/715/739
f 1014/1463/1682 985/1633/1670 982/1628/1664 1016/715/739
f 1020/1451/1666 1019/710/729 1018/1623/1659 1245/1447/1658
f 861/1337/1330 862/1352/1594 1020/1451/1666 1021/1629/1665
f 862/1352/1594 864/284/730 1019/710/729 1020/1451/1666
f 1027/1464/1683 1242/722/747 1241/291/737 1028/289/736
f 1026/1465/1684 1023/719/744 1242/722/747 1027/1464/1683
f 1039/534/531 853/697/711 789/692/705 790/532/529
f 1023/719/744 1026/1465/1684 1022/1637/1685
f 1024/713/735 1010/1467/1686 1011/1466/1687 1028/289/736
f 1028/289/736 1011/1466/1687 1012/1461/1680 1027/1464/1683
f 1027/1464/1683 1012/1461/1680 1013/1462/1681 1026/1465/1684
f 1026/1465/1684 1013/1462/1681 1014/1463/1682 1022/1637/1685
f 979/1630/1667 1245/1447/1658 1244/295/743 1247/718/742
f 1022/1637/1685 1014/1463/1682 1016/715/739
f 1244/295/743 1243/1624/1660 1246/297/1688 1030/717/741
f 1243/1624/1660 1032/298/748 1246/297/1688
f 1033/1341/1333 1030/717/741 1246/297/1688 1035/721/746
f 1035/721/746 1246/297/1688 1032/298/748 1023/719/744
f 1036/724/750 1033/1341/1333 1035/721/746 1038/720/745
f 1029/711/732 1019/710/729 865/286/731 866/287/733
f 1034/1342/1334 1036/724/750 1037/300/1689
f 1018/1623/1659 1024/713/735 1241/291/737 1243/1624/1660
f 1243/1624/1660 1241/291/737 1242/722/747 1032/298/748
f 1039/534/531 725/533/530 854/1417/1631 1040/1605/1632
f 1022/1637/1685 1038/720/745 1023/719/744
f 855/709/728 984/691/704 853/697/711
f 1040/1605/1632 854/1417/1631 851/1414/1630 1041/1606/1633
f 1043/1625/1661 1016/715/739 971/714/738 1042/1626/1662
f 1042/1626/1662 971/714/738 1015/708/727 1041/1606/1633
f 789/692/705 724/88/88 726/1392/1389 790/532/529
f 1016/715/739 1043/1625/1661 1038/720/745 1022/1637/1685
f 1038/720/745 1043/1625/1661 973/689/701 1036/724/750
f 1044/1471/1690 1045/1470/1691 978/1638/1692 977/1635/1673
f 1063/306/1678 1076/307/1115 991/269/715 993/1456/1671
f 1048/1639/1693 1046/1640/1694 1047/1474/1695 1049/1473/1696
f 1053/407/1697 1054/1476/1698 1056/1475/1699 1055/1477/1700
f 1107/1478/1701 1115/750/786 1139/348/344 1059/1479/1478
f 1046/1640/1694 978/1638/1692 1045/1470/1691 1047/1474/1695
f 1057/1366/1600 1058/1480/1702 1062/308/304 1060/725/751
f 1117/1481/1480 1077/1484/1703 1064/1483/1704 1128/1482/1481
f 1050/797/843 1048/1639/1693 1049/1473/1696 1051/1486/1705
f 1037/300/1689 976/723/749 978/1638/1692 1046/1640/1694
f 1055/1477/1700 1021/1629/1665 979/1630/1667 1053/407/1697
f 1057/1366/1600 861/1337/1330 1021/1629/1665 1055/1477/1700
f 1071/727/755 1052/1489/1706 1051/1486/1705 1070/1641/1707
f 1085/1492/1491 1084/1491/1708 1095/1490/1709 1075/1493/1492
f 1049/1473/1696 1047/1474/1695 1068/316/754 1069/726/753
f 1074/1494/1710 1058/1480/1702 1056/1475/1699 1073/1495/1711
f 1044/1471/1690 998/1497/1712 1065/1496/1713 1066/1498/1714
f 1045/1470/1691 1044/1471/1690 1066/1498/1714 1067/1499/1715
f 1072/729/757 1054/1476/1698 1052/1489/1706 1071/727/755
f 1051/1486/1705 1049/1473/1696 1069/726/753 1070/1641/1707
f 1085/1492/1491 1096/1500/1500 1074/1494/1710 1084/1491/1708
f 992/1501/1501 996/1460/1460 1063/306/1678 993/1456/1671
f 1047/1474/1695 1045/1470/1691 1067/1499/1715 1068/316/754
f 1073/1495/1711 1056/1475/1699 1054/1476/1698 1072/729/757
f 977/1635/1673 995/1634/1672 998/1497/1712 1044/1471/1690
f 998/1497/1712 997/1459/1676 1064/1483/1704 1065/1496/1713
f 1128/1482/1481 1064/1483/1704 997/1459/1676 996/1460/1460
f 1083/1502/1716 1073/1495/1711 1072/729/757 1082/728/756
f 1066/1498/1714 1065/1496/1713 1078/1503/1717 1079/1504/1718
f 1084/1491/1708 1074/1494/1710 1073/1495/1711 1083/1502/1716
f 1067/1499/1715 1066/1498/1714 1079/1504/1718 1080/318/759
f 1058/1480/1702 1074/1494/1710 1096/1500/1500 1062/308/304
f 1068/316/754 1067/1499/1715 1080/318/759 1081/315/752
f 1094/1505/1719 1083/1502/1716 1082/728/756 1093/1506/1720
f 1079/1504/1718 1078/1503/1717 1087/1507/1721 1088/1508/1722
f 1095/1490/1709 1084/1491/1708 1083/1502/1716 1094/1505/1719
f 1080/318/759 1079/1504/1718 1088/1508/1722 1089/317/758
f 1065/1496/1713 1064/1483/1704 1077/1484/1703 1078/1503/1717
f 1081/315/752 1090/1509/1723 1069/726/753
f 1091/1510/1724 1070/1641/1707 1069/726/753 1090/1509/1723
f 1092/1511/1725 1071/727/755 1070/1641/1707 1091/1510/1724
f 994/699/716 991/269/715 1076/307/1677 997/1459/1676
f 1093/1506/1720 1082/728/756 1071/727/755 1092/1511/1725
f 1090/1509/1723 1081/315/752 1101/1512/1726 1102/731/763
f 1103/733/765 1091/1510/1724 1090/1509/1723 1102/731/763
f 1104/1515/1727 1092/1511/1725 1091/1510/1724 1103/733/765
f 1078/1503/1717 1077/1484/1703 1086/1516/1728 1087/1507/1721
f 1105/1517/1729 1093/1506/1720 1092/1511/1725 1104/1515/1727
f 1106/1518/1730 1094/1505/1719 1093/1506/1720 1105/1517/1729
f 1088/1508/1722 1087/1507/1721 1098/1519/1731 1099/321/762
f 1107/1478/1701 1095/1490/1709 1094/1505/1719 1106/1518/1730
f 1089/317/758 1088/1508/1722 1099/321/762 1100/730/761
f 1081/315/752 1089/317/758 1100/730/761 1101/1512/1726
f 1114/322/1732 1106/1518/1730 1105/1517/1729 1113/1520/1733
f 1099/321/762 1098/1519/1731 1109/1521/1734 1110/320/760
f 1115/750/786 1107/1478/1701 1106/1518/1730 1114/322/1732
f 1087/1507/1721 1086/1516/1728 1097/331/772 1098/1519/1731
f 1112/1522/1735 1104/1515/1727 1103/733/765 1111/732/764
f 997/1459/1676 998/1497/1712 995/1634/1672 994/699/716
f 1113/1520/1733 1105/1517/1729 1104/1515/1727 1112/1522/1735
f 1124/735/768 1111/732/764 1102/731/763 1123/734/766
f 1125/1523/1736 1112/1522/1735 1111/732/764 1124/735/768
f 1098/1519/1731 1097/331/772 1108/332/328 1109/1521/1734
f 1126/1524/1737 1113/1520/1733 1112/1522/1735 1125/1523/1736
f 1127/324/1738 1114/322/1732 1113/1520/1733 1126/1524/1737
f 1110/320/760 1109/1521/1734 1119/1525/1739 1120/1526/1740
f 1100/730/761 1110/320/760 1120/1526/1740 1121/1527/1741
f 1114/322/1732 1127/324/1738 1115/750/786
f 1101/1512/1726 1100/730/761 1121/1527/1741 1122/325/1742
f 1102/731/763 1101/1512/1726 1122/325/1742 1123/734/766
f 1138/349/345 1115/750/786 1127/324/1738 1137/1528/1743
f 1121/1527/1741 1120/1526/1740 1131/1529/1744 1132/383/814
f 1122/325/1742 1121/1527/1741 1132/383/814 1133/760/803
f 1095/1490/1709 1107/1478/1701 1059/1479/1478 1075/1493/1492
f 1122/325/1742 1133/760/803 1123/734/766
f 1125/1523/1736 1124/735/768 1134/365/767 1135/756/799
f 1109/1521/1734 1108/332/328 1118/1530/1532 1119/1525/1739
f 1136/1531/1745 1126/1524/1737 1125/1523/1736 1135/756/799
f 1137/1528/1743 1127/324/1738 1126/1524/1737 1136/1531/1745
f 1120/1526/1740 1119/1525/1739 1130/1532/1746 1131/1529/1744
f 1145/1642/1747 1143/766/812 1142/342/1748 1144/746/780
f 1140/767/813 1141/759/802 1133/760/803
f 1141/759/802 1142/342/1748 1143/766/812
f 1147/1643/1749 1145/1642/1747 1144/746/780 1146/745/779
f 1149/738/771 1147/1643/1749 1146/745/779 1148/1644/1750
f 1153/466/873 1151/737/770 1150/736/769 1152/747/781
f 1148/1644/1750 1150/736/769 1149/738/771
f 1116/1535/1540 1086/1516/1728 1077/1484/1703 1117/1481/1480
f 1086/1516/1728 1116/1535/1540 1154/333/329 1097/331/772
f 1055/1477/1700 1056/1475/1699 1058/1480/1702 1057/1366/1600
f 1119/1525/1739 1118/1530/1532 1129/1536/1541 1130/1532/1746
f 1214/742/776 1156/739/773 1157/741/775
f 1161/1645/1751 1159/740/774 1156/739/773 1160/743/777
f 1144/746/780 1161/1645/1751 1160/743/777 1163/744/778
f 1155/337/333 1158/338/334 1156/739/773
f 1163/744/778 1160/743/777 1158/338/334 1162/339/335
f 1148/1644/1750 1146/745/779 1163/744/778 1166/341/1752
f 1166/341/1752 1163/744/778 1164/1538/1543 1165/1540/1545
f 1162/339/335 1164/1538/1543 1163/744/778
f 1166/341/1752 1168/1539/1753 1148/1644/1750
f 1150/736/769 1148/1644/1750 1168/1539/1753 1170/749/785
f 1168/1539/1753 1166/341/1752 1165/1540/1545 1167/1541/1547
f 1173/748/782 1150/736/769 1170/749/785 1172/346/784
f 1170/749/785 1168/1539/1753 1167/1541/1547 1169/345/783
f 1157/741/775 1159/740/774 1141/759/802 1140/767/813
f 1159/740/774 1161/1645/1751 1142/342/1748 1141/759/802
f 1202/752/789 1203/1646/1754 1174/768/815 1175/351/787
f 1144/746/780 1142/342/1748 1161/1645/1751
f 1176/751/788 1177/1543/1551 1201/366/362
f 1177/1543/1551 1176/751/788 1180/753/791 1181/1544/1552
f 1176/751/788 1175/351/787 1179/355/792 1180/753/791
f 1175/351/787 1174/768/815 1178/356/793 1179/355/792
f 1186/1546/1554 1184/754/794 1188/1545/1755 1189/1547/1555
f 1180/753/791 1183/357/353 1181/1544/1552
f 1182/354/790 1184/754/794 1180/753/791
f 1184/754/794 1186/1546/1554 1183/357/353
f 1184/754/794 1185/359/795 1187/384/817 1188/1545/1755
f 1189/1547/1555 1188/1545/1755 1191/362/797 1192/360/356
f 1188/1545/1755 1187/384/817 1190/385/818 1191/362/797
f 1191/362/797 1190/385/818 1194/1548/1756 1195/361/796
f 1198/755/798 1123/734/766 1133/760/803 1197/757/800
f 1193/464/872 1194/1548/1756 1190/385/818
f 1198/755/798 1174/768/815 1203/1646/1754 1135/756/799
f 1198/755/798 1199/758/801 1200/1647/1757
f 1202/752/789 1176/751/788 1215/367/804
f 1200/1647/1757 1216/769/816 1174/768/815 1198/755/798
f 1200/1647/1757 1199/758/801 1204/1648/1758 1205/1649/1759
f 1197/757/800 1143/766/812 1199/758/801
f 1205/1649/1759 1204/1648/1758 1206/763/807 1207/1551/1760
f 1207/1551/1760 1208/1650/1761 1205/1649/1759
f 1204/1648/1758 1199/758/801 1143/766/812 1145/1642/1747
f 1205/1649/1759 1208/1650/1761 1216/769/816 1200/1647/1757
f 1206/763/807 1204/1648/1758 1145/1642/1747 1147/1643/1749
f 1208/1650/1761 1207/1551/1760 1209/762/806 1210/765/809
f 1140/767/813 1132/383/814 1131/1529/1744 1157/741/775
f 1206/763/807 1209/762/806 1207/1551/1760
f 1209/762/806 1213/377/810 1210/765/809
f 1206/763/807 1211/764/808 1212/761/805
f 1147/1643/1749 1149/738/771 1206/763/807
f 1214/742/776 1130/1532/1746 1129/1536/1541 1155/337/333
f 1157/741/775 1131/1529/1744 1130/1532/1746 1214/742/776
f 1217/379/811 1187/384/817 1185/359/795 1210/765/809
f 1208/1650/1761 1182/354/790 1178/356/793 1216/769/816
f 1182/354/790 1208/1650/1761 1210/765/809
f 1201/366/362 1138/349/345 1137/1528/1743 1215/367/804
f 1215/367/804 1137/1528/1743 1136/1531/1745 1202/752/789
f 1202/752/789 1136/1531/1745 1135/756/799 1203/1646/1754
f 655/18/478 657/390/386 1218/784/833 617/488/479
f 549/389/385 1218/784/833 657/390/386
f 792/562/566 1224/770/819 1225/780/829 654/1408/1405
f 1221/772/821 650/771/820 649/483/473 1223/777/826
f 651/594/601 1221/772/821 652/564/568
f 1228/1651/841 1229/1585/842 670/482/472 1227/398/840
f 649/483/473 1220/773/822 1223/777/826
f 1220/773/822 649/483/473 823/485/475
f 1218/784/833 549/389/385 558/1557/410 1231/785/409
f 646/506/500 1233/776/825 1220/773/822
f 1236/1652/1762 1221/772/821 1223/777/826 1233/776/825
f 1224/770/819 652/564/568 1221/772/821 1236/1652/1762
f 640/510/504 1222/511/505 1232/1653/1763 1235/782/831
f 1234/778/827 1232/1653/1763 1222/511/505
f 635/479/469 616/471/461 1230/775/824 1226/781/830
f 1232/1654/1763 1234/788/827 1239/787/834 1240/816/862
f 670/482/472 1226/781/830 1227/398/840
f 1231/785/409 1230/775/824 617/488/479
f 1024/713/735 1018/1623/1659 1019/710/729 1029/711/732
f 1249/790/836 1250/789/835 1251/821/868 1252/1558/1564
f 1297/823/870 1248/791/837 1238/817/863
f 1248/791/837 1249/790/836 1238/817/863
f 1053/407/1697 979/1630/1667 1247/718/742 1255/798/844
f 1239/787/834 1297/823/870 1238/817/863 1240/816/862
f 1253/1559/1764 1237/793/839 1226/795/830 1230/1655/824
f 698/1631/1668 1012/1461/1680 1011/1466/1687 907/1614/1644
f 906/687/698 698/1631/1668 907/1614/1644
f 907/1614/1644 1011/1466/1687 1010/1467/1686 699/1616/1647
f 1029/711/732 1254/1564/1765 1010/1467/1686 1024/713/735
f 863/712/734 867/1589/1595 1254/1564/1765 1029/711/732
f 697/524/519 1254/1564/1765 867/1589/1595 695/494/487
f 1254/1564/1765 697/524/519 699/1616/1647 1010/1467/1686
f 1052/1489/1706 1255/798/844 1050/797/843 1051/1486/1705
f 1255/798/844 1052/1489/1706 1054/1476/1698 1053/407/1697
f 1227/794/840 1237/793/839 1256/421/845 1257/422/847
f 1228/796/841 1227/794/840 1257/422/847 1258/463/871
f 1261/425/853 1230/1655/824 1231/417/409 1262/419/411
f 1237/793/839 1253/1559/1764 1260/803/851 1259/800/848
f 1259/800/848 1256/421/845 1237/793/839
f 1253/1559/1764 1230/1655/824 1261/425/853 1260/803/851
f 1258/463/871 1257/422/847 1264/1566/1569 1265/1567/1570
f 1271/799/846 1263/1568/1571 1264/1566/1569 1257/422/847
f 1270/802/850 1271/799/846 1256/421/845 1259/800/848
f 1272/426/854 1266/431/423 1263/1568/1571 1271/799/846
f 1259/800/848 1260/803/851 1269/801/849
f 1260/803/851 1261/425/853 1268/804/852
f 1272/426/854 1270/802/850 1269/801/849 1268/804/852
f 1236/1656/1762 1233/806/825 1276/439/860 1277/815/859
f 1273/810/857 1274/808/856 645/809/502
f 644/811/832 1235/1657/831 1240/816/862 1273/810/857
f 1275/805/855 1276/439/860 1233/806/825
f 1224/813/819 1236/1656/1762 1277/815/859 1278/442/432
f 1277/815/859 1279/814/858 1280/440/430 1281/443/433
f 1274/808/856 1275/805/855 646/807/500
f 1235/1657/831 1232/1654/1763 1240/816/862
f 1287/441/861 1279/814/858 1276/439/860
f 1289/1658/1766 1288/1659/1767 1284/458/448 1285/1570/1572
f 1287/441/861 1289/1658/1766 1285/1570/1572 1286/448/438
f 809/1573/1768 808/1572/1769 1282/1571/1770 1283/1574/1770
f 1274/808/856 1273/810/857 1288/1659/1767 1289/1658/1766
f 1289/1658/1766 1287/441/861 1274/808/856
f 1293/457/866 1291/1660/1771 1290/818/864 1292/819/865
f 1290/818/864 1291/1660/1771 1240/816/862
f 613/449/439 1293/457/866 1292/819/865 1294/450/440
f 1292/819/865 1290/818/864 1238/817/863 1249/790/836
f 1273/810/857 1240/816/862 1291/1660/1771 1288/1659/1767
f 1249/790/836 1252/1558/1564 1294/450/440
f 1293/457/866 1284/458/448 1288/1659/1767 1291/1660/1771
f 1296/822/869 1239/787/834 1228/796/841 1258/463/871
f 1295/820/867 1258/463/871 1265/1567/1570
f 1248/791/837 1297/823/870 1295/820/867
f 1190/385/818 1217/379/811 1307/1576/1577 1300/465/455
f 1209/762/806 1212/761/805 1303/1577/1578 1304/1578/1579
f 1213/377/810 1209/762/806 1304/1578/1579 1305/1581/1582
f 1211/764/808 1306/1580/1581 1302/1579/1580
f 1217/379/811 1213/377/810 1305/1581/1582 1307/1576/1577
f 1303/1577/1578 1212/761/805 1211/764/808 1302/1579/1580
f 1306/1580/1581 1211/764/808 1151/737/770 1298/467/874
f 1194/1548/1772 1193/464/1773 1301/824/876 1195/361/875
f 1173/748/1774 1172/346/1775 1171/347/1776 1152/747/1777
f 1299/468/1778 1153/466/1779 1152/747/1777 1171/347/1776
f 1315/1661/1780 1312/1662/1781 1311/1663/1782 1314/1664/1783
f 1309/1665/1784 1316/1666/1785 1317/833/1786 1313/1667/1787
f 1313/1667/1787 1317/833/1786 1318/1668/1788 1314/1664/1783
f 1317/833/1786 1320/834/1789 1321/1669/1790 1318/1668/1788
f 1315/1661/1780 1314/1664/1783 1318/1668/1788 1319/1670/1791
f 1308/829/881 1316/1666/1785 1309/1665/1784
f 1319/1670/1791 1318/1668/1788 1321/1669/1790 1322/1671/1792
f 1316/1666/1785 1320/834/1789 1317/833/1786
f 1308/829/881 1323/835/1793 1316/1666/1785
f 1320/834/1789 1316/1666/1785 1323/835/1793 1324/1672/1794
f 1323/835/1793 1308/829/881 1327/828/880 1328/1673/1795
f 1326/1674/1796 1322/1671/1792 1321/1669/1790 1325/1675/1797
f 1323/835/1793 1328/1673/1795 1329/1676/1798 1324/1672/1794
f 1320/834/1789 1324/1672/1794 1325/1675/1797 1321/1669/1790
f 1326/1674/1796 1325/1675/1797 1330/1677/1799 1331/1678/1800
f 1325/1675/1797 1324/1672/1794 1329/1676/1798 1330/1677/1799
f 1332/1679/1801 1329/1676/1798 1328/1673/1795
f 1334/1680/1802 1331/1678/1800 1330/1677/1799 1333/1681/1803
f 1335/1682/1804 1328/1673/1795 1327/828/880
f 1332/1679/1801 1328/1673/1795 1335/1682/1804 1336/837/1805
f 1330/1677/1799 1329/1676/1798 1332/1679/1801 1333/1681/1803
f 1338/1683/1806 1334/1680/1802 1333/1681/1803 1337/1684/1807
f 1333/1681/1803 1332/1679/1801 1336/837/1805 1337/1684/1807
f 1335/1682/1804 1339/838/1808 1336/837/1805
f 1338/1683/1806 1337/1684/1807 1340/1685/1809 1341/1686/1810
f 1339/838/1808 1335/1682/1804 1342/840/1811 1343/1687/1812
f 1336/837/1805 1339/838/1808 1340/1685/1809 1337/1684/1807
f 1345/1688/1813 1341/1686/1810 1340/1685/1809 1344/1689/1814
f 1327/828/880 1342/840/1811 1335/1682/1804
f 1340/1685/1809 1339/838/1808 1343/1687/1812 1344/1689/1814
f 1346/827/879 1351/843/1815 1347/842/1816
f 1342/840/1811 1346/827/879 1347/842/1816 1343/1687/1812
f 1349/1690/1817 1345/1688/1813 1344/1689/1814 1348/1691/1818
f 1346/827/879 1354/1692/1819 1355/1693/1820 1351/843/1815
f 1344/1689/1814 1343/1687/1812 1347/842/1816 1348/1691/1818
f 1356/1694/1821 1355/1693/1820 1359/1695/1822 1360/1696/1823
f 1327/828/880 1346/827/879 1342/840/1811
f 1347/842/1816 1351/843/1815 1352/1697/1824 1348/1691/1818
f 1353/1698/1825 1349/1690/1817 1348/1691/1818 1352/1697/1824
f 1351/843/1815 1355/1693/1820 1356/1694/1821 1352/1697/1824
f 1357/1699/1826 1353/1698/1825 1352/1697/1824 1356/1694/1821
f 1354/1692/1819 1346/827/879 1350/826/878
f 1354/1692/1819 1358/1700/1827 1359/1695/1822 1355/1693/1820
f 1360/1696/1823 1359/1695/1822 1362/1701/1828 1363/1702/1829
f 1357/1699/1826 1356/1694/1821 1360/1696/1823 1361/1703/1830
f 1358/1700/1827 1354/1692/1819 1350/826/878
f 1362/1701/1828 1366/1704/1831 1367/1705/1832 1363/1702/1829
f 1362/1701/1828 1359/1695/1822 1358/1700/1827
f 1361/1703/1830 1360/1696/1823 1363/1702/1829 1364/1706/1833
f 1362/1701/1828 1358/1700/1827 1365/1707/1834 1366/1704/1831
f 1350/826/878 1308/829/881 1365/1707/1834 1358/1700/1827
f 1309/1665/1784 1365/1707/1834 1308/829/881
f 1364/1706/1833 1363/1702/1829 1367/1705/1832 1368/1708/1835
f 1365/1707/1834 1309/1665/1784 1310/1709/1836 1366/1704/1831
f 1368/1708/1835 1367/1705/1832 1311/1663/1782 1312/1662/1781
f 1310/1709/1836 1313/1667/1787 1314/1664/1783 1311/1663/1782
f 1366/1704/1831 1310/1709/1836 1311/1663/1782 1367/1705/1832
f 1376/1661/1837 1375/1664/1838 1372/1663/1839 1373/1662/1840
f 1313/1667/1787 1310/1709/1836 1309/1665/1784
f 1378/833/885 1377/832/884 1370/831/883 1374/1667/1841
f 1379/1668/1842 1378/833/885 1374/1667/1841 1375/1664/1838
f 1382/1669/1843 1381/834/886 1378/833/885 1379/1668/1842
f 1379/1668/1842 1375/1664/1838 1376/1661/1837 1380/1670/1844
f 1382/1669/1843 1379/1668/1842 1380/1670/1844 1383/1671/1845
f 1381/834/886 1385/1672/1846 1384/835/887 1377/832/884
f 1384/835/887 1389/1710/1847 1388/839/891 1369/830/882
f 1387/1674/1848 1386/1675/1849 1382/1669/1843 1383/1671/1845
f 1390/1676/1850 1389/1710/1847 1384/835/887 1385/1672/1846
f 1386/1675/1849 1385/1672/1846 1381/834/886 1382/1669/1843
f 1391/1677/1851 1386/1675/1849 1387/1674/1848 1392/1678/1852
f 1386/1675/1849 1391/1677/1851 1390/1676/1850 1385/1672/1846
f 1389/1710/1847 1390/1676/1850 1393/1679/1853
f 1395/1680/1854 1394/1681/1855 1391/1677/1851 1392/1678/1852
f 1388/839/891 1389/1710/1847 1396/836/888
f 1393/1679/1853 1397/837/889 1396/836/888 1389/1710/1847
f 1391/1677/1851 1394/1681/1855 1393/1679/1853 1390/1676/1850
f 1399/1683/1856 1398/1684/1857 1394/1681/1855 1395/1680/1854
f 1394/1681/1855 1398/1684/1857 1397/837/889 1393/1679/1853
f 1401/1685/1858 1398/1684/1857 1399/1683/1856 1402/1686/1859
f 1400/838/890 1404/1687/1860 1403/840/892 1396/836/888
f 1401/1685/1858 1400/838/890 1397/837/889 1398/1684/1857
f 1406/1688/1861 1405/1689/1862 1401/1685/1858 1402/1686/1859
f 1401/1685/1858 1405/1689/1862 1404/1687/1860 1400/838/890
f 1408/842/894 1407/841/893 1403/840/892 1404/1687/1860
f 1410/1690/1863 1409/1691/1864 1405/1689/1862 1406/1688/1861
f 1416/1693/1865 1415/1692/1866 1407/841/893 1412/843/895
f 1405/1689/1862 1409/1691/1864 1408/842/894 1404/1687/1860
f 1417/1694/1867 1421/1696/1868 1420/1695/1869 1416/1693/1865
f 1413/1697/1870 1412/843/895 1408/842/894 1409/1691/1864
f 1414/1698/1871 1413/1697/1870 1409/1691/1864 1410/1690/1863
f 1411/844/896 1388/839/891 1407/841/893
f 1417/1694/1867 1416/1693/1865 1412/843/895 1413/1697/1870
f 1418/1699/1872 1417/1694/1867 1413/1697/1870 1414/1698/1871
f 1411/844/896 1407/841/893 1415/1692/1866
f 1420/1695/1869 1419/1711/1873 1415/1692/1866 1416/1693/1865
f 1421/1696/1868 1424/1702/1874 1423/1701/1875 1420/1695/1869
f 1421/1696/1868 1417/1694/1867 1418/1699/1872 1422/1703/1876
f 1411/844/896 1415/1692/1866 1419/1711/1873
f 1428/1705/1877 1427/1704/1878 1423/1701/1875 1424/1702/1874
f 1419/1711/1873 1420/1695/1869 1423/1701/1875
f 1424/1702/1874 1421/1696/1868 1422/1703/1876 1425/1706/1879
f 1423/1701/1875 1427/1704/1878 1426/1707/1880 1419/1711/1873
f 1426/1707/1880 1369/830/882 1411/844/896 1419/1711/1873
f 1369/830/882 1426/1707/1880 1370/831/883
f 1428/1705/1877 1424/1702/1874 1425/1706/1879 1429/1708/1881
f 1371/1709/1882 1370/831/883 1426/1707/1880 1427/1704/1878
f 1372/1663/1839 1428/1705/1877 1429/1708/1881 1373/1662/1840
f 1375/1664/1838 1374/1667/1841 1371/1709/1882 1372/1663/1839
f 1372/1663/1839 1371/1709/1882 1427/1704/1878 1428/1705/1877
f 1433/1712/1883 1432/1713/1884 1437/1714/1885 1438/1715/1886
f 1370/831/883 1371/1709/1882 1374/1667/1841
f 1436/852/1887 1439/853/1888 1440/1716/1889 1437/1714/1885
f 1435/1717/1890 1439/853/1888 1436/852/1887
f 1430/1718/1891 1476/850/902 1434/847/899 1435/1717/1890
f 1440/1716/1889 1439/853/1888 1443/1719/1892 1444/1720/1893
f 1438/1715/1886 1437/1714/1885 1440/1716/1889 1441/1721/1894
f 1439/853/1888 1435/1717/1890 1442/855/1895 1443/1719/1892
f 1441/1721/1894 1440/1716/1889 1444/1720/1893 1445/1722/1896
f 1434/847/899 1446/846/898 1442/855/1895
f 1442/855/1895 1435/1717/1890 1434/847/899
f 1443/1719/1892 1442/855/1895 1446/846/898 1447/1723/1897
f 1449/1724/1898 1445/1722/1896 1444/1720/1893 1448/1725/1899
f 1443/1719/1892 1447/1723/1897 1448/1725/1899 1444/1720/1893
f 1451/1726/1900 1447/1723/1897 1446/846/898
f 1449/1724/1898 1448/1725/1899 1452/1727/1901 1453/1728/1902
f 1450/845/897 1454/1729/1903 1446/846/898
f 1446/846/898 1454/1729/1903 1455/1730/1904 1451/1726/1900
f 1448/1725/1899 1447/1723/1897 1451/1726/1900 1452/1727/1901
f 1457/1731/1905 1453/1728/1902 1452/1727/1901 1456/1732/1906
f 1451/1726/1900 1455/1730/1904 1456/1732/1906 1452/1727/1901
f 1458/1733/1907 1455/1730/1904 1454/1729/1903
f 1460/1734/1908 1457/1731/1905 1456/1732/1906 1459/1735/1909
f 1458/1733/1907 1454/1729/1903 1461/849/901 1462/861/1910
f 1455/1730/1904 1458/1733/1907 1459/1735/1909 1456/1732/1906
f 1464/1736/1911 1460/1734/1908 1459/1735/1909 1463/1737/1912
f 1450/845/897 1461/849/901 1454/1729/1903
f 1459/1735/1909 1458/1733/1907 1462/861/1910 1463/1737/1912
f 1461/849/901 1466/862/1913 1462/861/1910
f 1468/1738/1914 1464/1736/1911 1463/1737/1912 1467/1739/1915
f 1462/861/1910 1466/862/1913 1467/1739/1915 1463/1737/1912
f 1469/1740/1916 1473/1741/1917 1470/1742/1918
f 1466/862/1913 1461/849/901 1469/1740/1916 1470/1742/1918
f 1468/1738/1914 1467/1739/1915 1471/1743/1919 1472/1744/1920
f 1469/1740/1916 1477/1745/1921 1478/1746/1922 1473/1741/1917
f 1466/862/1913 1470/1742/1918 1471/1743/1919 1467/1739/1915
f 1478/1746/1922 1481/1747/1923 1482/1748/1924 1479/1749/1925
f 1465/848/900 1469/1740/1916 1461/849/901
f 1471/1743/1919 1470/1742/1918 1473/1741/1917 1474/1750/1926
f 1472/1744/1920 1471/1743/1919 1474/1750/1926 1475/1751/1927
f 1473/1741/1917 1478/1746/1922 1479/1749/1925 1474/1750/1926
f 1465/848/900 1476/850/902 1477/1745/1921 1469/1740/1916
f 1480/1752/1928 1475/1751/1927 1474/1750/1926 1479/1749/1925
f 1481/1747/1923 1485/1753/1929 1486/1754/1930 1482/1748/1924
f 1477/1745/1921 1481/1747/1923 1478/1746/1922
f 1480/1752/1928 1479/1749/1925 1482/1748/1924 1483/1755/1931
f 1477/1745/1921 1484/1756/1932 1485/1753/1929 1481/1747/1923
f 1486/1754/1930 1485/1753/1929 1488/1757/1933 1489/1758/1934
f 1487/1759/1935 1483/1755/1931 1482/1748/1924 1486/1754/1930
f 1484/1756/1932 1477/1745/1921 1476/850/902
f 1490/1760/1936 1487/1759/1935 1486/1754/1930 1489/1758/1934
f 1488/1757/1933 1485/1753/1929 1484/1756/1932
f 1430/1718/1891 1484/1756/1932 1476/850/902
f 1484/1756/1932 1430/1718/1891 1431/1761/1937 1488/1757/1933
f 1490/1760/1936 1489/1758/1934 1432/1713/1884 1433/1712/1883
f 1431/1761/1937 1436/852/1887 1437/1714/1885 1432/1713/1884
f 1489/1758/1934 1488/1757/1933 1431/1761/1937 1432/1713/1884
f 1430/1718/1891 1435/1717/1890 1436/852/1887 1431/1761/1937
f 1498/1714/1938 1493/1713/1939 1494/1712/1940 1499/1715/1941
f 1501/1716/1942 1500/853/905 1497/852/904 1498/1714/1938
f 1491/1718/1943 1496/851/903 1495/857/909 1539/865/917
f 1501/1716/1942 1506/1720/1944 1505/1719/1945 1500/853/905
f 1501/1716/1942 1498/1714/1938 1499/1715/1941 1502/1721/1946
f 1500/853/905 1505/1719/1945 1504/855/907 1496/851/903
f 1504/855/907 1503/854/906 1495/857/909 1496/851/903
f 1506/1720/1944 1501/1716/1942 1502/1721/1946 1507/1722/1947
f 1505/1719/1945 1509/1723/1948 1508/856/908 1504/855/907
f 1511/1724/1949 1510/1725/1950 1506/1720/1944 1507/1722/1947
f 1510/1725/1950 1509/1723/1948 1505/1719/1945 1506/1720/1944
f 1508/856/908 1509/1723/1948 1512/1726/1951
f 1508/856/908 1516/859/911 1515/858/910 1503/854/906
f 1513/1727/1952 1510/1725/1950 1511/1724/1949 1514/1728/1953
f 1517/1730/1954 1516/859/911 1508/856/908 1512/1726/1951
f 1510/1725/1950 1513/1727/1952 1512/1726/1951 1509/1723/1948
f 1519/1731/1955 1518/1732/1956 1513/1727/1952 1514/1728/1953
f 1518/1732/1956 1517/1730/1954 1512/1726/1951 1513/1727/1952
f 1516/859/911 1517/1730/1954 1520/1733/1957
f 1522/1734/1958 1521/1735/1959 1518/1732/1956 1519/1731/1955
f 1520/1733/1957 1524/861/913 1523/860/912 1516/859/911
f 1521/1735/1959 1520/1733/1957 1517/1730/1954 1518/1732/1956
f 1526/1736/1960 1525/1737/1961 1521/1735/1959 1522/1734/1958
f 1521/1735/1959 1525/1737/1961 1524/861/913 1520/1733/1957
f 1530/1738/1962 1529/1739/1963 1525/1737/1961 1526/1736/1960
f 1532/1742/1964 1536/1741/1965 1535/866/918 1531/864/916
f 1529/1739/1963 1528/862/914 1524/861/913 1525/1737/1961
f 1528/862/914 1532/1742/1964 1531/864/916 1523/860/912
f 1533/1743/1966 1529/1739/1963 1530/1738/1962 1534/1744/1967
f 1533/1743/1966 1532/1742/1964 1528/862/914 1529/1739/1963
f 1535/866/918 1536/1741/1965 1540/1746/1968
f 1545/1748/1969 1544/1747/1970 1540/1746/1968 1541/1749/1971
f 1533/1743/1966 1537/1750/1972 1536/1741/1965 1532/1742/1964
f 1537/1750/1972 1533/1743/1966 1534/1744/1967 1538/1751/1973
f 1541/1749/1971 1540/1746/1968 1536/1741/1965 1537/1750/1972
f 1542/1752/1974 1541/1749/1971 1537/1750/1972 1538/1751/1973
f 1540/1746/1968 1544/1747/1970 1543/867/919 1535/866/918
f 1549/1754/1975 1548/1753/1976 1544/1747/1970 1545/1748/1969
f 1545/1748/1969 1541/1749/1971 1542/1752/1974 1546/1755/1977
f 1548/1753/1976 1547/1762/1978 1543/867/919 1544/1747/1970
f 1549/1754/1975 1552/1758/1979 1551/1757/1980 1548/1753/1976
f 1550/1759/1981 1549/1754/1975 1545/1748/1969 1546/1755/1977
f 1539/865/917 1543/867/919 1547/1762/1978
f 1553/1760/1982 1552/1758/1979 1549/1754/1975 1550/1759/1981
f 1547/1762/1978 1548/1753/1976 1551/1757/1980
f 1539/865/917 1547/1762/1978 1491/1718/1943
f 1492/1761/1983 1491/1718/1943 1547/1762/1978 1551/1757/1980
f 1493/1713/1939 1552/1758/1979 1553/1760/1982 1494/1712/1940
f 1498/1714/1938 1497/852/904 1492/1761/1983 1493/1713/1939
f 1552/1758/1979 1493/1713/1939 1492/1761/1983 1551/1757/1980
f 1497/852/904 1496/851/903 1491/1718/1943 1492/1761/1983
f 1561/876/928 1557/1763/1213 1556/1764/1210 1554/1334/1328
f 1568/883/934 1567/873/925 1562/1765/944 1559/896/945
f 1558/877/929 1557/1763/1213 1561/876/928 1560/875/927
f 1753/868/920 1752/1766/1984 1756/1767/1209 1757/1768/1211
f 1564/884/935 1566/871/923 1568/883/934
f 1559/896/945 1755/881/932 1569/880/931 1568/883/934
f 1768/1030/1070 1779/1047/1082 1754/1046/714 791/1769/922
f 1769/1038/1075 1763/1041/1078 1779/1047/1082 1768/1030/1070
f 161/874/926 1555/1770/263 1560/875/927
f 1569/880/931 1571/882/933 1570/885/936 1568/883/934
f 1574/889/939 1572/1771/1985 1585/905/954 1588/904/953
f 1576/888/938 1572/1771/1985 1562/895/944
f 1573/891/941 1562/895/944 1572/1771/1985 1574/889/939
f 1777/1772/1214 1776/892/942 1574/889/939 1588/904/953
f 1591/913/961 1592/920/968 1598/898/947 1597/914/962
f 1584/901/950 1583/899/948 1598/898/947 1599/921/969
f 1572/1771/1985 1576/888/938 1579/887/937 1585/905/954
f 1582/900/949 1583/899/948 1581/902/951
f 1585/905/954 1579/887/937 361/1773/262 1586/908/956
f 1586/908/956 1587/903/952 1585/905/954
f 1587/903/952 1586/908/956 1589/907/955 1580/926/972
f 1582/900/949 1589/907/955 1597/914/962 1598/898/947
f 1603/916/964 1602/910/958 1601/909/957 1604/1774/1986
f 1589/907/955 361/1775/262 1590/1776/960 1597/914/962
f 1590/1777/960 364/1778/967 1600/911/959 1591/913/961
f 1591/913/961 1593/1779/1987 1592/920/968
f 1605/923/970 1607/1209/1215 1606/1211/1217
f 1593/1779/1987 1591/913/961 1600/911/959 1602/910/958
f 1595/915/963 1593/1779/1987 1602/910/958 1603/916/964
f 1605/923/970 1606/1211/1217 1604/1774/1986 1601/909/957
f 1609/925/971 1610/929/974 1608/1210/1216 1607/1209/1215
f 1594/918/966 1592/920/968 1593/1779/1987 1595/915/963
f 1607/1209/1215 1605/923/970 1609/925/971
f 1611/928/973 1612/933/978 1609/925/971
f 1612/933/978 1616/932/977 1615/935/980 1614/930/975 1609/925/971
f 1611/928/973 1613/931/976 1612/933/978
f 1613/931/976 431/936/981 1618/942/985 1616/932/977
f 1794/1074/1106 1793/1073/1105 1795/1780/1988 1796/1068/1100
f 1623/1781/1989 1620/1782/1990 1621/1783/1991 1625/1784/1992
f 1622/1187/1206 1619/1189/1207 1620/1782/1990 1623/1781/1989
f 1624/1785/1993 1622/1187/1206 1623/1781/1989 1625/1784/1992
f 1626/1786/1994 1624/1785/1993 1625/1784/1992 1627/1787/1995
f 1628/945/988 1626/1786/1994 1627/1787/1995 1629/943/986
f 1627/1787/1995 1630/957/1000 1629/943/986
f 1633/1175/1197 1629/943/986 1630/957/1000 1634/960/1003
f 1632/1177/1199 1631/944/987 1629/943/986 1633/1175/1197
f 1645/958/1001 1642/950/993 1636/949/992 1646/954/997
f 1639/962/1005 1644/952/995 1638/946/989
f 1637/948/991 1643/947/990 1636/949/992
f 1638/946/989 1647/953/996 1643/947/990
f 1648/956/999 1647/953/996 1644/952/995 1649/964/1007
f 1647/953/996 1648/956/999 1643/947/990
f 1650/959/1002 1645/958/1001 1646/954/997 1651/955/998
f 1635/951/994 1642/950/993 1625/1784/1992 1621/1783/1991
f 1642/950/993 1645/958/1001 1627/1787/1995 1625/1784/1992
f 1644/952/995 1640/961/1004 1641/1788/1996 1652/1789/1997
f 1630/957/1000 1627/1787/1995 1645/958/1001
f 1644/952/995 1652/1789/1997 1654/1790/1998 1653/963/1006
f 1655/965/1008 1653/963/1006 1654/1790/1998 1656/1791/1999
f 1656/1791/1999 1654/1790/1998 1659/1792/2000 1660/1179/1200
f 1654/1790/1998 1652/1789/1997 1658/967/1010 1659/1792/2000
f 1652/1789/1997 1641/1788/1996 1657/968/1011 1658/967/1010
f 1660/1179/1200 1659/1792/2000 1663/971/1014 1664/1180/1201
f 1664/1180/1201 1663/971/1014 1667/1793/2001 1668/1182/1202
f 1658/967/1010 1663/971/1014 1659/1792/2000
f 1662/969/1012 1665/970/1013 1658/967/1010
f 1672/1184/1204 1668/1182/1202 1667/1793/2001 1671/974/1017
f 1665/970/1013 1667/1793/2001 1663/971/1014
f 1667/1793/2001 1665/970/1013 1670/975/1018 1671/974/1017
f 1665/970/1013 1666/972/1015 1669/1794/2002 1670/975/1018
f 1670/975/1018 1669/1794/2002 1673/977/1020 1674/973/1016
f 1671/974/1017 1675/1185/1205 1672/1184/1204
f 1675/1185/1205 1671/974/1017 1677/978/1021 1678/980/1023
f 1677/978/1021 1674/973/1016 1676/976/1019 1679/979/1022
f 1674/973/1016 1677/978/1021 1671/974/1017
f 1683/1795/2003 1684/982/1025 1681/1796/2004 1680/1797/2005
f 1682/981/1024 1681/1796/2004 1684/982/1025
f 1689/1798/2006 1690/1799/2007 1687/986/1028 1685/985/1027
f 1683/1795/2003 1685/1800/1027 1684/982/1025
f 1686/987/1026 1684/984/1025 1687/986/1028
f 1688/988/1029 1687/986/1028 1690/1799/2007
f 1691/995/1036 1692/996/1037 1690/1799/2007 1689/1798/2006
f 1694/990/1031 1695/1801/2008 1701/1802/2009 1700/991/1032
f 1695/1801/2008 1696/1803/2010 1702/1804/2011 1701/1802/2009
f 1696/1803/2010 1697/993/1034 1703/992/1033 1702/1804/2011
f 1699/1805/2012 1704/1806/2013 1703/1807/1033 1698/1808/1035
f 1704/1806/2013 1682/981/1024 1686/983/1026 1703/1807/1033
f 1703/992/1033 1686/987/1026 1688/988/1029 1702/1804/2011
f 1702/1804/2011 1688/988/1029 1690/1799/2007 1701/1802/2009
f 1701/1802/2009 1690/1799/2007 1692/996/1037 1700/991/1032
f 1711/998/1039 1712/997/1038 1708/1809/2014 1707/1810/2015
f 1692/996/1037 1693/989/1030 1700/991/1032
f 1710/1000/1041 1711/998/1039 1706/1811/2016 1705/1812/2017
f 1707/1810/2015 1706/1811/2016 1711/998/1039
f 1717/1813/2018 1718/1814/2019 1713/1001/1042 1715/1815/2020
f 1714/999/1040 1711/998/1039 1716/1002/1043
f 1713/1001/1042 1710/1000/1041 1715/1815/2020
f 1716/1002/1043 1713/1001/1042 1718/1814/2019
f 1722/1216/1220 1723/1816/2021 1716/1002/1043 1718/1814/2019
f 1718/1814/2019 1717/1813/2018 1720/1817/1173
f 1719/1003/1044 1716/1002/1043 1723/1816/2021
f 1721/1217/1172 1722/1216/1220 1718/1814/2019 1720/1817/1173
f 1733/1818/2022 1730/1009/1050 1729/1010/1051 1732/1012/1053
f 1724/1005/1046 1709/1819/2023 1726/1007/1048
f 1727/1006/1047 1724/1005/1046 1728/1008/1049
f 1728/1008/1049 1726/1007/1048 1729/1010/1051
f 1730/1009/1050 1728/1008/1049 1729/1010/1051
f 1712/997/1038 1726/1007/1048 1709/1819/2023 1708/1809/2014
f 1742/1820/2024 1739/1017/1058 1741/1821/2025 1740/1822/2026
f 1714/999/1040 1729/1010/1051 1726/1007/1048
f 1719/1003/1044 1731/1011/1052 1729/1010/1051
f 1731/1011/1052 1719/1003/1044 1723/1816/2021
f 1730/1009/1050 1735/1014/1055 1727/1006/1047
f 1727/1006/1047 1737/1015/1056 1738/1823/2027
f 1727/1006/1047 1738/1823/2027 1736/1016/1057
f 1737/1015/1056 1739/1017/1058 1742/1820/2024
f 1737/1015/1056 1742/1820/2024 1738/1823/2027
f 1748/1824/2028 1741/1821/2025 1739/1017/1058 1749/1023/1064
f 1738/1823/2027 1742/1820/2024 1740/1822/2026
f 1743/1022/1063 1739/1017/1058 1745/1019/1060
f 1747/1220/1061 1938/1168/1190 1939/1171/1193
f 1750/1024/1065 1744/1018/1059 1739/1017/1058 1737/1015/1056
f 1730/1009/1050 1733/1818/2022 1751/1025/1066 1735/1014/1055
f 1762/869/921 1753/868/920 1757/1768/1211 1758/1825/1212
f 1764/1029/1069 1765/1039/1076 1768/1030/1070 1761/1027/1067
f 1556/1192/1210 1557/1195/1213 1758/1194/1212 1757/1193/1211
f 1770/1035/1073 1760/1048/1083 1763/1050/1078 1769/1038/1075
f 1762/869/921 1758/1825/1212 1759/1028/1068 1761/1027/1067
f 1060/725/751 1061/310/306 868/1343/1335 869/1336/1329
f 1765/1039/1076 1766/1826/2029 1767/1040/1077
f 1770/1035/1073 1755/1037/932 1760/1048/1083
f 1031/792/838 1050/797/843 1247/718/742
f 1763/1041/1078 1772/1033/1072 1778/1032/1071
f 1766/1826/2029 1771/1036/1074 1767/1040/1077
f 1778/1032/1071 1779/1047/1082 1763/1041/1078
f 1774/1054/1087 1775/1043/1080 1773/1042/1079 1763/1041/1078
f 1777/1827/1214 1788/1044/1081 1775/1043/1080 1776/1828/942
f 1798/1072/1104 1782/1055/1088 1784/1057/1090 1799/1059/1092
f 1775/1043/1080 1774/1054/1087 1776/1828/942
f 1786/1052/1085 1772/1033/1072 1773/1042/1079 1788/1044/1081
f 1782/1055/1088 1781/1065/1097 1783/1056/1089
f 1784/1057/1090 1783/1056/1089 1785/1058/1091
f 1787/1053/1086 1786/1052/1085 1788/1044/1081
f 1800/1070/1102 1792/1064/1096 1794/1074/1106 1802/1829/2030
f 1782/1055/1088 1798/1072/1104 1791/1063/1095
f 1790/1830/1094 1792/1064/1096 1800/1070/1102 991/1069/1101
f 1790/1831/1094 988/1832/712 1782/1055/1088 1791/1063/1095
f 1794/1074/1106 1791/1063/1095 1793/1073/1105
f 1803/1067/1099 1804/1833/2031 1801/1071/1103
f 1796/1068/1100 1795/1780/1988 1797/1066/1098
f 1805/1075/1107 1801/1071/1103 1804/1833/2031 1806/941/984
f 1794/1074/1106 1803/1067/1099 1802/1829/2030
f 1806/941/984 1807/940/983 1805/1075/1107
f 1801/1071/1103 1800/1070/1102 1802/1829/2030
f 1801/1071/1103 1802/1829/2030 1803/1067/1099
f 1808/939/982 1810/1834/2032 1809/1076/1108 1807/940/983
f 1813/1084/1110 1815/1835/2033 1816/1836/2034 1817/1087/1112
f 1812/1086/1111 1811/1083/1109 1813/1084/1110 1814/1837/2035
f 1813/1084/1110 1809/1076/1108 1810/1834/2032 1815/1835/2033
f 1814/1837/2035 1813/1084/1110 1817/1087/1112 1818/1089/1114
f 1764/1838/1069 1563/1839/930 1564/1840/935 1765/1841/1076
f 1817/1087/1112 1816/1836/2034 1819/1088/1113
f 1076/1091/1115 1812/1086/1111 1814/1837/2035 1063/1842/2036
f 1793/1843/1105 1592/1844/968 1594/1845/966 1795/1846/1988
f 1818/1089/1114 1063/1842/2036 1814/1837/2035
f 1806/1847/984 1606/1848/1217 1608/1849/1216 1808/1850/982
f 1823/1094/1118 1824/1103/1127 1822/1851/2037 1821/1092/1116
f 1825/1852/2038 1826/1104/1128 1823/1094/1118 1820/1093/1117
f 1824/1103/1127 1823/1094/1118 1826/1104/1128
f 1827/1853/2039 1828/1106/1130 1826/1104/1128 1825/1852/2038
f 1829/1854/1208 1830/1105/1129 1828/1106/1130 1827/1853/2039
f 1832/1855/1198 1833/1108/1132 1831/1107/1131 1830/1105/1129
f 1830/1105/1129 1829/1854/1208 1631/1856/987
f 1632/1857/1199 1832/1855/1198 1830/1105/1129 1631/1856/987
f 1843/1101/1125 1844/1100/1124 1838/1858/2040 1837/1859/2041
f 1841/1095/1119 1842/1098/1122 1836/1860/2042 1835/1861/2043
f 1842/1098/1122 1843/1101/1125 1837/1859/2041 1836/1860/2042
f 1849/1862/2044 1850/1102/1126 1843/1101/1125 1847/1099/1123
f 1835/1861/2043 1834/1863/2045 1841/1095/1119
f 1842/1098/1122 1841/1095/1119 1846/1097/1121
f 1843/1101/1125 1842/1098/1122 1847/1099/1123
f 1847/1099/1123 1846/1097/1121 1849/1862/2044
f 1848/1109/1133 1849/1862/2044 1846/1097/1121 1845/1096/1120
f 1834/1863/2045 1822/1851/2037 1824/1103/1127 1841/1095/1119
f 1841/1095/1119 1826/1104/1128 1828/1106/1130 1845/1096/1120
f 1845/1096/1120 1830/1105/1129 1831/1107/1131 1848/1109/1133
f 1852/1864/2046 1853/1865/2047 1840/1866/2048 1839/1867/2049
f 1855/1868/2050 1853/1865/2047 1852/1864/2046 1854/1110/1134
f 1856/1869/2051 1857/1870/2052 1855/1868/2050 1854/1110/1134
f 1844/1100/1124 1852/1864/2046 1839/1867/2049 1838/1858/2040
f 1860/1112/1136 1855/1868/2050 1857/1870/2052 1861/1115/1139
f 1844/1100/1124 1854/1110/1134 1852/1864/2046
f 1851/1111/1135 1856/1869/2051 1854/1110/1134
f 1859/1114/1138 1853/1865/2047 1855/1868/2050 1860/1112/1136
f 1858/1871/2053 1840/1866/2048 1853/1865/2047 1859/1114/1138
f 1862/1118/1142 1858/1871/2053 1859/1114/1138 1863/1113/1137
f 1672/1872/1204 1872/1123/1147 1869/1121/1145 1867/1120/1144
f 1860/1112/1136 1865/1116/1140 1863/1113/1137
f 1861/1115/1139 1867/1120/1144 1865/1116/1140
f 1863/1113/1137 1866/1119/1143 1864/1117/1141
f 1865/1116/1140 1869/1121/1145 1866/1119/1143
f 1871/1125/1149 1866/1119/1143 1869/1121/1145 1872/1123/1147
f 1870/1873/2054 1868/1122/1146 1866/1119/1143 1871/1125/1149
f 1873/1127/1151 1870/1873/2054 1871/1125/1149 1874/1124/1148
f 1672/1872/1204 1875/1874/1203 1872/1123/1147
f 1877/1875/2055 1872/1123/1147 1875/1874/1203 1678/1876/1023
f 1876/1126/1150 1874/1124/1148 1877/1875/2055 1679/1877/1022
f 1872/1123/1147 1877/1875/2055 1874/1124/1148
f 1877/1875/2055 1678/1876/1023 1679/1877/1022
f 1880/1878/2056 1878/1879/2057 1879/1139/1162 1881/1140/1160
f 1683/1880/2003 1680/1881/2005 1878/1879/2057 1880/1878/2056
f 1882/1882/2058 1880/1883/2056 1881/1137/1160 1883/1136/1159
f 1880/1878/2056 1685/1884/1027 1683/1880/2003
f 1884/1130/1154 1882/1882/2058 1883/1136/1159 1885/1128/1152
f 1880/1883/2056 1882/1882/2058 1685/1885/1027
f 1689/1886/2006 1685/1885/1027 1882/1882/2058 1884/1130/1154
f 1691/1887/1036 1689/1886/2006 1884/1130/1154 1886/1129/1153
f 1888/1888/2059 1885/1128/1152 1892/1138/1161 1889/1889/2060
f 1887/1131/1155 1693/989/1030 1886/1129/1153
f 1885/1128/1152 1888/1888/2059 1887/1131/1155
f 1889/1889/2060 1892/1138/1161 1893/1135/1157 1890/1890/2061
f 1901/1142/1164 1897/1141/1163 1898/1891/2062 1902/1892/2063
f 1893/1135/1157 1891/1893/1156 1890/1890/2061
f 1894/1134/1158 1893/1133/1157 1881/1140/1160
f 1893/1135/1157 1892/1138/1161 1883/1136/1159
f 1886/1129/1153 1693/989/1030 1691/1887/1036
f 1900/1214/1218 1895/1894/2064 1896/1143/1165 1901/1142/1164
f 1905/1144/1166 1901/1142/1164 1902/1892/2063 1906/1153/1175
f 1903/1215/1219 1900/1214/1218 1901/1142/1164 1904/1146/1168
f 1901/1142/1164 1905/1144/1166 1904/1146/1168
f 1907/1895/2065 1903/1215/1219 1904/1146/1168 1908/1145/1167
f 1906/1153/1175 1909/1147/1169 1905/1144/1166
f 1910/1896/2066 1907/1895/2065 1908/1145/1167 1911/1148/1170
f 1913/1897/2067 1911/1148/1170 1909/1147/1169 1914/1898/2068
f 1720/1151/1173 1910/1896/2066 1911/1148/1170 1912/1149/1171
f 1911/1148/1170 1913/1897/2067 1912/1149/1171
f 1918/1152/1174 1915/1899/2069 1916/1161/1183 1919/1160/1182
f 1917/1154/1176 1899/1900/2070 1915/1899/2069 1918/1152/1174
f 1920/1155/1177 1918/1152/1174 1919/1160/1182 1921/1901/2071
f 1920/1155/1177 1921/1901/2071 1924/1902/2072 1923/1157/1179
f 1918/1152/1174 1920/1155/1177 1906/1153/1175
f 1902/1892/2063 1898/1891/2062 1899/1900/2070 1917/1154/1176
f 1920/1155/1177 1923/1157/1179 1922/1156/1178
f 1922/1156/1178 1925/1158/1180 1913/1897/2067 1914/1898/2068
f 1906/1153/1175 1902/1892/2063 1917/1154/1176
f 1914/1898/2068 1909/1147/1169 1922/1156/1178
f 1927/1174/1196 1919/1160/1182 1929/1163/1185 1930/1172/1194
f 1919/1160/1182 1927/1174/1196 1921/1901/2071
f 1919/1160/1182 1926/1159/1181 1928/1164/1186 1929/1163/1185
f 1930/1172/1194 1929/1163/1185 1935/1167/1189 1932/1166/1188
f 1935/1167/1189 1933/1903/2073 1934/1904/2074 1936/1165/1187
f 1933/1903/2073 1935/1167/1189 1929/1163/1185 1931/1162/1184
f 1936/1165/1187 1939/1171/1193 1938/1168/1190 1932/1166/1188
f 1745/1019/1060 1746/1021/1062 1743/1022/1063
f 1936/1165/1187 1934/1904/2074 1940/1905/2075 1941/1170/1192
f 1921/1901/2071 1927/1174/1196 1942/1173/1195 1924/1902/2072
f 1932/1166/1188 1937/1169/1191 1930/1172/1194
f 1832/1176/1198 1633/1175/1197 1634/960/1003 1833/1906/1132
f 1634/960/1003 1650/959/1002 1848/1907/1133 1833/1906/1132
f 1650/959/1002 1651/955/998 1849/1908/2044 1848/1907/1133
f 1651/955/998 1648/956/999 1850/1909/1126 1849/1908/2044
f 1648/956/999 1649/964/1007 1851/1910/1135 1850/1909/1126
f 1851/1910/1135 1649/964/1007 1655/965/1008 1856/1911/2051
f 1856/1911/2051 1655/965/1008 1656/1791/1999 1857/1912/2052
f 1656/1791/1999 1660/1179/1200 1861/1178/1139 1857/1912/2052
f 1820/1188/1117 1622/1187/1206 1624/1785/1993 1825/1913/2038
f 1867/1181/1144 1861/1178/1139 1664/1180/1201
f 1672/1184/1204 1867/1181/1144 1668/1182/1202
f 1678/980/1023 1875/1183/1203 1675/1185/1205
f 1825/1913/2038 1624/1785/1993 1626/1786/1994 1827/1914/2039
f 1626/1786/1994 1628/945/988 1829/1190/1208 1827/1914/2039
f 1565/872/924 1566/871/923 1564/884/935 1563/878/930 1560/875/927
f 1558/1196/929 1563/1839/930 1764/1838/1069 1759/1197/1068
f 1766/1915/2029 1564/1840/935 1570/1080/936 1771/1079/1074
f 1766/1915/2029 1765/1841/1076 1564/1840/935
f 1785/1916/1091 1584/1917/950 1599/1918/969 1799/1919/1092
f 1780/1200/1084 1578/1199/946 1573/1204/941 1774/1203/1087
f 1788/1207/1081 1588/1206/953 1587/1920/952 1789/1921/1093
f 1789/1921/1093 1587/1920/952 1580/1922/972 1781/1923/1097
f 1580/1922/972 1581/1924/951 1783/1925/1089 1781/1923/1097
f 1581/1924/951 1584/1917/950 1785/1916/1091 1783/1925/1089
f 1596/1926/965 1603/1927/964 1803/1928/1099 1797/1929/1098
f 1599/1918/969 1592/1844/968 1793/1843/1105 1799/1919/1092
f 1795/1846/1988 1594/1845/966 1596/1926/965 1797/1929/1098
f 1603/1927/964 1604/1930/1986 1804/1931/2031 1803/1928/1099
f 1604/1930/1986 1606/1848/1217 1806/1847/984 1804/1931/2031
f 1818/1932/1114 1618/1933/985 431/1934/981 1063/1935/2036
f 1608/1849/1216 1610/1936/974 1810/1937/2032 1808/1850/982
f 1610/1936/974 1614/1938/975 1815/1939/2033 1810/1937/2032
f 1815/1939/2033 1614/1938/975 1615/1940/980 1816/1941/2034
f 1615/1940/980 1617/1942/979 1819/1943/1113 1816/1941/2034
f 1819/1943/1113 1617/1942/979 1618/1933/985 1818/1932/1114
f 1756/1944/1209 1752/1945/1984 1554/1334/1328 1556/1764/1210
f 1887/1131/1155 1888/1888/2059 1695/1801/2008 1694/990/1031
f 1888/1888/2059 1889/1889/2060 1696/1803/2010 1695/1801/2008
f 1890/1890/2061 1697/993/1034 1696/1803/2010 1889/1889/2060
f 1891/1893/1156 1698/994/1035 1697/993/1034 1890/1890/2061
f 1895/1894/2064 1900/1214/1218 1710/1213/1041 1705/1946/2017
f 1903/1215/1219 1907/1895/2065 1715/1947/2020 1710/1213/1041
f 1907/1895/2065 1910/1896/2066 1717/1948/2018 1715/1947/2020
f 1912/1218/1171 1913/1949/2067 1723/1816/2021 1722/1216/1220
f 1717/1948/2018 1910/1896/2066 1720/1151/1173
f 1925/1950/1180 1731/1011/1052 1723/1816/2021 1913/1949/2067
f 1923/1951/1179 1732/1012/1053 1731/1011/1052 1925/1950/1180
f 1923/1951/1179 1924/1952/2072 1733/1818/2022 1732/1012/1053
f 1942/1953/1195 1751/1025/1066 1733/1818/2022 1924/1952/2072
f 1750/1024/1065 1751/1025/1066 1942/1953/1195 1930/1954/1194
f 1930/1954/1194 1937/1955/1191 1744/1018/1059 1750/1024/1065
f 1938/1956/1190 1745/1019/1060 1744/1018/1059 1937/1955/1191
f 1939/1171/1193 1941/1170/1192 1749/1957/1064 1746/1219/1062
f 1747/1020/1061 1745/1019/1060 1938/1956/1190
f 1941/1170/1192 1940/1905/2075 1748/1958/2028 1749/1957/1064
f 1876/1186/1150 1676/976/1019 1673/977/1020 1873/1959/1151
f 1699/1960/2012 1698/994/1035 1891/1893/1156
f 1873/1959/1151 1673/977/1020 1669/1794/2002 1870/1961/2054
f 1945/1962/1247 1948/1963/2076 1947/1237/1237 1946/1228/1228
f 1967/1231/1231 397/1230/1230 398/1964/1225 1950/1224/1224
f 1947/1237/1237 1943/1222/1222 1946/1228/1228
f 1949/1229/1229 1947/1237/1237 1948/1963/2076
f 1944/1965/2077 397/1966/1230 1949/1229/1229 1948/1963/2076
f 1956/1967/2078 1945/1962/1247 1946/1228/1228 1955/1221/1221
f 1990/1255/1254 1991/1968/2079 1953/1969/2080
f 1990/1255/1254 1953/1969/2080 1954/1970/2081
f 1958/1971/2082 1956/1967/2078 1955/1221/1221 1957/1972/2083
f 1960/1973/1244 1958/1971/2082 1957/1972/2083 1961/1279/2084
f 1957/1972/2083 1959/1974/2085 1961/1279/2084
f 1962/1250/1250 1964/1254/1253 1961/1279/2084 1959/1974/2085
f 1964/1254/1253 1963/1975/1245 1960/1973/1244 1961/1279/2084
f 1966/1976/1259 1993/1282/1258 1992/1240/1240 1965/1241/1241
f 1974/1239/1239 1968/1238/1238 1955/1221/1221 1979/1232/1232
f 1947/1237/1237 1949/1229/1229 1967/1231/1231
f 1968/1238/1238 1957/1972/2083 1955/1221/1221
f 1968/1238/1238 1959/1974/2085 1957/1972/2083
f 1973/1235/1235 1962/1250/1250 1959/1974/2085 1968/1238/1238
f 1943/1222/1222 1950/1224/1224 1972/1223/1223
f 1975/1977/2086 1994/1309/2087 1990/1255/1254 1954/1970/2081
f 1950/1224/1224 1951/1227/1227 1972/1223/1223
f 1969/1305/1233 1986/1251/1251 1971/1253/1234
f 1977/1292/2088 1995/1290/2089 1994/1309/2087 1975/1977/2086
f 1983/1269/1266 1954/1978/2081 1953/1979/2080 1982/1980/2090
f 1995/1290/2089 1977/1292/2088 1978/1243/1243
f 1951/1227/1227 1976/1296/2091 1972/1223/1223
f 1972/1223/1223 1976/1296/2091 1979/1232/1232
f 1945/1247/1247 1956/1981/2078 1984/1248/1248
f 1988/1270/1267 1975/1982/2086 1954/1978/2081 1983/1269/1266
f 1977/1983/2088 1989/1271/1268 1978/1272/1243
f 1944/1984/2077 1948/1985/2076 1980/1986/2092
f 1986/1251/1251 1969/1305/1233 1970/1987/1236 1987/1988/1242
f 1958/1300/2082 1960/1244/1244 1985/1246/1246
f 1985/1246/1246 1984/1248/1248 1956/1989/2078 1958/1300/2082
f 1989/1271/1268 1977/1983/2088 1975/1982/2086 1988/1270/1267
f 1981/1249/1249 1980/1986/2092 1948/1985/2076 1945/1247/1247
f 1980/1986/2092 393/1258/300 397/1307/1230 1944/1990/2077
f 1996/1991/2093 1991/1992/2079 398/1993/1225 569/1994/1263
f 1996/1991/2093 1982/1980/2090 1953/1995/2080 1991/1992/2079
f 1978/1243/1243 1979/1232/1232 1976/1296/2091 1995/1290/2089
f 1995/1290/2089 1976/1296/2091 1951/1227/1227 1994/1309/2087
f 1993/1282/1258 1963/1975/1245 1964/1254/1253 1992/1240/1240
f 1951/1227/1227 1990/1255/1254 1994/1309/2087
f 1973/1235/1235 1974/1239/1239 1970/1236/1236
f 1991/1968/2079 1990/1255/1254 1952/1226/1226 398/1225/1225
f 1999/1268/1265 1982/1980/2090 1996/1991/2093 2004/1267/1264
f 1997/1259/1256 1980/1986/2092 1981/1249/1249 1998/1257/1255
f 2003/1264/1261 569/1266/1263 393/1996/300 2002/1260/1257
f 2036/1285/1282 2041/1286/1283 2007/1275/1271 2022/1277/1273
f 1983/1269/1266 1982/1980/2090 1999/1268/1265
f 393/1258/300 1980/1986/2092 1997/1259/1256
f 1987/1988/1242 1978/1272/1243 1986/1251/1251
f 1996/1991/2093 569/1994/1263 2004/1267/1264
f 1985/1246/1246 1963/1245/1245 2000/1263/1260
f 1966/1262/1259 1965/1256/1241 2001/1252/1252
f 1963/1245/1245 1993/1261/1258 2000/1263/1260
f 2011/1274/1270 2013/1997/1296 2009/1998/2094
f 2015/1287/1284 2014/1964/2095 2034/1230/2096 2033/1288/1285
f 2013/1997/1296 2011/1274/1270 2010/1966/1302 2008/1965/1294
f 2011/1274/1270 2012/1273/1269 2006/1999/1303 2010/1966/1302
f 2014/1964/2095 2015/1287/1284 2018/1226/1307 2016/1225/2097
f 2021/1276/1272 2009/1998/2094 2023/1967/2098 2022/1277/1273
f 2015/1287/1284 2017/1289/1286 2018/1226/1307
f 2063/1310/1305 2020/2000/2099 2019/2001/2100
f 2009/1998/2094 2021/1276/1272 2011/1274/1270
f 2022/1277/1273 2023/1967/2098 2025/1971/1297 2024/2002/2101
f 2024/2002/2101 2025/1971/1297 2027/1278/1274 2028/1279/1276
f 2028/1279/1276 2026/2003/2102 2024/2002/2101
f 2029/1311/1306 2026/2003/2102 2028/1279/1276 2030/1254/1275
f 2034/1230/2096 2006/1999/1303 2012/1273/1269 2033/1288/1285
f 2032/1280/1277 2031/2004/1320 2064/1281/1278
f 2035/1283/1280 2036/1285/1282 2022/1277/1273 2024/2002/2101
f 2042/2005/2103 2035/1283/1280 2026/2003/2102 2029/1311/1306
f 2041/1286/1283 2036/1285/1282 2046/1295/1292
f 2024/2002/2101 2026/2003/2102 2035/1283/1280
f 2066/2006/2104 2040/2007/1324 2038/2008/1300
f 2033/1288/1285 2007/1275/1271 2015/1287/1284
f 2040/2007/1324 2066/2006/2104 2064/1281/1278 2031/2004/1320
f 2040/1329/1324 2056/1303/1299 2038/1305/1300
f 2035/1283/1280 2042/2005/2103 2037/1284/1281
f 2043/1977/2105 2020/2000/2099 2063/1310/1305 2067/1309/1304
f 2045/1292/1289 2043/1977/2105 2067/1309/1304 2068/1290/1287
f 2053/1318/1314 2023/1981/2098 2009/2009/2094 2049/1319/1315
f 2041/1286/1283 2044/1296/1293 2017/1289/1286
f 2019/2010/2100 2020/2011/2099 2052/1314/1310 2051/1316/1312
f 2027/1302/1274 2054/1301/1298 2055/1326/1321
f 2047/2012/1288 2058/1331/1326 2045/1983/1289
f 2020/2011/2099 2043/1982/2105 2057/1312/1308 2052/1314/1310
f 2060/1996/2106 2034/2013/2096 2014/2014/2095 2061/1266/2107
f 2054/1301/1298 2025/1300/1297 2023/1989/2098 2053/1318/1314
f 2043/1982/2105 2045/1983/1289 2058/1331/1326 2057/1312/1308
f 2049/1319/1315 2009/2009/2094 2013/1299/1296 2050/1298/1295
f 2006/1308/1303 2034/2013/2096 2060/1996/2106 2059/1306/1301
f 2038/2008/1300 2042/2005/2103 2029/1311/1306 2066/2006/2104
f 2061/1266/2107 2014/2014/2095 2016/1993/2097 2062/1994/2108
f 2062/1994/2108 2016/1993/2097 2019/2015/2100 2051/1316/1312
f 2039/1293/1290 2047/1291/1288 2046/1295/1292 2037/1284/1281
f 2027/1302/1274 2055/1326/1321 2065/1320/1279
f 2047/1291/1288 2068/1290/1287 2044/1296/1293 2046/1295/1292
f 2068/1290/1287 2067/1309/1304 2017/1289/1286 2044/1296/1293
f 2039/1293/1290 2037/1284/1281 2042/2005/2103 2038/2008/1300
f 2029/1311/1306 2064/1281/1278 2066/2006/2104
f 2030/1254/1275 2027/1278/1274 2065/1282/1279 2064/1281/1278
f 2016/1225/2097 2018/1226/1307 2063/1310/1305 2019/2001/2100
f 2049/1319/1315 2050/1298/1295 2069/1327/1322 2070/1317/1313
f 2076/1324/1319 2060/1996/2106 2061/1266/2107 2077/1264/1317
f 2058/1331/1326 2047/2012/1288 2048/1323/1291 2056/1303/1299
f 2052/1314/1310 2072/1313/1309 2071/1315/1311
f 2069/1327/1322 2008/1297/1294 2059/1306/1301 2075/1328/1323
f 2073/1332/1327 2054/1301/1298 2053/1318/1314 2070/1317/1313
f 2075/1328/1323 2059/1306/1301 2060/1996/2106 2076/1324/1319
f 2062/1994/2108 2051/1316/1312 2071/1315/1311 2078/1330/1325
f 2074/1321/1316 2055/1326/1321 2054/1301/1298 2073/1332/1327
f 2061/1266/2107 2062/1994/2108 2078/1330/1325 2077/1264/1317
f 1567/873/925 1565/872/924 1577/894/943 1562/1765/944
f 1048/1639/1693 1050/797/843 1031/792/838 1034/1342/1334
f 1046/1640/1694 1048/1639/1693 1034/1342/1334 1037/300/1689
f 990/1458/1675 989/2016/2109 994/699/716 995/1634/1672
f 987/698/713 994/699/716 989/2016/2109
f 976/723/749 975/1340/1674 977/1635/1673 978/1638/1692
f 402/410/404 574/293/289 584/408/402 421/1485/1484
f 419/1472/1471 405/299/295 402/410/404 421/1485/1484
f 353/409/403 584/408/402 574/293/289
f 868/1343/1335 1061/310/306 245/313/309
f 417/312/308 409/300/296 405/299/295 419/1472/1471
f 366/268/264 362/2017/2110 363/1458/1458 367/1457/1457
f 352/1449/1449 350/311/307 417/312/308
f 362/2017/2110 366/268/264 360/265/261
f 1034/1342/1334 1031/792/838 1030/717/741 1033/1341/1333
f 976/723/749 1037/300/1689 1036/724/750
f 974/254/700 860/1415/1629 990/1458/1675 975/1340/1674
f 860/1415/1629 852/1416/1628 989/2016/2109 990/1458/1675
f 727/1372/1608 791/1373/922 1754/267/714 987/698/713
f 852/1416/1628 727/1372/1608 987/698/713 989/2016/2109
f 973/689/701 974/254/700 975/1340/1674 976/723/749
f 405/299/295 404/1468/1466 401/294/290 402/410/404
f 404/1468/1466 405/299/295 408/301/297
f 363/1458/1458 238/1415/1412 348/254/250 349/1340/1332
f 362/2017/2110 230/1416/1413 238/1415/1412 363/1458/1458
f 1555/267/263 161/1373/926 99/1372/1364 360/265/261
f 360/265/261 99/1372/1364 230/1416/1413 362/2017/2110
f 349/1340/1332 348/254/250 347/253/249 350/311/307
