# Blender 4.5.11 LTS
# www.blender.org
mtllib shark.mtl
o Nurse_Shark_Quad
v -0.001874 0.594521 -1.333366
v -0.002022 0.603321 -1.327845
v -0.001139 0.809712 0.049856
v -0.006192 0.599665 -1.324285
v -0.003737 0.129404 -1.282706
v -0.004104 0.113332 -1.273296
v -0.021046 0.265761 -1.066999
v -0.027866 0.406598 -1.068371
v -0.010809 0.454521 -0.656671
v -0.010854 0.507462 -0.658777
v -0.016127 0.125482 -0.620594
v -0.023063 0.474144 -0.632676
v -0.029142 0.269417 -0.629930
v -0.018369 0.141073 -0.605983
v -0.029068 0.455736 -0.608356
v -0.018250 0.149904 -0.596142
v -0.013203 0.077137 -0.410679
v -0.020452 0.126814 -0.367142
v -0.053701 0.188395 -0.136278
v -0.033952 0.541994 0.019945
v -0.008574 0.753816 0.088527
v -0.175610 0.220090 0.233133
v -0.771740 0.015527 0.229718
v -0.741649 0.029388 0.271821
v -0.039324 0.557720 0.334425
v -0.165738 0.129529 0.330640
v -0.134961 0.090875 0.649090
v -0.246357 0.229005 0.688231
v -0.067638 0.168359 1.320136
v -0.053229 0.287715 1.317048
v 0.000284 0.591652 -1.333171
v -0.006672 0.593334 -1.327840
v -0.006795 0.596832 -1.327047
v -0.001696 0.597519 -1.333057
v -0.003688 0.591970 -1.331043
v -0.006956 0.586958 -1.322885
v -0.000948 0.602139 -1.312695
v -0.002597 0.600943 -1.311498
v -0.001477 0.808768 0.030245
v -0.003713 0.806216 0.031078
v -0.001294 0.809969 0.035788
v -0.005365 0.805071 0.052096
v -0.003620 0.808599 0.055185
v -0.001371 0.810315 0.055788
v -0.007129 0.596929 -1.317791
v -0.004504 0.601601 -1.322206
v -0.008509 0.592218 -1.320264
v -0.001924 0.126459 -1.285906
v -0.001828 0.131202 -1.282911
v -0.005597 0.131133 -1.277197
v -0.004172 0.134480 -1.276671
v -0.003907 0.112244 -1.263978
v -0.007563 0.114770 -1.265051
v -0.017603 0.278669 -1.092761
v -0.014908 0.258948 -1.105579
v -0.017441 0.234745 -1.081653
v -0.025126 0.272648 -1.038568
v -0.027951 0.297636 -1.042403
v -0.023736 0.295413 -1.064822
v -0.019295 0.301499 -1.089282
v -0.020990 0.237017 -1.048530
v -0.025363 0.256322 -1.019995
v -0.025311 0.428978 -1.056264
v -0.017808 0.455009 -1.081819
v -0.017673 0.442511 -1.098969
v -0.016345 0.436341 -1.112692
v -0.024391 0.399004 -1.087005
v -0.031418 0.375947 -1.066788
v -0.045363 0.372290 -1.020319
v -0.033766 0.401853 -1.047598
v -0.030982 0.419745 -1.034792
v -0.004163 0.470656 -0.655643
v -0.010990 0.472244 -0.653898
v -0.018181 0.463894 -0.646825
v -0.017057 0.474359 -0.649165
v -0.012498 0.438526 -0.685400
v -0.020815 0.443121 -0.658626
v -0.022658 0.453172 -0.644050
v -0.024530 0.434389 -0.685456
v -0.007688 0.502478 -0.664507
v -0.007878 0.509027 -0.659983
v -0.012262 0.502506 -0.660754
v -0.016146 0.502994 -0.655258
v -0.012393 0.508274 -0.653536
v -0.016997 0.129547 -0.621300
v -0.015812 0.128606 -0.627335
v -0.013796 0.123582 -0.623303
v -0.013848 0.124364 -0.615415
v -0.022119 0.491967 -0.637344
v -0.019990 0.495391 -0.648862
v -0.019945 0.480746 -0.644835
v -0.044302 0.285526 -0.632452
v -0.047516 0.290556 -0.661394
v -0.037070 0.282723 -0.659711
v -0.029405 0.276988 -0.663355
v -0.023619 0.261721 -0.638548
v -0.022725 0.243972 -0.623320
v -0.024514 0.247584 -0.615854
v -0.031284 0.268386 -0.608762
v -0.044742 0.282931 -0.610931
v -0.025971 0.249600 -0.604456
v -0.016778 0.138239 -0.615748
v -0.016867 0.131756 -0.620003
v -0.019102 0.136962 -0.603989
v -0.025163 0.467044 -0.621956
v -0.023945 0.460225 -0.631867
v -0.029862 0.448484 -0.626413
v -0.044284 0.434313 -0.621895
v -0.043180 0.438992 -0.602077
v -0.025968 0.468421 -0.599627
v -0.024756 0.475489 -0.613189
v -0.043754 0.442271 -0.578786
v -0.032275 0.454621 -0.580740
v -0.027570 0.464335 -0.576028
v -0.015324 0.165807 -0.602256
v -0.019338 0.143711 -0.587253
v -0.020158 0.164331 -0.577384
v -0.015804 0.082355 -0.406278
v -0.012954 0.082681 -0.412463
v -0.015878 0.074927 -0.399070
v -0.012383 0.073040 -0.404491
v -0.020667 0.143342 -0.362559
v -0.024046 0.157773 -0.396338
v -0.023175 0.149140 -0.395821
v -0.019821 0.109166 -0.367167
v -0.021368 0.110076 -0.344773
v -0.021645 0.134381 -0.320103
v -0.027342 0.157290 -0.189515
v -0.024049 0.148550 -0.201919
v -0.023887 0.146174 -0.227732
v -0.022643 0.135046 -0.223847
v -0.047123 0.188962 -0.178884
v -0.036922 0.171098 -0.170278
v -0.037472 0.167046 -0.155594
v -0.034950 0.161089 -0.147486
v -0.045179 0.178355 -0.126423
v -0.070539 0.199927 -0.106742
v -0.089171 0.207474 -0.108213
v -0.077703 0.205938 -0.134619
v -0.065092 0.203298 -0.183639
v -0.057459 0.192326 -0.103304
v -0.023270 0.553203 0.010318
v -0.028385 0.538350 -0.014229
v -0.040541 0.528521 -0.010446
v -0.021661 0.563591 0.031478
v -0.018645 0.568639 0.024313
v -0.042876 0.539874 0.043419
v -0.026682 0.558864 0.046934
v -0.010761 0.735058 0.114176
v -0.169558 0.231210 0.202873
v -0.175945 0.209181 0.201357
v -0.185236 0.200031 0.226211
v -0.191579 0.198002 0.250179
v -0.186280 0.206081 0.260242
v -0.173595 0.229449 0.252580
v -0.195939 0.189514 0.243494
v -0.762422 0.004703 0.230294
v -0.766807 0.007306 0.223812
v -0.768051 0.005006 0.228443
v -0.774800 0.012652 0.229070
v -0.777274 0.012434 0.235029
v -0.771069 0.017193 0.238916
v -0.707404 0.016758 0.289920
v -0.712956 0.015670 0.271513
v -0.022500 0.584191 0.317967
v -0.026611 0.578490 0.305189
v -0.046469 0.555194 0.313465
v -0.026282 0.570459 0.343618
v -0.019242 0.589553 0.325514
v -0.054666 0.541972 0.372388
v -0.037146 0.553231 0.377128
v -0.198976 0.129577 0.342178
v -0.216934 0.133330 0.327730
v -0.184378 0.137168 0.309910
v -0.163688 0.123426 0.360472
v -0.194315 0.125720 0.366303
v -0.129994 0.123254 0.333591
v -0.131359 0.118103 0.358511
v -0.149866 0.139391 0.294728
v -0.124248 0.132586 0.300687
v -0.172428 0.099702 0.630753
v -0.157652 0.093272 0.610575
v -0.122823 0.087874 0.620253
v -0.080677 0.083958 0.599493
v -0.084578 0.083623 0.650208
v -0.173172 0.108348 0.669690
v -0.195805 0.112830 0.649353
v -0.079009 0.083393 0.703908
v -0.122118 0.088932 0.683233
v -0.157554 0.103150 0.691394
v -0.230768 0.253397 0.692296
v -0.227261 0.260103 0.668146
v -0.237171 0.236636 0.662681
v -0.256467 0.214804 0.670978
v -0.267053 0.204188 0.684610
v -0.261339 0.209283 0.706180
v -0.246935 0.222528 0.656294
v -0.085466 0.166667 1.305001
v -0.071157 0.159106 1.301504
v -0.055554 0.153292 1.299388
v -0.051121 0.164854 1.321657
v -0.053525 0.173859 1.335053
v -0.065671 0.282532 1.318524
v -0.040457 0.282706 1.342604
v -0.039108 0.294037 1.312556
v -0.021883 0.301073 1.303918
v -0.045308 0.310571 1.268337
v -0.062992 0.304898 1.266544
v -0.074309 0.289342 1.293044
v -0.085011 0.294630 1.267639
v -0.092813 0.275329 1.306691
v -0.068282 0.319231 1.223472
v -0.137187 0.281905 1.232166
v -0.099315 0.304340 1.224191
v -0.131669 0.293948 1.208090
v -0.120175 0.309953 1.184920
v -0.145221 0.288358 1.201854
v -0.155120 0.281134 1.202036
v -0.148515 0.275379 1.231429
v -0.135827 0.305603 1.173773
v -0.150746 0.296276 1.171356
v -0.162733 0.294610 1.149306
v -0.175483 0.282494 1.145677
v -0.157617 0.267625 1.232971
v -0.183632 0.271752 1.145231
v -0.171744 0.264356 1.200149
v -0.172477 0.300876 1.111737
v -0.183140 0.286413 1.117381
v -0.192809 0.272894 1.118092
v -0.191483 0.260922 1.139122
v -0.199512 0.297409 1.063019
v -0.207058 0.266645 1.088378
v -0.210616 0.254464 1.087183
v -0.208881 0.283901 1.059978
v -0.214711 0.269924 1.057997
v -0.217771 0.256114 1.056808
v -0.218586 0.242027 1.056572
v -0.211359 0.240954 1.086917
v -0.220717 0.273287 1.026754
v -0.223551 0.257355 1.025447
v -0.224833 0.239627 1.022569
v -0.225416 0.226910 1.020170
v -0.215118 0.226961 1.065800
v -0.228374 0.257991 0.994707
v -0.226804 0.206435 0.999599
v -0.219902 0.209386 1.032017
v -0.232754 0.239395 0.965595
v -0.233797 0.221626 0.968382
v -0.234353 0.203218 0.954824
v -0.225036 0.187571 0.967248
v -0.219379 0.190082 1.000096
v -0.238320 0.220702 0.939499
v -0.221834 0.170521 0.921585
v -0.212174 0.172453 0.975373
v -0.240290 0.202908 0.912733
v -0.234974 0.187327 0.902452
v -0.209827 0.154823 0.911311
v -0.200013 0.157350 0.969822
v -0.228243 0.169667 0.886763
v -0.222885 0.154262 0.846713
v -0.198168 0.141179 0.880358
v -0.192636 0.140937 0.908452
v -0.206719 0.142511 0.840837
v -0.190960 0.135073 0.859214
v -0.162341 0.114004 0.796457
v -0.149540 0.113017 0.882271
v -0.216706 0.144689 0.798305
v -0.195310 0.132162 0.790165
v -0.139892 0.098598 0.757641
v -0.128582 0.099256 0.825757
v -0.170820 0.115156 0.759185
v -0.113203 0.088140 0.724616
v -0.101492 0.090644 0.806282
v -0.190272 0.121978 0.710633
v -0.070243 0.086658 0.792318
v -0.006555 0.081999 0.771333
v -0.000900 0.077790 0.690283
v -0.002195 0.077255 0.653779
v -0.002073 0.747788 0.045451
v -0.002079 0.764880 0.042266
v -0.004770 0.753549 0.049564
v -0.004388 0.769911 0.044330
v -0.005677 0.766043 0.050729
v -0.002124 0.779714 0.036416
v -0.004339 0.790724 0.034022
v -0.002206 0.082843 0.800777
v -0.035427 0.084307 0.801302
v -0.036409 0.083763 0.835487
v -0.066012 0.086283 0.833676
v -0.096984 0.090735 0.835871
v -0.091800 0.092180 0.891710
v -0.120848 0.100187 0.888003
v -0.170681 0.126461 0.904780
v -0.142625 0.111545 0.930249
v -0.165632 0.126103 0.941362
v -0.184705 0.140563 0.947550
v -0.171642 0.143685 1.022671
v -0.188731 0.161321 1.024979
v -0.196892 0.172669 1.032681
v -0.212301 0.193933 1.034516
v -0.196611 0.179605 1.055164
v -0.190922 0.201780 1.113891
v -0.197879 0.214372 1.110305
v -0.194753 0.227078 1.135523
v -0.195123 0.238078 1.141498
v -0.193392 0.249683 1.145061
v -0.187193 0.236481 1.172835
v -0.186244 0.247740 1.173355
v -0.182723 0.258313 1.173528
v -0.180003 0.245458 1.202687
v -0.176945 0.255618 1.202998
v -0.168959 0.252249 1.233624
v -0.163898 0.260940 1.233254
v -0.153127 0.256532 1.264342
v -0.146714 0.263436 1.262551
v -0.137053 0.268314 1.266859
v -0.132696 0.259944 1.291356
v -0.108795 0.265505 1.311588
v -0.084111 0.271370 1.327367
v -0.061653 0.276385 1.338745
v -0.045349 0.272893 1.360942
v -0.023688 0.279536 1.360077
v -0.021275 0.287930 1.340657
v -0.001875 0.279700 1.365178
v -0.002126 0.289539 1.341930
v -0.002206 0.301342 1.306767
v -0.001712 0.312417 1.281120
v -0.024895 0.326048 1.245339
v -0.002167 0.329180 1.242437
v -0.048835 0.319564 1.243571
v -0.028575 0.345313 1.194516
v -0.050849 0.333890 1.205177
v -0.073882 0.327735 1.197139
v -0.102510 0.317012 1.190176
v -0.076318 0.338735 1.172644
v -0.100299 0.338333 1.147070
v -0.120565 0.326474 1.146639
v -0.139819 0.314153 1.146273
v -0.123946 0.335270 1.119907
v -0.142787 0.326121 1.111460
v -0.164835 0.314804 1.096176
v -0.175704 0.330351 1.038373
v -0.192980 0.317727 1.036180
v -0.205462 0.304744 1.032859
v -0.214643 0.289339 1.029643
v -0.211021 0.312236 0.995838
v -0.218781 0.294500 0.999037
v -0.225032 0.276307 0.995921
v -0.223400 0.305108 0.934248
v -0.227563 0.279168 0.965132
v -0.231291 0.258740 0.964141
v -0.229094 0.282309 0.933989
v -0.233403 0.259873 0.933526
v -0.236538 0.239140 0.936108
v -0.234190 0.261144 0.902730
v -0.238174 0.245850 0.907683
v -0.243151 0.220386 0.910635
v -0.249891 0.221227 0.859688
v -0.248657 0.201713 0.850569
v -0.241870 0.185866 0.857328
v -0.252150 0.202981 0.827668
v -0.248515 0.185822 0.817236
v -0.243412 0.169115 0.803595
v -0.236205 0.156198 0.779164
v -0.248637 0.170581 0.775258
v -0.243354 0.158035 0.748247
v -0.227472 0.145586 0.745307
v -0.207490 0.131750 0.718250
v -0.236641 0.147351 0.720771
v -0.216656 0.132114 0.689390
v -0.233036 0.134389 0.668883
v -0.248816 0.134130 0.649115
v -0.219622 0.115368 0.631497
v -0.242668 0.116323 0.615303
v -0.229655 0.107108 0.602533
v -0.202465 0.104645 0.616204
v -0.263210 0.130275 0.628482
v -0.275591 0.123690 0.608408
v -0.265833 0.115809 0.600723
v -0.291553 0.135809 0.616940
v -0.303959 0.127655 0.598717
v -0.289234 0.113965 0.587315
v -0.279241 0.142152 0.636756
v -0.316809 0.138961 0.604208
v -0.330696 0.130506 0.588809
v -0.321841 0.119886 0.582534
v -0.302416 0.146074 0.622409
v -0.336218 0.137351 0.591682
v -0.355904 0.132545 0.580028
v -0.351352 0.125840 0.577665
v -0.324440 0.149772 0.608283
v -0.341100 0.145074 0.593075
v -0.359722 0.139983 0.580711
v -0.380092 0.134619 0.570847
v -0.377068 0.127430 0.570879
v -0.344277 0.153935 0.592137
v -0.361967 0.147881 0.578761
v -0.381362 0.141580 0.567527
v -0.402193 0.134515 0.556892
v -0.401632 0.128400 0.560993
v -0.360792 0.153630 0.572775
v -0.380290 0.146283 0.561390
v -0.422561 0.130486 0.541160
v -0.423978 0.126643 0.546933
v -0.370105 0.152991 0.558196
v -0.448688 0.123213 0.524263
v -0.463201 0.116912 0.525161
v -0.420420 0.134122 0.532021
v -0.466135 0.119304 0.504432
v -0.434241 0.130690 0.514147
v -0.434647 0.132536 0.487348
v -0.498363 0.109702 0.484497
v -0.454220 0.125719 0.471222
v -0.529813 0.100347 0.462433
v -0.553877 0.092990 0.443982
v -0.471507 0.121127 0.437625
v -0.525457 0.104424 0.413266
v -0.567723 0.090958 0.386482
v -0.597012 0.081669 0.352275
v -0.559553 0.094380 0.367808
v -0.626611 0.069718 0.373202
v -0.585970 0.085833 0.337332
v -0.649011 0.062675 0.310021
v -0.622084 0.072377 0.310679
v -0.641997 0.064854 0.295725
v -0.658207 0.058431 0.278002
v -0.689766 0.046672 0.261084
v -0.685488 0.046211 0.250373
v -0.671999 0.051401 0.256420
v -0.706276 0.036800 0.233999
v -0.684246 0.043551 0.242244
v -0.703568 0.035627 0.230041
v -0.685518 0.040325 0.237189
v -0.698489 0.035474 0.229328
v -0.711105 0.029524 0.222964
v -0.720607 0.030809 0.226662
v -0.696403 0.031788 0.227891
v -0.705683 0.027711 0.223615
v -0.724984 0.019989 0.218266
v -0.733938 0.020874 0.215738
v -0.706232 0.023799 0.226120
v -0.732941 0.014279 0.219803
v -0.734586 0.016392 0.216328
v -0.719945 0.016840 0.225751
v -0.741432 0.009575 0.224832
v -0.743051 0.011112 0.219477
v -0.734787 0.010977 0.227725
v -0.754869 0.006558 0.226147
v -0.753066 0.005121 0.235865
v -0.740260 0.008086 0.237749
v -0.760392 0.003690 0.237066
v -0.751179 0.004972 0.249495
v -0.765954 0.002466 0.251932
v -0.767793 0.002993 0.238760
v -0.774137 0.003014 0.240654
v -0.773559 0.005228 0.230349
v -0.778289 0.005076 0.239712
v -0.777480 0.006182 0.233593
v -0.775751 0.007430 0.229227
v -0.780077 0.009351 0.240869
v -0.778629 0.009421 0.233476
v -0.776261 0.010053 0.229059
v -0.772734 0.009077 0.225218
v -0.771274 0.010700 0.224245
v -0.766067 0.009723 0.221146
v -0.766055 0.015230 0.222568
v -0.759637 0.014664 0.218225
v -0.759141 0.011839 0.217087
v -0.759618 0.008994 0.219896
v -0.751767 0.010385 0.217452
v -0.743595 0.013389 0.215973
v -0.752595 0.013915 0.215077
v -0.744612 0.017254 0.214550
v -0.745386 0.020049 0.216418
v -0.735590 0.023216 0.218093
v -0.736640 0.025443 0.221958
v -0.710463 0.036885 0.237934
v -0.715064 0.037392 0.247821
v -0.695809 0.045630 0.273473
v -0.675322 0.053310 0.312751
v -0.613073 0.072777 0.420605
v -0.523866 0.100709 0.484468
v -0.514827 0.102738 0.495658
v -0.517540 0.100386 0.500875
v -0.476379 0.110253 0.526924
v -0.447948 0.118904 0.537644
v -0.477092 0.105905 0.531593
v -0.426870 0.119959 0.550376
v -0.419300 0.115791 0.554355
v -0.399160 0.121533 0.561787
v -0.396525 0.115368 0.560167
v -0.371059 0.117774 0.567470
v -0.392361 0.109208 0.557223
v -0.343333 0.115274 0.571889
v -0.365221 0.108810 0.561505
v -0.336944 0.107347 0.564811
v -0.312670 0.110950 0.575047
v -0.306941 0.104843 0.567833
v -0.281509 0.106695 0.578674
v -0.255690 0.107784 0.589986
v -0.249663 0.101143 0.575917
v -0.217998 0.099817 0.586426
v -0.238181 0.096299 0.559781
v -0.209082 0.095296 0.568472
v -0.178759 0.092973 0.578030
v -0.188625 0.097207 0.598113
v -0.127190 0.087776 0.591198
v -0.191810 0.092806 0.551494
v -0.112414 0.085330 0.565757
v -0.076317 0.082432 0.570377
v -0.039838 0.080702 0.572272
v -0.034444 0.081431 0.602170
v -0.040136 0.078662 0.543293
v 0.029899 0.077923 0.513004
v -0.002104 0.713386 0.049460
v -0.005274 0.720347 0.054349
v -0.006381 0.777662 0.051597
v -0.005749 0.793206 0.040024
v -0.005422 0.800866 0.036894
v -0.004245 0.798702 0.030754
v -0.002118 0.789143 0.029878
v -0.002206 0.668474 0.288698
v -0.002124 0.631774 0.314103
v -0.009575 0.628265 0.313986
v -0.009707 0.597761 0.338204
v -0.002206 0.599241 0.340033
v -0.012484 0.581492 0.360554
v -0.020223 0.576234 0.353342
v -0.026307 0.561288 0.383445
v -0.015064 0.567753 0.388481
v -0.002206 0.569881 0.390157
v -0.015680 0.594167 0.332836
v -0.014582 0.615550 0.316794
v -0.017560 0.610758 0.310644
v -0.014168 0.643115 0.296973
v -0.016457 0.637851 0.292254
v -0.018328 0.626143 0.287930
v -0.018870 0.605627 0.303481
v -0.020125 0.601173 0.294747
v -0.020579 0.609000 0.269111
v -0.021965 0.594654 0.282473
v -0.032096 0.571972 0.289314
v -0.052051 0.552915 0.294295
v -0.024821 0.588656 0.264897
v -0.036282 0.567910 0.268800
v -0.059191 0.548490 0.253807
v -0.111666 0.508037 0.305742
v -0.040542 0.565341 0.245280
v -0.111257 0.507425 0.221156
v -0.111672 0.508554 0.274275
v -0.062934 0.545524 0.217628
v -0.134289 0.482212 0.213980
v -0.135192 0.481781 0.245123
v -0.066175 0.541555 0.195198
v -0.110696 0.506027 0.194455
v -0.150665 0.451171 0.214590
v -0.128797 0.480540 0.140714
v -0.146409 0.450888 0.151842
v -0.156627 0.413629 0.123969
v -0.161711 0.413485 0.204546
v -0.169437 0.381112 0.188178
v -0.143942 0.452569 0.111665
v -0.165195 0.384070 0.120018
v -0.169638 0.346920 0.126757
v -0.149160 0.421981 0.071444
v -0.163985 0.385456 0.095336
v -0.167352 0.350686 0.094573
v -0.167870 0.315332 0.094060
v -0.161854 0.386671 0.070634
v -0.166504 0.353258 0.069427
v -0.166811 0.320702 0.066897
v -0.159349 0.290015 0.065149
v -0.163994 0.284253 0.091209
v -0.166555 0.356502 0.043743
v -0.164665 0.325264 0.040781
v -0.155934 0.295637 0.038749
v -0.146126 0.269867 0.024997
v -0.150451 0.258010 0.070562
v -0.160704 0.333460 -0.002928
v -0.151022 0.301050 -0.002637
v -0.139868 0.255512 -0.007729
v -0.142530 0.243615 0.034148
v -0.142552 0.282051 -0.032255
v -0.136721 0.235574 -0.006391
v -0.133143 0.242284 -0.054714
v -0.131186 0.226878 -0.035568
v -0.131842 0.247080 -0.086608
v -0.128463 0.233615 -0.079085
v -0.121180 0.227822 -0.106950
v -0.128736 0.219276 -0.033276
v -0.126813 0.237264 -0.105756
v -0.109457 0.221821 -0.130335
v -0.122022 0.215586 -0.057804
v -0.124711 0.238708 -0.132401
v -0.118419 0.230414 -0.134113
v -0.098914 0.215754 -0.132287
v -0.115839 0.234524 -0.180537
v -0.105762 0.225674 -0.173842
v -0.086329 0.214432 -0.176201
v -0.081101 0.215851 -0.215154
v -0.059763 0.203354 -0.216205
v -0.041725 0.190388 -0.217686
v -0.031076 0.174778 -0.220221
v -0.034561 0.174340 -0.192789
v -0.055929 0.206182 -0.252127
v -0.038319 0.191109 -0.246650
v -0.029048 0.173308 -0.249269
v -0.025051 0.151338 -0.250950
v -0.037294 0.191064 -0.275677
v -0.026456 0.172892 -0.308502
v -0.024376 0.152924 -0.281755
v -0.023722 0.135804 -0.275977
v -0.022695 0.104361 -0.305436
v -0.020825 0.159005 -0.364204
v -0.025531 0.175555 -0.334770
v -0.023854 0.179396 -0.363118
v -0.025535 0.183674 -0.392249
v -0.028719 0.190044 -0.423102
v -0.024933 0.174163 -0.425032
v -0.023629 0.163014 -0.427599
v -0.023872 0.180387 -0.451707
v -0.022889 0.166024 -0.457845
v -0.021542 0.153186 -0.427360
v -0.022220 0.175921 -0.485886
v -0.022040 0.167088 -0.484741
v -0.021565 0.157545 -0.458456
v -0.024750 0.184252 -0.516815
v -0.021822 0.164699 -0.512035
v -0.021227 0.154149 -0.505856
v -0.021982 0.166157 -0.541975
v -0.020445 0.152147 -0.488223
v -0.021002 0.154663 -0.554651
v -0.021252 0.146793 -0.544393
v -0.020902 0.143341 -0.539117
v -0.019877 0.147354 -0.505128
v -0.018817 0.136862 -0.554776
v -0.018271 0.140040 -0.534782
v -0.019035 0.138353 -0.580184
v -0.015803 0.133394 -0.558542
v -0.017587 0.133742 -0.578747
v -0.015656 0.131767 -0.576202
v -0.012798 0.129199 -0.583246
v -0.012149 0.131810 -0.560172
v -0.009170 0.127073 -0.593742
v -0.009213 0.131340 -0.562481
v -0.010730 0.123852 -0.612907
v -0.007589 0.123950 -0.612552
v -0.006813 0.123927 -0.623486
v -0.007008 0.128341 -0.631747
v -0.009815 0.142130 -0.625116
v -0.012381 0.128119 -0.631561
v -0.012769 0.135083 -0.626846
v -0.013626 0.137999 -0.623471
v -0.014959 0.150521 -0.610867
v -0.010915 0.147710 -0.620333
v -0.011559 0.156780 -0.613231
v -0.010971 0.168366 -0.608310
v -0.010281 0.178596 -0.608070
v -0.013857 0.166056 -0.604927
v -0.013900 0.178445 -0.603961
v -0.015764 0.191402 -0.605528
v -0.013085 0.191098 -0.608998
v -0.009516 0.190341 -0.611617
v -0.012844 0.204604 -0.615896
v -0.008007 0.135759 -0.543452
v -0.010996 0.140060 -0.517554
v -0.014912 0.137947 -0.533733
v -0.014239 0.143204 -0.501306
v -0.017454 0.144115 -0.505925
v -0.017325 0.148045 -0.480574
v -0.017933 0.149113 -0.459656
v -0.018570 0.144811 -0.437523
v -0.017809 0.135639 -0.418560
v -0.017817 0.124028 -0.394230
v -0.018062 0.109011 -0.384082
v -0.019950 0.097193 -0.377218
v -0.021298 0.098331 -0.356678
v -0.018321 0.082072 -0.393784
v -0.020924 0.089325 -0.358632
v -0.018283 0.097675 -0.388077
v -0.019850 0.081300 -0.364345
v -0.017873 0.090928 -0.394910
v -0.017761 0.077747 -0.394696
v -0.015193 0.088024 -0.405857
v -0.012183 0.095092 -0.406376
v -0.012878 0.088898 -0.410173
v -0.008525 0.096422 -0.408457
v -0.008269 0.090783 -0.413455
v -0.007996 0.075169 -0.412473
v -0.007664 0.066639 -0.388191
v -0.007892 0.068484 -0.397310
v -0.007975 0.071323 -0.405120
v -0.012594 0.069417 -0.393673
v -0.016195 0.071331 -0.383744
v -0.012622 0.066059 -0.356891
v -0.018390 0.075278 -0.375278
v -0.018938 0.074603 -0.342634
v -0.020490 0.081416 -0.332359
v -0.022296 0.094119 -0.300766
v -0.022788 0.101578 -0.280055
v -0.023351 0.124473 -0.251888
v -0.021573 0.117275 -0.218963
v -0.022454 0.136285 -0.194120
v -0.027187 0.147222 -0.166583
v -0.021938 0.129827 -0.190895
v -0.025204 0.141778 -0.165502
v -0.031805 0.155615 -0.141743
v -0.022636 0.137440 -0.161846
v -0.027885 0.151115 -0.137206
v -0.033477 0.167282 -0.115526
v -0.039190 0.171852 -0.120318
v -0.040213 0.182306 -0.095417
v -0.048193 0.186474 -0.099376
v -0.050391 0.190650 -0.073450
v -0.061677 0.194304 -0.075903
v -0.074276 0.198540 -0.078096
v -0.075379 0.194929 -0.050017
v -0.099292 0.201722 -0.053605
v -0.089139 0.202713 -0.077727
v -0.106152 0.206937 -0.066383
v -0.113488 0.211048 -0.067082
v -0.123933 0.203404 -0.004947
v -0.127609 0.207542 -0.004634
v -0.132465 0.214900 0.001665
v -0.135279 0.223301 0.002950
v -0.136969 0.212863 0.029536
v -0.140486 0.229249 0.031846
v -0.143257 0.219599 0.056371
v -0.145344 0.237679 0.061475
v -0.150651 0.229782 0.096084
v -0.154369 0.225439 0.116803
v -0.157865 0.249347 0.118397
v -0.167530 0.279568 0.117420
v -0.162517 0.243622 0.145847
v -0.169340 0.275702 0.143771
v -0.172091 0.310705 0.143169
v -0.169606 0.272272 0.170232
v -0.174299 0.312068 0.191716
v -0.172974 0.344959 0.168536
v -0.175991 0.343551 0.193176
v -0.177792 0.342155 0.217997
v -0.171234 0.378994 0.218129
v -0.173252 0.374021 0.246152
v -0.163659 0.414177 0.250692
v -0.156213 0.447851 0.294122
v -0.137913 0.480402 0.294950
v -0.141859 0.476914 0.334424
v -0.112830 0.506409 0.325019
v -0.078443 0.529345 0.341793
v -0.120048 0.499876 0.372157
v -0.095191 0.515516 0.398574
v -0.127555 0.491584 0.414055
v -0.068728 0.530147 0.406909
v -0.109457 0.500168 0.467564
v -0.077852 0.521025 0.437779
v -0.051150 0.533315 0.445904
v -0.047126 0.541359 0.411007
v -0.037766 0.537105 0.462573
v -0.031553 0.549864 0.415487
v -0.019382 0.548042 0.449848
v -0.017541 0.556368 0.419044
v -0.002206 0.558701 0.420270
v -0.002250 0.535869 0.520963
v -0.001996 0.082231 0.892076
v -0.031863 0.084286 0.892470
v -0.063505 0.087111 0.902055
v -0.116395 0.100104 0.939060
v -0.086864 0.092261 0.954687
v -0.134781 0.112069 0.984388
v -0.157498 0.127712 0.991337
v -0.133886 0.115365 1.025140
v -0.153420 0.128881 1.020320
v -0.150090 0.129796 1.049470
v -0.168120 0.146317 1.051414
v -0.164253 0.148297 1.080115
v -0.160011 0.151620 1.113360
v -0.180246 0.175791 1.101385
v -0.167639 0.174136 1.136902
v -0.181930 0.198946 1.139128
v -0.186849 0.213899 1.148908
v -0.185292 0.225147 1.171790
v -0.168804 0.213228 1.230288
v -0.172723 0.223705 1.228617
v -0.174085 0.233594 1.230408
v -0.172573 0.242842 1.233693
v -0.162606 0.230868 1.265784
v -0.161782 0.239866 1.266037
v -0.158280 0.248517 1.265456
v -0.145889 0.237845 1.297574
v -0.143197 0.245823 1.296413
v -0.138500 0.253426 1.294146
v -0.123240 0.244734 1.323899
v -0.119818 0.251764 1.321072
v -0.115394 0.258128 1.317665
v -0.098524 0.252391 1.345137
v -0.093738 0.261782 1.337080
v -0.073454 0.260251 1.359426
v -0.069814 0.266173 1.353634
v -0.050482 0.263200 1.373990
v -0.025634 0.271303 1.375057
v -0.002341 0.272056 1.379876
v -0.002235 0.356927 1.170068
v -0.028283 0.354275 1.172444
v -0.053376 0.348180 1.172686
v -0.028912 0.364409 1.147680
v -0.054636 0.358540 1.147717
v -0.078411 0.349334 1.147445
v -0.029401 0.373296 1.122116
v -0.055489 0.366966 1.121739
v -0.079955 0.358184 1.121297
v -0.102770 0.347466 1.120700
v -0.056027 0.375983 1.088484
v -0.081948 0.367303 1.088794
v -0.105053 0.355277 1.093961
v -0.127105 0.343095 1.093053
v -0.107006 0.361910 1.067125
v -0.129880 0.350055 1.066113
v -0.151351 0.336628 1.064962
v -0.108184 0.371614 1.026946
v -0.134829 0.355939 1.037643
v -0.156775 0.347131 1.028063
v -0.179585 0.343065 0.996532
v -0.195825 0.326569 1.006640
v -0.160176 0.360455 0.983376
v -0.199933 0.339206 0.950665
v -0.182002 0.353418 0.951945
v -0.214675 0.323481 0.943500
v -0.202582 0.346827 0.919350
v -0.216524 0.329567 0.913454
v -0.224316 0.307798 0.906526
v -0.229232 0.284364 0.902541
v -0.216658 0.334309 0.883458
v -0.224027 0.310428 0.875486
v -0.230403 0.285788 0.869693
v -0.236800 0.262777 0.870670
v -0.222609 0.313481 0.846258
v -0.228824 0.288829 0.839095
v -0.237633 0.264519 0.838998
v -0.246059 0.240428 0.846346
v -0.224643 0.293167 0.810705
v -0.230921 0.264886 0.808822
v -0.244089 0.239708 0.816111
v -0.253186 0.221617 0.823390
v -0.230309 0.268975 0.780261
v -0.242126 0.240560 0.787282
v -0.253056 0.221474 0.794817
v -0.254757 0.203434 0.799396
v -0.239216 0.242894 0.758678
v -0.252489 0.223079 0.765369
v -0.256993 0.205310 0.770890
v -0.255349 0.187430 0.774079
v -0.249632 0.225448 0.730218
v -0.259299 0.208678 0.740756
v -0.260531 0.190349 0.746462
v -0.254882 0.173119 0.748764
v -0.267798 0.193087 0.718083
v -0.263841 0.175555 0.722822
v -0.252270 0.159842 0.723215
v -0.274280 0.191648 0.694197
v -0.272725 0.175545 0.699461
v -0.261765 0.160346 0.700101
v -0.246336 0.148573 0.697627
v -0.280062 0.171562 0.678987
v -0.270422 0.158484 0.678922
v -0.256567 0.148314 0.676157
v -0.266733 0.145635 0.655724
v -0.279039 0.154758 0.658977
v -0.289331 0.150761 0.640050
v -0.287937 0.165985 0.659774
v -0.297803 0.160224 0.641894
v -0.309740 0.154998 0.624557
v -0.290521 0.178280 0.657037
v -0.301158 0.171651 0.639979
v -0.313428 0.165538 0.623337
v -0.327595 0.159403 0.606970
v -0.298349 0.181297 0.634721
v -0.310997 0.174447 0.618013
v -0.325988 0.167601 0.601614
v -0.342477 0.160769 0.586125
v -0.304517 0.181424 0.610806
v -0.321467 0.172955 0.594701
v -0.337623 0.166840 0.577683
v -0.313889 0.179008 0.583417
v -0.365999 0.156780 0.551551
v -0.329721 0.172957 0.562763
v -0.357502 0.162108 0.544296
v -0.412467 0.140927 0.502999
v -0.357267 0.163638 0.525450
v -0.435096 0.134772 0.417044
v -0.462437 0.125651 0.397821
v -0.533747 0.102566 0.358194
v -0.562991 0.093510 0.344714
v -0.527065 0.103912 0.340400
v -0.570893 0.090341 0.324405
v -0.553638 0.094569 0.315279
v -0.606516 0.076873 0.301167
v -0.576608 0.086001 0.298171
v -0.637466 0.064302 0.276125
v -0.614693 0.071318 0.280136
v -0.620614 0.067227 0.270120
v -0.662547 0.052840 0.252425
v -0.659003 0.052915 0.250455
v -0.669943 0.047781 0.245556
v -0.655790 0.049336 0.246448
v -0.670345 0.043593 0.242126
v -0.667231 0.040185 0.245298
v -0.692465 0.028791 0.231732
v -0.681044 0.030615 0.244940
v -0.693043 0.026415 0.235354
v -0.697870 0.022962 0.239626
v -0.709424 0.018518 0.237920
v -0.723814 0.013508 0.235919
v -0.706074 0.018481 0.254618
v -0.735950 0.009163 0.275557
v -0.756708 0.004093 0.264852
v -0.763910 0.003520 0.273202
v -0.773085 0.002414 0.252035
v -0.778388 0.004152 0.252719
v -0.780015 0.009787 0.250027
v -0.777219 0.013631 0.247972
v -0.763150 0.019779 0.232179
v -0.758480 0.020402 0.227197
v -0.755159 0.019304 0.220617
v -0.747284 0.021813 0.219755
v -0.753256 0.017007 0.216454
v -0.742910 0.025788 0.228773
v -0.719199 0.037342 0.264512
v -0.716337 0.039113 0.289941
v -0.717394 0.038791 0.311354
v -0.647998 0.061587 0.388822
v -0.659883 0.058127 0.345204
v -0.643887 0.062405 0.409247
v -0.602338 0.075053 0.442741
v -0.607000 0.072116 0.450263
v -0.552140 0.089165 0.481547
v -0.555921 0.085776 0.486576
v -0.521897 0.096526 0.505256
v -0.523905 0.091528 0.509427
v -0.522212 0.085324 0.512170
v -0.497956 0.092543 0.523769
v -0.473034 0.100087 0.534601
v -0.495975 0.086134 0.523028
v -0.462876 0.096146 0.536648
v -0.486088 0.082426 0.523051
v -0.438793 0.096111 0.541586
v -0.440109 0.089852 0.536396
v -0.388185 0.103978 0.553887
v -0.411051 0.091863 0.540393
v -0.386044 0.098659 0.548366
v -0.361481 0.103383 0.556277
v -0.383211 0.094125 0.541539
v -0.358180 0.098546 0.549663
v -0.332648 0.102228 0.558045
v -0.333760 0.097057 0.546323
v -0.301480 0.099697 0.557867
v -0.324848 0.095034 0.539261
v -0.282425 0.096897 0.549330
v -0.302057 0.095019 0.531475
v -0.247566 0.095297 0.540204
v -0.270569 0.096425 0.520863
v -0.205678 0.094916 0.527627
v -0.168080 0.091684 0.532713
v -0.192729 0.098566 0.504222
v -0.165507 0.095142 0.508506
v -0.130140 0.088587 0.518216
v -0.137499 0.088015 0.536826
v -0.106588 0.084121 0.540270
v -0.072453 0.079683 0.516023
v -0.074096 0.080290 0.543133
v -0.037891 0.077701 0.518838
v -0.071120 0.081150 0.489410
v -0.037694 0.077825 0.495690
v -0.035409 0.080269 0.447531
v 0.029721 0.077977 0.459363
v -0.002239 0.669202 0.050790
v -0.006661 0.671760 0.057302
v -0.007869 0.691800 0.065500
v -0.006306 0.738849 0.059802
v -0.007555 0.761487 0.072991
v -0.006526 0.794765 0.048954
v -0.005943 0.803569 0.064326
v -0.007152 0.797140 0.077148
v -0.004400 0.806975 0.066138
v -0.001373 0.809113 0.067320
v -0.001554 0.803728 0.091774
v -0.002206 0.713816 0.250261
v -0.008177 0.711572 0.247891
v -0.008537 0.689822 0.268495
v -0.008795 0.666861 0.286588
v -0.012811 0.686321 0.264093
v -0.014573 0.691160 0.250360
v -0.016249 0.666105 0.256650
v -0.017521 0.656816 0.236973
v -0.020758 0.632005 0.221501
v -0.022240 0.608952 0.239648
v -0.027928 0.585767 0.243656
v -0.024380 0.604650 0.217749
v -0.031080 0.582941 0.219419
v -0.043740 0.562894 0.220419
v -0.032813 0.578788 0.196356
v -0.045118 0.560004 0.191340
v -0.062265 0.542012 0.164895
v -0.104595 0.503863 0.112979
v -0.126899 0.480594 0.116639
v -0.098625 0.501593 0.068008
v -0.120911 0.478669 0.068148
v -0.139003 0.450826 0.068437
v -0.136157 0.451091 0.042766
v -0.160433 0.388169 0.045456
v -0.143767 0.426516 0.011463
v -0.158337 0.389618 0.019505
v -0.165365 0.359700 0.017365
v -0.154094 0.391586 -0.023090
v -0.161718 0.362416 -0.009350
v -0.159171 0.364698 -0.036260
v -0.157457 0.336623 -0.038749
v -0.155596 0.340246 -0.083173
v -0.140917 0.284408 -0.066383
v -0.140296 0.291650 -0.130760
v -0.134578 0.262404 -0.103893
v -0.130841 0.251924 -0.128505
v -0.134700 0.271992 -0.180064
v -0.130874 0.259987 -0.207922
v -0.125370 0.245847 -0.185187
v -0.123459 0.251471 -0.236968
v -0.098202 0.228533 -0.228187
v -0.109519 0.242387 -0.259195
v -0.093986 0.233663 -0.269127
v -0.073133 0.220653 -0.270136
v -0.053656 0.206503 -0.272551
v -0.070042 0.224356 -0.295201
v -0.050512 0.209247 -0.301059
v -0.035743 0.192394 -0.304201
v -0.046209 0.214166 -0.329320
v -0.033570 0.195120 -0.332854
v -0.045633 0.218014 -0.358380
v -0.032942 0.199090 -0.362052
v -0.047610 0.219998 -0.387638
v -0.035494 0.201915 -0.390836
v -0.046148 0.223330 -0.417090
v -0.035540 0.205934 -0.420269
v -0.043391 0.228311 -0.446322
v -0.034296 0.212046 -0.450327
v -0.027925 0.196921 -0.454675
v -0.032067 0.219551 -0.479267
v -0.026926 0.204890 -0.484619
v -0.024146 0.191588 -0.488073
v -0.025988 0.217392 -0.526742
v -0.026222 0.199492 -0.520236
v -0.023427 0.182637 -0.546379
v -0.021041 0.165550 -0.566169
v -0.019038 0.133991 -0.601464
v -0.017630 0.130190 -0.599982
v -0.010079 0.123206 -0.623873
v -0.018057 0.166080 -0.593362
v -0.019795 0.177478 -0.587138
v -0.018077 0.178336 -0.594446
v -0.019697 0.192256 -0.595766
v -0.020392 0.215006 -0.611600
v -0.016369 0.205829 -0.612395
v -0.016678 0.221158 -0.621999
v -0.011672 0.219633 -0.625031
v -0.015795 0.237584 -0.634104
v -0.009983 0.236053 -0.636512
v -0.003837 0.236366 -0.636354
v -0.005770 0.219082 -0.626029
v -0.008181 0.146209 -0.481168
v -0.012566 0.145872 -0.480353
v -0.012051 0.145388 -0.460725
v -0.015399 0.146735 -0.460238
v -0.012170 0.139949 -0.444137
v -0.015707 0.141128 -0.441480
v -0.013461 0.132361 -0.427713
v -0.015784 0.132974 -0.423240
v -0.015945 0.121996 -0.405662
v -0.015667 0.110231 -0.395666
v -0.013113 0.122790 -0.414082
v -0.013048 0.112223 -0.403831
v -0.014514 0.100475 -0.398463
v -0.009615 0.114005 -0.408584
v -0.011094 0.103204 -0.403527
v -0.006935 0.064587 -0.359128
v -0.016530 0.069492 -0.346639
v -0.012398 0.066564 -0.337759
v -0.016280 0.072138 -0.317994
v -0.019304 0.080142 -0.299717
v -0.021239 0.087417 -0.297273
v -0.018787 0.088470 -0.266118
v -0.021065 0.094200 -0.267918
v -0.020706 0.112658 -0.213754
v -0.020535 0.124857 -0.187796
v -0.018686 0.132894 -0.160235
v -0.018458 0.107268 -0.211263
v -0.014360 0.103051 -0.210610
v -0.013668 0.116500 -0.182653
v -0.009526 0.081215 -0.262690
v -0.008141 0.101504 -0.208511
v -0.015351 0.083473 -0.265807
v -0.002318 0.090818 -0.236433
v -0.015971 0.076464 -0.293512
v -0.010773 0.073437 -0.292563
v -0.004230 0.072608 -0.292248
v -0.011784 0.068892 -0.317141
v -0.002212 0.512180 -1.016191
v -0.009427 0.518594 -1.046990
v -0.009894 0.509226 -1.015577
v -0.014133 0.505702 -1.026390
v -0.002296 0.528263 -1.069305
v -0.008099 0.528005 -1.080949
v -0.009670 0.526776 -1.098688
v -0.009338 0.525083 -1.117401
v -0.015058 0.501180 -1.042266
v -0.006689 0.535993 -1.112322
v -0.007944 0.532462 -1.121147
v -0.007883 0.531293 -1.141397
v -0.009213 0.507673 -1.145433
v -0.007037 0.538359 -1.169023
v -0.007523 0.518307 -1.186189
v -0.006521 0.554501 -1.264131
v -0.007217 0.532006 -1.238528
v -0.006794 0.562049 -1.280872
v -0.006327 0.568231 -1.293648
v -0.006873 0.539369 -1.256089
v -0.007304 0.570798 -1.292211
v -0.004873 0.567944 -1.298272
v -0.005310 0.575153 -1.308218
v -0.007794 0.582270 -1.315385
v -0.006183 0.581840 -1.317778
v -0.003916 0.582448 -1.320709
v -0.002671 0.574134 -1.309458
v -0.003967 0.587520 -1.326758
v -0.001921 0.564425 -1.297404
v -0.004655 0.562075 -1.291139
v -0.004274 0.535302 -1.260350
v -0.005976 0.532451 -1.253887
v -0.007341 0.521383 -1.235345
v -0.008225 0.507826 -1.197913
v -0.014682 0.480323 -1.076100
v -0.016219 0.477344 -1.050381
v -0.017046 0.480617 -1.029338
v -0.017262 0.489891 -1.005715
v -0.014780 0.496037 -0.996139
v -0.009983 0.501270 -0.993153
v -0.010124 0.493233 -0.970404
v -0.002257 0.494974 -0.969670
v -0.010392 0.485454 -0.947016
v -0.002330 0.468000 -0.899304
v -0.002206 0.101943 -0.208781
v -0.008022 0.115144 -0.181689
v -0.002174 0.133168 -0.157452
v -0.008191 0.131311 -0.156458
v -0.013945 0.131697 -0.157047
v -0.009327 0.146036 -0.131294
v -0.016386 0.146095 -0.131814
v -0.022751 0.147841 -0.133856
v -0.022183 0.177629 -0.089480
v -0.032667 0.179544 -0.092539
v -0.027167 0.186067 -0.068531
v -0.038982 0.187793 -0.070829
v -0.032482 0.186690 -0.044204
v -0.056013 0.190145 -0.045960
v -0.066504 0.183934 0.016058
v -0.078532 0.191149 -0.020502
v -0.084869 0.185170 0.025856
v -0.098564 0.192735 -0.005593
v -0.109001 0.196766 -0.011170
v -0.119774 0.195975 0.011425
v -0.114317 0.202478 -0.026783
v -0.131002 0.192649 0.050609
v -0.132363 0.203440 0.027953
v -0.136541 0.198032 0.054739
v -0.140259 0.205317 0.055491
v -0.143755 0.192714 0.082140
v -0.146327 0.199835 0.081379
v -0.148358 0.207802 0.083639
v -0.155188 0.202205 0.106860
v -0.155481 0.215636 0.113311
v -0.161294 0.220217 0.144825
v -0.171624 0.201715 0.168302
v -0.168525 0.215260 0.173382
v -0.165790 0.238412 0.174143
v -0.169136 0.269056 0.196435
v -0.169478 0.265911 0.224150
v -0.174926 0.304302 0.224766
v -0.170836 0.266588 0.247150
v -0.180275 0.338662 0.266181
v -0.178232 0.302183 0.268598
v -0.181533 0.337192 0.295341
v -0.176801 0.372525 0.296726
v -0.170981 0.407628 0.335331
v -0.163543 0.440199 0.370703
v -0.148025 0.470837 0.385038
v -0.168471 0.432400 0.424188
v -0.154942 0.459051 0.444070
v -0.137699 0.476250 0.481299
v -0.088760 0.510442 0.481685
v -0.070116 0.515664 0.507598
v -0.042255 0.528135 0.504985
v -0.021726 0.538927 0.490237
v -0.045096 0.517449 0.554720
v -0.025288 0.523692 0.558134
v -0.002297 0.525891 0.565415
v -0.002415 0.081557 0.950422
v -0.025579 0.083004 0.948421
v -0.056452 0.086654 0.966258
v -0.030175 0.085602 0.983387
v -0.084539 0.093470 0.993307
v -0.056951 0.090446 1.013491
v -0.109745 0.102448 1.015463
v -0.080937 0.096047 1.075570
v -0.105463 0.103444 1.076350
v -0.127735 0.115663 1.077637
v -0.147110 0.131359 1.078794
v -0.125150 0.119001 1.107507
v -0.144287 0.134295 1.108103
v -0.141066 0.139447 1.136997
v -0.153982 0.155671 1.141889
v -0.162812 0.176334 1.167606
v -0.166945 0.189263 1.185455
v -0.157525 0.179347 1.197835
v -0.164950 0.203701 1.227939
v -0.158138 0.192909 1.229052
v -0.152147 0.200023 1.262141
v -0.158642 0.212477 1.263439
v -0.161273 0.221726 1.264792
v -0.143652 0.211845 1.295499
v -0.146266 0.220381 1.297128
v -0.147038 0.229147 1.297873
v -0.125343 0.220534 1.325869
v -0.125945 0.228856 1.326133
v -0.125189 0.237076 1.325543
v -0.102484 0.230675 1.350926
v -0.102161 0.238391 1.349997
v -0.100821 0.245708 1.347857
v -0.078257 0.241232 1.370381
v -0.077548 0.248233 1.367919
v -0.075930 0.254598 1.364197
v -0.053422 0.250718 1.381858
v -0.052704 0.257102 1.378281
v -0.028281 0.259259 1.387778
v -0.027424 0.264461 1.383006
v -0.002206 0.261154 1.392591
v -0.002206 0.266228 1.387483
v -0.002206 0.375093 1.121871
v -0.029714 0.379893 1.095827
v -0.031225 0.390879 1.046507
v -0.057525 0.386477 1.042936
v -0.083544 0.377980 1.041637
v -0.058180 0.393516 1.017135
v -0.084688 0.384939 1.015481
v -0.088815 0.398284 0.969619
v -0.112809 0.387884 0.971966
v -0.138355 0.375044 0.975192
v -0.160140 0.374882 0.931844
v -0.139651 0.387270 0.931179
v -0.184228 0.360708 0.923535
v -0.168649 0.380715 0.884911
v -0.185574 0.367705 0.895545
v -0.204048 0.353475 0.890280
v -0.185793 0.372935 0.866953
v -0.203606 0.357946 0.862142
v -0.215725 0.337214 0.855561
v -0.203384 0.361486 0.834375
v -0.215824 0.342036 0.827824
v -0.221893 0.319124 0.818271
v -0.219011 0.350053 0.799306
v -0.224665 0.325700 0.790531
v -0.224227 0.298748 0.783606
v -0.215384 0.328644 0.763798
v -0.217106 0.301598 0.757577
v -0.224998 0.271720 0.754057
v -0.217098 0.304606 0.730180
v -0.221414 0.274477 0.726851
v -0.234111 0.244968 0.726817
v -0.218290 0.279578 0.697329
v -0.214565 0.307616 0.701253
v -0.214958 0.311408 0.673776
v -0.219887 0.285268 0.671612
v -0.206446 0.312796 0.649336
v -0.212580 0.287518 0.649044
v -0.220241 0.262862 0.648989
v -0.229258 0.240938 0.647091
v -0.207477 0.287323 0.625423
v -0.214036 0.264243 0.628803
v -0.221853 0.244341 0.629106
v -0.233460 0.229193 0.633613
v -0.209494 0.263577 0.605519
v -0.214685 0.246213 0.607754
v -0.223014 0.233122 0.606814
v -0.232650 0.223298 0.601286
v -0.256807 0.212011 0.646786
v -0.206066 0.246378 0.583523
v -0.213117 0.233600 0.583900
v -0.237294 0.216465 0.578234
v -0.246703 0.213746 0.597810
v -0.203536 0.233867 0.557344
v -0.214088 0.224469 0.556772
v -0.222023 0.219055 0.547550
v -0.236908 0.211692 0.539359
v -0.257298 0.206797 0.582780
v -0.206542 0.224771 0.529130
v -0.250643 0.204746 0.523598
v -0.263028 0.202386 0.554442
v -0.214147 0.215868 0.501740
v -0.228320 0.209673 0.501086
v -0.244089 0.203901 0.499032
v -0.263342 0.197607 0.494744
v -0.223462 0.205896 0.474507
v -0.239100 0.200939 0.472632
v -0.256930 0.196154 0.469267
v -0.281367 0.189515 0.463658
v -0.274226 0.195740 0.515218
v -0.233753 0.195793 0.445817
v -0.251935 0.192667 0.442842
v -0.276239 0.187898 0.438496
v -0.303782 0.180452 0.432675
v -0.309128 0.180809 0.455903
v -0.248618 0.184174 0.393150
v -0.273348 0.184503 0.413927
v -0.300550 0.178418 0.410524
v -0.328258 0.170242 0.405997
v -0.331719 0.171189 0.426422
v -0.272636 0.176739 0.372128
v -0.299649 0.174856 0.389949
v -0.333467 0.165831 0.388009
v -0.370250 0.156575 0.398305
v -0.299624 0.167494 0.356055
v -0.372517 0.150142 0.359869
v -0.343179 0.156478 0.355251
v -0.383120 0.150127 0.376884
v -0.376928 0.144775 0.341210
v -0.437219 0.128394 0.337618
v -0.407596 0.133349 0.328225
v -0.451680 0.120300 0.319344
v -0.416833 0.127733 0.317904
v -0.493489 0.105802 0.300196
v -0.482874 0.113541 0.322244
v -0.442935 0.119105 0.308875
v -0.504730 0.106320 0.312330
v -0.450224 0.114664 0.301013
v -0.482126 0.106290 0.294838
v -0.538417 0.092262 0.282602
v -0.537562 0.094526 0.289616
v -0.460520 0.108984 0.294265
v -0.507735 0.096643 0.283239
v -0.560078 0.082735 0.268854
v -0.497018 0.094091 0.287872
v -0.531383 0.083719 0.279863
v -0.560543 0.075364 0.272588
v -0.502286 0.089391 0.293430
v -0.581433 0.065751 0.275119
v -0.579287 0.069935 0.268984
v -0.534014 0.077736 0.292534
v -0.589792 0.060267 0.281035
v -0.613871 0.051009 0.280333
v -0.614887 0.053587 0.268696
v -0.640427 0.043188 0.266502
v -0.589959 0.056946 0.295676
v -0.643542 0.040550 0.274647
v -0.634722 0.041429 0.290411
v -0.664235 0.032366 0.282232
v -0.659489 0.036573 0.264881
v -0.680292 0.026887 0.274786
v -0.653904 0.034579 0.295120
v -0.690519 0.024323 0.258402
v -0.667263 0.029885 0.300370
v -0.692297 0.021637 0.285802
v -0.702646 0.019432 0.262588
v -0.753606 0.005486 0.285251
v -0.763850 0.005413 0.289881
v -0.769708 0.003738 0.271292
v -0.774674 0.004654 0.272815
v -0.776375 0.004433 0.264435
v -0.778585 0.010209 0.266408
v -0.764239 0.020487 0.252798
v -0.753258 0.023528 0.235878
v -0.666841 0.055038 0.390615
v -0.645893 0.060464 0.423614
v -0.615648 0.067846 0.452210
v -0.615403 0.064581 0.459180
v -0.572419 0.077083 0.483880
v -0.593925 0.064066 0.475059
v -0.568145 0.071993 0.489285
v -0.537126 0.073353 0.502677
v -0.519116 0.072561 0.506481
v -0.518473 0.068756 0.499756
v -0.490150 0.076485 0.514826
v -0.465929 0.083061 0.526245
v -0.507186 0.069088 0.498486
v -0.463071 0.079839 0.520285
v -0.437251 0.085593 0.530892
v -0.459467 0.078152 0.511224
v -0.434869 0.082992 0.523786
v -0.408732 0.088201 0.533400
v -0.406211 0.086643 0.524254
v -0.380852 0.091037 0.533612
v -0.409432 0.085965 0.512959
v -0.378311 0.089676 0.524247
v -0.352354 0.092669 0.532148
v -0.373462 0.090661 0.515729
v -0.345950 0.095156 0.509134
v -0.318681 0.096148 0.514403
v -0.286071 0.101787 0.501822
v -0.256519 0.101089 0.503273
v -0.282287 0.110678 0.478784
v -0.215385 0.100097 0.503381
v -0.196390 0.111773 0.457082
v -0.162151 0.106994 0.458390
v -0.163668 0.100641 0.483651
v -0.132476 0.100457 0.459678
v -0.133804 0.094824 0.485345
v -0.102052 0.091798 0.461138
v -0.103314 0.087708 0.487063
v -0.069847 0.083611 0.463306
v -0.100855 0.096302 0.435483
v -0.068713 0.086657 0.437386
v -0.066394 0.091086 0.402856
v -0.034321 0.086620 0.394897
v -0.002206 0.082555 0.413679
v -0.001873 0.527682 -0.118907
v -0.002206 0.520937 -0.161870
v -0.015085 0.519105 -0.161431
v -0.015090 0.524325 -0.125423
v -0.015862 0.509418 -0.211341
v -0.027070 0.513175 -0.163306
v -0.027640 0.501958 -0.225359
v -0.040889 0.495012 -0.221998
v -0.015881 0.496469 -0.292302
v -0.067569 0.475372 -0.244139
v -0.053999 0.492391 -0.187833
v -0.029202 0.489516 -0.300324
v -0.088428 0.457811 -0.270109
v -0.086110 0.450082 -0.330497
v -0.103509 0.436789 -0.330071
v -0.106565 0.444537 -0.265966
v -0.027283 0.485924 -0.333962
v -0.117081 0.416473 -0.369612
v -0.119541 0.420700 -0.315574
v -0.083585 0.444215 -0.375443
v -0.101824 0.430698 -0.376165
v -0.126035 0.402335 -0.381640
v -0.128674 0.402867 -0.343601
v -0.111105 0.413434 -0.427834
v -0.134608 0.385716 -0.389226
v -0.121096 0.397894 -0.445575
v -0.129697 0.384175 -0.440589
v -0.135247 0.369416 -0.431702
v -0.138453 0.369461 -0.401187
v -0.129679 0.353731 -0.482264
v -0.135449 0.353447 -0.429368
v -0.121907 0.383195 -0.502865
v -0.127822 0.369199 -0.486284
v -0.131494 0.339874 -0.447111
v -0.125316 0.369105 -0.513038
v -0.126811 0.355691 -0.512309
v -0.125682 0.343139 -0.512102
v -0.122431 0.330875 -0.512510
v -0.125196 0.327878 -0.477513
v -0.125256 0.356684 -0.538793
v -0.124722 0.344503 -0.538784
v -0.121322 0.332877 -0.539221
v -0.115812 0.321785 -0.540041
v -0.118836 0.316500 -0.491478
v -0.124673 0.345958 -0.565131
v -0.121538 0.334441 -0.565542
v -0.114681 0.324320 -0.566209
v -0.107551 0.315100 -0.555993
v -0.119162 0.337477 -0.598343
v -0.111933 0.328577 -0.606991
v -0.103896 0.319039 -0.593884
v -0.090820 0.308474 -0.587522
v -0.093838 0.306750 -0.568136
v -0.091031 0.312424 -0.615305
v -0.099628 0.322038 -0.639839
v -0.061363 0.294433 -0.612703
v -0.095301 0.322566 -0.665684
v -0.075607 0.308021 -0.661895
v -0.075333 0.314039 -0.693477
v -0.045528 0.295065 -0.689702
v -0.062902 0.311271 -0.718010
v -0.046474 0.302887 -0.721602
v -0.036764 0.290410 -0.692123
v -0.057867 0.314334 -0.749165
v -0.037899 0.305183 -0.748763
v -0.032755 0.296301 -0.722248
v -0.050020 0.314605 -0.778512
v -0.040879 0.310313 -0.777463
v -0.022967 0.303973 -0.774981
v -0.023797 0.300395 -0.749464
v -0.037733 0.307219 -0.804287
v -0.030228 0.303045 -0.801912
v -0.021491 0.299628 -0.799792
v -0.012129 0.297794 -0.798441
v -0.012741 0.302292 -0.774425
v -0.027359 0.291992 -0.825305
v -0.019759 0.286661 -0.823416
v -0.011465 0.285804 -0.819708
v -0.002206 0.287058 -0.820239
v -0.002206 0.298216 -0.798224
v -0.009294 0.259557 -0.864527
v -0.002209 0.260450 -0.866509
v -0.002162 0.156193 -1.246941
v -0.004121 0.142346 -1.262815
v -0.004506 0.152401 -1.242912
v -0.001684 0.140550 -1.271005
v -0.005454 0.136101 -1.269665
v -0.005650 0.124230 -1.282881
v -0.002136 0.121524 -1.286451
v -0.002204 0.117926 -1.284604
v -0.006453 0.119437 -1.281117
v -0.007368 0.125708 -1.276546
v -0.007836 0.129395 -1.267908
v -0.005424 0.142534 -1.254203
v -0.004137 0.167222 -1.224999
v -0.002526 0.170122 -1.229434
v -0.002517 0.183484 -1.217515
v -0.001205 0.596022 -1.293503
v -0.003455 0.596378 -1.298993
v -0.003273 0.588083 -1.279271
v -0.004427 0.592863 -1.293995
v -0.005043 0.596520 -1.306451
v 0.000084 0.602342 -1.316216
v -0.004215 0.599477 -1.313957
v -0.006984 0.593421 -1.309475
v -0.005984 0.590178 -1.297247
v -0.004993 0.582299 -1.277973
v -0.004311 0.575772 -1.256620
v -0.003382 0.574282 -1.244044
v -0.000807 0.581669 -1.257704
v -0.001087 0.576639 -1.243025
v -0.002206 0.298740 -0.749549
v -0.013100 0.298571 -0.749682
v -0.011437 0.282081 -0.700723
v -0.023015 0.292761 -0.724060
v -0.019872 0.283223 -0.697688
v -0.028540 0.286453 -0.695213
v -0.016381 0.270851 -0.671167
v -0.023018 0.273326 -0.667627
v -0.015004 0.254460 -0.649638
v -0.019327 0.257616 -0.644620
v -0.019899 0.240525 -0.629372
v -0.023002 0.225666 -0.611747
v -0.021263 0.192785 -0.589291
v -0.025663 0.227938 -0.600946
v -0.025956 0.228382 -0.587474
v -0.026815 0.249801 -0.590279
v -0.027223 0.247908 -0.573780
v -0.036008 0.261933 -0.569913
v -0.034197 0.266633 -0.590389
v -0.049042 0.273806 -0.563967
v -0.046939 0.280207 -0.590259
v -0.061872 0.287358 -0.574124
v -0.062325 0.291531 -0.591252
v -0.064634 0.282992 -0.551470
v -0.095205 0.301714 -0.543725
v -0.081121 0.285360 -0.520845
v -0.094215 0.290843 -0.503323
v -0.108188 0.301010 -0.490230
v -0.112799 0.298354 -0.461270
v -0.121401 0.312099 -0.459022
v -0.122832 0.308856 -0.430329
v -0.128627 0.320646 -0.399565
v -0.130904 0.328967 -0.413058
v -0.139123 0.352800 -0.383711
v -0.134049 0.334601 -0.363578
v -0.142181 0.369214 -0.357339
v -0.140848 0.349963 -0.333190
v -0.138534 0.387172 -0.314294
v -0.144330 0.368332 -0.313585
v -0.129678 0.405787 -0.308324
v -0.143839 0.387116 -0.262494
v -0.133988 0.406262 -0.258810
v -0.122667 0.424561 -0.261626
v -0.087878 0.464891 -0.228858
v -0.109282 0.451735 -0.205223
v -0.089129 0.471321 -0.176791
v -0.045207 0.512811 -0.088824
v -0.026943 0.519133 -0.123382
v -0.026363 0.527810 -0.073766
v -0.014123 0.533361 -0.077142
v -0.002206 0.535499 -0.077817
v -0.013574 0.540543 -0.049545
v -0.002206 0.542750 -0.050618
v -0.002206 0.577733 0.010410
v -0.002206 0.607757 0.035817
v -0.008657 0.590683 0.026191
v -0.007939 0.606582 0.038382
v -0.007652 0.623598 0.046782
v -0.011457 0.604208 0.043612
v -0.010061 0.635888 0.058262
v -0.007091 0.640021 0.052364
v -0.002206 0.640844 0.047768
v -0.006943 0.654904 0.055437
v -0.008565 0.661534 0.062632
v -0.010045 0.671321 0.075176
v -0.009362 0.723275 0.089669
v -0.014458 0.705099 0.151833
v -0.013370 0.677207 0.115392
v -0.010186 0.691760 0.086776
v -0.012394 0.652713 0.083911
v -0.014862 0.655312 0.113159
v -0.016110 0.619079 0.086902
v -0.013791 0.602393 0.052423
v -0.011031 0.648254 0.069941
v -0.017292 0.578702 0.040048
v -0.018069 0.596908 0.080242
v -0.013667 0.586359 0.031499
v -0.014904 0.572803 0.017641
v -0.018332 0.558822 0.002448
v -0.009470 0.576332 0.012471
v -0.010971 0.562683 -0.002746
v -0.002206 0.563901 -0.004480
v -0.012435 0.550294 -0.023452
v -0.020799 0.545411 -0.019641
v -0.023758 0.534910 -0.046888
v -0.032566 0.528371 -0.043894
v -0.045843 0.518937 -0.041728
v -0.070524 0.488516 -0.146416
v -0.066780 0.506300 -0.039548
v -0.090069 0.482795 -0.092075
v -0.090279 0.478516 -0.124414
v -0.109759 0.460143 -0.138659
v -0.111512 0.464346 -0.093948
v -0.127735 0.439204 -0.121119
v -0.135678 0.417404 -0.151251
v -0.126243 0.435778 -0.160384
v -0.148566 0.388972 -0.149840
v -0.124575 0.431548 -0.207356
v -0.149726 0.366106 -0.224099
v -0.146927 0.368015 -0.277682
v -0.144463 0.345969 -0.266080
v -0.147291 0.343292 -0.225131
v -0.136376 0.324662 -0.286546
v -0.138561 0.321288 -0.255215
v -0.127968 0.305417 -0.316592
v -0.130350 0.299897 -0.289626
v -0.125607 0.309444 -0.346601
v -0.121845 0.293716 -0.346980
v -0.129425 0.278816 -0.271330
v -0.120998 0.299656 -0.374038
v -0.114767 0.284017 -0.377501
v -0.117168 0.277928 -0.352738
v -0.122171 0.304616 -0.401821
v -0.114396 0.289526 -0.405003
v -0.104263 0.272271 -0.383826
v -0.114408 0.293989 -0.433217
v -0.103021 0.281071 -0.435647
v -0.087648 0.269562 -0.438752
v -0.092006 0.262320 -0.380914
v -0.069795 0.263505 -0.475054
v -0.070904 0.258210 -0.441103
v -0.067348 0.267200 -0.497138
v -0.053148 0.254588 -0.499800
v -0.054093 0.245135 -0.453703
v -0.065737 0.273988 -0.522992
v -0.051748 0.261758 -0.525197
v -0.039173 0.248756 -0.527770
v -0.040360 0.241822 -0.502529
v -0.027678 0.242318 -0.553575
v -0.029769 0.232140 -0.523046
v -0.024877 0.226086 -0.556086
v -0.023889 0.205847 -0.563061
v -0.022546 0.195033 -0.579956
v -0.040940 0.235100 -0.475031
v -0.059035 0.240386 -0.414194
v -0.073997 0.254447 -0.411900
v -0.061547 0.237868 -0.383932
v -0.076865 0.252136 -0.381861
v -0.081555 0.247565 -0.352362
v -0.110745 0.263491 -0.336324
v -0.104299 0.253014 -0.316656
v -0.119196 0.254539 -0.269957
v -0.127014 0.265568 -0.266294
v -0.134456 0.295592 -0.243969
v -0.133063 0.273507 -0.226392
v -0.137669 0.293551 -0.189333
v -0.144004 0.313449 -0.160212
v -0.151130 0.341499 -0.164289
v -0.153273 0.365224 -0.168651
v -0.155601 0.365668 -0.120254
v -0.150381 0.390445 -0.119892
v -0.139757 0.414487 -0.119985
v -0.153176 0.392063 -0.091572
v -0.142150 0.416743 -0.091576
v -0.130524 0.441470 -0.081681
v -0.143666 0.418436 -0.062667
v -0.112586 0.468855 -0.059718
v -0.131583 0.446393 -0.034255
v -0.090436 0.490925 -0.033299
v -0.115106 0.478209 0.021123
v -0.060673 0.520176 0.014035
v -0.092116 0.499998 0.022151
v -0.073062 0.519194 0.058863
v -0.059825 0.539086 0.112277
v -0.055786 0.538523 0.088926
v -0.038553 0.555861 0.089480
v -0.033401 0.555698 0.067010
v -0.026584 0.574886 0.091290
v -0.022222 0.575285 0.070242
v -0.021985 0.596120 0.116709
v -0.020253 0.616387 0.129147
v -0.015700 0.680600 0.160695
v -0.017116 0.661590 0.158058
v -0.012247 0.738543 0.147996
v -0.008990 0.771846 0.102654
v -0.009347 0.779008 0.119488
v -0.006415 0.799463 0.048621
v -0.006911 0.797083 0.093767
v -0.005071 0.800941 0.093556
v -0.002099 0.794188 0.126185
v -0.002206 0.750583 0.206768
v -0.007448 0.760019 0.186103
v -0.007708 0.747939 0.204648
v -0.007833 0.731531 0.226004
v -0.011176 0.741864 0.204655
v -0.011960 0.707768 0.243710
v -0.012786 0.740186 0.194659
v -0.015322 0.697315 0.228697
v -0.015587 0.701204 0.194215
v -0.017021 0.670170 0.195815
v -0.017810 0.662393 0.202932
v -0.022251 0.623182 0.185119
v -0.025473 0.601147 0.192714
v -0.023940 0.596651 0.144220
v -0.028985 0.576147 0.115118
v -0.043036 0.556159 0.114388
v -0.008407 0.787478 0.112154
v -0.007966 0.787305 0.123625
v -0.006231 0.789975 0.128887
v -0.011610 0.757649 0.169757
v -0.011834 0.755278 0.157602
v -0.013754 0.725088 0.182327
v -0.010376 0.761464 0.173897
v -0.006844 0.778574 0.153819
v -0.002324 0.767047 0.181293
v -0.002199 0.783922 0.152048
v -0.117795 0.477651 0.041824
v -0.144118 0.419180 -0.033967
v -0.153848 0.392640 -0.062824
v -0.157522 0.367477 -0.089393
v -0.138981 0.290356 -0.151632
v -0.129993 0.262822 -0.239205
v -0.064900 0.229720 -0.325561
v -0.062699 0.234486 -0.353767
v -0.009006 0.253148 -0.652101
v -0.009488 0.269048 -0.673478
v -0.002673 0.252866 -0.652799
v -0.002049 0.538386 -1.105283
v -0.001971 0.545244 -1.135484
v -0.005502 0.544445 -1.145563
v -0.006722 0.539446 -1.144980
v -0.002012 0.551398 -1.154984
v -0.005287 0.557693 -1.203702
v -0.005997 0.552728 -1.206628
v -0.005743 0.546843 -1.232052
v -0.005321 0.562107 -1.260291
v -0.005964 0.568974 -1.277259
v -0.006676 0.577752 -1.289209
v -0.008352 0.581730 -1.302411
v -0.008893 0.583387 -1.311915
v -0.008763 0.588389 -1.312277
v -0.008427 0.589587 -1.321477
v -0.001869 0.600347 -1.331876
v -0.001771 0.537262 -1.265208
v -0.008364 0.501382 -1.206026
v -0.010945 0.466093 -1.165188
v -0.010911 0.476081 -1.157173
v -0.013509 0.453320 -1.130386
v -0.011615 0.489994 -1.118526
v -0.013860 0.468609 -1.111464
v -0.021102 0.455190 -1.037796
v -0.018423 0.469354 -1.032468
v -0.023256 0.454495 -0.988865
v -0.021000 0.464604 -0.989988
v -0.022407 0.463322 -0.951679
v -0.020529 0.473873 -0.957034
v -0.016997 0.480438 -0.949194
v -0.022327 0.462315 -0.922396
v -0.017421 0.471904 -0.925468
v -0.011654 0.467620 -0.900825
v -0.018823 0.462633 -0.900786
v -0.011178 0.455549 -0.875047
v -0.002206 0.446159 -0.850411
v -0.002212 0.186150 -0.066622
v -0.002266 0.163731 -0.109634
v -0.011743 0.177133 -0.088647
v -0.014932 0.185395 -0.067060
v -0.017463 0.186079 -0.042835
v 0.000955 0.182209 -0.007273
v -0.021324 0.179017 0.009342
v -0.038260 0.181357 -0.001360
v -0.048575 0.177379 0.052237
v -0.072671 0.177518 0.074113
v -0.093828 0.179155 0.074347
v -0.111198 0.182540 0.058445
v -0.103853 0.186704 0.031317
v -0.118557 0.186100 0.047606
v -0.126649 0.187021 0.055050
v -0.126919 0.178620 0.083771
v -0.132909 0.180897 0.082100
v -0.137975 0.185655 0.081252
v -0.141342 0.174193 0.109065
v -0.155148 0.172538 0.134567
v -0.159823 0.179355 0.135501
v -0.167903 0.183347 0.154527
v -0.167899 0.174489 0.163474
v -0.176556 0.188767 0.179240
v -0.179296 0.177496 0.190422
v -0.180039 0.196071 0.195355
v -0.189627 0.180206 0.216358
v -0.189060 0.189108 0.219958
v -0.198600 0.173111 0.237247
v -0.198347 0.181140 0.239379
v -0.209122 0.173211 0.257338
v -0.207532 0.180059 0.260226
v -0.208350 0.166265 0.256464
v -0.219945 0.160548 0.274113
v -0.221353 0.166449 0.274001
v -0.196125 0.165743 0.237044
v -0.206117 0.159696 0.256858
v -0.217817 0.154431 0.275006
v -0.232924 0.150175 0.289381
v -0.234583 0.155059 0.288305
v -0.202963 0.153254 0.258044
v -0.214890 0.148610 0.276912
v -0.230331 0.145158 0.292063
v -0.248035 0.141667 0.303779
v -0.250477 0.144886 0.299461
v -0.216814 0.144109 0.292136
v -0.243000 0.138318 0.312186
v -0.267996 0.137587 0.314344
v -0.263001 0.132741 0.330522
v -0.285205 0.132444 0.327784
v -0.224785 0.135789 0.319877
v -0.282878 0.129381 0.343075
v -0.303916 0.127113 0.345764
v -0.306772 0.129455 0.331767
v -0.253564 0.130151 0.345921
v -0.328326 0.122083 0.361341
v -0.326713 0.125915 0.335269
v -0.275476 0.127630 0.361489
v -0.301554 0.125375 0.363536
v -0.348307 0.119649 0.349948
v -0.352047 0.117091 0.370207
v -0.380766 0.111004 0.358327
v -0.369118 0.114799 0.351268
v -0.375049 0.109744 0.388684
v -0.405508 0.100254 0.393795
v -0.352165 0.114060 0.413849
v -0.434489 0.092287 0.390830
v -0.433936 0.094609 0.369612
v -0.420190 0.093040 0.432934
v -0.461015 0.083057 0.428202
v -0.428279 0.089055 0.453690
v -0.509038 0.072164 0.424731
v -0.458205 0.080180 0.467861
v -0.535485 0.065463 0.420976
v -0.526386 0.069362 0.402258
v -0.518324 0.067785 0.448445
v -0.553709 0.059782 0.410615
v -0.544589 0.060148 0.447812
v -0.569723 0.051044 0.443542
v -0.588081 0.047072 0.416754
v -0.579197 0.051834 0.393402
v -0.591091 0.045479 0.430064
v -0.636378 0.035139 0.395213
v -0.581130 0.047970 0.447136
v -0.638988 0.034953 0.406710
v -0.606280 0.043226 0.439822
v -0.646573 0.034145 0.408653
v -0.683526 0.025092 0.379497
v -0.624135 0.041185 0.435187
v -0.661277 0.031341 0.401435
v -0.663724 0.033765 0.409590
v -0.707909 0.021077 0.370873
v -0.692715 0.028656 0.391704
v -0.719847 0.020095 0.366669
v -0.717946 0.016643 0.353244
v -0.708219 0.028277 0.384640
v -0.728786 0.020358 0.363579
v -0.738920 0.016969 0.349748
v -0.735906 0.014686 0.344111
v -0.722861 0.030608 0.373076
v -0.731705 0.027416 0.364537
v -0.743726 0.022735 0.349172
v -0.757302 0.017263 0.326698
v -0.727225 0.032282 0.361829
v -0.745765 0.025796 0.338170
v -0.759891 0.020725 0.313880
v -0.741882 0.028200 0.336128
v -0.766860 0.019238 0.288878
v -0.758317 0.023076 0.296255
v -0.749456 0.026709 0.291094
v -0.761050 0.021461 0.243657
v -0.770740 0.017608 0.265751
v -0.771213 0.016605 0.287147
v -0.774791 0.011500 0.288464
v -0.767613 0.013714 0.306895
v -0.770120 0.006361 0.288914
v -0.761426 0.009164 0.309303
v -0.752443 0.008500 0.312158
v -0.714169 0.016632 0.348647
v -0.715537 0.015255 0.333847
v -0.687605 0.023185 0.363329
v -0.674028 0.026904 0.355657
v -0.658539 0.030438 0.373115
v -0.634025 0.036427 0.384813
v -0.583280 0.054000 0.360837
v -0.556796 0.061395 0.374993
v -0.540195 0.066736 0.371328
v -0.530226 0.070318 0.355698
v -0.482529 0.081869 0.369115
v -0.475909 0.086471 0.343723
v -0.402996 0.107066 0.343430
v -0.369791 0.117155 0.335468
v -0.347707 0.122896 0.332004
v -0.326121 0.129113 0.323635
v -0.306160 0.132470 0.322362
v -0.286579 0.135368 0.318897
v -0.306600 0.134951 0.316905
v -0.287678 0.138139 0.313482
v -0.268812 0.141591 0.307839
v -0.288478 0.142816 0.310567
v -0.269927 0.146340 0.305984
v -0.251522 0.150140 0.298978
v -0.270269 0.151357 0.306293
v -0.252367 0.155530 0.298758
v -0.235759 0.160498 0.287989
v -0.252285 0.160790 0.300140
v -0.235588 0.166006 0.289515
v -0.220777 0.172544 0.275896
v -0.234060 0.171100 0.292862
v -0.218495 0.178252 0.279656
v -0.204330 0.186862 0.264729
v -0.215316 0.183420 0.284622
v -0.200329 0.192913 0.270787
v -0.211296 0.188066 0.291506
v -0.195629 0.198797 0.281517
v -0.181994 0.213719 0.275015
v -0.191596 0.204157 0.297154
v -0.179909 0.219616 0.294848
v -0.173709 0.242865 0.318039
v -0.172255 0.236308 0.272333
v -0.175327 0.268243 0.317908
v -0.172425 0.267746 0.270532
v -0.180934 0.299900 0.318040
v -0.181696 0.299030 0.341566
v -0.183519 0.334455 0.340810
v -0.179702 0.371327 0.340438
v -0.183906 0.332525 0.365374
v -0.181555 0.368366 0.370068
v -0.175304 0.403587 0.379437
v -0.185083 0.363056 0.414413
v -0.178783 0.399455 0.417450
v -0.185748 0.390474 0.469027
v -0.175077 0.422383 0.473283
v -0.161973 0.447981 0.493127
v -0.176880 0.416369 0.499706
v -0.166039 0.439473 0.532053
v -0.145726 0.462146 0.539516
v -0.122091 0.480430 0.543245
v -0.093336 0.498580 0.538728
v -0.073404 0.506392 0.557309
v -0.076212 0.499216 0.584937
v -0.051117 0.508166 0.589066
v -0.027219 0.514111 0.596500
v -0.053543 0.495088 0.636926
v -0.002206 0.511540 0.620914
v -0.028503 0.498391 0.653824
v -0.002016 0.496834 0.675258
v -0.002206 0.083770 0.983807
v -0.029709 0.089879 1.013136
v -0.006143 0.093086 1.041698
v -0.056080 0.092209 1.043476
v -0.003516 0.092792 1.103997
v -0.055005 0.093115 1.073745
v -0.053839 0.094801 1.104058
v -0.079062 0.098890 1.105302
v -0.103288 0.106606 1.106620
v -0.076867 0.109330 1.148557
v -0.100300 0.113703 1.136050
v -0.122128 0.125180 1.136023
v -0.097657 0.121686 1.165016
v -0.135869 0.153872 1.193612
v -0.113822 0.144294 1.212897
v -0.147513 0.166571 1.196933
v -0.128387 0.159474 1.225594
v -0.141279 0.171638 1.227270
v -0.150508 0.182520 1.228351
v -0.136053 0.179019 1.256921
v -0.131286 0.192177 1.290661
v -0.139730 0.203877 1.293361
v -0.116040 0.197755 1.319785
v -0.120186 0.204843 1.322441
v -0.123350 0.212536 1.324618
v -0.097187 0.207569 1.347704
v -0.099929 0.214948 1.350013
v -0.101668 0.222744 1.351036
v -0.074704 0.218811 1.369073
v -0.076648 0.226185 1.370859
v -0.077935 0.233718 1.371263
v -0.051584 0.229582 1.383865
v -0.052646 0.236698 1.384656
v -0.053461 0.243797 1.384069
v -0.027751 0.239147 1.393700
v -0.028582 0.246600 1.393884
v -0.028748 0.253317 1.391786
v -0.002415 0.392779 1.046014
v -0.030567 0.399469 1.018317
v -0.002016 0.417016 0.976270
v -0.031075 0.408572 0.993327
v -0.057423 0.406545 0.979867
v -0.031697 0.420345 0.957200
v -0.059992 0.417353 0.940088
v -0.088796 0.407757 0.936270
v -0.114032 0.398037 0.934259
v -0.114361 0.404015 0.907185
v -0.141154 0.394956 0.890292
v -0.114759 0.414862 0.861076
v -0.142754 0.405834 0.841055
v -0.163891 0.396295 0.828622
v -0.186810 0.377703 0.838897
v -0.187577 0.384190 0.811018
v -0.205288 0.368623 0.805572
v -0.186075 0.390549 0.782754
v -0.202622 0.373647 0.775956
v -0.211301 0.352389 0.769839
v -0.199649 0.378640 0.747179
v -0.209580 0.356524 0.740646
v -0.214227 0.331424 0.735088
v -0.207238 0.359697 0.711298
v -0.212237 0.334223 0.705590
v -0.205478 0.364704 0.681711
v -0.211686 0.337889 0.676518
v -0.200043 0.368495 0.657407
v -0.195495 0.371387 0.628606
v -0.199845 0.341396 0.624877
v -0.202903 0.313286 0.623285
v -0.204340 0.343147 0.599300
v -0.205050 0.312848 0.598164
v -0.206592 0.285558 0.600835
v -0.204971 0.312425 0.572095
v -0.204324 0.284740 0.575257
v -0.203967 0.263134 0.580170
v -0.200934 0.286045 0.548550
v -0.196140 0.260853 0.535275
v -0.198417 0.247370 0.556054
v -0.193838 0.249571 0.520000
v -0.197130 0.235190 0.528426
v -0.194304 0.236178 0.499579
v -0.201612 0.223992 0.501157
v -0.192603 0.234604 0.472344
v -0.198826 0.221375 0.474441
v -0.209700 0.212274 0.475195
v -0.196344 0.216613 0.447653
v -0.204765 0.205642 0.448581
v -0.217826 0.199039 0.448040
v -0.200696 0.198717 0.421187
v -0.213224 0.193066 0.421263
v -0.213109 0.190766 0.390869
v -0.228811 0.187077 0.390978
v -0.230883 0.184215 0.365609
v -0.251424 0.180342 0.369067
v -0.258191 0.175269 0.340582
v -0.277757 0.172872 0.356778
v -0.281862 0.168346 0.340144
v -0.308929 0.160187 0.338221
v -0.337717 0.153352 0.338792
v -0.338904 0.150407 0.331470
v -0.370978 0.138620 0.319794
v -0.402930 0.126992 0.309182
v -0.393634 0.126275 0.305713
v -0.472106 0.100864 0.293365
v -0.446359 0.104923 0.303195
v -0.467087 0.098420 0.302340
v -0.499540 0.086661 0.304152
v -0.528372 0.075899 0.308688
v -0.554563 0.065902 0.316123
v -0.603225 0.050837 0.305815
v -0.657430 0.032706 0.314233
v -0.699434 0.019030 0.308340
v -0.713640 0.014958 0.311755
v -0.728788 0.011129 0.304222
v -0.745043 0.007929 0.305286
v -0.684529 0.023954 0.345021
v -0.640824 0.037003 0.359952
v -0.656116 0.033066 0.340036
v -0.630336 0.040718 0.345602
v -0.591156 0.052734 0.333665
v -0.520929 0.073791 0.342748
v -0.518352 0.076294 0.326526
v -0.494976 0.084449 0.321483
v -0.432344 0.103282 0.321708
v -0.393600 0.112347 0.328595
v -0.369325 0.120534 0.321376
v -0.416970 0.110038 0.313840
v -0.346172 0.127161 0.318151
v -0.366833 0.123677 0.314511
v -0.325995 0.131638 0.317907
v -0.346418 0.131595 0.312147
v -0.326174 0.135706 0.313958
v -0.307025 0.139163 0.313585
v -0.326646 0.141068 0.314473
v -0.307388 0.144400 0.314068
v -0.288709 0.147833 0.311186
v -0.307467 0.149074 0.317353
v -0.288492 0.152634 0.314008
v -0.270012 0.156424 0.308261
v -0.287636 0.156954 0.318233
v -0.269094 0.161073 0.312044
v -0.251104 0.165663 0.303576
v -0.267518 0.165291 0.317289
v -0.249060 0.170221 0.308576
v -0.231572 0.176207 0.297638
v -0.246239 0.174186 0.314646
v -0.228213 0.180351 0.303605
v -0.242924 0.177471 0.321566
v -0.224328 0.183962 0.311538
v -0.206934 0.192455 0.303280
v -0.220336 0.186902 0.324008
v -0.203054 0.195956 0.318942
v -0.189432 0.207805 0.317226
v -0.200812 0.197031 0.339189
v -0.188440 0.208586 0.339990
v -0.180349 0.223749 0.341449
v -0.179536 0.222659 0.317682
v -0.176136 0.243610 0.342800
v -0.177509 0.268474 0.342597
v -0.182231 0.243847 0.384942
v -0.180334 0.267721 0.367210
v -0.182565 0.297641 0.366172
v -0.183276 0.270033 0.393956
v -0.185963 0.328647 0.407410
v -0.187327 0.297203 0.434469
v -0.189428 0.326250 0.440129
v -0.192101 0.288571 0.489801
v -0.195169 0.323752 0.489625
v -0.194737 0.354210 0.485043
v -0.188196 0.385459 0.495464
v -0.199389 0.349396 0.519567
v -0.192342 0.381075 0.522155
v -0.179840 0.411045 0.526191
v -0.197664 0.378287 0.548354
v -0.185210 0.407499 0.552184
v -0.168860 0.433858 0.558472
v -0.187819 0.404371 0.578756
v -0.171407 0.429413 0.584734
v -0.150847 0.449697 0.590562
v -0.124902 0.471999 0.579926
v -0.099632 0.485356 0.589756
v -0.078508 0.488830 0.621676
v -0.105842 0.467376 0.657179
v -0.082701 0.463666 0.717866
v -0.056897 0.479718 0.694859
v -0.029940 0.480807 0.723134
v -0.002207 0.482218 0.731948
v -0.028119 0.093223 1.103207
v -0.027419 0.098245 1.133033
v -0.051477 0.103866 1.148117
v -0.025856 0.108170 1.179153
v -0.049481 0.117546 1.203627
v -0.070984 0.124842 1.211969
v -0.092107 0.135566 1.221486
v -0.087538 0.143079 1.249673
v -0.105810 0.153774 1.252114
v -0.120885 0.165214 1.254701
v -0.097129 0.159873 1.279635
v -0.110280 0.169955 1.282991
v -0.120333 0.179451 1.286001
v -0.095765 0.174896 1.309277
v -0.108523 0.187632 1.315060
v -0.086866 0.190924 1.338784
v -0.093499 0.200950 1.344972
v -0.068423 0.202016 1.360988
v -0.072224 0.211980 1.366479
v -0.047584 0.212764 1.376715
v -0.050083 0.222720 1.381656
v -0.025461 0.214922 1.382525
v -0.026167 0.225457 1.388486
v -0.026919 0.232240 1.391445
v -0.002134 0.239734 1.396906
v -0.031551 0.431539 0.914211
v -0.059888 0.427862 0.897919
v -0.087877 0.421060 0.884118
v -0.059665 0.442723 0.832955
v -0.088725 0.433291 0.828656
v -0.116143 0.424788 0.813440
v -0.140199 0.418328 0.788795
v -0.161457 0.410310 0.766444
v -0.183587 0.396516 0.753992
v -0.160633 0.422052 0.711965
v -0.182423 0.402624 0.725390
v -0.198753 0.383261 0.718175
v -0.180455 0.408228 0.697786
v -0.196731 0.389055 0.689737
v -0.177261 0.417117 0.660094
v -0.193592 0.395631 0.661541
v -0.189603 0.399271 0.633892
v -0.173386 0.425361 0.611986
v -0.188807 0.402214 0.606015
v -0.199429 0.374136 0.602352
v -0.198957 0.375749 0.575348
v -0.204727 0.344362 0.572839
v -0.206017 0.346439 0.545887
v -0.204323 0.313921 0.545893
v -0.199206 0.317156 0.519337
v -0.196515 0.288916 0.521648
v -0.191317 0.267588 0.491908
v -0.190072 0.249948 0.470265
v -0.185353 0.267424 0.417755
v -0.187028 0.244832 0.428226
v -0.189157 0.224270 0.419630
v -0.192912 0.211149 0.420436
v -0.185722 0.222537 0.385714
v -0.191236 0.208498 0.392201
v -0.189248 0.208403 0.364906
v -0.199638 0.196496 0.363237
v -0.213670 0.189180 0.363307
v -0.216659 0.188741 0.341125
v -0.234959 0.182388 0.345664
v -0.239104 0.180137 0.330815
v -0.264695 0.170208 0.326311
v -0.285048 0.164315 0.330351
v -0.286584 0.161007 0.323706
v -0.306283 0.156805 0.327872
v -0.307024 0.153195 0.322177
v -0.329962 0.148586 0.323684
v -0.328379 0.145649 0.318615
v -0.368358 0.136553 0.314513
v -0.346565 0.137590 0.312502
v -0.410289 0.116755 0.303373
v -0.412929 0.113469 0.307668
v -0.461652 0.095324 0.318740
v -0.571706 0.059405 0.325484
v -0.156301 0.435795 0.659234
v -0.152723 0.443614 0.619923
v -0.133933 0.448996 0.670199
v -0.129790 0.459359 0.627664
v -0.110492 0.450906 0.717500
v -0.056905 0.469098 0.736424
v -0.085897 0.453002 0.757767
v -0.024908 0.118550 1.219656
v -0.023724 0.126634 1.247501
v -0.045260 0.130044 1.247427
v -0.067019 0.135272 1.248088
v -0.042150 0.138964 1.274006
v -0.062043 0.143683 1.274551
v -0.080563 0.150694 1.276567
v -0.026458 0.148493 1.299561
v -0.019682 0.162160 1.324319
v -0.036381 0.163119 1.322992
v -0.022229 0.136423 1.274648
v -0.002206 0.135708 1.275028
v -0.002206 0.148344 1.301056
v -0.002206 0.161974 1.324799
v -0.002206 0.174094 1.343646
v -0.020066 0.174087 1.342809
v -0.002206 0.185139 1.358021
v -0.002670 0.207814 1.379068
v -0.002206 0.195134 1.368959
v -0.022064 0.198117 1.370370
v -0.021095 0.184516 1.356668
v -0.043719 0.196893 1.365372
v -0.039571 0.183756 1.352082
v -0.037307 0.174171 1.339802
v -0.057944 0.182116 1.344722
v -0.062374 0.190298 1.352235
v -0.077101 0.179674 1.331608
v -0.001896 0.449434 0.851697
v -0.031680 0.446956 0.846618
v -0.111026 0.445677 0.741891
v -0.138125 0.434222 0.724252
v -0.728823 0.033955 0.339047
v -0.695241 0.045834 0.368051
v -0.678892 0.050323 0.395436
v -0.710701 0.039645 0.368208
v -0.691232 0.044923 0.392907
v -0.655639 0.056012 0.423974
v -0.677019 0.046208 0.411553
v -0.649127 0.055085 0.436193
v -0.653193 0.046494 0.433802
v -0.635112 0.051797 0.447933
v -0.615265 0.057713 0.461644
v -0.640718 0.044048 0.438334
v -0.612045 0.051787 0.459125
v -0.590822 0.057933 0.472426
v -0.600789 0.050146 0.459265
v -0.564715 0.060882 0.481076
v -0.594464 0.048407 0.455684
v -0.561230 0.058155 0.475641
v -0.557548 0.056681 0.469688
v -0.533905 0.062841 0.483057
v -0.530449 0.062821 0.477722
v -0.458359 0.077595 0.501917
v -0.456885 0.078270 0.489964
v -0.425428 0.085059 0.489366
v -0.402238 0.088113 0.501016
v -0.372557 0.093236 0.502638
v -0.392985 0.094013 0.479304
v -0.368961 0.097572 0.489139
v -0.342513 0.100586 0.495235
v -0.364146 0.104037 0.467984
v -0.337922 0.108514 0.473100
v -0.310631 0.110712 0.476673
v -0.333613 0.114397 0.447217
v -0.307013 0.118136 0.450811
v -0.279091 0.118311 0.453327
v -0.304204 0.122137 0.425215
v -0.277105 0.122927 0.428590
v -0.235895 0.121070 0.429490
v -0.250317 0.116360 0.454868
v -0.253041 0.125154 0.405630
v -0.205952 0.122303 0.406387
v -0.190520 0.116532 0.432028
v -0.161423 0.117162 0.407461
v -0.161321 0.112856 0.433024
v -0.131454 0.110884 0.408633
v -0.131448 0.106486 0.434197
v -0.089100 0.099874 0.391507
v -0.132014 0.114300 0.383396
v -0.067094 0.098907 0.359310
v -0.034719 0.093067 0.359293
v -0.002206 0.091657 0.359597
v -0.002206 0.086595 0.386810
v -0.002206 0.507743 -0.237243
v -0.002155 0.498178 -0.294023
v -0.014589 0.489055 -0.352066
v -0.026651 0.482993 -0.354441
v -0.026623 0.478079 -0.380477
v -0.050130 0.463543 -0.378901
v -0.049105 0.460040 -0.404723
v -0.082802 0.440146 -0.404243
v -0.080409 0.437645 -0.436257
v -0.097688 0.426488 -0.431558
v -0.076197 0.435408 -0.483168
v -0.089777 0.423562 -0.503352
v -0.105968 0.411522 -0.481996
v -0.112685 0.396982 -0.513770
v -0.101960 0.409623 -0.517406
v -0.110227 0.394816 -0.545027
v -0.118395 0.382527 -0.540238
v -0.123260 0.369200 -0.539236
v -0.120703 0.369486 -0.581722
v -0.124568 0.357796 -0.565160
v -0.121042 0.359244 -0.610228
v -0.123024 0.347487 -0.591208
v -0.119423 0.348833 -0.626676
v -0.112046 0.339506 -0.660546
v -0.108113 0.329866 -0.641056
v -0.104820 0.331971 -0.669669
v -0.092736 0.326026 -0.691546
v -0.091011 0.332203 -0.722264
v -0.079225 0.322561 -0.720626
v -0.085471 0.333542 -0.752414
v -0.073118 0.324014 -0.751894
v -0.062807 0.322150 -0.781779
v -0.058764 0.321670 -0.811758
v -0.052165 0.316516 -0.809342
v -0.045242 0.311603 -0.806778
v -0.046345 0.307935 -0.836853
v -0.040074 0.302470 -0.833268
v -0.033959 0.297031 -0.829278
v -0.033462 0.288499 -0.850995
v -0.024158 0.278769 -0.847230
v -0.023566 0.265694 -0.871424
v -0.016183 0.260833 -0.867180
v -0.020032 0.248715 -0.894047
v -0.015039 0.244991 -0.891225
v -0.008735 0.242557 -0.889736
v -0.014486 0.227346 -0.916484
v -0.008540 0.224572 -0.914732
v -0.002155 0.224985 -0.915220
v -0.008146 0.202013 -0.953255
v -0.002262 0.201647 -0.955027
v -0.008061 0.121721 -1.274814
v -0.006979 0.144789 -1.226527
v -0.006598 0.152221 -1.217233
v -0.004152 0.181182 -1.213038
v -0.004783 0.211865 -1.189144
v -0.002517 0.214172 -1.196298
v -0.002593 0.240293 -1.182528
v -0.001106 0.363537 -1.145280
v -0.001080 0.377866 -1.150035
v -0.004846 0.374918 -1.143447
v -0.005209 0.404505 -1.155042
v -0.000599 0.424384 -1.171602
v -0.006079 0.598412 -1.317717
v -0.007089 0.586275 -1.298657
v -0.005549 0.577243 -1.278263
v -0.004869 0.570710 -1.254839
v -0.004168 0.562252 -1.205986
v -0.001672 0.568397 -1.216221
v -0.001939 0.558588 -1.182349
v -0.001756 0.520016 -1.247589
v -0.004807 0.501659 -1.227247
v -0.006815 0.494868 -1.215457
v -0.007863 0.494119 -1.208530
v -0.009340 0.475957 -1.189393
v -0.012832 0.448964 -1.138970
v -0.017699 0.412425 -1.109659
v -0.016574 0.393051 -1.112163
v -0.014255 0.427633 -1.126152
v -0.012346 0.439599 -1.142528
v -0.010416 0.417260 -1.140760
v -0.009730 0.461352 -1.178614
v -0.008327 0.470893 -1.192708
v -0.008475 0.446102 -1.173118
v -0.005927 0.470506 -1.198272
v -0.001191 0.470879 -1.202062
v -0.001402 0.494108 -1.223954
v -0.000940 0.455199 -1.189679
v -0.005861 0.443210 -1.177812
v -0.005495 0.422881 -1.165189
v -0.006885 0.411243 -1.152909
v -0.012377 0.405503 -1.127442
v -0.011062 0.384710 -1.125925
v -0.010247 0.367060 -1.124956
v -0.022702 0.374932 -1.093059
v -0.018950 0.344481 -1.098173
v -0.004437 0.350173 -1.139077
v -0.008855 0.329178 -1.126192
v -0.014087 0.327058 -1.110767
v -0.007072 0.309129 -1.136026
v -0.010231 0.307914 -1.124610
v -0.004433 0.332419 -1.139830
v -0.005043 0.296792 -1.149592
v -0.002555 0.317265 -1.149131
v -0.002864 0.296000 -1.158836
v -0.007490 0.279135 -1.143564
v -0.007908 0.257318 -1.148028
v -0.006276 0.227840 -1.169753
v -0.010901 0.242681 -1.131444
v -0.009069 0.209122 -1.153837
v -0.007595 0.192962 -1.173992
v -0.009962 0.174671 -1.167127
v -0.006242 0.175716 -1.197668
v -0.009618 0.143146 -1.202400
v -0.009867 0.132673 -1.221492
v -0.008911 0.134947 -1.231760
v -0.010052 0.122366 -1.251841
v -0.010087 0.119243 -1.237319
v -0.010452 0.130316 -1.206828
v -0.009178 0.117081 -1.262393
v -0.007487 0.113819 -1.252701
v -0.006992 0.116411 -1.275202
v -0.004098 0.114245 -1.277350
v -0.002156 0.114652 -1.279044
v -0.000065 0.114122 -1.277827
v -0.001066 0.113294 -1.274408
v -0.001614 0.111912 -1.253321
v -0.004373 0.112073 -1.253817
v -0.006089 0.113582 -1.241006
v -0.009007 0.116597 -1.237096
v -0.007910 0.118204 -1.222147
v -0.009895 0.130161 -1.188599
v -0.010810 0.140625 -1.187340
v -0.010859 0.155349 -1.178711
v -0.011687 0.185239 -1.142642
v -0.011932 0.205284 -1.130887
v -0.013974 0.224861 -1.109049
v -0.011981 0.280902 -1.121057
v -0.015066 0.301936 -1.106993
v -0.020955 0.325030 -1.087463
v -0.026640 0.322461 -1.064441
v -0.030129 0.348919 -1.065331
v -0.031511 0.323631 -1.044917
v -0.035663 0.349154 -1.046826
v -0.037188 0.326237 -1.022716
v -0.041868 0.349673 -1.025432
v -0.053869 0.351447 -0.984577
v -0.055962 0.384675 -0.976213
v -0.045029 0.406446 -0.989491
v -0.037896 0.412802 -1.012594
v -0.037747 0.422318 -0.980419
v -0.031851 0.429564 -1.003134
v -0.026880 0.436998 -1.025174
v -0.026900 0.443281 -0.994962
v -0.023329 0.450671 -1.017106
v -0.031126 0.435936 -0.972132
v -0.026452 0.446935 -0.965532
v -0.023610 0.456090 -0.960409
v -0.033992 0.429953 -0.917540
v -0.026619 0.448253 -0.936956
v -0.029757 0.439345 -0.913592
v -0.026819 0.447699 -0.908858
v -0.023720 0.455747 -0.904444
v -0.029188 0.437772 -0.885211
v -0.025298 0.445388 -0.880800
v -0.019383 0.451826 -0.877112
v -0.026793 0.435325 -0.856262
v -0.020292 0.442082 -0.852662
v -0.011604 0.445851 -0.850683
v -0.021661 0.432938 -0.826597
v -0.012314 0.436920 -0.824431
v -0.002206 0.437743 -0.823905
v -0.013887 0.430728 -0.797760
v -0.002206 0.427443 -0.770551
v -0.002206 0.471047 -0.542452
v -0.014007 0.485565 -0.585108
v -0.012596 0.476996 -0.566395
v -0.014796 0.492867 -0.600096
v -0.022137 0.489956 -0.614834
v -0.022779 0.478085 -0.591163
v -0.002378 0.496598 -0.602867
v -0.014500 0.501882 -0.621995
v -0.023945 0.482177 -0.621918
v -0.020819 0.496559 -0.628731
v -0.013987 0.507920 -0.644575
v -0.018529 0.502915 -0.647067
v -0.016556 0.494128 -0.655971
v -0.012553 0.493529 -0.660143
v -0.006987 0.492814 -0.662238
v -0.005710 0.482238 -0.658596
v -0.007012 0.510396 -0.643722
v -0.021934 0.468986 -0.637353
v -0.021408 0.471872 -0.570231
v -0.028423 0.461392 -0.547789
v -0.020958 0.467175 -0.544665
v -0.012066 0.470447 -0.542954
v -0.022179 0.465291 -0.516750
v -0.012677 0.469037 -0.516005
v -0.002206 0.470053 -0.515911
v -0.012960 0.469514 -0.489077
v -0.002206 0.179289 0.016219
v -0.025591 0.176143 0.049561
v 0.000610 0.171536 0.102220
v -0.026237 0.171585 0.093223
v -0.054540 0.170904 0.109771
v -0.092784 0.169651 0.155863
v -0.104356 0.173978 0.122706
v -0.119065 0.174314 0.109786
v -0.110864 0.177435 0.089311
v -0.119885 0.177755 0.086059
v -0.134615 0.172701 0.111181
v -0.142026 0.167959 0.142622
v -0.149572 0.168588 0.136950
v -0.164474 0.160863 0.192997
v -0.163500 0.167750 0.163620
v -0.171090 0.162993 0.190652
v -0.176067 0.169580 0.190123
v -0.178651 0.158343 0.216443
v -0.184299 0.164126 0.214936
v -0.187574 0.171866 0.215009
v -0.192919 0.158770 0.237561
v -0.195484 0.151498 0.257882
v -0.182694 0.151184 0.261935
v -0.197353 0.145340 0.286635
v -0.227713 0.129733 0.348149
v -0.218720 0.127494 0.363438
v -0.252223 0.127908 0.366066
v -0.276459 0.125108 0.406677
v -0.326894 0.119099 0.419708
v -0.359612 0.109488 0.441414
v -0.389393 0.098185 0.461574
v -0.526370 0.063971 0.467255
v -0.551943 0.056969 0.461699
v -0.579524 0.050089 0.456892
v -0.633927 0.041811 0.436084
v -0.665514 0.036968 0.415981
v -0.672266 0.040318 0.415837
v -0.184127 0.145241 0.286289
v -0.140409 0.150136 0.263674
v -0.118379 0.143983 0.271037
v -0.147002 0.161670 0.219946
v -0.137152 0.158691 0.235314
v -0.114208 0.154547 0.241482
v -0.089111 0.146879 0.246267
v -0.092050 0.134593 0.275243
v -0.132298 0.165235 0.205158
v -0.111434 0.162199 0.211639
v -0.087117 0.156049 0.216958
v -0.060130 0.150159 0.220257
v -0.061546 0.140025 0.248939
v -0.109456 0.167768 0.182000
v -0.085473 0.162878 0.187534
v -0.058895 0.158093 0.191224
v -0.030852 0.156809 0.194463
v -0.031535 0.148140 0.223143
v -0.057675 0.164193 0.162158
v -0.030115 0.163196 0.165281
v 0.020308 0.158768 0.194643
v -0.029196 0.167176 0.135646
v -0.002206 0.485792 -0.382020
v -0.002206 0.490620 -0.354584
v -0.002032 0.478307 -0.433342
v -0.013987 0.480901 -0.398396
v -0.013872 0.476063 -0.435889
v -0.024656 0.467569 -0.461368
v -0.013278 0.472078 -0.462452
v -0.039155 0.458591 -0.464430
v -0.026415 0.473651 -0.408382
v -0.023099 0.465482 -0.489087
v -0.040298 0.455517 -0.489216
v -0.030851 0.460154 -0.517939
v -0.038659 0.454342 -0.519076
v -0.051660 0.445723 -0.519918
v -0.035155 0.454349 -0.550654
v -0.046696 0.444420 -0.551066
v -0.071106 0.434279 -0.521657
v -0.059249 0.429688 -0.594622
v -0.084360 0.414844 -0.573891
v -0.094814 0.403631 -0.600718
v -0.097658 0.404432 -0.570411
v -0.079293 0.411336 -0.619856
v -0.094579 0.400633 -0.617646
v -0.103630 0.391890 -0.619724
v -0.107179 0.392275 -0.592849
v -0.080889 0.405074 -0.640726
v -0.088115 0.394659 -0.663337
v -0.105695 0.376311 -0.666378
v -0.113170 0.380375 -0.612097
v -0.096704 0.386614 -0.666606
v -0.109276 0.369272 -0.669567
v -0.116744 0.370553 -0.619810
v -0.089947 0.377830 -0.754357
v -0.103501 0.361885 -0.722752
v -0.116775 0.359269 -0.641983
v -0.094551 0.371734 -0.750016
v -0.104298 0.353985 -0.723434
v -0.098079 0.364294 -0.753980
v -0.099783 0.356192 -0.754556
v -0.098081 0.348048 -0.754600
v -0.101757 0.345642 -0.723769
v -0.090859 0.366866 -0.811030
v -0.094282 0.358578 -0.793907
v -0.092625 0.350477 -0.786541
v -0.087955 0.344193 -0.785949
v -0.093420 0.341348 -0.754102
v -0.086548 0.351286 -0.826981
v -0.081254 0.343634 -0.823145
v -0.079393 0.335602 -0.784891
v -0.069786 0.336231 -0.876970
v -0.068450 0.333086 -0.866569
v -0.064173 0.326965 -0.847068
v -0.068428 0.330064 -0.815175
v -0.056420 0.316860 -0.875767
v -0.050454 0.308544 -0.871172
v -0.058035 0.320212 -0.843803
v -0.053923 0.316783 -0.907988
v -0.047697 0.304711 -0.901849
v -0.042871 0.294531 -0.895705
v -0.039087 0.286692 -0.889884
v -0.045156 0.301416 -0.866539
v -0.039196 0.291746 -0.926598
v -0.036042 0.280059 -0.919672
v -0.033914 0.271671 -0.913462
v -0.032336 0.266413 -0.910470
v -0.033378 0.277201 -0.880365
v -0.032351 0.266133 -0.937438
v -0.026593 0.242852 -0.927114
v -0.026109 0.255180 -0.899753
v -0.029418 0.250390 -0.959213
v -0.027081 0.235744 -0.958325
v -0.024848 0.228531 -0.953533
v -0.021675 0.222232 -0.949652
v -0.023188 0.236976 -0.922833
v -0.021433 0.210552 -1.007477
v -0.020728 0.206767 -0.999516
v -0.019853 0.210032 -0.976163
v -0.018367 0.206011 -0.975999
v -0.019229 0.199602 -1.003674
v -0.013365 0.186360 -0.995184
v -0.013120 0.200484 -0.966101
v -0.016590 0.182942 -1.022660
v -0.013644 0.176543 -1.019825
v -0.008956 0.171518 -1.017603
v -0.008505 0.182040 -0.992959
v -0.015893 0.170670 -1.061013
v -0.013428 0.162812 -1.064940
v -0.009005 0.163636 -1.041523
v -0.002146 0.170582 -1.017113
v -0.008866 0.157016 -1.067355
v -0.002304 0.162856 -1.040131
v -0.002271 0.148024 -1.102670
v -0.002180 0.115982 -1.282039
v -0.005755 0.117262 -1.279861
v -0.007837 0.119388 -1.274539
v -0.009288 0.122237 -1.265665
v -0.008847 0.129431 -1.256083
v -0.004745 0.236985 -1.175741
v -0.001623 0.348707 -1.144402
v -0.004878 0.363553 -1.139717
v -0.005084 0.116045 -1.279201
v -0.002009 0.115766 -1.225040
v -0.005270 0.116621 -1.223024
v -0.009101 0.129623 -1.183532
v -0.010737 0.135353 -1.187661
v -0.014702 0.207032 -1.102771
v -0.019117 0.217032 -1.056206
v -0.022003 0.221044 -1.021170
v -0.016014 0.192452 -1.088211
v -0.018134 0.192503 -1.054264
v -0.013579 0.165340 -1.134033
v -0.016527 0.175577 -1.074285
v -0.012535 0.150770 -1.148438
v -0.011617 0.144105 -1.150942
v -0.010851 0.145578 -1.129266
v -0.006913 0.136930 -1.144869
v -0.005885 0.125913 -1.187314
v -0.002274 0.130789 -1.165963
v -0.002285 0.123156 -1.196552
v -0.002318 0.138735 -1.135710
v -0.007686 0.145603 -1.114916
v -0.017709 0.185435 -1.043150
v -0.030037 0.267821 -0.978133
v -0.032819 0.286460 -0.986238
v -0.028906 0.278717 -1.012335
v -0.037664 0.308246 -0.993250
v -0.032529 0.301937 -1.018358
v -0.043175 0.330275 -0.998363
v -0.043559 0.315969 -0.967161
v -0.050380 0.334742 -0.972412
v -0.059068 0.338154 -0.945259
v -0.072318 0.352655 -0.918425
v -0.061261 0.367812 -0.966747
v -0.063439 0.381290 -0.943168
v -0.059761 0.392326 -0.931695
v -0.051916 0.400098 -0.965177
v -0.047834 0.409394 -0.932043
v -0.036650 0.425543 -0.943360
v -0.040195 0.419056 -0.925256
v -0.047406 0.410758 -0.900822
v -0.038703 0.420753 -0.894964
v -0.033188 0.429511 -0.889974
v -0.045164 0.411301 -0.869639
v -0.037523 0.419421 -0.865145
v -0.031912 0.427532 -0.860696
v -0.043886 0.411108 -0.838208
v -0.036621 0.418843 -0.834375
v -0.029610 0.426468 -0.830343
v -0.042968 0.413077 -0.807530
v -0.034072 0.420189 -0.802794
v -0.024408 0.426388 -0.799899
v -0.041968 0.414608 -0.775797
v -0.026695 0.423248 -0.771911
v -0.014876 0.427508 -0.770774
v -0.027874 0.424306 -0.743621
v -0.015272 0.427979 -0.743278
v -0.002206 0.428800 -0.743207
v -0.014922 0.432364 -0.715878
v -0.002206 0.433077 -0.715915
v -0.027338 0.428222 -0.715529
v -0.040703 0.420723 -0.716199
v -0.036937 0.427366 -0.686460
v -0.042286 0.416411 -0.744238
v -0.068063 0.394198 -0.792822
v -0.060626 0.397981 -0.820992
v -0.052075 0.403586 -0.842028
v -0.067090 0.390721 -0.850022
v -0.054359 0.402914 -0.874378
v -0.063190 0.393502 -0.878948
v -0.070192 0.383966 -0.882293
v -0.075676 0.374390 -0.884728
v -0.081276 0.374254 -0.852298
v -0.075523 0.381979 -0.850675
v -0.073267 0.365132 -0.915924
v -0.084873 0.356708 -0.853678
v -0.084769 0.365880 -0.853352
v -0.067325 0.340255 -0.915615
v -0.060860 0.329207 -0.913177
v -0.051798 0.323031 -0.940766
v -0.044542 0.306994 -0.934091
v -0.037397 0.296370 -0.960078
v -0.033598 0.278757 -0.951963
v -0.086433 0.374106 -0.815536
v -0.082868 0.385413 -0.753050
v -0.081725 0.381498 -0.802114
v -0.072727 0.394436 -0.749546
v -0.081608 0.392755 -0.710121
v -0.075371 0.403864 -0.664314
v -0.045096 0.427104 -0.648799
v -0.033057 0.433850 -0.660140
v -0.030937 0.441343 -0.641066
v -0.013294 0.212019 -0.943245
v -0.019159 0.231811 -0.919391
v -0.040478 0.295167 -0.861643
v -0.052130 0.313824 -0.840399
v -0.097129 0.338415 -0.723162
v -0.113330 0.349709 -0.668074
v -0.099495 0.406822 -0.544802
v 0.002427 0.149244 0.223000
v -0.032211 0.137094 0.250994
v -0.033606 0.109718 0.305650
v -0.063447 0.126778 0.277173
v -0.065144 0.112792 0.305595
v -0.066934 0.104757 0.331227
v -0.034409 0.099441 0.331979
v -0.005269 0.110248 0.304176
v -0.002206 0.099028 0.332601
v -0.107362 0.171457 0.152338
v -0.130128 0.167802 0.183560
v -0.145819 0.163938 0.204133
v -0.174009 0.156413 0.226836
v -0.732302 0.010199 0.253513
v -0.673323 0.032286 0.257236
v -0.626852 0.049898 0.262652
v -0.647741 0.043417 0.256187
v -0.626873 0.052694 0.256220
v -0.612316 0.058623 0.261729
v -0.615724 0.063422 0.259649
v -0.597799 0.069744 0.263520
v -0.580824 0.076303 0.265936
v -0.600013 0.072375 0.268909
v -0.583132 0.078876 0.272002
v -0.564555 0.084820 0.275617
v -0.587356 0.079477 0.279467
v -0.568440 0.086203 0.285695
v -0.544952 0.095131 0.301824
v -0.508920 0.108086 0.331024
v -0.447519 0.127400 0.346759
v -0.449516 0.128609 0.362216
v -0.451495 0.128880 0.375380
v -0.429299 0.136886 0.393356
v -0.371727 0.158220 0.453555
v -0.350986 0.165175 0.434839
v -0.384709 0.153285 0.473426
v -0.305204 0.183857 0.489350
v -0.286301 0.192325 0.539209
v -0.316929 0.179770 0.543231
v -0.300337 0.186263 0.567698
v -0.287542 0.191914 0.591840
v -0.275410 0.198248 0.611457
v -0.270226 0.201709 0.635132
v -0.280348 0.194160 0.643414
v -0.267918 0.203788 0.658723
v -0.286164 0.187639 0.651202
v -0.276061 0.195842 0.667626
v -0.281543 0.185327 0.674787
v -0.284995 0.192688 0.621130
v -0.617566 0.066145 0.264612
v -0.642543 0.054412 0.249975
v -0.641276 0.047906 0.251979
v -0.655180 0.044405 0.248753
v -0.669293 0.036597 0.248391
v -0.009301 0.145406 -0.460984
v -0.008820 0.139874 -0.444564
v -0.010375 0.132152 -0.429804
v -0.010044 0.123449 -0.417547
v -0.002530 0.454811 -0.657987
v -0.002206 0.438729 -0.684847
v -0.007723 0.511202 -0.653190
v -0.002206 0.082040 0.831158
v -0.003312 0.080304 0.596833
v 0.012510 0.080573 0.570480
v -0.001792 0.797379 0.026980
v -0.002206 0.583086 0.362777
v -0.008603 0.135828 -0.628500
v -0.007984 0.203635 -0.617982
v -0.008088 0.083428 -0.417364
v -0.002252 0.548245 0.461293
v -0.002206 0.366150 1.147283
v -0.002206 0.733969 0.228242
v -0.002206 0.691516 0.270531
v -0.008706 0.104197 -0.405188
v -0.003061 0.080763 -0.264656
v -0.005433 0.067694 -0.316945
v -0.002221 0.486873 -0.946354
v -0.002212 0.116370 -0.182462
v -0.002206 0.381881 1.095808
v -0.002206 0.079729 0.440581
v -0.002206 0.515547 -0.189740
v -0.002206 0.273458 -0.842767
v -0.002206 0.302181 -0.774233
v -0.000939 0.281515 -0.700539
v -0.002206 0.591724 0.024434
v -0.002206 0.624654 0.043054
v -0.002206 0.655253 0.050087
v -0.002206 0.552083 -0.024694
v -0.002307 0.268923 -0.673942
v -0.002211 0.455902 -0.874787
v -0.002206 0.147889 -0.132281
v -0.002236 0.178034 -0.088517
v -0.002206 0.186747 -0.042118
v -0.002206 0.089645 1.013215
v -0.002206 0.247918 1.397662
v -0.002206 0.254795 1.396209
v -0.002206 0.401507 1.018534
v -0.002206 0.097444 1.132932
v -0.002108 0.226894 1.390700
v -0.002336 0.430602 0.930681
v -0.001417 0.108026 1.184588
v -0.002206 0.116625 1.219849
v -0.002206 0.125030 1.247827
v -0.002219 0.244017 -0.890714
v -0.000840 0.405147 -1.161287
v -0.001492 0.604177 -1.324137
v -0.002203 0.112872 -1.240941
v -0.002206 0.430838 -0.797190
v -0.002206 0.477439 -0.565505
v -0.005199 0.505660 -0.626480
v -0.002206 0.470709 -0.489186
v 0.017239 0.164743 0.167044
v 0.022250 0.168960 0.137000
v -0.002206 0.473454 -0.462670
v -0.002076 0.333367 -1.145074
v -0.002197 0.181962 -0.992658
v 0.007969 0.138057 0.249532
v -0.006306 0.065144 -0.337505
v -0.001594 0.804897 0.026816
v 0.004005 0.602394 -1.327555
v 0.000462 0.131739 -1.282507
v 0.000956 0.113099 -1.268697
v 0.024213 0.265203 -1.068131
v 0.033019 0.407687 -1.070466
v 0.004817 0.453201 -0.655047
v -0.002973 0.509650 -0.660567
v -0.001426 0.127563 -0.619197
v 0.011566 0.481505 -0.635022
v 0.025494 0.269214 -0.630246
v 0.019730 0.453200 -0.607804
v 0.003917 0.144346 -0.601106
v 0.000913 0.076218 -0.408250
v 0.006104 0.128314 -0.362843
v 0.017079 0.159082 -0.223364
v 0.047121 0.189918 -0.136039
v 0.029616 0.542067 0.019925
v 0.010560 0.730756 0.117189
v 0.168976 0.219838 0.241901
v 0.765227 0.005888 0.227723
v 0.762995 0.012640 0.229274
v 0.735750 0.031072 0.282973
v 0.034796 0.557595 0.334406
v 0.159483 0.117691 0.338856
v 0.130668 0.090393 0.649123
v 0.247973 0.233346 0.687981
v 0.056624 0.165671 1.317518
v 0.052284 0.288439 1.311200
v 0.005721 0.593995 -1.332957
v 0.005821 0.597086 -1.332970
v 0.004505 0.590644 -1.331594
v 0.000527 0.601646 -1.309845
v 0.001562 0.805758 0.029723
v 0.004152 0.806427 0.049200
v 0.005126 0.805382 0.055912
v 0.002027 0.809556 0.055173
v 0.006702 0.599720 -1.318214
v 0.002130 0.603675 -1.323344
v 0.008966 0.596301 -1.322720
v 0.001234 0.128120 -1.284185
v 0.002910 0.131630 -1.278375
v 0.021258 0.269315 -1.091751
v 0.018783 0.232623 -1.095085
v 0.027581 0.271815 -1.039515
v 0.030961 0.296643 -1.043805
v 0.027403 0.294637 -1.066452
v 0.023690 0.303890 -1.089847
v 0.022372 0.243464 -1.061414
v 0.022842 0.239580 -1.037725
v 0.029222 0.430662 -1.057527
v 0.023103 0.444275 -1.075935
v 0.025115 0.430552 -1.086883
v 0.028745 0.399419 -1.089191
v 0.031085 0.373746 -1.085099
v 0.036988 0.376108 -1.069541
v 0.043971 0.374505 -1.050157
v 0.040618 0.400355 -1.046195
v 0.035110 0.421988 -1.036273
v 0.002220 0.471522 -0.654084
v 0.009584 0.463092 -0.644906
v 0.007130 0.475656 -0.649102
v 0.007471 0.436377 -0.684702
v 0.014242 0.440529 -0.657348
v 0.014172 0.450700 -0.641991
v 0.019601 0.431376 -0.683421
v -0.000350 0.503676 -0.664283
v 0.005091 0.505242 -0.657912
v -0.001142 0.511033 -0.654393
v -0.000611 0.129766 -0.623516
v -0.001666 0.127211 -0.612308
v 0.000165 0.129796 -0.612733
v 0.010824 0.492157 -0.638060
v 0.008916 0.495551 -0.649318
v 0.009198 0.475455 -0.643832
v 0.041899 0.283518 -0.633058
v 0.043766 0.287777 -0.660907
v 0.034168 0.281463 -0.660210
v 0.025552 0.276494 -0.663735
v 0.018173 0.262462 -0.638601
v 0.013997 0.248085 -0.618490
v 0.027006 0.268206 -0.608718
v 0.041682 0.281613 -0.611156
v 0.017672 0.250223 -0.603562
v 0.001710 0.136576 -0.616975
v 0.002158 0.135731 -0.607631
v 0.001920 0.144279 -0.612720
v 0.014608 0.465742 -0.621041
v 0.014842 0.458751 -0.630591
v 0.021004 0.445606 -0.625349
v 0.037130 0.431176 -0.621117
v 0.036178 0.436136 -0.601584
v 0.015404 0.466247 -0.599729
v 0.013388 0.475396 -0.614704
v 0.037343 0.439907 -0.578458
v 0.023331 0.451436 -0.580409
v 0.017530 0.460826 -0.576205
v 0.004604 0.155616 -0.594717
v 0.002472 0.157348 -0.602864
v 0.005612 0.153476 -0.587579
v 0.003351 0.140988 -0.584349
v 0.001428 0.081969 -0.409540
v -0.001638 0.083115 -0.416006
v -0.002314 0.075907 -0.412315
v 0.002926 0.079713 -0.403437
v -0.002983 0.071789 -0.405296
v 0.006453 0.142958 -0.363205
v 0.005408 0.157807 -0.398018
v 0.003485 0.148886 -0.400569
v 0.004769 0.125673 -0.374050
v 0.007284 0.100830 -0.349608
v 0.008490 0.097002 -0.320706
v 0.008414 0.138260 -0.333445
v 0.018970 0.162317 -0.198474
v 0.016726 0.158608 -0.248054
v 0.012096 0.133009 -0.222187
v 0.014049 0.147052 -0.200323
v 0.018218 0.158268 -0.181957
v 0.043714 0.189867 -0.162487
v 0.027823 0.173587 -0.169393
v 0.026717 0.169986 -0.154746
v 0.022378 0.164980 -0.147216
v 0.036044 0.181524 -0.126675
v 0.066050 0.200001 -0.106740
v 0.085400 0.206029 -0.108416
v 0.073760 0.205100 -0.134697
v 0.065363 0.204068 -0.161456
v 0.051294 0.194563 -0.103518
v 0.018336 0.552842 0.010451
v 0.023940 0.538318 -0.014221
v 0.036338 0.528784 -0.010504
v 0.017393 0.563668 0.031452
v 0.013905 0.568481 0.024390
v 0.038129 0.540442 0.041918
v 0.022559 0.559050 0.046878
v 0.007775 0.771712 0.085195
v 0.007424 0.752737 0.081931
v 0.009107 0.757065 0.104788
v 0.166579 0.231459 0.206902
v 0.170775 0.209217 0.207750
v 0.176368 0.198857 0.237031
v 0.180186 0.195450 0.263106
v 0.175871 0.204085 0.272295
v 0.168823 0.229732 0.261344
v 0.183392 0.186838 0.257438
v 0.756576 0.004813 0.229123
v 0.764471 0.004627 0.231788
v 0.760501 0.008249 0.223190
v 0.736725 0.029041 0.266619
v 0.018106 0.584200 0.317971
v 0.022251 0.578520 0.305194
v 0.041918 0.555040 0.313449
v 0.021904 0.570487 0.343626
v 0.015073 0.589664 0.325574
v 0.032294 0.552673 0.377032
v 0.189498 0.121956 0.354232
v 0.196841 0.129601 0.338083
v 0.175860 0.129887 0.320740
v 0.137605 0.107446 0.364386
v 0.187839 0.117217 0.377104
v 0.127542 0.110265 0.337662
v 0.144914 0.127500 0.300959
v 0.122063 0.120094 0.303448
v 0.168305 0.098694 0.630947
v 0.153375 0.092551 0.610646
v 0.118537 0.086986 0.620283
v 0.077417 0.082327 0.627601
v 0.169755 0.105971 0.670081
v 0.192111 0.110929 0.649888
v 0.076246 0.082199 0.701420
v 0.117885 0.088213 0.683257
v 0.154394 0.102052 0.695425
v 0.236326 0.258543 0.692206
v 0.228855 0.277192 0.669044
v 0.239804 0.241253 0.661122
v 0.255314 0.217862 0.670766
v 0.264063 0.205304 0.684734
v 0.259776 0.211069 0.706433
v 0.244115 0.226958 0.652973
v 0.068239 0.176592 1.328364
v 0.080966 0.166848 1.304900
v 0.066613 0.159474 1.301313
v 0.042434 0.152024 1.299434
v 0.048854 0.174893 1.334341
v 0.036068 0.281583 1.344373
v 0.035445 0.295519 1.307387
v 0.066602 0.285139 1.305630
v 0.015850 0.292271 1.329633
v 0.017936 0.299913 1.306157
v 0.044310 0.314599 1.252648
v 0.062354 0.303832 1.263461
v 0.079711 0.295545 1.265370
v 0.089542 0.285477 1.278943
v 0.101872 0.283257 1.268575
v 0.091106 0.306024 1.222852
v 0.125990 0.292408 1.210769
v 0.141000 0.275389 1.232734
v 0.120726 0.273064 1.267594
v 0.117718 0.305449 1.189804
v 0.144211 0.295616 1.176268
v 0.133149 0.309643 1.160120
v 0.156768 0.287421 1.173697
v 0.172176 0.283519 1.147731
v 0.159784 0.273576 1.202428
v 0.156258 0.310737 1.121405
v 0.163696 0.293370 1.145882
v 0.179667 0.274298 1.147708
v 0.177972 0.306903 1.087792
v 0.181002 0.288264 1.118342
v 0.189927 0.277006 1.118427
v 0.197347 0.265161 1.118492
v 0.187639 0.263007 1.146232
v 0.198175 0.299229 1.063641
v 0.200035 0.281496 1.090662
v 0.207991 0.268569 1.090115
v 0.207436 0.254522 1.101117
v 0.209268 0.286269 1.061503
v 0.217541 0.272064 1.059846
v 0.221245 0.257113 1.058542
v 0.219404 0.240450 1.065197
v 0.225752 0.275708 1.028589
v 0.229484 0.258475 1.027242
v 0.229329 0.241956 1.027518
v 0.227104 0.225246 1.028826
v 0.218841 0.225558 1.058378
v 0.235515 0.259252 0.996212
v 0.233756 0.240874 0.996728
v 0.232621 0.223226 0.998912
v 0.228089 0.204859 1.000790
v 0.221402 0.207979 1.029785
v 0.237639 0.240192 0.966758
v 0.238985 0.221265 0.963123
v 0.232709 0.202542 0.971446
v 0.220071 0.187728 0.970986
v 0.216067 0.189430 1.000366
v 0.237818 0.201908 0.932341
v 0.223275 0.187010 0.941602
v 0.196617 0.158092 0.946222
v 0.206992 0.174151 0.969611
v 0.227531 0.184980 0.908223
v 0.203752 0.156619 0.910961
v 0.232678 0.185925 0.885044
v 0.223919 0.171426 0.877340
v 0.209632 0.155614 0.883208
v 0.193761 0.142155 0.878088
v 0.187893 0.141404 0.908392
v 0.218526 0.156134 0.839012
v 0.178413 0.130353 0.856719
v 0.212644 0.145876 0.794111
v 0.154869 0.112833 0.815229
v 0.145467 0.111793 0.875486
v 0.190149 0.131520 0.791698
v 0.162042 0.112950 0.773428
v 0.138618 0.097859 0.746631
v 0.126905 0.098602 0.810236
v 0.104642 0.087507 0.748481
v 0.184498 0.119192 0.710201
v 0.110332 0.087210 0.714915
v 0.069012 0.084327 0.770585
v 0.036026 0.078930 0.709640
v 0.032661 0.082125 0.771089
v 0.035239 0.077964 0.660703
v 0.002998 0.747726 0.049721
v 0.002306 0.762526 0.045974
v 0.004473 0.756586 0.052946
v 0.003957 0.775957 0.046021
v 0.002133 0.775643 0.040890
v 0.002840 0.790290 0.032812
v 0.031104 0.082802 0.801312
v 0.030129 0.082498 0.833438
v 0.067140 0.085364 0.819234
v 0.090218 0.089420 0.849178
v 0.118896 0.099574 0.874830
v 0.166512 0.126064 0.904812
v 0.138786 0.110443 0.930317
v 0.160779 0.125359 0.948173
v 0.181231 0.140833 0.940214
v 0.194150 0.159355 0.968393
v 0.167531 0.143583 1.024008
v 0.202557 0.175672 0.998509
v 0.198744 0.180898 1.036326
v 0.210732 0.191959 1.029093
v 0.193213 0.178881 1.055445
v 0.204889 0.194458 1.057387
v 0.213163 0.210421 1.060388
v 0.197554 0.197195 1.085374
v 0.194418 0.213365 1.114352
v 0.198813 0.226433 1.115736
v 0.201573 0.239409 1.117051
v 0.190211 0.224863 1.143864
v 0.192749 0.237849 1.145230
v 0.192687 0.250399 1.146128
v 0.177981 0.234859 1.202687
v 0.178394 0.245973 1.200830
v 0.173753 0.256190 1.203334
v 0.167295 0.265377 1.202973
v 0.165096 0.252525 1.233815
v 0.159279 0.260776 1.233173
v 0.151550 0.271317 1.225568
v 0.147918 0.255838 1.263927
v 0.140369 0.264105 1.260020
v 0.115228 0.256888 1.311066
v 0.104719 0.263005 1.313338
v 0.096385 0.269679 1.309086
v 0.080030 0.269732 1.328872
v 0.051808 0.275386 1.345049
v 0.040969 0.273713 1.360184
v 0.020922 0.275828 1.369566
v 0.019995 0.324948 1.245742
v 0.045572 0.326873 1.220236
v 0.068109 0.324102 1.204022
v 0.044393 0.337152 1.197038
v 0.093085 0.315958 1.196239
v 0.073007 0.348269 1.148499
v 0.097171 0.337712 1.145848
v 0.137416 0.324845 1.118688
v 0.166639 0.319303 1.080300
v 0.193054 0.325761 1.015233
v 0.204412 0.307083 1.033960
v 0.216700 0.292174 1.031207
v 0.209370 0.314533 1.004154
v 0.222307 0.297694 1.000416
v 0.232158 0.279130 0.997510
v 0.225868 0.302218 0.969756
v 0.235768 0.282137 0.966342
v 0.239424 0.260452 0.965346
v 0.237749 0.285205 0.934728
v 0.242428 0.262356 0.934430
v 0.242371 0.240696 0.937275
v 0.243732 0.264547 0.903708
v 0.246915 0.242359 0.907893
v 0.253640 0.221106 0.885343
v 0.251425 0.243985 0.878342
v 0.245183 0.201412 0.884870
v 0.256415 0.222496 0.853668
v 0.247930 0.202089 0.856527
v 0.237250 0.185955 0.857293
v 0.251063 0.202459 0.828030
v 0.241947 0.185755 0.829529
v 0.237509 0.169989 0.801691
v 0.246686 0.185852 0.801670
v 0.228667 0.157637 0.789627
v 0.242454 0.171615 0.774970
v 0.237269 0.159753 0.747872
v 0.222262 0.146836 0.745139
v 0.206530 0.133572 0.721558
v 0.231329 0.148775 0.720508
v 0.222376 0.137440 0.692349
v 0.198039 0.121964 0.683841
v 0.235154 0.138311 0.670747
v 0.214254 0.124514 0.662496
v 0.248162 0.137024 0.650448
v 0.232793 0.126087 0.643097
v 0.215613 0.114202 0.631934
v 0.238484 0.115601 0.615636
v 0.225404 0.106430 0.602782
v 0.198271 0.103830 0.616439
v 0.257891 0.129987 0.628451
v 0.271331 0.123271 0.608668
v 0.261640 0.115051 0.601149
v 0.286564 0.135755 0.616606
v 0.299788 0.127071 0.599195
v 0.292587 0.119731 0.594350
v 0.274210 0.143283 0.636077
v 0.311973 0.138460 0.604245
v 0.326647 0.129807 0.589635
v 0.318572 0.118351 0.583358
v 0.297662 0.146516 0.621999
v 0.338253 0.142877 0.592835
v 0.351746 0.132271 0.580648
v 0.347230 0.125239 0.578560
v 0.320093 0.149740 0.608360
v 0.355688 0.139930 0.581387
v 0.375840 0.134652 0.571160
v 0.372642 0.127442 0.570839
v 0.341099 0.154480 0.593453
v 0.358020 0.148199 0.579327
v 0.377659 0.142278 0.568444
v 0.399766 0.136908 0.559390
v 0.397742 0.128659 0.561987
v 0.357242 0.154777 0.573446
v 0.377207 0.148341 0.562479
v 0.418080 0.136889 0.545238
v 0.422469 0.130731 0.550552
v 0.379714 0.151430 0.552511
v 0.419881 0.138407 0.534072
v 0.443598 0.128849 0.524486
v 0.457434 0.121390 0.528339
v 0.394579 0.148195 0.537541
v 0.464994 0.121683 0.506254
v 0.489176 0.111620 0.507138
v 0.409424 0.143971 0.514020
v 0.435864 0.133064 0.507071
v 0.483903 0.115678 0.490222
v 0.509281 0.107590 0.475151
v 0.443193 0.131143 0.442418
v 0.553080 0.094118 0.451287
v 0.494900 0.113273 0.439636
v 0.532754 0.102261 0.406229
v 0.551661 0.095891 0.393223
v 0.585948 0.083529 0.399431
v 0.556773 0.093620 0.376283
v 0.619109 0.071640 0.393531
v 0.575040 0.086022 0.352418
v 0.617653 0.070948 0.354051
v 0.619388 0.069932 0.326173
v 0.614062 0.071175 0.313613
v 0.638371 0.062714 0.298495
v 0.677163 0.048339 0.277765
v 0.689535 0.041189 0.262302
v 0.640305 0.058104 0.278905
v 0.665607 0.046219 0.260375
v 0.689979 0.036425 0.246119
v 0.676397 0.039663 0.248186
v 0.691615 0.033505 0.238502
v 0.690844 0.031631 0.234621
v 0.721907 0.021689 0.219228
v 0.721076 0.023935 0.223467
v 0.690230 0.028671 0.230882
v 0.701021 0.024979 0.225829
v 0.710233 0.021619 0.221281
v 0.719358 0.018158 0.216634
v 0.696135 0.022572 0.227027
v 0.709385 0.017985 0.222503
v 0.718992 0.014611 0.219681
v 0.728508 0.011201 0.219126
v 0.729014 0.014570 0.213846
v 0.716972 0.013460 0.224528
v 0.739842 0.007593 0.225004
v 0.738012 0.009444 0.218486
v 0.716850 0.012846 0.228222
v 0.728460 0.009542 0.228653
v 0.748925 0.006290 0.225107
v 0.749768 0.004939 0.233988
v 0.747608 0.005293 0.246195
v 0.761513 0.003972 0.237510
v 0.763415 0.003896 0.251040
v 0.769020 0.004196 0.242732
v 0.768731 0.005766 0.230416
v 0.772903 0.005934 0.241684
v 0.771854 0.007438 0.233998
v 0.767259 0.009904 0.229149
v 0.772290 0.009136 0.235575
v 0.766667 0.007895 0.226655
v 0.754200 0.014242 0.223316
v 0.751956 0.013523 0.220187
v 0.753434 0.008830 0.218771
v 0.752197 0.006769 0.222137
v 0.738554 0.011758 0.214073
v 0.746969 0.015451 0.218413
v 0.740383 0.017090 0.216485
v 0.730746 0.019349 0.216828
v 0.729249 0.022264 0.222268
v 0.707713 0.033811 0.249730
v 0.699688 0.040481 0.270771
v 0.672460 0.052114 0.292595
v 0.678634 0.051130 0.308916
v 0.588764 0.082607 0.418163
v 0.541876 0.096295 0.478584
v 0.511868 0.105074 0.493496
v 0.496360 0.108074 0.509958
v 0.499840 0.104235 0.515987
v 0.443571 0.122846 0.541038
v 0.470040 0.107127 0.533697
v 0.434739 0.118397 0.548739
v 0.441957 0.107893 0.545170
v 0.394852 0.121479 0.562081
v 0.434382 0.102671 0.545442
v 0.391445 0.114813 0.560669
v 0.368937 0.120595 0.569076
v 0.371593 0.112788 0.563865
v 0.342446 0.118578 0.575400
v 0.367594 0.107169 0.560225
v 0.337578 0.112235 0.571295
v 0.332731 0.106063 0.565837
v 0.290142 0.111763 0.585258
v 0.277214 0.106352 0.580554
v 0.251424 0.107057 0.590315
v 0.269485 0.099225 0.567106
v 0.241890 0.100123 0.576316
v 0.213621 0.099592 0.586481
v 0.234845 0.095416 0.559960
v 0.204668 0.095317 0.568470
v 0.174324 0.093152 0.578014
v 0.184244 0.097035 0.598144
v 0.111437 0.085307 0.600906
v 0.167715 0.091213 0.555776
v 0.107711 0.083466 0.566192
v 0.072024 0.080784 0.570461
v 0.074825 0.081846 0.597096
v 0.050240 0.080899 0.600315
v 0.002828 0.721164 0.053457
v 0.004478 0.731597 0.058529
v 0.005436 0.776080 0.053025
v 0.005384 0.794657 0.041692
v 0.004499 0.792752 0.036951
v 0.004792 0.800986 0.036695
v 0.002700 0.798589 0.030111
v 0.004973 0.643182 0.304131
v 0.004917 0.619128 0.321120
v 0.005213 0.597667 0.338123
v 0.007638 0.580786 0.360193
v 0.015492 0.575939 0.353230
v 0.021373 0.560603 0.383263
v 0.010232 0.566821 0.388140
v 0.011186 0.594118 0.332800
v 0.010078 0.615512 0.316746
v 0.013179 0.610765 0.310651
v 0.010599 0.639575 0.299945
v 0.013145 0.634926 0.293918
v 0.014389 0.632543 0.285131
v 0.015218 0.605774 0.303577
v 0.016565 0.601360 0.294818
v 0.016410 0.613000 0.263302
v 0.018434 0.594910 0.282530
v 0.027775 0.572037 0.289320
v 0.047618 0.552891 0.294294
v 0.021010 0.588878 0.264939
v 0.032177 0.568156 0.268817
v 0.052982 0.550317 0.271611
v 0.086845 0.523859 0.313914
v 0.035974 0.565210 0.245271
v 0.056317 0.548510 0.246978
v 0.108705 0.510283 0.249063
v 0.108235 0.510094 0.291350
v 0.062454 0.543906 0.223801
v 0.109388 0.509062 0.212320
v 0.133277 0.484578 0.220559
v 0.084623 0.526682 0.186570
v 0.129104 0.484174 0.151015
v 0.151184 0.452908 0.191179
v 0.152931 0.453010 0.218653
v 0.105760 0.507605 0.143842
v 0.159733 0.412402 0.145113
v 0.161903 0.417847 0.193529
v 0.144440 0.453939 0.116394
v 0.170506 0.383186 0.185396
v 0.154216 0.413517 0.079602
v 0.163847 0.385551 0.092770
v 0.169340 0.352506 0.112841
v 0.174872 0.344931 0.187288
v 0.167613 0.316524 0.092200
v 0.169990 0.313289 0.117551
v 0.161294 0.386834 0.067579
v 0.167351 0.353611 0.069240
v 0.166439 0.320264 0.066522
v 0.158796 0.289002 0.064471
v 0.162752 0.283533 0.090655
v 0.165946 0.356765 0.043572
v 0.163827 0.324698 0.040398
v 0.153570 0.299984 0.015449
v 0.145931 0.265182 0.032430
v 0.149469 0.260598 0.063262
v 0.159621 0.331174 -0.001493
v 0.142371 0.279958 -0.028990
v 0.136998 0.252139 -0.020243
v 0.132147 0.229453 -0.024549
v 0.134823 0.228428 -0.000254
v 0.131649 0.241317 -0.054219
v 0.130282 0.245659 -0.083873
v 0.125430 0.225310 -0.068249
v 0.121924 0.222686 -0.081328
v 0.124988 0.236055 -0.106053
v 0.118316 0.225977 -0.108212
v 0.109927 0.218395 -0.109543
v 0.115296 0.215419 -0.082496
v 0.123589 0.239190 -0.132272
v 0.115585 0.229009 -0.134366
v 0.105397 0.220793 -0.135577
v 0.091138 0.214344 -0.144840
v 0.103171 0.212810 -0.103976
v 0.113846 0.231709 -0.160456
v 0.098485 0.227332 -0.200437
v 0.081034 0.215794 -0.190286
v 0.058786 0.204710 -0.188623
v 0.038560 0.192293 -0.189519
v 0.052979 0.206884 -0.215729
v 0.031885 0.195393 -0.216892
v 0.021322 0.177264 -0.219751
v 0.025422 0.176949 -0.192133
v 0.048678 0.209115 -0.243582
v 0.028701 0.195423 -0.246169
v 0.019414 0.174925 -0.253911
v 0.027711 0.194769 -0.275222
v 0.012147 0.152112 -0.298586
v 0.012382 0.132511 -0.269628
v 0.014834 0.145760 -0.250705
v 0.016138 0.174124 -0.306495
v 0.009742 0.155172 -0.335124
v 0.013897 0.176767 -0.334223
v 0.010633 0.180137 -0.362336
v 0.007126 0.158864 -0.363396
v 0.006872 0.166755 -0.395747
v 0.012926 0.191180 -0.424341
v 0.008440 0.177562 -0.426870
v 0.006069 0.170252 -0.428263
v 0.002014 0.154110 -0.434963
v 0.009731 0.186127 -0.458692
v 0.007773 0.176273 -0.463728
v 0.004601 0.164879 -0.458674
v 0.008993 0.188523 -0.488413
v 0.007361 0.174481 -0.487960
v 0.005870 0.165136 -0.492106
v 0.001487 0.155870 -0.459605
v 0.005296 0.155066 -0.528014
v 0.004455 0.161231 -0.483766
v 0.001443 0.154425 -0.482125
v 0.004533 0.144972 -0.561470
v 0.006991 0.164313 -0.543931
v 0.002189 0.146141 -0.531089
v 0.006207 0.150137 -0.567183
v 0.002316 0.139746 -0.562540
v -0.001079 0.140176 -0.540053
v 0.000180 0.136826 -0.560862
v -0.002468 0.133461 -0.564590
v -0.005164 0.131569 -0.566101
v -0.000072 0.133821 -0.584778
v -0.002986 0.129936 -0.589166
v -0.005410 0.127887 -0.593231
v -0.004350 0.125025 -0.610652
v -0.003354 0.129115 -0.629200
v -0.004328 0.142355 -0.624762
v -0.000775 0.135039 -0.623327
v 0.000013 0.142026 -0.620332
v -0.005158 0.150722 -0.619171
v -0.005950 0.160879 -0.613090
v -0.005890 0.168548 -0.610790
v -0.005525 0.178092 -0.609567
v -0.000799 0.167484 -0.606823
v -0.000632 0.177363 -0.606309
v 0.000183 0.189582 -0.608086
v -0.004417 0.189769 -0.611733
v -0.002313 0.203584 -0.616983
v -0.004192 0.136768 -0.546007
v -0.001166 0.144642 -0.514150
v -0.002132 0.149699 -0.481557
v -0.001969 0.149683 -0.460805
v -0.000871 0.144756 -0.438319
v -0.001005 0.134940 -0.419483
v 0.001341 0.139441 -0.408430
v -0.000732 0.120364 -0.400731
v 0.003451 0.108435 -0.382110
v 0.005371 0.108268 -0.372672
v 0.005636 0.094818 -0.379655
v 0.006119 0.080897 -0.374657
v 0.003442 0.097374 -0.388509
v 0.005112 0.082993 -0.393206
v 0.003499 0.085844 -0.400052
v 0.004093 0.077139 -0.396451
v 0.004947 0.075408 -0.386354
v 0.000201 0.092772 -0.403579
v 0.001052 0.087703 -0.407644
v -0.004541 0.096022 -0.407838
v -0.002859 0.090330 -0.412540
v -0.002680 0.069008 -0.397461
v -0.002332 0.067136 -0.388409
v 0.002042 0.070916 -0.392768
v 0.003320 0.068811 -0.368829
v 0.005847 0.073878 -0.359264
v 0.007424 0.082930 -0.329229
v 0.007879 0.089146 -0.298110
v 0.009193 0.108288 -0.303664
v 0.011311 0.115998 -0.247536
v 0.012395 0.123414 -0.250282
v 0.010054 0.127881 -0.204569
v 0.010824 0.137180 -0.190975
v 0.014347 0.150066 -0.171816
v 0.008221 0.129934 -0.185267
v 0.011455 0.145987 -0.165702
v 0.018454 0.163539 -0.133075
v 0.009518 0.143352 -0.163296
v 0.023129 0.173147 -0.117983
v 0.028770 0.176428 -0.121535
v 0.032768 0.187130 -0.096980
v 0.040911 0.190222 -0.100194
v 0.044782 0.194636 -0.073615
v 0.056533 0.196493 -0.075844
v 0.075984 0.199640 -0.078121
v 0.067749 0.194881 -0.050230
v 0.100755 0.197550 -0.037350
v 0.083797 0.201151 -0.080105
v 0.110870 0.200732 -0.035837
v 0.096824 0.205096 -0.082289
v 0.118913 0.203091 -0.027260
v 0.120678 0.212268 -0.054878
v 0.124760 0.209247 -0.027279
v 0.128463 0.220437 -0.034001
v 0.128244 0.205586 0.000025
v 0.131622 0.213499 0.001051
v 0.136086 0.211943 0.029375
v 0.140901 0.240510 0.040209
v 0.141811 0.218761 0.060798
v 0.142994 0.237425 0.061146
v 0.145672 0.215168 0.082726
v 0.147035 0.231213 0.088610
v 0.153438 0.254310 0.090387
v 0.152538 0.225487 0.116258
v 0.158105 0.248369 0.117476
v 0.166420 0.278935 0.116938
v 0.161790 0.243166 0.145259
v 0.168697 0.275116 0.143406
v 0.172816 0.307800 0.153581
v 0.169733 0.271737 0.170010
v 0.175047 0.307145 0.217804
v 0.176841 0.342703 0.224856
v 0.155127 0.451358 0.256335
v 0.172782 0.377639 0.234730
v 0.136160 0.482252 0.301308
v 0.156254 0.449442 0.292367
v 0.110254 0.506685 0.330565
v 0.074406 0.529891 0.341838
v 0.115991 0.500297 0.372168
v 0.083650 0.522298 0.373454
v 0.121938 0.492620 0.405085
v 0.095831 0.510499 0.416054
v 0.064418 0.530327 0.406930
v 0.076580 0.518176 0.443550
v 0.048862 0.532595 0.444702
v 0.045785 0.545483 0.371312
v 0.026508 0.548780 0.415247
v 0.014842 0.547635 0.449756
v 0.012838 0.555557 0.418817
v 0.027552 0.082989 0.892472
v 0.058866 0.086007 0.901394
v 0.086169 0.090911 0.911214
v 0.112729 0.098955 0.931669
v 0.079769 0.091074 0.978171
v 0.131395 0.110731 0.985565
v 0.106083 0.100231 1.006602
v 0.153976 0.126439 0.991520
v 0.129058 0.112101 1.018167
v 0.150088 0.127439 1.020517
v 0.146997 0.128173 1.049688
v 0.164555 0.145444 1.051588
v 0.161291 0.146928 1.080427
v 0.175696 0.164629 1.081972
v 0.187784 0.181409 1.083706
v 0.170828 0.169036 1.105997
v 0.188493 0.199917 1.112925
v 0.179269 0.199858 1.141942
v 0.185977 0.213393 1.142369
v 0.178640 0.209708 1.167978
v 0.169403 0.224790 1.226038
v 0.169219 0.233085 1.233228
v 0.168621 0.242938 1.233835
v 0.157879 0.230882 1.265658
v 0.156750 0.239715 1.265770
v 0.153546 0.248341 1.265306
v 0.140788 0.237657 1.297145
v 0.137958 0.245336 1.295883
v 0.133010 0.252400 1.293429
v 0.118453 0.244507 1.323591
v 0.114776 0.251154 1.320562
v 0.093850 0.252126 1.344880
v 0.088084 0.260185 1.340076
v 0.069163 0.260438 1.359571
v 0.065413 0.266714 1.351493
v 0.046725 0.264851 1.372352
v 0.022642 0.268172 1.381590
v 0.023059 0.346881 1.188854
v 0.024394 0.363692 1.147408
v 0.049842 0.357310 1.147240
v 0.024823 0.372185 1.121780
v 0.050745 0.365856 1.121393
v 0.075332 0.357682 1.121128
v 0.049463 0.373960 1.092057
v 0.076198 0.365727 1.092555
v 0.100413 0.354831 1.093822
v 0.098175 0.348232 1.118070
v 0.105730 0.366706 1.039532
v 0.125433 0.349995 1.066094
v 0.149980 0.343349 1.045688
v 0.132276 0.355706 1.034913
v 0.176159 0.339403 1.012345
v 0.157744 0.359218 0.989566
v 0.178640 0.348465 0.980904
v 0.196199 0.336010 0.978192
v 0.213173 0.320957 0.974390
v 0.198006 0.342301 0.949161
v 0.215026 0.326238 0.944373
v 0.227624 0.306563 0.938567
v 0.200297 0.348815 0.919928
v 0.216333 0.331753 0.914003
v 0.217141 0.332391 0.898943
v 0.237081 0.287152 0.903036
v 0.227012 0.312475 0.875540
v 0.237848 0.288961 0.869932
v 0.246147 0.266942 0.871551
v 0.227874 0.315937 0.846157
v 0.235105 0.291670 0.838440
v 0.244694 0.268425 0.838242
v 0.254091 0.244695 0.846532
v 0.231357 0.295133 0.810365
v 0.238041 0.268858 0.808058
v 0.247504 0.243189 0.815703
v 0.256300 0.223113 0.823646
v 0.240149 0.273776 0.779103
v 0.246607 0.245153 0.786971
v 0.254096 0.223228 0.794875
v 0.253397 0.203283 0.799636
v 0.245231 0.248664 0.757825
v 0.253392 0.225622 0.765369
v 0.255072 0.205583 0.771091
v 0.250450 0.187536 0.774011
v 0.250278 0.228764 0.730204
v 0.256631 0.209286 0.740913
v 0.254081 0.190489 0.746078
v 0.247618 0.174582 0.748117
v 0.262212 0.192918 0.717806
v 0.256771 0.176648 0.721979
v 0.246198 0.161489 0.722675
v 0.268935 0.191358 0.693953
v 0.271309 0.172879 0.678551
v 0.255474 0.162217 0.699283
v 0.241165 0.149824 0.697303
v 0.263698 0.160921 0.677615
v 0.251186 0.149987 0.675552
v 0.261614 0.146902 0.655121
v 0.272728 0.156923 0.657598
v 0.284096 0.151765 0.639271
v 0.280667 0.167175 0.658091
v 0.291857 0.160983 0.640720
v 0.305144 0.155093 0.624381
v 0.283030 0.177493 0.655710
v 0.295820 0.171465 0.639453
v 0.309604 0.165662 0.623754
v 0.324670 0.159830 0.608275
v 0.300138 0.178161 0.626406
v 0.322590 0.168547 0.602224
v 0.339171 0.162016 0.586914
v 0.286886 0.188171 0.628835
v 0.330298 0.168947 0.583161
v 0.354599 0.158971 0.566480
v 0.324538 0.173339 0.572691
v 0.349562 0.163256 0.557174
v 0.370690 0.156043 0.547747
v 0.339434 0.168691 0.535107
v 0.365138 0.159222 0.532770
v 0.385362 0.152962 0.519195
v 0.412895 0.142960 0.454554
v 0.393402 0.150408 0.481537
v 0.457208 0.126642 0.412821
v 0.498962 0.113167 0.381587
v 0.466693 0.122862 0.390845
v 0.524737 0.103517 0.367586
v 0.497910 0.111085 0.362521
v 0.572909 0.084276 0.317945
v 0.578937 0.083321 0.324716
v 0.525057 0.099449 0.333126
v 0.611585 0.070517 0.301147
v 0.563229 0.085648 0.311459
v 0.583723 0.076781 0.296984
v 0.642719 0.052522 0.264050
v 0.615895 0.059982 0.269587
v 0.658775 0.042988 0.250115
v 0.658863 0.039018 0.244544
v 0.667310 0.031812 0.238150
v 0.682850 0.023867 0.235488
v 0.684177 0.022126 0.240683
v 0.714461 0.012970 0.235733
v 0.730543 0.008725 0.240525
v 0.727187 0.009867 0.259846
v 0.754207 0.004718 0.261215
v 0.767997 0.004059 0.253249
v 0.773156 0.004915 0.252513
v 0.774886 0.009952 0.255082
v 0.774057 0.009405 0.244064
v 0.771104 0.011324 0.240583
v 0.762837 0.015993 0.243030
v 0.750995 0.018316 0.231252
v 0.740723 0.019940 0.224566
v 0.730447 0.023926 0.229399
v 0.735247 0.024614 0.237493
v 0.693044 0.045408 0.290169
v 0.712604 0.039864 0.300102
v 0.645830 0.062127 0.372554
v 0.657727 0.057804 0.348399
v 0.635167 0.066821 0.417392
v 0.603274 0.077758 0.436568
v 0.607250 0.076012 0.448281
v 0.586663 0.081881 0.462025
v 0.542247 0.094826 0.486590
v 0.566496 0.085391 0.481695
v 0.543822 0.085654 0.498919
v 0.513807 0.094210 0.513965
v 0.533600 0.080748 0.503337
v 0.468523 0.100089 0.534353
v 0.466443 0.094009 0.532622
v 0.459597 0.090141 0.532004
v 0.412665 0.102023 0.549742
v 0.451091 0.086689 0.529871
v 0.409643 0.096712 0.545633
v 0.392637 0.094903 0.544001
v 0.357147 0.102563 0.556962
v 0.379324 0.092885 0.540607
v 0.353760 0.097779 0.550346
v 0.328351 0.100682 0.559038
v 0.350679 0.093924 0.542624
v 0.321360 0.095995 0.551200
v 0.294618 0.092882 0.546192
v 0.261259 0.090589 0.538308
v 0.228406 0.092994 0.542993
v 0.254684 0.089303 0.522968
v 0.224670 0.093045 0.525720
v 0.194243 0.093572 0.528734
v 0.198313 0.093289 0.548804
v 0.163742 0.090914 0.532638
v 0.191263 0.095936 0.507365
v 0.161374 0.092477 0.508363
v 0.131407 0.087215 0.510619
v 0.133276 0.086454 0.536742
v 0.105340 0.081978 0.527919
v 0.068096 0.078424 0.521238
v 0.067168 0.077933 0.489140
v 0.032680 0.077375 0.492279
v 0.003018 0.688247 0.056049
v 0.005650 0.738635 0.065724
v 0.006185 0.712798 0.070030
v 0.006315 0.793942 0.054388
v 0.002816 0.806765 0.035117
v 0.006914 0.797775 0.077189
v 0.005533 0.803114 0.073222
v 0.002971 0.808300 0.064810
v 0.004680 0.712389 0.248677
v 0.004422 0.690088 0.268797
v 0.004686 0.667126 0.286943
v 0.008619 0.701940 0.251196
v 0.011031 0.703275 0.240037
v 0.012813 0.698384 0.232430
v 0.014995 0.646709 0.259760
v 0.018164 0.608940 0.235679
v 0.023516 0.585767 0.243656
v 0.019714 0.604595 0.217739
v 0.026168 0.582711 0.219404
v 0.038718 0.562377 0.220417
v 0.027793 0.579812 0.193505
v 0.040246 0.559770 0.194040
v 0.060610 0.544122 0.194555
v 0.039756 0.556301 0.138563
v 0.056897 0.543311 0.140747
v 0.081438 0.525624 0.140564
v 0.056594 0.540661 0.113233
v 0.100400 0.507533 0.108311
v 0.124828 0.483394 0.105821
v 0.140031 0.452442 0.069327
v 0.119361 0.482930 0.066926
v 0.135470 0.451962 0.011043
v 0.147154 0.421056 0.020581
v 0.155879 0.390203 0.019368
v 0.163620 0.359894 0.017130
v 0.144148 0.420631 -0.014594
v 0.161039 0.363111 -0.021370
v 0.157824 0.335804 -0.035482
v 0.155263 0.339596 -0.090655
v 0.139747 0.283553 -0.073567
v 0.145965 0.314954 -0.119565
v 0.133169 0.262014 -0.105300
v 0.137448 0.288420 -0.149941
v 0.128867 0.250960 -0.130810
v 0.132670 0.270546 -0.181399
v 0.122942 0.242044 -0.158579
v 0.129030 0.257103 -0.183687
v 0.122708 0.244684 -0.185344
v 0.112494 0.236814 -0.199412
v 0.121713 0.247371 -0.212845
v 0.101877 0.246530 -0.286534
v 0.063209 0.219796 -0.265980
v 0.084685 0.238679 -0.304584
v 0.045664 0.210752 -0.271911
v 0.064971 0.226580 -0.299639
v 0.042947 0.212266 -0.300288
v 0.026076 0.195169 -0.303522
v 0.039174 0.215956 -0.328829
v 0.023019 0.197527 -0.332162
v 0.036518 0.221013 -0.357986
v 0.020450 0.203151 -0.364376
v 0.035707 0.224716 -0.387076
v 0.035181 0.226592 -0.416572
v 0.020304 0.209298 -0.420374
v 0.034907 0.229758 -0.446321
v 0.020461 0.214800 -0.450515
v 0.013063 0.198394 -0.455767
v 0.021793 0.221024 -0.479365
v 0.013128 0.206444 -0.484972
v 0.014339 0.212627 -0.509606
v 0.009575 0.184981 -0.514614
v 0.015128 0.219495 -0.532609
v 0.007909 0.173936 -0.541349
v 0.010316 0.196163 -0.555317
v 0.007942 0.176102 -0.569582
v 0.006774 0.155777 -0.575125
v -0.001672 0.128599 -0.601932
v -0.003732 0.125435 -0.622137
v 0.006472 0.173995 -0.584928
v 0.004929 0.175310 -0.593711
v 0.002824 0.176384 -0.600598
v 0.002652 0.165923 -0.600905
v -0.000525 0.158575 -0.609065
v 0.006397 0.188354 -0.594034
v 0.003412 0.189413 -0.602397
v 0.008117 0.206477 -0.601459
v 0.006288 0.207472 -0.608290
v 0.002586 0.208214 -0.614082
v -0.000015 0.219986 -0.624322
v 0.001816 0.238378 -0.634740
v -0.005074 0.147550 -0.480951
v -0.005121 0.146866 -0.461229
v -0.005703 0.140621 -0.443942
v -0.003257 0.141881 -0.441676
v -0.003903 0.132490 -0.425925
v -0.003372 0.122363 -0.411763
v -0.002159 0.110786 -0.400646
v -0.000112 0.099622 -0.397600
v -0.004945 0.112773 -0.406105
v -0.002908 0.101766 -0.401864
v -0.007068 0.113865 -0.408369
v -0.006053 0.103741 -0.404745
v -0.001083 0.065357 -0.361492
v 0.003945 0.069398 -0.343365
v -0.000076 0.066281 -0.337688
v 0.004763 0.072944 -0.317906
v 0.006576 0.077761 -0.319027
v 0.007149 0.089542 -0.272188
v 0.008597 0.101339 -0.245364
v 0.008045 0.111583 -0.213704
v 0.005811 0.131764 -0.171890
v 0.006627 0.141890 -0.157276
v 0.006302 0.107829 -0.211443
v 0.006127 0.097272 -0.239106
v 0.003186 0.093563 -0.237569
v 0.003071 0.104371 -0.209843
v 0.005485 0.083177 -0.279934
v 0.002818 0.083594 -0.265689
v 0.001929 0.075017 -0.292927
v 0.000878 0.069230 -0.317148
v 0.003804 0.520028 -1.054316
v 0.004608 0.508183 -1.015891
v 0.007314 0.518815 -1.073269
v 0.009053 0.496393 -1.002048
v 0.004025 0.533660 -1.099836
v 0.009466 0.509727 -1.071793
v 0.008367 0.526518 -1.145196
v 0.006118 0.536702 -1.136528
v 0.011506 0.498064 -1.065433
v 0.010672 0.509231 -1.138187
v 0.007669 0.538832 -1.175697
v 0.010687 0.513145 -1.173229
v 0.009071 0.534413 -1.196765
v 0.010351 0.533645 -1.212793
v 0.012394 0.536579 -1.236479
v 0.010528 0.553686 -1.256482
v 0.010910 0.547923 -1.260201
v 0.011424 0.566810 -1.278274
v 0.011310 0.563714 -1.281006
v 0.010727 0.560268 -1.282567
v 0.008734 0.556083 -1.284708
v 0.009469 0.568983 -1.294132
v 0.008197 0.572460 -1.301484
v 0.004648 0.572896 -1.307608
v 0.005846 0.574175 -1.308009
v 0.005360 0.553330 -1.284831
v 0.004603 0.582928 -1.321723
v 0.001374 0.583670 -1.323925
v 0.001057 0.570460 -1.305753
v 0.002158 0.539991 -1.269689
v 0.008895 0.545988 -1.271723
v 0.006577 0.532215 -1.257988
v 0.010423 0.541868 -1.259995
v 0.009388 0.526902 -1.246433
v 0.012190 0.534048 -1.240483
v 0.010895 0.521047 -1.233304
v 0.011951 0.521224 -1.224598
v 0.011700 0.513371 -1.198802
v 0.013874 0.485867 -1.097997
v 0.013973 0.484248 -1.071460
v 0.013908 0.484370 -1.046488
v 0.010327 0.500707 -1.037302
v 0.012085 0.487391 -0.998555
v 0.005004 0.491431 -0.969879
v 0.009089 0.486056 -0.973071
v 0.005041 0.483726 -0.947580
v 0.003060 0.119994 -0.184472
v 0.003578 0.137033 -0.159386
v 0.004446 0.151102 -0.134228
v 0.010647 0.158646 -0.129286
v 0.012227 0.155920 -0.137672
v 0.018059 0.170700 -0.115457
v 0.016882 0.182021 -0.091755
v 0.024994 0.184349 -0.094159
v 0.019769 0.189269 -0.068977
v 0.033568 0.192282 -0.071280
v 0.025860 0.190681 -0.042279
v 0.042022 0.193056 -0.045668
v 0.034220 0.189308 -0.019254
v 0.077307 0.191608 -0.023284
v 0.084401 0.187311 0.005308
v 0.095428 0.190994 -0.009185
v 0.109860 0.188514 0.013642
v 0.117110 0.191965 0.009492
v 0.123262 0.198938 -0.000486
v 0.127435 0.193505 0.026372
v 0.132223 0.200877 0.026879
v 0.132406 0.187144 0.052685
v 0.137054 0.195084 0.053152
v 0.139454 0.204098 0.054539
v 0.144079 0.188434 0.078814
v 0.146878 0.196669 0.084401
v 0.152413 0.212077 0.113064
v 0.160382 0.196000 0.137400
v 0.163953 0.213601 0.165049
v 0.158744 0.220420 0.144590
v 0.165461 0.215606 0.175399
v 0.164864 0.238383 0.174840
v 0.169967 0.268640 0.196921
v 0.171668 0.268562 0.235557
v 0.178138 0.301686 0.266456
v 0.179043 0.339376 0.267177
v 0.174375 0.377233 0.266805
v 0.180271 0.334353 0.293443
v 0.177180 0.375879 0.291126
v 0.165215 0.412179 0.291507
v 0.180056 0.374391 0.315500
v 0.167166 0.410416 0.315971
v 0.159457 0.444896 0.338696
v 0.169887 0.408388 0.340675
v 0.142777 0.473550 0.372525
v 0.165090 0.435276 0.403743
v 0.146465 0.467152 0.406832
v 0.171340 0.424973 0.452144
v 0.157853 0.447246 0.494081
v 0.131133 0.477537 0.473686
v 0.108533 0.493506 0.492918
v 0.086422 0.506266 0.498753
v 0.055815 0.523118 0.482354
v 0.032931 0.532046 0.486990
v 0.015898 0.539294 0.487006
v 0.040786 0.520951 0.533085
v 0.019904 0.525973 0.547304
v 0.024141 0.082197 0.948755
v 0.054637 0.085907 0.953523
v 0.025831 0.084547 0.983495
v 0.053531 0.087215 0.983514
v 0.052576 0.090013 1.013525
v 0.079438 0.092987 1.014461
v 0.076816 0.093799 1.074770
v 0.101631 0.100344 1.077011
v 0.126752 0.112351 1.047853
v 0.125152 0.112867 1.077981
v 0.144765 0.128972 1.079186
v 0.122779 0.115889 1.108201
v 0.142084 0.131819 1.108715
v 0.158043 0.149803 1.109340
v 0.138363 0.137543 1.137613
v 0.150800 0.154555 1.143282
v 0.163061 0.173230 1.138214
v 0.159605 0.175517 1.167882
v 0.167921 0.189161 1.168840
v 0.154319 0.178460 1.198169
v 0.162886 0.193399 1.199678
v 0.148274 0.183183 1.228728
v 0.160529 0.209719 1.237896
v 0.146936 0.199006 1.262443
v 0.154078 0.212545 1.263382
v 0.156762 0.221751 1.264754
v 0.139310 0.211810 1.295540
v 0.141558 0.220459 1.296954
v 0.141828 0.229154 1.297391
v 0.120902 0.220542 1.325845
v 0.121492 0.228855 1.326099
v 0.120738 0.237065 1.325511
v 0.098209 0.230678 1.351074
v 0.097746 0.238390 1.349994
v 0.096354 0.245673 1.347801
v 0.074304 0.241400 1.371045
v 0.073618 0.248596 1.368572
v 0.071837 0.254962 1.364604
v 0.050211 0.251812 1.384073
v 0.049017 0.258109 1.379528
v 0.024558 0.260739 1.389647
v 0.025150 0.378845 1.095573
v 0.025913 0.389129 1.046916
v 0.052586 0.384538 1.042430
v 0.078822 0.377161 1.041424
v 0.053338 0.392027 1.016666
v 0.080635 0.385485 1.011250
v 0.105528 0.374437 1.013642
v 0.112670 0.384154 0.975930
v 0.136307 0.373860 0.975269
v 0.160661 0.377195 0.918719
v 0.134413 0.386379 0.933281
v 0.182132 0.367094 0.906811
v 0.202097 0.355630 0.890709
v 0.183037 0.375075 0.867356
v 0.202785 0.360890 0.862570
v 0.218443 0.340258 0.855841
v 0.202598 0.364315 0.835067
v 0.217331 0.344382 0.828580
v 0.226601 0.320645 0.818721
v 0.219822 0.352174 0.799366
v 0.227542 0.326805 0.789851
v 0.231750 0.300512 0.782222
v 0.220605 0.330209 0.762343
v 0.224455 0.303489 0.756001
v 0.235488 0.276714 0.752285
v 0.222361 0.305943 0.729694
v 0.230492 0.278700 0.726097
v 0.239257 0.250504 0.726441
v 0.226033 0.282952 0.697427
v 0.218734 0.308717 0.701111
v 0.219712 0.312879 0.672472
v 0.208034 0.313864 0.647937
v 0.214932 0.289252 0.647277
v 0.222526 0.265330 0.646992
v 0.229966 0.243918 0.645457
v 0.207220 0.288127 0.624895
v 0.213583 0.265431 0.627882
v 0.220274 0.245803 0.628293
v 0.227705 0.231574 0.626305
v 0.210889 0.264606 0.604341
v 0.213391 0.247550 0.606820
v 0.219186 0.233630 0.606627
v 0.221718 0.224867 0.586784
v 0.237800 0.219343 0.621581
v 0.207085 0.247954 0.581901
v 0.211261 0.235676 0.582976
v 0.233463 0.215981 0.580582
v 0.202183 0.235886 0.556558
v 0.210924 0.226254 0.556392
v 0.231537 0.210875 0.534055
v 0.247178 0.207633 0.572491
v 0.203588 0.226532 0.528826
v 0.210714 0.217996 0.506231
v 0.241024 0.203542 0.510671
v 0.258031 0.200948 0.551693
v 0.223660 0.210157 0.503043
v 0.261667 0.195326 0.507723
v 0.216682 0.207241 0.470201
v 0.231055 0.200737 0.469567
v 0.250291 0.194799 0.475270
v 0.273730 0.186630 0.471155
v 0.283742 0.185778 0.489846
v 0.241081 0.191674 0.441565
v 0.270709 0.184730 0.451618
v 0.263239 0.182759 0.428616
v 0.318551 0.167794 0.418180
v 0.347710 0.161575 0.429828
v 0.261988 0.177662 0.403633
v 0.308132 0.166289 0.399640
v 0.342018 0.156053 0.396507
v 0.345923 0.159324 0.412226
v 0.300035 0.164385 0.387470
v 0.362181 0.143251 0.379593
v 0.367604 0.147314 0.390039
v 0.338613 0.146345 0.374249
v 0.364162 0.135217 0.366641
v 0.384205 0.124664 0.353741
v 0.395533 0.128967 0.366135
v 0.333726 0.136458 0.357934
v 0.408507 0.116641 0.345757
v 0.357558 0.125761 0.347799
v 0.421878 0.096321 0.311432
v 0.436996 0.117152 0.354282
v 0.450100 0.089691 0.305375
v 0.456996 0.108192 0.340853
v 0.389090 0.109638 0.328279
v 0.479476 0.095404 0.319625
v 0.485520 0.083028 0.297475
v 0.515415 0.077232 0.288890
v 0.470919 0.083222 0.297002
v 0.493398 0.077556 0.289764
v 0.511597 0.072412 0.283514
v 0.556492 0.069639 0.276888
v 0.502348 0.069930 0.283550
v 0.548061 0.059620 0.272287
v 0.570921 0.061698 0.267692
v 0.537763 0.057773 0.280285
v 0.530431 0.057540 0.289263
v 0.597443 0.043679 0.274979
v 0.603641 0.044132 0.264973
v 0.618064 0.039476 0.268127
v 0.582949 0.045947 0.297974
v 0.620134 0.038375 0.285781
v 0.650942 0.031074 0.272501
v 0.645180 0.033068 0.302577
v 0.683573 0.022864 0.284024
v 0.670671 0.025622 0.261587
v 0.711414 0.014935 0.284820
v 0.710753 0.015056 0.303187
v 0.730061 0.010041 0.288523
v 0.742655 0.006753 0.269584
v 0.744401 0.007648 0.300995
v 0.759311 0.004749 0.276181
v 0.764875 0.004366 0.270957
v 0.770018 0.004925 0.273514
v 0.771411 0.005009 0.264280
v 0.774759 0.010306 0.269915
v 0.770771 0.015283 0.267530
v 0.771438 0.013620 0.255080
v 0.766757 0.016433 0.255446
v 0.759589 0.019936 0.258736
v 0.710490 0.038254 0.275268
v 0.713195 0.039034 0.288628
v 0.695553 0.045933 0.357234
v 0.664301 0.057137 0.398161
v 0.627020 0.068743 0.435819
v 0.635340 0.064504 0.437845
v 0.611372 0.073110 0.456041
v 0.589959 0.079371 0.468810
v 0.614375 0.067476 0.463186
v 0.592742 0.074032 0.475885
v 0.568799 0.079857 0.487326
v 0.591197 0.063895 0.477933
v 0.567299 0.071250 0.488975
v 0.564028 0.064419 0.486346
v 0.519193 0.078376 0.507023
v 0.556220 0.062207 0.485380
v 0.507543 0.076777 0.508900
v 0.509158 0.071419 0.502039
v 0.485724 0.077369 0.514307
v 0.482912 0.072419 0.505250
v 0.458711 0.080746 0.519920
v 0.432850 0.086295 0.530500
v 0.451366 0.078702 0.515490
v 0.433632 0.079286 0.513468
v 0.376281 0.090341 0.534615
v 0.374697 0.087815 0.525499
v 0.347643 0.091211 0.533926
v 0.370328 0.087346 0.516299
v 0.344178 0.089828 0.523974
v 0.339087 0.090157 0.513256
v 0.284098 0.090286 0.520638
v 0.301541 0.093748 0.503015
v 0.251446 0.093958 0.505444
v 0.298069 0.104292 0.477013
v 0.247393 0.102484 0.484686
v 0.218125 0.102041 0.484749
v 0.221361 0.096464 0.506679
v 0.188882 0.099667 0.484413
v 0.186686 0.104090 0.461153
v 0.151587 0.094262 0.482035
v 0.131926 0.098054 0.427422
v 0.130442 0.089651 0.484509
v 0.098403 0.085781 0.457134
v 0.099922 0.082878 0.486352
v 0.066304 0.078876 0.462747
v 0.064135 0.084932 0.413837
v 0.031247 0.079456 0.439265
v 0.030824 0.082535 0.412689
v 0.010453 0.518736 -0.162091
v 0.010527 0.513855 -0.189002
v 0.022954 0.508821 -0.189125
v 0.022659 0.514364 -0.156928
v 0.024437 0.498917 -0.248302
v 0.011089 0.504932 -0.244526
v 0.066176 0.479535 -0.227407
v 0.023528 0.490663 -0.298496
v 0.068609 0.471948 -0.263468
v 0.057105 0.472061 -0.297083
v 0.083967 0.456691 -0.293748
v 0.086322 0.463326 -0.251879
v 0.079999 0.450558 -0.347508
v 0.103116 0.442690 -0.297668
v 0.098891 0.432223 -0.374392
v 0.113396 0.420801 -0.351101
v 0.117621 0.423901 -0.303527
v 0.079444 0.442792 -0.393449
v 0.122169 0.399879 -0.397738
v 0.125142 0.403387 -0.343667
v 0.095012 0.430463 -0.403527
v 0.110450 0.415364 -0.402698
v 0.129730 0.386583 -0.386731
v 0.106434 0.413145 -0.455809
v 0.116935 0.398797 -0.460192
v 0.127282 0.385230 -0.431049
v 0.134176 0.369074 -0.395147
v 0.124756 0.385262 -0.465687
v 0.129580 0.370602 -0.467304
v 0.129533 0.356066 -0.471036
v 0.133677 0.352703 -0.402026
v 0.125279 0.342933 -0.494798
v 0.128393 0.337689 -0.436797
v 0.123788 0.369727 -0.513289
v 0.125733 0.356487 -0.510414
v 0.123005 0.325635 -0.467270
v 0.121279 0.344507 -0.543114
v 0.117681 0.332978 -0.545382
v 0.113145 0.320630 -0.540249
v 0.116070 0.317604 -0.503587
v 0.109167 0.326685 -0.586255
v 0.101031 0.316506 -0.590570
v 0.105394 0.309060 -0.542014
v 0.112073 0.339568 -0.614217
v 0.091015 0.306188 -0.588005
v 0.103266 0.329305 -0.636320
v 0.096076 0.320498 -0.637813
v 0.088768 0.309810 -0.615828
v 0.076522 0.301657 -0.615413
v 0.078400 0.294920 -0.578650
v 0.087133 0.311977 -0.638840
v 0.075386 0.302629 -0.633188
v 0.080889 0.311499 -0.660855
v 0.061508 0.298245 -0.660470
v 0.076586 0.319770 -0.698562
v 0.062594 0.316147 -0.720560
v 0.041163 0.294985 -0.689740
v 0.055648 0.311693 -0.718939
v 0.040544 0.305735 -0.724321
v 0.030188 0.290431 -0.694400
v 0.054681 0.318411 -0.749343
v 0.030488 0.308218 -0.748614
v 0.020421 0.296394 -0.724135
v 0.050458 0.321099 -0.781475
v 0.036985 0.314782 -0.778899
v 0.017741 0.307059 -0.774981
v 0.018529 0.303562 -0.748772
v 0.030577 0.311466 -0.804957
v 0.023412 0.307424 -0.802928
v 0.015589 0.303786 -0.801040
v 0.007375 0.300632 -0.799385
v 0.008150 0.304055 -0.774440
v 0.018645 0.297311 -0.827542
v 0.012756 0.293643 -0.824550
v 0.006402 0.290245 -0.822185
v 0.007069 0.282531 -0.837568
v 0.008207 0.265731 -0.871123
v 0.000979 0.150959 -1.254361
v 0.001382 0.164430 -1.238006
v 0.001327 0.141517 -1.270082
v 0.003032 0.143369 -1.262530
v 0.002989 0.148215 -1.252674
v 0.003578 0.135893 -1.271031
v 0.003496 0.145343 -1.255103
v 0.003952 0.127933 -1.277079
v 0.002433 0.122371 -1.283157
v 0.004421 0.122899 -1.275422
v 0.004795 0.137328 -1.258680
v 0.004352 0.150312 -1.240313
v 0.003452 0.170146 -1.226235
v 0.001482 0.173696 -1.227760
v 0.002032 0.182901 -1.219650
v 0.001752 0.596549 -1.293149
v 0.003546 0.596676 -1.295444
v 0.002060 0.601880 -1.311997
v 0.004550 0.598773 -1.304883
v 0.003517 0.601429 -1.313696
v 0.007179 0.596730 -1.307648
v 0.007847 0.591071 -1.295853
v 0.005609 0.594236 -1.293827
v 0.007267 0.581888 -1.275019
v 0.005583 0.586190 -1.276247
v 0.004256 0.589316 -1.279904
v 0.002026 0.581817 -1.257951
v 0.004594 0.578866 -1.254522
v 0.008471 0.300533 -0.749225
v 0.008066 0.292170 -0.724526
v 0.006523 0.282065 -0.698950
v 0.015105 0.284121 -0.697348
v 0.011736 0.271087 -0.671080
v 0.018474 0.273467 -0.667733
v 0.008529 0.256082 -0.648476
v 0.013335 0.258642 -0.644333
v 0.008966 0.242674 -0.627253
v 0.010978 0.222951 -0.608143
v 0.010243 0.208170 -0.592887
v 0.014693 0.231183 -0.594097
v 0.011364 0.208906 -0.579283
v 0.019927 0.249861 -0.589582
v 0.014741 0.227199 -0.562916
v 0.021083 0.247253 -0.570847
v 0.033018 0.261074 -0.571259
v 0.030916 0.265518 -0.590507
v 0.047532 0.272021 -0.570859
v 0.067146 0.288626 -0.581494
v 0.057277 0.269076 -0.539977
v 0.078945 0.287002 -0.546875
v 0.093961 0.294076 -0.526465
v 0.079492 0.275271 -0.500479
v 0.107258 0.306373 -0.517915
v 0.097968 0.283813 -0.468358
v 0.111885 0.293194 -0.437068
v 0.118714 0.311277 -0.459241
v 0.120057 0.308122 -0.430462
v 0.125649 0.314960 -0.387897
v 0.136983 0.351474 -0.347804
v 0.138879 0.368590 -0.338840
v 0.136632 0.386295 -0.304271
v 0.126291 0.409151 -0.297642
v 0.132729 0.406525 -0.252642
v 0.121926 0.429282 -0.245084
v 0.105132 0.448025 -0.259665
v 0.106857 0.457115 -0.184579
v 0.085975 0.469639 -0.210002
v 0.066619 0.490004 -0.159525
v 0.033772 0.515055 -0.107491
v 0.021754 0.520455 -0.119857
v 0.009627 0.533074 -0.078918
v 0.022836 0.526272 -0.079688
v 0.009209 0.540658 -0.049580
v 0.003748 0.590237 0.026665
v 0.002873 0.606196 0.038980
v 0.002926 0.623493 0.047030
v 0.007159 0.603183 0.045406
v 0.006637 0.621908 0.054819
v 0.007258 0.636658 0.061481
v 0.003293 0.640146 0.051959
v 0.003621 0.666584 0.056140
v 0.005305 0.683039 0.063861
v 0.007596 0.682208 0.076588
v 0.008882 0.717196 0.095181
v 0.010674 0.686806 0.104681
v 0.012320 0.656826 0.106433
v 0.009448 0.655560 0.080920
v 0.010380 0.618923 0.071112
v 0.011599 0.598410 0.061503
v 0.014163 0.579919 0.047782
v 0.008209 0.586715 0.031528
v 0.009939 0.572469 0.017871
v 0.013008 0.558100 0.002821
v 0.004536 0.575729 0.012993
v 0.006146 0.562042 -0.002324
v 0.007796 0.549832 -0.023246
v 0.015996 0.544992 -0.019488
v 0.019404 0.534993 -0.046908
v 0.028310 0.528570 -0.043931
v 0.041197 0.519666 -0.046956
v 0.060872 0.510227 -0.037309
v 0.069139 0.495694 -0.108401
v 0.088787 0.485905 -0.096251
v 0.088329 0.491862 -0.052462
v 0.087866 0.479311 -0.142171
v 0.110427 0.468163 -0.094057
v 0.124748 0.436684 -0.171419
v 0.128309 0.444128 -0.094676
v 0.134672 0.411957 -0.195419
v 0.138381 0.415843 -0.127014
v 0.141087 0.387270 -0.251351
v 0.144894 0.390254 -0.159280
v 0.146142 0.366205 -0.230566
v 0.148224 0.365318 -0.181859
v 0.143563 0.367665 -0.281637
v 0.143887 0.343222 -0.240892
v 0.140054 0.348980 -0.297290
v 0.133041 0.327505 -0.318300
v 0.138889 0.317061 -0.226209
v 0.128871 0.312355 -0.335214
v 0.125395 0.288009 -0.335235
v 0.123273 0.297311 -0.374508
v 0.113550 0.286793 -0.404866
v 0.118122 0.274374 -0.348235
v 0.121495 0.303022 -0.401999
v 0.101051 0.276467 -0.422238
v 0.107301 0.263451 -0.351636
v 0.084174 0.269971 -0.460117
v 0.089703 0.259179 -0.388855
v 0.062433 0.260953 -0.495228
v 0.075908 0.254159 -0.409961
v 0.047696 0.251488 -0.501152
v 0.063165 0.269686 -0.527169
v 0.034215 0.247984 -0.527429
v 0.035253 0.240620 -0.496074
v 0.021676 0.235476 -0.530617
v 0.021877 0.228606 -0.506148
v 0.008953 0.190901 -0.578002
v 0.052184 0.243403 -0.443800
v 0.054327 0.240443 -0.414181
v 0.056564 0.238203 -0.383864
v 0.075059 0.248814 -0.382534
v 0.078758 0.245275 -0.352936
v 0.099344 0.251915 -0.326925
v 0.109903 0.259664 -0.324816
v 0.112350 0.257232 -0.296552
v 0.122993 0.267285 -0.278510
v 0.128422 0.280712 -0.280209
v 0.131176 0.273407 -0.223019
v 0.137020 0.294470 -0.184788
v 0.146322 0.341708 -0.195192
v 0.145184 0.319189 -0.146530
v 0.151587 0.339096 -0.127224
v 0.150800 0.365730 -0.146776
v 0.151443 0.390707 -0.093290
v 0.140598 0.418074 -0.091839
v 0.141357 0.419371 -0.062765
v 0.129692 0.446564 -0.062293
v 0.110680 0.471109 -0.070330
v 0.115042 0.479854 0.014228
v 0.087953 0.498253 -0.010387
v 0.060893 0.514418 -0.010417
v 0.089136 0.502390 0.017383
v 0.059462 0.520997 0.017465
v 0.064158 0.522446 0.039819
v 0.095098 0.503961 0.064424
v 0.069336 0.522086 0.063876
v 0.046410 0.539276 0.064437
v 0.052340 0.539611 0.088712
v 0.034096 0.555825 0.089489
v 0.029130 0.555806 0.066979
v 0.022033 0.574820 0.091312
v 0.018687 0.575650 0.070091
v 0.017687 0.595771 0.113215
v 0.014234 0.618556 0.102690
v 0.017242 0.617453 0.141062
v 0.013617 0.682187 0.139701
v 0.015399 0.676128 0.174715
v 0.012131 0.732236 0.143200
v 0.008755 0.777590 0.102703
v 0.006221 0.800088 0.054145
v 0.006090 0.798022 0.094850
v 0.002974 0.801646 0.095681
v 0.004526 0.766734 0.178813
v 0.004853 0.749374 0.205657
v 0.004789 0.732732 0.227013
v 0.008918 0.744893 0.201793
v 0.009032 0.728389 0.222780
v 0.011060 0.746076 0.188530
v 0.012028 0.733171 0.195130
v 0.014537 0.687470 0.221225
v 0.014365 0.704727 0.193596
v 0.014607 0.699071 0.173021
v 0.016254 0.665547 0.207639
v 0.018101 0.627138 0.212256
v 0.017611 0.642298 0.175556
v 0.018611 0.620636 0.177667
v 0.020946 0.601120 0.192716
v 0.020568 0.597740 0.159446
v 0.027673 0.577372 0.166488
v 0.025991 0.575976 0.132414
v 0.037439 0.556393 0.114280
v 0.012407 0.739474 0.167902
v 0.010108 0.762509 0.130379
v 0.009076 0.777309 0.136056
v 0.008997 0.781553 0.114853
v 0.008574 0.784597 0.119895
v 0.007012 0.788925 0.123033
v 0.003932 0.792761 0.125333
v 0.007528 0.781506 0.141295
v 0.004635 0.786753 0.141204
v 0.011782 0.746494 0.173482
v 0.008727 0.758839 0.180891
v 0.004614 0.780358 0.154665
v 0.142339 0.420263 -0.034082
v 0.152026 0.392794 -0.034486
v 0.152023 0.393379 -0.062881
v 0.160024 0.366365 -0.064131
v 0.157355 0.366424 -0.092278
v 0.127347 0.259554 -0.222821
v 0.115787 0.254638 -0.267289
v 0.058310 0.234332 -0.353786
v 0.003337 0.254057 -0.651309
v 0.004807 0.269472 -0.673238
v 0.003485 0.542672 -1.135409
v 0.003503 0.547749 -1.151730
v 0.005406 0.549812 -1.172223
v 0.003987 0.552462 -1.166210
v 0.006723 0.548367 -1.185289
v 0.003526 0.556659 -1.180968
v 0.008831 0.550333 -1.227947
v 0.008292 0.573123 -1.266903
v 0.009436 0.558071 -1.252014
v 0.010112 0.572825 -1.277610
v 0.010512 0.578257 -1.295003
v 0.009897 0.578670 -1.302368
v 0.009992 0.589590 -1.309643
v 0.009999 0.587271 -1.314633
v 0.008243 0.581852 -1.315488
v 0.009164 0.592767 -1.324862
v 0.008560 0.589938 -1.325384
v 0.006970 0.587279 -1.325165
v 0.005230 0.599860 -1.331025
v 0.002878 0.526608 -1.254466
v 0.007082 0.522662 -1.247225
v 0.007737 0.509848 -1.233547
v 0.009740 0.499661 -1.216638
v 0.011721 0.502973 -1.209078
v 0.014638 0.482342 -1.182794
v 0.013653 0.494414 -1.187729
v 0.014017 0.488528 -1.170491
v 0.016601 0.467239 -1.117452
v 0.019760 0.452197 -1.098990
v 0.018333 0.464887 -1.067152
v 0.020281 0.459555 -1.038765
v 0.017380 0.469925 -1.032664
v 0.015829 0.475277 -1.019645
v 0.021082 0.454249 -0.989191
v 0.014895 0.475853 -0.995670
v 0.018620 0.455149 -0.962073
v 0.012735 0.473579 -0.960561
v 0.014943 0.457541 -0.930693
v 0.009779 0.478167 -0.949823
v 0.010651 0.464504 -0.919186
v 0.005762 0.465033 -0.902066
v 0.010673 0.458937 -0.902283
v 0.005770 0.452919 -0.876198
v 0.009128 0.179862 -0.090430
v 0.017816 0.181432 0.015611
v 0.037691 0.183757 0.013673
v 0.060520 0.184693 0.017307
v 0.045419 0.179168 0.052163
v 0.071509 0.175318 0.083760
v 0.116959 0.177486 0.063447
v 0.102421 0.182754 0.035312
v 0.125379 0.181651 0.053288
v 0.136714 0.170707 0.095243
v 0.139693 0.179827 0.078168
v 0.139532 0.167742 0.106860
v 0.149639 0.171562 0.104129
v 0.153123 0.181757 0.105017
v 0.159179 0.164338 0.132165
v 0.161490 0.176341 0.133375
v 0.159393 0.188368 0.131228
v 0.169381 0.171374 0.163820
v 0.170589 0.180981 0.179333
v 0.173308 0.186199 0.199152
v 0.172566 0.195506 0.202560
v 0.180334 0.180231 0.227990
v 0.178223 0.187739 0.231746
v 0.187180 0.175626 0.250281
v 0.193513 0.174059 0.272445
v 0.198247 0.166265 0.271383
v 0.208328 0.159473 0.289894
v 0.204275 0.166946 0.291507
v 0.191985 0.164395 0.248459
v 0.200321 0.157831 0.269060
v 0.209073 0.151833 0.288159
v 0.220859 0.146843 0.304832
v 0.220532 0.152468 0.305995
v 0.198036 0.146785 0.268765
v 0.206280 0.143067 0.289088
v 0.219057 0.140727 0.306062
v 0.234746 0.136022 0.318685
v 0.235810 0.140828 0.317268
v 0.193561 0.143823 0.284116
v 0.214794 0.137872 0.311383
v 0.232146 0.133247 0.323713
v 0.250773 0.127600 0.332531
v 0.252330 0.129792 0.327010
v 0.209714 0.137441 0.319077
v 0.228820 0.132829 0.331379
v 0.248927 0.127815 0.340160
v 0.261689 0.125576 0.351957
v 0.270104 0.121330 0.338447
v 0.225015 0.132671 0.340464
v 0.246895 0.128766 0.348868
v 0.288953 0.121217 0.365307
v 0.290055 0.116515 0.350077
v 0.244564 0.128336 0.358375
v 0.267949 0.125510 0.363515
v 0.311224 0.110771 0.350705
v 0.266941 0.125184 0.373637
v 0.290074 0.122000 0.374753
v 0.325005 0.112746 0.371764
v 0.347908 0.105377 0.364537
v 0.290926 0.122209 0.387419
v 0.314779 0.117278 0.386799
v 0.341230 0.110878 0.387185
v 0.316138 0.117336 0.401904
v 0.343067 0.111673 0.415113
v 0.387406 0.097193 0.396465
v 0.405690 0.091128 0.370722
v 0.367405 0.103887 0.409763
v 0.395003 0.094077 0.409192
v 0.371428 0.102721 0.427322
v 0.398973 0.092090 0.416268
v 0.440239 0.079290 0.392926
v 0.400521 0.088503 0.441085
v 0.453441 0.070214 0.434169
v 0.475285 0.063357 0.408274
v 0.430517 0.076956 0.450092
v 0.476276 0.062013 0.427149
v 0.494637 0.057185 0.402330
v 0.438510 0.073744 0.461880
v 0.482338 0.060090 0.446049
v 0.503761 0.055109 0.429164
v 0.529151 0.050464 0.427251
v 0.536891 0.049667 0.400380
v 0.495203 0.057650 0.455947
v 0.572897 0.042032 0.420183
v 0.571922 0.042155 0.401190
v 0.562817 0.045599 0.441551
v 0.582974 0.041261 0.426704
v 0.616909 0.035164 0.396566
v 0.620621 0.035443 0.411190
v 0.592808 0.042888 0.441497
v 0.614800 0.038963 0.428321
v 0.644314 0.031146 0.402946
v 0.641126 0.030623 0.390690
v 0.669347 0.025291 0.390568
v 0.674607 0.022706 0.375604
v 0.618559 0.040463 0.434308
v 0.663783 0.030798 0.406851
v 0.686771 0.022075 0.382186
v 0.657882 0.033263 0.413077
v 0.703595 0.019188 0.369952
v 0.663382 0.035495 0.416545
v 0.692482 0.025259 0.389480
v 0.706686 0.021153 0.374965
v 0.719947 0.017564 0.360062
v 0.709485 0.025637 0.381799
v 0.724832 0.019887 0.364113
v 0.735914 0.016103 0.348152
v 0.734540 0.013064 0.338990
v 0.714823 0.033326 0.379942
v 0.729090 0.027924 0.366047
v 0.740665 0.022879 0.350028
v 0.759010 0.015783 0.321980
v 0.750741 0.011207 0.323713
v 0.724775 0.034223 0.362110
v 0.739847 0.027787 0.341866
v 0.754715 0.022683 0.318606
v 0.734845 0.031149 0.339446
v 0.763029 0.019818 0.300637
v 0.757326 0.022910 0.299511
v 0.747587 0.027099 0.305070
v 0.762997 0.020220 0.278631
v 0.748580 0.026013 0.280775
v 0.749722 0.022433 0.250963
v 0.732649 0.028499 0.254599
v 0.766610 0.017782 0.267636
v 0.768525 0.017251 0.284948
v 0.771461 0.011118 0.288805
v 0.761170 0.007855 0.300053
v 0.747674 0.008890 0.313613
v 0.718223 0.015026 0.348904
v 0.719057 0.013687 0.336905
v 0.709669 0.015209 0.334798
v 0.674623 0.022870 0.361291
v 0.635779 0.031836 0.385526
v 0.653459 0.028024 0.372666
v 0.612096 0.037232 0.382544
v 0.574099 0.042867 0.388834
v 0.596742 0.042794 0.362484
v 0.543184 0.051021 0.377112
v 0.516673 0.053753 0.392669
v 0.547806 0.052224 0.362329
v 0.509467 0.058720 0.364741
v 0.489693 0.060067 0.387603
v 0.484633 0.065424 0.363189
v 0.463140 0.071180 0.382429
v 0.437874 0.081064 0.377578
v 0.479794 0.067755 0.349187
v 0.434106 0.082589 0.365615
v 0.433911 0.082190 0.349907
v 0.392601 0.094406 0.364524
v 0.405809 0.089559 0.345400
v 0.380414 0.095692 0.345772
v 0.356493 0.101064 0.347629
v 0.324026 0.107785 0.349733
v 0.308458 0.109946 0.342209
v 0.289867 0.114992 0.342187
v 0.309837 0.110156 0.335096
v 0.290030 0.115667 0.334485
v 0.270958 0.122694 0.331616
v 0.290532 0.118960 0.327358
v 0.271641 0.126505 0.327421
v 0.253040 0.133987 0.324876
v 0.271666 0.131677 0.328949
v 0.252813 0.138252 0.325891
v 0.235580 0.145255 0.318059
v 0.251220 0.142707 0.328573
v 0.234113 0.149235 0.320062
v 0.217572 0.160061 0.309498
v 0.188644 0.186264 0.283001
v 0.197560 0.182592 0.306085
v 0.182996 0.200850 0.304390
v 0.173912 0.213225 0.286314
v 0.176470 0.224540 0.326876
v 0.171487 0.240494 0.298990
v 0.174637 0.263305 0.283501
v 0.181072 0.298720 0.312877
v 0.177531 0.267829 0.322614
v 0.182078 0.291623 0.370681
v 0.182988 0.334545 0.340661
v 0.181674 0.372366 0.340097
v 0.183459 0.332581 0.365218
v 0.182430 0.368528 0.370991
v 0.174049 0.399428 0.363406
v 0.185918 0.364365 0.414821
v 0.178064 0.399531 0.416707
v 0.189648 0.361336 0.439955
v 0.185884 0.392353 0.466849
v 0.172976 0.423366 0.473234
v 0.174645 0.417305 0.499675
v 0.163549 0.435778 0.553884
v 0.143696 0.456503 0.565067
v 0.114857 0.481470 0.540631
v 0.093124 0.493551 0.552074
v 0.068648 0.505297 0.560149
v 0.043983 0.514487 0.561192
v 0.071630 0.498854 0.584855
v 0.047607 0.505446 0.596982
v 0.022831 0.512439 0.600506
v 0.024879 0.495320 0.664884
v 0.025315 0.089079 1.013230
v 0.051684 0.091931 1.043489
v 0.050657 0.092147 1.073784
v 0.049436 0.094702 1.104071
v 0.074947 0.097581 1.105524
v 0.099957 0.104044 1.107139
v 0.072480 0.105556 1.134980
v 0.096562 0.112118 1.136507
v 0.118968 0.122823 1.137470
v 0.093642 0.120771 1.165286
v 0.115613 0.131232 1.166289
v 0.134845 0.144705 1.166634
v 0.109653 0.144204 1.217779
v 0.130788 0.151497 1.196346
v 0.144397 0.165377 1.197360
v 0.125186 0.157957 1.226168
v 0.138091 0.170409 1.227762
v 0.129042 0.174860 1.257442
v 0.137677 0.184767 1.259007
v 0.127017 0.190791 1.290536
v 0.135606 0.203673 1.293529
v 0.111978 0.197401 1.320085
v 0.116100 0.204588 1.322714
v 0.119193 0.212403 1.324831
v 0.093386 0.207008 1.348463
v 0.096245 0.214517 1.350877
v 0.097594 0.222652 1.351417
v 0.070398 0.218723 1.369265
v 0.072432 0.226107 1.371187
v 0.073894 0.233714 1.371835
v 0.047121 0.229619 1.383730
v 0.048631 0.236633 1.385565
v 0.049987 0.244150 1.385973
v 0.023556 0.239002 1.394588
v 0.024652 0.246804 1.395529
v 0.025026 0.254245 1.393842
v 0.025969 0.398231 1.017906
v 0.025919 0.413257 0.976297
v 0.052485 0.408295 0.970734
v 0.082372 0.408784 0.935322
v 0.056093 0.417948 0.935521
v 0.114890 0.395592 0.931579
v 0.135868 0.404368 0.853181
v 0.161075 0.393535 0.845291
v 0.184037 0.379679 0.839338
v 0.162396 0.403706 0.791397
v 0.184371 0.385637 0.811322
v 0.204018 0.371066 0.805995
v 0.182597 0.391648 0.782915
v 0.202298 0.376551 0.776009
v 0.216499 0.355918 0.768815
v 0.199659 0.381391 0.747362
v 0.213738 0.359118 0.740444
v 0.218627 0.332708 0.734741
v 0.207793 0.361142 0.711218
v 0.212453 0.334951 0.705456
v 0.207815 0.366553 0.681087
v 0.214502 0.339128 0.675451
v 0.202027 0.370174 0.654166
v 0.204977 0.340506 0.650222
v 0.197232 0.372627 0.628632
v 0.201914 0.342143 0.624994
v 0.202737 0.313810 0.623164
v 0.207807 0.343889 0.599913
v 0.207761 0.313194 0.598349
v 0.209227 0.286133 0.600297
v 0.207017 0.312286 0.571908
v 0.207986 0.284465 0.574375
v 0.207254 0.263318 0.578600
v 0.202968 0.285417 0.547610
v 0.201121 0.263758 0.551563
v 0.199630 0.248215 0.554897
v 0.194758 0.266117 0.523821
v 0.194220 0.249778 0.526341
v 0.195455 0.236504 0.528021
v 0.192327 0.237047 0.499718
v 0.199596 0.226343 0.501574
v 0.189109 0.234359 0.468151
v 0.196605 0.222636 0.472736
v 0.205780 0.213783 0.469827
v 0.200551 0.206162 0.425666
v 0.209087 0.200936 0.426210
v 0.221250 0.190412 0.402142
v 0.207345 0.197148 0.399955
v 0.238953 0.183812 0.402757
v 0.221147 0.184237 0.377665
v 0.240459 0.177887 0.382110
v 0.263250 0.172573 0.385900
v 0.242571 0.171069 0.366249
v 0.267053 0.165862 0.372797
v 0.265709 0.158874 0.362259
v 0.288577 0.154043 0.365686
v 0.321901 0.143878 0.364442
v 0.288695 0.143175 0.351810
v 0.324681 0.133021 0.349829
v 0.356331 0.114726 0.329056
v 0.377123 0.107528 0.322542
v 0.421702 0.090421 0.303944
v 0.444927 0.083862 0.296642
v 0.468298 0.078084 0.291342
v 0.465326 0.075445 0.298293
v 0.463005 0.074300 0.307294
v 0.475674 0.069917 0.311628
v 0.519245 0.058627 0.305186
v 0.540903 0.054262 0.297049
v 0.600466 0.042302 0.322736
v 0.616458 0.039308 0.323753
v 0.666529 0.027674 0.300806
v 0.647817 0.032169 0.320890
v 0.678924 0.022545 0.342580
v 0.729295 0.010378 0.307807
v 0.760663 0.005619 0.288728
v 0.766304 0.005805 0.287444
v 0.773792 0.010708 0.279830
v 0.635738 0.034946 0.346099
v 0.623599 0.037129 0.362947
v 0.614574 0.040139 0.345356
v 0.594708 0.044046 0.352926
v 0.555028 0.051473 0.349662
v 0.508619 0.059522 0.356470
v 0.526401 0.056030 0.340531
v 0.504591 0.060956 0.342021
v 0.477116 0.068795 0.335312
v 0.426074 0.084185 0.330160
v 0.398773 0.091691 0.329526
v 0.369805 0.098107 0.337311
v 0.369585 0.098759 0.329775
v 0.352097 0.103206 0.325481
v 0.330266 0.107425 0.327129
v 0.309740 0.112237 0.327242
v 0.331096 0.114394 0.324210
v 0.310885 0.120138 0.325137
v 0.291273 0.125923 0.328066
v 0.288452 0.130864 0.333173
v 0.270136 0.136211 0.332581
v 0.249540 0.146686 0.332386
v 0.231771 0.155060 0.324634
v 0.228933 0.162470 0.331750
v 0.211073 0.174626 0.324106
v 0.228476 0.166382 0.338754
v 0.194826 0.188651 0.316802
v 0.208499 0.182376 0.340672
v 0.193923 0.197433 0.343737
v 0.183410 0.209503 0.331059
v 0.180114 0.225107 0.359284
v 0.179342 0.243284 0.371754
v 0.173835 0.243586 0.325938
v 0.178866 0.267620 0.346563
v 0.180877 0.264644 0.375019
v 0.183428 0.298404 0.413340
v 0.184526 0.330390 0.389854
v 0.186239 0.328312 0.414592
v 0.186194 0.294203 0.440442
v 0.189906 0.326199 0.439563
v 0.190741 0.293024 0.466539
v 0.194968 0.323513 0.465284
v 0.195529 0.358137 0.465650
v 0.197515 0.320402 0.491884
v 0.198412 0.354324 0.492172
v 0.187932 0.386709 0.495204
v 0.200007 0.349965 0.518720
v 0.190770 0.382015 0.521786
v 0.176945 0.412529 0.534467
v 0.195478 0.379020 0.548152
v 0.184512 0.404939 0.578751
v 0.167443 0.429771 0.584757
v 0.147843 0.447432 0.607291
v 0.124090 0.465588 0.599321
v 0.100037 0.479293 0.603430
v 0.075647 0.486036 0.628854
v 0.100887 0.472768 0.634399
v 0.049873 0.491998 0.647311
v 0.078422 0.476268 0.667686
v 0.051175 0.471966 0.726629
v 0.025799 0.480339 0.724454
v 0.023713 0.093054 1.103223
v 0.023003 0.098309 1.133021
v 0.047869 0.101252 1.133675
v 0.022551 0.108916 1.185898
v 0.046528 0.107242 1.163117
v 0.070433 0.112911 1.164040
v 0.045276 0.113433 1.192082
v 0.068623 0.119493 1.192862
v 0.088326 0.132276 1.213288
v 0.066129 0.126886 1.220999
v 0.083311 0.142661 1.249826
v 0.101990 0.152802 1.252493
v 0.117413 0.163975 1.255219
v 0.092935 0.159482 1.279813
v 0.106432 0.169157 1.283389
v 0.116699 0.178519 1.286509
v 0.096483 0.178803 1.311497
v 0.106995 0.190519 1.317193
v 0.084052 0.193265 1.340434
v 0.089397 0.200566 1.345378
v 0.064666 0.203754 1.361574
v 0.067717 0.212099 1.366293
v 0.042709 0.215489 1.377629
v 0.045515 0.222931 1.381193
v 0.021174 0.218702 1.384344
v 0.022158 0.229196 1.390441
v 0.027269 0.427424 0.928531
v 0.053988 0.445722 0.819963
v 0.082955 0.435207 0.820704
v 0.105922 0.423760 0.826926
v 0.139674 0.411486 0.809675
v 0.116713 0.425886 0.797264
v 0.134581 0.424428 0.767065
v 0.159438 0.411561 0.760870
v 0.180239 0.397676 0.754168
v 0.157963 0.418868 0.732658
v 0.179102 0.403743 0.725565
v 0.197145 0.384876 0.718305
v 0.177242 0.409409 0.697962
v 0.194099 0.390025 0.689763
v 0.174386 0.418827 0.657019
v 0.191380 0.396735 0.661455
v 0.187696 0.400429 0.633888
v 0.169955 0.426182 0.612050
v 0.186742 0.403349 0.606102
v 0.202542 0.375950 0.602860
v 0.198256 0.376836 0.575346
v 0.204970 0.344801 0.572890
v 0.205658 0.346856 0.545484
v 0.205221 0.313572 0.545252
v 0.198745 0.316900 0.518637
v 0.195693 0.288558 0.521080
v 0.192629 0.291100 0.493817
v 0.189388 0.270036 0.484048
v 0.188279 0.250148 0.470913
v 0.184832 0.267572 0.442609
v 0.185174 0.247100 0.445889
v 0.182401 0.245989 0.413135
v 0.185061 0.226611 0.424059
v 0.191941 0.213457 0.425357
v 0.184085 0.224847 0.398907
v 0.189451 0.211906 0.389148
v 0.198104 0.203476 0.399480
v 0.195710 0.201705 0.373512
v 0.206255 0.192597 0.374503
v 0.222985 0.177924 0.359312
v 0.244150 0.164340 0.355495
v 0.246627 0.158914 0.347279
v 0.268290 0.148830 0.349469
v 0.305358 0.128812 0.336082
v 0.330359 0.122265 0.333699
v 0.352514 0.108933 0.321844
v 0.374736 0.103232 0.316377
v 0.397768 0.096828 0.309415
v 0.375262 0.098705 0.322308
v 0.416973 0.090013 0.310407
v 0.424752 0.085257 0.322340
v 0.496446 0.063886 0.316260
v 0.552899 0.050644 0.327129
v 0.182874 0.266977 0.418373
v 0.151873 0.439296 0.648324
v 0.129419 0.451814 0.664431
v 0.125637 0.459755 0.627735
v 0.104008 0.464869 0.667446
v 0.106391 0.451522 0.717638
v 0.083064 0.454628 0.748890
v 0.026390 0.465710 0.776025
v 0.020619 0.117456 1.219964
v 0.043458 0.121047 1.220267
v 0.019377 0.126048 1.247697
v 0.040926 0.129632 1.247565
v 0.062655 0.135106 1.248146
v 0.037709 0.139129 1.273939
v 0.057561 0.143938 1.274446
v 0.076119 0.150772 1.276533
v 0.016166 0.148712 1.300515
v 0.015248 0.162458 1.324138
v 0.031888 0.163685 1.322650
v 0.017832 0.136260 1.274717
v 0.015648 0.174159 1.342759
v 0.018781 0.203877 1.374170
v 0.017704 0.194581 1.366966
v 0.016655 0.184801 1.356428
v 0.037640 0.193371 1.361146
v 0.035072 0.184190 1.351722
v 0.032834 0.174559 1.339531
v 0.055320 0.187297 1.348602
v 0.040117 0.201668 1.368338
v 0.026796 0.449443 0.836600
v 0.108020 0.444876 0.745301
v 0.132952 0.436857 0.717608
v 0.155905 0.425023 0.705005
v 0.153965 0.432231 0.676870
v 0.715587 0.039149 0.317882
v 0.705328 0.042208 0.368921
v 0.668788 0.055325 0.404458
v 0.666711 0.055137 0.413371
v 0.667203 0.050936 0.422591
v 0.633538 0.060564 0.448452
v 0.634805 0.050549 0.448585
v 0.612748 0.057377 0.464687
v 0.611599 0.049893 0.457581
v 0.586774 0.057172 0.473368
v 0.603710 0.047845 0.455480
v 0.582848 0.053369 0.468368
v 0.595249 0.046677 0.453963
v 0.559882 0.054680 0.471871
v 0.533083 0.063871 0.489532
v 0.526540 0.059725 0.480812
v 0.503980 0.066656 0.493457
v 0.498499 0.062217 0.480074
v 0.449751 0.072738 0.495504
v 0.420253 0.078240 0.502853
v 0.447609 0.071770 0.485580
v 0.395463 0.081951 0.507192
v 0.405565 0.079802 0.491704
v 0.366627 0.088143 0.505910
v 0.387164 0.085422 0.486057
v 0.362170 0.091166 0.494091
v 0.335927 0.093564 0.499377
v 0.356665 0.098472 0.476598
v 0.330135 0.100822 0.480898
v 0.324846 0.108678 0.459116
v 0.298191 0.109810 0.461599
v 0.271256 0.109660 0.462585
v 0.294378 0.115369 0.440165
v 0.267651 0.115503 0.441278
v 0.236730 0.114818 0.439044
v 0.243486 0.109206 0.462750
v 0.211715 0.113127 0.432287
v 0.240599 0.119339 0.416871
v 0.184998 0.107768 0.438227
v 0.156909 0.104102 0.426170
v 0.100164 0.094817 0.392757
v 0.064282 0.089352 0.384736
v 0.097498 0.099684 0.361204
v 0.063680 0.094710 0.358755
v 0.030388 0.092297 0.359131
v 0.030560 0.086782 0.385972
v 0.011358 0.495378 -0.299824
v 0.020759 0.480300 -0.373376
v 0.043620 0.465392 -0.380126
v 0.043360 0.458519 -0.428099
v 0.076013 0.439148 -0.434648
v 0.088447 0.424856 -0.488430
v 0.100433 0.413137 -0.493419
v 0.113079 0.398909 -0.488369
v 0.108702 0.397213 -0.520868
v 0.118090 0.383714 -0.514392
v 0.112996 0.381301 -0.563570
v 0.118781 0.369004 -0.559102
v 0.118620 0.358354 -0.587541
v 0.115642 0.370252 -0.591423
v 0.116167 0.347893 -0.603236
v 0.113872 0.348851 -0.642329
v 0.109220 0.339234 -0.641735
v 0.106408 0.340102 -0.667606
v 0.100553 0.332763 -0.666918
v 0.093152 0.323803 -0.665299
v 0.089135 0.328687 -0.692610
v 0.085419 0.333498 -0.725702
v 0.079131 0.328451 -0.725146
v 0.071740 0.322008 -0.720071
v 0.068315 0.325515 -0.747537
v 0.061648 0.327565 -0.782542
v 0.047584 0.321523 -0.810559
v 0.038049 0.315566 -0.807141
v 0.037639 0.311980 -0.837519
v 0.031317 0.306751 -0.834323
v 0.024983 0.301810 -0.830852
v 0.025650 0.293228 -0.857701
v 0.016211 0.286077 -0.847988
v 0.016811 0.273015 -0.875847
v 0.013289 0.252327 -0.902607
v 0.005565 0.249266 -0.892681
v 0.007158 0.230729 -0.919432
v 0.003235 0.227873 -0.916862
v 0.002549 0.212027 -0.943135
v 0.002125 0.117669 -1.280476
v 0.005542 0.128289 -1.264690
v 0.005830 0.163252 -1.209797
v 0.004579 0.176058 -1.213667
v 0.004095 0.188901 -1.208678
v 0.002363 0.192669 -1.211360
v 0.003272 0.214576 -1.196014
v 0.005232 0.377476 -1.147094
v 0.005690 0.393045 -1.153120
v 0.006054 0.412846 -1.162807
v 0.004930 0.600552 -1.317244
v 0.008781 0.594636 -1.310588
v 0.009542 0.587480 -1.299033
v 0.006473 0.573562 -1.251683
v 0.006404 0.565155 -1.230867
v 0.002133 0.573519 -1.232081
v 0.005193 0.565220 -1.218947
v 0.002667 0.568650 -1.219740
v 0.009253 0.592654 -1.307939
v 0.003828 0.503960 -1.233221
v 0.004191 0.491461 -1.220669
v 0.007748 0.494513 -1.217671
v 0.008461 0.479154 -1.202551
v 0.011009 0.484144 -1.200522
v 0.013930 0.478404 -1.187883
v 0.016219 0.464809 -1.168039
v 0.018759 0.448018 -1.129864
v 0.021320 0.432685 -1.114643
v 0.025797 0.397667 -1.098584
v 0.020298 0.427944 -1.125696
v 0.020130 0.419935 -1.125323
v 0.018287 0.405917 -1.126777
v 0.017986 0.437152 -1.143083
v 0.015734 0.423853 -1.145555
v 0.015709 0.459122 -1.172037
v 0.013856 0.453088 -1.175104
v 0.009543 0.462832 -1.189054
v 0.010637 0.450538 -1.180490
v 0.004470 0.470826 -1.200714
v 0.004927 0.460237 -1.192084
v 0.006094 0.440055 -1.179527
v 0.010839 0.437732 -1.171669
v 0.009196 0.410079 -1.155638
v 0.012785 0.416481 -1.150093
v 0.008973 0.394597 -1.146918
v 0.018259 0.388257 -1.118476
v 0.015493 0.367431 -1.119050
v 0.020455 0.387577 -1.112453
v 0.014048 0.348303 -1.119241
v 0.007660 0.363864 -1.137396
v 0.007789 0.332682 -1.136195
v 0.017636 0.325181 -1.109609
v 0.007291 0.348302 -1.136181
v 0.013020 0.309009 -1.125206
v 0.007727 0.310568 -1.141695
v 0.003691 0.333206 -1.144677
v 0.004039 0.317622 -1.149398
v 0.004395 0.301791 -1.155055
v 0.004385 0.267511 -1.169111
v 0.006544 0.263068 -1.163310
v 0.009499 0.254200 -1.150917
v 0.009893 0.284916 -1.141880
v 0.006895 0.229908 -1.170964
v 0.010188 0.206729 -1.154961
v 0.007242 0.211863 -1.175382
v 0.006932 0.176874 -1.190341
v 0.009347 0.155347 -1.187629
v 0.007964 0.144378 -1.207749
v 0.006863 0.140701 -1.224395
v 0.008070 0.139793 -1.206164
v 0.006986 0.124551 -1.230562
v 0.005931 0.123635 -1.262595
v 0.006447 0.120891 -1.244406
v 0.003868 0.115314 -1.263506
v 0.004815 0.117384 -1.240838
v 0.005121 0.118239 -1.265308
v 0.002318 0.113772 -1.253093
v 0.002188 0.115176 -1.274441
v 0.001702 0.114343 -1.240859
v 0.002906 0.118835 -1.221227
v 0.004583 0.120082 -1.223459
v 0.006089 0.123012 -1.224039
v 0.007114 0.144689 -1.161044
v 0.008388 0.144315 -1.183828
v 0.009718 0.154283 -1.166107
v 0.010721 0.165151 -1.159132
v 0.009388 0.172695 -1.172564
v 0.010876 0.182152 -1.154548
v 0.012815 0.204714 -1.136962
v 0.016097 0.231460 -1.116311
v 0.013194 0.238910 -1.133638
v 0.012027 0.266533 -1.136379
v 0.015384 0.286956 -1.120492
v 0.018063 0.303902 -1.109640
v 0.024166 0.337080 -1.094225
v 0.024724 0.321398 -1.089642
v 0.030105 0.347880 -1.083060
v 0.031341 0.321613 -1.066593
v 0.036012 0.348265 -1.068110
v 0.035895 0.322528 -1.046918
v 0.042068 0.348261 -1.049666
v 0.040243 0.324987 -1.024444
v 0.047703 0.348518 -1.028006
v 0.050631 0.372309 -1.028043
v 0.053038 0.349245 -1.003510
v 0.056902 0.370127 -1.003701
v 0.056606 0.389037 -0.986966
v 0.047305 0.395122 -1.023054
v 0.047620 0.409201 -0.990659
v 0.041671 0.415492 -1.014043
v 0.036683 0.427377 -0.975308
v 0.027308 0.441769 -0.998046
v 0.028443 0.438723 -1.025875
v 0.023147 0.451831 -1.017429
v 0.024350 0.446902 -1.046947
v 0.029311 0.437079 -0.972293
v 0.022588 0.447099 -0.965599
v 0.025834 0.439286 -0.942187
v 0.020239 0.447552 -0.936978
v 0.023735 0.438672 -0.913646
v 0.018510 0.446180 -0.909095
v 0.020927 0.435818 -0.885598
v 0.016204 0.442419 -0.881741
v 0.011656 0.448079 -0.878618
v 0.018494 0.432225 -0.856970
v 0.013028 0.438225 -0.853857
v 0.006277 0.443037 -0.851663
v 0.015143 0.429568 -0.827346
v 0.007267 0.434681 -0.825022
v 0.008792 0.427858 -0.798201
v 0.007654 0.482380 -0.586595
v 0.006897 0.473889 -0.567416
v 0.007253 0.495253 -0.612754
v 0.011806 0.481319 -0.606869
v 0.012532 0.474308 -0.592521
v 0.010068 0.494391 -0.628019
v 0.003371 0.505893 -0.635356
v 0.008912 0.500080 -0.637267
v 0.000929 0.509586 -0.644797
v 0.007243 0.504365 -0.647660
v 0.005531 0.494941 -0.657272
v -0.000390 0.493426 -0.661636
v 0.000689 0.482847 -0.657504
v 0.012775 0.473989 -0.628073
v 0.011957 0.468374 -0.635728
v 0.012962 0.467624 -0.571224
v 0.020805 0.458058 -0.547831
v 0.014567 0.463954 -0.544980
v 0.007209 0.468823 -0.543181
v 0.017425 0.463044 -0.524101
v 0.008073 0.468242 -0.516014
v 0.008458 0.469157 -0.489055
v 0.020176 0.179027 0.046118
v 0.020183 0.173215 0.096765
v 0.053466 0.170191 0.130081
v 0.077459 0.167511 0.149449
v 0.097970 0.171723 0.104672
v 0.122310 0.168382 0.116418
v 0.092370 0.177314 0.066844
v 0.127345 0.169559 0.103004
v 0.146524 0.163675 0.135866
v 0.140042 0.159895 0.195123
v 0.162992 0.155711 0.202392
v 0.165672 0.159392 0.163000
v 0.170450 0.155659 0.194831
v 0.177581 0.165666 0.194319
v 0.175113 0.152031 0.225115
v 0.185527 0.158782 0.222395
v 0.183341 0.171247 0.224912
v 0.191992 0.152185 0.246788
v 0.180728 0.148793 0.251474
v 0.189048 0.143569 0.293306
v 0.171575 0.144604 0.286223
v 0.185436 0.139538 0.310325
v 0.203823 0.135918 0.328013
v 0.220698 0.129754 0.350385
v 0.216359 0.125272 0.362723
v 0.242139 0.126235 0.369292
v 0.213687 0.121649 0.379632
v 0.240186 0.124114 0.382461
v 0.266063 0.124134 0.386024
v 0.266441 0.121289 0.410025
v 0.291210 0.120902 0.403558
v 0.292230 0.118624 0.421110
v 0.318004 0.116058 0.418923
v 0.320811 0.113634 0.437561
v 0.346764 0.109785 0.433026
v 0.351379 0.105879 0.454770
v 0.376354 0.098544 0.448625
v 0.381762 0.091120 0.469535
v 0.406346 0.083209 0.460533
v 0.411744 0.079627 0.476055
v 0.446122 0.071383 0.473559
v 0.507586 0.056544 0.462906
v 0.521084 0.055241 0.465494
v 0.560063 0.048913 0.456030
v 0.664781 0.041193 0.423867
v 0.699260 0.038807 0.392625
v 0.696027 0.044212 0.387322
v 0.721723 0.036462 0.356776
v 0.716777 0.038691 0.341483
v 0.736921 0.031265 0.295692
v 0.160490 0.137875 0.292543
v 0.151171 0.146579 0.264403
v 0.135702 0.140700 0.269507
v 0.115563 0.134416 0.273669
v 0.159972 0.150161 0.255633
v 0.130798 0.150604 0.239351
v 0.110834 0.146955 0.243559
v 0.085334 0.143532 0.246735
v 0.095118 0.115041 0.306241
v 0.127378 0.157669 0.207865
v 0.107716 0.155863 0.212463
v 0.083073 0.153861 0.216960
v 0.055508 0.151982 0.220831
v 0.057048 0.140518 0.249227
v 0.103409 0.160852 0.187352
v 0.054312 0.160052 0.191695
v 0.053127 0.166000 0.162467
v 0.010522 0.483490 -0.384450
v 0.009416 0.475920 -0.435869
v 0.020284 0.473128 -0.423511
v 0.008736 0.471606 -0.462391
v 0.019822 0.466586 -0.463703
v 0.018147 0.464365 -0.489017
v 0.032964 0.454658 -0.492583
v 0.039794 0.455161 -0.460979
v 0.032807 0.452336 -0.518907
v 0.037524 0.449273 -0.519741
v 0.071364 0.435662 -0.489197
v 0.027807 0.451391 -0.550391
v 0.064448 0.435322 -0.521670
v 0.057849 0.426175 -0.600082
v 0.078588 0.413175 -0.602780
v 0.082911 0.422328 -0.528818
v 0.091237 0.400253 -0.614329
v 0.095127 0.404532 -0.565685
v 0.100104 0.390712 -0.617174
v 0.104161 0.392032 -0.579699
v 0.074770 0.403269 -0.671843
v 0.097893 0.389938 -0.641416
v 0.104878 0.380525 -0.659539
v 0.108070 0.380864 -0.617103
v 0.083352 0.394551 -0.689984
v 0.094821 0.389191 -0.666276
v 0.110186 0.371625 -0.668357
v 0.113596 0.370432 -0.636502
v 0.091183 0.388584 -0.692551
v 0.099523 0.381079 -0.694025
v 0.105999 0.372277 -0.695132
v 0.112656 0.361472 -0.674335
v 0.094124 0.380914 -0.722282
v 0.100748 0.373363 -0.724425
v 0.105000 0.364054 -0.724535
v 0.103639 0.353566 -0.724619
v 0.110985 0.349343 -0.669221
v 0.098109 0.367272 -0.771521
v 0.098365 0.357073 -0.769597
v 0.089905 0.350127 -0.792355
v 0.100044 0.344532 -0.711885
v 0.084322 0.343569 -0.786110
v 0.092075 0.338620 -0.723128
v 0.090136 0.357817 -0.820362
v 0.075464 0.342334 -0.825235
v 0.076220 0.336999 -0.782546
v 0.077376 0.348196 -0.853110
v 0.070862 0.341393 -0.851621
v 0.064252 0.335353 -0.849718
v 0.057441 0.328988 -0.847026
v 0.064612 0.333220 -0.816674
v 0.063506 0.336188 -0.883320
v 0.056047 0.327535 -0.879919
v 0.048892 0.319011 -0.875688
v 0.042223 0.311127 -0.871301
v 0.050495 0.322988 -0.843893
v 0.048427 0.317427 -0.907862
v 0.041278 0.305799 -0.901713
v 0.035361 0.296066 -0.895678
v 0.030813 0.288546 -0.890108
v 0.036440 0.304271 -0.866940
v 0.034476 0.291923 -0.926610
v 0.030319 0.280518 -0.919644
v 0.025148 0.268445 -0.913822
v 0.024267 0.281580 -0.879317
v 0.025910 0.263715 -0.942514
v 0.020753 0.250564 -0.932524
v 0.019895 0.262024 -0.904072
v 0.023416 0.245979 -0.974438
v 0.017137 0.227273 -0.960160
v 0.013997 0.239477 -0.924084
v 0.018550 0.217080 -1.002478
v 0.011556 0.203857 -0.987351
v 0.012044 0.222160 -0.948710
v 0.015770 0.207445 -1.005207
v 0.009448 0.186396 -1.019976
v 0.005673 0.214710 -0.944869
v 0.003169 0.174364 -1.020347
v 0.001505 0.191511 -0.981053
v 0.008604 0.171858 -1.060186
v 0.006188 0.163912 -1.068955
v 0.002752 0.163565 -1.051455
v 0.001200 0.115981 -1.279649
v 0.004123 0.119167 -1.274589
v 0.005581 0.234956 -1.175945
v 0.003446 0.241660 -1.180450
v 0.003962 0.348579 -1.142511
v 0.004448 0.363708 -1.143510
v 0.003649 0.117232 -1.274830
v 0.000529 0.117038 -1.222364
v 0.001921 0.123327 -1.202203
v 0.004870 0.128719 -1.192901
v 0.013168 0.190262 -1.127766
v 0.014543 0.191683 -1.103414
v 0.018855 0.272210 -1.105145
v 0.016065 0.198042 -1.084073
v 0.021144 0.227189 -1.016122
v 0.013758 0.185057 -1.094496
v 0.013372 0.185935 -1.072191
v 0.011146 0.166392 -1.120467
v 0.009275 0.161086 -1.112083
v 0.010888 0.176013 -1.070905
v 0.005881 0.143651 -1.152604
v 0.003931 0.141728 -1.144528
v 0.005253 0.152061 -1.112133
v 0.001195 0.133610 -1.160595
v 0.002565 0.151301 -1.100753
v 0.026673 0.260657 -0.979882
v 0.024036 0.244046 -1.017213
v 0.031815 0.285769 -0.986675
v 0.029981 0.277898 -1.013005
v 0.037447 0.307293 -0.993987
v 0.034101 0.300901 -1.019428
v 0.044728 0.328932 -0.999674
v 0.041389 0.315312 -0.967651
v 0.050009 0.333530 -0.973343
v 0.058538 0.350275 -0.976808
v 0.057198 0.337168 -0.945853
v 0.065026 0.351100 -0.948581
v 0.065166 0.367447 -0.966871
v 0.065922 0.382156 -0.945449
v 0.059882 0.395433 -0.940424
v 0.060154 0.396798 -0.909410
v 0.029096 0.434683 -0.937186
v 0.030419 0.430944 -0.918790
v 0.044919 0.412324 -0.900825
v 0.034609 0.420963 -0.894969
v 0.026956 0.428476 -0.890099
v 0.031604 0.418408 -0.864674
v 0.024302 0.425378 -0.860987
v 0.038697 0.410331 -0.838208
v 0.029991 0.416821 -0.834465
v 0.022155 0.423345 -0.830774
v 0.036802 0.411391 -0.809900
v 0.027407 0.417165 -0.802939
v 0.018184 0.422950 -0.800284
v 0.025154 0.418008 -0.771673
v 0.009867 0.424465 -0.770870
v 0.023833 0.420426 -0.743324
v 0.011108 0.425753 -0.742607
v 0.046432 0.405137 -0.840477
v 0.065041 0.392375 -0.853288
v 0.060882 0.395753 -0.879966
v 0.064865 0.390987 -0.912469
v 0.070060 0.386928 -0.882772
v 0.077592 0.377348 -0.885727
v 0.083897 0.377456 -0.833907
v 0.074703 0.384969 -0.851097
v 0.072021 0.379080 -0.916385
v 0.075179 0.365426 -0.918714
v 0.080917 0.365608 -0.887320
v 0.071569 0.351863 -0.916592
v 0.083268 0.356203 -0.854093
v 0.086070 0.367029 -0.854228
v 0.065221 0.341633 -0.913350
v 0.056316 0.329303 -0.913150
v 0.048515 0.322554 -0.940988
v 0.040606 0.306850 -0.934190
v 0.034587 0.295987 -0.960330
v 0.030048 0.278642 -0.952077
v 0.090745 0.368228 -0.820124
v 0.088536 0.381353 -0.759323
v 0.075881 0.388915 -0.782298
v 0.083641 0.385691 -0.745164
v 0.071294 0.392942 -0.748316
v 0.065664 0.400231 -0.722339
v 0.059849 0.413245 -0.663836
v 0.043908 0.417447 -0.689363
v 0.038891 0.425235 -0.647389
v 0.026166 0.430601 -0.659281
v 0.022724 0.437846 -0.639701
v 0.031160 0.298506 -0.862446
v 0.043906 0.317260 -0.840710
v 0.115905 0.359900 -0.642704
v 0.110299 0.381204 -0.591893
v 0.056298 0.446703 -0.460697
v 0.010373 0.488376 -0.354277
v 0.034513 0.122730 0.281586
v 0.036383 0.111607 0.304262
v 0.037187 0.100014 0.333465
v 0.096159 0.105249 0.334587
v 0.123917 0.163402 0.169289
v 0.146229 0.156396 0.219364
v 0.710745 0.013900 0.247472
v 0.651330 0.031099 0.261714
v 0.643903 0.033407 0.259200
v 0.625497 0.039316 0.258653
v 0.625386 0.043013 0.253304
v 0.604381 0.047840 0.259071
v 0.608200 0.053272 0.258978
v 0.590350 0.063234 0.268964
v 0.561702 0.072693 0.282158
v 0.538825 0.083929 0.301280
v 0.521987 0.094559 0.318421
v 0.481792 0.103423 0.333555
v 0.466718 0.112122 0.349657
v 0.426496 0.126465 0.372640
v 0.392259 0.137738 0.382811
v 0.418249 0.134870 0.390493
v 0.372272 0.151241 0.405152
v 0.403191 0.144637 0.413560
v 0.377507 0.153254 0.422007
v 0.386067 0.152175 0.438177
v 0.356490 0.160653 0.448345
v 0.325490 0.170484 0.460083
v 0.368598 0.158155 0.473812
v 0.338714 0.167551 0.480391
v 0.302090 0.181941 0.517506
v 0.307046 0.181058 0.535118
v 0.280295 0.191614 0.544769
v 0.309590 0.180450 0.557831
v 0.279016 0.194046 0.586553
v 0.260205 0.203049 0.596286
v 0.258365 0.205892 0.625716
v 0.273479 0.196954 0.613772
v 0.255952 0.211382 0.647719
v 0.267620 0.200254 0.636511
v 0.274754 0.194456 0.644135
v 0.264329 0.204716 0.658724
v 0.280925 0.186940 0.650986
v 0.271217 0.195475 0.667564
v 0.274229 0.184415 0.673865
v 0.281157 0.192557 0.620759
v 0.297973 0.185378 0.588025
v 0.352868 0.163843 0.509549
v 0.408842 0.144207 0.430776
v 0.433022 0.134802 0.421243
v 0.427695 0.135201 0.404653
v 0.457148 0.123385 0.378905
v 0.467829 0.115999 0.359726
v 0.492321 0.110125 0.352092
v 0.512367 0.102542 0.335276
v 0.532362 0.094974 0.321808
v 0.571640 0.079949 0.298818
v 0.586646 0.067488 0.276039
v 0.636537 0.045419 0.251626
v 0.646695 0.037728 0.246272
v 0.649657 0.033346 0.249660
v -0.006971 0.132395 -0.429731
v -0.006681 0.123315 -0.417143
vn -0.1287 0.9850 -0.1147
vn -0.9160 0.3972 -0.0557
vn -0.1255 0.9883 -0.0860
vn -0.7588 0.6492 -0.0527
vn -0.8508 0.5125 -0.1165
vn -0.8837 0.4443 0.1470
vn -0.6880 0.7107 0.1465
vn -0.7033 0.4249 -0.5699
vn -0.8901 0.3458 -0.2971
vn -0.7035 0.5700 -0.4245
vn -0.9929 -0.0364 -0.1131
vn -0.9930 -0.0728 -0.0935
vn -0.9880 -0.0707 -0.1377
vn -0.9343 0.2178 -0.2823
vn -0.9630 0.1552 -0.2203
vn -0.9716 0.1660 -0.1685
vn -0.9851 0.0892 -0.1470
vn -0.9269 0.0792 -0.3669
vn -0.9049 0.2441 -0.3488
vn -0.9947 0.0394 -0.0947
vn -0.9990 -0.0097 -0.0436
vn -0.7155 -0.4596 -0.5261
vn -0.5770 -0.7445 -0.3358
vn -0.8569 -0.4623 -0.2280
vn -0.9980 -0.0490 -0.0391
vn -0.9965 0.0193 -0.0809
vn -0.9991 0.0175 -0.0382
vn -0.2893 -0.8140 0.5037
vn -0.3905 -0.8037 0.4490
vn -0.2994 -0.8472 0.4389
vn -0.3182 0.8829 0.3452
vn -0.2699 0.8932 0.3597
vn -0.2498 0.9036 0.3480
vn -0.1373 0.9218 0.3624
vn -0.2791 0.8867 0.3685
vn -0.3513 0.8696 0.3469
vn -0.4050 0.8517 0.3326
vn -0.3691 0.8606 0.3509
vn -0.4645 0.8236 0.3256
vn -0.5317 0.7916 0.3010
vn -0.4694 0.8245 0.3160
vn -0.8101 0.4978 0.3098
vn -0.8816 0.3762 0.2850
vn -0.8113 0.5196 0.2681
vn -0.9031 0.3165 0.2903
vn -0.9527 0.1419 0.2688
vn -0.8865 -0.4396 0.1446
vn -0.8112 -0.5637 0.1554
vn -0.7935 -0.5899 0.1498
vn -0.6673 -0.7349 0.1206
vn -0.5273 -0.8458 0.0809
vn -0.5578 -0.8239 0.1002
vn -0.4997 -0.8633 0.0712
vn -0.4873 -0.8698 0.0773
vn -0.4772 -0.8755 0.0761
vn -0.4747 -0.8769 0.0752
vn -0.3812 -0.9223 0.0639
vn -0.4032 -0.9123 0.0724
vn -0.2465 -0.9685 0.0341
vn -0.2221 -0.9742 0.0394
vn -0.0922 -0.9954 0.0252
vn -0.1979 -0.9794 0.0399
vn -0.0247 -0.9993 0.0294
vn -0.0972 -0.9950 0.0237
vn -0.0241 -0.9996 -0.0159
vn -0.1921 -0.1535 -0.9693
vn -0.9378 -0.0644 -0.3411
vn -0.2126 -0.2943 -0.9318
vn -0.9770 -0.0526 -0.2066
vn -0.9206 -0.1390 -0.3649
vn -0.0285 -0.9988 0.0389
vn -0.0623 -0.9981 -0.0005
vn -0.4592 -0.8867 0.0541
vn -0.5211 -0.8508 0.0682
vn -0.8964 -0.3543 0.2663
vn -0.9373 -0.2347 0.2576
vn -0.9520 -0.1774 0.2493
vn -0.9631 -0.0562 0.2633
vn -0.9631 -0.0517 0.2643
vn -0.9456 0.1829 0.2691
vn -0.4984 0.7975 0.3400
vn -0.4590 0.8114 0.3619
vn -0.5450 0.7815 0.3037
vn -0.3994 0.8445 0.3568
vn -0.4026 0.8506 0.3381
vn -0.3487 0.8655 0.3597
vn -0.3518 0.8709 0.3431
vn -0.3063 0.8465 0.4354
vn -0.1738 0.8925 0.4163
vn -0.1537 0.9219 0.3557
vn -0.0018 0.9330 0.3600
vn 0.0056 0.9346 0.3558
vn 0.0130 0.9195 0.3928
vn -0.1715 0.9116 0.3736
vn -0.3132 0.8824 0.3512
vn -0.3123 0.8750 0.3699
vn -0.3806 0.8423 0.3818
vn -0.3786 0.8593 0.3438
vn -0.4607 0.8162 0.3488
vn -0.4186 0.8431 0.3375
vn -0.4281 0.8261 0.3665
vn -0.5690 0.7650 0.3017
vn -0.5056 0.7979 0.3282
vn -0.5412 0.7790 0.3167
vn -0.6671 0.6860 0.2905
vn -0.7600 0.5707 0.3110
vn -0.6694 0.6762 0.3078
vn -0.7980 0.5464 0.2542
vn -0.9703 0.2212 0.0981
vn -0.9910 0.0841 0.1038
vn -0.9902 0.0289 0.1369
vn -0.9532 -0.2682 0.1393
vn -0.9674 -0.2151 0.1337
vn -0.9112 -0.3820 0.1541
vn -0.8379 -0.5284 0.1368
vn -0.6789 -0.7258 0.1107
vn -0.4658 -0.8781 0.1091
vn -0.4290 -0.8859 0.1764
vn -0.4600 -0.8828 0.0948
vn -0.4380 0.8389 0.3231
vn -0.4701 0.6764 0.5670
vn -0.5028 0.6107 0.6117
vn -0.3426 0.9350 0.0920
vn -0.3822 0.9057 0.1831
vn -0.3849 0.9174 0.1013
vn -0.3313 0.9414 0.0636
vn -0.3234 0.9454 0.0408
vn -0.3191 0.9469 0.0390
vn -0.3386 0.9389 0.0620
vn -0.3337 0.9419 0.0376
vn -0.3281 0.9446 -0.0103
vn -0.3269 0.9444 -0.0340
vn -0.3440 0.9387 0.0233
vn -0.3399 0.9404 -0.0063
vn -0.2628 0.9421 -0.2082
vn -0.2475 0.9400 -0.2350
vn -0.2966 0.9487 -0.1097
vn 0.0611 0.5534 -0.8307
vn -0.1606 0.8758 -0.4552
vn -0.1087 0.8639 -0.4917
vn 0.3630 -0.3545 -0.8617
vn 0.0817 0.3011 -0.9501
vn 0.3336 -0.8152 -0.4734
vn 0.2669 -0.4989 -0.8246
vn 0.2413 -0.9383 -0.2477
vn 0.2280 -0.8653 -0.4465
vn 0.3781 -0.8518 -0.3627
vn 0.3044 -0.9315 -0.1989
vn 0.2641 -0.9615 -0.0759
vn 0.2080 -0.9711 -0.1170
vn 0.1311 -0.9508 -0.2808
vn 0.2151 -0.9765 -0.0094
vn 0.0681 -0.9977 0.0016
vn 0.1198 -0.9868 -0.1090
vn 0.0006 -0.9928 -0.1202
vn -0.2307 -0.9659 -0.1174
vn -0.6858 0.5738 -0.4477
vn -0.6067 0.0410 -0.7939
vn -0.8241 0.1678 -0.5410
vn -0.4909 0.6164 -0.6157
vn -0.3254 -0.2156 -0.9207
vn -0.4406 0.4585 -0.7718
vn -0.4092 -0.3576 -0.8395
vn 0.0671 -0.9653 -0.2522
vn -0.1990 0.8909 -0.4082
vn -0.1181 0.7673 -0.6303
vn -0.3280 0.9447 0.0059
vn -0.3262 0.9446 -0.0366
vn -0.3348 0.9421 0.0158
vn -0.3454 0.9379 0.0323
vn -0.3604 0.9252 0.1185
vn -0.3266 0.9428 0.0670
vn -0.3646 0.9180 0.1561
vn -0.4036 0.8784 0.2559
vn -0.4303 0.7759 0.4613
vn -0.3864 0.8781 0.2820
vn -0.4356 0.3572 0.8262
vn -0.4281 0.7406 0.5180
vn -0.1761 -0.7828 0.5968
vn -0.2219 -0.8064 0.5481
vn -0.2386 -0.7014 0.6716
vn -0.1126 -0.9927 0.0429
vn -0.1420 -0.9895 0.0275
vn -0.1839 -0.9781 0.0976
vn -0.0793 -0.9967 0.0163
vn -0.0088 -0.9997 -0.0220
vn -0.0471 -0.9988 -0.0090
vn -0.0306 -0.9984 0.0471
vn -0.0240 -0.9984 0.0511
vn 0.0049 -0.9996 0.0278
vn -0.1322 -0.0652 -0.9891
vn -0.9362 -0.0193 -0.3509
vn -0.9920 -0.0018 -0.1266
vn -0.9948 -0.0324 -0.0966
vn -0.9981 -0.0061 -0.0610
vn -0.9884 -0.0397 -0.1468
vn -0.9915 0.1048 0.0776
vn -0.9740 0.2123 0.0797
vn -0.9768 0.1812 0.1141
vn -0.6353 0.7721 0.0134
vn -0.6591 0.7517 0.0210
vn -0.6442 0.7639 0.0370
vn -0.6429 0.7656 -0.0241
vn -0.6797 0.7327 -0.0339
vn -0.6737 0.7390 -0.0040
vn -0.6809 0.7298 -0.0622
vn -0.8143 0.5789 -0.0428
vn -0.8045 0.5908 -0.0615
vn -0.9536 0.2945 -0.0630
vn -0.9775 0.2036 -0.0560
vn -0.9767 0.2059 -0.0602
vn -0.9957 0.0660 -0.0649
vn -0.9939 -0.0581 -0.0940
vn -0.9967 0.0628 -0.0509
vn -0.9548 -0.2711 -0.1222
vn -0.9694 -0.2302 -0.0854
vn -0.9642 -0.2284 -0.1349
vn -0.9798 -0.1726 -0.1013
vn -0.9706 -0.2254 -0.0846
vn -0.9766 -0.1823 -0.1138
vn -0.9422 -0.3128 -0.1200
vn -0.9319 -0.3449 -0.1125
vn -0.9639 -0.2568 -0.0709
vn -0.8936 -0.4376 -0.0995
vn -0.7857 -0.6008 -0.1474
vn -0.7359 -0.6673 -0.1149
vn -0.5960 -0.7903 -0.1425
vn -0.9991 -0.0145 -0.0394
vn -0.9996 -0.0175 -0.0238
vn -0.9981 -0.0607 0.0118
vn -0.9998 -0.0065 0.0198
vn -0.9867 -0.1511 -0.0607
vn -0.9959 -0.0908 0.0010
vn -0.9936 -0.1068 -0.0366
vn -0.9676 -0.2510 -0.0267
vn -0.9979 -0.0643 -0.0051
vn -0.9963 -0.0850 0.0087
vn -0.9936 -0.1120 0.0148
vn -0.9959 -0.0895 -0.0146
vn -0.9810 -0.1941 0.0001
vn -0.9392 -0.3381 0.0594
vn -0.8754 -0.4802 0.0564
vn -0.8305 -0.5529 0.0678
vn -0.6157 0.3769 -0.6920
vn -0.4955 0.5172 -0.6979
vn -0.8379 -0.0703 -0.5413
vn -0.8492 -0.2297 -0.4754
vn -0.6888 -0.2669 -0.6740
vn 0.2564 -0.9496 0.1801
vn -0.0628 -0.9843 0.1649
vn -0.1935 -0.9673 0.1642
vn -0.3398 -0.9294 0.1439
vn -0.4240 -0.8899 0.1682
vn -0.6604 -0.7408 0.1230
vn -0.6477 -0.7603 0.0481
vn -0.9149 -0.3978 0.0680
vn -0.8318 -0.5512 -0.0655
vn -0.9273 -0.3713 0.0478
vn -0.9455 -0.2947 -0.1382
vn -0.9863 -0.1256 -0.1072
vn -0.9890 -0.1466 -0.0213
vn -0.9903 0.0099 -0.1383
vn -0.9754 0.0958 -0.1987
vn -0.9948 0.0341 -0.0960
vn -0.9691 0.1207 -0.2153
vn -0.9901 -0.0516 -0.1305
vn -0.9472 -0.0366 -0.3186
vn -0.9592 -0.2459 -0.1395
vn -0.5626 -0.8057 -0.1854
vn -0.8034 -0.5900 -0.0806
vn -0.9577 -0.2849 -0.0415
vn -0.9956 -0.0908 0.0211
vn -0.9979 -0.0603 0.0237
vn -0.9990 -0.0374 -0.0227
vn -0.9937 -0.1029 0.0438
vn -0.9878 -0.1522 -0.0315
vn -0.9968 -0.0760 0.0251
vn -0.3349 -0.9250 -0.1796
vn -0.4060 -0.8965 -0.1773
vn -0.3257 -0.9349 -0.1413
vn -0.8139 -0.5521 -0.1810
vn -0.8960 -0.4188 -0.1475
vn -0.7440 -0.6460 -0.1705
vn -0.9154 -0.3686 -0.1619
vn -0.9582 -0.2488 -0.1412
vn -0.9751 -0.1251 -0.1833
vn -0.9792 -0.0531 -0.1959
vn -0.9797 -0.1267 -0.1554
vn -0.9582 -0.2245 -0.1776
vn -0.9717 -0.1880 -0.1430
vn -0.9974 -0.0309 -0.0654
vn -0.9960 -0.0735 -0.0508
vn -0.9950 0.0530 -0.0842
vn -0.9939 0.0724 -0.0832
vn -0.9632 0.2638 -0.0526
vn -0.9191 0.3908 -0.0494
vn -0.9199 0.3887 -0.0521
vn -0.5399 0.8389 0.0697
vn -0.4913 0.8641 0.1094
vn -0.5528 0.8277 0.0964
vn -0.0201 -0.9998 -0.0018
vn -0.0778 -0.9970 0.0023
vn -0.0665 -0.9978 -0.0011
vn -0.0195 -0.9998 -0.0089
vn -0.4856 -0.8701 0.0846
vn -0.5421 -0.8353 0.0912
vn -0.4600 -0.8862 0.0555
vn -0.5999 -0.7930 0.1063
vn -0.6589 -0.7374 0.1483
vn -0.5726 -0.8118 0.1149
vn -0.8245 -0.5227 0.2168
vn -0.8540 -0.4502 0.2608
vn -0.8134 -0.5257 0.2489
vn -0.9034 -0.3675 0.2210
vn -0.5378 0.7255 0.4295
vn -0.4866 0.7516 0.4453
vn -0.4052 0.8009 0.4408
vn -0.3596 0.7285 0.5831
vn -0.2019 0.8240 0.5295
vn -0.1667 0.9135 0.3711
vn 0.0171 0.9262 0.3766
vn 0.0148 0.9279 0.3725
vn -0.1409 0.9137 0.3812
vn -0.3550 0.9013 0.2483
vn -0.4175 0.8770 0.2376
vn -0.4379 0.8578 0.2690
vn -0.5051 0.8134 0.2887
vn -0.5717 0.7636 0.3000
vn -0.5335 0.7948 0.2892
vn -0.6950 0.6882 0.2084
vn -0.8262 0.5301 0.1908
vn -0.6749 0.6957 0.2459
vn -0.8573 0.4899 0.1585
vn -0.9497 0.3007 0.0876
vn -0.4989 0.8447 0.1940
vn -0.4452 0.8786 0.1728
vn -0.4677 0.8503 0.2414
vn -0.3009 0.9536 -0.0127
vn -0.3168 0.9483 0.0181
vn -0.2957 0.9551 -0.0206
vn -0.2955 0.9533 -0.0619
vn -0.3035 0.9478 -0.0973
vn 0.3271 0.2097 -0.9214
vn 0.0331 0.7703 -0.6368
vn -0.0706 0.7797 -0.6221
vn 0.4700 -0.8293 -0.3024
vn 0.4988 -0.8254 -0.2642
vn 0.3996 -0.9030 -0.1578
vn 0.3259 -0.9393 -0.1069
vn 0.3665 -0.9190 -0.1455
vn -0.1545 -0.9879 0.0149
vn -0.7225 -0.6896 0.0504
vn -0.7317 -0.6674 -0.1385
vn -0.9849 0.1707 0.0293
vn -0.6798 0.7334 -0.0074
vn -0.9878 0.1318 -0.0826
vn -0.4722 0.8786 -0.0716
vn -0.7355 0.6550 -0.1732
vn -0.3499 0.9354 -0.0514
vn -0.3567 0.9216 -0.1531
vn -0.3382 0.9062 -0.2538
vn -0.5133 0.8099 -0.2841
vn -0.2691 0.8604 -0.4328
vn -0.3519 0.8124 -0.4648
vn -0.2519 0.9409 -0.2266
vn -0.3362 0.9417 -0.0144
vn -0.3181 0.9467 -0.0510
vn -0.3318 0.9430 0.0243
vn -0.3437 0.9374 0.0558
vn -0.3597 0.9267 0.1092
vn -0.4493 0.8138 0.3685
vn -0.5049 0.4743 0.7211
vn -0.4644 0.7695 0.4384
vn -0.3626 -0.0366 0.9312
vn -0.2313 -0.3830 0.8943
vn -0.3202 -0.1108 0.9409
vn -0.1394 -0.5477 0.8250
vn -0.2031 -0.4393 0.8751
vn -0.0872 -0.6658 0.7410
vn -0.1412 -0.5597 0.8165
vn 0.0030 -0.8129 0.5824
vn -0.0207 -0.7852 0.6189
vn -0.0274 -0.9855 0.1673
vn -0.1138 -0.9492 0.2934
vn -0.0613 -0.9397 0.3365
vn 0.0269 -0.9996 -0.0063
vn -0.0255 -0.9996 0.0139
vn -0.0706 -0.9865 0.1476
vn 0.0078 -0.9859 -0.1674
vn -0.0460 -0.9907 -0.1277
vn -0.0789 -0.9969 0.0070
vn -0.1209 -0.9888 0.0873
vn -0.0965 -0.9874 0.1255
vn -0.1129 -0.9918 -0.0605
vn -0.1486 -0.9823 -0.1144
vn -0.1244 -0.9922 0.0033
vn -0.0283 -0.9996 0.0083
vn -0.0492 -0.9982 -0.0353
vn 0.0051 -0.9995 0.0323
vn -0.0898 0.0383 -0.9952
vn -0.9101 0.0304 -0.4132
vn -0.9986 0.0058 -0.0530
vn -0.8861 0.3589 -0.2934
vn -0.8635 0.3100 0.3979
vn -0.5380 0.5085 0.6723
vn -0.5883 0.4927 0.6412
vn -0.9784 0.1581 0.1330
vn -0.9960 0.0783 0.0431
vn -0.9724 0.1610 0.1688
vn -0.9887 0.1372 0.0609
vn -0.6412 0.7651 -0.0581
vn -0.7526 0.6567 -0.0480
vn -0.6520 0.7554 -0.0656
vn -0.6732 0.7332 -0.0959
vn -0.7904 0.6068 -0.0841
vn -0.7757 0.6202 -0.1168
vn -0.8937 0.4348 -0.1110
vn -0.9060 0.4151 -0.0832
vn -0.8830 0.4619 -0.0837
vn -0.9417 0.3278 -0.0760
vn -0.9783 -0.1716 -0.1161
vn -0.9827 -0.1691 -0.0755
vn -0.9700 -0.2372 -0.0542
vn -0.8332 -0.5483 -0.0713
vn -0.6828 -0.7228 -0.1066
vn -0.8681 -0.4895 -0.0828
vn -0.5927 -0.7990 -0.1009
vn -0.5535 -0.8258 -0.1080
vn -0.5129 -0.8510 -0.1131
vn -0.8474 -0.5193 -0.1105
vn -0.9544 -0.2918 -0.0630
vn -0.8064 -0.5881 -0.0615
vn -0.9912 -0.1321 -0.0122
vn -0.9969 -0.0772 -0.0180
vn -0.9955 -0.0820 -0.0482
vn -0.9938 -0.1108 0.0076
vn -0.9954 -0.0762 -0.0589
vn -0.9970 -0.0740 -0.0237
vn -0.6018 -0.7938 0.0880
vn -0.8527 -0.5184 0.0653
vn -0.9763 -0.0003 -0.2166
vn -0.9950 -0.0455 -0.0885
vn -0.9804 -0.0862 -0.1769
vn -0.9500 -0.0754 -0.3030
vn -0.8415 0.1598 -0.5160
vn -0.9445 -0.1778 -0.2764
vn -0.8809 -0.2694 -0.3892
vn -0.7462 -0.3230 -0.5821
vn -0.7070 -0.3812 -0.5956
vn 0.2317 -0.9700 0.0738
vn -0.1815 -0.9816 0.0596
vn -0.7129 -0.6542 -0.2525
vn -0.5671 -0.8141 -0.1253
vn -0.5822 -0.7080 -0.3996
vn -0.8473 -0.4657 -0.2553
vn -0.9304 -0.2823 -0.2336
vn -0.9557 -0.1086 -0.2734
vn -0.9151 0.1107 -0.3877
vn -0.9114 0.2026 -0.3582
vn -0.3065 -0.5412 -0.7830
vn -0.2202 -0.0356 -0.9748
vn -0.7262 0.0378 -0.6865
vn -0.4908 -0.8710 -0.0199
vn -0.7841 -0.6205 0.0126
vn -0.9035 -0.4206 0.0817
vn -0.9731 -0.2261 0.0448
vn -0.9833 -0.1822 0.0024
vn -0.9685 -0.2364 0.0776
vn -0.6209 -0.7079 0.3366
vn -0.8183 -0.5509 0.1641
vn -0.9459 -0.3027 0.1169
vn -0.8858 -0.4408 0.1452
vn -0.6685 -0.7092 0.2238
vn -0.5303 -0.7799 0.3325
vn -0.6778 0.7118 0.1841
vn 0.0096 0.9630 0.2694
vn -0.7571 0.6376 0.1424
vn -0.9973 0.0645 -0.0353
vn -0.9924 0.1173 -0.0368
vn -0.9942 0.1061 -0.0200
vn -0.9983 0.0569 -0.0124
vn -0.9971 0.0760 -0.0038
vn -0.9984 0.0558 0.0103
vn -0.9925 -0.1215 -0.0126
vn -0.9277 -0.3165 -0.1983
vn -1.0000 -0.0050 -0.0026
vn -0.6423 -0.6459 -0.4126
vn -0.7600 -0.5320 -0.3734
vn -0.4437 -0.6531 -0.6137
vn -0.6133 -0.4381 -0.6572
vn -0.0900 -0.4897 -0.8672
vn -0.9990 0.0437 0.0068
vn -0.9923 0.1069 0.0626
vn -0.9984 0.0563 -0.0080
vn -0.9979 0.0510 -0.0397
vn -0.9961 0.0714 -0.0518
vn -0.9917 0.1188 -0.0499
vn -0.9913 0.1196 -0.0553
vn -0.9804 0.1971 0.0047
vn -0.9237 0.3751 0.0785
vn -0.9919 0.1235 -0.0305
vn -0.8803 0.4580 0.1237
vn -0.5592 0.7824 0.2742
vn -0.4736 0.8363 0.2762
vn 0.0829 0.9477 0.3081
vn -0.5995 0.7621 0.2443
vn -0.4784 -0.7743 0.4142
vn -0.2888 -0.8332 0.4715
vn -0.1932 -0.9763 -0.0979
vn -0.3112 -0.9495 0.0414
vn -0.2332 -0.9654 0.1163
vn -0.1425 -0.9817 -0.1266
vn -0.1952 -0.9700 -0.1451
vn -0.2280 -0.9641 -0.1363
vn -0.1211 -0.9814 -0.1491
vn -0.2147 -0.9612 -0.1734
vn -0.4819 -0.8464 -0.2267
vn -0.6509 -0.7303 -0.2076
vn -0.4405 -0.8769 -0.1922
vn -0.7067 -0.6563 -0.2645
vn -0.8256 -0.4932 -0.2742
vn -0.8443 -0.4951 -0.2050
vn -0.9649 -0.0744 -0.2518
vn -0.9184 -0.2582 -0.2998
vn -0.9582 -0.0345 -0.2840
vn -0.9925 -0.1106 -0.0512
vn -0.9964 -0.0675 -0.0511
vn -0.9924 -0.1092 -0.0563
vn -0.9974 0.0466 -0.0557
vn -0.9975 0.0489 -0.0507
vn -0.9650 0.2548 -0.0625
vn -0.9224 0.3836 -0.0452
vn -0.8122 0.5833 -0.0072
vn -0.8032 0.5952 -0.0236
vn -0.6629 0.7471 0.0493
vn -0.6443 0.7645 0.0197
vn -0.8217 0.5697 0.0116
vn -0.6853 0.7247 0.0721
vn -0.4718 0.8733 0.1213
vn -0.4188 0.8962 0.1461
vn -0.4535 0.8803 0.1395
vn -0.4723 0.8749 0.1072
vn -0.3726 0.9131 0.1652
vn -0.2687 0.9450 0.1865
vn -0.4155 0.8952 0.1614
vn 0.0148 0.9751 0.2213
vn -0.2940 0.9316 0.2139
vn -0.2449 0.9467 0.2094
vn 0.0099 0.9725 0.2328
vn 0.0087 0.9780 0.2085
vn -0.0816 -0.9964 0.0224
vn -0.1336 -0.9898 0.0487
vn -0.1398 -0.9901 0.0096
vn -0.2269 -0.9724 0.0542
vn -0.2321 -0.9722 0.0317
vn -0.3466 -0.9370 0.0436
vn -0.7590 -0.6126 0.2206
vn -0.8139 -0.5506 0.1857
vn -0.8479 -0.4932 0.1945
vn -0.8579 -0.4609 0.2271
vn -0.8585 -0.4639 0.2185
vn -0.1337 0.9586 0.2515
vn -0.2553 0.9351 0.2456
vn -0.2608 0.9356 0.2379
vn -0.3417 0.8977 0.2783
vn -0.3918 0.8816 0.2631
vn -0.3444 0.9086 0.2363
vn -0.7274 0.6565 -0.1997
vn -0.8320 0.4876 -0.2645
vn -0.8628 0.4425 -0.2445
vn -0.2558 0.9508 -0.1747
vn -0.2957 0.9511 -0.0898
vn -0.2727 0.9529 -0.1325
vn -0.2509 0.9491 -0.1902
vn -0.2764 0.9514 -0.1357
vn -0.2322 0.9468 -0.2230
vn -0.2322 0.9389 -0.2543
vn -0.2425 0.9483 -0.2046
vn -0.2106 0.9299 -0.3017
vn -0.1934 0.9284 -0.3174
vn -0.2167 0.9400 -0.2636
vn -0.1518 0.9055 -0.3962
vn 0.0564 0.4045 -0.9128
vn 0.1296 0.3686 -0.9205
vn -0.1626 0.9249 -0.3436
vn 0.3354 -0.6342 -0.6966
vn 0.3607 -0.6655 -0.6534
vn 0.0986 0.3491 -0.9319
vn 0.3365 -0.6711 -0.6606
vn 0.3331 -0.8736 -0.3546
vn 0.3307 -0.9065 -0.2623
vn 0.3558 -0.8541 -0.3793
vn 0.3628 -0.9066 -0.2156
vn 0.3336 -0.9271 -0.1706
vn 0.3355 -0.9299 -0.1507
vn 0.3546 -0.9088 -0.2198
vn 0.3377 -0.9358 -0.1009
vn 0.3550 -0.9172 -0.1810
vn 0.3359 -0.9408 -0.0453
vn 0.3636 -0.9271 -0.0910
vn 0.3244 -0.9451 -0.0396
vn 0.2909 -0.9563 -0.0286
vn 0.2185 -0.9754 0.0272
vn 0.1725 -0.9846 0.0281
vn 0.2502 -0.9682 0.0026
vn 0.1262 -0.9896 0.0690
vn 0.0327 -0.9966 0.0759
vn -0.0688 -0.9864 0.1496
vn -0.1101 -0.9891 0.0974
vn -0.6224 -0.7685 0.1481
vn -0.5843 -0.7927 0.1738
vn -0.9798 0.1436 0.1395
vn -0.3143 0.9428 -0.1114
vn -0.2803 0.9361 -0.2125
vn -0.3249 0.9444 -0.0506
vn -0.2932 0.9480 -0.1243
vn -0.3426 0.9394 0.0072
vn -0.3478 0.9368 0.0387
vn -0.3355 0.9411 0.0432
vn -0.3794 0.9154 0.1345
vn -0.3898 0.9015 0.1882
vn -0.4412 0.8464 0.2981
vn -0.5207 0.5872 0.6198
vn -0.4691 -0.0428 0.8821
vn -0.2824 -0.5154 0.8091
vn -0.4374 -0.0009 0.8992
vn 0.0954 -0.9675 0.2340
vn 0.1186 -0.9819 0.1474
vn 0.0773 -0.9295 0.3606
vn 0.1099 -0.9930 0.0433
vn 0.1284 -0.9861 -0.1053
vn 0.0581 -0.9885 0.1399
vn 0.0165 -0.9836 0.1796
vn 0.0737 -0.9651 -0.2513
vn 0.0172 -0.9446 -0.3278
vn -0.2038 -0.9694 -0.1367
vn -0.1958 -0.9610 -0.1953
vn -0.2856 0.9446 -0.1616
vn -0.4698 0.8714 -0.1414
vn -0.2864 0.9449 -0.1586
vn -0.4425 0.8850 -0.1449
vn -0.5035 0.8529 -0.1379
vn -0.4581 0.8794 -0.1298
vn -0.5228 0.8420 -0.1332
vn -0.5731 0.8095 -0.1273
vn -0.5613 0.8171 -0.1314
vn -0.6479 0.7523 -0.1191
vn -0.7426 0.6618 -0.1030
vn -0.7654 0.6365 -0.0953
vn -0.8262 0.5536 -0.1041
vn -0.8392 0.5369 -0.0861
vn -0.7770 -0.6210 -0.1033
vn -0.6855 -0.7143 -0.1412
vn -0.8409 -0.5325 -0.0965
vn -0.6386 -0.7594 -0.1244
vn -0.5550 -0.8247 -0.1085
vn -0.5556 -0.8195 -0.1406
vn -0.5341 -0.8375 -0.1150
vn -0.5437 -0.8293 -0.1289
vn -0.5449 -0.8216 -0.1675
vn -0.5127 -0.8419 -0.1685
vn -0.5673 -0.8129 -0.1318
vn -0.4666 -0.8714 -0.1518
vn -0.4604 -0.8658 -0.1958
vn -0.0870 -0.8697 0.4858
vn -0.4290 -0.8032 0.4133
vn -0.0573 -0.8548 0.5158
vn 0.3305 -0.8199 0.4675
vn 0.4053 -0.7811 0.4750
vn -0.3883 0.7647 -0.5142
vn -0.8638 0.4375 -0.2499
vn -0.9030 0.3796 -0.2012
vn -0.9598 0.2587 -0.1089
vn -0.8408 0.1189 -0.5281
vn -0.9575 0.1802 -0.2253
vn -0.8608 -0.2571 -0.4393
vn -0.9649 0.2307 -0.1254
vn -0.9601 0.2374 -0.1478
vn -0.6297 0.7665 0.1260
vn -0.8451 0.5110 0.1570
vn -0.6859 0.6876 0.2381
vn -0.0995 0.9913 0.0859
vn -0.7122 0.6959 0.0918
vn -0.8845 0.4227 0.1974
vn -0.9752 0.2055 0.0820
vn -0.8621 0.4853 0.1459
vn -0.7474 0.6121 0.2584
vn -0.4582 0.8477 0.2674
vn -0.3532 0.8744 0.3327
vn -0.1470 -0.9218 -0.3587
vn -0.3444 -0.8818 -0.3222
vn -0.2948 -0.9144 -0.2774
vn -0.9477 -0.1763 -0.2659
vn -0.9874 -0.1051 -0.1185
vn -0.9781 -0.1834 -0.0987
vn -0.9682 -0.1914 -0.1611
vn -0.9923 -0.1009 -0.0718
vn -0.9972 -0.0730 -0.0152
vn -0.9532 -0.2907 -0.0834
vn -0.9694 -0.2299 -0.0856
vn -0.5478 -0.8197 -0.1673
vn -0.5714 -0.7948 -0.2045
vn -0.5727 -0.8013 -0.1731
vn -0.6061 -0.7711 -0.1949
vn -0.8991 -0.4232 -0.1121
vn -0.9449 -0.3108 -0.1025
vn -0.8697 -0.4775 -0.1248
vn -0.9834 -0.1713 -0.0606
vn -0.9929 0.1056 -0.0554
vn -0.9869 0.1322 -0.0925
vn -0.9272 0.3682 -0.0694
vn -0.9163 0.3917 -0.0835
vn -0.8662 0.4934 -0.0792
vn -0.8602 0.5056 -0.0669
vn -0.6989 0.7061 -0.1134
vn -0.5709 0.8117 -0.1233
vn -0.5288 0.8385 -0.1313
vn -0.5405 0.8319 -0.1258
vn -0.9466 0.1408 -0.2900
vn -0.8285 0.1562 -0.5377
vn -0.7471 0.2715 -0.6067
vn -0.9908 0.0579 -0.1221
vn -0.9945 0.0387 -0.0973
vn -0.9882 0.0290 -0.1506
vn -0.9988 0.0304 -0.0389
vn -0.9975 0.0183 -0.0682
vn -0.9974 0.0376 -0.0607
vn -0.9957 0.0573 -0.0730
vn -0.9906 0.0879 -0.1050
vn -0.9834 0.0955 -0.1543
vn -0.9706 0.1769 -0.1631
vn -0.9367 0.3161 -0.1503
vn -0.9721 0.2004 -0.1218
vn -0.5852 0.7875 -0.1932
vn -0.5167 0.8426 -0.1522
vn -0.6206 0.7704 -0.1460
vn -0.5945 0.7968 -0.1078
vn -0.6011 0.7914 -0.1112
vn -0.5802 0.8060 -0.1172
vn -0.7058 0.7008 -0.1035
vn -0.7151 0.6921 -0.0975
vn -0.8436 0.5312 -0.0781
vn -0.8493 0.5226 -0.0746
vn -0.9448 0.3215 -0.0629
vn -0.9053 0.4138 -0.0961
vn -0.9975 0.0424 -0.0562
vn -0.9393 0.3368 -0.0651
vn -0.9959 0.0571 -0.0704
vn -0.9699 -0.2125 -0.1191
vn -0.9593 -0.2656 -0.0957
vn -0.9570 -0.2801 -0.0749
vn -0.9722 -0.2269 -0.0588
vn -0.9454 -0.3238 -0.0377
vn -0.8422 -0.5314 -0.0908
vn -0.6904 -0.7024 -0.1731
vn -0.8654 -0.4810 -0.1403
vn -0.6361 -0.7516 -0.1742
vn -0.6308 -0.7608 -0.1527
vn -0.5974 -0.7866 -0.1562
vn -0.7920 -0.5768 -0.2001
vn -0.9213 -0.3571 -0.1542
vn -0.9945 -0.0991 -0.0350
vn -0.9977 -0.0612 -0.0279
vn -0.8348 -0.5223 -0.1739
vn -0.7285 -0.6635 -0.1704
vn -0.8104 -0.5593 -0.1747
vn -0.6077 -0.7793 -0.1526
vn -0.5764 -0.7967 -0.1818
vn -0.6356 -0.7585 -0.1437
vn -0.9150 -0.3768 -0.1443
vn -0.9768 -0.1787 -0.1183
vn -0.8837 -0.4342 -0.1748
vn -0.9681 -0.2424 -0.0635
vn -0.9786 -0.1929 -0.0717
vn -0.9672 -0.2381 -0.0883
vn -0.9825 -0.1761 -0.0608
vn -0.9961 0.0660 -0.0583
vn -0.7235 0.6827 -0.1018
vn -0.7218 0.6845 -0.1018
vn -0.6268 0.7684 -0.1292
vn -0.5965 0.7905 -0.1393
vn -0.5735 0.8032 -0.1613
vn -0.6627 0.7350 -0.1436
vn -0.6782 0.7173 -0.1596
vn -0.9127 0.3811 -0.1476
vn -0.9684 0.2320 -0.0918
vn -0.9883 0.1103 -0.1052
vn -0.9928 0.0908 -0.0787
vn -0.9978 0.0556 -0.0363
vn -0.9980 0.0488 -0.0405
vn -0.9987 0.0267 -0.0443
vn -0.9968 0.0776 -0.0167
vn -0.9925 0.1104 -0.0521
vn -0.7565 0.6374 0.1466
vn -0.2059 0.9298 0.3052
vn -0.1695 0.9601 0.2225
vn -0.6952 0.5930 0.4064
vn -0.9133 0.3341 0.2330
vn -0.6927 0.5530 0.4629
vn -0.9043 0.3207 0.2819
vn -0.8918 0.3064 0.3329
vn -0.9983 0.0578 -0.0029
vn -0.9968 0.0796 -0.0046
vn -0.9959 0.0814 0.0394
vn -0.9929 0.1180 0.0121
vn -0.9962 0.0829 0.0275
vn -0.9929 0.1137 0.0358
vn -0.9924 0.1218 -0.0185
vn -0.9749 0.2218 -0.0187
vn -0.9716 0.2293 -0.0584
vn -0.8975 0.4400 -0.0304
vn -0.8879 0.4506 -0.0925
vn -0.7620 0.6402 -0.0979
vn -0.6594 0.7446 -0.1038
vn -0.8906 0.4318 -0.1428
vn -0.9901 0.1212 -0.0707
vn -0.9946 0.0945 -0.0421
vn -0.9981 0.0502 -0.0366
vn -0.9855 0.1688 0.0195
vn -0.9506 0.3059 0.0528
vn -0.9895 0.1446 -0.0028
vn -0.9472 0.3091 0.0851
vn -0.7834 0.5851 0.2097
vn -0.9879 0.1490 0.0427
vn -0.9974 0.0700 -0.0152
vn -0.9879 0.1418 0.0625
vn -0.9977 0.0661 -0.0118
vn -0.7978 0.5428 0.2626
vn -0.2133 0.8800 0.4244
vn -0.6585 0.7424 -0.1236
vn -0.7468 0.6583 -0.0943
vn -0.7669 0.6338 -0.1010
vn -0.8598 0.5053 -0.0733
vn -0.9229 0.3831 -0.0387
vn -0.9278 0.3674 -0.0649
vn -0.9722 -0.2302 -0.0416
vn -0.9846 -0.1674 -0.0502
vn -0.9765 -0.2116 -0.0409
vn -0.9827 -0.1763 -0.0565
vn -0.9781 -0.2051 -0.0347
vn -0.9832 -0.1706 -0.0648
vn -0.9354 -0.3489 -0.0582
vn -0.9258 -0.3624 -0.1073
vn -0.7777 -0.6171 -0.1197
vn -0.7587 -0.6278 -0.1738
vn -0.6290 -0.7595 -0.1661
vn -0.5949 -0.7779 -0.2025
vn -0.5847 -0.7855 -0.2030
vn -0.5571 -0.8152 -0.1584
vn -0.5464 -0.8169 -0.1846
vn -0.5641 -0.8009 -0.2010
vn -0.5874 -0.7760 -0.2299
vn -0.5983 -0.7661 -0.2348
vn -0.6304 -0.7361 -0.2465
vn -0.8200 0.5645 -0.0940
vn -0.8687 0.4889 -0.0799
vn -0.9726 0.0651 -0.2232
vn -0.9946 0.0698 0.0773
vn -0.9916 0.0599 0.1142
vn -0.9933 0.0504 0.1039
vn -0.9825 -0.1666 -0.0834
vn -0.6210 -0.6405 -0.4519
vn -0.8419 -0.4489 -0.2997
vn -0.7727 -0.4456 -0.4520
vn -0.9881 0.1447 -0.0522
vn -0.8915 0.2559 -0.3738
vn -0.9658 -0.1255 -0.2268
vn -0.3859 -0.6971 -0.6043
vn -0.6976 -0.5283 -0.4840
vn -0.4079 -0.7124 -0.5711
vn -0.9818 -0.1407 -0.1276
vn -0.9138 -0.2867 -0.2876
vn -0.9935 -0.0671 -0.0922
vn -0.9847 0.1529 -0.0840
vn -0.9729 0.2222 -0.0646
vn -0.9821 0.1837 -0.0427
vn -0.9927 0.1110 -0.0466
vn -0.9851 0.1681 -0.0360
vn -0.9780 0.2084 -0.0076
vn -0.9564 0.2888 0.0443
vn -0.2468 -0.9429 -0.2236
vn -0.4825 -0.8299 -0.2802
vn -0.3204 -0.9271 -0.1947
vn -0.6384 -0.6994 -0.3212
vn -0.8478 -0.4087 -0.3380
vn -0.8271 -0.4521 -0.3339
vn -0.9222 -0.2252 -0.3144
vn -0.0177 -0.9469 -0.3212
vn -0.0075 -0.9154 -0.4025
vn -0.0977 -0.8710 -0.4816
vn 0.0243 -0.9698 -0.2426
vn 0.0624 -0.9634 -0.2608
vn 0.1050 -0.9911 -0.0817
vn 0.1594 -0.9829 -0.0920
vn 0.1070 -0.9826 -0.1517
vn 0.2356 -0.9689 -0.0761
vn 0.2493 -0.9651 -0.0803
vn 0.2577 -0.9627 -0.0825
vn 0.2511 -0.9640 -0.0878
vn 0.3106 -0.9480 -0.0699
vn 0.2977 -0.9517 -0.0753
vn 0.2423 -0.9701 -0.0159
vn 0.1728 -0.9825 0.0693
vn 0.2357 -0.9717 -0.0150
vn 0.1261 -0.9824 0.1375
vn 0.0557 -0.9707 0.2339
vn 0.1453 -0.9819 0.1219
vn -0.0578 -0.9307 0.3613
vn -0.1671 -0.8547 0.4915
vn 0.0106 -0.9582 0.2861
vn -0.4833 -0.4941 0.7227
vn -0.1096 -0.9180 0.3812
vn -0.8662 -0.0575 0.4964
vn -0.4424 -0.7566 0.4814
vn -0.8300 0.1271 0.5431
vn -0.6142 0.7597 0.2137
vn -0.6422 0.7413 0.1950
vn -0.4418 0.8930 0.0859
vn -0.4841 0.8736 0.0499
vn -0.4185 0.9074 0.0387
vn -0.3651 0.9310 0.0007
vn -0.3484 0.9371 -0.0203
vn -0.3851 0.9227 -0.0155
vn -0.4911 0.8710 0.0113
vn -0.6783 0.7260 0.1127
vn -0.9113 -0.0449 0.4094
vn -0.4147 -0.8443 0.3394
vn 0.1647 -0.9818 0.0943
vn 0.2269 -0.9733 0.0348
vn 0.0623 -0.9817 0.1800
vn 0.2783 -0.9601 -0.0283
vn 0.2729 -0.9598 -0.0647
vn 0.2736 -0.9586 -0.0793
vn 0.3089 -0.9488 -0.0659
vn 0.3306 -0.9411 -0.0708
vn 0.3112 -0.9463 -0.0872
vn 0.2691 -0.9613 -0.0583
vn 0.2373 -0.9686 -0.0746
vn 0.2642 -0.9579 -0.1120
vn 0.2728 -0.9522 -0.1375
vn 0.2538 -0.9616 -0.1048
vn 0.2617 -0.9520 -0.1588
vn 0.2342 -0.9640 -0.1258
vn 0.2344 -0.9539 -0.1874
vn 0.2009 -0.9710 -0.1295
vn 0.1978 -0.9560 -0.2168
vn 0.1519 -0.9669 -0.2048
vn 0.0440 -0.9194 -0.3908
vn -0.9813 0.1836 -0.0571
vn -0.9856 0.1609 -0.0513
vn -0.9674 0.2462 -0.0590
vn -0.8299 0.5572 0.0265
vn -0.4901 0.8595 0.1451
vn -0.4129 0.8955 0.1661
vn -0.2284 0.9443 0.2371
vn 0.0058 0.9665 0.2565
vn -0.0160 -0.9894 0.1446
vn -0.0061 -0.9985 0.0541
vn -0.0243 -0.9931 0.1148
vn -0.0665 -0.9971 0.0381
vn -0.2076 -0.9758 0.0684
vn -0.0567 -0.9975 0.0427
vn -0.6291 -0.7362 0.2497
vn -0.6502 -0.7237 0.2314
vn -0.6863 -0.6738 0.2738
vn -0.6697 -0.6721 0.3158
vn -0.7532 -0.6048 0.2588
vn -0.6609 -0.6327 0.4037
vn -0.7816 -0.5375 0.3165
vn -0.3865 0.8942 0.2260
vn -0.3517 0.9052 0.2386
vn -0.3994 0.8933 0.2062
vn -0.6301 0.7578 0.1692
vn -0.5246 0.8319 0.1808
vn -0.6301 0.7596 0.1614
vn -0.9635 0.2242 -0.1459
vn -0.9794 0.2021 0.0007
vn -0.9933 0.1147 0.0165
vn -0.9879 -0.0546 -0.1451
vn -0.9909 0.0780 -0.1095
vn -0.9689 0.1421 -0.2024
vn -0.9377 0.3347 -0.0935
vn -0.8904 0.4353 -0.1329
vn -0.2874 0.9422 -0.1723
vn -0.1624 0.9633 -0.2138
vn -0.3003 0.9149 -0.2698
vn -0.3526 0.9339 -0.0589
vn -0.2020 0.9748 -0.0951
vn -0.1541 0.9767 -0.1497
vn -0.2038 0.9720 -0.1173
vn -0.1950 0.9666 -0.1665
vn -0.2312 0.9580 -0.1697
vn -0.2355 0.9468 -0.2196
vn -0.1566 0.8894 -0.4294
vn 0.2536 -0.5156 -0.8185
vn 0.3204 -0.6349 -0.7030
vn 0.2888 -0.8751 -0.3883
vn 0.3006 -0.8916 -0.3388
vn 0.3130 -0.9150 -0.2546
vn 0.3276 -0.9377 -0.1160
vn 0.3102 -0.9479 -0.0731
vn 0.3273 -0.9388 -0.1074
vn 0.3168 -0.9474 -0.0442
vn 0.2942 -0.9557 -0.0005
vn 0.2552 -0.9668 0.0152
vn 0.2826 -0.9591 -0.0165
vn 0.1174 -0.9892 0.0876
vn -0.4698 -0.8442 0.2581
vn -0.9571 -0.0141 0.2894
vn -0.0577 -0.9784 0.1984
vn 0.2879 -0.9554 -0.0662
vn 0.2917 -0.9543 -0.0651
vn 0.2880 -0.9566 -0.0442
vn 0.2734 -0.9606 -0.0502
vn 0.2776 -0.9569 -0.0853
vn 0.2366 -0.9309 -0.2783
vn -0.9140 0.4040 -0.0382
vn -0.9918 0.1112 -0.0629
vn -0.8828 0.4669 -0.0522
vn -0.9923 -0.0587 -0.1087
vn -0.9956 -0.0191 -0.0919
vn -0.9962 -0.0621 -0.0611
vn -0.9969 0.0065 -0.0782
vn -0.9898 0.1105 -0.0903
vn -0.9894 0.1349 -0.0538
vn -0.9990 0.0193 -0.0395
vn -0.9948 -0.0411 -0.0932
vn -0.9933 -0.0196 -0.1135
vn -0.9876 0.1111 -0.1114
vn -0.9556 0.2894 -0.0559
vn -0.9632 0.2617 -0.0620
vn -0.7763 0.6294 0.0356
vn -0.6628 0.7415 0.1037
vn -0.8023 0.5966 0.0209
vn -0.3227 0.9187 0.2278
vn -0.2164 0.9450 0.2454
vn -0.3260 0.9164 0.2321
vn -0.2051 0.9472 0.2465
vn 0.0035 0.9658 0.2592
vn 0.0047 0.9685 0.2490
vn -0.0415 -0.9939 0.1023
vn -0.0041 -0.9960 0.0898
vn -0.5943 -0.7041 0.3886
vn -0.5361 -0.6892 0.4875
vn -0.5971 -0.6151 0.5149
vn -0.0170 -0.2510 0.9678
vn -0.2217 -0.1589 0.9621
vn -0.1710 -0.3451 0.9229
vn 0.0123 0.9664 0.2569
vn -0.1778 0.9559 0.2337
vn -0.1703 0.9457 0.2769
vn -0.2907 0.9307 0.2222
vn -0.2943 0.9232 0.2473
vn -0.3623 0.9061 0.2184
vn -0.4072 0.8898 0.2061
vn -0.3579 0.9086 0.2151
vn -0.4184 0.8839 0.2089
vn -0.4611 0.8658 0.1942
vn -0.4798 0.8562 0.1918
vn -0.8903 0.4537 -0.0400
vn -0.7335 0.6761 0.0697
vn -0.9088 0.4173 -0.0044
vn -0.9851 -0.0930 -0.1447
vn -0.9835 -0.0930 -0.1555
vn -0.9952 -0.0183 -0.0957
vn -0.9930 0.0862 -0.0802
vn -0.8736 0.4813 -0.0712
vn -0.6394 0.7502 -0.1684
vn -0.8972 0.4142 -0.1531
vn -0.3337 0.9019 -0.2744
vn -0.2697 0.9333 -0.2369
vn -0.2715 0.9514 -0.1455
vn -0.2919 0.8982 -0.3286
vn -0.2418 0.9218 -0.3031
vn -0.0000 0.4749 -0.8800
vn -0.1518 0.8615 -0.4846
vn -0.1335 0.8222 -0.5533
vn 0.1789 -0.3929 -0.9020
vn 0.2825 -0.9334 -0.2215
vn 0.2961 -0.9385 -0.1778
vn 0.3145 -0.9312 -0.1841
vn 0.2948 -0.9469 -0.1281
vn 0.3111 -0.9427 -0.1209
vn 0.3048 -0.9493 -0.0766
vn 0.2992 -0.9541 -0.0104
vn 0.2960 -0.9542 -0.0434
vn 0.2875 -0.9575 -0.0246
vn 0.2957 -0.9552 -0.0162
vn 0.2824 -0.9593 0.0052
vn 0.2661 -0.9166 -0.2982
vn 0.2520 -0.9452 -0.2078
vn 0.2763 -0.8976 -0.3435
vn 0.2082 -0.8703 -0.4464
vn 0.2447 -0.8715 -0.4251
vn -0.1333 0.7480 -0.6501
vn -0.0393 0.3803 -0.9240
vn 0.0030 0.4521 -0.8920
vn -0.9613 0.2567 -0.0997
vn -0.8400 0.5408 -0.0447
vn -0.9959 -0.0009 -0.0906
vn -0.5186 0.8379 0.1702
vn -0.4540 0.8698 0.1934
vn -0.5448 0.8247 0.1519
vn -0.3111 0.9205 0.2366
vn -0.1083 -0.9573 0.2681
vn -0.1726 -0.9499 0.2605
vn -0.0875 -0.9693 0.2296
vn -0.1893 -0.6613 0.7259
vn -0.3440 -0.6079 0.7156
vn -0.2922 -0.6972 0.6546
vn -0.0000 -0.4727 0.8812
vn -0.1308 -0.4449 0.8860
vn -0.1105 -0.5392 0.8349
vn 0.0049 0.9701 0.2426
vn -0.4394 0.8756 0.2007
vn -0.3856 0.9214 0.0479
vn -0.3822 0.9178 0.1073
vn -0.4804 0.8372 0.2612
vn -0.6209 0.4998 0.6039
vn -0.5491 0.5713 0.6100
vn -0.2449 -0.7173 0.6523
vn -0.0725 -0.8728 0.4827
vn -0.2257 -0.6653 0.7116
vn -0.1234 -0.7477 0.6525
vn -0.0632 -0.8507 0.5218
vn 0.1342 -0.9728 0.1889
vn 0.2031 -0.9777 0.0537
vn 0.1069 -0.9646 0.2412
vn 0.1733 -0.9843 0.0331
vn 0.1256 -0.9775 0.1697
vn 0.2061 -0.9766 -0.0618
vn 0.2122 -0.9702 -0.1171
vn 0.1566 -0.9872 -0.0289
vn 0.1769 -0.9756 -0.1300
vn 0.1649 -0.9623 -0.2164
vn 0.1392 -0.9408 -0.3092
vn 0.1132 -0.9608 -0.2529
vn -0.0612 -0.9830 -0.1730
vn -0.0948 -0.9663 -0.2391
vn -0.0541 -0.9680 -0.2451
vn -0.0841 -0.9875 -0.1332
vn -0.1054 -0.9766 -0.1877
vn -0.4632 0.8767 -0.1301
vn -0.5160 0.8438 -0.1472
vn -0.5154 0.8483 -0.1215
vn -0.5513 0.8231 -0.1364
vn -0.5374 0.8355 -0.1148
vn -0.5340 0.8397 -0.0986
vn -0.6340 0.7667 -0.1015
vn -0.7418 0.6623 -0.1051
vn -0.8146 0.5695 -0.1097
vn -0.8986 0.4312 -0.0808
vn -0.9463 0.3152 -0.0716
vn -0.9666 0.2488 -0.0623
vn -0.9841 0.1461 -0.1010
vn -0.9930 0.1094 -0.0456
vn -0.9832 -0.1318 -0.1262
vn -0.9879 -0.1288 -0.0858
vn -0.8947 -0.4205 -0.1507
vn -0.8987 -0.4249 -0.1084
vn -0.7418 -0.6505 -0.1628
vn -0.7474 -0.6538 -0.1180
vn -0.6272 -0.7592 -0.1740
vn -0.6170 -0.7742 -0.1413
vn -0.5766 -0.8003 -0.1646
vn -0.5627 -0.8129 -0.1505
vn -0.5639 -0.8201 -0.0975
vn -0.4720 -0.8794 -0.0626
vn -0.6955 -0.6974 0.1729
vn -0.7622 -0.6059 0.2279
vn -0.6738 -0.7021 0.2302
vn -0.6090 -0.7330 0.3029
vn -0.6899 -0.6509 0.3169
vn -0.7438 -0.5948 0.3048
vn -0.5150 -0.7406 0.4317
vn -0.9800 0.1836 -0.0770
vn -0.9859 0.1352 -0.0990
vn -0.9233 0.3542 0.1485
vn -0.6606 0.7063 0.2544
vn -0.9963 0.0814 0.0277
vn -0.9973 0.0731 0.0011
vn -0.9886 0.1344 0.0674
vn -0.3137 -0.6580 -0.6846
vn -0.7678 -0.4381 -0.4674
vn -0.9482 -0.2006 -0.2464
vn -0.9980 0.0076 -0.0620
vn -0.9952 0.0015 -0.0980
vn -0.9929 0.0907 -0.0775
vn -0.9853 0.1127 -0.1285
vn -0.9639 -0.0050 -0.2662
vn -0.9668 0.0504 -0.2505
vn -0.9866 0.0561 -0.1535
vn -0.9908 -0.0531 -0.1247
vn -0.9858 -0.0912 -0.1413
vn -0.9922 -0.0494 -0.1144
vn -0.9502 -0.1811 -0.2537
vn -0.1774 -0.6474 -0.7412
vn -0.7351 -0.4290 -0.5250
vn -0.2987 -0.6622 -0.6872
vn -0.1719 -0.5619 -0.8092
vn -0.7872 -0.3390 -0.5153
vn -0.9581 -0.1567 -0.2398
vn -0.9618 -0.0769 -0.2628
vn -0.9736 -0.1061 -0.2020
vn -0.9444 -0.0736 -0.3203
vn -0.9394 -0.0528 -0.3387
vn -0.9458 -0.0409 -0.3222
vn -0.9136 -0.0133 -0.4064
vn -0.9354 0.0527 -0.3495
vn -0.9499 0.0213 -0.3118
vn -0.5976 0.2602 -0.7584
vn -0.9645 0.0655 -0.2558
vn -0.9698 0.0951 -0.2244
vn -0.5443 0.3246 -0.7736
vn -0.9796 0.0652 -0.1903
vn -0.9895 0.0563 -0.1334
vn -0.9913 0.0674 -0.1130
vn -0.9918 0.0455 -0.1194
vn -0.9894 0.0926 -0.1122
vn -0.9907 0.0904 -0.1019
vn -0.9903 0.1097 -0.0852
vn -0.9933 0.0753 -0.0874
vn -0.7355 -0.6708 -0.0951
vn -0.7194 -0.6946 0.0024
vn -0.9478 -0.3116 -0.0672
vn -0.8612 -0.4366 -0.2600
vn -0.4051 -0.8645 -0.2975
vn -0.3748 -0.9126 -0.1634
vn -0.2343 -0.9697 -0.0686
vn 0.0985 -0.9812 -0.1657
vn -0.4214 -0.9003 0.1085
vn -0.2918 -0.9564 0.0111
vn -0.9985 0.0180 -0.0509
vn -0.9984 0.0491 -0.0283
vn -0.9933 0.0365 -0.1094
vn -0.9895 0.0197 -0.1433
vn -0.9789 0.0219 -0.2029
vn -0.9698 -0.0087 -0.2439
vn -0.9629 0.0265 -0.2685
vn -0.9619 -0.0676 -0.2648
vn -0.9652 -0.1225 -0.2312
vn -0.9533 -0.0966 -0.2863
vn -0.9683 0.2161 -0.1255
vn -0.9297 0.3647 -0.0524
vn -0.9588 0.2820 -0.0339
vn -0.9608 0.2728 -0.0491
vn -0.9650 0.2611 -0.0234
vn -0.9189 0.3888 0.0671
vn -0.4945 0.7877 0.3675
vn 0.1565 0.9024 0.4015
vn -0.4986 0.8193 0.2830
vn -0.8926 0.4245 0.1516
vn -0.8839 0.4579 0.0947
vn -0.5827 0.8083 0.0842
vn -0.8781 0.4648 -0.1135
vn -0.8352 -0.0512 -0.5475
vn -0.9405 -0.0648 -0.3336
vn -0.9568 0.0842 -0.2784
vn -0.5079 -0.0967 -0.8560
vn -0.8172 -0.0890 -0.5694
vn 0.0404 0.9489 0.3129
vn -0.1283 0.9740 0.1868
vn -0.9856 0.1297 -0.1087
vn -0.9843 0.0319 -0.1735
vn -0.9906 0.1338 -0.0296
vn 0.0684 -0.9940 -0.0855
vn -0.0097 -0.9957 -0.0916
vn -0.0073 -0.9949 -0.1004
vn 0.0935 -0.9868 -0.1324
vn -0.0053 -0.9943 -0.1062
vn -0.0774 -0.9897 -0.1207
vn -0.0948 -0.9896 -0.1084
vn -0.1194 -0.9825 -0.1431
vn -0.1027 -0.9871 -0.1230
vn 0.0182 -0.9906 -0.1359
vn 0.0565 -0.9908 -0.1229
vn -0.0038 -0.9844 -0.1761
vn -0.0949 -0.9786 -0.1825
vn 0.0948 -0.9900 -0.1047
vn -0.0242 -0.9818 -0.1885
vn -0.0690 -0.9842 -0.1633
vn -0.2334 -0.9467 -0.2220
vn -0.3689 -0.8767 -0.3086
vn -0.4811 -0.8279 -0.2884
vn -0.6106 -0.7365 -0.2912
vn -0.1109 -0.9581 -0.2642
vn -0.4793 -0.7465 -0.4616
vn -0.6773 -0.6015 -0.4236
vn -0.0282 -0.9592 -0.2812
vn -0.0156 -0.9627 -0.2700
vn 0.0018 -0.9683 -0.2499
vn 0.2411 -0.9627 -0.1231
vn 0.2662 -0.9605 -0.0813
vn 0.2341 -0.9688 -0.0819
vn 0.2269 -0.9528 -0.2017
vn 0.2586 -0.9534 -0.1552
vn 0.2297 -0.9559 -0.1830
vn 0.2446 -0.9631 -0.1121
vn 0.2289 -0.9685 -0.0981
vn 0.2469 -0.9677 -0.0511
vn 0.2562 -0.9657 0.0415
vn 0.3039 -0.9525 -0.0210
vn 0.2034 -0.9747 0.0930
vn 0.1416 -0.9617 0.2347
vn 0.0347 -0.9386 0.3433
vn 0.0989 -0.9770 0.1891
vn -0.2459 -0.8083 0.5349
vn -0.5570 -0.3625 0.7472
vn -0.6682 0.4103 0.6206
vn -0.5011 0.8236 0.2656
vn -0.7104 0.2813 0.6452
vn -0.4155 0.9028 0.1113
vn -0.5368 0.8120 0.2292
vn -0.0772 -0.9881 -0.1328
vn -0.0406 -0.9926 -0.1141
vn -0.1335 -0.9784 -0.1577
vn -0.2248 -0.9578 -0.1792
vn -0.2393 -0.9614 -0.1356
vn -0.3068 0.9407 -0.1451
vn -0.0069 0.9867 -0.1626
vn 0.0069 0.9888 -0.1489
vn -0.2879 0.9483 -0.1335
vn -0.5309 0.8422 -0.0940
vn -0.5093 0.8576 -0.0725
vn -0.5983 0.7984 -0.0682
vn -0.5460 0.8292 -0.1199
vn -0.5858 0.8026 -0.1126
vn -0.6067 0.7857 -0.1209
vn -0.5546 0.8200 -0.1417
vn -0.6407 0.7592 -0.1145
vn -0.5635 0.8081 -0.1715
vn -0.7399 0.6559 -0.1491
vn -0.6163 0.7725 -0.1527
vn -0.6980 0.7005 -0.1489
vn -0.8096 0.5680 -0.1480
vn -0.7662 0.6350 -0.0987
vn -0.8516 0.5114 -0.1152
vn -0.9024 0.4057 -0.1451
vn -0.9367 0.3301 -0.1170
vn -0.9525 0.2642 -0.1513
vn -0.8813 -0.4444 -0.1608
vn -0.9876 -0.0690 -0.1412
vn -0.8669 -0.4830 -0.1233
vn -0.7554 -0.6484 -0.0946
vn -0.8282 -0.5515 -0.0998
vn -0.9522 -0.3025 -0.0413
vn -0.9816 -0.1882 -0.0328
vn -0.9461 -0.3236 0.0168
vn -0.9711 -0.2351 0.0420
vn -0.9683 -0.2407 0.0668
vn -0.9160 -0.3831 0.1193
vn -0.9557 -0.2818 0.0851
vn -0.9005 -0.4041 0.1609
vn -0.8595 -0.4986 0.1129
vn -0.4539 -0.8679 0.2021
vn -0.5034 -0.8287 0.2446
vn 0.2083 -0.9479 0.2409
vn 0.2551 -0.9249 0.2821
vn -0.9944 0.0180 -0.1040
vn -0.9838 -0.0255 -0.1773
vn -0.9632 -0.1947 -0.1854
vn -0.9750 0.1367 -0.1754
vn -0.9781 0.1022 -0.1813
vn -0.9763 0.0903 -0.1968
vn -0.5500 0.3709 -0.7483
vn -0.8975 -0.1455 -0.4164
vn -0.8870 -0.2035 -0.4145
vn -0.9043 -0.0773 -0.4198
vn -0.5119 0.1548 -0.8450
vn -0.9963 -0.0856 0.0001
vn -0.9741 -0.2253 0.0201
vn -0.9978 0.0159 -0.0646
vn -0.9927 0.0014 -0.1203
vn -0.9875 -0.0130 -0.1571
vn -0.9826 -0.0370 -0.1820
vn -0.9956 -0.0458 -0.0822
vn -0.4697 -0.8541 0.2234
vn -0.8556 -0.5052 0.1125
vn -0.7968 -0.5865 0.1455
vn -0.3603 -0.9042 0.2292
vn 0.1188 -0.9624 0.2444
vn 0.1577 -0.9505 0.2677
vn -0.4638 -0.8582 0.2199
vn -0.9752 -0.2190 0.0302
vn -0.9687 -0.2440 0.0465
vn -0.9905 -0.1377 0.0047
vn -0.9964 -0.0800 -0.0277
vn -0.9884 -0.1510 -0.0183
vn -0.9941 -0.0885 -0.0627
vn -0.9889 -0.1433 -0.0405
vn -0.9858 -0.1512 -0.0734
vn -0.9893 -0.1134 -0.0914
vn -0.9089 -0.3646 -0.2024
vn -0.9424 -0.2180 -0.2538
vn -0.9394 -0.2830 -0.1936
vn -0.9528 -0.2237 -0.2053
vn -0.9686 0.0269 -0.2473
vn -0.8717 0.4898 -0.0120
vn -0.9096 0.4146 -0.0268
vn -0.8859 0.4590 -0.0676
vn -0.8201 0.5721 0.0119
vn -0.8794 0.4759 0.0155
vn -0.5542 0.8319 -0.0268
vn -0.6070 0.7938 0.0377
vn -0.6460 0.7632 -0.0174
vn -0.6289 0.7751 -0.0615
vn -0.7528 0.6575 0.0295
vn -0.7124 0.7018 -0.0000
vn -0.9315 0.3211 -0.1707
vn -0.9723 0.1350 -0.1907
vn -0.8899 0.4326 -0.1446
vn -0.8722 -0.4607 -0.1644
vn -0.7257 0.6836 -0.0778
vn -0.6994 0.7135 -0.0423
vn -0.7661 0.6360 -0.0924
vn -0.6804 0.7267 -0.0949
vn -0.6090 0.7885 -0.0856
vn -0.5897 0.7880 -0.1768
vn -0.5290 0.8386 -0.1296
vn -0.5263 0.8428 -0.1124
vn -0.5946 0.7808 -0.1918
vn -0.7223 0.6428 -0.2552
vn -0.5718 0.8082 -0.1405
vn -0.5633 0.8048 -0.1870
vn -0.6068 0.7873 -0.1099
vn -0.9671 -0.1966 -0.1612
vn 0.1215 -0.9612 0.2477
vn -0.3120 -0.9267 0.2096
vn 0.0933 -0.9762 0.1956
vn -0.7770 -0.5173 -0.3586
vn -0.6424 -0.6579 -0.3930
vn -0.3098 -0.8384 0.4485
vn -0.6641 -0.6599 0.3515
vn -0.7829 -0.5622 0.2664
vn -0.7552 -0.5645 0.3331
vn -0.8682 -0.4465 0.2164
vn -0.8629 -0.4790 0.1608
vn -0.6558 -0.7547 -0.0159
vn -0.6851 -0.7263 -0.0569
vn -0.7527 -0.6581 -0.0188
vn -0.7506 -0.6605 0.0188
vn -0.9831 -0.0831 -0.1631
vn -0.9849 -0.0676 -0.1594
vn -0.8956 -0.4128 -0.1658
vn -0.9747 0.1693 -0.1458
vn -0.9269 0.3531 -0.1272
vn -0.8617 0.4947 -0.1130
vn -0.7967 0.5963 -0.0987
vn -0.7057 0.6971 -0.1265
vn -0.6719 0.7345 -0.0949
vn -0.6281 0.7697 -0.1146
vn -0.5325 0.8415 -0.0915
vn -0.5037 0.8586 -0.0954
vn -0.4748 0.8714 -0.1238
vn -0.4770 0.8657 -0.1515
vn -0.2876 0.9464 -0.1471
vn -0.0013 0.9889 -0.1489
vn 0.0032 0.9888 -0.1493
vn -0.0506 -0.9159 -0.3982
vn -0.1803 -0.9091 -0.3754
vn -0.1411 -0.8887 -0.4362
vn -0.2309 -0.8858 -0.4025
vn -0.2115 -0.9407 -0.2653
vn -0.2185 -0.9419 -0.2550
vn 0.0064 -0.9928 -0.1198
vn -0.0737 -0.9831 -0.1676
vn 0.0638 -0.9925 -0.1043
vn 0.1483 -0.9835 -0.1034
vn 0.0700 -0.9888 -0.1321
vn 0.0938 -0.9819 -0.1644
vn 0.0242 -0.9794 -0.2004
vn -0.9798 0.1988 0.0197
vn -0.6204 -0.7782 -0.0971
vn -0.6445 -0.7528 -0.1334
vn 0.3833 -0.9197 -0.0852
vn 0.4160 -0.8938 -0.1673
vn -0.2110 0.9220 -0.3247
vn -0.2519 0.9476 -0.1963
vn -0.2407 0.9582 -0.1545
vn -0.2055 0.9516 -0.2287
vn -0.2391 0.9512 -0.1953
vn -0.2639 0.9535 -0.1455
vn -0.2868 0.9544 -0.0824
vn -0.3001 0.9503 -0.0830
vn -0.3291 0.9435 -0.0400
vn -0.3675 0.9298 -0.0188
vn -0.3220 0.9445 -0.0648
vn -0.4528 0.8915 0.0128
vn -0.4867 0.8735 -0.0104
vn -0.4475 0.8919 -0.0651
vn -0.5595 0.8286 -0.0167
vn -0.5112 0.8551 -0.0859
vn -0.6238 0.7768 -0.0865
vn -0.7152 0.6830 -0.1484
vn -0.7393 0.6430 0.1999
vn -0.6166 0.7837 0.0754
vn -0.7224 0.6336 0.2768
vn -0.4103 0.9117 0.0207
vn -0.4637 0.8821 0.0832
vn -0.3900 0.9203 0.0303
vn -0.4293 0.8991 0.0858
vn -0.3679 0.9298 0.0107
vn -0.3901 0.9199 0.0413
vn -0.3898 0.9197 0.0482
vn -0.3208 0.9467 -0.0281
vn -0.3036 0.9519 -0.0409
vn -0.3170 0.9484 0.0088
vn -0.2584 0.9582 -0.1225
vn -0.2647 0.9590 -0.1011
vn -0.2828 0.9503 -0.1301
vn -0.2818 0.9363 -0.2094
vn -0.2380 0.9346 -0.2644
vn -0.2613 0.9503 -0.1691
vn -0.2760 0.9439 -0.1813
vn 0.3378 -0.9398 -0.0511
vn 0.2836 -0.9588 -0.0133
vn 0.4608 -0.8058 -0.3718
vn 0.3528 -0.8717 -0.3400
vn 0.1256 0.4354 -0.8914
vn 0.4048 -0.5454 -0.7340
vn 0.4345 -0.5371 -0.7230
vn -0.2194 0.9580 -0.1846
vn -0.5169 0.8556 0.0287
vn -0.2819 -0.8877 -0.3641
vn -0.7593 -0.6442 0.0926
vn -0.6902 -0.7029 0.1717
vn 0.4289 0.0485 -0.9020
vn 0.1247 0.6820 -0.7206
vn -0.2991 0.9497 -0.0926
vn -0.4207 0.8868 0.1914
vn -0.4159 0.9038 0.1013
vn -0.4881 0.7835 0.3844
vn -0.5425 0.7422 0.3936
vn -0.9331 -0.3337 0.1339
vn -0.9813 -0.1615 0.1045
vn -0.9961 -0.0442 0.0769
vn -0.9463 0.3228 0.0167
vn -0.9699 0.2348 0.0642
vn -0.9555 0.2887 0.0601
vn -0.5480 0.7811 0.2992
vn -0.5005 0.8083 0.3100
vn -0.5001 0.8209 0.2758
vn -0.7823 0.3536 -0.5129
vn -0.9885 -0.1440 -0.0466
vn -0.9707 -0.2314 -0.0652
vn -0.8720 -0.4725 -0.1275
vn -0.9405 -0.3207 -0.1127
vn -0.8691 -0.4698 -0.1549
vn -0.7232 -0.6785 -0.1287
vn -0.1015 -0.9948 -0.0018
vn -0.4017 -0.1131 -0.9087
vn -0.1137 0.8780 -0.4650
vn -0.1583 0.2796 -0.9470
vn -0.2068 0.9783 0.0088
vn 0.8205 0.5657 -0.0822
vn 0.3493 0.9325 0.0921
vn 0.6998 0.6901 0.1841
vn 0.4900 0.8262 -0.2782
vn 0.9336 0.3484 -0.0834
vn 0.9928 -0.0616 -0.1031
vn 0.9855 -0.0548 -0.1608
vn 0.9888 -0.1007 -0.1098
vn 0.9915 -0.1161 -0.0589
vn 0.8903 -0.4007 -0.2162
vn 0.7372 -0.6379 -0.2229
vn 0.7189 -0.6817 -0.1354
vn 0.9615 -0.2746 -0.0099
vn 0.9766 -0.0661 -0.2046
vn 0.9935 -0.0624 -0.0954
vn 0.9583 0.1449 -0.2461
vn 0.9824 0.0213 -0.1856
vn 0.9921 -0.0896 -0.0883
vn 0.9631 -0.1258 -0.2380
vn 0.7973 -0.4733 -0.3745
vn 0.9179 -0.0061 -0.3969
vn 0.9904 -0.0376 -0.1328
vn 0.9861 -0.1370 -0.0945
vn 0.9956 -0.0314 -0.0886
vn 0.9989 -0.0408 -0.0227
vn 0.9986 0.0133 -0.0503
vn 0.9983 -0.0036 -0.0578
vn 0.9980 0.0172 -0.0610
vn 0.9965 -0.0061 -0.0835
vn -0.0112 -0.9815 -0.1911
vn 0.2418 -0.8464 -0.4744
vn 0.1229 -0.9728 -0.1965
vn 0.1016 -0.9948 0.0055
vn 0.1510 -0.9874 0.0466
vn 0.2298 -0.9711 0.0638
vn 0.3719 0.8610 0.3469
vn 0.3261 0.8802 0.3448
vn 0.3517 0.8686 0.3490
vn 0.4145 0.8450 0.3379
vn 0.3957 0.8559 0.3330
vn 0.4439 0.8339 0.3280
vn 0.4165 0.8473 0.3296
vn 0.5366 0.7791 0.3241
vn 0.4559 0.8271 0.3287
vn 0.4971 0.8036 0.3273
vn 0.5957 0.7392 0.3143
vn 0.7092 0.6368 0.3025
vn 0.6466 0.6925 0.3198
vn 0.6093 0.7343 0.2995
vn 0.9347 0.1192 0.3350
vn 0.8736 0.3495 0.3386
vn 0.8469 0.4082 0.3408
vn 0.9516 -0.0861 0.2951
vn 0.9537 0.1030 0.2824
vn 0.8553 -0.4973 0.1456
vn 0.9799 -0.1191 0.1598
vn 0.8776 -0.4561 0.1475
vn 0.7626 -0.6293 0.1501
vn 0.7423 -0.6592 0.1202
vn 0.7254 -0.6750 0.1345
vn 0.7176 -0.6772 0.1628
vn 0.6848 -0.7179 0.1250
vn 0.7857 -0.5985 0.1562
vn 0.7006 -0.6980 0.1480
vn 0.5750 -0.8127 0.0948
vn 0.5919 -0.7999 0.0994
vn 0.5207 -0.8493 0.0868
vn 0.5277 -0.8463 0.0726
vn 0.2253 -0.9738 0.0322
vn 0.3849 -0.9206 0.0663
vn 0.2088 -0.9767 0.0491
vn 0.0530 -0.9986 -0.0087
vn 0.1143 -0.9933 0.0189
vn 0.0468 -0.9982 0.0369
vn 0.9579 -0.1207 -0.2604
vn 0.7916 -0.1546 -0.5911
vn 0.7614 -0.2742 -0.5874
vn 0.3572 -0.9331 0.0426
vn 0.2194 -0.9748 0.0397
vn 0.3699 -0.9266 0.0670
vn 0.5488 -0.8336 0.0636
vn 0.4695 -0.8815 0.0506
vn 0.9445 -0.1216 0.3051
vn 0.8476 0.4399 0.2968
vn 0.9454 0.1773 0.2735
vn 0.9422 0.1652 0.2916
vn 0.8486 0.4489 0.2801
vn 0.5520 0.7552 0.3535
vn 0.4786 0.8105 0.3376
vn 0.4404 0.8265 0.3507
vn 0.4953 0.7834 0.3754
vn 0.4131 0.8352 0.3630
vn 0.1839 0.8784 0.4412
vn 0.3229 0.8578 0.3999
vn 0.2771 0.8974 0.3433
vn 0.1560 0.9233 0.3511
vn 0.3158 0.8808 0.3527
vn 0.1890 0.9098 0.3695
vn 0.2946 0.8887 0.3513
vn 0.4186 0.8301 0.3682
vn 0.3718 0.8532 0.3657
vn 0.4468 0.8214 0.3544
vn 0.4413 0.8242 0.3549
vn 0.5092 0.8010 0.3149
vn 0.4980 0.7960 0.3441
vn 0.5742 0.7538 0.3195
vn 0.5622 0.7693 0.3035
vn 0.6311 0.7058 0.3218
vn 0.9897 -0.0205 0.1414
vn 0.9880 0.0533 0.1449
vn 0.9827 -0.1354 0.1268
vn 0.8569 -0.5032 0.1121
vn 0.7962 -0.5907 0.1312
vn 0.8293 -0.5438 0.1289
vn 0.8081 -0.5750 0.1283
vn 0.6919 -0.7139 0.1076
vn 0.4583 0.5317 0.7122
vn 0.4250 0.8324 0.3556
vn 0.4336 0.4761 0.7651
vn 0.3646 0.9293 0.0592
vn 0.3766 0.9258 0.0314
vn 0.4036 0.9064 0.1250
vn 0.3398 0.9384 0.0625
vn 0.3209 0.9457 0.0512
vn 0.3125 0.9495 0.0301
vn 0.3175 0.9475 0.0379
vn 0.3230 0.9461 -0.0239
vn 0.3251 0.9447 -0.0434
vn 0.3377 0.9412 -0.0088
vn 0.3243 0.9457 -0.0216
vn 0.3188 0.9464 -0.0513
vn 0.2943 0.9529 -0.0731
vn 0.3109 0.9501 -0.0244
vn 0.2097 0.9286 -0.3062
vn 0.1828 0.9377 -0.2954
vn 0.1448 0.9139 -0.3791
vn 0.1206 0.9181 -0.3776
vn -0.1384 0.5934 -0.7929
vn 0.0330 0.8486 -0.5280
vn -0.2523 0.4225 -0.8705
vn -0.3387 -0.9013 -0.2702
vn -0.4465 -0.5424 -0.7117
vn -0.4002 -0.7262 -0.5590
vn -0.2724 -0.8808 -0.3874
vn -0.1691 -0.9714 -0.1664
vn -0.2353 -0.9670 -0.0974
vn 0.2427 -0.9694 -0.0361
vn -0.0284 -0.9996 0.0057
vn -0.0107 -0.9991 -0.0410
vn 0.6273 -0.6104 -0.4837
vn 0.6691 0.5642 -0.4837
vn 0.8555 0.4214 -0.3008
vn 0.8725 -0.2257 -0.4333
vn 0.4166 0.8131 -0.4065
vn 0.4424 0.8284 -0.3436
vn 0.6693 -0.0867 -0.7380
vn 0.4334 -0.2723 -0.8591
vn 0.4546 0.5460 -0.7037
vn 0.0258 -0.9211 -0.3884
vn 0.3615 -0.3408 -0.8679
vn -0.1155 -0.9730 -0.1998
vn -0.1506 -0.9885 0.0097
vn -0.1276 -0.9902 -0.0576
vn 0.0575 -0.3240 -0.9443
vn -0.1461 -0.9147 -0.3767
vn 0.2737 0.6653 -0.6946
vn 0.1007 0.7191 -0.6876
vn 0.1803 0.9188 -0.3512
vn 0.3418 0.9316 0.1238
vn 0.3739 0.9167 0.1410
vn 0.4324 0.8549 0.2867
vn 0.4103 0.1397 0.9012
vn 0.4919 0.6042 0.6269
vn 0.2491 -0.6729 0.6965
vn 0.1887 -0.6860 0.7027
vn 0.2320 -0.5957 0.7690
vn 0.2556 -0.7469 0.6139
vn 0.1884 -0.7989 0.5712
vn 0.1219 -0.9919 0.0360
vn 0.1907 -0.9774 0.0912
vn 0.0299 -0.9995 -0.0086
vn 0.0605 -0.9979 0.0224
vn 0.8579 -0.0506 -0.5112
vn 0.9802 -0.0241 -0.1964
vn 0.8372 -0.0954 -0.5385
vn 0.9926 -0.0152 -0.1207
vn 0.9692 -0.0510 -0.2408
vn 0.9925 -0.0372 -0.1162
vn 0.9881 -0.0553 -0.1435
vn 0.9677 -0.0974 -0.2326
vn 0.7792 -0.2731 -0.5641
vn 0.4999 0.5001 0.7071
vn -0.0379 0.5888 0.8074
vn 0.5334 0.5151 0.6710
vn 0.9760 0.2000 0.0862
vn 0.9912 0.0982 0.0890
vn 0.9742 0.1787 0.1376
vn 0.5684 0.8208 0.0570
vn 0.6227 0.7819 0.0293
vn 0.6354 0.7702 0.0553
vn 0.6432 0.7654 0.0218
vn 0.6546 0.7560 -0.0019
vn 0.6118 0.7910 0.0083
vn 0.7865 0.6169 -0.0299
vn 0.6624 0.7486 -0.0292
vn 0.9043 0.4181 -0.0858
vn 0.7870 0.6130 -0.0701
vn 0.9107 0.4084 -0.0623
vn 0.9506 0.3002 -0.0785
vn 0.9562 0.2833 -0.0732
vn 0.9645 -0.2465 -0.0942
vn 0.9739 -0.2047 -0.0982
vn 0.9656 -0.2427 -0.0938
vn 0.9696 -0.2173 -0.1127
vn 0.9602 -0.2680 -0.0784
vn 0.8990 -0.4142 -0.1423
vn 0.8909 -0.4399 -0.1131
vn 0.4515 -0.8817 -0.1366
vn 0.5247 -0.8384 -0.1479
vn 0.5659 -0.8091 -0.1585
vn 0.4586 -0.8771 -0.1423
vn 0.4772 -0.8637 -0.1621
vn 0.4691 -0.8701 -0.1516
vn 0.9962 -0.0501 -0.0715
vn 0.9981 -0.0514 -0.0337
vn 0.9797 -0.1968 -0.0377
vn 0.9544 -0.2849 -0.0895
vn 0.9900 -0.1183 -0.0762
vn 0.9775 -0.2106 -0.0074
vn 0.9732 -0.2276 -0.0319
vn 0.9677 -0.2462 -0.0549
vn 0.9590 -0.2833 -0.0034
vn 0.9695 -0.2401 0.0492
vn 0.9869 -0.1603 0.0167
vn 0.9755 -0.2166 0.0381
vn 0.9394 -0.3394 0.0485
vn 0.8746 -0.4799 0.0687
vn 0.9407 -0.3354 0.0502
vn 0.8726 -0.4794 0.0930
vn 0.6918 -0.7089 0.1377
vn 0.7701 -0.6260 0.1227
vn 0.2611 0.5624 -0.7846
vn 0.8322 0.2632 -0.4880
vn 0.4082 0.4456 -0.7967
vn 0.7109 -0.6919 0.1257
vn 0.4315 -0.8818 0.1904
vn 0.8697 -0.4906 0.0542
vn 0.7106 -0.7011 0.0594
vn 0.7873 -0.6100 -0.0898
vn 0.9781 -0.1674 -0.1233
vn 0.9901 0.0760 -0.1182
vn 0.9910 0.0503 -0.1239
vn 0.9553 0.1749 -0.2384
vn 0.9729 0.0672 -0.2212
vn 0.9623 0.1486 -0.2276
vn 0.8889 0.3071 -0.3398
vn 0.8541 0.3768 -0.3587
vn 0.9594 -0.2692 -0.0845
vn 0.7554 -0.6299 -0.1804
vn 0.9580 -0.2210 -0.1826
vn 0.3369 -0.9317 -0.1356
vn 0.7671 -0.6387 -0.0593
vn 0.9642 -0.2645 -0.0204
vn 0.9935 -0.1134 -0.0081
vn 0.9973 -0.0566 -0.0462
vn 0.9926 -0.1204 -0.0184
vn 0.9922 -0.1243 0.0075
vn 0.9945 -0.0892 -0.0557
vn 0.9859 -0.1609 0.0453
vn 0.9527 -0.2938 0.0776
vn 0.9799 -0.1798 0.0861
vn 0.5479 -0.7787 0.3056
vn 0.6672 -0.7081 0.2310
vn 0.5890 -0.7788 0.2159
vn -0.3655 0.2528 -0.8958
vn -0.8610 -0.0924 -0.5002
vn 0.4659 -0.8647 -0.1875
vn 0.3548 -0.9160 -0.1872
vn 0.3631 -0.9216 -0.1370
vn 0.6185 -0.7575 -0.2087
vn 0.7455 -0.6383 -0.1918
vn 0.8275 -0.5328 -0.1773
vn 0.7812 0.6243 0.0031
vn 0.9191 0.3937 -0.0188
vn 0.9106 0.4108 -0.0462
vn 0.6318 0.7743 0.0360
vn 0.5540 0.8295 0.0712
vn 0.4793 0.8695 0.1192
vn 0.5495 0.8305 0.0918
vn 0.4872 0.8655 0.1161
vn 0.4404 0.8850 0.1514
vn 0.5559 0.8235 0.1137
vn 0.4783 0.8599 0.1781
vn 0.0587 -0.9983 0.0020
vn 0.0475 -0.9989 0.0002
vn 0.2246 -0.9742 0.0243
vn 0.5757 -0.8126 0.0911
vn 0.4855 -0.8710 0.0749
vn 0.4660 -0.8833 0.0505
vn 0.6986 -0.7041 0.1271
vn 0.6267 -0.7735 0.0944
vn 0.6013 -0.7914 0.1103
vn 0.7375 -0.6544 0.1669
vn 0.7210 -0.6832 0.1157
vn 0.7647 -0.6177 0.1834
vn 0.7723 -0.6051 0.1934
vn 0.9257 -0.2854 0.2483
vn 0.8951 -0.3914 0.2137
vn 0.8896 -0.3923 0.2340
vn 0.9276 -0.2710 0.2573
vn 0.9598 -0.1150 0.2561
vn 0.9503 -0.0726 0.3029
vn 0.4982 0.7516 0.4323
vn 0.5610 0.7198 0.4088
vn 0.4026 0.8256 0.3953
vn -0.0333 0.8365 0.5470
vn 0.2031 0.7901 0.5784
vn 0.3073 0.8739 0.3767
vn 0.3619 0.8597 0.3605
vn 0.2776 0.8951 0.3488
vn 0.3936 0.8848 0.2495
vn 0.3360 0.9100 0.2429
vn 0.4144 0.8756 0.2483
vn 0.4530 0.8511 0.2653
vn 0.4130 0.8683 0.2749
vn 0.4811 0.8266 0.2920
vn 0.4675 0.8419 0.2695
vn 0.5471 0.7853 0.2898
vn 0.5559 0.7947 0.2437
vn 0.6317 0.7419 0.2249
vn 0.6557 0.7284 0.1988
vn 0.6773 -0.6362 0.3694
vn 0.8644 -0.3254 0.3834
vn 0.7051 -0.6502 0.2831
vn 0.6946 0.6147 0.3736
vn 0.7994 0.1278 0.5870
vn 0.7572 0.1237 0.6414
vn 0.5951 0.7029 0.3897
vn 0.5083 0.8415 0.1832
vn 0.6548 0.6497 0.3862
vn 0.3643 0.9238 0.1175
vn 0.3714 0.9279 0.0336
vn 0.3369 0.9409 0.0360
vn 0.3538 0.9353 -0.0033
vn 0.3470 0.9378 0.0090
vn 0.3063 0.9518 -0.0134
vn 0.3147 0.9491 0.0135
vn 0.3273 0.9449 -0.0083
vn 0.2857 0.9559 -0.0684
vn 0.2658 0.9541 -0.1377
vn 0.2969 0.9508 -0.0887
vn 0.2745 0.9587 -0.0747
vn 0.2635 0.9450 -0.1939
vn 0.2243 0.9374 -0.2665
vn 0.2610 0.9511 -0.1650
vn 0.1802 0.9106 -0.3720
vn 0.0775 0.8474 -0.5253
vn -0.4039 -0.1012 -0.9092
vn -0.0799 0.6786 -0.7302
vn -0.4416 -0.3420 -0.8295
vn -0.4052 -0.8156 -0.4129
vn -0.2757 -0.9604 -0.0408
vn -0.3239 -0.9359 -0.1384
vn -0.2938 -0.9474 -0.1268
vn -0.2234 -0.9747 -0.0047
vn -0.2346 -0.9718 0.0240
vn -0.1809 -0.9831 0.0285
vn 0.7596 -0.6374 -0.1292
vn 0.9535 0.2701 -0.1336
vn 0.5533 0.8128 -0.1824
vn 0.4044 0.8970 -0.1786
vn 0.3411 0.9098 -0.2364
vn 0.3846 0.6462 -0.6592
vn 0.2862 0.9161 -0.2808
vn 0.2167 0.9499 -0.2253
vn 0.2655 0.9436 -0.1980
vn 0.2220 0.9450 -0.2402
vn 0.2924 0.9511 -0.0999
vn 0.2631 0.9468 -0.1852
vn 0.3263 0.9452 -0.0062
vn 0.3024 0.9528 -0.0280
vn 0.3056 0.9521 -0.0112
vn 0.3080 0.9510 -0.0277
vn 0.3618 0.9278 0.0913
vn 0.3236 0.9461 0.0154
vn 0.3347 0.9367 0.1027
vn 0.1722 -0.6039 0.7783
vn 0.2527 -0.4579 0.8523
vn 0.2164 -0.4209 0.8809
vn 0.1289 -0.8766 0.4636
vn 0.0582 -0.9206 0.3860
vn 0.0966 -0.8576 0.5052
vn 0.1013 -0.9502 0.2946
vn 0.0294 -0.9800 0.1970
vn 0.0697 -0.9277 0.3667
vn 0.0113 -0.9982 -0.0583
vn 0.0060 -1.0000 0.0003
vn 0.8717 -0.0117 -0.4899
vn 0.9914 0.0062 -0.1303
vn 0.9741 0.0223 -0.2252
vn 0.8204 0.5406 -0.1865
vn 0.5924 0.7993 0.1006
vn 0.9017 0.4273 0.0659
vn 0.8928 0.4482 -0.0453
vn 0.8502 0.3117 0.4242
vn 0.5664 0.5045 0.6517
vn 0.9665 0.1616 0.1994
vn 0.9714 0.1729 0.1626
vn 0.9964 0.0631 0.0568
vn 0.9883 0.1151 0.1001
vn 0.9916 0.1183 0.0520
vn 0.9874 0.1494 0.0520
vn 0.5934 0.8037 -0.0426
vn 0.5984 0.7985 -0.0659
vn 0.5950 0.8026 -0.0427
vn 0.5920 0.8022 -0.0772
vn 0.7713 0.6278 -0.1045
vn 0.8944 0.4386 -0.0882
vn 0.9613 0.2647 -0.0763
vn 0.9492 0.3039 -0.0812
vn 0.9694 0.2350 -0.0706
vn 0.9798 -0.1890 -0.0650
vn 0.9944 0.0946 -0.0469
vn 0.9800 -0.1730 -0.0982
vn 0.9658 -0.2511 -0.0640
vn 0.6275 -0.7680 -0.1280
vn 0.6773 -0.7261 -0.1186
vn 0.9534 -0.2986 -0.0444
vn 0.9401 -0.3355 -0.0605
vn 0.9853 -0.1709 -0.0010
vn 0.9859 -0.1667 0.0154
vn 0.9921 -0.1255 -0.0016
vn 0.9509 -0.3094 0.0034
vn 0.9810 -0.1937 0.0053
vn 0.8349 -0.5464 0.0661
vn 0.6233 -0.7719 0.1252
vn 0.7053 -0.6985 0.1212
vn 0.4601 -0.8826 0.0969
vn 0.7519 -0.6585 0.0310
vn 0.9054 -0.4244 -0.0087
vn 0.9940 -0.0985 -0.0467
vn 0.7969 0.2595 -0.5455
vn 0.9447 0.1098 -0.3089
vn 0.4799 -0.4581 -0.7482
vn 0.7393 -0.3414 -0.5804
vn 0.4252 -0.4013 -0.8113
vn 0.5702 -0.5557 -0.6051
vn 0.4906 -0.8696 0.0559
vn 0.5122 -0.8463 -0.1465
vn 0.9171 -0.0750 -0.3916
vn 0.9123 0.1983 -0.3583
vn 0.3718 -0.9280 -0.0248
vn 0.8084 -0.5883 0.0191
vn 0.9927 -0.1201 0.0076
vn 0.9588 -0.2713 0.0837
vn 0.9551 -0.2872 0.0730
vn 0.9305 -0.3271 0.1649
vn 0.9572 -0.2607 0.1259
vn 0.8003 -0.5139 0.3088
vn 0.8699 -0.4776 0.1228
vn 0.6479 -0.7261 0.2304
vn 0.5836 -0.7900 0.1879
vn 0.7066 0.6795 0.1977
vn 0.7357 0.6549 0.1727
vn 0.9327 0.3486 0.0927
vn 0.9872 0.1571 0.0286
vn 0.9573 0.2808 0.0693
vn 0.9736 0.2245 0.0404
vn 0.9914 0.1278 0.0282
vn 0.9900 0.1352 0.0404
vn 0.9907 0.1245 0.0542
vn 0.9796 0.1776 0.0940
vn 0.9810 0.1775 0.0782
vn 0.9965 0.0787 0.0295
vn 0.9990 -0.0250 -0.0362
vn 0.9954 0.0838 0.0461
vn 0.9927 0.1054 0.0578
vn 0.9949 -0.0599 -0.0810
vn 0.9627 -0.1903 -0.1923
vn 0.9292 -0.2540 -0.2686
vn 0.4294 -0.7289 -0.5332
vn 0.6196 -0.6539 -0.4342
vn 0.8545 -0.3846 -0.3491
vn 0.4103 -0.7370 -0.5371
vn 0.0068 -0.7802 -0.6255
vn -0.3590 -0.7591 -0.5430
vn 0.0391 -0.7684 -0.6388
vn 0.3460 -0.7189 -0.6028
vn 0.9947 -0.0847 -0.0582
vn 0.9910 -0.0919 -0.0978
vn 0.9965 0.0817 0.0189
vn 0.9856 0.1453 0.0870
vn 0.9832 0.1819 0.0157
vn 0.9870 0.1607 0.0040
vn 0.9901 0.1401 0.0110
vn 0.0993 0.9378 0.3328
vn 0.6447 0.7220 0.2511
vn 0.6960 0.6849 0.2155
vn 0.5583 -0.7375 0.3799
vn 0.6401 -0.7047 0.3060
vn 0.4967 -0.7871 0.3658
vn 0.1991 -0.9795 -0.0310
vn 0.0833 -0.9889 -0.1230
vn 0.2003 -0.9790 0.0376
vn 0.1249 -0.9748 -0.1849
vn 0.0539 -0.9838 -0.1711
vn 0.0618 -0.9871 -0.1480
vn 0.2554 -0.9479 -0.1906
vn 0.2013 -0.9738 -0.1061
vn 0.7065 -0.6543 -0.2699
vn 0.4115 -0.8785 -0.2426
vn 0.6622 -0.7150 -0.2244
vn 0.9605 -0.0361 -0.2759
vn 0.9790 0.0041 -0.2038
vn 0.9668 0.0962 -0.2366
vn 0.9693 0.0984 -0.2251
vn 0.9741 0.0843 -0.2099
vn 0.9708 0.1554 -0.1830
vn 0.9799 -0.0187 -0.1984
vn 0.9862 0.0976 -0.1338
vn 0.9951 -0.0733 -0.0668
vn 0.9927 -0.1057 -0.0574
vn 0.9960 -0.0719 -0.0530
vn 0.9973 0.0465 -0.0566
vn 0.9978 0.0437 -0.0497
vn 0.9620 0.2691 -0.0467
vn 0.9773 0.2038 -0.0579
vn 0.9825 0.1832 -0.0332
vn 0.7896 0.6135 0.0143
vn 0.9179 0.3956 -0.0323
vn 0.9215 0.3879 -0.0172
vn 0.6385 0.7684 0.0435
vn 0.7954 0.6055 0.0274
vn 0.9110 0.4114 -0.0298
vn 0.4770 0.8701 0.1240
vn 0.5709 0.8136 0.1098
vn 0.3833 0.9087 0.1653
vn 0.4087 0.9019 0.1401
vn 0.2882 0.9388 0.1887
vn 0.3132 0.9277 0.2034
vn 0.2599 0.9443 0.2018
vn 0.1413 -0.9895 0.0291
vn 0.0661 -0.9975 0.0258
vn 0.1304 -0.9914 0.0138
vn 0.3561 -0.9334 0.0444
vn 0.1867 -0.9814 0.0434
vn 0.2156 -0.9754 0.0463
vn 0.3561 -0.9309 0.0809
vn 0.5349 -0.8435 0.0491
vn 0.5458 -0.8332 0.0887
vn 0.7808 -0.5840 0.2218
vn 0.8311 -0.5164 0.2064
vn 0.8193 -0.5445 0.1796
vn 0.8573 -0.4625 0.2261
vn 0.8527 -0.4901 0.1809
vn 0.8799 -0.3992 0.2576
vn 0.2432 0.9370 0.2508
vn 0.1636 0.9542 0.2503
vn 0.2525 0.9395 0.2314
vn 0.3217 0.9145 0.2454
vn 0.3774 0.8820 0.2821
vn 0.3241 0.9020 0.2851
vn 0.3753 0.8853 0.2744
vn 0.4071 0.8746 0.2632
vn 0.4739 0.8539 0.2152
vn 0.9245 0.3181 -0.2099
vn 0.9504 0.3106 -0.0162
vn 0.9245 0.3791 -0.0397
vn 0.4491 0.8800 -0.1547
vn 0.5562 0.8187 -0.1426
vn 0.4365 0.8923 -0.1153
vn 0.3012 0.9357 -0.1838
vn 0.3696 0.9130 -0.1727
vn 0.3186 0.9364 -0.1468
vn 0.2510 0.9506 -0.1826
vn 0.2713 0.9521 -0.1409
vn 0.2385 0.9433 -0.2309
vn 0.2362 0.9339 -0.2683
vn 0.2429 0.9530 -0.1810
vn 0.2138 0.9019 -0.3754
vn 0.2061 0.8677 -0.4524
vn 0.2429 0.9195 -0.3091
vn 0.0141 0.7819 -0.6232
vn 0.0315 0.8508 -0.5246
vn -0.0271 0.7266 -0.6865
vn -0.3068 -0.1897 -0.9327
vn -0.0835 0.6156 -0.7836
vn -0.2864 -0.8678 -0.4060
vn -0.2997 -0.3317 -0.8945
vn -0.2859 -0.8823 -0.3739
vn -0.2292 -0.9666 -0.1148
vn -0.2822 -0.9531 -0.1092
vn -0.2153 -0.9765 -0.0071
vn -0.2299 -0.9732 0.0029
vn -0.2502 -0.9682 -0.0019
vn -0.2649 -0.9641 0.0158
vn -0.2679 -0.9633 0.0194
vn -0.2700 -0.9628 0.0128
vn -0.2439 -0.9697 0.0118
vn -0.0610 -0.9968 0.0516
vn -0.1027 -0.9919 0.0750
vn -0.0995 -0.9947 0.0251
vn 0.9972 0.0280 0.0695
vn 0.4567 -0.8835 0.1043
vn 0.5470 -0.8348 0.0632
vn 0.6224 0.7769 -0.0949
vn 0.9886 0.1494 -0.0178
vn 0.3612 0.9256 -0.1133
vn 0.4434 0.8872 -0.1275
vn 0.3276 0.9332 -0.1474
vn 0.2795 0.9465 -0.1614
vn 0.2764 0.9496 -0.1478
vn 0.3037 0.9493 -0.0810
vn 0.3147 0.9485 -0.0350
vn 0.3231 0.9464 -0.0006
vn 0.3264 0.9452 0.0002
vn 0.3976 0.9115 0.1057
vn 0.3300 0.9438 0.0181
vn 0.4131 0.8255 0.3846
vn 0.4777 0.3189 0.8186
vn 0.4665 0.4465 0.7636
vn 0.4780 0.2513 0.8417
vn 0.3536 -0.2366 0.9050
vn -0.0467 -0.9188 0.3920
vn -0.0102 -0.8782 0.4783
vn 0.0061 -0.8499 0.5269
vn -0.0896 -0.9531 0.2890
vn -0.0017 -0.8856 0.4645
vn -0.0881 -0.9738 0.2099
vn -0.0351 -0.9354 0.3519
vn 0.1756 -0.9742 -0.1418
vn 0.1442 -0.9713 -0.1892
vn 0.1087 -0.9755 -0.1910
vn 0.1267 -0.9828 -0.1342
vn 0.2037 -0.9721 -0.1162
vn 0.1077 -0.9908 -0.0824
vn 0.0345 -0.9905 -0.1334
vn 0.0272 -0.9944 -0.1022
vn -0.0270 -0.9961 -0.0846
vn -0.0163 0.9852 -0.1705
vn 0.2731 0.9482 -0.1620
vn 0.0040 0.9855 -0.1695
vn 0.4240 0.8934 -0.1484
vn 0.2620 0.9513 -0.1625
vn 0.4236 0.8941 -0.1453
vn 0.4925 0.8567 -0.1534
vn 0.4373 0.8870 -0.1482
vn 0.4962 0.8539 -0.1568
vn 0.5320 0.8344 -0.1440
vn 0.5400 0.8285 -0.1480
vn 0.6748 0.7259 -0.1330
vn 0.6527 0.7463 -0.1302
vn 0.9273 0.3670 -0.0744
vn 0.9885 0.1363 -0.0661
vn 0.9192 0.3882 -0.0661
vn 0.9008 0.4236 -0.0956
vn 0.8205 0.5641 -0.0923
vn 0.9751 -0.2005 -0.0944
vn 0.9948 -0.0174 -0.0999
vn 0.9739 -0.2091 -0.0886
vn 0.6336 -0.7616 -0.1365
vn 0.7310 -0.6675 -0.1416
vn 0.6263 -0.7679 -0.1343
vn 0.6069 -0.7713 -0.1918
vn 0.5367 -0.8368 -0.1080
vn 0.4617 -0.8556 -0.2340
vn 0.5108 -0.8342 -0.2079
vn 0.5269 -0.8303 -0.1816
vn 0.4377 -0.8826 -0.1716
vn 0.4159 -0.8726 -0.2562
vn 0.9599 0.2477 -0.1315
vn 0.9233 0.2978 -0.2425
vn 0.9055 0.3702 -0.2075
vn 0.9668 0.1062 -0.2324
vn 0.6261 0.2848 -0.7258
vn 0.8900 0.3063 -0.3379
vn 0.9848 0.1376 -0.1058
vn 0.9807 0.1687 -0.0992
vn 0.9407 0.2359 -0.2439
vn 0.9036 0.3628 -0.2279
vn 0.3933 0.6283 -0.6712
vn 0.3860 0.7081 -0.5912
vn -0.0067 0.9643 0.2648
vn -0.4161 0.8485 0.3271
vn 0.1033 0.9272 0.3601
vn 0.4851 0.8296 0.2764
vn 0.6122 0.7627 0.2086
vn 0.2777 0.9502 0.1416
vn 0.5274 0.8489 0.0363
vn 0.7537 0.6074 0.2510
vn 0.2524 0.9048 0.3431
vn 0.6145 0.7253 0.3103
vn 0.8654 -0.2837 -0.4131
vn 0.9367 -0.2362 -0.2584
vn 0.9393 -0.2312 -0.2536
vn 0.9691 -0.2204 -0.1109
vn 0.9731 -0.1882 -0.1327
vn 0.8884 -0.4326 -0.1538
vn 0.9093 -0.3817 -0.1659
vn 0.7541 -0.6377 -0.1573
vn 0.5725 -0.8051 -0.1553
vn 0.7065 -0.6699 -0.2282
vn 0.5296 -0.8378 -0.1328
vn 0.5631 -0.8033 -0.1942
vn 0.5271 -0.8199 -0.2235
vn 0.9524 -0.2925 -0.0855
vn 0.9066 -0.4090 -0.1039
vn 0.8942 -0.4334 -0.1122
vn 0.9868 -0.1460 -0.0693
vn 0.9722 -0.2243 -0.0670
vn 0.9931 -0.0985 -0.0633
vn 0.9920 0.1004 -0.0771
vn 0.9349 0.3457 -0.0805
vn 0.5006 0.8559 -0.1298
vn 0.5697 0.8126 -0.1227
vn 0.4988 0.8560 -0.1362
vn 0.4970 0.8584 -0.1271
vn 0.4316 0.8912 -0.1399
vn 0.3234 0.9263 -0.1934
vn 0.4684 0.8725 -0.1391
vn -0.0004 0.9755 -0.2201
vn 0.8364 0.0476 -0.5460
vn -0.0949 0.1377 -0.9859
vn 0.9892 0.0338 -0.1427
vn 0.9949 0.0172 -0.0993
vn 0.9971 0.0244 -0.0728
vn 0.9946 0.0368 -0.0969
vn 0.9895 0.0524 -0.1350
vn 0.9938 0.0527 -0.0978
vn 0.9918 0.0815 -0.0982
vn 0.9825 0.0957 -0.1597
vn 0.9616 0.0722 -0.2647
vn 0.5015 0.8524 -0.1479
vn 0.5736 0.7978 -0.1859
vn 0.5976 0.7880 -0.1482
vn 0.5170 0.8453 -0.1349
vn 0.5777 0.8068 -0.1239
vn 0.4928 0.8615 -0.1227
vn 0.5727 0.8115 -0.1160
vn 0.7202 0.6865 -0.1005
vn 0.7042 0.7015 -0.1095
vn 0.8372 0.5386 -0.0943
vn 0.8470 0.5243 -0.0874
vn 0.8993 0.4288 -0.0862
vn 0.9156 0.3965 -0.0663
vn 0.9947 0.0686 -0.0768
vn 0.9514 0.3011 -0.0648
vn 0.9969 0.0642 -0.0455
vn 0.9857 -0.1545 -0.0675
vn 0.9814 -0.1737 -0.0818
vn 0.9321 -0.3447 -0.1113
vn 0.9708 -0.2277 -0.0760
vn 0.9531 -0.2793 -0.1170
vn 0.8366 -0.5242 -0.1590
vn 0.7038 -0.6904 -0.1673
vn 0.8299 -0.5416 -0.1340
vn 0.7031 -0.6928 -0.1602
vn 0.6164 -0.7704 -0.1629
vn 0.6188 -0.7633 -0.1854
vn 0.5887 -0.7886 -0.1776
vn 0.5899 -0.7795 -0.2110
vn 0.5942 -0.7831 -0.1834
vn 0.9614 -0.2665 -0.0688
vn 0.9903 -0.1334 -0.0397
vn 0.9666 -0.2473 -0.0668
vn 0.9869 -0.1542 -0.0473
vn 0.9894 -0.1228 -0.0773
vn 0.9960 -0.0809 -0.0385
vn 0.9899 -0.0606 -0.1281
vn 0.9620 -0.1465 -0.2304
vn 0.9681 -0.0585 -0.2438
vn 0.6732 -0.7190 -0.1728
vn 0.8273 -0.5497 -0.1157
vn 0.8257 -0.5455 -0.1437
vn 0.5475 -0.8239 -0.1463
vn 0.5643 -0.8185 -0.1081
vn 0.5948 -0.7915 -0.1404
vn 0.5655 -0.8060 -0.1751
vn 0.5098 -0.8471 -0.1498
vn 0.6611 -0.7274 -0.1842
vn 0.5609 -0.8118 -0.1622
vn 0.6955 -0.7051 -0.1387
vn 0.8346 -0.5281 -0.1569
vn 0.9804 -0.1827 -0.0741
vn 0.9601 -0.2643 -0.0911
vn 0.9571 -0.2726 -0.0980
vn 0.9775 -0.1995 -0.0692
vn 0.9686 -0.2387 -0.0702
vn 0.9614 0.2650 -0.0737
vn 0.9929 0.0773 -0.0904
vn 0.9958 0.0693 -0.0606
vn 0.9496 0.3033 -0.0790
vn 0.9183 0.3868 -0.0839
vn 0.9172 0.3928 -0.0662
vn 0.8561 0.5104 -0.0811
vn 0.5596 0.8173 -0.1376
vn 0.5892 0.7972 -0.1318
vn 0.5318 0.8286 -0.1751
vn 0.6255 0.7672 -0.1420
vn 0.5786 0.8048 -0.1325
vn 0.6294 0.7613 -0.1558
vn 0.9654 0.2025 -0.1644
vn 0.9160 0.3758 -0.1401
vn 0.9268 0.3292 -0.1809
vn 0.9738 0.2087 -0.0906
vn 0.9944 0.0845 -0.0632
vn 0.9988 0.0236 -0.0424
vn 0.9982 0.0541 -0.0244
vn 0.9895 0.1350 -0.0515
vn 0.5204 0.8273 0.2116
vn 0.8836 0.4571 0.1012
vn 0.9960 0.0719 0.0523
vn 0.9911 0.1106 0.0746
vn 0.9984 0.0534 0.0204
vn 0.9977 0.0642 0.0202
vn 0.9974 0.0672 0.0261
vn 0.9812 0.1894 0.0371
vn 0.9969 0.0768 -0.0172
vn 0.9789 0.2042 -0.0041
vn 0.9748 0.2171 -0.0505
vn 0.9012 0.4307 -0.0482
vn 0.8937 0.4417 -0.0792
vn 0.7288 0.6816 -0.0647
vn 0.7357 0.6701 -0.0983
vn 0.9007 0.4178 -0.1194
vn 0.9985 0.0478 -0.0265
vn 0.9984 0.0531 -0.0215
vn 0.9972 0.0433 -0.0610
vn 0.9989 0.0416 -0.0234
vn 0.9982 0.0429 -0.0430
vn 0.9976 0.0688 -0.0021
vn 0.9966 0.0821 -0.0090
vn 0.9783 0.2024 0.0442
vn 0.9841 0.1774 0.0061
vn 0.8999 0.4194 0.1195
vn 0.5679 0.7834 0.2526
vn 0.9842 0.1698 0.0501
vn 0.9937 0.1074 0.0309
vn 0.9745 0.1921 0.1159
vn 0.5885 0.7127 0.3818
vn 0.5816 0.7562 0.2999
vn 0.9132 0.3757 0.1577
vn 0.7222 0.6833 -0.1076
vn 0.7470 0.6560 -0.1081
vn 0.9451 0.3163 -0.0820
vn 0.8799 0.4664 -0.0912
vn 0.9513 0.3078 -0.0185
vn 0.9805 -0.1793 -0.0804
vn 0.9913 0.0874 -0.0981
vn 0.9949 0.0904 -0.0449
vn 0.9640 -0.2578 -0.0648
vn 0.9839 -0.1536 -0.0916
vn 0.9702 -0.2318 -0.0705
vn 0.9735 -0.2244 -0.0442
vn 0.9784 -0.1989 -0.0562
vn 0.9735 -0.2248 -0.0421
vn 0.5035 -0.8487 -0.1618
vn 0.4920 -0.8539 -0.1700
vn 0.8711 -0.4759 -0.1217
vn 0.7290 -0.6670 -0.1538
vn 0.7093 -0.6926 -0.1307
vn 0.9227 0.3834 -0.0410
vn 0.8657 0.4942 -0.0799
vn 0.9342 0.3499 -0.0701
vn 0.7200 0.6699 0.1812
vn -0.1471 0.9580 0.2462
vn -0.0675 0.9680 0.2419
vn -0.2325 0.9315 0.2797
vn 0.7107 0.6695 0.2160
vn 0.7120 0.6723 0.2029
vn 0.9693 0.2119 0.1247
vn 0.9659 0.2216 0.1337
vn 0.9790 -0.1576 -0.1294
vn 0.8111 -0.4782 -0.3367
vn 0.9886 -0.1012 -0.1115
vn 0.6459 -0.5886 -0.4862
vn 0.8710 -0.3203 -0.3725
vn 0.3801 -0.5591 -0.7368
vn 0.0118 -0.7869 -0.6170
vn 0.5636 0.6088 -0.5583
vn 0.2151 -0.7046 -0.6763
vn 0.5863 -0.6155 -0.5267
vn 0.7265 -0.4779 -0.4938
vn 0.8932 -0.3315 -0.3039
vn 0.9629 -0.2065 -0.1739
vn 0.8144 -0.4043 -0.4163
vn 0.9427 -0.2243 -0.2468
vn 0.9762 0.2166 0.0049
vn 0.9820 0.1890 -0.0021
vn 0.2636 -0.8757 0.4045
vn 0.1347 -0.8839 0.4479
vn 0.2705 -0.7947 0.5434
vn 0.5447 -0.7318 0.4095
vn 0.3361 -0.8785 0.3397
vn 0.2016 -0.9691 0.1418
vn 0.0925 -0.9941 -0.0568
vn 0.1492 -0.9870 -0.0602
vn 0.1043 -0.9917 -0.0749
vn 0.1016 -0.9851 -0.1385
vn 0.0635 -0.9718 -0.2270
vn -0.0183 -0.9875 -0.1562
vn 0.0555 -0.9795 -0.1938
vn 0.2043 -0.9529 -0.2242
vn 0.1593 -0.9417 -0.2964
vn 0.3778 -0.8769 -0.2973
vn 0.9008 -0.2613 -0.3469
vn 0.9401 -0.1055 -0.3242
vn 0.9642 0.1787 -0.1957
vn 0.8346 0.5060 -0.2175
vn 0.8960 0.3895 -0.2132
vn 0.9015 0.4016 -0.1615
vn -0.2301 -0.9704 0.0741
vn -0.1538 -0.9873 -0.0408
vn -0.2389 -0.9710 0.0039
vn -0.2340 -0.9595 0.1570
vn -0.1508 -0.9885 0.0102
vn -0.2398 -0.9544 0.1778
vn -0.1830 -0.9823 0.0399
vn -0.1341 -0.9904 -0.0345
vn -0.2177 -0.9743 0.0577
vn -0.3099 -0.9508 -0.0036
vn -0.3114 -0.9503 0.0053
vn -0.2403 -0.9705 -0.0183
vn -0.3496 -0.9341 -0.0724
vn -0.3534 -0.9324 -0.0750
vn -0.3364 -0.9410 -0.0379
vn -0.3669 -0.9216 -0.1267
vn -0.3385 -0.9389 -0.0627
vn -0.3500 -0.9336 -0.0765
vn -0.3024 -0.9528 -0.0282
vn -0.2443 -0.9678 -0.0600
vn -0.1967 -0.9764 0.0888
vn -0.2585 -0.9658 0.0185
vn -0.2002 -0.9797 0.0073
vn -0.1554 -0.9867 0.0472
vn -0.1852 -0.9827 0.0056
vn -0.1809 -0.9825 -0.0448
vn -0.1702 -0.9853 -0.0127
vn -0.1075 -0.9865 0.1235
vn -0.1180 -0.9787 0.1677
vn -0.0529 -0.9737 0.2216
vn -0.1301 -0.9859 0.1055
vn 0.0192 -0.9698 0.2431
vn 0.1027 -0.9484 0.2999
vn 0.1457 -0.9117 0.3840
vn 0.4506 -0.5977 0.6632
vn 0.1697 -0.8649 0.4724
vn 0.6186 0.7536 0.2223
vn 0.8338 0.0271 0.5514
vn 0.8772 -0.1122 0.4668
vn 0.6223 0.7582 0.1944
vn 0.4474 0.8913 0.0736
vn 0.3905 0.9205 0.0150
vn 0.4309 0.9020 0.0254
vn 0.4305 0.9019 -0.0362
vn 0.3605 0.9308 -0.0611
vn 0.3195 0.9403 -0.1173
vn 0.9392 -0.1354 0.3156
vn 0.6808 0.7273 0.0864
vn 0.6784 0.7192 0.1499
vn 0.3637 -0.8909 0.2720
vn 0.0216 -0.9878 0.1543
vn 0.3423 -0.8734 0.3465
vn -0.1246 -0.9891 0.0790
vn -0.0431 -0.9865 0.1579
vn -0.2401 -0.9704 -0.0266
vn -0.1908 -0.9807 0.0437
vn -0.2613 -0.9640 -0.0496
vn -0.1879 -0.9766 -0.1049
vn -0.2151 -0.9760 -0.0335
vn -0.1853 -0.9753 -0.1200
vn -0.1858 -0.9747 -0.1242
vn -0.1901 -0.9797 -0.0631
vn -0.1820 -0.9787 -0.0952
vn -0.2996 -0.9502 -0.0859
vn -0.2077 -0.9725 -0.1055
vn -0.2881 -0.9502 -0.1186
vn -0.3236 -0.9455 -0.0358
vn -0.3588 -0.9276 -0.1037
vn -0.2540 -0.9638 0.0805
vn -0.2577 -0.9630 0.0788
vn -0.2855 -0.9580 0.0278
vn -0.1982 -0.9750 0.1000
vn -0.2269 -0.9730 0.0415
vn -0.2195 -0.9569 0.1904
vn 0.8495 0.5000 -0.1683
vn 0.9458 0.3029 -0.1170
vn 0.9601 0.2525 -0.1200
vn 0.9970 -0.0118 -0.0763
vn 0.9963 -0.0708 -0.0492
vn 0.9888 -0.1356 -0.0626
vn 0.8854 0.4648 -0.0016
vn 0.9436 0.3256 -0.0607
vn 0.8973 0.4399 -0.0369
vn 0.5000 0.8526 0.1522
vn 0.5659 0.8149 0.1251
vn 0.3331 0.9230 0.1924
vn 0.4114 0.8954 0.1705
vn 0.3622 0.9177 0.1632
vn 0.2346 0.9431 0.2358
vn 0.0129 -0.9920 0.1257
vn 0.1637 -0.9841 0.0693
vn 0.0381 -0.9984 0.0407
vn 0.0299 -0.9988 0.0383
vn 0.6400 -0.7260 0.2518
vn 0.6621 -0.7062 0.2508
vn 0.6696 -0.6190 0.4104
vn 0.7229 -0.6085 0.3275
vn 0.7975 -0.5116 0.3198
vn 0.2721 0.9157 0.2957
vn 0.2505 0.9207 0.2993
vn 0.3515 0.9040 0.2432
vn 0.3939 0.8908 0.2266
vn 0.4156 0.8806 0.2275
vn 0.4187 0.8867 0.1962
vn 0.9424 0.3130 -0.1183
vn 0.9866 0.0111 -0.1629
vn 0.9181 0.3655 -0.1530
vn 0.6743 0.7252 -0.1392
vn 0.7411 0.6585 -0.1310
vn 0.4039 0.8929 -0.1989
vn 0.3064 0.9254 -0.2230
vn 0.2335 0.8984 -0.3721
vn 0.2652 0.8472 -0.4604
vn 0.2440 0.9171 -0.3154
vn 0.3117 0.7882 -0.5307
vn 0.2324 0.7748 -0.5879
vn 0.1503 0.8540 -0.4982
vn 0.1784 0.8276 -0.5323
vn 0.1814 0.8229 -0.5384
vn 0.1237 0.8757 -0.4667
vn 0.1115 0.8607 -0.4968
vn 0.1466 0.8680 -0.4745
vn -0.3094 -0.8970 -0.3157
vn -0.3098 -0.0970 -0.9458
vn -0.2628 -0.0949 -0.9602
vn -0.2593 -0.9490 -0.1793
vn -0.2598 -0.9656 -0.0075
vn -0.2763 -0.9606 -0.0294
vn -0.1902 -0.9812 0.0324
vn 0.0155 -0.9926 0.1204
vn 0.3881 -0.8952 0.2192
vn 0.9833 -0.0538 0.1741
vn 0.4544 0.8883 -0.0676
vn -0.2591 -0.9652 -0.0365
vn -0.2574 -0.9655 -0.0390
vn -0.1927 -0.9748 -0.1126
vn -0.2317 -0.9693 -0.0820
vn -0.1762 -0.9844 0.0007
vn -0.1928 -0.9804 -0.0413
vn -0.1804 -0.9798 -0.0859
vn -0.1950 -0.9808 0.0003
vn -0.2227 -0.9737 -0.0481
vn -0.2461 -0.9687 -0.0331
vn -0.2821 -0.9593 -0.0146
vn -0.2913 -0.9564 -0.0234
vn -0.2769 -0.9602 -0.0360
vn -0.2821 -0.9592 0.0207
vn -0.2470 -0.9650 -0.0886
vn -0.2528 -0.9672 0.0259
vn -0.2135 -0.9764 -0.0310
vn 0.3047 0.7194 -0.6242
vn 0.4507 0.6444 -0.6178
vn 0.4682 0.7100 -0.5261
vn 0.7158 0.5770 -0.3934
vn 0.5989 0.6600 -0.4536
vn 0.6074 0.5866 -0.5356
vn 0.7496 0.6353 -0.1856
vn 0.7569 0.6139 -0.2240
vn 0.9584 0.2640 -0.1086
vn 0.8679 0.4766 -0.1398
vn 0.9969 -0.0499 -0.0608
vn 0.9957 0.0262 -0.0888
vn 0.9922 -0.1029 -0.0703
vn 0.9950 -0.0627 -0.0781
vn 0.9978 -0.0544 -0.0377
vn 0.9932 -0.0426 -0.1083
vn 0.9984 -0.0191 -0.0539
vn 0.9996 -0.0034 -0.0278
vn 0.9891 0.1407 -0.0444
vn 0.9798 0.1224 -0.1580
vn 0.9814 0.1383 -0.1331
vn 0.5469 0.8255 0.1395
vn 0.6335 0.7686 0.0890
vn 0.6617 0.7446 0.0883
vn 0.4146 0.8885 0.1968
vn 0.3298 0.9181 0.2199
vn 0.3983 0.8943 0.2039
vn 0.2106 0.9451 0.2499
vn 0.0386 -0.9925 0.1163
vn 0.4671 -0.7365 0.4892
vn 0.5131 -0.7631 0.3930
vn 0.5940 -0.6984 0.3993
vn 0.3952 -0.7046 0.5894
vn 0.5438 -0.6724 0.5022
vn 0.5987 -0.6129 0.5157
vn 0.3266 -0.3395 0.8821
vn 0.1476 -0.4392 0.8862
vn 0.2788 -0.4405 0.8534
vn 0.1885 -0.2500 0.9497
vn 0.1863 0.9497 0.2518
vn 0.2837 0.9252 0.2521
vn 0.2991 0.9246 0.2360
vn 0.3605 0.9052 0.2252
vn 0.4011 0.8929 0.2046
vn 0.7238 0.6860 0.0740
vn 0.8528 0.5219 -0.0172
vn 0.8704 0.4923 0.0064
vn 0.9795 -0.0809 -0.1846
vn 0.9924 -0.0488 -0.1133
vn 0.9925 0.0410 -0.1149
vn 0.7194 0.6819 -0.1323
vn 0.8312 0.5469 -0.1002
vn 0.6532 0.7469 -0.1244
vn 0.5427 0.7651 -0.3464
vn 0.6304 0.7436 -0.2227
vn 0.4874 0.8260 -0.2830
vn 0.4547 0.7611 -0.4625
vn 0.4165 0.7993 -0.4332
vn 0.3272 0.7758 -0.5394
vn 0.2386 0.7925 -0.5613
vn 0.2107 0.7750 -0.5958
vn -0.2930 -0.1054 -0.9503
vn -0.3072 -0.9201 -0.2431
vn -0.2511 -0.0264 -0.9676
vn -0.2978 -0.9456 -0.1307
vn -0.3063 -0.9419 -0.1383
vn -0.2795 -0.9561 -0.0881
vn -0.2406 -0.9679 -0.0731
vn -0.2589 -0.9646 -0.0502
vn -0.2110 -0.9773 -0.0171
vn -0.2509 -0.9678 -0.0191
vn -0.1850 -0.9827 0.0095
vn -0.1844 -0.9828 0.0112
vn 0.9542 0.2888 -0.0786
vn 0.9974 -0.0199 -0.0696
vn 0.9963 0.0475 -0.0712
vn 0.7497 0.6612 0.0286
vn 0.7735 0.6336 0.0143
vn 0.3091 0.9208 0.2380
vn 0.3632 0.9020 0.2332
vn 0.3775 0.9021 0.2091
vn 0.2086 0.9435 0.2575
vn 0.1811 -0.8715 0.4558
vn 0.1745 -0.9052 0.3875
vn 0.2447 -0.8907 0.3831
vn 0.3101 -0.7769 0.5479
vn 0.2633 -0.7333 0.6268
vn 0.2121 -0.8027 0.5574
vn 0.1228 -0.5325 0.8375
vn 0.2034 0.9490 0.2410
vn 0.5145 0.8413 0.1657
vn 0.5898 0.7915 0.1599
vn 0.6096 0.7847 0.1126
vn 0.4333 0.8756 0.2135
vn 0.4353 0.8771 0.2029
vn 0.3348 0.9395 -0.0727
vn 0.3530 0.9353 -0.0242
vn 0.3858 0.9195 0.0754
vn 0.3845 0.9208 0.0660
vn 0.6676 0.4069 0.6235
vn 0.4730 0.8514 0.2267
vn 0.4720 0.8405 0.2660
vn 0.4888 -0.3955 0.7775
vn 0.6310 0.4458 0.6349
vn 0.1881 -0.7906 0.5827
vn 0.4520 -0.3344 0.8270
vn -0.0542 -0.9216 0.3843
vn -0.0125 -0.9123 0.4093
vn 0.0189 -0.8496 0.5271
vn -0.1058 -0.9507 0.2915
vn -0.0389 -0.9138 0.4042
vn -0.0294 -0.9091 0.4154
vn -0.1483 -0.9704 0.1908
vn -0.1592 -0.9832 0.0894
vn -0.1342 -0.9797 0.1492
vn -0.1325 -0.9893 0.0604
vn 0.2085 -0.9680 -0.1396
vn 0.1992 -0.9669 -0.1593
vn 0.1676 -0.9728 -0.1598
vn 0.2283 -0.9647 -0.1310
vn 0.1237 -0.9772 -0.1726
vn 0.2030 -0.9681 -0.1468
vn 0.5002 0.8552 -0.1357
vn 0.5318 0.8367 -0.1308
vn 0.6047 0.7881 -0.1152
vn 0.5130 0.8515 -0.1087
vn 0.6331 0.7661 -0.1110
vn 0.7173 0.6853 -0.1257
vn 0.7336 0.6725 -0.0979
vn 0.8093 0.5733 -0.1276
vn 0.8055 0.5790 -0.1263
vn 0.8781 0.4683 -0.0985
vn 0.8879 0.4429 -0.1243
vn 0.9657 0.2319 -0.1171
vn 0.9498 0.2987 -0.0931
vn 0.9955 0.0550 -0.0775
vn 0.9681 -0.2374 -0.0799
vn 0.6481 -0.7353 -0.1982
vn 0.7599 -0.6288 -0.1651
vn 0.7045 -0.6830 -0.1929
vn 0.5884 -0.7791 -0.2163
vn 0.5502 -0.8123 -0.1934
vn 0.5159 -0.8412 -0.1618
vn 0.5923 -0.7867 -0.1740
vn 0.5650 -0.8250 -0.0132
vn 0.5161 -0.8492 -0.1119
vn 0.4579 -0.8850 -0.0846
vn 0.5980 -0.7546 0.2700
vn 0.6888 -0.6595 0.3009
vn 0.6358 -0.7414 0.2146
vn 0.6353 -0.6679 0.3878
vn 0.5536 -0.7368 0.3881
vn 0.7708 -0.5314 0.3515
vn 0.6433 -0.6278 0.4382
vn 0.7589 -0.5481 0.3516
vn 0.6189 -0.6500 0.4410
vn 0.7797 -0.4571 -0.4279
vn -0.0515 -0.6020 -0.7968
vn 0.8108 -0.1329 -0.5700
vn 0.9559 0.1590 -0.2471
vn 0.9901 0.0787 -0.1166
vn 0.5458 0.4782 -0.6880
vn 0.4200 0.5901 -0.6895
vn 0.6107 0.4130 -0.6756
vn -0.6883 0.4646 -0.5571
vn 0.9301 0.3288 0.1634
vn 0.9625 0.2459 0.1144
vn 0.8858 0.4265 0.1827
vn 0.9408 0.3092 0.1387
vn 0.8669 0.4570 0.1992
vn 0.4106 0.8625 0.2957
vn 0.7370 0.6349 0.2318
vn 0.9690 0.2328 0.0829
vn 0.8705 0.4497 0.2000
vn 0.9895 0.1429 0.0202
vn 0.9548 -0.0428 -0.2942
vn 0.8298 -0.3821 -0.4068
vn 0.9909 -0.0624 -0.1191
vn 0.9146 -0.2277 -0.3341
vn 0.9752 -0.0822 -0.2055
vn 0.9972 0.0383 -0.0647
vn 0.9925 0.1219 0.0080
vn 0.9957 0.0912 -0.0178
vn 0.9951 0.0808 -0.0569
vn 0.9899 0.1406 -0.0167
vn 0.9732 0.1822 -0.1400
vn 0.9873 0.0941 -0.1276
vn 0.9825 0.1777 -0.0564
vn 0.9582 0.0610 -0.2794
vn 0.9519 -0.0167 -0.3058
vn 0.9910 0.0376 -0.1282
vn 0.9186 -0.2128 -0.3330
vn 0.8496 -0.2985 -0.4349
vn 0.4801 -0.4576 -0.7484
vn 0.7947 -0.3069 -0.5238
vn 0.9051 -0.2031 -0.3736
vn 0.9303 -0.2154 -0.2970
vn 0.9553 -0.1616 -0.2477
vn 0.9331 -0.1295 -0.3355
vn 0.9426 -0.1434 -0.3014
vn 0.9165 -0.0866 -0.3906
vn 0.9067 -0.0915 -0.4118
vn 0.9237 -0.0371 -0.3814
vn 0.9107 -0.0096 -0.4129
vn 0.6162 0.3005 -0.7280
vn 0.6832 0.2759 -0.6761
vn 0.9439 0.0990 -0.3150
vn 0.9655 0.0804 -0.2477
vn 0.9790 0.0453 -0.1988
vn 0.9847 0.0556 -0.1653
vn 0.9919 0.0435 -0.1194
vn 0.9891 0.0248 -0.1450
vn 0.9921 0.0596 -0.1104
vn 0.9943 0.0208 -0.1049
vn 0.7993 -0.5995 -0.0414
vn 0.9531 -0.2895 -0.0882
vn 0.9740 -0.2262 -0.0071
vn 0.3454 -0.8843 -0.3141
vn 0.7148 -0.6813 -0.1578
vn 0.4337 -0.8971 -0.0843
vn 0.1646 -0.9858 0.0344
vn 0.0921 -0.9872 0.1305
vn 0.5263 -0.8430 0.1113
vn 0.6127 -0.7897 0.0301
vn 0.8279 -0.5569 0.0676
vn 0.9989 -0.0355 -0.0310
vn 0.9817 -0.1869 0.0375
vn 0.9817 -0.1896 0.0153
vn 0.9983 -0.0297 -0.0500
vn 0.9930 0.0626 -0.1002
vn 0.9843 0.0096 -0.1761
vn 0.9923 -0.0127 -0.1230
vn 0.9759 0.0316 -0.2161
vn 0.9694 0.0579 -0.2385
vn 0.9582 0.0045 -0.2860
vn 0.9680 0.0193 -0.2501
vn 0.9526 0.0524 -0.2997
vn 0.9190 -0.0671 -0.3885
vn 0.9413 -0.0034 -0.3375
vn 0.9360 0.3520 0.0053
vn 0.8815 0.4722 -0.0007
vn 0.9145 0.4021 -0.0450
vn 0.9183 0.3921 0.0538
vn 0.9210 0.3825 0.0743
vn 0.8730 0.4839 0.0599
vn 0.9083 0.4079 0.0932
vn 0.8674 0.4924 0.0720
vn 0.8537 0.4944 0.1637
vn 0.8643 0.4891 0.1172
vn 0.9231 0.3726 0.0947
vn 0.7075 0.6592 0.2547
vn 0.9457 0.3080 0.1035
vn 0.9783 0.2071 -0.0054
vn 0.9888 0.1204 -0.0879
vn 0.8802 0.4647 0.0962
vn 0.5210 0.8204 0.2358
vn 0.8613 -0.0437 -0.5063
vn 0.5739 -0.0219 -0.8187
vn 0.4439 -0.2544 -0.8592
vn 0.0949 -0.9889 -0.1143
vn 0.0017 -0.9928 -0.1197
vn 0.0401 -0.9928 -0.1126
vn 0.0355 -0.9915 -0.1250
vn -0.0219 -0.9902 -0.1383
vn -0.0150 -0.9918 -0.1267
vn -0.0979 -0.9895 -0.1060
vn -0.0558 -0.9910 -0.1220
vn -0.0757 -0.9849 -0.1559
vn 0.0609 -0.9718 -0.2277
vn 0.3710 -0.9054 -0.2065
vn -0.1215 -0.9879 -0.0964
vn 0.5327 -0.8145 -0.2299
vn 0.9687 -0.0694 -0.2384
vn 0.9468 -0.1874 -0.2617
vn 0.4933 -0.7504 -0.4399
vn -0.0506 -0.9871 -0.1520
vn 0.5968 -0.7128 -0.3685
vn 0.1632 -0.9458 -0.2809
vn -0.0554 -0.9849 -0.1642
vn 0.1802 -0.9267 -0.3297
vn -0.0055 -0.9895 -0.1441
vn -0.1008 -0.9911 -0.0871
vn -0.0691 -0.9882 -0.1366
vn -0.1425 -0.9855 -0.0924
vn -0.1812 -0.9831 -0.0275
vn -0.2821 -0.9580 -0.0523
vn -0.2430 -0.9697 0.0240
vn -0.1095 -0.9629 0.2468
vn -0.1510 -0.9736 0.1709
vn -0.1212 -0.9815 0.1479
vn -0.0738 -0.9603 0.2692
vn 0.0094 -0.9292 0.3693
vn 0.0778 -0.8902 0.4488
vn -0.0064 -0.9533 0.3020
vn 0.0734 -0.9033 0.4227
vn 0.7037 0.2475 0.6660
vn 0.6949 0.3619 0.6214
vn 0.3461 0.9382 0.0084
vn 0.5095 0.8268 0.2382
vn 0.4945 -0.4600 0.7375
vn 0.1449 -0.9759 -0.1633
vn 0.0595 -0.9881 -0.1415
vn 0.0723 -0.9842 -0.1619
vn 0.1415 -0.9755 -0.1684
vn 0.2175 -0.9626 -0.1615
vn 0.0052 -0.9834 -0.1815
vn 0.0509 -0.9704 -0.2359
vn 0.0332 -0.9588 -0.2823
vn 0.2934 0.9449 -0.1452
vn 0.2855 0.9458 -0.1545
vn 0.4557 0.8793 -0.1388
vn 0.6972 0.7104 -0.0965
vn 0.6749 0.7284 -0.1179
vn 0.7456 0.6605 -0.0888
vn 0.7621 0.6412 -0.0895
vn 0.6547 0.7479 -0.1092
vn 0.8916 0.4407 -0.1042
vn 0.9890 0.0688 -0.1312
vn 0.8623 0.4897 -0.1292
vn 0.9628 0.2331 -0.1363
vn 0.8373 0.5339 -0.1179
vn 0.9808 0.1403 -0.1354
vn 0.5750 -0.8083 -0.1263
vn 0.6476 -0.7560 -0.0953
vn 0.6466 -0.7514 -0.1313
vn 0.9581 -0.2808 0.0559
vn 0.9288 -0.3666 0.0534
vn 0.9055 -0.4006 0.1402
vn 0.8465 -0.4723 0.2457
vn 0.9379 -0.3225 0.1279
vn 0.9235 -0.3531 0.1498
vn 0.8719 -0.4499 0.1933
vn 0.8452 -0.4768 0.2414
vn 0.6000 -0.6714 -0.4349
vn -0.0714 -0.7961 -0.6009
vn 0.9810 -0.0528 -0.1869
vn 0.9966 -0.0371 -0.0735
vn 0.9672 -0.1519 -0.2036
vn 0.9696 0.0959 -0.2249
vn 0.6679 0.3094 -0.6769
vn 0.6994 -0.2488 -0.6700
vn 0.9955 0.0463 -0.0830
vn 0.9923 0.0990 -0.0743
vn 0.9913 0.0862 -0.0996
vn 0.9907 0.0919 -0.1006
vn 0.9966 -0.0382 -0.0732
vn 0.9890 -0.0218 -0.1466
vn 0.9778 -0.2076 0.0299
vn 0.9424 -0.3265 0.0724
vn 0.9485 -0.3072 0.0769
vn 0.9147 -0.3902 0.1050
vn 0.8491 -0.5114 0.1324
vn 0.8334 -0.5330 0.1463
vn 0.5841 -0.7831 0.2138
vn 0.8633 -0.4894 0.1236
vn 0.6637 -0.7253 0.1829
vn 0.8614 -0.4927 0.1231
vn 0.9173 -0.3823 0.1118
vn 0.9376 -0.3324 0.1023
vn 0.9577 -0.2805 0.0638
vn 0.9647 -0.2551 0.0655
vn 0.9748 -0.2206 0.0330
vn 0.9712 -0.2310 0.0584
vn 0.9815 -0.1910 0.0140
vn 0.9792 -0.0130 -0.2025
vn 0.9054 -0.3834 -0.1824
vn 0.9212 -0.3429 -0.1837
vn 0.9415 0.2910 -0.1699
vn 0.9749 0.0086 -0.2223
vn 0.8540 0.5147 -0.0759
vn 0.9247 0.3496 -0.1506
vn 0.8200 0.5723 -0.0060
vn 0.8871 0.4507 -0.0999
vn 0.7741 0.6301 0.0611
vn 0.7454 0.6666 0.0038
vn 0.6771 0.7299 0.0936
vn 0.7146 0.6876 0.1289
vn 0.7747 0.6171 0.1377
vn 0.3101 0.9450 -0.1039
vn 0.0940 0.9906 -0.0989
vn 0.0845 0.9819 -0.1697
vn 0.5665 0.8231 0.0389
vn 0.4598 0.8880 -0.0089
vn 0.5427 0.8398 0.0098
vn 0.5508 0.8337 -0.0412
vn 0.6478 0.7597 0.0558
vn 0.5969 0.8009 0.0477
vn 0.5652 0.8248 0.0143
vn 0.8964 -0.4146 -0.1569
vn 0.9822 -0.0118 -0.1874
vn 0.9873 0.0078 -0.1584
vn 0.8116 0.5742 -0.1075
vn 0.9668 0.2101 -0.1453
vn 0.9853 0.0807 -0.1503
vn 0.6398 0.7654 -0.0689
vn 0.5425 0.8358 -0.0838
vn 0.5048 0.8594 -0.0808
vn 0.5622 0.8172 -0.1266
vn 0.4959 0.8579 -0.1343
vn 0.5363 0.8329 -0.1367
vn 0.4620 0.8751 -0.1442
vn 0.4663 0.8752 -0.1288
vn 0.4727 0.8653 -0.1667
vn 0.5682 0.8073 -0.1594
vn 0.6984 0.6791 -0.2258
vn 0.6920 0.7115 -0.1218
vn 0.3437 -0.8281 0.4428
vn 0.7002 -0.6368 0.3227
vn 0.6243 -0.6816 0.3817
vn 0.7594 -0.5763 0.3020
vn 0.8502 -0.4558 0.2634
vn 0.5915 -0.8036 -0.0654
vn 0.6861 -0.7274 -0.0137
vn 0.6773 -0.7350 0.0305
vn 0.8334 -0.5338 -0.1430
vn 0.7845 -0.5990 -0.1606
vn 0.9375 0.3421 -0.0642
vn 0.9138 0.4013 -0.0619
vn 0.7815 0.6153 -0.1034
vn 0.7063 0.6971 -0.1235
vn 0.5961 0.7915 -0.1345
vn 0.4977 0.8605 -0.1084
vn 0.2879 0.9472 -0.1408
vn 0.4693 0.8726 -0.1351
vn 0.0452 -0.8933 -0.4472
vn 0.0242 -0.9082 -0.4178
vn 0.0484 -0.9109 -0.4099
vn 0.1075 -0.9171 -0.3838
vn 0.0519 -0.9141 -0.4022
vn 0.0398 -0.9713 -0.2347
vn 0.0577 -0.9474 -0.3147
vn 0.1111 -0.9669 -0.2295
vn 0.6558 0.7548 0.0091
vn 0.5526 0.8317 -0.0528
vn 0.7047 0.7072 -0.0578
vn 0.0264 -0.9925 -0.1191
vn 0.0020 -0.9864 -0.1645
vn -0.0418 -0.9923 -0.1165
vn -0.0650 -0.9909 -0.1178
vn 0.1679 -0.9671 -0.1912
vn 0.1878 -0.9635 -0.1906
vn 0.8319 0.5528 0.0489
vn -0.2681 -0.4975 -0.8250
vn 0.5854 -0.4025 -0.7037
vn 0.1699 -0.9650 -0.2000
vn 0.9688 0.2458 -0.0329
vn 0.9653 0.2478 -0.0823
vn 0.9978 0.0668 -0.0020
vn 0.9793 0.1922 0.0628
vn -0.2660 -0.9639 0.0120
vn -0.3695 -0.4278 -0.8249
vn -0.1199 0.4592 -0.8802
vn -0.2996 -0.3723 -0.8784
vn -0.0156 0.7924 -0.6098
vn -0.0081 0.8235 -0.5673
vn 0.0527 0.8779 -0.4759
vn 0.0419 0.8775 -0.4778
vn 0.0631 0.8963 -0.4390
vn 0.0317 0.8723 -0.4880
vn 0.0307 0.8862 -0.4624
vn 0.1609 0.8819 -0.4431
vn 0.2546 0.9598 -0.1182
vn 0.2445 0.9471 -0.2078
vn 0.3302 0.9421 -0.0589
vn 0.3047 0.9514 -0.0443
vn 0.2810 0.9564 -0.0800
vn 0.3046 0.9474 -0.0979
vn 0.3380 0.9354 -0.1042
vn 0.5381 0.8386 -0.0845
vn 0.4445 0.8943 -0.0519
vn 0.5129 0.8501 -0.1195
vn 0.4425 0.8924 -0.0880
vn 0.6841 0.7120 -0.1582
vn 0.6373 0.7433 -0.2032
vn 0.9656 0.1111 0.2350
vn 0.9412 0.1485 0.3034
vn 0.4213 0.9068 0.0126
vn 0.5020 0.8628 0.0592
vn 0.4368 0.8966 0.0727
vn 0.3857 0.9226 -0.0000
vn 0.3222 0.9466 -0.0088
vn 0.3573 0.9338 0.0178
vn 0.3371 0.9403 0.0477
vn 0.3330 0.9429 -0.0039
vn 0.2934 0.9548 -0.0477
vn 0.2925 0.9559 -0.0255
vn 0.3304 0.9427 -0.0462
vn 0.3273 0.9442 -0.0360
vn 0.1579 0.9176 -0.3649
vn 0.2020 0.9550 -0.2172
vn 0.1388 0.9387 -0.3156
vn 0.2352 0.9580 -0.1638
vn 0.2055 0.9539 -0.2185
vn 0.1596 0.9547 -0.2513
vn 0.0823 0.9097 -0.4071
vn 0.0505 0.8018 -0.5954
vn 0.1052 0.8879 -0.4478
vn 0.1441 0.8917 -0.4292
vn -0.0823 0.5689 -0.8183
vn -0.3652 -0.2057 -0.9079
vn -0.3821 -0.8394 -0.3865
vn 0.3523 0.9351 -0.0395
vn 0.8642 0.4217 -0.2744
vn 0.7784 0.5647 -0.2742
vn 0.8163 0.3984 -0.4182
vn 0.9853 0.1664 -0.0386
vn 0.9970 0.0649 -0.0414
vn -0.1557 -0.8520 -0.4999
vn 0.1182 -0.9124 -0.3920
vn 0.3145 -0.8159 -0.4853
vn 0.4864 -0.8023 -0.3461
vn 0.2725 -0.5251 -0.8062
vn 0.3643 -0.7047 -0.6088
vn 0.6989 -0.3197 -0.6398
vn 0.3938 0.8816 0.2603
vn 0.3635 0.9228 0.1278
vn 0.4349 0.8493 0.2992
vn 0.1788 0.4033 -0.8974
vn 0.9049 -0.3129 -0.2886
vn 0.8561 0.1313 -0.4998
vn 0.6983 -0.2228 -0.6803
vn 0.7395 0.4017 -0.5402
vn 0.5156 0.8555 -0.0466
vn -0.2602 0.6292 -0.7324
vn -0.1242 0.2465 -0.9612
vn -0.9789 -0.0922 -0.1826
vn -0.9860 -0.1119 -0.1234
vn -0.9761 -0.1420 -0.1644
vn -0.9744 -0.0477 -0.2195
vn -0.9686 0.1365 -0.2078
vn -0.9579 0.0126 -0.2868
vn -0.9488 -0.0271 -0.3148
vn -0.9541 0.1921 -0.2299
vn -0.9605 0.0215 -0.2775
vn -0.9452 0.2848 -0.1597
vn 0.0223 -0.0413 -0.9989
vn 0.1208 0.5709 -0.8121
vn -0.4584 0.5306 -0.7130
vn -0.8370 0.1418 -0.5285
vn -0.2474 0.9229 -0.2949
vn 0.1091 0.9320 -0.3456
vn -0.8117 0.4341 -0.3908
vn -0.6202 0.7053 -0.3433
vn -0.4659 0.8649 -0.1870
vn -0.8351 0.3608 -0.4152
vn -0.6193 0.7602 -0.1964
vn -0.6172 0.6220 -0.4818
vn -0.6739 0.2175 -0.7061
vn -0.2332 0.9691 -0.0811
vn -0.3243 0.7605 -0.5625
vn -0.2721 0.1358 -0.9526
vn -0.8441 -0.1650 -0.5102
vn -0.5271 -0.8256 -0.2015
vn -0.8249 -0.5632 -0.0474
vn -0.9812 -0.0724 -0.1788
vn -0.4357 -0.8936 0.1076
vn -0.6562 -0.7403 -0.1458
vn -0.8256 -0.5473 -0.1370
vn -0.8496 -0.4686 -0.2419
vn -0.6640 -0.7166 -0.2133
vn -0.9336 -0.2314 -0.2737
vn -0.8519 -0.5081 -0.1265
vn -0.8316 0.5200 -0.1951
vn -0.8917 0.4405 -0.1042
vn -0.9794 0.1622 -0.1206
vn -0.9440 0.2388 -0.2275
vn -0.6619 0.7372 -0.1355
vn -0.6357 0.7494 -0.1853
vn -0.9840 0.1778 -0.0075
vn -0.9562 0.2925 0.0057
vn -0.8216 0.5663 -0.0650
vn -0.6364 0.7634 -0.1109
vn -0.8638 0.5030 0.0276
vn -0.9987 -0.0172 0.0479
vn -0.7716 -0.0167 -0.6359
vn -0.8660 -0.4919 -0.0895
vn -0.6843 -0.7272 -0.0537
vn -0.9753 -0.2163 -0.0447
vn -0.9916 -0.1277 0.0203
vn -0.7497 -0.6588 0.0624
vn -0.8645 -0.5026 0.0078
vn -0.4976 -0.8628 -0.0891
vn -0.4692 -0.8804 -0.0689
vn -0.4143 -0.9003 -0.1334
vn -0.5427 -0.8342 -0.0985
vn -0.5410 -0.8408 0.0172
vn -0.7102 0.6799 -0.1826
vn -0.6090 0.7737 -0.1748
vn -0.7128 0.6771 -0.1831
vn -0.8113 0.5490 -0.2008
vn -0.8680 0.4662 -0.1710
vn -0.8891 0.4136 -0.1959
vn -0.8301 0.5343 -0.1595
vn -0.9285 0.3338 -0.1628
vn -0.8821 0.4307 -0.1907
vn -0.9426 0.3204 -0.0943
vn -0.9836 0.1431 -0.1102
vn -0.8194 0.5661 -0.0904
vn -0.9627 0.2684 -0.0334
vn -0.8135 0.5575 -0.1657
vn -0.8424 0.4725 -0.2589
vn -0.8620 0.4992 0.0877
vn -0.6684 0.7398 0.0767
vn -0.6762 0.7281 0.1125
vn -0.8881 0.4381 0.1390
vn -0.0737 -0.9354 -0.3459
vn -0.3097 -0.8690 -0.3859
vn -0.2335 -0.7486 -0.6206
vn -0.7705 0.6157 0.1654
vn -0.9023 0.3816 0.2005
vn -0.6158 0.7764 0.1343
vn -0.0590 -0.9547 -0.2917
vn -0.1089 -0.9633 -0.2453
vn -0.0594 -0.9791 -0.1944
vn -0.0338 -0.9700 -0.2409
vn -0.1102 -0.9384 -0.3275
vn -0.2103 -0.9144 -0.3460
vn -0.2378 -0.9691 0.0651
vn -0.2709 -0.9453 0.1818
vn -0.3838 -0.9110 0.1508
vn -0.3451 -0.9034 0.2547
vn -0.8224 0.5389 -0.1821
vn -0.8110 0.5840 -0.0336
vn -0.8886 0.4587 -0.0080
vn -0.9095 0.3890 -0.1466
vn -0.7851 0.6156 0.0684
vn -0.8449 0.5297 0.0748
vn -0.7285 0.6833 -0.0488
vn -0.2079 -0.8724 0.4425
vn -0.1829 -0.8448 0.5029
vn -0.2030 -0.8075 0.5538
vn -0.6185 0.7351 0.2775
vn -0.6675 0.6888 0.2827
vn -0.6415 0.7081 0.2949
vn -0.7347 0.6215 0.2720
vn -0.7335 0.6043 0.3113
vn -0.7800 0.5759 0.2448
vn -0.8623 0.4252 0.2750
vn -0.9296 0.2793 0.2404
vn -0.9692 0.1226 0.2135
vn -0.9779 -0.0045 0.2090
vn -0.9520 0.2439 0.1848
vn -0.9792 0.1085 0.1716
vn -0.9852 0.0194 0.1701
vn -0.9798 -0.0645 0.1893
vn -0.9878 -0.0120 0.1552
vn -0.9887 0.0801 0.1264
vn -0.9863 0.1055 0.1270
vn -0.9461 -0.2586 0.1950
vn -0.9282 -0.2856 0.2384
vn -0.9531 -0.2593 0.1563
vn -0.8541 -0.4921 0.1681
vn -0.8414 -0.4990 0.2076
vn -0.9895 0.0109 0.1441
vn -0.7628 -0.6207 0.1812
vn -0.6756 -0.7238 0.1402
vn -0.6878 -0.7081 0.1596
vn -0.5786 -0.8087 0.1063
vn -0.5298 -0.8440 0.0841
vn -0.3565 -0.9326 0.0570
vn -0.0200 -0.9998 0.0054
vn -0.2411 -0.4535 -0.8580
vn -0.9337 -0.1454 -0.3271
vn -0.1098 -0.9939 0.0121
vn -0.2034 -0.9784 0.0361
vn -0.3429 -0.9384 0.0420
vn -0.2234 -0.9743 0.0271
vn -0.6005 -0.7903 0.1219
vn -0.7127 -0.6769 0.1839
vn -0.7552 -0.6262 0.1935
vn -0.8417 -0.4849 0.2376
vn -0.8064 -0.5434 0.2333
vn -0.9714 -0.0578 0.2303
vn -0.9551 0.1783 0.2365
vn -0.8898 0.3875 0.2409
vn -0.9566 0.1773 0.2312
vn -0.8750 0.4210 0.2390
vn -0.7473 0.5974 0.2909
vn -0.8536 0.4278 0.2971
vn -0.6002 0.7213 0.3457
vn -0.7058 0.6064 0.3663
vn -0.0129 0.9062 0.4227
vn -0.5551 0.7343 0.3907
vn -0.4882 0.8042 0.3390
vn -0.4451 0.8240 0.3507
vn -0.3846 0.8356 0.3924
vn -0.5923 0.7453 0.3060
vn -0.8947 0.3909 0.2162
vn -0.9159 0.3682 0.1598
vn -0.9628 0.2352 0.1328
vn -0.9684 0.2310 0.0941
vn -0.9866 0.1311 0.0970
vn -0.9816 0.1798 0.0650
vn -0.9762 0.2110 0.0506
vn -0.9825 0.1491 0.1112
vn -0.5325 -0.8392 0.1100
vn -0.6893 -0.7080 0.1539
vn -0.8574 -0.4956 0.1386
vn -0.5248 -0.8370 0.1548
vn -0.3980 -0.8754 0.2743
vn -0.3120 -0.8889 0.3353
vn -0.3709 -0.8548 0.3630
vn -0.2180 -0.9154 0.3383
vn -0.2490 -0.9306 0.2684
vn -0.2781 -0.8712 0.4045
vn -0.3381 -0.8329 0.4382
vn -0.2394 -0.8469 0.4748
vn -0.2952 -0.8104 0.5061
vn -0.3701 -0.7602 0.5339
vn -0.3066 -0.7370 0.6023
vn -0.4148 -0.6317 0.6549
vn -0.3171 -0.6167 0.7205
vn -0.4172 -0.7828 0.4617
vn -0.2513 -0.5492 0.7970
vn -0.4019 -0.5117 0.7593
vn -0.3425 -0.3996 0.8503
vn -0.4765 -0.6616 0.5791
vn -0.5960 -0.3618 0.7169
vn -0.5366 -0.2684 0.8000
vn -0.4758 -0.1115 0.8724
vn -0.3095 -0.2976 0.9031
vn -0.4478 0.0661 0.8917
vn -0.6660 0.2708 0.6950
vn -0.5869 0.3931 0.7078
vn -0.5270 0.5227 0.6701
vn -0.4519 0.2220 0.8640
vn -0.3696 0.9279 0.0479
vn -0.3426 0.9385 0.0437
vn -0.1976 0.9265 -0.3202
vn -0.1506 0.8976 -0.4143
vn 0.3820 -0.0548 -0.9225
vn 0.4539 -0.6665 -0.5913
vn -0.7202 -0.6220 -0.3072
vn -0.9439 0.0836 -0.3194
vn -0.6736 -0.4676 -0.5723
vn -0.5847 -0.3872 -0.7128
vn -0.0755 -0.8089 -0.5831
vn 0.0614 -0.7676 -0.6380
vn 0.1760 -0.5838 -0.7926
vn -0.1616 -0.1018 -0.9816
vn -0.0255 0.1122 -0.9934
vn -0.1907 0.6777 -0.7102
vn -0.3426 0.9378 0.0556
vn -0.4540 0.4374 0.7762
vn -0.3136 -0.2030 0.9276
vn -0.1983 -0.5304 0.8242
vn -0.1811 -0.6673 0.7224
vn -0.1258 -0.6734 0.7285
vn -0.1211 -0.7742 0.6213
vn -0.1234 -0.8651 0.4862
vn -0.1533 -0.8733 0.4624
vn -0.1822 -0.8975 0.4017
vn -0.1520 -0.9598 0.2358
vn -0.1757 -0.9693 0.1723
vn -0.1015 -0.9943 0.0327
vn -0.0729 -0.9961 0.0500
vn -0.9306 -0.0233 -0.3652
vn -0.9872 0.0980 -0.1261
vn -0.1945 -0.1565 -0.9683
vn -0.2408 -0.4322 -0.8690
vn 0.0207 0.7297 0.6835
vn -0.5318 0.6320 0.5636
vn -0.4737 0.7805 0.4080
vn 0.0359 0.8655 0.4997
vn -0.6067 0.7682 0.2046
vn -0.3914 0.8621 0.3218
vn -0.7339 0.6341 0.2436
vn 0.0378 0.9230 0.3829
vn -0.8283 0.4468 0.3382
vn -0.8534 0.3312 0.4024
vn -0.9597 0.2004 0.1972
vn -0.9577 0.2806 0.0642
vn -0.8100 0.5844 0.0485
vn -0.9316 0.3563 0.0727
vn -0.7787 0.6259 0.0443
vn -0.7652 0.6423 0.0439
vn -0.8128 0.5820 -0.0257
vn -0.9164 0.3960 -0.0589
vn -0.9603 0.2745 -0.0507
vn -0.9742 0.2179 -0.0588
vn -0.9971 0.0676 -0.0356
vn -0.9687 0.2444 -0.0444
vn -0.9900 -0.1066 -0.0920
vn -0.9541 -0.2469 -0.1696
vn -0.9818 -0.1574 -0.1059
vn -0.9966 0.0687 -0.0460
vn -0.9500 -0.2715 -0.1541
vn -0.9562 -0.2307 -0.1801
vn -0.9806 -0.1497 -0.1268
vn -0.5728 -0.8114 -0.1165
vn -0.4839 -0.8651 -0.1317
vn -0.4930 -0.8642 -0.1004
vn -0.7313 -0.6735 -0.1074
vn -0.9122 -0.4040 -0.0690
vn -0.7679 -0.6366 -0.0708
vn -0.9391 -0.3413 -0.0394
vn -0.9909 -0.1340 -0.0083
vn -0.9933 -0.1089 -0.0393
vn -0.9563 -0.2827 -0.0751
vn -0.9884 -0.1508 -0.0206
vn -0.9578 -0.2855 -0.0318
vn -0.9519 -0.3061 0.0138
vn -0.9453 -0.3233 -0.0441
vn -0.9988 -0.0333 -0.0365
vn -0.5382 -0.8343 0.1198
vn -0.7065 -0.6963 0.1264
vn -0.2755 -0.9511 0.1399
vn -0.1271 -0.9852 0.1155
vn 0.1782 -0.9801 0.0871
vn 0.0651 -0.9847 0.1614
vn 0.1114 -0.9790 0.1707
vn -0.3836 -0.2540 -0.8879
vn -0.5649 0.4179 -0.7115
vn -0.0647 0.4385 -0.8964
vn 0.2713 -0.2545 -0.9282
vn -0.3394 0.4912 -0.8022
vn -0.5323 -0.0807 -0.8427
vn -0.6113 0.1812 -0.7704
vn -0.3502 -0.3124 -0.8831
vn -0.5622 -0.3805 -0.7343
vn -0.1366 -0.4317 -0.8916
vn -0.9230 -0.3692 -0.1086
vn -0.7716 0.3213 -0.5489
vn -0.9987 0.0097 -0.0500
vn -0.9967 -0.0715 -0.0380
vn -0.7406 0.3641 -0.5647
vn -0.2331 0.5102 -0.8278
vn -0.2406 0.5315 -0.8122
vn -0.2291 0.0044 -0.9734
vn -0.1916 -0.6955 -0.6925
vn -0.1629 -0.9008 -0.4026
vn -0.1478 -0.9502 -0.2744
vn -0.9887 -0.1457 -0.0346
vn -0.1514 -0.9807 -0.1236
vn -0.9949 -0.1005 0.0029
vn -0.9428 -0.3334 0.0087
vn -0.9329 -0.3523 -0.0743
vn -0.9789 -0.2022 0.0280
vn -0.9265 -0.3756 0.0237
vn -0.8398 -0.5338 0.0987
vn -0.7380 -0.6308 0.2395
vn -0.6557 -0.6853 0.3169
vn -0.7360 -0.6520 0.1823
vn -0.4667 -0.8446 0.2625
vn -0.5478 -0.8256 0.1354
vn -0.3411 -0.9395 -0.0309
vn -0.3412 -0.9351 -0.0958
vn -0.5194 -0.8356 -0.1788
vn -0.9357 -0.3024 -0.1817
vn -0.9784 -0.1532 -0.1389
vn -0.9608 -0.2024 -0.1893
vn -0.9810 0.0306 -0.1913
vn -0.9840 -0.1512 -0.0947
vn -0.9799 -0.1180 -0.1610
vn -0.9767 0.2105 -0.0426
vn -0.9783 0.2016 -0.0471
vn -0.8042 0.5940 -0.0225
vn -0.6479 0.7613 0.0240
vn -0.5625 0.8238 0.0704
vn -0.5560 0.8255 0.0972
vn -0.5064 0.8510 0.1395
vn -0.4965 0.8478 0.1866
vn -0.3257 0.9100 0.2564
vn 0.0264 0.9562 0.2916
vn -0.5204 -0.8505 0.0763
vn -0.6304 -0.7691 0.1052
vn -0.6911 -0.7089 0.1412
vn -0.7064 -0.6929 0.1446
vn -0.7496 -0.6273 0.2112
vn -0.9000 -0.3655 0.2375
vn -0.9414 -0.2370 0.2400
vn -0.9468 -0.2397 0.2148
vn -0.9636 -0.0545 0.2619
vn -0.9351 0.2005 0.2922
vn -0.8964 0.2175 0.3863
vn -0.9277 -0.0415 0.3710
vn -0.8119 0.4432 0.3801
vn -0.8266 0.2250 0.5158
vn -0.7544 0.4438 0.4836
vn -0.6560 0.6162 0.4359
vn -0.6202 0.6011 0.5039
vn -0.6998 0.4222 0.5762
vn -0.5820 0.5902 0.5594
vn -0.4656 0.7088 0.5300
vn -0.2889 0.8747 0.3892
vn -0.1367 0.9262 0.3513
vn 0.0162 0.9359 0.3519
vn -0.2781 0.8956 0.3472
vn -0.3813 0.8558 0.3497
vn -0.2737 0.9185 0.2854
vn -0.1414 0.9475 0.2868
vn -0.3692 0.8817 0.2939
vn -0.4462 0.8414 0.3049
vn -0.4805 0.8371 0.2617
vn -0.4523 0.8496 0.2714
vn -0.5796 0.7756 0.2499
vn -0.7165 0.6700 0.1943
vn -0.8822 0.4569 0.1144
vn -0.5132 0.8204 0.2523
vn -0.5912 0.7743 0.2255
vn -0.9610 0.2725 0.0466
vn -0.9745 0.2210 0.0391
vn -0.9058 0.4206 0.0502
vn -0.9638 0.2666 0.0070
vn -0.9659 0.2581 0.0195
vn -0.9692 0.2459 -0.0103
vn -0.9648 0.2561 -0.0592
vn -0.9457 0.3194 -0.0599
vn -0.9437 0.3249 -0.0625
vn -0.9843 0.1739 -0.0301
vn -0.9139 0.4034 -0.0452
vn -0.9810 0.1905 0.0372
vn -0.8881 0.4587 -0.0310
vn -0.9449 0.3183 -0.0768
vn -0.9519 0.3061 0.0102
vn -0.9021 0.4316 0.0001
vn -0.8727 0.4829 -0.0714
vn -0.9910 0.1057 0.0818
vn -0.9661 -0.2170 0.1399
vn -0.9409 0.3281 0.0846
vn -0.8363 0.5482 -0.0023
vn -0.9804 -0.0668 0.1855
vn -0.8722 -0.4471 0.1982
vn -0.9634 0.1405 0.2282
vn -0.8871 -0.3649 0.2827
vn -0.6904 -0.6875 0.2253
vn -0.8944 -0.2867 0.3433
vn -0.9261 0.2898 0.2417
vn -0.6754 -0.6762 0.2942
vn -0.5050 -0.8358 0.2157
vn -0.6384 -0.6779 0.3646
vn -0.8677 -0.2855 0.4069
vn -0.4744 -0.8277 0.2999
vn -0.4436 -0.8096 0.3844
vn -0.5848 -0.6840 0.4361
vn -0.5294 -0.6787 0.5090
vn -0.8033 -0.3367 0.4914
vn -0.7244 -0.3842 0.5724
vn -0.6568 -0.3923 0.6439
vn -0.8459 0.1805 0.5019
vn -0.8851 0.2399 0.3987
vn -0.8004 0.1619 0.5772
vn -0.7372 0.1924 0.6477
vn -0.7029 0.6337 0.3230
vn -0.6538 0.6607 0.3687
vn -0.5942 0.7032 0.3905
vn -0.5412 0.8215 0.1794
vn -0.5516 0.8252 0.1212
vn -0.2785 0.9584 -0.0624
vn -0.3393 0.9406 0.0141
vn -0.2272 0.9244 -0.3064
vn -0.1383 0.8439 -0.5184
vn 0.1746 0.2239 -0.9588
vn 0.4681 -0.5607 -0.6830
vn 0.5394 -0.5772 -0.6131
vn -0.3166 0.5617 -0.7644
vn -0.4019 0.8903 0.2139
vn -0.4185 -0.0044 0.9082
vn -0.2751 -0.4183 0.8657
vn -0.0738 -0.7752 0.6274
vn -0.1352 -0.6680 0.7318
vn -0.0684 -0.7187 0.6920
vn 0.0313 -0.8924 0.4501
vn -0.0186 -0.8721 0.4890
vn -0.0724 -0.8677 0.4918
vn -0.0086 -0.9410 0.3382
vn -0.1113 -0.9777 -0.1784
vn -0.0972 -0.9912 -0.0897
vn -0.0794 -0.9730 -0.2169
vn -0.1093 -0.9936 -0.0301
vn -0.0861 -0.9957 0.0335
vn -0.1411 -0.9865 -0.0830
vn -0.0868 -0.9920 -0.0922
vn -0.9537 0.3007 0.0095
vn -0.7751 0.6266 0.0813
vn -0.1804 0.9696 0.1656
vn -0.6218 0.5154 0.5896
vn -0.0510 0.6477 0.7602
vn -0.0930 0.7035 0.7046
vn -0.6656 0.5375 0.5177
vn -0.0334 0.5981 0.8007
vn -0.9825 0.1741 0.0659
vn -0.9184 0.3892 0.0706
vn -0.9765 0.2120 0.0388
vn -0.9090 0.4159 0.0272
vn -0.7612 0.6485 0.0006
vn -0.9615 0.2718 -0.0400
vn -0.9557 0.2866 -0.0665
vn -0.9936 0.0724 -0.0868
vn -0.9913 0.0828 -0.1024
vn -0.9602 0.2749 -0.0494
vn -0.9963 0.0677 -0.0528
vn -0.9734 -0.2256 -0.0391
vn -0.9439 -0.3266 -0.0480
vn -0.5625 -0.8159 -0.1339
vn -0.6511 -0.7523 -0.1003
vn -0.6999 -0.6936 -0.1705
vn -0.7467 -0.6462 -0.1578
vn -0.8725 -0.4763 -0.1088
vn -0.7791 -0.6235 -0.0655
vn -0.8722 -0.4879 -0.0361
vn -0.8078 -0.5867 -0.0572
vn -0.8689 -0.4945 -0.0221
vn -0.8289 -0.5443 -0.1291
vn -0.8868 -0.4529 -0.0923
vn -0.9038 -0.4033 -0.1433
vn -0.9534 -0.2847 -0.1001
vn -0.9121 -0.3815 -0.1500
vn -0.9723 -0.2191 -0.0816
vn -0.9886 -0.1307 -0.0751
vn -0.9868 -0.1613 -0.0108
vn -0.0745 -0.9630 -0.2591
vn 0.2876 -0.9266 -0.2423
vn -0.3901 -0.4751 -0.7888
vn -0.6571 -0.4556 -0.6005
vn -0.2607 -0.5919 -0.7627
vn 0.0622 -0.4991 -0.8643
vn 0.1654 -0.6157 -0.7704
vn -0.2189 -0.9616 -0.1657
vn -0.8331 -0.2707 -0.4824
vn -0.6864 -0.5605 -0.4633
vn -0.0617 -0.9979 -0.0186
vn -0.4411 -0.8940 0.0787
vn -0.9641 -0.2447 0.1032
vn -0.8336 -0.5075 0.2182
vn -0.3233 -0.9204 0.2199
vn -0.2471 -0.9207 0.3022
vn -0.1204 -0.9049 0.4082
vn 0.2164 -0.9318 0.2914
vn 0.2430 -0.9079 0.3416
vn 0.1302 -0.9636 0.2333
vn 0.0376 -0.9863 0.1606
vn -0.4010 -0.9043 0.1462
vn -0.9602 0.2789 0.0180
vn -0.8214 0.5613 0.1014
vn -0.9769 0.2136 0.0028
vn -0.9957 0.0791 0.0472
vn -0.3617 -0.7388 -0.5686
vn -0.8052 -0.4546 -0.3809
vn -0.4209 0.8563 0.2993
vn 0.1303 0.9300 0.3436
vn 0.2992 -0.8648 0.4033
vn 0.4055 -0.7826 0.4723
vn -0.0146 -0.8672 0.4978
vn 0.0856 -0.8511 0.5180
vn 0.4439 -0.7621 0.4714
vn 0.0943 -0.8331 0.5451
vn -0.2213 -0.8285 0.5144
vn -0.5185 -0.7548 0.4018
vn -0.1783 -0.8775 0.4453
vn -0.3480 -0.8597 0.3740
vn -0.1283 -0.9778 0.1660
vn -0.0988 -0.9931 -0.0635
vn -0.9238 -0.2959 -0.2430
vn -0.9664 0.1334 -0.2196
vn -0.9497 0.2127 -0.2300
vn -0.9598 0.2160 -0.1790
vn -0.9718 0.1224 -0.2015
vn -0.9928 0.0025 -0.1200
vn -0.9983 -0.0233 -0.0532
vn -0.9985 -0.0395 -0.0391
vn -0.9916 -0.1114 -0.0661
vn -0.9978 0.0416 -0.0507
vn -0.9206 0.3886 -0.0371
vn -0.3396 0.9223 0.1846
vn -0.0201 -0.9994 0.0284
vn -0.0610 -0.9927 0.1041
vn -0.3729 -0.9263 0.0548
vn -0.0816 -0.9940 0.0731
vn -0.3814 -0.9206 0.0837
vn -0.5424 -0.8339 0.1022
vn -0.6509 -0.7489 0.1244
vn -0.5390 -0.8221 0.1836
vn -0.6550 -0.7339 0.1796
vn -0.7850 -0.5787 0.2209
vn -0.8026 -0.5440 0.2448
vn -0.8642 -0.3845 0.3245
vn -0.9084 -0.2360 0.3450
vn -0.7959 -0.3944 0.4593
vn -0.8414 -0.2213 0.4930
vn -0.8556 -0.0077 0.5175
vn -0.7670 0.0145 0.6415
vn -0.7534 -0.1880 0.6302
vn -0.7500 0.2178 0.6246
vn -0.6834 0.0077 0.7300
vn -0.6826 0.2081 0.7005
vn -0.6494 0.4065 0.6426
vn -0.5561 0.4037 0.7264
vn -0.5710 0.1904 0.7986
vn -0.5147 0.5841 0.6276
vn -0.4082 0.5793 0.7055
vn -0.4320 0.3995 0.8086
vn -0.2335 0.7175 0.6562
vn -0.2609 0.5951 0.7601
vn -0.0390 0.7501 0.6602
vn -0.0424 0.6226 0.7814
vn 0.0193 0.9575 0.2876
vn -0.1394 0.9619 0.2351
vn 0.0227 0.9727 0.2312
vn 0.0247 0.9659 0.2578
vn -0.2672 0.9194 0.2886
vn -0.3450 0.8977 0.2741
vn -0.3819 0.8833 0.2720
vn -0.4378 0.8591 0.2650
vn -0.5181 0.8266 0.2199
vn -0.5824 0.7809 0.2259
vn -0.4503 0.8659 0.2179
vn -0.5196 0.8341 0.1854
vn -0.5856 0.7898 0.1826
vn -0.7459 0.6532 0.1302
vn -0.6109 0.7784 0.1445
vn -0.7702 0.6312 0.0916
vn -0.9189 0.3928 0.0360
vn -0.7796 0.6084 0.1489
vn -0.9231 0.3661 0.1178
vn -0.9852 0.1643 0.0485
vn -0.9265 0.3762 0.0106
vn -0.9845 0.1493 -0.0918
vn -0.9828 0.1452 -0.1140
vn -0.9763 0.1587 -0.1475
vn -0.9788 0.1574 -0.1311
vn -0.9422 0.3158 -0.1121
vn -0.9530 0.2983 -0.0533
vn -0.9894 0.1367 -0.0496
vn -0.8648 0.5009 -0.0340
vn -0.9635 0.2675 0.0078
vn -0.9917 0.1273 -0.0165
vn -0.9599 0.2558 -0.1144
vn -0.9775 0.1579 -0.1399
vn -0.9391 0.2408 -0.2452
vn -0.9597 0.1713 -0.2228
vn -0.9036 0.3329 -0.2694
vn -0.9349 0.2806 -0.2175
vn -0.9742 0.1885 -0.1238
vn -0.8855 0.3810 -0.2660
vn -0.9656 0.1711 -0.1958
vn -0.7323 0.6385 -0.2368
vn -0.5823 0.7967 -0.1620
vn -0.7467 0.6078 -0.2701
vn -0.9251 0.2636 -0.2732
vn -0.5625 0.8086 -0.1727
vn -0.8165 0.5380 -0.2093
vn -0.4519 0.8823 -0.1313
vn -0.4410 0.8882 -0.1293
vn -0.3838 0.9169 -0.1093
vn -0.3533 0.9225 -0.1554
vn -0.4721 0.8671 -0.1587
vn -0.6365 0.7596 -0.1339
vn -0.3385 0.9363 -0.0934
vn -0.3845 0.9218 -0.0491
vn -0.2998 0.9447 -0.1332
vn -0.2784 0.9546 -0.1057
vn -0.2378 0.9526 -0.1899
vn -0.3291 0.9154 -0.2318
vn -0.2268 0.9638 -0.1399
vn -0.2577 0.9615 -0.0956
vn -0.1584 0.9726 -0.1699
vn -0.2036 0.9697 -0.1351
vn -0.3038 0.9505 -0.0652
vn -0.2645 0.9587 -0.1049
vn -0.1725 0.9709 -0.1660
vn -0.2322 0.9610 -0.1501
vn -0.2188 0.9576 -0.1873
vn -0.1911 0.9462 -0.2611
vn -0.2249 0.9306 -0.2889
vn 0.3254 -0.6299 -0.7053
vn 0.3557 -0.9007 -0.2495
vn 0.3986 -0.8617 -0.3138
vn -0.4900 -0.0782 0.8682
vn -0.0104 -0.8714 0.4905
vn 0.0122 -0.9169 0.3990
vn 0.0519 -0.9269 0.3716
vn -0.0531 -0.7810 0.6223
vn 0.0151 -0.8717 0.4898
vn 0.0713 -0.9656 0.2499
vn -0.0042 -0.9488 -0.3158
vn -0.0420 -0.9676 -0.2488
vn -0.0116 -0.9553 -0.2954
vn -0.1562 -0.9593 -0.2354
vn -0.1395 -0.9631 -0.2302
vn -0.2258 -0.9500 -0.2157
vn -0.2464 -0.9541 -0.1702
vn -0.1782 -0.9772 -0.1153
vn -0.2127 -0.9674 -0.1375
vn -0.2825 -0.9447 -0.1667
vn -0.1058 -0.9827 -0.1522
vn -0.2229 -0.9632 -0.1499
vn -0.0253 -0.9914 -0.1285
vn -0.2983 0.9423 -0.1520
vn -0.0020 0.9839 -0.1785
vn -0.6731 0.7306 -0.1147
vn -0.0256 0.9868 -0.1602
vn -0.2715 0.9519 -0.1418
vn -0.7991 0.5944 -0.0903
vn -0.9146 0.3885 -0.1125
vn -0.9840 0.1423 -0.1069
vn -0.9761 0.1848 -0.1143
vn -0.9108 0.3998 -0.1036
vn -0.9942 -0.0150 -0.1062
vn -0.9895 -0.1138 -0.0889
vn -0.9970 0.0158 -0.0759
vn -0.9736 0.2129 -0.0826
vn -0.9819 -0.1739 -0.0754
vn -0.9706 -0.2233 -0.0900
vn -0.9409 -0.3281 -0.0843
vn -0.9870 -0.1575 -0.0333
vn -0.9971 0.0627 -0.0433
vn -0.9312 -0.3606 -0.0529
vn -0.9115 -0.4057 -0.0668
vn -0.9896 -0.1364 -0.0465
vn -0.7560 -0.6447 -0.1134
vn -0.6280 -0.7696 -0.1153
vn -0.5196 -0.8338 -0.1866
vn -0.4041 -0.9143 -0.0277
vn -0.3731 -0.9106 -0.1780
vn -0.5198 -0.8262 -0.2172
vn -0.4038 -0.8829 -0.2397
vn -0.2634 -0.9647 -0.0002
vn -0.2632 -0.9421 -0.2076
vn -0.3389 -0.8982 0.2799
vn -0.4943 -0.8466 0.1972
vn -0.5536 -0.8235 0.1242
vn -0.0917 -0.9418 0.3234
vn -0.0861 -0.9962 0.0115
vn 0.2527 -0.8502 0.4618
vn 0.1651 -0.9396 0.2999
vn -0.6235 0.6224 -0.4732
vn -0.0786 -0.1968 -0.9773
vn -0.7228 0.5053 -0.4714
vn -0.9752 0.1620 -0.1506
vn -0.3393 0.9395 0.0479
vn -0.9465 0.2826 0.1560
vn -0.9849 0.1496 0.0868
vn -0.0991 -0.9683 -0.2291
vn 0.1034 -0.9946 0.0073
vn 0.0904 -0.9678 -0.2350
vn 0.0613 -0.9220 -0.3824
vn -0.4578 -0.8479 -0.2674
vn -0.4455 -0.7923 -0.4170
vn -0.5956 -0.7395 -0.3137
vn -0.5778 -0.6173 -0.5339
vn -0.7817 -0.5029 -0.3689
vn -0.8620 -0.3049 -0.4050
vn -0.9758 -0.1411 -0.1671
vn -0.8195 -0.5486 -0.1658
vn -0.6694 -0.7046 -0.2355
vn -0.6488 -0.7372 -0.1888
vn -0.6374 -0.7456 -0.1943
vn -0.7498 -0.6409 -0.1643
vn -0.7843 -0.6000 -0.1576
vn -0.9119 -0.4034 -0.0764
vn -0.9548 -0.2921 -0.0553
vn -0.9953 0.0718 -0.0644
vn -0.4790 0.8674 -0.1352
vn -0.3224 0.9261 -0.1961
vn 0.0014 0.9562 -0.2929
vn -0.3640 0.8936 -0.2627
vn -0.5986 0.5415 -0.5903
vn -0.6752 0.4005 -0.6195
vn 0.0630 0.5166 -0.8539
vn 0.0649 0.6555 -0.7524
vn 0.0235 0.3585 -0.9332
vn -0.9102 0.2594 -0.3228
vn -0.0452 0.2335 -0.9713
vn -0.8656 0.0920 -0.4922
vn -0.8848 0.3579 -0.2983
vn -0.8132 0.4751 -0.3362
vn -0.7529 0.5833 -0.3047
vn -0.5283 0.6376 -0.5608
vn -0.4607 0.7375 -0.4938
vn 0.0573 0.7260 -0.6853
vn 0.0454 0.8137 -0.5796
vn -0.4049 0.8364 -0.3695
vn 0.0226 0.9089 -0.4164
vn -0.6650 0.7022 -0.2544
vn -0.5592 0.8174 -0.1384
vn -0.5389 0.8330 -0.1255
vn -0.5473 0.8261 -0.1345
vn -0.8462 0.5257 -0.0870
vn -0.9759 -0.2045 -0.0762
vn -0.9615 -0.2498 -0.1141
vn -0.9776 -0.1770 -0.1141
vn -0.9385 -0.3394 -0.0630
vn -0.9181 -0.3940 -0.0439
vn -0.9413 -0.3366 -0.0261
vn -0.8233 -0.5572 -0.1083
vn -0.6890 -0.7090 -0.1505
vn -0.6389 -0.7412 -0.2061
vn -0.6934 -0.6930 -0.1973
vn -0.6875 -0.6845 -0.2423
vn -0.7718 -0.5942 -0.2261
vn -0.7908 -0.5843 -0.1822
vn -0.9145 -0.3737 -0.1552
vn -0.7449 -0.6517 -0.1426
vn -0.7171 -0.6883 -0.1098
vn -0.7104 -0.6738 -0.2032
vn -0.9826 -0.1655 -0.0844
vn -0.9962 0.0582 -0.0642
vn -0.9483 0.3059 -0.0843
vn -0.9029 0.4202 -0.0905
vn -0.9545 0.2898 -0.0702
vn -0.9034 0.4204 -0.0841
vn -0.8486 0.5225 -0.0832
vn -0.9128 0.4061 -0.0432
vn -0.6032 0.7879 -0.1239
vn -0.7670 0.6221 -0.1572
vn -0.7869 0.5944 -0.1657
vn -0.1567 0.8059 0.5710
vn -0.2007 0.8401 0.5039
vn -0.7129 0.5973 0.3674
vn -0.1353 0.7571 0.6391
vn -0.9219 0.3461 0.1742
vn -0.9613 0.2746 -0.0228
vn -0.9971 0.0565 -0.0514
vn -0.6030 -0.7712 -0.2040
vn -0.6516 -0.7452 -0.1420
vn -0.2307 -0.7256 -0.6483
vn -0.2020 -0.8455 -0.4944
vn 0.1168 -0.7571 -0.6428
vn 0.0544 -0.8588 -0.5094
vn -0.8743 0.4698 0.1224
vn -0.9801 0.1943 0.0401
vn -0.8790 0.4600 0.1257
vn -0.9931 0.0836 0.0819
vn -0.9714 0.1818 0.1528
vn -0.3395 0.8589 -0.3835
vn -0.3517 0.5989 -0.7195
vn -0.9990 0.0006 -0.0454
vn -0.9946 0.0426 -0.0943
vn -0.7622 0.6164 0.1977
vn -0.7908 0.5862 0.1760
vn -0.3325 0.8716 0.3603
vn 0.1581 0.9032 0.3990
vn -0.6916 0.6762 0.2540
vn -0.2712 0.8841 0.3807
vn 0.1709 0.9025 0.3953
vn 0.3587 -0.7891 0.4987
vn 0.0035 -0.8827 0.4699
vn 0.1092 -0.9774 0.1808
vn -0.0067 -0.9821 0.1883
vn 0.0009 -0.9984 -0.0558
vn -0.1023 -0.9876 -0.1194
vn -0.0625 -0.9889 -0.1349
vn -0.1550 -0.9714 -0.1800
vn -0.4412 -0.8415 -0.3118
vn -0.1443 -0.9610 -0.2360
vn -0.6838 -0.6460 -0.3393
vn -0.9546 0.0244 -0.2967
vn -0.8371 -0.4384 -0.3271
vn -0.9059 -0.2385 -0.3498
vn -0.9312 0.2721 -0.2424
vn -0.9330 0.0035 -0.3600
vn -0.9132 0.2986 -0.2775
vn -0.8936 0.2658 -0.3616
vn -0.8928 -0.0678 -0.4453
vn -0.8057 0.4651 -0.3668
vn -0.8564 0.1722 -0.4867
vn -0.8223 -0.1665 -0.5442
vn -0.7670 0.0711 -0.6377
vn -0.7049 -0.2372 -0.6684
vn -0.8246 -0.3257 -0.4626
vn -0.7529 -0.3772 -0.5393
vn -0.6379 -0.4251 -0.6422
vn -0.5513 -0.2287 -0.8024
vn -0.4591 -0.4716 -0.7528
vn -0.3822 -0.7850 -0.4876
vn -0.2164 -0.8274 -0.5182
vn -0.2873 -0.5583 -0.7783
vn -0.0444 -0.9555 -0.2916
vn 0.1125 -0.9638 -0.2417
vn 0.0645 -0.9851 -0.1592
vn 0.0507 -0.9948 -0.0879
vn 0.0128 -0.9874 -0.1577
vn 0.2165 -0.9732 -0.0778
vn 0.2750 -0.9575 -0.0868
vn 0.2604 -0.9614 -0.0884
vn 0.2940 -0.9532 -0.0701
vn -0.4322 -0.7033 0.5645
vn -0.0779 -0.9665 0.2447
vn 0.0127 -0.9567 0.2908
vn -0.7674 0.2063 0.6071
vn 0.2141 -0.9755 0.0503
vn 0.1566 -0.9314 -0.3284
vn 0.1005 -0.9282 -0.3584
vn 0.0655 -0.7853 -0.6157
vn -0.0295 -0.7371 -0.6751
vn -0.1527 -0.6588 -0.7366
vn -0.1639 -0.2302 -0.9593
vn -0.2824 -0.1805 -0.9422
vn -0.4113 -0.1771 -0.8941
vn -0.3560 0.1932 -0.9143
vn -0.4812 0.0863 -0.8724
vn -0.6273 0.0357 -0.7780
vn -0.5200 0.4290 -0.7386
vn -0.6479 0.4064 -0.6443
vn -0.7490 0.4294 -0.5046
vn -0.6008 0.6376 -0.4822
vn -0.6832 0.6300 -0.3693
vn -0.7414 0.6216 -0.2530
vn -0.6204 0.7421 -0.2536
vn -0.7000 0.6955 -0.1620
vn -0.5737 0.8043 -0.1549
vn -0.6943 0.7126 -0.1004
vn -0.8521 0.5198 -0.0610
vn -0.7203 0.6909 -0.0618
vn -0.9814 0.1883 -0.0369
vn -0.9954 -0.0831 -0.0480
vn -0.9923 -0.1053 -0.0647
vn -0.9928 -0.1068 -0.0534
vn -0.9989 0.0281 -0.0384
vn -0.9946 -0.0895 -0.0526
vn -0.9660 0.2488 -0.0703
vn -0.9205 0.3902 -0.0196
vn -0.6859 0.7217 0.0933
vn -0.8245 0.5655 0.0211
vn -0.9203 0.3912 -0.0100
vn -0.5667 0.8134 0.1314
vn -0.3325 0.9180 0.2160
vn -0.4176 0.8866 0.1989
vn -0.0180 -0.9927 0.1191
vn -0.1113 -0.9842 0.1379
vn -0.2217 -0.9609 0.1659
vn -0.3821 -0.9056 0.1842
vn -0.2555 -0.9345 0.2479
vn -0.3786 -0.8888 0.2583
vn -0.5190 -0.8187 0.2457
vn -0.3881 -0.8835 0.2625
vn -0.6008 -0.7469 0.2851
vn -0.7185 -0.6547 0.2347
vn -0.5061 -0.8176 0.2746
vn -0.6570 -0.5146 0.5509
vn -0.7340 -0.5287 0.4263
vn -0.7123 -0.3721 0.5952
vn -0.5425 -0.5006 0.6746
vn -0.6022 -0.3576 0.7138
vn -0.6541 -0.1795 0.7348
vn -0.4497 -0.3822 0.8073
vn -0.5090 -0.2159 0.8332
vn -0.5535 -0.0256 0.8324
vn -0.3400 -0.2746 0.8994
vn -0.3940 -0.0874 0.9150
vn -0.4319 0.1539 0.8887
vn -0.2615 0.1140 0.9584
vn -0.2748 0.3942 0.8770
vn -0.0317 0.0758 0.9966
vn -0.0405 0.3827 0.9230
vn -0.1406 0.9402 0.3103
vn 0.0254 0.9467 0.3212
vn -0.1518 0.9330 0.3263
vn 0.0216 0.9493 0.3136
vn -0.2794 0.9141 0.2938
vn -0.4570 0.8672 0.1977
vn -0.7851 0.6103 0.1058
vn -0.6414 0.7590 0.1120
vn -0.8151 0.5792 0.0105
vn -0.9340 0.3430 -0.0995
vn -0.8486 0.5279 0.0353
vn -0.9569 0.2897 -0.0225
vn -0.9888 0.1441 -0.0390
vn -0.9601 0.2793 -0.0155
vn -0.9875 0.1553 -0.0285
vn -0.9585 0.2763 -0.0706
vn -0.9746 0.1684 -0.1478
vn -0.9921 0.1223 -0.0286
vn -0.9926 0.0934 0.0773
vn -0.9985 0.0485 0.0260
vn -0.9938 0.0810 -0.0759
vn -0.9935 -0.0336 -0.1085
vn -0.9994 -0.0215 -0.0289
vn -0.9807 0.0164 -0.1949
vn -0.7187 0.6823 -0.1339
vn -0.7955 0.5821 -0.1685
vn -0.9545 0.2797 -0.1037
vn -0.5329 0.8146 -0.2292
vn -0.6012 0.7527 -0.2685
vn -0.8498 0.4903 -0.1938
vn -0.2475 0.9667 -0.0653
vn -0.2188 0.9049 -0.3650
vn -0.2038 0.9046 -0.3745
vn -0.1840 0.8930 -0.4108
vn 0.1522 -0.8167 -0.5566
vn 0.0876 -0.3398 -0.9364
vn -0.0412 -0.2867 -0.9571
vn -0.1511 0.3460 -0.9260
vn -0.2555 0.2911 -0.9219
vn -0.2047 0.6717 -0.7120
vn -0.2972 0.5944 -0.7473
vn -0.4028 0.5025 -0.7650
vn -0.3110 0.7493 -0.5846
vn -0.4002 0.7050 -0.5855
vn -0.4974 0.6646 -0.5576
vn -0.3767 0.8191 -0.4327
vn -0.4596 0.7903 -0.4053
vn -0.5442 0.7644 -0.3458
vn -0.4146 0.8651 -0.2822
vn -0.4852 0.8453 -0.2237
vn -0.3720 0.9113 -0.1767
vn -0.4437 0.8867 -0.1302
vn -0.5593 0.8243 -0.0877
vn -0.4165 0.9077 -0.0514
vn -0.5695 0.8216 -0.0245
vn -0.7558 0.6544 -0.0227
vn -0.5863 0.8099 0.0203
vn -0.8011 0.5984 -0.0142
vn -0.9378 0.3391 -0.0744
vn -0.9908 0.0819 -0.1077
vn -0.9917 -0.0909 -0.0912
vn -0.9899 0.0811 -0.1166
vn -0.9911 -0.0375 -0.1281
vn -0.9914 -0.0634 -0.1147
vn -0.9421 0.3122 -0.1223
vn -0.9802 0.1118 -0.1633
vn -0.9037 0.4237 -0.0618
vn -0.8898 0.4528 -0.0567
vn -0.9463 0.3116 -0.0858
vn -0.8896 0.4568 -0.0044
vn -0.5609 0.8144 0.1489
vn -0.4868 0.8550 0.1790
vn -0.4024 0.8900 0.2144
vn -0.3809 0.8994 0.2144
vn -0.0594 -0.9798 0.1909
vn -0.0035 -0.9830 0.1835
vn -0.1447 -0.9640 0.2231
vn -0.2729 -0.9230 0.2714
vn -0.3903 -0.8767 0.2810
vn -0.3802 -0.8694 0.3155
vn -0.4912 -0.8117 0.3161
vn -0.5769 -0.7525 0.3178
vn -0.4514 -0.8108 0.3727
vn -0.5372 -0.7530 0.3800
vn -0.4654 -0.7505 0.4691
vn -0.4295 -0.6867 0.5866
vn -0.4822 -0.6069 0.6318
vn -0.3944 -0.5000 0.7710
vn -0.2348 -0.5365 0.8105
vn -0.2857 -0.4161 0.8633
vn -0.2966 0.9268 0.2304
vn -0.5456 0.8221 0.1628
vn -0.6730 0.7317 0.1079
vn -0.5834 0.7972 0.1553
vn -0.6923 0.7128 0.1129
vn -0.8662 0.4981 0.0403
vn -0.7119 0.6953 0.0990
vn -0.8784 0.4777 0.0125
vn -0.7652 0.6416 0.0519
vn -0.8999 0.4348 0.0327
vn -0.9701 0.2338 0.0655
vn -0.9597 0.2811 -0.0003
vn -0.9955 0.0939 0.0107
vn -0.9899 0.1017 -0.0986
vn -0.9906 -0.0652 -0.1200
vn -0.9829 -0.0637 -0.1726
vn -0.9918 0.0877 -0.0930
vn -0.9664 0.2277 -0.1189
vn -0.6114 0.7913 -0.0062
vn -0.3764 0.9263 -0.0148
vn -0.3965 0.9180 0.0028
vn -0.2899 0.9559 -0.0477
vn -0.3349 0.9377 -0.0926
vn -0.3051 0.8437 -0.4416
vn -0.2485 0.8696 -0.4266
vn -0.2331 0.7999 -0.5531
vn -0.1867 0.8504 -0.4919
vn 0.2662 -0.8740 -0.4066
vn -0.6358 0.7645 0.1064
vn -0.6115 0.7813 0.1252
vn -0.1909 0.9528 0.2361
vn -0.4402 0.8762 0.1964
vn -0.3692 0.9014 0.2260
vn -0.0141 -0.9747 0.2231
vn -0.0211 -0.9640 0.2652
vn -0.1773 -0.9340 0.3102
vn -0.1067 -0.9433 0.3142
vn -0.2639 -0.9124 0.3130
vn -0.2435 -0.8961 0.3712
vn -0.1651 -0.9127 0.3738
vn -0.3475 -0.8615 0.3701
vn -0.0938 -0.8851 0.4559
vn -0.1210 -0.8498 0.5131
vn -0.0573 -0.8528 0.5191
vn -0.0877 -0.9185 0.3856
vn -0.0060 -0.9180 0.3966
vn 0.0006 -0.8841 0.4672
vn -0.0148 -0.9463 0.3229
vn -0.0630 -0.8177 0.5722
vn 0.0048 -0.8551 0.5184
vn 0.0063 -0.8184 0.5747
vn 0.0038 -0.7614 0.6483
vn 0.0075 -0.6786 0.7344
vn -0.0924 -0.6571 0.7481
vn -0.0768 -0.7581 0.6476
vn 0.0088 -0.5753 0.8179
vn -0.1519 -0.7568 0.6357
vn -0.1277 -0.8133 0.5676
vn -0.2473 -0.7547 0.6077
vn -0.3642 -0.7497 0.5525
vn -0.5082 0.8413 0.1842
vn -0.5132 -0.1414 0.8465
vn -0.5286 -0.2017 0.8246
vn -0.5661 -0.3315 0.7547
vn -0.2598 -0.7641 0.5904
vn 0.0364 -0.9265 0.3746
vn 0.1479 -0.9660 0.2120
vn 0.1982 -0.9489 -0.2456
vn 0.1603 -0.9543 -0.2522
vn 0.0725 -0.9515 -0.2991
vn 0.1800 -0.9704 -0.1612
vn 0.0885 -0.9754 -0.2019
vn -0.0086 -0.9723 -0.2334
vn 0.0973 -0.9895 -0.1064
vn -0.0003 -0.9890 -0.1480
vn -0.1535 -0.9779 -0.1417
vn -0.1578 -0.9684 -0.1933
vn -0.0266 -0.9947 -0.0996
vn -0.2502 -0.9573 -0.1447
vn -0.2467 -0.9503 -0.1900
vn -0.2875 -0.9451 -0.1551
vn -0.2254 -0.9561 -0.1870
vn -0.1023 -0.9738 -0.2033
vn -0.0090 -0.9749 -0.2223
vn -0.0190 -0.9854 -0.1694
vn -0.4792 0.8645 -0.1516
vn -0.7191 0.6833 -0.1264
vn -0.5734 -0.8158 0.0757
vn -0.6167 -0.7869 0.0246
vn -0.6497 -0.7414 -0.1682
vn -0.6426 -0.7493 -0.1604
vn -0.7224 -0.6823 0.1124
vn -0.5595 -0.6947 0.4520
vn -0.1013 -0.8169 0.5678
vn 0.3952 -0.7440 0.5388
vn -0.6239 -0.6677 0.4060
vn -0.1856 -0.8241 0.5352
vn 0.3430 -0.7803 0.5230
vn -0.2735 -0.4264 -0.8622
vn -0.2718 -0.3353 -0.9021
vn -0.9776 0.2005 -0.0634
vn -0.5887 0.4276 -0.6860
vn -0.2335 0.9723 0.0114
vn -0.3450 0.8991 0.2694
vn -0.3101 0.9160 0.2545
vn -0.9895 -0.0694 -0.1271
vn -0.9832 -0.0308 -0.1798
vn -0.9434 -0.1986 -0.2655
vn -0.8341 -0.2891 -0.4698
vn -0.9476 -0.0525 -0.3153
vn -0.9540 -0.0130 -0.2994
vn -0.9870 0.0415 -0.1553
vn -0.9935 0.0551 -0.0998
vn -0.9891 0.1397 -0.0466
vn -0.9774 0.2040 -0.0564
vn -0.9992 0.0186 -0.0356
vn -0.0710 -0.8965 -0.4373
vn -0.8019 -0.5922 0.0792
vn -0.7178 -0.6776 0.1603
vn -0.9525 -0.2973 0.0666
vn -0.9612 -0.1644 -0.2215
vn -0.9554 -0.1220 -0.2689
vn -0.9530 -0.2208 -0.2074
vn -0.9521 -0.1608 -0.2602
vn -0.9439 0.2540 -0.2110
vn -0.9195 0.3555 -0.1676
vn -0.9033 0.4037 -0.1451
vn -0.9173 0.3858 -0.0988
vn -0.9477 0.3038 -0.0976
vn -0.9369 0.3492 -0.0193
vn -0.9500 0.3122 -0.0105
vn -0.9235 0.3827 0.0247
vn -0.9386 0.3429 0.0388
vn -0.9059 0.4167 0.0755
vn -0.8541 0.4970 0.1529
vn -0.8889 0.4425 0.1185
vn -0.6457 0.7100 0.2810
vn -0.7967 0.5867 0.1450
vn -0.6009 0.7591 0.2504
vn -0.2531 0.9107 0.3263
vn -0.5468 0.8161 0.1870
vn -0.2458 0.9351 0.2553
vn 0.1564 0.9302 0.3321
vn 0.1333 0.9542 0.2680
vn -0.2163 0.9635 0.1575
vn 0.1258 0.9762 0.1768
vn -0.3394 0.8858 0.3166
vn 0.1514 0.9278 0.3411
vn -0.4433 0.8069 0.3904
vn -0.8536 0.4863 0.1867
vn -0.5935 -0.1687 -0.7870
vn -0.1464 -0.2656 -0.9529
vn -0.0610 -0.3007 -0.9518
vn -0.9560 0.0531 -0.2884
vn -0.7072 0.6837 0.1801
vn -0.6985 0.7156 0.0101
vn -0.5343 0.8406 0.0890
vn -0.2487 0.9581 0.1419
vn -0.4512 0.8924 0.0021
vn -0.2319 0.9727 0.0112
vn 0.0953 0.9856 0.1399
vn 0.0445 0.9990 0.0043
vn 0.0237 0.9978 -0.0625
vn -0.2432 0.9682 -0.0590
vn 0.0441 -0.9935 -0.1053
vn -0.0107 -0.9949 -0.1007
vn -0.8079 -0.4770 -0.3459
vn -0.7512 -0.5394 -0.3804
vn -0.3736 -0.8848 -0.2785
vn -0.8793 -0.2712 -0.3915
vn 0.0058 -0.9958 -0.0914
vn -0.0207 -0.9882 -0.1518
vn 0.0256 -0.9966 -0.0789
vn 0.1732 -0.9810 -0.0873
vn -0.0771 -0.9136 0.3993
vn -0.0399 -0.9664 -0.2538
vn -0.0967 -0.9377 -0.3337
vn -0.1899 -0.9093 -0.3702
vn -0.1616 -0.9376 -0.3079
vn -0.2048 -0.9138 -0.3508
vn -0.1309 -0.9653 -0.2259
vn 0.0043 -0.9854 -0.1702
vn -0.1799 -0.9466 -0.2675
vn -0.1046 -0.9478 -0.3012
vn -0.1267 -0.9145 -0.3842
vn -0.1491 -0.9673 -0.2051
vn -0.0905 -0.9828 -0.1611
vn -0.0833 -0.9688 -0.2333
vn 0.0077 -0.9681 -0.2504
vn -0.0064 -0.9447 -0.3277
vn 0.0108 -0.9849 -0.1729
vn 0.0271 -0.9845 -0.1735
vn 0.0278 -0.9678 -0.2502
vn -0.4453 0.8886 -0.1099
vn -0.2534 0.9594 -0.1239
vn 0.0169 0.9914 -0.1299
vn -0.4383 0.8971 -0.0564
vn -0.5753 0.8174 -0.0302
vn -0.7042 0.7071 -0.0643
vn -0.6333 0.7578 -0.1574
vn -0.7720 0.6291 -0.0906
vn -0.9883 -0.0418 -0.1465
vn -0.8934 -0.4190 -0.1622
vn -0.9534 0.2732 -0.1279
vn -0.7419 -0.6529 -0.1523
vn -0.7470 -0.6438 -0.1656
vn -0.7987 -0.5989 -0.0584
vn -0.6528 -0.7455 -0.1346
vn -0.8295 -0.5579 -0.0237
vn -0.8282 -0.5597 0.0294
vn -0.8591 -0.5007 -0.1066
vn -0.8818 -0.4666 -0.0689
vn -0.9007 -0.4342 -0.0154
vn -0.8318 -0.5496 0.0781
vn -0.9022 -0.4281 0.0529
vn -0.9369 -0.3385 -0.0875
vn -0.9373 -0.3381 0.0848
vn -0.9772 -0.2121 0.0138
vn -0.9319 -0.3377 0.1321
vn -0.9432 -0.3202 0.0884
vn -0.8824 -0.4373 0.1737
vn -0.8686 -0.4445 0.2191
vn -0.8499 -0.4954 0.1797
vn -0.8212 -0.5202 0.2347
vn -0.4741 -0.8224 0.3145
vn -0.3992 -0.8283 0.3932
vn 0.2951 -0.8875 0.3540
vn -0.4066 0.0095 -0.9136
vn -0.3311 -0.1806 -0.9261
vn -0.9960 -0.0877 -0.0191
vn -0.9975 -0.0061 -0.0710
vn -0.9954 0.0026 -0.0954
vn -0.9970 -0.0647 -0.0426
vn -0.9728 -0.2138 -0.0893
vn -0.9808 -0.1633 -0.1064
vn -0.9687 -0.1989 -0.1482
vn -0.9549 -0.2658 -0.1325
vn -0.9229 -0.3562 -0.1460
vn -0.8836 -0.4153 -0.2163
vn -0.8847 0.4541 -0.1052
vn -0.8562 0.5079 -0.0949
vn -0.8080 0.5884 -0.0292
vn -0.7616 0.6480 0.0067
vn -0.8129 0.5813 0.0350
vn -0.8783 0.4755 0.0503
vn -0.7291 0.6832 0.0409
vn -0.7982 0.6004 0.0495
vn -0.8410 0.5359 0.0746
vn -0.7074 0.7001 0.0977
vn -0.4814 0.8705 0.1022
vn -0.4228 0.9062 0.0067
vn -0.1823 0.9826 0.0341
vn -0.3948 0.9149 -0.0841
vn -0.1761 0.9801 -0.0917
vn 0.1149 0.9927 0.0378
vn -0.1818 0.9699 -0.1618
vn -0.3970 0.9077 -0.1360
vn -0.5304 0.8440 -0.0798
vn -0.6378 0.7684 -0.0520
vn -0.6648 0.7470 -0.0075
vn -0.7141 0.7000 0.0107
vn -0.7608 0.6475 -0.0438
vn -0.8192 0.5658 -0.0934
vn -0.8575 0.4976 -0.1306
vn -0.9643 0.2095 -0.1622
vn -0.8493 -0.5102 -0.1358
vn -0.8771 -0.4503 -0.1668
vn -0.9049 -0.4072 -0.1239
vn -0.9498 -0.2975 -0.0972
vn -0.9747 -0.2119 -0.0717
vn -0.8373 0.5361 -0.1073
vn 0.3468 -0.8454 0.4061
vn -0.7881 -0.5388 0.2976
vn -0.8167 -0.5591 0.1429
vn -0.7399 -0.6700 0.0605
vn -0.7541 -0.6350 -0.1677
vn -0.0272 -0.9124 -0.4085
vn 0.0295 -0.9409 -0.3375
vn 0.0125 -0.9124 -0.4091
vn -0.0779 -0.9538 -0.2903
vn 0.0073 -0.9495 -0.3137
vn -0.0376 -0.9937 -0.1051
vn 0.4047 -0.8613 -0.3072
vn 0.0402 0.3937 -0.9184
vn -0.2547 0.9026 -0.3472
vn 0.0245 0.3479 -0.9372
vn -0.2368 0.8846 -0.4017
vn -0.3268 0.9441 -0.0432
vn -0.3455 0.9383 -0.0140
vn -0.6630 0.7486 -0.0003
vn -0.7577 0.6436 0.1083
vn -0.9118 0.2904 0.2904
vn -0.1855 0.8929 -0.4103
vn 0.1493 0.3945 -0.9067
vn 0.3862 -0.5888 -0.7101
vn 0.3916 -0.5683 -0.7236
vn 0.1645 -0.9704 -0.1768
vn -0.2119 -0.7569 -0.6182
vn -0.0186 -0.9968 0.0772
vn 0.5671 0.2388 -0.7883
vn 0.5489 -0.1622 -0.8200
vn 0.4076 0.6162 -0.6739
vn 0.9866 -0.1464 -0.0723
vn 0.9790 -0.1189 -0.1655
vn 0.9773 -0.1745 -0.1197
vn 0.9692 -0.0577 -0.2396
vn 0.9887 -0.1460 -0.0338
vn 0.9488 0.2936 -0.1162
vn 0.9595 0.1761 -0.2197
vn 0.9472 0.0300 -0.3192
vn 0.9343 -0.0170 -0.3562
vn 0.9460 0.2301 -0.2285
vn 0.9567 0.0401 -0.2881
vn 0.9235 0.3621 -0.1266
vn 0.6161 0.5060 -0.6037
vn 0.8873 0.1790 -0.4251
vn 0.3853 0.8852 -0.2605
vn 0.8409 0.4349 -0.3222
vn 0.6820 0.6778 -0.2747
vn 0.4948 0.8547 -0.1573
vn 0.1558 0.7990 -0.5808
vn 0.3234 0.9328 -0.1591
vn 0.7959 0.4197 -0.4364
vn 0.3722 0.2375 -0.8973
vn 0.7736 -0.6302 -0.0657
vn 0.9880 0.0336 -0.1509
vn 0.9582 0.0082 -0.2859
vn 0.9668 0.0666 -0.2466
vn 0.5658 -0.8194 -0.0926
vn 0.5817 -0.7907 -0.1908
vn 0.5852 -0.7728 -0.2456
vn 0.9673 0.2354 -0.0941
vn 0.8608 0.4984 -0.1033
vn 0.8097 0.5550 -0.1904
vn 0.9394 0.2823 -0.1943
vn 0.5769 0.8005 -0.1625
vn 0.5386 0.8205 -0.1915
vn 0.9415 0.3371 0.0011
vn 0.7627 0.6418 -0.0795
vn 0.5490 0.8261 -0.1275
vn 0.8487 0.5287 -0.0108
vn 0.4416 -0.6158 -0.6525
vn 0.5531 -0.0000 -0.8331
vn 0.9948 -0.0657 -0.0781
vn 0.9869 -0.1482 -0.0637
vn 0.3401 -0.8597 -0.3812
vn 0.9748 -0.2215 -0.0256
vn 0.9607 -0.2771 0.0170
vn 0.9851 -0.1691 -0.0309
vn 0.9441 -0.3218 -0.0717
vn 0.9152 -0.4000 -0.0486
vn 0.6428 -0.7541 -0.1347
vn 0.5697 -0.8216 -0.0210
vn 0.7746 -0.6324 -0.0042
vn 0.8159 -0.5663 -0.1164
vn 0.6029 -0.7897 0.1135
vn 0.7618 -0.6397 0.1022
vn 0.3642 -0.9291 -0.0645
vn 0.4330 -0.8963 -0.0957
vn 0.4817 -0.8678 -0.1224
vn 0.3890 -0.9202 0.0432
vn 0.6834 0.7034 -0.1954
vn 0.5757 0.7987 -0.1751
vn 0.6801 0.7100 -0.1826
vn 0.7881 0.5720 -0.2274
vn 0.8543 0.4789 -0.2020
vn 0.8680 0.4351 -0.2391
vn 0.8257 0.5359 -0.1765
vn 0.6535 0.7385 -0.1659
vn 0.9499 0.2947 -0.1047
vn 0.9778 0.1886 -0.0914
vn 0.9975 0.0296 -0.0648
vn 0.9211 0.3774 -0.0955
vn 0.9027 0.4172 -0.1056
vn 0.6741 0.7299 0.1136
vn 0.6624 0.7445 0.0830
vn 0.8688 0.4851 0.0998
vn 0.8908 0.4294 0.1485
vn 0.7665 0.6166 0.1797
vn 0.8954 0.3882 0.2182
vn 0.6269 0.7624 0.1603
vn 0.2248 -0.9417 -0.2503
vn 0.2566 -0.9272 -0.2729
vn 0.3048 -0.8727 -0.3814
vn 0.2291 -0.9060 -0.3559
vn 0.2597 -0.8866 -0.3827
vn 0.2056 -0.9459 -0.2512
vn 0.1840 -0.9060 -0.3813
vn 0.2631 -0.9519 0.1571
vn 0.3711 -0.9178 0.1412
vn 0.3493 -0.9075 0.2331
vn 0.2381 -0.9710 0.0233
vn 0.3909 -0.9175 0.0738
vn 0.8943 0.4446 -0.0498
vn 0.9282 0.3602 0.0934
vn 0.8885 0.4543 0.0651
vn 0.8275 0.5534 -0.0953
vn 0.2334 -0.8289 0.5084
vn 0.2830 -0.8468 0.4503
vn 0.3643 -0.8063 0.4660
vn 0.2686 0.8985 0.3472
vn 0.3476 0.8730 0.3422
vn 0.1505 0.9294 0.3369
vn 0.6691 0.6875 0.2822
vn 0.7115 0.6215 0.3278
vn 0.7647 0.5740 0.2929
vn 0.7651 0.5475 0.3388
vn 0.7696 0.5362 0.3467
vn 0.6985 0.6388 0.3226
vn 0.8956 0.3292 0.2992
vn 0.7965 0.5179 0.3121
vn 0.9718 0.0778 0.2224
vn 0.9171 0.3125 0.2475
vn 0.9756 -0.0642 0.2100
vn 0.9554 -0.1888 0.2272
vn 0.9299 -0.2310 0.2861
vn 0.9868 -0.0522 0.1530
vn 0.9865 0.0475 0.1566
vn 0.9735 -0.1427 0.1790
vn 0.8808 -0.4307 0.1965
vn 0.8783 -0.4142 0.2388
vn 0.7365 -0.6641 0.1289
vn 0.7413 -0.6482 0.1740
vn 0.7278 -0.6733 0.1303
vn 0.6257 -0.7721 0.1116
vn 0.4762 -0.8762 0.0747
vn 0.4822 -0.8718 0.0864
vn 0.0919 -0.9951 0.0361
vn 0.4754 -0.8724 0.1137
vn 0.0314 -0.9987 0.0392
vn 0.0344 -0.9994 0.0085
vn 0.1006 -0.9947 0.0221
vn 0.6567 -0.7445 0.1204
vn 0.7253 -0.6747 0.1368
vn 0.7132 -0.6824 0.1603
vn 0.7663 -0.6085 0.2061
vn 0.8021 -0.5504 0.2317
vn 0.8739 -0.3963 0.2815
vn 0.8245 -0.4845 0.2925
vn 0.9159 -0.2702 0.2968
vn 0.8801 -0.3727 0.2941
vn 0.9562 -0.1180 0.2678
vn 0.7451 0.6054 0.2797
vn 0.6996 0.6360 0.3255
vn 0.8280 0.4548 0.3281
vn 0.6547 0.6559 0.3757
vn 0.7103 0.6384 0.2965
vn 0.6226 0.7291 0.2842
vn 0.8184 0.5070 0.2705
vn 0.8433 0.4943 0.2109
vn 0.7361 0.6309 0.2451
vn 0.9367 0.3001 0.1806
vn 0.9468 0.2986 0.1201
vn 0.8662 0.4778 0.1463
vn 0.9913 0.0565 0.1191
vn 0.9886 0.1233 0.0868
vn 0.9470 0.3159 0.0582
vn 0.9821 0.1240 0.1416
vn 0.9722 0.2200 0.0799
vn 0.9760 0.1932 0.1002
vn 0.8886 -0.4509 0.0843
vn 0.9953 -0.0909 0.0343
vn 0.8593 -0.4937 0.1335
vn 0.9340 -0.3506 0.0693
vn 0.5778 -0.8075 0.1184
vn 0.7125 -0.6846 0.1537
vn 0.8997 -0.4225 0.1097
vn 0.8400 -0.5314 0.1098
vn 0.5105 -0.8502 0.1285
vn 0.4486 -0.8744 0.1849
vn 0.4923 -0.8461 0.2044
vn 0.5712 -0.8020 0.1749
vn 0.4193 -0.8651 0.2752
vn 0.4680 -0.8333 0.2944
vn 0.3842 -0.8480 0.3652
vn 0.4312 -0.8133 0.3907
vn 0.3250 -0.8894 0.3213
vn 0.2470 -0.9384 0.2416
vn 0.2127 -0.9220 0.3235
vn 0.2884 -0.8670 0.4064
vn 0.3649 -0.8068 0.4646
vn 0.2355 -0.8379 0.4925
vn 0.3005 -0.7823 0.5456
vn 0.3697 -0.7285 0.5767
vn 0.3110 -0.6889 0.6548
vn 0.3948 -0.6168 0.6809
vn 0.3324 -0.5705 0.7511
vn 0.4362 -0.7459 0.5034
vn 0.4918 -0.3405 0.8014
vn 0.2856 -0.5017 0.8165
vn 0.3678 -0.3799 0.8487
vn 0.4561 -0.6472 0.6108
vn 0.4910 -0.1354 0.8606
vn 0.3181 -0.2922 0.9019
vn 0.4142 -0.0176 0.9100
vn 0.5448 -0.4168 0.7277
vn 0.5901 0.3314 0.7362
vn 0.6724 0.2247 0.7053
vn 0.4848 0.4249 0.7645
vn 0.3694 0.0412 0.9284
vn 0.4561 0.7517 0.4764
vn 0.5382 0.7189 0.4400
vn 0.3972 0.9092 0.1250
vn 0.3254 0.9456 0.0009
vn 0.1063 0.9127 -0.3944
vn 0.0024 0.7679 -0.6406
vn 0.2865 0.9522 -0.1060
vn 0.2715 0.9541 -0.1260
vn 0.2313 0.9410 -0.2469
vn -0.3074 0.2927 -0.9055
vn -0.3193 0.0400 -0.9468
vn -0.1718 -0.1787 -0.9688
vn 0.0898 -0.9960 0.0033
vn 0.4674 0.6971 0.5437
vn 0.3997 0.8806 0.2545
vn 0.4528 0.2198 0.8641
vn 0.3147 -0.1927 0.9294
vn 0.2865 -0.2318 0.9296
vn 0.2182 -0.3896 0.8948
vn 0.2511 -0.4477 0.8582
vn 0.1715 -0.5611 0.8098
vn 0.1245 -0.6750 0.7272
vn 0.1443 -0.7744 0.6160
vn 0.1672 -0.8998 0.4030
vn 0.1393 -0.9640 0.2265
vn 0.0811 -0.9877 0.1338
vn 0.1773 -0.9722 0.1529
vn 0.1297 -0.9881 0.0831
vn 0.1115 -0.9932 0.0340
vn 0.1095 -0.9937 0.0249
vn 0.0465 -0.9983 0.0339
vn 0.8075 -0.0462 -0.5880
vn 0.9732 0.1214 -0.1955
vn 0.5415 0.6218 0.5658
vn 0.4947 0.7652 0.4120
vn 0.4228 0.8484 0.3185
vn 0.6029 0.7673 0.2187
vn 0.7199 0.6400 0.2688
vn 0.8138 0.4566 0.3595
vn 0.8425 0.3286 0.4269
vn 0.9525 0.2044 0.2256
vn 0.9613 0.2685 0.0620
vn 0.8163 0.5743 0.0613
vn 0.7788 0.6259 0.0420
vn 0.9361 0.3468 0.0584
vn 0.7554 0.6548 0.0248
vn 0.6024 0.7980 -0.0178
vn 0.9809 0.1878 -0.0504
vn 0.9750 0.2117 -0.0672
vn 0.6590 0.7484 -0.0750
vn 0.9634 0.2631 -0.0505
vn 0.9957 0.0645 -0.0662
vn 0.9975 0.0491 -0.0512
vn 0.9963 0.0641 -0.0566
vn 0.9938 -0.0503 -0.0989
vn 0.9917 -0.0828 -0.0982
vn 0.9873 -0.1212 -0.1024
vn 0.9545 -0.2517 -0.1597
vn 0.9610 -0.2195 -0.1680
vn 0.9819 -0.1468 -0.1194
vn 0.9934 0.0831 -0.0796
vn 0.9555 -0.2620 -0.1354
vn 0.9568 -0.2580 -0.1342
vn 0.9461 -0.2718 -0.1758
vn 0.9762 -0.1755 -0.1274
vn 0.9740 -0.1922 -0.1197
vn 0.9297 -0.3410 -0.1396
vn 0.8086 -0.5611 -0.1770
vn 0.7630 -0.6249 -0.1651
vn 0.6664 -0.7174 -0.2030
vn 0.5992 -0.7795 -0.1827
vn 0.7169 -0.6840 -0.1352
vn 0.8645 -0.4936 -0.0953
vn 0.6574 -0.7295 -0.1889
vn 0.7057 -0.6940 -0.1427
vn 0.8616 -0.4842 -0.1525
vn 0.9229 -0.3738 -0.0920
vn 0.7669 -0.6388 -0.0618
vn 0.5053 -0.8561 -0.1083
vn 0.9497 -0.3096 -0.0463
vn 0.9874 -0.1418 -0.0706
vn 0.8016 -0.5951 -0.0577
vn 0.9874 -0.1282 -0.0931
vn 0.9491 -0.2908 -0.1207
vn 0.9492 -0.3033 -0.0833
vn 0.9673 -0.2519 -0.0306
vn 0.9442 -0.3261 -0.0457
vn 0.9711 -0.2357 -0.0364
vn 0.9216 -0.3872 -0.0259
vn 0.6293 -0.7656 0.1334
vn 0.3735 -0.9157 0.1483
vn 0.3617 -0.9197 0.1525
vn 0.1500 0.2027 -0.9677
vn 0.1681 -0.0733 -0.9830
vn 0.7408 -0.0595 -0.6691
vn 0.7658 0.0976 -0.6356
vn 0.2914 -0.3064 -0.9062
vn 0.7307 -0.2335 -0.6416
vn 0.9362 -0.2938 -0.1928
vn 0.9186 -0.3692 -0.1408
vn 0.9614 -0.1505 -0.2304
vn 0.9905 0.0145 -0.1365
vn 0.5357 0.5157 -0.6686
vn 0.5131 0.5159 -0.6860
vn 0.3421 -0.8974 -0.2787
vn 0.9874 -0.1538 0.0370
vn 0.8950 -0.4434 0.0492
vn 0.8635 -0.4859 0.1348
vn 0.8365 -0.5082 0.2048
vn 0.3997 -0.9042 0.1505
vn 0.3951 -0.8894 0.2298
vn 0.2440 -0.9587 -0.1465
vn 0.3827 -0.9001 -0.2082
vn 0.9425 -0.2933 -0.1600
vn 0.8589 -0.4743 -0.1934
vn 0.9841 -0.0513 -0.1703
vn 0.9763 -0.1529 -0.1530
vn 0.9716 -0.1254 -0.2006
vn 0.9653 -0.2007 -0.1673
vn 0.9424 -0.2632 -0.2063
vn 0.9538 -0.2307 -0.1927
vn 0.9739 -0.0804 -0.2124
vn 0.9719 -0.1852 -0.1451
vn 0.9820 -0.1599 -0.1008
vn 0.9745 -0.1639 -0.1532
vn 0.9965 -0.0539 -0.0636
vn 0.9891 -0.1348 -0.0593
vn 0.5440 0.8360 0.0717
vn 0.6550 0.7528 0.0645
vn 0.3559 0.9015 0.2461
vn 0.3428 -0.9387 0.0365
vn 0.5155 -0.8546 0.0633
vn 0.6528 -0.7531 0.0814
vn 0.7471 -0.6494 0.1422
vn 0.8039 -0.5382 0.2529
vn 0.7876 -0.5596 0.2579
vn 0.8343 -0.4690 0.2896
vn 0.8518 -0.4768 0.2171
vn 0.9264 0.1924 0.3236
vn 0.8881 0.2173 0.4051
vn 0.9218 -0.0272 0.3866
vn 0.7888 0.4683 0.3982
vn 0.7379 0.4809 0.4736
vn 0.8268 0.2371 0.5101
vn 0.6249 0.6608 0.4158
vn 0.6123 0.6282 0.4800
vn 0.6923 0.4657 0.5512
vn 0.5898 0.6124 0.5264
vn 0.4598 0.7491 0.4768
vn 0.3699 0.7769 0.5095
vn 0.1816 0.9111 0.3700
vn 0.1638 0.9231 0.3480
vn 0.2682 0.9207 0.2834
vn 0.1656 0.9448 0.2827
vn 0.3521 0.8882 0.2953
vn 0.7598 0.6219 0.1899
vn 0.7867 0.5987 0.1506
vn 0.8870 0.4542 0.0829
vn 0.8115 0.5683 0.1359
vn 0.6828 0.7048 0.1923
vn 0.8598 0.5010 0.0985
vn 0.9368 0.3478 0.0380
vn 0.9267 0.3727 0.0481
vn 0.9323 0.3614 0.0163
vn 0.9509 0.3065 0.0423
vn 0.9460 0.3182 -0.0612
vn 0.9442 0.3291 0.0121
vn 0.9415 0.3206 -0.1044
vn 0.9689 0.2426 -0.0481
vn 0.9550 0.2940 -0.0380
vn 0.9695 0.2448 -0.0080
vn 0.9510 0.2973 -0.0844
vn 0.9991 0.0268 -0.0331
vn 0.9509 0.3095 -0.0044
vn 0.9559 0.2920 -0.0313
vn 0.9889 0.1482 -0.0061
vn 0.9755 -0.2144 0.0487
vn 0.9706 0.2402 -0.0156
vn 0.9454 0.3143 -0.0860
vn 0.9968 -0.0691 0.0410
vn 0.9353 -0.3425 0.0889
vn 0.9882 0.1333 0.0757
vn 0.9258 0.3777 -0.0116
vn 0.9644 -0.2118 0.1581
vn 0.8628 -0.4727 0.1795
vn 0.9707 -0.0225 0.2393
vn 0.8727 -0.3965 0.2849
vn 0.7129 -0.6605 0.2356
vn 0.5625 -0.7942 0.2300
vn 0.5410 -0.7782 0.3190
vn 0.4936 -0.7610 0.4210
vn 0.6040 -0.6369 0.4790
vn 0.5201 -0.6470 0.5575
vn 0.7772 -0.3328 0.5341
vn 0.6727 -0.3859 0.6313
vn 0.6011 -0.4254 0.6765
vn 0.8681 0.1504 0.4730
vn 0.7181 0.1466 0.6803
vn 0.5763 0.8020 0.1571
vn 0.4526 0.8590 0.2393
vn 0.3963 0.9118 0.1078
vn 0.2605 0.9605 -0.0975
vn 0.1988 0.9421 -0.2701
vn 0.2205 0.9350 -0.2777
vn 0.0306 -0.9988 0.0378
vn 0.6308 -0.7755 -0.0261
vn 0.3751 0.8996 0.2236
vn 0.3596 0.9186 0.1640
vn 0.3410 -0.2154 0.9150
vn 0.2529 -0.4911 0.8336
vn 0.1497 -0.5515 0.8206
vn 0.0717 -0.7249 0.6851
vn 0.0764 -0.7654 0.6390
vn 0.0915 -0.7816 0.6170
vn 0.0452 -0.8670 0.4962
vn 0.0094 -0.8330 0.5532
vn 0.0154 -0.9276 0.3732
vn 0.0276 -0.9661 0.2566
vn -0.0312 -0.9962 0.0816
vn -0.0571 -0.9958 -0.0718
vn -0.0474 -0.9962 -0.0735
vn -0.0100 -0.9908 0.1351
vn 0.0440 -0.9983 0.0388
vn 0.0372 -0.9972 -0.0650
vn 0.1145 -0.9926 -0.0407
vn 0.1375 -0.9850 -0.1046
vn 0.0668 -0.9868 -0.1473
vn 0.1485 -0.9888 -0.0147
vn 0.1731 -0.9823 -0.0717
vn 0.1345 -0.9909 -0.0042
vn 0.0557 -0.9982 0.0217
vn 0.0811 -0.9964 -0.0246
vn 0.9979 -0.0053 -0.0638
vn 0.5785 0.5253 0.6240
vn 0.5807 0.5745 0.5768
vn 0.8841 0.3163 0.3441
vn 0.9240 0.3794 0.0479
vn 0.9131 0.4071 0.0237
vn 0.7449 0.6671 -0.0048
vn 0.7382 0.6737 -0.0362
vn 0.9066 0.4217 -0.0178
vn 0.6403 0.7596 -0.1144
vn 0.6094 0.7857 -0.1068
vn 0.9921 0.0940 -0.0833
vn 0.9405 -0.3351 -0.0553
vn 0.9699 -0.2390 -0.0470
vn 0.8312 -0.5506 -0.0767
vn 0.8128 -0.5771 -0.0797
vn 0.9339 -0.3540 -0.0509
vn 0.4818 -0.8656 -0.1362
vn 0.7779 -0.6161 -0.1236
vn 0.5894 -0.7936 -0.1511
vn 0.5824 -0.8079 -0.0902
vn 0.6277 -0.7670 -0.1332
vn 0.5065 -0.8479 -0.1569
vn 0.8249 -0.5556 -0.1043
vn 0.8402 -0.5209 -0.1511
vn 0.6530 -0.7365 -0.1764
vn 0.8490 -0.5175 -0.1069
vn 0.6586 -0.7372 -0.1508
vn 0.8539 -0.5158 -0.0690
vn 0.6815 -0.7265 -0.0878
vn 0.6692 -0.7375 -0.0909
vn 0.8408 -0.5327 -0.0960
vn 0.6863 -0.7170 -0.1219
vn 0.9415 -0.3306 -0.0648
vn 0.9946 -0.1006 0.0257
vn 0.5803 -0.7954 -0.1750
vn 0.9251 0.0332 -0.3782
vn 0.9099 -0.0540 -0.4113
vn 0.8888 -0.1874 -0.4183
vn 0.7689 -0.5878 -0.2518
vn 0.7528 -0.5532 -0.3567
vn 0.8270 -0.3937 -0.4013
vn 0.8225 0.1675 -0.5436
vn 0.4744 0.0571 -0.8784
vn 0.9668 -0.2537 0.0317
vn 0.8487 -0.5230 0.0790
vn 0.4408 -0.8950 0.0686
vn 0.7122 -0.6347 0.2998
vn 0.8589 -0.4580 0.2294
vn 0.8690 -0.4665 0.1647
vn 0.6490 -0.7148 0.2607
vn 0.6462 -0.6855 0.3355
vn 0.5114 -0.8483 0.1374
vn 0.9694 -0.1824 -0.1645
vn 0.8878 0.4399 0.1350
vn 0.7638 -0.4855 -0.4253
vn 0.9684 0.2464 0.0394
vn 0.8009 -0.4650 -0.3772
vn 0.6297 0.7291 0.2679
vn 0.9471 0.3102 0.0827
vn 0.8737 0.4615 0.1536
vn 0.6740 -0.6272 0.3903
vn 0.6441 -0.6547 0.3956
vn 0.3772 -0.8784 0.2933
vn 0.2186 -0.9717 0.0891
vn 0.8855 -0.4071 -0.2238
vn 0.8966 -0.3398 -0.2839
vn 0.7045 -0.6317 -0.3236
vn 0.9663 -0.1343 -0.2195
vn 0.9922 -0.0702 -0.1026
vn 0.9929 -0.1084 -0.0484
vn 0.9756 0.2024 -0.0853
vn 0.9978 0.0220 -0.0619
vn 0.9556 0.2879 -0.0628
vn 0.9795 0.1884 -0.0719
vn 0.9552 0.2914 -0.0527
vn 0.6699 0.7386 0.0757
vn 0.8024 0.5956 0.0375
vn 0.1136 -0.9906 0.0756
vn 0.0512 -0.9932 0.1041
vn 0.0666 -0.9944 0.0820
vn 0.6739 -0.7313 0.1050
vn 0.6752 -0.7136 0.1870
vn 0.5290 -0.8260 0.1948
vn 0.7770 -0.5935 0.2098
vn 0.8030 -0.5521 0.2243
vn 0.8658 -0.3822 0.3229
vn 0.9077 -0.2291 0.3514
vn 0.7881 -0.5544 0.2675
vn 0.8492 -0.1856 0.4944
vn 0.8079 -0.3694 0.4592
vn 0.8576 0.0144 0.5142
vn 0.7760 0.0300 0.6300
vn 0.7687 -0.1471 0.6225
vn 0.7549 0.2390 0.6107
vn 0.6919 0.2196 0.6878
vn 0.6913 0.0165 0.7224
vn 0.6559 0.4340 0.6176
vn 0.5874 0.4153 0.6946
vn 0.5984 0.1567 0.7857
vn 0.5276 0.6239 0.5766
vn 0.4145 0.6456 0.6414
vn 0.4536 0.3985 0.7972
vn 0.2240 0.6429 0.7324
vn 0.1681 0.9589 0.2285
vn 0.5591 0.8040 0.2027
vn 0.7070 0.6886 0.1612
vn 0.7172 0.6862 0.1216
vn 0.5636 0.8099 0.1627
vn 0.8801 0.4691 0.0735
vn 0.8859 0.4531 0.0992
vn 0.7256 0.6736 0.1403
vn 0.9647 0.2606 0.0371
vn 0.9726 0.2274 -0.0488
vn 0.8964 0.4396 0.0573
vn 0.9658 0.2494 -0.0715
vn 0.9551 0.2632 -0.1361
vn 0.9716 0.2019 -0.1236
vn 0.9400 0.3154 -0.1298
vn 0.9424 0.3201 -0.0967
vn 0.9626 0.2509 -0.1018
vn 0.9281 0.3657 -0.0696
vn 0.9705 0.2398 -0.0262
vn 0.9581 0.2304 -0.1699
vn 0.8985 0.2479 -0.3624
vn 0.9358 0.1812 -0.3025
vn 0.8612 0.2986 -0.4112
vn 0.9349 0.2409 -0.2605
vn 0.9736 0.1898 -0.1270
vn 0.8714 0.3597 -0.3335
vn 0.7680 0.5620 -0.3072
vn 0.9372 0.2604 -0.2320
vn 0.9858 0.1108 -0.1263
vn 0.8080 0.5355 -0.2456
vn 0.6476 0.7405 -0.1799
vn 0.8452 0.4728 -0.2491
vn 0.9611 0.1263 -0.2458
vn 0.6465 0.7415 -0.1792
vn 0.8761 0.4210 -0.2350
vn 0.3793 0.9167 -0.1257
vn 0.4535 0.8719 -0.1845
vn 0.3878 0.9186 -0.0766
vn 0.3200 0.9369 -0.1405
vn 0.1740 0.8534 -0.4914
vn 0.2143 0.8253 -0.5224
vn 0.1091 0.8973 -0.4278
vn 0.0828 0.8369 -0.5411
vn 0.0675 0.8813 -0.4677
vn 0.0587 0.8390 -0.5409
vn -0.2143 -0.9743 -0.0689
vn -0.1924 -0.9810 -0.0230
vn 0.6516 0.7580 -0.0298
vn 0.4584 0.8462 0.2716
vn 0.4173 0.8500 0.3215
vn 0.5159 0.4676 0.7177
vn 0.5943 0.4497 0.6668
vn 0.3583 -0.2120 0.9092
vn 0.3932 -0.2846 0.8743
vn 0.1831 -0.6392 0.7469
vn 0.1688 -0.6735 0.7196
vn 0.0758 -0.7947 0.6023
vn 0.0720 -0.7979 0.5984
vn 0.0420 -0.8370 0.5455
vn -0.0134 -0.9732 0.2296
vn -0.0402 -0.9969 0.0681
vn -0.0310 -0.9546 -0.2962
vn -0.0015 -0.9951 -0.0986
vn -0.0477 -0.9597 -0.2770
vn -0.0620 -0.9914 -0.1149
vn -0.0090 -0.9484 -0.3169
vn -0.0355 -0.9372 -0.3469
vn -0.0283 -0.9764 -0.2141
vn 0.0422 -0.9683 -0.2461
vn 0.0707 -0.9750 -0.2107
vn 0.1965 -0.9741 -0.1114
vn 0.1750 -0.9820 -0.0705
vn 0.2494 0.9556 -0.1573
vn 0.5541 0.8212 -0.1368
vn 0.7953 0.5967 -0.1070
vn 0.8183 0.5640 -0.1108
vn 0.7579 0.6451 -0.0976
vn 0.8764 0.4744 -0.0827
vn 0.8487 0.5221 -0.0840
vn 0.9794 0.1801 -0.0909
vn 0.9942 -0.0693 -0.0828
vn 0.9351 -0.3377 -0.1073
vn 0.8786 -0.4616 -0.1224
vn 0.8503 -0.5098 -0.1304
vn 0.7661 -0.6253 -0.1484
vn 0.7466 -0.6491 -0.1459
vn 0.8042 -0.5819 -0.1209
vn 0.8977 -0.4292 -0.0993
vn 0.6323 -0.7568 -0.1655
vn 0.5218 -0.8341 -0.1787
vn 0.4726 -0.8398 -0.2673
vn 0.3710 -0.9078 -0.1957
vn 0.4053 -0.9127 -0.0516
vn 0.4560 -0.8386 -0.2980
vn 0.3547 -0.8851 -0.3012
vn 0.3471 -0.9374 -0.0278
vn 0.3257 -0.9211 -0.2134
vn 0.4355 -0.8799 0.1899
vn 0.4976 -0.8574 0.1313
vn 0.5270 -0.8462 0.0788
vn 0.3425 -0.9069 0.2452
vn 0.2579 -0.9661 -0.0084
vn 0.5448 -0.7741 0.3224
vn 0.4474 -0.8029 0.3939
vn 0.4752 0.7331 -0.4865
vn 0.4812 0.7174 -0.5037
vn 0.8156 0.5623 0.1364
vn 0.2431 -0.9437 -0.2242
vn 0.2481 -0.9131 -0.3236
vn 0.3630 -0.8634 -0.3505
vn 0.2211 -0.8973 -0.3821
vn 0.5347 -0.7804 -0.3241
vn 0.4325 -0.8069 -0.4023
vn 0.6906 -0.6501 -0.3171
vn 0.5730 -0.6886 -0.4444
vn 0.8171 -0.4334 -0.3802
vn 0.8615 -0.4874 -0.1423
vn 0.6752 -0.7019 -0.2268
vn 0.5669 -0.7832 -0.2555
vn 0.5870 -0.7827 -0.2067
vn 0.5773 -0.7824 -0.2335
vn 0.6690 -0.7226 -0.1741
vn 0.7912 -0.5963 -0.1360
vn 0.8868 0.4524 -0.0941
vn 0.9265 -0.3642 -0.0951
vn 0.6871 0.7159 -0.1243
vn 0.3639 0.8963 -0.2534
vn 0.7248 0.3740 -0.5786
vn 0.6432 0.5211 -0.5610
vn 0.7801 0.2232 -0.5844
vn 0.9430 0.1323 -0.3055
vn 0.9157 0.2541 -0.3113
vn 0.8041 0.1258 -0.5811
vn 0.8667 0.3823 -0.3205
vn 0.8005 0.4821 -0.3561
vn 0.7405 0.5953 -0.3119
vn 0.5735 0.6138 -0.5425
vn 0.5056 0.7214 -0.4733
vn 0.4286 0.8334 -0.3490
vn 0.6504 0.7198 -0.2427
vn 0.4950 0.8592 -0.1296
vn 0.5685 0.8148 -0.1139
vn 0.9746 -0.2101 -0.0776
vn 0.6586 -0.7229 -0.2092
vn 0.8370 -0.5253 -0.1532
vn 0.5316 -0.8381 -0.1226
vn 0.9891 -0.1322 -0.0648
vn 0.7201 0.6869 -0.0979
vn 0.5712 0.8100 -0.1327
vn 0.5103 0.8453 -0.1585
vn 0.6221 0.7737 -0.1200
vn 0.7795 0.6049 -0.1628
vn 0.7491 0.6481 -0.1372
vn 0.5551 0.6788 0.4807
vn 0.5701 0.7079 0.4170
vn 0.5680 0.6255 0.5349
vn 0.9040 0.3229 0.2802
vn 0.8951 0.3629 0.2592
vn 0.9035 0.3728 0.2117
vn 0.9461 0.3222 -0.0312
vn 0.9081 -0.4048 -0.1071
vn 0.5129 -0.8428 -0.1630
vn 0.3881 -0.7292 -0.5636
vn 0.2677 -0.8405 -0.4710
vn 0.9502 0.3006 0.0819
vn 0.6069 0.7647 0.2166
vn 0.9711 0.0226 -0.2377
vn 0.9636 0.2673 0.0079
vn 0.9523 0.3051 -0.0057
vn 0.9430 0.3194 0.0935
vn 0.9693 0.2448 0.0215
vn 0.9685 0.2438 0.0504
vn 0.8755 0.4561 0.1595
vn 0.5965 0.7412 0.3079
vn 0.7887 0.5743 0.2194
vn 0.5447 0.7730 0.3253
vn 0.0818 -0.9861 -0.1446
vn 0.0389 -0.9877 -0.1516
vn 0.6892 -0.6150 -0.3831
vn 0.6300 -0.6768 -0.3808
vn 0.9632 -0.0392 -0.2658
vn 0.6081 -0.7376 -0.2935
vn 0.9579 0.2311 -0.1704
vn 0.9729 0.1779 -0.1475
vn 0.9464 0.2780 -0.1644
vn 0.9285 0.3215 -0.1859
vn 0.8636 0.4202 -0.2787
vn 0.7873 0.5472 -0.2842
vn 0.8417 0.3701 -0.3931
vn 0.9286 0.0839 -0.3614
vn 0.9368 0.2164 -0.2750
vn 0.8647 -0.0333 -0.5012
vn 0.7545 0.3555 -0.5517
vn 0.7217 -0.0699 -0.6887
vn 0.3973 -0.7108 -0.5804
vn 0.5085 -0.0845 -0.8569
vn 0.2006 -0.6939 -0.6915
vn -0.0362 -0.9707 -0.2375
vn -0.1046 -0.9549 -0.2778
vn -0.0566 -0.7672 -0.6389
vn -0.2179 -0.9568 -0.1924
vn -0.1694 -0.9805 -0.0998
vn -0.0935 -0.9829 -0.1588
vn -0.2905 -0.9554 -0.0533
vn -0.0492 -0.9815 -0.1853
vn -0.0466 -0.9887 -0.1423
vn -0.2766 -0.9375 0.2113
vn -0.0809 -0.9946 -0.0651
vn -0.2416 -0.9470 0.2115
vn -0.3369 -0.9396 -0.0606
vn -0.0532 -0.9707 0.2345
vn 0.0084 -0.9353 0.3537
vn -0.0194 -0.9687 0.2476
vn 0.1752 -0.8437 0.5074
vn -0.1756 -0.9827 0.0581
vn -0.1009 -0.9722 0.2114
vn 0.4222 -0.7264 0.5422
vn 0.3924 -0.8030 0.4486
vn 0.0683 -0.9720 0.2248
vn 0.7846 0.1248 0.6073
vn 0.5684 0.7854 0.2451
vn -0.1993 -0.9797 0.0216
vn -0.2966 -0.9550 0.0074
vn -0.2055 -0.9677 0.1463
vn -0.2366 -0.9707 0.0427
vn -0.2849 -0.9581 0.0288
vn -0.2825 -0.9206 -0.2695
vn -0.2369 -0.9553 -0.1769
vn -0.2390 -0.8603 -0.4503
vn -0.0317 -0.2882 -0.9570
vn -0.1912 -0.4956 -0.8472
vn 0.2429 -0.1363 -0.9604
vn 0.4063 0.4258 -0.8085
vn 0.2145 0.4755 -0.8532
vn 0.6007 0.3755 -0.7058
vn 0.8320 0.5232 -0.1846
vn 0.9892 -0.1327 -0.0615
vn 0.9994 0.0040 -0.0356
vn 0.9842 0.1726 -0.0390
vn 0.9596 0.2780 -0.0432
vn 0.9557 0.2832 -0.0803
vn 0.9875 0.1211 -0.1009
vn 0.7932 0.6085 0.0231
vn 0.8952 0.4453 0.0165
vn 0.2226 0.9449 0.2401
vn 0.1701 -0.9668 0.1906
vn 0.0875 -0.9835 0.1586
vn 0.3401 -0.9180 0.2040
vn 0.3297 -0.9007 0.2831
vn 0.2014 -0.9450 0.2577
vn 0.4976 -0.8228 0.2747
vn 0.4843 -0.8303 0.2756
vn 0.3513 -0.8958 0.2722
vn 0.6216 -0.7403 0.2560
vn 0.4821 -0.8286 0.2848
vn 0.7319 -0.6389 0.2369
vn 0.6954 -0.6615 0.2807
vn 0.5953 -0.7489 0.2911
vn 0.6527 -0.6823 0.3294
vn 0.7486 -0.5082 0.4259
vn 0.6657 -0.5090 0.5456
vn 0.7315 -0.3398 0.5912
vn 0.6046 -0.3423 0.7192
vn 0.5267 -0.5179 0.6740
vn 0.6628 -0.1505 0.7335
vn 0.4965 -0.2385 0.8346
vn 0.4238 -0.3958 0.8147
vn 0.5594 -0.0696 0.8260
vn 0.3832 -0.1939 0.9031
vn 0.4424 0.0718 0.8939
vn 0.2222 0.0452 0.9740
vn 0.2338 0.3804 0.8948
vn 0.1712 0.9341 0.3132
vn 0.1775 0.9342 0.3095
vn 0.4827 0.8569 0.1809
vn 0.5846 0.7956 0.1589
vn 0.5850 0.7953 0.1590
vn 0.5101 0.8436 0.1680
vn 0.7228 0.6781 0.1332
vn 0.7322 0.6787 0.0571
vn 0.5957 0.7940 0.1213
vn 0.9113 0.4090 -0.0469
vn 0.9274 0.3648 -0.0830
vn 0.7693 0.6385 0.0223
vn 0.9751 0.1900 -0.1144
vn 0.9776 0.2059 -0.0442
vn 0.9396 0.3396 -0.0426
vn 0.9714 0.1987 -0.1303
vn 0.9431 0.3280 -0.0549
vn 0.9601 0.1520 -0.2349
vn 0.9453 0.2946 -0.1403
vn 0.9952 0.0905 0.0386
vn 0.9632 0.2675 0.0275
vn 0.9947 0.1018 -0.0112
vn 0.9972 0.0494 0.0561
vn 0.9939 0.0913 0.0611
vn 0.9966 0.0824 -0.0079
vn 0.9925 -0.0245 -0.1200
vn 0.9978 0.0151 -0.0652
vn 0.9821 -0.0421 -0.1837
vn 0.9692 -0.1002 -0.2249
vn 0.9738 -0.0845 -0.2111
vn 0.9711 0.0326 -0.2366
vn 0.7622 0.6245 -0.1706
vn 0.9490 0.2833 -0.1386
vn 0.5770 0.7942 -0.1906
vn 0.4698 0.8635 -0.1833
vn 0.6039 0.7797 -0.1656
vn 0.5265 0.8351 -0.1595
vn 0.3192 0.9044 -0.2831
vn 0.4393 0.8669 -0.2354
vn 0.3642 0.8484 -0.3841
vn 0.2085 0.7915 -0.5745
vn 0.1120 0.8132 -0.5711
vn -0.2014 -0.9794 0.0112
vn -0.2158 -0.9695 -0.1161
vn -0.1966 -0.7633 -0.6154
vn -0.2339 -0.8222 -0.5189
vn -0.2078 -0.6606 -0.7214
vn 0.0387 0.3559 -0.9337
vn -0.0016 0.2527 -0.9675
vn 0.0875 0.4663 -0.8803
vn 0.1827 0.8113 -0.5553
vn 0.6686 0.6864 -0.2860
vn 0.5869 0.6998 -0.4072
vn 0.7438 0.6496 -0.1575
vn 0.9955 -0.0129 -0.0941
vn 0.9839 -0.0560 -0.1699
vn 0.9861 -0.0940 -0.1367
vn 0.9857 -0.0764 -0.1505
vn 0.9836 -0.1264 -0.1284
vn 0.9889 0.1364 -0.0584
vn 0.9923 -0.0878 -0.0872
vn 0.9380 0.3464 -0.0151
vn 0.9295 0.3620 -0.0712
vn 0.9841 0.1350 -0.1154
vn 0.8802 0.4738 -0.0276
vn 0.9271 0.3653 -0.0836
vn 0.8570 0.5130 -0.0495
vn 0.4848 0.8576 0.1717
vn 0.3241 0.9188 0.2254
vn 0.4536 0.8753 0.1675
vn 0.0624 -0.9798 0.1902
vn 0.1268 -0.9677 0.2177
vn 0.1632 -0.9631 0.2140
vn 0.0799 -0.9713 0.2241
vn 0.2489 -0.9373 0.2441
vn 0.2737 -0.9293 0.2480
vn 0.1825 -0.9531 0.2413
vn 0.3671 -0.8877 0.2780
vn 0.2726 -0.9175 0.2896
vn 0.4614 -0.8242 0.3283
vn 0.3572 -0.8748 0.3274
vn 0.5634 -0.7574 0.3299
vn 0.4203 -0.8204 0.3877
vn 0.4555 -0.6283 0.6306
vn 0.3165 -0.6204 0.7176
vn 0.3586 -0.5201 0.7752
vn 0.2298 -0.5342 0.8135
vn 0.4395 0.8772 0.1930
vn 0.5316 0.8294 0.1720
vn 0.4750 0.8558 0.2049
vn 0.4241 0.8774 0.2244
vn 0.6261 0.7711 0.1160
vn 0.6654 0.7392 0.1043
vn 0.5515 0.8182 0.1625
vn 0.8128 0.5822 0.0202
vn 0.8352 0.5489 0.0329
vn 0.6936 0.7129 0.1029
vn 0.8586 0.5126 0.0105
vn 0.9517 0.3049 0.0360
vn 0.9352 0.3468 -0.0723
vn 0.9903 0.1269 -0.0558
vn 0.9849 0.1366 -0.1064
vn 0.9862 -0.0386 -0.1607
vn 0.9842 -0.0793 -0.1583
vn 0.9769 -0.1056 -0.1857
vn 0.9875 -0.1195 -0.1027
vn 0.9933 0.0516 -0.1031
vn 0.9938 -0.0352 -0.1055
vn 0.9520 0.2884 -0.1029
vn 0.7868 0.6010 -0.1407
vn 0.5824 0.7933 -0.1776
vn 0.1557 0.8151 -0.5580
vn 0.0845 0.8188 -0.5679
vn -0.2010 0.0511 -0.9783
vn -0.0950 0.1604 -0.9825
vn -0.2755 -0.8889 -0.3660
vn 0.5249 0.8399 0.1379
vn 0.4416 0.8769 0.1896
vn 0.0880 -0.9578 0.2736
vn 0.1864 -0.9404 0.2844
vn 0.1865 -0.9255 0.3297
vn 0.0956 -0.9398 0.3279
vn 0.2635 -0.9068 0.3292
vn 0.3225 -0.8649 0.3847
vn 0.0811 -0.8807 0.4667
vn 0.1438 -0.8449 0.5152
vn 0.0766 -0.8530 0.5163
vn 0.0898 -0.9137 0.3964
vn 0.0787 -0.8166 0.5718
vn 0.1038 -0.6828 0.7232
vn 0.1153 -0.6031 0.7893
vn 0.0899 -0.7619 0.6415
vn 0.1739 -0.7607 0.6254
vn 0.1946 -0.6945 0.6927
vn 0.1579 -0.8109 0.5635
vn 0.2095 -0.6218 0.7547
vn 0.4974 0.8464 0.1904
vn 0.5752 0.8038 0.1522
vn 0.1721 -0.7257 0.6661
vn 0.0612 -0.8558 0.5136
vn -0.2109 -0.9772 -0.0231
vn -0.1723 -0.9812 -0.0874
vn -0.1880 -0.9762 0.1082
vn -0.2119 -0.9497 -0.2307
vn -0.2888 -0.9430 -0.1651
vn -0.0891 -0.9553 -0.2820
vn -0.0982 -0.9381 -0.3322
vn -0.2316 -0.9314 -0.2809
vn -0.0410 -0.9570 -0.2872
vn -0.1076 -0.9605 -0.2565
vn 0.0014 -0.9582 -0.2861
vn 0.0080 -0.9756 -0.2193
vn -0.0486 -0.9787 -0.1993
vn 0.0258 -0.9613 -0.2741
vn 0.0369 -0.9839 -0.1750
vn 0.2724 0.9514 -0.1437
vn 0.4976 0.8577 -0.1293
vn 0.8595 -0.5014 -0.0993
vn 0.9496 -0.3011 -0.0875
vn 0.6209 -0.7673 -0.1604
vn 0.5346 -0.8442 0.0398
vn 0.6565 -0.7363 0.1637
vn 0.6786 -0.7258 0.1129
vn 0.7435 -0.6232 0.2426
vn 0.7484 -0.5849 0.3127
vn 0.6707 -0.3056 -0.6758
vn 0.4560 0.8652 0.2087
vn 0.4850 0.8304 0.2745
vn 0.9035 0.4076 0.1323
vn 0.3685 -0.6394 -0.6748
vn 0.4631 -0.6157 -0.6375
vn 0.8033 -0.3757 -0.4621
vn 0.9788 -0.0385 -0.2009
vn 0.9365 -0.0829 -0.3409
vn 0.9891 -0.0493 -0.1389
vn 0.9965 0.0047 -0.0832
vn 0.9766 -0.0952 -0.1930
vn 0.7653 -0.3538 -0.5378
vn 0.4379 -0.5187 -0.7343
vn 0.4437 -0.5724 -0.6895
vn 0.8822 -0.2464 -0.4013
vn 0.5737 0.2640 -0.7754
vn 0.5885 0.1466 -0.7951
vn 0.9248 0.0536 -0.3766
vn 0.9966 0.0308 -0.0765
vn 0.8144 -0.5680 0.1191
vn 0.6179 -0.7639 0.1861
vn 0.9388 -0.3350 0.0805
vn 0.9932 -0.1161 -0.0019
vn 0.9490 -0.0812 -0.3047
vn 0.9278 -0.0929 -0.3613
vn 0.9421 -0.1208 -0.3129
vn 0.9564 -0.1619 -0.2432
vn 0.9501 -0.1650 -0.2648
vn 0.9559 -0.2267 -0.1866
vn 0.9512 -0.2218 -0.2146
vn 0.9460 -0.2931 -0.1382
vn 0.9682 0.0330 -0.2480
vn 0.9399 -0.2873 -0.1843
vn 0.9424 0.2631 -0.2066
vn 0.9006 0.4187 -0.1165
vn 0.9430 0.3297 -0.0447
vn 0.8346 0.5472 0.0627
vn 0.8232 0.5571 0.1093
vn 0.8309 0.5329 0.1600
vn 0.8214 0.5533 0.1386
vn 0.7526 0.6176 0.2285
vn 0.6940 0.6916 0.1999
vn 0.7670 0.6264 0.1393
vn 0.4961 0.8231 0.2765
vn 0.4445 0.8677 0.2224
vn 0.6177 0.7715 0.1524
vn 0.3796 0.9137 0.1451
vn 0.5886 0.7734 0.2355
vn 0.6967 0.6519 0.2994
vn 0.9123 0.3931 0.1147
vn 0.8621 0.5017 -0.0713
vn 0.4207 0.8983 0.1268
vn 0.8229 -0.0830 -0.5621
vn 0.4031 -0.2395 -0.8833
vn 0.9872 0.1010 -0.1233
vn 0.9650 0.1200 -0.2334
vn 0.8045 0.5868 0.0915
vn 0.4333 0.8973 0.0843
vn 0.3301 0.9438 -0.0176
vn 0.3007 0.9514 -0.0670
vn 0.0571 -0.9934 -0.0999
vn -0.0505 -0.9902 -0.1299
vn 0.8748 -0.3777 -0.3034
vn 0.9384 0.2689 -0.2172
vn 0.7429 -0.5754 -0.3420
vn 0.0918 -0.9500 -0.2986
vn 0.0893 -0.9558 -0.2802
vn 0.1372 -0.9628 -0.2328
vn 0.0277 -0.9852 -0.1691
vn -0.0315 -0.9947 -0.0978
vn -0.1225 -0.9803 -0.1552
vn -0.2301 -0.9683 -0.0969
vn -0.2305 -0.9512 -0.2054
vn -0.3561 -0.9213 -0.1563
vn -0.3400 -0.9175 -0.2064
vn -0.3293 -0.9338 -0.1397
vn -0.3084 -0.9463 -0.0966
vn -0.2718 -0.9570 -0.1017
vn 0.4151 0.9068 0.0733
vn 0.2961 -0.8765 -0.3795
vn 0.2286 -0.9156 -0.3308
vn 0.0908 -0.9692 -0.2288
vn 0.2089 -0.8992 -0.3845
vn 0.1475 -0.8945 -0.4220
vn 0.1153 -0.9546 -0.2745
vn 0.1001 -0.9345 -0.3415
vn 0.0684 -0.9207 -0.3843
vn 0.0459 -0.9795 -0.1961
vn 0.0292 -0.9471 -0.3196
vn 0.0092 -0.9733 -0.2295
vn 0.2882 0.9487 -0.1301
vn 0.4624 0.8775 -0.1269
vn 0.4847 0.8715 -0.0745
vn 0.4799 0.8701 -0.1126
vn 0.5434 0.8341 -0.0951
vn 0.4995 0.8615 -0.0915
vn 0.4838 0.8662 -0.1253
vn 0.6545 0.7494 -0.1000
vn 0.4882 0.8635 -0.1267
vn 0.4649 0.8711 -0.1585
vn 0.5844 0.7998 -0.1376
vn 0.8214 0.5660 -0.0705
vn 0.7215 0.6821 -0.1192
vn 0.6187 0.7771 -0.1150
vn 0.9301 -0.3368 -0.1467
vn 0.9366 -0.3239 -0.1339
vn 0.9428 -0.2989 -0.1476
vn 0.7634 -0.6308 -0.1387
vn 0.6971 -0.7130 -0.0752
vn 0.7602 -0.6408 -0.1077
vn 0.6754 -0.7209 -0.1551
vn 0.9271 -0.3410 -0.1558
vn 0.6862 -0.7261 -0.0435
vn 0.7675 -0.6409 -0.0112
vn 0.7523 -0.6570 -0.0493
vn 0.7794 -0.6256 0.0333
vn 0.7884 -0.6096 0.0827
vn 0.8651 -0.5011 0.0202
vn 0.8404 -0.5410 -0.0312
vn 0.8780 -0.4723 0.0777
vn 0.7881 -0.6005 0.1352
vn 0.8624 -0.4835 0.1499
vn 0.9273 -0.3743 -0.0074
vn 0.8072 -0.5390 0.2406
vn 0.9001 -0.4106 0.1458
vn 0.7753 -0.5898 0.2259
vn 0.7132 -0.6755 0.1874
vn 0.6405 -0.0019 -0.7680
vn 0.6596 -0.1555 -0.7353
vn 0.8953 -0.3793 -0.2335
vn 0.4223 -0.8827 0.2060
vn 0.5212 -0.8234 0.2244
vn 0.9786 -0.0177 -0.2052
vn 0.9869 -0.1610 0.0050
vn 0.9925 -0.1181 -0.0318
vn 0.9875 -0.1572 -0.0117
vn 0.9847 -0.1741 -0.0094
vn 0.9789 -0.2037 0.0178
vn 0.9820 -0.1859 -0.0336
vn 0.9728 -0.2314 -0.0117
vn 0.9698 -0.2307 -0.0788
vn 0.9523 -0.3008 -0.0523
vn 0.9232 -0.3682 -0.1103
vn 0.8840 -0.4504 -0.1253
vn 0.9143 -0.3981 -0.0742
vn 0.8445 -0.5170 -0.1397
vn 0.7585 0.6412 0.1164
vn 0.7037 0.7045 0.0922
vn 0.7455 0.6568 0.1130
vn 0.6689 0.7376 0.0926
vn 0.5253 0.8466 0.0863
vn 0.3270 0.9448 0.0189
vn 0.4371 0.8944 -0.0952
vn 0.6084 0.7934 -0.0182
vn 0.6680 0.7440 0.0188
vn 0.7362 0.6746 -0.0542
vn 0.7957 0.6026 -0.0609
vn 0.6839 0.7268 -0.0644
vn 0.8742 0.4705 -0.1198
vn 0.9083 0.3950 -0.1381
vn 0.9017 -0.4082 -0.1429
vn 0.8166 -0.5676 -0.1054
vn 0.8210 -0.5664 -0.0721
vn 0.8619 -0.4969 -0.1010
vn 0.9002 -0.4315 -0.0581
vn 0.9488 -0.3142 -0.0326
vn 0.9640 -0.2660 0.0040
vn 0.7670 -0.6119 0.1932
vn 0.6823 -0.7277 0.0700
vn 0.9959 0.0429 -0.0798
vn 0.8482 0.5237 -0.0792
vn 0.4640 0.8789 -0.1111
vn 0.1362 -0.9500 -0.2809
vn -0.0250 -0.9881 -0.1515
vn -0.2724 -0.9617 -0.0286
vn -0.3245 -0.8674 -0.3774
vn -0.3316 -0.3257 -0.8854
vn -0.0926 0.4805 -0.8721
vn 0.2292 0.9349 -0.2710
vn 0.2076 0.8972 -0.3898
vn 0.2384 0.9381 -0.2514
vn 0.2604 0.9564 -0.1322
vn 0.2905 0.9453 -0.1486
vn 0.2697 0.9612 -0.0577
vn 0.3588 0.9317 -0.0560
vn 0.4087 0.9123 -0.0274
vn 0.4699 0.8827 -0.0038
vn 0.5914 0.8061 -0.0221
vn 0.7520 0.6583 -0.0323
vn 0.6554 0.7507 0.0830
vn 0.8526 0.5066 0.1283
vn 0.7806 0.5622 0.2730
vn 0.2851 0.9500 -0.1274
vn 0.0984 0.9348 -0.3412
vn 0.1734 0.9398 -0.2944
vn 0.1546 0.9212 -0.3571
vt 0.573108 0.018647
vt 0.566649 0.018810
vt 0.568404 0.016717
vt 0.566410 0.017005
vt 0.967184 0.227676
vt 0.967211 0.224779
vt 0.968214 0.227566
vt 0.007154 0.767355
vt 0.009312 0.767026
vt 0.010190 0.768250
vt 0.099054 0.772244
vt 0.109920 0.766775
vt 0.108533 0.780752
vt 0.873446 0.128720
vt 0.876169 0.129098
vt 0.869749 0.129547
vt 0.864667 0.128347
vt 0.863342 0.121848
vt 0.869197 0.125103
vt 0.869957 0.131293
vt 0.862580 0.132725
vt 0.737746 0.235795
vt 0.737121 0.238226
vt 0.734797 0.238605
vt 0.792256 0.183734
vt 0.796354 0.190204
vt 0.788442 0.194925
vt 0.396014 0.576234
vt 0.389614 0.582783
vt 0.387394 0.576781
vt 0.392137 0.038923
vt 0.402363 0.042945
vt 0.390411 0.044330
vt 0.386635 0.051478
vt 0.372939 0.041566
vt 0.759279 0.046924
vt 0.753932 0.040943
vt 0.764002 0.035890
vt 0.723987 0.044086
vt 0.717909 0.040833
vt 0.728555 0.033999
vt 0.679682 0.044891
vt 0.685251 0.036608
vt 0.689745 0.039940
vt 0.881006 0.412704
vt 0.878375 0.408130
vt 0.898191 0.402875
vt 0.239700 0.663651
vt 0.231760 0.658414
vt 0.245030 0.653995
vt 0.214868 0.656039
vt 0.211169 0.648338
vt 0.226007 0.642520
vt 0.214699 0.635304
vt 0.190245 0.644795
vt 0.177115 0.636905
vt 0.191072 0.631198
vt 0.174651 0.623673
vt 0.123693 0.443300
vt 0.136806 0.449880
vt 0.129598 0.465385
vt 0.126584 0.497987
vt 0.113602 0.494483
vt 0.171967 0.482847
vt 0.146273 0.465954
vt 0.180997 0.471042
vt 0.968068 0.497073
vt 0.970696 0.496749
vt 0.973796 0.501227
vt 0.975428 0.498476
vt 0.975931 0.501315
vt 0.151191 0.507290
vt 0.134826 0.509628
vt 0.223254 0.619926
vt 0.233481 0.628489
vt 0.321685 0.644150
vt 0.332702 0.644610
vt 0.314234 0.653101
vt 0.894929 0.393744
vt 0.875963 0.403334
vt 0.898219 0.397454
vt 0.738668 0.023974
vt 0.758856 0.019127
vt 0.725232 0.030601
vt 0.770992 0.022074
vt 0.761038 0.026088
vt 0.780413 0.025324
vt 0.771661 0.030917
vt 0.399954 0.034847
vt 0.393757 0.032882
vt 0.409648 0.040300
vt 0.409001 0.049861
vt 0.401232 0.051025
vt 0.401386 0.058846
vt 0.387407 0.059031
vt 0.377205 0.059353
vt 0.363370 0.050149
vt 0.363140 0.040378
vt 0.746070 0.070435
vt 0.737373 0.066166
vt 0.745334 0.058493
vt 0.721988 0.056502
vt 0.737579 0.049360
vt 0.729431 0.061444
vt 0.707720 0.048180
vt 0.712883 0.053146
vt 0.704030 0.060360
vt 0.657368 0.073775
vt 0.662342 0.060974
vt 0.683498 0.056071
vt 0.652024 0.067869
vt 0.811764 0.431910
vt 0.791379 0.432816
vt 0.809409 0.424165
vt 0.245656 0.669170
vt 0.222203 0.676668
vt 0.222665 0.669365
vt 0.200379 0.669608
vt 0.189531 0.665709
vt 0.164996 0.657827
vt 0.152555 0.660644
vt 0.158884 0.647111
vt 0.599628 0.328821
vt 0.600600 0.331503
vt 0.591383 0.334796
vt 0.258928 0.209727
vt 0.253875 0.218803
vt 0.246906 0.216558
vt 0.281601 0.187335
vt 0.256613 0.183070
vt 0.274953 0.167974
vt 0.291257 0.177567
vt 0.291406 0.154519
vt 0.295661 0.133100
vt 0.306864 0.119921
vt 0.301859 0.139250
vt 0.317936 0.119466
vt 0.323746 0.095630
vt 0.329385 0.091213
vt 0.331482 0.095349
vt 0.085663 0.097784
vt 0.083538 0.095655
vt 0.089891 0.095593
vt 0.524235 0.111840
vt 0.526994 0.109672
vt 0.523320 0.116292
vt 0.524235 0.108029
vt 0.526035 0.108195
vt 0.053024 0.144256
vt 0.053942 0.142266
vt 0.057065 0.145051
vt 0.059524 0.150192
vt 0.054606 0.147095
vt 0.050483 0.148881
vt 0.046951 0.145041
vt 0.048521 0.141337
vt 0.043465 0.150020
vt 0.038728 0.146753
vt 0.044147 0.143568
vt 0.041149 0.141913
vt 0.038809 0.140928
vt 0.015158 0.004958
vt 0.013354 0.003765
vt 0.016004 0.004226
vt 0.010822 0.004433
vt 0.008165 0.001972
vt 0.008091 0.003243
vt 0.011391 0.002304
vt 0.044845 0.140560
vt 0.075822 0.095090
vt 0.076069 0.096672
vt 0.329765 0.117861
vt 0.315498 0.112303
vt 0.325193 0.131601
vt 0.312424 0.144463
vt 0.280934 0.196746
vt 0.270899 0.198019
vt 0.278340 0.202273
vt 0.638475 0.314729
vt 0.621786 0.324388
vt 0.616321 0.323338
vt 0.602861 0.333717
vt 0.610381 0.328306
vt 0.106904 0.692122
vt 0.111909 0.685073
vt 0.110891 0.696613
vt 0.157436 0.419482
vt 0.151892 0.429680
vt 0.143616 0.417703
vt 0.170262 0.434252
vt 0.194826 0.453171
vt 0.181527 0.444782
vt 0.189123 0.435697
vt 0.195447 0.427092
vt 0.205294 0.449307
vt 0.955980 0.489813
vt 0.959327 0.489188
vt 0.967224 0.490494
vt 0.979785 0.499670
vt 0.977878 0.489986
vt 0.983779 0.506732
vt 0.965275 0.390545
vt 0.956463 0.382583
vt 0.959642 0.380280
vt 0.468479 0.317434
vt 0.465195 0.287807
vt 0.482808 0.312242
vt 0.457356 0.322079
vt 0.442414 0.301985
vt 0.457783 0.292066
vt 0.434459 0.306895
vt 0.432770 0.291643
vt 0.411878 0.306201
vt 0.562633 0.631968
vt 0.555006 0.619904
vt 0.578777 0.607016
vt 0.551102 0.605330
vt 0.533850 0.599278
vt 0.540008 0.611803
vt 0.496857 0.611165
vt 0.481867 0.608002
vt 0.500703 0.594497
vt 0.485372 0.593380
vt 0.468843 0.596972
vt 0.483350 0.587472
vt 0.471625 0.589822
vt 0.456956 0.599261
vt 0.458617 0.604516
vt 0.448048 0.605139
vt 0.595478 0.260455
vt 0.599137 0.263310
vt 0.588616 0.267698
vt 0.606410 0.256245
vt 0.608817 0.260924
vt 0.774645 0.190970
vt 0.776163 0.205704
vt 0.784305 0.173706
vt 0.787254 0.179467
vt 0.810961 0.147063
vt 0.822034 0.142564
vt 0.814180 0.152056
vt 0.817362 0.154871
vt 0.823165 0.145969
vt 0.832826 0.140396
vt 0.832981 0.145615
vt 0.847555 0.140073
vt 0.861727 0.136028
vt 0.846734 0.142782
vt 0.862182 0.137670
vt 0.853387 0.141564
vt 0.868747 0.122365
vt 0.873122 0.124010
vt 0.910942 0.066092
vt 0.913802 0.061861
vt 0.914863 0.062946
vt 0.519385 0.136528
vt 0.513182 0.144667
vt 0.521057 0.129881
vt 0.508952 0.149547
vt 0.515084 0.138365
vt 0.070584 0.005094
vt 0.060629 0.003885
vt 0.070231 0.003548
vt 0.052414 0.003379
vt 0.063467 0.001902
vt 0.827694 0.150402
vt 0.807833 0.170743
vt 0.802188 0.179400
vt 0.797281 0.170309
vt 0.802175 0.186800
vt 0.805920 0.189727
vt 0.802477 0.192078
vt 0.809895 0.190776
vt 0.811019 0.193591
vt 0.815421 0.191198
vt 0.812576 0.195186
vt 0.734858 0.241620
vt 0.731085 0.243034
vt 0.727409 0.244025
vt 0.732424 0.238688
vt 0.765965 0.211338
vt 0.753696 0.209107
vt 0.761736 0.199137
vt 0.744511 0.216552
vt 0.732332 0.216972
vt 0.742707 0.211179
vt 0.327482 0.222659
vt 0.328893 0.217247
vt 0.336994 0.217957
vt 0.573771 0.291613
vt 0.579196 0.282144
vt 0.588173 0.278154
vt 0.569866 0.291173
vt 0.484526 0.581454
vt 0.503592 0.570419
vt 0.516812 0.569457
vt 0.508065 0.576560
vt 0.527040 0.588034
vt 0.535610 0.581783
vt 0.550355 0.588759
vt 0.566838 0.579060
vt 0.574079 0.592319
vt 0.565494 0.597082
vt 0.607002 0.608973
vt 0.628420 0.614299
vt 0.600513 0.629023
vt 0.028720 0.019883
vt 0.031407 0.031650
vt 0.017433 0.037511
vt 0.122966 0.546987
vt 0.113722 0.539509
vt 0.126960 0.520835
vt 0.137798 0.527631
vt 0.261993 0.608308
vt 0.247232 0.623895
vt 0.241328 0.614154
vt 0.277437 0.614967
vt 0.280253 0.624723
vt 0.266343 0.618132
vt 0.326926 0.622281
vt 0.321450 0.638164
vt 0.312990 0.628672
vt 0.336281 0.637879
vt 0.758915 0.014474
vt 0.771079 0.015616
vt 0.781988 0.017885
vt 0.790770 0.022690
vt 0.792846 0.016365
vt 0.800220 0.022932
vt 0.343199 0.049878
vt 0.361789 0.059829
vt 0.332995 0.060465
vt 0.334427 0.049826
vt 0.302226 0.027650
vt 0.294156 0.016658
vt 0.304772 0.017477
vt 0.666024 0.090480
vt 0.663247 0.080141
vt 0.677751 0.080873
vt 0.630689 0.095247
vt 0.640124 0.076720
vt 0.647911 0.081279
vt 0.839249 0.457650
vt 0.832581 0.451858
vt 0.856156 0.445209
vt 0.212643 0.248782
vt 0.222433 0.236760
vt 0.224685 0.238939
vt 0.286304 0.138140
vt 0.285485 0.146798
vt 0.275959 0.145470
vt 0.287546 0.129228
vt 0.299887 0.118196
vt 0.103983 0.096637
vt 0.097657 0.095915
vt 0.104972 0.094601
vt 0.066074 0.160347
vt 0.067960 0.165906
vt 0.063453 0.160964
vt 0.055198 0.151818
vt 0.060120 0.157063
vt 0.036323 0.144792
vt 0.034565 0.143653
vt 0.656370 0.011317
vt 0.656929 0.009609
vt 0.659346 0.011322
vt 0.758146 0.227563
vt 0.756443 0.226273
vt 0.758870 0.225115
vt 0.366052 0.083261
vt 0.362767 0.080090
vt 0.365217 0.078047
vt 0.358380 0.082276
vt 0.359184 0.077969
vt 0.356915 0.076349
vt 0.362544 0.076364
vt 0.351907 0.074361
vt 0.355188 0.073925
vt 0.338080 0.084127
vt 0.341404 0.079362
vt 0.348149 0.075913
vt 0.344109 0.104272
vt 0.334926 0.099343
vt 0.323942 0.146502
vt 0.321572 0.158520
vt 0.310049 0.174802
vt 0.654693 0.310324
vt 0.642030 0.319179
vt 0.640447 0.316833
vt 0.426461 0.148921
vt 0.426186 0.153397
vt 0.410863 0.166472
vt 0.422009 0.162157
vt 0.407064 0.175024
vt 0.410465 0.179515
vt 0.408800 0.177266
vt 0.419580 0.172687
vt 0.412579 0.180818
vt 0.119908 0.366179
vt 0.124027 0.382916
vt 0.111974 0.364053
vt 0.118192 0.355349
vt 0.132865 0.372261
vt 0.131065 0.380897
vt 0.130601 0.360078
vt 0.148953 0.379006
vt 0.147422 0.390092
vt 0.144973 0.401936
vt 0.137958 0.391128
vt 0.167660 0.399404
vt 0.176362 0.393434
vt 0.176290 0.408406
vt 0.202638 0.419193
vt 0.209213 0.410838
vt 0.224222 0.435214
vt 0.944191 0.483819
vt 0.941781 0.479858
vt 0.985685 0.503873
vt 0.572497 0.020419
vt 0.499032 0.346061
vt 0.504655 0.339088
vt 0.498748 0.356297
vt 0.981925 0.414160
vt 0.972592 0.407186
vt 0.969459 0.390007
vt 0.957530 0.395939
vt 0.448774 0.326237
vt 0.453746 0.335328
vt 0.439458 0.331570
vt 0.520525 0.475615
vt 0.515243 0.455850
vt 0.526741 0.451600
vt 0.550019 0.465178
vt 0.411829 0.322246
vt 0.404990 0.311073
vt 0.552947 0.665071
vt 0.548213 0.654093
vt 0.563869 0.646989
vt 0.539080 0.658198
vt 0.543628 0.641391
vt 0.501782 0.621672
vt 0.489848 0.629289
vt 0.469406 0.616091
vt 0.615941 0.238392
vt 0.618769 0.243839
vt 0.602311 0.253209
vt 0.653088 0.247269
vt 0.645076 0.253963
vt 0.638466 0.246736
vt 0.676175 0.238647
vt 0.683563 0.243140
vt 0.668241 0.246013
vt 0.818877 0.136952
vt 0.828078 0.127732
vt 0.840776 0.126913
vt 0.829492 0.133755
vt 0.851088 0.128869
vt 0.841193 0.134471
vt 0.098344 0.009243
vt 0.099337 0.008037
vt 0.107712 0.009291
vt 0.860044 0.123666
vt 0.855780 0.127212
vt 0.855363 0.121031
vt 0.857694 0.119245
vt 0.864088 0.120807
vt 0.855182 0.114120
vt 0.858447 0.112204
vt 0.860710 0.116875
vt 0.855682 0.103059
vt 0.857615 0.105931
vt 0.857465 0.098689
vt 0.507003 0.157534
vt 0.505324 0.157005
vt 0.045793 0.006275
vt 0.052675 0.004783
vt 0.040807 0.009560
vt 0.039264 0.008618
vt 0.806376 0.177451
vt 0.805719 0.183753
vt 0.808851 0.186523
vt 0.813975 0.189372
vt 0.779941 0.033901
vt 0.783875 0.034026
vt 0.784309 0.035184
vt 0.725371 0.251896
vt 0.720977 0.252974
vt 0.779984 0.214025
vt 0.777609 0.212241
vt 0.790559 0.206612
vt 0.766160 0.215800
vt 0.652781 0.290916
vt 0.651570 0.288838
vt 0.662264 0.284642
vt 0.693358 0.270394
vt 0.695112 0.272340
vt 0.675041 0.284007
vt 0.995016 0.125598
vt 0.996580 0.130437
vt 0.992818 0.133671
vt 0.123141 0.882919
vt 0.135850 0.885170
vt 0.128740 0.891128
vt 0.111773 0.894690
vt 0.119805 0.898112
vt 0.099428 0.912056
vt 0.081575 0.931664
vt 0.080869 0.930581
vt 0.084178 0.926421
vt 0.102336 0.004529
vt 0.098575 0.003202
vt 0.102803 0.003238
vt 0.417811 0.021305
vt 0.416081 0.022169
vt 0.414813 0.020829
vt 0.094347 0.908206
vt 0.088845 0.920651
vt 0.104618 0.892382
vt 0.113326 0.874262
vt 0.129463 0.872558
vt 0.141053 0.861364
vt 0.150758 0.856593
vt 0.172839 0.850478
vt 0.165398 0.862463
vt 0.159023 0.863391
vt 0.174414 0.853690
vt 0.160724 0.130113
vt 0.160029 0.133364
vt 0.151775 0.127361
vt 0.963839 0.314988
vt 0.971648 0.308829
vt 0.972272 0.312078
vt 0.663910 0.289148
vt 0.652952 0.293273
vt 0.339047 0.235756
vt 0.347121 0.228821
vt 0.349926 0.232561
vt 0.320646 0.253769
vt 0.325986 0.238000
vt 0.333798 0.229883
vt 0.311936 0.251366
vt 0.315181 0.237758
vt 0.573660 0.300084
vt 0.575933 0.293609
vt 0.583676 0.290346
vt 0.561738 0.308155
vt 0.558438 0.307008
vt 0.565288 0.300077
vt 0.510730 0.561733
vt 0.508396 0.559081
vt 0.518098 0.555537
vt 0.553231 0.570162
vt 0.562037 0.564600
vt 0.578429 0.572593
vt 0.599487 0.578340
vt 0.582724 0.587576
vt 0.636355 0.592408
vt 0.654516 0.598398
vt 0.665024 0.607914
vt 0.648093 0.619073
vt 0.480397 0.252933
vt 0.495956 0.257456
vt 0.485575 0.269265
vt 0.495817 0.236857
vt 0.512682 0.238030
vt 0.061562 0.024167
vt 0.071575 0.033497
vt 0.046076 0.037894
vt 0.043832 0.027905
vt 0.069709 0.044059
vt 0.063447 0.052896
vt 0.052821 0.045777
vt 0.051605 0.060826
vt 0.047376 0.053662
vt 0.090435 0.051608
vt 0.092894 0.061187
vt 0.075253 0.061054
vt 0.100423 0.557618
vt 0.087567 0.556157
vt 0.102372 0.534991
vt 0.073073 0.558067
vt 0.081752 0.545214
vt 0.076922 0.532919
vt 0.326751 0.613672
vt 0.338802 0.619046
vt 0.347284 0.622882
vt 0.364775 0.622026
vt 0.331312 0.632773
vt 0.284460 0.049344
vt 0.283547 0.037914
vt 0.301584 0.038444
vt 0.273192 0.026335
vt 0.278259 0.015645
vt 0.283556 0.026791
vt 0.711650 0.474142
vt 0.718656 0.476448
vt 0.712783 0.480990
vt 0.196295 0.172640
vt 0.211806 0.174071
vt 0.195479 0.180580
vt 0.210432 0.158834
vt 0.215238 0.164093
vt 0.197740 0.159095
vt 0.210903 0.150908
vt 0.234563 0.144398
vt 0.225731 0.138868
vt 0.235427 0.132649
vt 0.239297 0.135987
vt 0.692416 0.021807
vt 0.684718 0.024145
vt 0.700330 0.013367
vt 0.710961 0.009029
vt 0.477403 0.193473
vt 0.473306 0.195636
vt 0.480486 0.183257
vt 0.489336 0.175171
vt 0.486803 0.172881
vt 0.113845 0.228089
vt 0.103543 0.220650
vt 0.092837 0.201708
vt 0.080400 0.194709
vt 0.084579 0.205879
vt 0.072583 0.185697
vt 0.075511 0.183826
vt 0.064066 0.182844
vt 0.069681 0.178254
vt 0.056379 0.166506
vt 0.060862 0.174431
vt 0.053975 0.176012
vt 0.050227 0.166717
vt 0.037295 0.172405
vt 0.038613 0.153053
vt 0.042707 0.161987
vt 0.035567 0.160057
vt 0.034427 0.153002
vt 0.030299 0.159129
vt 0.032881 0.151870
vt 0.032388 0.147926
vt 0.656682 0.031422
vt 0.658086 0.028142
vt 0.659759 0.030027
vt 0.661930 0.028977
vt 0.085087 0.013616
vt 0.083387 0.015397
vt 0.081895 0.012356
vt 0.756435 0.233422
vt 0.354765 0.080379
vt 0.350524 0.078246
vt 0.342128 0.095482
vt 0.340865 0.087865
vt 0.345968 0.113698
vt 0.341894 0.137641
vt 0.332265 0.149616
vt 0.325190 0.163460
vt 0.312488 0.177419
vt 0.316234 0.177524
vt 0.679527 0.298047
vt 0.661965 0.309975
vt 0.661619 0.313109
vt 0.455444 0.117378
vt 0.448837 0.128901
vt 0.441441 0.132732
vt 0.642904 0.321363
vt 0.078205 0.318795
vt 0.086908 0.326478
vt 0.084177 0.328613
vt 0.095917 0.333537
vt 0.099939 0.331790
vt 0.102170 0.342744
vt 0.109074 0.352094
vt 0.117171 0.345884
vt 0.130494 0.350225
vt 0.190400 0.392376
vt 0.181596 0.384058
vt 0.665521 0.396611
vt 0.650219 0.406216
vt 0.646281 0.401040
vt 0.672279 0.400472
vt 0.672364 0.405757
vt 0.700539 0.394622
vt 0.684222 0.416514
vt 0.696425 0.422545
vt 0.720906 0.412785
vt 0.414266 0.005373
vt 0.432188 0.012582
vt 0.412479 0.013735
vt 0.438236 0.019143
vt 0.423409 0.020666
vt 0.705563 0.127213
vt 0.706591 0.133814
vt 0.698650 0.134266
vt 0.716445 0.123689
vt 0.728794 0.121937
vt 0.720234 0.129133
vt 0.734213 0.133596
vt 0.742624 0.115924
vt 0.748837 0.106160
vt 0.759695 0.102090
vt 0.749833 0.124176
vt 0.768263 0.094814
vt 0.764582 0.107491
vt 0.802049 0.092864
vt 0.801588 0.089587
vt 0.821386 0.085980
vt 0.583584 0.107080
vt 0.579393 0.116635
vt 0.576889 0.115395
vt 0.013290 0.769536
vt 0.016800 0.768287
vt 0.012854 0.767582
vt 0.019784 0.767198
vt 0.006202 0.765413
vt 0.008934 0.764790
vt 0.005941 0.763343
vt 0.012596 0.764712
vt 0.025818 0.769308
vt 0.970469 0.224013
vt 0.969673 0.221362
vt 0.971392 0.219139
vt 0.147579 0.096263
vt 0.148565 0.094459
vt 0.149225 0.094956
vt 0.969293 0.224518
vt 0.971161 0.217222
vt 0.095570 0.927341
vt 0.099654 0.924696
vt 0.091977 0.933066
vt 0.976152 0.196380
vt 0.977417 0.196638
vt 0.976181 0.202511
vt 0.515443 0.040419
vt 0.512028 0.039170
vt 0.517820 0.030070
vt 0.853012 0.099508
vt 0.848744 0.100748
vt 0.845270 0.092926
vt 0.849556 0.091193
vt 0.849446 0.116364
vt 0.843858 0.103818
vt 0.835047 0.100122
vt 0.840450 0.095836
vt 0.728622 0.139374
vt 0.723734 0.145980
vt 0.713585 0.134941
vt 0.707740 0.141893
vt 0.334831 0.692145
vt 0.331001 0.700879
vt 0.323896 0.699173
vt 0.369049 0.693800
vt 0.381449 0.695392
vt 0.365760 0.702935
vt 0.399866 0.694620
vt 0.372877 0.707012
vt 0.405062 0.700363
vt 0.392224 0.705932
vt 0.697038 0.431374
vt 0.680621 0.426704
vt 0.660962 0.417347
vt 0.646852 0.426355
vt 0.928679 0.473202
vt 0.929260 0.475960
vt 0.922209 0.475102
vt 0.944595 0.472976
vt 0.953653 0.472397
vt 0.950602 0.480114
vt 0.967270 0.476260
vt 0.977027 0.481371
vt 0.974777 0.470017
vt 0.953696 0.460429
vt 0.939128 0.466463
vt 0.935187 0.471350
vt 0.915222 0.469469
vt 0.905592 0.469673
vt 0.917925 0.458271
vt 0.603174 0.415028
vt 0.614436 0.413670
vt 0.603059 0.419233
vt 0.640681 0.437019
vt 0.628250 0.440053
vt 0.660699 0.431765
vt 0.673953 0.437879
vt 0.648491 0.444629
vt 0.356327 0.003756
vt 0.356159 0.014452
vt 0.340033 0.014200
vt 0.463622 0.686973
vt 0.459258 0.667689
vt 0.462860 0.676774
vt 0.428586 0.671553
vt 0.418624 0.686138
vt 0.409595 0.681075
vt 0.384654 0.665552
vt 0.398854 0.667289
vt 0.374614 0.672275
vt 0.384938 0.685313
vt 0.370808 0.685170
vt 0.668769 0.175736
vt 0.668508 0.186699
vt 0.662323 0.183836
vt 0.700379 0.174571
vt 0.693223 0.182487
vt 0.687228 0.176957
vt 0.733816 0.156602
vt 0.739532 0.160450
vt 0.735346 0.166395
vt 0.829739 0.106066
vt 0.834170 0.111006
vt 0.840239 0.115611
vt 0.706202 0.193114
vt 0.702105 0.185237
vt 0.712992 0.185005
vt 0.677134 0.197651
vt 0.672011 0.192208
vt 0.685456 0.190053
vt 0.395634 0.642538
vt 0.396440 0.648528
vt 0.366843 0.661959
vt 0.442552 0.642628
vt 0.424168 0.663415
vt 0.409410 0.660589
vt 0.445587 0.652290
vt 0.448310 0.661834
vt 0.618469 0.453116
vt 0.631496 0.449428
vt 0.584502 0.451150
vt 0.567861 0.445500
vt 0.584080 0.437729
vt 0.554586 0.441164
vt 0.570540 0.431290
vt 0.908105 0.457971
vt 0.923696 0.444967
vt 0.927121 0.459566
vt 0.945244 0.456888
vt 0.963294 0.444571
vt 0.970150 0.450912
vt 0.985496 0.480568
vt 0.992059 0.475974
vt 0.987974 0.504774
vt 0.449427 0.435221
vt 0.459671 0.427392
vt 0.449954 0.437016
vt 0.479191 0.397171
vt 0.477794 0.394632
vt 0.484623 0.388002
vt 0.992971 0.439191
vt 0.987250 0.419361
vt 0.982816 0.408386
vt 0.976744 0.436243
vt 0.966553 0.430595
vt 0.980488 0.422192
vt 0.960067 0.422340
vt 0.965584 0.413615
vt 0.954664 0.413428
vt 0.946344 0.425567
vt 0.938745 0.418727
vt 0.928829 0.435310
vt 0.931450 0.413642
vt 0.915778 0.441806
vt 0.430896 0.349568
vt 0.425191 0.341222
vt 0.545853 0.445430
vt 0.911506 0.450273
vt 0.934261 0.444161
vt 0.955740 0.441694
vt 0.981759 0.458977
vt 0.993786 0.480002
vt 0.994486 0.488267
vt 0.991509 0.494150
vt 0.995863 0.475914
vt 0.459091 0.424785
vt 0.992941 0.454288
vt 0.988721 0.458243
vt 0.991322 0.441667
vt 0.984942 0.444526
vt 0.465883 0.416498
vt 0.466836 0.419238
vt 0.567583 0.458133
vt 0.386547 0.341183
vt 0.378552 0.330061
vt 0.384435 0.326062
vt 0.535781 0.672442
vt 0.510635 0.669946
vt 0.505997 0.659433
vt 0.522282 0.651906
vt 0.449972 0.626839
vt 0.474366 0.637976
vt 0.441083 0.631933
vt 0.427734 0.638660
vt 0.427484 0.629839
vt 0.411656 0.639059
vt 0.415563 0.630557
vt 0.404827 0.636816
vt 0.626279 0.220090
vt 0.629599 0.224427
vt 0.617996 0.228593
vt 0.638497 0.215996
vt 0.639794 0.223228
vt 0.656654 0.206756
vt 0.661247 0.226202
vt 0.653974 0.233419
vt 0.647324 0.226216
vt 0.669237 0.205028
vt 0.707454 0.154258
vt 0.718078 0.152075
vt 0.713188 0.159501
vt 0.425484 0.700709
vt 0.423196 0.692764
vt 0.446325 0.693110
vt 0.939059 0.475682
vt 0.086598 0.928505
vt 0.083903 0.933332
vt 0.080131 0.936968
vt 0.076903 0.939289
vt 0.094027 0.003084
vt 0.094507 0.003859
vt 0.092041 0.003504
vt 0.419110 0.022082
vt 0.419654 0.021199
vt 0.075563 0.943866
vt 0.073972 0.946735
vt 0.074662 0.943118
vt 0.075419 0.947368
vt 0.762361 0.146361
vt 0.764214 0.146365
vt 0.752559 0.153665
vt 0.089213 0.913689
vt 0.088601 0.910782
vt 0.094660 0.903420
vt 0.136190 0.852672
vt 0.151955 0.846362
vt 0.156877 0.850007
vt 0.159581 0.853282
vt 0.171554 0.841357
vt 0.184719 0.834063
vt 0.184846 0.839118
vt 0.296140 0.249570
vt 0.291976 0.250018
vt 0.304994 0.237927
vt 0.313867 0.233505
vt 0.562553 0.311451
vt 0.539255 0.327595
vt 0.536729 0.325606
vt 0.551327 0.313683
vt 0.532039 0.540376
vt 0.191153 0.301322
vt 0.183618 0.295894
vt 0.192006 0.297439
vt 0.181109 0.302268
vt 0.174391 0.295517
vt 0.159610 0.302130
vt 0.152799 0.295480
vt 0.163737 0.296184
vt 0.093298 0.281609
vt 0.099912 0.257806
vt 0.112322 0.277791
vt 0.070286 0.273265
vt 0.061580 0.265788
vt 0.071627 0.260701
vt 0.050527 0.247463
vt 0.041589 0.228701
vt 0.045107 0.226307
vt 0.038557 0.227398
vt 0.034878 0.221407
vt 0.034734 0.208395
vt 0.032934 0.223276
vt 0.028394 0.210076
vt 0.028687 0.199453
vt 0.201001 0.116483
vt 0.200628 0.122142
vt 0.196424 0.124083
vt 0.635606 0.039819
vt 0.627779 0.048007
vt 0.626931 0.045015
vt 0.736730 0.262588
vt 0.737269 0.257892
vt 0.743821 0.254835
vt 0.744625 0.249443
vt 0.360065 0.121840
vt 0.357929 0.121142
vt 0.364044 0.111061
vt 0.364365 0.100380
vt 0.361752 0.103989
vt 0.358445 0.102473
vt 0.353304 0.095815
vt 0.360605 0.085927
vt 0.364785 0.090816
vt 0.750960 0.240005
vt 0.749252 0.247839
vt 0.366547 0.099451
vt 0.643051 0.035307
vt 0.643072 0.038558
vt 0.032289 0.190739
vt 0.036962 0.202422
vt 0.029670 0.190987
vt 0.043204 0.204903
vt 0.043562 0.213299
vt 0.050287 0.222995
vt 0.074355 0.241316
vt 0.067781 0.251604
vt 0.062552 0.240824
vt 0.078890 0.256571
vt 0.079408 0.268078
vt 0.117496 0.269457
vt 0.109410 0.251091
vt 0.134591 0.281420
vt 0.132855 0.270003
vt 0.141405 0.280718
vt 0.145800 0.276270
vt 0.148749 0.286130
vt 0.153611 0.280776
vt 0.159436 0.287213
vt 0.176112 0.292280
vt 0.616653 0.586276
vt 0.631710 0.577707
vt 0.651340 0.583190
vt 0.508466 0.223090
vt 0.083945 0.020866
vt 0.091092 0.030934
vt 0.105701 0.050947
vt 0.114924 0.061205
vt 0.093718 0.585541
vt 0.085380 0.594016
vt 0.085195 0.578450
vt 0.062681 0.591235
vt 0.054336 0.585223
vt 0.069689 0.581334
vt 0.345809 0.602089
vt 0.322803 0.605017
vt 0.360795 0.606723
vt 0.373174 0.604751
vt 0.362509 0.612318
vt 0.386910 0.604528
vt 0.377092 0.615008
vt 0.241526 0.013913
vt 0.241821 0.025427
vt 0.230792 0.013696
vt 0.602475 0.130718
vt 0.605762 0.141680
vt 0.594213 0.137925
vt 0.743995 0.523222
vt 0.734929 0.528811
vt 0.728315 0.518236
vt 0.682918 0.505394
vt 0.674544 0.502305
vt 0.687052 0.495219
vt 0.664840 0.500723
vt 0.675004 0.495416
vt 0.150915 0.194800
vt 0.160587 0.203634
vt 0.154435 0.205704
vt 0.148805 0.182968
vt 0.155082 0.181848
vt 0.163035 0.181269
vt 0.162520 0.171345
vt 0.171977 0.170986
vt 0.172175 0.164438
vt 0.181876 0.162624
vt 0.681843 0.028717
vt 0.467159 0.209930
vt 0.455578 0.226091
vt 0.468031 0.204379
vt 0.123436 0.236160
vt 0.129144 0.245989
vt 0.122003 0.240539
vt 0.107653 0.216501
vt 0.116759 0.227971
vt 0.111849 0.232607
vt 0.077700 0.206072
vt 0.064137 0.190328
vt 0.071268 0.193121
vt 0.057909 0.187824
vt 0.045889 0.182332
vt 0.040967 0.178734
vt 0.047996 0.173936
vt 0.032054 0.169211
vt 0.650716 0.034334
vt 0.649922 0.031583
vt 0.753380 0.241304
vt 0.028835 0.170110
vt 0.052492 0.213519
vt 0.070397 0.228674
vt 0.081838 0.243253
vt 0.088101 0.241409
vt 0.095226 0.239244
vt 0.149747 0.272223
vt 0.597277 0.526799
vt 0.600994 0.534519
vt 0.588570 0.529496
vt 0.622974 0.535051
vt 0.632163 0.531659
vt 0.627905 0.546158
vt 0.648216 0.550623
vt 0.656932 0.562337
vt 0.641852 0.571664
vt 0.633795 0.559085
vt 0.651792 0.533393
vt 0.659467 0.544033
vt 0.680612 0.546747
vt 0.689732 0.556593
vt 0.681145 0.562964
vt 0.532477 0.197986
vt 0.540942 0.206768
vt 0.525436 0.204824
vt 0.145356 0.038451
vt 0.128494 0.050237
vt 0.122266 0.039446
vt 0.156026 0.049682
vt 0.159016 0.061208
vt 0.136502 0.061177
vt 0.063866 0.607506
vt 0.071783 0.614009
vt 0.383946 0.598043
vt 0.396063 0.594409
vt 0.398926 0.599089
vt 0.855443 0.043109
vt 0.846490 0.038513
vt 0.847918 0.035926
vt 0.237878 0.061238
vt 0.231901 0.049168
vt 0.248949 0.049200
vt 0.225991 0.037097
vt 0.242735 0.037200
vt 0.199147 0.025257
vt 0.212499 0.013410
vt 0.221087 0.025164
vt 0.193705 0.013581
vt 0.205193 0.001857
vt 0.184390 0.002257
vt 0.547967 0.169041
vt 0.553139 0.178783
vt 0.540827 0.176145
vt 0.691218 0.510623
vt 0.682075 0.516354
vt 0.667762 0.513949
vt 0.656763 0.510864
vt 0.621503 0.508657
vt 0.630184 0.499823
vt 0.632085 0.504835
vt 0.164837 0.153072
vt 0.172968 0.157450
vt 0.163450 0.159386
vt 0.173531 0.153202
vt 0.183048 0.154892
vt 0.662545 0.038152
vt 0.666182 0.038635
vt 0.654744 0.045742
vt 0.973058 0.176949
vt 0.978321 0.161707
vt 0.973999 0.183999
vt 0.457202 0.227026
vt 0.140746 0.255396
vt 0.120706 0.246847
vt 0.108514 0.240132
vt 0.100695 0.225361
vt 0.099635 0.235073
vt 0.091262 0.222055
vt 0.083364 0.220253
vt 0.058278 0.195557
vt 0.074381 0.217681
vt 0.058710 0.211392
vt 0.052206 0.202250
vt 0.041930 0.196958
vt 0.135943 0.256896
vt 0.139322 0.267781
vt 0.128872 0.255385
vt 0.833029 0.002731
vt 0.833222 0.005106
vt 0.825213 0.004651
vt 0.641181 0.052737
vt 0.639899 0.050685
vt 0.646771 0.047382
vt 0.621906 0.515660
vt 0.611708 0.513273
vt 0.640975 0.526143
vt 0.137205 0.004808
vt 0.131354 0.016489
vt 0.120222 0.006141
vt 0.161818 0.037904
vt 0.037407 0.645557
vt 0.033875 0.634310
vt 0.046516 0.632254
vt 0.847038 0.017893
vt 0.837237 0.015360
vt 0.840876 0.011073
vt 0.857442 0.037837
vt 0.849250 0.033296
vt 0.851262 0.029125
vt 0.206568 0.061121
vt 0.165104 0.014441
vt 0.353170 0.122886
vt 0.337499 0.149724
vt 0.696384 0.287746
vt 0.693875 0.292774
vt 0.679783 0.301170
vt 0.037751 0.252438
vt 0.041172 0.255338
vt 0.041330 0.262174
vt 0.266287 0.002081
vt 0.269131 0.002762
vt 0.266281 0.010786
vt 0.056612 0.280222
vt 0.059529 0.279181
vt 0.061599 0.291955
vt 0.075483 0.306036
vt 0.072878 0.308708
vt 0.079730 0.302997
vt 0.089830 0.310679
vt 0.088806 0.321956
vt 0.094566 0.320747
vt 0.103099 0.328182
vt 0.114508 0.333617
vt 0.109858 0.337100
vt 0.164091 0.340663
vt 0.169657 0.359109
vt 0.153574 0.344627
vt 0.179228 0.340862
vt 0.177735 0.352739
vt 0.711753 0.391775
vt 0.733942 0.396365
vt 0.743991 0.393519
vt 0.736961 0.410984
vt 0.738826 0.419034
vt 0.747429 0.408162
vt 0.758973 0.403162
vt 0.433103 0.004700
vt 0.450663 0.010548
vt 0.461416 0.016563
vt 0.318123 0.731632
vt 0.301154 0.734054
vt 0.316231 0.726553
vt 0.289043 0.734853
vt 0.304944 0.726655
vt 0.281290 0.733797
vt 0.293792 0.727286
vt 0.267537 0.736433
vt 0.289362 0.724776
vt 0.728763 0.100399
vt 0.734314 0.101126
vt 0.726263 0.108170
vt 0.744027 0.099169
vt 0.736661 0.106319
vt 0.754820 0.095705
vt 0.764009 0.088891
vt 0.774420 0.083915
vt 0.777532 0.089132
vt 0.797418 0.079235
vt 0.808226 0.078317
vt 0.798560 0.082753
vt 0.799682 0.086322
vt 0.809569 0.083575
vt 0.819593 0.079567
vt 0.820783 0.083351
vt 0.030160 0.763386
vt 0.035290 0.765382
vt 0.967980 0.221350
vt 0.967757 0.224996
vt 0.095525 0.924474
vt 0.109240 0.909469
vt 0.079761 0.942431
vt 0.077385 0.945063
vt 0.077795 0.941026
vt 0.768134 0.141526
vt 0.775635 0.137217
vt 0.092867 0.895087
vt 0.086813 0.912944
vt 0.095848 0.890518
vt 0.107633 0.872492
vt 0.114603 0.860918
vt 0.128671 0.862669
vt 0.129049 0.851522
vt 0.118912 0.841932
vt 0.124952 0.833037
vt 0.122159 0.850607
vt 0.112119 0.857939
vt 0.103228 0.871958
vt 0.102091 0.879284
vt 0.099574 0.877777
vt 0.783867 0.127453
vt 0.786011 0.128393
vt 0.776381 0.134123
vt 0.788553 0.122757
vt 0.794152 0.120321
vt 0.103565 0.849662
vt 0.111538 0.842107
vt 0.109813 0.849826
vt 0.108422 0.834801
vt 0.105596 0.827908
vt 0.114671 0.833940
vt 0.097295 0.823966
vt 0.094195 0.818156
vt 0.098723 0.814792
vt 0.088269 0.814290
vt 0.090595 0.808836
vt 0.084226 0.806554
vt 0.080909 0.807967
vt 0.082831 0.798432
vt 0.064590 0.784614
vt 0.057461 0.772690
vt 0.067780 0.774508
vt 0.045957 0.770126
vt 0.056331 0.764119
vt 0.037996 0.759153
vt 0.049698 0.759872
vt 0.969746 0.005099
vt 0.966807 0.008262
vt 0.965966 0.007373
vt 0.972118 0.002377
vt 0.973853 0.002852
vt 0.972923 0.004054
vt 0.003166 0.115479
vt 0.003251 0.112042
vt 0.004281 0.112055
vt 0.963446 0.012016
vt 0.967688 0.009353
vt 0.043385 0.755454
vt 0.034181 0.755449
vt 0.074716 0.769582
vt 0.081064 0.783146
vt 0.092617 0.795769
vt 0.101194 0.801656
vt 0.095925 0.806982
vt 0.113242 0.805392
vt 0.119504 0.800991
vt 0.123882 0.810753
vt 0.141258 0.838881
vt 0.165734 0.833806
vt 0.169849 0.837014
vt 0.159097 0.840372
vt 0.180346 0.832846
vt 0.193388 0.830834
vt 0.814286 0.357804
vt 0.814017 0.352462
vt 0.822486 0.354757
vt 0.906751 0.034746
vt 0.908076 0.028493
vt 0.914539 0.029776
vt 0.903385 0.032269
vt 0.898860 0.038935
vt 0.897242 0.036483
vt 0.602632 0.095317
vt 0.603884 0.088346
vt 0.605105 0.094389
vt 0.989224 0.011955
vt 0.986705 0.014213
vt 0.980645 0.008964
vt 0.823160 0.350299
vt 0.829860 0.349033
vt 0.830945 0.351816
vt 0.601017 0.086951
vt 0.608496 0.090923
vt 0.607751 0.084087
vt 0.612025 0.084427
vt 0.339846 0.269591
vt 0.325299 0.273012
vt 0.335431 0.262365
vt 0.348240 0.260754
vt 0.312995 0.287498
vt 0.300488 0.285796
vt 0.316725 0.269246
vt 0.279954 0.293031
vt 0.303077 0.269105
vt 0.288191 0.264873
vt 0.279078 0.272165
vt 0.286190 0.261524
vt 0.295658 0.255123
vt 0.264954 0.273426
vt 0.275308 0.265675
vt 0.245850 0.284131
vt 0.264232 0.269981
vt 0.548250 0.324168
vt 0.540519 0.330399
vt 0.244257 0.281463
vt 0.253374 0.274868
vt 0.220022 0.296708
vt 0.217578 0.294595
vt 0.225890 0.290718
vt 0.215933 0.310216
vt 0.195621 0.308470
vt 0.212116 0.304579
vt 0.122191 0.312608
vt 0.130758 0.291183
vt 0.131112 0.304603
vt 0.114546 0.319431
vt 0.108048 0.310853
vt 0.101708 0.316019
vt 0.096987 0.297089
vt 0.086086 0.295124
vt 0.062836 0.277138
vt 0.055855 0.268426
vt 0.054541 0.257703
vt 0.050161 0.256519
vt 0.048344 0.260071
vt 0.043950 0.255809
vt 0.044013 0.247678
vt 0.031105 0.224857
vt 0.207363 0.105455
vt 0.208930 0.107952
vt 0.706335 0.284234
vt 0.712244 0.277004
vt 0.726828 0.270973
vt 0.342213 0.148039
vt 0.348265 0.136783
vt 0.354303 0.132671
vt 0.193274 0.331195
vt 0.184294 0.322762
vt 0.203577 0.336840
vt 0.213893 0.344831
vt 0.207692 0.352303
vt 0.737344 0.379118
vt 0.729745 0.375796
vt 0.749476 0.371067
vt 0.751709 0.375508
vt 0.788269 0.383774
vt 0.775107 0.381249
vt 0.786445 0.378181
vt 0.791057 0.391700
vt 0.799671 0.378741
vt 0.812697 0.392720
vt 0.818187 0.382031
vt 0.821994 0.395769
vt 0.829334 0.386902
vt 0.832837 0.398035
vt 0.847716 0.386927
vt 0.849979 0.390478
vt 0.028872 0.116508
vt 0.026308 0.120353
vt 0.021463 0.112649
vt 0.053878 0.132340
vt 0.240810 0.767365
vt 0.241045 0.763819
vt 0.269546 0.748985
vt 0.238381 0.761693
vt 0.249247 0.755511
vt 0.224257 0.762268
vt 0.223007 0.766306
vt 0.209770 0.769175
vt 0.776816 0.065485
vt 0.776923 0.061291
vt 0.796795 0.054273
vt 0.163864 0.760753
vt 0.152672 0.758349
vt 0.164592 0.756701
vt 0.122322 0.748661
vt 0.119447 0.745455
vt 0.131180 0.745043
vt 0.109733 0.742989
vt 0.120183 0.742394
vt 0.900784 0.048391
vt 0.903598 0.049911
vt 0.894669 0.055539
vt 0.001857 0.192969
vt 0.004316 0.179182
vt 0.004624 0.203685
vt 0.011945 0.761685
vt 0.008573 0.763073
vt 0.008252 0.762197
vt 0.041121 0.774906
vt 0.054707 0.782196
vt 0.064557 0.789208
vt 0.062567 0.791463
vt 0.100724 0.836165
vt 0.101383 0.847304
vt 0.099848 0.829874
vt 0.092447 0.819433
vt 0.042241 0.753385
vt 0.021521 0.756051
vt 0.067480 0.757313
vt 0.085993 0.774256
vt 0.093298 0.784807
vt 0.100808 0.789230
vt 0.100517 0.760813
vt 0.930561 0.033252
vt 0.923470 0.034935
vt 0.943000 0.023915
vt 0.002480 0.146035
vt 0.003993 0.154414
vt 0.002191 0.162629
vt 0.004142 0.166263
vt 0.002071 0.174359
vt 0.919940 0.039564
vt 0.088248 0.743321
vt 0.056918 0.750299
vt 0.064946 0.747338
vt 0.093858 0.745069
vt 0.102699 0.747931
vt 0.091252 0.748862
vt 0.120301 0.752666
vt 0.116503 0.756420
vt 0.142719 0.756405
vt 0.140747 0.766274
vt 0.123649 0.768914
vt 0.154735 0.789204
vt 0.153316 0.797160
vt 0.144620 0.792177
vt 0.177367 0.785985
vt 0.162599 0.799897
vt 0.179611 0.820123
vt 0.172627 0.827117
vt 0.167288 0.823251
vt 0.186465 0.812707
vt 0.191096 0.815627
vt 0.885045 0.356177
vt 0.894916 0.349746
vt 0.897268 0.353512
vt 0.889983 0.366427
vt 0.080183 0.121632
vt 0.090583 0.123814
vt 0.089506 0.128250
vt 0.173181 0.800493
vt 0.180373 0.789931
vt 0.193258 0.788163
vt 0.806985 0.043965
vt 0.071675 0.141112
vt 0.086315 0.141336
vt 0.084668 0.145900
vt 0.066193 0.129697
vt 0.055429 0.129075
vt 0.056036 0.125211
vt 0.837159 0.369889
vt 0.850651 0.362281
vt 0.861895 0.361103
vt 0.840083 0.363005
vt 0.832453 0.363597
vt 0.846026 0.381441
vt 0.837761 0.385838
vt 0.864540 0.378691
vt 0.201292 0.776108
vt 0.003854 0.142447
vt 0.002619 0.132058
vt 0.003721 0.131283
vt 0.006001 0.762361
vt 0.006017 0.761841
vt 0.860574 0.072518
vt 0.854548 0.072238
vt 0.863774 0.067896
vt 0.830713 0.077329
vt 0.829718 0.073244
vt 0.818160 0.072740
vt 0.783820 0.076948
vt 0.781209 0.072210
vt 0.791630 0.065361
vt 0.793301 0.068916
vt 0.266626 0.741354
vt 0.247479 0.752471
vt 0.245914 0.749623
vt 0.277673 0.740373
vt 0.287504 0.740597
vt 0.292166 0.743428
vt 0.472061 0.015946
vt 0.471798 0.009290
vt 0.480466 0.009085
vt 0.813051 0.399467
vt 0.803421 0.402637
vt 0.786320 0.402007
vt 0.776856 0.397524
vt 0.764342 0.384001
vt 0.742389 0.383439
vt 0.731974 0.385966
vt 0.719579 0.383580
vt 0.695931 0.383919
vt 0.719185 0.378263
vt 0.257033 0.352819
vt 0.247792 0.344358
vt 0.255338 0.336288
vt 0.247197 0.328395
vt 0.240039 0.352672
vt 0.220777 0.337079
vt 0.301923 0.300489
vt 0.286502 0.301567
vt 0.258893 0.289784
vt 0.248751 0.292114
vt 0.234140 0.291653
vt 0.241341 0.298715
vt 0.222529 0.300042
vt 0.128925 0.895088
vt 0.744431 0.134063
vt 0.738945 0.140074
vt 0.061001 0.167665
vt 0.066475 0.171584
vt 0.271751 0.114819
vt 0.279788 0.107924
vt 0.281870 0.110338
vt 0.283740 0.114242
vt 0.276071 0.122293
vt 0.270696 0.118549
vt 0.252645 0.136073
vt 0.240107 0.148245
vt 0.241562 0.154170
vt 0.198229 0.188368
vt 0.193127 0.216367
vt 0.188945 0.238840
vt 0.180887 0.228409
vt 0.192778 0.258320
vt 0.189239 0.267120
vt 0.179410 0.257103
vt 0.188848 0.276995
vt 0.175974 0.264034
vt 0.184027 0.282563
vt 0.179976 0.287601
vt 0.172726 0.279400
vt 0.536349 0.365004
vt 0.533442 0.361212
vt 0.542813 0.359622
vt 0.196061 0.247878
vt 0.202835 0.253346
vt 0.200709 0.236911
vt 0.207694 0.243838
vt 0.226108 0.207343
vt 0.215912 0.226370
vt 0.236966 0.213689
vt 0.236747 0.170544
vt 0.243644 0.160006
vt 0.248326 0.168261
vt 0.263067 0.136880
vt 0.280225 0.127082
vt 0.289049 0.118769
vt 0.291064 0.109686
vt 0.304052 0.103765
vt 0.311965 0.105688
vt 0.302342 0.108352
vt 0.057883 0.162350
vt 0.048431 0.156378
vt 0.070966 0.171126
vt 0.076018 0.178532
vt 0.499406 0.154408
vt 0.497048 0.153912
vt 0.500333 0.148204
vt 0.260732 0.129422
vt 0.193936 0.270436
vt 0.046492 0.007389
vt 0.704793 0.262875
vt 0.712418 0.260237
vt 0.704522 0.266050
vt 0.091760 0.098745
vt 0.091499 0.097011
vt 0.319561 0.103991
vt 0.242661 0.223925
vt 0.218323 0.233726
vt 0.577143 0.333917
vt 0.581536 0.335420
vt 0.573025 0.339194
vt 0.769891 0.426897
vt 0.776687 0.431344
vt 0.766664 0.436158
vt 0.789961 0.442220
vt 0.813739 0.440825
vt 0.802569 0.446708
vt 0.692715 0.069334
vt 0.701441 0.074654
vt 0.692955 0.081664
vt 0.876068 0.127255
vt 0.804816 0.159306
vt 0.807663 0.161407
vt 0.649432 0.271419
vt 0.653389 0.276768
vt 0.643533 0.277315
vt 0.639956 0.269336
vt 0.156331 0.448987
vt 0.414582 0.022089
vt 0.987983 0.513066
vt 0.985957 0.513616
vt 0.986955 0.512129
vt 0.003843 0.080677
vt 0.002750 0.078573
vt 0.003781 0.078332
vt 0.854097 0.009512
vt 0.851670 0.007367
vt 0.854200 0.007075
vt 0.687373 0.016592
vt 0.689661 0.015269
vt 0.687896 0.017478
vt 0.991640 0.614682
vt 0.994530 0.615971
vt 0.990934 0.616856
vt 0.841792 0.529497
vt 0.846616 0.542871
vt 0.837753 0.545967
vt 0.830370 0.539160
vt 0.431873 0.042797
vt 0.428897 0.033992
vt 0.433329 0.032105
vt 0.451612 0.036081
vt 0.454142 0.033201
vt 0.453054 0.040255
vt 0.455292 0.036527
vt 0.455541 0.044807
vt 0.452855 0.046970
vt 0.387596 0.089830
vt 0.387613 0.087520
vt 0.389760 0.088364
vt 0.396389 0.110231
vt 0.409531 0.107127
vt 0.394688 0.114510
vt 0.375632 0.118977
vt 0.385109 0.110940
vt 0.545469 0.968977
vt 0.536984 0.964167
vt 0.544922 0.960900
vt 0.517781 0.530786
vt 0.520656 0.532345
vt 0.519590 0.533569
vt 0.212481 0.483647
vt 0.226890 0.491708
vt 0.223758 0.504019
vt 0.964787 0.055911
vt 0.960053 0.048870
vt 0.970759 0.043531
vt 0.965344 0.069853
vt 0.957393 0.070333
vt 0.967788 0.077012
vt 0.950410 0.085351
vt 0.957184 0.113868
vt 0.959095 0.098621
vt 0.970554 0.097643
vt 0.973238 0.101994
vt 0.961954 0.129203
vt 0.956734 0.127403
vt 0.961382 0.117750
vt 0.083919 0.961812
vt 0.090595 0.964911
vt 0.080510 0.969427
vt 0.093438 0.950241
vt 0.098740 0.954420
vt 0.130587 0.909753
vt 0.123854 0.922726
vt 0.117461 0.917748
vt 0.723192 0.755437
vt 0.723046 0.744417
vt 0.731205 0.748252
vt 0.741164 0.760623
vt 0.732467 0.767288
vt 0.710131 0.783617
vt 0.716795 0.769199
vt 0.723880 0.773797
vt 0.702253 0.799294
vt 0.728689 0.781056
vt 0.709956 0.807278
vt 0.730254 0.793146
vt 0.201292 0.519667
vt 0.202851 0.537250
vt 0.191348 0.528860
vt 0.191631 0.483768
vt 0.193399 0.506153
vt 0.179130 0.498777
vt 0.561569 0.966975
vt 0.560361 0.961767
vt 0.563367 0.966638
vt 0.165204 0.572546
vt 0.162764 0.557526
vt 0.183632 0.554313
vt 0.173894 0.594787
vt 0.173980 0.579934
vt 0.182250 0.586843
vt 0.075750 0.959881
vt 0.070677 0.973957
vt 0.049027 0.979036
vt 0.068228 0.969639
vt 0.050331 0.983214
vt 0.978534 0.088534
vt 0.972891 0.081544
vt 0.975407 0.063752
vt 0.979797 0.064277
vt 0.975294 0.053035
vt 0.968284 0.024521
vt 0.971419 0.033265
vt 0.965639 0.036157
vt 0.386827 0.066340
vt 0.934744 0.073295
vt 0.934630 0.059124
vt 0.942725 0.063492
vt 0.942564 0.092636
vt 0.937505 0.084380
vt 0.947976 0.100071
vt 0.930248 0.108547
vt 0.937955 0.128492
vt 0.947859 0.115027
vt 0.946693 0.132565
vt 0.938710 0.146072
vt 0.946933 0.147710
vt 0.126394 0.930174
vt 0.136474 0.924514
vt 0.150108 0.907267
vt 0.708982 0.755476
vt 0.704469 0.748424
vt 0.714346 0.761547
vt 0.706024 0.767909
vt 0.693563 0.786322
vt 0.694724 0.794459
vt 0.646039 0.158800
vt 0.644271 0.155485
vt 0.652492 0.151285
vt 0.028544 0.417145
vt 0.035706 0.424121
vt 0.028883 0.427733
vt 0.027935 0.406840
vt 0.025702 0.396099
vt 0.040239 0.389829
vt 0.022140 0.377290
vt 0.020615 0.342936
vt 0.042804 0.355575
vt 0.026832 0.354105
vt 0.032690 0.334287
vt 0.045816 0.344940
vt 0.044348 0.324201
vt 0.039368 0.326396
vt 0.778570 0.797061
vt 0.768201 0.801741
vt 0.772415 0.797531
vt 0.765465 0.799722
vt 0.762834 0.797003
vt 0.764328 0.798442
vt 0.758520 0.799023
vt 0.506696 0.519138
vt 0.505005 0.516547
vt 0.508557 0.518089
vt 0.511622 0.520412
vt 0.513443 0.525006
vt 0.509364 0.523511
vt 0.518310 0.538137
vt 0.514297 0.538721
vt 0.517136 0.534693
vt 0.521207 0.534389
vt 0.234599 0.096704
vt 0.236565 0.096680
vt 0.235969 0.097537
vt 0.744405 0.815297
vt 0.743273 0.819251
vt 0.741687 0.819881
vt 0.929067 0.973463
vt 0.929610 0.944129
vt 0.942167 0.890447
vt 0.517924 0.527368
vt 0.519278 0.526599
vt 0.520030 0.528827
vt 0.516219 0.527452
vt 0.510852 0.533680
vt 0.514621 0.530432
vt 0.515893 0.521308
vt 0.514575 0.522550
vt 0.746369 0.809033
vt 0.748963 0.806235
vt 0.751180 0.807344
vt 0.019495 0.400253
vt 0.022294 0.410415
vt 0.634683 0.163476
vt 0.633240 0.169745
vt 0.621572 0.180043
vt 0.644937 0.165705
vt 0.639980 0.166349
vt 0.621250 0.846230
vt 0.612983 0.848928
vt 0.611912 0.845429
vt 0.630994 0.846434
vt 0.630313 0.851256
vt 0.230442 0.481382
vt 0.240269 0.497649
vt 0.205968 0.464465
vt 0.218764 0.473061
vt 0.009003 0.139145
vt 0.011797 0.136672
vt 0.011741 0.149442
vt 0.552754 0.950412
vt 0.553944 0.945857
vt 0.557668 0.956145
vt 0.550445 0.953525
vt 0.557111 0.959902
vt 0.564264 0.974184
vt 0.558928 0.966934
vt 0.566262 0.973093
vt 0.567703 0.971818
vt 0.693075 0.314384
vt 0.696936 0.309141
vt 0.703417 0.309022
vt 0.450180 0.917166
vt 0.456024 0.927834
vt 0.447195 0.919677
vt 0.743828 0.329354
vt 0.727862 0.334162
vt 0.729252 0.326641
vt 0.754150 0.344276
vt 0.747636 0.356158
vt 0.725597 0.341689
vt 0.434811 0.873625
vt 0.443382 0.881345
vt 0.431753 0.888275
vt 0.464160 0.842151
vt 0.458752 0.859954
vt 0.438161 0.856501
vt 0.470170 0.822827
vt 0.446844 0.835191
vt 0.479437 0.751226
vt 0.471301 0.743700
vt 0.479382 0.733816
vt 0.468292 0.734916
vt 0.491695 0.729871
vt 0.482851 0.725590
vt 0.497991 0.721439
vt 0.409090 0.242585
vt 0.425268 0.226799
vt 0.411777 0.249390
vt 0.417158 0.225590
vt 0.409630 0.220414
vt 0.414506 0.210329
vt 0.390554 0.125867
vt 0.374755 0.129064
vt 0.414802 0.112747
vt 0.411834 0.126926
vt 0.404973 0.121490
vt 0.432087 0.094293
vt 0.423221 0.102921
vt 0.418645 0.097572
vt 0.428235 0.091706
vt 0.441577 0.066781
vt 0.437831 0.084351
vt 0.435830 0.080861
vt 0.432668 0.082663
vt 0.644170 0.135184
vt 0.644901 0.137281
vt 0.635827 0.143892
vt 0.636994 0.139741
vt 0.642830 0.134304
vt 0.953534 0.035802
vt 0.952204 0.039273
vt 0.950262 0.037903
vt 0.951670 0.034342
vt 0.954250 0.032853
vt 0.630212 0.146916
vt 0.637291 0.136779
vt 0.622894 0.157074
vt 0.621212 0.155450
vt 0.615449 0.160016
vt 0.408705 0.102202
vt 0.386776 0.101268
vt 0.390206 0.106593
vt 0.390175 0.098880
vt 0.392249 0.103399
vt 0.389044 0.092392
vt 0.391267 0.090330
vt 0.392175 0.093060
vt 0.382275 0.094398
vt 0.382393 0.091337
vt 0.385141 0.091511
vt 0.458853 0.102887
vt 0.461413 0.102938
vt 0.455112 0.110040
vt 0.375926 0.103053
vt 0.376275 0.098621
vt 0.372070 0.114902
vt 0.381293 0.099599
vt 0.375984 0.154069
vt 0.367610 0.150126
vt 0.377417 0.142143
vt 0.364911 0.161068
vt 0.359388 0.171599
vt 0.359947 0.160308
vt 0.881606 0.097487
vt 0.887275 0.088397
vt 0.884088 0.099242
vt 0.416021 0.024722
vt 0.413748 0.022970
vt 0.416822 0.023561
vt 0.402317 0.258407
vt 0.395563 0.263976
vt 0.398411 0.252748
vt 0.317925 0.022557
vt 0.309162 0.019441
vt 0.317965 0.019137
vt 0.406441 0.888357
vt 0.415233 0.868356
vt 0.428584 0.861681
vt 0.760942 0.334246
vt 0.769887 0.349116
vt 0.748452 0.321344
vt 0.766568 0.294010
vt 0.768952 0.307123
vt 0.755718 0.301144
vt 0.757068 0.286977
vt 0.744297 0.306573
vt 0.743914 0.288161
vt 0.132146 0.554767
vt 0.147178 0.536550
vt 0.145951 0.575730
vt 0.757829 0.772584
vt 0.776922 0.770750
vt 0.761218 0.784058
vt 0.772592 0.746990
vt 0.778819 0.755126
vt 0.770494 0.762187
vt 0.762070 0.732020
vt 0.780488 0.740270
vt 0.769495 0.725905
vt 0.782817 0.725641
vt 0.787483 0.690304
vt 0.801185 0.690111
vt 0.789713 0.694858
vt 0.814653 0.673214
vt 0.046162 0.975368
vt 0.036203 0.975924
vt 0.064124 0.960409
vt 0.035612 0.980888
vt 0.981598 0.052752
vt 0.982972 0.067730
vt 0.976746 0.042126
vt 0.966824 0.014755
vt 0.972918 0.021784
vt 0.928583 0.080253
vt 0.922681 0.101461
vt 0.915122 0.094957
vt 0.906335 0.140076
vt 0.909564 0.117841
vt 0.917559 0.124248
vt 0.919773 0.138954
vt 0.913337 0.148247
vt 0.923586 0.151558
vt 0.911198 0.168741
vt 0.924366 0.167686
vt 0.917532 0.177206
vt 0.924793 0.183043
vt 0.918930 0.191484
vt 0.655823 0.816960
vt 0.652472 0.812173
vt 0.663523 0.812169
vt 0.687071 0.115497
vt 0.692988 0.116838
vt 0.686280 0.121535
vt 0.669504 0.128849
vt 0.669242 0.124460
vt 0.676566 0.123169
vt 0.037700 0.443400
vt 0.040424 0.432040
vt 0.045280 0.440014
vt 0.056392 0.413993
vt 0.053088 0.405063
vt 0.057407 0.391905
vt 0.038632 0.371473
vt 0.039232 0.361635
vt 0.055162 0.371587
vt 0.055067 0.335813
vt 0.052828 0.362081
vt 0.051668 0.336024
vt 0.039486 0.298035
vt 0.049328 0.311614
vt 0.050056 0.322437
vt 0.785950 0.790882
vt 0.790905 0.794093
vt 0.777152 0.792149
vt 0.769925 0.791358
vt 0.774974 0.790710
vt 0.743655 0.080586
vt 0.747795 0.074896
vt 0.752998 0.071913
vt 0.503107 0.522729
vt 0.492889 0.515887
vt 0.505581 0.520581
vt 0.506705 0.527736
vt 0.501236 0.533085
vt 0.503442 0.540111
vt 0.239087 0.097783
vt 0.239883 0.096367
vt 0.741833 0.823212
vt 0.743570 0.824125
vt 0.743156 0.825843
vt 0.746643 0.822288
vt 0.747530 0.815986
vt 0.744740 0.811962
vt 0.745010 0.811365
vt 0.748686 0.811334
vt 0.039760 0.282844
vt 0.035235 0.272151
vt 0.038621 0.271650
vt 0.031404 0.296901
vt 0.035871 0.291516
vt 0.017748 0.298317
vt 0.029273 0.306128
vt 0.024333 0.321368
vt 0.019060 0.331852
vt 0.007715 0.363768
vt 0.012408 0.362076
vt 0.016333 0.389748
vt 0.570205 0.850647
vt 0.567936 0.848278
vt 0.577213 0.846723
vt 0.286687 0.519546
vt 0.307071 0.522073
vt 0.307535 0.526292
vt 0.276425 0.509557
vt 0.278094 0.502407
vt 0.287215 0.513715
vt 0.236626 0.419834
vt 0.231037 0.428888
vt 0.009230 0.127123
vt 0.012676 0.120816
vt 0.546225 0.943466
vt 0.546761 0.931358
vt 0.035603 0.004752
vt 0.033275 0.003708
vt 0.034932 0.002749
vt 0.556825 0.981568
vt 0.553069 0.980057
vt 0.559973 0.979711
vt 0.694681 0.317029
vt 0.682679 0.319692
vt 0.453425 0.930602
vt 0.480275 0.953265
vt 0.469196 0.933773
vt 0.482563 0.950945
vt 0.464199 0.920498
vt 0.472418 0.916171
vt 0.984846 0.814353
vt 0.970364 0.805449
vt 0.987236 0.802638
vt 0.970375 0.816355
vt 0.474250 0.850901
vt 0.480380 0.832878
vt 0.484508 0.800337
vt 0.490559 0.811840
vt 0.467269 0.808810
vt 0.493693 0.769993
vt 0.493069 0.782870
vt 0.480695 0.774856
vt 0.495898 0.744719
vt 0.429656 0.230723
vt 0.420858 0.243755
vt 0.455720 0.085636
vt 0.447637 0.092820
vt 0.442686 0.087339
vt 0.447186 0.078090
vt 0.449226 0.068862
vt 0.448257 0.044973
vt 0.447298 0.052683
vt 0.444381 0.053358
vt 0.443033 0.051792
vt 0.446379 0.044016
vt 0.648743 0.128518
vt 0.649244 0.125525
vt 0.653411 0.122453
vt 0.654444 0.119186
vt 0.655900 0.119778
vt 0.656866 0.121026
vt 0.450724 0.052004
vt 0.459849 0.040930
vt 0.457824 0.042729
vt 0.958894 0.035532
vt 0.425600 0.052957
vt 0.428611 0.058397
vt 0.426348 0.060086
vt 0.424068 0.044926
vt 0.511742 0.151926
vt 0.521040 0.136360
vt 0.620288 0.154536
vt 0.504031 0.165058
vt 0.508262 0.158532
vt 0.509070 0.158810
vt 0.614763 0.158802
vt 0.397591 0.098119
vt 0.393059 0.096416
vt 0.451662 0.110780
vt 0.370881 0.107148
vt 0.367108 0.126806
vt 0.359551 0.147620
vt 0.361730 0.135158
vt 0.355782 0.171354
vt 0.355883 0.159595
vt 0.353842 0.171145
vt 0.930706 0.043650
vt 0.925371 0.045067
vt 0.934109 0.038486
vt 0.104766 0.103886
vt 0.098850 0.101396
vt 0.115465 0.100263
vt 0.890518 0.635952
vt 0.902654 0.635920
vt 0.884301 0.639923
vt 0.916624 0.624155
vt 0.915288 0.629580
vt 0.888088 0.633663
vt 0.923345 0.613844
vt 0.928705 0.622478
vt 0.934762 0.616887
vt 0.959756 0.614578
vt 0.949998 0.616044
vt 0.949776 0.610096
vt 0.960417 0.609590
vt 0.970130 0.612725
vt 0.960147 0.612260
vt 0.970667 0.611568
vt 0.970404 0.610012
vt 0.976282 0.610514
vt 0.818879 0.100241
vt 0.819900 0.100435
vt 0.819304 0.102865
vt 0.822629 0.094970
vt 0.869571 0.080441
vt 0.872811 0.078980
vt 0.870013 0.081998
vt 0.879818 0.070045
vt 0.811949 0.109361
vt 0.806399 0.114552
vt 0.817121 0.100292
vt 0.942402 0.606092
vt 0.950872 0.608061
vt 0.932269 0.609787
vt 0.941724 0.613546
vt 0.885944 0.629454
vt 0.892531 0.618779
vt 0.909102 0.618611
vt 0.067558 0.105572
vt 0.067313 0.102425
vt 0.085374 0.105160
vt 0.084829 0.101991
vt 0.882203 0.088569
vt 0.885529 0.087081
vt 0.879595 0.095973
vt 0.381157 0.255591
vt 0.378205 0.266854
vt 0.376894 0.253263
vt 0.377150 0.286886
vt 0.369779 0.288326
vt 0.374539 0.277773
vt 0.385411 0.279116
vt 0.385732 0.259445
vt 0.378189 0.306261
vt 0.379277 0.298385
vt 0.383631 0.296705
vt 0.424040 0.744289
vt 0.427391 0.750654
vt 0.405837 0.750361
vt 0.405198 0.754002
vt 0.417017 0.755136
vt 0.397594 0.761407
vt 0.407633 0.764148
vt 0.395868 0.768318
vt 0.381270 0.816577
vt 0.384957 0.797894
vt 0.398650 0.807952
vt 0.388475 0.830132
vt 0.403610 0.822805
vt 0.395028 0.861105
vt 0.396277 0.843650
vt 0.409388 0.838307
vt 0.380070 0.899107
vt 0.385523 0.882152
vt 0.402429 0.874730
vt 0.770081 0.324826
vt 0.783966 0.331977
vt 0.366901 0.903490
vt 0.361146 0.891524
vt 0.780480 0.282430
vt 0.788549 0.290955
vt 0.759017 0.273914
vt 0.765292 0.281228
vt 0.061442 0.068307
vt 0.046732 0.067406
vt 0.085312 0.069821
vt 0.125798 0.581151
vt 0.118027 0.572340
vt 0.139253 0.565166
vt 0.129338 0.611331
vt 0.118917 0.606949
vt 0.128289 0.595929
vt 0.111043 0.632769
vt 0.126190 0.629892
vt 0.118370 0.639057
vt 0.805972 0.715710
vt 0.799706 0.710592
vt 0.807934 0.702928
vt 0.812827 0.689473
vt 0.804272 0.697632
vt 0.819162 0.676834
vt 0.281397 0.082085
vt 0.283639 0.071635
vt 0.301074 0.081800
vt 0.898836 0.132372
vt 0.900651 0.147677
vt 0.892039 0.141072
vt 0.891973 0.158670
vt 0.899996 0.166067
vt 0.896076 0.189265
vt 0.236521 0.885403
vt 0.227845 0.893090
vt 0.224455 0.883175
vt 0.965127 0.721559
vt 0.970375 0.718785
vt 0.970105 0.731376
vt 0.942926 0.712191
vt 0.953813 0.715625
vt 0.949663 0.722639
vt 0.105912 0.446006
vt 0.106271 0.455497
vt 0.097228 0.450256
vt 0.112669 0.440380
vt 0.100799 0.427662
vt 0.093006 0.429482
vt 0.894733 0.737592
vt 0.892080 0.732278
vt 0.903711 0.731419
vt 0.836680 0.744770
vt 0.833983 0.749586
vt 0.828990 0.750006
vt 0.823820 0.750877
vt 0.822813 0.754443
vt 0.439091 0.491060
vt 0.427654 0.483194
vt 0.444217 0.491303
vt 0.462734 0.503076
vt 0.457367 0.505546
vt 0.476239 0.511611
vt 0.463257 0.514258
vt 0.466125 0.525283
vt 0.474918 0.517353
vt 0.490752 0.535835
vt 0.481976 0.529485
vt 0.483761 0.519003
vt 0.494407 0.542374
vt 0.506812 0.546098
vt 0.496462 0.550370
vt 0.509019 0.540096
vt 0.421673 0.901076
vt 0.424535 0.902349
vt 0.421792 0.904477
vt 0.747152 0.827835
vt 0.745034 0.828158
vt 0.752224 0.824094
vt 0.748668 0.826705
vt 0.751439 0.818966
vt 0.752876 0.809324
vt 0.752838 0.813686
vt 0.031258 0.276991
vt 0.031244 0.288504
vt 0.026621 0.291475
vt 0.023040 0.295342
vt 0.010606 0.315979
vt 0.007989 0.333772
vt 0.006051 0.355063
vt 0.009502 0.347887
vt 0.602197 0.207677
vt 0.612177 0.202348
vt 0.604350 0.210233
vt 0.806801 0.036159
vt 0.812458 0.029106
vt 0.816043 0.030300
vt 0.355638 0.543583
vt 0.356874 0.547185
vt 0.346457 0.543951
vt 0.350641 0.538377
vt 0.327498 0.533944
vt 0.329647 0.527452
vt 0.328013 0.530757
vt 0.273740 0.458379
vt 0.287462 0.458818
vt 0.282319 0.466732
vt 0.260391 0.412274
vt 0.260594 0.434899
vt 0.248739 0.428160
vt 0.250036 0.403171
vt 0.243582 0.411696
vt 0.232871 0.403519
vt 0.628546 0.399767
vt 0.643838 0.391012
vt 0.645066 0.395852
vt 0.840387 0.820433
vt 0.858289 0.810037
vt 0.859341 0.815313
vt 0.823534 0.841185
vt 0.822541 0.824884
vt 0.834730 0.842803
vt 0.810479 0.855501
vt 0.826164 0.852380
vt 0.825008 0.862071
vt 0.799147 0.866230
vt 0.624021 0.719934
vt 0.623569 0.712449
vt 0.639270 0.711202
vt 0.651232 0.704449
vt 0.652503 0.710885
vt 0.669906 0.674942
vt 0.660737 0.685191
vt 0.652633 0.683286
vt 0.621036 0.041884
vt 0.618579 0.037292
vt 0.627729 0.038095
vt 0.535709 0.076219
vt 0.531994 0.085625
vt 0.527455 0.082832
vt 0.541710 0.052083
vt 0.544802 0.053814
vt 0.523773 0.068477
vt 0.549075 0.042195
vt 0.536985 0.047946
vt 0.878526 0.466799
vt 0.882362 0.460922
vt 0.881052 0.464960
vt 0.882917 0.456643
vt 0.885475 0.455342
vt 0.884127 0.457728
vt 0.874683 0.472009
vt 0.878630 0.463364
vt 0.873941 0.481608
vt 0.878910 0.468753
vt 0.875177 0.482592
vt 0.876872 0.477294
vt 0.150094 0.096465
vt 0.156617 0.095737
vt 0.156695 0.097192
vt 0.157967 0.104381
vt 0.155807 0.101913
vt 0.159181 0.103951
vt 0.154631 0.102972
vt 0.152977 0.101042
vt 0.148706 0.097535
vt 0.149156 0.097148
vt 0.152181 0.101413
vt 0.157925 0.105378
vt 0.171098 0.111094
vt 0.163384 0.107611
vt 0.170702 0.097196
vt 0.170863 0.096074
vt 0.176693 0.095880
vt 0.475661 0.052548
vt 0.481978 0.056764
vt 0.473706 0.054695
vt 0.479620 0.062599
vt 0.472209 0.057860
vt 0.485114 0.068729
vt 0.488423 0.064241
vt 0.583470 0.072230
vt 0.576919 0.067536
vt 0.586870 0.067015
vt 0.522614 0.090314
vt 0.513683 0.102045
vt 0.509187 0.096891
vt 0.640129 0.683196
vt 0.634544 0.679476
vt 0.650977 0.672754
vt 0.604256 0.714574
vt 0.631902 0.693384
vt 0.622694 0.705274
vt 0.603955 0.723164
vt 0.595758 0.736429
vt 0.868735 0.832038
vt 0.854279 0.846538
vt 0.847758 0.838251
vt 0.886495 0.813834
vt 0.868693 0.812904
vt 0.895182 0.800456
vt 0.882092 0.809150
vt 0.867363 0.807700
vt 0.612718 0.403427
vt 0.611921 0.398825
vt 0.009648 0.119504
vt 0.013199 0.116000
vt 0.550214 0.932896
vt 0.548388 0.924237
vt 0.542111 0.932377
vt 0.537298 0.947131
vt 0.530434 0.953881
vt 0.530982 0.935541
vt 0.537068 0.922360
vt 0.528431 0.923986
vt 0.526162 0.908261
vt 0.538341 0.906218
vt 0.543741 0.913494
vt 0.897009 0.806006
vt 0.906644 0.801953
vt 0.907556 0.806183
vt 0.906898 0.813259
vt 0.876915 0.841786
vt 0.887476 0.829424
vt 0.892210 0.838552
vt 0.892458 0.849642
vt 0.862479 0.855034
vt 0.584275 0.763301
vt 0.569440 0.785234
vt 0.560355 0.780293
vt 0.582280 0.753962
vt 0.563157 0.766279
vt 0.583830 0.733670
vt 0.577602 0.746996
vt 0.565965 0.743187
vt 0.565096 0.733169
vt 0.585380 0.723508
vt 0.613137 0.687649
vt 0.610943 0.695741
vt 0.602495 0.690943
vt 0.611188 0.681551
vt 0.685027 0.011188
vt 0.677027 0.006712
vt 0.686461 0.002481
vt 0.671467 0.017774
vt 0.678239 0.023275
vt 0.667835 0.028295
vt 0.488553 0.125423
vt 0.495085 0.127775
vt 0.485906 0.141175
vt 0.495174 0.115454
vt 0.484763 0.119434
vt 0.463014 0.079682
vt 0.459949 0.068389
vt 0.471789 0.072133
vt 0.469494 0.062538
vt 0.462892 0.058482
vt 0.455932 0.057675
vt 0.459448 0.052643
vt 0.466373 0.053081
vt 0.461697 0.049932
vt 0.637309 0.014191
vt 0.631644 0.005080
vt 0.640301 0.006731
vt 0.469334 0.153932
vt 0.464484 0.147927
vt 0.471140 0.137992
vt 0.470146 0.165355
vt 0.463521 0.163385
vt 0.466377 0.181482
vt 0.456996 0.186865
vt 0.460683 0.190775
vt 0.613770 0.024641
vt 0.604689 0.020239
vt 0.613556 0.017652
vt 0.591285 0.702226
vt 0.567838 0.703678
vt 0.587232 0.695717
vt 0.555142 0.726967
vt 0.546227 0.711931
vt 0.546138 0.765453
vt 0.536826 0.759123
vt 0.548984 0.752345
vt 0.523899 0.779312
vt 0.540445 0.781177
vt 0.528768 0.788861
vt 0.535238 0.797705
vt 0.936868 0.815924
vt 0.929761 0.829771
vt 0.929145 0.815647
vt 0.953305 0.805994
vt 0.944796 0.816609
vt 0.945051 0.805171
vt 0.540324 0.897373
vt 0.534905 0.888617
vt 0.543996 0.888696
vt 0.519941 0.900230
vt 0.511391 0.911062
vt 0.539849 0.971689
vt 0.526798 0.967230
vt 0.560142 0.977468
vt 0.995809 0.032821
vt 0.997664 0.032485
vt 0.997862 0.038228
vt 0.004821 0.062522
vt 0.003135 0.064085
vt 0.002147 0.050450
vt 0.485222 0.945279
vt 0.500376 0.961471
vt 0.492355 0.936449
vt 0.497459 0.949788
vt 0.484236 0.920735
vt 0.480186 0.912125
vt 0.497108 0.915456
vt 0.489544 0.908675
vt 0.502157 0.904702
vt 0.497529 0.896873
vt 0.510619 0.893530
vt 0.506298 0.886017
vt 0.515719 0.883989
vt 0.526540 0.889914
vt 0.503792 0.938246
vt 0.499814 0.924080
vt 0.516488 0.937116
vt 0.505511 0.947386
vt 0.520681 0.958649
vt 0.511111 0.963015
vt 0.535104 0.974671
vt 0.544266 0.979846
vt 0.533397 0.976410
vt 0.551053 0.978179
vt 0.997783 0.025306
vt 0.004486 0.050762
vt 0.525978 0.973644
vt 0.509209 0.965955
vt 0.503588 0.966466
vt 0.623790 0.357433
vt 0.626521 0.358655
vt 0.622505 0.362446
vt 0.524931 0.976745
vt 0.525428 0.979141
vt 0.519686 0.977677
vt 0.928057 0.843456
vt 0.945068 0.842154
vt 0.499907 0.806336
vt 0.500363 0.821220
vt 0.503659 0.790824
vt 0.512216 0.760679
vt 0.518110 0.770042
vt 0.508337 0.775464
vt 0.517446 0.746189
vt 0.525074 0.753931
vt 0.526959 0.741292
vt 0.523285 0.731751
vt 0.535537 0.725306
vt 0.530539 0.719006
vt 0.447198 0.190567
vt 0.457332 0.173707
vt 0.591383 0.030363
vt 0.586540 0.025892
vt 0.595706 0.022994
vt 0.519007 0.794983
vt 0.524566 0.804897
vt 0.509293 0.800880
vt 0.127962 0.099343
vt 0.128189 0.101645
vt 0.117720 0.102848
vt 0.135368 0.101239
vt 0.133967 0.098894
vt 0.139384 0.098462
vt 0.971674 0.614664
vt 0.967821 0.617207
vt 0.981433 0.612291
vt 0.986511 0.610967
vt 0.986637 0.613035
vt 0.823095 0.097567
vt 0.824795 0.094123
vt 0.826041 0.094094
vt 0.825564 0.091332
vt 0.822402 0.093560
vt 0.825098 0.089575
vt 0.995237 0.614408
vt 0.882292 0.069884
vt 0.883070 0.066697
vt 0.804509 0.119982
vt 0.801659 0.120742
vt 0.801185 0.124398
vt 0.803015 0.124568
vt 0.945831 0.605115
vt 0.945433 0.601308
vt 0.951542 0.604728
vt 0.935909 0.600979
vt 0.875683 0.628573
vt 0.884117 0.623640
vt 0.868894 0.099979
vt 0.866017 0.097540
vt 0.872944 0.090202
vt 0.882584 0.084369
vt 0.372184 0.240216
vt 0.367739 0.248344
vt 0.368827 0.238511
vt 0.354327 0.251124
vt 0.363543 0.257834
vt 0.369170 0.261419
vt 0.359480 0.268966
vt 0.366180 0.312084
vt 0.357142 0.309806
vt 0.368669 0.300716
vt 0.375857 0.297783
vt 0.365661 0.324077
vt 0.370565 0.314177
vt 0.424363 0.740171
vt 0.413735 0.742736
vt 0.388929 0.756613
vt 0.352432 0.772101
vt 0.360735 0.768433
vt 0.361369 0.773733
vt 0.340102 0.445733
vt 0.334426 0.438838
vt 0.337145 0.436585
vt 0.343713 0.455255
vt 0.337286 0.448873
vt 0.352961 0.465692
vt 0.341073 0.458424
vt 0.338487 0.462343
vt 0.345876 0.468232
vt 0.366489 0.487430
vt 0.356159 0.488931
vt 0.347351 0.484639
vt 0.382025 0.502077
vt 0.363409 0.500224
vt 0.365598 0.493478
vt 0.358269 0.507254
vt 0.375124 0.518638
vt 0.386834 0.515200
vt 0.384262 0.522056
vt 0.395656 0.518781
vt 0.384387 0.537085
vt 0.381851 0.529724
vt 0.392067 0.529697
vt 0.415327 0.544265
vt 0.401244 0.536086
vt 0.419069 0.538102
vt 0.434406 0.548281
vt 0.417165 0.549330
vt 0.441282 0.557486
vt 0.425899 0.557797
vt 0.432024 0.553998
vt 0.467331 0.561932
vt 0.474760 0.562962
vt 0.467135 0.564321
vt 0.467111 0.876649
vt 0.473975 0.876840
vt 0.466656 0.879949
vt 0.532790 0.264856
vt 0.535880 0.266914
vt 0.524714 0.272657
vt 0.523452 0.269293
vt 0.532573 0.262412
vt 0.012137 0.287360
vt 0.005849 0.300334
vt 0.011357 0.283622
vt 0.016198 0.276709
vt 0.019675 0.280274
vt 0.028565 0.272180
vt 0.026633 0.279397
vt 0.257327 0.093629
vt 0.255433 0.091249
vt 0.261408 0.089441
vt 0.433461 0.895949
vt 0.427270 0.896505
vt 0.438769 0.888424
vt 0.519060 0.270903
vt 0.494322 0.554854
vt 0.501844 0.554395
vt 0.492857 0.559035
vt 0.479859 0.555434
vt 0.476868 0.558929
vt 0.460885 0.552179
vt 0.443264 0.553200
vt 0.451582 0.550076
vt 0.435853 0.542454
vt 0.443179 0.549573
vt 0.423810 0.534309
vt 0.416370 0.524830
vt 0.409213 0.529831
vt 0.404923 0.521408
vt 0.402144 0.503733
vt 0.409328 0.510594
vt 0.397997 0.512922
vt 0.385184 0.496386
vt 0.391403 0.504555
vt 0.354362 0.473954
vt 0.374834 0.480600
vt 0.376796 0.486904
vt 0.367454 0.466146
vt 0.375126 0.471684
vt 0.361452 0.469030
vt 0.348019 0.787896
vt 0.356995 0.788955
vt 0.345140 0.800759
vt 0.358168 0.801240
vt 0.364807 0.824880
vt 0.368700 0.807618
vt 0.334534 0.900412
vt 0.330113 0.887772
vt 0.342461 0.897854
vt 0.793648 0.270144
vt 0.800533 0.279866
vt 0.090477 0.078858
vt 0.089651 0.088284
vt 0.079383 0.077502
vt 0.106413 0.070849
vt 0.102250 0.592614
vt 0.103441 0.625448
vt 0.095487 0.618393
vt 0.103179 0.609029
vt 0.818168 0.715389
vt 0.810620 0.724328
vt 0.846406 0.671869
vt 0.836236 0.680111
vt 0.832458 0.674176
vt 0.874400 0.144947
vt 0.885787 0.131752
vt 0.874243 0.162784
vt 0.882021 0.171272
vt 0.890684 0.178211
vt 0.873796 0.200541
vt 0.287777 0.838755
vt 0.281087 0.848440
vt 0.277839 0.844026
vt 0.979075 0.722261
vt 0.974060 0.714695
vt 0.939149 0.695866
vt 0.933711 0.701390
vt 0.912535 0.716124
vt 0.916618 0.702097
vt 0.922134 0.704551
vt 0.912997 0.698790
vt 0.907714 0.706667
vt 0.882337 0.722764
vt 0.890799 0.713597
vt 0.891854 0.718482
vt 0.868832 0.738270
vt 0.867458 0.727291
vt 0.877732 0.732671
vt 0.412566 0.478823
vt 0.407098 0.472733
vt 0.415447 0.477003
vt 0.434639 0.492002
vt 0.473105 0.530773
vt 0.485626 0.541609
vt 0.490081 0.549003
vt 0.504247 0.550072
vt 0.429022 0.899081
vt 0.424397 0.898616
vt 0.253879 0.094295
vt 0.023392 0.271999
vt 0.018823 0.272100
vt 0.021277 0.269127
vt 0.467108 0.546706
vt 0.453358 0.537121
vt 0.436232 0.534680
vt 0.444626 0.539258
vt 0.427273 0.517496
vt 0.437897 0.528930
vt 0.421632 0.520636
vt 0.420950 0.507618
vt 0.411889 0.507450
vt 0.413015 0.501854
vt 0.405808 0.492802
vt 0.404268 0.498985
vt 0.393013 0.480791
vt 0.389612 0.486260
vt 0.385921 0.471979
vt 0.382873 0.478003
vt 0.374524 0.466136
vt 0.899724 0.691811
vt 0.904566 0.685101
vt 0.906750 0.685749
vt 0.912084 0.671033
vt 0.911056 0.678646
vt 0.908046 0.677997
vt 0.340953 0.785754
vt 0.343344 0.781451
vt 0.334132 0.807433
vt 0.340570 0.796191
vt 0.336990 0.825391
vt 0.333434 0.816270
vt 0.346934 0.820025
vt 0.329351 0.842755
vt 0.344309 0.835250
vt 0.335372 0.854816
vt 0.344343 0.850762
vt 0.353281 0.846756
vt 0.358581 0.860973
vt 0.333105 0.871484
vt 0.323446 0.875248
vt 0.814848 0.265660
vt 0.826744 0.270531
vt 0.817100 0.280849
vt 0.792636 0.255183
vt 0.787707 0.244792
vt 0.803563 0.244007
vt 0.155554 0.072150
vt 0.079970 0.620830
vt 0.862169 0.673715
vt 0.853139 0.682458
vt 0.849927 0.677653
vt 0.871383 0.663785
vt 0.859153 0.667619
vt 0.857684 0.664251
vt 0.873611 0.045859
vt 0.865457 0.042498
vt 0.874134 0.042935
vt 0.864387 0.046666
vt 0.236517 0.072730
vt 0.238870 0.083626
vt 0.193018 0.083208
vt 0.237301 0.093985
vt 0.192917 0.093628
vt 0.859160 0.200115
vt 0.270447 0.934742
vt 0.263947 0.927299
vt 0.274276 0.923306
vt 0.285190 0.853784
vt 0.299469 0.846893
vt 0.300414 0.837883
vt 0.324025 0.801460
vt 0.320843 0.808197
vt 0.315373 0.807114
vt 0.918048 0.681212
vt 0.926736 0.676768
vt 0.926239 0.685709
vt 0.913884 0.688874
vt 0.917467 0.690632
vt 0.907275 0.695496
vt 0.901844 0.702675
vt 0.894605 0.698306
vt 0.398335 0.469143
vt 0.394483 0.471287
vt 0.389792 0.464788
vt 0.394724 0.475785
vt 0.409751 0.480783
vt 0.412377 0.485483
vt 0.426704 0.494086
vt 0.417568 0.492004
vt 0.446810 0.531611
vt 0.463326 0.531883
vt 0.445110 0.518037
vt 0.432610 0.510421
vt 0.320273 0.814884
vt 0.321993 0.833734
vt 0.319200 0.824530
vt 0.838357 0.275086
vt 0.832848 0.281668
vt 0.817149 0.212615
vt 0.832000 0.213100
vt 0.812742 0.234180
vt 0.176033 0.072319
vt 0.040168 0.688427
vt 0.044391 0.679080
vt 0.050612 0.684386
vt 0.874602 0.673703
vt 0.882159 0.667035
vt 0.882019 0.675055
vt 0.866598 0.037885
vt 0.200078 0.072540
vt 0.829903 0.249818
vt 0.842639 0.253346
vt 0.835881 0.260510
vt 0.847798 0.264099
vt 0.839812 0.221846
vt 0.833401 0.228901
vt 0.022999 0.284388
vt 0.018020 0.287382
vt 0.004751 0.335390
vt 0.004813 0.315727
vt 0.568758 0.242259
vt 0.565360 0.240389
vt 0.577915 0.230440
vt 0.003192 0.353603
vt 0.583483 0.234842
vt 0.582089 0.231532
vt 0.511820 0.862392
vt 0.502787 0.861615
vt 0.512485 0.858264
vt 0.387163 0.552091
vt 0.397227 0.557315
vt 0.386791 0.556491
vt 0.378283 0.544648
vt 0.377060 0.550307
vt 0.367095 0.548454
vt 0.359790 0.536770
vt 0.340355 0.526898
vt 0.349813 0.532126
vt 0.330517 0.523381
vt 0.286873 0.440168
vt 0.307964 0.431731
vt 0.292655 0.451133
vt 0.277627 0.433372
vt 0.267494 0.402950
vt 0.276244 0.414228
vt 0.796019 0.840224
vt 0.793415 0.858262
vt 0.761850 0.869683
vt 0.778655 0.860071
vt 0.789410 0.867544
vt 0.759682 0.877073
vt 0.771971 0.876452
vt 0.662153 0.705159
vt 0.673085 0.698217
vt 0.666962 0.709185
vt 0.684573 0.684318
vt 0.667916 0.694568
vt 0.664572 0.689689
vt 0.680493 0.680874
vt 0.688054 0.671333
vt 0.691433 0.664553
vt 0.020975 0.125384
vt 0.024847 0.134001
vt 0.020387 0.134452
vt 0.542202 0.066936
vt 0.547361 0.055952
vt 0.553751 0.045144
vt 0.550959 0.056156
vt 0.561826 0.021089
vt 0.559507 0.033820
vt 0.555313 0.031655
vt 0.581812 0.093116
vt 0.576114 0.101690
vt 0.578968 0.091157
vt 0.572739 0.112394
vt 0.580241 0.104603
vt 0.563255 0.119878
vt 0.567059 0.122529
vt 0.559752 0.132191
vt 0.561490 0.133572
vt 0.169936 0.004100
vt 0.172108 0.004975
vt 0.169709 0.006220
vt 0.871494 0.491666
vt 0.871072 0.486135
vt 0.873282 0.492545
vt 0.874201 0.487449
vt 0.872366 0.503342
vt 0.701474 0.115716
vt 0.702025 0.117515
vt 0.697747 0.119077
vt 0.972443 0.618761
vt 0.981387 0.616147
vt 0.981584 0.618059
vt 0.962379 0.620529
vt 0.973677 0.620193
vt 0.179563 0.115583
vt 0.171852 0.112832
vt 0.180967 0.097378
vt 0.953719 0.621852
vt 0.986661 0.616274
vt 0.985673 0.614542
vt 0.691938 0.011931
vt 0.692436 0.012063
vt 0.798249 0.122366
vt 0.801966 0.118053
vt 0.935258 0.598897
vt 0.933891 0.603408
vt 0.927228 0.598378
vt 0.921652 0.598739
vt 0.920663 0.601262
vt 0.916611 0.605521
vt 0.924866 0.604536
vt 0.895686 0.599859
vt 0.895258 0.607380
vt 0.877027 0.601279
vt 0.886149 0.598306
vt 0.885324 0.606680
vt 0.871516 0.589656
vt 0.875432 0.586124
vt 0.890007 0.592864
vt 0.912204 0.592293
vt 0.771931 0.157980
vt 0.771829 0.154289
vt 0.776340 0.153698
vt 0.913645 0.590411
vt 0.908062 0.587560
vt 0.891285 0.577272
vt 0.896601 0.583779
vt 0.896051 0.587629
vt 0.879508 0.579983
vt 0.885769 0.584645
vt 0.875835 0.572631
vt 0.881868 0.568171
vt 0.872116 0.565727
vt 0.878241 0.562716
vt 0.670109 0.152197
vt 0.666345 0.151939
vt 0.675067 0.141948
vt 0.873177 0.547899
vt 0.873570 0.527451
vt 0.875547 0.542423
vt 0.870413 0.526968
vt 0.863989 0.525646
vt 0.866400 0.513478
vt 0.864808 0.505975
vt 0.856611 0.509663
vt 0.862821 0.491828
vt 0.852031 0.501020
vt 0.875847 0.455003
vt 0.876923 0.455397
vt 0.870360 0.460288
vt 0.004713 0.110484
vt 0.005565 0.111671
vt 0.004946 0.114315
vt 0.003929 0.119988
vt 0.003681 0.125053
vt 0.005311 0.124961
vt 0.005342 0.119960
vt 0.460396 0.230872
vt 0.466681 0.226166
vt 0.463713 0.229941
vt 0.861031 0.474691
vt 0.853541 0.480053
vt 0.865947 0.465102
vt 0.850010 0.492275
vt 0.855650 0.491882
vt 0.855879 0.522937
vt 0.849480 0.512911
vt 0.860746 0.532237
vt 0.867337 0.539300
vt 0.859946 0.551969
vt 0.860265 0.543760
vt 0.866507 0.551019
vt 0.863202 0.570192
vt 0.864295 0.559834
vt 0.857447 0.622459
vt 0.848306 0.622591
vt 0.857573 0.616037
vt 0.848345 0.629155
vt 0.839321 0.634984
vt 0.838708 0.630894
vt 0.828833 0.640496
vt 0.829037 0.636683
vt 0.826971 0.645964
vt 0.819236 0.641666
vt 0.880342 0.033426
vt 0.875000 0.030786
vt 0.875907 0.024553
vt 0.879877 0.023944
vt 0.884353 0.034542
vt 0.502492 0.028752
vt 0.504759 0.031339
vt 0.498419 0.030489
vt 0.947099 0.015312
vt 0.944321 0.013639
vt 0.947131 0.010071
vt 0.346296 0.274563
vt 0.328430 0.319526
vt 0.327910 0.301593
vt 0.345220 0.292830
vt 0.332289 0.332677
vt 0.346461 0.310143
vt 0.353357 0.333790
vt 0.348874 0.323207
vt 0.358181 0.330308
vt 0.361412 0.334710
vt 0.349157 0.370496
vt 0.343745 0.370298
vt 0.355561 0.359189
vt 0.390931 0.750207
vt 0.379047 0.753971
vt 0.336879 0.409537
vt 0.334106 0.404682
vt 0.339401 0.400995
vt 0.326842 0.399721
vt 0.330183 0.406380
vt 0.325097 0.410896
vt 0.325032 0.462974
vt 0.334596 0.467531
vt 0.330554 0.473350
vt 0.339008 0.479255
vt 0.342620 0.473380
vt 0.364406 0.523705
vt 0.363923 0.528976
vt 0.388538 0.546346
vt 0.385067 0.541783
vt 0.407776 0.548047
vt 0.402808 0.552787
vt 0.413741 0.560379
vt 0.416443 0.563558
vt 0.426034 0.561388
vt 0.418499 0.566343
vt 0.443088 0.563748
vt 0.464219 0.874108
vt 0.471319 0.871213
vt 0.010214 0.305448
vt 0.558066 0.243277
vt 0.553096 0.250328
vt 0.570256 0.245301
vt 0.316158 0.439813
vt 0.323989 0.447745
vt 0.314934 0.458215
vt 0.302720 0.456239
vt 0.293887 0.416319
vt 0.331204 0.349066
vt 0.325365 0.359977
vt 0.316536 0.355056
vt 0.729421 0.370932
vt 0.749256 0.366461
vt 0.793279 0.825455
vt 0.780290 0.833404
vt 0.776170 0.829281
vt 0.710122 0.887613
vt 0.719394 0.881500
vt 0.717888 0.887006
vt 0.717675 0.665513
vt 0.721967 0.667314
vt 0.713471 0.672374
vt 0.718693 0.660359
vt 0.718552 0.655331
vt 0.728161 0.655444
vt 0.753694 0.638935
vt 0.738614 0.650205
vt 0.736667 0.646792
vt 0.564899 0.036585
vt 0.573627 0.026129
vt 0.568138 0.038398
vt 0.794270 0.569836
vt 0.789559 0.580291
vt 0.784922 0.578337
vt 0.555579 0.115408
vt 0.560116 0.117980
vt 0.551204 0.126162
vt 0.793419 0.553649
vt 0.788344 0.567268
vt 0.785662 0.566119
vt 0.539197 0.152408
vt 0.544299 0.139807
vt 0.549416 0.139897
vt 0.170261 0.003347
vt 0.171876 0.003784
vt 0.881375 0.455116
vt 0.877104 0.457971
vt 0.880441 0.453905
vt 0.869648 0.514490
vt 0.872282 0.516032
vt 0.888121 0.571279
vt 0.684433 0.135743
vt 0.862094 0.476168
vt 0.867456 0.471215
vt 0.866266 0.481578
vt 0.878844 0.459567
vt 0.843447 0.507789
vt 0.847984 0.524702
vt 0.836655 0.500847
vt 0.832871 0.500879
vt 0.846489 0.485315
vt 0.843240 0.486465
vt 0.492359 0.201700
vt 0.495340 0.201087
vt 0.480968 0.213700
vt 0.491499 0.207030
vt 0.005476 0.151834
vt 0.490985 0.209621
vt 0.499897 0.201721
vt 0.517083 0.180371
vt 0.508829 0.190680
vt 0.504602 0.191963
vt 0.517927 0.176407
vt 0.508469 0.185362
vt 0.804867 0.537747
vt 0.817252 0.514747
vt 0.821335 0.513894
vt 0.806161 0.542018
vt 0.823385 0.516860
vt 0.802059 0.557877
vt 0.811900 0.542134
vt 0.821963 0.601516
vt 0.812403 0.599188
vt 0.822153 0.593505
vt 0.833326 0.605148
vt 0.835395 0.595370
vt 0.818688 0.617208
vt 0.817469 0.610862
vt 0.837444 0.619949
vt 0.838978 0.612025
vt 0.825941 0.628207
vt 0.808464 0.625631
vt 0.020652 0.087117
vt 0.030109 0.083980
vt 0.030003 0.088584
vt 0.867162 0.338173
vt 0.868662 0.342843
vt 0.858165 0.345335
vt 0.656615 0.865591
vt 0.665463 0.862936
vt 0.655929 0.870175
vt 0.893448 0.008168
vt 0.881661 0.002199
vt 0.893862 0.001856
vt 0.011275 0.089919
vt 0.002245 0.088494
vt 0.011412 0.085266
vt 0.645602 0.877557
vt 0.646346 0.872773
vt 0.655323 0.874893
vt 0.011668 0.080424
vt 0.801419 0.605692
vt 0.804654 0.609940
vt 0.793712 0.616026
vt 0.777563 0.630525
vt 0.770816 0.629891
vt 0.782453 0.622895
vt 0.768116 0.639175
vt 0.676088 0.887758
vt 0.662220 0.884057
vt 0.674400 0.883007
vt 0.694323 0.883468
vt 0.684790 0.878315
vt 0.700266 0.877949
vt 0.702448 0.870620
vt 0.691308 0.865561
vt 0.706860 0.860721
vt 0.702290 0.855194
vt 0.709148 0.851621
vt 0.739596 0.653446
vt 0.750293 0.647922
vt 0.552329 0.149548
vt 0.543609 0.156488
vt 0.554320 0.143348
vt 0.552781 0.142188
vt 0.556002 0.129309
vt 0.568897 0.023912
vt 0.564461 0.079705
vt 0.571948 0.071322
vt 0.567473 0.082271
vt 0.606063 0.034839
vt 0.608249 0.038328
vt 0.594054 0.042806
vt 0.691798 0.674780
vt 0.707485 0.666254
vt 0.692631 0.685322
vt 0.690658 0.692765
vt 0.748345 0.870813
vt 0.761029 0.861847
vt 0.803378 0.823122
vt 0.797610 0.829759
vt 0.285359 0.361727
vt 0.284096 0.346743
vt 0.300103 0.358499
vt 0.296542 0.385748
vt 0.279050 0.370653
vt 0.263301 0.386131
vt 0.272268 0.379376
vt 0.273829 0.394589
vt 0.741755 0.839024
vt 0.750482 0.839095
vt 0.740621 0.842494
vt 0.317889 0.313823
vt 0.320940 0.330156
vt 0.344373 0.341631
vt 0.342166 0.357276
vt 0.338305 0.391071
vt 0.343098 0.381283
vt 0.838800 0.625890
vt 0.764877 0.156916
vt 0.762420 0.162724
vt 0.283926 0.404103
vt 0.875384 0.617386
vt 0.876057 0.608348
vt 0.978407 0.613595
vt 0.934855 0.624440
vt 0.497741 0.526116
vt 0.466293 0.507705
vt 0.498699 0.004544
vt 0.484329 0.002077
vt 0.507322 0.001882
vt 0.811038 0.767030
vt 0.823417 0.757819
vt 0.813136 0.769641
vt 0.824040 0.767215
vt 0.834420 0.767151
vt 0.841362 0.753204
vt 0.846549 0.759080
vt 0.879472 0.740458
vt 0.081442 0.425239
vt 0.087476 0.420744
vt 0.069399 0.458534
vt 0.069159 0.441553
vt 0.078358 0.439214
vt 0.080820 0.458248
vt 0.081487 0.469045
vt 0.982702 0.760678
vt 0.975390 0.754300
vt 0.980954 0.743055
vt 0.974349 0.744963
vt 0.989681 0.765385
vt 0.989807 0.754115
vt 0.209444 0.858949
vt 0.210992 0.849362
vt 0.214797 0.852456
vt 0.047991 0.482054
vt 0.043006 0.495475
vt 0.045543 0.471120
vt 0.053526 0.470945
vt 0.056817 0.446048
vt 0.052914 0.457541
vt 0.046786 0.449428
vt 0.055370 0.427630
vt 0.069390 0.418449
vt 0.063398 0.432684
vt 0.065113 0.409508
vt 0.061574 0.400686
vt 0.873283 0.751018
vt 0.867322 0.761993
vt 0.859272 0.760880
vt 0.061128 0.367894
vt 0.061562 0.352702
vt 0.066379 0.366246
vt 0.855826 0.757111
vt 0.851026 0.766669
vt 0.800575 0.775699
vt 0.804318 0.777558
vt 0.794647 0.784027
vt 0.782870 0.785663
vt 0.777484 0.786963
vt 0.757593 0.065042
vt 0.759442 0.065532
vt 0.061418 0.465455
vt 0.231591 0.870877
vt 0.231376 0.863966
vt 0.237824 0.868952
vt 0.373736 0.782739
vt 0.369024 0.790066
vt 0.495276 0.174472
vt 0.499130 0.169834
vt 0.496343 0.175303
vt 0.500025 0.170778
vt 0.648218 0.003770
vt 0.653162 0.004044
vt 0.647255 0.004675
vt 0.743525 0.082798
vt 0.747199 0.079506
vt 0.037006 0.451582
vt 0.040858 0.451743
vt 0.923563 0.116918
vt 0.907430 0.074324
vt 0.910035 0.074405
vt 0.909062 0.076834
vt 0.456673 0.033426
vt 0.453321 0.029514
vt 0.455041 0.030805
vt 0.454267 0.027723
vt 0.036752 0.001879
vt 0.038495 0.001987
vt 0.037169 0.003532
vt 0.005096 0.078563
vt 0.957527 0.002301
vt 0.959298 0.002773
vt 0.957705 0.003168
vt 0.955927 0.003034
vt 0.970712 0.006269
vt 0.114570 0.791204
vt 0.119947 0.778369
vt 0.123008 0.788108
vt 0.106360 0.797049
vt 0.132981 0.832580
vt 0.128147 0.820900
vt 0.118171 0.824061
vt 0.139063 0.826458
vt 0.144043 0.810983
vt 0.147340 0.831673
vt 0.991219 0.010118
vt 0.997020 0.012711
vt 0.995247 0.015510
vt 0.989740 0.017160
vt 0.690193 0.841076
vt 0.702415 0.837334
vt 0.703351 0.840366
vt 0.691980 0.844759
vt 0.992111 0.021257
vt 0.997070 0.020777
vt 0.838071 0.357728
vt 0.836092 0.353214
vt 0.847501 0.352077
vt 0.848852 0.357050
vt 0.899494 0.006615
vt 0.898981 0.008836
vt 0.897198 0.007573
vt 0.897479 0.005454
vt 0.833540 0.348280
vt 0.836186 0.347800
vt 0.836063 0.349195
vt 0.834209 0.350273
vt 0.980665 0.003043
vt 0.979367 0.004982
vt 0.977854 0.003759
vt 0.978069 0.002332
vt 0.879694 0.129286
vt 0.879446 0.131773
vt 0.878102 0.131745
vt 0.877490 0.130347
vt 0.115888 0.010948
vt 0.116896 0.012213
vt 0.113775 0.012115
vt 0.753889 0.129166
vt 0.749976 0.141283
vt 0.755124 0.141703
vt 0.757486 0.131110
vt 0.852869 0.090813
vt 0.849473 0.080950
vt 0.854080 0.081593
vt 0.743946 0.146506
vt 0.842569 0.085784
vt 0.604118 0.072868
vt 0.611783 0.072143
vt 0.609158 0.078919
vt 0.604409 0.078352
vt 0.909910 0.006259
vt 0.910003 0.015493
vt 0.903818 0.014743
vt 0.902976 0.006407
vt 0.613810 0.080347
vt 0.617211 0.075212
vt 0.918964 0.011753
vt 0.917758 0.004939
vt 0.621218 0.066458
vt 0.624678 0.069263
vt 0.795443 0.167619
vt 0.818059 0.191964
vt 0.817460 0.189608
vt 0.814782 0.195249
vt 0.640309 0.281738
vt 0.627178 0.279131
vt 0.732326 0.211338
vt 0.741214 0.206649
vt 0.628163 0.285584
vt 0.639870 0.285523
vt 0.618756 0.270538
vt 0.613479 0.280727
vt 0.609201 0.274353
vt 0.635089 0.261169
vt 0.616369 0.286226
vt 0.338671 0.030479
vt 0.340761 0.036548
vt 0.329185 0.036545
vt 0.329224 0.029259
vt 0.889575 0.475466
vt 0.886885 0.469772
vt 0.897100 0.469774
vt 0.897789 0.473289
vt 0.897922 0.463300
vt 0.889802 0.461314
vt 0.553247 0.541482
vt 0.560572 0.533603
vt 0.566545 0.540180
vt 0.557651 0.549572
vt 0.573826 0.530084
vt 0.575149 0.540437
vt 0.568824 0.528603
vt 0.564954 0.526440
vt 0.494287 0.322423
vt 0.490216 0.310235
vt 0.498587 0.308231
vt 0.499587 0.322442
vt 0.043737 0.138860
vt 0.041591 0.137870
vt 0.045352 0.137624
vt 0.363818 0.075794
vt 0.505545 0.312644
vt 0.503055 0.323211
vt 0.511841 0.299044
vt 0.505171 0.293463
vt 0.210140 0.315705
vt 0.210610 0.327013
vt 0.197467 0.322137
vt 0.195442 0.313310
vt 0.224649 0.319771
vt 0.230916 0.328186
vt 0.141201 0.435749
vt 0.134338 0.420374
vt 0.126730 0.643279
vt 0.132627 0.628378
vt 0.142482 0.642785
vt 0.135319 0.652284
vt 0.150431 0.635740
vt 0.145303 0.621375
vt 0.723516 0.471959
vt 0.731359 0.464527
vt 0.737044 0.473397
vt 0.729569 0.480045
vt 0.523953 0.374923
vt 0.519348 0.382000
vt 0.511177 0.372750
vt 0.519102 0.368662
vt 0.508394 0.362706
vt 0.515385 0.362504
vt 0.385907 0.570762
vt 0.395721 0.570841
vt 0.372738 0.033047
vt 0.401868 0.572943
vt 0.773555 0.037510
vt 0.714955 0.036866
vt 0.696806 0.048229
vt 0.723101 0.026739
vt 0.692572 0.044430
vt 0.682326 0.049878
vt 0.709191 0.029467
vt 0.658079 0.055661
vt 0.655099 0.050727
vt 0.666102 0.045217
vt 0.870754 0.418727
vt 0.867902 0.413730
vt 0.865331 0.408554
vt 0.860199 0.424985
vt 0.856929 0.419235
vt 0.853088 0.413913
vt 0.849416 0.408276
vt 0.866035 0.401809
vt 0.830244 0.415278
vt 0.832383 0.422325
vt 0.846067 0.424449
vt 0.838693 0.404706
vt 0.850845 0.400764
vt 0.822182 0.410865
vt 0.278910 0.659318
vt 0.261625 0.664247
vt 0.264410 0.656202
vt 0.277129 0.652647
vt 0.819768 0.419617
vt 0.265727 0.647888
vt 0.239337 0.647234
vt 0.261707 0.640260
vt 0.236596 0.638613
vt 0.195110 0.654523
vt 0.200397 0.614945
vt 0.113281 0.468916
vt 0.145229 0.517986
vt 0.978213 0.505902
vt 0.981818 0.508582
vt 0.117623 0.512159
vt 0.107498 0.504850
vt 0.087791 0.515417
vt 0.100375 0.493550
vt 0.095662 0.524017
vt 0.223981 0.607830
vt 0.251475 0.633554
vt 0.283083 0.633834
vt 0.287860 0.639107
vt 0.290544 0.648707
vt 0.291561 0.655663
vt 0.296688 0.638752
vt 0.890700 0.390451
vt 0.870610 0.393791
vt 0.905792 0.388162
vt 0.907964 0.392254
vt 0.909877 0.396247
vt 0.918024 0.386723
vt 0.919916 0.390523
vt 0.697738 0.030534
vt 0.708015 0.025055
vt 0.720910 0.023150
vt 0.719173 0.019528
vt 0.734407 0.021270
vt 0.732863 0.017693
vt 0.410632 0.058568
vt 0.746563 0.017092
vt 0.788264 0.028522
vt 0.355568 0.030732
vt 0.347934 0.039719
vt 0.709887 0.067405
vt 0.715996 0.074470
vt 0.729989 0.073828
vt 0.682280 0.065706
vt 0.647714 0.062154
vt 0.873904 0.423754
vt 0.864040 0.430633
vt 0.637669 0.068893
vt 0.854021 0.437515
vt 0.849722 0.431111
vt 0.839223 0.437236
vt 0.835276 0.429744
vt 0.824531 0.435220
vt 0.828641 0.443560
vt 0.821806 0.427039
vt 0.807054 0.417484
vt 0.784898 0.427630
vt 0.784221 0.420445
vt 0.207501 0.674448
vt 0.175494 0.662984
vt 0.178093 0.670822
vt 0.189808 0.673665
vt 0.166429 0.668100
vt 0.145024 0.667732
vt 0.128856 0.661409
vt 0.137622 0.673826
vt 0.116906 0.664405
vt 0.121801 0.654634
vt 0.122831 0.669746
vt 0.129694 0.678462
vt 0.117238 0.677593
vt 0.121084 0.682009
vt 0.125972 0.689248
vt 0.117873 0.692224
vt 0.121687 0.698458
vt 0.114448 0.701671
vt 0.134020 0.685871
vt 0.394573 0.190097
vt 0.388652 0.197292
vt 0.386713 0.194292
vt 0.392595 0.187431
vt 0.129051 0.694906
vt 0.381473 0.201994
vt 0.378754 0.197309
vt 0.384519 0.191258
vt 0.390419 0.184778
vt 0.398543 0.180273
vt 0.396415 0.177898
vt 0.381908 0.188464
vt 0.388122 0.182419
vt 0.394453 0.175961
vt 0.592482 0.337425
vt 0.583770 0.340973
vt 0.582605 0.338427
vt 0.574405 0.342335
vt 0.244929 0.227713
vt 0.260063 0.218276
vt 0.599051 0.326022
vt 0.244621 0.205579
vt 0.251971 0.197265
vt 0.336355 0.083050
vt 0.328193 0.088096
vt 0.335247 0.081813
vt 0.099203 0.093830
vt 0.087576 0.099314
vt 0.083556 0.099345
vt 0.520408 0.119373
vt 0.518961 0.118068
vt 0.520560 0.112150
vt 0.038308 0.139101
vt 0.039621 0.137859
vt 0.088432 0.014997
vt 0.091247 0.015896
vt 0.090815 0.017109
vt 0.088371 0.016722
vt 0.856673 0.011631
vt 0.857251 0.010241
vt 0.858256 0.011114
vt 0.092658 0.017155
vt 0.093047 0.016174
vt 0.014357 0.003192
vt 0.016220 0.003159
vt 0.091080 0.014534
vt 0.093192 0.015264
vt 0.014242 0.002426
vt 0.015960 0.002125
vt 0.528774 0.098264
vt 0.530009 0.098358
vt 0.529957 0.100184
vt 0.528663 0.099851
vt 0.049236 0.138547
vt 0.051863 0.139482
vt 0.054708 0.141033
vt 0.529635 0.102597
vt 0.528817 0.105730
vt 0.527381 0.104878
vt 0.528168 0.102005
vt 0.525822 0.104378
vt 0.072230 0.096276
vt 0.076076 0.098182
vt 0.072007 0.097647
vt 0.280115 0.204407
vt 0.087518 0.094448
vt 0.312960 0.163464
vt 0.622829 0.326981
vt 0.402890 0.170760
vt 0.410701 0.162585
vt 0.404905 0.172934
vt 0.401541 0.183809
vt 0.397783 0.194405
vt 0.391622 0.202029
vt 0.404453 0.187209
vt 0.400422 0.197680
vt 0.394439 0.206283
vt 0.103446 0.689339
vt 0.107791 0.681480
vt 0.112222 0.673263
vt 0.123689 0.396769
vt 0.118676 0.386098
vt 0.130975 0.394581
vt 0.113366 0.375859
vt 0.137165 0.405819
vt 0.128723 0.408077
vt 0.168013 0.415313
vt 0.178306 0.425736
vt 0.984294 0.511064
vt 0.985931 0.509088
vt 0.983200 0.512257
vt 0.980646 0.509797
vt 0.512473 0.326352
vt 0.506675 0.341353
vt 0.509886 0.324954
vt 0.514944 0.315180
vt 0.518375 0.317016
vt 0.517064 0.302186
vt 0.521904 0.305152
vt 0.510425 0.313606
vt 0.012420 0.061467
vt 0.011736 0.057169
vt 0.022912 0.055661
vt 0.023331 0.061026
vt 0.506488 0.323844
vt 0.503231 0.333698
vt 0.962801 0.378656
vt 0.957490 0.369658
vt 0.960528 0.367959
vt 0.965693 0.377386
vt 0.972480 0.389198
vt 0.954142 0.371318
vt 0.949749 0.374755
vt 0.951898 0.385771
vt 0.944494 0.379110
vt 0.487641 0.322509
vt 0.946592 0.390904
vt 0.939371 0.385580
vt 0.480075 0.324464
vt 0.510545 0.478573
vt 0.504653 0.457021
vt 0.471670 0.327442
vt 0.441946 0.285405
vt 0.578184 0.640002
vt 0.605807 0.641372
vt 0.579310 0.653345
vt 0.590874 0.617510
vt 0.546412 0.624599
vt 0.531460 0.616999
vt 0.537776 0.629268
vt 0.524799 0.605427
vt 0.518708 0.594697
vt 0.516249 0.611566
vt 0.522842 0.622500
vt 0.510237 0.601320
vt 0.515407 0.582957
vt 0.499321 0.583432
vt 0.470811 0.586282
vt 0.454652 0.596312
vt 0.621091 0.250269
vt 0.612891 0.264859
vt 0.626750 0.255434
vt 0.651419 0.260322
vt 0.657574 0.264982
vt 0.659909 0.253413
vt 0.666413 0.258071
vt 0.732364 0.198666
vt 0.742474 0.193056
vt 0.748557 0.199607
vt 0.762519 0.180790
vt 0.757700 0.192762
vt 0.770779 0.174377
vt 0.802104 0.157040
vt 0.779481 0.167104
vt 0.788347 0.159642
vt 0.797331 0.151159
vt 0.849290 0.135194
vt 0.834452 0.148518
vt 0.091449 0.008564
vt 0.089959 0.006752
vt 0.082023 0.006008
vt 0.083654 0.004346
vt 0.101032 0.010868
vt 0.091952 0.010070
vt 0.532244 0.112429
vt 0.533225 0.113173
vt 0.528992 0.119253
vt 0.525595 0.122019
vt 0.522835 0.129865
vt 0.796317 0.005507
vt 0.793609 0.004604
vt 0.794449 0.002948
vt 0.797460 0.003823
vt 0.791885 0.002263
vt 0.791341 0.004174
vt 0.875966 0.124888
vt 0.912467 0.067397
vt 0.909782 0.070425
vt 0.908514 0.069662
vt 0.864513 0.119428
vt 0.916061 0.064285
vt 0.919194 0.059489
vt 0.920639 0.061150
vt 0.517621 0.133377
vt 0.081534 0.007585
vt 0.068653 0.006266
vt 0.818127 0.156758
vt 0.812163 0.163294
vt 0.815316 0.187949
vt 0.795170 0.196081
vt 0.797893 0.198876
vt 0.812671 0.186589
vt 0.786899 0.033327
vt 0.789053 0.032337
vt 0.789879 0.034585
vt 0.787481 0.035026
vt 0.792303 0.034163
vt 0.791902 0.031536
vt 0.795239 0.032221
vt 0.794640 0.034339
vt 0.457408 0.098499
vt 0.460594 0.095530
vt 0.461985 0.096596
vt 0.459743 0.098785
vt 0.464154 0.094568
vt 0.462343 0.093650
vt 0.806537 0.200041
vt 0.801552 0.200368
vt 0.457202 0.101384
vt 0.777292 0.209229
vt 0.795637 0.206986
vt 0.725574 0.210641
vt 0.721435 0.219347
vt 0.716349 0.210529
vt 0.712297 0.214992
vt 0.650911 0.284775
vt 0.732416 0.219842
vt 0.721223 0.221144
vt 0.651146 0.286491
vt 0.640073 0.288760
vt 0.640495 0.291709
vt 0.629592 0.293291
vt 0.628950 0.289809
vt 0.619235 0.294361
vt 0.618111 0.290594
vt 0.609462 0.296180
vt 0.607534 0.292061
vt 0.605190 0.287582
vt 0.341112 0.221278
vt 0.344341 0.225175
vt 0.349302 0.213150
vt 0.352257 0.217535
vt 0.344140 0.207963
vt 0.340405 0.204079
vt 0.331528 0.210846
vt 0.593104 0.278538
vt 0.482566 0.578680
vt 0.492081 0.573229
vt 0.495946 0.578605
vt 0.530565 0.570848
vt 0.525749 0.562442
vt 0.544366 0.575873
vt 0.539401 0.563965
vt 0.589251 0.601356
vt 0.599087 0.595978
vt 0.634511 0.627049
vt 0.616896 0.635991
vt 0.456301 0.274991
vt 0.475053 0.281029
vt 0.467137 0.265767
vt 0.488944 0.291333
vt 0.005852 0.026419
vt 0.008042 0.009955
vt 0.018794 0.008092
vt 0.002049 0.044110
vt 0.056182 0.013818
vt 0.029993 0.006290
vt 0.032565 0.041250
vt 0.018918 0.045484
vt 0.034000 0.048231
vt 0.518812 0.287177
vt 0.524729 0.291625
vt 0.035112 0.054418
vt 0.529837 0.295362
vt 0.035307 0.060787
vt 0.243262 0.602341
vt 0.277431 0.604191
vt 0.288563 0.611941
vt 0.291276 0.621597
vt 0.302361 0.618737
vt 0.314460 0.615092
vt 0.366910 0.625838
vt 0.367462 0.629796
vt 0.346261 0.638606
vt 0.903404 0.384234
vt 0.923284 0.374455
vt 0.925735 0.377820
vt 0.928619 0.380832
vt 0.939610 0.374707
vt 0.937933 0.371407
vt 0.731370 0.014121
vt 0.717673 0.015992
vt 0.730102 0.010740
vt 0.930238 0.384439
vt 0.743665 0.006815
vt 0.744505 0.009961
vt 0.745504 0.013548
vt 0.758409 0.011098
vt 0.757945 0.007800
vt 0.771263 0.010351
vt 0.414953 0.048563
vt 0.416468 0.058282
vt 0.782575 0.014357
vt 0.335012 0.039281
vt 0.324582 0.049838
vt 0.323938 0.060709
vt 0.325096 0.039052
vt 0.736521 0.080684
vt 0.729256 0.088443
vt 0.722454 0.081561
vt 0.314787 0.038826
vt 0.314428 0.049800
vt 0.315108 0.028323
vt 0.325475 0.028800
vt 0.714663 0.089030
vt 0.707916 0.081910
vt 0.699690 0.089045
vt 0.706699 0.096212
vt 0.684487 0.088491
vt 0.691447 0.095893
vt 0.283052 0.005482
vt 0.294245 0.006559
vt 0.675655 0.095670
vt 0.650077 0.091065
vt 0.620912 0.103076
vt 0.614441 0.096482
vt 0.623667 0.089170
vt 0.652172 0.102322
vt 0.636544 0.102411
vt 0.829583 0.464863
vt 0.823295 0.457725
vt 0.817751 0.449586
vt 0.819687 0.471635
vt 0.812650 0.463911
vt 0.806254 0.455577
vt 0.802723 0.469990
vt 0.795834 0.461887
vt 0.791547 0.452631
vt 0.780777 0.458074
vt 0.786419 0.468400
vt 0.779003 0.447099
vt 0.778457 0.438884
vt 0.768826 0.452321
vt 0.771276 0.464393
vt 0.768206 0.443630
vt 0.757948 0.449181
vt 0.758987 0.458085
vt 0.756806 0.441548
vt 0.754777 0.434491
vt 0.746630 0.447758
vt 0.745773 0.456054
vt 0.745437 0.440008
vt 0.191392 0.680313
vt 0.181308 0.684807
vt 0.180100 0.678280
vt 0.735804 0.445510
vt 0.734374 0.453705
vt 0.734379 0.438406
vt 0.743184 0.433486
vt 0.170586 0.683626
vt 0.168847 0.675913
vt 0.726064 0.441995
vt 0.727035 0.448748
vt 0.160166 0.680670
vt 0.161751 0.688083
vt 0.157824 0.673113
vt 0.151932 0.684386
vt 0.153528 0.690778
vt 0.149672 0.677751
vt 0.141619 0.681632
vt 0.143938 0.687486
vt 0.136295 0.690928
vt 0.145588 0.693099
vt 0.138127 0.695854
vt 0.130934 0.699322
vt 0.704239 0.449495
vt 0.702886 0.445090
vt 0.710251 0.444574
vt 0.711459 0.449464
vt 0.372978 0.202643
vt 0.367503 0.207074
vt 0.364099 0.203685
vt 0.369870 0.199345
vt 0.375902 0.194357
vt 0.549562 0.354229
vt 0.552175 0.357650
vt 0.545732 0.363136
vt 0.559164 0.352162
vt 0.556981 0.348816
vt 0.566614 0.346961
vt 0.564773 0.343644
vt 0.554780 0.345601
vt 0.546912 0.351011
vt 0.563052 0.340534
vt 0.207247 0.256996
vt 0.270836 0.139120
vt 0.240190 0.178054
vt 0.320200 0.094165
vt 0.322492 0.090318
vt 0.326360 0.087497
vt 0.318218 0.092969
vt 0.110066 0.096421
vt 0.109885 0.094057
vt 0.518200 0.123124
vt 0.511369 0.133711
vt 0.509292 0.133671
vt 0.515704 0.123342
vt 0.510452 0.128430
vt 0.514231 0.122449
vt 0.359748 0.073865
vt 0.088250 0.013113
vt 0.069399 0.095742
vt 0.070038 0.094360
vt 0.072724 0.094832
vt 0.067986 0.093654
vt 0.067444 0.094849
vt 0.002099 0.002043
vt 0.005334 0.001858
vt 0.005342 0.003200
vt 0.002263 0.003311
vt 0.292795 0.194232
vt 0.653113 0.308210
vt 0.434019 0.140764
vt 0.425342 0.146278
vt 0.439455 0.131143
vt 0.436104 0.142578
vt 0.406395 0.189163
vt 0.435881 0.146677
vt 0.425048 0.162525
vt 0.090342 0.337811
vt 0.096303 0.346865
vt 0.093840 0.348162
vt 0.087961 0.339293
vt 0.099532 0.357214
vt 0.102332 0.356122
vt 0.108034 0.365862
vt 0.104187 0.352398
vt 0.104715 0.366737
vt 0.166109 0.383272
vt 0.159287 0.390271
vt 0.157672 0.375263
vt 0.192650 0.409435
vt 0.185556 0.417632
vt 0.199601 0.401336
vt 0.220787 0.397128
vt 0.992183 0.504091
vt 0.990269 0.504515
vt 0.991749 0.499866
vt 0.993417 0.499877
vt 0.989340 0.511385
vt 0.439499 0.445999
vt 0.438627 0.445198
vt 0.441648 0.442442
vt 0.442910 0.443384
vt 0.494749 0.366885
vt 0.497110 0.368108
vt 0.492343 0.378865
vt 0.489939 0.377598
vt 0.501193 0.357526
vt 0.492089 0.365913
vt 0.949793 0.403467
vt 0.941798 0.397869
vt 0.483145 0.333581
vt 0.475710 0.336223
vt 0.944382 0.410454
vt 0.936510 0.405910
vt 0.467357 0.339450
vt 0.463139 0.330898
vt 0.458971 0.343252
vt 0.570663 0.657411
vt 0.391724 0.320825
vt 0.399007 0.331914
vt 0.529022 0.634095
vt 0.519981 0.639058
vt 0.513962 0.628145
vt 0.504862 0.633760
vt 0.505050 0.647061
vt 0.495622 0.639208
vt 0.453489 0.614247
vt 0.442628 0.614373
vt 0.439194 0.610770
vt 0.597519 0.250846
vt 0.636132 0.236518
vt 0.661088 0.240095
vt 0.668916 0.232897
vt 0.676320 0.225690
vt 0.683901 0.231169
vt 0.756757 0.175336
vt 0.765809 0.168363
vt 0.683641 0.217511
vt 0.691239 0.222946
vt 0.774767 0.160907
vt 0.691083 0.208950
vt 0.698254 0.214222
vt 0.704631 0.219448
vt 0.697740 0.228289
vt 0.698776 0.200978
vt 0.705543 0.205758
vt 0.711265 0.209419
vt 0.712693 0.197103
vt 0.792863 0.146551
vt 0.801639 0.138159
vt 0.806448 0.142207
vt 0.809732 0.129486
vt 0.814775 0.133211
vt 0.826195 0.120119
vt 0.869822 0.133035
vt 0.870159 0.134577
vt 0.109011 0.012258
vt 0.533188 0.108195
vt 0.534589 0.108785
vt 0.531651 0.110941
vt 0.535678 0.109609
vt 0.533495 0.106425
vt 0.535537 0.105716
vt 0.537460 0.106788
vt 0.918004 0.057929
vt 0.922991 0.054038
vt 0.924471 0.055998
vt 0.928932 0.050334
vt 0.930557 0.052427
vt 0.423247 0.053589
vt 0.421467 0.054117
vt 0.419576 0.046432
vt 0.421707 0.045744
vt 0.926172 0.057673
vt 0.060357 0.005435
vt 0.052723 0.005648
vt 0.044625 0.004886
vt 0.037719 0.007830
vt 0.807995 0.181265
vt 0.809117 0.175516
vt 0.809986 0.170225
vt 0.785192 0.036588
vt 0.780568 0.035558
vt 0.809921 0.184360
vt 0.718245 0.252567
vt 0.449290 0.109764
vt 0.447084 0.108791
vt 0.719933 0.256940
vt 0.767431 0.218013
vt 0.743907 0.220931
vt 0.732471 0.222139
vt 0.661707 0.282629
vt 0.673481 0.281940
vt 0.672521 0.279804
vt 0.692093 0.268339
vt 0.705789 0.268126
vt 0.695655 0.274978
vt 0.675692 0.286249
vt 0.424811 0.137728
vt 0.417561 0.146028
vt 0.422410 0.136409
vt 0.431830 0.129508
vt 0.430049 0.127550
vt 0.438152 0.122136
vt 0.436407 0.120272
vt 0.987184 0.303700
vt 0.984035 0.307895
vt 0.156425 0.874434
vt 0.149844 0.880110
vt 0.143198 0.882472
vt 0.139981 0.888315
vt 0.136246 0.888499
vt 0.091524 0.922784
vt 0.093401 0.002138
vt 0.098965 0.002076
vt 0.104967 0.002768
vt 0.419254 0.020564
vt 0.103142 0.001849
vt 0.081981 0.925608
vt 0.079631 0.930474
vt 0.169551 0.132834
vt 0.171753 0.136888
vt 0.955288 0.317957
vt 0.954154 0.314847
vt 0.181512 0.136774
vt 0.946503 0.321023
vt 0.945369 0.317810
vt 0.408513 0.152366
vt 0.410325 0.154001
vt 0.403541 0.161606
vt 0.401598 0.160138
vt 0.886937 0.072443
vt 0.895260 0.064006
vt 0.896869 0.065540
vt 0.888666 0.074187
vt 0.664833 0.291059
vt 0.653760 0.294948
vt 0.372372 0.220595
vt 0.370306 0.218616
vt 0.376694 0.211097
vt 0.378325 0.212759
vt 0.641138 0.294445
vt 0.641963 0.296888
vt 0.621436 0.301193
vt 0.620346 0.297922
vt 0.352977 0.236311
vt 0.357040 0.227635
vt 0.359268 0.230778
vt 0.611167 0.300239
vt 0.345421 0.242680
vt 0.316304 0.227327
vt 0.595202 0.281648
vt 0.500175 0.565837
vt 0.489946 0.570055
vt 0.498598 0.563417
vt 0.562770 0.298174
vt 0.507283 0.556220
vt 0.521877 0.558204
vt 0.540074 0.544437
vt 0.544271 0.548685
vt 0.534890 0.555565
vt 0.548623 0.557181
vt 0.571400 0.558780
vt 0.579758 0.555122
vt 0.593767 0.564357
vt 0.609603 0.572742
vt 0.684146 0.593489
vt 0.672196 0.586251
vt 0.516929 0.252588
vt 0.502128 0.271872
vt 0.089346 0.041942
vt 0.108730 0.565520
vt 0.092144 0.568841
vt 0.272408 0.594992
vt 0.076660 0.571568
vt 0.060442 0.558917
vt 0.295577 0.589498
vt 0.297518 0.599290
vt 0.299832 0.609181
vt 0.309207 0.597085
vt 0.311262 0.606841
vt 0.350591 0.615927
vt 0.364022 0.617335
vt 0.379377 0.620094
vt 0.381003 0.623275
vt 0.391426 0.612976
vt 0.393071 0.615937
vt 0.949030 0.365962
vt 0.935954 0.368256
vt 0.947209 0.362888
vt 0.809939 0.012038
vt 0.800731 0.005770
vt 0.802583 0.002670
vt 0.811680 0.009123
vt 0.742916 0.003879
vt 0.756936 0.002011
vt 0.757464 0.004788
vt 0.950455 0.369256
vt 0.770645 0.001866
vt 0.770927 0.004478
vt 0.771079 0.007375
vt 0.783347 0.008321
vt 0.783475 0.005569
vt 0.783031 0.011274
vt 0.793470 0.013351
vt 0.793973 0.010574
vt 0.801899 0.019070
vt 0.802803 0.016404
vt 0.809889 0.023102
vt 0.811124 0.020559
vt 0.808375 0.025670
vt 0.313834 0.060874
vt 0.303999 0.049650
vt 0.303487 0.060868
vt 0.283745 0.060714
vt 0.273314 0.037669
vt 0.255057 0.025698
vt 0.256460 0.014429
vt 0.675245 0.109571
vt 0.667310 0.116848
vt 0.656500 0.112382
vt 0.636519 0.115689
vt 0.627793 0.109716
vt 0.643294 0.124120
vt 0.622654 0.127329
vt 0.619379 0.117001
vt 0.612117 0.110440
vt 0.605591 0.103665
vt 0.610963 0.124051
vt 0.603963 0.117283
vt 0.597539 0.110064
vt 0.810213 0.477418
vt 0.595807 0.123730
vt 0.589389 0.116845
vt 0.801140 0.483843
vt 0.793702 0.476788
vt 0.792369 0.491461
vt 0.784952 0.483760
vt 0.777706 0.475016
vt 0.775857 0.489669
vt 0.768857 0.480692
vt 0.762356 0.469994
vt 0.753089 0.475704
vt 0.759585 0.486396
vt 0.747925 0.464380
vt 0.500259 0.395744
vt 0.500581 0.384252
vt 0.509941 0.388236
vt 0.508784 0.401082
vt 0.743409 0.482648
vt 0.499991 0.370534
vt 0.749752 0.492449
vt 0.735220 0.488999
vt 0.740591 0.498439
vt 0.727503 0.493881
vt 0.732045 0.503362
vt 0.723165 0.484532
vt 0.716152 0.488654
vt 0.718989 0.497958
vt 0.705435 0.485523
vt 0.707678 0.492481
vt 0.702827 0.480556
vt 0.166257 0.269520
vt 0.170265 0.266474
vt 0.694659 0.484939
vt 0.696747 0.489965
vt 0.159593 0.249950
vt 0.160669 0.261019
vt 0.154936 0.251029
vt 0.170694 0.256838
vt 0.163485 0.245029
vt 0.168455 0.240870
vt 0.161790 0.226387
vt 0.155979 0.227729
vt 0.154553 0.239377
vt 0.172416 0.233791
vt 0.179970 0.245060
vt 0.168073 0.224373
vt 0.175553 0.221204
vt 0.164337 0.214085
vt 0.158148 0.216010
vt 0.171237 0.211404
vt 0.180624 0.207328
vt 0.167535 0.201100
vt 0.176835 0.197560
vt 0.191263 0.202130
vt 0.187450 0.193168
vt 0.174074 0.187853
vt 0.184649 0.184471
vt 0.182969 0.176226
vt 0.250333 0.124276
vt 0.254821 0.125631
vt 0.238009 0.129142
vt 0.222826 0.142983
vt 0.100058 0.206621
vt 0.711271 0.005208
vt 0.094957 0.200632
vt 0.088638 0.201561
vt 0.083773 0.191890
vt 0.030856 0.151011
vt 0.299598 0.191963
vt 0.446070 0.135653
vt 0.672371 0.308116
vt 0.062967 0.301683
vt 0.060931 0.302516
vt 0.055727 0.291586
vt 0.057495 0.289563
vt 0.070177 0.310407
vt 0.067952 0.311595
vt 0.439565 0.145837
vt 0.432397 0.153961
vt 0.075827 0.320464
vt 0.073751 0.321517
vt 0.081884 0.330272
vt 0.426731 0.163938
vt 0.092895 0.335871
vt 0.137604 0.343958
vt 0.148820 0.369209
vt 0.139303 0.358275
vt 0.179789 0.368319
vt 0.172934 0.375898
vt 0.188465 0.376296
vt 0.197256 0.384500
vt 0.206445 0.393391
vt 0.213223 0.385475
vt 0.204041 0.376697
vt 0.234086 0.380674
vt 0.222086 0.374797
vt 0.239527 0.394997
vt 0.632393 0.404114
vt 0.655801 0.393381
vt 0.721346 0.424222
vt 0.674075 0.389071
vt 0.696673 0.389290
vt 0.393928 0.014151
vt 0.398647 0.005045
vt 0.354288 0.715428
vt 0.378313 0.711777
vt 0.354981 0.721825
vt 0.385371 0.716008
vt 0.373113 0.720670
vt 0.354801 0.708128
vt 0.335204 0.717503
vt 0.331705 0.725637
vt 0.334169 0.711553
vt 0.352828 0.701877
vt 0.323497 0.716933
vt 0.325601 0.722048
vt 0.321346 0.712319
vt 0.343957 0.699814
vt 0.319014 0.707992
vt 0.312034 0.717332
vt 0.314187 0.721798
vt 0.309804 0.713250
vt 0.685943 0.147299
vt 0.687674 0.138328
vt 0.694867 0.131217
vt 0.300662 0.718233
vt 0.302862 0.722288
vt 0.701854 0.123946
vt 0.716626 0.116639
vt 0.710852 0.115507
vt 0.729131 0.111958
vt 0.758015 0.117022
vt 0.779558 0.092536
vt 0.771854 0.099655
vt 0.761173 0.119385
vt 0.519746 0.018439
vt 0.514478 0.028175
vt 0.511208 0.026273
vt 0.525796 0.008786
vt 0.530644 0.014005
vt 0.524041 0.021867
vt 0.791537 0.093254
vt 0.783271 0.098699
vt 0.789963 0.089908
vt 0.788464 0.086679
vt 0.536992 0.006463
vt 0.539507 0.009281
vt 0.533628 0.016794
vt 0.793036 0.096287
vt 0.544462 0.002587
vt 0.547515 0.004809
vt 0.542554 0.011904
vt 0.589883 0.098801
vt 0.592499 0.100795
vt 0.024658 0.771343
vt 0.960976 0.003713
vt 0.959086 0.004798
vt 0.962031 0.004735
vt 0.960448 0.006241
vt 0.040013 0.776409
vt 0.033371 0.773561
vt 0.034448 0.771566
vt 0.972744 0.217205
vt 0.971005 0.224854
vt 0.973225 0.210833
vt 0.973027 0.207084
vt 0.148985 0.095972
vt 0.081239 0.943269
vt 0.083459 0.939468
vt 0.084649 0.940390
vt 0.088631 0.932840
vt 0.527354 0.024530
vt 0.536852 0.019562
vt 0.530714 0.027373
vt 0.518154 0.042777
vt 0.508847 0.037758
vt 0.506206 0.048382
vt 0.503370 0.047824
vt 0.764265 0.121316
vt 0.760559 0.132215
vt 0.768819 0.111448
vt 0.761335 0.142178
vt 0.758491 0.141878
vt 0.763174 0.133376
vt 0.857917 0.090506
vt 0.855671 0.090633
vt 0.857035 0.081580
vt 0.859425 0.081460
vt 0.852965 0.115325
vt 0.738762 0.150918
vt 0.743973 0.155656
vt 0.836766 0.090313
vt 0.727304 0.152903
vt 0.733461 0.145438
vt 0.699918 0.158280
vt 0.690042 0.152134
vt 0.682682 0.159789
vt 0.677376 0.155886
vt 0.344533 0.686085
vt 0.354328 0.690838
vt 0.396942 0.687609
vt 0.405436 0.708324
vt 0.633217 0.409409
vt 0.375446 0.014546
vt 0.376934 0.004520
vt 0.613746 0.408287
vt 0.602210 0.405695
vt 0.603029 0.410387
vt 0.167285 0.128372
vt 0.162124 0.124585
vt 0.163859 0.122626
vt 0.169165 0.126381
vt 0.158861 0.118142
vt 0.157037 0.120127
vt 0.914416 0.472771
vt 0.914459 0.475153
vt 0.154349 0.113600
vt 0.152526 0.115480
vt 0.150567 0.109349
vt 0.148580 0.111131
vt 0.147094 0.105062
vt 0.144449 0.105914
vt 0.906031 0.473889
vt 0.935299 0.477434
vt 0.898249 0.476499
vt 0.890390 0.479392
vt 0.906459 0.476732
vt 0.898767 0.479119
vt 0.891062 0.482138
vt 0.929466 0.783462
vt 0.922104 0.786707
vt 0.921023 0.783641
vt 0.928675 0.780958
vt 0.911996 0.786401
vt 0.913568 0.789873
vt 0.592285 0.415915
vt 0.583373 0.416254
vt 0.584523 0.412579
vt 0.592785 0.411918
vt 0.881569 0.484867
vt 0.879746 0.481485
vt 0.591126 0.419931
vt 0.591113 0.425757
vt 0.603776 0.425301
vt 0.621620 0.419992
vt 0.605343 0.434582
vt 0.327371 0.014224
vt 0.333430 0.002886
vt 0.409918 0.671276
vt 0.371678 0.666567
vt 0.393341 0.658910
vt 0.363041 0.673324
vt 0.359003 0.668376
vt 0.353981 0.679767
vt 0.357658 0.685053
vt 0.656575 0.180534
vt 0.662999 0.172062
vt 0.669879 0.163650
vt 0.675612 0.167528
vt 0.681307 0.172032
vt 0.707330 0.167069
vt 0.713331 0.172086
vt 0.718935 0.164521
vt 0.724758 0.169216
vt 0.719172 0.176754
vt 0.728817 0.175628
vt 0.821585 0.115878
vt 0.719339 0.188755
vt 0.691824 0.195604
vt 0.683544 0.203387
vt 0.656379 0.199248
vt 0.656391 0.190707
vt 0.633612 0.213151
vt 0.408565 0.648893
vt 0.465716 0.653785
vt 0.470200 0.663037
vt 0.474361 0.672294
vt 0.480635 0.658780
vt 0.484940 0.668271
vt 0.478263 0.682024
vt 0.492965 0.676586
vt 0.313922 0.014438
vt 0.318123 0.002599
vt 0.495592 0.663989
vt 0.306479 0.002212
vt 0.605660 0.445354
vt 0.297902 0.014545
vt 0.599363 0.458510
vt 0.578595 0.425341
vt 0.424269 0.354698
vt 0.418766 0.359839
vt 0.408252 0.357877
vt 0.418566 0.346490
vt 0.900087 0.455396
vt 0.903927 0.447262
vt 0.414602 0.365817
vt 0.995903 0.489062
vt 0.481422 0.398528
vt 0.474679 0.408458
vt 0.474424 0.404528
vt 0.486910 0.389294
vt 0.487454 0.376574
vt 0.450802 0.347700
vt 0.435644 0.357413
vt 0.908507 0.438520
vt 0.997779 0.474550
vt 0.995190 0.453505
vt 0.470109 0.406844
vt 0.998033 0.463711
vt 0.543320 0.669211
vt 0.491029 0.654146
vt 0.476864 0.648739
vt 0.668605 0.219331
vt 0.675710 0.211633
vt 0.513928 0.680321
vt 0.376976 0.346201
vt 0.592156 0.407682
vt 0.936602 0.780235
vt 0.935920 0.777979
vt 0.935422 0.046801
vt 0.937162 0.048876
vt 0.503216 0.056176
vt 0.500799 0.055428
vt 0.508847 0.049403
vt 0.505345 0.057579
vt 0.511188 0.051100
vt 0.989541 0.145501
vt 0.992673 0.143967
vt 0.989026 0.155164
vt 0.986070 0.158084
vt 0.111236 0.911827
vt 0.129630 0.897113
vt 0.111122 0.913822
vt 0.986972 0.162787
vt 0.088259 0.930605
vt 0.081955 0.938342
vt 0.073569 0.942564
vt 0.075603 0.939369
vt 0.074774 0.949436
vt 0.072805 0.949061
vt 0.073034 0.945626
vt 0.413158 0.023984
vt 0.753749 0.153789
vt 0.115105 0.002208
vt 0.115114 0.003207
vt 0.100446 0.891143
vt 0.118943 0.861074
vt 0.195614 0.833034
vt 0.188630 0.840171
vt 0.142691 0.124478
vt 0.141818 0.127879
vt 0.132435 0.125123
vt 0.124138 0.119260
vt 0.929180 0.327308
vt 0.927688 0.323995
vt 0.122534 0.122627
vt 0.919559 0.330873
vt 0.918512 0.327386
vt 0.880393 0.082196
vt 0.863663 0.094985
vt 0.878409 0.080213
vt 0.362105 0.233594
vt 0.360274 0.243332
vt 0.356399 0.239917
vt 0.365308 0.236296
vt 0.349735 0.246969
vt 0.332502 0.254211
vt 0.296747 0.263970
vt 0.304836 0.248354
vt 0.283219 0.256948
vt 0.284592 0.258998
vt 0.553786 0.315738
vt 0.555485 0.318047
vt 0.524320 0.542140
vt 0.541680 0.537622
vt 0.533513 0.535360
vt 0.543748 0.531529
vt 0.548802 0.537512
vt 0.553564 0.527796
vt 0.556423 0.530491
vt 0.562013 0.523959
vt 0.559832 0.521351
vt 0.569331 0.519727
vt 0.567095 0.517632
vt 0.565550 0.515250
vt 0.987714 0.109408
vt 0.988172 0.101783
vt 0.990926 0.102598
vt 0.990123 0.109983
vt 0.558443 0.518764
vt 0.564517 0.512847
vt 0.993698 0.103062
vt 0.992681 0.110479
vt 0.988957 0.117801
vt 0.990970 0.118263
vt 0.996523 0.103325
vt 0.995195 0.110816
vt 0.993086 0.118687
vt 0.989510 0.126378
vt 0.990836 0.126785
vt 0.200490 0.298297
vt 0.204543 0.300964
vt 0.209106 0.297483
vt 0.166956 0.291481
vt 0.171363 0.300989
vt 0.167469 0.307937
vt 0.178527 0.308810
vt 0.143228 0.292223
vt 0.120980 0.286845
vt 0.106284 0.292938
vt 0.055962 0.244862
vt 0.026216 0.195042
vt 0.023602 0.191798
vt 0.023701 0.184778
vt 0.026014 0.183747
vt 0.039387 0.241641
vt 0.024559 0.199961
vt 0.508939 0.059366
vt 0.511140 0.061615
vt 0.503058 0.068934
vt 0.505568 0.062350
vt 0.622501 0.051712
vt 0.620976 0.049170
vt 0.730824 0.267870
vt 0.728310 0.266048
vt 0.026319 0.166072
vt 0.035083 0.185832
vt 0.162439 0.283567
vt 0.169076 0.288323
vt 0.170358 0.286498
vt 0.177190 0.290302
vt 0.184554 0.293389
vt 0.983516 0.140728
vt 0.985459 0.133415
vt 0.987288 0.134148
vt 0.985204 0.141709
vt 0.987422 0.125740
vt 0.192414 0.295468
vt 0.983524 0.132709
vt 0.985300 0.125054
vt 0.986769 0.117199
vt 0.983278 0.124329
vt 0.984660 0.116423
vt 0.985430 0.108455
vt 0.579566 0.509980
vt 0.576022 0.515400
vt 0.573680 0.513846
vt 0.577475 0.508611
vt 0.572129 0.521594
vt 0.571927 0.511899
vt 0.141973 0.140004
vt 0.134500 0.135607
vt 0.135992 0.132825
vt 0.143172 0.137728
vt 0.465058 0.033278
vt 0.467143 0.025000
vt 0.470019 0.026994
vt 0.469545 0.035669
vt 0.140637 0.143106
vt 0.133113 0.140317
vt 0.474599 0.028466
vt 0.475378 0.037068
vt 0.480667 0.028971
vt 0.482419 0.036757
vt 0.583424 0.539698
vt 0.580441 0.530575
vt 0.588339 0.551568
vt 0.605513 0.543947
vt 0.611103 0.555183
vt 0.625343 0.563930
vt 0.619340 0.550829
vt 0.664033 0.574877
vt 0.688254 0.574388
vt 0.699964 0.581141
vt 0.527421 0.221161
vt 0.518490 0.212101
vt 0.696656 0.567676
vt 0.076804 0.010557
vt 0.535885 0.230216
vt 0.103233 0.040652
vt 0.102109 0.029812
vt 0.100671 0.576145
vt 0.055720 0.601181
vt 0.047722 0.595131
vt 0.046732 0.579189
vt 0.040147 0.589393
vt 0.323564 0.576636
vt 0.319374 0.586066
vt 0.307396 0.587335
vt 0.305990 0.578190
vt 0.320719 0.595527
vt 0.331284 0.585175
vt 0.358704 0.599746
vt 0.348716 0.609573
vt 0.352076 0.592265
vt 0.400781 0.602028
vt 0.389660 0.609823
vt 0.402530 0.604880
vt 0.410678 0.593992
vt 0.412439 0.596623
vt 0.813779 0.006436
vt 0.823106 0.013734
vt 0.821118 0.016363
vt 0.403968 0.607541
vt 0.832379 0.021155
vt 0.830448 0.023683
vt 0.819351 0.019065
vt 0.828625 0.026223
vt 0.839359 0.030260
vt 0.837717 0.032728
vt 0.836075 0.035080
vt 0.827058 0.028770
vt 0.817967 0.021782
vt 0.844826 0.041073
vt 0.843383 0.043228
vt 0.834657 0.037329
vt 0.794203 0.008010
vt 0.853983 0.046120
vt 0.852609 0.048429
vt 0.803530 0.013725
vt 0.811827 0.017906
vt 0.273249 0.049245
vt 0.272815 0.060815
vt 0.263320 0.049226
vt 0.255984 0.061123
vt 0.258448 0.037368
vt 0.258283 0.003620
vt 0.240839 0.002749
vt 0.224670 0.002309
vt 0.631249 0.134346
vt 0.616817 0.147075
vt 0.587010 0.131118
vt 0.580402 0.124228
vt 0.586412 0.145557
vt 0.579017 0.138797
vt 0.797822 0.497750
vt 0.788098 0.504665
vt 0.782196 0.497547
vt 0.778667 0.511439
vt 0.772470 0.504029
vt 0.766068 0.495550
vt 0.762517 0.510206
vt 0.755996 0.501602
vt 0.752805 0.517077
vt 0.746238 0.507848
vt 0.722791 0.508043
vt 0.719495 0.523006
vt 0.713734 0.512016
vt 0.709873 0.501465
vt 0.700563 0.505538
vt 0.704330 0.516237
vt 0.698499 0.496773
vt 0.685153 0.489843
vt 0.013691 0.054167
vt 0.006645 0.047121
vt 0.011634 0.044272
vt 0.018318 0.050700
vt 0.663289 0.495703
vt 0.673463 0.491117
vt 0.150564 0.228473
vt 0.653251 0.499324
vt 0.654807 0.504774
vt 0.152484 0.217337
vt 0.147622 0.217902
vt 0.149013 0.206923
vt 0.144943 0.207260
vt 0.145772 0.196145
vt 0.154120 0.171468
vt 0.194744 0.151460
vt 0.194896 0.148590
vt 0.207448 0.142631
vt 0.219666 0.135915
vt 0.028538 0.157362
vt 0.157463 0.276689
vt 0.151809 0.270157
vt 0.163965 0.281802
vt 0.840754 0.002997
vt 0.840699 0.005281
vt 0.847631 0.005113
vt 0.847709 0.002916
vt 0.977809 0.154000
vt 0.979685 0.147116
vt 0.981716 0.147827
vt 0.979906 0.154693
vt 0.981579 0.140032
vt 0.854060 0.004384
vt 0.854140 0.002108
vt 0.633973 0.055303
vt 0.627397 0.056878
vt 0.626743 0.054812
vt 0.633222 0.053150
vt 0.979662 0.139557
vt 0.981565 0.132047
vt 0.627761 0.059326
vt 0.621390 0.060109
vt 0.621007 0.057714
vt 0.979759 0.131515
vt 0.981451 0.123620
vt 0.165748 0.149218
vt 0.157665 0.147087
vt 0.158384 0.144886
vt 0.166245 0.146955
vt 0.150652 0.141853
vt 0.149707 0.144002
vt 0.982813 0.115551
vt 0.156773 0.149769
vt 0.148589 0.146683
vt 0.155807 0.152822
vt 0.147459 0.150188
vt 0.139566 0.148197
vt 0.146685 0.155518
vt 0.139042 0.154810
vt 0.479392 0.021068
vt 0.485437 0.020945
vt 0.487807 0.027930
vt 0.132397 0.146948
vt 0.492653 0.019081
vt 0.495589 0.025363
vt 0.594540 0.521044
vt 0.602819 0.517550
vt 0.605980 0.523184
vt 0.490089 0.034763
vt 0.609953 0.530424
vt 0.614284 0.539561
vt 0.624968 0.522931
vt 0.676195 0.533675
vt 0.671218 0.522846
vt 0.698531 0.550350
vt 0.692040 0.538863
vt 0.705208 0.561165
vt 0.713912 0.555302
vt 0.707441 0.544733
vt 0.720737 0.564551
vt 0.712260 0.571153
vt 0.524859 0.188583
vt 0.517657 0.195086
vt 0.545342 0.219744
vt 0.555345 0.226055
vt 0.542066 0.240836
vt 0.104385 0.018605
vt 0.116729 0.028712
vt 0.154934 0.026569
vt 0.056998 0.617207
vt 0.064832 0.623647
vt 0.046007 0.615817
vt 0.038540 0.609773
vt 0.025132 0.631270
vt 0.349440 0.574578
vt 0.354310 0.582953
vt 0.365860 0.581341
vt 0.368056 0.589448
vt 0.370401 0.596801
vt 0.379198 0.586377
vt 0.381672 0.592733
vt 0.392213 0.587723
vt 0.405392 0.587052
vt 0.408849 0.591321
vt 0.825282 0.011274
vt 0.827617 0.009191
vt 0.834343 0.018819
vt 0.415062 0.582901
vt 0.843412 0.024123
vt 0.841014 0.027801
vt 0.200226 0.037135
vt 0.601996 0.161008
vt 0.588352 0.158381
vt 0.578691 0.153333
vt 0.571355 0.146360
vt 0.573642 0.173371
vt 0.570685 0.160894
vt 0.563065 0.153493
vt 0.769100 0.518039
vt 0.563158 0.168247
vt 0.555311 0.161073
vt 0.759937 0.525016
vt 0.750992 0.532282
vt 0.741721 0.538406
vt 0.539991 0.191177
vt 0.532749 0.182528
vt 0.732261 0.544195
vt 0.726041 0.534083
vt 0.722882 0.549598
vt 0.716660 0.539224
vt 0.710242 0.527878
vt 0.700971 0.533116
vt 0.695215 0.521206
vt 0.686256 0.527039
vt 0.640872 0.516344
vt 0.634336 0.510712
vt 0.642809 0.502155
vt 0.641246 0.497652
vt 0.503698 0.021807
vt 0.500903 0.015964
vt 0.510107 0.012281
vt 0.512343 0.017763
vt 0.141114 0.172877
vt 0.147006 0.171826
vt 0.139670 0.163125
vt 0.146469 0.162685
vt 0.154270 0.163135
vt 0.154870 0.156843
vt 0.173840 0.150388
vt 0.181996 0.150607
vt 0.182096 0.148229
vt 0.191300 0.147084
vt 0.197922 0.143166
vt 0.206147 0.140579
vt 0.138636 0.256203
vt 0.816745 0.004231
vt 0.816703 0.001941
vt 0.976025 0.160769
vt 0.642340 0.055036
vt 0.634470 0.057850
vt 0.634792 0.060573
vt 0.628029 0.062116
vt 0.174108 0.148072
vt 0.548881 0.198844
vt 0.559379 0.188227
vt 0.558142 0.206167
vt 0.569555 0.194273
vt 0.567358 0.213181
vt 0.205099 0.049092
vt 0.155439 0.015027
vt 0.170894 0.025892
vt 0.052644 0.640145
vt 0.044348 0.651435
vt 0.024728 0.649253
vt 0.031282 0.654781
vt 0.017991 0.643919
vt 0.013393 0.653681
vt 0.019541 0.658577
vt 0.376947 0.579235
vt 0.364338 0.573287
vt 0.375357 0.572022
vt 0.009706 0.663326
vt 0.018413 0.671024
vt 0.006076 0.671644
vt 0.010271 0.675840
vt 0.015104 0.680545
vt 0.025486 0.663878
vt 0.031593 0.669138
vt 0.025707 0.677521
vt 0.037835 0.660399
vt 0.010910 0.686428
vt 0.020414 0.685187
vt 0.016259 0.691284
vt 0.863099 0.019355
vt 0.861948 0.024114
vt 0.854360 0.022148
vt 0.856570 0.016001
vt 0.860215 0.029765
vt 0.013155 0.695951
vt 0.007590 0.690661
vt 0.850000 0.012315
vt 0.002935 0.684449
vt 0.006286 0.681043
vt 0.406514 0.575729
vt 0.403716 0.567865
vt 0.409511 0.570170
vt 0.002389 0.675364
vt 0.843450 0.008032
vt 0.401246 0.581753
vt 0.410337 0.578667
vt 0.584304 0.178960
vt 0.596508 0.183065
vt 0.158804 0.003492
vt 0.329982 0.162987
vt 0.470520 0.101500
vt 0.468332 0.100037
vt 0.479161 0.088350
vt 0.477039 0.094646
vt 0.483121 0.088275
vt 0.472433 0.103544
vt 0.481679 0.093529
vt 0.465669 0.110814
vt 0.463651 0.108781
vt 0.681323 0.303331
vt 0.047446 0.271658
vt 0.045368 0.272277
vt 0.049755 0.270802
vt 0.052297 0.269844
vt 0.107662 0.324856
vt 0.121614 0.327836
vt 0.129307 0.336004
vt 0.129471 0.320773
vt 0.137000 0.328784
vt 0.145074 0.336760
vt 0.144195 0.321354
vt 0.151885 0.329453
vt 0.192790 0.352417
vt 0.186438 0.360526
vt 0.166509 0.329453
vt 0.201595 0.360435
vt 0.195210 0.368519
vt 0.215189 0.363138
vt 0.233189 0.361196
vt 0.243048 0.369458
vt 0.253031 0.377897
vt 0.246219 0.386497
vt 0.721496 0.388417
vt 0.759648 0.412136
vt 0.457406 0.002406
vt 0.330142 0.732771
vt 0.318603 0.737393
vt 0.462618 0.009575
vt 0.786946 0.083382
vt 0.785408 0.080125
vt 0.751146 0.090652
vt 0.760293 0.083750
vt 0.796133 0.075780
vt 0.831592 0.079966
vt 0.832731 0.082364
vt 0.572251 0.126327
vt 0.570201 0.124855
vt 0.843093 0.076415
vt 0.844187 0.078850
vt 0.565333 0.136373
vt 0.563511 0.135159
vt 0.003209 0.237336
vt 0.005635 0.236680
vt 0.006299 0.252096
vt 0.003676 0.252263
vt 0.804484 0.108379
vt 0.802078 0.107292
vt 0.808938 0.098610
vt 0.810676 0.100141
vt 0.016972 0.762937
vt 0.053023 0.784164
vt 0.970430 0.226564
vt 0.969339 0.228858
vt 0.979871 0.181448
vt 0.980266 0.186234
vt 0.983854 0.173158
vt 0.077795 0.945528
vt 0.098092 0.889004
vt 0.115999 0.850139
vt 0.102087 0.865359
vt 0.097561 0.878681
vt 0.100075 0.865213
vt 0.796945 0.113298
vt 0.101095 0.855635
vt 0.111300 0.816616
vt 0.103696 0.810928
vt 0.003138 0.110605
vt 0.077416 0.791079
vt 0.066233 0.764829
vt 0.029690 0.757804
vt 0.026047 0.760673
vt 0.017247 0.759585
vt 0.012373 0.759326
vt 0.968896 0.004256
vt 0.003900 0.109963
vt 0.002696 0.125009
vt 0.002819 0.119964
vt 0.961181 0.011860
vt 0.961071 0.010763
vt 0.956801 0.015894
vt 0.024855 0.754053
vt 0.041039 0.752042
vt 0.126724 0.797968
vt 0.130576 0.807532
vt 0.135159 0.794995
vt 0.138356 0.803907
vt 0.162322 0.808119
vt 0.154092 0.825140
vt 0.161274 0.818662
vt 0.160410 0.829945
vt 0.153811 0.836562
vt 0.176909 0.830231
vt 0.187369 0.825916
vt 0.194172 0.818603
vt 0.197328 0.820992
vt 0.204048 0.813284
vt 0.206952 0.815491
vt 0.200314 0.823328
vt 0.121717 0.126141
vt 0.111854 0.124103
vt 0.112593 0.120356
vt 0.131398 0.128373
vt 0.101795 0.121813
vt 0.102666 0.117842
vt 0.113244 0.116730
vt 0.103375 0.114075
vt 0.092378 0.115049
vt 0.093111 0.111002
vt 0.909351 0.330589
vt 0.910447 0.334239
vt 0.900632 0.337854
vt 0.899356 0.333916
vt 0.890704 0.341650
vt 0.889257 0.337156
vt 0.801428 0.361552
vt 0.799989 0.357569
vt 0.808591 0.359562
vt 0.916510 0.022377
vt 0.920104 0.026255
vt 0.615968 0.085989
vt 0.612387 0.091044
vt 0.607146 0.096827
vt 0.896047 0.040251
vt 0.894873 0.037858
vt 0.604294 0.098476
vt 0.982231 0.007103
vt 0.977915 0.006859
vt 0.983828 0.005245
vt 0.987298 0.007664
vt 0.604142 0.082619
vt 0.599861 0.082689
vt 0.598822 0.078128
vt 0.628099 0.071134
vt 0.621976 0.077242
vt 0.924213 0.018774
vt 0.927119 0.022133
vt 0.930920 0.011675
vt 0.933293 0.014985
vt 0.921224 0.015481
vt 0.935535 0.017985
vt 0.783651 0.371219
vt 0.782308 0.367329
vt 0.792519 0.364224
vt 0.794159 0.367743
vt 0.791282 0.360396
vt 0.781156 0.363192
vt 0.770933 0.365887
vt 0.772041 0.370168
vt 0.318613 0.296841
vt 0.281954 0.277124
vt 0.273786 0.263287
vt 0.531095 0.334063
vt 0.532455 0.336762
vt 0.521273 0.337576
vt 0.528816 0.331774
vt 0.523494 0.340086
vt 0.514368 0.342969
vt 0.516221 0.345772
vt 0.551595 0.525028
vt 0.542224 0.528783
vt 0.550183 0.522311
vt 0.557378 0.516228
vt 0.994252 0.095816
vt 0.997322 0.096053
vt 0.509271 0.350624
vt 0.507996 0.347670
vt 0.175033 0.316028
vt 0.187084 0.316651
vt 0.157503 0.322677
vt 0.137512 0.312853
vt 0.036342 0.239373
vt 0.033815 0.238357
vt 0.211054 0.098742
vt 0.213626 0.100011
vt 0.490046 0.081426
vt 0.489142 0.078424
vt 0.243796 0.304538
vt 0.235542 0.312432
vt 0.240375 0.320377
vt 0.249253 0.312154
vt 0.255613 0.320055
vt 0.257662 0.303454
vt 0.252864 0.296061
vt 0.263704 0.311338
vt 0.271078 0.319268
vt 0.263285 0.327926
vt 0.271630 0.302474
vt 0.265699 0.294596
vt 0.278821 0.310433
vt 0.286704 0.318657
vt 0.279193 0.327515
vt 0.294273 0.309633
vt 0.308861 0.322035
vt 0.302494 0.332076
vt 0.762628 0.377368
vt 0.761860 0.372839
vt 0.760758 0.368410
vt 0.773174 0.374402
vt 0.785098 0.374841
vt 0.928818 0.008122
vt 0.939058 0.004282
vt 0.940811 0.007872
vt 0.798143 0.373577
vt 0.926707 0.002276
vt 0.809988 0.374907
vt 0.488739 0.008878
vt 0.496557 0.008611
vt 0.496769 0.014368
vt 0.488487 0.015025
vt 0.818879 0.372530
vt 0.830837 0.393695
vt 0.236751 0.758744
vt 0.272293 0.751874
vt 0.291133 0.748692
vt 0.235287 0.755816
vt 0.218376 0.772456
vt 0.755288 0.077648
vt 0.764512 0.070182
vt 0.766596 0.072580
vt 0.757498 0.080090
vt 0.795670 0.059500
vt 0.769596 0.076552
vt 0.803356 0.061448
vt 0.805008 0.065575
vt 0.812819 0.053583
vt 0.814994 0.058817
vt 0.816492 0.063380
vt 0.806257 0.069342
vt 0.817348 0.067198
vt 0.163468 0.766101
vt 0.175036 0.761809
vt 0.174663 0.766411
vt 0.175713 0.758086
vt 0.828442 0.064815
vt 0.828836 0.068192
vt 0.142148 0.751251
vt 0.164867 0.753175
vt 0.154572 0.748651
vt 0.166261 0.750284
vt 0.142576 0.747874
vt 0.840443 0.067928
vt 0.851640 0.063811
vt 0.852573 0.066702
vt 0.841195 0.070912
vt 0.863289 0.062222
vt 0.862309 0.059281
vt 0.865085 0.064640
vt 0.884703 0.057917
vt 0.875416 0.062837
vt 0.883486 0.055343
vt 0.873170 0.057498
vt 0.886022 0.060538
vt 0.876589 0.065383
vt 0.897325 0.047382
vt 0.002074 0.212409
vt 0.001876 0.203074
vt 0.004820 0.212651
vt 0.553435 0.002968
vt 0.551515 0.003075
vt 0.551536 0.002407
vt 0.553057 0.002405
vt 0.095398 0.824985
vt 0.097703 0.830610
vt 0.812319 0.093933
vt 0.813900 0.095043
vt 0.007703 0.761247
vt 0.002817 0.109839
vt 0.003937 0.109193
vt 0.973838 0.002005
vt 0.957809 0.016552
vt 0.943900 0.021825
vt 0.058973 0.752082
vt 0.087640 0.757797
vt 0.086109 0.765206
vt 0.100466 0.751753
vt 0.047660 0.749750
vt 0.945389 0.024232
vt 0.141157 0.774393
vt 0.130428 0.776064
vt 0.132397 0.785489
vt 0.142525 0.783412
vt 0.153259 0.781663
vt 0.165101 0.785587
vt 0.168889 0.811994
vt 0.179489 0.803184
vt 0.181713 0.809079
vt 0.117164 0.148857
vt 0.118172 0.142150
vt 0.127780 0.143406
vt 0.108345 0.141303
vt 0.109432 0.135609
vt 0.119301 0.136801
vt 0.197598 0.808305
vt 0.200903 0.810895
vt 0.099076 0.134582
vt 0.100064 0.129831
vt 0.110339 0.131296
vt 0.208027 0.802857
vt 0.211025 0.805302
vt 0.100977 0.125714
vt 0.091561 0.119438
vt 0.213962 0.807615
vt 0.081407 0.116770
vt 0.082487 0.112065
vt 0.882292 0.349824
vt 0.892696 0.345836
vt 0.880548 0.345036
vt 0.902505 0.341555
vt 0.871589 0.353110
vt 0.870075 0.347978
vt 0.879132 0.340135
vt 0.859499 0.350337
vt 0.846205 0.348116
vt 0.860736 0.355502
vt 0.873500 0.359179
vt 0.878639 0.372240
vt 0.077890 0.130160
vt 0.088439 0.132928
vt 0.902041 0.361455
vt 0.912063 0.353921
vt 0.914402 0.357372
vt 0.098029 0.139909
vt 0.096690 0.145287
vt 0.095024 0.149892
vt 0.112591 0.154582
vt 0.204869 0.782468
vt 0.206786 0.785251
vt 0.195794 0.791482
vt 0.203030 0.779434
vt 0.176211 0.781396
vt 0.810183 0.048361
vt 0.817293 0.038830
vt 0.820836 0.044409
vt 0.823987 0.050715
vt 0.826423 0.056620
vt 0.152295 0.773485
vt 0.163511 0.772775
vt 0.163997 0.779532
vt 0.152065 0.765780
vt 0.827092 0.034431
vt 0.831245 0.040713
vt 0.218133 0.776247
vt 0.082984 0.149450
vt 0.071653 0.143866
vt 0.076799 0.133917
vt 0.832536 0.359216
vt 0.826642 0.371263
vt 0.826628 0.364167
vt 0.597662 0.072986
vt 0.880738 0.376862
vt 0.051548 0.135052
vt 0.002526 0.221992
vt 0.005096 0.222144
vt 0.552766 0.002078
vt 0.842105 0.073712
vt 0.807122 0.072873
vt 0.794806 0.072386
vt 0.748946 0.087819
vt 0.746643 0.085268
vt 0.301040 0.744631
vt 0.793167 0.406205
vt 0.271799 0.336091
vt 0.289466 0.336693
vt 0.267191 0.360479
vt 0.250028 0.360917
vt 0.259873 0.369386
vt 0.796229 0.370744
vt 0.273709 0.285743
vt 0.235455 0.287672
vt 0.799746 0.114120
vt 0.416520 0.037974
vt 0.418518 0.037354
vt 0.513947 0.011957
vt 0.513228 0.009273
vt 0.514320 0.009847
vt 0.080685 0.185806
vt 0.495119 0.152936
vt 0.498407 0.147141
vt 0.488731 0.164615
vt 0.490594 0.166221
vt 0.495905 0.161113
vt 0.289119 0.107492
vt 0.287950 0.105193
vt 0.294722 0.102939
vt 0.295799 0.104972
vt 0.493088 0.167639
vt 0.208508 0.193220
vt 0.218502 0.198387
vt 0.189517 0.286891
vt 0.193695 0.279675
vt 0.522788 0.361298
vt 0.526236 0.365697
vt 0.530028 0.369906
vt 0.533821 0.374115
vt 0.539610 0.368586
vt 0.528602 0.380278
vt 0.718071 0.443693
vt 0.719010 0.449411
vt 0.201487 0.264586
vt 0.302628 0.101919
vt 0.127430 0.093945
vt 0.126974 0.096311
vt 0.115520 0.096457
vt 0.503487 0.142881
vt 0.505704 0.144439
vt 0.508358 0.139347
vt 0.506537 0.138077
vt 0.502955 0.139959
vt 0.507821 0.132566
vt 0.078990 0.179079
vt 0.082608 0.184171
vt 0.134567 0.094251
vt 0.134168 0.096687
vt 0.718787 0.467478
vt 0.501497 0.163732
vt 0.502503 0.164209
vt 0.497847 0.169383
vt 0.492555 0.178704
vt 0.491226 0.179000
vt 0.494175 0.174524
vt 0.776324 0.033966
vt 0.776046 0.032696
vt 0.441861 0.114253
vt 0.443507 0.116056
vt 0.713659 0.262147
vt 0.036145 0.012357
vt 0.033930 0.011752
vt 0.124140 0.703523
vt 0.524537 0.388903
vt 0.516329 0.394582
vt 0.878102 0.127054
vt 0.881227 0.128448
vt 0.723217 0.204649
vt 0.968635 0.229625
vt 0.411943 0.020907
vt 0.412822 0.020012
vt 0.825335 0.088541
vt 0.826946 0.090732
vt 0.001857 0.009604
vt 0.001857 0.007080
vt 0.004114 0.007417
vt 0.003854 0.009286
vt 0.726987 0.095810
vt 0.726203 0.095308
vt 0.726949 0.094005
vt 0.728467 0.094339
vt 0.724500 0.095538
vt 0.829121 0.553847
vt 0.842922 0.556737
vt 0.835420 0.561806
vt 0.852335 0.553578
vt 0.822791 0.542556
vt 0.866825 0.606971
vt 0.866584 0.596181
vt 0.859861 0.585023
vt 0.864932 0.581253
vt 0.856537 0.598162
vt 0.852653 0.588105
vt 0.857605 0.607916
vt 0.939713 0.017685
vt 0.938087 0.014960
vt 0.942266 0.012002
vt 0.892740 0.025757
vt 0.898280 0.024468
vt 0.894130 0.030802
vt 0.891429 0.031081
vt 0.705022 0.843174
vt 0.693015 0.848694
vt 0.894325 0.020662
vt 0.901707 0.020126
vt 0.703122 0.848983
vt 0.693685 0.853954
vt 0.993778 0.005234
vt 0.991372 0.005535
vt 0.992239 0.001866
vt 0.995446 0.002719
vt 0.835884 0.345787
vt 0.833310 0.345609
vt 0.997177 0.004908
vt 0.994690 0.006809
vt 0.657837 0.118462
vt 0.658385 0.119415
vt 0.885528 0.030186
vt 0.888528 0.029990
vt 0.887481 0.038041
vt 0.515497 0.075581
vt 0.509196 0.072130
vt 0.519635 0.064949
vt 0.690894 0.003423
vt 0.702536 0.002081
vt 0.702536 0.007141
vt 0.692503 0.007088
vt 0.043322 0.080100
vt 0.043175 0.071417
vt 0.050844 0.072992
vt 0.050844 0.080884
vt 0.490856 0.058858
vt 0.500400 0.059938
vt 0.495226 0.066748
vt 0.884010 0.021784
vt 0.882089 0.014577
vt 0.889682 0.015333
vt 0.888740 0.021209
vt 0.714812 0.848859
vt 0.721467 0.846121
vt 0.722276 0.854821
vt 0.715529 0.857078
vt 0.876604 0.017720
vt 0.729858 0.846306
vt 0.730175 0.853358
vt 0.873071 0.008411
vt 0.869675 0.011091
vt 0.710229 0.019067
vt 0.708030 0.018759
vt 0.708537 0.016724
vt 0.711760 0.016855
vt 0.399645 0.117824
vt 0.412373 0.109908
vt 0.705761 0.017481
vt 0.373813 0.167812
vt 0.364554 0.172104
vt 0.378382 0.158264
vt 0.369057 0.176277
vt 0.364065 0.180738
vt 0.901024 0.101059
vt 0.893131 0.105427
vt 0.894516 0.092257
vt 0.899586 0.091614
vt 0.887473 0.101699
vt 0.891031 0.090790
vt 0.391769 0.248253
vt 0.392659 0.233989
vt 0.401161 0.241398
vt 0.398042 0.224710
vt 0.405032 0.230729
vt 0.386201 0.245436
vt 0.386631 0.234042
vt 0.929721 0.800899
vt 0.918849 0.807311
vt 0.917832 0.801294
vt 0.927411 0.795371
vt 0.548882 0.880732
vt 0.551219 0.870830
vt 0.556075 0.874677
vt 0.552106 0.882178
vt 0.542395 0.879995
vt 0.542357 0.871730
vt 0.371000 0.774168
vt 0.383306 0.772254
vt 0.388153 0.780100
vt 0.359934 0.782923
vt 0.361236 0.777971
vt 0.430735 0.902384
vt 0.438446 0.899469
vt 0.444108 0.908722
vt 0.439748 0.912141
vt 0.428578 0.908636
vt 0.437341 0.915024
vt 0.731052 0.312339
vt 0.725759 0.306470
vt 0.738264 0.300144
vt 0.315029 0.425731
vt 0.309290 0.413094
vt 0.319235 0.411657
vt 0.321522 0.422556
vt 0.314347 0.397398
vt 0.299383 0.404439
vt 0.306370 0.392249
vt 0.240186 0.507991
vt 0.231366 0.520862
vt 0.243414 0.520236
vt 0.211389 0.511559
vt 0.220274 0.524932
vt 0.220522 0.873147
vt 0.209369 0.868584
vt 0.215542 0.862215
vt 0.223123 0.864130
vt 0.876593 0.680732
vt 0.870245 0.685706
vt 0.866186 0.680876
vt 0.955049 0.045587
vt 0.877521 0.691355
vt 0.951151 0.065788
vt 0.396160 0.066206
vt 0.387013 0.073081
vt 0.970574 0.110575
vt 0.957662 0.139722
vt 0.966894 0.131320
vt 0.963014 0.141992
vt 0.971511 0.133544
vt 0.968284 0.143793
vt 0.959433 0.152540
vt 0.949139 0.159625
vt 0.965071 0.154626
vt 0.961362 0.165631
vt 0.955402 0.163202
vt 0.101383 0.960077
vt 0.109502 0.948648
vt 0.112585 0.955127
vt 0.106129 0.942812
vt 0.102432 0.937146
vt 0.092760 0.943528
vt 0.116354 0.936336
vt 0.120126 0.942760
vt 0.112133 0.930488
vt 0.107985 0.924385
vt 0.098856 0.931278
vt 0.739460 0.741094
vt 0.734292 0.735049
vt 0.742772 0.727599
vt 0.747838 0.733743
vt 0.744389 0.747055
vt 0.738080 0.774371
vt 0.727290 0.810121
vt 0.714245 0.819132
vt 0.743513 0.797970
vt 0.204433 0.552275
vt 0.191622 0.563214
vt 0.174283 0.526214
vt 0.226479 0.537199
vt 0.012006 0.156030
vt 0.009764 0.154937
vt 0.009153 0.149151
vt 0.163276 0.517507
vt 0.010559 0.160369
vt 0.012945 0.162207
vt 0.155453 0.526716
vt 0.011709 0.166899
vt 0.160985 0.540497
vt 0.165550 0.602908
vt 0.158498 0.595624
vt 0.745049 0.782417
vt 0.747803 0.767037
vt 0.749596 0.753532
vt 0.752791 0.739931
vt 0.756346 0.726472
vt 0.764896 0.719381
vt 0.751674 0.720251
vt 0.761477 0.712825
vt 0.757537 0.707882
vt 0.747887 0.714679
vt 0.773773 0.712476
vt 0.777853 0.696078
vt 0.780210 0.700832
vt 0.073713 0.955046
vt 0.066041 0.964985
vt 0.978983 0.113933
vt 0.974724 0.112406
vt 0.979067 0.101842
vt 0.982940 0.103135
vt 0.982992 0.090111
vt 0.411980 0.067591
vt 0.401664 0.073857
vt 0.945409 0.046729
vt 0.362690 0.068969
vt 0.943742 0.169755
vt 0.932546 0.171684
vt 0.950509 0.173661
vt 0.115251 0.961678
vt 0.103905 0.965619
vt 0.945341 0.183686
vt 0.937958 0.179393
vt 0.126749 0.957537
vt 0.123739 0.950166
vt 0.134933 0.945091
vt 0.138072 0.953103
vt 0.130847 0.937094
vt 0.141755 0.931685
vt 0.146345 0.939981
vt 0.146756 0.919291
vt 0.152708 0.926449
vt 0.157091 0.914023
vt 0.146590 0.900223
vt 0.156377 0.894884
vt 0.161139 0.901451
vt 0.700968 0.762017
vt 0.697687 0.774327
vt 0.692837 0.768640
vt 0.686384 0.809328
vt 0.681311 0.802988
vt 0.689283 0.780675
vt 0.685339 0.792076
vt 0.686010 0.820328
vt 0.691737 0.831208
vt 0.680673 0.834954
vt 0.674075 0.825277
vt 0.677338 0.813797
vt 0.237383 0.532647
vt 0.670319 0.837551
vt 0.664835 0.828855
vt 0.687146 0.846576
vt 0.675041 0.847423
vt 0.659891 0.839668
vt 0.656095 0.832718
vt 0.663354 0.848071
vt 0.255213 0.520602
vt 0.253222 0.511129
vt 0.265079 0.513786
vt 0.266344 0.521314
vt 0.652472 0.848938
vt 0.648575 0.839041
vt 0.642178 0.849895
vt 0.640367 0.844401
vt 0.636797 0.836727
vt 0.629325 0.842171
vt 0.626208 0.835817
vt 0.618841 0.840474
vt 0.644246 0.831276
vt 0.615478 0.834080
vt 0.610593 0.842084
vt 0.609040 0.838928
vt 0.633555 0.830974
vt 0.607245 0.835993
vt 0.601050 0.840261
vt 0.599414 0.837655
vt 0.623270 0.830690
vt 0.667942 0.139580
vt 0.665484 0.137656
vt 0.672299 0.131905
vt 0.674851 0.133813
vt 0.661460 0.146080
vt 0.659016 0.144179
vt 0.655045 0.153310
vt 0.656323 0.141984
vt 0.662801 0.135224
vt 0.641015 0.155029
vt 0.652536 0.141503
vt 0.032194 0.436237
vt 0.020147 0.359942
vt 0.753618 0.805056
vt 0.751912 0.804046
vt 0.035992 0.303763
vt 0.043568 0.313590
vt 0.780888 0.804731
vt 0.772756 0.804306
vt 0.754760 0.800719
vt 0.740328 0.085633
vt 0.739295 0.084432
vt 0.750970 0.802356
vt 0.737104 0.088434
vt 0.736143 0.087137
vt 0.733871 0.091104
vt 0.733175 0.089768
vt 0.515393 0.541135
vt 0.519635 0.538857
vt 0.521245 0.536157
vt 0.706889 0.002049
vt 0.708233 0.002941
vt 0.706434 0.003423
vt 0.944183 0.002397
vt 0.943122 0.004013
vt 0.942654 0.002265
vt 0.944326 0.980383
vt 0.928980 0.910345
vt 0.737805 0.004440
vt 0.737238 0.002718
vt 0.738830 0.003353
vt 0.744752 0.807518
vt 0.747431 0.804582
vt 0.513093 0.518810
vt 0.623538 0.185776
vt 0.621875 0.183472
vt 0.041246 0.272604
vt 0.043307 0.279338
vt 0.766037 0.806370
vt 0.771677 0.808064
vt 0.019071 0.409711
vt 0.634753 0.177788
vt 0.783758 0.047173
vt 0.781899 0.051919
vt 0.769967 0.058859
vt 0.768536 0.056158
vt 0.766761 0.053607
vt 0.780703 0.045638
vt 0.761407 0.060225
vt 0.759471 0.057598
vt 0.763004 0.062943
vt 0.601272 0.846561
vt 0.602429 0.843182
vt 0.759475 0.053929
vt 0.602124 0.849745
vt 0.613687 0.852710
vt 0.633370 0.856238
vt 0.643282 0.856214
vt 0.276228 0.516518
vt 0.265141 0.505517
vt 0.654024 0.856458
vt 0.266591 0.497455
vt 0.253074 0.501650
vt 0.254754 0.492670
vt 0.236427 0.471976
vt 0.258047 0.483889
vt 0.224344 0.463869
vt 0.569443 0.974921
vt 0.566973 0.976174
vt 0.014079 0.166596
vt 0.014383 0.169999
vt 0.012115 0.170259
vt 0.711372 0.301166
vt 0.712969 0.303855
vt 0.719931 0.294581
vt 0.722112 0.298153
vt 0.731156 0.291054
vt 0.734543 0.295484
vt 0.724153 0.302191
vt 0.728172 0.286876
vt 0.714472 0.306937
vt 0.704929 0.311607
vt 0.435018 0.917497
vt 0.444929 0.922301
vt 0.443048 0.924776
vt 0.425483 0.911769
vt 0.451516 0.933057
vt 0.454345 0.913541
vt 0.449565 0.904694
vt 0.718618 0.322648
vt 0.717722 0.317017
vt 0.730220 0.319935
vt 0.457058 0.901360
vt 0.460579 0.909633
vt 0.717794 0.329256
vt 0.716120 0.336520
vt 0.724576 0.350088
vt 0.744284 0.363089
vt 0.995468 0.801942
vt 0.992666 0.825467
vt 0.425321 0.829470
vt 0.458270 0.813216
vt 0.466662 0.867395
vt 0.429940 0.844070
vt 0.443940 0.803762
vt 0.417030 0.816290
vt 0.459721 0.796803
vt 0.435016 0.791796
vt 0.444450 0.788048
vt 0.454058 0.784393
vt 0.448799 0.772980
vt 0.438583 0.776065
vt 0.464003 0.780925
vt 0.469216 0.792946
vt 0.467857 0.767012
vt 0.455762 0.759260
vt 0.443873 0.762782
vt 0.449313 0.751391
vt 0.458393 0.739654
vt 0.470011 0.729939
vt 0.486935 0.721550
vt 0.496947 0.717545
vt 0.716445 0.005884
vt 0.724820 0.004089
vt 0.725349 0.008097
vt 0.716737 0.010532
vt 0.407792 0.024073
vt 0.399267 0.024569
vt 0.399957 0.019246
vt 0.408684 0.019155
vt 0.407705 0.028716
vt 0.399410 0.029904
vt 0.406756 0.258804
vt 0.414945 0.252467
vt 0.403112 0.214819
vt 0.407818 0.204435
vt 0.835469 0.044222
vt 0.838209 0.053181
vt 0.829995 0.054312
vt 0.827315 0.046406
vt 0.413962 0.194315
vt 0.420036 0.200395
vt 0.390342 0.168399
vt 0.383712 0.177972
vt 0.378686 0.172809
vt 0.385570 0.161084
vt 0.388804 0.141558
vt 0.396613 0.158734
vt 0.397364 0.129876
vt 0.404220 0.135225
vt 0.397096 0.143679
vt 0.425264 0.105085
vt 0.429083 0.109096
vt 0.435143 0.096670
vt 0.425473 0.089425
vt 0.433847 0.074386
vt 0.642899 0.132151
vt 0.642356 0.130808
vt 0.649598 0.123738
vt 0.530228 0.120213
vt 0.524805 0.129397
vt 0.533976 0.114474
vt 0.947095 0.037701
vt 0.949239 0.035973
vt 0.946598 0.040971
vt 0.944806 0.039769
vt 0.457935 0.032059
vt 0.911628 0.071821
vt 0.913918 0.068833
vt 0.426259 0.073793
vt 0.426733 0.070546
vt 0.429130 0.070805
vt 0.428881 0.074256
vt 0.426711 0.065971
vt 0.429100 0.066123
vt 0.917406 0.065690
vt 0.425005 0.066283
vt 0.424191 0.060476
vt 0.409448 0.097486
vt 0.417219 0.093686
vt 0.616289 0.161960
vt 0.629826 0.153288
vt 0.424071 0.087937
vt 0.430911 0.081894
vt 0.401486 0.100641
vt 0.386237 0.093851
vt 0.623925 0.020615
vt 0.621246 0.021089
vt 0.620731 0.018906
vt 0.623687 0.018480
vt 0.391692 0.086522
vt 0.393377 0.089351
vt 0.620838 0.016663
vt 0.623799 0.016831
vt 0.617739 0.019355
vt 0.617729 0.016663
vt 0.711939 0.014348
vt 0.708146 0.014630
vt 0.463498 0.097987
vt 0.461315 0.100247
vt 0.465785 0.096254
vt 0.704406 0.020683
vt 0.703323 0.018844
vt 0.363835 0.148997
vt 0.359309 0.182646
vt 0.897005 0.081511
vt 0.901471 0.083055
vt 0.356606 0.183197
vt 0.894554 0.079995
vt 0.893312 0.079085
vt 0.879911 0.109076
vt 0.876957 0.106790
vt 0.883423 0.112219
vt 0.382006 0.243784
vt 0.378580 0.242685
vt 0.390839 0.261286
vt 0.388083 0.282088
vt 0.388984 0.287141
vt 0.401728 0.268750
vt 0.396560 0.278880
vt 0.465594 0.727250
vt 0.475813 0.723018
vt 0.734156 0.005671
vt 0.733222 0.002196
vt 0.456478 0.734169
vt 0.455368 0.731208
vt 0.437860 0.747186
vt 0.440206 0.754221
vt 0.429400 0.757290
vt 0.446646 0.738965
vt 0.433171 0.765759
vt 0.422528 0.768840
vt 0.418580 0.760541
vt 0.428516 0.779486
vt 0.418585 0.783246
vt 0.411824 0.772336
vt 0.421717 0.797437
vt 0.408736 0.787213
vt 0.423107 0.893242
vt 0.757120 0.315509
vt 0.778038 0.317356
vt 0.739698 0.283333
vt 0.747063 0.275480
vt 0.034486 0.066583
vt 0.022332 0.065768
vt 0.149506 0.589111
vt 0.143056 0.611570
vt 0.785997 0.762821
vt 0.786986 0.748003
vt 0.788539 0.733028
vt 0.791053 0.717962
vt 0.777913 0.718762
vt 0.783042 0.705896
vt 0.792678 0.700061
vt 0.037380 0.984532
vt 0.026149 0.989831
vt 0.024395 0.986637
vt 0.039407 0.988013
vt 0.028127 0.992877
vt 0.990183 0.091716
vt 0.986686 0.091178
vt 0.989179 0.078287
vt 0.992408 0.078534
vt 0.985599 0.077693
vt 0.986543 0.064976
vt 0.989835 0.065048
vt 0.985866 0.052268
vt 0.980717 0.041231
vt 0.976964 0.031090
vt 0.340038 0.070326
vt 0.323529 0.071238
vt 0.919643 0.075556
vt 0.908414 0.087459
vt 0.323052 0.081009
vt 0.312763 0.081500
vt 0.313336 0.071539
vt 0.915930 0.109563
vt 0.908801 0.102364
vt 0.312276 0.090791
vt 0.300892 0.091400
vt 0.932310 0.188635
vt 0.926649 0.197314
vt 0.151922 0.956918
vt 0.140615 0.960925
vt 0.149598 0.948535
vt 0.920761 0.205930
vt 0.913052 0.200132
vt 0.163414 0.952936
vt 0.170070 0.946894
vt 0.157647 0.934504
vt 0.172458 0.938358
vt 0.169360 0.928676
vt 0.164158 0.920984
vt 0.180812 0.923548
vt 0.183217 0.933844
vt 0.175949 0.915041
vt 0.168079 0.908020
vt 0.186627 0.909428
vt 0.191273 0.919374
vt 0.178591 0.901588
vt 0.171585 0.895815
vt 0.188886 0.896700
vt 0.197489 0.905494
vt 0.181569 0.890283
vt 0.175992 0.884109
vt 0.166144 0.889398
vt 0.192210 0.885392
vt 0.199647 0.892290
vt 0.186207 0.879329
vt 0.181767 0.873546
vt 0.172047 0.878411
vt 0.197265 0.874734
vt 0.205023 0.879709
vt 0.191837 0.869082
vt 0.676750 0.797271
vt 0.672619 0.792278
vt 0.681036 0.786622
vt 0.201773 0.864283
vt 0.667285 0.802068
vt 0.662873 0.797625
vt 0.672185 0.807676
vt 0.197283 0.859393
vt 0.668526 0.818080
vt 0.660125 0.822241
vt 0.652295 0.826985
vt 0.648603 0.822042
vt 0.641259 0.826760
vt 0.645304 0.817913
vt 0.638366 0.822721
vt 0.631048 0.826926
vt 0.635749 0.819448
vt 0.642887 0.815162
vt 0.628439 0.823407
vt 0.620816 0.827163
vt 0.679373 0.126593
vt 0.688972 0.109029
vt 0.660570 0.132949
vt 0.658610 0.130751
vt 0.667180 0.122034
vt 0.651928 0.138104
vt 0.043810 0.460227
vt 0.061932 0.383361
vt 0.058278 0.332547
vt 0.053932 0.320446
vt 0.509948 0.545997
vt 0.493790 0.513953
vt 0.243402 0.097765
vt 0.244206 0.095681
vt 0.517088 0.542392
vt 0.013654 0.391261
vt 0.009068 0.372820
vt 0.039629 0.288279
vt 0.035850 0.290050
vt 0.607323 0.198667
vt 0.621671 0.192460
vt 0.793095 0.044786
vt 0.792257 0.042098
vt 0.542607 0.851331
vt 0.567103 0.845791
vt 0.547940 0.852804
vt 0.790977 0.039691
vt 0.586937 0.848184
vt 0.587359 0.851152
vt 0.572456 0.853073
vt 0.772937 0.046752
vt 0.781217 0.042147
vt 0.771063 0.044572
vt 0.762886 0.048879
vt 0.317060 0.533050
vt 0.317447 0.530034
vt 0.330924 0.538366
vt 0.592095 0.853738
vt 0.604767 0.852987
vt 0.604605 0.856470
vt 0.613832 0.856536
vt 0.318231 0.526754
vt 0.299799 0.513700
vt 0.280094 0.495440
vt 0.283143 0.488993
vt 0.293009 0.495798
vt 0.291323 0.502447
vt 0.269333 0.489556
vt 0.272968 0.482136
vt 0.262438 0.475514
vt 0.267673 0.467207
vt 0.277333 0.474602
vt 0.251806 0.468948
vt 0.257617 0.460175
vt 0.243903 0.458057
vt 0.235162 0.447294
vt 0.242544 0.436759
vt 0.558441 0.974622
vt 0.568188 0.978591
vt 0.562678 0.979569
vt 0.570223 0.977785
vt 0.005328 0.074748
vt 0.003654 0.073773
vt 0.560684 0.981354
vt 0.660807 0.328967
vt 0.671045 0.322817
vt 0.672475 0.325225
vt 0.662305 0.331413
vt 0.681230 0.317196
vt 0.666971 0.331777
vt 0.468487 0.906597
vt 0.475871 0.953754
vt 0.465822 0.898170
vt 0.477545 0.903337
vt 0.475130 0.894948
vt 0.714033 0.343815
vt 0.485076 0.891727
vt 0.487279 0.900035
vt 0.987239 0.792464
vt 0.995455 0.790057
vt 0.969854 0.795664
vt 0.971294 0.828268
vt 0.959730 0.828964
vt 0.961703 0.806068
vt 0.476505 0.861458
vt 0.487554 0.842957
vt 0.479002 0.788945
vt 0.509461 0.722162
vt 0.507671 0.717467
vt 0.502800 0.731129
vt 0.391062 0.019210
vt 0.390588 0.024881
vt 0.517302 0.713364
vt 0.527034 0.709088
vt 0.528727 0.713726
vt 0.381923 0.019132
vt 0.377674 0.025310
vt 0.431998 0.198189
vt 0.372638 0.019272
vt 0.448423 0.200778
vt 0.562844 0.013558
vt 0.553439 0.014577
vt 0.552994 0.004826
vt 0.563188 0.003683
vt 0.426059 0.190634
vt 0.432183 0.180934
vt 0.438976 0.186636
vt 0.572321 0.012585
vt 0.572912 0.002688
vt 0.403093 0.149565
vt 0.582342 0.001863
vt 0.581472 0.011955
vt 0.410354 0.140746
vt 0.592812 0.001898
vt 0.590851 0.012030
vt 0.419344 0.131394
vt 0.611854 0.002548
vt 0.610759 0.011954
vt 0.600615 0.012227
vt 0.433977 0.114626
vt 0.621932 0.003527
vt 0.620889 0.012128
vt 0.442502 0.106046
vt 0.438466 0.100496
vt 0.450938 0.098055
vt 0.451142 0.033164
vt 0.446075 0.062638
vt 0.657811 0.116812
vt 0.536536 0.110723
vt 0.874475 0.004178
vt 0.873152 0.001866
vt 0.874860 0.002000
vt 0.875512 0.003571
vt 0.873213 0.004907
vt 0.871078 0.002192
vt 0.460246 0.045380
vt 0.463664 0.047933
vt 0.462209 0.043816
vt 0.465387 0.046300
vt 0.961472 0.033813
vt 0.957389 0.033439
vt 0.959694 0.031987
vt 0.468391 0.050397
vt 0.469831 0.048582
vt 0.431134 0.059154
vt 0.431482 0.066703
vt 0.664739 0.003209
vt 0.670728 0.002201
vt 0.671230 0.003497
vt 0.664551 0.004601
vt 0.410134 0.095531
vt 0.417073 0.091898
vt 0.658023 0.005178
vt 0.403902 0.097135
vt 0.664536 0.005757
vt 0.394825 0.095529
vt 0.399518 0.096725
vt 0.642661 0.004307
vt 0.644097 0.003090
vt 0.626870 0.019489
vt 0.626721 0.017853
vt 0.644472 0.002166
vt 0.648519 0.003092
vt 0.626838 0.016742
vt 0.368061 0.117005
vt 0.366271 0.116247
vt 0.958936 0.026683
vt 0.951159 0.030385
vt 0.955905 0.025504
vt 0.948341 0.029219
vt 0.900069 0.068970
vt 0.901505 0.070584
vt 0.891792 0.077661
vt 0.354216 0.159284
vt 0.356842 0.147751
vt 0.355263 0.183371
vt 0.916223 0.052088
vt 0.917414 0.053668
vt 0.908370 0.060768
vt 0.907091 0.059212
vt 0.361345 0.131117
vt 0.914566 0.050198
vt 0.923661 0.043055
vt 0.932450 0.036496
vt 0.440093 0.123912
vt 0.433889 0.131117
vt 0.959175 0.607448
vt 0.861474 0.641613
vt 0.971447 0.608019
vt 0.976469 0.609437
vt 0.814236 0.109157
vt 0.862903 0.087071
vt 0.863983 0.085544
vt 0.866391 0.086099
vt 0.864544 0.087887
vt 0.871456 0.636481
vt 0.810040 0.114933
vt 0.964026 0.606721
vt 0.058772 0.105884
vt 0.058929 0.102639
vt 0.858385 0.639031
vt 0.868719 0.643202
vt 0.849573 0.646232
vt 0.849457 0.643582
vt 0.905512 0.057460
vt 0.898758 0.067533
vt 0.890642 0.076370
vt 0.874218 0.104628
vt 0.871537 0.102476
vt 0.375376 0.241558
vt 0.372753 0.251102
vt 0.326795 0.022583
vt 0.326688 0.019192
vt 0.335606 0.019432
vt 0.335900 0.022989
vt 0.344770 0.019769
vt 0.345217 0.023461
vt 0.445072 0.734694
vt 0.435970 0.741108
vt 0.434733 0.737666
vt 0.400606 0.776346
vt 0.398863 0.791355
vt 0.387557 0.847861
vt 0.379006 0.834687
vt 0.386206 0.865213
vt 0.378790 0.852033
vt 0.791562 0.323759
vt 0.377223 0.869260
vt 0.794884 0.301854
vt 0.812062 0.303058
vt 0.753768 0.267985
vt 0.058833 0.083420
vt 0.063992 0.093701
vt 0.052643 0.091403
vt 0.061006 0.075215
vt 0.118195 0.590407
vt 0.109491 0.583258
vt 0.110687 0.599721
vt 0.134130 0.621050
vt 0.802121 0.748138
vt 0.794120 0.755617
vt 0.794980 0.740674
vt 0.802887 0.732785
vt 0.810094 0.739987
vt 0.796452 0.725354
vt 0.816776 0.695139
vt 0.829543 0.668787
vt 0.828102 0.665389
vt 0.825760 0.686829
vt 0.840761 0.659586
vt 0.842005 0.662776
vt 0.022928 0.983224
vt 0.013666 0.992507
vt 0.012097 0.989325
vt 0.839839 0.656867
vt 0.852994 0.652267
vt 0.854014 0.654867
vt 0.995913 0.064746
vt 0.995441 0.078480
vt 0.992981 0.064965
vt 0.015474 0.995512
vt 0.991835 0.051604
vt 0.994620 0.051184
vt 0.988866 0.052022
vt 0.986713 0.039775
vt 0.989565 0.039073
vt 0.983725 0.040513
vt 0.980654 0.029794
vt 0.983595 0.028729
vt 0.976775 0.019831
vt 0.969794 0.012521
vt 0.972193 0.010990
vt 0.302927 0.071652
vt 0.280581 0.092084
vt 0.270181 0.092592
vt 0.271150 0.082440
vt 0.901892 0.198753
vt 0.906987 0.208639
vt 0.915004 0.214185
vt 0.901388 0.216470
vt 0.893793 0.209750
vt 0.187324 0.953543
vt 0.176629 0.957170
vt 0.185028 0.944583
vt 0.195254 0.940755
vt 0.197464 0.949402
vt 0.193625 0.930193
vt 0.204742 0.926741
vt 0.206763 0.937789
vt 0.202002 0.915795
vt 0.211844 0.911875
vt 0.215099 0.922715
vt 0.207442 0.901395
vt 0.217001 0.897085
vt 0.221442 0.907655
vt 0.210994 0.886933
vt 0.231936 0.903134
vt 0.242575 0.899013
vt 0.246696 0.885756
vt 0.251584 0.894792
vt 0.241793 0.877027
vt 0.248673 0.873498
vt 0.254417 0.881129
vt 0.244414 0.866453
vt 0.242028 0.860853
vt 0.252366 0.863013
vt 0.256688 0.868660
vt 0.249477 0.857903
vt 0.986975 0.741393
vt 0.994245 0.745790
vt 0.996121 0.752917
vt 0.258271 0.854164
vt 0.261216 0.858411
vt 0.991399 0.737947
vt 0.983340 0.730956
vt 0.987720 0.728938
vt 0.961249 0.728493
vt 0.958638 0.711603
vt 0.965593 0.740732
vt 0.953434 0.730415
vt 0.089157 0.455703
vt 0.094135 0.462861
vt 0.914537 0.722421
vt 0.916271 0.729676
vt 0.907103 0.736575
vt 0.888257 0.729129
vt 0.896525 0.723620
vt 0.864491 0.749957
vt 0.856386 0.733248
vt 0.854305 0.753003
vt 0.845024 0.740131
vt 0.513642 0.545643
vt 0.521435 0.001916
vt 0.523099 0.003989
vt 0.436060 0.496611
vt 0.448952 0.509160
vt 0.510946 0.548199
vt 0.419954 0.905851
vt 0.418816 0.903925
vt 0.243975 0.094121
vt 0.248773 0.092929
vt 0.250011 0.094871
vt 0.004310 0.364820
vt 0.006278 0.373960
vt 0.587016 0.222213
vt 0.594372 0.215199
vt 0.596792 0.217856
vt 0.589459 0.225019
vt 0.008782 0.383454
vt 0.606564 0.212462
vt 0.599384 0.220545
vt 0.613968 0.204091
vt 0.430491 0.026806
vt 0.430542 0.024073
vt 0.439743 0.024073
vt 0.439807 0.027350
vt 0.551951 0.854383
vt 0.559565 0.855432
vt 0.533544 0.859089
vt 0.550343 0.857402
vt 0.366518 0.552313
vt 0.352324 0.548343
vt 0.577971 0.855188
vt 0.319309 0.523186
vt 0.320606 0.519121
vt 0.312637 0.501477
vt 0.302757 0.502626
vt 0.296440 0.489440
vt 0.321800 0.514122
vt 0.300544 0.481881
vt 0.316679 0.494497
vt 0.286876 0.482124
vt 0.291414 0.474375
vt 0.308866 0.466350
vt 0.263766 0.451654
vt 0.253584 0.444335
vt 0.654183 0.388556
vt 0.839847 0.814666
vt 0.840400 0.849549
vt 0.619014 0.739291
vt 0.630120 0.739635
vt 0.605637 0.758182
vt 0.603396 0.749996
vt 0.636061 0.727793
vt 0.639581 0.732847
vt 0.612912 0.734769
vt 0.631103 0.723366
vt 0.654146 0.716981
vt 0.648609 0.698616
vt 0.646888 0.692467
vt 0.668498 0.670426
vt 0.664428 0.667109
vt 0.630814 0.023957
vt 0.644020 0.016607
vt 0.645983 0.021931
vt 0.631998 0.029263
vt 0.681507 0.660210
vt 0.616708 0.032805
vt 0.693465 0.659091
vt 0.635829 0.033854
vt 0.526818 0.093337
vt 0.520564 0.102679
vt 0.528803 0.072044
vt 0.529491 0.057487
vt 0.540934 0.036242
vt 0.550305 0.028861
vt 0.526537 0.053572
vt 0.531122 0.041609
vt 0.543412 0.024494
vt 0.537145 0.032992
vt 0.548973 0.015633
vt 0.551996 0.017076
vt 0.554864 0.018309
vt 0.545903 0.014019
vt 0.540190 0.022174
vt 0.590420 0.086884
vt 0.584408 0.094792
vt 0.587661 0.084662
vt 0.593189 0.089072
vt 0.586922 0.096584
vt 0.596130 0.091370
vt 0.722430 0.099662
vt 0.713761 0.106837
vt 0.715700 0.103630
vt 0.721237 0.099111
vt 0.709269 0.109008
vt 0.883308 0.462842
vt 0.879819 0.469300
vt 0.885071 0.458578
vt 0.171524 0.007867
vt 0.169768 0.008073
vt 0.172052 0.006575
vt 0.883901 0.453563
vt 0.705128 0.112576
vt 0.707152 0.112700
vt 0.986398 0.618701
vt 0.981819 0.619586
vt 0.986527 0.617807
vt 0.152069 0.097494
vt 0.153599 0.104255
vt 0.164349 0.109402
vt 0.534020 0.030236
vt 0.527575 0.037904
vt 0.522852 0.048275
vt 0.520500 0.045542
vt 0.516300 0.058454
vt 0.514935 0.055638
vt 0.422507 0.025776
vt 0.425926 0.034981
vt 0.423334 0.035752
vt 0.419438 0.026789
vt 0.517636 0.061570
vt 0.425843 0.024596
vt 0.428171 0.043588
vt 0.491488 0.054733
vt 0.479980 0.074177
vt 0.593675 0.070864
vt 0.591231 0.062223
vt 0.597456 0.066493
vt 0.591609 0.074651
vt 0.586002 0.056989
vt 0.506143 0.112514
vt 0.499044 0.105937
vt 0.501680 0.096687
vt 0.509991 0.082446
vt 0.506173 0.123007
vt 0.654265 0.025710
vt 0.653236 0.018540
vt 0.651759 0.012349
vt 0.623542 0.677455
vt 0.653989 0.666164
vt 0.597347 0.744347
vt 0.623981 0.683941
vt 0.593497 0.767366
vt 0.837779 0.859919
vt 0.600646 0.401512
vt 0.943375 0.776783
vt 0.944775 0.778745
vt 0.937872 0.782551
vt 0.949086 0.773396
vt 0.950822 0.775262
vt 0.548234 0.906301
vt 0.544974 0.906046
vt 0.547019 0.898017
vt 0.549902 0.898737
vt 0.547712 0.913347
vt 0.953894 0.770267
vt 0.955847 0.772173
vt 0.011283 0.110771
vt 0.014081 0.111280
vt 0.550958 0.890354
vt 0.555063 0.883352
vt 0.559603 0.876305
vt 0.932461 0.788430
vt 0.930854 0.786139
vt 0.939287 0.784345
vt 0.925409 0.792896
vt 0.923642 0.789966
vt 0.915065 0.793840
vt 0.916434 0.797490
vt 0.564259 0.866719
vt 0.567059 0.869176
vt 0.905467 0.797372
vt 0.910905 0.822130
vt 0.906520 0.835038
vt 0.540386 0.806741
vt 0.588947 0.712731
vt 0.589151 0.688175
vt 0.397097 0.084998
vt 0.409688 0.071717
vt 0.414833 0.076895
vt 0.486193 0.106949
vt 0.478413 0.116920
vt 0.482303 0.157714
vt 0.496871 0.092731
vt 0.602473 0.052463
vt 0.607746 0.057791
vt 0.467151 0.084661
vt 0.459415 0.091062
vt 0.608469 0.047009
vt 0.613959 0.052563
vt 0.465891 0.132629
vt 0.458615 0.142122
vt 0.457712 0.158114
vt 0.402492 0.089240
vt 0.563460 0.698782
vt 0.548909 0.741301
vt 0.532686 0.812256
vt 0.900168 0.848104
vt 0.920401 0.831536
vt 0.919630 0.818805
vt 0.937277 0.803132
vt 0.945112 0.829188
vt 0.946627 0.795802
vt 0.954138 0.796424
vt 0.940276 0.793889
vt 0.534180 0.880148
vt 0.525347 0.881844
vt 0.550996 0.981630
vt 0.633483 0.349102
vt 0.642500 0.341769
vt 0.644024 0.344150
vt 0.634446 0.351767
vt 0.651030 0.335503
vt 0.652536 0.337895
vt 0.654141 0.340140
vt 0.645695 0.346238
vt 0.488873 0.962305
vt 0.962199 0.796237
vt 0.532593 0.978362
vt 0.532094 0.980230
vt 0.995789 0.024482
vt 0.507616 0.971151
vt 0.513106 0.975581
vt 0.498376 0.967204
vt 0.617616 0.363637
vt 0.619165 0.365687
vt 0.638041 0.352151
vt 0.957711 0.841594
vt 0.505373 0.831998
vt 0.513535 0.785492
vt 0.542930 0.707471
vt 0.537053 0.704699
vt 0.442552 0.219735
vt 0.436632 0.229274
vt 0.547419 0.700729
vt 0.450788 0.168084
vt 0.579014 0.033979
vt 0.590603 0.018156
vt 0.438096 0.170930
vt 0.444556 0.161029
vt 0.451525 0.151612
vt 0.454470 0.200362
vt 0.498275 0.134152
vt 0.903843 0.792897
vt 0.553307 0.891336
vt 0.420910 0.036562
vt 0.416578 0.027722
vt 0.413992 0.028509
vt 0.513248 0.053157
vt 0.923308 0.630833
vt 0.916704 0.632245
vt 0.930622 0.627166
vt 0.929207 0.629680
vt 0.935119 0.628269
vt 0.991218 0.611908
vt 0.991581 0.613008
vt 0.994720 0.611930
vt 0.995335 0.613028
vt 0.981581 0.610533
vt 0.021198 0.002105
vt 0.022913 0.002289
vt 0.022035 0.005062
vt 0.020205 0.004343
vt 0.024245 0.002444
vt 0.023130 0.005244
vt 0.951032 0.603185
vt 0.866466 0.626047
vt 0.866408 0.621104
vt 0.842619 0.641788
vt 0.863156 0.630793
vt 0.855140 0.636047
vt 0.839876 0.645291
vt 0.049400 0.099810
vt 0.058538 0.099666
vt 0.041071 0.102514
vt 0.067195 0.099540
vt 0.040384 0.106002
vt 0.039993 0.099453
vt 0.030217 0.105598
vt 0.030530 0.102125
vt 0.353031 0.279076
vt 0.359005 0.285961
vt 0.344948 0.027058
vt 0.355005 0.023589
vt 0.354795 0.027385
vt 0.335557 0.026451
vt 0.368888 0.325744
vt 0.365358 0.336474
vt 0.354416 0.019766
vt 0.364648 0.019215
vt 0.365684 0.023274
vt 0.412127 0.738990
vt 0.402639 0.746184
vt 0.400745 0.741708
vt 0.381605 0.762318
vt 0.382307 0.766317
vt 0.370547 0.769137
vt 0.370278 0.765687
vt 0.352005 0.768843
vt 0.344337 0.773028
vt 0.343965 0.769846
vt 0.351060 0.765342
vt 0.359717 0.763818
vt 0.343019 0.766768
vt 0.336642 0.770265
vt 0.335913 0.768026
vt 0.341048 0.763874
vt 0.349041 0.761386
vt 0.436573 0.049387
vt 0.433266 0.047696
vt 0.438254 0.041249
vt 0.440678 0.042279
vt 0.442706 0.034547
vt 0.444697 0.035156
vt 0.336631 0.418192
vt 0.333907 0.418762
vt 0.338264 0.426192
vt 0.336131 0.427097
vt 0.341478 0.433300
vt 0.339570 0.434634
vt 0.333214 0.428673
vt 0.330437 0.419897
vt 0.343912 0.441425
vt 0.329812 0.430581
vt 0.331370 0.441256
vt 0.347108 0.450204
vt 0.334495 0.451827
vt 0.353283 0.455763
vt 0.353090 0.495533
vt 0.416743 0.556438
vt 0.446584 0.562182
vt 0.458935 0.561486
vt 0.459331 0.565319
vt 0.444000 0.566251
vt 0.456812 0.556085
vt 0.450924 0.559683
vt 0.475375 0.565525
vt 0.467713 0.567083
vt 0.482573 0.563268
vt 0.484282 0.559979
vt 0.458806 0.880822
vt 0.457179 0.877438
vt 0.451991 0.884578
vt 0.450345 0.881522
vt 0.442168 0.890473
vt 0.542342 0.263050
vt 0.540999 0.259768
vt 0.006771 0.289454
vt 0.009811 0.282265
vt 0.013094 0.276517
vt 0.265186 0.091452
vt 0.477624 0.551979
vt 0.386884 0.491854
vt 0.360302 0.460652
vt 0.354227 0.452764
vt 0.348917 0.447635
vt 0.350868 0.445236
vt 0.356536 0.450676
vt 0.345891 0.439486
vt 0.347263 0.438363
vt 0.352879 0.443130
vt 0.449362 0.021870
vt 0.451561 0.021766
vt 0.448359 0.028276
vt 0.446442 0.027975
vt 0.901136 0.683980
vt 0.902519 0.684496
vt 0.897531 0.690826
vt 0.895852 0.690032
vt 0.904890 0.677163
vt 0.906269 0.677641
vt 0.908722 0.670552
vt 0.441311 0.034041
vt 0.436514 0.040592
vt 0.337001 0.773045
vt 0.352365 0.778421
vt 0.355251 0.815452
vt 0.362128 0.842674
vt 0.369880 0.856080
vt 0.368525 0.872979
vt 0.349063 0.880786
vt 0.342468 0.867728
vt 0.821117 0.294197
vt 0.332723 0.913674
vt 0.324187 0.903378
vt 0.786554 0.261207
vt 0.772372 0.274856
vt 0.104648 0.080139
vt 0.099443 0.089295
vt 0.131953 0.071633
vt 0.095501 0.634768
vt 0.087821 0.627724
vt 0.103116 0.641767
vt 0.095197 0.650298
vt 0.087845 0.643564
vt 0.825231 0.737233
vt 0.817732 0.746544
vt 0.817814 0.731090
vt 0.110379 0.648076
vt 0.825126 0.721812
vt 0.832381 0.727840
vt 0.826087 0.706453
vt 0.838501 0.705907
vt 0.820880 0.700428
vt 0.829816 0.692115
vt 0.834516 0.697776
vt 0.839429 0.684490
vt 0.843463 0.666142
vt 0.856365 0.660962
vt 0.855146 0.657740
vt 0.868121 0.653408
vt 0.869165 0.656585
vt 0.866974 0.650698
vt 0.878861 0.647805
vt 0.879776 0.650721
vt 0.865829 0.648330
vt 0.877767 0.645211
vt 0.888219 0.643997
vt 0.888964 0.646718
vt 0.992141 0.038467
vt 0.986354 0.027887
vt 0.988533 0.027318
vt 0.872948 0.048809
vt 0.872047 0.051761
vt 0.863376 0.049736
vt 0.979600 0.018633
vt 0.982229 0.017809
vt 0.862012 0.052281
vt 0.974806 0.009808
vt 0.272086 0.071903
vt 0.255493 0.072474
vt 0.252795 0.083300
vt 0.867088 0.153538
vt 0.880993 0.209967
vt 0.888483 0.217619
vt 0.896325 0.223803
vt 0.882606 0.225335
vt 0.869447 0.224254
vt 0.890234 0.232154
vt 0.904666 0.229254
vt 0.898405 0.238004
vt 0.883860 0.239754
vt 0.876273 0.232521
vt 0.220205 0.942250
vt 0.208752 0.946112
vt 0.218116 0.933225
vt 0.228594 0.928881
vt 0.231100 0.938435
vt 0.225148 0.918257
vt 0.235860 0.913457
vt 0.239235 0.924010
vt 0.246937 0.909054
vt 0.250667 0.920060
vt 0.256192 0.904798
vt 0.260828 0.916206
vt 0.265289 0.900516
vt 0.270248 0.912187
vt 0.260261 0.890036
vt 0.268505 0.884882
vt 0.274065 0.896137
vt 0.262410 0.875581
vt 0.271029 0.869951
vt 0.277437 0.879413
vt 0.265398 0.863245
vt 0.274979 0.858239
vt 0.280582 0.865161
vt 0.270792 0.853372
vt 0.267688 0.849251
vt 0.275316 0.840477
vt 0.265547 0.845622
vt 0.284776 0.835165
vt 0.294065 0.828296
vt 0.298143 0.831625
vt 0.962804 0.708314
vt 0.967626 0.706748
vt 0.949392 0.698409
vt 0.952420 0.695926
vt 0.927503 0.708627
vt 0.932849 0.714454
vt 0.943176 0.691507
vt 0.927452 0.696657
vt 0.932181 0.689841
vt 0.921850 0.693143
vt 0.900364 0.713108
vt 0.842163 0.736218
vt 0.850255 0.730826
vt 0.876098 0.716637
vt 0.834670 0.742181
vt 0.506440 0.551697
vt 0.452205 0.524670
vt 0.753306 0.832934
vt 0.750329 0.830652
vt 0.751642 0.829357
vt 0.754751 0.831468
vt 0.376145 0.463997
vt 0.364873 0.453165
vt 0.371909 0.458214
vt 0.494192 0.085494
vt 0.496671 0.087738
vt 0.491036 0.093157
vt 0.488889 0.091078
vt 0.358637 0.447969
vt 0.499946 0.080708
vt 0.502349 0.082223
vt 0.891765 0.696569
vt 0.890017 0.705251
vt 0.885554 0.701842
vt 0.505936 0.076194
vt 0.507879 0.077005
vt 0.920416 0.673306
vt 0.915084 0.680047
vt 0.913794 0.663806
vt 0.921424 0.665576
vt 0.925862 0.667643
vt 0.934181 0.674147
vt 0.333505 0.794200
vt 0.349411 0.807519
vt 0.326249 0.858867
vt 0.319709 0.847692
vt 0.316710 0.862835
vt 0.310357 0.852280
vt 0.313478 0.879010
vt 0.306866 0.866868
vt 0.319212 0.891347
vt 0.309050 0.894807
vt 0.303435 0.882605
vt 0.310946 0.907589
vt 0.309501 0.920444
vt 0.299239 0.898796
vt 0.297653 0.924559
vt 0.294228 0.914215
vt 0.827210 0.287956
vt 0.806335 0.257548
vt 0.124552 0.081314
vt 0.813588 0.249993
vt 0.799083 0.232757
vt 0.132298 0.091569
vt 0.121191 0.090776
vt 0.155902 0.082512
vt 0.072679 0.630162
vt 0.080357 0.636786
vt 0.072983 0.645850
vt 0.059784 0.646709
vt 0.080394 0.652337
vt 0.073047 0.661088
vt 0.065760 0.654786
vt 0.087589 0.658768
vt 0.074943 0.672958
vt 0.844449 0.712849
vt 0.065683 0.669454
vt 0.848432 0.695559
vt 0.854279 0.701507
vt 0.843429 0.689688
vt 0.857206 0.687863
vt 0.870249 0.659750
vt 0.881266 0.657764
vt 0.880530 0.653753
vt 0.889972 0.652944
vt 0.889523 0.649529
vt 0.874526 0.039799
vt 0.848996 0.193900
vt 0.864513 0.212010
vt 0.862364 0.232065
vt 0.854476 0.223384
vt 0.852730 0.207608
vt 0.869780 0.239620
vt 0.877722 0.246700
vt 0.863516 0.247051
vt 0.855685 0.239335
vt 0.871997 0.253744
vt 0.241862 0.934055
vt 0.252795 0.930379
vt 0.254376 0.939203
vt 0.243702 0.942534
vt 0.284438 0.918943
vt 0.287477 0.928558
vt 0.279594 0.908246
vt 0.289367 0.903273
vt 0.283628 0.891241
vt 0.293434 0.886615
vt 0.286914 0.874703
vt 0.296934 0.870816
vt 0.290561 0.861238
vt 0.300537 0.856882
vt 0.308510 0.831969
vt 0.313717 0.838639
vt 0.311946 0.820403
vt 0.308662 0.815837
vt 0.956058 0.693645
vt 0.946655 0.688900
vt 0.950308 0.687097
vt 0.936795 0.684937
vt 0.941166 0.682020
vt 0.883363 0.711054
vt 0.868014 0.721839
vt 0.866006 0.719351
vt 0.873276 0.713796
vt 0.858066 0.724770
vt 0.379722 0.463118
vt 0.381167 0.461139
vt 0.478922 0.105962
vt 0.477612 0.104356
vt 0.483469 0.097421
vt 0.485196 0.099227
vt 0.879656 0.707774
vt 0.821439 0.258760
vt 0.821339 0.241771
vt 0.051447 0.657344
vt 0.058603 0.663342
vt 0.051474 0.671442
vt 0.044613 0.665914
vt 0.058285 0.677260
vt 0.860663 0.706683
vt 0.862203 0.693312
vt 0.867798 0.698121
vt 0.064570 0.683170
vt 0.031564 0.682074
vt 0.031599 0.693281
vt 0.026019 0.689467
vt 0.037918 0.674193
vt 0.885212 0.683363
vt 0.022028 0.695591
vt 0.868834 0.026848
vt 0.867944 0.031125
vt 0.897098 0.664872
vt 0.903302 0.666637
vt 0.901642 0.672330
vt 0.895819 0.670529
vt 0.899231 0.679192
vt 0.893833 0.677218
vt 0.889369 0.669641
vt 0.889993 0.664254
vt 0.888001 0.675811
vt 0.890539 0.685383
vt 0.890179 0.659698
vt 0.897582 0.660188
vt 0.897897 0.652976
vt 0.842774 0.236112
vt 0.849359 0.246240
vt 0.857395 0.253986
vt 0.164510 0.093134
vt 0.591896 0.227650
vt 0.002213 0.338567
vt 0.521347 0.855652
vt 0.522214 0.859323
vt 0.522508 0.862177
vt 0.513693 0.864687
vt 0.531274 0.856707
vt 0.530240 0.853628
vt 0.407040 0.562461
vt 0.394942 0.560556
vt 0.376578 0.554384
vt 0.541094 0.859846
vt 0.347185 0.524606
vt 0.331926 0.519136
vt 0.361500 0.533083
vt 0.333528 0.514263
vt 0.343049 0.518082
vt 0.324168 0.509220
vt 0.327131 0.501926
vt 0.336342 0.507356
vt 0.322226 0.487666
vt 0.331077 0.493717
vt 0.313606 0.481056
vt 0.317887 0.473413
vt 0.326463 0.479926
vt 0.304916 0.473968
vt 0.256616 0.394653
vt 0.675506 0.383353
vt 0.696818 0.378465
vt 0.821253 0.819152
vt 0.781088 0.843943
vt 0.788913 0.875109
vt 0.703136 0.654016
vt 0.705101 0.657245
vt 0.692442 0.655376
vt 0.613268 0.029915
vt 0.620447 0.025126
vt 0.610896 0.041901
vt 0.613839 0.045607
vt 0.015698 0.134545
vt 0.016860 0.125334
vt 0.546319 0.069207
vt 0.553412 0.057788
vt 0.557867 0.019572
vt 0.582234 0.080214
vt 0.576056 0.089091
vt 0.573219 0.086889
vt 0.578537 0.077153
vt 0.585012 0.082461
vt 0.570963 0.098541
vt 0.568574 0.109699
vt 0.882165 0.452286
vt 0.691875 0.127666
vt 0.690241 0.126112
vt 0.748956 0.169382
vt 0.758261 0.162456
vt 0.755584 0.168120
vt 0.750535 0.171612
vt 0.986649 0.616424
vt 0.990596 0.617339
vt 0.989899 0.618116
vt 0.147087 0.098155
vt 0.145564 0.095817
vt 0.148238 0.097768
vt 0.170232 0.113168
vt 0.183657 0.118028
vt 0.183634 0.119781
vt 0.964810 0.621944
vt 0.187383 0.095959
vt 0.185885 0.097492
vt 0.200824 0.096063
vt 0.207459 0.096196
vt 0.207094 0.098430
vt 0.201234 0.098151
vt 0.949847 0.624017
vt 0.945638 0.626181
vt 0.689133 0.014667
vt 0.686621 0.015303
vt 0.793923 0.130060
vt 0.797689 0.128774
vt 0.789135 0.132560
vt 0.791197 0.136578
vt 0.789469 0.135288
vt 0.927015 0.596259
vt 0.888439 0.589327
vt 0.876845 0.582188
vt 0.898117 0.592921
vt 0.912018 0.597335
vt 0.912227 0.594927
vt 0.785781 0.146259
vt 0.777971 0.155388
vt 0.780362 0.149324
vt 0.785821 0.143028
vt 0.778534 0.147679
vt 0.782191 0.143730
vt 0.780903 0.141877
vt 0.775419 0.147503
vt 0.762238 0.166133
vt 0.896913 0.581150
vt 0.876759 0.549181
vt 0.878245 0.555668
vt 0.874969 0.556699
vt 0.662636 0.156541
vt 0.664222 0.158527
vt 0.856779 0.484025
vt 0.472115 0.222049
vt 0.473333 0.222383
vt 0.467720 0.227573
vt 0.868782 0.459976
vt 0.879701 0.452544
vt 0.459754 0.232965
vt 0.457375 0.233416
vt 0.863573 0.465053
vt 0.471552 0.221139
vt 0.849680 0.487413
vt 0.856571 0.562470
vt 0.859123 0.572441
vt 0.853869 0.575387
vt 0.848203 0.566260
vt 0.847331 0.578873
vt 0.841473 0.570342
vt 0.839754 0.583088
vt 0.834096 0.575525
vt 0.844399 0.591514
vt 0.831305 0.588029
vt 0.847326 0.600687
vt 0.848459 0.609816
vt 0.866574 0.614919
vt 0.829003 0.632615
vt 0.819139 0.638004
vt 0.809162 0.645704
vt 0.809022 0.642510
vt 0.819685 0.647690
vt 0.809361 0.648416
vt 0.030474 0.098895
vt 0.020933 0.098508
vt 0.020741 0.095119
vt 0.030294 0.095890
vt 0.020973 0.102009
vt 0.011248 0.102228
vt 0.011263 0.098268
vt 0.020699 0.105668
vt 0.010913 0.106201
vt 0.888535 0.332989
vt 0.898836 0.330338
vt 0.496002 0.040339
vt 0.482499 0.048259
vt 0.480640 0.044673
vt 0.487045 0.040276
vt 0.868743 0.021073
vt 0.872455 0.019231
vt 0.496393 0.034837
vt 0.506100 0.027052
vt 0.508004 0.029982
vt 0.877856 0.035191
vt 0.882409 0.037249
vt 0.885076 0.040868
vt 0.989007 0.001995
vt 0.988452 0.005505
vt 0.888406 0.043282
vt 0.890335 0.039525
vt 0.951995 0.008722
vt 0.949839 0.006562
vt 0.952786 0.003765
vt 0.954853 0.006351
vt 0.945152 0.008505
vt 0.947812 0.005085
vt 0.503813 0.035965
vt 0.825362 0.346301
vt 0.829449 0.345892
vt 0.950388 0.002348
vt 0.884700 0.026135
vt 0.888494 0.025708
vt 0.866553 0.012661
vt 0.863945 0.014333
vt 0.858328 0.006128
vt 0.860531 0.004391
vt 0.525565 0.001858
vt 0.533963 0.001847
vt 0.533584 0.005535
vt 0.525294 0.005535
vt 0.742186 0.835383
vt 0.750338 0.834372
vt 0.780144 0.359313
vt 0.790606 0.356820
vt 0.799819 0.354088
vt 0.769787 0.361864
vt 0.339511 0.284840
vt 0.356373 0.345686
vt 0.361233 0.347768
vt 0.388952 0.745841
vt 0.377114 0.750632
vt 0.575730 0.037079
vt 0.579621 0.040269
vt 0.572173 0.047718
vt 0.568903 0.044061
vt 0.369453 0.761826
vt 0.367770 0.756848
vt 0.357864 0.759135
vt 0.343071 0.392508
vt 0.347241 0.383156
vt 0.326374 0.421208
vt 0.325947 0.432597
vt 0.321431 0.435362
vt 0.327880 0.444082
vt 0.331166 0.455527
vt 0.335253 0.485876
vt 0.344287 0.491070
vt 0.340284 0.499129
vt 0.349281 0.503529
vt 0.370164 0.087394
vt 0.369387 0.078474
vt 0.378873 0.078842
vt 0.379937 0.087394
vt 0.345600 0.511496
vt 0.355152 0.514882
vt 0.364984 0.517720
vt 0.352919 0.521169
vt 0.488164 0.870870
vt 0.488945 0.866957
vt 0.486249 0.864257
vt 0.554896 0.253044
vt 0.548672 0.258261
vt 0.002075 0.323770
vt 0.001968 0.309293
vt 0.539717 0.257949
vt 0.004169 0.308596
vt 0.321614 0.398821
vt 0.325886 0.387564
vt 0.330581 0.387048
vt 0.319621 0.385157
vt 0.312120 0.381247
vt 0.325801 0.374405
vt 0.318438 0.370578
vt 0.309613 0.365003
vt 0.332663 0.363586
vt 0.306955 0.349185
vt 0.313973 0.339693
vt 0.759531 0.364315
vt 0.768057 0.836074
vt 0.767213 0.831195
vt 0.759160 0.837312
vt 0.758667 0.832932
vt 0.749735 0.852787
vt 0.749930 0.846363
vt 0.759456 0.844493
vt 0.768953 0.845359
vt 0.739531 0.846366
vt 0.750401 0.861728
vt 0.724012 0.864768
vt 0.723588 0.874326
vt 0.705220 0.677340
vt 0.702980 0.673695
vt 0.735500 0.879507
vt 0.706084 0.682031
vt 0.702045 0.887935
vt 0.701286 0.892600
vt 0.692750 0.892550
vt 0.693486 0.888099
vt 0.729741 0.658919
vt 0.734656 0.643059
vt 0.714571 0.652293
vt 0.750954 0.635576
vt 0.572101 0.057736
vt 0.576325 0.049565
vt 0.588806 0.041486
vt 0.567594 0.066826
vt 0.559052 0.074230
vt 0.556620 0.071197
vt 0.592836 0.047879
vt 0.575467 0.059243
vt 0.562899 0.059956
vt 0.561603 0.076970
vt 0.554843 0.086355
vt 0.551504 0.082922
vt 0.558351 0.089543
vt 0.561755 0.092415
vt 0.552942 0.099733
vt 0.548718 0.095933
vt 0.556732 0.102741
vt 0.564876 0.094811
vt 0.559931 0.104897
vt 0.784247 0.590422
vt 0.794084 0.582924
vt 0.788063 0.592608
vt 0.551383 0.112809
vt 0.564669 0.107486
vt 0.530159 0.163893
vt 0.532018 0.153743
vt 0.532629 0.168413
vt 0.528041 0.176996
vt 0.523203 0.177791
vt 0.534714 0.170402
vt 0.509599 0.192886
vt 0.682047 0.134575
vt 0.881791 0.452064
vt 0.462902 0.038459
vt 0.463982 0.037048
vt 0.469110 0.040284
vt 0.467852 0.041958
vt 0.740391 0.177014
vt 0.739178 0.175017
vt 0.744139 0.172744
vt 0.745447 0.174656
vt 0.883880 0.566763
vt 0.880546 0.561570
vt 0.892973 0.575331
vt 0.898158 0.579126
vt 0.473220 0.045057
vt 0.474659 0.043013
vt 0.880121 0.453215
vt 0.168448 0.002868
vt 0.169156 0.002118
vt 0.170582 0.002391
vt 0.119204 0.002221
vt 0.122850 0.001867
vt 0.122736 0.002349
vt 0.005097 0.109901
vt 0.004838 0.132330
vt 0.479699 0.217226
vt 0.473645 0.223546
vt 0.855097 0.472853
vt 0.860444 0.466903
vt 0.852205 0.541321
vt 0.831192 0.512392
vt 0.834839 0.512912
vt 0.830503 0.519320
vt 0.005053 0.140993
vt 0.816146 0.548372
vt 0.807671 0.561734
vt 0.821140 0.561146
vt 0.813594 0.569058
vt 0.827785 0.568024
vt 0.820202 0.575206
vt 0.826220 0.581683
vt 0.817911 0.588364
vt 0.812615 0.583133
vt 0.808951 0.594894
vt 0.819154 0.634120
vt 0.039173 0.085437
vt 0.030434 0.078148
vt 0.039404 0.079799
vt 0.039126 0.089779
vt 0.030096 0.092565
vt 0.020618 0.091359
vt 0.808914 0.638901
vt 0.011235 0.094277
vt 0.798378 0.643525
vt 0.798547 0.646859
vt 0.002092 0.093596
vt 0.002041 0.098185
vt 0.877236 0.330369
vt 0.888422 0.329476
vt 0.878032 0.335621
vt 0.888558 0.326034
vt 0.001913 0.102599
vt 0.866277 0.333906
vt 0.845169 0.344536
vt 0.673930 0.854684
vt 0.674825 0.860490
vt 0.011915 0.071093
vt 0.021216 0.070989
vt 0.880567 0.008926
vt 0.643567 0.886642
vt 0.797461 0.628664
vt 0.796739 0.624718
vt 0.807922 0.620467
vt 0.030359 0.071868
vt 0.785311 0.630114
vt 0.795606 0.620586
vt 0.642689 0.891077
vt 0.632896 0.890704
vt 0.634430 0.885721
vt 0.806669 0.615324
vt 0.780346 0.619110
vt 0.799358 0.601658
vt 0.541855 0.086605
vt 0.538560 0.082501
vt 0.554452 0.067815
vt 0.544554 0.091764
vt 0.538365 0.100317
vt 0.534009 0.095079
vt 0.543158 0.105401
vt 0.799457 0.586658
vt 0.792255 0.595425
vt 0.806479 0.577793
vt 0.804657 0.590789
vt 0.800343 0.573299
vt 0.768849 0.626142
vt 0.671600 0.891499
vt 0.709845 0.846340
vt 0.896217 0.015382
vt 0.683420 0.892099
vt 0.802379 0.535869
vt 0.541710 0.162471
vt 0.567862 0.096753
vt 0.570396 0.084680
vt 0.555092 0.060404
vt 0.595070 0.050641
vt 0.603393 0.046064
vt 0.712293 0.649329
vt 0.728525 0.642226
vt 0.707359 0.661077
vt 0.694309 0.678694
vt 0.769797 0.852860
vt 0.717781 0.373564
vt 0.290195 0.395352
vt 0.862795 0.002297
vt 0.768830 0.358445
vt 0.779564 0.356108
vt 0.336241 0.372169
vt 0.477829 0.514276
vt 0.470895 0.506625
vt 0.464529 0.501434
vt 0.472301 0.504930
vt 0.483433 0.004560
vt 0.804006 0.769026
vt 0.881084 0.753298
vt 0.885565 0.743216
vt 0.898010 0.742915
vt 0.082544 0.411951
vt 0.076039 0.415156
vt 0.071721 0.406186
vt 0.078153 0.403265
vt 0.073866 0.427948
vt 0.065540 0.474517
vt 0.069322 0.482087
vt 0.085901 0.474827
vt 0.053527 0.486358
vt 0.065908 0.490419
vt 0.055513 0.493714
vt 0.074572 0.486934
vt 0.974862 0.762142
vt 0.997062 0.763963
vt 0.981779 0.765706
vt 0.988357 0.770089
vt 0.980396 0.769303
vt 0.229583 0.857467
vt 0.224357 0.856925
vt 0.695108 0.104580
vt 0.700048 0.099410
vt 0.702770 0.104408
vt 0.697099 0.108781
vt 0.219258 0.855227
vt 0.222945 0.848769
vt 0.219376 0.846282
vt 0.216584 0.843109
vt 0.699619 0.112368
vt 0.686971 0.105736
vt 0.693365 0.100595
vt 0.046953 0.495395
vt 0.067909 0.397454
vt 0.068202 0.382553
vt 0.073989 0.394623
vt 0.070735 0.374805
vt 0.066046 0.356412
vt 0.070659 0.364446
vt 0.841300 0.768753
vt 0.833694 0.774608
vt 0.832301 0.771588
vt 0.059960 0.340242
vt 0.064745 0.347533
vt 0.821319 0.778893
vt 0.815346 0.778056
vt 0.811514 0.781918
vt 0.805530 0.789155
vt 0.792254 0.778558
vt 0.471609 0.004069
vt 0.466416 0.003794
vt 0.466510 0.001886
vt 0.475588 0.002033
vt 0.480436 0.508166
vt 0.480377 0.509933
vt 0.891649 0.754423
vt 0.882193 0.759624
vt 0.041778 0.503232
vt 0.046618 0.502450
vt 0.658914 0.003537
vt 0.651525 0.005829
vt 0.645807 0.005781
vt 0.653631 0.003123
vt 0.493413 0.179167
vt 0.445404 0.117809
vt 0.941818 0.033149
vt 0.942973 0.035041
vt 0.499937 0.514640
vt 0.612912 0.830447
vt 0.684914 0.775199
vt 0.940149 0.193024
vt 0.372295 0.181770
vt 0.366033 0.188423
vt 0.831091 0.061455
vt 0.840635 0.061638
vt 0.014154 0.172698
vt 0.012406 0.172771
vt 0.741905 0.813234
vt 0.501931 0.010451
vt 0.502345 0.011386
vt 0.500418 0.011669
vt 0.500438 0.010695
vt 0.503696 0.009823
vt 0.810138 0.002880
vt 0.811183 0.001852
vt 0.812103 0.002413
vt 0.810579 0.003926
s 1
usemtl Nurse_Shark_Quad_Material
f 41/1/1 42/2/2 3/3/3
f 3/3/3 42/2/2 43/4/4
f 4/5/5 45/6/6 46/7/7
f 5/8/8 50/9/9 51/10/10
f 56/11/11 61/12/12 7/13/13
f 102/14/14 103/15/15 14/16/16
f 16/17/17 115/18/18 654/19/19
f 14/16/16 104/20/20 16/17/17
f 104/20/20 116/21/21 16/17/17
f 17/22/22 121/23/23 120/24/24
f 18/25/25 125/26/26 126/27/27
f 29/28/28 198/29/29 199/30/30
f 30/31/31 204/32/32 205/33/33
f 205/33/33 206/34/34 207/35/35
f 208/36/36 210/37/37 209/38/38
f 215/39/39 217/40/40 213/41/41
f 229/42/42 230/43/43 225/44/44
f 232/45/45 233/46/46 230/47/43
f 256/48/47 259/49/48 253/50/49
f 260/51/50 263/52/51 261/53/52
f 264/54/53 261/53/52 263/52/51
f 268/55/54 271/56/55 265/57/56
f 271/56/55 269/58/57 265/57/56
f 190/59/58 189/60/59 272/61/60
f 275/62/61 273/63/62 272/61/60
f 277/64/63 275/62/61 188/65/64
f 188/65/64 278/66/65 277/64/63
f 279/67/66 281/68/67 280/69/68
f 281/68/67 283/70/69 282/71/70
f 275/62/61 276/72/71 287/73/72
f 266/74/73 293/75/74 264/54/53
f 303/76/75 304/77/76 243/78/77
f 305/79/78 233/46/46 238/80/79
f 306/81/80 230/47/43 233/46/46
f 316/82/81 318/83/82 213/41/41
f 213/41/41 219/84/83 316/82/81
f 318/83/82 319/85/84 211/86/85
f 319/85/84 320/87/86 203/88/87
f 320/89/86 204/32/32 203/90/87
f 321/91/88 322/92/89 204/32/32
f 323/93/90 325/94/91 206/34/34
f 326/95/92 206/34/34 325/94/91
f 327/96/93 206/34/34 326/95/92
f 328/97/94 207/35/35 206/34/34
f 328/97/94 330/98/95 207/35/35
f 332/99/96 333/100/97 212/101/98
f 216/102/99 214/103/100 334/104/101
f 221/105/102 220/106/103 338/107/104
f 343/108/105 231/109/106 227/110/107
f 231/109/106 343/108/105 344/111/108
f 356/112/109 358/113/110 357/114/111
f 256/48/47 255/115/112 359/116/113
f 359/116/113 360/117/114 256/48/47
f 259/49/48 256/48/47 360/117/114
f 260/51/50 259/49/48 363/118/115
f 363/118/115 364/119/116 260/51/50
f 368/120/117 370/121/118 274/122/119
f 403/123/120 404/124/121 399/125/122
f 409/126/123 406/127/124 410/128/125
f 414/129/126 416/130/127 417/131/128
f 417/131/128 415/132/129 414/129/126
f 417/131/128 418/133/130 415/132/129
f 422/134/131 424/135/132 419/136/133
f 424/135/132 423/137/134 419/136/133
f 429/138/135 428/139/136 427/140/137
f 435/141/138 436/142/139 432/143/140
f 439/144/141 440/145/142 435/146/138
f 442/147/143 443/148/144 439/144/141
f 445/149/145 446/150/146 442/151/143
f 445/149/145 444/152/147 447/153/148
f 450/154/149 449/155/150 448/156/151
f 452/157/152 453/158/153 451/159/154
f 454/160/155 451/159/154 453/158/153
f 453/158/153 455/161/156 454/160/155
f 160/162/157 464/163/158 462/164/159
f 466/165/160 468/166/161 464/163/158
f 466/165/160 467/167/162 468/166/161
f 465/168/163 464/163/158 468/166/161
f 448/156/151 449/155/150 451/159/154
f 451/159/154 157/169/164 448/156/151
f 440/145/142 439/144/141 443/148/144
f 476/170/165 436/142/139 475/171/166
f 480/172/167 423/137/134 425/173/168
f 423/137/134 931/174/169 419/136/133
f 421/175/170 418/133/130 419/136/133
f 415/132/129 482/176/171 414/129/126
f 482/176/171 412/177/172 414/129/126
f 483/178/173 409/126/123 482/176/171
f 409/126/123 412/177/172 482/176/171
f 406/127/124 409/126/123 483/178/173
f 484/179/174 485/180/175 407/181/176
f 488/182/177 404/124/121 486/183/178
f 497/184/179 382/185/180 386/186/181
f 507/187/182 183/188/183 182/189/184
f 507/187/182 184/190/185 183/188/183
f 2843/191/186 278/66/65 512/192/187
f 511/193/188 513/194/189 2844/195/190
f 515/196/191 516/197/192 279/67/66
f 516/197/192 978/198/193 281/68/67
f 978/198/193 517/199/194 283/70/69
f 283/70/69 281/68/67 978/198/193
f 978/198/193 979/200/195 517/199/194
f 518/201/196 283/70/69 517/199/194
f 537/202/197 539/203/198 538/204/199
f 546/205/200 547/206/201 543/207/202
f 551/208/203 549/209/204 550/210/205
f 555/211/206 552/212/207 549/209/204
f 555/211/206 557/213/208 552/212/207
f 559/214/209 563/215/210 561/216/211
f 564/217/212 561/216/211 563/215/210
f 568/218/213 564/217/212 567/219/214
f 580/220/215 583/221/216 577/222/217
f 581/223/218 583/221/216 585/224/219
f 585/224/219 584/225/220 581/223/218
f 585/224/219 586/226/221 584/225/220
f 588/227/222 587/228/223 591/229/224
f 591/230/224 589/231/225 588/232/222
f 595/233/226 592/234/227 589/231/225
f 127/235/228 126/27/27 613/236/229
f 614/237/230 122/238/231 127/235/228
f 621/239/232 624/240/233 622/241/234
f 626/242/235 622/241/234 625/243/236
f 625/243/236 628/244/237 626/242/235
f 629/245/238 626/242/235 628/244/237
f 628/244/237 633/246/239 629/245/238
f 633/246/239 638/247/240 634/248/241
f 638/247/240 640/249/242 636/250/243
f 654/19/19 656/251/244 655/252/245
f 660/253/246 661/254/247 662/255/248
f 665/256/249 666/257/250 643/258/251
f 666/257/250 668/259/252 667/260/253
f 669/261/254 670/262/255 635/263/256
f 670/262/255 671/264/257 631/265/258
f 631/266/258 626/242/235 629/245/238
f 673/267/259 674/268/260 18/25/25
f 18/25/25 124/269/261 673/267/259
f 675/270/262 680/271/263 676/272/264
f 680/271/263 682/273/265 676/272/264
f 678/274/266 682/273/265 118/275/267
f 678/274/266 118/275/267 683/276/268
f 693/277/269 694/278/270 120/24/24
f 120/24/24 121/23/23 693/277/269
f 694/278/270 696/279/271 683/280/268
f 700/281/272 701/282/273 612/283/274
f 702/284/275 703/285/276 131/286/277
f 131/286/277 701/282/273 702/284/275
f 718/287/278 720/288/279 719/289/280
f 723/290/281 590/291/282 593/292/283
f 590/291/282 723/290/281 724/293/284
f 725/294/285 584/225/220 586/226/221
f 728/295/286 730/296/287 729/297/288
f 568/218/213 573/298/289 733/299/290
f 564/217/212 568/218/213 736/300/291
f 738/301/292 740/302/293 739/303/294
f 561/216/211 564/217/212 739/303/294
f 744/304/295 745/305/296 556/306/297
f 547/206/201 546/205/200 550/210/205
f 751/307/298 753/308/299 170/309/300
f 764/310/301 765/311/302 288/312/303
f 288/312/303 2842/313/304 764/310/301
f 769/314/305 295/315/306 294/316/307
f 772/317/308 297/318/309 770/319/310
f 778/320/311 302/321/312 777/322/313
f 304/77/76 303/76/75 780/323/314
f 794/324/315 796/325/316 318/83/82
f 796/325/316 798/326/317 319/85/84
f 319/85/84 318/83/82 796/325/316
f 798/326/317 321/327/88 320/87/86
f 320/87/86 319/85/84 798/326/317
f 799/328/318 800/329/319 321/327/88
f 331/330/320 329/331/321 802/332/322
f 802/332/322 803/333/323 331/330/320
f 813/334/324 816/335/325 814/336/326
f 821/337/327 342/338/328 818/339/329
f 825/340/330 346/341/331 823/342/332
f 827/343/333 349/344/334 346/345/331
f 882/346/335 884/347/336 405/348/337
f 892/349/338 420/350/339 891/351/340
f 892/349/338 894/352/341 422/134/131
f 424/135/132 422/134/131 894/352/341
f 894/352/341 896/353/342 424/135/132
f 905/354/343 433/355/344 903/356/345
f 909/357/346 908/358/347 910/359/348
f 912/360/349 444/152/147 911/361/350
f 455/161/156 453/158/153 917/362/351
f 917/362/351 918/363/352 455/161/156
f 457/364/353 455/365/156 918/366/352
f 919/367/354 920/368/355 460/369/356
f 920/370/355 162/371/357 161/372/358
f 162/371/357 1894/373/359 921/374/360
f 921/374/360 922/375/361 23/376/362
f 23/376/362 162/371/357 921/374/360
f 922/375/361 924/377/363 923/378/364
f 477/379/365 436/380/139 476/381/165
f 928/382/366 425/173/168 479/383/367
f 480/172/167 930/384/368 931/174/169
f 930/384/368 932/385/369 421/175/170
f 482/176/171 415/132/129 933/386/370
f 936/387/371 938/388/372 937/389/373
f 941/390/374 943/391/375 489/392/376
f 943/391/375 945/393/377 491/394/378
f 947/395/379 493/396/380 945/393/377
f 947/395/379 948/397/381 949/398/382
f 957/399/383 501/400/384 955/401/385
f 957/399/383 958/402/386 959/403/387
f 959/403/387 503/404/388 957/399/383
f 959/403/387 960/405/389 961/406/390
f 961/406/390 508/407/391 959/403/387
f 508/407/391 505/408/392 504/409/393
f 966/410/394 965/411/395 967/412/396
f 970/413/397 972/414/398 514/415/399
f 514/415/399 513/194/189 970/413/397
f 975/416/400 976/417/401 516/197/192
f 516/197/192 515/196/191 975/416/400
f 979/200/195 980/418/402 517/199/194
f 980/418/402 518/201/196 517/199/194
f 42/2/2 41/1/1 40/419/403
f 535/420/404 524/421/405 989/422/406
f 991/423/407 992/424/408 536/425/409
f 992/424/408 540/426/410 537/202/197
f 554/427/411 1001/428/412 1002/429/413
f 555/430/206 554/431/411 1002/432/413
f 1002/432/413 1003/433/414 555/430/206
f 557/213/208 555/211/206 1003/434/414
f 1003/434/414 1004/435/415 557/213/208
f 1006/436/416 1007/437/417 562/438/418
f 1007/437/417 1008/439/419 565/440/420
f 579/441/421 1016/442/422 580/220/215
f 583/221/216 580/220/215 1016/442/422
f 1016/442/422 1018/443/423 583/221/216
f 1024/444/424 597/445/425 594/446/426
f 605/447/427 601/448/428 600/449/429
f 1033/450/430 610/451/431 609/452/432
f 624/240/233 621/239/232 1047/453/433
f 1049/454/434 1050/455/435 627/456/436
f 1050/455/435 1051/457/437 630/458/438
f 638/247/240 633/246/239 116/21/21
f 641/459/439 640/460/242 1053/461/440
f 1055/462/441 117/463/442 1056/464/443
f 1057/465/444 115/18/18 1055/462/441
f 1055/462/441 115/18/18 16/17/17
f 659/466/445 654/19/19 115/18/18
f 1057/465/444 1058/467/446 661/468/247
f 661/468/247 660/469/246 1057/465/444
f 661/468/247 1058/467/446 1059/470/447
f 1060/471/448 1059/470/447 1061/472/449
f 666/257/250 665/256/249 1067/473/450
f 666/257/250 1067/473/450 1068/474/451
f 666/257/250 1068/474/451 668/259/252
f 1072/475/452 671/264/257 1070/476/453
f 671/264/257 670/262/255 1070/476/453
f 1072/475/452 1073/477/454 1074/478/455
f 1075/479/456 1076/480/457 675/270/262
f 675/270/262 674/268/260 1075/479/456
f 680/271/263 675/270/262 1076/480/457
f 682/273/265 680/271/263 1079/481/458
f 1079/481/458 684/482/459 682/273/265
f 1080/483/460 2854/484/461 1081/485/462
f 695/486/463 1083/487/464 694/278/270
f 1086/488/465 1087/489/466 698/490/467
f 1089/491/468 702/284/275 700/281/272
f 1092/492/469 708/493/470 1091/494/471
f 1088/495/472 1098/496/473 1094/497/474
f 1105/498/475 1108/499/476 1109/500/477
f 1116/501/478 1111/502/479 1115/503/480
f 1115/503/480 1118/504/481 1116/501/478
f 1115/503/480 1117/505/482 1118/504/481
f 1117/505/482 1755/506/483 1118/504/481
f 1124/507/484 1122/508/485 1121/509/486
f 1122/510/485 1126/511/487 1125/512/488
f 1131/513/489 35/514/490 31/515/491
f 1120/516/492 1119/517/493 1121/509/486
f 1137/518/494 1755/506/483 1120/516/492
f 1767/519/495 1116/501/478 1118/504/481
f 1116/501/478 1769/520/496 1111/502/479
f 1769/520/496 1138/521/497 1139/522/498
f 1139/522/498 1111/502/479 1769/520/496
f 1141/523/499 1107/524/500 1112/525/501
f 1107/524/500 1141/523/499 1142/526/502
f 1143/527/503 1142/528/502 1144/529/504
f 1143/530/503 1104/531/505 1106/532/506
f 1092/492/469 1095/533/507 1152/534/508
f 1161/535/509 714/536/510 1159/537/511
f 1161/535/509 1162/538/512 1163/539/513
f 1163/539/513 717/540/514 1161/535/509
f 1163/539/513 1164/541/515 1165/542/516
f 1167/543/517 722/544/518 1168/545/519
f 1167/543/517 1169/546/520 722/544/518
f 1169/546/520 1171/547/521 1170/548/522
f 1175/549/523 1174/550/524 1176/551/525
f 738/301/292 737/552/526 1182/553/527
f 1184/554/528 1186/555/529 741/556/530
f 745/305/296 744/304/295 1190/557/531
f 1190/557/531 1191/558/532 745/305/296
f 1191/558/532 1192/559/533 747/560/534
f 1192/561/533 752/562/535 750/563/536
f 1194/564/537 1195/565/538 752/562/535
f 1196/566/539 1197/567/540 756/568/541
f 756/568/541 755/569/542 1196/566/539
f 1198/570/543 1199/571/544 758/572/545
f 1199/571/544 2850/573/546 760/574/547
f 1201/575/548 1202/576/549 763/577/550
f 1204/578/551 1205/579/552 766/580/553
f 766/580/553 765/311/302 1204/578/551
f 1205/579/552 1207/581/554 768/582/555
f 1207/581/554 767/583/556 768/582/555
f 778/320/311 1217/584/557 1218/585/558
f 1219/586/559 1221/587/560 779/588/561
f 1246/589/562 1247/590/563 812/591/564
f 1250/592/565 819/593/566 1248/594/567
f 1286/595/568 1282/596/569 1285/597/570
f 1325/598/571 1326/599/572 1321/600/573
f 1328/601/574 1330/602/575 1325/598/571
f 1328/601/574 1329/603/576 1331/604/577
f 1331/604/577 1332/605/578 1328/601/574
f 1335/606/579 1338/607/580 1334/608/581
f 1341/609/582 1344/610/583 1345/611/584
f 1345/611/584 1342/612/585 1341/609/582
f 1345/613/584 1347/614/586 1348/615/587
f 1348/615/587 1346/616/588 1345/613/584
f 1349/617/589 1346/616/588 1348/615/587
f 1350/618/590 1353/619/591 1351/620/592
f 1355/621/593 1358/622/594 1359/623/595
f 1355/621/593 1359/623/595 1357/624/596
f 1361/625/597 1362/626/598 1359/623/595
f 1368/627/599 1363/628/600 1367/629/601
f 164/630/602 1368/627/599 1367/629/601
f 2083/631/603 915/632/604 914/633/605
f 2083/631/603 1369/634/606 915/632/604
f 1369/634/606 916/635/607 915/632/604
f 1370/636/608 1371/637/609 916/635/607
f 918/363/352 917/362/351 1373/638/610
f 1372/639/611 1374/640/612 1373/641/610
f 1373/641/610 1374/640/612 918/642/352
f 919/643/354 918/644/352 1374/645/612
f 1374/646/612 920/368/355 919/367/354
f 1376/647/613 926/648/614 922/375/361
f 922/375/361 921/374/360 1376/647/613
f 927/649/615 478/650/616 1376/647/613
f 480/172/167 929/651/617 2274/652/618
f 930/384/368 480/172/167 2274/652/618
f 2274/652/618 1377/653/619 930/384/368
f 1377/653/619 1378/654/620 932/385/369
f 1378/654/620 934/655/621 933/386/370
f 933/386/370 932/385/369 1378/654/620
f 1378/654/620 1379/656/622 934/655/621
f 1379/657/622 1381/658/623 936/387/371
f 1381/658/623 1383/659/624 938/388/372
f 938/388/372 936/387/371 1381/658/623
f 1383/660/624 1384/661/625 939/662/626
f 939/663/626 938/388/372 1383/659/624
f 1393/664/627 1395/665/628 1394/666/629
f 1398/667/630 1400/668/631 1399/669/632
f 958/402/386 957/399/383 956/670/633
f 960/405/389 1402/671/634 1403/672/635
f 960/405/389 959/403/387 958/402/386
f 1413/673/636 965/411/395 1411/674/637
f 1424/675/638 1425/676/639 1422/677/640
f 1424/675/638 1426/678/641 1425/676/639
f 1427/679/642 1425/676/639 1426/678/641
f 1427/679/642 1431/680/643 1429/681/644
f 1432/682/645 1429/681/644 1433/683/646
f 1440/684/647 1443/685/648 1437/686/649
f 1443/685/648 1445/687/650 1441/688/651
f 1466/689/652 1467/690/653 1462/691/654
f 1470/692/655 1473/693/656 1471/694/657
f 1475/695/658 1473/693/656 1477/696/659
f 1478/697/660 1480/698/661 93/699/662
f 1480/698/661 1483/700/663 1481/701/664
f 1497/702/665 1496/703/666 1500/704/667
f 2862/705/668 1500/706/667 1501/707/669
f 1505/708/670 51/10/10 1503/709/671
f 1506/710/672 1513/711/673 1503/709/671
f 1506/710/672 51/10/10 50/9/9
f 50/9/9 5/8/8 1507/712/674
f 1507/712/674 1511/713/675 50/9/9
f 1511/713/675 1507/712/674 1510/714/676
f 1513/711/673 1506/710/672 1512/715/677
f 1513/711/673 1504/716/678 1503/709/671
f 38/717/679 1521/718/680 1518/719/681
f 1522/720/682 1523/721/683 38/722/679
f 1521/718/680 38/717/679 1523/723/683
f 1520/724/684 1518/719/681 1521/718/680
f 1527/725/685 1528/726/686 1519/727/687
f 1528/728/686 1530/729/688 1529/730/689
f 1533/731/690 1535/732/691 1534/733/692
f 1542/734/693 1059/470/447 1058/467/446
f 1544/735/694 101/736/695 98/737/696
f 1663/738/697 1545/739/698 1544/735/694
f 1545/739/698 1547/740/699 1546/741/700
f 1553/742/701 1552/743/702 1471/694/657
f 1472/744/703 1471/694/657 1552/743/702
f 1555/745/704 1467/690/653 1472/744/703
f 1560/746/705 1458/747/706 1463/748/707
f 1564/749/708 1566/750/709 1448/751/710
f 1566/750/709 1568/752/711 1444/753/712
f 1444/753/712 1448/751/710 1566/750/709
f 1568/752/711 1570/754/713 1442/755/714
f 1435/756/715 1574/757/716 1432/682/645
f 1574/757/716 1430/758/717 1429/681/644
f 1429/681/644 1432/682/645 1574/757/716
f 1430/758/717 1618/759/718 1425/676/639
f 1425/676/639 1427/679/642 1430/758/717
f 1590/760/719 1591/761/720 1588/762/721
f 1595/763/722 1599/764/723 977/765/724
f 1599/764/723 1596/766/725 21/767/726
f 21/767/726 977/765/724 1599/764/723
f 149/768/727 21/767/726 1596/766/725
f 1596/766/725 1599/764/723 1598/769/728
f 1598/769/728 1599/764/723 1595/763/722
f 1595/763/722 1600/770/729 1598/769/728
f 1604/771/730 1603/772/731 1600/770/729
f 1603/772/731 1605/773/732 1606/774/733
f 1615/775/734 1579/776/735 1616/777/736
f 1618/759/718 1621/778/737 1620/779/738
f 1618/759/718 1576/780/739 1621/778/737
f 1576/780/739 1575/781/740 1622/782/741
f 1575/783/740 1628/784/742 1626/785/743
f 1626/786/743 1627/787/744 1625/788/745
f 1629/789/746 1627/787/744 1571/790/747
f 1571/790/747 1630/791/748 1629/789/746
f 1635/792/749 1633/793/750 1637/794/751
f 1567/795/752 1565/796/753 1637/794/751
f 1644/797/754 1645/798/755 1641/799/756
f 1650/800/757 1651/801/758 1648/802/759
f 1548/803/760 1547/804/699 1659/805/761
f 1659/806/761 1547/740/699 1661/807/762
f 1547/740/699 1545/739/698 1662/808/763
f 1663/738/697 117/463/442 1051/457/437
f 1051/457/437 1050/455/435 1663/738/697
f 1050/455/435 1049/454/434 1662/808/763
f 1042/809/764 1654/810/765 1664/811/766
f 1668/812/767 1649/813/768 1666/814/769
f 1673/815/770 1639/816/771 1642/817/772
f 1677/818/773 1632/819/774 1634/820/775
f 1632/819/774 1677/818/773 1678/821/776
f 1679/822/777 1627/787/744 1629/789/746
f 1687/823/778 1620/779/738 1623/824/779
f 1692/825/780 1693/826/781 1691/827/782
f 1693/826/781 1695/828/783 147/829/784
f 1699/830/785 1606/774/733 1605/773/732
f 1700/831/786 1602/832/787 1606/774/733
f 1601/833/788 1702/834/789 1598/769/728
f 1702/834/789 1597/835/790 1598/769/728
f 1705/836/791 21/767/726 149/768/727
f 1705/836/791 1706/837/792 1707/838/793
f 1707/838/793 980/418/402 979/200/195
f 1709/839/794 1710/840/795 985/841/796
f 1713/842/797 1715/843/798 1714/844/799
f 1715/845/798 991/423/407 1716/846/800
f 1716/846/800 991/423/407 990/847/801
f 1719/848/802 1720/849/803 1718/850/804
f 1720/849/803 1721/851/805 993/852/806
f 994/853/807 993/852/806 1721/851/805
f 1721/851/805 1722/854/808 994/853/807
f 1723/855/809 1722/854/808 1724/856/810
f 1724/856/810 1000/857/811 1723/855/809
f 1000/857/811 1724/856/810 1725/858/812
f 1002/429/413 1001/428/412 1726/859/813
f 1726/859/813 1694/860/814 1002/429/413
f 1003/433/414 1002/432/413 1694/861/814
f 1725/858/812 1700/831/786 1698/862/815
f 1724/856/810 1701/863/816 1700/831/786
f 1701/863/816 1724/856/810 1722/854/808
f 1703/864/817 1720/849/803 1702/834/789
f 1597/835/790 1702/834/789 1720/849/803
f 1719/848/802 1704/865/818 1597/835/790
f 1704/865/818 149/768/727 1597/835/790
f 1727/866/819 1708/867/820 982/868/821
f 1727/866/819 1728/869/822 1708/867/820
f 1729/870/823 1710/840/795 1709/839/794
f 1727/866/819 1706/837/792 1730/871/824
f 1731/872/825 1730/871/824 1706/837/792
f 1717/873/826 1730/871/824 1731/872/825
f 1731/872/825 1732/874/827 1717/873/826
f 1719/848/802 1717/873/826 1732/874/827
f 1734/875/828 1736/876/829 1729/870/823
f 1710/840/795 1729/870/823 1736/876/829
f 991/423/407 1715/845/798 1717/873/826
f 21/767/726 1705/836/791 979/200/195
f 1005/877/830 1003/433/414 1694/861/814
f 1692/878/780 1690/879/831 1737/880/832
f 1690/881/831 1688/882/833 1008/439/419
f 1688/882/833 1738/883/834 1010/884/835
f 1678/821/776 1019/885/836 1017/886/837
f 1019/885/836 1678/821/776 1677/818/773
f 1741/887/838 1677/818/773 1676/888/839
f 1676/888/839 1022/889/840 1741/887/838
f 1022/889/840 1676/888/839 1675/890/841
f 1675/890/841 1023/891/842 1022/889/840
f 1023/891/842 1675/890/841 1742/892/843
f 1742/893/843 1025/894/844 1023/895/842
f 1672/896/845 1027/897/846 1025/894/844
f 1027/897/846 1672/896/845 1671/898/847
f 1031/899/848 1029/900/849 1028/901/850
f 1671/898/847 1649/813/768 1669/902/851
f 1556/903/852 1554/904/853 1655/905/854
f 1573/906/855 1572/907/856 1628/908/742
f 1604/771/730 1594/909/857 1590/760/719
f 1600/770/729 1595/763/722 1604/771/730
f 1124/507/484 1757/910/858 1758/911/859
f 1758/911/859 1759/912/860 1124/507/484
f 1760/913/861 1124/507/484 1759/912/860
f 1128/914/862 1127/915/863 36/916/864
f 36/917/864 1131/513/489 1128/918/862
f 36/917/864 35/514/490 1131/513/489
f 47/919/865 33/920/866 1762/921/867
f 33/920/866 47/919/865 4/922/5
f 1764/923/868 1134/924/869 1132/925/870
f 1123/926/871 1135/927/872 1136/928/873
f 1767/519/495 1769/520/496 1116/501/478
f 1138/521/497 64/929/874 1139/522/498
f 1139/522/498 1771/930/875 1772/931/876
f 1772/931/876 1140/932/877 1139/522/498
f 1774/933/878 1141/523/499 1140/932/877
f 1141/523/499 1774/933/878 1775/934/879
f 1776/935/880 1142/526/502 1141/523/499
f 1797/936/881 1798/937/882 1167/938/517
f 1167/938/517 1166/939/883 1797/936/881
f 1169/546/520 1167/543/517 1798/940/882
f 1803/941/884 1804/942/885 1173/943/886
f 1805/944/887 1176/551/525 1174/550/524
f 1830/945/888 1831/946/889 1827/947/890
f 1832/948/891 1833/949/892 1831/946/889
f 1842/950/893 1839/951/894 1836/952/895
f 1853/953/896 1912/954/897 1850/955/898
f 1859/956/899 1861/957/900 1857/958/901
f 1865/959/902 1868/960/903 1866/961/904
f 1870/962/905 1873/963/906 1871/964/907
f 1874/965/908 1876/966/909 1875/967/910
f 1876/968/909 1879/969/911 1877/970/912
f 1886/971/913 1881/972/914 1885/973/915
f 1885/974/915 1888/975/916 1886/976/913
f 1889/977/917 1886/976/913 1888/975/916
f 1888/978/916 1890/979/918 1889/980/917
f 1891/981/919 1889/980/917 1890/979/918
f 1890/979/918 1892/982/920 1891/981/919
f 1893/983/921 24/984/922 1375/985/923
f 1894/373/359 1375/985/923 24/984/922
f 24/984/922 927/649/615 1894/373/359
f 1895/986/924 1891/981/919 1892/982/920
f 1896/987/925 1898/988/926 1889/977/917
f 1889/980/917 1891/981/919 1896/989/925
f 1898/990/926 1900/991/927 1886/971/913
f 1886/976/913 1889/977/917 1898/988/926
f 1881/972/914 1886/971/913 1900/991/927
f 1902/992/928 1904/993/929 1871/964/907
f 1871/964/907 1878/994/930 1902/992/928
f 1904/993/929 1905/995/931 1906/996/932
f 1866/961/904 1906/996/932 1907/997/933
f 1909/998/934 1860/999/935 1864/1000/936
f 1858/1001/937 1912/954/897 1855/1002/938
f 1851/1003/939 1913/1004/940 1845/1005/941
f 1914/1006/942 1846/1007/943 1845/1005/941
f 1915/1008/944 1843/1009/945 1846/1007/943
f 1843/1009/945 1915/1008/944 1916/1010/946
f 1916/1010/946 1840/1011/947 1843/1009/945
f 1919/1012/948 1831/946/889 1833/949/892
f 1190/557/531 1189/1013/949 1949/1014/950
f 1191/558/532 1190/557/531 1952/1015/951
f 1195/565/538 1194/564/537 1957/1016/952
f 1962/1017/953 1963/1018/954 1197/567/540
f 1197/567/540 1196/566/539 1962/1017/953
f 1966/1019/955 1968/1020/956 1202/576/549
f 1202/576/549 1201/575/548 1966/1019/955
f 2874/1021/957 1973/1022/958 1972/1023/959
f 1976/1024/960 1210/1025/961 1974/1026/962
f 1984/1027/963 1217/584/557 1216/1028/964
f 1988/1029/965 1990/1030/966 1989/1031/967
f 1990/1030/966 1991/1032/968 1223/1033/969
f 2016/1034/970 2015/1035/971 2017/1036/972
f 2022/1037/973 2021/1038/974 2023/1039/975
f 2035/1040/976 2036/1041/977 2037/1042/978
f 2046/1043/979 2048/1044/980 2047/1045/981
f 2048/1044/980 2050/1046/982 2049/1047/983
f 2059/1048/984 1313/1049/985 2057/1050/986
f 2059/1048/984 2060/1051/987 2061/1052/988
f 2061/1052/988 1318/1053/989 2059/1048/984
f 2063/1054/990 1323/1055/991 1318/1053/989
f 2065/1056/992 1327/1057/993 1323/1055/991
f 1344/610/583 1341/609/582 1340/1058/994
f 1344/1059/583 2231/1060/995 2073/1061/996
f 2073/1062/996 2074/1063/997 2075/1064/998
f 1350/618/590 1348/1065/587 1347/1066/586
f 1350/618/590 2075/1064/998 2076/1067/999
f 2079/1068/1000 1364/1069/1001 1360/1070/1002
f 1366/1071/1003 2081/1072/1004 1367/629/601
f 2081/1072/1004 2082/1073/1005 163/1074/1006
f 2083/631/603 2084/1075/1007 1369/634/606
f 2084/1075/1007 1370/636/608 1369/634/606
f 1899/1076/1008 1897/1077/1009 1372/639/611
f 1374/640/612 1372/639/611 1897/1077/1009
f 1897/1078/1009 1896/987/925 1374/646/612
f 2084/1075/1007 1902/992/928 1878/994/930
f 1878/994/930 1901/1079/1010 2084/1075/1007
f 2086/1080/1011 1907/997/933 1906/996/932
f 1908/1081/1012 1910/1082/1013 1909/998/934
f 1911/1083/1014 1858/1001/937 1910/1082/1013
f 2090/1084/1015 1912/954/897 1911/1083/1014
f 1914/1006/942 1845/1005/941 1913/1004/940
f 2095/1085/1016 1916/1010/946 1915/1008/944
f 2126/1086/1017 1942/1087/1018 1941/1088/1019
f 2130/1089/1020 2132/1090/1021 2131/1091/1022
f 2133/1092/1023 1953/1093/1024 1951/1094/1025
f 1951/1094/1025 1950/1095/1026 2133/1092/1023
f 2134/1096/1027 2135/1097/1028 2133/1092/1023
f 2138/1098/1029 2139/1099/1030 1955/1100/1031
f 2147/1101/1032 2148/1102/1033 2145/1103/1034
f 2154/1104/1035 1969/1105/1036 1967/1106/1037
f 1969/1105/1036 2154/1104/1035 2155/1107/1038
f 2155/1107/1038 2156/1108/1039 1970/1109/1040
f 2157/1110/1041 1976/1024/960 1975/1111/1042
f 2169/1112/1043 2171/1113/1044 1991/1032/968
f 1991/1032/968 1990/1030/966 2169/1112/1043
f 1993/1114/1045 1991/1032/968 2171/1113/1044
f 2181/1115/1046 2005/1116/1047 2180/1117/1048
f 2880/1118/1049 2182/1119/1050 2013/1120/1051
f 2183/1121/1052 2015/1035/971 2014/1122/1053
f 2186/1123/1054 2019/1124/1055 2184/1125/1056
f 2019/1124/1055 2186/1123/1054 2187/1126/1057
f 2187/1126/1057 2020/1127/1058 2019/1124/1055
f 2020/1127/1058 2187/1126/1057 2188/1128/1059
f 2197/1129/1060 2196/1130/1061 2198/1131/1062
f 2046/1043/979 2045/1132/1063 2207/1133/1064
f 2048/1044/980 2046/1043/979 2208/1134/1065
f 2208/1134/1065 2209/1135/1066 2048/1044/980
f 2215/1136/1067 2058/1137/1068 2213/1138/1069
f 2222/1139/1070 2066/1140/1071 2064/1141/1072
f 2066/1140/1071 2222/1139/1070 2223/1142/1073
f 2223/1142/1073 2067/1143/1074 2066/1140/1071
f 2072/1144/1075 2071/1145/1076 2229/1146/1077
f 2072/1147/1075 2100/1148/1078 2231/1149/995
f 2231/1060/995 1344/1059/583 2072/1150/1075
f 2074/1063/997 2073/1062/996 2231/1151/995
f 2233/1152/1079 2076/1067/999 2075/1064/998
f 2092/1153/1080 2076/1067/999 2233/1152/1079
f 2092/1153/1080 2077/1154/1081 2076/1067/999
f 2092/1153/1080 2091/1155/1082 2077/1154/1081
f 2078/1156/1083 2234/1157/1084 2079/1068/1000
f 2080/1158/1085 1366/1071/1003 2089/1159/1086
f 2088/1160/1087 2080/1158/1085 2089/1159/1086
f 2080/1158/1085 2088/1160/1087 2087/1161/1088
f 2087/1161/1088 1905/995/931 2085/1162/1089
f 2087/1161/1088 2085/1162/1089 2081/1072/1004
f 2089/1159/1086 2234/1157/1084 1911/1083/1014
f 2090/1084/1015 1911/1083/1014 2234/1157/1084
f 2092/1153/1080 1913/1004/940 2091/1155/1082
f 2096/1163/1090 2094/1164/1091 2093/1165/1092
f 2100/1166/1078 2097/1167/1093 2098/1168/1094
f 2228/1169/1095 2103/1170/1096 2230/1171/1097
f 2215/1136/1067 2214/1172/1098 2216/1173/1099
f 2134/1096/1027 2132/1090/1021 2210/1174/1100
f 2237/1175/1101 2152/1176/1102 2238/1177/1103
f 2240/1178/1104 2155/1107/1038 2154/1104/1035
f 2242/1179/1105 2161/1180/1106 2160/1181/1107
f 2263/1182/1108 2174/1183/1109 2267/1184/1110
f 2879/1185/1111 2179/1186/1112 2178/1187/1113
f 2182/1119/1050 2880/1118/1049 2269/1188/1114
f 2271/1189/1115 2188/1128/1059 2187/1126/1057
f 24/984/922 928/382/366 927/649/615
f 24/984/922 1893/983/921 928/382/366
f 929/651/617 2273/1190/1116 2274/652/618
f 2274/652/618 2275/1191/1117 1377/653/619
f 2275/1191/1117 1378/654/620 1377/653/619
f 2278/1192/1118 2280/1193/1119 1379/657/622
f 1380/1194/1120 1379/657/622 2280/1193/1119
f 2285/1195/1121 2287/1196/1122 2286/1197/1123
f 1385/1198/1124 1384/1199/625 2288/1200/1125
f 2292/1201/1126 2293/1202/1127 1389/1203/1128
f 2293/1202/1127 2294/1204/1129 1392/1205/1130
f 2295/1206/1131 2296/1207/1132 1397/1208/1133
f 2297/1209/1134 2298/1210/1135 1400/668/631
f 2301/1211/1136 1402/671/634 1401/1212/1137
f 2310/1213/1138 1407/1214/1139 2311/1215/1140
f 2310/1213/1138 2313/1216/1141 2314/1217/1142
f 2314/1217/1142 1407/1214/1139 2310/1213/1138
f 1431/680/643 1427/679/642 1426/678/641
f 1433/683/646 1431/680/643 1436/1218/1143
f 2330/1219/1144 2331/1220/1145 1439/1221/1146
f 1440/1222/647 1439/1221/1146 2332/1223/1147
f 2331/1220/1145 2333/1224/1148 2332/1223/1147
f 1443/685/648 1440/684/647 2334/1225/1149
f 1445/687/650 1443/685/648 2337/1226/1150
f 2337/1226/1150 2338/1227/1151 1445/687/650
f 2341/1228/1152 2343/1229/1153 2342/1230/1154
f 2343/1229/1153 2345/1231/1155 2344/1232/1156
f 2345/1231/1155 2347/1233/1157 2346/1234/1158
f 2347/1233/1157 2348/1235/1159 1468/1236/1160
f 2348/1237/1159 2350/1238/1161 2349/1239/1162
f 2350/1238/1161 2351/1240/1163 1476/1241/1164
f 2351/1240/1163 2353/1242/1165 1478/697/660
f 1480/698/661 1478/697/660 2353/1242/1165
f 2353/1242/1165 2355/1243/1166 1480/698/661
f 1483/700/663 1480/698/661 2355/1243/1166
f 2355/1243/1166 2356/1244/1167 1483/700/663
f 1486/1245/1168 1483/700/663 2356/1244/1167
f 2361/1246/1169 2363/1247/1170 2362/1248/1171
f 1496/703/666 1495/1249/1172 2364/1250/1173
f 2363/1247/1170 2365/1251/1174 2364/1250/1173
f 1500/704/667 1496/703/666 2366/1252/1175
f 2376/1253/1176 2377/1254/1177 1504/716/678
f 1524/1255/1178 1523/723/683 2387/1256/1179
f 2390/1257/1180 1755/506/483 1754/1258/1181
f 1524/1259/1178 45/1260/6 1761/1261/1182
f 2394/1262/1183 2395/1263/1184 1134/924/869
f 2394/1262/1183 1134/924/869 1764/923/868
f 2395/1264/1184 1135/927/872 1134/1265/869
f 2396/1266/1185 1136/928/873 1135/927/872
f 1766/1267/1186 2399/1268/1187 1767/519/495
f 64/929/874 1770/1269/1188 65/1270/1189
f 2400/1271/1190 67/1272/1191 66/1273/1192
f 2399/1268/1187 1766/1267/1186 2403/1274/1193
f 2405/1275/1194 1766/1267/1186 2398/1276/1195
f 2398/1276/1195 2406/1277/1196 2405/1275/1194
f 2409/1278/1197 2408/1279/1198 2395/1263/1184
f 2395/1263/1184 2410/1280/1199 2409/1278/1197
f 2411/1281/1200 2412/1282/1201 2408/1279/1198
f 2408/1279/1198 2409/1278/1197 2411/1281/1200
f 2414/1283/1202 2415/1284/1203 2404/1285/1204
f 2416/1286/1205 2417/1287/1206 2401/1288/1207
f 2420/1289/1208 2425/1290/1209 2421/1291/1210
f 2425/1290/1209 2427/1292/1211 2423/1293/1212
f 2426/1294/1213 2427/1292/1211 2428/1295/1214
f 2429/1296/1215 2423/1293/1212 2426/1294/1213
f 2431/1297/1216 2434/1298/1217 2433/1299/1218
f 2434/1298/1217 2436/1300/1219 2435/1301/1220
f 2437/1302/1221 2457/1303/1222 2435/1301/1220
f 53/1304/1223 2444/1305/1224 2443/1306/1225
f 2445/1307/1226 2446/1308/1227 6/1309/1228
f 52/1310/1229 6/1311/1228 2449/1312/1230
f 2452/1313/1231 2444/1305/1224 2451/1314/1232
f 2456/1315/1233 2437/1302/1221 2442/1316/1234
f 2437/1302/1221 2456/1315/1233 2457/1303/1222
f 2459/1317/1235 2432/1318/1236 2433/1299/1218
f 2461/1319/1237 2462/1320/1238 2424/1321/1239
f 2463/1322/1240 2464/1323/1241 2465/1324/1242
f 1771/930/875 1139/522/498 64/929/874
f 1771/930/875 64/929/874 63/1325/1243
f 2477/1326/1244 1773/1327/1245 2478/1328/1246
f 2481/1329/1247 1775/934/879 1774/933/878
f 1778/1330/1248 1776/935/880 1775/934/879
f 2501/1331/1249 2504/1332/1250 2505/1333/1251
f 2505/1334/1251 2502/1335/1252 2501/1336/1249
f 2505/1334/1251 2507/1337/1253 2502/1335/1252
f 2507/1337/1253 2508/1338/1254 2509/1339/1255
f 2510/1340/1256 91/1341/1257 90/1342/1258
f 73/1343/1259 75/1344/1260 2510/1345/1256
f 2890/1346/1261 2505/1333/1251 2504/1332/1250
f 2514/1347/1262 2508/1348/1254 2890/1346/1261
f 75/1349/1260 91/1341/1257 2510/1340/1256
f 89/1350/1263 12/1351/1264 2506/1352/1265
f 2524/1353/1266 2525/1354/1267 1790/1355/1268
f 1790/1355/1268 1789/1356/1269 2524/1353/1266
f 2527/1357/1270 2528/1358/1271 1792/1359/1272
f 2528/1358/1271 2529/1360/1273 1793/1361/1274
f 2532/1362/1275 2531/1363/1276 2533/1364/1277
f 2533/1364/1277 1795/1365/1278 2532/1362/1275
f 2531/1363/1276 2535/1366/1279 2534/1367/1280
f 2535/1366/1279 2537/1368/1281 2536/1369/1282
f 1803/941/884 1802/1370/1283 2536/1371/1282
f 2537/1368/1281 2539/1372/1284 2538/1373/1285
f 2545/1374/1286 1824/1375/1287 2544/1376/1288
f 2561/1377/1289 1834/1378/1290 2547/1379/1291
f 2553/1380/1292 1847/1381/1293 1849/1382/1294
f 2553/1380/1292 2302/1383/1295 2554/1384/1296
f 2554/1384/1296 2299/1385/1297 1854/1386/1298
f 1856/1387/1299 2295/1206/1131 1859/956/899
f 2295/1206/1131 2555/1388/1300 1859/956/899
f 1861/957/900 1859/956/899 2555/1388/1300
f 2555/1388/1300 2556/1389/1301 1861/957/900
f 2556/1389/1301 1862/1390/1302 1861/957/900
f 1867/1391/1303 1865/959/902 1862/1390/1302
f 2557/1392/1304 2289/1393/1305 1869/1394/1306
f 1876/966/909 1874/965/908 2559/1395/1307
f 2559/1396/1307 2560/1397/1308 1876/968/909
f 1879/969/911 1876/968/909 2560/1397/1308
f 2279/1398/1309 2277/1399/1310 1883/1400/1311
f 2277/1401/1310 2276/1402/1312 1887/1403/1313
f 2276/1402/1312 2273/1190/1116 1890/979/918
f 1892/982/920 1890/979/918 2273/1190/1116
f 2273/1190/1116 1893/983/921 1892/982/920
f 2294/1204/1129 2293/1202/1127 2555/1388/1300
f 2296/1207/1132 2295/1206/1131 1856/1387/1299
f 176/1404/1314 2313/1216/1141 2549/1405/1315
f 175/1406/1316 178/1407/1317 2320/1408/1318
f 2586/1409/1319 2583/1410/1320 2585/1411/1321
f 2585/1411/1321 2587/1412/1322 2586/1409/1319
f 2596/1413/1323 2593/1414/1324 2595/1415/1325
f 2599/1416/1326 2596/1413/1323 2598/1417/1327
f 2601/1418/1328 2599/1416/1326 2600/1419/1329
f 2600/1419/1329 2602/1420/1330 2601/1418/1328
f 2600/1419/1329 2604/1421/1331 2602/1420/1330
f 2606/1422/1332 2609/1423/1333 2612/1424/1334
f 2612/1425/1334 2610/1426/1335 2606/1427/1332
f 2610/1426/1335 2612/1425/1334 2615/1428/1336
f 2615/1429/1336 2618/1430/1337 2613/1431/1338
f 2618/1430/1337 2620/1432/1339 2616/1433/1340
f 2626/1434/1341 2625/1435/1342 2629/1436/1343
f 2630/1437/1344 2629/1438/1343 2632/1439/1345
f 2645/1440/1346 2649/1441/1347 2646/1442/1348
f 2658/1443/1349 2661/1444/1350 2659/1445/1351
f 2661/1444/1350 2664/1446/1352 2660/1447/1353
f 2669/1448/1354 2672/1449/1355 2670/1450/1356
f 2672/1451/1355 2674/1452/1357 2673/1453/1358
f 2678/1454/1359 2375/1455/1360 2677/1456/1361
f 2436/1300/1219 2434/1298/1217 2378/1457/1362
f 2379/1458/1363 2431/1297/1216 2680/1459/1364
f 2680/1459/1364 2381/1460/1365 2379/1458/1363
f 2384/1461/1366 2415/1284/1203 2385/1462/1367
f 2415/1284/1203 2414/1283/1202 2385/1462/1367
f 2682/1463/1368 2417/1287/1206 2416/1286/1205
f 2416/1286/1205 2415/1284/1203 2682/1463/1368
f 2420/1289/1208 2417/1287/1206 2682/1463/1368
f 2895/1464/1369 2427/1292/1211 2425/1290/1209
f 2680/1459/1364 2429/1296/1215 2426/1294/1213
f 2434/1298/1217 2431/1297/1216 2379/1458/1363
f 2376/1253/1176 2437/1302/1221 2377/1254/1177
f 2687/1465/1370 2442/1316/1234 2441/1466/1371
f 2693/1467/1372 2457/1303/1222 2456/1315/1233
f 2460/1468/1373 55/1469/1374 2432/1318/1236
f 54/1470/1375 2461/1319/1237 55/1469/1374
f 2689/1471/1376 61/12/12 56/11/11
f 2698/1472/1377 2697/1473/1378 2686/1474/1379
f 2699/1475/1380 2700/1476/1381 2698/1477/1377
f 2702/1478/1382 2703/1479/1383 2698/1477/1377
f 2698/1477/1377 2700/1476/1381 2702/1478/1382
f 2697/1473/1378 2698/1472/1377 2703/1480/1383
f 2669/1481/1354 2696/1482/1384 2697/1483/1378
f 2669/1481/1354 2668/1484/1385 2696/1482/1384
f 2668/1484/1385 2704/1485/1386 2694/1486/1387
f 2704/1485/1386 2657/1487/1388 2690/1488/1389
f 2657/1487/1388 2652/1489/1390 2690/1488/1389
f 2690/1488/1389 2652/1489/1390 61/12/12
f 2652/1489/1390 2705/1490/1391 62/1491/1392
f 2712/1492/1393 2470/1493/1394 2710/1494/1395
f 2714/1495/1396 2715/1496/1397 2470/1493/1394
f 2720/1497/1398 2479/1498/1399 2474/1499/1400
f 2721/1500/1401 2482/1501/1402 2720/1497/1398
f 2734/1502/1403 2732/1503/1404 2731/1504/1405
f 2731/1504/1405 2746/1505/1406 2734/1502/1403
f 2731/1506/1405 2729/1507/1407 2728/1508/1408
f 2716/1509/1409 2756/1510/1410 2753/1511/1411
f 2759/1512/1412 2632/1439/1345 2629/1438/1343
f 2767/1513/1413 2749/1514/1414 2755/1515/1415
f 2746/1516/1406 2766/1517/1416 2768/1518/1417
f 2771/1519/1418 2744/1520/1419 2743/1521/1420
f 2772/1522/1421 2771/1519/1418 2773/1523/1422
f 2770/1524/1423 2609/1423/1333 2608/1525/1424
f 2769/1526/1425 2609/1423/1333 2770/1524/1423
f 2769/1526/1425 2612/1424/1334 2609/1423/1333
f 2766/1517/1416 2615/1428/1336 2612/1425/1334
f 2615/1428/1336 2766/1517/1416 2767/1513/1413
f 2757/1527/1426 2629/1436/1343 2625/1435/1342
f 2661/1444/1350 2658/1443/1349 2704/1485/1386
f 2674/1452/1357 2672/1451/1355 2703/1479/1383
f 2701/1528/1427 2685/1529/1428 2684/1530/1429
f 2677/1456/1361 2676/1531/1430 2683/1532/1431
f 2373/1533/1432 2774/1534/1433 2663/1535/1434
f 2367/1536/1435 2365/1251/1174 2651/1537/1436
f 2365/1251/1174 2363/1247/1170 2648/1538/1437
f 2357/1539/1438 2356/1244/1167 2635/1540/1439
f 2635/1540/1439 2634/1541/1440 2638/1542/1441
f 2348/1235/1159 2779/1543/1442 2619/1544/1443
f 2619/1544/1443 2623/1545/1444 2348/1235/1159
f 2348/1235/1159 2347/1233/1157 2779/1543/1442
f 2347/1233/1157 2345/1231/1155 2617/1546/1445
f 2345/1231/1155 2343/1229/1153 2614/1547/1446
f 2343/1229/1153 2341/1228/1152 2611/1548/1447
f 2340/1549/1448 2780/1550/1449 2603/1551/1450
f 2601/1418/1328 2603/1552/1450 2780/1553/1449
f 2336/1554/1451 2335/1555/1452 2599/1416/1326
f 2599/1416/1326 2601/1418/1328 2336/1554/1451
f 2335/1555/1452 2333/1224/1148 2593/1414/1324
f 2333/1224/1148 2331/1220/1145 2590/1556/1453
f 2590/1556/1453 2593/1414/1324 2333/1224/1148
f 2591/1557/1454 2590/1556/1453 2331/1220/1145
f 2586/1409/1319 2591/1557/1454 2329/1558/1455
f 2327/1559/1456 2326/1560/1457 2584/1561/1458
f 2783/1562/1459 2785/1563/1460 2784/1564/1461
f 2784/1564/1461 2785/1563/1460 2568/1565/1462
f 2786/1566/1463 178/1407/1317 177/1567/1464
f 2528/1358/1271 2527/1357/1270 2582/1568/1465
f 2529/1360/1273 2528/1358/1271 2579/1569/1466
f 2791/1570/1467 2792/1571/1468 2531/1363/1276
f 2792/1571/1468 2793/1572/1469 2535/1366/1279
f 2535/1366/1279 2531/1363/1276 2792/1571/1468
f 2792/1571/1468 2564/1573/1470 2793/1572/1469
f 2537/1368/1281 2535/1366/1279 2793/1572/1469
f 2564/1573/1470 2546/1574/1471 2793/1572/1469
f 1122/508/485 1124/507/484 1760/913/861
f 1115/503/480 1751/1575/1472 1117/505/482
f 1475/695/658 92/1576/1473 100/1577/1474
f 1365/1578/1475 2795/1579/1476 1363/628/600
f 2795/1579/1476 1362/626/598 1363/628/600
f 1342/1580/585 1346/1581/588 2805/1582/1477
f 2807/1583/1478 2808/1584/1479 1343/1585/1480
f 1337/1586/1481 2810/1587/1482 1332/605/578
f 2810/1587/1482 2811/1588/1483 1330/602/575
f 1330/602/575 1328/601/574 1332/605/578
f 1326/599/572 1325/598/571 1330/602/575
f 1322/1589/1484 1321/600/573 1326/599/572
f 2817/1590/1485 2818/1591/1486 1312/1592/1487
f 2821/1593/1488 2822/1594/1489 1300/1595/1490
f 2822/1594/1489 2823/1596/1491 1295/1597/1492
f 1291/1598/1493 197/1599/1494 1286/1600/568
f 2826/1601/1495 2824/1602/1496 876/1603/1497
f 2821/1593/1488 2820/1604/1498 883/1605/1499
f 2820/1604/1498 2819/1606/1500 885/1607/1501
f 2819/1606/1500 2816/1608/1502 888/1609/1503
f 888/1609/1503 2816/1608/1502 887/1610/1504
f 2813/1611/1505 2812/1612/1506 890/1613/1507
f 890/1613/1507 2812/1612/1506 420/350/339
f 891/351/340 420/350/339 2812/1612/1506
f 2809/1614/1508 2808/1584/1479 895/1615/1509
f 2808/1584/1479 2807/1583/1478 897/1616/1510
f 2807/1583/1478 2806/1617/1511 897/1616/1510
f 900/1618/1512 898/1619/1513 899/1620/1514
f 2795/1579/1476 1365/1578/1475 910/359/348
f 1365/1578/1475 913/1621/1515 910/359/348
f 910/359/348 913/1621/1515 911/361/350
f 450/154/149 913/1621/1515 2794/1622/1516
f 2834/1623/1517 1362/626/598 2795/1579/1476
f 2797/1624/1518 1357/624/596 1362/626/598
f 2800/1625/1519 2799/1626/1520 2798/1627/1521
f 1339/1628/1522 2808/1584/1479 2809/1614/1508
f 2823/1596/1491 2822/1594/1489 2829/1629/1523
f 1073/477/454 1072/475/452 1071/1630/1524
f 1086/1631/465 1085/1632/1525 1100/1633/1526
f 924/377/363 922/375/361 926/648/614
f 452/157/152 449/155/150 450/154/149
f 447/153/148 444/152/147 912/360/349
f 437/1634/1527 434/1635/1528 433/355/344
f 426/1636/1529 425/173/168 424/135/132
f 422/134/131 420/350/339 892/349/338
f 410/128/125 408/1637/1530 886/1638/1531
f 408/1637/1530 405/348/337 884/347/336
f 405/1639/337 402/1640/1532 401/1641/1533
f 362/1642/1534 361/1643/1535 847/1644/1536
f 358/113/110 356/112/109 839/1645/1537
f 356/112/109 355/1646/1538 835/1647/1539
f 340/1648/1540 339/1649/1541 815/1650/1542
f 656/251/244 654/19/19 659/466/445
f 653/1651/1543 103/15/15 102/14/14
f 124/269/261 620/1652/1544 623/1653/1545
f 604/1654/1546 128/1655/1547 133/1656/1548
f 133/1656/1548 132/1657/1549 604/1654/1546
f 278/66/65 188/65/64 185/1658/1550
f 1/1659/1551 31/515/491 35/514/490
f 39/1660/1552 2899/1661/1553 40/1662/403
f 3/1663/3 43/1664/4 44/1665/1554
f 2933/1666/1555 41/1667/1 3/1668/3
f 2937/1669/1556 2936/1670/1557 2900/1671/1558
f 2938/1672/1559 2900/1673/1558 2936/1674/1557
f 2942/1675/1560 2941/1676/1561 2903/1677/1562
f 2947/1678/1563 2942/1675/1560 2903/1677/1562
f 2979/1679/1564 2978/1680/1565 2909/1681/1566
f 2984/1682/1567 2983/1683/1568 2911/1684/1569
f 2985/1685/1570 2911/1684/1569 2983/1683/1568
f 2996/1686/1571 2998/1687/1572 2911/1684/1569
f 3003/1688/1573 2912/1689/1574 3000/1690/1575
f 3008/1691/1576 3007/1692/1577 2913/1693/1578
f 3010/1694/1579 3009/1695/1580 2913/1693/1578
f 3034/1696/1581 3036/1697/1582 3035/1698/1583
f 3044/1699/1584 2919/1700/1585 3045/1701/1586
f 3065/1702/1587 3064/1703/1588 2924/1704/1589
f 3085/1705/1590 2927/1706/1591 3204/1707/1592
f 3085/1705/1590 3091/1708/1593 3090/1709/1594
f 3092/1710/1595 3090/1709/1594 3091/1708/1593
f 3093/1711/1596 3090/1709/1594 3092/1710/1595
f 3098/1712/1597 3094/1713/1598 3095/1714/1599
f 3095/1714/1599 3197/1715/1600 3098/1712/1597
f 3101/1716/1601 3104/1717/1602 3100/1718/1603
f 3114/1719/1604 3113/1720/1605 3109/1721/1606
f 3114/1719/1604 3118/1722/1607 3117/1723/1608
f 3134/1724/1609 3130/1725/1610 3131/1726/1611
f 3138/1727/1612 3134/1728/1609 3135/1729/1613
f 3138/1727/1612 3135/1729/1613 3136/1730/1614
f 3136/1730/1614 3139/1731/1615 3138/1727/1612
f 3145/1732/1616 3141/1733/1617 3142/1734/1618
f 3147/1735/1619 3145/1732/1616 3143/1736/1620
f 3150/1737/1621 3147/1735/1619 3146/1738/1622
f 3156/1739/1623 3152/1740/1624 3154/1741/1625
f 3160/1742/1626 3068/1743/1627 3158/1744/1628
f 278/66/65 3160/1742/1626 277/64/63
f 3164/1745/1629 3162/1746/1630 3165/1747/1631
f 3171/1748/1632 3170/1749/1633 3153/1750/1634
f 3172/1751/1635 3149/1752/1636 3146/1753/1622
f 3114/1719/1604 3187/1754/1637 3118/1722/1607
f 3110/1755/1638 3192/1756/1639 3190/1757/1640
f 3192/1756/1639 3110/1755/1638 3193/1758/1641
f 3199/1759/1642 3197/1715/1600 3095/1714/1599
f 3095/1714/1599 3096/1760/1643 3199/1759/1642
f 3202/1761/1644 3201/1762/1645 3096/1760/1643
f 3202/1761/1644 3096/1760/1643 3092/1710/1595
f 3092/1710/1595 3091/1708/1593 3202/1761/1644
f 3204/1707/1592 3203/1763/1646 3085/1705/1590
f 3206/1764/1647 3205/1765/1648 3083/1766/1649
f 3087/1767/1650 327/96/93 326/95/92
f 3208/1768/1651 3207/1769/1652 3088/1770/1653
f 3211/1771/1654 3209/1772/1655 3093/1711/1596
f 3093/1711/1596 3097/1773/1656 3211/1771/1654
f 3213/1774/1657 3211/1771/1654 3097/1773/1656
f 3214/1775/1658 3213/1774/1657 3099/1776/1659
f 3103/1777/1660 3214/1775/1658 3099/1776/1659
f 3214/1775/1658 3103/1777/1660 3215/1778/1661
f 3106/1779/1662 3215/1778/1661 3103/1777/1660
f 3129/1780/1663 3130/1725/1610 3227/1781/1664
f 3130/1725/1610 3134/1724/1609 3230/1782/1665
f 3232/1783/1666 3230/1784/1665 3134/1728/1609
f 3140/1785/1667 3141/1733/1617 3235/1786/1668
f 3141/1733/1617 3145/1732/1616 3238/1787/1669
f 3240/1788/1670 3238/1787/1669 3145/1732/1616
f 3145/1732/1616 3147/1735/1619 3240/1788/1670
f 3282/1789/1671 3281/1790/1672 3277/1791/1673
f 3288/1792/1674 3291/1793/1675 3285/1794/1676
f 3292/1795/1677 3293/1796/1678 3296/1797/1679
f 3295/1798/1680 3296/1797/1679 3293/1796/1678
f 3301/1799/1681 3300/1800/1682 3299/1801/1683
f 3303/1802/1684 3302/1803/1685 3300/1800/1682
f 3305/1804/1686 3302/1803/1685 3304/1805/1687
f 3310/1806/1688 3311/1807/1689 3312/1808/1690
f 3311/1807/1689 3313/1809/1691 3312/1808/1690
f 3317/1810/1692 3314/1811/1693 3318/1812/1694
f 3326/1813/1695 3322/1814/1696 3323/1815/1697
f 3324/1816/1698 3326/1813/1695 3323/1815/1697
f 3327/1817/1699 3330/1818/1700 3324/1816/1698
f 3336/1819/1701 3335/1820/1702 3334/1821/1703
f 3045/1701/1586 3337/1822/1704 3336/1819/1701
f 3340/1823/1705 3341/1824/1706 3339/1825/1707
f 3343/1826/1708 2920/1827/1709 3340/1828/1705
f 3342/1829/1710 3046/1830/1711 3344/1831/1712
f 3346/1832/1713 3345/1833/1714 3046/1834/1711
f 3331/1835/1715 3346/1832/1713 3044/1699/1584
f 2919/1700/1585 3044/1699/1584 3346/1832/1713
f 3334/1821/1703 3333/1836/1716 3332/1837/1717
f 3327/1817/1699 3331/1835/1715 3332/1837/1717
f 3345/1833/1714 3346/1832/1713 3347/1838/1718
f 3328/1839/1719 3347/1838/1718 3346/1832/1713
f 3349/1840/1720 3350/1841/1721 3351/1842/1722
f 3300/1800/1682 3301/1799/1681 3303/1802/1684
f 3292/1795/1677 3358/1843/1723 3293/1796/1678
f 3288/1792/1674 3289/1844/1724 3292/1795/1677
f 3285/1845/1676 3286/1846/1725 3289/1847/1724
f 3282/1789/1671 3363/1848/1726 3361/1849/1727
f 3265/1850/1728 3372/1851/1729 3370/1852/1730
f 3261/1853/1731 3374/1854/1732 3265/1850/1728
f 3064/1703/1588 3384/1855/1733 3063/1856/1734
f 3389/1857/1735 3388/1858/1736 3065/1702/1587
f 3065/1702/1587 3160/1742/1626 3389/1857/1735
f 2843/191/186 2844/195/190 3389/1857/1735
f 3390/1859/1737 515/1860/191 279/1861/66
f 3391/1862/1738 3390/1863/1737 3161/1864/1739
f 3815/1865/1740 3391/1862/1738 3163/1866/1741
f 3164/1745/1629 3393/1867/1742 3392/1868/1743
f 3393/1867/1742 3164/1745/1629 3394/1869/1744
f 3166/1870/1745 3394/1869/1744 3164/1745/1629
f 3397/1871/1746 523/1872/1747 3398/1873/1748
f 3411/1874/1749 3409/1875/1750 3410/1876/1751
f 3419/1877/1752 3418/1878/1753 3415/1879/1754
f 3423/1880/1755 3422/1881/1756 3421/1882/1757
f 3426/1883/1758 3425/1884/1759 3422/1885/1756
f 3434/1886/1760 3428/1887/1761 3429/1888/1762
f 3436/1889/1763 3434/1886/1760 3432/1890/1764
f 3453/1891/1765 3454/1892/1766 3457/1893/1767
f 3455/1894/1768 3457/1893/1767 3454/1892/1766
f 3458/1895/1769 3459/1896/1770 3461/1897/1771
f 3468/1898/1772 3471/1899/1773 3467/1900/1774
f 3471/1899/1773 3468/1898/1772 3472/1901/1775
f 3472/1901/1775 3473/1902/1776 3475/1903/1777
f 3010/1694/1579 3011/1904/1778 3560/1905/1779
f 3491/1906/1780 3489/1907/1781 3490/1908/1782
f 3497/1909/1783 3494/1910/1784 3495/1911/1785
f 3495/1911/1785 3498/1912/1786 3497/1909/1783
f 3503/1913/1787 3500/1914/1788 3501/1915/1789
f 3503/1913/1787 3501/1915/1789 3504/1916/1790
f 3510/1917/1791 3506/1918/1792 3508/1919/1793
f 3508/1919/1793 3511/1920/1794 3510/1917/1791
f 3512/1921/1795 3510/1917/1791 3511/1920/1794
f 3523/1922/1796 3522/1923/1797 3520/1924/1798
f 3523/1922/1796 655/1925/245 656/1926/244
f 3533/1927/1799 3532/1928/1800 3511/1920/1794
f 3505/1929/1801 3533/1927/1799 3508/1919/1793
f 3511/1920/1794 3508/1919/1793 3533/1927/1799
f 3534/1930/1802 3533/1927/1799 3505/1929/1801
f 3535/1931/1803 3534/1930/1802 3505/1929/1801
f 3007/1692/1577 3008/1691/1576 3538/1932/1804
f 3009/1695/1580 3542/1933/1805 3541/1934/1806
f 3544/1935/1807 3540/1936/1808 3542/1933/1805
f 3546/1937/1809 3544/1935/1807 3542/1933/1805
f 3550/1938/1810 3549/1939/1811 3546/1937/1809
f 3548/1940/1812 3555/1941/1813 3547/1942/1814
f 3554/1943/1815 3555/1944/1813 3556/1945/1816
f 3557/1946/1817 3556/1947/1816 3548/1940/1812
f 3558/1948/1818 3557/1946/1817 3543/1949/1819
f 3010/1694/1579 3558/1948/1818 3543/1949/1819
f 3485/1950/1820 3562/1951/1821 3484/1952/1822
f 3014/1953/1823 3562/1951/1821 3485/1950/1820
f 3564/1954/1824 3563/1955/1825 3014/1953/1823
f 3570/1956/1826 3568/1957/1827 3571/1958/1828
f 33/1959/866 34/1960/1829 1/1659/1551 32/1961/1830
f 3469/1962/1831 3581/1963/1832 3023/1964/1833
f 3582/1965/1834 3583/1966/1835 3584/1967/1836
f 3606/1968/1837 3604/1969/1838 3426/1883/1758
f 3430/1970/1839 3426/1883/1758 3604/1969/1838
f 3608/1971/1840 3606/1972/1837 3423/1880/1755
f 3609/1973/1841 3608/1971/1840 3419/1877/1752
f 3615/1974/1842 3613/1975/1843 3614/1976/1844
f 3616/1977/1845 3617/1978/1846 3618/1979/1847
f 3621/1980/1848 764/310/301 3168/1981/1849
f 2842/313/304 3168/1981/1849 764/310/301
f 3170/1749/1633 3171/1748/1632 3623/1982/1850
f 3174/1983/1851 3626/1984/1852 3173/1985/1853
f 3177/1986/1854 3630/1987/1855 3628/1988/1856
f 3179/1989/1857 3632/1990/1858 3177/1986/1854
f 3181/1991/1859 3634/1992/1860 3179/1989/1857
f 3188/1993/1861 3640/1994/1862 3639/1995/1863
f 3640/1994/1862 3188/1993/1861 3641/1996/1864
f 3191/1997/1865 3641/1998/1864 3188/1999/1861
f 3641/1998/1864 3191/1997/1865 3642/2000/1866
f 3653/2001/1867 3200/2002/1868 3201/1762/1645
f 3655/2003/1869 3653/2001/1867 3203/1763/1646
f 3205/1765/1648 3655/2003/1869 3204/1707/1592
f 3203/1763/1646 3204/1707/1592 3655/2003/1869
f 801/2004/1870 3657/2005/1871 3206/1764/1647
f 3210/2006/1872 3212/2007/1873 3660/2008/1874
f 3668/2009/1875 3665/2010/1876 3666/2011/1877
f 3668/2009/1875 3669/2012/1878 3671/2013/1879
f 3670/2014/1880 3671/2013/1879 3669/2012/1878
f 3671/2013/1879 3670/2014/1880 3673/2015/1881
f 3672/2016/1882 3673/2015/1881 3670/2014/1880
f 3673/2015/1881 3672/2016/1882 3674/2017/1883
f 3674/2017/1883 3675/2018/1884 3677/2019/1885
f 3714/2020/1886 3711/2021/1887 3712/2022/1888
f 3726/2023/1889 3723/2024/1890 3724/2025/1891
f 3728/2026/1892 3730/2027/1893 3727/2028/1894
f 3287/2029/1895 3290/2030/1896 3737/2031/1897
f 3738/2032/1898 3290/2030/1896 3291/1793/1675
f 3294/2033/1899 3738/2032/1898 3291/1793/1675
f 3296/1797/1679 3740/2034/1900 3292/1795/1677
f 3297/2035/1901 3740/2034/1900 3296/1797/1679
f 3298/2036/1902 3741/2037/1903 3297/2035/1901
f 3745/2038/1904 3743/2039/1905 3302/1803/1685
f 3302/1803/1685 3746/2040/1906 3745/2038/1904
f 3307/2041/1907 3309/2042/1908 3748/2043/1909
f 3310/1806/1688 3751/2044/1910 3309/2045/1908
f 3753/2046/1911 3751/2044/1910 3312/1808/1690
f 3755/2047/1912 3754/2048/1913 3317/1810/1692
f 3321/2049/1914 3756/2050/1915 3755/2051/1912
f 3758/2052/1916 3757/2053/1917 3329/2054/1918
f 3332/1837/1717 3759/2055/1919 3330/1818/1700
f 3333/1836/1716 3760/2056/1920 3759/2055/1919
f 3760/2056/1920 3333/1836/1716 4188/2057/1921
f 3338/2058/1922 3341/1824/1706 3765/2059/1923
f 3341/2060/1706 3766/2061/1924 3765/2062/1923
f 2920/1827/1709 3767/2063/1925 3766/2061/1924
f 3767/2063/1925 2920/1827/1709 3768/2064/1926
f 3348/2065/1927 3768/2064/1926 3343/1826/1708
f 3344/2066/1712 3348/2065/1927 3343/1826/1708
f 3351/1842/1722 3769/2067/1928 3349/1840/1720
f 3352/2068/1929 3771/2069/1930 3770/2070/1931
f 3307/2041/1907 3772/2071/1932 3353/2072/1933
f 5078/2073/1934 3355/2074/1935 3775/2075/1936
f 3303/1802/1684 3774/2076/1937 3775/2075/1936
f 3301/1799/1681 3774/2076/1937 3303/1802/1684
f 3778/2077/1938 3777/2078/1939 3295/1798/1680
f 3357/2079/1940 3778/2077/1938 3295/1798/1680
f 3787/2080/1941 3786/2081/1942 3366/2082/1943
f 3375/2083/1944 3797/2084/1945 3795/2085/1946
f 3378/2086/1947 3380/2087/1948 3377/2088/1949
f 974/2089/1950 3813/2090/1951 972/414/398
f 515/1860/191 3814/2091/1952 975/2092/400
f 3816/2093/1953 4405/2094/1954 3391/1862/1738
f 3815/1865/1740 3392/1868/1743 3035/1698/1583
f 41/2095/1 2933/2096/1555 3818/2097/1955
f 3821/2098/1956 3820/2099/1957 2934/2100/1958
f 3397/1871/1746 3407/2101/1959 3824/2102/1960
f 3408/2103/1961 3409/1875/1750 3826/2104/1962
f 3828/2105/1963 3827/2106/1964 3409/1875/1750
f 3412/2107/1965 3828/2105/1963 3409/1875/1750
f 3829/2108/1966 3828/2105/1963 3412/2107/1965
f 3427/2109/1967 3838/2110/1968 3836/2111/1969
f 3839/2112/1970 3838/2110/1968 3427/2109/1967
f 3428/1887/1761 3434/1886/1760 3842/2113/1971
f 3843/2114/1972 3842/2113/1971 3434/1886/1760
f 3434/1886/1760 3436/1889/1763 3843/2114/1972
f 3847/2115/1973 3846/2116/1974 3442/2117/1975
f 3851/2118/1976 3850/2119/1977 3452/2120/1978
f 3452/2120/1978 3453/1891/1765 3851/2118/1976
f 3853/2121/1979 3851/2118/1976 3453/1891/1765
f 3471/1899/1773 3862/2122/1980 3470/2123/1981
f 3883/2124/1982 3882/2125/1983 3499/2126/1984
f 3499/2126/1984 3500/1914/1788 3884/2127/1985
f 3886/2128/1986 3884/2127/1985 3500/1914/1788
f 2999/2129/1987 3509/2130/1988 3506/2131/1792
f 3506/2131/1792 3510/2132/1791 2999/2129/1987
f 3515/2133/1989 2999/2129/1987 3510/2132/1791
f 3512/1921/1795 3515/2134/1989 3510/1917/1791
f 3515/2134/1989 3516/2135/1990 3890/2136/1991
f 3518/2137/1992 2969/2138/1993 3890/2136/1991
f 2970/2139/1994 3890/2136/1991 2969/2138/1993
f 2998/1687/1572 3889/2140/1995 3509/2130/1988
f 2985/1685/1570 3896/2141/1996 2997/2142/1997
f 3522/1923/1797 3523/1922/1796 3896/2143/1996
f 3902/2144/1998 3901/2145/1999 3531/2146/2000
f 3903/2147/2001 3901/2145/1999 3902/2144/1998
f 3904/2148/2002 1067/473/450 3532/2149/1800
f 3532/2149/1800 1067/473/450 665/256/249
f 3532/1928/1800 3533/1927/1799 3904/2150/2002
f 3905/2151/2003 3904/2152/2002 3534/2153/1802
f 3533/1927/1799 3534/1930/1802 3904/2150/2002
f 3534/1930/1802 3535/1931/1803 3905/2154/2003
f 3540/1936/1808 3544/1935/1807 3910/2155/2004
f 3911/2156/2005 3910/2155/2004 3544/1935/1807
f 3556/1945/1816 3916/2157/2006 3554/1943/1815
f 3556/1947/1816 3557/1946/1817 3917/2158/2007
f 3559/2159/2008 3558/1948/1818 3010/1694/1579
f 3922/2160/2009 3921/2161/2010 3559/2159/2008
f 3566/2162/2011 3923/2163/2012 3563/1955/1825
f 3924/2164/2013 3923/2163/2012 3566/2162/2011
f 3930/2165/2014 3931/2166/2015 3932/2167/2016
f 1108/2168/476 3934/2169/2017 3938/2170/2018
f 3936/2171/2019 3938/2172/2018 3934/2173/2017
f 3940/2174/2020 3941/2175/2021 3939/2176/2022
f 3940/2174/2020 3945/2177/2023 3944/2178/2024
f 3946/2179/2025 3944/2178/2024 3945/2177/2023
f 4556/2180/2026 4554/2181/2027 3948/2182/2028
f 3950/2183/2029 3951/2184/2030 3949/2185/2031
f 3951/2184/2030 3950/2183/2029 3952/2186/2032
f 3952/2186/2032 3953/2187/2033 3955/2188/2034
f 3957/2189/2035 3958/2190/2036 3956/2191/2037
f 3960/2192/2038 3958/2190/2036 3957/2189/2035
f 3962/2193/2039 1132/2194/870 1130/2195/2040
f 1132/2194/870 3962/2193/2039 3963/2196/2041
f 3959/2197/2042 3963/2198/2041 3962/2199/2039
f 3970/2200/2043 3968/2201/2044 3948/2182/2028
f 3971/2202/2045 3970/2200/2043 3948/2182/2028
f 3948/2182/2028 3947/2203/2046 3971/2202/2045
f 3942/2204/2047 3972/2205/2048 3943/2206/2049
f 1145/2207/2050 3977/2208/2051 1104/2209/505
f 3935/2210/2052 1104/2209/505 3977/2208/2051
f 3983/2211/2053 3984/2212/2054 3985/2213/2055
f 3575/2214/2056 3577/2215/2057 3574/2216/2058
f 3995/2217/2059 3994/2218/2060 3993/2219/2061
f 3578/2220/2062 3995/2217/2059 3576/2221/2063
f 3999/2222/2064 3997/2223/2065 3998/2224/2066
f 4005/2225/2067 3592/2226/2068 4607/2227/2069
f 4007/2228/2070 4006/2229/2071 4008/2230/2072
f 4008/2230/2072 4009/2231/2073 4010/2232/2074
f 4014/2233/2075 4013/2234/2076 3602/2235/2077
f 4015/2236/2078 4014/2233/2075 3603/2237/2079
f 4019/2238/2080 4016/2239/2081 3605/2240/2082
f 4024/2241/2083 4022/2242/2084 3606/1968/1837
f 3607/2243/2085 3606/1968/1837 4022/2242/2084
f 3610/2244/2086 4024/2245/2083 3608/1971/1840
f 3606/1972/1837 3608/1971/1840 4024/2245/2083
f 4026/2246/2087 4025/2247/2088 4024/2241/2083
f 4031/2248/2089 4030/2249/2090 3615/1974/1842
f 3613/1975/1843 3615/1974/1842 4030/2249/2090
f 3616/1977/1845 4033/2250/2091 4032/2251/2092
f 2850/573/546 4034/2252/2093 3619/2253/2094
f 1202/576/549 4036/2254/2095 763/577/550
f 4038/2255/2096 4037/2256/2097 3622/2257/2098
f 3621/1980/1848 3622/2257/2098 4037/2256/2097
f 3627/2258/2099 4042/2259/2100 3625/2260/2101
f 4044/2261/2102 4045/2262/2103 4046/2263/2104
f 4052/2264/2105 4053/2265/2106 4054/2266/2107
f 4057/2267/2108 4055/2268/2109 3640/1994/1862
f 3640/1994/1862 4059/2269/2110 4057/2267/2108
f 3641/1996/1864 4059/2269/2110 3640/1994/1862
f 4080/2270/2111 4079/2271/2112 3664/2272/2113
f 3668/2009/1875 4081/2273/2114 3665/2010/1876
f 3671/2013/1879 4084/2274/2115 3668/2009/1875
f 4083/2275/2116 4084/2274/2115 4085/2276/2117
f 3673/2015/1881 4086/2277/2118 3671/2013/1879
f 3674/2017/1883 4087/2278/2119 3673/2015/1881
f 3072/2279/2120 4106/2280/2121 3071/2281/2122
f 4133/2282/2123 4130/2283/2124 4127/2284/2125
f 4140/2285/2126 4136/2286/2127 4137/2287/2128
f 4142/2288/2129 4140/2289/2126 4141/2290/2130
f 4145/2291/2131 4142/2288/2129 4146/2292/2132
f 4143/2293/2133 4146/2292/2132 4142/2288/2129
f 4151/2294/2134 4150/2295/2135 4147/2296/2136
f 4167/2297/2137 4165/2298/2138 4168/2299/2139
f 4171/2300/2140 4168/2299/2139 4169/2301/2141
f 4174/2302/2142 4171/2303/2140 4172/2304/2143
f 4177/2305/2144 4176/2306/2145 4174/2302/2142
f 5567/2307/2146 4180/2308/2147 4176/2306/2145
f 4182/2309/2148 4180/2308/2147 4181/2310/2149
f 4185/2311/2150 4183/2312/2151 4184/2313/2152
f 4185/2311/2150 3760/2056/1920 4187/2314/2153
f 3760/2056/1920 4188/2057/1921 4187/2314/2153
f 4190/2315/2154 4189/2316/2155 3761/2317/2156
f 4194/2318/2157 4192/2319/2158 4193/2320/2159
f 3765/2062/1923 4196/2321/2160 3764/2322/2161
f 4198/2323/2162 4197/2324/2163 3767/2063/1925
f 4198/2323/2162 3767/2063/1925 4713/2325/2164
f 4713/2325/2164 3767/2063/1925 3768/2064/1926
f 3770/2326/1931 3771/2327/1930 3769/2067/1928
f 4714/2328/2165 3771/2069/1930 4199/2329/2166
f 3352/2068/1929 4199/2329/2166 3771/2069/1930
f 3772/2071/1932 4200/2330/2167 4199/2329/2166
f 3772/2071/1932 3773/2331/2168 4200/2330/2167
f 3355/2074/1935 5078/2073/1934 3773/2331/2168
f 4201/2332/2169 3775/2075/1936 3774/2076/1937
f 4202/2333/2170 4201/2332/2169 3774/2076/1937
f 3778/2077/1938 4203/2334/2171 3776/2335/2172
f 3781/2336/2173 3782/2337/2174 4209/2338/2175
f 3783/2339/2176 3784/2340/2177 3782/2341/2174
f 4221/2342/2178 4219/2343/2179 4220/2344/2180
f 4222/2345/2181 4221/2342/2178 3793/2346/2182
f 4224/2347/2183 4222/2345/2181 4223/2348/2184
f 4238/2349/2185 4237/2350/2186 4236/2351/2187
f 4244/2352/2188 4241/2353/2189 4243/2354/2190
f 4246/2355/2191 4244/2352/2188 4245/2356/2192
f 974/2089/1950 2860/2357/2193 4245/2356/2192
f 1420/2358/2194 4247/2359/2195 1421/2360/2196
f 4251/2361/2197 4248/2362/2198 4249/2363/2199
f 4256/2364/2200 4254/2365/2201 4255/2366/2202
f 4259/2367/2203 4256/2364/2200 4257/2368/2204
f 4257/2368/2204 4260/2369/2205 4259/2367/2203
f 4261/2370/2206 4259/2367/2203 4260/2369/2205
f 4269/2371/2207 4273/2372/2208 4272/2373/2209
f 4274/2374/2210 4271/2375/2211 4272/2373/2209
f 4283/2376/2212 4281/2377/2213 4278/2378/2214
f 4297/2379/2215 4293/2380/2216 4294/2381/2217
f 4299/2382/2218 4297/2383/2215 4298/2384/2219
f 4304/2385/2220 4302/2386/2221 2975/2387/2222
f 4307/2388/2223 4304/2385/2220 4305/2389/2224
f 4330/2390/2225 4329/2391/2226 4327/2392/2227
f 4331/2393/2228 2939/2394/2229 2940/2395/2230
f 4335/2396/2231 4334/2397/2232 4330/2390/2225
f 4336/2398/2233 4335/2396/2231 4328/2399/2234
f 4337/2400/2235 4336/2398/2233 4325/2401/2236
f 2931/2402/2237 1517/2403/2238 4339/2404/2239
f 4340/2405/2240 2931/2406/2237 4339/2407/2239
f 4342/2408/2241 4341/2409/2242 4340/2405/2240
f 4343/2410/2243 1522/720/682 4341/2411/2242
f 4341/2409/2242 4342/2408/2241 4343/2412/2243
f 4340/2405/2240 4346/2413/2244 4342/2408/2241
f 4350/2414/2245 4349/2415/2246 4339/2407/2239
f 4339/2407/2239 4349/2415/2246 4340/2405/2240
f 4339/2404/2239 1517/2403/2238 4350/2416/2245
f 4350/2416/2245 1529/2417/689 1530/2418/688
f 3900/2419/2247 4361/2420/2248 3899/2421/2249
f 4363/2422/2250 4362/2423/2251 4361/2420/2248
f 4365/2424/2252 4363/2422/2250 2982/2425/2253
f 2980/2426/2254 2981/2427/2255 4369/2428/2256
f 4295/2429/2257 4296/2430/2258 4371/2431/2259
f 4282/2432/2260 4379/2433/2261 4286/2434/2262
f 4382/2435/2263 4279/2436/2264 4277/2437/2265
f 4383/2438/2266 4382/2435/2263 4273/2372/2208
f 4384/2439/2267 4383/2438/2266 4269/2371/2207
f 4391/2440/2268 4390/2441/2269 4253/2442/2270
f 4392/2443/2271 4391/2440/2268 4250/2444/2272
f 4394/2445/2273 4393/2446/2274 4247/2447/2195
f 4247/2447/2195 4393/2446/2274 4250/2444/2272
f 1581/2448/2275 4394/2449/2273 1420/2358/2194
f 4247/2359/2195 1420/2358/2194 4394/2449/2273
f 975/2092/400 4404/2450/2276 2867/2451/2277
f 3814/2452/1952 4405/2094/1954 4404/2453/2276
f 4405/2094/1954 3816/2093/1953 4406/2454/2278
f 4407/2455/2279 4406/2454/2278 3816/2093/1953
f 2917/2456/2280 4407/2455/2279 3035/1698/1583
f 4406/2454/2278 4408/2457/2281 4410/2458/2282
f 4409/2459/2283 4410/2458/2282 4408/2457/2281
f 4498/2460/2284 4410/2458/2282 4409/2459/2283
f 4411/2461/2285 4402/2462/2286 4410/2458/2282
f 4395/2463/2287 4421/2464/2288 4422/2465/2289
f 4423/2466/2290 4395/2463/2287 4422/2465/2289
f 4428/2467/2291 4425/2468/2292 4426/2469/2293
f 4426/2469/2293 4429/2470/2294 4428/2467/2291
f 4389/2471/2295 4428/2467/2291 4429/2470/2294
f 4387/2472/2296 4389/2473/2295 4430/2474/2297
f 4386/2475/2298 4387/2472/2296 4432/2476/2299
f 4438/2477/2300 4434/2478/2301 4436/2479/2302
f 4436/2479/2302 4439/2480/2303 4438/2477/2300
f 4440/2481/2304 4438/2477/2300 4439/2480/2303
f 4448/2482/2305 4381/2483/2306 4445/2484/2307
f 4446/2485/2308 4448/2482/2305 4445/2484/2307
f 4449/2486/2309 4378/2487/2310 4446/2488/2308
f 4378/2487/2310 4449/2486/2309 4377/2489/2311
f 4451/2490/2312 4377/2489/2311 4449/2486/2309
f 4377/2489/2311 4451/2490/2312 4375/2491/2313
f 4453/2492/2314 4375/2493/2313 4451/2494/2312
f 4375/2493/2313 4453/2492/2314 4456/2495/2315
f 4456/2495/2315 4453/2492/2314 4455/2496/2316
f 3885/2497/2317 3887/2498/2318 4366/2499/2319
f 4364/2500/2320 4366/2499/2319 3887/2498/2318
f 4461/2501/2321 4364/2500/2320 3887/2498/2318
f 3887/2498/2318 3888/2502/2322 4461/2501/2321
f 3892/2503/2323 4461/2501/2321 3888/2502/2322
f 3897/2504/2324 4362/2423/2251 4461/2501/2321
f 3893/2505/2325 3897/2504/2324 3892/2503/2323
f 4458/2506/2326 3881/2507/2327 4460/2508/2328
f 4454/2509/2329 4463/2510/2330 4462/2511/2331
f 4452/2512/2332 4465/2513/2333 4454/2509/2329
f 4450/2514/2334 4467/2515/2335 4452/2512/2332
f 4467/2515/2335 4450/2514/2334 4468/2516/2336
f 4447/2517/2337 4468/2518/2336 4450/2519/2334
f 4443/2520/2338 4471/2521/2339 4444/2522/2340
f 4442/2523/2341 4472/2524/2342 4471/2521/2339
f 4435/2525/2343 4477/2526/2344 4437/2527/2345
f 4477/2526/2344 4435/2525/2343 4478/2528/2346
f 4433/2529/2347 4478/2528/2346 4435/2525/2343
f 4478/2528/2346 4433/2529/2347 4479/2530/2348
f 4431/2531/2349 4479/2530/2348 4433/2529/2347
f 4488/2532/2350 4486/2533/2351 4487/2534/2352
f 4492/2535/2353 4490/2536/2354 4491/2537/2355
f 4412/2538/2356 4496/2539/2357 4413/2540/2358
f 4498/2460/2284 4497/2541/2359 4412/2538/2356
f 4410/2458/2282 4498/2460/2284 4411/2461/2285
f 4499/2542/2360 4409/2459/2283 4408/2457/2281
f 4503/2543/2361 4527/2544/2362 3036/1697/1582
f 3034/1696/1581 4503/2543/2361 3036/1697/1582
f 4504/2545/2363 4503/2543/2361 3034/1696/1581
f 4506/2546/2364 4505/2547/2365 3820/2548/1957
f 4506/2549/2364 985/2550/796 1710/2551/795
f 4514/2552/2366 4513/2553/2367 3827/2106/1964
f 4517/2554/2368 4515/2555/2369 4514/2552/2366
f 4518/2556/2370 4517/2554/2368 3829/2108/1966
f 3829/2108/1966 3831/2557/2371 4518/2556/2370
f 4520/2558/2372 4521/2559/2373 4522/2560/2374
f 4522/2560/2374 4523/2561/2375 4524/2562/2376
f 3837/2563/2377 4524/2562/2376 4523/2561/2375
f 4525/2564/2378 4524/2562/2376 3837/2563/2377
f 4497/2541/2359 4524/2562/2376 4495/2565/2379
f 4522/2560/2374 4499/2542/2360 4520/2558/2372
f 4409/2459/2283 4499/2542/2360 4498/2460/2284
f 4501/2566/2380 4519/2567/2381 4500/2568/2382
f 4499/2542/2360 4500/2568/2382 4519/2567/2381
f 4517/2554/2368 4519/2567/2381 4501/2566/2380
f 4516/2569/2383 4517/2554/2368 4501/2566/2380
f 4502/2570/2384 4526/2571/2385 4516/2569/2383
f 4527/2544/2362 4526/2571/2385 4502/2570/2384
f 4529/2572/2386 4527/2544/2362 4503/2543/2361
f 4505/2573/2365 4530/2574/2387 3819/2575/2388
f 4506/2546/2364 4531/2576/2389 4505/2547/2365
f 1710/2551/795 4532/2577/2390 4506/2549/2364
f 4527/2544/2362 4528/2578/2391 4535/2579/2392
f 4535/2579/2392 4526/2571/2385 4527/2544/2362
f 4512/2580/2393 4513/2553/2367 4535/2579/2392
f 1736/2581/829 4537/2582/2394 4534/2583/2395
f 4533/2584/2396 4534/2585/2395 4537/2586/2394
f 4503/2543/2361 4504/2545/2363 4529/2572/2386
f 4483/2587/2397 4486/2533/2351 3844/2588/2398
f 3849/2589/2399 3845/2590/2400 3846/2116/1974
f 3850/2119/1977 4539/2591/2401 3849/2589/2399
f 3852/2592/2402 4542/2593/2403 4541/2594/2404
f 3854/2595/2405 4476/2596/2406 3852/2592/2402
f 4476/2596/2406 3854/2595/2405 4475/2597/2407
f 3856/2598/2408 4475/2597/2407 3854/2595/2405
f 4475/2597/2407 3856/2598/2408 4473/2599/2409
f 3858/2600/2410 4473/2599/2409 3856/2598/2408
f 4473/2599/2409 3858/2600/2410 4472/2524/2342
f 4467/2515/2335 3866/2601/2411 4466/2602/2412
f 4470/2603/2413 4544/2604/2414 4469/2605/2415
f 4478/2528/2346 4542/2593/2403 4477/2526/2344
f 4480/2606/2416 4481/2607/2417 4538/2608/2418
f 4382/2435/2263 4383/2438/2266 4440/2481/2304
f 4383/2438/2266 4384/2439/2267 4438/2477/2300
f 4390/2441/2269 4391/2440/2268 4428/2467/2291
f 4548/2609/2419 1749/2610/2420 1748/2611/2421
f 1752/2612/2422 4549/2613/2423 4551/2614/2424
f 4557/2615/2425 4555/2616/2426 4556/2180/2026
f 4559/2617/2427 4562/2618/2428 4561/2619/2429
f 4562/2620/2428 4565/2621/2430 4564/2622/2431
f 3956/2191/2037 3958/2190/2036 4562/2620/2428
f 2930/2623/2432 4565/2621/2430 3960/2192/2038
f 3961/2624/2433 31/2625/491 2930/2623/2432
f 2900/1673/1558 2938/1672/1559 4566/2626/2434
f 3963/2196/2041 1764/2627/868 1132/2194/870
f 1764/2627/868 3963/2196/2041 4567/2628/2435
f 3965/2629/2436 4567/2630/2435 3963/2198/2041
f 4567/2630/2435 3965/2629/2436 4568/2631/2437
f 3967/2632/2438 4568/2631/2437 3965/2629/2436
f 3969/2633/2439 4569/2634/2440 3967/2635/2438
f 3970/2200/2043 4570/2636/2441 3969/2633/2439
f 3942/2204/2047 3974/2637/2442 3973/2638/2443
f 4591/2639/2444 2872/2640/2445 1785/2641/2446
f 3983/2211/2053 4591/2639/2444 3982/2642/2447
f 3986/2643/2448 3988/2644/2449 4591/2645/2444
f 1789/1356/1269 2873/2646/2450 3990/2647/2451
f 3991/2648/2452 3992/2649/2453 3990/2647/2451
f 4597/2650/2454 5321/2651/2455 4598/2652/2456
f 3994/2218/2060 4598/2652/2456 5321/2651/2455
f 4597/2650/2454 4598/2652/2456 3996/2653/2457
f 3995/2217/2059 3996/2653/2457 4598/2652/2456
f 4600/2654/2458 4597/2650/2454 4599/2655/2459
f 4004/2656/2460 4005/2225/2067 4604/2657/2461
f 4007/2228/2070 4609/2658/2462 4607/2227/2069
f 4008/2230/2072 4609/2658/2462 4007/2228/2070
f 4615/2659/2463 4614/2660/2464 3043/2661/2465
f 4637/2662/2466 4640/2663/2467 4636/2664/2468
f 4641/2665/2469 4644/2666/2470 4637/2662/2466
f 4648/2667/2471 4647/2668/2472 4641/2665/2469
f 4650/2669/2473 4647/2668/2472 4651/2670/2474
f 4655/2671/2475 4657/2672/2476 4654/2673/2477
f 4661/2674/2478 4660/2675/2479 4658/2676/2480
f 4662/2677/2481 4660/2675/2479 4663/2678/2482
f 4663/2678/2482 4660/2675/2479 4661/2674/2478
f 4661/2674/2478 4664/2679/2483 4663/2678/2482
f 4666/2680/2484 4663/2678/2482 4664/2679/2483
f 4664/2679/2483 4667/2681/2485 4666/2680/2484
f 4673/2682/2486 4669/2683/2487 4670/2684/2488
f 4674/2685/2489 4673/2682/2486 4671/2686/2490
f 4675/2687/2491 4674/2685/2489 4671/2686/2490
f 4678/2688/2492 4677/2689/2493 4674/2685/2489
f 4682/2690/2494 4681/2691/2495 4679/2692/2496
f 4690/2693/2497 4694/2694/2498 4693/2695/2499
f 4695/2696/2500 4692/2697/2501 4693/2698/2499
f 4705/2699/2502 4701/2700/2503 4702/2701/2504
f 4702/2701/2504 4706/2702/2505 4705/2699/2502
f 4707/2703/2506 4705/2699/2502 4706/2702/2505
f 4710/2704/2507 4707/2705/2506 4709/2706/2508
f 4709/2706/2508 4711/2707/2509 4710/2704/2507
f 4712/2708/2510 4710/2704/2507 4711/2707/2509
f 4713/2709/2164 3047/2710/2511 4712/2708/2510
f 4714/2328/2165 3047/2710/2511 4713/2709/2164
f 4717/2711/2512 4716/2712/2513 4708/2713/2514
f 4718/2714/2515 4717/2715/2512 4702/2716/2504
f 4706/2702/2505 4702/2701/2504 4708/2717/2514
f 4719/2718/2516 4718/2719/2515 4703/2720/2517
f 4721/2721/2518 4719/2718/2516 4720/2722/2519
f 4723/2723/2520 4683/2724/2521 4725/2725/2522
f 4726/2726/2523 4724/2727/2524 4678/2688/2492
f 4727/2728/2525 4726/2726/2523 4678/2688/2492
f 4729/2729/2526 4727/2728/2525 4672/2730/2527
f 4672/2730/2527 4667/2681/2485 4730/2731/2528
f 4734/2732/2529 4732/2733/2530 4733/2734/2531
f 4667/2681/2485 4664/2679/2483 4733/2734/2531
f 4736/2735/2532 4734/2732/2529 4735/2736/2533
f 4736/2735/2532 4735/2736/2533 4661/2674/2478
f 4664/2679/2483 4661/2674/2478 4735/2736/2533
f 4652/2737/2534 4740/2738/2535 4656/2739/2536
f 4743/2740/2537 4742/2741/2538 4649/2742/2539
f 4761/2743/2540 4762/2744/2541 4763/2745/2542
f 4764/2746/2543 4763/2745/2542 4762/2744/2541
f 4766/2747/2544 4765/2748/2545 4014/2233/2075
f 4013/2234/2076 4014/2233/2075 4765/2748/2545
f 4778/2749/2546 4777/2750/2547 4027/2751/2548
f 4783/2752/2549 4782/2753/2550 4031/2248/2089
f 4030/2249/2090 4031/2248/2089 4782/2753/2550
f 4785/2754/2551 4784/2755/2552 4035/2756/2553
f 4035/2756/2553 4036/2254/2095 4785/2754/2551
f 1968/1020/956 4788/2757/2554 1202/576/549
f 4036/2254/2095 1202/576/549 4788/2757/2554
f 1973/1022/958 2874/1021/957 4790/2758/2555
f 4043/2759/2556 4792/2760/2557 4791/2761/2558
f 4052/2264/2105 4801/2762/2559 4051/2763/2560
f 4809/2764/2561 4808/2765/2562 4060/2766/2563
f 4083/2275/2116 4828/2767/2564 4082/2768/2565
f 4085/2276/2117 4829/2769/2566 4083/2275/2116
f 4831/2770/2567 4088/2771/2568 4832/2772/2569
f 4865/2773/2570 4863/2774/2571 4864/2775/2572
f 4129/2776/2573 4130/2283/2124 4866/2777/2574
f 4136/2286/2127 4140/2285/2126 4872/2778/2575
f 4874/2779/2576 4872/2778/2575 4140/2285/2126
f 4149/2780/2577 4879/2781/2578 4877/2782/2579
f 4880/2783/2580 4879/2781/2578 4881/2784/2581
f 4158/2785/2582 4884/2786/2583 4156/2787/2584
f 4157/2788/2585 4163/2789/2586 4154/2790/2587
f 4890/2791/2588 4888/2792/2589 4889/2793/2590
f 4890/2791/2588 4889/2793/2590 4171/2303/2140
f 4171/2303/2140 4174/2302/2142 4890/2791/2588
f 4175/2794/2591 4890/2791/2588 4174/2302/2142
f 4183/2312/2151 4185/2311/2150 4897/2795/2592
f 4186/2796/2593 4897/2795/2592 4185/2311/2150
f 4900/2797/2594 4187/2314/2153 4188/2057/1921
f 4189/2316/2155 4900/2797/2594 4188/2057/1921
f 4718/2719/2515 4719/2718/2516 4901/2798/2595
f 4717/2715/2512 4718/2714/2515 4902/2799/2596
f 4192/2319/2158 4194/2318/2157 4903/2800/2597
f 4716/2712/2513 4717/2711/2512 4903/2801/2597
f 4198/2802/2162 4715/2803/2598 4197/2804/2163
f 4719/2718/2516 4721/2721/2518 4189/2316/2155
f 4899/2805/2599 4725/2725/2522 4904/2806/2600
f 4728/2807/2601 4905/2808/2602 4726/2726/2523
f 4724/2727/2524 4726/2726/2523 4905/2808/2602
f 4908/2809/2603 4907/2810/2604 4731/2811/2605
f 4910/2812/2606 4908/2809/2603 4909/2813/2607
f 4731/2811/2605 4732/2733/2530 4909/2813/2607
f 4911/2814/2608 4910/2812/2606 4909/2813/2607
f 4732/2733/2530 4734/2732/2529 4909/2813/2607
f 4912/2815/2609 4911/2814/2608 4737/2816/2610
f 4913/2817/2611 4912/2815/2609 4739/2818/2612
f 4914/2819/2613 4913/2817/2611 4741/2820/2614
f 4915/2821/2615 4914/2819/2613 4742/2741/2538
f 4915/2821/2615 4742/2741/2538 4743/2740/2537
f 4924/2822/2616 4756/2823/2617 4925/2824/2618
f 4758/2825/2619 4926/2826/2620 4757/2827/2621
f 4761/2743/2540 4930/2828/2622 4760/2829/2623
f 4934/2830/2624 4933/2831/2625 4763/2745/2542
f 4763/2745/2542 4933/2831/2625 4761/2743/2540
f 4938/2832/2626 4935/2833/2627 4937/2834/2628
f 4939/2835/2629 4938/2832/2626 4768/2836/2630
f 4941/2837/2631 4939/2835/2629 4940/2838/2632
f 4771/2839/2633 4772/2840/2634 4940/2838/2632
f 4776/2841/2635 4777/2750/2547 4946/2842/2636
f 4957/2843/2637 4956/2844/2638 4781/2845/2639
f 4786/2846/2640 4787/2847/2641 4959/2848/2642
f 2156/1108/1039 4964/2849/2643 1970/1109/1040
f 4792/2760/2557 4965/2850/2644 1975/1111/1042
f 4981/2851/2645 4979/2852/2646 4980/2853/2647
f 4983/2854/2648 4981/2851/2645 4982/2855/2649
f 4809/2764/2561 4811/2856/2650 4982/2855/2649
f 4820/2857/2651 4990/2858/2652 4988/2859/2653
f 2879/1185/1111 4990/2858/2652 2181/1115/1046
f 4823/2860/2654 2181/1115/1046 4990/2858/2652
f 4991/2861/2655 4830/2862/2656 4992/2863/2657
f 4829/2864/2566 4992/2863/2657 4830/2862/2656
f 4992/2863/2657 4829/2864/2566 4993/2865/2658
f 4832/2772/2569 4994/2866/2659 4831/2770/2567
f 5005/2867/2660 5006/2868/2661 5007/2869/2662
f 4862/2870/2663 4863/2774/2571 5018/2871/2664
f 5019/2872/2665 5018/2871/2664 4863/2774/2571
f 5028/2873/2666 5026/2874/2667 5027/2875/2668
f 4929/2876/2669 4931/2877/2670 5030/2878/2671
f 5032/2879/2672 4929/2876/2669 5031/2880/2673
f 5033/2881/2674 4883/2882/2675 4923/2883/2676
f 4887/2884/2677 5040/2885/2678 5038/2886/2679
f 4914/2819/2613 5040/2885/2678 5041/2887/2680
f 4913/2817/2611 5041/2887/2680 4891/2888/2681
f 4892/2889/2682 4893/2890/2683 5042/2891/2684
f 4904/2806/2600 4906/2892/2685 4898/2893/2686
f 4899/2805/2599 4904/2806/2600 4898/2893/2686
f 4907/2810/2604 4908/2809/2603 4895/2894/2687
f 5043/2895/2688 4895/2894/2687 4910/2812/2606
f 4908/2809/2603 4910/2812/2606 4895/2894/2687
f 4910/2812/2606 4911/2814/2608 4893/2890/2683
f 4914/2819/2613 5041/2887/2680 4913/2817/2611
f 4925/2824/2618 5033/2881/2674 4924/2822/2616
f 5025/2896/2689 5026/2874/2667 4934/2830/2624
f 4933/2831/2625 4934/2830/2624 5026/2874/2667
f 5044/2897/2690 5022/2898/2691 4938/2832/2626
f 4935/2833/2627 4938/2832/2626 5022/2898/2691
f 4938/2832/2626 4939/2835/2629 5044/2897/2690
f 4956/2844/2638 5008/2899/2692 4955/2900/2693
f 4963/2901/2694 5050/2902/2695 4962/2903/2696
f 2156/1108/1039 5051/2904/2697 4964/2849/2643
f 3081/2905/2698 5057/2906/2699 5058/2907/2700
f 3078/2908/2701 5071/2909/2702 3082/2910/2703
f 4981/2851/2645 4983/2854/2648 3078/2908/2701
f 4990/2858/2652 2879/1185/1111 4989/2911/2704
f 2880/1118/1049 4991/2861/2655 2269/1188/1114
f 4992/2863/2657 5073/2912/2705 4991/2861/2655
f 5046/2913/2706 5077/2914/2707 5045/2915/2708
f 5005/2916/2660 5045/2915/2708 5077/2914/2707
f 5050/2902/2695 5074/2917/2709 5049/2918/2710
f 4186/2796/2593 4187/2314/2153 4899/2805/2599
f 4199/2329/2166 3047/2710/2511 4714/2328/2165
f 4200/2330/2167 2921/2919/2711 3047/2710/2511
f 5364/2920/2712 2921/2919/2711 3773/2331/2168
f 5080/2921/2713 5079/2922/2714 4202/2333/2170
f 5082/2923/2715 5081/2924/2716 4204/2925/2717
f 4203/2334/2171 4204/2926/2717 5080/2921/2713
f 5084/2927/2718 5082/2923/2715 5083/2928/2719
f 5086/2929/2720 5084/2930/2718 5085/2931/2721
f 5093/2932/2722 5091/2933/2723 5092/2934/2724
f 5095/2935/2725 5094/2936/2726 4218/2937/2727
f 5096/2938/2728 5095/2935/2725 4222/2345/2181
f 5099/2939/2729 5097/2940/2730 4224/2347/2183
f 4222/2345/2181 4224/2347/2183 5097/2940/2730
f 4224/2347/2183 4226/2941/2731 5099/2939/2729
f 5117/2942/2732 3058/2943/2733 5116/2944/2734
f 4239/2945/2735 5117/2942/2732 4238/2349/2185
f 5119/2946/2736 5118/2947/2737 4244/2352/2188
f 4241/2353/2189 4244/2352/2188 5118/2947/2737
f 5126/2948/2738 4254/2365/2201 4256/2364/2200
f 4256/2364/2200 4259/2367/2203 5126/2948/2738
f 4264/2949/2739 5126/2948/2738 4259/2367/2203
f 5129/2950/2740 5128/2951/2741 4267/2952/2742
f 5130/2953/2743 5129/2950/2740 4270/2954/2744
f 4271/2375/2211 4274/2374/2210 5131/2955/2745
f 5132/2956/2746 5130/2957/2743 5131/2955/2745
f 5134/2958/2747 5132/2956/2746 5133/2959/2748
f 4280/2960/2749 4281/2377/2213 5135/2961/2750
f 5136/2962/2751 5135/2961/2750 4281/2377/2213
f 4281/2377/2213 4283/2376/2212 5136/2962/2751
f 5138/2963/2752 5136/2962/2751 4283/2376/2212
f 5144/2964/2753 5142/2965/2754 5143/2966/2755
f 4301/2967/2756 4302/2386/2221 5147/2968/2757
f 5148/2969/2758 5146/2970/2759 5147/2968/2757
f 5148/2969/2758 5147/2968/2757 4302/2386/2221
f 5150/2971/2760 5149/2972/2761 4310/2973/2762
f 4319/2974/2763 5156/2975/2764 5154/2976/2765
f 4323/2977/2766 5156/2975/2764 4322/2978/2767
f 5158/2979/2768 4323/2977/2766 5159/2980/2769
f 5160/2981/2770 5159/2980/2769 5161/2982/2771
f 5163/2983/2772 1509/2984/2773 4332/2985/2774
f 5167/2986/2775 5166/2987/2776 4336/2398/2233
f 4335/2396/2231 4336/2398/2233 5166/2987/2776
f 5168/2988/2777 5167/2986/2775 4338/2989/2778
f 5169/2990/2779 5167/2986/2775 5168/2988/2777
f 4338/2991/2778 1516/2992/2780 5168/2993/2777
f 4347/2994/2781 5175/2995/2782 4345/2996/2783
f 5176/2997/2784 4347/2994/2781 4348/2998/2785
f 5178/2999/2786 4351/3000/2787 4350/2414/2245
f 4350/2416/2245 1530/2418/688 5178/3001/2786
f 5176/2997/2784 5177/3002/2788 4554/2181/2027
f 5175/2995/2782 4347/2994/2781 4557/2615/2425
f 5181/3003/2789 5175/2995/2782 4560/3004/2790
f 2936/1670/1557 5174/3005/2791 5181/3006/2789
f 4567/2630/2435 2394/3007/1183 1764/3008/868
f 4570/2636/2441 5184/3009/2792 4569/2634/2440
f 4571/3010/2793 5186/3011/2794 4570/2636/2441
f 5186/3011/2794 4571/3010/2793 5187/3012/2795
f 4572/3013/2796 5187/3012/2795 4571/3010/2793
f 4574/3014/2797 4572/3013/2796 4573/3015/2798
f 5189/3016/2799 4572/3013/2796 4574/3014/2797
f 4574/3014/2797 4575/3017/2800 5189/3016/2799
f 2951/3018/2801 5190/3019/2802 4576/3020/2803
f 2952/3021/2804 5191/3022/2805 5190/3019/2802
f 5189/3016/2799 5190/3019/2802 5192/3023/2806
f 5187/3012/2795 5198/3024/2807 5186/3011/2794
f 5204/3025/2808 5203/3026/2809 5200/3027/2810
f 5200/3028/2810 5198/3024/2807 5204/3029/2808
f 5207/3030/2811 5206/3031/2812 5196/3032/2813
f 5208/3033/2814 5207/3030/2811 5194/3034/2815
f 5208/3033/2814 5209/3035/2816 5212/3036/2817
f 5211/3037/2818 5212/3036/2817 5209/3035/2816
f 5212/3036/2817 5211/3037/2818 5215/3038/2819
f 2428/3039/1214 5220/3040/2820 5221/3041/2821
f 5217/3042/2822 5221/3043/2821 5220/3044/2820
f 5222/3045/2823 5221/3043/2821 5217/3042/2822
f 5222/3045/2823 5223/3046/2824 5225/3047/2825
f 5227/3048/2826 5225/3047/2825 5226/3049/2827
f 5228/3050/2828 5227/3048/2826 5250/3051/2829
f 5236/3052/2830 5238/3053/2831 5235/3054/2832
f 2448/3055/2833 5240/3056/2834 2902/3057/2835
f 2450/3058/2836 52/1310/1229 2902/3057/2835
f 2887/3059/2837 2450/3058/2836 5241/3060/2838
f 5239/3061/2839 5241/3060/2838 2450/3058/2836
f 5236/3062/2830 5237/3063/2840 5239/3064/2839
f 5232/3065/2841 5246/3066/2842 5233/3067/2843
f 5248/3068/2844 5249/3069/2845 5250/3051/2829
f 5228/3050/2828 5250/3051/2829 5249/3069/2845
f 5253/3070/2846 5251/3071/2847 5226/3049/2827
f 5226/3049/2827 5254/3072/2848 5253/3070/2846
f 5223/3046/2824 5224/3073/2849 5254/3072/2848
f 5256/3074/2850 5255/3075/2851 5216/3076/2852
f 5257/3077/2853 5214/3078/2854 5211/3037/2818
f 5276/3079/2855 5274/3080/2856 5275/3081/2857
f 4581/3082/2858 5274/3080/2856 5276/3079/2855
f 4583/3083/2859 5279/3084/2860 4581/3082/2858
f 4585/3085/2861 5281/3086/2862 4583/3083/2859
f 4587/3087/2863 5283/3088/2864 4585/3085/2861
f 5298/3089/2865 5295/3090/2866 5296/3091/2867
f 5296/3091/2867 2992/3092/2868 5298/3089/2865
f 2971/3093/2869 5298/3089/2865 2992/3092/2868
f 5300/3094/2870 5299/3095/2871 5298/3096/2865
f 2960/3097/2872 2958/3098/2873 5305/3099/2874
f 1789/1356/1269 4592/3100/2875 2524/1353/1266
f 5317/3101/2876 5316/3102/2877 4595/3103/2878
f 5318/3104/2879 5317/3101/2876 4596/3105/2880
f 5320/3106/2881 5319/3107/2882 5321/2651/2455
f 5320/3106/2881 5321/2651/2455 5322/3108/2883
f 4597/2650/2454 5322/3108/2883 5321/2651/2455
f 4597/2650/2454 4600/2654/2458 5322/3108/2883
f 4600/2654/2458 4602/3109/2884 5322/3108/2883
f 5327/3110/2885 5325/3111/2886 5326/3112/2887
f 4608/3113/2888 4609/2658/2462 5328/3114/2889
f 4625/3115/2890 4629/3116/2891 4624/3117/2892
f 5335/3118/2893 5334/3119/2894 5336/3120/2895
f 5344/3121/2896 5345/3122/2897 5346/3123/2898
f 4654/2673/2477 5347/3124/2899 4653/3125/2900
f 4668/3126/2901 4669/2683/2487 5355/3127/2902
f 5357/3128/2903 5356/3129/2904 4676/3130/2905
f 4676/3130/2905 5358/3131/2906 5357/3128/2903
f 5091/2933/2723 5358/3131/2906 5090/3132/2907
f 5088/3133/2908 5090/3132/2907 4686/3134/2909
f 5086/3135/2720 5088/3133/2908 4689/3136/2910
f 4695/2696/2500 4699/3137/2911 5360/3138/2912
f 4707/2705/2506 4710/2704/2507 5363/3139/2913
f 2921/2919/2711 5364/2920/2712 4712/2708/2510
f 5078/2073/1934 5363/3139/2913 5364/2920/2712
f 5080/3140/2713 5081/2924/2716 5361/3141/2914
f 5082/2923/2715 5084/2927/2718 5359/3142/2915
f 5091/2933/2723 5093/2932/2722 5358/3131/2906
f 5095/2935/2725 5096/2938/2728 5356/3129/2904
f 5341/3143/2916 5342/3144/2917 5115/3145/2918
f 3058/2943/2733 5341/3143/2916 5114/3146/2919
f 4239/2945/2735 3057/3147/2920 5117/2942/2732
f 5379/3148/2921 5375/3149/2922 5376/3150/2923
f 2583/1410/1320 5382/3151/2924 2585/1411/1321
f 5383/3152/2925 2585/1411/1321 5382/3151/2924
f 5382/3153/2924 5384/3154/2926 5383/3155/2925
f 5403/3156/2927 5398/3157/2928 5400/3158/2929
f 5404/3159/2930 5407/3160/2931 5403/3161/2927
f 5408/3162/2932 5413/3163/2933 5412/3164/2934
f 5419/3165/2935 5415/3166/2936 5416/3167/2937
f 5427/3168/2938 5426/3169/2939 5423/3170/2940
f 5447/3171/2941 5444/3172/2942 5445/3173/2943
f 5445/3174/2943 5449/3175/2944 5448/3176/2945
f 5451/3177/2946 5448/3178/2945 5449/3179/2944
f 5454/3180/2947 5451/3181/2946 5455/3182/2948
f 5464/3183/2949 2675/3184/2950 5163/2983/2772
f 5163/2983/2772 2675/3184/2950 1509/2984/2773
f 4333/3185/2951 5234/3186/2952 5465/3187/2953
f 5227/3048/2826 5228/3050/2828 5166/2987/2776
f 5466/3188/2954 5225/3047/2825 5167/2986/2775
f 5166/2987/2776 5167/2986/2775 5225/3047/2825
f 5467/3189/2955 5466/3188/2954 5169/2990/2779
f 5167/2986/2775 5169/2990/2779 5466/3188/2954
f 5208/3033/2814 5212/3036/2817 5170/3190/2956
f 5207/3030/2811 5208/3033/2814 5170/3190/2956
f 5221/3041/2821 2381/3191/1365 2428/3039/1214
f 5225/3047/2825 5466/3188/2954 5222/3045/2823
f 5230/3192/2957 5231/3193/2958 5165/3194/2959
f 5232/3065/2841 5164/3195/2960 5231/3193/2958
f 5235/3054/2832 5238/3053/2831 5234/3186/2952
f 5250/3051/2829 5474/3196/2961 5248/3068/2844
f 5251/3071/2847 5252/3197/2962 2942/1675/1560
f 2941/1676/1561 2942/1675/1560 5252/3197/2962
f 5481/3198/2963 5482/3199/2964 5245/3200/2965
f 5484/3201/2966 5245/3200/2965 5482/3199/2964
f 5484/3202/2966 5485/3203/2967 5473/3204/2968
f 5487/3205/2969 5473/3204/2968 5485/3203/2967
f 2701/1528/1427 5487/3206/2969 2700/1476/1381
f 2700/3207/1381 5487/3205/2969 2702/3208/1382
f 5462/3209/2970 5488/3210/2971 5486/3211/2972
f 5461/3212/2973 5462/3209/2970 5482/3213/2964
f 5456/3214/2974 5461/3215/2973 5483/3216/2975
f 5453/3217/2976 5456/3214/2974 5480/3218/2977
f 5450/3219/2978 5453/3217/2976 5478/3220/2979
f 5501/3221/2980 5500/3222/2981 5498/3223/2982
f 5269/3224/2983 5501/3221/2980 5268/3225/2984
f 5503/3226/2985 5502/3227/2986 5269/3224/2983
f 5273/3228/2987 5503/3226/2985 5271/3229/2988
f 5505/3230/2989 5504/3231/2990 5273/3228/2987
f 5510/3232/2991 5508/3233/2992 5509/3234/2993
f 5521/3235/2994 2739/3236/2995 2741/3237/2996
f 5516/3238/2997 5518/3239/2998 5515/3240/2999
f 5544/3241/3000 5515/3242/2999 5518/3243/2998
f 5513/3244/3001 5515/3245/2999 5512/3246/3002
f 5522/3247/3003 5512/3248/3002 5515/3249/2999
f 5510/3232/2991 5512/3246/3002 5522/3250/3003
f 5533/3251/3004 5531/3252/3005 5532/3253/3006
f 5528/3254/3007 5542/3255/3008 5535/3256/3009
f 5543/3257/3010 5415/3166/2936 5528/3254/3007
f 5545/3258/3011 5544/3259/3000 5546/3260/3012
f 5406/3261/3013 5546/3260/3012 5547/3262/3014
f 5402/3263/3015 5547/3262/3014 5548/3264/3016
f 5549/3265/3017 5548/3264/3016 5547/3262/3014
f 5548/3264/3016 5549/3265/3017 5550/3266/3018
f 5550/3266/3018 5551/3267/3019 5552/3268/3020
f 5414/3269/3021 5415/3166/2936 5543/3270/3010
f 2374/3271/3022 5460/3272/3023 5162/3273/3024
f 5458/3274/3025 5162/3273/3024 5460/3272/3023
f 5455/3182/2948 5160/2981/2770 5458/3274/3025
f 5159/2980/2769 5160/2981/2770 5158/2979/2768
f 5452/3275/3026 5158/2979/2768 5160/2981/2770
f 5455/3182/2948 5452/3275/3026 5160/2981/2770
f 5452/3275/3026 5449/3175/2944 5158/2979/2768
f 5149/2972/2761 5150/2971/2760 5432/3276/3027
f 5431/3277/3028 5432/3278/3027 5437/3279/3029
f 5141/3280/3030 5142/3281/2754 5422/3282/3031
f 5137/3283/3032 5136/2962/2751 5409/3284/3033
f 5132/2956/2746 5134/2958/2747 5401/3285/3034
f 5130/2957/2743 5132/2956/2746 5399/3286/3035
f 5129/2950/2740 5130/2953/2743 5397/3287/3036
f 5128/2951/2741 5129/2950/2740 5392/3288/3037
f 5558/3289/3038 5125/3290/3039 5382/3153/2924
f 5384/3154/2926 5382/3153/2924 5125/3290/3039
f 5559/3291/3040 2897/3292/3041 5378/3293/3042
f 5373/3294/3043 5560/3295/3044 5559/3291/3040
f 5122/3296/3045 5561/3297/3046 5121/3298/3047
f 5310/3299/3048 5312/3300/3049 5309/3301/3050
f 5316/3102/2877 5317/3101/2876 2893/3302/3051
f 5317/3101/2876 5318/3104/2879 5381/3303/3052
f 5379/3148/2921 5318/3104/2879 5563/3304/3053
f 5324/3305/3054 5563/3304/3053 5320/3106/2881
f 5333/3306/3055 5334/3119/2894 5329/3307/3056
f 5325/3111/2886 5329/3307/3056 5334/3119/2894
f 5273/3228/2987 5274/3080/2856 5278/3308/3057
f 2386/3309/3058 5203/3026/2809 5172/3310/3059
f 3057/3147/2920 5118/2947/2737 5120/3311/3060
f 4576/3020/2803 4577/3312/3061 2950/3313/3062
f 3952/2186/2032 4558/3314/3063 3951/2184/2030
f 3944/2178/2024 3946/2179/2025 4552/3315/3064
f 3941/2175/2021 3944/2178/2024 4552/3315/3064
f 1748/2611/2421 3938/2170/2018 4548/2609/2419
f 3938/2170/2018 1748/2611/2421 1108/2168/476
f 5565/3316/3065 3760/2056/1920 4185/2311/2150
f 4184/2313/2152 5565/3316/3065 4185/2311/2150
f 4176/2306/2145 4178/3317/3066 5567/2307/2146
f 4176/2306/2145 4177/2305/2144 4178/3317/3066
f 4173/3318/3067 5570/3319/3068 4172/3320/2143
f 4170/3321/3069 4166/3322/3070 5573/3323/3071
f 5574/3324/3072 5573/3323/3071 4166/3322/3070
f 5575/3325/3073 5574/3324/3072 4164/3326/3074
f 5576/3327/3075 5575/3325/3073 4164/3326/3074
f 4154/2790/2587 4155/3328/3076 4157/2788/2585
f 4143/2293/2133 4144/3329/3077 4148/3330/3078
f 5589/3331/3079 5588/3332/3080 5586/3333/3081
f 5589/3331/3079 5586/3333/3081 4139/3334/3082
f 4139/3334/3082 4134/3335/3083 5589/3331/3079
f 5595/3336/3084 5594/3337/3085 4124/3338/3086
f 4128/3339/3087 4124/3338/3086 5594/3337/3085
f 5597/3340/3088 5595/3336/3084 4121/3341/3089
f 3710/3342/3090 3711/3343/1887 5603/3344/3091
f 5605/3345/3092 5604/3346/3093 3732/3347/3094
f 5592/3348/3095 5605/3345/3092 3732/3347/3094
f 5606/3349/3096 3735/3350/3097 3736/3351/3098
f 3736/3351/3098 3737/2031/1897 5606/3349/3096
f 3739/3352/3099 5606/3349/3096 3737/2031/1897
f 5584/3353/3100 5587/3354/3101 3739/3352/3099
f 5607/3355/3102 5584/3353/3100 3738/2032/1898
f 3740/2034/1900 5608/3356/3103 3294/2033/1899
f 5578/3357/3104 5610/3358/3105 5611/3359/3106
f 3744/3360/3107 3747/3361/3108 5612/3362/3109
f 5577/3363/3110 5611/3359/3106 5612/3364/3109
f 5572/3365/3111 5616/3366/3112 3752/3367/3113
f 3753/2046/1911 3754/2048/1913 5617/3368/3114
f 3754/2048/1913 3755/2047/1912 5618/3369/3115
f 3755/2051/1912 5619/3370/3116 5618/3371/3115
f 5565/3316/3065 3759/2055/1919 3760/2056/1920
f 5573/3323/3071 5574/3324/3072 5616/3366/3112
f 5588/3332/3080 5589/3331/3079 5606/3349/3096
f 5589/3331/3079 5590/3372/3117 3735/3350/3097
f 3073/3373/3118 3077/3374/3119 4112/3375/3120
f 2918/3376/3121 4013/2234/2076 3042/3377/3122
f 2837/3378/3123 2836/3379/3124 5620/3380/3125
f 3906/3381/3126 5620/3380/3125 2836/3379/3124
f 3914/3382/3127 5621/3383/3128 3912/3384/3129
f 3329/2054/1918 3330/1818/1700 3758/2052/1916
f 3318/3385/1694 3321/2049/1914 3317/3386/1692
f 3302/1803/1685 3305/1804/1686 3746/2040/1906
f 3283/3387/3130 3287/2029/1895 3734/3388/3131
f 3215/1778/1661 3670/2014/1880 3214/1775/1658
f 3213/1774/1657 3214/1775/1658 3667/3389/3132
f 656/3390/244 3524/3391/3133 3523/3392/1796
f 2983/1683/1568 3522/3393/1797 2985/1685/1570
f 2968/3394/3134 3521/3395/3135 2983/1683/1568
f 2968/3394/3134 3519/3396/3136 3521/3395/3135
f 3068/1743/1627 3160/1742/1626 3065/1702/1587
f 2932/3397/3137 2899/3398/1553 39/3399/1552
f 44/1665/1554 2935/3400/3138 3/1663/3
f 32/1961/1830 1/1659/1551 35/514/490 36/917/864
f 56/11/11 7/13/13 54/1470/1375 55/1469/1374
f 4/922/5 47/919/865 45/1260/6
f 49/3401/3139 48/3402/3140 5/3403/8
f 5/3403/8 51/3404/10 49/3401/3139
f 6/1309/1228 52/3405/1229 53/1304/1223
f 59/3406/3141 7/13/13 57/3407/3142 58/3408/3143
f 54/1470/1375 7/13/13 59/3406/3141 60/3409/3144
f 57/3407/3142 7/13/13 61/12/12 62/1491/1392
f 65/1270/1189 8/3410/3145 63/1325/1243 64/929/874
f 67/1272/1191 8/3410/3145 65/1270/1189 66/1273/1192
f 68/3411/3146 8/3410/3145 67/1272/1191 2418/3412/3147
f 70/3413/3148 8/3410/3145 68/3411/3146 69/3414/3149
f 63/1325/1243 8/3410/3145 70/3413/3148 71/3415/3150
f 72/3416/3151 2839/3417/3152 9/3418/3153 73/1343/1259
f 73/1343/1259 9/3418/3153 74/3419/3154 75/1344/1260
f 76/3420/3155 9/3421/3153 2839/3422/3152 2840/3423/3156
f 78/3424/3157 74/3419/3154 9/3418/3153 77/3425/3158
f 77/3426/3158 9/3427/3153 76/3428/3155 79/3429/3159
f 83/3430/3160 84/3431/3161 10/3432/3162 82/3433/3163
f 2841/3434/3164 81/3435/3165 10/3436/3162 84/3437/3161
f 80/3438/3166 82/3439/3163 10/3440/3162 81/3441/3165
f 86/3442/3167 87/3443/3168 11/3444/3169 85/3445/3170
f 91/1341/1257 12/1351/1264 89/1350/1263 90/1342/1258
f 11/3446/3169 87/3447/3168 88/3448/3171
f 94/3449/3172 13/3450/3173 92/1576/1473 93/699/662
f 96/3451/3174 13/3450/3173 94/3449/3172 95/3452/3175
f 97/3453/3176 98/737/696 13/3454/3173 96/3455/3174
f 100/1577/1474 92/1576/1473 13/3450/3173 99/3456/3177
f 99/3457/3177 13/3454/3173 98/737/696 101/736/695
f 107/3458/3178 15/3459/3179 105/3460/3180 106/3461/3181
f 14/16/16 103/15/15 104/20/20
f 109/3462/3182 15/3463/3179 107/3464/3178 108/3465/3183
f 111/3466/3184 105/3460/3180 15/3459/3179 110/3467/3185
f 113/3468/3186 15/3463/3179 109/3462/3182 112/3469/3187
f 110/3467/3185 15/3459/3179 113/3470/3186 114/3471/3188
f 14/16/16 16/17/17 654/19/19 102/14/14
f 124/269/261 18/25/25 122/238/231 123/3472/3189
f 116/21/21 117/463/442 16/17/17
f 17/3473/22 118/275/267 119/3474/3190
f 17/3473/22 120/3475/24 118/275/267
f 127/235/228 122/238/231 18/25/25 126/27/27
f 134/3476/3191 19/3477/3192 132/1657/1549 133/1656/1548
f 129/3478/3193 130/3479/3194 131/286/277
f 136/3480/3195 19/3477/3192 134/3476/3191 135/3481/3196
f 139/3482/3197 19/3477/3192 137/3483/3198 138/3484/3199
f 140/3485/3200 132/1657/1549 19/3477/3192 139/3482/3197
f 141/3486/3201 137/3483/3198 19/3477/3192 136/3480/3195
f 143/3487/3202 144/3488/3203 20/3489/3204 142/3490/3205
f 142/3491/3205 20/3492/3204 145/3493/3206 146/3494/3207
f 148/3495/3208 145/3493/3206 20/3492/3204 147/3496/784
f 151/3497/3209 152/3498/3210 22/3499/3211 150/3500/3212
f 154/3501/3213 155/3502/3214 22/3499/3211 153/3503/3215
f 153/3503/3215 22/3499/3211 152/3498/3210 156/3504/3216
f 166/3505/3217 167/3506/3218 25/3507/3219 165/3508/3220
f 159/3509/3221 456/3510/3222 158/3511/3223
f 23/376/362 160/3512/157 161/372/358
f 165/3508/3220 25/3507/3219 168/3513/3224 169/3514/3225
f 171/3515/3226 168/3513/3224 25/3507/3219 170/3516/300
f 174/3517/3227 26/3518/3228 172/3519/3229 173/3520/3230
f 172/3519/3229 26/3518/3228 175/1406/1316 176/1404/1314
f 175/1406/1316 26/3518/3228 177/1567/1464 178/1407/1317
f 177/1567/1464 26/3518/3228 179/3521/3231 180/3522/3232
f 182/189/184 183/188/183 27/3523/3233 181/3524/3234
f 185/1658/1550 27/3523/3233 183/188/183 184/190/185
f 181/3525/3234 27/3526/3233 186/3527/3235 187/3528/3236
f 189/60/59 27/3523/3233 185/1658/1550 188/65/64
f 190/3529/58 186/3527/3235 27/3526/3233 189/3530/59
f 193/3531/3237 28/3532/3238 191/3533/3239 192/3534/3240
f 195/3535/3241 196/3536/3242 28/3537/3238 194/3538/3243
f 194/3538/3243 28/3537/3238 193/3539/3237 197/3540/1494
f 200/3541/3244 201/3542/3245 29/28/28 199/30/30
f 30/31/31 205/33/33 207/35/35 208/3543/36
f 201/3542/3245 202/3544/3246 29/28/28
f 30/31/31 203/90/87 204/32/32
f 30/3545/31 208/36/36 209/38/38 203/88/87
f 215/39/39 213/41/41 210/37/37 214/103/100
f 210/37/37 211/86/85 209/38/38
f 208/36/36 212/101/98 210/37/37
f 213/41/41 318/83/82 210/37/37
f 213/41/41 217/40/40 218/3546/3247 219/84/83
f 214/103/100 216/102/99 215/39/39
f 221/105/102 217/40/40 215/39/39 220/106/103
f 218/3546/3247 217/40/40 221/105/102 222/3547/3248
f 224/3548/3249 218/3546/3247 222/3547/3248 223/3549/3250
f 227/110/107 228/3550/3251 223/3549/3250 222/3547/3248
f 223/3549/3250 225/44/44 226/3551/3252
f 225/44/44 223/3549/3250 228/3550/3251 229/42/42
f 234/3552/3253 235/3553/3254 232/3554/45 229/42/42
f 229/42/42 228/3550/3251 231/109/106
f 229/42/42 232/3554/45 230/43/43
f 233/46/46 232/45/45 235/3555/3254 236/3556/3255
f 233/46/46 236/3556/3255 237/3557/3256 238/80/79
f 239/3558/3257 240/3559/3258 236/3556/3255 235/3555/3254
f 241/3560/3259 237/3557/3256 236/3556/3255 240/3559/3258
f 237/3557/3256 241/3560/3259 242/3561/3260 243/3562/77
f 248/3563/3261 242/3561/3260 241/3560/3259 247/3564/3262
f 240/3559/3258 244/3565/3263 241/3560/3259
f 245/3566/3264 246/3567/3265 242/3561/3260
f 249/3568/3266 245/3566/3264 242/3561/3260 248/3563/3261
f 245/3569/3264 249/3570/3266 250/3571/3267 251/3572/3268
f 256/48/47 250/3571/3267 249/3570/3266 255/115/112
f 248/3563/3261 252/3573/3269 249/3568/3266
f 253/50/49 254/3574/3270 250/3571/3267
f 260/51/50 257/3575/3271 253/50/49 259/49/48
f 250/3571/3267 256/48/47 253/50/49
f 257/3575/3271 258/3576/3272 253/50/49
f 257/3575/3271 260/51/50 261/53/52 262/3577/3273
f 268/55/54 264/54/53 263/52/51 267/3578/3274
f 265/57/56 266/74/73 264/54/53
f 190/3529/58 269/58/57 271/56/55 274/122/119
f 264/54/53 268/55/54 265/57/56
f 265/57/56 269/58/57 270/3579/3275
f 272/61/60 273/63/62 269/3580/57
f 288/312/303 287/73/72 286/3581/3276 2842/313/304
f 269/3580/57 190/59/58 272/61/60
f 188/65/64 275/62/61 272/61/60
f 272/61/60 189/60/59 188/65/64
f 280/69/68 281/68/67 282/71/70
f 282/71/70 284/3582/3277 280/69/68
f 284/3582/3277 282/71/70 285/3583/3278
f 276/72/71 286/3581/3276 287/73/72
f 276/72/71 275/62/61 277/64/63
f 289/3584/3279 275/62/61 287/73/72 288/312/303
f 290/3585/3280 273/63/62 275/62/61 289/3584/3279
f 292/3586/3281 270/3587/3275 290/3585/3280 291/3588/3282
f 273/63/62 290/3585/3280 270/3587/3275
f 270/3587/3275 269/3580/57 273/63/62
f 294/316/307 295/315/306 293/75/74 266/74/73
f 270/3579/3275 292/3589/3281 266/74/73
f 270/3579/3275 266/74/73 265/57/56
f 296/3590/3283 262/3577/3273 293/75/74 295/315/306
f 264/54/53 293/75/74 262/3577/3273 261/53/52
f 262/3577/3273 296/3590/3283 258/3576/3272 257/3575/3271
f 298/3591/3284 299/3592/3285 254/3574/3270 258/3576/3272
f 258/3576/3272 296/3590/3283 297/318/309
f 258/3576/3272 254/3574/3270 253/50/49
f 251/3572/3268 254/3574/3270 299/3592/3285 300/3593/3286
f 251/3572/3268 300/3593/3286 246/3594/3265 245/3569/3264
f 254/3574/3270 251/3572/3268 250/3571/3267
f 300/3593/3286 299/3592/3285 301/3595/3287
f 302/321/312 303/76/75 246/3594/3265 300/3593/3286
f 305/79/78 238/80/79 243/3562/77 304/3596/76
f 246/3567/3265 303/3597/75 243/3562/77
f 243/3562/77 242/3561/3260 246/3567/3265
f 307/3598/3288 308/3599/3289 306/81/80 305/79/78
f 238/80/79 237/3557/3256 243/3562/77
f 305/79/78 306/81/80 233/46/46
f 230/47/43 306/81/80 308/3599/3289 309/3600/3290
f 310/3601/3291 311/3602/3292 309/3600/3290 308/3599/3289
f 225/44/44 230/43/43 309/3603/3290 226/3551/3252
f 309/3603/3290 311/3604/3292 226/3551/3252
f 313/3605/3293 226/3551/3252 311/3604/3292 312/3606/3294
f 315/3607/3295 224/3548/3249 313/3605/3293 314/3608/3296
f 226/3551/3252 313/3605/3293 224/3548/3249
f 224/3548/3249 223/3549/3250 226/3551/3252
f 316/82/81 219/84/83 224/3548/3249 315/3607/3295
f 325/94/91 323/93/90 322/92/89 324/3609/3297
f 224/3548/3249 219/84/83 218/3546/3247
f 315/3607/3295 317/3610/3298 316/82/81
f 211/86/85 319/85/84 203/88/87
f 211/86/85 210/37/37 318/83/82
f 203/88/87 209/38/38 211/86/85
f 320/87/86 321/327/88 204/3611/32
f 204/32/32 322/92/89 323/93/90
f 204/32/32 323/93/90 206/34/34 205/33/33
f 207/35/35 330/98/95 212/3612/98 208/3543/36
f 327/96/93 328/97/94 206/34/34
f 328/97/94 327/96/93 329/331/321
f 332/3613/96 330/98/95 328/97/94 331/330/320
f 334/104/101 214/103/100 212/101/98 333/100/97
f 330/98/95 332/3613/96 212/3612/98
f 214/103/100 210/37/37 212/101/98
f 337/3614/3299 216/102/99 334/104/101 336/3615/3300
f 333/100/97 335/3616/3301 334/104/101
f 220/106/103 215/39/39 216/102/99
f 338/107/104 220/106/103 216/102/99 337/3614/3299
f 340/1648/1540 338/107/104 337/3614/3299 339/1649/1541
f 221/105/102 338/107/104 340/1648/1540 341/3617/3302
f 222/3547/3248 221/105/102 341/3617/3302 227/110/107
f 342/338/328 343/108/105 227/110/107 341/3617/3302
f 227/110/107 231/109/106 228/3550/3251
f 234/3552/3253 231/109/106 344/111/108 345/3618/3303
f 231/109/106 234/3552/3253 229/42/42
f 235/3555/3254 234/3619/3253 345/3620/3303 239/3558/3257
f 346/341/331 347/3621/3304 345/3618/3303 344/111/108
f 239/3558/3257 345/3620/3303 347/3622/3304 348/3623/3305
f 240/3559/3258 239/3558/3257 348/3623/3305 244/3565/3263
f 349/344/334 350/3624/3306 348/3623/3305 347/3622/3304
f 244/3565/3263 348/3623/3305 350/3624/3306 351/3625/3307
f 244/3565/3263 351/3625/3307 247/3564/3262 241/3560/3259
f 353/3626/3308 351/3625/3307 350/3624/3306 352/3627/3309
f 354/3628/3310 247/3564/3262 351/3625/3307 353/3626/3308
f 247/3564/3262 354/3628/3310 252/3573/3269 248/3563/3261
f 356/112/109 354/3628/3310 353/3626/3308 355/1646/1538
f 357/114/111 252/3573/3269 354/3628/3310 356/112/109
f 252/3573/3269 357/114/111 255/3629/112 249/3568/3266
f 359/3630/113 255/3629/112 357/114/111 358/113/110
f 362/1642/1534 360/3631/114 359/3630/113 361/1643/1535
f 363/118/115 259/49/48 360/117/114 362/3632/1534
f 260/51/50 364/119/116 267/3578/3274 263/52/51
f 367/3633/3311 267/3578/3274 364/119/116 366/3634/3312
f 363/118/115 365/3635/3313 364/119/116
f 368/120/117 268/55/54 267/3578/3274 367/3633/3311
f 268/55/54 368/120/117 274/122/119 271/56/55
f 186/3527/3235 190/3529/58 274/122/119 370/121/118
f 367/3633/3311 369/3636/3314 368/120/117
f 187/3528/3236 186/3527/3235 370/121/118 371/3637/3315
f 373/3638/3316 187/3528/3236 371/3637/3315 372/3639/3317
f 375/3640/3318 376/3641/3319 373/3638/3316 374/3642/3320
f 187/3528/3236 373/3638/3316 376/3641/3319 181/3525/3234
f 374/3642/3320 373/3638/3316 372/3639/3317 377/3643/3321
f 379/3644/3322 374/3642/3320 377/3643/3321 378/3645/3323
f 382/185/180 378/3645/3323 380/3646/3324 381/3647/3325
f 377/3643/3321 380/3646/3324 378/3645/3323
f 386/186/181 381/3647/3325 384/3648/3326 385/3649/3327
f 380/3646/3324 377/3643/3321 383/3650/3328
f 380/3646/3324 384/3648/3326 381/3647/3325
f 390/3651/3329 385/3652/3327 388/3653/3330 389/3654/3331
f 384/3648/3326 380/3646/3324 387/3655/3332
f 384/3656/3326 388/3653/3330 385/3652/3327
f 391/3657/3333 392/3658/3334 388/3653/3330 384/3656/3326
f 389/3654/3331 388/3653/3330 392/3658/3334 393/3659/3335
f 395/3660/3336 389/3654/3331 393/3659/3335 394/3661/3337
f 396/3662/3338 397/3663/3339 393/3659/3335 392/3658/3334
f 394/3661/3337 393/3659/3335 397/3663/3339 398/3664/3340
f 400/3665/3341 394/3666/3337 398/3667/3340 399/125/122
f 401/1641/1533 402/1640/1532 398/3667/3340 397/3668/3339
f 399/125/122 398/3667/3340 402/1640/1532 403/123/120
f 403/3669/120 408/1637/1530 406/127/124 407/3670/176
f 403/123/120 402/1640/1532 405/1639/337
f 405/1639/337 408/3671/1530 403/123/120
f 422/134/131 419/136/133 418/133/130 420/350/339
f 408/1637/1530 410/128/125 406/127/124
f 410/128/125 411/3672/3342 409/126/123
f 412/177/172 409/126/123 413/3673/3343
f 414/129/126 412/177/172 416/130/127
f 430/3674/3344 428/139/136 431/3675/3345 432/3676/140
f 424/135/132 425/173/168 423/137/134
f 427/140/137 426/1636/1529 429/138/135
f 428/139/136 430/3674/3344 477/379/365
f 433/355/344 434/1635/1528 432/143/140 431/3677/3345
f 437/1634/1527 438/3678/3346 435/141/138 434/1635/1528
f 434/1635/1528 435/141/138 432/143/140
f 159/3509/3221 454/160/155 455/161/156 456/3510/3222
f 438/3678/3346 439/3679/141 435/141/138
f 439/144/141 438/3680/3346 441/3681/3347
f 441/3681/3347 442/147/143 439/144/141
f 442/147/143 441/3681/3347 444/3682/147
f 444/152/147 445/149/145 442/151/143
f 445/149/145 450/154/149 448/156/151
f 451/159/154 449/155/150 452/157/152
f 456/3510/3222 455/161/156 457/3683/353 458/3684/3348
f 460/3685/356 461/3686/3349 458/3687/3348 457/3688/353
f 458/3689/3348 459/3690/3350 456/3691/3222
f 459/3692/3350 458/3687/3348 461/3686/3349 462/3693/159
f 463/3694/3351 459/3695/3350 462/164/159 464/163/158
f 161/3696/358 160/3697/157 462/3693/159 461/3686/3349
f 465/168/163 158/3698/3223 463/3694/3351 464/163/158
f 459/3695/3350 463/3694/3351 158/3698/3223 456/3699/3222
f 158/3700/3223 465/3701/163 468/3702/161 469/3703/3352
f 466/165/160 464/163/158 160/162/157
f 159/3509/3221 469/3704/3352 448/156/151 157/169/164
f 158/3511/3223 469/3704/3352 159/3509/3221
f 159/3509/3221 157/169/164 451/159/154 454/160/155
f 445/149/145 448/156/151 470/3705/3353 446/150/146
f 469/3704/3352 470/3705/3353 448/156/151
f 470/3705/3353 471/3706/3354 446/150/146
f 472/3707/3355 473/3708/3356 471/3709/3354 470/3710/3353
f 443/148/144 471/3709/3354 473/3708/3356 440/145/142
f 442/147/143 446/3711/146 471/3709/3354 443/148/144
f 474/3712/3357 475/171/166 440/3713/142 473/3714/3356
f 435/141/138 440/3713/142 475/171/166 436/142/139
f 407/3670/176 406/127/124 483/178/173 484/3715/174
f 436/380/139 477/379/365 430/3674/3344
f 436/142/139 430/3716/3344 432/143/140
f 478/650/616 427/140/137 428/139/136
f 478/650/616 428/139/136 477/379/365
f 478/650/616 479/383/367 427/140/137
f 479/383/367 478/650/616 927/649/615
f 479/383/367 426/1636/1529 427/140/137
f 479/383/367 425/173/168 426/1636/1529
f 928/382/366 480/172/167 425/173/168
f 419/136/133 931/174/169 421/175/170
f 418/133/130 421/175/170 481/3717/3358
f 418/133/130 481/3717/3358 415/132/129
f 488/182/177 486/183/178 485/180/175 487/3718/3359
f 407/181/176 485/180/175 486/183/178
f 407/181/176 486/183/178 404/124/121 403/123/120
f 400/3719/3341 488/3720/177 489/392/376 490/3721/3360
f 399/125/122 404/124/121 488/182/177 400/3665/3341
f 395/3660/3336 490/3721/3360 491/394/378 492/3722/3361
f 490/3721/3360 489/392/376 491/394/378
f 394/3661/3337 400/3719/3341 490/3721/3360 395/3660/3336
f 389/3654/3331 395/3660/3336 492/3722/3361 390/3651/3329
f 492/3722/3361 491/394/378 493/396/380
f 492/3722/3361 494/3723/3362 390/3651/3329
f 385/3652/3327 390/3651/3329 494/3723/3362 386/3724/181
f 494/3723/3362 492/3722/3361 495/3725/3363
f 496/3726/3364 497/3727/179 386/3724/181 494/3723/3362
f 498/3728/3365 499/3729/3366 382/185/180 497/184/179
f 386/186/181 382/185/180 381/3647/3325
f 379/3644/3322 382/185/180 499/3729/3366 500/3730/3367
f 375/3731/3318 500/3732/3367 501/400/384 502/3733/3368
f 382/185/180 379/3644/3322 378/3645/3323
f 500/3732/3367 499/3734/3366 501/400/384
f 374/3642/3320 379/3644/3322 500/3730/3367 375/3640/3318
f 503/404/388 504/409/393 502/3733/3368 501/400/384
f 506/3735/3369 502/3733/3368 504/409/393 505/408/392
f 376/3736/3319 375/3731/3318 502/3733/3368 506/3735/3369
f 182/189/184 506/3735/3369 505/408/392 507/187/182
f 181/3524/3234 376/3736/3319 506/3735/3369 182/189/184
f 508/407/391 509/3737/3370 507/187/182 505/408/392
f 184/190/185 507/187/182 509/3737/3370 510/3738/3371
f 512/192/187 184/190/185 510/3738/3371 511/193/188
f 184/190/185 512/192/187 278/66/65 185/1658/1550
f 2843/191/186 512/192/187 511/193/188 2844/195/190
f 282/71/70 283/70/69 518/201/196 285/3583/3278
f 279/67/66 516/197/192 281/68/67
f 520/3739/3372 285/3583/3278 518/201/196 519/3740/3373
f 2845/3741/3374 521/3742/3375 285/3583/3278 520/3739/3372
f 526/3743/3376 523/3744/1747 524/421/405 525/3745/3377
f 285/3583/3278 521/3742/3375 284/3582/3277
f 527/3746/3378 2846/3747/3379 526/3743/3376 525/3745/3377
f 529/3748/3380 530/3749/3381 527/3746/3378 528/3750/3382
f 2846/3751/3379 527/3752/3378 530/3753/3381 531/3754/3383
f 528/3750/3382 527/3746/3378 525/3745/3377 532/3755/3384
f 533/3756/3385 532/3755/3384 525/3745/3377 524/421/405
f 534/3757/3386 169/3758/3225 532/3759/3384 533/3760/3385
f 168/3513/3224 528/3750/3382 532/3755/3384 169/3514/3225
f 536/425/409 534/3757/3386 533/3760/3385 535/3761/404
f 537/202/197 538/204/199 534/3757/3386 536/425/409
f 169/3758/3225 534/3757/3386 538/204/199 165/3762/3220
f 166/3763/3217 165/3762/3220 538/204/199 539/203/198
f 541/3764/3387 539/203/198 537/202/197 540/426/410
f 166/3763/3217 539/203/198 541/3764/3387 542/3765/3388
f 167/3506/3218 166/3505/3217 542/3766/3388 543/207/202
f 544/3767/3389 545/3768/3390 542/3765/3388 541/3764/3387
f 543/207/202 542/3766/3388 545/3769/3390 546/205/200
f 554/431/411 555/430/206 549/3770/204 551/3771/203
f 546/205/200 545/3769/3390 548/3772/3391
f 550/210/205 546/205/200 551/208/203
f 549/209/204 552/212/207 553/3773/3392
f 558/3774/3393 556/306/297 552/3775/207 557/3776/208
f 556/306/297 558/3774/3393 559/214/209 560/3777/3394
f 566/3778/3395 563/215/210 559/214/209 565/440/420
f 558/3774/3393 562/438/418 559/214/209
f 567/219/214 564/217/212 563/215/210 566/3778/3395
f 570/3779/3396 567/219/214 566/3778/3395 569/3780/3397
f 571/3781/3398 568/218/213 567/219/214 570/3779/3396
f 568/218/213 571/3781/3398 572/3782/3399 573/298/289
f 575/3783/3400 571/3781/3398 570/3779/3396 574/3784/3401
f 576/3785/3402 572/3782/3399 571/3781/3398 575/3783/3400
f 572/3782/3399 576/3785/3402 577/222/217 578/3786/3403
f 580/220/215 576/3785/3402 575/3783/3400 579/441/421
f 586/226/221 585/224/219 587/228/223 588/227/222
f 576/3785/3402 580/220/215 577/222/217
f 581/223/218 582/3787/3404 577/222/217
f 577/222/217 583/221/216 581/223/218
f 590/3788/282 586/226/221 588/227/222 589/3789/225
f 594/446/426 595/233/226 589/231/225 591/230/224
f 589/231/225 592/234/227 593/292/283
f 597/445/425 598/3790/3405 592/234/227 595/233/226
f 596/3791/3406 592/234/227 598/3790/3405 599/3792/3407
f 139/3482/3197 596/3791/3406 599/3792/3407 140/3485/3200
f 600/449/429 601/448/428 140/3485/3200 599/3792/3407
f 132/1657/1549 140/3485/3200 601/448/428 602/3793/3408
f 604/1654/1546 132/1657/1549 602/3793/3408 603/3794/3409
f 605/447/427 606/3795/3410 602/3793/3408 601/448/428
f 603/3794/3409 602/3793/3408 606/3795/3410 607/3796/3411
f 129/3478/3193 603/3797/3409 607/3798/3411 608/3799/3412
f 609/452/432 610/451/431 607/3796/3411 606/3795/3410
f 608/3799/3412 607/3798/3411 610/3800/431 611/3801/3413
f 615/3802/3414 614/237/230 611/3801/3413 610/3800/431
f 611/3801/3413 612/283/274 608/3799/3412
f 611/3801/3413 127/235/228 612/283/274
f 127/235/228 613/236/229 612/283/274
f 611/3801/3413 614/237/230 127/235/228
f 619/3803/3415 614/237/230 616/3804/3416 617/3805/3417
f 615/3802/3414 616/3804/3416 614/237/230
f 123/3472/3189 122/238/231 614/237/230 619/3803/3415
f 123/3472/3189 619/3803/3415 620/1652/1544 124/269/261
f 617/3805/3417 618/3806/3418 619/3803/3415
f 622/241/234 620/1652/1544 619/3803/3415 621/239/232
f 628/244/237 625/243/236 624/240/233 627/456/436
f 622/241/234 623/1653/1545 620/1652/1544
f 622/241/234 624/240/233 625/243/236
f 632/3807/3419 633/246/239 628/244/237 630/458/438
f 629/245/238 633/246/239 634/248/241 635/3808/256
f 641/459/439 639/3809/3420 636/3810/243 640/460/242
f 636/3810/243 637/3811/3421 634/3812/241
f 634/248/241 638/247/240 636/250/243
f 639/3809/3420 641/459/439 642/3813/3422 643/3814/251
f 646/3815/3423 647/3816/3424 644/3817/3425 642/3818/3422
f 644/3817/3425 645/3819/3426 642/3818/3422
f 651/3820/3427 652/3821/3428 2847/3822/3429 649/3823/3430
f 650/3824/3431 2847/3822/3429 652/3821/3428 653/3825/1543
f 655/252/245 650/3826/3431 653/1651/1543 654/19/19
f 653/1651/1543 102/14/14 654/19/19
f 660/253/246 658/3827/3432 657/3828/3433 659/3829/445
f 657/3830/3433 656/251/244 659/466/445
f 658/3827/3432 660/253/246 662/255/248 663/3831/3434
f 659/466/445 115/18/18 660/469/246
f 664/3832/3435 2848/3833/3436 663/3831/3434 662/255/248
f 667/260/253 639/3834/3420 643/258/251 666/257/250
f 645/3819/3426 665/256/249 643/258/251
f 643/258/251 642/3818/3422 645/3819/3426
f 669/261/254 637/3811/3421 667/3835/253 668/3836/252
f 639/3809/3420 667/3835/253 637/3811/3421 636/3810/243
f 637/3811/3421 669/261/254 635/263/256 634/3812/241
f 675/270/262 125/26/26 18/25/25 674/268/260
f 635/263/256 670/262/255 631/265/258
f 631/266/258 629/245/238 635/3808/256
f 631/266/258 671/3837/257 626/242/235
f 626/242/235 671/3837/257 672/3838/3437
f 672/3838/3437 623/1653/1545 626/242/235
f 623/1653/1545 672/3838/3437 673/267/259
f 673/267/259 124/269/261 623/1653/1545
f 623/1653/1545 622/241/234 626/242/235
f 118/275/267 684/482/459 686/3839/3438 119/3474/3190
f 676/272/264 677/3840/3439 125/26/26
f 125/26/26 675/270/262 676/272/264
f 678/274/266 679/3841/3440 676/272/264
f 676/272/264 682/273/265 678/274/266
f 118/275/267 682/273/265 684/482/459
f 684/482/459 685/3842/3441 686/3839/3438
f 687/3843/3442 688/3844/3443 686/3845/3438 685/3846/3441
f 119/3847/3190 686/3845/3438 688/3844/3443 2849/3848/3444
f 119/3847/3190 2849/3848/3444 689/3849/3445 17/3850/22
f 693/3851/269 121/3852/23 692/3853/3446 691/3854/3447
f 689/3855/3445 692/3853/3446 121/3852/23 17/3856/22
f 683/276/268 696/3857/271 681/3858/3448 678/274/266
f 691/3854/3447 690/3859/3449 693/3851/269
f 120/24/24 694/278/270 683/280/268
f 683/276/268 118/275/267 120/3475/24
f 693/277/269 695/486/463 694/278/270
f 613/236/229 677/3840/3439 679/3841/3440 699/3860/3450
f 696/3857/271 697/3861/3451 681/3858/3448
f 679/3841/3440 678/274/266 681/3858/3448
f 681/3858/3448 698/490/467 679/3841/3440
f 677/3840/3439 676/272/264 679/3841/3440
f 608/3799/3412 701/282/273 131/286/277 130/3479/3194
f 677/3840/3439 613/236/229 126/27/27
f 126/27/27 125/26/26 677/3840/3439
f 613/236/229 700/281/272 612/283/274
f 128/3862/1547 129/3478/3193 703/285/276 704/3863/3452
f 701/282/273 608/3799/3412 612/283/274
f 131/286/277 703/285/276 129/3478/3193
f 133/3864/1548 128/3862/1547 704/3863/3452 134/3865/3191
f 704/3866/3452 135/3481/3196 134/3476/3191
f 705/3867/3453 706/3868/3454 704/3863/3452 703/285/276
f 135/3481/3196 704/3866/3452 706/3869/3454 707/3870/3455
f 708/493/470 709/3871/3456 707/3870/3455 706/3869/3454
f 710/3872/3457 711/3873/3458 707/3870/3455 709/3871/3456
f 135/3481/3196 707/3870/3455 711/3873/3458 136/3480/3195
f 712/3874/3459 713/3875/3460 711/3873/3458 710/3872/3457
f 136/3480/3195 711/3873/3458 713/3875/3460 141/3486/3201
f 714/3876/510 715/3877/3461 713/3875/3460 712/3874/3459
f 141/3486/3201 713/3875/3460 715/3877/3461 716/3878/3462
f 717/540/514 719/289/280 716/3879/3462 715/3880/3461
f 137/3881/3198 141/3882/3201 716/3879/3462 719/289/280
f 138/3883/3199 137/3881/3198 719/289/280 720/288/279
f 596/3884/3406 138/3883/3199 720/288/279 721/3885/3463
f 592/234/227 596/3791/3406 721/3886/3463 593/292/283
f 722/544/518 723/290/281 593/292/283 721/3886/3463
f 586/226/221 590/3788/282 724/3887/284 725/294/285
f 593/292/283 590/291/282 589/231/225
f 584/225/220 725/294/285 726/3888/3464 727/3889/3465
f 725/294/285 724/3887/284 726/3888/3464
f 729/297/288 582/3787/3404 727/3889/3465 728/295/286
f 727/3889/3465 726/3888/3464 728/295/286
f 584/225/220 727/3889/3465 582/3787/3404 581/223/218
f 582/3787/3404 729/297/288 578/3786/3403 577/222/217
f 729/297/288 730/296/287 578/3786/3403
f 732/3890/3466 578/3786/3403 730/296/287 731/3891/3467
f 733/299/290 573/298/289 578/3786/3403 732/3890/3466
f 735/3892/3468 733/299/290 732/3890/3466 734/3893/3469
f 573/298/289 572/3782/3399 578/3786/3403
f 736/300/291 568/218/213 733/299/290 735/3892/3468
f 738/301/292 736/300/291 735/3892/3468 737/552/526
f 739/303/294 564/217/212 736/300/291 738/301/292
f 742/3894/3470 561/216/211 740/302/293 741/556/530
f 739/303/294 740/302/293 561/216/211
f 744/304/295 560/3777/3394 742/3894/3470 743/3895/3471
f 561/216/211 742/3894/3470 560/3777/3394
f 560/3777/3394 559/214/209 561/216/211
f 746/3896/3472 553/3897/3392 556/306/297 745/305/296
f 560/3777/3394 744/304/295 556/306/297
f 549/209/204 553/3773/3392 746/3898/3472 550/210/205
f 553/3897/3392 552/3775/207 556/306/297
f 746/3898/3472 547/206/201 550/210/205
f 748/3899/3473 547/206/201 746/3898/3472 747/3900/534
f 25/3507/3219 167/3506/3218 748/3899/3473 749/3901/3474
f 543/207/202 547/206/201 748/3899/3473 167/3506/3218
f 751/307/298 749/3902/3474 748/3903/3473 750/3904/536
f 170/309/300 25/3905/3219 749/3902/3474 751/307/298
f 755/569/542 753/308/299 751/307/298 754/3906/3475
f 750/3904/536 752/3907/535 751/307/298
f 756/568/541 757/3908/3476 753/308/299 755/569/542
f 170/309/300 753/308/299 757/3908/3476 171/3909/3226
f 758/572/545 759/3910/3477 757/3908/3476 756/568/541
f 171/3515/3226 757/3911/3476 759/3912/3477 529/3748/3380
f 760/574/547 761/3913/3478 759/3910/3477 758/572/545
f 530/3749/3381 529/3748/3380 759/3912/3477 761/3914/3478
f 762/3915/3479 761/3913/3478 760/574/547 2850/573/546
f 531/3754/3383 530/3753/3381 761/3913/3478 762/3915/3479
f 766/580/553 289/3584/3279 288/312/303 765/311/302
f 266/74/73 292/3589/3281 767/3916/556 294/316/307
f 289/3584/3279 766/580/553 291/3588/3282
f 291/3588/3282 290/3585/3280 289/3584/3279
f 291/3588/3282 767/583/556 292/3586/3281
f 767/583/556 291/3588/3282 768/582/555
f 767/3916/556 769/314/305 294/316/307
f 771/3917/3480 772/317/308 770/319/310 769/314/305
f 769/314/305 770/319/310 295/315/306
f 296/3590/3283 295/315/306 770/319/310 297/318/309
f 773/3918/3481 774/3919/3482 297/318/309 772/317/308
f 298/3591/3284 297/318/309 774/3919/3482 299/3592/3285
f 775/3920/3483 776/3921/3484 299/3592/3285 774/3919/3482
f 297/318/309 298/3591/3284 258/3576/3272
f 301/3595/3287 299/3592/3285 776/3921/3484 777/322/313
f 300/3593/3286 301/3595/3287 777/322/313 302/321/312
f 303/76/75 302/321/312 779/588/561 780/323/314
f 302/321/312 778/320/311 779/588/561
f 782/3922/3485 783/3923/3486 781/3924/3487 780/323/314
f 780/323/314 781/3924/3487 304/77/76
f 307/3598/3288 781/3925/3487 783/3926/3486 784/3927/3488
f 305/79/78 304/3596/76 781/3925/3487 307/3598/3288
f 307/3598/3288 784/3927/3488 310/3601/3291 308/3599/3289
f 784/3927/3488 785/3928/3489 310/3601/3291
f 787/3929/3490 785/3928/3489 784/3927/3488 786/3930/3491
f 788/3931/3492 312/3606/3294 785/3932/3489 787/3933/3490
f 311/3602/3292 310/3601/3291 785/3928/3489 312/3934/3294
f 789/3935/3493 790/3936/3494 788/3931/3492 787/3933/3490
f 791/3937/3495 314/3608/3296 788/3931/3492 790/3936/3494
f 312/3606/3294 788/3931/3492 314/3608/3296 313/3605/3293
f 793/3938/3496 791/3937/3495 790/3936/3494 792/3939/3497
f 794/324/315 317/3610/3298 791/3937/3495 793/3938/3496
f 314/3608/3296 791/3937/3495 317/3610/3298 315/3607/3295
f 796/325/316 794/324/315 793/3938/3496 795/3940/3498
f 317/3610/3298 794/324/315 318/83/82 316/82/81
f 324/3609/3297 322/92/89 800/3941/319 801/3942/1870
f 796/325/316 797/3943/3499 798/326/317
f 798/326/317 799/328/318 321/327/88
f 321/91/88 800/3941/319 322/92/89
f 331/330/320 803/333/323 804/3944/3500 332/3613/96
f 805/3945/3501 803/333/323 802/332/322 2851/3946/3502
f 806/3947/3503 804/3944/3500 803/333/323 805/3945/3501
f 804/3948/3500 806/3949/3503 807/3950/3504 335/3616/3301
f 809/3951/3505 806/3947/3503 805/3945/3501 808/3952/3506
f 810/3953/3507 807/3954/3504 806/3947/3503 809/3951/3505
f 807/3950/3504 810/3955/3507 811/3956/3508 336/3615/3300
f 813/334/324 810/3953/3507 809/3951/3505 812/591/564
f 814/3957/326 811/3956/3508 810/3955/3507 813/3958/324
f 811/3956/3508 814/3957/326 815/1650/1542 339/1649/1541
f 817/3959/3509 815/1650/1542 814/3957/326 816/3960/325
f 340/1648/1540 815/1650/1542 817/3959/3509 818/339/329
f 819/593/566 820/3961/3510 817/3962/3509 816/335/325
f 818/339/329 817/3959/3509 820/3963/3510 821/337/327
f 343/108/105 342/338/328 822/3964/3511 823/342/332
f 821/337/327 822/3964/3511 342/338/328
f 828/3965/3512 829/3966/3513 827/3967/333 825/340/330
f 822/3964/3511 821/337/327 824/3968/3514
f 822/3964/3511 825/340/330 823/342/332
f 825/340/330 822/3964/3511 826/3969/3515
f 825/340/330 827/3967/333 346/341/331
f 349/344/334 827/343/333 829/3970/3513 830/3971/3516
f 352/3627/3309 349/344/334 830/3971/3516 831/3972/3517
f 832/3973/3518 833/3974/3519 830/3971/3516 829/3970/3513
f 831/3972/3517 830/3971/3516 833/3974/3519 834/3975/3520
f 831/3972/3517 834/3975/3520 835/1647/1539 355/1646/1538
f 836/3976/3521 837/3977/3522 834/3975/3520 833/3974/3519
f 838/3978/3523 835/1647/1539 834/3975/3520 837/3977/3522
f 835/1647/1539 838/3978/3523 839/1645/1537 356/112/109
f 841/3979/3524 838/3978/3523 837/3977/3522 840/3980/3525
f 842/3981/3526 839/1645/1537 838/3978/3523 841/3979/3524
f 839/1645/1537 842/3981/3526 843/3982/3527 358/113/110
f 845/3983/3528 842/3981/3526 841/3979/3524 844/3984/3529
f 846/3985/3530 843/3982/3527 842/3981/3526 845/3983/3528
f 843/3982/3527 846/3985/3530 847/1644/1536 361/1643/1535
f 849/3986/3531 846/3985/3530 845/3983/3528 848/3987/3532
f 850/3988/3533 847/1644/1536 846/3985/3530 849/3986/3531
f 847/1644/1536 850/3988/3533 851/3989/3534 362/1642/1534
f 853/3990/3535 850/3988/3533 849/3986/3531 852/3991/3536
f 854/3992/3537 851/3989/3534 850/3988/3533 853/3990/3535
f 851/3993/3534 854/3994/3537 855/3995/3538 365/3635/3313
f 856/3996/3539 854/3992/3537 853/3990/3535 196/3997/3242
f 857/3998/3540 855/3999/3538 854/3992/3537 856/3996/3539
f 855/3995/3538 857/4000/3540 858/4001/3541 366/3634/3312
f 860/4002/3542 857/3998/3540 856/3996/3539 859/4003/3543
f 861/4004/3544 858/4001/3541 857/4000/3540 860/4005/3542
f 858/4001/3541 861/4004/3544 862/4006/3545 369/3636/3314
f 864/4007/3546 861/4004/3544 860/4005/3542 863/4008/3547
f 865/4009/3548 862/4006/3545 861/4004/3544 864/4007/3546
f 372/3639/3317 371/3637/3315 865/4009/3548 866/4010/3549
f 862/4006/3545 865/4009/3548 371/3637/3315 370/121/118
f 866/4010/3549 865/4009/3548 864/4007/3546 867/4011/3550
f 383/3650/3328 866/4010/3549 867/4011/3550 868/4012/3551
f 863/4008/3547 869/4013/3552 867/4011/3550 864/4007/3546
f 868/4012/3551 867/4011/3550 869/4013/3552 870/4014/3553
f 387/3655/3332 868/4012/3551 870/4014/3553 871/4015/3554
f 873/4016/3555 870/4017/3553 869/4018/3552 872/4019/3556
f 871/4020/3554 870/4021/3553 873/4022/3555 874/4023/3557
f 391/3657/3333 871/4020/3554 874/4023/3557 875/4024/3558
f 877/4025/3559 874/4026/3557 873/4027/3555 876/1603/1497
f 875/4028/3558 874/4026/3557 877/4025/3559 878/4029/3560
f 396/4030/3338 875/4028/3558 878/4029/3560 879/4031/3561
f 881/4032/3562 878/4029/3560 877/4025/3559 880/4033/3563
f 879/4031/3561 878/4029/3560 881/4032/3562 882/4034/335
f 401/1641/1533 879/4031/3561 882/4034/335 405/1639/337
f 886/1638/1531 884/347/336 882/346/335 885/1607/1501
f 881/4035/3562 883/1605/1499 882/346/335
f 894/352/341 892/349/338 891/351/340 893/4036/3564
f 886/1638/1531 408/1637/1530 884/347/336
f 887/1610/1504 410/128/125 886/1638/1531
f 886/1638/1531 888/1609/1503 887/1610/1504
f 887/1610/1504 2816/1608/1502 411/3672/3342
f 411/3672/3342 889/4037/3565 413/3673/3343
f 416/130/127 413/3673/3343 889/4037/3565
f 417/131/128 416/130/127 890/1613/1507
f 890/1613/1507 420/350/339 417/131/128
f 429/138/135 898/1619/1513 900/1618/1512 901/4038/3566
f 894/352/341 897/1616/1510 896/353/342
f 896/353/342 426/1636/1529 424/135/132
f 896/353/342 898/1619/1513 426/1636/1529
f 898/1619/1513 896/353/342 899/1620/1514
f 431/3675/3345 901/4038/3566 903/4039/345 433/4040/344
f 901/4038/3566 900/1618/1512 902/4041/3567
f 902/4041/3567 903/4039/345 901/4038/3566
f 904/4042/3568 905/354/343 903/356/345 902/4043/3567
f 437/4044/1527 905/4045/343 906/4046/3569 907/4047/3570
f 905/354/343 437/1634/1527 433/355/344
f 908/4048/347 909/4049/346 907/4047/3570 906/4046/3569
f 441/3681/3347 907/4047/3570 909/4049/346 444/3682/147
f 444/152/147 909/357/346 910/359/348 911/361/350
f 460/3685/356 457/3688/353 918/644/352 919/643/354
f 450/154/149 447/153/148 912/360/349
f 912/360/349 911/361/350 913/1621/1515
f 452/157/152 450/154/149 2794/1622/1516
f 914/633/605 915/632/604 452/157/152
f 452/157/152 915/632/604 453/158/153
f 915/632/604 916/635/607 453/158/153
f 923/378/364 466/4050/160 23/376/362 922/375/361
f 460/3685/356 920/4051/355 161/3696/358
f 161/3696/358 461/3686/3349 460/3685/356
f 161/372/358 162/371/357 23/376/362
f 474/3712/3357 925/4052/3571 923/4053/364 924/4054/363
f 466/4050/160 160/3512/157 23/376/362
f 466/4055/160 923/4053/364 925/4052/3571 467/4056/162
f 473/4057/3356 472/4058/3355 925/4059/3571 474/4060/3357
f 467/167/162 925/4059/3571 472/4058/3355 468/166/161
f 475/171/166 474/3712/3357 924/4054/363 476/170/165
f 933/386/370 415/132/129 481/3717/3358 932/385/369
f 476/381/165 924/377/363 926/648/614
f 926/648/614 477/379/365 476/381/165
f 926/648/614 478/650/616 477/379/365
f 478/650/616 926/648/614 1376/647/613
f 480/172/167 928/382/366 929/651/617
f 480/172/167 931/174/169 423/137/134
f 930/384/368 421/175/170 931/174/169
f 932/385/369 481/3717/3358 421/175/170
f 935/4061/3572 482/176/171 933/386/370 934/655/621
f 484/179/174 935/4062/3572 936/387/371 937/389/373
f 483/178/173 482/176/171 935/4061/3572 484/3715/174
f 487/3718/3359 485/180/175 937/389/373 938/388/372
f 940/4063/3573 487/4064/3359 938/4065/372 939/662/626
f 937/389/373 485/180/175 484/179/174
f 943/391/375 941/390/374 940/4063/3573 942/4066/3574
f 487/4064/3359 940/4063/3573 941/390/374
f 487/4064/3359 941/390/374 489/392/376 488/3720/177
f 495/3725/3363 947/395/379 949/398/382 950/4067/3575
f 943/391/375 944/4068/3576 945/393/377
f 943/391/375 491/394/378 489/392/376
f 945/393/377 946/4069/3577 947/395/379
f 945/393/377 493/396/380 491/394/378
f 492/3722/3361 493/396/380 947/395/379 495/3725/3363
f 951/4070/3578 952/4071/3579 950/4072/3575 949/4073/382
f 496/4074/3364 950/4072/3575 952/4071/3579 953/4075/3580
f 494/3723/3362 495/3725/3363 950/4067/3575 496/3726/3364
f 498/4076/3365 953/4075/3580 954/4077/3581 955/401/385
f 953/4075/3580 952/4071/3579 954/4077/3581
f 497/4078/179 496/4074/3364 953/4075/3580 498/4076/3365
f 956/670/633 957/399/383 955/401/385 954/4077/3581
f 499/3734/3366 498/4076/3365 955/401/385 501/400/384
f 504/409/393 503/404/388 959/403/387 508/407/391
f 957/399/383 503/404/388 501/400/384
f 964/4079/3582 962/4080/3583 961/406/390 963/4081/3584
f 961/406/390 962/4080/3583 508/407/391
f 965/411/395 966/410/394 962/4080/3583 964/4079/3582
f 508/407/391 962/4080/3583 966/410/394 509/3737/3370
f 968/4082/3585 969/4083/3586 967/412/396 965/411/395
f 966/410/394 967/412/396 509/3737/3370
f 510/3738/3371 509/3737/3370 967/412/396 969/4083/3586
f 970/413/397 513/194/189 969/4083/3586 968/4082/3585
f 511/193/188 510/3738/3371 969/4083/3586 513/194/189
f 972/414/398 970/413/397 968/4082/3585 971/4084/3587
f 518/201/196 980/418/402 1707/838/793 519/3740/3373
f 972/414/398 973/4085/3588 974/2089/1950
f 516/197/192 977/765/724 978/198/193
f 977/765/724 21/767/726 978/198/193
f 978/198/193 21/767/726 979/200/195
f 43/4086/4 42/4087/2 981/4088/3589 983/4089/3590
f 519/3740/3373 1707/838/793 42/4087/2
f 519/3740/3373 42/4087/2 40/1662/403
f 40/1662/403 41/4090/1 39/1660/1552
f 40/1662/403 520/3739/3372 519/3740/3373
f 1707/838/793 981/4088/3589 42/4087/2
f 981/4088/3589 1707/838/793 982/868/821
f 44/4091/1554 43/4092/4 983/4093/3590 984/4094/3591
f 988/4095/3592 2853/4096/3593 986/4097/3594 987/4098/3595
f 522/4099/3596 2853/4096/3593 988/4095/3592 989/422/406
f 523/3744/1747 522/4099/3596 989/422/406 524/421/405
f 990/4100/801 535/420/404 989/422/406 988/4095/3592
f 991/423/407 536/425/409 535/3761/404 990/847/801
f 995/4101/3597 540/426/410 993/852/806 994/853/807
f 992/424/408 537/202/197 536/425/409
f 992/424/408 993/852/806 540/426/410
f 540/426/410 544/3767/3389 541/3764/3387
f 544/3767/3389 540/426/410 995/4101/3597 996/4102/3598
f 545/3769/3390 544/4103/3389 996/4104/3598 548/3772/3391
f 997/4105/3599 998/4106/3600 996/4102/3598 995/4101/3597
f 548/3772/3391 996/4104/3598 998/4107/3600 999/4108/3601
f 546/205/200 548/3772/3391 999/4108/3601 551/208/203
f 1000/4109/811 1001/428/412 999/4108/3601 998/4107/3600
f 551/208/203 999/4108/3601 1001/428/412 554/427/411
f 557/3776/208 1004/4110/415 562/438/418 558/3774/3393
f 1006/4111/416 1004/435/415 1003/434/414 1005/4112/830
f 1009/4113/3602 569/3780/3397 565/440/420 1008/439/419
f 1004/4110/415 1006/436/416 562/438/418
f 565/440/420 559/214/209 562/438/418
f 562/438/418 1007/437/417 565/440/420
f 569/3780/3397 566/3778/3395 565/440/420
f 569/3780/3397 1009/4113/3602 574/3784/3401 570/3779/3396
f 1011/4114/3603 1009/4113/3602 1008/439/419 1010/884/835
f 1012/4115/3604 574/3784/3401 1009/4113/3602 1011/4114/3603
f 574/3784/3401 1012/4115/3604 579/441/421 575/3783/3400
f 1014/4116/3605 1012/4115/3604 1011/4114/3603 1013/4117/3606
f 1016/442/422 579/441/421 1014/4116/3605 1015/4118/3607
f 1012/4115/3604 1014/4116/3605 579/441/421
f 585/224/219 583/221/216 1018/443/423 587/228/223
f 1016/442/422 1017/886/837 1018/443/423
f 587/228/223 1018/443/423 1019/885/836 1020/4119/3608
f 591/229/224 587/228/223 1021/4120/3609 594/4121/426
f 1020/4119/3608 1021/4120/3609 587/228/223
f 1023/895/842 1024/444/424 594/446/426 1021/4122/3609
f 1021/4120/3609 1020/4119/3608 1022/889/840
f 594/446/426 597/445/425 595/233/226
f 599/3792/3407 598/3790/3405 1026/4123/3610 600/449/429
f 597/445/425 1024/444/424 1025/894/844
f 597/445/425 1026/4123/3610 598/3790/3405
f 1028/901/850 1029/900/849 605/447/427 1026/4123/3610
f 1026/4123/3610 597/445/425 1027/897/846
f 1026/4123/3610 605/447/427 600/449/429
f 606/3795/3410 605/447/427 1030/4124/3611 609/452/432
f 1029/900/849 1030/4124/3611 605/447/427
f 1031/899/848 1032/4125/3612 1030/4124/3611 1029/900/849
f 609/452/432 1030/4124/3611 1032/4125/3612 1033/450/430
f 1034/4126/3613 1035/4127/3614 1033/450/430 1032/4125/3612
f 610/3800/431 1033/4128/430 1035/4129/3614 615/3802/3414
f 1036/4130/3615 1037/4131/3616 1035/4127/3614 1034/4126/3613
f 616/3804/3416 615/3802/3414 1035/4129/3614 1037/4132/3616
f 1038/4133/3617 1039/4134/3618 1037/4131/3616 1036/4130/3615
f 617/4135/3417 616/4136/3416 1037/4131/3616 1039/4134/3618
f 1040/4137/3619 1041/4138/3620 1039/4134/3618 1038/4133/3617
f 618/4139/3418 617/4135/3417 1039/4134/3618 1041/4138/3620
f 1042/809/764 1043/4140/3621 1041/4138/3620 1040/4137/3619
f 618/3806/3418 1041/4141/3620 1043/4142/3621 1044/4143/3622
f 618/3806/3418 1044/4143/3622 621/239/232 619/3803/3415
f 1045/4144/3623 1046/4145/3624 1044/4143/3622 1043/4142/3621
f 621/239/232 1044/4143/3622 1046/4145/3624 1047/453/433
f 1049/454/434 1047/453/433 1046/4145/3624 1048/4146/3625
f 627/456/436 624/240/233 1047/453/433 1049/454/434
f 116/21/21 633/246/239 632/3807/3419 117/463/442
f 627/456/436 1050/455/435 630/458/438
f 630/458/438 628/244/237 627/456/436
f 630/458/438 1051/457/437 632/3807/3419
f 1052/4147/3626 638/247/240 116/21/21 104/20/20
f 1053/4148/440 640/249/242 638/247/240 1052/4147/3626
f 642/3813/3422 641/459/439 88/3448/3171 646/4149/3423
f 1053/461/440 88/3448/3171 641/459/439
f 87/4150/3168 1054/4151/3627 646/3815/3423 88/4152/3171
f 88/3448/3171 1053/461/440 11/3446/3169
f 648/4153/3628 647/3816/3424 646/3815/3423 1054/4151/3627
f 86/4154/3167 651/4155/3427 1054/4151/3627 87/4150/3168
f 649/4156/3430 648/4153/3628 1054/4151/3627 651/4155/3427
f 85/3445/3170 11/3444/3169 1053/4148/440 1052/4147/3626
f 103/15/15 85/3445/3170 1052/4147/3626 104/20/20
f 664/3832/3435 1060/4157/448 1061/4158/449 1062/4159/3629
f 117/463/442 632/3807/3419 1051/457/437
f 1056/464/443 1057/465/444 1055/462/441
f 1055/462/441 16/17/17 117/463/442
f 1057/465/444 660/469/246 115/18/18
f 1059/470/447 1060/471/448 661/468/247
f 662/255/248 661/254/247 1060/4157/448 664/3832/3435
f 1063/4160/3630 1064/4161/3631 1062/4159/3629 1061/4158/449
f 1066/4162/3632 1062/4163/3629 1064/4164/3631 1065/4165/3633
f 2848/3833/3436 664/3832/3435 1062/4159/3629 1066/4166/3632
f 1070/476/453 670/262/255 1068/4167/451 1069/4168/3634
f 668/3836/252 1068/4167/451 670/262/255 669/261/254
f 1071/1630/1524 1072/475/452 1070/476/453 1069/4168/3634
f 672/4169/3437 1072/475/452 1074/478/455 673/4170/259
f 1078/4171/3635 1076/480/457 1075/479/456 1077/4172/3636
f 1072/475/452 672/4169/3437 671/264/257
f 673/267/259 1074/4173/455 1075/479/456
f 1075/479/456 674/268/260 673/267/259
f 1079/481/458 680/271/263 1076/480/457 1078/4171/3635
f 1081/485/462 1079/4174/458 1078/4175/3635 1080/483/460
f 685/3842/3441 684/482/459 1079/481/458 1081/4176/462
f 687/3843/3442 685/3846/3441 1081/485/462 2854/484/461
f 694/278/270 1083/487/464 697/4177/3451 696/279/271
f 690/3859/3449 1082/4178/3637 695/4179/463
f 695/4179/463 693/3851/269 690/3859/3449
f 695/486/463 1084/4180/3638 1083/487/464
f 1086/1631/465 697/4177/3451 1083/487/464 1085/1632/1525
f 1089/491/468 1087/489/466 1086/488/465 1088/4181/472
f 697/3861/3451 1086/488/465 698/490/467
f 698/490/467 681/3858/3448 697/3861/3451
f 698/490/467 1087/489/466 699/3860/3450
f 699/3860/3450 679/3841/3440 698/490/467
f 700/281/272 699/3860/3450 1087/489/466 1089/491/468
f 705/3867/3453 702/284/275 1090/4182/3639 1091/4183/471
f 700/281/272 702/284/275 701/282/273
f 700/281/272 613/236/229 699/3860/3450
f 1089/491/468 1090/4182/3639 702/284/275
f 706/3869/3454 705/4184/3453 1091/494/471 708/493/470
f 702/284/275 705/3867/3453 703/285/276
f 1093/4185/3640 1092/492/469 1091/494/471 1090/4186/3639
f 1092/492/469 1093/4185/3640 1094/497/474 1095/533/507
f 1088/495/472 1093/4185/3640 1090/4186/3639 1089/4187/468
f 1101/4188/3641 1096/4189/3642 1098/496/473 1100/1633/1526
f 1093/4185/3640 1088/495/472 1094/497/474
f 1096/4189/3642 1097/4190/3643 1094/497/474
f 1094/497/474 1098/496/473 1096/4189/3642
f 2855/4191/3644 1099/4192/3645 1096/4193/3642
f 1102/4194/3646 2855/4191/3644 1096/4193/3642 1101/4195/3641
f 2856/4196/3647 1102/4194/3646 1101/4195/3641 1103/4197/3648
f 1106/532/506 1104/531/505 1108/4198/476 1105/4199/475
f 1107/524/500 1105/4200/475 1109/4201/477 1110/4202/3649
f 1112/525/501 1107/524/500 1110/4202/3649 1111/502/479
f 1128/914/862 1126/511/487 1122/510/485 1127/915/863
f 1110/4202/3649 1109/4201/477 1113/4203/3650
f 1111/502/479 1110/4202/3649 1114/4204/3651
f 1755/506/483 1756/4205/3652 1119/517/493
f 1119/517/493 1120/516/492 1755/506/483
f 1121/509/486 1122/508/485 1123/926/871
f 1126/511/487 1128/914/862 1129/4206/3653 1130/4207/2040
f 1130/4207/2040 1133/4208/3654 1125/512/488 1126/511/487
f 1129/4209/3653 1128/918/862 1131/513/489
f 1130/4207/2040 1132/4210/870 1133/4208/3654
f 1135/927/872 1123/926/871 1122/508/485 1133/4211/3654
f 1133/4211/3654 1122/508/485 1125/4212/488
f 1106/4213/506 1107/4214/500 1142/528/502 1143/527/503
f 1123/926/871 1120/516/492 1121/509/486
f 1120/516/492 1123/926/871 1136/928/873
f 1137/518/494 1118/504/481 1755/506/483
f 1118/504/481 1137/518/494 1767/519/495
f 1139/522/498 1112/525/501 1111/502/479
f 1112/525/501 1139/522/498 1140/932/877
f 1104/531/505 1143/530/503 1144/4215/504 1145/4216/2050
f 1107/4214/500 1106/4213/506 1105/4217/475
f 1146/4218/3655 2857/4219/3656 1145/4216/2050 1144/4215/504
f 1097/4220/3643 1148/4221/3657 2858/4222/3658 1149/4223/3659
f 1099/4192/3645 1148/4221/3657 1097/4220/3643 1096/4193/3642
f 1151/4224/3660 1149/4225/3659 2858/4226/3658 1150/4227/3661
f 1152/534/508 1095/533/507 1149/4228/3659 1151/4229/3660
f 1097/4190/3643 1149/4228/3659 1095/533/507 1094/497/474
f 1153/4230/3662 1154/4231/3663 1152/4232/508 1151/4233/3660
f 1155/4234/3664 1092/492/469 1152/534/508 1154/4235/3663
f 1156/4236/3665 1157/4237/3666 1155/4234/3664 1154/4235/3663
f 709/3871/3456 1155/4234/3664 1157/4237/3666 710/3872/3457
f 1092/492/469 1155/4234/3664 709/3871/3456 708/493/470
f 1158/4238/3667 1159/537/511 1157/4239/3666 1156/4240/3665
f 1157/4237/3666 712/3874/3459 710/3872/3457
f 712/3874/3459 1157/4237/3666 1159/4241/511 714/3876/510
f 1160/4242/3668 1161/535/509 1159/537/511 1158/4238/3667
f 715/3880/3461 714/536/510 1161/535/509 717/540/514
f 719/289/280 717/540/514 1163/539/513 1165/542/516
f 718/287/278 719/289/280 1165/542/516 1166/939/883
f 720/288/279 718/287/278 1166/939/883 1168/4243/519
f 1166/939/883 1167/938/517 1168/4243/519
f 721/3886/3463 720/4244/279 1168/545/519 722/544/518
f 1170/548/522 723/290/281 722/544/518 1169/546/520
f 1172/4245/3669 726/3888/3464 1170/4246/522 1171/4247/521
f 724/293/284 723/290/281 1170/548/522 726/4248/3464
f 1174/550/524 1172/4245/3669 1171/4247/521 1173/4249/886
f 728/295/286 1172/4245/3669 1174/550/524 1175/549/523
f 730/296/287 1175/549/523 1176/551/525 1177/4250/3670
f 1172/4245/3669 728/295/286 726/3888/3464
f 1179/4251/3671 1180/4252/3672 1178/4253/3673 1177/4250/3670
f 1175/549/523 730/296/287 728/295/286
f 1177/4250/3670 1178/4253/3673 731/3891/3467
f 1177/4250/3670 731/3891/3467 730/296/287
f 1181/4254/3674 734/3893/3469 1178/4253/3673 1180/4252/3672
f 731/3891/3467 1178/4253/3673 734/3893/3469 732/3890/3466
f 150/3500/3212 1181/4254/3674 1180/4252/3672 151/3497/3209
f 1182/553/527 737/552/526 1181/4254/3674 150/3500/3212
f 734/3893/3469 1181/4254/3674 737/552/526 735/3892/3468
f 1183/4255/3675 1182/553/527 150/3500/3212 22/3499/3211
f 1184/554/528 738/301/292 1182/553/527 1183/4255/3675
f 738/301/292 1184/554/528 741/556/530 740/302/293
f 1183/4255/3675 1185/4256/3676 1184/554/528
f 741/556/530 1186/555/529 743/3895/3471 742/3894/3470
f 1184/554/528 1187/4257/3677 1186/555/529
f 1189/1013/949 743/3895/3471 1186/555/529 1188/4258/3678
f 1190/557/531 744/304/295 743/3895/3471 1189/1013/949
f 750/563/536 748/3899/3473 747/3900/534 1192/561/533
f 745/305/296 1191/558/532 747/560/534
f 747/560/534 746/3896/3472 745/305/296
f 1194/4259/537 1192/559/533 1191/558/532 1193/4260/3679
f 1198/570/543 758/572/545 756/568/541 1197/567/540
f 1192/561/533 1194/564/537 752/562/535
f 752/562/535 1195/565/538 754/4261/3475
f 754/4261/3475 751/4262/298 752/562/535
f 1196/566/539 755/569/542 754/3906/3475
f 1201/575/548 1199/571/544 1198/570/543 1200/4263/3680
f 758/572/545 1199/571/544 760/574/547
f 1199/571/544 763/577/550 2850/573/546
f 764/310/301 1203/4264/3681 1204/578/551 765/311/302
f 1199/571/544 1201/575/548 763/577/550
f 766/580/553 1205/579/552 768/582/555 291/3588/3282
f 1204/578/551 1206/4265/3682 1205/579/552
f 769/314/305 767/3916/556 1209/4266/3683 771/3917/3480
f 1207/581/554 1205/579/552 1208/4267/3684
f 1207/581/554 1209/4268/3683 767/583/556
f 1209/4268/3683 1207/581/554 1210/1025/961
f 1211/4269/3685 1212/4270/3686 771/3917/3480 1209/4266/3683
f 773/3918/3481 771/3917/3480 1212/4270/3686 1213/4271/3687
f 1214/4272/3688 1215/4273/3689 1213/4271/3687 1212/4270/3686
f 771/3917/3480 773/3918/3481 772/317/308
f 775/3920/3483 1213/4271/3687 1215/4273/3689 776/3921/3484
f 774/3919/3482 773/3918/3481 1213/4271/3687 775/3920/3483
f 1216/1028/964 1217/584/557 776/3921/3484 1215/4273/3689
f 777/322/313 776/3921/3484 1217/584/557 778/320/311
f 779/588/561 778/320/311 1218/585/558 1219/586/559
f 779/588/561 1221/587/560 782/3922/3485 780/323/314
f 1219/586/559 1218/585/558 1220/4274/3690
f 1219/586/559 1222/4275/3691 1221/587/560
f 1224/4276/3692 782/3922/3485 1221/587/560 1223/1033/969
f 783/3923/3486 782/3922/3485 1224/4276/3692 1225/4277/3693
f 1226/4278/3694 1227/4279/3695 1225/4277/3693 1224/4276/3692
f 1228/4280/3696 786/3930/3491 1225/4281/3693 1227/4282/3695
f 784/3927/3488 783/3926/3486 1225/4281/3693 786/3930/3491
f 1230/4283/3697 1228/4284/3696 1227/4285/3695 1229/4286/3698
f 789/3935/3493 1228/4287/3696 1230/4288/3697 1231/4289/3699
f 786/3930/3491 1228/4280/3696 789/4290/3493 787/3929/3490
f 1232/4291/3700 1233/4292/3701 1231/4289/3699 1230/4288/3697
f 1234/4293/3702 792/3939/3497 1231/4289/3699 1233/4292/3701
f 790/3936/3494 789/3935/3493 1231/4289/3699 792/3939/3497
f 1236/4294/3703 1234/4293/3702 1233/4292/3701 1235/4295/3704
f 1237/4296/3705 795/3940/3498 1234/4293/3702 1236/4294/3703
f 793/3938/3496 792/3939/3497 1234/4293/3702 795/3940/3498
f 1239/4297/3706 1237/4296/3705 1236/4294/3703 1238/4298/3707
f 799/328/318 797/3943/3499 1237/4296/3705 1239/4297/3706
f 795/3940/3498 1237/4296/3705 797/3943/3499 796/325/316
f 1241/4299/3708 799/328/318 1239/4297/3706 1240/4300/3709
f 1243/4301/3710 1241/4299/3708 1240/4300/3709 1242/4302/3711
f 799/328/318 1241/4299/3708 800/329/319
f 799/328/318 798/326/317 797/3943/3499
f 801/4303/1870 800/329/319 1241/4299/3708 1243/4301/3710
f 2851/3946/3502 1244/4304/3712 808/3952/3506 805/3945/3501
f 1245/4305/3713 808/3952/3506 1244/4304/3712 2859/4306/3714
f 808/3952/3506 1245/4305/3713 812/591/564 809/3951/3505
f 1246/589/562 1245/4305/3713 2859/4306/3714 2008/4307/3715
f 1248/594/567 813/334/324 812/591/564 1247/590/563
f 1245/4305/3713 1246/589/562 812/591/564
f 816/335/325 813/334/324 1248/594/567 819/593/566
f 1249/4308/3716 1250/592/565 1248/594/567 1247/590/563
f 1251/4309/3717 1252/4310/3718 819/593/566 1250/592/565
f 820/3963/3510 819/4311/566 1252/4312/3718 1253/4313/3719
f 821/337/327 820/3963/3510 1253/4313/3719 824/3968/3514
f 822/3964/3511 824/3968/3514 1254/4314/3720 826/3969/3515
f 1253/4313/3719 1254/4314/3720 824/3968/3514
f 825/340/330 826/3969/3515 1256/4315/3721 828/3965/3512
f 1254/4314/3720 1253/4313/3719 1255/4316/3722
f 1254/4314/3720 1256/4315/3721 826/3969/3515
f 1257/4317/3723 1258/4318/3724 1256/4315/3721 1254/4314/3720
f 828/3965/3512 1256/4315/3721 1258/4318/3724 1259/4319/3725
f 829/3966/3513 828/3965/3512 1259/4319/3725 832/4320/3518
f 1260/4321/3726 1261/4322/3727 1259/4319/3725 1258/4318/3724
f 832/4320/3518 1259/4319/3725 1261/4322/3727 1262/4323/3728
f 833/3974/3519 832/3973/3518 1262/4324/3728 836/3976/3521
f 1263/4325/3729 1264/4326/3730 1262/4323/3728 1261/4322/3727
f 836/3976/3521 1262/4324/3728 1264/4327/3730 1265/4328/3731
f 837/3977/3522 836/3976/3521 1265/4328/3731 840/3980/3525
f 1266/4329/3732 1267/4330/3733 1265/4328/3731 1264/4327/3730
f 840/3980/3525 1265/4328/3731 1267/4330/3733 1268/4331/3734
f 840/3980/3525 1268/4331/3734 844/3984/3529 841/3979/3524
f 1269/4332/3735 1270/4333/3736 1268/4331/3734 1267/4330/3733
f 1271/4334/3737 844/3984/3529 1268/4331/3734 1270/4333/3736
f 844/3984/3529 1271/4334/3737 848/3987/3532 845/3983/3528
f 1273/4335/3738 1271/4334/3737 1270/4333/3736 1272/4336/3739
f 1274/4337/3740 848/3987/3532 1271/4334/3737 1273/4335/3738
f 848/4338/3532 1274/4339/3740 852/4340/3536 849/4341/3531
f 191/3533/3239 1274/4337/3740 1273/4335/3738 1275/4342/3741
f 28/3537/3238 852/4340/3536 1274/4339/3740 191/4343/3239
f 1272/4336/3739 1276/4344/3742 1275/4342/3741 1273/4335/3738
f 1278/4345/3743 1275/4342/3741 1276/4344/3742 1277/4346/3744
f 192/3534/3240 191/3533/3239 1275/4342/3741 1278/4345/3743
f 1280/4347/3745 1278/4345/3743 1277/4346/3744 1279/4348/3746
f 1281/4349/3747 192/3534/3240 1278/4345/3743 1280/4347/3745
f 192/3534/3240 1281/4349/3747 1282/596/569 193/3531/3237
f 1284/4350/3748 1281/4349/3747 1280/4347/3745 1283/4351/3749
f 1285/597/570 1282/596/569 1281/4349/3747 1284/4350/3748
f 1288/4352/3750 1285/597/570 1284/4350/3748 1287/4353/3751
f 1289/4354/3752 1286/595/568 1285/597/570 1288/4352/3750
f 1286/1600/568 1289/4355/3752 1290/4356/3753 1291/1598/1493
f 1293/4357/3754 1289/4354/3752 1288/4352/3750 1292/4358/3755
f 1297/4359/3756 1290/4356/3753 1293/4360/3754 1296/4361/3757
f 1289/4355/3752 1293/4360/3754 1290/4356/3753
f 1294/4362/3758 1295/1597/1492 1290/4356/3753
f 1298/4363/3759 1294/4362/3758 1290/4356/3753 1297/4359/3756
f 1294/4362/3758 1298/4363/3759 1299/4364/3760 1300/1595/1490
f 1305/4365/3761 1299/4364/3760 1298/4363/3759 1304/4366/3762
f 1297/4359/3756 1301/4367/3763 1298/4363/3759
f 1302/4368/3764 1303/4369/3765 1299/4364/3760
f 1306/4370/3766 1302/4368/3764 1299/4364/3760 1305/4365/3761
f 1302/4368/3764 1306/4370/3766 1307/4371/3767 1312/1592/1487
f 1309/4372/3768 1306/4370/3766 1305/4365/3761 1308/4373/3769
f 1307/4371/3767 1306/4370/3766 1309/4372/3768 1310/4374/3770
f 1307/4371/3767 1310/4374/3770 1311/4375/3771 1312/1592/1487
f 1313/1049/985 1314/4376/3772 1310/4374/3770 1309/4372/3768
f 1311/4375/3771 1310/4374/3770 1314/4376/3772 1315/4377/3773
f 1317/4378/3774 1311/4375/3771 1315/4377/3773 1316/4379/3775
f 1318/1053/989 1319/4380/3776 1315/4377/3773 1314/4376/3772
f 1316/4379/3775 1315/4377/3773 1319/4380/3776 1320/4381/3777
f 1322/1589/1484 1316/4379/3775 1320/4381/3777 1321/600/573
f 1323/1055/991 1324/4382/3778 1320/4381/3777 1319/4380/3776
f 1321/600/573 1320/4381/3777 1324/4382/3778 1325/598/571
f 1327/1057/993 1328/601/574 1325/598/571 1324/4382/3778
f 1341/4383/582 1336/4384/3779 1338/607/580 1340/4385/994
f 1331/604/577 1333/4386/3780 1332/605/578
f 1333/4386/3780 1337/1586/1481 1332/605/578
f 1333/4386/3780 1334/608/581 1337/1586/1481
f 1334/608/581 1333/4386/3780 1335/606/579
f 1336/4384/3779 1337/1586/1481 1334/608/581
f 1334/608/581 1338/607/580 1336/4384/3779
f 1336/4384/3779 1341/4383/582 1342/1580/585 1343/1585/1480
f 1351/620/592 1349/4387/589 1348/1065/587 1350/618/590
f 1345/611/584 1346/4388/588 1342/612/585
f 1366/1071/1003 1367/629/601 1363/628/600 1361/625/597
f 1351/620/592 1352/4389/3781 1349/4387/589
f 1351/620/592 1353/619/591 1354/4390/3782
f 1354/4390/3782 1355/621/593 1356/4391/3783
f 1355/621/593 1354/4390/3782 1358/622/594
f 1359/623/595 1360/1070/1002 1361/625/597
f 916/635/607 1371/637/609 917/362/351 453/158/153
f 1367/629/601 163/1074/1006 164/630/602
f 914/633/605 164/630/602 163/1074/1006
f 163/1074/1006 2082/1073/1005 914/633/605
f 2082/1073/1005 2083/631/603 914/633/605
f 452/157/152 2794/1622/1516 914/633/605
f 1369/634/606 1370/636/608 916/635/607
f 1373/638/610 917/362/351 1371/637/609 1372/4392/611
f 934/655/621 1379/656/622 936/4393/371 935/4061/3572
f 1374/646/612 1896/987/925 920/368/355
f 920/370/355 1895/986/924 162/371/357
f 162/371/357 1895/986/924 1375/985/923
f 1375/985/923 1894/373/359 162/371/357
f 1894/373/359 1376/647/613 921/374/360
f 927/649/615 928/382/366 479/383/367
f 930/384/368 1377/653/619 932/385/369
f 1379/657/622 1380/1194/1120 1381/658/623
f 944/4068/3576 942/4066/3574 1384/661/625 1385/4394/1124
f 1381/658/623 1382/4395/3784 1383/659/624
f 939/662/626 1384/661/625 942/4066/3574 940/4063/3573
f 1387/4396/3785 944/4397/3576 1385/4398/1124 1386/4399/3786
f 1390/4400/3787 1388/4401/3788 1387/4396/3785 1389/1203/1128
f 944/4068/3576 1387/4402/3785 1388/4403/3788
f 944/4068/3576 943/391/375 942/4066/3574
f 1391/4404/3789 946/4405/3577 1388/4401/3788 1390/4400/3787
f 944/4068/3576 1388/4403/3788 946/4069/3577 945/393/377
f 1393/664/627 1391/4404/3789 1390/4400/3787 1392/1205/1130
f 1394/666/629 948/4406/381 1391/4404/3789 1393/664/627
f 946/4069/3577 1391/4407/3789 948/397/381 947/395/379
f 1396/4408/3790 951/4070/3578 1394/666/629 1395/665/628
f 948/4406/381 1394/666/629 951/4070/3578 949/4073/382
f 1398/667/630 1396/4408/3790 1395/665/628 1397/1208/1133
f 1399/669/632 954/4077/3581 1396/4408/3790 1398/667/630
f 951/4070/3578 1396/4408/3790 954/4077/3581 952/4071/3579
f 956/670/633 1399/669/632 1400/668/631 958/402/386
f 1401/1212/1137 1402/671/634 958/402/386 1400/668/631
f 1399/669/632 956/670/633 954/4077/3581
f 1405/4409/3791 1406/4410/3792 1404/4411/3793 1403/672/635
f 1402/671/634 960/405/389 958/402/386
f 1403/672/635 1404/4411/3793 960/405/389
f 961/406/390 960/405/389 1404/4411/3793 1406/4410/3792
f 1408/4412/3794 1409/4413/3795 963/4081/3584 1407/1214/1139
f 1406/4410/3792 963/4081/3584 961/406/390
f 1410/4414/3796 1411/674/637 1409/4413/3795 1408/4412/3794
f 1409/4413/3795 964/4079/3582 963/4081/3584
f 964/4079/3582 1409/4413/3795 1411/674/637 965/411/395
f 1412/4415/3797 1413/673/636 1411/674/637 1410/4414/3796
f 1414/4416/3798 971/4084/3587 1413/673/636 1412/4415/3797
f 965/411/395 1413/673/636 971/4084/3587 968/4082/3585
f 1416/4417/3799 1414/4416/3798 1412/4415/3797 1415/4418/3800
f 971/4084/3587 1414/4416/3798 973/4085/3588 972/414/398
f 1414/4416/3798 1416/4417/3799 973/4085/3588
f 1418/4419/3801 973/4085/3588 1416/4417/3799 1417/4420/3802
f 1419/4421/3803 2860/2357/2193 973/4085/3588 1418/4419/3801
f 1420/2358/2194 1421/2360/2196 1422/677/640 1423/4422/3804
f 2860/2357/2193 974/2089/1950 973/4085/3588
f 1424/675/638 1422/677/640 1421/2360/2196 2861/4423/3805
f 1432/682/645 1433/683/646 1434/4424/3806 1435/756/715
f 2861/4423/3805 2325/4425/3807 1424/675/638
f 1426/678/641 1424/675/638 1428/4426/3808
f 1429/681/644 1430/758/717 1427/679/642
f 1429/681/644 1431/680/643 1433/683/646
f 1440/1222/647 1434/4424/3806 1433/683/646 1439/1221/1146
f 1437/686/649 1438/4427/3809 1434/4428/3806
f 1446/4429/3810 1444/753/712 1441/4430/651 1445/4431/650
f 1434/4428/3806 1440/684/647 1437/686/649
f 1441/4430/651 1442/755/714 1437/4432/649
f 1437/4432/649 1443/4433/648 1441/4430/651
f 1444/753/712 1446/4429/3810 1447/4434/3811 1448/751/710
f 1452/4435/3812 1447/4434/3811 1446/4429/3810 1451/4436/3813
f 1449/4437/3814 1450/4438/3815 1447/4434/3811
f 1455/4439/3816 1449/4437/3814 1452/4435/3812 1454/4440/3817
f 1447/4434/3811 1452/4435/3812 1449/4437/3814
f 1456/4441/3818 1453/4442/3819 1449/4437/3814 1455/4439/3816
f 1453/4442/3819 1456/4441/3818 1457/4443/3820 1458/747/706
f 1460/4444/3821 1456/4441/3818 1455/4439/3816 1459/4445/3822
f 1461/4446/3823 1457/4443/3820 1456/4441/3818 1460/4444/3821
f 1463/4447/707 1457/4448/3820 1461/4449/3823 1462/691/654
f 1465/4450/3824 1461/4446/3823 1460/4444/3821 1464/4451/3825
f 1462/691/654 1461/4449/3823 1465/4452/3824 1466/689/652
f 1469/4453/3826 1466/689/652 1465/4452/3824 1468/4454/1160
f 1467/690/653 1466/689/652 1469/4453/3826 1470/692/655
f 1472/744/703 1467/690/653 1470/692/655 1471/694/657
f 1475/695/658 1477/696/659 93/699/662 92/1576/1473
f 1470/692/655 1474/4455/3827 1473/693/656
f 1473/693/656 1476/1241/1164 1477/696/659
f 1481/701/664 1479/4456/3828 93/699/662 1480/698/661
f 1477/696/659 1478/697/660 93/699/662
f 1479/4456/3828 94/3449/3172 93/699/662
f 1487/4457/3829 1484/4458/3830 1483/700/663 1486/1245/1168
f 1481/701/664 1482/4459/3831 1479/4456/3828
f 1481/701/664 1483/700/663 1484/4458/3830
f 1484/4460/3830 1485/4461/3832 1481/4462/664
f 1484/4460/3830 1487/4463/3829 1488/4464/3833 1489/4465/3834
f 1492/4466/3835 1488/4467/3833 1487/4457/3829 1491/4468/3836
f 1487/4457/3829 1490/4469/3837 1491/4468/3836
f 1488/4464/3833 1492/4470/3835 1493/4471/3838 1494/4472/3839
f 1496/703/666 1492/4466/3835 1491/4468/3836 1495/1249/1172
f 1497/702/665 1493/4473/3838 1492/4466/3835 1496/703/666
f 1493/4471/3838 1497/4474/665 1498/4475/3840 1499/4476/3841
f 2862/705/668 1498/4477/3840 1497/4478/665 1500/706/667
f 50/9/9 1511/713/675 1512/715/677 1506/710/672
f 1503/709/671 1504/716/678 1502/4479/3842
f 1502/4479/3842 1505/708/670 1503/709/671
f 51/10/10 1506/710/672 1503/709/671
f 48/3402/3140 1508/4480/3843 1507/4481/674
f 1508/4480/3843 1509/4482/2773 1510/4483/676
f 1510/4483/676 1507/4481/674 1508/4480/3843
f 2378/1457/1362 1516/4484/2780 1515/4485/3844 1514/4486/3845
f 1504/716/678 1514/4486/3845 1515/4485/3844
f 1504/716/678 1515/4485/3844 1502/4479/3842
f 38/717/679 1518/719/681 1517/4487/2238 37/4488/3846
f 1517/4487/2238 1518/719/681 1519/4489/687
f 1518/719/681 1520/724/684 1527/4490/685 1519/4489/687
f 37/4491/3846 1522/720/682 38/722/679
f 1524/1255/1178 1521/718/680 1523/723/683
f 1521/4492/680 1524/1259/1178 1525/4493/3847
f 1525/4493/3847 1520/4494/684 1521/4492/680
f 1520/4494/684 1525/4493/3847 1526/4495/3848
f 1526/4495/3848 1527/725/685 1520/4494/684
f 1529/730/689 1517/4487/2238 1519/4489/687 1528/728/686
f 1532/4496/3849 1494/4472/3839 2863/4497/3850 1531/4498/3851
f 1499/4476/3841 2863/4497/3850 1494/4472/3839 1493/4471/3838
f 1533/731/690 1532/4496/3849 1531/4498/3851 2864/4499/3852
f 1534/733/692 1489/4465/3834 1532/4496/3849 1533/731/690
f 1494/4472/3839 1532/4496/3849 1489/4465/3834 1488/4464/3833
f 1536/4500/3853 1485/4461/3832 1534/733/692 1535/732/691
f 1489/4465/3834 1534/733/692 1485/4461/3832 1484/4460/3830
f 1537/4501/3854 1538/4502/3855 1536/4500/3853 1535/732/691
f 1482/4459/3831 1536/4503/3853 1538/4504/3855 95/3452/3175
f 1485/4505/3832 1536/4503/3853 1482/4459/3831 1481/701/664
f 1539/4506/3856 1540/4507/3857 1538/4504/3855 1537/4508/3854
f 95/3452/3175 1538/4504/3855 1540/4507/3857 96/3451/3174
f 1063/4509/3630 1541/4510/3858 1540/4511/3857 1539/4512/3856
f 96/3455/3174 1540/4511/3857 1541/4510/3858 97/3453/3176
f 97/3453/3176 1541/4510/3858 1059/470/447 1542/734/693
f 1061/472/449 1059/470/447 1541/4510/3858 1063/4509/3630
f 1544/735/694 1542/734/693 1058/467/446 1543/4513/3859
f 98/737/696 97/3453/3176 1542/734/693 1544/735/694
f 1546/741/700 101/736/695 1544/735/694 1545/739/698
f 1543/4513/3859 1663/738/697 1544/735/694
f 1548/803/760 1549/4514/3860 1546/4515/700 1547/804/699
f 101/736/695 1546/741/700 1549/4516/3860 99/3457/3177
f 1550/4517/3861 1551/4518/3862 1549/4514/3860 1548/803/760
f 99/3456/3177 1549/4514/3860 1551/4518/3862 100/1577/1474
f 1552/743/702 1553/742/701 1551/4518/3862 1550/4517/3861
f 100/1577/1474 1551/4518/3862 1553/742/701 1475/695/658
f 1475/695/658 1553/742/701 1471/694/657 1473/693/656
f 1555/745/704 1472/744/703 1552/743/702 1554/904/853
f 1556/903/852 1557/4519/3863 1555/745/704 1554/904/853
f 1467/690/653 1555/745/704 1557/4519/3863 1558/4520/3864
f 1462/691/654 1467/690/653 1558/4520/3864 1463/4447/707
f 1559/4521/3865 1560/4522/705 1463/4447/707 1558/4520/3864
f 1561/4523/3866 1563/4524/3867 1458/747/706 1560/746/705
f 1463/748/707 1458/747/706 1457/4443/3820
f 1564/749/708 1450/4438/3815 1453/4442/3819 1563/4524/3867
f 1458/747/706 1563/4524/3867 1453/4442/3819
f 1450/4438/3815 1564/749/708 1448/751/710 1447/4434/3811
f 1450/4438/3815 1449/4437/3814 1453/4442/3819
f 1563/4524/3867 1565/796/753 1564/749/708
f 1444/753/712 1568/752/711 1442/755/714 1441/4430/651
f 1564/749/708 1567/795/752 1566/750/709
f 1566/750/709 1569/4525/3868 1568/752/711
f 1442/755/714 1570/754/713 1438/4526/3809 1437/4432/649
f 1568/752/711 1571/790/747 1570/754/713
f 1573/906/855 1438/4526/3809 1570/754/713 1572/907/856
f 1422/677/640 1425/676/639 1578/4527/3869 1423/4422/3804
f 1438/4427/3809 1573/4528/855 1435/4529/715
f 1435/4529/715 1434/4428/3806 1438/4427/3809
f 1435/756/715 1575/781/740 1574/757/716
f 1574/757/716 1576/780/739 1430/758/717
f 1580/4530/3870 1423/4422/3804 1578/4527/3869 1579/776/735
f 1581/2448/2275 1420/2358/2194 1423/4422/3804 1580/4530/3870
f 1583/4531/3871 1581/2448/2275 1580/4530/3870 1582/4532/3872
f 1586/4533/3873 1587/4534/3874 1585/4535/3875 2865/4536/3876
f 2866/4537/3877 1585/4535/3875 1587/4534/3874 1588/4538/721
f 1589/4539/3878 1590/760/719 1588/762/721 1587/4540/3874
f 1592/4541/3879 2866/4537/3877 1588/4538/721 1591/4542/720
f 2867/4543/2277 1592/4541/3879 1591/4542/720 1593/4544/3880
f 975/4545/400 2867/4543/2277 1593/4544/3880 976/4546/401
f 145/3493/3206 1605/773/732 1607/4547/3881 146/3494/3207
f 976/417/401 1593/4548/3880 1594/909/857
f 1594/909/857 977/765/724 976/417/401
f 977/765/724 1594/909/857 1595/763/722
f 977/765/724 516/197/192 976/417/401
f 1596/766/725 1598/769/728 149/768/727
f 1598/769/728 1597/835/790 149/768/727
f 1598/769/728 1600/770/729 1601/833/788
f 1600/770/729 1603/772/731 1602/832/787
f 1603/772/731 1604/771/730 1590/760/719
f 1590/760/719 1589/4539/3878 1603/772/731
f 1606/774/733 1602/832/787 1603/772/731
f 1603/772/731 1607/4547/3881 1605/773/732
f 142/3491/3205 146/3494/3207 1608/4549/3882 1609/4550/3883
f 1607/4547/3881 1603/772/731 1589/4539/3878
f 1607/4547/3881 1608/4549/3882 146/3494/3207
f 1586/4551/3873 1610/4552/3884 1608/4549/3882 1607/4547/3881
f 1609/4550/3883 1608/4549/3882 1610/4552/3884 1611/4553/3885
f 1584/4554/3886 1612/4555/3887 1611/4556/3885 1610/4557/3884
f 1613/4558/3888 1611/4556/3885 1612/4555/3887 2868/4559/3889
f 1614/4560/3890 1609/4561/3883 1611/4562/3885 1613/4563/3888
f 1609/4550/3883 1614/4564/3890 143/4565/3202 142/3491/3205
f 1615/775/734 1614/4560/3890 1613/4563/3888 1582/4532/3872
f 1616/777/736 143/4566/3202 1614/4560/3890 1615/775/734
f 144/4567/3203 143/4566/3202 1616/777/736 1617/4568/3891
f 1617/4568/3891 1616/777/736 1579/776/735 1577/4569/3892
f 1619/4570/3893 1617/4568/3891 1577/4569/3892 1618/759/718
f 1620/779/738 1621/778/737 1622/782/741 1623/824/779
f 1577/4569/3892 1578/4527/3869 1618/759/718
f 1571/790/747 1627/787/744 1626/786/743 1628/908/742
f 1621/778/737 1576/780/739 1622/782/741
f 1626/785/743 1624/4571/3894 1622/4572/741
f 1622/4572/741 1575/783/740 1626/785/743
f 1629/789/746 1630/791/748 1631/4573/3895 1632/819/774
f 1628/908/742 1572/907/856 1571/790/747
f 1567/795/752 1631/4573/3895 1630/791/748 1569/4525/3868
f 1633/793/750 1634/820/775 1631/4573/3895
f 1637/794/751 1633/793/750 1631/4573/3895 1567/795/752
f 1635/792/749 1637/794/751 1638/4574/3896 1639/816/771
f 1635/792/749 1636/4575/3897 1633/793/750
f 1640/4576/3898 1638/4574/3896 1637/794/751 1565/796/753
f 1642/817/772 1638/4574/3896 1640/4576/3898 1641/4577/756
f 1643/4578/3899 1640/4576/3898 1565/796/753 1562/4579/3900
f 1641/799/756 1640/4580/3898 1643/4581/3899 1644/797/754
f 1561/4582/3866 1646/4583/3901 1644/797/754 1643/4581/3899
f 1645/798/755 1644/797/754 1646/4583/3901 1647/4584/3902
f 1649/813/768 1645/798/755 1647/4584/3902 1648/802/759
f 1654/810/765 1650/800/757 1652/4585/3903 1653/4586/3904
f 1647/4584/3902 1646/4583/3901 1559/4521/3865
f 1647/4584/3902 1650/800/757 1648/802/759
f 1650/800/757 1647/4584/3902 1557/4519/3863
f 1557/4519/3863 1652/4585/3903 1650/800/757
f 1556/903/852 1655/905/854 1652/4585/3903 1557/4519/3863
f 1656/4587/3905 1653/4586/3904 1652/4585/3903 1655/905/854
f 1653/4586/3904 1656/4587/3905 1657/4588/3906 1658/4589/3907
f 1550/4517/3861 1656/4587/3905 1655/905/854 1554/904/853
f 1548/803/760 1657/4588/3906 1656/4587/3905 1550/4517/3861
f 1657/4588/3906 1548/803/760 1659/805/761 1660/4590/3908
f 1661/807/762 1048/4146/3625 1660/4591/3908 1659/806/761
f 1660/4590/3908 1658/4589/3907 1657/4588/3906
f 1048/4146/3625 1661/807/762 1662/808/763 1049/454/434
f 1056/464/443 117/463/442 1663/738/697 1543/4513/3859
f 1661/807/762 1547/740/699 1662/808/763
f 1663/738/697 1050/455/435 1662/808/763
f 1662/808/763 1545/739/698 1663/738/697
f 1057/465/444 1056/464/443 1543/4513/3859 1058/467/446
f 1046/4145/3624 1045/4144/3623 1660/4591/3908 1048/4146/3625
f 1658/4589/3907 1660/4590/3908 1045/4592/3623 1664/811/766
f 1043/4140/3621 1042/809/764 1664/811/766 1045/4592/3623
f 1653/4586/3904 1658/4589/3907 1664/811/766 1654/810/765
f 1040/4137/3619 1665/4593/3909 1654/810/765 1042/809/764
f 1651/801/758 1654/810/765 1665/4593/3909 1666/814/769
f 1667/4594/3910 1668/812/767 1666/814/769 1665/4593/3909
f 1654/810/765 1651/801/758 1650/800/757
f 1648/802/759 1651/801/758 1666/814/769 1649/813/768
f 1641/799/756 1645/798/755 1670/4595/3911 1642/4596/772
f 1649/813/768 1668/812/767 1669/902/851
f 1649/813/768 1670/4595/3911 1645/798/755
f 1670/4595/3911 1649/813/768 1671/898/847
f 1672/896/845 1673/4597/770 1642/4596/772 1670/4595/3911
f 1636/4575/3897 1674/4598/3912 1634/820/775 1633/793/750
f 1642/817/772 1639/816/771 1638/4574/3896
f 1639/816/771 1674/4598/3912 1636/4575/3897
f 1639/816/771 1636/4575/3897 1635/792/749
f 1674/4598/3912 1639/816/771 1675/890/841
f 1676/888/839 1677/818/773 1634/820/775 1674/4598/3912
f 1629/789/746 1632/819/774 1678/821/776 1679/822/777
f 1632/819/774 1631/4573/3895 1634/820/775
f 1680/4599/3913 1681/4600/3914 1627/787/744 1679/822/777
f 1625/788/745 1627/787/744 1681/4600/3914 1682/4601/3915
f 1683/4602/3916 1684/4603/3917 1682/4601/3915 1681/4600/3914
f 1624/4604/3894 1682/4601/3915 1684/4603/3917 1685/4605/3918
f 1626/786/743 1625/788/745 1682/4601/3915 1624/4604/3894
f 1624/4571/3894 1685/4606/3918 1623/4607/779 1622/4572/741
f 1685/4605/3918 1684/4603/3917 1686/4608/3919
f 1685/4606/3918 1687/4609/778 1623/4607/779
f 1618/759/718 1620/779/738 1689/4610/3920 1619/4570/3893
f 1687/4609/778 1685/4606/3918 1688/4611/833
f 1687/823/778 1689/4610/3920 1620/779/738
f 1689/4610/3920 1687/823/778 1690/4612/831
f 1689/4610/3920 1691/827/782 1619/4570/3893
f 1617/4568/3891 1619/4570/3893 1691/827/782 144/4567/3203
f 1691/827/782 1689/4610/3920 1692/825/780
f 1691/827/782 20/4613/3204 144/4567/3203
f 147/829/784 20/4613/3204 1691/827/782 1693/826/781
f 1696/4614/3921 1697/4615/3922 147/4616/784 1695/4617/783
f 1692/825/780 1005/877/830 1693/826/781
f 1693/826/781 1694/861/814 1695/828/783
f 1698/862/815 1699/830/785 1697/4618/3922 1696/4619/3921
f 1697/4615/3922 148/4620/3208 147/4616/784
f 148/3495/3208 1697/4618/3922 1699/830/785 1605/773/732
f 1606/774/733 1699/830/785 1698/862/815 1700/831/786
f 1600/770/729 1602/832/787 1701/863/816 1601/833/788
f 983/4089/3590 981/4088/3589 1708/867/820 1709/4621/794
f 1601/833/788 1703/864/817 1702/834/789
f 1704/865/818 1705/836/791 149/768/727
f 979/200/195 1705/836/791 1707/838/793
f 982/868/821 1707/838/793 1706/837/792
f 982/868/821 1708/867/820 981/4088/3589
f 984/4094/3591 983/4093/3590 1709/839/794 985/841/796
f 1713/842/797 1711/4622/3923 1735/4623/3924 1712/4624/3925
f 1714/844/799 2852/4625/3926 1711/4622/3923 1713/842/797
f 2852/4625/3926 1714/844/799 987/4098/3595 986/4097/3594
f 1716/4626/800 987/4098/3595 1714/844/799 1715/843/798
f 987/4098/3595 1716/4626/800 990/4100/801 988/4095/3592
f 993/852/806 992/424/408 1718/850/804 1720/849/803
f 991/423/407 1717/873/826 1718/850/804
f 991/423/407 1718/850/804 992/424/408
f 1717/873/826 1719/848/802 1718/850/804
f 1723/855/809 997/4105/3599 994/853/807 1722/854/808
f 997/4105/3599 995/4101/3597 994/853/807
f 998/4106/3600 997/4105/3599 1723/855/809 1000/857/811
f 1001/428/412 1000/4627/811 1725/4628/812 1726/859/813
f 1695/4617/783 1694/860/814 1726/859/813 1696/4614/3921
f 1698/862/815 1696/4619/3921 1726/4629/813 1725/858/812
f 1720/849/803 1703/864/817 1722/854/808 1721/851/805
f 1725/858/812 1724/856/810 1700/831/786
f 1700/831/786 1701/863/816 1602/832/787
f 1701/863/816 1722/854/808 1703/864/817
f 1703/864/817 1601/833/788 1701/863/816
f 1709/4621/794 1708/867/820 1728/869/822 1729/4630/823
f 1720/849/803 1719/848/802 1597/835/790
f 1704/865/818 1731/872/825 1705/836/791
f 1731/872/825 1706/837/792 1705/836/791
f 1706/837/792 1727/866/819 982/868/821
f 1728/869/822 1727/866/819 1730/871/824 1733/4631/3927
f 1733/4631/3927 1730/871/824 1717/873/826 1715/845/798
f 1704/865/818 1732/874/827 1731/872/825
f 1732/874/827 1704/865/818 1719/848/802
f 1736/876/829 1734/875/828 1712/4624/3925 1735/4623/3924
f 1733/4632/3927 1712/4624/3925 1734/875/828
f 1733/4631/3927 1734/4633/828 1729/4630/823 1728/869/822
f 1712/4624/3925 1733/4632/3927 1715/843/798 1713/842/797
f 1737/880/832 1006/4111/416 1005/4112/830 1692/878/780
f 1694/861/814 1693/826/781 1005/877/830
f 1006/436/416 1737/4634/832 1008/439/419 1007/437/417
f 1686/4608/3919 1739/4635/3928 1013/4117/3606 1738/883/834
f 1737/4634/832 1690/881/831 1008/439/419
f 1008/439/419 1688/882/833 1010/884/835
f 1013/4117/3606 1011/4114/3603 1010/884/835
f 1010/884/835 1738/883/834 1013/4117/3606
f 1015/4118/3607 1014/4116/3605 1013/4117/3606
f 1015/4118/3607 1013/4117/3606 1739/4635/3928 1740/4636/3929
f 1016/442/422 1015/4118/3607 1740/4636/3929 1017/886/837
f 1680/4599/3913 1678/821/776 1017/886/837 1740/4636/3929
f 1740/4636/3929 1739/4635/3928 1683/4602/3916
f 1017/886/837 1019/885/836 1018/443/423
f 1020/4119/3608 1019/885/836 1741/887/838 1022/889/840
f 1677/818/773 1741/887/838 1019/885/836
f 1673/4597/770 1672/896/845 1025/894/844 1742/893/843
f 1022/889/840 1023/891/842 1021/4120/3609
f 1023/895/842 1025/894/844 1024/444/424
f 1025/894/844 1027/897/846 597/445/425
f 1028/901/850 1027/897/846 1671/898/847 1031/899/848
f 1027/897/846 1028/901/850 1026/4123/3610
f 1032/4125/3612 1031/899/848 1743/4637/3930 1034/4126/3613
f 1671/898/847 1743/4637/3930 1031/899/848
f 1669/902/851 1744/4638/3931 1743/4637/3930 1671/898/847
f 1034/4126/3613 1743/4637/3930 1744/4638/3931 1036/4130/3615
f 1668/812/767 1667/4594/3910 1744/4638/3931 1669/902/851
f 1036/4130/3615 1744/4638/3931 1667/4594/3910 1038/4133/3617
f 1639/816/771 1673/815/770 1742/892/843 1675/890/841
f 1671/898/847 1672/896/845 1670/4595/3911
f 1681/4600/3914 1680/4599/3913 1740/4636/3929 1683/4602/3916
f 1675/890/841 1676/888/839 1674/4598/3912
f 1678/821/776 1680/4599/3913 1679/822/777
f 1684/4603/3917 1683/4602/3916 1739/4635/3928 1686/4608/3919
f 1686/4608/3919 1738/883/834 1688/882/833 1685/4605/3918
f 1038/4133/3617 1667/4594/3910 1665/4593/3909 1040/4137/3619
f 1690/881/831 1687/4639/778 1688/882/833
f 1690/879/831 1692/878/780 1689/4640/3920
f 1558/4520/3864 1557/4519/3863 1647/4584/3902 1559/4521/3865
f 1554/904/853 1552/743/702 1550/4517/3861
f 1560/4522/705 1559/4521/3865 1646/4583/3901 1561/4582/3866
f 1563/4524/3867 1561/4523/3866 1643/4578/3899 1562/4579/3900
f 1569/4525/3868 1630/791/748 1571/790/747 1568/752/711
f 1565/796/753 1563/4524/3867 1562/4579/3900
f 1567/795/752 1564/749/708 1565/796/753
f 1569/4525/3868 1566/750/709 1567/795/752
f 1573/4528/855 1628/784/742 1575/783/740 1435/4529/715
f 1572/907/856 1570/754/713 1571/790/747
f 1579/776/735 1615/775/734 1582/4532/3872 1580/4530/3870
f 1576/780/739 1574/757/716 1575/781/740
f 1618/759/718 1430/758/717 1576/780/739
f 1578/4527/3869 1425/676/639 1618/759/718
f 1579/776/735 1578/4527/3869 1577/4569/3892
f 1582/4532/3872 1613/4563/3888 2868/4641/3889 1583/4531/3871
f 2865/4642/3876 1584/4554/3886 1610/4557/3884 1586/4643/3873
f 1587/4540/3874 1586/4551/3873 1607/4547/3881 1589/4539/3878
f 1590/760/719 1594/909/857 1593/4548/3880 1591/761/720
f 1605/773/732 145/3493/3206 148/3495/3208
f 1604/771/730 1595/763/722 1594/909/857
f 1064/4161/3631 1063/4160/3630 1539/4644/3856 1745/4645/3932
f 1745/4646/3932 1539/4647/3856 1537/4501/3854 1746/4648/3933
f 1747/4649/3934 1745/4646/3932 1746/4648/3933 2869/4650/3935
f 1535/732/691 1533/731/690 1746/4648/3933 1537/4501/3854
f 2869/4650/3935 1746/4648/3933 1533/731/690 2864/4499/3852
f 1113/4651/3650 1748/4652/2421 1749/4653/2420 1750/4654/3936
f 1753/4655/3937 1751/1575/1472 1750/4656/3936 2391/4657/3938
f 1749/4653/2420 1752/4658/2422 1750/4654/3936
f 1754/1258/1181 1117/505/482 1751/1575/1472 1753/4655/3937
f 1762/921/867 1760/913/861 1761/1261/1182 47/919/865
f 1755/506/483 1117/505/482 1754/1258/1181
f 1755/506/483 2390/1257/1180 1756/4205/3652
f 1756/4205/3652 2389/4659/3939 1757/910/858
f 1758/911/859 2388/4660/3940 1759/912/860
f 1759/912/860 1761/1261/1182 1760/913/861
f 1760/913/861 1762/921/867 36/4661/864 1127/4662/863
f 2/4663/3941 1763/4664/3942 33/920/866 4/922/5
f 1762/921/867 33/920/866 32/4665/1830
f 1762/921/867 32/4665/1830 36/4661/864
f 1127/4662/863 1122/508/485 1760/913/861
f 1773/1327/1245 1774/933/878 1140/932/877 1772/931/876
f 33/1959/866 1763/4666/3942 34/1960/1829
f 1132/925/870 1134/924/869 1133/4667/3654
f 1134/4668/869 1135/4669/872 1133/4208/3654
f 1136/928/873 1765/4670/3943 1120/516/492
f 1765/4670/3943 1137/518/494 1120/516/492
f 1137/518/494 1765/4670/3943 1766/1267/1186
f 1767/519/495 1768/4671/3944 1769/520/496
f 1769/520/496 1770/1269/1188 1138/521/497
f 1770/1269/1188 64/929/874 1138/521/497
f 1778/1330/1248 1779/4672/3945 1777/4673/3946 1776/935/880
f 1140/932/877 1141/523/499 1112/525/501
f 1775/934/879 1776/935/880 1141/523/499
f 1776/935/880 1777/4673/3946 1142/526/502
f 1146/4674/3655 1777/4675/3946 1779/4676/3945 1780/4677/3947
f 1144/529/504 1142/528/502 1777/4675/3946 1146/4674/3655
f 2857/4219/3656 1146/4218/3655 1780/4678/3947 1147/4679/3948
f 1780/4677/3947 1779/4676/3945 1781/4680/3949
f 1782/4681/3950 2870/4682/3951 1147/4679/3948 1780/4678/3947
f 2871/4683/3952 1785/2641/2446 1786/4684/3953 1153/4685/3662
f 1785/2641/2446 2872/2640/2445 1786/4684/3953
f 1154/4231/3663 1153/4230/3662 1786/4686/3953 1156/4240/3665
f 1784/4687/3954 1787/4688/3955 1786/4686/3953 2872/4689/2445
f 1156/4240/3665 1786/4686/3953 1787/4688/3955 1158/4238/3667
f 2873/2646/2450 1788/4690/3956 1787/4688/3955 1784/4687/3954
f 1158/4238/3667 1787/4688/3955 1788/4690/3956 1160/4242/3668
f 1789/1356/1269 1790/1355/1268 1788/4690/3956 2873/2646/2450
f 1160/4242/3668 1788/4690/3956 1790/1355/1268 1791/4691/3957
f 1161/535/509 1160/4242/3668 1791/4691/3957 1162/538/512
f 1794/4692/3958 1164/541/515 1162/538/512 1793/1361/1274
f 1162/538/512 1791/4691/3957 1792/1359/1272
f 1162/538/512 1164/541/515 1163/539/513
f 1795/1365/1278 1796/4693/3959 1164/541/515 1794/4692/3958
f 1165/542/516 1796/4693/3959 1797/936/881 1166/939/883
f 1796/4693/3959 1165/542/516 1164/541/515
f 1796/4693/3959 1795/1365/1278 1797/936/881
f 1800/4694/3960 1798/937/882 1797/936/881 1799/4695/3961
f 1801/4696/3962 1169/546/520 1798/940/882 1800/4697/3960
f 1803/941/884 1801/4696/3962 1800/4697/3960 1802/1370/1283
f 1169/546/520 1801/4696/3962 1173/943/886 1171/547/521
f 1801/4696/3962 1803/941/884 1173/943/886
f 1805/944/887 1174/550/524 1173/4249/886 1804/4698/885
f 1177/4250/3670 1176/551/525 1807/4699/3963 1179/4251/3671
f 1804/4698/885 1806/4700/3964 1805/944/887
f 1805/944/887 1807/4699/3963 1176/551/525
f 1807/4699/3963 1805/944/887 1808/4701/3965
f 1807/4699/3963 1809/4702/3966 1179/4251/3671
f 1810/4703/3967 1811/4704/3968 1809/4702/3966 1807/4699/3963
f 151/3497/3209 1809/4702/3966 1811/4704/3968 152/3498/3210
f 1180/4252/3672 1179/4251/3671 1809/4702/3966 151/3497/3209
f 1813/4705/3969 1811/4704/3968 1810/4703/3967 1812/4706/3970
f 156/3504/3216 152/3498/3210 1811/4704/3968 1813/4705/3969
f 1815/4707/3971 156/3504/3216 1813/4705/3969 1814/4708/3972
f 1814/4708/3972 1813/4705/3969 1812/4706/3970 1816/4709/3973
f 1818/4710/3974 1814/4711/3972 1816/4712/3973 1817/4713/3975
f 1819/4714/3976 1820/4715/3977 1816/4709/3973 1812/4706/3970
f 1817/4713/3975 1816/4712/3973 1820/4716/3977 1821/4717/3978
f 1823/4718/3979 1817/4713/3975 1821/4717/3978 1822/4719/3980
f 1824/4720/1287 1825/4721/3981 1821/4717/3978 1820/4716/3977
f 1822/4719/3980 1821/4717/3978 1825/4721/3981 1826/4722/3982
f 1828/4723/3983 1822/4719/3980 1826/4722/3982 1827/4724/890
f 1827/947/890 1826/4725/3982 1829/4726/3984 1830/945/888
f 1826/4725/3982 1825/4727/3981 1829/4726/3984
f 1837/4728/3985 1833/949/892 1835/4729/3986 1836/952/895
f 1830/945/888 1829/4726/3984 1834/1378/1290
f 1830/945/888 1832/948/891 1831/946/889
f 1832/948/891 1830/945/888 1834/1378/1290
f 1832/948/891 1835/4729/3986 1833/949/892
f 1841/4730/3987 1842/950/893 1836/952/895 1835/4729/3986
f 1835/4729/3986 1832/948/891 1838/4731/3988
f 1836/952/895 1839/951/894 1840/1011/947
f 1846/1007/943 1843/1009/945 1844/4732/3989 1845/1005/941
f 1839/951/894 1844/4732/3989 1843/1009/945
f 1860/999/935 1857/958/901 1861/957/900 1862/1390/1302
f 1844/4732/3989 1847/1381/1293 1845/1005/941
f 1847/1381/1293 1848/4733/3990 1845/1005/941
f 1847/1381/1293 1844/4732/3989 1849/1382/1294
f 1848/4733/3990 1850/955/898 1851/1003/939
f 1850/955/898 1848/4733/3990 1852/4734/3991
f 1852/4734/3991 1853/953/896 1850/955/898
f 1852/4734/3991 1854/1386/1298 1853/953/896
f 1853/953/896 1856/1387/1299 1855/1002/938
f 1857/958/901 1858/1001/937 1855/1002/938
f 1855/1002/938 1859/956/899 1857/958/901
f 1864/1000/936 1860/999/935 1862/1390/1302 1863/4735/3992
f 1868/960/903 1870/962/905 1871/964/907 1904/993/929
f 1862/1390/1302 1865/959/902 1863/4735/3992
f 1865/959/902 1867/1391/1303 1868/960/903
f 1868/960/903 1869/1394/1306 1870/962/905
f 1877/4736/912 1880/4737/3993 1881/4738/914 1882/4739/3994
f 1870/962/905 1872/4740/3995 1873/963/906
f 1873/963/906 1874/965/908 1875/967/910
f 1875/967/910 1878/994/930 1873/963/906
f 1875/967/910 1876/966/909 1877/4736/912
f 1877/4736/912 1878/994/930 1875/967/910
f 1877/4736/912 1879/4741/911 1880/4737/3993
f 1884/4742/3996 1880/4743/3993 1879/4744/911 1883/4745/1311
f 1885/973/915 1881/972/914 1880/4746/3993 1884/4747/3996
f 1888/975/916 1885/974/915 1884/4748/3996 1887/4749/1313
f 1882/4739/3994 1881/4738/914 1900/4750/927 1901/1079/1010
f 1894/373/359 927/649/615 1376/647/613
f 1375/985/923 1895/986/924 1892/982/920
f 1892/982/920 1893/983/921 1375/985/923
f 1896/987/925 1897/1078/1009 1898/988/926
f 1898/990/926 1899/1076/1008 1900/991/927
f 1900/4750/927 1370/636/608 1901/1079/1010
f 1865/959/902 1866/961/904 1907/997/933 1863/4735/3992
f 1882/4739/3994 1901/1079/1010 1878/994/930
f 1878/994/930 1877/4736/912 1882/4739/3994
f 1902/992/928 1903/4751/3997 1904/993/929
f 1871/964/907 1873/963/906 1878/994/930
f 1904/993/929 1906/996/932 1866/961/904
f 1866/961/904 1868/960/903 1904/993/929
f 1907/997/933 1864/1000/936 1863/4735/3992
f 1860/999/935 1909/998/934 1858/1001/937 1857/958/901
f 1907/997/933 2086/1080/1011 1864/1000/936
f 1864/1000/936 1908/1081/1012 1909/998/934
f 2094/1164/1091 1915/1008/944 1846/1007/943 1914/1006/942
f 1858/1001/937 1909/998/934 1910/1082/1013
f 1912/954/897 1858/1001/937 1911/1083/1014
f 1912/954/897 1853/953/896 1855/1002/938
f 1912/954/897 1851/1003/939 1850/955/898
f 1851/1003/939 1912/954/897 1913/1004/940
f 1851/1003/939 1845/1005/941 1848/4733/3990
f 1917/4752/3998 1918/4753/3999 1837/4728/3985 1840/1011/947
f 1843/1009/945 1840/1011/947 1839/951/894
f 1840/1011/947 1837/4728/3985 1836/952/895
f 1833/949/892 1837/4728/3985 1918/4753/3999 1919/1012/948
f 1920/4754/4000 1921/4755/4001 1919/1012/948 1918/4753/3999
f 1831/946/889 1919/1012/948 1921/4755/4001 1922/4756/4002
f 1923/4757/4003 1924/4758/4004 1922/4759/4002 1921/4760/4001
f 1828/4723/3983 1922/4759/4002 1924/4758/4004 1925/4761/4005
f 1827/947/890 1831/946/889 1922/4756/4002 1828/4762/3983
f 1926/4763/4006 1927/4764/4007 1925/4761/4005 1924/4758/4004
f 1823/4718/3979 1925/4761/4005 1927/4764/4007 1928/4765/4008
f 1822/4719/3980 1828/4723/3983 1925/4761/4005 1823/4718/3979
f 1929/4766/4009 1930/4767/4010 1928/4765/4008 1927/4764/4007
f 1818/4710/3974 1928/4765/4008 1930/4767/4010 1931/4768/4011
f 1817/4713/3975 1823/4718/3979 1928/4765/4008 1818/4710/3974
f 1932/4769/4012 1933/4770/4013 1931/4771/4011 1930/4772/4010
f 1815/4707/3971 1931/4771/4011 1933/4770/4013 1934/4773/4014
f 1814/4708/3972 1818/4774/3974 1931/4771/4011 1815/4707/3971
f 1935/4775/4015 1936/4776/4016 1934/4777/4014 1933/4778/4013
f 153/4779/3215 1934/4780/4014 1936/4781/4016 154/4782/3213
f 156/3504/3216 1815/4707/3971 1934/4773/4014 153/3503/3215
f 1937/4783/4017 1938/4784/4018 1936/4776/4016 1935/4775/4015
f 154/4782/3213 1936/4781/4016 1938/4785/4018 1939/4786/4019
f 1940/4787/4020 1941/4788/1019 1939/4786/4019 1938/4785/4018
f 1943/4789/4021 1939/4790/4019 1941/1088/1019 1942/1087/1018
f 155/3502/3214 154/3501/3213 1939/4790/4019 1943/4789/4021
f 1945/4791/4022 1943/4789/4021 1942/1087/1018 1944/4792/4023
f 1185/4256/3676 155/3502/3214 1943/4789/4021 1945/4791/4022
f 1946/4793/4024 1187/4257/3677 1945/4791/4022 1944/4792/4023
f 1185/4256/3676 1945/4791/4022 1187/4257/3677 1184/554/528
f 1187/4257/3677 1946/4793/4024 1188/4258/3678 1186/555/529
f 1948/4794/4025 1188/4258/3678 1946/4793/4024 1947/4795/4026
f 1949/1014/950 1189/1013/949 1188/4258/3678 1948/4794/4025
f 1951/1094/1025 1949/1014/950 1948/4794/4025 1950/1095/1026
f 1952/1015/951 1190/557/531 1949/1014/950 1951/1094/1025
f 1954/4796/4027 1952/1015/951 1951/1094/1025 1953/1093/1024
f 1193/4260/3679 1191/558/532 1952/1015/951 1954/4796/4027
f 1956/4797/4028 1193/4260/3679 1954/4796/4027 1955/1100/1031
f 1957/4798/952 1194/4259/537 1193/4260/3679 1956/4797/4028
f 1960/4799/4029 1195/565/538 1957/1016/952 1959/4800/4030
f 1956/4797/4028 1958/4801/4031 1957/4798/952
f 754/3906/3475 1961/4802/4032 1962/1017/953 1196/566/539
f 1195/565/538 1960/4799/4029 1961/4803/4032
f 1961/4803/4032 754/4261/3475 1195/565/538
f 1965/4804/4033 1200/4263/3680 1963/1018/954 1964/4805/4034
f 1197/567/540 1963/1018/954 1200/4263/3680
f 1200/4263/3680 1198/570/543 1197/567/540
f 1966/1019/955 1201/575/548 1200/4263/3680 1965/4804/4033
f 1970/1109/1040 1968/1020/956 1966/1019/955 1969/1105/1036
f 1965/4804/4033 1967/1106/1037 1966/1019/955
f 1972/1023/959 1206/4265/3682 1971/4806/4035 2874/1021/957
f 1203/4264/3681 1971/4806/4035 1206/4265/3682 1204/578/551
f 1974/1026/962 1208/4267/3684 1972/1023/959 1973/1022/958
f 1206/4265/3682 1972/1023/959 1208/4267/3684 1205/579/552
f 1976/1024/960 1974/1026/962 1973/1022/958 1975/1111/1042
f 1207/581/554 1208/4267/3684 1974/1026/962 1210/1025/961
f 1977/4807/4036 1978/4808/4037 1210/1025/961 1976/1024/960
f 1211/4809/3685 1210/1025/961 1978/4808/4037 1979/4810/4038
f 1980/4811/4039 1981/4812/4040 1979/4813/4038 1978/4814/4037
f 1210/1025/961 1211/4809/3685 1209/4268/3683
f 1214/4272/3688 1979/4813/4038 1981/4812/4040 1982/4815/4041
f 1212/4270/3686 1211/4269/3685 1979/4813/4038 1214/4272/3688
f 1215/4273/3689 1214/4272/3688 1982/4815/4041 1216/1028/964
f 1982/4815/4041 1981/4812/4040 1983/4816/4042
f 1982/4815/4041 1984/1027/963 1216/1028/964
f 1987/4817/4043 1988/1029/965 1986/4818/4044 1984/1027/963
f 1984/1027/963 1982/4815/4041 1985/4819/4045
f 1984/1027/963 1986/4818/4044 1217/584/557
f 1220/4274/3690 1986/4818/4044 1988/1029/965 1989/1031/967
f 1218/585/558 1217/584/557 1986/4818/4044 1220/4274/3690
f 1223/1033/969 1222/4275/3691 1989/1031/967 1990/1030/966
f 1220/4274/3690 1989/1031/967 1222/4275/3691 1219/586/559
f 1994/4820/4046 1992/4821/4047 1991/1032/968 1993/1114/1045
f 1223/1033/969 1991/1032/968 1992/4821/4047
f 1223/1033/969 1221/587/560 1222/4275/3691
f 1995/4822/4048 1226/4278/3694 1992/4821/4047 1994/4820/4046
f 1223/1033/969 1992/4821/4047 1226/4278/3694 1224/4276/3692
f 1996/4823/4049 1997/4824/4050 1995/4822/4048 1994/4820/4046
f 1229/4286/3698 1995/4825/4048 1997/4826/4050 1998/4827/4051
f 1226/4278/3694 1995/4822/4048 1229/4828/3698 1227/4279/3695
f 1999/4829/4052 2000/4830/4053 1998/4827/4051 1997/4826/4050
f 1232/4831/3700 1998/4827/4051 2000/4830/4053 2001/4832/4054
f 1230/4283/3697 1229/4286/3698 1998/4827/4051 1232/4831/3700
f 2002/4833/4055 2003/4834/4056 2001/4832/4054 2000/4830/4053
f 2004/4835/4057 1235/4836/3704 2001/4832/4054 2003/4834/4056
f 1233/4837/3701 1232/4831/3700 2001/4832/4054 1235/4836/3704
f 2006/4838/4058 2004/4835/4057 2003/4834/4056 2005/1116/1047
f 2007/4839/4059 1238/4840/3707 2004/4835/4057 2006/4838/4058
f 1235/4295/3704 2004/4841/4057 1238/4298/3707 1236/4294/3703
f 2875/4842/4060 2876/4843/4061 2007/4839/4059 2006/4838/4058
f 1242/4302/3711 1240/4300/3709 2007/4844/4059 2876/4845/4061
f 1238/4298/3707 2007/4844/4059 1240/4300/3709 1239/4297/3706
f 2009/4846/4062 1246/589/562 2008/4307/3715 2877/4847/4063
f 1246/589/562 2009/4846/4062 1249/4308/3716 1247/590/563
f 2011/4848/4064 2009/4846/4062 2877/4847/4063 2010/4849/4065
f 2012/4850/4066 1249/4308/3716 2009/4846/4062 2011/4848/4064
f 1250/592/565 1249/4308/3716 2012/4850/4066 1251/4309/3717
f 2014/1122/1053 2015/1035/971 1251/4309/3717 2012/4850/4066
f 2012/4850/4066 2011/4848/4064 2013/1120/1051
f 1252/4310/3718 1251/4309/3717 2015/1035/971 2016/1034/970
f 1253/4851/3719 1252/4310/3718 2016/1034/970 1255/4852/3722
f 1255/4852/3722 2016/1034/970 2017/1036/972 2018/4853/4067
f 1254/4314/3720 1255/4316/3722 2018/4854/4067 1257/4317/3723
f 2020/4855/1058 2021/1038/974 1257/4317/3723 2018/4854/4067
f 2018/4853/4067 2017/1036/972 2019/1124/1055
f 1257/4317/3723 1260/4321/3726 1258/4318/3724
f 1260/4321/3726 1257/4317/3723 2021/1038/974 2022/1037/973
f 1261/4322/3727 1260/4321/3726 2022/1037/973 1263/4325/3729
f 1263/4325/3729 2022/1037/973 2023/1039/975 2024/4856/4068
f 1264/4326/3730 1263/4325/3729 2024/4856/4068 1266/4857/3732
f 2025/4858/4069 2026/4859/4070 2024/4856/4068 2023/1039/975
f 1266/4329/3732 2024/4860/4068 2026/4861/4070 2027/4862/4071
f 1267/4330/3733 1266/4329/3732 2027/4862/4071 1269/4332/3735
f 2028/4863/4072 2029/4864/4073 2027/4862/4071 2026/4861/4070
f 1269/4332/3735 2027/4862/4071 2029/4864/4073 2030/4865/4074
f 1270/4333/3736 1269/4332/3735 2030/4865/4074 1272/4336/3739
f 2031/4866/4075 2032/4867/4076 2030/4865/4074 2029/4864/4073
f 1272/4336/3739 2030/4865/4074 2032/4867/4076 1276/4344/3742
f 2033/4868/4077 2034/4869/4078 2032/4867/4076 2031/4866/4075
f 1276/4344/3742 2032/4867/4076 2034/4869/4078 1277/4346/3744
f 1279/4348/3746 1277/4346/3744 2034/4869/4078 2035/1040/976
f 2034/4869/4078 2033/4868/4077 2035/1040/976
f 1279/4348/3746 2035/1040/976 2037/1042/978 2038/4870/4079
f 1279/4348/3746 2038/4870/4079 1283/4351/3749 1280/4347/3745
f 2039/4871/4080 2040/4872/4081 2038/4870/4079 2037/1042/978
f 2041/4873/4082 1283/4351/3749 2038/4870/4079 2040/4872/4081
f 1283/4351/3749 2041/4873/4082 1287/4353/3751 1284/4350/3748
f 2043/4874/4083 2041/4873/4082 2040/4872/4081 2042/4875/4084
f 2044/4876/4085 1287/4353/3751 2041/4873/4082 2043/4874/4083
f 1287/4353/3751 2044/4876/4085 1292/4358/3755 1288/4352/3750
f 2046/1043/979 2044/4876/4085 2043/4874/4083 2045/1132/1063
f 2047/1045/981 1292/4358/3755 2044/4876/4085 2046/1043/979
f 1292/4358/3755 2047/1045/981 1296/4877/3757 1293/4357/3754
f 2049/1047/983 1296/4877/3757 2047/1045/981 2048/1044/980
f 1296/4878/3757 2049/4879/983 1301/4880/3763 1297/4881/3756
f 2051/4882/4086 1301/4883/3763 2049/1047/983 2050/1046/982
f 1301/4367/3763 2051/4884/4086 1304/4366/3762 1298/4363/3759
f 2053/4885/4087 2051/4882/4086 2050/1046/982 2052/4886/4088
f 2054/4887/4089 1304/4366/3762 2051/4884/4086 2053/4888/4087
f 1304/4366/3762 2054/4887/4089 1308/4373/3769 1305/4365/3761
f 2056/4889/4090 2054/4887/4089 2053/4888/4087 2055/4890/4091
f 2057/1050/986 1308/4373/3769 2054/4887/4089 2056/4889/4090
f 1308/4373/3769 2057/1050/986 1313/1049/985 1309/4372/3768
f 2058/4891/1068 2059/1048/984 2057/1050/986 2056/4889/4090
f 1314/4376/3772 1313/1049/985 2059/1048/984 1318/1053/989
f 2062/4892/4092 2063/1054/990 1318/1053/989 2061/1052/988
f 1318/1053/989 1323/1055/991 1319/4380/3776
f 2064/1141/1072 2065/1056/992 1323/1055/991 2063/1054/990
f 1323/1055/991 1327/1057/993 1324/4382/3778
f 1333/4386/3780 2068/4893/4093 2069/4894/4094 1335/606/579
f 1327/1057/993 1329/603/576 1328/601/574
f 1327/1057/993 2065/1056/992 2066/1140/1071
f 1329/603/576 1327/1057/993 2067/1143/1074
f 2067/1143/1074 1331/604/577 1329/603/576
f 1331/604/577 2067/1143/1074 2068/4893/4093
f 2068/4893/4093 1333/4386/3780 1331/604/577
f 2072/1144/1075 1344/610/583 1340/1058/994 2071/1145/1076
f 1335/606/579 2069/4894/4094 2070/4895/4095
f 2070/4895/4095 1338/607/580 1335/606/579
f 1338/607/580 2070/4895/4095 2071/4896/1076
f 2071/4896/1076 1340/4385/994 1338/607/580
f 1345/613/584 1344/1059/583 2073/1061/996 1347/614/586
f 1347/1066/586 2073/1062/996 2075/1064/998 1350/618/590
f 1370/636/608 1899/4897/1008 1372/4392/611 1371/637/609
f 2076/1067/999 1353/619/591 1350/618/590
f 1353/619/591 2077/1154/1081 1358/622/594
f 1358/622/594 1354/4390/3782 1353/619/591
f 2077/1154/1081 2078/1156/1083 1358/622/594
f 1360/1070/1002 1359/623/595 1358/622/594
f 1358/622/594 2079/1068/1000 1360/1070/1002
f 1364/1069/1001 1361/625/597 1360/1070/1002
f 1364/1069/1001 1366/1071/1003 1361/625/597
f 1367/629/601 2081/1072/1004 163/1074/1006
f 2084/1075/1007 1901/1079/1010 1370/636/608
f 1370/636/608 1900/4750/927 1899/4897/1008
f 2085/1162/1089 1904/993/929 1903/4751/3997 2082/1073/1005
f 1899/1076/1008 1898/990/926 1897/1077/1009
f 1896/989/925 1891/981/919 1895/986/924
f 1895/986/924 920/370/355 1896/989/925
f 1902/992/928 2084/1075/1007 1903/4751/3997
f 2084/1075/1007 2083/631/603 1903/4751/3997
f 1911/1083/1014 1910/1082/1013 1908/1081/1012 2089/1159/1086
f 2085/1162/1089 1905/995/931 1904/993/929
f 1905/995/931 2086/1080/1011 1906/996/932
f 2086/1080/1011 1905/995/931 2087/1161/1088
f 2086/1080/1011 2088/1160/1087 1908/1081/1012
f 1908/1081/1012 1864/1000/936 2086/1080/1011
f 1840/1011/947 1916/1010/946 2097/4898/1093 1917/4752/3998
f 2090/1084/1015 1913/1004/940 1912/954/897
f 1913/1004/940 2090/1084/1015 2091/1155/1082
f 1914/1006/942 1913/1004/940 2233/1152/1079
f 2233/1152/1079 2094/1164/1091 1914/1006/942
f 2094/1164/1091 2233/1152/1079 2093/1165/1092
f 2094/1164/1091 2095/1085/1016 1915/1008/944
f 2095/1085/1016 2094/1164/1091 2096/1163/1090
f 2095/1085/1016 2097/4898/1093 1916/1010/946
f 2097/4898/1093 2095/1085/1016 2098/4899/1094
f 2097/4898/1093 2099/4900/4096 1917/4752/3998
f 2100/1166/1078 2101/4901/4097 2099/4902/4096 2097/1167/1093
f 1920/4903/4000 2099/4902/4096 2101/4901/4097 2102/4904/4098
f 1918/4753/3999 1917/4752/3998 2099/4900/4096 1920/4754/4000
f 2103/4905/1096 2104/4906/4099 2102/4907/4098 2101/4908/4097
f 1923/4757/4003 2102/4907/4098 2104/4906/4099 2105/4909/4100
f 1921/4910/4001 1920/4903/4000 2102/4904/4098 1923/4911/4003
f 2106/4912/4101 2107/4913/4102 2105/4914/4100 2104/4915/4099
f 1926/4763/4006 2105/4909/4100 2107/4916/4102 2108/4917/4103
f 1924/4758/4004 1923/4757/4003 2105/4909/4100 1926/4763/4006
f 2109/4918/4104 2110/4919/4105 2108/4920/4103 2107/4913/4102
f 1929/4766/4009 2108/4917/4103 2110/4921/4105 2111/4922/4106
f 1927/4764/4007 1926/4763/4006 2108/4917/4103 1929/4766/4009
f 2112/4923/4107 2113/4924/4108 2111/4925/4106 2110/4926/4105
f 1932/4927/4012 2111/4925/4106 2113/4924/4108 2114/4928/4109
f 1930/4767/4010 1929/4766/4009 2111/4922/4106 1932/4929/4012
f 2115/4930/4110 2116/4931/4111 2114/4928/4109 2113/4924/4108
f 1935/4775/4015 2114/4928/4109 2116/4931/4111 1937/4783/4017
f 1933/4778/4013 1932/4927/4012 2114/4928/4109 1935/4775/4015
f 2117/4932/4112 2118/4933/4113 2116/4931/4111 2115/4930/4110
f 1937/4783/4017 2116/4931/4111 2118/4933/4113 2119/4934/4114
f 2120/4935/4115 2121/4936/4116 2119/4934/4114 2118/4933/4113
f 1940/4787/4020 2119/4937/4114 2121/4938/4116 2122/4939/4117
f 1938/4784/4018 1937/4783/4017 2119/4934/4114 1940/4940/4020
f 2123/4941/4118 2124/4942/4119 2122/4939/4117 2121/4938/4116
f 2126/1086/1017 2122/4943/4117 2124/4944/4119 2125/4945/4120
f 1941/4788/1019 1940/4787/4020 2122/4939/4117 2126/4946/1017
f 1942/1087/1018 2126/1086/1017 2125/4945/4120 2127/4947/4121
f 2128/4948/4122 1944/4792/4023 1942/1087/1018 2127/4947/4121
f 2130/1089/1020 2128/4948/4122 2127/4947/4121 2129/4949/4123
f 2131/1091/1022 1947/4795/4026 2128/4948/4122 2130/1089/1020
f 1944/4792/4023 2128/4948/4122 1947/4795/4026 1946/4793/4024
f 2133/1092/1023 1950/1095/1026 2131/1091/1022 2132/1090/1021
f 1947/4795/4026 2131/1091/1022 1950/1095/1026 1948/4794/4025
f 2137/4950/4124 2135/1097/1028 2134/1096/1027 2136/4951/4125
f 2132/1090/1021 2134/1096/1027 2133/1092/1023
f 2133/1092/1023 2135/1097/1028 1953/1093/1024
f 2138/1098/1029 1953/1093/1024 2135/1097/1028 2137/4950/4124
f 1953/1093/1024 2138/1098/1029 1955/1100/1031 1954/4796/4027
f 2141/4952/4126 2139/1099/1030 2138/1098/1029 2140/4953/4127
f 2142/4954/4128 1958/4801/4031 2139/1099/1030 2141/4952/4126
f 1955/1100/1031 2139/1099/1030 1958/4801/4031 1956/4797/4028
f 2144/4955/4129 2142/4954/4128 2141/4952/4126 2143/4956/4130
f 2145/4957/1034 1959/4958/4030 2142/4954/4128 2144/4955/4129
f 1958/4801/4031 2142/4954/4128 1959/4958/4030 1957/4798/952
f 2146/4959/4131 2147/1101/1032 2145/1103/1034 2144/4960/4129
f 1960/4799/4029 1959/4800/4030 2145/1103/1034 2148/1102/1033
f 1961/4803/4032 1960/4799/4029 2148/1102/1033 2149/4961/4132
f 1961/4803/4032 2149/4961/4132 2150/4962/4133 1962/4963/953
f 1962/1017/953 2150/4964/4133 1964/4805/4034 1963/1018/954
f 2150/4964/4133 2151/4965/4134 1964/4805/4034
f 1964/4805/4034 2151/4965/4134 1967/1106/1037 1965/4804/4033
f 2151/4965/4134 2150/4964/4133 2152/1176/1102
f 2153/4966/4135 2154/1104/1035 1967/1106/1037 2151/4965/4134
f 2158/4967/4136 2157/1110/1041 1975/1111/1042 2878/4968/4137
f 1967/1106/1037 1969/1105/1036 1966/1019/955
f 1969/1105/1036 2155/1107/1038 1970/1109/1040
f 1977/4807/4036 2157/1110/1041 2158/4967/4136 2159/4969/4138
f 1978/4808/4037 1977/4807/4036 2159/4969/4138 1980/4970/4039
f 2157/1110/1041 1977/4807/4036 1976/1024/960
f 2159/4969/4138 2158/4967/4136 2160/1181/1107
f 2161/1180/1106 2162/4971/4139 1980/4970/4039 2159/4969/4138
f 1983/4816/4042 1980/4811/4039 2162/4972/4139 2163/4973/4140
f 1982/4815/4041 1983/4816/4042 2163/4973/4140 1985/4819/4045
f 1980/4811/4039 1983/4816/4042 1981/4812/4040
f 2164/4974/4141 2165/4975/4142 1985/4819/4045 2163/4973/4140
f 1987/4817/4043 1985/4819/4045 2165/4975/4142 2166/4976/4143
f 2167/4977/4144 2168/4978/4145 2166/4976/4143 2165/4975/4142
f 1985/4819/4045 1987/4817/4043 1984/1027/963
f 2169/1112/1043 1990/1030/966 2166/4976/4143 2168/4978/4145
f 1988/1029/965 1987/4817/4043 2166/4976/4143 1990/1030/966
f 2171/1113/1044 2169/1112/1043 2168/4978/4145 2170/4979/4146
f 1993/1114/1045 2171/1113/1044 2172/4980/4147 2173/4981/4148
f 1996/4982/4049 2173/4983/4148 2174/1183/1109 2175/4984/4149
f 2173/4981/4148 2172/4980/4147 2174/4985/1109
f 1993/1114/1045 2173/4981/4148 1996/4823/4049 1994/4820/4046
f 1999/4829/4052 2175/4984/4149 2176/4986/4150 2177/4987/4151
f 2175/4984/4149 2174/1183/1109 2176/4986/4150
f 1997/4826/4050 1996/4982/4049 2175/4984/4149 1999/4829/4052
f 2178/1187/1113 2179/1186/1112 2177/4987/4151 2176/4986/4150
f 2002/4833/4055 2177/4987/4151 2179/1186/1112 2180/1117/1048
f 2000/4830/4053 1999/4829/4052 2177/4987/4151 2002/4833/4055
f 2879/1185/1111 2181/1115/1046 2180/1117/1048 2179/1186/1112
f 2003/4834/4056 2002/4833/4055 2180/1117/1048 2005/1116/1047
f 2005/1116/1047 2181/1115/1046 2875/4842/4060 2006/4838/4058
f 2014/1122/1053 2013/1120/1051 2182/1119/1050 2183/1121/1052
f 2013/1120/1051 2011/4848/4064 2010/4849/4065
f 2010/4849/4065 2880/1118/1049 2013/1120/1051
f 2013/1120/1051 2014/1122/1053 2012/4850/4066
f 2017/1036/972 2015/1035/971 2184/1125/1056 2019/1124/1055
f 2183/1121/1052 2184/1125/1056 2015/1035/971
f 2185/4988/4152 2186/1123/1054 2184/1125/1056 2183/1121/1052
f 2021/1038/974 2020/4855/1058 2188/4989/1059 2189/4990/4153
f 2019/1124/1055 2020/1127/1058 2018/4853/4067
f 2023/1039/975 2021/1038/974 2189/4990/4153 2025/4858/4069
f 2026/4859/4070 2025/4858/4069 2190/4991/4154 2028/4992/4072
f 2189/4990/4153 2190/4991/4154 2025/4858/4069
f 2191/4993/4155 2192/4994/4156 2190/4991/4154 2189/4990/4153
f 2028/4992/4072 2190/4991/4154 2192/4994/4156 2193/4995/4157
f 2029/4864/4073 2028/4863/4072 2193/4996/4157 2031/4866/4075
f 2194/4997/4158 2195/4998/4159 2193/4995/4157 2192/4994/4156
f 2031/4866/4075 2193/4996/4157 2195/4999/4159 2033/4868/4077
f 2196/1130/1061 2197/1129/1060 2195/4998/4159 2194/4997/4158
f 2033/4868/4077 2195/4999/4159 2197/5000/1060 2035/1040/976
f 2035/1040/976 2197/5000/1060 2198/5001/1062 2036/1041/977
f 2199/5002/4160 2200/5003/4161 2198/1131/1062 2196/1130/1061
f 2036/1041/977 2198/5001/1062 2200/5004/4161 2201/5005/4162
f 2037/1042/978 2036/1041/977 2201/5005/4162 2039/4871/4080
f 2146/5006/4131 2202/5007/4163 2201/5005/4162 2200/5004/4161
f 2039/4871/4080 2201/5005/4162 2202/5007/4163 2203/5008/4164
f 2040/4872/4081 2039/4871/4080 2203/5008/4164 2042/4875/4084
f 2204/5009/4165 2203/5008/4164 2202/5007/4163 2143/4956/4130
f 2205/5010/4166 2042/4875/4084 2203/5008/4164 2204/5009/4165
f 2042/4875/4084 2205/5010/4166 2045/1132/1063 2043/4874/4083
f 2206/5011/4167 2205/5010/4166 2204/5009/4165 2140/4953/4127
f 2207/1133/1064 2045/1132/1063 2205/5010/4166 2206/5011/4167
f 2136/4951/4125 2207/1133/1064 2206/5011/4167 2137/4950/4124
f 2208/1134/1065 2046/1043/979 2207/1133/1064 2136/4951/4125
f 2048/1044/980 2209/1135/1066 2052/4886/4088 2050/1046/982
f 2211/5012/4168 2209/1135/1066 2208/1134/1065 2210/1174/1100
f 2212/5013/4169 2052/4886/4088 2209/1135/1066 2211/5012/4168
f 2052/4886/4088 2212/5013/4169 2055/5014/4091 2053/4885/4087
f 2056/5015/4090 2055/5014/4091 2213/1138/1069 2058/1137/1068
f 2212/5013/4169 2213/1138/1069 2055/5014/4091
f 2214/1172/1098 2215/1136/1067 2213/1138/1069 2212/5013/4169
f 2216/5016/1099 2217/5017/4170 2058/5018/1068 2215/5019/1067
f 2058/4891/1068 2060/1051/987 2059/1048/984
f 2060/1051/987 2058/4891/1068 2217/5020/4170 2218/5021/4171
f 2061/1052/988 2060/1051/987 2218/5021/4171 2062/4892/4092
f 2123/5022/4118 2219/5023/4172 2218/5021/4171 2217/5020/4170
f 2220/5024/4173 2062/4892/4092 2218/5021/4171 2219/5023/4172
f 2063/1054/990 2062/4892/4092 2220/5024/4173 2064/1141/1072
f 2221/5025/4174 2220/5024/4173 2219/5023/4172 2120/4935/4115
f 2117/4932/4112 2222/1139/1070 2064/1141/1072 2221/5025/4174
f 2220/5024/4173 2221/5025/4174 2064/1141/1072
f 2064/1141/1072 2066/1140/1071 2065/1056/992
f 2224/5026/4175 2225/5027/4176 2067/1143/1074 2223/1142/1073
f 2066/1140/1071 2067/1143/1074 1327/1057/993
f 2068/4893/4093 2067/1143/1074 2225/5027/4176 2069/4894/4094
f 2226/5028/4177 2227/5029/4178 2069/4894/4094 2225/5027/4176
f 2070/4895/4095 2227/5029/4178 2228/5030/1095 2229/5031/1077
f 2227/5029/4178 2070/4895/4095 2069/4894/4094
f 2230/1171/1097 2072/1144/1075 2229/1146/1077 2228/1169/1095
f 2229/5031/1077 2071/4896/1076 2070/4895/4095
f 2093/1165/1092 2233/1152/1079 2075/1064/998 2096/1163/1090
f 2232/5032/4179 2074/1063/997 2231/1151/995
f 2074/1063/997 2232/5032/4179 2096/1163/1090
f 2096/1163/1090 2075/1064/998 2074/1063/997
f 1366/1071/1003 1364/1069/1001 2234/1157/1084 2089/1159/1086
f 2076/1067/999 2077/1154/1081 1353/619/591
f 2077/1154/1081 2091/1155/1082 2078/1156/1083
f 2079/1068/1000 1358/622/594 2078/1156/1083
f 2234/1157/1084 1364/1069/1001 2079/1068/1000
f 2091/1155/1082 2090/1084/1015 2234/1157/1084 2078/1156/1083
f 2081/1072/1004 1366/1071/1003 2080/1158/1085
f 2080/1158/1085 2087/1161/1088 2081/1072/1004
f 2087/1161/1088 2088/1160/1087 2086/1080/1011
f 2089/1159/1086 1908/1081/1012 2088/1160/1087
f 2098/1168/1094 2232/5033/4179 2231/5034/995 2100/1166/1078
f 2092/1153/1080 2233/1152/1079 1913/1004/940
f 2095/1085/1016 2096/1163/1090 2232/5032/4179 2098/4899/1094
f 2101/4908/4097 2100/1148/1078 2230/5035/1097 2103/4905/1096
f 2072/1147/1075 2230/5035/1097 2100/1148/1078
f 2106/4912/4101 2228/1169/1095 2227/5036/4178 2226/5037/4177
f 2104/4915/4099 2103/1170/1096 2228/1169/1095 2106/4912/4101
f 2109/4918/4104 2226/5037/4177 2225/5038/4176 2224/5039/4175
f 2107/4913/4102 2106/4912/4101 2226/5037/4177 2109/4918/4104
f 2112/4923/4107 2224/5026/4175 2223/1142/1073 2222/1139/1070
f 2110/4926/4105 2109/5040/4104 2224/5026/4175 2112/4923/4107
f 2113/4924/4108 2112/4923/4107 2222/1139/1070 2115/4930/4110
f 2222/1139/1070 2117/4932/4112 2115/4930/4110
f 2118/4933/4113 2117/4932/4112 2221/5025/4174 2120/4935/4115
f 2120/4935/4115 2219/5023/4172 2123/5022/4118 2121/4936/4116
f 2124/4942/4119 2123/4941/4118 2217/5017/4170 2216/5016/1099
f 2125/4945/4120 2124/4944/4119 2216/1173/1099 2214/1172/1098
f 2127/4947/4121 2125/4945/4120 2214/1172/1098 2129/4949/4123
f 2212/5013/4169 2211/5012/4168 2129/4949/4123 2214/1172/1098
f 2210/1174/1100 2132/1090/1021 2129/4949/4123 2211/5012/4168
f 2136/4951/4125 2134/1096/1027 2210/1174/1100 2208/1134/1065
f 2132/1090/1021 2130/1089/1020 2129/4949/4123
f 2137/4950/4124 2206/5011/4167 2140/4953/4127 2138/1098/1029
f 2140/4953/4127 2204/5009/4165 2143/4956/4130 2141/4952/4126
f 2143/4956/4130 2202/5007/4163 2146/5006/4131 2144/4955/4129
f 2147/1101/1032 2146/4959/4131 2200/5003/4161 2199/5002/4160
f 2236/5041/4180 2199/5002/4160 2196/1130/1061 2235/5042/4181
f 2148/1102/1033 2147/1101/1032 2199/5002/4160 2236/5041/4180
f 2238/5043/1103 2236/5041/4180 2235/5042/4181 2237/5044/1101
f 2149/4961/4132 2148/1102/1033 2236/5041/4180 2238/5043/1103
f 2150/4962/4133 2149/4961/4132 2238/5043/1103 2152/5045/1102
f 2270/5046/4182 2269/1188/1114 2156/1108/1039 2155/1107/1038
f 2152/1176/1102 2153/4966/4135 2151/4965/4134
f 2153/4966/4135 2152/1176/1102 2239/5047/4183
f 2153/4966/4135 2240/1178/1104 2154/1104/1035
f 2240/1178/1104 2153/4966/4135 2241/5048/4184
f 2878/4968/4137 2881/5049/4185 2160/1181/1107 2158/4967/4136
f 2242/1179/1105 2160/1181/1107 2881/5049/4185 2882/5050/4186
f 2244/5051/4187 2161/1180/1106 2242/1179/1105 2243/5052/4188
f 2160/1181/1107 2161/1180/1106 2159/4969/4138
f 2245/5053/4189 2162/4971/4139 2161/1180/1106 2244/5051/4187
f 2247/5054/4190 2245/5053/4189 2244/5051/4187 2246/5055/4191
f 2248/5056/4192 2164/4974/4141 2245/5057/4189 2247/5058/4190
f 2163/4973/4140 2162/4972/4139 2245/5057/4189 2164/4974/4141
f 199/30/30 2248/5056/4192 2247/5058/4190 200/3541/3244
f 198/29/29 2167/4977/4144 2248/5056/4192 199/30/30
f 2165/4975/4142 2164/4974/4141 2248/5056/4192 2167/4977/4144
f 200/5059/3244 2247/5054/4190 2246/5055/4191 2249/5060/4193
f 201/5061/3245 200/5059/3244 2249/5060/4193 2251/5062/4194
f 2249/5060/4193 2250/5063/4195 2251/5062/4194
f 2249/5060/4193 2252/5064/4196 2253/5065/4197 2254/5066/4198
f 2249/5060/4193 2246/5055/4191 2252/5064/4196
f 2243/5052/4188 2252/5064/4196 2246/5055/4191 2244/5051/4187
f 2883/5067/4199 2253/5065/4197 2252/5064/4196 2243/5052/4188
f 2882/5050/4186 2883/5067/4199 2243/5052/4188 2242/1179/1105
f 2257/5068/4200 2250/5063/4195 2255/5069/4201 2256/5070/4202
f 2254/5066/4198 2255/5069/4201 2250/5063/4195 2249/5060/4193
f 2258/5071/4203 2260/5072/4204 2261/5073/4205 2262/5074/4206
f 2260/5072/4204 2259/5075/4207 2261/5073/4205
f 2256/5070/4202 2258/5076/4203 2262/5077/4206 2257/5068/4200
f 2263/1182/1108 2264/5078/4208 2262/5074/4206 2261/5073/4205
f 2257/5068/4200 2262/5077/4206 2264/5079/4208 2265/5080/4209
f 2250/5063/4195 2257/5068/4200 2265/5080/4209 2251/5062/4194
f 2266/5081/4210 202/3544/3246 2265/5082/4209 2264/5083/4208
f 2251/5062/4194 2265/5080/4209 202/5084/3246 201/5061/3245
f 2267/1184/1110 2266/5085/4210 2264/5078/4208 2263/1182/1108
f 2268/5086/4211 2266/5081/4210 2267/5087/1110 2172/4980/4147
f 29/28/28 202/3544/3246 2266/5081/4210 2268/5086/4211
f 2170/4979/4146 2268/5086/4211 2172/4980/4147 2171/1113/1044
f 198/29/29 29/28/28 2268/5086/4211 2170/4979/4146
f 2176/4986/4150 2263/1182/1108 2261/5073/4205 2178/1187/1113
f 2267/5087/1110 2174/4985/1109 2172/4980/4147
f 2183/1121/1052 2182/1119/1050 2270/5046/4182 2185/4988/4152
f 2263/1182/1108 2176/4986/4150 2174/1183/1109
f 2178/1187/1113 2261/5073/4205 2259/5075/4207
f 2259/5075/4207 2879/1185/1111 2178/1187/1113
f 2269/1188/1114 2270/5046/4182 2182/1119/1050
f 2240/1178/1104 2241/5048/4184 2186/1123/1054 2185/4988/4152
f 2187/1126/1057 2186/1123/1054 2241/5048/4184 2271/1189/1115
f 2189/4990/4153 2188/4989/1059 2272/5088/4212 2191/4993/4155
f 2271/5089/1115 2272/5088/4212 2188/4989/1059
f 2237/5044/1101 2235/5042/4181 2191/4993/4155 2272/5088/4212
f 2272/5090/4212 2271/1189/1115 2239/5047/4183
f 2191/4993/4155 2194/4997/4158 2192/4994/4156
f 2194/4997/4158 2191/4993/4155 2235/5042/4181 2196/1130/1061
f 2152/1176/1102 2237/1175/1101 2272/5090/4212 2239/5047/4183
f 2153/4966/4135 2239/5047/4183 2271/1189/1115 2241/5048/4184
f 2155/1107/1038 2240/1178/1104 2185/4988/4152 2270/5046/4182
f 198/29/29 2170/4979/4146 2168/4978/4145 2167/4977/4144
f 2278/5091/1118 1378/654/620 2275/1191/1117 2277/1401/1310
f 2082/1073/1005 2081/1072/1004 2085/1162/1089
f 2082/1073/1005 1903/4751/3997 2083/631/603
f 928/382/366 1893/983/921 929/651/617
f 2274/652/618 2276/1402/1312 2275/1191/1117
f 2283/5092/4213 1380/5093/1120 2280/5094/1119 2282/5095/4214
f 2278/1192/1118 2279/1398/1309 2280/1193/1119
f 2278/5091/1118 1379/656/622 1378/654/620
f 2280/5094/1119 2281/5096/4215 2282/5095/4214
f 2285/5097/1121 2283/5092/4213 2282/5095/4214 2284/5098/4216
f 2286/5099/1123 1382/5100/3784 2283/5092/4213 2285/5097/1121
f 1380/1194/1120 2283/5101/4213 1382/4395/3784 1381/658/623
f 2288/5102/1125 1384/5103/625 2286/1197/1123 2287/1196/1122
f 1382/5100/3784 2286/5099/1123 1384/661/625 1383/660/624
f 2290/5104/4217 2288/5102/1125 2287/1196/1122 2289/1393/1305
f 1386/4399/3786 1385/4398/1124 2288/5102/1125 2290/5104/4217
f 2292/1201/1126 1386/4399/3786 2290/5104/4217 2291/5105/4218
f 1397/1208/1133 1395/665/628 2294/1204/1129 2295/1206/1131
f 1386/4399/3786 2292/1201/1126 1389/1203/1128
f 1389/1203/1128 2293/1202/1127 1392/1205/1130
f 1389/1203/1128 1387/4396/3785 1386/4399/3786
f 1392/1205/1130 1390/4400/3787 1389/1203/1128
f 1392/1205/1130 2294/1204/1129 1395/665/628 1393/664/627
f 1397/1208/1133 2297/1209/1134 1400/668/631 1398/667/630
f 1397/1208/1133 2296/1207/1132 2297/1209/1134
f 2299/1385/1297 2300/5106/4219 2298/1210/1135 2297/1209/1134
f 1401/1212/1137 2298/1210/1135 2300/5106/4219 2301/1211/1136
f 2302/1383/1295 2303/5107/4220 2301/1211/1136 2300/5106/4219
f 2298/1210/1135 1401/1212/1137 1400/668/631
f 1402/671/634 2301/1211/1136 2303/5107/4220 2304/5108/4221
f 2305/5109/4222 2306/5110/4223 2304/5108/4221 2303/5107/4220
f 1405/4409/3791 2304/5108/4221 2306/5110/4223 2307/5111/4224
f 1403/672/635 1402/671/634 2304/5108/4221 1405/4409/3791
f 2308/5112/4225 2309/5113/4226 2307/5111/4224 2306/5110/4223
f 2311/1215/1140 2307/5111/4224 2309/5113/4226 2310/1213/1138
f 1406/4410/3792 1405/4409/3791 2307/5111/4224 2311/1215/1140
f 963/4081/3584 1406/4410/3792 2311/1215/1140 1407/1214/1139
f 2315/5114/4227 2316/5115/4228 2314/1217/1142 2313/1216/1141
f 2310/1213/1138 2312/5116/4229 2313/1216/1141
f 1407/1214/1139 2314/1217/1142 2316/5115/4228 1408/4412/3794
f 2317/5117/4230 2318/5118/4231 2316/5115/4228 2315/5114/4227
f 1408/4412/3794 2316/5115/4228 2318/5118/4231 1410/4414/3796
f 2319/5119/4232 1415/4418/3800 2318/5118/4231 2317/5117/4230
f 1410/4414/3796 2318/5118/4231 1415/4418/3800 1412/4415/3797
f 1415/4418/3800 2319/5119/4232 1417/4420/3802 1416/4417/3799
f 2317/5117/4230 2320/1408/1318 2319/5119/4232
f 2321/5120/4233 1417/4420/3802 2319/5119/4232 178/1407/1317
f 2322/5121/4234 1418/4419/3801 1417/4420/3802 2321/5120/4233
f 2323/5122/4235 2324/5123/4236 1418/4419/3801 2322/5121/4234
f 2327/1559/1456 1436/1218/1143 1431/680/643 1428/4426/3808
f 2324/5123/4236 1419/4421/3803 1418/4419/3801
f 1428/4426/3808 1424/675/638 2325/4425/3807
f 2325/4425/3807 2326/1560/1457 1428/4426/3808
f 1428/4426/3808 1431/680/643 1426/678/641
f 2330/1219/1144 1436/1218/1143 2328/5124/4237 2329/1558/1455
f 2334/5125/1149 1440/1222/647 2332/1223/1147 2333/1224/1148
f 1436/1218/1143 2330/1219/1144 1439/1221/1146
f 1439/1221/1146 1433/683/646 1436/1218/1143
f 1439/1221/1146 2331/1220/1145 2332/1223/1147
f 2336/1554/1451 2334/5125/1149 2333/1224/1148 2335/1555/1452
f 2337/1226/1150 1443/685/648 2334/1225/1149 2336/5126/1451
f 1445/4431/650 2338/5127/1151 1451/4436/3813 1446/4429/3810
f 2341/1228/1152 1451/4436/3813 2338/5127/1151 2340/5128/1448
f 2337/1226/1150 2339/5129/4238 2338/1227/1151
f 1454/4440/3817 1452/4435/3812 1451/4436/3813
f 2342/1230/1154 1454/4440/3817 1451/4436/3813 2341/1228/1152
f 1454/4440/3817 2342/1230/1154 1459/4445/3822 1455/4439/3816
f 2344/1232/1156 1459/4445/3822 2342/1230/1154 2343/1229/1153
f 1459/4445/3822 2344/1232/1156 1464/4451/3825 1460/4444/3821
f 2346/1234/1158 1464/4451/3825 2344/1232/1156 2345/1231/1155
f 1464/4451/3825 2346/1234/1158 1468/1236/1160 1465/4450/3824
f 2349/1239/1162 1469/4453/3826 1468/4454/1160 2348/1237/1159
f 2346/1234/1158 2347/1233/1157 1468/1236/1160
f 1469/4453/3826 2349/1239/1162 1474/4455/3827 1470/692/655
f 1476/1241/1164 1474/4455/3827 2349/1239/1162 2350/1238/1161
f 1476/1241/1164 2351/1240/1163 1478/697/660 1477/696/659
f 1476/1241/1164 1473/693/656 1474/4455/3827
f 2359/5130/4239 1486/1245/1168 2356/1244/1167 2358/5131/4240
f 2351/1240/1163 2352/5132/4241 2353/1242/1165
f 2353/1242/1165 2354/5133/4242 2355/1243/1166
f 2356/1244/1167 2357/1539/1438 2358/5131/4240
f 1486/1245/1168 2359/5130/4239 1490/4469/3837 1487/4457/3829
f 2361/1246/1169 2359/5130/4239 2358/5131/4240 2360/5134/4243
f 2362/1248/1171 1490/4469/3837 2359/5130/4239 2361/1246/1169
f 1490/4469/3837 2362/1248/1171 1495/1249/1172 1491/4468/3836
f 2364/1250/1173 1495/1249/1172 2362/1248/1171 2363/1247/1170
f 2366/1252/1175 1496/703/666 2364/1250/1173 2365/1251/1174
f 2368/5135/4244 2366/1252/1175 2365/1251/1174 2367/1536/1435
f 1500/704/667 2366/1252/1175 2368/5135/4244 2369/5136/4245
f 1501/707/669 1500/706/667 2369/5137/4245 2884/5138/4246
f 2370/5139/4247 2371/5140/4248 2369/5136/4245 2368/5135/4244
f 2884/5138/4246 2369/5137/4245 2371/5141/4248 2372/5142/4249
f 2373/5143/1432 2374/5144/3022 2372/5145/4249 2371/5146/4248
f 1511/713/675 2375/1455/1360 2678/1454/1359 1512/715/677
f 2375/1455/1360 1511/713/675 1510/714/676
f 2385/5147/1367 2885/5148/4250 2383/5149/4251 2384/5150/1366
f 1512/715/677 2678/1454/1359 2679/5151/4252
f 2679/5151/4252 1513/711/673 1512/715/677
f 2376/1253/1176 1504/716/678 1513/711/673
f 1504/716/678 2377/1254/1177 1514/4486/3845
f 2378/1457/1362 2380/5152/4253 1516/4484/2780
f 2380/5152/4253 2378/1457/1362 2379/1458/1363
f 1753/4655/3937 2391/4657/3938 1528/726/686 1527/725/685
f 1522/5153/682 2886/5154/4254 2387/1256/1179
f 2387/1256/1179 1523/723/683 1522/5153/682
f 2388/4660/3940 1525/4493/3847 1524/1259/1178
f 1525/4493/3847 2388/4660/3940 2389/4659/3939
f 2389/4659/3939 1526/4495/3848 1525/4493/3847
f 1526/4495/3848 2390/1257/1180 1527/725/685
f 1530/729/688 1528/728/686 2391/5155/3938 2392/5156/4255
f 1750/4654/3936 1752/4658/2422 2393/5157/4256 2391/5155/3938
f 2390/1257/1180 1754/1258/1181 1753/4655/3937 1527/725/685
f 2393/5157/4256 2392/5156/4255 2391/5155/3938
f 46/7/7 45/6/6 2387/1256/1179 2886/5154/4254
f 2390/1257/1180 1526/4495/3848 2389/4659/3939
f 2389/4659/3939 1756/4205/3652 2390/1257/1180
f 1758/911/859 1757/910/858 2389/4659/3939
f 1758/911/859 2389/4659/3939 2388/4660/3940
f 2388/4660/3940 1524/1259/1178 1761/1261/1182
f 1761/1261/1182 1759/912/860 2388/4660/3940
f 1761/1261/1182 45/1260/6 47/919/865
f 1524/1259/1178 2387/5158/1179 45/1260/6
f 65/1270/1189 1770/1269/1188 1768/4671/3944 66/1273/1192
f 2394/1262/1183 2410/1280/1199 2395/1263/1184
f 2395/1264/1184 2396/1266/1185 1135/927/872
f 2396/1266/1185 2397/5159/4257 1136/928/873
f 2397/5159/4257 1765/4670/3943 1136/928/873
f 1765/4670/3943 2397/5159/4257 2398/1276/1195
f 2398/1276/1195 1766/1267/1186 1765/4670/3943
f 1766/1267/1186 1767/519/495 1137/518/494
f 1767/519/495 2399/1268/1187 1768/4671/3944
f 2399/1268/1187 2402/5160/4258 66/1273/1192 1768/4671/3944
f 1770/1269/1188 1769/520/496 1768/4671/3944
f 2400/1271/1190 66/1273/1192 2402/5160/4258
f 2402/5160/4258 2415/1284/1203 2400/1271/1190
f 2397/5159/4257 2396/1266/1185 2406/1277/1196 2398/1276/1195
f 2402/5160/4258 2399/1268/1187 2403/1274/1193
f 2403/1274/1193 2404/1285/1204 2402/5160/4258
f 2405/1275/1194 2404/1285/1204 2403/1274/1193
f 2403/1274/1193 1766/1267/1186 2405/1275/1194
f 2406/1277/1196 2407/5161/4259 2405/1275/1194
f 2408/5162/1198 2406/1277/1196 2396/1266/1185 2395/1264/1184
f 2408/5162/1198 2412/5163/1201 2407/5161/4259 2406/1277/1196
f 2411/1281/1200 2386/5164/3058 2412/1282/1201
f 2414/1283/1202 2407/5161/4259 2412/5163/1201 2413/5165/4260
f 2419/5166/4261 2420/1289/1208 2421/1291/1210 2422/5167/4262
f 2407/5161/4259 2414/1283/1202 2404/1285/1204
f 2404/1285/1204 2405/1275/1194 2407/5161/4259
f 2415/1284/1203 2416/1286/1205 2401/1288/1207
f 2415/1284/1203 2402/5160/4258 2404/1285/1204
f 2401/1288/1207 2417/1287/1206 2418/3412/3147
f 2401/1288/1207 2400/1271/1190 2415/1284/1203
f 2417/1287/1206 2420/1289/1208 2419/5166/4261
f 2446/5168/1227 2448/3055/2833 2449/1312/1230 6/1311/1228
f 2423/1293/1212 2424/1321/1239 2421/1291/1210
f 2421/1291/1210 2425/1290/1209 2423/1293/1212
f 2423/1293/1212 2427/1292/1211 2426/1294/1213
f 2430/5169/4263 2429/1296/1215 2680/1459/1364
f 2431/1297/1216 2433/1299/1218 2430/5169/4263
f 2433/1299/1218 2432/1318/1236 2430/5169/4263
f 2435/1301/1220 2458/5170/4264 2434/1298/1217
f 2435/1301/1220 2436/1300/1219 2377/1254/1177
f 2377/1254/1177 2437/1302/1221 2435/1301/1220
f 2376/1253/1176 2438/5171/4265 2437/1302/1221
f 2438/5171/4265 2376/1253/1176 2439/5172/4266
f 2438/5171/4265 2439/5172/4266 2440/5173/4267
f 2440/5173/4267 2441/1466/1371 2442/1316/1234
f 2440/5173/4267 2443/5174/1225 2441/1466/1371
f 53/1304/1223 2443/5175/1225 2445/1307/1226
f 2445/1307/1226 6/1309/1228 53/1304/1223
f 2446/5168/1227 2447/5176/4268 2448/3055/2833
f 2452/5177/1231 2451/5178/1232 2450/3058/2836 2887/3059/2837
f 52/1310/1229 2450/3058/2836 2451/5178/1232
f 2443/1306/1225 2444/1305/1224 2453/5179/4269 2441/5180/1371
f 2451/1314/1232 2444/1305/1224 52/3405/1229
f 2452/1313/1231 2453/5179/4269 2444/1305/1224
f 2444/1305/1224 53/1304/1223 52/3405/1229
f 2453/5179/4269 2452/1313/1231 2454/5181/4270
f 2418/3412/3147 2463/1322/1240 2465/1324/1242 68/3411/3146
f 2441/1466/1371 2453/5182/4269 2455/5183/4271
f 2442/1316/1234 2438/5171/4265 2440/5173/4267
f 2442/1316/1234 2437/1302/1221 2438/5171/4265
f 2433/1299/1218 2458/5170/4264 2459/1317/1235
f 2433/1299/1218 2434/1298/1217 2458/5170/4264
f 2459/1317/1235 2460/1468/1373 2432/1318/1236
f 2430/5169/4263 2432/1318/1236 2461/1319/1237
f 2461/1319/1237 2429/1296/1215 2430/5169/4263
f 2461/1319/1237 2423/1293/1212 2429/1296/1215
f 2423/1293/1212 2461/1319/1237 2424/1321/1239
f 2424/1321/1239 2462/1320/1238 2422/5167/4262
f 2422/5167/4262 2421/1291/1210 2424/1321/1239
f 2422/5167/4262 2463/1322/1240 2419/5166/4261
f 2419/5166/4261 2418/3412/3147 2417/1287/1206
f 2418/3412/3147 2419/5166/4261 2463/1322/1240
f 2418/3412/3147 67/1272/1191 2400/1271/1190
f 2418/3412/3147 2400/1271/1190 2401/1288/1207
f 2466/5184/4272 2467/5185/4273 2465/1324/1242 2464/1323/1241
f 69/3414/3149 68/3411/3146 2465/1324/1242 2467/5185/4273
f 2468/5186/4274 2469/5187/4275 2467/5185/4273 2466/5184/4272
f 2470/1493/1394 2715/1496/1397 69/3414/3149 2469/5187/4275
f 2467/5185/4273 2469/5187/4275 69/3414/3149
f 70/3413/3148 69/3414/3149 2715/1496/1397 2471/5188/4276
f 2473/5189/4277 70/3413/3148 2471/5188/4276 2472/5190/4278
f 2475/5191/4279 2473/5189/4277 2472/5190/4278 2474/1499/1400
f 70/3413/3148 2473/5189/4277 71/3415/3150
f 2476/5192/4280 71/3415/3150 2473/5189/4277 2475/5191/4279
f 2478/1328/1246 2476/5192/4280 2475/5191/4279 2477/1326/1244
f 71/3415/3150 2476/5192/4280 1771/930/875 63/1325/1243
f 2476/5192/4280 2478/1328/1246 1771/930/875
f 1772/931/876 1771/930/875 2478/1328/1246 1773/1327/1245
f 2479/1498/1399 2480/5193/4281 1773/1327/1245 2477/1326/1244
f 1774/933/878 1773/1327/1245 2480/5193/4281 2481/1329/1247
f 2482/1501/1402 2483/5194/4282 2481/1329/1247 2480/5193/4281
f 1775/934/879 2481/1329/1247 2483/5194/4282 1778/1330/1248
f 2484/5195/4283 2485/5196/4284 1778/1330/1248 2483/5194/4282
f 2487/5197/4285 2488/5198/4286 2486/5199/4287 2485/5196/4284
f 2485/5196/4284 2486/5199/4287 1778/1330/1248
f 1781/4680/3949 2486/5200/4287 2488/5201/4286 2489/5202/4288
f 1779/4676/3945 1778/5203/1248 2486/5200/4287 1781/4680/3949
f 2490/5204/4289 2491/5205/4290 2489/5202/4288 2488/5201/4286
f 1782/5206/3950 2489/5202/4288 2491/5205/4290 2492/5207/4291
f 1780/4677/3947 1781/4680/3949 2489/5202/4288 1782/5206/3950
f 2493/5208/4292 2494/5209/4293 2492/5207/4291 2491/5205/4290
f 1783/5210/4294 2492/5211/4291 2494/5212/4293 2495/5213/4295
f 2870/4682/3951 1782/4681/3950 2492/5211/4291 1783/5210/4294
f 2496/5214/4296 2888/5215/4297 2495/5213/4295 2494/5212/4293
f 2500/5216/4298 2889/5217/4299 2504/1332/1250 2499/5218/4300
f 2503/5219/4301 2499/5220/4300 2501/1336/1249 2502/1335/1252
f 2504/1332/1250 2501/1331/1249 2499/5218/4300
f 89/1350/1263 2506/1352/1265 2502/5221/1252 2507/5222/1253
f 2502/5221/1252 2506/1352/1265 111/3466/3184
f 89/1350/1263 2507/5222/1253 2509/5223/1255 90/1342/1258
f 2507/1337/1253 2505/1334/1251 2508/1338/1254
f 84/5224/3161 83/5225/3160 2509/1339/1255 2508/1338/1254
f 90/1342/1258 2509/5223/1255 83/5226/3160 2510/1340/1256
f 82/3439/3163 2511/5227/4302 2510/1345/1256 83/5228/3160
f 2512/5229/4303 2513/5230/4304 73/1343/1259 2511/5227/4302
f 2511/5227/4302 73/1343/1259 2510/1345/1256
f 2508/1348/1254 2514/1347/1262 2841/3434/3164 84/3437/3161
f 2513/5230/4304 72/3416/3151 73/1343/1259
f 2890/1346/1261 2508/1348/1254 2505/1333/1251
f 80/3438/3166 2512/5229/4303 2511/5227/4302 82/3439/3163
f 105/3460/3180 111/3466/3184 2506/1352/1265 12/1351/1264
f 106/3461/3181 105/3460/3180 12/1351/1264 2515/5231/4305
f 75/1349/1260 74/5232/3154 2515/5231/4305 91/1341/1257
f 12/1351/1264 91/1341/1257 2515/5231/4305
f 106/3461/3181 2515/5231/4305 74/5232/3154 78/5233/3157
f 114/3471/3188 2516/5234/4306 2503/5235/4301 110/3467/3185
f 2499/5220/4300 2503/5219/4301 2516/5236/4306 2500/5237/4298
f 110/3467/3185 2503/5235/4301 2502/5221/1252 111/3466/3184
f 2517/5238/4307 2518/5239/4308 2516/5236/4306 114/5240/3188
f 2500/5237/4298 2516/5236/4306 2518/5239/4308 2519/5241/4309
f 2520/5242/4310 2521/5243/4311 2519/5244/4309 2518/5245/4308
f 2498/5246/4312 2519/5244/4309 2521/5243/4311 2522/5247/4313
f 2889/5217/4299 2500/5216/4298 2519/5244/4309 2498/5246/4312
f 2891/5248/4314 2522/5247/4313 2521/5243/4311 2523/5249/4315
f 1790/1355/1268 2525/1354/1267 1792/1359/1272 1791/4691/3957
f 2525/1354/1267 2526/5250/4316 2527/1357/1270
f 2525/1354/1267 2527/1357/1270 1792/1359/1272
f 2530/5251/4317 1794/4692/3958 1793/1361/1274 2529/1360/1273
f 1792/1359/1272 2528/1358/1271 1793/1361/1274
f 1793/1361/1274 1162/538/512 1792/1359/1272
f 2531/1363/1276 2532/1362/1275 1794/4692/3958 2530/5251/4317
f 2534/1367/1280 1799/4695/3961 2533/1364/1277 2531/1363/1276
f 2532/1362/1275 1795/1365/1278 1794/4692/3958
f 1795/1365/1278 2533/1364/1277 1799/4695/3961 1797/936/881
f 2536/1369/1282 1802/5252/1283 2534/1367/1280 2535/1366/1279
f 1799/4695/3961 2534/1367/1280 1802/5252/1283 1800/4694/3960
f 2538/5253/1285 1803/941/884 2536/1371/1282 2537/5254/1281
f 2540/5255/4318 1806/5256/3964 2538/5253/1285 2539/5257/1284
f 1803/941/884 2538/5253/1285 1806/5256/3964 1804/942/885
f 2542/5258/4319 2540/5255/4318 2539/5257/1284 2541/5259/4320
f 2543/5260/4321 1808/4701/3965 2540/5261/4318 2542/5262/4319
f 1806/4700/3964 2540/5261/4318 1808/4701/3965 1805/944/887
f 1819/4714/3976 2543/5260/4321 2542/5262/4319 2544/5263/1288
f 1812/4706/3970 1810/4703/3967 2543/5260/4321 1819/4714/3976
f 1808/4701/3965 2543/5260/4321 1810/4703/3967 1807/4699/3963
f 1820/4716/3977 1819/5264/3976 2544/5265/1288 1824/4720/1287
f 2541/5259/4320 2545/5266/1286 2544/5267/1288 2542/5258/4319
f 1825/4727/3981 1824/1375/1287 2545/1374/1286 1829/4726/3984
f 1829/4726/3984 2545/1374/1286 2546/1574/1471 2547/1379/1291
f 174/3517/3227 173/3520/3230 1834/1378/1290 2561/1377/1289
f 2547/1379/1291 1834/1378/1290 1829/4726/3984
f 1834/1378/1290 173/3520/3230 1838/4731/3988 1832/948/891
f 2550/5268/4322 1838/4731/3988 2548/5269/4323 2549/1405/1315
f 173/3520/3230 172/3519/3229 2548/5269/4323
f 173/3520/3230 2548/5269/4323 1838/4731/3988
f 1841/4730/3987 1835/4729/3986 1838/4731/3988
f 2308/5112/4225 1842/950/893 1841/4730/3987 2551/5270/4324
f 1838/4731/3988 2550/5268/4322 1841/4730/3987
f 2550/5268/4322 2312/5116/4229 1841/4730/3987
f 2552/5271/4325 1839/951/894 1842/950/893 2308/5112/4225
f 1839/951/894 2552/5271/4325 1849/1382/1294 1844/4732/3989
f 2305/5109/4222 2553/1380/1292 1849/1382/1294 2552/5271/4325
f 1848/4733/3990 1847/1381/1293 2553/1380/1292 1852/4734/3991
f 1852/4734/3991 2553/1380/1292 2554/1384/1296 1854/1386/1298
f 1856/1387/1299 1854/1386/1298 2299/1385/1297 2296/1207/1132
f 1856/1387/1299 1853/953/896 1854/1386/1298
f 2291/5105/4218 2557/1392/1304 1867/1391/1303 2556/1389/1301
f 1859/956/899 1855/1002/938 1856/1387/1299
f 2295/1206/1131 2294/1204/1129 2555/1388/1300
f 2555/1388/1300 2293/1202/1127 2556/1389/1301
f 2556/1389/1301 1867/1391/1303 1862/1390/1302
f 2558/5272/4326 1872/4740/3995 2289/1393/1305 2287/1196/1122
f 1867/1391/1303 2557/1392/1304 1869/1394/1306
f 1869/1394/1306 1868/960/903 1867/1391/1303
f 1869/1394/1306 2289/1393/1305 1872/4740/3995
f 1872/4740/3995 1870/962/905 1869/1394/1306
f 1872/4740/3995 2558/5272/4326 1874/965/908 1873/963/906
f 2559/1395/1307 1874/965/908 2558/5272/4326 2284/5273/4216
f 2560/1397/1308 2559/1396/1307 2284/5274/4216 2281/5275/4215
f 1883/4745/1311 1879/4744/911 2560/5276/1308 2279/5277/1309
f 1887/1403/1313 2276/1402/1312 1890/979/918 1888/978/916
f 1883/1400/1311 2277/1399/1310 1887/4749/1313
f 1887/4749/1313 1884/4748/3996 1883/1400/1311
f 2279/5277/1309 2560/5276/1308 2281/5096/4215 2280/5094/1119
f 2276/1402/1312 2274/652/618 2273/1190/1116
f 2273/1190/1116 929/651/617 1893/983/921
f 2277/1401/1310 2275/1191/1117 2276/1402/1312
f 2279/1398/1309 2278/1192/1118 2277/1399/1310
f 2284/5273/4216 2558/5272/4326 2287/1196/1122 2285/1195/1121
f 2284/5098/4216 2282/5095/4214 2281/5096/4215
f 2289/1393/1305 2557/1392/1304 2291/5105/4218 2290/5104/4217
f 2291/5105/4218 2556/1389/1301 2293/1202/1127 2292/1201/1126
f 2300/5106/4219 2299/1385/1297 2554/1384/1296 2302/1383/1295
f 2299/1385/1297 2297/1209/1134 2296/1207/1132
f 2303/5107/4220 2302/1383/1295 2553/1380/1292 2305/5109/4222
f 2306/5110/4223 2305/5109/4222 2552/5271/4325 2308/5112/4225
f 2309/5113/4226 2551/5270/4324 2312/5116/4229 2310/1213/1138
f 2551/5270/4324 2309/5113/4226 2308/5112/4225
f 2551/5270/4324 1841/4730/3987 2312/5116/4229
f 2313/1216/1141 176/1404/1314 175/1406/1316 2315/5114/4227
f 2312/5116/4229 2550/5268/4322 2549/1405/1315
f 2549/1405/1315 2313/1216/1141 2312/5116/4229
f 2315/5114/4227 175/1406/1316 2320/1408/1318 2317/5117/4230
f 172/3519/3229 176/1404/1314 2549/1405/1315 2548/5269/4323
f 174/3517/3227 2561/1377/1289 179/3521/3231 26/3518/3228
f 2565/5278/4327 2561/1377/1289 2547/1379/1291 2546/1574/1471
f 2562/5279/4328 179/3521/3231 2561/1377/1289 2565/5278/4327
f 179/3521/3231 2562/5279/4328 2563/5280/4329 180/3522/3232
f 2566/5281/4330 2563/5280/4329 2562/5279/4328 2565/5278/4327
f 2563/5280/4329 2566/5281/4330 2567/5282/4331 2568/1565/1462
f 2570/5283/4332 2566/5281/4330 2565/5278/4327 2569/5284/4333
f 2571/5285/4334 2567/5282/4331 2566/5281/4330 2570/5283/4332
f 2567/5282/4331 2571/5285/4334 2572/5286/4335 2573/5287/4336
f 2575/5288/4337 2571/5285/4334 2570/5283/4332 2574/5289/4338
f 2576/5290/4339 2572/5286/4335 2571/5285/4334 2575/5288/4337
f 2572/5286/4335 2576/5290/4339 2577/5291/4340 2578/5292/4341
f 2579/1569/1466 2576/5290/4339 2575/5288/4337 2529/1360/1273
f 2580/5293/4342 2577/5291/4340 2576/5290/4339 2579/1569/1466
f 2577/5291/4340 2580/5293/4342 2892/5294/4343 2581/5295/4344
f 2582/1568/1465 2580/5293/4342 2579/1569/1466 2528/1358/1271
f 2893/3302/3051 2892/5294/4343 2580/5293/4342 2582/1568/1465
f 2526/5250/4316 2893/3302/3051 2582/1568/1465 2527/1357/1270
f 2586/1409/1319 2587/1412/1322 2588/5296/4345 2591/1557/1454
f 2589/5297/4346 2587/1412/1322 2585/1411/1321 2894/5298/4347
f 2592/5299/4348 2588/5296/4345 2589/5297/4346 2523/5249/4315
f 2587/1412/1322 2589/5297/4346 2588/5296/4345
f 2590/1556/1453 2591/1557/1454 2588/5296/4345
f 2593/1414/1324 2590/1556/1453 2588/5296/4345 2592/5299/4348
f 2520/5242/4310 2594/5300/4349 2593/1414/1324 2592/5299/4348
f 2517/5238/4307 2597/5301/4350 2595/5302/1325 2594/5303/4349
f 2594/5300/4349 2595/1415/1325 2593/1414/1324
f 2598/1417/1327 2596/1413/1323 2595/1415/1325 2597/5304/4350
f 112/3469/3187 2598/5305/1327 2597/5301/4350 113/3468/3186
f 2600/1419/1329 2599/1416/1326 2598/1417/1327 112/5306/3187
f 2602/5307/1330 2605/5308/4351 2606/5309/1332 2607/5310/4352
f 112/5306/3187 109/5311/3182 2600/1419/1329
f 2602/1420/1330 2603/1552/1450 2601/1418/1328
f 2602/1420/1330 2604/1421/1331 2605/5312/4351
f 2608/1525/1424 2609/1423/1333 2605/5312/4351 2604/1421/1331
f 2621/5313/4353 2619/1544/1443 2616/1433/1340 2620/1432/1339
f 2605/5312/4351 2609/1423/1333 2606/1422/1332
f 2610/5314/1335 2611/1548/1447 2606/5315/1332
f 2613/1431/1338 2614/1547/1446 2610/5314/1335
f 2610/5314/1335 2615/1429/1336 2613/1431/1338
f 2616/1433/1340 2617/1546/1445 2613/1431/1338
f 2613/1431/1338 2618/1430/1337 2616/1433/1340
f 2619/1544/1443 2621/5313/4353 2622/5316/4354 2623/1545/1444
f 2625/1435/1342 2621/5313/4353 2620/1432/1339 2624/5317/4355
f 2626/1434/1341 2622/5316/4354 2621/5313/4353 2625/1435/1342
f 2622/5318/4354 2626/5319/1341 2627/5320/4356 2628/5321/4357
f 2627/5320/4356 2626/5319/1341 2629/1438/1343 2630/1437/1344
f 2635/1540/1439 2630/1437/1344 2633/5322/4358 2634/1541/1440
f 2630/1437/1344 2631/5323/4359 2627/5320/4356
f 2632/1439/1345 2633/5322/4358 2630/1437/1344
f 2638/1542/1441 2634/1541/1440 2636/5324/4360 2637/5325/4361
f 2633/5322/4358 2636/5324/4360 2634/1541/1440
f 2639/5326/4362 2640/5327/4363 2636/5324/4360 2633/5322/4358
f 2637/5325/4361 2636/5324/4360 2640/5327/4363 2641/5328/4364
f 2643/5329/4365 2637/5325/4361 2641/5328/4364 2642/5330/4366
f 2644/5331/4367 2645/1440/1346 2641/5332/4364 2640/5333/4363
f 2646/1442/1348 2642/5334/4366 2641/5332/4364 2645/1440/1346
f 2642/5330/4366 2646/5335/1348 2647/5336/4368 2648/1538/1437
f 2653/5337/4369 2647/5338/4368 2649/1441/1347 2652/1489/1390
f 2646/1442/1348 2649/1441/1347 2647/5338/4368
f 2650/5339/4370 2651/5340/1436 2647/5338/4368
f 2654/5341/4371 2650/5339/4370 2647/5338/4368 2653/5337/4369
f 2650/5342/4370 2654/5343/4371 2655/5344/4372 2656/5345/4373
f 2658/1443/1349 2654/5341/4371 2653/5337/4369 2657/1487/1388
f 2659/5346/1351 2655/5344/4372 2654/5343/4371 2658/5347/1349
f 2655/5344/4372 2659/5346/1351 2660/5348/1353 2663/1535/1434
f 2665/5349/4374 2662/5350/4375 2660/5348/1353 2664/5351/1352
f 2659/5346/1351 2661/5352/1350 2660/5348/1353
f 2662/5350/4375 2663/1535/1434 2660/5348/1353
f 2662/5350/4375 2665/5349/4374 2666/5353/4376 2667/5354/4377
f 2669/1448/1354 2665/5349/4374 2664/5351/1352 2668/5355/1385
f 2670/1450/1356 2666/5353/4376 2665/5349/4374 2669/1448/1354
f 2666/5356/4376 2670/5357/1356 2673/1453/1358 2671/5358/4378
f 1510/5359/676 1509/5360/2773 2675/5361/2950 2676/5362/1430
f 2670/5357/1356 2672/1451/1355 2673/1453/1358
f 1510/714/676 2676/1531/1430 2677/1456/1361 2375/1455/1360
f 2378/1457/1362 1514/4486/3845 2377/1254/1177 2436/1300/1219
f 2440/5173/4267 2679/5151/4252 2678/1454/1359
f 2439/5172/4266 2376/1253/1176 1513/711/673
f 2439/5172/4266 1513/711/673 2679/5151/4252
f 2420/1289/1208 2681/5363/4379 2895/1464/1369 2425/1290/1209
f 2378/1457/1362 2434/1298/1217 2379/1458/1363
f 2379/1458/1363 2381/1460/1365 2380/5152/4253
f 2682/1463/1368 2382/5364/4380 2681/5363/4379 2420/1289/1208
f 2382/5365/4380 2682/5366/1368 2384/5150/1366 2383/5149/4251
f 2680/1459/1364 2426/1294/1213 2428/1295/1214 2381/1460/1365
f 2384/1461/1366 2682/1463/1368 2415/1284/1203
f 2443/5174/1225 2678/1454/1359 2677/1456/1361 2445/5367/1226
f 2680/1459/1364 2431/1297/1216 2430/5169/4263
f 2679/5151/4252 2440/5173/4267 2439/5172/4266
f 2678/1454/1359 2443/5174/1225 2440/5173/4267
f 2447/5176/4268 2446/5168/1227 2683/5368/1431 2675/5369/2950
f 2445/5367/1226 2677/1456/1361 2683/1532/1431
f 2683/5370/1431 2446/1308/1227 2445/1307/1226
f 2452/5177/1231 2887/3059/2837 2684/1530/1429 2685/1529/1428
f 60/3409/3144 2462/1320/1238 2461/1319/1237 54/1470/1375
f 2685/5371/1428 2454/5181/4270 2452/1313/1231
f 2454/5181/4270 2455/5372/4271 2453/5179/4269
f 2455/5372/4271 2454/5181/4270 2686/1474/1379
f 2455/5183/4271 2687/1465/1370 2441/1466/1371
f 2687/1465/1370 2456/1315/1233 2442/1316/1234
f 2456/1315/1233 2687/1465/1370 2695/5373/4381
f 2693/1467/1372 2458/5170/4264 2435/1301/1220
f 2693/1467/1372 2435/1301/1220 2457/1303/1222
f 2458/5170/4264 2693/1467/1372 2691/5374/4382
f 2459/1317/1235 2458/5170/4264 2688/5375/4383
f 2688/5375/4383 2460/1468/1373 2459/1317/1235
f 2460/1468/1373 56/11/11 55/1469/1374
f 55/1469/1374 2461/1319/1237 2432/1318/1236
f 2462/1320/1238 60/3409/3144 2463/1322/1240 2422/5167/4262
f 2694/1486/1387 2695/5373/4381 2696/1482/1384 2668/1484/1385
f 2460/1468/1373 2688/5375/4383 56/11/11
f 2688/5375/4383 2689/1471/1376 56/11/11
f 2689/1471/1376 2690/1488/1389 61/12/12
f 2689/1471/1376 2688/5375/4383 2691/5374/4382
f 2691/5374/4382 2692/5376/4384 2689/1471/1376
f 2693/1467/1372 2694/1486/1387 2691/5374/4382
f 2696/1482/1384 2686/5377/1379 2697/1483/1378
f 2686/5377/1379 2696/1482/1384 2455/5183/4271
f 2686/1474/1379 2699/5378/1380 2698/1472/1377
f 2699/1475/1380 2701/1528/1427 2700/1476/1381
f 2701/1528/1427 2699/1475/1380 2685/1529/1428
f 2703/1479/1383 2702/1478/1382 2674/1452/1357
f 2703/1480/1383 2669/1448/1354 2697/1473/1378
f 2703/1480/1383 2672/1449/1355 2669/1448/1354
f 2706/5379/4385 2707/5380/4386 62/1491/1392 2705/1490/1391
f 2694/1486/1387 2704/1485/1386 2692/5376/4384
f 2694/1486/1387 2693/1467/1372 2695/5373/4381
f 2692/5376/4384 2704/1485/1386 2690/1488/1389
f 2692/5376/4384 2691/5374/4382 2694/1486/1387
f 2704/1485/1386 2658/1443/1349 2657/1487/1388
f 2690/1488/1389 2689/1471/1376 2692/5376/4384
f 61/12/12 2652/1489/1390 62/1491/1392
f 2709/5381/4387 2707/5380/4386 2706/5379/4385 2708/5382/4388
f 2707/5380/4386 57/3407/3142 62/1491/1392
f 58/3408/3143 57/3407/3142 2707/5380/4386 2709/5381/4387
f 2468/5186/4274 2709/5381/4387 2708/5382/4388 2710/1494/1395
f 2466/5184/4272 58/3408/3143 2709/5381/4387 2468/5186/4274
f 2711/5383/4389 2712/1492/1393 2710/1494/1395 2708/5382/4388
f 2469/5187/4275 2468/5186/4274 2710/1494/1395 2470/1493/1394
f 2713/5384/4390 2714/1495/1396 2470/1493/1394 2712/1492/1393
f 2718/5385/4391 2471/5188/4276 2716/1509/1409 2717/5386/4392
f 2715/1496/1397 2716/1509/1409 2471/5188/4276
f 2720/1497/1398 2718/5385/4391 2717/5386/4392 2719/5387/4393
f 2471/5188/4276 2718/5385/4391 2472/5190/4278
f 2474/1499/1400 2472/5190/4278 2718/5385/4391 2720/1497/1398
f 2480/5193/4281 2479/1498/1399 2720/1497/1398 2482/1501/1402
f 2719/5388/4393 2721/5389/1401 2720/5390/1398
f 2722/5391/4394 2723/5392/4395 2482/5393/1402 2721/5389/1401
f 2484/5195/4283 2482/1501/1402 2723/5394/4395 2724/5395/4396
f 2725/5396/4397 2726/5397/4398 2724/5398/4396 2723/5392/4395
f 2482/1501/1402 2484/5195/4283 2483/5194/4282
f 2487/5197/4285 2724/5395/4396 2726/5399/4398 2727/5400/4399
f 2485/5196/4284 2484/5195/4283 2724/5395/4396 2487/5197/4285
f 2728/1508/1408 2729/1507/1407 2727/5401/4399 2726/5397/4398
f 2490/5204/4289 2727/5401/4399 2729/1507/1407 2730/5402/4400
f 2488/5198/4286 2487/5197/4285 2727/5400/4399 2490/5403/4289
f 2731/1506/1405 2732/5404/1404 2730/5402/4400 2729/1507/1407
f 2493/5208/4292 2730/5402/4400 2732/5404/1404 2733/5405/4401
f 2491/5205/4290 2490/5204/4289 2730/5402/4400 2493/5208/4292
f 2734/1502/1403 2735/5406/4402 2733/5407/4401 2732/1503/1404
f 2496/5214/4296 2733/5407/4401 2735/5406/4402 2736/5408/4403
f 2494/5212/4293 2493/5409/4292 2733/5407/4401 2496/5214/4296
f 2737/5410/4404 2738/5411/4405 2736/5408/4403 2735/5406/4402
f 2497/5412/4406 2736/5408/4403 2738/5411/4405 2739/3236/2995
f 2888/5215/4297 2496/5214/4296 2736/5408/4403 2497/5412/4406
f 2740/5413/4407 2741/3237/2996 2739/3236/2995 2738/5411/4405
f 76/3428/3155 2840/5414/3156 2741/3237/2996 2740/5413/4407
f 79/3429/3159 76/3428/3155 2740/5413/4407 2742/5415/4408
f 2742/5415/4408 2740/5413/4407 2738/5411/4405 2737/5410/4404
f 2744/1520/1419 79/3429/3159 2742/5415/4408 2743/1521/1420
f 2743/1521/1420 2742/5415/4408 2737/5410/4404 2745/5416/4409
f 2735/5406/4402 2734/1502/1403 2745/5416/4409 2737/5410/4404
f 2768/5417/1417 2745/5416/4409 2734/1502/1403 2746/1505/1406
f 2747/5418/4410 2731/1506/1405 2728/1508/1408 2748/5419/4411
f 2731/1504/1405 2747/5420/4410 2746/1505/1406
f 2725/5396/4397 2748/5419/4411 2728/1508/1408 2726/5397/4398
f 2748/5421/4411 2749/5422/1414 2747/5420/4410
f 2749/1514/1414 2748/5419/4411 2725/5396/4397 2750/5423/4412
f 2722/5391/4394 2750/5423/4412 2725/5396/4397 2723/5392/4395
f 2750/5423/4412 2751/5424/4413 2749/1514/1414
f 2751/5424/4413 2750/5423/4412 2722/5391/4394 2719/5388/4393
f 2752/5425/4414 2751/5424/4413 2719/5388/4393 2717/5426/4392
f 2754/5427/4415 2755/5428/1415 2752/5429/4414 2753/1511/1411
f 2719/5388/4393 2722/5391/4394 2721/5389/1401
f 2751/5424/4413 2752/5425/4414 2755/1515/1415 2749/1514/1414
f 2753/1511/1411 2752/5429/4414 2717/5386/4392 2716/1509/1409
f 2757/1527/1426 2758/5430/4416 2756/1510/1410 2714/1495/1396
f 2716/1509/1409 2715/1496/1397 2756/1510/1410
f 2753/1511/1411 2756/1510/1410 2758/5430/4416 2754/5427/4415
f 2714/1495/1396 2759/5431/1412 2629/1436/1343 2757/1527/1426
f 2714/1495/1396 2756/1510/1410 2715/1496/1397
f 2714/1495/1396 2713/5384/4390 2759/5431/1412
f 2633/5322/4358 2632/1439/1345 2760/5432/4417 2639/5326/4362
f 2759/1512/1412 2760/5432/4417 2632/1439/1345
f 2713/5433/4390 2761/5434/4418 2760/5432/4417 2759/1512/1412
f 2639/5326/4362 2760/5432/4417 2761/5434/4418 2762/5435/4419
f 2640/5327/4363 2639/5326/4362 2762/5435/4419 2644/5436/4367
f 2711/5383/4389 2763/5437/4420 2762/5438/4419 2761/5439/4418
f 2644/5331/4367 2762/5438/4419 2763/5437/4420 2764/5440/4421
f 2644/5331/4367 2764/5440/4421 2649/1441/1347 2645/1440/1346
f 2705/1490/1391 2764/5440/4421 2763/5437/4420 2706/5379/4385
f 2652/1489/1390 2649/1441/1347 2764/5440/4421 2705/1490/1391
f 2708/5382/4388 2706/5379/4385 2763/5437/4420 2711/5383/4389
f 2712/5441/1393 2711/5442/4389 2761/5434/4418 2713/5433/4390
f 2625/1435/1342 2624/5317/4355 2758/5430/4416 2757/1527/1426
f 2754/5427/4415 2758/5430/4416 2624/5317/4355 2765/5443/4422
f 2755/1515/1415 2754/5444/4415 2765/5445/4422 2767/1513/1413
f 2747/5446/4410 2767/1513/1413 2766/1517/1416 2746/1516/1406
f 2745/5416/4409 2768/5417/1417 2769/1526/1425 2743/1521/1420
f 2767/1513/1413 2747/5446/4410 2749/1514/1414
f 2770/1524/1423 2771/1519/1418 2743/1521/1420 2769/1526/1425
f 77/3426/3158 2772/1522/1421 2773/1523/1422 78/5447/3157
f 2771/1519/1418 2772/1522/1421 2744/1520/1419
f 79/3429/3159 2744/1520/1419 2772/1522/1421 77/3426/3158
f 108/5448/3183 107/5449/3178 2773/1523/1422 2771/1519/1418
f 78/5233/3157 2773/5450/1422 107/3458/3178 106/3461/3181
f 2604/1421/1331 108/5448/3183 2771/1519/1418 2608/1525/1424
f 2768/5417/1417 2766/5451/1416 2612/1424/1334 2769/1526/1425
f 2771/1519/1418 2770/1524/1423 2608/1525/1424
f 2765/5445/4422 2618/5452/1337 2615/1428/1336 2767/1513/1413
f 2618/1430/1337 2765/5443/4422 2624/5317/4355 2620/1432/1339
f 2661/1444/1350 2704/1485/1386 2668/1484/1385 2664/1446/1352
f 2657/1487/1388 2653/5337/4369 2652/1489/1390
f 2454/5181/4270 2685/5371/1428 2699/5378/1380 2686/1474/1379
f 2687/1465/1370 2455/5183/4271 2696/1482/1384 2695/5373/4381
f 2373/5143/1432 2667/5453/4377 2896/5454/4423 2374/5144/3022
f 2695/5373/4381 2693/1467/1372 2456/1315/1233
f 2691/5374/4382 2688/5375/4383 2458/5170/4264
f 2683/5455/1431 2676/5362/1430 2675/5361/2950
f 2671/5358/4378 2896/5454/4423 2667/5453/4377 2666/5356/4376
f 2667/5354/4377 2373/1533/1432 2663/1535/1434 2662/5350/4375
f 2371/5140/4248 2370/5139/4247 2774/1534/1433 2373/1533/1432
f 2775/5456/4424 2663/1535/1434 2774/1534/1433 2370/5139/4247
f 2368/5135/4244 2367/1536/1435 2775/5456/4424 2370/5139/4247
f 2651/1537/1436 2656/5345/4373 2775/5456/4424 2367/1536/1435
f 2663/1535/1434 2775/5456/4424 2656/5345/4373 2655/5344/4372
f 2360/5134/4243 2776/5457/4425 2363/1247/1170 2361/1246/1169
f 2651/1537/1436 2365/1251/1174 2648/1538/1437
f 2651/1537/1436 2650/5342/4370 2656/5345/4373
f 2648/1538/1437 2363/1247/1170 2776/5457/4425
f 2648/1538/1437 2647/5336/4368 2651/1537/1436
f 2643/5329/4365 2776/5457/4425 2360/5134/4243 2777/5458/4426
f 2648/1538/1437 2776/5457/4425 2643/5329/4365 2642/5330/4366
f 2358/5131/4240 2357/1539/1438 2777/5458/4426 2360/5134/4243
f 2638/1542/1441 2777/5458/4426 2357/1539/1438 2635/1540/1439
f 2637/5325/4361 2643/5329/4365 2777/5458/4426 2638/1542/1441
f 2354/5133/4242 2631/5323/4359 2356/1244/1167 2355/1243/1166
f 2635/1540/1439 2356/1244/1167 2631/5323/4359
f 2778/5459/4427 2628/5321/4357 2354/5133/4242 2352/5132/4241
f 2631/5323/4359 2630/1437/1344 2635/1540/1439
f 2354/5133/4242 2353/1242/1165 2352/5132/4241
f 2631/5323/4359 2354/5133/4242 2628/5321/4357 2627/5320/4356
f 2350/1238/1161 2778/5459/4427 2352/5132/4241 2351/1240/1163
f 2348/1237/1159 2623/5460/1444 2778/5459/4427 2350/1238/1161
f 2628/5321/4357 2778/5459/4427 2623/5460/1444 2622/5318/4354
f 2619/1544/1443 2779/1543/1442 2617/1546/1445 2616/1433/1340
f 2779/1543/1442 2347/1233/1157 2617/1546/1445
f 2340/5128/1448 2607/5461/4352 2611/1548/1447 2341/1228/1152
f 2617/1546/1445 2345/1231/1155 2614/1547/1446
f 2614/1547/1446 2613/1431/1338 2617/1546/1445
f 2614/1547/1446 2343/1229/1153 2611/1548/1447
f 2611/1548/1447 2610/5314/1335 2614/1547/1446
f 2607/5310/4352 2340/1549/1448 2603/1551/1450 2602/5307/1330
f 2607/5461/4352 2606/5315/1332 2611/1548/1447
f 2339/5129/4238 2780/1550/1449 2340/1549/1448 2338/1227/1151
f 2336/1554/1451 2601/1418/1328 2780/1553/1449 2339/5462/4238
f 2599/1416/1326 2335/1555/1452 2593/1414/1324 2596/1413/1323
f 2339/5129/4238 2337/1226/1150 2336/5126/1451
f 2329/1558/1455 2591/1557/1454 2331/1220/1145 2330/1219/1144
f 2327/1559/1456 2586/1409/1319 2329/1558/1455 2328/5124/4237
f 2586/1409/1319 2327/1559/1456 2584/1561/1458 2583/1410/1320
f 2328/5124/4237 1436/1218/1143 2327/1559/1456
f 2782/5463/4428 2578/5292/4341 2781/5464/4429 2897/3292/3041
f 2327/1559/1456 1428/4426/3808 2326/1560/1457
f 2581/5295/4344 2781/5464/4429 2578/5292/4341 2577/5291/4340
f 2783/1562/1459 2782/5463/4428 2897/3292/3041 2788/5465/4430
f 2784/1564/1461 2573/5287/4336 2782/5463/4428 2783/1562/1459
f 2578/5292/4341 2782/5463/4428 2573/5287/4336 2572/5286/4335
f 2573/5287/4336 2784/1564/1461 2568/1565/1462 2567/5282/4331
f 177/1567/1464 180/3522/3232 2785/1563/1460 2786/1566/1463
f 2568/1565/1462 2785/1563/1460 180/3522/3232 2563/5280/4329
f 2783/1562/1459 2787/5466/4431 2786/1566/1463 2785/1563/1460
f 2786/1566/1463 2321/5120/4233 178/1407/1317
f 2321/5120/4233 2786/1566/1463 2787/5466/4431 2322/5121/4234
f 2788/5465/4430 2789/5467/4432 2787/5466/4431 2783/1562/1459
f 2322/5121/4234 2787/5466/4431 2789/5467/4432 2323/5122/4235
f 108/5448/3183 2604/1421/1331 2600/1419/1329 109/5311/3182
f 114/5240/3188 113/3468/3186 2597/5301/4350 2517/5238/4307
f 2518/5245/4308 2517/5468/4307 2594/5300/4349 2520/5242/4310
f 2521/5243/4311 2520/5242/4310 2592/5299/4348 2523/5249/4315
f 2523/5249/4315 2589/5297/4346 2894/5298/4347 2891/5248/4314
f 2574/5289/4338 2790/5469/4433 2529/1360/1273 2575/5288/4337
f 2530/5251/4317 2790/5469/4433 2791/1570/1467 2531/1363/1276
f 2790/5469/4433 2530/5251/4317 2529/1360/1273
f 2790/5469/4433 2574/5289/4338 2791/1570/1467
f 2545/1374/1286 2541/5470/4320 2793/1572/1469 2546/1574/1471
f 2791/1570/1467 2569/5284/4333 2792/1571/1468
f 2537/1368/1281 2793/1572/1469 2541/5470/4320 2539/1372/1284
f 2564/1573/1470 2792/1571/1468 2569/5284/4333 2565/5278/4327
f 2564/1573/1470 2565/5278/4327 2546/1574/1471
f 2569/5284/4333 2791/1570/1467 2574/5289/4338 2570/5283/4332
f 2474/1499/1400 2479/1498/1399 2477/1326/1244 2475/5191/4279
f 58/3408/3143 2466/5184/4272 2464/1323/1241 59/3406/3141
f 60/3409/3144 59/3406/3141 2464/1323/1241 2463/1322/1240
f 2885/5148/4250 2385/5147/1367 2413/5471/4260 2386/5164/3058
f 2414/1283/1202 2413/5165/4260 2385/1462/1367
f 1151/4224/3660 1150/4227/3661 2871/4683/3952 1153/4685/3662
f 2413/5471/4260 2412/1282/1201 2386/5164/3058
f 178/1407/1317 2319/5119/4232 2320/1408/1318
f 1111/502/479 1114/4204/3651 1751/1575/1472 1115/503/480
f 1124/507/484 1121/509/486 1757/910/858
f 1757/910/858 1121/509/486 1119/517/493
f 1119/517/493 1756/4205/3652 1757/910/858
f 1750/4656/3936 1751/1575/1472 1114/4204/3651 1113/4203/3650
f 1109/500/477 1108/499/476 1748/4652/2421 1113/4651/3650
f 1113/4203/3650 1114/4204/3651 1110/4202/3649
f 1745/5472/3932 1747/5473/3934 1065/4165/3633 1064/4164/3631
f 94/3449/3172 1479/4456/3828 1482/4459/3831 95/3452/3175
f 1507/4481/674 5/3403/8 48/3402/3140
f 1505/5474/670 49/5475/3139 51/5476/10
f 1355/621/593 1357/624/596 2796/5477/4434 1356/4391/3783
f 164/630/602 914/633/605 2794/1622/1516
f 2794/1622/1516 913/1621/1515 164/630/602
f 164/630/602 913/1621/1515 1368/627/599
f 1368/627/599 913/1621/1515 1365/1578/1475
f 1365/1578/1475 1363/628/600 1368/627/599
f 1363/628/600 1362/626/598 1361/625/597
f 1362/626/598 1357/624/596 1359/623/595
f 2796/5477/4434 1357/624/596 2797/1624/1518
f 2799/1626/1520 1356/5478/3783 2796/5479/4434 2798/1627/1521
f 1351/5480/592 1356/5478/3783 2799/1626/1520 1352/5481/3781
f 2800/1625/1519 2801/5482/4435 1352/5481/3781 2799/1626/1520
f 1356/4391/3783 1351/620/592 1354/4390/3782
f 2804/5483/4436 2802/5484/4437 2801/5485/4435 2803/5486/4438
f 2801/5482/4435 2802/5487/4437 1352/5481/3781
f 2805/1582/1477 1346/1581/588 2802/5484/4437 2804/5483/4436
f 1352/5481/3781 2802/5487/4437 1346/616/588 1349/617/589
f 2807/1583/1478 2805/1582/1477 2804/5483/4436 2806/1617/1511
f 1343/1585/1480 1342/1580/585 2805/1582/1477 2807/1583/1478
f 2813/1611/1505 2815/5488/4439 1326/599/572 2812/1612/1506
f 1343/1585/1480 2808/1584/1479 1339/1628/1522
f 1339/1628/1522 1336/4384/3779 1343/1585/1480
f 1337/1586/1481 1336/4384/3779 1339/1628/1522
f 1337/1586/1481 2809/1614/1508 2810/1587/1482
f 2810/1587/1482 1330/602/575 1332/605/578
f 1330/602/575 2811/1588/1483 2812/1612/1506
f 2812/1612/1506 1326/599/572 1330/602/575
f 1317/4378/3774 2815/5488/4439 2814/5489/4440 2817/1590/1485
f 2815/5488/4439 1322/1589/1484 1326/599/572
f 1316/4379/3775 1322/1589/1484 2815/5488/4439 1317/4378/3774
f 2818/1591/1486 2817/1590/1485 2814/5489/4440 2816/1608/1502
f 1317/4378/3774 2817/1590/1485 1312/1592/1487 1311/4375/3771
f 1312/1592/1487 2818/1591/1486 1303/4369/3765 1302/4368/3764
f 2821/1593/1488 1303/4369/3765 2818/1591/1486 2820/1604/1498
f 2825/5490/4441 1291/1598/1493 2823/1596/1491 2824/5491/1496
f 1303/4369/3765 2821/1593/1488 1300/1595/1490
f 1300/1595/1490 1299/4364/3760 1303/4369/3765
f 1300/1595/1490 2822/1594/1489 1295/1597/1492
f 1295/1597/1492 1294/4362/3758 1300/1595/1490
f 1295/1597/1492 2823/1596/1491 1291/1598/1493
f 1291/1598/1493 1290/4356/3753 1295/1597/1492
f 194/3538/3243 197/3540/1494 1291/5492/1493 2825/5493/4441
f 2827/5494/4442 2825/5493/4441 2824/1602/1496 2826/1601/1495
f 195/3535/3241 194/3538/3243 2825/5493/4441 2827/5494/4442
f 2828/5495/4443 2827/5494/4442 2826/1601/1495 872/5496/3556
f 195/3535/3241 2827/5494/4442 2828/5495/4443 859/5497/3543
f 863/5498/3547 2828/5499/4443 872/4019/3556 869/4018/3552
f 859/4003/3543 2828/5499/4443 863/5498/3547 860/4002/3542
f 872/5496/3556 2826/1601/1495 876/1603/1497 873/4027/3555
f 876/1603/1497 2824/1602/1496 880/4033/3563 877/4025/3559
f 2821/1593/1488 880/5500/3563 2829/1629/1523 2822/1594/1489
f 2824/5491/1496 2823/1596/1491 2829/1629/1523
f 2824/5491/1496 2829/1629/1523 880/5500/3563
f 883/1605/1499 881/4035/3562 880/5500/3563
f 888/1609/1503 886/1638/1531 885/1607/1501 2819/1606/1500
f 880/5500/3563 2821/1593/1488 883/1605/1499
f 885/1607/1501 882/346/335 883/1605/1499
f 883/1605/1499 2820/1604/1498 885/1607/1501
f 893/4036/3564 891/351/340 2812/1612/1506 2811/1588/1483
f 889/4037/3565 411/3672/3342 2816/1608/1502
f 2816/1608/1502 2814/5489/4440 889/4037/3565
f 890/1613/1507 416/130/127 889/4037/3565
f 889/4037/3565 2813/1611/1505 890/1613/1507
f 2809/1614/1508 893/4036/3564 2811/1588/1483 2810/1587/1482
f 893/4036/3564 2809/1614/1508 895/1615/1509 894/352/341
f 2830/5501/4444 900/1618/1512 2806/1617/1511 2803/5486/4438
f 897/1616/1510 894/352/341 895/1615/1509
f 895/1615/1509 2808/1584/1479 897/1616/1510
f 899/1620/1514 896/353/342 897/1616/1510
f 897/1616/1510 2806/1617/1511 899/1620/1514
f 899/1620/1514 2806/1617/1511 900/1618/1512
f 902/4043/3567 2830/5502/4444 2800/5503/1519 2831/5504/4445
f 2830/5501/4444 902/4041/3567 900/1618/1512
f 2798/1627/1521 2832/5505/4446 2831/5506/4445 2800/1625/1519
f 2831/5504/4445 904/4042/3568 902/4043/3567
f 904/5507/3568 2831/5506/4445 2832/5505/4446 2833/5508/4447
f 905/4045/343 904/5507/3568 2833/5508/4447 906/4046/3569
f 906/4046/3569 2833/5508/4447 2797/5509/1518 2834/5510/1517
f 2833/5508/4447 2832/5505/4446 2797/5509/1518
f 2796/5477/4434 2797/1624/1518 2832/5511/4446 2798/5512/1521
f 2834/5510/1517 908/4048/347 906/4046/3569
f 2834/1623/1517 2797/1624/1518 1362/626/598
f 908/358/347 2834/1623/1517 2795/1579/1476
f 908/358/347 2795/1579/1476 910/359/348
f 913/1621/1515 450/154/149 912/360/349
f 2800/5503/1519 2830/5502/4444 2803/5513/4438 2801/5514/4435
f 2813/1611/1505 889/4037/3565 2814/5489/4440 2815/5488/4439
f 2806/1617/1511 2804/5483/4436 2803/5486/4438
f 2809/1614/1508 1337/1586/1481 1339/1628/1522
f 193/3531/3237 1282/596/569 1286/595/568 197/5515/1494
f 2819/1606/1500 2818/1591/1486 2816/1608/1502
f 2820/1604/1498 2818/1591/1486 2819/1606/1500
f 155/3502/3214 1185/4256/3676 1183/4255/3675 22/3499/3211
f 1069/5516/3634 2835/5517/4448 2836/3379/3124 1071/5518/1524
f 1068/474/451 1067/473/450 2835/5517/4448 1069/5516/3634
f 2838/5519/4449 1077/5520/3636 1073/5521/454 2837/3378/3123
f 1071/5518/1524 2836/3379/3124 2837/3378/3123
f 2837/3378/3123 1073/5521/454 1071/5518/1524
f 1080/483/460 1078/4175/3635 1077/5522/3636 2838/5523/4449
f 1103/4197/3648 1084/5524/3638 2898/5525/4450 2856/4196/3647
f 1082/4178/3637 2898/5525/4450 1084/5524/3638 695/4179/463
f 1100/1633/1526 1085/1632/1525 1103/5526/3648 1101/4188/3641
f 1084/4180/3638 1103/5526/3648 1085/1632/1525 1083/487/464
f 1088/495/472 1086/1631/465 1100/1633/1526 1098/496/473
f 1074/478/455 1073/477/454 1077/5527/3636 1075/5528/456
f 438/3680/3346 437/4044/1527 907/4047/3570 441/3681/3347
f 450/154/149 445/149/145 447/153/148
f 428/139/136 429/138/135 901/4038/3566 431/3675/3345
f 397/3668/3339 396/4030/3338 879/4031/3561 401/1641/1533
f 898/1619/1513 429/138/135 426/1636/1529
f 420/350/339 418/133/130 417/131/128
f 413/3673/3343 416/130/127 412/177/172
f 411/3672/3342 413/3673/3343 409/126/123
f 887/1610/1504 411/3672/3342 410/128/125
f 392/3658/3334 391/3657/3333 875/4024/3558 396/3662/3338
f 384/3648/3326 387/3655/3332 871/4015/3554 391/5529/3333
f 380/3646/3324 383/3650/3328 868/4012/3551 387/3655/3332
f 377/3643/3321 372/3639/3317 866/4010/3549 383/3650/3328
f 369/3636/3314 862/4006/3545 370/121/118 368/120/117
f 196/3536/3242 195/3535/3241 859/5497/3543 856/5530/3539
f 366/3634/3312 858/4001/3541 369/3636/3314 367/3633/3311
f 365/3635/3313 855/3995/3538 366/3634/3312 364/119/116
f 196/3536/3242 853/5531/3535 852/4340/3536 28/3537/3238
f 362/3632/1534 851/3993/3534 365/3635/3313 363/118/115
f 358/113/110 843/3982/3527 361/1643/1535 359/3630/113
f 352/3627/3309 831/3972/3517 355/1646/1538 353/3626/3308
f 344/111/108 343/108/105 823/342/332 346/341/331
f 349/344/334 352/3627/3309 350/3624/3306
f 346/345/331 349/344/334 347/3622/3304
f 341/3617/3302 340/1648/1540 818/339/329 342/338/328
f 336/3615/3300 811/3956/3508 339/1649/1541 337/3614/3299
f 335/3616/3301 807/3950/3504 336/3615/3300 334/104/101
f 332/99/96 804/3948/3500 335/3616/3301 333/100/97
f 85/3445/3170 103/15/15 653/1651/1543 86/3442/3167
f 331/330/320 328/97/94 329/331/321
f 86/3442/3167 653/1651/1543 652/5532/3428 651/5533/3427
f 128/3862/1547 604/5534/1546 603/3797/3409 129/3478/3193
f 130/3479/3194 129/3478/3193 608/3799/3412
f 171/3515/3226 529/3748/3380 528/3750/3382 168/3513/3224
f 596/3791/3406 139/3482/3197 138/3484/3199
f 535/420/404 533/3756/3385 524/421/405
f 2899/1661/1553 2845/3741/3374 520/3739/3372 40/1662/403
f 468/3702/161 472/3707/3355 470/3710/3353 469/3703/3352
f 2/5535/3941 4/5/5 46/7/7 2886/5154/4254
f 1/1659/1551 34/1960/1829 2929/5536/4451 2928/5537/4452
f 31/2625/491 1/5538/1551 2928/5539/4452 2930/2623/2432
f 2933/5540/1555 3/5541/3 2935/5542/3138 2934/5543/1958
f 49/5544/3139 2901/5545/4453 2939/5546/2229 48/5547/3140
f 2940/5548/2230 2939/5546/2229 2901/5545/4453
f 2943/5549/4454 2903/1677/1562 2945/5550/4455 2944/5551/4456
f 2449/1312/1230 2448/3055/2833 2902/3057/2835
f 2945/5550/4455 2903/1677/1562 2941/1676/1561 2946/5552/4457
f 2947/1678/1563 2903/1677/1562 2943/5549/4454 2948/5553/4458
f 2949/5554/4459 2904/5555/4460 2951/3018/2801 2950/3313/3062
f 2951/3018/2801 2904/5555/4460 2952/3021/2804 5190/3019/2802
f 2952/3021/2804 2904/5555/4460 2954/5556/4461 2953/5557/4462
f 2954/5556/4461 2904/5555/4460 2956/5558/4463 2955/5559/4464
f 2956/5558/4463 2904/5555/4460 2949/5554/4459 2957/5560/4465
f 2958/3098/2873 2905/5561/4466 2839/5562/3152 72/5563/3151
f 2959/5564/4467 2905/5565/4466 2958/5566/2873 2960/5567/2872
f 2839/3422/3152 2905/5568/4466 2961/5569/4468 2840/3423/3156
f 2905/5565/4466 2959/5564/4467 2963/5570/4469 2962/5571/4470
f 2961/5569/4468 2905/5568/4466 2962/5572/4470 2964/5573/4471
f 2906/5574/4472 2967/5575/4473 2966/5576/4474 2965/5577/4475
f 2906/5578/4472 81/3435/3165 2841/3434/3164 2967/5579/4473
f 2906/5574/4472 2965/5577/4475 80/5580/3166 81/5581/3165
f 2907/5582/4476 2968/5583/3134 2970/2139/1994 2969/2138/1993
f 2971/3093/2869 2908/5584/4477 2973/5585/4478 2972/5586/4479
f 2974/5587/4480 2909/5588/1566 2976/5589/4481 2975/2387/2222
f 2976/5590/4481 2909/5591/1566 2978/5592/1565 2977/5593/4482
f 2909/5594/1566 2974/5595/4480 2981/5596/2255 2980/5597/2254
f 2979/5598/1564 2909/5599/1566 2980/5600/2254 2982/2425/2253
f 2986/5601/4483 2910/5602/4484 2988/5603/4485 2987/5604/4486
f 2988/5605/4485 2910/5606/4484 2990/5607/4487 2989/5608/4488
f 2991/5609/4489 2910/5602/4484 2986/5601/4483 2992/3092/2868
f 2990/5607/4487 2910/5606/4484 2994/5610/4490 2993/5611/4491
f 2994/5612/4490 2910/5602/4484 2991/5609/4489 2995/5613/4492
f 2911/1684/1569 2985/1685/1570 2997/2142/1997 2996/1686/1571
f 2984/1682/1567 2911/1684/1569 2998/1687/1572 2999/2129/1987
f 3000/5614/1575 2912/5615/1574 3002/5616/4493 3001/5617/4494
f 3005/5618/4495 2913/1693/1578 3007/1692/1577 3006/5619/4496
f 3004/5620/4497 3002/5616/4493 2912/5615/1574
f 2913/1693/1578 3005/5618/4495 3011/1904/1778 3010/1694/1579
f 3009/1695/1580 3008/1691/1576 2913/1693/1578
f 2914/5621/4498 3015/5622/4499 3014/1953/1823 3013/5623/4500
f 3015/5622/4499 2914/5621/4498 3012/5624/4501 3016/5625/4502
f 3017/5626/4503 2915/5627/4504 3019/5628/4505 3018/5629/4506
f 3019/5628/4505 2915/5627/4504 3021/5630/4507 3020/5631/4508
f 3022/5632/4509 2915/5633/4504 3024/5634/4510 3023/1964/1833
f 2915/5633/4504 3017/5635/4503 3025/5636/4511 3024/5634/4510
f 2915/5633/4504 3022/5632/4509 3026/5637/4512 3021/5638/4507
f 2916/5639/4513 3029/5640/4514 3028/5641/4515 3027/5642/4516
f 3030/5643/4517 2916/5644/4513 3027/5645/4516 3031/5646/4518
f 2916/5644/4513 3030/5643/4517 3033/5647/4519 3032/5648/4520
f 2918/3376/3121 3039/5649/4521 3038/5650/4522 3037/5651/4523
f 3036/1697/1582 2917/2456/2280 3035/1698/1583
f 2918/3376/3121 3042/3377/3122 3041/5652/4524 3040/5653/4525
f 3039/5649/4521 2918/3376/3121 3040/5653/4525 3043/2661/2465
f 2922/5654/4526 3050/5655/4527 3049/5656/4528 3048/5657/4529
f 3051/5658/4530 2922/5654/4526 3048/5657/4529 3052/5659/4531
f 2922/5660/4526 3051/5661/4530 3053/5662/4532 3617/1978/1846
f 3054/5663/4533 2923/5664/4534 3056/5665/4535 3055/5666/4536
f 3057/3147/2920 2923/5664/4534 3054/5663/4533 3058/2943/2733
f 3060/5667/4537 2923/5664/4534 3059/5668/4538 3061/5669/4539
f 3057/3147/2920 3059/5668/4538 2923/5664/4534
f 2924/1704/1589 3064/1703/1588 3063/1856/1734 3062/5670/4540
f 3066/5671/4541 2924/1704/1589 3062/5670/4540 3067/5672/4542
f 3065/1702/1587 2924/1704/1589 3069/5673/4543 3068/1743/1627
f 2924/1704/1589 3066/5671/4541 3070/5674/4544 3069/5673/4543
f 3071/2281/2122 2925/5675/4545 3073/3373/3118 3072/2279/2120
f 2925/5675/4545 3076/5676/4546 3075/5677/4547 3074/5678/4548
f 3073/3373/3118 2925/5675/4545 3074/5678/4548 3077/3374/3119
f 2926/5679/4549 3080/5680/4550 3079/5681/4551 3078/2908/2701
f 2927/1706/1591 3084/5682/4552 3083/1766/1649 3204/1707/1592
f 3081/5683/2698 3080/5680/4550 2926/5679/4549
f 3078/2908/2701 3082/2910/2703 2926/5679/4549
f 3084/5682/4552 2927/1706/1591 3089/5684/4553 3088/1770/1653
f 3087/1767/1650 3086/5685/4554 3084/5686/4552
f 2927/1706/1591 3085/1705/1590 3090/1709/1594 3089/5684/4553
f 3095/1714/1599 3094/1713/1598 3092/1710/1595 3096/1760/1643
f 3094/1713/1598 3093/1711/1596 3092/1710/1595
f 3100/1718/1603 3197/1715/1600 3102/5687/4555 3101/1716/1601
f 3094/1713/1598 3097/1773/1656 3093/1711/1596
f 3098/1712/1597 3099/1776/1659 3094/1713/1598
f 3197/1715/1600 3100/1718/1603 3098/1712/1597
f 3100/1718/1603 3104/1717/1602 3103/1777/1660 3098/1712/1597
f 3101/1716/1601 3107/5688/4556 3106/1779/1662 3104/1717/1602
f 3107/5688/4556 3101/1716/1601 3105/5689/4557 3108/5690/4558
f 3108/5690/4558 3105/5689/4557 3110/5691/1638 3109/5692/1606
f 3108/5690/4558 3112/5693/4559 3111/5694/4560 3107/5688/4556
f 3112/5693/4559 3108/5690/4558 3109/5692/1606 3113/5695/1605
f 3113/5695/1605 3116/5696/4561 3115/5697/4562 3112/5693/4559
f 3116/5698/4561 3113/1720/1605 3114/1719/1604 3117/1723/1608
f 3117/1723/1608 3120/5699/4563 3119/5700/4564 3116/5698/4561
f 3117/1723/1608 3118/1722/1607 3121/5701/4565 3120/5699/4563
f 3122/5702/4566 3121/5701/4565 3118/1722/1607 3123/5703/4567
f 3120/5699/4563 3121/5701/4565 3125/5704/4568 3124/5705/4569
f 3121/5701/4565 3122/5702/4566 3126/5706/4570 3125/5704/4568
f 3127/5707/4571 3126/5706/4570 3122/5702/4566 3128/5708/4572
f 3125/5704/4568 3126/5706/4570 3130/1725/1610 3129/1780/1663
f 3126/5706/4570 3127/5707/4571 3131/1726/1611 3130/1725/1610
f 3132/5709/4573 3131/5710/1611 3127/5711/4571 3133/5712/4574
f 3131/5710/1611 3132/5709/4573 3135/1729/1613 3134/1728/1609
f 3135/1729/1613 3132/5709/4573 3137/5713/4575 3136/1730/1614
f 3138/1727/1612 3139/1731/1615 3142/1734/1618 3141/1733/1617
f 3141/1733/1617 3140/1785/1667 3138/1727/1612
f 3143/1736/1620 3142/1734/1618 3139/1731/1615 3144/5714/4576
f 3146/1738/1622 3148/5715/4577 3151/5716/4578 3150/1737/1621
f 3143/1736/1620 3145/1732/1616 3142/1734/1618
f 3146/1738/1622 3147/1735/1619 3143/1736/1620
f 3146/1738/1622 3149/5717/1636 3148/5715/4577
f 3151/5718/4578 3148/5719/4577 3153/1750/1634 3152/1740/1624
f 3068/1743/1627 3156/1739/1623 3154/1741/1625 3157/5720/4579
f 3152/1740/1624 3155/5721/4580 3151/5718/4578
f 3152/1740/1624 3156/1739/1623 3069/5673/4543 3070/5674/4544
f 279/1861/66 280/5722/68 3162/5723/1630 3161/5724/1739
f 3068/1743/1627 3069/5673/4543 3156/1739/1623
f 3157/5720/4579 3159/5725/4581 3158/1744/1628
f 3158/1744/1628 3068/1743/1627 3157/5720/4579
f 277/64/63 3160/1742/1626 3158/1744/1628
f 3165/5726/1631 3162/5723/1630 280/5722/68 284/5727/3277
f 3164/1745/1629 3163/1866/1741 3162/1746/1630
f 276/72/71 3159/5725/4581 3167/5728/4582 286/3581/3276
f 284/5727/3277 3166/5729/1745 3165/5726/1631
f 3159/5725/4581 276/72/71 277/64/63 3158/1744/1628
f 286/3581/3276 3167/5728/4582 3168/1981/1849 2842/313/304
f 3169/5730/4583 3167/5728/4582 3159/5725/4581 3157/5720/4579
f 3169/5730/4583 3168/1981/1849 3167/5728/4582
f 3170/1749/1633 3169/5730/4583 3157/5720/4579 3154/1741/1625
f 3153/1750/1634 3170/1749/1633 3154/1741/1625 3152/1740/1624
f 3171/1748/1632 3153/1750/1634 3148/5719/4577 3149/1752/1636
f 3172/1751/1635 3174/5731/1851 3173/5732/1853 3149/1752/1636
f 3172/5733/1635 3144/5714/4576 3175/5734/4584 3174/1983/1851
f 3144/5714/4576 3172/5733/1635 3146/1738/1622 3143/1736/1620
f 3136/1730/1614 3175/5734/4584 3144/5714/4576 3139/1731/1615
f 3136/1730/1614 3176/5735/4585 3175/5734/4584
f 3179/1989/1857 3178/5736/4586 3133/5712/4574 3180/5737/4587
f 3177/1986/1854 3175/5734/4584 3176/5735/4585
f 3137/5713/4575 3178/5736/4586 3176/5735/4585
f 3136/1730/1614 3137/5713/4575 3176/5735/4585
f 3179/1989/1857 3176/5735/4585 3178/5736/4586
f 3178/5736/4586 3137/5713/4575 3132/5709/4573 3133/5712/4574
f 3180/5737/4587 3182/5738/4588 3181/1991/1859 3179/1989/1857
f 3180/5737/4587 3128/5739/4572 3183/5740/4589 3182/5738/4588
f 3128/5739/4572 3180/5737/4587 3133/5712/4574 3127/5711/4571
f 3123/5741/4567 3183/5740/4589 3128/5739/4572 3122/5742/4566
f 3184/5743/4590 3182/5738/4588 3183/5740/4589
f 3183/5740/4589 3123/5741/4567 3186/5744/4591 3185/5745/4592
f 3123/5703/4567 3118/1722/1607 3187/1754/1637 3186/5746/4591
f 3187/1754/1637 3189/5747/4593 3188/1999/1861 3186/5746/4591
f 3189/5747/4593 3187/1754/1637 3114/1719/1604 3190/1757/1640
f 3190/1757/1640 3192/1756/1639 3191/1997/1865 3189/5747/4593
f 3190/1757/1640 3114/1719/1604 3109/1721/1606 3110/1755/1638
f 3193/5748/1641 3110/5691/1638 3105/5689/4557 3194/5749/4594
f 3193/5748/1641 3194/5749/4594 3196/5750/4595 3195/5751/4596
f 3194/5749/4594 3102/5687/4555 3197/1715/1600 3196/5750/4595
f 3102/5687/4555 3194/5749/4594 3105/5689/4557 3101/1716/1601
f 3196/5750/4595 3197/1715/1600 3199/1759/1642 3198/5752/4597
f 3202/1761/1644 3091/1708/1593 3085/1705/1590 3203/1763/1646
f 3201/1762/1645 3200/2002/1868 3199/1759/1642
f 3096/1760/1643 3201/1762/1645 3199/1759/1642
f 3206/5753/1647 3086/5685/4554 325/94/91 324/3609/3297
f 3083/1766/1649 3205/1765/1648 3204/1707/1592
f 3086/5685/4554 3206/5753/1647 3083/5754/1649
f 326/95/92 325/94/91 3086/5685/4554 3087/1767/1650
f 3083/5754/1649 3084/5686/4552 3086/5685/4554
f 3207/1769/1652 3087/5755/1650 3084/5682/4552 3088/1770/1653
f 3087/1767/1650 3207/5756/1652 327/96/93
f 3088/1770/1653 3089/5684/4553 3209/1772/1655 3208/1768/1651
f 329/331/321 327/96/93 3207/5756/1652
f 3093/1711/1596 3209/1772/1655 3089/5684/4553 3090/1709/1594
f 3111/5694/4560 3217/5757/4598 3216/5758/4599 3106/1779/1662
f 3209/1772/1655 3210/2006/1872 3208/1768/1651
f 3211/1771/1654 3212/2007/1873 3209/1772/1655
f 3097/1773/1656 3094/1713/1598 3099/1776/1659
f 3099/1776/1659 3213/1774/1657 3097/1773/1656
f 3099/1776/1659 3098/1712/1597 3103/1777/1660
f 3104/1717/1602 3106/1779/1662 3103/1777/1660
f 3107/5688/4556 3111/5694/4560 3106/1779/1662
f 3112/5693/4559 3115/5697/4562 3111/5694/4560
f 3217/5757/4598 3111/5694/4560 3115/5697/4562 3218/5759/4600
f 3218/5760/4600 3115/5761/4562 3116/5698/4561 3119/5700/4564
f 3218/5759/4600 3220/5762/4601 3219/5763/4602 3217/5757/4598
f 3220/5764/4601 3218/5760/4600 3119/5700/4564 3221/5765/4603
f 3221/5765/4603 3119/5700/4564 3120/5699/4563 3124/5705/4569
f 3221/5765/4603 3223/5766/4604 3222/5767/4605 3220/5764/4601
f 3223/5766/4604 3221/5765/4603 3124/5705/4569 3224/5768/4606
f 3129/1780/1663 3224/5768/4606 3124/5705/4569 3125/5704/4568
f 3223/5766/4604 3224/5768/4606 3226/5769/4607 3225/5770/4608
f 3224/5768/4606 3129/1780/1663 3227/1781/1664 3226/5769/4607
f 3226/5769/4607 3227/1781/1664 3229/5771/4609 3228/5772/4610
f 3227/1781/1664 3130/1725/1610 3230/1782/1665 3229/5771/4609
f 3140/1785/1667 3232/1783/1666 3134/1728/1609 3138/1727/1612
f 3230/1782/1665 3231/5773/4611 3229/5771/4609
f 3230/1782/1665 3232/5774/1666 3234/5775/4612 3233/5776/4613
f 3232/1783/1666 3140/1785/1667 3235/1786/1668 3234/5777/4612
f 3234/5777/4612 3235/1786/1668 3237/5778/4614 3236/5779/4615
f 3235/1786/1668 3141/1733/1617 3238/1787/1669 3237/5778/4614
f 3240/1788/1670 3147/1735/1619 3243/5780/4616 3242/5781/4617
f 3238/1787/1669 3239/5782/4618 3237/5778/4614
f 3240/1788/1670 3241/5783/4619 3238/1787/1669
f 3147/1735/1619 3150/1737/1621 3244/5784/4620 3243/5780/4616
f 3155/5785/4580 3244/5784/4620 3150/1737/1621 3151/5716/4578
f 3244/5784/4620 3155/5785/4580 3247/5786/4621 3246/5787/4622
f 3244/5784/4620 3245/5788/4623 3243/5780/4616
f 3155/5721/4580 3152/1740/1624 3070/5674/4544
f 3155/5721/4580 3070/5674/4544 3066/5671/4541 3247/5789/4621
f 3246/5787/4622 3247/5786/4621 3249/5790/4624 3248/5791/4625
f 3247/5786/4621 3066/5792/4541 3067/5793/4542 3249/5790/4624
f 3248/5791/4625 3249/5790/4624 3251/5794/4626 3250/5795/4627
f 3249/5790/4624 3067/5793/4542 3252/5796/4628 3251/5794/4626
f 3252/5797/4628 3255/5798/4629 3254/5799/4630 3253/5800/4631
f 3255/5798/4629 3252/5797/4628 3067/5672/4542 3062/5670/4540
f 3251/5794/4626 3252/5796/4628 3253/5801/4631 3256/5802/4632
f 3256/5802/4632 3253/5801/4631 3258/5803/4633 3257/5804/4634
f 3259/5805/4635 3257/5804/4634 3261/1853/1731 3260/5806/4636
f 3250/5795/4627 3251/5794/4626 3256/5802/4632
f 3257/5804/4634 3259/5805/4635 3256/5802/4632
f 3263/5807/4637 3260/5806/4636 3265/1850/1728 3264/5808/4638
f 3262/5809/4639 3256/5802/4632 3259/5805/4635
f 3260/5806/4636 3263/5807/4637 3259/5805/4635
f 3267/5810/4640 3264/5808/4638 3269/5811/4641 3268/5812/4642
f 3266/5813/4643 3259/5805/4635 3263/5807/4637
f 3264/5808/4638 3267/5810/4640 3263/5807/4637
f 3271/5814/4644 3268/5812/4642 3273/5815/4645 3272/5816/4646
f 3270/5817/4647 3263/5807/4637 3267/5810/4640
f 3268/5812/4642 3271/5814/4644 3267/5810/4640
f 3271/5818/4644 3275/5819/4648 3274/5820/4649 3267/5821/4640
f 3275/5819/4648 3271/5818/4644 3272/5822/4646 3276/5823/4650
f 3276/5823/4650 3272/5822/4646 3278/5824/4651 3277/1791/1673
f 3276/5823/4650 3280/5825/4652 3279/5826/4653 3275/5819/4648
f 3280/5825/4652 3276/5823/4650 3277/1791/1673 3281/1790/1672
f 3284/5827/4654 3281/1790/1672 3286/1846/1725 3285/1845/1676
f 3283/5828/3130 3280/5825/4652 3281/1790/1672
f 3281/1790/1672 3284/5827/4654 3283/5828/3130
f 3285/1794/1676 3291/1793/1675 3290/2030/1896 3284/5829/4654
f 3287/2029/1895 3283/3387/3130 3284/5829/4654
f 3289/1844/1724 3288/1792/1674 3285/1794/1676
f 3297/2035/1901 3295/1798/1680 3356/5830/4655 3298/2036/1902
f 3294/2033/1899 3288/1792/1674 3292/1795/1677
f 3295/1798/1680 3297/2035/1901 3296/1797/1679
f 3314/1811/1693 3313/1809/1691 3316/5831/4656 3315/5832/4657
f 3299/1801/1683 3300/1800/1682 3298/2036/1902
f 3304/1805/1687 3302/1803/1685 3303/1802/1684
f 3305/1804/1686 3354/5833/4658 3306/5834/4659
f 3354/5833/4658 3307/2041/1907 3306/5834/4659
f 3309/2045/1908 3307/5835/1907 3308/5836/4660
f 3308/5836/4660 3311/1807/1689 3310/1806/1688
f 3318/1812/1694 3314/1811/1693 3315/5832/4657 3319/5837/4661
f 3318/3385/1694 3319/5838/4661 3322/5839/1696 3321/2049/1914
f 3315/5832/4657 3320/5840/4662 3319/5837/4661
f 3319/5838/4661 3320/5841/4662 3323/5842/1697 3322/5839/1696
f 3323/5842/1697 3320/5841/4662 3325/5843/4663 3324/5844/1698
f 3324/1816/1698 3330/1818/1700 3329/2054/1918 3326/1813/1695
f 3328/1839/1719 3327/1817/1699 3324/1816/1698
f 3334/1821/1703 3335/1820/1702 3761/2317/2156 3333/1836/1716
f 3332/1837/1717 3044/1699/1584 3045/1701/1586 3334/1821/1703
f 3762/5845/4664 3335/1820/1702 3336/1819/1701
f 3338/5846/1922 3336/1819/1701 3337/1822/1704
f 3337/1822/1704 3339/5847/1707 3338/5846/1922
f 3337/5848/1704 3340/5849/1705 3339/5850/1707
f 3341/1824/1706 3338/2058/1922 3339/1825/1707
f 2920/1827/1709 3341/2060/1706 3340/1828/1705
f 3340/5851/1705 3337/5852/1704 3342/5853/1710
f 3340/1828/1705 3344/2066/1712 3343/1826/1708
f 3340/5854/1705 3342/1829/1710 3344/1831/1712
f 3046/1830/1711 3345/5855/1714 3344/1831/1712
f 2919/5856/1585 3346/5857/1713 3046/5858/1711
f 3332/1837/1717 3331/1835/1715 3044/1699/1584
f 3346/1832/1713 3331/1835/1715 3327/1817/1699 3328/1839/1719
f 3336/1819/1701 3334/1821/1703 3045/1701/1586
f 3347/5859/1718 3325/5860/4663 3350/1841/1721 3349/1840/1720
f 3349/1840/1720 3348/2065/1927 3347/5859/1718
f 3347/1838/1718 3328/1839/1719 3324/1816/1698 3325/5861/4663
f 3351/1842/1722 3350/1841/1721 3315/5832/4657 3316/5831/4656
f 3350/1841/1721 3325/5860/4663 3320/5840/4662 3315/5832/4657
f 3351/1842/1722 3316/5831/4656 3313/1809/1691 3311/1807/1689
f 3286/1846/1725 3361/1849/1727 3360/5862/4665 3359/5863/4666
f 3352/2068/1929 3351/5864/1722 3311/5865/1689
f 3311/1807/1689 3308/5836/4660 3352/5866/1929
f 3353/5867/1933 3308/5836/4660 3307/5835/1907
f 3772/2071/1932 3307/2041/1907 3354/5833/4658
f 3305/1804/1686 3355/2074/1935 3354/5833/4658
f 3305/1804/1686 3304/1805/1687 3355/2074/1935
f 3355/2074/1935 3304/1805/1687 3775/2075/1936
f 3304/1805/1687 3303/1802/1684 3775/2075/1936
f 3298/2036/1902 3356/5830/4655 3299/1801/1683
f 3295/1798/1680 3777/2078/1939 3356/5830/4655
f 3357/2079/1940 3295/1798/1680 3293/1796/1678
f 3293/1796/1678 3358/1843/1723 3357/2079/1940
f 3292/1795/1677 3289/1844/1724 3358/1843/1723
f 3359/5868/4666 3358/1843/1723 3289/1844/1724
f 3289/1847/1724 3286/1846/1725 3359/5863/4666
f 3361/1849/1727 3286/1846/1725 3281/1790/1672 3282/1789/1671
f 3363/1848/1726 3362/5869/4667 3361/1849/1727
f 3364/5870/4668 3363/5871/1726 3278/5872/4651 3365/5873/4669
f 3363/1848/1726 3282/1789/1671 3277/1791/1673 3278/5824/4651
f 3365/5873/4669 3367/5874/4670 3366/5875/1943 3364/5870/4668
f 3367/5874/4670 3365/5873/4669 3273/5876/4645 3368/5877/4671
f 3365/5873/4669 3278/5872/4651 3272/5878/4646 3273/5876/4645
f 3369/5879/4672 3368/5880/4671 3269/5811/4641 3370/1852/1730
f 3369/5881/4672 3367/5874/4670 3368/5877/4671
f 3368/5880/4671 3273/5815/4645 3268/5812/4642 3269/5811/4641
f 3370/1852/1730 3372/1851/1729 3371/5882/4673 3369/5879/4672
f 3370/1852/1730 3269/5811/4641 3264/5808/4638 3265/1850/1728
f 3265/1850/1728 3374/1854/1732 3373/5883/4674 3372/1851/1729
f 3375/5884/1944 3374/1854/1732 3258/5803/4633 3376/5885/4675
f 3260/5806/4636 3261/1853/1731 3265/1850/1728
f 3374/1854/1732 3261/1853/1731 3257/5804/4634 3258/5803/4633
f 3376/5886/4675 3378/2086/1947 3377/2088/1949 3375/2083/1944
f 3378/2086/1947 3376/5886/4675 3254/5799/4630 3379/5887/4676
f 3376/5885/4675 3258/5803/4633 3253/5801/4631 3254/5888/4630
f 3379/5887/4676 3381/5889/4677 3380/2087/1948 3378/2086/1947
f 3381/5889/4677 3379/5887/4676 3383/5890/4678 3382/5891/4679
f 3379/5887/4676 3254/5799/4630 3255/5798/4629 3383/5890/4678
f 3382/5891/4679 3383/5890/4678 3063/1856/1734 3384/1855/1733
f 3383/5890/4678 3255/5798/4629 3062/5670/4540 3063/1856/1734
f 3384/1855/1733 3386/5892/4680 3385/5893/4681 3382/5891/4679
f 3386/5892/4680 3384/1855/1733 3388/1858/1736 3387/5894/4682
f 3384/1855/1733 3064/1703/1588 3065/1702/1587 3388/1858/1736
f 3387/5894/4682 3388/1858/1736 3389/1857/1735 2844/195/190
f 2843/191/186 3389/1857/1735 3160/1742/1626 278/66/65
f 3394/1869/1744 3166/1870/1745 3396/5895/4683 3395/5896/4684
f 513/194/189 514/415/399 2844/195/190
f 3161/5724/1739 3390/1859/1737 279/1861/66
f 3163/1866/1741 3391/1862/1738 3161/1864/1739
f 3392/1868/1743 3815/1865/1740 3163/1866/1741
f 3161/1864/1739 3162/1746/1630 3163/1866/1741
f 3163/1866/1741 3164/1745/1629 3392/1868/1743
f 3165/1747/1631 3166/1870/1745 3164/1745/1629
f 3166/5729/1745 521/5897/3375 2845/5898/3374 3396/5899/4683
f 3398/1873/1748 523/1872/1747 526/5900/3376 3399/5901/4685
f 284/5727/3277 521/5897/3375 3166/5729/1745
f 526/5900/3376 2846/5902/3379 3400/5903/4686 3399/5901/4685
f 3400/5903/4686 3403/5904/4687 3402/5905/4688 3401/5906/4689
f 3403/5904/4687 3400/5903/4686 2846/5902/3379 531/5907/3383
f 3399/5901/4685 3400/5903/4686 3401/5906/4689 3404/5908/4690
f 3399/5901/4685 3404/5908/4690 3405/5909/4691 3398/1873/1748
f 3404/5910/4690 3052/5659/4531 3406/5911/4692 3405/5912/4691
f 3404/5910/4690 3401/5913/4689 3051/5658/4530 3052/5659/4531
f 3405/5912/4691 3406/5911/4692 3408/2103/1961 3407/5914/1959
f 3406/5911/4692 3410/1876/1751 3409/1875/1750 3408/2103/1961
f 3410/1876/1751 3406/5911/4692 3052/5659/4531 3048/5657/4529
f 3410/1876/1751 3048/5657/4529 3049/5656/4528 3411/1874/1749
f 3409/1875/1750 3411/1874/1749 3413/5915/4693 3412/2107/1965
f 3413/5915/4693 3411/1874/1749 3049/5656/4528 3414/5916/4694
f 3414/5917/4694 3049/5918/4528 3050/5919/4527 3415/1879/1754
f 3414/5916/4694 3417/5920/4695 3416/5921/4696 3413/5915/4693
f 3417/5922/4695 3414/5917/4694 3415/1879/1754 3418/1878/1753
f 3418/1878/1753 3421/1882/1757 3420/5923/4697 3417/5922/4695
f 3419/1877/1752 3421/1882/1757 3418/1878/1753
f 3429/1888/1762 3428/1887/1761 3426/1883/1758 3430/1970/1839
f 3424/5924/4698 3421/1882/1757 3422/1881/1756
f 3422/1881/1756 3425/5925/1759 3424/5924/4698
f 3427/2109/1967 3424/5926/4698 3425/5927/1759
f 3426/1883/1758 3428/1887/1761 3425/1884/1759
f 3432/1890/1764 3435/5928/4699 3437/5929/4700 3436/1889/1763
f 3428/1887/1761 3431/5930/4701 3425/1884/1759
f 3429/1888/1762 3433/5931/4702 3432/1890/1764
f 3432/1890/1764 3434/1886/1760 3429/1888/1762
f 3438/5932/4703 3437/5929/4700 3435/5928/4699 3439/5933/4704
f 3437/5929/4700 3438/5932/4703 3443/5934/4705 3442/2117/1975
f 3438/5932/4703 3441/5935/4706 3440/5936/4707
f 3438/5932/4703 3440/5936/4707 3444/5937/4708 3443/5934/4705
f 3445/5938/4709 3444/5937/4708 3440/5936/4707 3446/5939/4710
f 3443/5934/4705 3444/5937/4708 3448/5940/4711 3447/5941/4712
f 3444/5937/4708 3445/5938/4709 3449/5942/4713 3448/5940/4711
f 3450/5943/4714 3449/5942/4713 3445/5938/4709 3451/5944/4715
f 3449/5942/4713 3450/5943/4714 3453/1891/1765 3452/2120/1978
f 3449/5942/4713 3452/2120/1978 3448/5940/4711
f 3450/5943/4714 3589/5945/4716 3454/1892/1766 3453/1891/1765
f 3454/1892/1766 3589/5945/4716 3456/5946/4717 3455/1894/1768
f 3458/1895/1769 3457/1893/1767 3585/5947/4718 3459/1896/1770
f 3455/1894/1768 3585/5947/4718 3457/1893/1767
f 3461/1897/1771 3459/1896/1770 3460/5948/4719 3462/5949/4720
f 3462/5950/4720 3460/5951/4719 3464/5952/4721 3463/5953/4722
f 3462/5954/4720 3466/5955/4723 3465/5956/4724 3461/5957/1771
f 3466/5955/4723 3462/5954/4720 3463/5958/4722 3467/5959/1774
f 3467/1900/1774 3463/5960/4722 3469/1962/1831 3468/1898/1772
f 3467/1900/1774 3471/1899/1773 3470/2123/1981 3466/5961/4723
f 3472/1901/1775 3468/1898/1772 3025/5636/4511 3473/1902/1776
f 3024/5634/4510 3025/5636/4511 3468/1898/1772
f 3473/1902/1776 3025/5636/4511 3017/5635/4503 3474/5962/4725
f 3475/1903/1777 3473/1902/1776 3474/5962/4725 3476/5963/4726
f 3476/5964/4726 3474/5965/4725 3478/5966/4727 3477/5967/4728
f 3476/5963/4726 3480/5968/4729 3479/5969/4730 3475/1903/1777
f 3480/5970/4729 3476/5971/4726 3477/5972/4728 3481/5973/4731
f 3481/5973/4731 3477/5972/4728 2914/5621/4498 3013/5623/4500
f 3483/5974/4732 3013/5623/4500 3485/1950/1820 3484/1952/1822
f 3482/5975/4733 3480/5970/4729 3481/5973/4731
f 3013/5623/4500 3483/5974/4732 3481/5973/4731
f 3483/5974/4732 3487/5976/4734 3488/5977/4735 3486/5978/4736
f 3486/5978/4736 3481/5973/4731 3483/5974/4732
f 3484/1952/1822 3011/1904/1778 3483/5974/4732
f 3484/1952/1822 3560/1905/1779 3011/1904/1778
f 3011/1904/1778 3487/5976/4734 3483/5974/4732
f 3488/5977/4735 3487/5976/4734 3490/1908/1782 3489/1907/1781
f 3487/5976/4734 3011/1904/1778 3005/5618/4495 3490/1908/1782
f 3490/1908/1782 3005/5618/4495 3006/5619/4496 3491/1906/1780
f 3489/1907/1781 3491/1906/1780 3493/5979/4737 3492/5980/4738
f 3491/1906/1780 3006/5619/4496 3494/1910/1784 3493/5979/4737
f 3495/1911/1785 3494/1910/1784 3006/5619/4496 3007/1692/1577
f 3493/5979/4737 3494/1910/1784 3497/1909/1783 3496/5981/4739
f 3497/1909/1783 3498/1912/1786 3501/1915/1789 3500/1914/1788
f 3500/1914/1788 3499/2126/1984 3497/1909/1783
f 3504/1916/1790 3501/1915/1789 3498/1912/1786 3502/5982/4740
f 3506/2131/1792 3503/1913/1787 3504/1916/1790 3508/5983/1793
f 3513/5984/4741 3516/2135/1990 3515/2134/1989 3512/1921/1795
f 3506/2131/1792 3509/2130/1988 3503/1913/1787
f 3511/1920/1794 3513/5984/4741 3512/1921/1795
f 3516/2135/1990 3513/5984/4741 3514/5985/4742 3517/5986/4743
f 3517/5987/4743 3514/5988/4742 645/3819/3426 644/3817/3425
f 644/3817/3425 647/3816/3424 3518/5989/1992 3517/5987/4743
f 2847/5990/3429 650/5991/3431 3520/1924/1798 3519/5992/3136
f 3519/5992/3136 649/5993/3430 2847/5990/3429
f 3520/5994/1798 3522/3393/1797 3521/3395/3135 3519/3396/3136
f 3523/1922/1796 3520/1924/1798 650/5991/3431 655/1925/245
f 657/3828/3433 3525/5995/4744 3524/3391/3133 656/3390/244
f 657/3828/3433 658/3827/3432 3526/5996/4745 3525/5995/4744
f 3525/5997/4744 3526/5998/4745 3528/5999/4746 3527/6000/4747
f 3526/5998/4745 3530/6001/4748 3529/6002/4749 3528/5999/4746
f 3526/5996/4745 658/3827/3432 663/3831/3434 3530/6003/4748
f 3530/6001/4748 663/6004/3434 2848/6005/3436 3531/2146/2000
f 665/256/249 645/3819/3426 3514/5988/4742 3532/2149/1800
f 3532/1928/1800 3514/5985/4742 3513/5984/4741 3511/1920/1794
f 3495/1911/1785 3538/1932/1804 3537/6006/4750 3536/6007/4751
f 3502/6008/4740 3535/1931/1803 3505/1929/1801
f 3508/1919/1793 3504/6009/1790 3505/1929/1801
f 3536/6007/4751 3535/6010/1803 3502/5982/4740
f 3502/5982/4740 3495/1911/1785 3536/6007/4751
f 3505/6011/1801 3504/1916/1790 3502/5982/4740
f 3538/1932/1804 3008/1691/1576 3539/6012/4752 3537/6006/4750
f 3495/1911/1785 3007/1692/1577 3538/1932/1804
f 3502/5982/4740 3498/1912/1786 3495/1911/1785
f 3008/1691/1576 3541/1934/1806 3540/1936/1808 3539/6012/4752
f 3545/6013/4753 3547/1942/1814 3003/1688/1573 3546/1937/1809
f 3008/1691/1576 3009/1695/1580 3541/1934/1806
f 3542/1933/1805 3540/1936/1808 3541/1934/1806
f 3542/1933/1805 3543/1949/1819 3545/6013/4753
f 3545/6013/4753 3546/1937/1809 3542/1933/1805
f 3545/6013/4753 3548/1940/1812 3547/1942/1814
f 3546/1937/1809 3003/1688/1573 3000/1690/1575 3550/1938/1810
f 3549/6014/1811 3550/6015/1810 3552/6016/4754 3551/6017/4755
f 3550/1938/1810 3000/1690/1575 3001/6018/4494 3552/6019/4754
f 3551/6017/4755 3552/6016/4754 688/6020/3443 687/6021/3442
f 3552/6016/4754 3001/6022/4494 2849/6023/3444 688/6020/3443
f 2849/6024/3444 3001/5617/4494 3002/5616/4493 689/6025/3445
f 692/3853/3446 3004/6026/4497 3553/6027/4756 691/3854/3447
f 3004/6026/4497 692/3853/3446 689/3855/3445 3002/6028/4493
f 691/3854/3447 3553/6027/4756 3554/1943/1815 690/3859/3449
f 3555/6029/1813 3553/6030/4756 3004/5620/4497 2912/5615/1574
f 3555/1944/1813 3554/1943/1815 3553/6027/4756
f 3547/1942/1814 3555/1941/1813 2912/1689/1574 3003/1688/1573
f 3014/1953/1823 3563/1955/1825 3561/6031/4757 3562/1951/1821
f 3548/1940/1812 3556/1947/1816 3555/1941/1813
f 3543/1949/1819 3557/1946/1817 3548/1940/1812
f 3548/1940/1812 3545/6013/4753 3543/1949/1819
f 3009/1695/1580 3010/1694/1579 3543/1949/1819
f 3543/1949/1819 3542/1933/1805 3009/1695/1580
f 3560/1905/1779 3559/2159/2008 3010/1694/1579
f 3562/1951/1821 3561/6031/4757 3560/1905/1779
f 3484/1952/1822 3562/1951/1821 3560/1905/1779
f 3485/1950/1820 3013/5623/4500 3014/1953/1823
f 3015/5622/4499 3564/1954/1824 3014/1953/1823
f 3564/1954/1824 3015/5622/4499 3016/5625/4502 3565/6032/4758
f 3565/6033/4758 3016/6034/4502 3018/5629/4506 3019/5628/4505
f 3019/5628/4505 3020/5631/4508 3565/6033/4758
f 3565/6032/4758 3567/6035/4759 3566/2162/2011 3564/1954/1824
f 3567/6036/4759 3565/6033/4758 3020/5631/4508 3568/1957/1827
f 3571/1958/1828 3568/1957/1827 3020/5631/4508 3021/5630/4507
f 3569/6037/4760 3567/6036/4759 3568/1957/1827
f 3571/1958/1828 3573/6038/4761 3572/6039/4762 3570/1956/1826
f 3573/6038/4761 3571/1958/1828 3021/5630/4507 3026/6040/4512
f 3573/6041/4761 3575/2214/2056 3574/2216/2058 3572/6042/4762
f 3575/2214/2056 3573/6041/4761 3026/5637/4512 3576/2221/2063
f 3576/2221/2063 3026/5637/4512 3022/5632/4509 3579/6043/4763
f 3577/2215/2057 3575/2214/2056 3576/2221/2063
f 3579/6043/4763 3578/2220/2062 3576/2221/2063
f 3578/2220/2062 3579/6043/4763 3581/1963/1832 3580/6044/4764
f 3579/6043/4763 3022/5632/4509 3023/1964/1833 3581/1963/1832
f 3580/6044/4764 3581/1963/1832 3469/1962/1831 3582/6045/1834
f 3582/6045/1834 3469/1962/1831 3464/6046/4721 3583/6047/1835
f 3584/6048/1836 3583/6049/1835 3459/1896/1770 3585/5947/4718
f 3463/5960/4722 3464/6046/4721 3469/1962/1831
f 3583/6050/1835 3464/5952/4721 3460/5951/4719 3459/6051/1770
f 3585/5947/4718 3587/6052/4765 3586/6053/4766 3584/6048/1836
f 3587/6052/4765 3585/5947/4718 3455/1894/1768 3456/5946/4717
f 3590/6054/4767 3591/6055/4768 3593/6056/4769 3592/2226/2068
f 3588/6057/4770 3587/6052/4765 3456/5946/4717
f 3456/5946/4717 3589/5945/4716 3588/6057/4770
f 3590/6054/4767 3588/6057/4770 3589/5945/4716
f 3591/6055/4768 3590/6054/4767 3589/5945/4716
f 3591/6055/4768 3451/5944/4715 3594/6058/4771 3593/6056/4769
f 3451/5944/4715 3591/6055/4768 3589/5945/4716 3450/5943/4714
f 3593/6056/4769 3594/6058/4771 3596/6059/4772 3595/6060/4773
f 3594/6058/4771 3446/5939/4710 3597/6061/4774 3596/6059/4772
f 3446/5939/4710 3594/6058/4771 3451/5944/4715 3445/5938/4709
f 3596/6059/4772 3597/6061/4774 3599/6062/4775 3598/6063/4776
f 3597/6061/4774 3441/5935/4706 3600/6064/4777 3599/6062/4775
f 3441/5935/4706 3597/6061/4774 3446/5939/4710 3440/5936/4707
f 3439/5933/4704 3600/6064/4777 3441/5935/4706 3438/5932/4703
f 3600/6064/4777 3601/6065/4778 3599/6062/4775
f 3439/5933/4704 3435/5928/4699 3605/2240/2082 3603/2237/2079
f 3439/5933/4704 3602/2235/2077 3600/6064/4777
f 3435/5928/4699 3433/5931/4702 3604/1969/1838 3605/2240/2082
f 3430/1970/1839 3604/1969/1838 3433/5931/4702 3429/1888/1762
f 3435/5928/4699 3432/1890/1764 3433/5931/4702
f 3606/1968/1837 3426/1883/1758 3422/1885/1756 3423/6066/1755
f 3606/1968/1837 3607/2243/2085 3604/1969/1838
f 3419/1877/1752 3050/5919/4527 2922/5660/4526 3609/1973/1841
f 3419/1877/1752 3608/1971/1840 3423/1880/1755
f 3421/1882/1757 3419/1877/1752 3423/1880/1755
f 3608/1971/1840 3609/1973/1841 3611/6067/4779 3610/2244/2086
f 3415/1879/1754 3050/5919/4527 3419/1877/1752
f 3609/1973/1841 2922/5660/4526 3617/1978/1846 3611/6067/4779
f 3610/2244/2086 3611/6067/4779 3613/1975/1843 3612/6068/4780
f 3611/6067/4779 3617/1978/1846 3614/1976/1844 3613/1975/1843
f 3614/1976/1844 3617/1978/1846 3616/1977/1845 3615/1974/1842
f 3618/1979/1847 3617/1978/1846 3053/5662/4532 3402/5905/4688
f 3618/1979/1847 3620/6069/4781 3619/6070/2094 3616/1977/1845
f 3618/1979/1847 3402/5905/4688 3403/5904/4687 3620/6069/4781
f 3619/2253/2094 3620/6071/4781 762/3915/3479 2850/573/546
f 3620/6071/4781 3403/6072/4687 531/3754/3383 762/3915/3479
f 3168/1981/1849 3169/5730/4583 3622/2257/2098 3621/1980/1848
f 3169/5730/4583 3170/1749/1633 3623/1982/1850 3622/2257/2098
f 3624/6073/4782 3171/1748/1632 3149/1752/1636 3173/5732/1853
f 3171/1748/1632 3624/6073/4782 3623/1982/1850
f 3625/2260/2101 3623/1982/1850 3624/6073/4782
f 3173/5732/1853 3626/6074/1852 3624/6073/4782
f 3628/1988/1856 3630/1987/1855 3629/6075/4783 3626/1984/1852
f 3627/2258/2099 3624/6073/4782 3626/6074/1852
f 3174/1983/1851 3628/1988/1856 3626/1984/1852
f 3628/1988/1856 3174/1983/1851 3175/5734/4584 3177/1986/1854
f 3177/1986/1854 3632/1990/1858 3631/6076/4784 3630/1987/1855
f 3179/1989/1857 3634/1992/1860 3633/6077/4785 3632/1990/1858
f 3176/5735/4585 3179/1989/1857 3177/1986/1854
f 3636/6078/4786 3635/6079/4787 3184/5743/4590 3637/6080/4788
f 3181/1991/1859 3635/6079/4787 3634/1992/1860
f 3636/6078/4786 3634/1992/1860 3635/6079/4787
f 3635/6079/4787 3181/1991/1859 3182/5738/4588 3184/5743/4590
f 3638/6081/4789 3637/6080/4788 3185/5745/4592 3639/1995/1863
f 3638/6081/4789 3636/6078/4786 3637/6080/4788
f 3637/6080/4788 3184/5743/4590 3183/5740/4589 3185/5745/4592
f 3188/1993/1861 3639/1995/1863 3185/5745/4592 3186/5744/4591
f 3640/1994/1862 3638/6081/4789 3639/1995/1863
f 3191/1997/1865 3192/1756/1639 3643/6082/4790 3642/2000/1866
f 3189/5747/4593 3191/1997/1865 3188/1999/1861
f 3642/2000/1866 3643/6082/4790 3645/6083/4791 3644/6084/4792
f 3643/6082/4790 3195/6085/4596 3646/6086/4793 3645/6083/4791
f 3643/6082/4790 3192/1756/1639 3193/1758/1641 3195/6085/4596
f 3645/6087/4791 3646/6088/4793 3648/6089/4794 3647/6090/4795
f 3646/6088/4793 3198/5752/4597 3649/6091/4796 3648/6089/4794
f 3198/5752/4597 3646/6088/4793 3195/5751/4596 3196/5750/4595
f 3648/6089/4794 3649/6091/4796 3651/6092/4797 3650/6093/4798
f 3200/2002/1868 3649/6091/4796 3198/5752/4597 3199/1759/1642
f 3200/2002/1868 3651/6092/4797 3649/6091/4796
f 3651/6092/4797 3200/2002/1868 3653/2001/1867 3652/6094/4799
f 3203/1763/1646 3653/2001/1867 3201/1762/1645 3202/1761/1644
f 3655/2003/1869 3654/6095/4800 3653/2001/1867
f 3656/6096/4801 3205/1765/1648 3206/1764/1647 3657/2005/1871
f 3205/1765/1648 3656/6096/4801 3655/2003/1869
f 3658/6097/4802 802/332/322 329/331/321 3207/5756/1652
f 324/3609/3297 801/3942/1870 3206/5753/1647
f 802/332/322 3658/6097/4802 3659/6098/4803 2851/3946/3502
f 3658/6099/4802 3210/2006/1872 3660/2008/1874 3659/6100/4803
f 3659/6098/4803 3660/6101/1874 3662/6102/4804 3661/6103/4805
f 3660/2008/1874 3212/2007/1873 3663/6104/4806 3662/6105/4804
f 3667/3389/3132 3663/6104/4806 3212/2007/1873 3213/1774/1657
f 3662/6102/4804 3663/6106/4806 3665/6107/1876 3664/2272/2113
f 3663/6104/4806 3667/3389/3132 3666/2011/1877 3665/2010/1876
f 3666/2011/1877 3667/3389/3132 3669/2012/1878 3668/2009/1875
f 3669/2012/1878 3667/3389/3132 3214/1775/1658 3670/2014/1880
f 3674/2017/1883 3672/2016/1882 3216/5758/4599 3675/2018/1884
f 3215/1778/1661 3672/2016/1882 3670/2014/1880
f 3675/2018/1884 3216/5758/4599 3219/5763/4602 3676/6108/4807
f 3677/2019/1885 3675/2018/1884 3676/6108/4807 3678/6109/4808
f 3678/6110/4808 3676/6111/4807 3222/5767/4605 3679/6112/4809
f 3678/6109/4808 3681/6113/4810 3680/6114/4811 3677/2019/1885
f 3681/6115/4810 3678/6110/4808 3679/6112/4809 3682/6116/4812
f 3682/6116/4812 3679/6112/4809 3225/5770/4608 3683/6117/4813
f 3684/6118/4814 3682/6116/4812 3683/6117/4813 3685/6119/4815
f 3686/6120/4816 3685/6119/4815 3683/6117/4813 3228/5772/4610
f 3685/6119/4815 3688/6121/4817 3687/6122/4818 3684/6118/4814
f 3685/6119/4815 3686/6120/4816 3689/6123/4819 3688/6121/4817
f 3690/6124/4820 3689/6123/4819 3686/6120/4816 3231/5773/4611
f 3688/6121/4817 3689/6123/4819 3692/6125/4821 3691/6126/4822
f 3689/6123/4819 3690/6124/4820 3693/6127/4823 3692/6125/4821
f 3694/6128/4824 3693/6127/4823 3690/6124/4820 3233/5776/4613
f 3692/6125/4821 3693/6127/4823 3696/6129/4825 3695/6130/4826
f 3693/6127/4823 3694/6128/4824 3697/6131/4827 3696/6129/4825
f 3698/6132/4828 3697/6131/4827 3694/6128/4824 3236/6133/4615
f 3696/6129/4825 3697/6131/4827 3700/6134/4829 3699/6135/4830
f 3697/6131/4827 3698/6132/4828 3701/6136/4831 3700/6134/4829
f 3702/6137/4832 3701/6136/4831 3698/6132/4828 3239/6138/4618
f 3700/6134/4829 3701/6136/4831 3704/6139/4833 3703/6140/4834
f 3701/6136/4831 3702/6137/4832 3705/6141/4835 3704/6139/4833
f 3706/6142/4836 3705/6143/4835 3702/6144/4832 3241/5783/4619
f 3704/6139/4833 3705/6141/4835 3707/6145/4837 3076/5676/4546
f 3705/6143/4835 3706/6142/4836 3708/6146/4838 3707/6147/4837
f 3709/6148/4839 3708/6146/4838 3706/6142/4836 3242/5781/4617
f 3707/6145/4837 3708/6149/4838 3711/3343/1887 3710/3342/3090
f 3708/6146/4838 3709/6148/4839 3712/2022/1888 3711/2021/1887
f 3713/6150/4840 3712/2022/1888 3709/6148/4839 3245/5788/4623
f 3712/2022/1888 3713/6150/4840 3715/6151/4841 3714/2020/1886
f 3715/6151/4841 3248/5791/4625 3250/5795/4627 3716/6152/4842
f 3248/5791/4625 3715/6151/4841 3713/6150/4840 3246/5787/4622
f 3714/2020/1886 3715/6151/4841 3716/6152/4842 3717/6153/4843
f 3717/6153/4843 3716/6152/4842 3262/5809/4639 3718/6154/4844
f 3717/6153/4843 3719/6155/4845 3711/2021/1887 3714/2020/1886
f 3719/6155/4845 3717/6153/4843 3718/6154/4844 3720/6156/4846
f 3720/6156/4846 3718/6154/4844 3266/5813/4643 3721/6157/4847
f 3720/6156/4846 3723/6158/1890 3722/6159/4848 3719/6155/4845
f 3723/6158/1890 3720/6156/4846 3721/6157/4847 3724/6160/1891
f 3724/6160/1891 3721/6157/4847 3270/5817/4647 3725/6161/4849
f 3726/2023/1889 3724/2025/1891 3725/6162/4849 3727/2028/1894
f 3727/2028/1894 3725/6162/4849 3274/5820/4649 3728/2026/1892
f 3726/2023/1889 3727/2028/1894 3730/2027/1893 3729/6163/4850
f 3730/2027/1893 3728/2026/1892 3279/5826/4653 3731/6164/4851
f 3730/2027/1893 3731/6164/4851 3733/6165/4852 3732/6166/3094
f 3734/6167/3131 3733/6165/4852 3731/6164/4851 3283/5828/3130
f 3733/6168/4852 3734/3388/3131 3736/3351/3098 3735/3350/3097
f 3734/3388/3131 3287/2029/1895 3737/2031/1897 3736/3351/3098
f 3743/2039/1905 3741/2037/1903 3300/1800/1682 3302/1803/1685
f 3738/2032/1898 3739/3352/3099 3290/2030/1896
f 3292/1795/1677 3740/2034/1900 3294/2033/1899
f 3297/2035/1901 3741/2037/1903 3740/2034/1900
f 3742/6169/4853 3740/2034/1900 3741/2037/1903
f 3744/3360/3107 3743/2039/1905 3745/2038/1904 3747/3361/3108
f 3744/3360/3107 3741/2037/1903 3743/2039/1905
f 3748/2043/1909 3745/2038/1904 3746/2040/1906 3305/1804/1686
f 3754/2048/1913 3753/2046/1911 3314/1811/1693 3317/1810/1692
f 3748/2043/1909 3749/6170/4854 3745/2038/1904
f 3309/2042/1908 3750/6171/4855 3748/2043/1909
f 3310/1806/1688 3312/1808/1690 3751/2044/1910
f 3761/2317/2156 3335/1820/1702 3762/5845/4664 4191/6172/4856
f 3317/3386/1692 3321/2049/1914 3755/2051/1912
f 3756/6173/1915 3329/2054/1918 3757/2053/1917
f 3756/6173/1915 3326/1813/1695 3329/2054/1918
f 3330/1818/1700 3759/2055/1919 3758/2052/1916
f 3333/1836/1716 3761/2317/2156 4188/2057/1921
f 4191/6172/4856 4190/2315/2154 3761/2317/2156
f 3763/6174/4857 3338/2058/1922 3765/2059/1923 3764/6175/2161
f 3338/5846/1922 3763/6176/4857 3762/5845/4664
f 3762/5845/4664 3336/1819/1701 3338/5846/1922
f 3357/2079/1940 3780/6177/4858 3779/6178/4859 3778/2077/1938
f 3766/2061/1924 4196/2321/2160 3765/2062/1923
f 3341/2060/1706 2920/1827/1709 3766/2061/1924
f 3343/1826/1708 3768/2064/1926 2920/1827/1709
f 3349/1840/1720 3769/2067/1928 3348/2065/1927
f 3351/1842/1722 3770/2326/1931 3769/2067/1928
f 3351/5864/1722 3352/2068/1929 3770/2070/1931
f 3308/6179/4660 3353/6180/1933 3352/2068/1929
f 4199/2329/2166 3353/2072/1933 3772/2071/1932
f 3354/5833/4658 3355/2074/1935 3772/2071/1932
f 3773/2331/2168 3772/2071/1932 3355/2074/1935
f 4202/2333/2170 3774/2076/1937 3301/1799/1681
f 3299/1801/1683 3356/5830/4655 3301/1799/1681
f 3776/2335/2172 3301/1799/1681 3356/5830/4655
f 3356/5830/4655 3777/2078/1939 3776/2335/2172
f 3781/2336/2173 3780/6181/4858 3359/5863/4666 3360/5862/4665
f 3780/6177/4858 3357/2079/1940 3358/1843/1723 3359/5868/4666
f 3360/5862/4665 3783/6182/2176 3782/2337/2174 3781/2336/2173
f 3783/2339/2176 3362/6183/4667 3785/6184/4860 3784/2340/2177
f 3362/5869/4667 3783/6182/2176 3360/5862/4665 3361/1849/1727
f 3784/6185/2177 3785/6186/4860 3786/2081/1942 4213/6187/4861
f 3785/6184/4860 3364/5870/4668 3366/5875/1943 3786/6188/1942
f 3364/5870/4668 3785/6184/4860 3362/6183/4667 3363/5871/1726
f 3787/2080/1941 3788/6189/4862 3790/6190/4863 3789/6191/4864
f 3788/6192/4862 3787/6193/1941 3366/5875/1943
f 3790/6194/4863 3788/6192/4862 3369/5881/4672 3371/6195/4673
f 3788/6192/4862 3366/5875/1943 3367/5874/4670 3369/5881/4672
f 3792/6196/4865 3794/6197/4866 3793/2346/2182 3791/6198/4867
f 3791/6199/4867 3790/6190/4863 3371/5882/4673
f 3371/5882/4673 3792/6200/4865 3791/6199/4867
f 3794/6201/4866 3792/6200/4865 3373/5883/4674 3795/6202/1946
f 3792/6200/4865 3371/5882/4673 3372/1851/1729 3373/5883/4674
f 3795/2085/1946 3797/2084/1945 3796/6203/4868 3794/6197/4866
f 3795/6202/1946 3373/5883/4674 3374/1854/1732 3375/5884/1944
f 3798/6204/4869 3797/2084/1945 3377/2088/1949 3380/2087/1948
f 3800/6205/4870 3802/6206/4871 3801/6207/4872 3799/6208/4873
f 3375/2083/1944 3377/2088/1949 3797/2084/1945
f 3799/6208/4873 3798/6204/4869 3380/2087/1948
f 3380/2087/1948 3800/6205/4870 3799/6208/4873
f 3802/6206/4871 3800/6205/4870 3804/6209/4874 3803/6210/4875
f 3800/6205/4870 3380/2087/1948 3381/5889/4677 3804/6209/4874
f 3803/6210/4875 3804/6209/4874 3385/5893/4681 3805/6211/4876
f 3804/6209/4874 3381/5889/4677 3382/5891/4679 3385/5893/4681
f 3805/6211/4876 3807/6212/4877 3806/6213/4878 3803/6210/4875
f 3805/6211/4876 3809/6214/4879 3808/6215/4880 3807/6212/4877
f 3809/6214/4879 3805/6211/4876 3385/5893/4681 3386/5892/4680
f 3810/6216/4881 3386/5892/4680 3387/5894/4682 3811/6217/4882
f 3810/6216/4881 3808/6215/4880 3809/6214/4879
f 3386/5892/4680 3810/6216/4881 3809/6214/4879
f 3811/6217/4882 3387/5894/4682 2844/195/190 514/415/399
f 3811/6217/4882 514/415/399 3813/2090/1951 3812/6218/4883
f 4405/2094/1954 3814/2452/1952 3390/1863/1737 3391/1862/1738
f 972/414/398 3813/2090/1951 514/415/399
f 3393/1867/1742 3395/5896/4684 4504/2545/2363 3817/6219/4884
f 515/1860/191 3390/1859/1737 3814/2091/1952
f 3815/1865/1740 3816/2093/1953 3391/1862/1738
f 3817/6219/4884 3035/1698/1583 3392/1868/1743
f 3392/1868/1743 3393/1867/1742 3817/6219/4884
f 3818/2097/1955 2932/3397/3137 39/3399/1552 41/2095/1
f 3818/6220/1955 2933/6221/1555 3395/5896/4684
f 3393/1867/1742 3394/1869/1744 3395/5896/4684
f 2932/6222/3137 3818/6220/1955 3395/5896/4684 3396/5895/4683
f 4504/2545/2363 3395/5896/4684 2933/6221/1555 2934/2100/1958
f 2934/2100/1958 3820/2099/1957 3819/2575/2388 4504/2545/2363
f 3821/6223/1956 2935/3400/3138 44/1665/1554 984/6224/3591
f 2935/6225/3138 3821/2098/1956 2934/2100/1958
f 986/6226/3594 2853/6227/3593 3823/6228/4885 3822/6229/4886
f 3823/6228/4885 2853/6227/3593 522/6230/3596 3824/2102/1960
f 3824/2102/1960 522/6230/3596 523/1872/1747 3397/1871/1746
f 3824/2102/1960 3407/2101/1959 3825/6231/4887 3823/6228/4885
f 3829/2108/1966 3412/2107/1965 3416/5921/4696 3830/6232/4888
f 3826/2104/1962 3825/6233/4887 3407/5914/1959
f 3407/5914/1959 3408/2103/1961 3826/2104/1962
f 3409/1875/1750 3827/2106/1964 3826/2104/1962
f 3413/5915/4693 3416/5921/4696 3412/2107/1965
f 3830/6232/4888 3416/5921/4696 3417/5920/4695 3420/6234/4697
f 3830/6232/4888 3832/6235/4889 3831/2557/2371 3829/2108/1966
f 3832/6235/4889 3830/6232/4888 3420/6234/4697 3833/6236/4890
f 3833/6237/4890 3420/5923/4697 3421/1882/1757 3424/5924/4698
f 3833/6236/4890 3835/6238/4891 3834/6239/4892 3832/6235/4889
f 3835/6240/4891 3833/6241/4890 3424/5926/4698 3836/2111/1969
f 3836/2111/1969 3838/2110/1968 3837/6242/2377 3835/6240/4891
f 3424/5926/4698 3427/2109/1967 3836/2111/1969
f 3839/2112/1970 3431/6243/4701 3841/6244/4893 3840/6245/4894
f 3427/2109/1967 3425/5927/1759 3431/6243/4701
f 3431/6243/4701 3839/2112/1970 3427/2109/1967
f 3431/5930/4701 3428/1887/1761 3842/2113/1971 3841/6246/4893
f 3843/2114/1972 3436/1889/1763 3846/2116/1974 3845/2590/2400
f 3843/2114/1972 3844/6247/2398 3842/2113/1971
f 3436/1889/1763 3437/5929/4700 3442/2117/1975
f 3442/2117/1975 3447/5941/4712 3848/6248/4895 3847/2115/1973
f 3442/2117/1975 3846/2116/1974 3436/1889/1763
f 3442/2117/1975 3443/5934/4705 3447/5941/4712
f 3452/2120/1978 3848/6248/4895 3447/5941/4712 3448/5940/4711
f 3847/2115/1973 3848/6248/4895 3850/2119/1977 3849/2589/2399
f 3853/2121/1979 3453/1891/1765 3457/1893/1767 3458/1895/1769
f 3452/2120/1978 3850/2119/1977 3848/6248/4895
f 3857/6249/4896 3458/1895/1769 3461/1897/1771 3465/6250/4724
f 3854/2595/2405 3851/2118/1976 3853/2121/1979
f 3458/1895/1769 3855/6251/4897 3853/2121/1979
f 3856/2598/2408 3853/2121/1979 3855/6251/4897
f 3458/1895/1769 3857/6249/4896 3855/6251/4897
f 3859/6252/4898 3465/5956/4724 3466/5955/4723 3470/6253/1981
f 3858/2600/2410 3855/6251/4897 3857/6249/4896
f 3465/6250/4724 3859/6254/4898 3857/6249/4896
f 3859/6254/4898 3861/6255/4899 3860/6256/4900 3857/6249/4896
f 3861/6257/4899 3859/6252/4898 3470/6253/1981 3862/6258/1980
f 3865/6259/4901 3472/1901/1775 3475/1903/1777 3479/5969/4730
f 3863/6260/4902 3861/6257/4899 3862/6258/1980
f 3864/6261/4903 3862/2122/1980 3471/1899/1773
f 3472/1901/1775 3865/6259/4901 3471/1899/1773
f 3867/6262/4904 3479/6263/4730 3480/6264/4729 3482/6265/4733
f 3866/2601/2411 3471/1899/1773 3865/6259/4901
f 3479/5969/4730 3867/6266/4904 3865/6259/4901
f 3867/6266/4904 3869/6267/4905 3868/6268/4906 3865/6259/4901
f 3869/6269/4905 3867/6262/4904 3482/6265/4733 3870/6270/4907
f 3870/6271/4907 3482/5975/4733 3481/5973/4731 3486/5978/4736
f 3870/6270/4907 3872/6272/4908 3871/6273/4909 3869/6269/4905
f 3872/6274/4908 3870/6271/4907 3486/5978/4736 3488/5977/4735
f 3872/6272/4908 3874/6275/4910 3873/6276/4911 3871/6273/4909
f 3872/6274/4908 3488/5977/4735 3489/1907/1781 3874/6277/4910
f 3874/6275/4910 3877/6278/4912 3876/6279/4913 3875/6280/4914
f 3875/6280/4914 3873/6276/4911 3874/6275/4910
f 3874/6277/4910 3489/1907/1781 3492/5980/4738 3877/6281/4912
f 3877/6278/4912 3879/6282/4915 3878/6283/4916 3876/6279/4913
f 3879/6284/4915 3877/6281/4912 3492/5980/4738 3880/6285/4917
f 3496/5981/4739 3880/6285/4917 3492/5980/4738 3493/5979/4737
f 3880/6285/4917 3882/2125/1983 3881/6286/2327 3879/6284/4915
f 3882/2125/1983 3880/6285/4917 3496/5981/4739 3499/2126/1984
f 3883/2124/1982 3884/2127/1985 3886/2128/1986 3885/2497/2317
f 3496/5981/4739 3497/1909/1783 3499/2126/1984
f 3884/2127/1985 3883/2124/1982 3499/2126/1984
f 2999/2129/1987 3515/2133/1989 2970/6287/1994 2984/1682/1567
f 3500/1914/1788 3503/1913/1787 3886/2128/1986
f 3886/2128/1986 3503/1913/1787 3507/6288/4918
f 3507/6288/4918 3888/2502/2322 3886/2128/1986
f 3507/6288/4918 3503/1913/1787 3509/2130/1988
f 3509/2130/1988 3889/2140/1995 3507/6288/4918
f 2999/2129/1987 2998/1687/1572 3509/2130/1988
f 3890/2136/1991 3516/2135/1990 3517/5986/4743 3518/2137/1992
f 3515/2134/1989 3890/2136/1991 2970/2139/1994
f 3518/2137/1992 3891/6289/4919 2907/5582/4476 2969/2138/1993
f 3891/6290/4919 3518/5989/1992 647/3816/3424 648/4153/3628
f 3891/6291/4919 3519/6292/3136 2968/6293/3134 2907/6294/4476
f 3519/6292/3136 3891/6291/4919 648/6295/3628 649/6296/3430
f 3892/2503/2323 2998/1687/1572 2996/1686/1571 3893/2505/2325
f 3892/2503/2323 3889/2140/1995 2998/1687/1572
f 3893/2505/2325 2996/1686/1571 3895/6297/4920 3894/6298/4921
f 3894/6298/4921 3895/6297/4920 3527/6299/4747 3528/6300/4746
f 2997/2142/1997 3895/6297/4920 2996/1686/1571
f 3895/6297/4920 2997/2142/1997 3896/2141/1996 3527/6299/4747
f 3527/6301/4747 3896/2143/1996 3524/6302/3133 3525/6303/4744
f 3894/6298/4921 3898/6304/4922 3897/2504/2324 3893/2505/2325
f 3896/2143/1996 3523/1922/1796 3524/6302/3133
f 2985/1685/1570 3522/3393/1797 3896/2141/1996
f 3898/6304/4922 3894/6298/4921 3528/6300/4746 3529/6305/4749
f 3898/6304/4922 3900/2419/2247 3899/2421/2249 3897/2504/2324
f 3900/6306/2247 3898/6307/4922 3529/6002/4749 3901/2145/1999
f 3901/2145/1999 3529/6002/4749 3530/6001/4748 3531/2146/2000
f 3902/2144/1998 1066/4162/3632 1065/4165/3633 3903/2147/2001
f 1066/4162/3632 3902/2144/1998 3531/2146/2000 2848/6005/3436
f 1067/473/450 3904/2152/2002 3905/2151/2003 2835/5517/4448
f 3906/6308/3126 3905/6309/2003 3535/6310/1803 3907/6311/4923
f 3908/6312/4924 3907/6313/4923 3536/6007/4751 3537/6006/4750
f 3908/6314/4924 3906/6308/3126 3907/6311/4923
f 3537/6006/4750 3539/6012/4752 3909/6315/4925 3908/6312/4924
f 3535/6310/1803 3536/6316/4751 3907/6311/4923
f 3539/6012/4752 3540/1936/1808 3910/2155/2004 3909/6315/4925
f 3549/1939/1811 3911/2156/2005 3544/1935/1807 3546/1937/1809
f 3910/2155/2004 3911/2156/2005 3913/6317/4926 3912/6318/3129
f 3912/3384/3129 3913/6319/4926 3915/6320/4927 3914/3382/3127
f 3549/1939/1811 3913/6317/4926 3911/2156/2005
f 3913/6321/4926 3549/6014/1811 3551/6017/4755 3915/6322/4927
f 3914/3382/3127 3915/6320/4927 2854/6323/461 1080/6324/460
f 3915/6322/4927 3551/6017/4755 687/6021/3442 2854/6325/461
f 1082/4178/3637 690/3859/3449 3554/1943/1815 3916/2157/2006
f 3917/2158/2007 3557/1946/1817 3920/6326/4928 3919/6327/4929
f 3556/6328/1816 3917/6329/2007 3916/6330/2006
f 3918/6331/4930 3916/6330/2006 3917/6329/2007
f 3920/6326/4928 3558/1948/1818 3559/2159/2008 3921/2161/2010
f 3558/1948/1818 3920/6326/4928 3557/1946/1817
f 3922/2160/2009 3561/6031/4757 3563/1955/1825 3923/2163/2012
f 3561/6031/4757 3922/2160/2009 3559/2159/2008
f 3559/2159/2008 3560/1905/1779 3561/6031/4757
f 3924/6332/2013 3566/6333/2011 3569/6037/4760 3925/6334/4931
f 3564/1954/1824 3566/2162/2011 3563/1955/1825
f 3923/2163/2012 3926/6335/4932 3927/6336/4933 3922/2160/2009
f 3567/6035/4759 3569/6337/4760 3566/2162/2011
f 3924/2164/2013 3926/6335/4932 3923/2163/2012
f 3928/6338/4934 3927/6339/4933 3926/6340/4932 3929/6341/4935
f 3922/2160/2009 3927/6336/4933 3930/6342/2014 3921/2161/2010
f 3927/6339/4933 3928/6338/4934 3931/2166/2015 3930/2165/2014
f 3931/2166/2015 3928/6338/4934 1099/6343/3645 2855/6344/3644
f 3932/2167/2016 3931/2166/2015 2855/6344/3644 1102/6345/3646
f 1102/4194/3646 2856/4196/3647 3933/6346/4936 3932/6347/2016
f 1108/2168/476 1104/2209/505 3935/2210/2052 3934/2169/2017
f 3952/2186/2032 3950/2183/2029 3966/6348/4937 3953/2187/2033
f 3937/6349/4938 3936/2171/2019 3934/2173/2017
f 3941/2175/2021 3936/2171/2019 3939/2176/2022
f 3946/2179/2025 3971/2202/2045 3947/2203/2046
f 3947/2203/2046 4554/2181/2027 3946/2179/2025
f 3948/2182/2028 4554/2181/2027 3947/2203/2046
f 3949/2185/2031 4556/2180/2026 3948/2182/2028
f 3948/2182/2028 3950/2183/2029 3949/2185/2031
f 3955/2188/2034 3953/2187/2033 3954/6350/4939 3956/6351/2037
f 3957/2189/2035 3962/2199/2039 3961/2624/2433 3960/2192/2038
f 3954/6352/4939 3957/2189/2035 3956/2191/2037
f 3959/2197/2042 3962/2199/2039 3957/2189/2035
f 31/6353/491 3961/6354/2433 1129/6355/3653 1131/6356/489
f 3962/2193/2039 1130/2195/2040 1129/6355/3653 3961/6354/2433
f 3974/2637/2442 3942/2204/2047 3939/2176/2022 3975/6357/4940
f 3954/6352/4939 3964/6358/4941 3959/2197/2042
f 3957/2189/2035 3954/6352/4939 3959/2197/2042
f 3965/2629/2436 3959/2197/2042 3964/6358/4941
f 3953/2187/2033 3966/6348/4937 3964/6359/4941
f 3954/6350/4939 3953/2187/2033 3964/6359/4941
f 3967/2635/2438 3964/6359/4941 3966/6348/4937
f 3950/2183/2029 3968/2201/2044 3966/6348/4937
f 3969/2633/2439 3966/6348/4937 3968/2201/2044
f 3950/2183/2029 3948/2182/2028 3968/2201/2044
f 3971/2202/2045 3945/2177/2023 4573/3015/2798
f 3971/2202/2045 3946/2179/2025 3945/2177/2023
f 3943/2206/2049 4574/3014/2797 3945/2177/2023
f 3943/2206/2049 4575/3017/2800 4574/3014/2797
f 3945/2177/2023 3940/2174/2020 3943/2206/2049
f 3943/2206/2049 3940/2174/2020 3942/2204/2047
f 3973/2638/2443 3972/2205/2048 3942/2204/2047
f 3940/2174/2020 3939/2176/2022 3942/2204/2047
f 3975/6357/4940 3939/2176/2022 3936/2171/2019 3937/6349/4938
f 1145/2207/2050 2857/6360/3656 3979/6361/4942 3977/2208/2051
f 3976/6362/4943 3975/6357/4940 3937/6349/4938
f 3935/6363/2052 3977/6364/2051 3937/6349/4938
f 3934/2173/2017 3935/6363/2052 3937/6349/4938
f 3978/6365/4944 3937/6349/4938 3977/6364/2051
f 2858/4226/3658 1148/6366/3657 3929/6341/4935 3980/6367/4945
f 3929/6341/4935 1148/6366/3657 1099/6343/3645 3928/6338/4934
f 3980/6367/4945 3981/6368/4946 1150/4227/3661 2858/4226/3658
f 3981/6368/4946 3980/6367/4945 3924/6332/2013 3925/6334/4931
f 3980/6367/4945 3929/6341/4935 3926/6340/4932 3924/6332/2013
f 3925/6334/4931 3983/2211/2053 3982/2642/2447 3981/6368/4946
f 3985/2213/2055 3984/2212/2054 3568/1957/1827 3570/1956/1826
f 3925/6334/4931 3984/2212/2054 3983/2211/2053
f 3984/2212/2054 3925/6334/4931 3569/6037/4760 3568/1957/1827
f 3985/2213/2055 3987/6369/4947 3986/6370/2448 3983/2211/2053
f 3987/6369/4947 3985/2213/2055 3570/1956/1826 3572/6039/4762
f 3987/6371/4947 3989/6372/4948 3988/2644/2449 3986/2643/2448
f 3989/6372/4948 3987/6371/4947 3572/6042/4762 3574/2216/2058
f 3989/6372/4948 3991/2648/2452 3990/2647/2451 3988/2644/2449
f 3991/2648/2452 3989/6372/4948 3574/2216/2058 3577/2215/2057
f 3577/2215/2057 3993/2219/2061 3992/2649/2453 3991/2648/2452
f 3993/2219/2061 3577/2215/2057 3576/2221/2063 3995/2217/2059
f 3996/2653/2457 3578/2220/2062 3580/6044/4764 3997/2223/2065
f 3578/2220/2062 3996/2653/2457 3995/2217/2059
f 3997/2223/2065 3580/6044/4764 3582/6045/1834 3998/2224/2066
f 3998/6373/2066 3586/6374/4766 4000/6375/4949 3999/6376/2064
f 3998/6373/2066 3582/1965/1834 3584/1967/1836 3586/6374/4766
f 3999/6376/2064 4000/6375/4949 4002/6377/4950 4001/6378/4951
f 4000/6379/4949 3588/6057/4770 4003/6380/4952 4002/6381/4950
f 4000/6379/4949 3586/6053/4766 3587/6052/4765 3588/6057/4770
f 4002/6381/4950 4003/6380/4952 4005/2225/2067 4004/2656/2460
f 4005/2225/2067 4003/6380/4952 3590/6054/4767 3592/2226/2068
f 4008/2230/2072 4006/2229/2071 3595/6060/4773 4009/2231/2073
f 3588/6057/4770 3590/6054/4767 4003/6380/4952
f 3592/2226/2068 4006/2229/2071 4607/2227/2069
f 4007/2228/2070 4607/2227/2069 4006/2229/2071
f 4006/2229/2071 3592/2226/2068 3593/6056/4769 3595/6060/4773
f 4009/2231/2073 3598/6063/4776 4011/6382/4953 4010/2232/2074
f 3598/6063/4776 4009/2231/2073 3595/6060/4773 3596/6059/4772
f 4010/2232/2074 4011/6382/4953 3037/5651/4523 3038/5650/4522
f 4011/6382/4953 3601/6065/4778 4012/6383/4954 3037/5651/4523
f 3601/6065/4778 4011/6382/4953 3598/6063/4776 3599/6062/4775
f 3037/5651/4523 4012/6383/4954 4013/2234/2076 2918/3376/3121
f 3602/2235/2077 4012/6383/4954 3601/6065/4778 3600/6064/4777
f 3602/2235/2077 4013/2234/2076 4012/6383/4954
f 3603/2237/2079 3605/2240/2082 4016/2239/2081 4015/2236/2078
f 3603/2237/2079 4014/2233/2075 3602/2235/2077
f 3602/2235/2077 3439/5933/4704 3603/2237/2079
f 4015/2236/2078 4016/2239/2081 4018/6384/4955 4017/6385/4956
f 4018/6384/4955 4019/2238/2080 4021/6386/4957 4020/6387/4958
f 4019/2238/2080 4018/6384/4955 4016/2239/2081
f 4019/2238/2080 3607/2243/2085 4022/2242/2084 4021/6386/4957
f 3607/2243/2085 4019/2238/2080 3605/2240/2082 3604/1969/1838
f 4024/2245/2083 3610/2244/2086 3612/6068/4780 4026/6388/2087
f 4022/2242/2084 4023/6389/4959 4021/6386/4957
f 4024/2241/2083 4025/2247/2088 4022/2242/2084
f 4026/6388/2087 3612/6068/4780 4029/6390/4960 4028/6391/4961
f 4026/2246/2087 4027/2751/2548 4025/2247/2088
f 3612/6068/4780 3613/1975/1843 4030/2249/2090 4029/6390/4960
f 4033/2250/2091 3616/1977/1845 3619/6070/2094 4034/6392/2093
f 4032/6393/2092 4031/6394/2089 3615/6395/1842
f 3615/1974/1842 3616/1977/1845 4032/2251/2092
f 4033/6396/2091 4034/2252/2093 4036/2254/2095 4035/2756/2553
f 2850/573/546 763/577/550 4034/2252/2093
f 4037/2256/2097 1203/4264/3681 764/310/301 3621/1980/1848
f 763/577/550 4036/2254/2095 4034/2252/2093
f 4037/2256/2097 4038/2255/2096 4040/6397/4962 4039/6398/4963
f 3625/2260/2101 4038/2255/2096 3622/2257/2098 3623/1982/1850
f 3625/2260/2101 4040/6397/4962 4038/2255/2096
f 3625/2260/2101 4042/2259/2100 4041/6399/4964 4040/6397/4962
f 3627/2258/2099 4044/2261/2102 4043/2759/2556 4042/2259/2100
f 3624/6073/4782 3627/2258/2099 3625/2260/2101
f 4044/2261/2102 3627/2258/2099 3629/6400/4783 4045/2262/2103
f 4046/6401/2104 4045/6402/2103 3631/6076/4784 4047/6403/4965
f 3626/6074/1852 3629/6400/4783 3627/2258/2099
f 4045/6402/2103 3629/6075/4783 3630/1987/1855 3631/6076/4784
f 4047/6403/4965 4049/6404/4966 4048/6405/4967 4046/6401/2104
f 4049/6404/4966 4047/6403/4965 3633/6077/4785 4050/6406/4968
f 4047/6403/4965 3631/6076/4784 3632/1990/1858 3633/6077/4785
f 4050/6406/4968 4052/2264/2105 4051/2763/2560 4049/6404/4966
f 4052/2264/2105 4050/6406/4968 3636/6078/4786 4053/2265/2106
f 4050/6406/4968 3633/6077/4785 3634/1992/1860 3636/6078/4786
f 4054/2266/2107 4053/2265/2106 3638/6081/4789 4055/2268/2109
f 4055/2268/2109 4057/2267/2108 4056/6407/4969 4054/2266/2107
f 3636/6078/4786 3638/6081/4789 4053/2265/2106
f 4061/6408/4970 4059/2269/2110 3641/1996/1864 4062/6409/4971
f 3638/6081/4789 3640/1994/1862 4055/2268/2109
f 4059/2269/2110 4058/6410/4972 4057/2267/2108
f 4061/6408/4970 4060/2766/2563 4059/2269/2110
f 4061/6408/4970 4062/6409/4971 4064/6411/4973 4063/6412/4974
f 4062/6413/4971 3644/6084/4792 4065/6414/4975 4064/6415/4973
f 3644/6084/4792 4062/6413/4971 3641/1998/1864 3642/2000/1866
f 4065/6416/4975 4067/6417/4976 4066/6418/4977 4064/6411/4973
f 4067/6419/4976 4065/6420/4975 3647/6090/4795 4068/6421/4978
f 3647/6422/4795 4065/6414/4975 3644/6084/4792 3645/6083/4791
f 4068/6421/4978 4070/6423/4979 4069/6424/4980 4067/6419/4976
f 4070/6423/4979 4068/6421/4978 3650/6093/4798 4071/6425/4981
f 4068/6421/4978 3647/6090/4795 3648/6089/4794 3650/6093/4798
f 4070/6423/4979 4071/6425/4981 4073/6426/4982 4072/6427/4983
f 4071/6425/4981 3652/6094/4799 4074/6428/4984 4073/6426/4982
f 4071/6425/4981 3650/6093/4798 3651/6092/4797 3652/6094/4799
f 4073/6426/4982 4074/6428/4984 4076/6429/4985 4075/6430/4986
f 4074/6428/4984 3654/6095/4800 3656/6096/4801 4076/6429/4985
f 3654/6095/4800 4074/6428/4984 3652/6094/4799 3653/2001/1867
f 4076/6429/4985 3656/6096/4801 3657/2005/1871 4077/6431/4987
f 4077/6431/4987 3657/2005/1871 1243/6432/3710 1242/6433/3711
f 3654/6095/4800 3655/2003/1869 3656/6096/4801
f 3661/6103/4805 1244/4304/3712 2851/3946/3502 3659/6098/4803
f 801/2004/1870 1243/6432/3710 3657/2005/1871
f 1244/4304/3712 3661/6103/4805 4078/6434/4988 2859/4306/3714
f 3664/2272/2113 4078/6434/4988 3661/6103/4805 3662/6102/4804
f 2859/4306/3714 4078/6434/4988 4079/2271/2112 2008/4307/3715
f 3664/2272/2113 3665/6107/1876 4081/6435/2114 4080/2270/2111
f 3664/2272/2113 4079/2271/2112 4078/6434/4988
f 4081/6435/2114 4083/6436/2116 4082/6437/2565 4080/2270/2111
f 4083/2275/2116 4081/2273/2114 3668/2009/1875 4084/2274/2115
f 4085/2276/2117 4084/2274/2115 3671/2013/1879 4086/2277/2118
f 4089/6438/4989 3674/2017/1883 3677/2019/1885 3680/6114/4811
f 3673/2015/1881 4087/2278/2119 4086/2277/2118
f 4088/2771/2568 4086/2277/2118 4087/2278/2119
f 3674/2017/1883 4089/6438/4989 4087/2278/2119
f 4090/6439/4990 3680/6114/4811 3681/6113/4810 3682/6440/4812
f 3680/6114/4811 4090/6439/4990 4089/6438/4989
f 4090/6439/4990 4092/6441/4991 4091/6442/4992 4089/6438/4989
f 4092/6443/4991 4090/6444/4990 3682/6116/4812 4093/6445/4993
f 4093/6445/4993 3682/6116/4812 3684/6118/4814 3687/6122/4818
f 4093/6445/4993 4095/6446/4994 4094/6447/4995 4092/6443/4991
f 4095/6446/4994 4093/6445/4993 3687/6122/4818 4096/6448/4996
f 4096/6448/4996 3687/6122/4818 3688/6121/4817 3691/6126/4822
f 4096/6448/4996 4098/6449/4997 4097/6450/4998 4095/6446/4994
f 4098/6449/4997 4096/6448/4996 3691/6126/4822 4099/6451/4999
f 3695/6130/4826 4099/6451/4999 3691/6126/4822 3692/6125/4821
f 4099/6451/4999 4101/6452/5000 4100/6453/5001 4098/6449/4997
f 4099/6451/4999 3695/6130/4826 4102/6454/5002 4101/6452/5000
f 3699/6135/4830 4102/6454/5002 3695/6130/4826 3696/6129/4825
f 4102/6454/5002 4104/6455/5003 4103/6456/5004 4101/6452/5000
f 4102/6454/5002 3699/6135/4830 4105/6457/5005 4104/6455/5003
f 3703/6140/4834 4105/6457/5005 3699/6135/4830 3700/6134/4829
f 4104/6455/5003 4105/6457/5005 3071/2281/2122 4106/2280/2121
f 4105/6457/5005 3703/6140/4834 2925/5675/4545 3071/2281/2122
f 4106/2280/2121 4107/6458/5006 4103/6456/5004 4104/6455/5003
f 4107/6458/5006 4106/2280/2121 3072/2279/2120 4108/6459/5007
f 4108/6459/5007 3072/2279/2120 4110/6460/5008 4109/6461/5009
f 4112/3375/3120 4111/6462/5010 3072/2279/2120 3073/3373/3118
f 4111/6462/5010 4110/6460/5008 3072/2279/2120
f 4110/6460/5008 4111/6462/5010 4114/6463/5011 4113/6464/5012
f 4111/6462/5010 4112/3375/3120 4115/6465/5013 4114/6463/5011
f 4116/6466/5014 4115/6465/5013 4112/3375/3120 3077/3374/3119
f 4114/6463/5011 4115/6465/5013 4118/6467/5015 4117/6468/5016
f 4115/6465/5013 4116/6466/5014 4119/6469/5017 4118/6467/5015
f 4120/6470/5018 4119/6471/5017 4116/6472/5014 4121/3341/3089
f 4118/6467/5015 4119/6469/5017 4123/6473/5019 4122/6474/5020
f 4123/6475/5019 4120/6470/5018 4126/6476/5021 4125/6477/5022
f 4120/6470/5018 4123/6475/5019 4119/6471/5017
f 4126/6476/5021 4124/3338/3086 4130/2283/2124 4129/2776/2573
f 4124/3338/3086 4126/6476/5021 4120/6470/5018
f 4124/3338/3086 4128/3339/3087 4127/2284/2125
f 4133/2282/2123 4131/6478/5023 4136/2286/2127 4135/6479/5024
f 4127/2284/2125 4130/2283/2124 4124/3338/3086
f 4127/2284/2125 4132/6480/5025 4131/6478/5023
f 4131/6478/5023 4133/2282/2123 4127/2284/2125
f 4131/6478/5023 4134/6481/3083 4137/2287/2128 4136/2286/2127
f 4138/6482/5026 4137/6483/2128 4134/3335/3083 4139/3334/3082
f 4137/6483/2128 4138/6482/5026 4141/2290/2130 4140/2289/2126
f 4143/2293/2133 4142/2288/2129 4141/2290/2130 4144/3329/3077
f 4138/6482/5026 4139/3334/3082 4141/2290/2130
f 4146/6484/2132 4143/6485/2133 4148/6486/3078 4147/2296/2136
f 4149/2780/2577 4146/6484/2132 4147/2296/2136 4150/2295/2135
f 4153/6487/5027 4150/2295/2135 4155/3328/3076 4154/2790/2587
f 4152/6488/5028 4149/2780/2577 4150/2295/2135
f 4150/2295/2135 4153/6487/5027 4152/6488/5028
f 4168/2299/2139 4165/2298/2138 4166/3322/3070 4169/2301/2141
f 4156/2787/2584 4152/6488/5028 4153/6487/5027
f 4158/2785/2582 4153/6487/5027 4154/2790/2587
f 4160/6489/5029 4159/6490/5030 4157/2788/2585
f 4162/6491/5031 4161/6492/5032 4159/6490/5030
f 4163/2789/2586 4157/2788/2585 4159/6490/5030
f 4164/3326/3074 4165/2298/2138 4161/6492/5032
f 3763/6176/4857 4193/6493/2159 4191/6172/4856 3762/5845/4664
f 4166/3322/3070 4170/3321/3069 4169/2301/2141
f 4172/3320/2143 4171/6494/2140 4169/6495/2141
f 4169/6495/2141 4173/3318/3067 4172/3320/2143
f 4174/2302/2142 4176/2306/2145 4175/2794/2591
f 4894/6496/5033 4175/2794/2591 4176/2306/2145
f 4179/6497/5034 4894/6496/5033 4176/2306/2145
f 4176/2306/2145 4180/2308/2147 4179/6497/5034
f 4184/2313/2152 4183/2312/2151 4181/2310/2149
f 4183/2312/2151 4897/2795/2592 4181/2310/2149
f 3761/2317/2156 4189/2316/2155 4188/2057/1921
f 4191/6172/4856 4901/2798/2595 4190/2315/2154
f 4193/6493/2159 4192/6498/2158 4191/6172/4856
f 4193/2320/2159 3763/6499/4857 3764/6500/2161 4194/2318/2157
f 3764/6175/2161 4196/6501/2160 4195/6502/5035 4194/6503/2157
f 3767/2063/1925 4197/2324/2163 4196/2321/2160 3766/2061/1924
f 3778/2077/1938 4205/6504/5036 4204/2926/2717 4203/2334/2171
f 3769/2067/1928 3771/2327/1930 3768/2064/1926
f 3352/2068/1929 3353/2072/1933 4199/2329/2166
f 4202/2333/2170 3301/1799/1681 3776/2335/2172
f 4203/2334/2171 5080/2921/2713 3776/2335/2172
f 3776/2335/2172 3777/2078/1939 3778/2077/1938
f 3778/2077/1938 3779/6178/4859 4206/6505/5037 4205/6504/5036
f 4205/6506/5036 4206/6507/5037 4208/6508/5038 4207/6509/5039
f 4206/6507/5037 3781/2336/2173 4209/2338/2175 4208/6508/5038
f 3781/6510/2173 4206/6505/5037 3779/6178/4859 3780/6177/4858
f 4208/6508/5038 4209/2338/2175 4211/6511/5040 4210/6512/5041
f 4211/6511/5040 4209/2338/2175 3782/2337/2174 3784/6513/2177
f 3784/6514/2177 4213/6515/4861 4212/6516/5042 4211/6517/5040
f 4215/6518/5043 3787/2080/1941 3789/6191/4864 4217/6519/5044
f 4215/6518/5043 4214/6520/5045 4213/6187/4861
f 4217/6519/5044 4216/6521/5046 4215/6518/5043
f 3787/2080/1941 4215/6518/5043 4213/6187/4861 3786/2081/1942
f 4217/6522/5044 3789/6523/4864 4219/2343/2179 4218/2937/2727
f 4220/2344/2180 3791/6198/4867 3793/2346/2182 4221/2342/2178
f 4220/2344/2180 4219/2343/2179 3789/6523/4864
f 3791/6199/4867 4220/6524/2180 3789/6191/4864 3790/6190/4863
f 4223/2348/2184 3796/6203/4868 4225/6525/5047 4224/2347/2183
f 4223/2348/2184 4222/2345/2181 3793/2346/2182
f 3796/6203/4868 4223/2348/2184 3793/2346/2182 3794/6197/4866
f 4225/6525/5047 4227/6526/5048 4226/2941/2731 4224/2347/2183
f 4227/6526/5048 4225/6525/5047 3798/6204/4869 3799/6208/4873
f 4225/6525/5047 3796/6203/4868 3797/2084/1945 3798/6204/4869
f 4230/6527/5049 4229/6528/5050 3801/6207/4872 4231/6529/5051
f 4228/6530/5052 4227/6526/5048 3799/6208/4873
f 3799/6208/4873 4229/6528/5050 4228/6530/5052
f 4230/6527/5049 4228/6530/5052 4229/6528/5050
f 4231/6529/5051 4233/6531/5053 4232/6532/5054 4230/6527/5049
f 3799/6208/4873 3801/6207/4872 4229/6528/5050
f 4233/6531/5053 4231/6529/5051 4235/6533/5055 4234/6534/5056
f 4231/6529/5051 3801/6207/4872 3802/6206/4871 4235/6533/5055
f 4234/6534/5056 4235/6533/5055 3806/6213/4878 4236/2351/2187
f 4235/6533/5055 3802/6206/4871 3803/6210/4875 3806/6213/4878
f 4236/2351/2187 4237/2350/2186 5112/6535/5057 4234/6534/5056
f 4236/2351/2187 3806/6213/4878 3807/6212/4877 4238/2349/2185
f 4240/6536/5058 4238/2349/2185 3807/6212/4877 3808/6215/4880
f 4240/6536/5058 4239/2945/2735 4238/2349/2185
f 4240/6536/5058 4242/6537/5059 4241/2353/2189 4239/2945/2735
f 4242/6537/5059 4240/6536/5058 3808/6215/4880 3810/6216/4881
f 4242/6537/5059 3812/6218/4883 4243/2354/2190 4241/2353/2189
f 3812/6218/4883 4242/6537/5059 3810/6216/4881 3811/6217/4882
f 4243/2354/2190 974/2089/1950 4245/2356/2192 4244/2352/2188
f 974/2089/1950 4243/2354/2190 3812/6218/4883 3813/2090/1951
f 4245/2356/2192 2860/2357/2193 1419/4421/3803 4246/2355/2191
f 1421/2360/2196 4247/2359/2195 4248/6538/2198 2861/4423/3805
f 4248/2362/2198 4247/2447/2195 4250/2444/2272 4249/2363/2199
f 4251/2361/2197 4253/2442/2270 4255/2366/2202 4254/2365/2201
f 4248/6538/2198 2325/4425/3807 2861/4423/3805
f 4252/6539/5060 4248/2362/2198 4251/2361/2197
f 4257/2368/2204 4256/2364/2200 4255/2366/2202 4258/6540/5061
f 4262/6541/5062 4261/6542/2206 4260/6543/2205 4263/6544/5063
f 4261/6542/2206 4262/6541/5062 4268/6545/5064 4267/6546/2742
f 4261/2370/2206 4264/2949/2739 4259/2367/2203
f 4262/6541/5062 4266/6547/5065 4265/6548/5066
f 4268/6545/5064 4265/6548/5066 4271/2375/2211 4270/6549/2744
f 4265/6548/5066 4268/6545/5064 4262/6541/5062
f 4265/6548/5066 4269/2371/2207 4272/2373/2209 4271/2375/2211
f 4272/2373/2209 4273/2372/2208 4275/6550/5067 4274/2374/2210
f 4276/6551/5068 4275/6550/5067 4273/2372/2208 4277/2437/2265
f 4275/6550/5067 4276/6551/5068 4281/2377/2213 4280/2960/2749
f 4276/6551/5068 4279/2436/2264 4278/2378/2214
f 4278/2378/2214 4282/2432/2260 4284/6552/5069 4283/2376/2212
f 4278/2378/2214 4281/2377/2213 4276/6551/5068
f 4284/6552/5069 4282/2432/2260 4286/2434/2262 4285/6553/5070
f 4287/6554/5071 4285/6555/5070 4289/6556/5072 4288/6557/5073
f 4285/6553/5070 4287/6558/5071 4284/6552/5069
f 4287/6554/5071 4288/6557/5073 4293/2380/2216 4292/6559/5074
f 4287/6558/5071 4290/6560/5075 4284/6552/5069
f 4288/6557/5073 4291/6561/5076 4294/2381/2217 4293/2380/2216
f 4295/2429/2257 4294/6562/2217 4291/6563/5076 4296/2430/2258
f 4294/6562/2217 4295/2429/2257 4298/2384/2219 4297/2383/2215
f 2975/2387/2222 4300/6564/5077 4298/2384/2219 2974/5587/4480
f 4300/6564/5077 4299/2382/2218 4298/2384/2219
f 4299/2382/2218 4300/6564/5077 4302/2386/2221 4301/2967/2756
f 2975/2387/2222 4303/6565/5078 4305/2389/2224 4304/2385/2220
f 2975/2387/2222 4302/2386/2221 4300/6564/5077
f 2975/2387/2222 2976/5589/4481 4303/6565/5078
f 4307/2388/2223 4308/6566/5079 4311/6567/5080 4310/2973/2762
f 4303/6565/5078 4306/6568/5081 4305/2389/2224
f 4308/6566/5079 4307/2388/2223 4305/2389/2224
f 4305/2389/2224 4309/6569/5082 4308/6566/5079
f 4312/6570/5083 4311/6567/5080 4308/6566/5079 4313/6571/5084
f 4311/6567/5080 4312/6570/5083 4316/6572/5085 4315/6573/5086
f 4315/6573/5086 4314/6574/5087 4311/6567/5080
f 4317/6575/5088 4316/6572/5085 4312/6570/5083 4318/6576/5089
f 4316/6577/5085 4320/6578/5090 4319/2974/2763 4315/6579/5086
f 4320/6578/5090 4316/6577/5085 4317/6580/5088 4321/6581/5091
f 1498/4477/3840 4321/6581/5091 4317/6580/5088 1499/6582/3841
f 4322/2978/2767 4321/6581/5091 1498/4477/3840 2862/705/668
f 4322/2978/2767 4320/6578/5090 4321/6581/5091
f 4322/2978/2767 2862/705/668 1501/707/669 4323/2977/2766
f 1505/6583/670 1502/6584/3842 4324/6585/5092 4326/6586/5093
f 1502/6584/3842 4325/6587/2236 4324/6585/5092
f 4327/2392/2227 4326/6588/5093 4324/6589/5092 4328/2399/2234
f 4329/2391/2226 2940/2395/2230 2901/6590/4453 4326/6588/5093
f 4327/2392/2227 4329/2391/2226 4326/6588/5093
f 48/6591/3140 2939/6592/2229 4332/2985/2774 1508/6593/3843
f 4329/2391/2226 4331/2393/2228 2940/2395/2230
f 4331/2393/2228 4332/6594/2774 2939/2394/2229
f 4337/6595/2235 1515/6596/3844 1516/2992/2780 4338/2991/2778
f 4332/2985/2774 1509/2984/2773 1508/6593/3843
f 4332/6594/2774 4331/2393/2228 4333/3185/2951
f 5164/3195/2960 4333/3185/2951 4331/2393/2228
f 4331/2393/2228 4329/2391/2226 5164/3195/2960
f 4334/2397/2232 5164/3195/2960 4329/2391/2226
f 4329/2391/2226 4330/2390/2225 4334/2397/2232
f 4328/2399/2234 4335/2396/2231 4330/2390/2225
f 4330/2390/2225 4327/2392/2227 4328/2399/2234
f 4325/2401/2236 4336/2398/2233 4328/2399/2234
f 4324/6589/5092 4325/2401/2236 4328/2399/2234
f 1515/6596/3844 4337/6595/2235 4325/6587/2236
f 4325/6587/2236 1502/6584/3842 1515/6596/3844
f 4342/6597/2241 4346/6598/2244 4345/2996/2783 4344/6599/5094
f 37/4491/3846 1517/2403/2238 2931/2402/2237
f 4340/6600/2240 4341/2411/2242 2931/2402/2237
f 37/4491/3846 2931/2402/2237 4341/2411/2242
f 4341/2411/2242 1522/720/682 37/4491/3846
f 4343/2412/2243 4342/2408/2241 4344/6601/5094
f 4348/6602/2785 4346/2413/2244 4340/2405/2240 4349/2415/2246
f 4348/2998/2785 4347/2994/2781 4346/6598/2244
f 2863/4497/3850 4318/6576/5089 4352/6603/5095 1531/4498/3851
f 4350/2414/2245 4351/3000/2787 4349/2415/2246
f 1517/2403/2238 1529/2417/689 4350/2416/2245
f 4318/6576/5089 2863/4497/3850 1499/4476/3841 4317/6575/5088
f 1531/4498/3851 4352/6603/5095 4353/6604/5096 2864/4499/3852
f 4352/6603/5095 4313/6571/5084 4309/6569/5082 4353/6604/5096
f 4313/6571/5084 4352/6603/5095 4318/6576/5089 4312/6570/5083
f 4353/6604/5096 4309/6569/5082 4355/6605/5097 4354/6606/5098
f 4306/6568/5081 4357/6607/5099 4356/6608/5100 4355/6605/5097
f 4306/6568/5081 4355/6605/5097 4309/6569/5082
f 4313/6571/5084 4308/6566/5079 4309/6569/5082
f 4357/6609/5099 4359/6610/5101 4358/6611/5102 4356/6612/5100
f 4306/6568/5081 2977/6613/4482 4357/6607/5099
f 4309/6569/5082 4305/2389/2224 4306/6568/5081
f 4359/6610/5101 4357/6609/5099 2977/6614/4482 2978/1680/1565
f 4359/6610/5101 4360/6615/5103 3903/2147/2001 4358/6611/5102
f 4360/6615/5103 4359/6610/5101 2978/1680/1565 2979/1679/1564
f 3900/2419/2247 4360/6616/5103 2979/5598/1564 4361/2420/2248
f 4360/6615/5103 3900/6306/2247 3901/2145/1999 3903/2147/2001
f 4361/2420/2248 2979/5598/1564 2982/2425/2253 4363/2422/2250
f 4361/2420/2248 4362/2423/2251 3899/2421/2249
f 4363/2422/2250 4365/2424/2252 4367/6617/5104 4366/2499/2319
f 4363/2422/2250 4364/2500/2320 4362/2423/2251
f 4365/6618/2252 4369/2428/2256 4368/6619/5105 4367/6620/5104
f 4369/2428/2256 4365/6618/2252 2982/6621/2253 2980/2426/2254
f 4369/2428/2256 2981/2427/2255 4370/6622/5106 4368/6619/5105
f 4371/2431/2259 4296/2430/2258 4373/6623/5107 4372/6624/5108
f 4371/2431/2259 4370/6625/5106 2981/6626/2255
f 2981/6626/2255 4295/2429/2257 4371/2431/2259
f 4373/6623/5107 4296/2430/2258 4291/6563/5076 4374/6627/5109
f 4374/6628/5109 4291/6561/5076 4288/6557/5073 4289/6556/5072
f 4375/2493/2313 4373/6623/5107 4374/6627/5109
f 4289/6556/5072 4376/6629/5110 4374/6628/5109
f 4376/6629/5110 4289/6556/5072 4285/6555/5070 4286/6630/2262
f 4377/2489/2311 4374/6628/5109 4376/6629/5110
f 4286/2434/2262 4379/2433/2261 4378/6631/2310 4376/6632/5110
f 4269/2371/2207 4266/6547/5065 4385/6633/5111 4384/2439/2267
f 4380/6634/5112 4379/2433/2261 4282/2432/2260
f 4282/2432/2260 4278/2378/2214 4279/2436/2264
f 4279/2436/2264 4381/2483/2306 4282/2432/2260
f 4279/2436/2264 4276/6551/5068 4277/2437/2265
f 4273/2372/2208 4382/2435/2263 4277/2437/2265
f 4269/2371/2207 4383/2438/2266 4273/2372/2208
f 4263/6544/5063 4385/6633/5111 4266/6547/5065 4262/6541/5062
f 4269/2371/2207 4265/6548/5066 4266/6547/5065
f 4385/6633/5111 4263/6544/5063 4387/2472/2296 4386/2475/2298
f 4263/6544/5063 4260/6543/2205 4388/6635/5113 4387/2472/2296
f 4258/6540/5061 4388/6636/5113 4260/2369/2205 4257/2368/2204
f 4388/6636/5113 4258/6540/5061 4390/2441/2269 4389/2471/2295
f 4249/2363/2199 4391/2440/2268 4253/2442/2270 4251/2361/2197
f 4253/2442/2270 4390/2441/2269 4258/6540/5061
f 4258/6540/5061 4255/2366/2202 4253/2442/2270
f 4249/2363/2199 4250/2444/2272 4391/2440/2268
f 4394/2449/2273 1581/2448/2275 1583/4531/3871 4396/6637/5114
f 4393/2446/2274 4392/2443/2271 4250/2444/2272
f 4394/2445/2273 4395/2463/2287 4393/2446/2274
f 1585/6638/3875 4398/6639/5115 4397/6640/5116 2865/4642/3876
f 4398/6639/5115 1585/6638/3875 2866/6641/3877 4399/6642/5117
f 4399/6643/5117 4401/6644/5118 4400/6645/5119 4398/6646/5115
f 4401/6644/5118 4399/6643/5117 4403/6647/5120 4402/2462/2286
f 4399/6642/5117 2866/6641/3877 1592/6648/3879 4403/6649/5120
f 4403/6650/5120 1592/6651/3879 2867/2451/2277 4404/2450/2276
f 4407/2455/2279 3816/2093/1953 3815/1865/1740 3035/1698/1583
f 975/2092/400 3814/2091/1952 4404/2450/2276
f 4401/6644/5118 4411/2461/2285 4412/2538/2356 4400/6645/5119
f 4408/2457/2281 4407/2455/2279 2917/2456/2280
f 2917/2456/2280 4500/2568/2382 4408/2457/2281
f 4406/2454/2278 4410/2458/2282 4402/2462/2286
f 4411/2461/2285 4401/6644/5118 4402/2462/2286
f 4400/6645/5119 4412/2538/2356 4413/2540/2358 4414/6652/5121
f 4414/6652/5121 4413/2540/2358 3030/5643/4517 3031/5646/4518
f 4415/6653/5122 3031/5646/4518 3027/5645/4516 4416/6654/5123
f 3031/5646/4518 4415/6653/5122 4414/6652/5121
f 4415/6655/5122 4417/6656/5124 4397/6640/5116 4414/6657/5121
f 4417/6656/5124 4415/6655/5122 4416/6658/5123 4418/6659/5125
f 4418/6659/5125 1612/4555/3887 1584/4554/3886 4417/6656/5124
f 1612/4555/3887 4418/6659/5125 4419/6660/5126 2868/4559/3889
f 4418/6659/5125 4416/6658/5123 4420/6661/5127 4419/6660/5126
f 3028/6662/4515 4420/6663/5127 4416/6654/5123 3027/5645/4516
f 4419/6660/5126 4420/6661/5127 4421/2464/2288 4396/6664/5114
f 4420/6661/5127 3028/5641/4515 4422/2465/2289 4421/2464/2288
f 4422/2465/2289 3028/5641/4515 3029/5640/4514 4423/2466/2290
f 4392/2443/2271 4423/2466/2290 4424/6665/5128 4425/2468/2292
f 4392/2443/2271 4395/2463/2287 4423/2466/2290
f 4425/2468/2292 4424/6665/5128 4427/6666/5129 4426/2469/2293
f 4430/2474/2297 4389/2473/2295 4429/6667/2294 4431/2531/2349
f 4425/2468/2292 4391/2440/2268 4392/2443/2271
f 4428/2467/2291 4391/2440/2268 4425/2468/2292
f 4441/6668/5130 4440/2481/2304 4439/2480/2303 4442/2523/2341
f 4389/2471/2295 4390/2441/2269 4428/2467/2291
f 4430/2474/2297 4433/2529/2347 4432/2476/2299
f 4432/2476/2299 4387/2472/2296 4430/2474/2297
f 4435/2525/2343 4434/2478/2301 4432/2476/2299
f 4434/2478/2301 4386/2475/2298 4432/2476/2299
f 4437/2527/2345 4436/2479/2302 4434/2478/2301
f 4438/2477/2300 4384/2439/2267 4434/2478/2301
f 4441/6668/5130 4443/2520/2338 4381/2483/2306 4382/2435/2263
f 4440/2481/2304 4383/2438/2266 4438/2477/2300
f 4441/6668/5130 4471/2521/2339 4443/2520/2338
f 4441/6668/5130 4382/2435/2263 4440/2481/2304
f 4443/2520/2338 4444/2522/2340 4445/2484/2307 4381/2483/2306
f 4445/2484/2307 4444/2522/2340 4447/6669/2337 4446/2485/2308
f 4446/2485/2308 4378/6631/2310 4380/6634/5112 4448/2482/2305
f 4450/6670/2334 4449/6671/2309 4446/6672/2308
f 4457/6673/5131 4456/2495/2315 4455/2496/2316 4458/6674/2326
f 4452/2512/2332 4451/2494/2312 4449/6675/2309
f 4454/2509/2329 4453/2492/2314 4451/2494/2312
f 4372/6624/5108 4457/6673/5131 4368/6676/5105 4370/6625/5106
f 4457/6673/5131 4372/6624/5108 4456/2495/2315
f 4457/6677/5131 4459/6678/5132 4367/6620/5104
f 4459/6679/5132 4460/6680/2328 3883/2124/1982 3885/2497/2317
f 4367/6620/5104 4368/6619/5105 4457/6677/5131
f 4459/6678/5132 4457/6677/5131 4458/6681/2326 4460/6682/2328
f 4459/6679/5132 3885/2497/2317 4366/2499/2319 4367/6617/5104
f 4460/6680/2328 3881/6286/2327 3882/2125/1983 3883/2124/1982
f 4364/2500/2320 4363/2422/2250 4366/2499/2319
f 4461/2501/2321 4362/2423/2251 4364/2500/2320
f 3892/2503/2323 3897/2504/2324 4461/2501/2321
f 3897/2504/2324 3899/2421/2249 4362/2423/2251
f 3888/2502/2322 3507/6288/4918 3889/2140/1995
f 3889/2140/1995 3892/2503/2323 3888/2502/2322
f 3887/2498/2318 3886/2128/1986 3888/2502/2322
f 3885/2497/2317 3886/2128/1986 3887/2498/2318
f 4458/2506/2326 3878/6283/4916 3879/6282/4915 3881/2507/2327
f 3878/6683/4916 4458/6674/2326 4455/2496/2316 4462/2511/2331
f 4462/2511/2331 4463/2510/2330 3876/6684/4913 3878/6683/4916
f 4462/2511/2331 4455/2496/2316 4453/2492/2314 4454/2509/2329
f 4454/2509/2329 4465/2513/2333 4464/6685/5133 4463/2510/2330
f 4452/2512/2332 4467/2515/2335 4466/2602/2412 4465/2513/2333
f 4451/2494/2312 4452/2512/2332 4454/2509/2329
f 4447/2517/2337 4470/2603/2413 4469/2605/2415 4468/2518/2336
f 4449/6675/2309 4450/2514/2334 4452/2512/2332
f 4446/6672/2308 4447/6686/2337 4450/6670/2334
f 4470/6687/2413 4447/6669/2337 4444/2522/2340 4471/2521/2339
f 4474/6688/5134 4439/2480/2303 4436/2479/2302 4437/2527/2345
f 4441/6668/5130 4442/2523/2341 4471/2521/2339
f 4473/2599/2409 4472/2524/2342 4442/2523/2341
f 4439/2480/2303 4474/6688/5134 4442/2523/2341
f 4475/2597/2407 4442/2523/2341 4474/6688/5134
f 4437/2527/2345 4477/2526/2344 4476/2596/2406 4474/6688/5134
f 4431/2531/2349 4481/2607/2417 4480/2606/2416 4479/2530/2348
f 4434/2478/2301 4435/2525/2343 4437/2527/2345
f 4432/2476/2299 4433/2529/2347 4435/2525/2343
f 4430/2474/2297 4431/2531/2349 4433/2529/2347
f 4481/2607/2417 4431/2531/2349 4429/6667/2294 4482/6689/5135
f 4482/6690/5135 4429/2470/2294 4426/2469/2293 4427/6666/5129
f 4427/6666/5129 4484/6691/5136 4483/2587/2397 4482/6690/5135
f 4484/6691/5136 4427/6666/5129 4424/6665/5128 4485/6692/5137
f 4485/6692/5137 4487/2534/2352 4486/2533/2351 4484/6691/5136
f 4487/2534/2352 4485/6692/5137 3029/5640/4514 2916/5639/4513
f 4485/6692/5137 4424/6665/5128 4423/2466/2290 3029/5640/4514
f 4487/2534/2352 2916/5639/4513 3032/6693/4520 4488/2532/2350
f 4486/2533/2351 4488/2532/2350 4490/2536/2354 4489/6694/5138
f 4488/2532/2350 3032/6693/4520 4491/2537/2355 4490/2536/2354
f 4491/2537/2355 4494/6695/5139 4493/6696/5140 4492/2535/2353
f 4492/2535/2353 3840/6245/4894 4490/2536/2354
f 4494/6695/5139 4491/2537/2355 3032/6693/4520 3033/6697/4519
f 4494/6698/5139 4496/2539/2357 4495/2565/2379 4493/6699/5140
f 4496/2539/2357 4494/6698/5139 3033/5647/4519 4413/2540/2358
f 4495/2565/2379 4496/2539/2357 4412/2538/2356 4497/2541/2359
f 4506/2549/2364 3821/6223/1956 984/6224/3591 985/2550/796
f 4411/2461/2285 4498/2460/2284 4412/2538/2356
f 4500/2568/2382 4499/2542/2360 4408/2457/2281
f 4502/2570/2384 4516/2569/2383 4500/2568/2382
f 4500/2568/2382 2917/2456/2280 4502/2570/2384
f 2917/2456/2280 3036/1697/1582 4502/2570/2384
f 4527/2544/2362 4502/2570/2384 3036/1697/1582
f 3035/1698/1583 3817/6219/4884 3034/1696/1581
f 3817/6219/4884 4504/2545/2363 3034/1696/1581
f 4529/2572/2386 4504/2545/2363 3819/2575/2388
f 3820/2099/1957 4505/2573/2365 3819/2575/2388
f 3821/2098/1956 4506/6700/2364 3820/2099/1957
f 1735/6701/3924 1711/6702/3923 4508/6703/5141 4507/6704/5142
f 1711/6702/3923 2852/6705/3926 4509/6706/5143 4508/6703/5141
f 3822/6229/4886 4509/6706/5143 2852/6705/3926 986/6226/3594
f 4508/6703/5141 4509/6706/5143 4511/6707/5144 4510/6708/5145
f 4509/6706/5143 3822/6229/4886 3825/6231/4887 4511/6707/5144
f 4511/6709/5144 3825/6233/4887 3826/2104/1962 4512/2580/2393
f 3822/6229/4886 3823/6228/4885 3825/6231/4887
f 4512/2580/2393 3826/2104/1962 3827/2106/1964 4513/2553/2367
f 3829/2108/1966 4517/2554/2368 4514/2552/2366 3828/2105/1963
f 3828/2105/1963 4514/2552/2366 3827/2106/1964
f 4514/2552/2366 4515/2555/2369 4513/2553/2367
f 4517/2554/2368 4516/2569/2383 4515/2555/2369
f 4517/2554/2368 4518/2556/2370 4520/2558/2372 4519/2567/2381
f 4518/2556/2370 3831/2557/2371 4521/2559/2373 4520/2558/2372
f 4521/2559/2373 3831/2557/2371 3832/6235/4889 3834/6239/4892
f 4522/2560/2374 4521/2559/2373 3834/6239/4892 4523/2561/2375
f 4523/2561/2375 3834/6239/4892 3835/6238/4891 3837/2563/2377
f 3837/6242/2377 3838/2110/1968 3840/6245/4894 4525/6710/2378
f 4525/6710/2378 3840/6245/4894 4492/2535/2353 4493/6696/5140
f 3838/2110/1968 3839/2112/1970 3840/6245/4894
f 4525/2564/2378 4493/6699/5140 4495/2565/2379 4524/2562/2376
f 4522/2560/2374 4497/2541/2359 4498/2460/2284 4499/2542/2360
f 4497/2541/2359 4522/2560/2374 4524/2562/2376
f 4533/2584/2396 4531/6711/2389 4532/6712/2390 4534/2585/2395
f 4519/2567/2381 4520/2558/2372 4499/2542/2360
f 4501/2566/2380 4500/2568/2382 4516/2569/2383
f 4526/2571/2385 4515/2555/2369 4516/2569/2383
f 4529/2572/2386 4528/2578/2391 4527/2544/2362
f 3819/2575/2388 4530/2574/2387 4529/2572/2386
f 4505/2573/2365 4531/6711/2389 4530/2574/2387
f 4506/2546/2364 4532/6713/2390 4531/2576/2389
f 4531/6711/2389 4533/2584/2396 4528/2578/2391 4530/2574/2387
f 4536/6714/5146 4533/2584/2396 4537/2586/2394 4507/6715/5142
f 4528/2578/2391 4529/2572/2386 4530/2574/2387
f 4528/2578/2391 4512/2580/2393 4535/2579/2392
f 4513/2553/2367 4526/2571/2385 4535/2579/2392
f 4515/2555/2369 4526/2571/2385 4513/2553/2367
f 4536/6714/5146 4510/6716/5145 4512/2580/2393
f 4533/2584/2396 4536/6714/5146 4512/2580/2393 4528/2578/2391
f 4507/6704/5142 4537/2582/2394 1736/2581/829 1735/6701/3924
f 1710/6717/795 1736/2581/829 4534/2583/2395 4532/6718/2390
f 4510/6708/5145 4536/6719/5146 4507/6704/5142 4508/6703/5141
f 3840/6245/4894 3841/6244/4893 4489/6694/5138 4490/2536/2354
f 4510/6716/5145 4511/6709/5144 4512/2580/2393
f 3844/2588/2398 4489/6694/5138 3841/6244/4893 3842/6720/1971
f 3845/2590/2400 3849/2589/2399 4538/2608/2418 4481/2607/2417
f 3844/2588/2398 4486/2533/2351 4489/6694/5138
f 3844/6247/2398 3843/2114/1972 3845/2590/2400
f 3845/2590/2400 4483/6721/2397 3844/6247/2398
f 3846/2116/1974 3847/2115/1973 3849/2589/2399
f 4539/2591/2401 4540/6722/5147 4480/2606/2416 4538/2608/2418
f 4539/2591/2401 4538/2608/2418 3849/2589/2399
f 4540/6722/5147 4539/2591/2401 3850/2119/1977 4541/2594/2404
f 4541/2594/2404 3850/2119/1977 3851/2118/1976 3852/2592/2402
f 4541/2594/2404 4542/2593/2403 4478/2528/2346 4540/6722/5147
f 3852/2592/2402 4476/2596/2406 4477/2526/2344 4542/2593/2403
f 3851/2118/1976 3854/2595/2405 3852/2592/2402
f 4472/2524/2342 3858/2600/2410 3860/6256/4900 4543/6723/5148
f 3853/2121/1979 3856/2598/2408 3854/2595/2405
f 3855/6251/4897 3858/2600/2410 3856/2598/2408
f 3857/6249/4896 3860/6256/4900 3858/2600/2410
f 4543/6723/5148 3860/6256/4900 3861/6255/4899 3863/6724/4902
f 4544/6725/2414 3863/6726/4902 3862/2122/1980 3864/6261/4903
f 3863/6724/4902 4544/6727/2414 4543/6723/5148
f 3868/6268/4906 4545/6728/5149 4466/2602/2412 3866/2601/2411
f 4470/2603/2413 4543/6729/5148 4544/2604/2414
f 3471/1899/1773 3866/2601/2411 3864/6261/4903
f 4469/2605/2415 4544/2604/2414 3864/6730/4903
f 3865/6259/4901 3868/6268/4906 3866/2601/2411
f 4467/2515/2335 3864/6261/4903 3866/2601/2411
f 3869/6267/4905 3871/6731/4909 3868/6268/4906
f 4545/6728/5149 3868/6268/4906 3871/6731/4909 3873/6732/4911
f 4545/6728/5149 4464/6685/5133 4465/2513/2333 4466/2602/2412
f 4464/6685/5133 4545/6728/5149 3873/6732/4911 3875/6733/4914
f 3864/6261/4903 4467/2515/2335 4468/2516/2336 4469/6734/2415
f 4543/6723/5148 4470/6687/2413 4471/2521/2339 4472/2524/2342
f 4540/6722/5147 4478/2528/2346 4479/2530/2348 4480/2606/2416
f 4442/2523/2341 4475/2597/2407 4473/2599/2409
f 4474/6688/5134 4476/2596/2406 4475/2597/2407
f 4483/6721/2397 3845/2590/2400 4481/2607/2417 4482/6689/5135
f 4463/2510/2330 4464/6685/5133 3875/6733/4914 3876/6684/4913
f 4484/6691/5136 4486/2533/2351 4483/2587/2397
f 4375/2493/2313 4456/2495/2315 4372/6624/5108 4373/6623/5107
f 4370/6625/5106 4371/2431/2259 4372/6624/5108
f 4381/2483/2306 4448/2482/2305 4380/6634/5112 4282/2432/2260
f 4374/6627/5109 4377/6735/2311 4375/2493/2313
f 4376/6629/5110 4378/2487/2310 4377/2489/2311
f 4379/2433/2261 4380/6634/5112 4378/6631/2310
f 4386/2475/2298 4434/2478/2301 4384/2439/2267 4385/6633/5111
f 4381/2483/2306 4279/2436/2264 4382/2435/2263
f 4396/6664/5114 4421/2464/2288 4395/2463/2287 4394/2445/2273
f 4387/2472/2296 4388/6635/5113 4389/2473/2295
f 4392/2443/2271 4393/2446/2274 4395/2463/2287
f 2868/4559/3889 4419/6660/5126 4396/6664/5114 1583/6736/3871
f 4417/6656/5124 1584/4554/3886 2865/4642/3876 4397/6640/5116
f 4414/6652/5121 4397/6737/5116 4398/6646/5115 4400/6645/5119
f 4404/2453/2276 4405/2094/1954 4402/2462/2286 4403/6647/5120
f 3033/5647/4519 3030/5643/4517 4413/2540/2358
f 4405/2094/1954 4406/2454/2278 4402/2462/2286
f 4407/2455/2279 4408/2457/2281 4406/2454/2278
f 4356/6612/5100 4358/6611/5102 4546/6738/5150 4547/6739/5151
f 3903/2147/2001 4546/6738/5150 4358/6611/5102
f 4547/6739/5151 4546/6738/5150 1747/5473/3934 2869/6740/3935
f 4547/6741/5151 4354/6606/5098 4355/6605/5097 4356/6608/5100
f 4354/6606/5098 4547/6741/5151 2869/4650/3935 2864/4499/3852
f 1752/2612/2422 1749/2610/2420 4548/2609/2419 4549/2613/2423
f 2864/4499/3852 4353/6604/5096 4354/6606/5098
f 4549/6742/2423 4548/6743/2419 3941/2175/2021 4550/6744/5152
f 4560/3004/2790 4557/2615/2425 3951/2184/2030 4558/3314/3063
f 4550/6744/5152 4551/6745/2424 4549/6742/2423
f 4550/6744/5152 3941/2175/2021 4552/3315/3064
f 4550/6744/5152 4553/6746/5153 4551/6745/2424
f 4552/3315/3064 3946/2179/2025 4554/2181/2027
f 4554/2181/2027 5177/3002/2788 4552/3315/3064
f 4556/2180/2026 5176/2997/2784 4554/2181/2027
f 4558/3314/3063 4559/2617/2427 4561/2619/2429 4560/3004/2790
f 4561/2619/2429 4562/2618/2428 4564/6747/2431 4563/6748/5154
f 4563/6748/5154 2938/1672/1559 4561/2619/2429
f 4563/6748/5154 4564/6747/2431 2928/6749/4452 2929/6750/4451
f 4564/2622/2431 4565/2621/2430 2930/2623/2432 2928/5539/4452
f 4562/2620/2428 3958/2190/2036 3960/2192/2038 4565/2621/2430
f 4559/2617/2427 3956/6751/2037 4562/2618/2428
f 2938/1672/1559 4563/6748/5154 2929/6750/4451 4566/2626/2434
f 3961/2624/2433 2930/2623/2432 3960/2192/2038
f 2900/6752/1558 4566/6753/2434 1763/6754/3942 2/6755/3941
f 4566/6753/2434 2929/6756/4451 34/6757/1829 1763/6754/3942
f 3971/2202/2045 4573/3015/2798 4572/3013/2796 4571/3010/2793
f 3959/2197/2042 3965/2629/2436 3963/2198/2041
f 3964/6358/4941 3967/2632/2438 3965/2629/2436
f 4569/2634/2440 4568/6758/2437 3967/2635/2438
f 3966/6348/4937 3969/2633/2439 3967/2635/2438
f 4570/2636/2441 4569/2634/2440 3969/2633/2439
f 3968/2201/2044 3970/2200/2043 3969/2633/2439
f 4571/3010/2793 4570/2636/2441 3970/2200/2043
f 3970/2200/2043 3971/2202/2045 4571/3010/2793
f 3974/2637/2442 4579/6759/5155 4578/6760/5156 4577/3312/3061
f 4573/3015/2798 3945/2177/2023 4574/3014/2797
f 3943/2206/2049 3972/2205/2048 4575/3017/2800
f 4576/3020/2803 4575/3017/2800 3972/2205/2048
f 3972/2205/2048 3973/2638/2443 4576/3020/2803
f 4577/3312/3061 4576/3020/2803 3973/2638/2443
f 3973/2638/2443 3974/2637/2442 4577/3312/3061
f 4584/6761/5157 3976/6362/4943 3937/6349/4938 3978/6365/4944
f 3974/2637/2442 4580/6762/5158 4579/6759/5155
f 4581/3082/2858 4579/6759/5155 4580/6762/5158
f 3975/6357/4940 4582/6763/5159 4580/6762/5158
f 3974/2637/2442 3975/6357/4940 4580/6762/5158
f 4583/3083/2859 4580/6762/5158 4582/6763/5159
f 3976/6362/4943 4584/6761/5157 4582/6763/5159
f 3975/6357/4940 3976/6362/4943 4582/6763/5159
f 4585/3085/2861 4582/6763/5159 4584/6761/5157
f 3978/6365/4944 4586/6764/5160 4584/6761/5157
f 4587/6765/2863 4586/6766/5160 3979/6361/4942 4588/6767/5161
f 4587/3087/2863 4584/6761/5157 4586/6764/5160
f 4586/6766/5160 3978/6768/4944 3977/2208/2051 3979/6361/4942
f 4588/6767/5161 3979/6361/4942 2857/6360/3656 1147/6769/3948
f 4589/6770/5162 4587/6765/2863 4588/6767/5161
f 4588/6767/5161 1147/6769/3948 2870/6771/3951 4590/6772/5163
f 1785/2641/2446 2871/4683/3952 3982/2642/2447 4591/2639/2444
f 4591/2645/2444 3988/2644/2449 1784/4687/3954 2872/4689/2445
f 3983/2211/2053 3986/6370/2448 4591/2639/2444
f 3988/2644/2449 3990/2647/2451 2873/2646/2450 1784/4687/3954
f 3992/2649/2453 4593/6773/5164 4592/3100/2875 1789/1356/1269
f 3990/2647/2451 3992/2649/2453 1789/1356/1269
f 4594/6774/5165 3992/2649/2453 3993/2219/2061 3994/2218/2060
f 3992/2649/2453 4594/6774/5165 4593/6773/5164
f 4595/3103/2878 4593/6773/5164 4594/6774/5165
f 3994/2218/2060 5321/2651/2455 4594/6774/5165
f 3996/2653/2457 3997/2223/2065 4599/2655/2459 4597/2650/2454
f 5321/2651/2455 4596/3105/2880 4594/6774/5165
f 3994/2218/2060 3995/2217/2059 4598/2652/2456
f 4599/6775/2459 4001/6378/4951 4601/6776/5166 4600/6777/2458
f 4001/6378/4951 4599/6775/2459 3997/6778/2065 3999/6376/2064
f 4600/2654/2458 4601/6779/5166 4603/6780/5167 4602/3109/2884
f 4601/6776/5166 4004/6781/2460 4604/6782/2461 4603/6783/5167
f 4004/6781/2460 4601/6776/5166 4001/6378/4951 4002/6377/4950
f 4603/6784/5167 4604/2657/2461 4606/6785/5168 4605/6786/5169
f 4606/6785/5168 4604/2657/2461 4005/2225/2067 4607/2227/2069
f 4607/2227/2069 4609/2658/2462 4608/3113/2888 4606/6785/5168
f 4610/6787/5170 4609/2658/2462 4008/2230/2072 4611/6788/5171
f 4611/6788/5171 4613/6789/5172 4612/6790/5173 4610/6787/5170
f 4613/6789/5172 4611/6788/5171 3038/5650/4522 3039/5649/4521
f 4611/6788/5171 4008/2230/2072 4010/2232/2074 3038/5650/4522
f 4613/6789/5172 3039/5649/4521 3043/2661/2465 4614/2660/2464
f 4614/2660/2464 4612/6790/5173 4613/6789/5172
f 4616/6791/5174 4615/2659/2463 4618/6792/5175 4617/6793/5176
f 4615/2659/2463 4616/6791/5174 4614/2660/2464
f 4616/6791/5174 4620/6794/5177 4619/6795/5178 4614/2660/2464
f 4620/6794/5177 4616/6791/5174 4617/6793/5176 4621/6796/5179
f 4621/6796/5179 4617/6793/5176 4623/6797/5180 4622/6798/5181
f 4621/6796/5179 4625/6799/2890 4624/6800/2892 4620/6794/5177
f 4625/6801/2890 4621/6802/5179 4622/6803/5181 4626/6804/5182
f 4626/6804/5182 4622/6803/5181 4628/6805/5183 4627/6806/5184
f 4626/6807/5182 4630/6808/5185 4629/3116/2891 4625/3115/2890
f 4630/6808/5185 4626/6807/5182 4627/6809/5184 4631/6810/5186
f 4631/6810/5186 4627/6809/5184 4633/6811/5187 4632/6812/5188
f 4631/6810/5186 4635/6813/5189 4634/6814/5190 4630/6808/5185
f 4635/6813/5189 4631/6810/5186 4632/6812/5188 4636/2664/2468
f 4636/2664/2468 4632/6812/5188 4638/6815/5191 4637/2662/2466
f 4636/2664/2468 4640/2663/2467 4639/6816/5192 4635/6813/5189
f 4637/2662/2466 4644/2666/2470 4643/6817/5193 4640/2663/2467
f 4642/6818/5194 4641/2665/2469 4637/2662/2466
f 4641/2665/2469 4647/2668/2472 4646/6819/5195 4644/2666/2470
f 4645/6820/5196 4648/2667/2471 4641/2665/2469
f 4651/2670/2474 4647/2668/2472 4648/2667/2471 4652/2737/2534
f 4651/2670/2474 4652/2737/2534 4654/2673/2477 4653/3125/2900
f 4648/2667/2471 4740/2738/2535 4652/2737/2534
f 4654/2673/2477 4652/2737/2534 4656/2739/2536 4655/2671/2475
f 4658/2676/2480 4660/2675/2479 4659/6821/5197 4657/2672/2476
f 4655/2671/2475 4658/2676/2480 4657/2672/2476
f 4663/2678/2482 4666/2680/2484 4669/2683/2487 4668/3126/2901
f 4666/2680/2484 4667/2681/2485 4670/2684/2488 4669/2683/2487
f 4671/2686/2490 4670/2684/2488 4667/2681/2485 4672/2730/2527
f 4677/2689/2493 4679/2692/2496 4681/2691/2495 4680/6822/5198
f 4671/2686/2490 4673/2682/2486 4670/2684/2488
f 4674/2685/2489 4677/2689/2493 4676/3130/2905
f 4677/2689/2493 4678/2688/2492 4679/2692/2496
f 4687/6823/5199 4688/6824/5200 4692/6825/2501 4691/6826/5201
f 4679/2692/2496 4683/2724/2521 4682/2690/2494
f 4682/2690/2494 4685/6827/5202 4684/6828/5203
f 4687/6823/5199 4686/3134/2909 4682/2690/2494
f 4684/6828/5203 4687/6823/5199 4682/2690/2494
f 4684/6828/5203 4685/6827/5202 4688/6824/5200
f 4688/6824/5200 4687/6823/5199 4684/6828/5203
f 4688/6824/5200 4720/2722/2519 4690/2693/2497
f 4688/6824/5200 4690/2693/2497 4693/2695/2499 4692/6825/2501
f 4693/2695/2499 4694/2694/2498 4696/6829/5204 4695/6830/2500
f 4697/6831/5205 4696/6829/5204 4694/2694/2498 4698/6832/5206
f 4695/2696/2500 4696/6833/5204 4700/6834/5207 4699/3137/2911
f 4696/6833/5204 4697/6835/5205 4701/6836/2503 4700/6834/5207
f 4702/2716/2504 4701/6836/2503 4697/6835/5205 4703/6837/2517
f 4700/6838/5207 4701/2700/2503 4705/2699/2502 4704/6839/5208
f 4709/2706/2508 4707/2705/2506 4706/6840/2505 4708/6841/2514
f 4711/2707/2509 4709/2706/2508 4708/6841/2514 4716/6842/2513
f 4198/2802/2162 4713/2709/2164 4712/2708/2510
f 3047/2710/2511 2921/2919/2711 4712/2708/2510
f 3771/2069/1930 4714/2328/2165 4713/2709/2164
f 4711/2707/2509 4715/2803/2598 4198/2802/2162
f 4198/2802/2162 4712/2708/2510 4711/2707/2509
f 4690/2693/2497 4720/2722/2519 4698/6832/5206 4694/2694/2498
f 4702/6843/2504 4717/2711/2512 4708/2713/2514
f 4703/6837/2517 4718/2714/2515 4702/2716/2504
f 4698/6832/5206 4719/2718/2516 4703/2720/2517
f 4720/2722/2519 4719/2718/2516 4698/6832/5206
f 4703/2720/2517 4697/6831/5205 4698/6832/5206
f 4685/6827/5202 4721/2721/2518 4720/2722/2519 4688/6824/5200
f 4685/6827/5202 4722/6844/5209 4721/2721/2518
f 4678/2688/2492 4724/2727/2524 4683/2724/2521 4679/2692/2496
f 4683/2724/2521 4723/2723/2520 4685/6827/5202
f 4724/2727/2524 4725/2725/2522 4683/2724/2521
f 4685/6827/5202 4682/2690/2494 4683/2724/2521
f 4729/2729/2526 4730/2731/2528 4732/2733/2530 4731/2811/2605
f 4675/2687/2491 4727/2728/2525 4678/2688/2492
f 4678/2688/2492 4674/2685/2489 4675/2687/2491
f 4672/2730/2527 4727/2728/2525 4675/2687/2491
f 4675/2687/2491 4671/2686/2490 4672/2730/2527
f 4730/2731/2528 4729/2729/2526 4672/2730/2527
f 4730/2731/2528 4667/2681/2485 4733/2734/2531 4732/2733/2530
f 4733/2734/2531 4664/2679/2483 4735/2736/2533 4734/2732/2529
f 4736/2735/2532 4655/2671/2475 4656/2739/2536 4738/6845/5210
f 4738/6845/5210 4737/2816/2610 4736/2735/2532
f 4655/2671/2475 4736/2735/2532 4661/2674/2478 4658/2676/2480
f 4738/6845/5210 4656/2739/2536 4740/2738/2535 4739/2818/2612
f 4645/6820/5196 4744/6846/5211 4649/2742/2539 4648/2667/2471
f 4742/2741/2538 4741/2820/2614 4740/2738/2535
f 4649/2742/2539 4742/2741/2538 4740/2738/2535
f 4744/6846/5211 4743/2740/2537 4649/2742/2539
f 4740/2738/2535 4648/2667/2471 4649/2742/2539
f 4745/6847/5212 4645/6820/5196 4642/6818/5194 4746/6848/5213
f 4745/6847/5212 4744/6846/5211 4645/6820/5196
f 4746/6848/5213 4748/6849/5214 4747/6850/5215 4745/6847/5212
f 4641/2665/2469 4642/6818/5194 4645/6820/5196
f 4748/6849/5214 4746/6848/5213 4638/6815/5191 4749/6851/5216
f 4746/6848/5213 4642/6818/5194 4637/2662/2466 4638/6815/5191
f 4749/6851/5216 4751/6852/5217 4750/6853/5218 4748/6849/5214
f 4751/6854/5217 4749/6855/5216 4633/6856/5187 4752/6857/5219
f 4749/6851/5216 4638/6815/5191 4632/6812/5188 4633/6811/5187
f 4752/6858/5219 4754/6859/5220 4753/6860/5221 4751/6861/5217
f 4754/6859/5220 4752/6858/5219 4628/6862/5183 4755/6863/5222
f 4752/6857/5219 4633/6856/5187 4627/6806/5184 4628/6805/5183
f 4755/6863/5222 4757/2827/2621 4756/2823/2617 4754/6859/5220
f 4757/2827/2621 4755/6863/5222 4623/6864/5180 4758/2825/2619
f 4755/6865/5222 4628/6805/5183 4622/6803/5181 4623/6866/5180
f 4758/6867/2619 4623/6797/5180 4617/6793/5176 4618/6792/5175
f 4759/6868/5223 4615/2659/2463 3043/2661/2465 3040/5653/4525
f 4615/2659/2463 4759/6868/5223 4618/6792/5175
f 3040/5653/4525 3041/5652/4524 4759/6868/5223
f 4759/6868/5223 4761/2743/2540 4760/2829/2623 4618/6792/5175
f 4761/2743/2540 4759/6868/5223 3041/5652/4524 4762/2744/2541
f 4762/2744/2541 3041/5652/4524 3042/3377/3122 4764/2746/2543
f 4765/2748/2545 4764/2746/2543 3042/3377/3122 4013/2234/2076
f 4017/6385/4956 4766/2747/2544 4014/2233/2075 4015/2236/2078
f 4766/2747/2544 4767/6869/5224 4765/2748/2545
f 4766/2747/2544 4017/6385/4956 4769/6870/5225 4768/2836/2630
f 4017/6385/4956 4020/6387/4958 4770/6871/5226 4769/6870/5225
f 4769/6870/5225 4770/6871/5226 4772/2840/2634 4771/2839/2633
f 4017/6385/4956 4018/6384/4955 4020/6387/4958
f 4770/6871/5226 4023/6389/4959 4773/6872/5227 4772/2840/2634
f 4023/6389/4959 4770/6871/5226 4020/6387/4958 4021/6386/4957
f 4025/2247/2088 4773/6872/5227 4023/6389/4959 4022/2242/2084
f 4772/2840/2634 4773/6872/5227 4775/6873/5228 4774/6874/5229
f 4773/6872/5227 4025/2247/2088 4027/2751/2548 4775/6873/5228
f 4774/6874/5229 4775/6873/5228 4777/2750/2547 4776/2841/2635
f 4028/6391/4961 4029/6390/4960 4781/2845/2639 4780/6875/5230
f 4027/2751/2548 4777/2750/2547 4775/6873/5228
f 4028/6876/4961 4778/2749/2546 4027/2751/2548
f 4027/2751/2548 4026/2246/2087 4028/6876/4961
f 4028/6876/4961 4779/6877/5231 4778/2749/2546
f 4035/2756/2553 4784/2755/2552 4032/6393/2092 4033/6396/2091
f 4782/2753/2550 4781/2845/2639 4029/6390/4960
f 4029/6390/4960 4030/2249/2090 4782/2753/2550
f 4784/6878/2552 4783/2752/2549 4031/2248/2089
f 4031/2248/2089 4032/6879/2092 4784/6878/2552
f 4784/2755/2552 4785/2754/2551 4787/6880/2641 4786/6881/2640
f 4785/2754/2551 4036/2254/2095 4788/2757/2554 4787/6880/2641
f 4788/2757/2554 1968/1020/956 1970/1109/1040 4789/6882/5232
f 1971/4806/4035 4039/6398/4963 4790/2758/2555 2874/1021/957
f 4039/6398/4963 1971/4806/4035 1203/4264/3681 4037/2256/2097
f 4790/2758/2555 4041/6399/4964 4791/2761/2558 1973/1022/958
f 4041/6399/4964 4790/2758/2555 4039/6398/4963 4040/6397/4962
f 1973/1022/958 4791/2761/2558 4792/2760/2557 1975/1111/1042
f 4791/2761/2558 4041/6399/4964 4042/2259/2100 4043/2759/2556
f 4043/2759/2556 4794/6883/5233 4793/6884/5234 4792/2760/2557
f 4794/6883/5233 4043/2759/2556 4044/2261/2102 4795/6885/5235
f 4795/6885/5235 4797/6886/5236 4796/6887/5237 4794/6883/5233
f 4797/6888/5236 4795/6889/5235 4048/6405/4967 4798/6890/5238
f 4795/6885/5235 4044/2261/2102 4046/2263/2104 4048/6891/4967
f 4798/6890/5238 4800/6892/5239 4799/6893/5240 4797/6888/5236
f 4800/6892/5239 4798/6890/5238 4051/2763/2560 4801/2762/2559
f 4798/6890/5238 4048/6405/4967 4049/6404/4966 4051/2763/2560
f 4801/2762/2559 4803/6894/5241 4802/6895/5242 4800/6892/5239
f 4803/6894/5241 4801/2762/2559 4052/2264/2105 4804/6896/5243
f 4804/6896/5243 4806/6897/5244 4805/6898/5245 4803/6894/5241
f 4806/6897/5244 4804/6896/5243 4056/6407/4969 4058/6410/4972
f 4804/6896/5243 4052/2264/2105 4054/2266/2107 4056/6407/4969
f 4806/6897/5244 4058/6410/4972 4808/2765/2562 4807/6899/5246
f 4809/2764/2561 4810/6900/5247 4812/6901/5248 4811/2856/2650
f 4060/2766/2563 4808/2765/2562 4058/6410/4972
f 4056/6407/4969 4057/2267/2108 4058/6410/4972
f 4810/6900/5247 4809/2764/2561 4060/2766/2563
f 4058/6410/4972 4059/2269/2110 4060/2766/2563
f 4810/6900/5247 4063/6412/4974 4813/6902/5249 4812/6901/5248
f 4063/6412/4974 4810/6900/5247 4060/2766/2563 4061/6408/4970
f 4813/6902/5249 4815/6903/5250 4814/6904/5251 4812/6901/5248
f 4815/6903/5250 4813/6902/5249 4066/6418/4977 4816/6905/5252
f 4066/6418/4977 4813/6902/5249 4063/6412/4974 4064/6411/4973
f 4816/6905/5252 4818/6906/5253 4817/6907/5254 4815/6903/5250
f 4818/6906/5253 4816/6905/5252 4069/6908/4980 4819/6909/5255
f 4816/6905/5252 4066/6418/4977 4067/6417/4976 4069/6908/4980
f 4819/6909/5255 4821/6910/5256 4820/6911/2651 4818/6906/5253
f 4819/6912/5255 4072/6427/4983 4822/6913/5257 4821/6914/5256
f 4819/6912/5255 4069/6424/4980 4070/6423/4979 4072/6427/4983
f 4821/6915/5256 4822/6916/5257 4824/6917/5258 4823/2860/2654
f 4822/6913/5257 4075/6430/4986 4825/6918/5259 4824/6919/5258
f 4075/6430/4986 4822/6913/5257 4072/6427/4983 4073/6426/4982
f 4824/6917/5258 4825/6920/5259 2876/4843/4061 2875/4842/4060
f 4825/6918/5259 4077/6431/4987 1242/6433/3711 2876/6921/4061
f 4077/6431/4987 4825/6918/5259 4075/6430/4986 4076/6429/4985
f 2008/4307/3715 4079/2271/2112 4826/6922/5260 2877/4847/4063
f 4082/6437/2565 4826/6922/5260 4079/2271/2112 4080/2270/2111
f 2877/4847/4063 4826/6922/5260 4827/6923/5261 2010/4849/4065
f 4826/6922/5260 4082/6437/2565 4828/6924/2564 4827/6923/5261
f 4831/2770/2567 4085/2276/2117 4086/2277/2118 4088/2771/2568
f 4083/2275/2116 4829/2769/2566 4828/2767/2564
f 4830/6925/2656 4828/2767/2564 4829/2769/2566
f 4085/2276/2117 4831/2770/2567 4829/2769/2566
f 4832/2772/2569 4088/2771/2568 4087/2278/2119 4833/6926/5262
f 4833/6926/5262 4087/2278/2119 4089/6438/4989 4091/6442/4992
f 4834/6927/5263 4091/6442/4992 4092/6441/4991 4094/6928/4995
f 4091/6442/4992 4834/6927/5263 4833/6926/5262
f 4834/6927/5263 4836/6929/5264 4835/6930/5265 4833/6926/5262
f 4836/6929/5264 4834/6927/5263 4094/6928/4995 4837/6931/5266
f 4837/6931/5266 4094/6928/4995 4095/6932/4994 4097/6933/4998
f 4837/6931/5266 4839/6934/5267 4838/6935/5268 4836/6929/5264
f 4839/6936/5267 4837/6937/5266 4097/6450/4998 4840/6938/5269
f 4840/6938/5269 4097/6450/4998 4098/6449/4997 4100/6453/5001
f 4840/6938/5269 4842/6939/5270 4841/6940/5271 4839/6936/5267
f 4842/6939/5270 4840/6938/5269 4100/6453/5001 4843/6941/5272
f 4843/6941/5272 4100/6453/5001 4101/6452/5000 4103/6456/5004
f 4843/6941/5272 4845/6942/5273 4844/6943/5274 4842/6939/5270
f 4845/6942/5273 4843/6941/5272 4103/6456/5004 4107/6458/5006
f 4845/6942/5273 4847/6944/5275 4846/6945/5276 4844/6943/5274
f 4847/6944/5275 4845/6942/5273 4107/6458/5006 4108/6459/5007
f 4847/6944/5275 4849/6946/5277 4848/6947/5278 4846/6945/5276
f 4847/6944/5275 4108/6459/5007 4109/6461/5009 4849/6946/5277
f 4849/6946/5277 4851/6948/5279 4850/6949/5280 4848/6947/5278
f 4851/6948/5279 4849/6946/5277 4109/6461/5009 4852/6950/5281
f 4113/6464/5012 4852/6950/5281 4109/6461/5009 4110/6460/5008
f 4852/6950/5281 4854/6951/5282 4853/6952/5283 4851/6948/5279
f 4852/6950/5281 4113/6464/5012 4855/6953/5284 4854/6951/5282
f 4117/6468/5016 4855/6953/5284 4113/6464/5012 4114/6463/5011
f 4854/6951/5282 4855/6953/5284 4857/6954/5285 4856/6955/5286
f 4855/6953/5284 4117/6468/5016 4858/6956/5287 4857/6954/5285
f 4122/6474/5020 4858/6956/5287 4117/6468/5016 4118/6467/5015
f 4857/6954/5285 4858/6956/5287 4860/6957/5288 4859/6958/5289
f 4858/6956/5287 4122/6474/5020 4861/6959/5290 4860/6957/5288
f 4125/6960/5022 4861/6959/5290 4122/6474/5020 4123/6473/5019
f 4860/6957/5288 4861/6959/5290 4863/2774/2571 4862/2870/2663
f 4861/6959/5290 4125/6960/5022 4864/2775/2572 4863/2774/2571
f 4129/6961/2573 4864/2775/2572 4125/6960/5022 4126/6962/5021
f 4864/2775/2572 4129/6961/2573 4866/6963/2574 4865/2773/2570
f 4865/2773/2570 4866/6963/2574 4868/6964/5291 4867/6965/5292
f 4866/2777/2574 4130/2283/2124 4869/6966/5293 4868/6967/5291
f 4135/6479/5024 4869/6966/5293 4130/2283/2124 4133/2282/2123
f 4869/6966/5293 4135/6479/5024 4871/6968/5294 4870/6969/5295
f 4135/6479/5024 4136/2286/2127 4872/2778/2575 4871/6968/5294
f 4145/6970/2131 4874/2779/2576 4140/2285/2126 4142/6971/2129
f 4872/2778/2575 4873/6972/5296 4871/6968/5294
f 4872/2778/2575 4874/2779/2576 4876/6973/5297 4875/6974/5298
f 4876/6973/5297 4874/2779/2576 4145/6970/2131 4877/2782/2579
f 4877/2782/2579 4145/6970/2131 4146/6484/2132 4149/2780/2577
f 4877/2782/2579 4879/2781/2578 4878/6975/5299 4876/6973/5297
f 4881/2784/2581 4879/2781/2578 4152/6488/5028 4882/6976/5300
f 4149/2780/2577 4152/6488/5028 4879/2781/2578
f 4161/6492/5032 4888/6977/2589 4887/6978/2677 4159/6490/5030
f 4152/6488/5028 4156/2787/2584 4882/6976/5300
f 4883/2882/2675 4881/2784/2581 4882/6976/5300
f 4153/6487/5027 4158/2785/2582 4156/2787/2584
f 4884/2786/2583 4882/6976/5300 4156/2787/2584
f 4154/2790/2587 4163/2789/2586 4158/2785/2582
f 4885/6979/5301 4158/2785/2582 4163/2789/2586
f 4165/2298/2138 4167/2297/2137 4161/6492/5032
f 4888/6977/2589 4161/6492/5032 4167/2297/2137 4889/6980/2590
f 4889/6980/2590 4167/2297/2137 4168/2299/2139 4171/2300/2140
f 4192/6498/2158 4902/6981/2596 4901/2798/2595 4191/6172/4856
f 4175/2794/2591 4891/2888/2681 4890/2791/2588
f 4893/2890/2683 4892/2889/2682 4175/2794/2591
f 4175/2794/2591 4894/6496/5033 4893/2890/2683
f 4180/2308/2147 4895/2894/2687 4179/6497/5034
f 4182/2309/2148 4896/6982/5302 4180/2308/2147
f 4181/2310/2149 4897/2795/2592 4182/2309/2148
f 4897/2795/2592 4898/2893/2686 4182/2309/2148
f 4186/2796/2593 4185/2311/2150 4187/2314/2153
f 4901/2798/2595 4719/2718/2516 4189/2316/2155
f 4190/2315/2154 4901/2798/2595 4189/2316/2155
f 4902/6981/2596 4718/2719/2515 4901/2798/2595
f 4902/2799/2596 4192/2319/2158 4903/2800/2597 4717/2715/2512
f 4716/2712/2513 4903/2801/2597 4194/6503/2157 4195/6502/5035
f 4716/6983/2513 4195/6984/5035 4715/6985/2598 4711/6986/2509
f 4197/2324/2163 4715/6985/2598 4195/6984/5035 4196/2321/2160
f 4725/2725/2522 4724/2727/2524 4905/2808/2602 4904/2806/2600
f 4721/2721/2518 4900/2797/2594 4189/2316/2155
f 4722/6844/5209 4900/2797/2594 4721/2721/2518
f 4723/2723/2520 4899/2805/2599 4722/6844/5209
f 4722/6844/5209 4685/6827/5202 4723/2723/2520
f 4723/2723/2520 4725/2725/2522 4899/2805/2599
f 4905/2808/2602 4728/2807/2601 4907/2810/2604 4906/2892/2685
f 4728/2807/2601 4729/2729/2526 4731/2811/2605 4907/2810/2604
f 4726/2726/2523 4727/2728/2525 4728/2807/2601
f 4909/2813/2607 4734/2732/2529 4737/2816/2610 4911/2814/2608
f 4728/2807/2601 4727/2728/2525 4729/2729/2526
f 4909/2813/2607 4908/2809/2603 4731/2811/2605
f 4739/2818/2612 4912/2815/2609 4737/2816/2610 4738/6845/5210
f 4734/2732/2529 4736/2735/2532 4737/2816/2610
f 4916/6987/5303 4915/2821/2615 4745/6847/5212 4747/6850/5215
f 4741/2820/2614 4913/2817/2611 4739/2818/2612
f 4739/2818/2612 4740/2738/2535 4741/2820/2614
f 4742/2741/2538 4914/2819/2613 4741/2820/2614
f 4745/6847/5212 4915/2821/2615 4743/2740/2537 4744/6846/5211
f 4747/6850/5215 4918/6988/5304 4917/6989/5305 4916/6987/5303
f 4919/6990/5306 4921/6991/5307 4920/6992/5308 4918/6993/5304
f 4747/6850/5215 4919/6994/5306 4918/6988/5304
f 4921/6991/5307 4919/6990/5306 4750/6995/5218 4922/6996/5309
f 4919/6994/5306 4747/6850/5215 4748/6849/5214 4750/6853/5218
f 4922/6997/5309 4923/2883/2676 5034/6998/5310 4921/6999/5307
f 4923/2883/2676 4922/6997/5309 4753/6860/5221 4924/2822/2616
f 4922/6996/5309 4750/6995/5218 4751/7000/5217 4753/7001/5221
f 4924/2822/2616 4753/6860/5221 4754/6859/5220 4756/2823/2617
f 4925/2824/2618 4756/2823/2617 4757/2827/2621 4926/2826/2620
f 4758/2825/2619 4928/7002/5311 4927/7003/5312 4926/2826/2620
f 4928/7002/5311 4758/2825/2619 4618/7004/5175 4760/7005/2623
f 4930/7006/2622 4932/7007/5313 4931/2877/2670 4928/7002/5311
f 4929/2876/2669 4927/7003/5312 4928/7002/5311
f 4760/7005/2623 4930/7006/2622 4928/7002/5311
f 4932/7008/5313 4930/2828/2622 4761/2743/2540 4933/2831/2625
f 4763/2745/2542 4936/7009/5314 4935/2833/2627 4934/2830/2624
f 4936/7009/5314 4767/6869/5224 4937/2834/2628 4935/2833/2627
f 4764/2746/2543 4936/7009/5314 4763/2745/2542
f 4767/6869/5224 4936/7009/5314 4764/2746/2543 4765/2748/2545
f 4768/2836/2630 4937/2834/2628 4767/6869/5224 4766/2747/2544
f 4768/2836/2630 4938/2832/2626 4937/2834/2628
f 4768/2836/2630 4771/2839/2633 4940/2838/2632 4939/2835/2629
f 4940/2838/2632 4772/2840/2634 4774/6874/5229 4941/2837/2631
f 4768/2836/2630 4769/6870/5225 4771/2839/2633
f 4939/2835/2629 4941/2837/2631 4943/7010/5315 4942/7011/5316
f 4941/2837/2631 4774/6874/5229 4776/2841/2635 4943/7010/5315
f 4942/7011/5316 4943/7010/5315 4945/7012/5317 4944/7013/5318
f 4943/7010/5315 4776/2841/2635 4946/2842/2636 4945/7012/5317
f 4945/7012/5317 4946/2842/2636 4948/7014/5319 4947/7015/5320
f 4946/2842/2636 4777/2750/2547 4949/7016/5321 4948/7014/5319
f 4948/7014/5319 4949/7016/5321 4951/7017/5322 4950/7018/5323
f 4949/7016/5321 4779/6877/5231 4952/7019/5324 4951/7017/5322
f 4779/6877/5231 4949/7016/5321 4777/2750/2547 4778/2749/2546
f 4780/7020/5230 4952/7019/5324 4779/6877/5231 4028/6876/4961
f 4952/7019/5324 4953/7021/5325 4951/7017/5322
f 4780/7020/5230 4955/7022/2693 4954/7023/5326 4952/7019/5324
f 4955/2900/2693 4780/7024/5230 4781/2845/2639 4956/2844/2638
f 4958/7025/5327 4957/2843/2637 4782/2753/2550 4783/2752/2549
f 4782/2753/2550 4957/2843/2637 4781/2845/2639
f 4786/2846/2640 4958/7025/5327 4783/2752/2549 4784/6878/2552
f 4786/2846/2640 4959/2848/2642 4958/7025/5327
f 4961/7026/5328 4787/6880/2641 4788/2757/2554 4789/6882/5232
f 4960/7027/5329 4958/7025/5327 4959/2848/2642
f 4787/2847/2641 4961/7028/5328 4959/2848/2642
f 4962/7029/2696 4959/7030/2642 4961/7026/5328
f 4789/6882/5232 4964/2849/2643 4963/7031/2694 4961/7026/5328
f 1975/1111/1042 4965/2850/2644 4966/7032/5330 2878/4968/4137
f 1970/1109/1040 4964/2849/2643 4789/6882/5232
f 4966/7032/5330 4965/2850/2644 4793/6884/5234 4967/7033/5331
f 4967/7033/5331 4969/7034/5332 4968/7035/5333 4966/7032/5330
f 4792/2760/2557 4793/6884/5234 4965/2850/2644
f 4969/7034/5332 4967/7033/5331 4796/6887/5237 4970/7036/5334
f 4967/7033/5331 4793/6884/5234 4794/6883/5233 4796/6887/5237
f 4970/7036/5334 4972/7037/5335 4971/7038/5336 4969/7034/5332
f 4972/7037/5335 4970/7036/5334 4799/7039/5240 4973/7040/5337
f 4970/7036/5334 4796/6887/5237 4797/6886/5236 4799/7039/5240
f 4973/7041/5337 4799/6893/5240 4800/6892/5239 4802/6895/5242
f 4974/7042/5338 4972/7037/5335 4973/7040/5337
f 4802/6895/5242 4976/7043/5339 4975/7044/5340 4973/7041/5337
f 4976/7043/5339 4802/6895/5242 4805/6898/5245 4977/7045/5341
f 4977/7045/5341 4979/2852/2646 4978/7046/5342 4976/7043/5339
f 4803/6894/5241 4805/6898/5245 4802/6895/5242
f 4977/7045/5341 4807/6899/5246 4980/2853/2647 4979/2852/2646
f 4977/7045/5341 4805/6898/5245 4806/6897/5244 4807/6899/5246
f 4980/2853/2647 4809/2764/2561 4982/2855/2649 4981/2851/2645
f 4809/2764/2561 4980/2853/2647 4807/6899/5246 4808/2765/2562
f 4983/2854/2648 4982/2855/2649 4811/2856/2650 4984/7047/5343
f 4985/7048/5344 4984/7047/5343 4814/6904/5251 4986/7049/5345
f 4985/7048/5344 4983/2854/2648 4984/7047/5343
f 4984/7047/5343 4811/2856/2650 4812/6901/5248 4814/6904/5251
f 4987/7050/5346 4986/7049/5345 4817/6907/5254 4988/7051/2653
f 4987/7050/5346 4985/7048/5344 4986/7049/5345
f 4986/7049/5345 4814/6904/5251 4815/6903/5250 4817/6907/5254
f 4988/2859/2653 4990/2858/2652 4989/2911/2704 4987/7052/5346
f 4988/7051/2653 4817/6907/5254 4818/6906/5253 4820/6911/2651
f 4990/2858/2652 4820/2857/2651 4821/6915/5256 4823/2860/2654
f 2875/4842/4060 2181/1115/1046 4823/2860/2654 4824/6917/5258
f 2010/4849/4065 4827/6923/5261 4991/2861/2655 2880/1118/1049
f 4991/2861/2655 4827/6923/5261 4828/6924/2564 4830/2862/2656
f 4993/7053/2658 4829/2769/2566 4831/2770/2567 4994/2866/2659
f 4995/7054/5347 4832/2772/2569 4833/6926/5262 4835/6930/5265
f 4832/2772/2569 4995/7054/5347 4994/2866/2659
f 4835/6930/5265 4998/7055/5348 4997/7056/5349 4995/7054/5347
f 4996/7057/5350 4994/2866/2659 4995/7054/5347
f 4836/6929/5264 4838/6935/5268 4835/6930/5265
f 4998/7055/5348 4835/6930/5265 4838/6935/5268 4999/7058/5351
f 4999/7058/5351 4838/6935/5268 4839/6934/5267 4841/7059/5271
f 4999/7058/5351 5001/7060/5352 5000/7061/5353 4998/7055/5348
f 5001/7060/5352 4999/7058/5351 4841/7059/5271 5002/7062/5354
f 5002/7063/5354 4841/6940/5271 4842/6939/5270 4844/6943/5274
f 5002/7063/5354 5004/7064/5355 5003/7065/5356 5001/7066/5352
f 5004/7064/5355 5002/7063/5354 4844/6943/5274 4846/6945/5276
f 5004/7064/5355 5006/2868/2661 5005/2867/2660 5003/7065/5356
f 5006/2868/2661 5004/7064/5355 4846/6945/5276 4848/6947/5278
f 5007/2869/2662 5006/2868/2661 4848/6947/5278 4850/6949/5280
f 5007/2869/2662 5009/7067/5357 5008/7068/2692 5005/2867/2660
f 5009/7067/5357 5007/2869/2662 4850/6949/5280 5010/7069/5358
f 5010/7069/5358 4850/6949/5280 4851/6948/5279 4853/6952/5283
f 5010/7069/5358 5011/7070/5359 4954/7023/5326 5009/7067/5357
f 5011/7070/5359 5010/7069/5358 4853/6952/5283 5012/7071/5360
f 5012/7071/5360 4853/6952/5283 4854/6951/5282 4856/6955/5286
f 5011/7070/5359 5012/7071/5360 5013/7072/5361 4953/7021/5325
f 5012/7071/5360 4856/6955/5286 5014/7073/5362 5013/7072/5361
f 4859/6958/5289 5014/7073/5362 4856/6955/5286 4857/6954/5285
f 5013/7072/5361 5014/7073/5362 5015/7074/5363 4950/7018/5323
f 5014/7073/5362 4859/6958/5289 5016/7075/5364 5015/7074/5363
f 4862/2870/2663 5016/7075/5364 4859/6958/5289 4860/6957/5288
f 5015/7074/5363 5016/7075/5364 5017/7076/5365 4947/7015/5320
f 5016/7075/5364 4862/2870/2663 5018/2871/2664 5017/7076/5365
f 4867/6965/5292 5019/2872/2665 4863/2774/2571 4865/2773/2570
f 5018/2871/2664 4944/7013/5318 5017/7076/5365
f 5018/2871/2664 5019/2872/2665 5021/7077/5366 5020/7078/5367
f 5021/7077/5366 4867/6965/5292 5023/7079/5368 5022/2898/2691
f 4867/6965/5292 5021/7077/5366 5019/2872/2665
f 5023/7079/5368 4867/6965/5292 4868/6964/5291 5024/7080/5369
f 5024/7081/5369 4868/6967/5291 4869/6966/5293 4870/6969/5295
f 5023/7079/5368 5024/7080/5369 5026/2874/2667 5025/2896/2689
f 5024/7081/5369 4870/6969/5295 5027/7082/2668 5026/7083/2667
f 4873/6972/5296 5027/7082/2668 4870/6969/5295 4871/6968/5294
f 5027/7082/2668 4873/6972/5296 5029/7084/5370 5028/7085/2666
f 4875/6974/5298 5029/7084/5370 4873/6972/5296 4872/2778/2575
f 5028/7085/2666 5029/7084/5370 4931/2877/2670 4932/7007/5313
f 5029/7084/5370 4875/6974/5298 5030/2878/2671 4931/2877/2670
f 4878/6975/5299 5030/2878/2671 4875/6974/5298 4876/6973/5297
f 5030/2878/2671 4878/6975/5299 5031/2880/2673 4929/2876/2669
f 4880/2783/2580 5031/2880/2673 4878/6975/5299 4879/2781/2578
f 5032/2879/2672 5031/2880/2673 4880/2783/2580 5033/2881/2674
f 5033/2881/2674 4880/2783/2580 4881/2784/2581 4883/2882/2675
f 4923/2883/2676 4883/2882/2675 4884/2786/2583 5034/6998/5310
f 4882/6976/5300 4884/2786/2583 4883/2882/2675
f 5035/7086/5371 4884/2786/2583 4158/2785/2582 4885/6979/5301
f 4884/2786/2583 5035/7086/5371 5034/6998/5310
f 4886/7087/5372 5037/7088/5373 5036/7089/5374 4885/6979/5301
f 4163/2789/2586 4886/7087/5372 4885/6979/5301
f 4163/2789/2586 4159/6490/5030 4886/7087/5372
f 5037/7088/5373 4886/7087/5372 4159/6490/5030 5038/7090/2679
f 5038/2886/2679 5040/2885/2678 5039/7091/5375 5037/7092/5373
f 4159/6490/5030 4887/6978/2677 5038/7090/2679
f 4890/2791/2588 5040/2885/2678 4887/2884/2677 4888/2792/2589
f 5040/2885/2678 4890/2791/2588 4891/2888/2681 5041/2887/2680
f 4898/2893/2686 4897/2795/2592 4186/2796/2593 4899/2805/2599
f 4892/2889/2682 4913/2817/2611 4891/2888/2681
f 4891/2888/2681 4175/2794/2591 4892/2889/2682
f 5042/2891/2684 4912/2815/2609 4892/2889/2682
f 4893/2890/2683 4911/2814/2608 5042/2891/2684
f 4179/6497/5034 5043/2895/2688 4894/6496/5033
f 4179/6497/5034 4895/2894/2687 5043/2895/2688
f 4895/2894/2687 4180/2308/2147 4896/6982/5302
f 4896/6982/5302 4182/2309/2148 4898/2893/2686
f 4898/2893/2686 4906/2892/2685 4896/6982/5302
f 4906/2892/2685 4907/2810/2604 4895/2894/2687 4896/6982/5302
f 4904/2806/2600 4905/2808/2602 4906/2892/2685
f 5043/2895/2688 4910/2812/2606 4893/2890/2683 4894/6496/5033
f 5040/2885/2678 4914/2819/2613 4916/6987/5303 5039/7091/5375
f 4912/2815/2609 5042/2891/2684 4911/2814/2608
f 4913/2817/2611 4892/2889/2682 4912/2815/2609
f 5037/7093/5373 5039/7094/5375 4917/7095/5305 5036/7096/5374
f 4915/2821/2615 4916/6987/5303 4914/2819/2613
f 4885/6979/5301 5036/7089/5374 4920/7097/5308 5035/7086/5371
f 4916/6987/5303 4917/6989/5305 5039/7091/5375
f 5036/7096/5374 4917/7095/5305 4918/6993/5304 4920/6992/5308
f 5035/7086/5371 4920/7097/5308 4921/6999/5307 5034/6998/5310
f 5032/2879/2672 4925/2824/2618 4926/2826/2620 4927/7003/5312
f 4924/2822/2616 5033/2881/2674 4923/2883/2676
f 4925/2824/2618 5032/2879/2672 5033/2881/2674
f 4927/7003/5312 4929/2876/2669 5032/2879/2672
f 5026/2874/2667 5028/2873/2666 4932/7008/5313 4933/2831/2625
f 4929/2876/2669 4928/7002/5311 4931/2877/2670
f 4934/2830/2624 4935/2833/2627 5022/2898/2691 5025/2896/2689
f 5022/2898/2691 5044/2897/2690 5020/7078/5367 5021/7077/5366
f 5022/2898/2691 5023/7079/5368 5025/2896/2689
f 5044/2897/2690 4939/2835/2629 4942/7011/5316 5020/7078/5367
f 5020/7078/5367 4942/7011/5316 4944/7013/5318 5018/2871/2664
f 4947/7015/5320 5017/7076/5365 4944/7013/5318 4945/7012/5317
f 4950/7018/5323 5015/7074/5363 4947/7015/5320 4948/7014/5319
f 4953/7021/5325 5013/7072/5361 4950/7018/5323 4951/7017/5322
f 4954/7023/5326 5011/7070/5359 4953/7021/5325 4952/7019/5324
f 5009/7067/5357 4954/7023/5326 4955/7022/2693 5008/7068/2692
f 5005/2916/2660 5008/2899/2692 4956/2844/2638 5045/2915/2708
f 5045/2915/2708 4956/2844/2638 5047/7098/5376 5046/2913/2706
f 5046/2913/2706 5047/7098/5376 4960/7027/5329 5048/7099/5377
f 4957/2843/2637 5047/7098/5376 4956/2844/2638
f 5047/7098/5376 4957/2843/2637 4958/7025/5327 4960/7027/5329
f 5048/7099/5377 4960/7027/5329 4959/2848/2642 4962/2903/2696
f 4962/2903/2696 5050/2902/2695 5049/2918/2710 5048/7099/5377
f 2156/1108/1039 2269/1188/1114 5073/2912/2705 5051/2904/2697
f 4961/7026/5328 4963/7031/2694 4962/7029/2696
f 4964/2849/2643 5051/2904/2697 4963/7031/2694
f 4992/2863/2657 4963/7031/2694 5051/2904/2697
f 2881/5049/4185 2878/4968/4137 4966/7032/5330 4968/7035/5333
f 2881/5049/4185 4968/7035/5333 5052/7100/5378 2882/5050/4186
f 5052/7100/5378 4968/7035/5333 4971/7038/5336 5053/7101/5379
f 5052/7100/5378 5053/7101/5379 5055/7102/5380 5054/7103/5381
f 4969/7034/5332 4971/7038/5336 4968/7035/5333
f 5053/7101/5379 4974/7042/5338 5056/7104/5382 5055/7102/5380
f 5053/7101/5379 4971/7038/5336 4972/7037/5335 4974/7042/5338
f 5055/7102/5380 5056/7104/5382 5058/2907/2700 5057/2906/2699
f 5056/7105/5382 4975/7044/5340 5059/7106/5383 5058/7107/2700
f 5056/7104/5382 4974/7042/5338 4973/7040/5337 4975/7108/5340
f 5058/7107/2700 5059/7106/5383 3080/5680/4550 3081/5683/2698
f 5059/7106/5383 4978/7046/5342 3079/5681/4551 3080/5680/4550
f 5059/7106/5383 4975/7044/5340 4976/7043/5339 4978/7046/5342
f 5060/7109/5384 3081/2905/2698 5062/7110/5385 5061/7111/5386
f 3081/2905/2698 5060/7109/5384 5063/7112/5387 5057/2906/2699
f 2926/5679/4549 5062/7113/5385 3081/5683/2698
f 2253/5065/4197 5063/7112/5387 5060/7109/5384 2254/5066/4198
f 5057/2906/2699 5063/7112/5387 5054/7103/5381 5055/7102/5380
f 5063/7112/5387 2253/5065/4197 2883/5067/4199 5054/7103/5381
f 5054/7103/5381 2883/5067/4199 2882/5050/4186 5052/7100/5378
f 2255/5069/4201 5061/7111/5386 5064/7114/5388 2256/5070/4202
f 5061/7111/5386 2255/5069/4201 2254/5066/4198 5060/7109/5384
f 2260/5072/4204 5066/7115/5389 5065/7116/5390 2259/5075/4207
f 5066/7117/5389 2260/7118/4204 2258/7119/4203 5067/7120/5391
f 5067/7120/5391 2258/7119/4203 2256/7121/4202 5064/7122/5388
f 5067/7120/5391 5069/7123/5392 5068/7124/5393 5066/7117/5389
f 5069/7123/5392 5067/7120/5391 5064/7122/5388 5070/7125/5394
f 5070/7125/5394 5064/7122/5388 5061/7126/5386 5062/7113/5385
f 5070/7125/5394 3082/2910/2703 5071/2909/2702 5069/7123/5392
f 3082/2910/2703 5070/7125/5394 5062/7113/5385 2926/5679/4549
f 5068/7124/5393 5071/2909/2702 4985/7048/5344 5072/7127/5395
f 5071/2909/2702 5068/7124/5393 5069/7123/5392
f 3078/2908/2701 4983/2854/2648 5071/2909/2702
f 3079/5681/4551 4981/2851/2645 3078/2908/2701
f 5072/7127/5395 5065/7128/5390 5066/7117/5389 5068/7124/5393
f 4983/2854/2648 4985/7048/5344 5071/2909/2702
f 5065/7128/5390 5072/7127/5395 4987/7050/5346 4989/7129/2704
f 4996/7057/5350 5074/2917/2709 5050/2902/2695 4993/7053/2658
f 4985/7048/5344 4987/7050/5346 5072/7127/5395
f 2259/5075/4207 5065/7116/5390 4989/2911/2704
f 4989/2911/2704 2879/1185/1111 2259/5075/4207
f 4991/2861/2655 5073/2912/2705 2269/1188/1114
f 4994/2866/2659 4996/7057/5350 4993/7053/2658
f 4995/7054/5347 4997/7056/5349 4996/7057/5350
f 5074/2917/2709 4996/7057/5350 4997/7056/5349 5075/7130/5396
f 5075/7130/5396 4997/7056/5349 4998/7055/5348 5000/7061/5353
f 5076/7131/5397 5000/7061/5353 5001/7060/5352 5003/7132/5356
f 5049/2918/2710 5074/2917/2709 5075/7130/5396
f 5000/7061/5353 5076/7131/5397 5075/7130/5396
f 5076/7131/5397 5077/2914/2707 5046/2913/2706 5075/7130/5396
f 5077/2914/2707 5076/7131/5397 5003/7132/5356 5005/2916/2660
f 5075/7130/5396 5046/2913/2706 5048/7099/5377 5049/2918/2710
f 4993/2865/2658 5050/7133/2695 4963/7031/2694 4992/2863/2657
f 4979/2852/2646 4981/2851/2645 3079/5681/4551 4978/7046/5342
f 5051/2904/2697 5073/2912/2705 4992/2863/2657
f 4899/2805/2599 4187/2314/2153 4900/2797/2594 4722/6844/5209
f 4201/2332/2169 5363/3139/2913 5078/2073/1934 3775/2075/1936
f 4199/2329/2166 4200/2330/2167 3047/2710/2511
f 4200/2330/2167 3773/2331/2168 2921/2919/2711
f 5078/2073/1934 5364/2920/2712 3773/2331/2168
f 5083/2928/2719 4207/6509/5039 5085/7134/2721 5084/2927/2718
f 4202/2333/2170 5079/2922/2714 4201/2332/2169
f 4204/2926/2717 5081/7135/2716 5080/2921/2713
f 4202/2333/2170 3776/2335/2172 5080/2921/2713
f 5083/2928/2719 5082/2923/2715 4204/2925/2717
f 5083/2928/2719 4204/2925/2717 4205/6506/5036 4207/6509/5039
f 5085/2931/2721 4210/7136/5041 5087/7137/5398 5086/2929/2720
f 4210/6512/5041 5085/7134/2721 4207/6509/5039 4208/6508/5038
f 5086/2929/2720 5087/7137/5398 5089/7138/5399 5088/7139/2908
f 5087/7137/5398 4212/7140/5042 4214/6520/5045 5089/7138/5399
f 4212/7140/5042 5087/7137/5398 4210/7136/5041 4211/7141/5040
f 5089/7142/5399 4214/7143/5045 5091/2933/2723 5090/3132/2907
f 5092/2934/2724 4216/7144/5046 5094/2936/2726 5093/2932/2722
f 5092/2934/2724 5091/2933/2723 4214/7143/5045
f 4212/7140/5042 4213/6187/4861 4214/6520/5045
f 4216/6521/5046 5092/7145/2724 4214/6520/5045 4215/6518/5043
f 4218/2937/2727 5094/2936/2726 4216/7144/5046 4217/6522/5044
f 4218/2937/2727 4221/2342/2178 4222/2345/2181 5095/2935/2725
f 5100/7146/5400 5099/2939/2729 4226/2941/2731 5101/7147/5401
f 4218/2937/2727 4219/2343/2179 4221/2342/2178
f 5097/2940/2730 5096/2938/2728 4222/2345/2181
f 5097/2940/2730 5098/7148/5402 5096/2938/2728
f 5100/7146/5400 5097/2940/2730 5099/2939/2729
f 5101/7147/5401 5103/7149/5403 5102/7150/5404 5100/7146/5400
f 5103/7149/5403 5101/7147/5401 4228/6530/5052 5104/7151/5405
f 5101/7147/5401 4226/2941/2731 4227/6526/5048 4228/6530/5052
f 5104/7151/5405 5106/7152/5406 5105/7153/5407 5103/7149/5403
f 5106/7152/5406 5104/7151/5405 4230/6527/5049 4232/6532/5054
f 4232/6532/5054 5108/7154/5408 5107/7155/5409 5106/7152/5406
f 4228/6530/5052 4230/6527/5049 5104/7151/5405
f 5109/7156/5410 5111/7157/5411 5110/7158/5412 5108/7154/5408
f 4232/6532/5054 5109/7156/5410 5108/7154/5408
f 5111/7157/5411 5109/7156/5410 5113/7159/5413 5112/6535/5057
f 5109/7156/5410 4232/6532/5054 4233/6531/5053 5113/7159/5413
f 5113/7159/5413 4233/6531/5053 4234/6534/5056 5112/6535/5057
f 5114/3146/2919 5112/6535/5057 4237/2350/2186 5116/2944/2734
f 5115/3145/2918 5112/6535/5057 5114/3146/2919
f 5116/2944/2734 3058/2943/2733 5114/3146/2919
f 5116/2944/2734 4237/2350/2186 4238/2349/2185 5117/2942/2732
f 5119/2946/2736 5121/3298/3047 5120/3311/3060 5118/2947/2737
f 4241/2353/2189 5118/2947/2737 4239/2945/2735
f 3057/3147/2920 4239/2945/2735 5118/2947/2737
f 5119/2946/2736 5123/7160/5414 5122/3296/3045 5121/3298/3047
f 5123/7160/5414 5119/2946/2736 4244/2352/2188 4246/2355/2191
f 5123/7160/5414 2324/5123/4236 2323/5122/4235 5122/3296/3045
f 2324/5123/4236 5123/7160/5414 4246/2355/2191 1419/4421/3803
f 2325/4425/3807 4252/7161/5060 5124/7162/5415 2326/1560/1457
f 2325/4425/3807 4248/6538/2198 4252/7161/5060
f 5124/7163/5415 4252/6539/5060 4251/2361/2197 4254/2365/2201
f 4270/6549/2744 4271/2375/2211 5131/2955/2745 5130/2957/2743
f 5126/2948/2738 5125/3290/3039 4254/2365/2201
f 4264/2949/2739 5127/7164/5416 5126/2948/2738
f 4264/2949/2739 4261/2370/2206 4267/2952/2742
f 4267/2952/2742 5128/2951/2741 4264/2949/2739
f 4267/2952/2742 4268/7165/5064 4270/2954/2744
f 4270/2954/2744 5129/2950/2740 4267/2952/2742
f 5131/2955/2745 4274/2374/2210 5133/2959/2748 5132/2956/2746
f 4280/2960/2749 5133/2959/2748 4274/2374/2210 4275/6550/5067
f 5133/2959/2748 4280/2960/2749 5135/2961/2750 5134/2958/2747
f 4290/6560/5075 5138/2963/2752 4283/2376/2212 4284/6552/5069
f 5136/2962/2751 5137/3283/3032 5135/2961/2750
f 5138/2963/2752 4290/6560/5075 5140/7166/5417 5139/7167/5418
f 4290/6560/5075 4287/6558/5071 4292/7168/5074
f 5140/7169/5417 4292/6559/5074 5142/3281/2754 5141/3280/3030
f 4292/6559/5074 5140/7169/5417 4290/7170/5075
f 4292/6559/5074 4293/2380/2216 5143/7171/2755 5142/3281/2754
f 4299/7172/2218 5143/7171/2755 4293/2380/2216 4297/2379/2215
f 5143/2966/2755 4299/7173/2218 4301/7174/2756 5144/2964/2753
f 5144/7175/2753 4301/2967/2756 5146/2970/2759 5145/7176/5419
f 4307/2388/2223 5148/2969/2758 4302/2386/2221 4304/2385/2220
f 5147/2968/2757 5146/2970/2759 4301/2967/2756
f 5148/2969/2758 4307/2388/2223 4310/2973/2762 5149/2972/2761
f 5151/7177/5420 4310/2973/2762 4311/6567/5080 4314/6574/5087
f 5151/7177/5420 5150/2971/2760 4310/2973/2762
f 5151/7178/5420 5153/7179/5421 5152/7180/5422 5150/7181/2760
f 5153/7179/5421 5151/7178/5420 4314/7182/5087 5154/2976/2765
f 5154/2976/2765 4314/7182/5087 4315/6579/5086 4319/2974/2763
f 5154/2976/2765 5156/2975/2764 5155/7183/5423 5153/7179/5421
f 5156/2975/2764 4319/2974/2763 4320/6578/5090 4322/2978/2767
f 5159/2980/2769 4323/2977/2766 1501/707/669 2884/5138/4246
f 4323/2977/2766 5157/7184/5424 5156/2975/2764
f 5161/2982/2771 5159/2980/2769 2884/5138/4246 2372/5142/4249
f 2372/5142/4249 2374/3271/3022 5162/3273/3024 5161/2982/2771
f 4338/2989/2778 5167/2986/2775 4336/2398/2233 4337/2400/2235
f 4333/3185/2951 5163/7185/2772 4332/6594/2774
f 4333/3185/2951 5164/3195/2960 5234/3186/2952
f 5231/3193/2958 5164/3195/2960 4334/2397/2232
f 4334/2397/2232 4335/2396/2231 5231/3193/2958
f 5166/2987/2776 5165/3194/2959 4335/2396/2231
f 5168/2993/2777 1516/2992/2780 2380/7186/4253 5169/7187/2779
f 2383/7188/4251 2885/7189/4250 5171/7190/5425 5170/7191/2956
f 5174/7192/2791 5173/7193/5426 4343/7194/2243 4344/6599/5094
f 2885/7189/4250 5172/3310/3059 5171/7190/5425
f 5173/7195/5426 2886/7196/4254 1522/720/682
f 1522/720/682 4343/7197/2243 5173/7195/5426
f 5174/7192/2791 4344/6599/5094 4345/2996/2783 5175/2995/2782
f 4351/3000/2787 5176/7198/2784 4348/6602/2785 4349/2415/2246
f 4345/2996/2783 4346/6598/2244 4347/2994/2781
f 4351/3000/2787 5178/2999/2786 5180/7199/5427 5179/7200/5428
f 4351/7201/2787 5177/3002/2788 5176/2997/2784
f 5178/3001/2786 1530/2418/688 2392/7202/4255 5180/7203/5427
f 2393/7204/4256 1752/7205/2422 4551/7206/2424 4553/7207/5153
f 2393/7204/4256 4553/7207/5153 5180/7203/5427 2392/7202/4255
f 4553/6746/5153 4550/6744/5152 5179/7208/5428 5180/7209/5427
f 5177/3002/2788 5179/7208/5428 4550/6744/5152 4552/3315/3064
f 2936/1674/1557 5181/3003/2789 4560/3004/2790 2938/1672/1559
f 5177/3002/2788 4351/7201/2787 5179/7208/5428
f 4555/2616/2426 4347/2994/2781 5176/2997/2784
f 5176/2997/2784 4556/2180/2026 4555/2616/2426
f 4557/2615/2425 4347/2994/2781 4555/2616/2426
f 4557/2615/2425 4560/3004/2790 5175/2995/2782
f 5181/3003/2789 5174/7192/2791 5175/2995/2782
f 5173/7210/5426 2936/1670/1557 2937/1669/1556 2886/7211/4254
f 2936/1670/1557 5173/7210/5426 5174/3005/2791
f 5182/7212/5429 4567/2630/2435 4568/2631/2437 4569/7213/2440
f 4567/2630/2435 5182/7212/5429 2394/3007/1183
f 2410/7214/1199 2394/3007/1183 5182/7212/5429
f 4569/7213/2440 5184/7215/2792 5183/7216/5430 5182/7212/5429
f 4570/2636/2441 5186/3011/2794 5185/7217/5431 5184/3009/2792
f 5189/3016/2799 4575/3017/2800 4576/3020/2803 5190/3019/2802
f 5191/3022/2805 5193/7218/5432 5192/3023/2806 5190/3019/2802
f 2950/3313/3062 2951/3018/2801 4576/3020/2803
f 5191/3022/2805 5210/7219/5433 5193/7218/5432
f 5192/3023/2806 5193/7218/5432 5195/7220/5434 5189/3016/2799
f 5189/3016/2799 5195/7220/5434 5188/7221/5435 4572/3013/2796
f 5193/7218/5432 5196/3032/2813 5195/7220/5434
f 5188/7221/5435 5197/7222/5436 5187/3012/2795 4572/3013/2796
f 5197/7222/5436 5188/7221/5435 5195/7220/5434
f 5195/7220/5434 5196/3032/2813 5197/7222/5436
f 5186/7223/2794 5198/7224/2807 5199/7225/5437 5185/7226/5431
f 5198/3024/2807 5187/3012/2795 5197/7222/5436
f 5198/7224/2807 5200/3027/2810 5199/7225/5437
f 5185/7226/5431 5199/7225/5437 5202/7227/5438 5201/7228/5439
f 5201/7228/5439 5183/7216/5430 5184/7215/2792 5185/7226/5431
f 5183/7216/5430 5201/7228/5439 2409/7229/1197 2410/7214/1199
f 2411/7230/1200 2409/7229/1197 5201/7228/5439 5202/7227/5438
f 5182/7212/5429 5183/7216/5430 2410/7214/1199
f 5202/7227/5438 5203/3026/2809 2411/7230/1200
f 5200/3027/2810 5203/3026/2809 5202/7227/5438 5199/7225/5437
f 2386/3309/3058 2411/7230/1200 5203/3026/2809
f 5204/3025/2808 5205/7231/5440 5172/3310/3059 5203/3026/2809
f 5204/3029/2808 5198/3024/2807 5206/3031/2812 5205/7232/5440
f 5196/3032/2813 5206/3031/2812 5198/3024/2807 5197/7222/5436
f 5210/7219/5433 5208/3033/2814 5194/3034/2815 5193/7218/5432
f 5194/3034/2815 5207/3030/2811 5196/3032/2813
f 5196/3032/2813 5193/7218/5432 5194/3034/2815
f 5210/7219/5433 5209/3035/2816 5208/3033/2814
f 5217/3042/2822 5219/7233/5441 5218/7234/5442 5213/7235/5443
f 5211/3037/2818 5214/3078/2854 5213/7235/5443
f 5213/7235/5443 5215/3038/2819 5211/3037/2818
f 5213/7235/5443 5216/3076/2852 5217/3042/2822
f 5219/7236/5441 5220/3040/2820 2428/3039/1214 2427/7237/1211
f 5217/3042/2822 5220/3044/2820 5219/7233/5441
f 5222/3045/2823 5217/3042/2822 5224/3073/2849 5223/3046/2824
f 5229/7238/5444 5230/3192/2957 5165/3194/2959 5249/3069/2845
f 5223/3046/2824 5226/3049/2827 5225/3047/2825
f 5223/3046/2824 5254/3072/2848 5226/3049/2827
f 5250/3051/2829 5227/3048/2826 5226/3049/2827
f 5165/3194/2959 5228/3050/2828 5249/3069/2845
f 5234/3186/2952 5232/3065/2841 5233/3067/2843 5235/3054/2832
f 5230/3192/2957 5232/3065/2841 5231/3193/2958
f 5237/3063/2840 5243/7239/5445 5242/7240/5446 5241/7241/2838
f 5237/7242/2840 5236/3052/2830 5235/3054/2832
f 5240/7243/2834 5238/3053/2831 5236/3052/2830
f 5236/3062/2830 2902/7244/2835 5240/7245/2834
f 2449/1312/1230 2902/3057/2835 52/1310/1229
f 2902/3057/2835 5239/3061/2839 2450/3058/2836
f 5239/3064/2839 5237/3063/2840 5241/7241/2838
f 2902/7244/2835 5236/3062/2830 5239/3064/2839
f 5244/7246/5447 5237/7242/2840 5235/3054/2832 5233/3067/2843
f 5237/3063/2840 5244/7247/5447 5243/7239/5445
f 5257/3077/2853 5211/3037/2818 5209/3035/2816 5210/7219/5433
f 5245/3200/2965 5244/7246/5447 5233/3067/2843
f 5247/7248/5448 5246/3066/2842 5232/3065/2841
f 5230/3192/2957 5229/7238/5444 5232/3065/2841
f 5248/3068/2844 5232/3065/2841 5229/7238/5444
f 5229/7238/5444 5249/3069/2845 5248/3068/2844
f 5251/3071/2847 5250/3051/2829 5226/3049/2827
f 5253/3070/2846 5252/3197/2962 5251/3071/2847
f 5255/3075/2851 5254/3072/2848 5224/3073/2849
f 5216/3076/2852 5255/3075/2851 5224/3073/2849
f 5224/3073/2849 5217/3042/2822 5216/3076/2852
f 5214/3078/2854 5256/3074/2850 5216/3076/2852
f 5216/3076/2852 5213/7235/5443 5214/3078/2854
f 5257/3077/2853 5258/7249/5449 5214/3078/2854
f 5210/7219/5433 2953/5557/4462 5259/7250/5450 5257/3077/2853
f 2953/5557/4462 5210/7219/5433 5191/3022/2805 2952/3021/2804
f 5259/7250/5450 5261/7251/5451 5260/7252/5452 5258/7249/5449
f 5261/7251/5451 5259/7250/5450 2953/5557/4462 2954/5556/4461
f 5260/7252/5452 5261/7251/5451 5263/7253/5453 5262/7254/5454
f 5258/7249/5449 5257/3077/2853 5259/7250/5450
f 5261/7251/5451 2954/5556/4461 2955/5559/4464 5263/7253/5453
f 5262/7254/5454 5263/7253/5453 5265/7255/5455 5264/7256/5456
f 5263/7253/5453 2955/5559/4464 5266/7257/5457 5265/7255/5455
f 5266/7257/5457 5268/3225/2984 5267/7258/5458 5265/7255/5455
f 5268/3225/2984 5266/7257/5457 5270/7259/5459 5269/3224/2983
f 5270/7259/5459 5266/7257/5457 2955/5559/4464 2956/5558/4463
f 5269/3224/2983 5270/7259/5459 5272/7260/5460 5271/3229/2988
f 5270/7259/5459 2956/5558/4463 2957/5560/4465 5272/7260/5460
f 5271/3229/2988 5272/7260/5460 5274/3080/2856 5273/3228/2987
f 5272/7260/5460 2957/5560/4465 5275/3081/2857 5274/3080/2856
f 5275/3081/2857 5277/7261/5461 4578/6760/5156 5276/3079/2855
f 5277/7261/5461 5275/3081/2857 2957/5560/4465 2949/5554/4459
f 5277/7261/5461 2949/5554/4459 2950/3313/3062 4577/3312/3061
f 4577/3312/3061 4578/6760/5156 5277/7261/5461
f 5276/3079/2855 4578/6760/5156 4579/6759/5155 4581/3082/2858
f 4581/3082/2858 5279/3084/2860 5278/3308/3057 5274/3080/2856
f 4583/3083/2859 5281/3086/2862 5280/7262/5462 5279/3084/2860
f 4580/6762/5158 4583/3083/2859 4581/3082/2858
f 4585/3085/2861 5283/3088/2864 5282/7263/5463 5281/3086/2862
f 4582/6763/5159 4585/3085/2861 4583/3083/2859
f 4587/3087/2863 5285/7264/5464 5284/7265/5465 5283/3088/2864
f 4584/6761/5157 4587/3087/2863 4585/3085/2861
f 5285/7264/5464 4587/3087/2863 4589/7266/5162 5286/7267/5466
f 5286/7268/5466 5288/7269/5467 5287/7270/5468 5285/7271/5464
f 5288/7269/5467 5286/7268/5466 4590/6772/5163 5289/7272/5469
f 4590/6772/5163 5286/7268/5466 4589/6770/5162 4588/6767/5161
f 5289/7272/5469 5291/7273/5470 5290/7274/5471 5288/7269/5467
f 5291/7273/5470 5289/7272/5469 1783/7275/4294 2495/7276/4295
f 5289/7272/5469 4590/6772/5163 2870/6771/3951 1783/7275/4294
f 2495/5213/4295 2888/5215/4297 5292/7277/5472 5291/7278/5470
f 2504/7279/1250 2889/7280/4299 5294/7281/5473 5293/7282/5474
f 5295/3090/2866 5293/7283/5474 5297/7284/5475 5296/3091/2867
f 5293/7282/5474 5295/7285/2866 2504/7279/1250
f 5299/3095/2871 5300/3094/2870 5302/7286/5476 5301/7287/5477
f 5298/3089/2865 5299/7288/2871 5295/3090/2866
f 2971/3093/2869 5300/7289/2870 5298/3089/2865
f 5300/7289/2870 2971/3093/2869 2972/5586/4479 5302/7290/5476
f 5302/7291/5476 2966/5576/4474 2967/5575/4473 5301/7292/5477
f 2966/7293/4474 5302/7290/5476 2972/5586/4479 5303/7294/5478
f 2960/5567/2872 5303/7294/5478 2972/5586/4479 2973/5585/4478
f 5303/7295/5478 5304/7296/5479 2965/7297/4475 2966/7298/4474
f 5303/7295/5478 2960/3097/2872 5305/3099/2874 5304/7296/5479
f 5304/7296/5479 5305/3099/2874 2513/7299/4304 2512/7300/4303
f 5305/3099/2874 2958/3098/2873 72/5563/3151 2513/7299/4304
f 5299/3095/2871 2890/7301/1261 2504/7279/1250 5295/7285/2866
f 2890/1346/1261 5299/7302/2871 5301/7303/5477 2514/1347/1262
f 2841/3434/3164 2514/1347/1262 5301/7303/5477 2967/5579/4473
f 5304/7296/5479 2512/7300/4303 80/7304/3166 2965/7297/4475
f 2992/3092/2868 5306/7305/5480 2908/5584/4477 2971/3093/2869
f 2992/3092/2868 2986/5601/4483 5306/7305/5480
f 5307/7306/5481 5306/7305/5480 2986/5601/4483 2987/5604/4486
f 2908/5584/4477 5306/7305/5480 5307/7306/5481 2973/5585/4478
f 2973/5585/4478 5307/7306/5481 2959/5564/4467 2960/5567/2872
f 2959/5564/4467 5307/7306/5481 2987/5604/4486 2963/5570/4469
f 5297/7284/5475 5308/7307/5482 2995/5613/4492 2991/5609/4489
f 5308/7307/5482 5297/7284/5475 5293/7283/5474 5294/7308/5473
f 5296/3091/2867 5297/7284/5475 2991/5609/4489 2992/3092/2868
f 5308/7307/5482 5310/7309/3048 5309/7310/3050 2995/5613/4492
f 5310/7311/3048 5308/7312/5482 5294/7313/5473 5311/7314/5483
f 5311/7315/5483 5313/7316/5484 5312/3300/3049 5310/3299/3048
f 5313/7317/5484 5311/7318/5483 2498/5246/4312 2522/5247/4313
f 5311/7318/5483 5294/7319/5473 2889/5217/4299 2498/5246/4312
f 5313/7317/5484 2522/5247/4313 2891/5248/4314 5314/7320/5485
f 2524/1353/1266 4592/3100/2875 5315/7321/5486 2525/1354/1267
f 2525/1354/1267 5315/7321/5486 5316/3102/2877 2526/5250/4316
f 5315/7321/5486 4592/3100/2875 4593/6773/5164 4595/3103/2878
f 4595/3103/2878 5316/3102/2877 5315/7321/5486
f 5322/3108/2883 4602/3109/2884 5323/7322/5487 5320/3106/2881
f 4596/3105/2880 5317/3101/2876 4595/3103/2878
f 4595/3103/2878 4594/6774/5165 4596/3105/2880
f 5319/3107/2882 5318/3104/2879 4596/3105/2880
f 4596/3105/2880 5321/2651/2455 5319/3107/2882
f 5320/3106/2881 5323/7322/5487 5325/3111/2886 5324/3305/3054
f 5323/7322/5487 4605/7323/5169 5326/3112/2887 5325/3111/2886
f 4605/7323/5169 5323/7322/5487 4602/3109/2884 4603/6780/5167
f 5326/7324/2887 4608/3113/2888 5328/3114/2889 5327/7325/2885
f 4608/3113/2888 5326/7324/2887 4605/6786/5169 4606/6785/5168
f 5327/7326/2885 5328/7327/2889 5330/7328/5488 5329/7329/3056
f 5328/3114/2889 4609/2658/2462 5331/7330/5489 5330/7331/5488
f 5330/7331/5488 5331/7330/5489 4619/6795/5178 5332/7332/5490
f 5331/7330/5489 4612/6790/5173 4614/2660/2464 4619/6795/5178
f 5331/7330/5489 4609/2658/2462 4610/6787/5170 4612/6790/5173
f 5332/7332/5490 4619/6795/5178 4620/6794/5177 4624/6800/2892
f 5332/7333/5490 5333/3306/3055 5329/3307/3056 5330/7334/5488
f 5333/3306/3055 5332/7333/5490 4624/3117/2892 4629/3116/2891
f 5334/3119/2894 4629/3116/2891 4630/6808/5185 4634/6814/5190
f 5334/3119/2894 5333/3306/3055 4629/3116/2891
f 5336/3120/2895 5334/3119/2894 4634/6814/5190 5337/7335/5491
f 5337/7335/5491 4634/6814/5190 4635/6813/5189 4639/6816/5192
f 5337/7335/5491 3055/5666/4536 3056/5665/4535 5336/3120/2895
f 3055/5666/4536 5337/7335/5491 4639/6816/5192 5338/7336/5492
f 5338/7336/5492 4639/6816/5192 4640/2663/2467 4643/6817/5193
f 3055/5666/4536 5338/7336/5492 5339/7337/5493 3054/5663/4533
f 5339/7337/5493 5338/7336/5492 4643/6817/5193 5340/7338/5494
f 5340/7338/5494 4643/6817/5193 4644/2666/2470 4646/6819/5195
f 5340/7338/5494 5342/3144/2917 5341/3143/2916 5339/7337/5493
f 5342/3144/2917 5340/7338/5494 4646/6819/5195 5343/7339/5495
f 5343/7339/5495 4646/6819/5195 4647/2668/2472 4650/2669/2473
f 5343/7339/5495 5344/3121/2896 5115/3145/2918 5342/3144/2917
f 5344/3121/2896 5343/7339/5495 4650/2669/2473 5345/3122/2897
f 5345/3122/2897 4650/2669/2473 4651/2670/2474 4653/3125/2900
f 5346/3123/2898 5345/3122/2897 4653/3125/2900 5347/3124/2899
f 5347/3124/2899 5348/7340/5496 5110/7158/5412 5346/3123/2898
f 5348/7340/5496 5347/3124/2899 4654/2673/2477 5349/7341/5497
f 5349/7341/5497 4654/2673/2477 4657/2672/2476 4659/6821/5197
f 5349/7341/5497 5350/7342/5498 5107/7155/5409 5348/7340/5496
f 5350/7342/5498 5349/7341/5497 4659/6821/5197 5351/7343/5499
f 5351/7344/5499 4659/7345/5197 4660/7346/2479 4662/7347/2481
f 5351/7343/5499 5352/7348/5500 5105/7153/5407 5350/7342/5498
f 5352/7348/5500 5351/7343/5499 4662/2677/2481 5353/7349/5501
f 4665/7350/5502 5353/7349/5501 4662/2677/2481 4663/2678/2482
f 5353/7349/5501 5354/7351/5503 5102/7150/5404 5352/7348/5500
f 5353/7349/5501 4665/7350/5502 4668/3126/2901 5354/7351/5503
f 5354/7351/5503 4668/3126/2901 5355/3127/2902 5100/7146/5400
f 4665/7350/5502 4663/2678/2482 4668/3126/2901
f 5355/3127/2902 4669/2683/2487 4673/2682/2486 5098/7148/5402
f 5098/7148/5402 4673/2682/2486 5356/3129/2904 5096/2938/2728
f 4676/3130/2905 5356/3129/2904 4673/2682/2486 4674/2685/2489
f 5358/3131/2906 4676/3130/2905 4677/2689/2493 4680/6822/5198
f 5357/3128/2903 5095/2935/2725 5356/3129/2904
f 5358/3131/2906 5093/2932/2722 5357/3128/2903
f 4680/6822/5198 4681/2691/2495 4686/3134/2909 5090/3132/2907
f 4680/6822/5198 5090/3132/2907 5358/3131/2906
f 5086/2929/2720 4691/7352/5201 5359/7353/2915 5084/2930/2718
f 4681/2691/2495 4682/2690/2494 4686/3134/2909
f 4689/3136/2910 5088/3133/2908 4686/3134/2909
f 4686/3134/2909 4687/6823/5199 4689/3136/2910
f 4691/6826/5201 5086/3135/2720 4689/3136/2910
f 4689/3136/2910 4687/6823/5199 4691/6826/5201
f 4695/2696/2500 5359/7353/2915 4691/7352/5201 4692/2697/2501
f 5359/7353/2915 4695/2696/2500 5360/3138/2912 5082/7354/2715
f 5082/2923/2715 5360/7355/2912 5361/3141/2914 5081/2924/2716
f 5360/7355/2912 4699/7356/2911 4704/6839/5208 5361/3141/2914
f 5361/7357/2914 4704/7358/5208 5079/2922/2714 5080/2921/2713
f 4699/7356/2911 4700/6838/5207 4704/6839/5208
f 4707/2703/2506 5362/7359/5504 4704/6839/5208 4705/2699/2502
f 5362/7360/5504 5079/2922/2714 4704/7358/5208
f 5079/2922/2714 5362/7360/5504 5363/3139/2913 4201/2332/2169
f 4707/2705/2506 5363/3139/2913 5362/7360/5504
f 5364/2920/2712 5363/3139/2913 4710/2704/2507
f 4710/2704/2507 4712/2708/2510 5364/2920/2712
f 5095/2935/2725 5357/3128/2903 5093/2932/2722 5094/2936/2726
f 5088/3133/2908 5089/7142/5399 5090/3132/2907
f 5100/7146/5400 5355/3127/2902 5098/7148/5402 5097/2940/2730
f 5352/7348/5500 5102/7150/5404 5103/7149/5403 5105/7153/5407
f 5100/7146/5400 5102/7150/5404 5354/7351/5503
f 5350/7342/5498 5105/7153/5407 5106/7152/5406 5107/7155/5409
f 5348/7340/5496 5107/7155/5409 5108/7154/5408 5110/7158/5412
f 5346/3123/2898 5110/7158/5412 5111/7157/5411 5344/3121/2896
f 5344/3121/2896 5111/7157/5411 5112/6535/5057 5115/3145/2918
f 5341/3143/2916 3058/2943/2733 3054/5663/4533 5339/7337/5493
f 5114/3146/2919 5341/3143/2916 5115/3145/2918
f 5117/2942/2732 3057/3147/2920 3058/2943/2733
f 5336/3120/2895 3056/5665/4535 5365/7361/5505 5335/3118/2893
f 3060/5667/4537 5365/7361/5505 3056/5665/4535 2923/5664/4534
f 5335/3118/2893 5365/7361/5505 5366/7362/5506 5369/7363/5507
f 5365/7361/5505 3060/5667/4537 5367/7364/5508 5366/7362/5506
f 5368/7365/5509 5367/7364/5508 3060/5667/4537 3061/5669/4539
f 5366/7362/5506 5367/7364/5508 5370/7366/5510 5369/7363/5507
f 5367/7364/5508 5368/7365/5509 5371/7367/5511 5370/7366/5510
f 5372/7368/5512 5371/7367/5511 5368/7365/5509 5373/3294/3043
f 5370/7366/5510 5371/7367/5511 5375/3149/2922 5374/7369/5513
f 5371/7367/5511 5372/7368/5512 5376/3150/2923 5375/3149/2922
f 5377/7370/5514 5376/3150/2923 5372/7368/5512 5378/3293/3042
f 5376/3150/2923 5377/7370/5514 5380/7371/5515 5379/3148/2921
f 2581/5295/4344 5380/7371/5515 5377/7370/5514 2781/5464/4429
f 5379/3148/2921 5380/7371/5515 5381/3303/3052 5318/3104/2879
f 5380/7371/5515 2581/5295/4344 2892/5294/4343 5381/3303/3052
f 5381/3303/3052 2892/5294/4343 2893/3302/3051 5317/3101/2876
f 2585/1411/1321 5383/3152/2925 5385/7372/5516 2894/5298/4347
f 2526/5250/4316 5316/3102/2877 2893/3302/3051
f 5383/3155/2925 5384/3154/2926 5386/7373/5517 5385/7374/5516
f 5385/7374/5516 5386/7373/5517 5387/7375/5518 5314/7376/5485
f 5391/7377/5519 5390/7378/5520 5388/7379/5521 5392/3288/3037
f 5388/7379/5521 5387/7375/5518 5386/7373/5517
f 5386/7373/5517 5389/7380/5522 5388/7379/5521
f 5312/3300/3049 5387/7375/5518 5388/7379/5521
f 5390/7378/5520 5312/3300/3049 5388/7379/5521
f 5390/7378/5520 5393/7381/5523 5309/3301/3050 5312/3300/3049
f 5393/7381/5523 5391/7377/5519 2993/5611/4491 2994/5610/4490
f 5391/7377/5519 5393/7381/5523 5390/7378/5520
f 5391/7377/5519 5394/7382/5524 5395/7383/5525 2993/5611/4491
f 5396/7384/5526 5395/7383/5525 5394/7382/5524 5397/3287/3036
f 5404/3159/2930 5403/3161/2927 5400/7385/2929 5405/7386/5527
f 5395/7383/5525 2990/5607/4487 2993/5611/4491
f 5396/7384/5526 5399/7387/3035 5398/3157/2928
f 5398/7388/2928 5401/3285/3034 5400/7385/2929
f 5402/3263/3015 5396/7384/5526 5398/3157/2928
f 5403/3156/2927 5407/7389/2931 5406/3261/3013 5398/3157/2928
f 5404/7390/2930 5411/7391/5528 5410/7392/5529 5407/7389/2931
f 5404/3159/2930 5409/3284/3033 5408/3162/2932
f 5404/3159/2930 5408/3162/2932 5412/3164/2934 5411/7393/5528
f 5411/7393/5528 5412/3164/2934 5415/3166/2936 5414/3269/3021
f 5412/3164/2934 5413/3163/2933 5416/3167/2937 5415/3166/2936
f 5417/7394/5530 5416/3167/2937 5413/3163/2933 5418/7395/5531
f 5416/3167/2937 5417/7394/5530 5420/7396/5532 5419/3165/2935
f 5421/7397/5533 5420/7398/5532 5417/7399/5530 5422/3282/3031
f 5426/7400/2939 5429/7401/5534 5428/7402/5535 5421/7397/5533
f 5421/7397/5533 5424/7403/5536 5423/7404/2940
f 5425/7405/5537 5420/7398/5532 5421/7397/5533
f 5423/7404/2940 5426/7400/2939 5421/7397/5533
f 5430/7406/5538 5426/7400/2939 5432/3278/3027 5431/3277/3028
f 5426/7400/2939 5430/7406/5538 5429/7401/5534
f 5430/7406/5538 5434/7407/5539 5433/7408/5540 5429/7401/5534
f 5434/7407/5539 5430/7406/5538 5431/3277/3028 5435/7409/5541
f 5435/7409/5541 5431/3277/3028 5437/3279/3029 5436/7410/5542
f 5435/7409/5541 5439/7411/5543 5438/7412/5544 5434/7407/5539
f 5439/7411/5543 5435/7409/5541 5436/7410/5542 5440/7413/5545
f 5440/7413/5545 5436/7410/5542 5442/7414/5546 5441/7415/5547
f 5440/7416/5545 5444/3172/2942 5443/7417/5548 5439/7418/5543
f 5444/7419/2942 5440/7413/5545 5441/7415/5547 5445/3174/2943
f 5447/3171/2941 5448/3178/2945 5451/3177/2946 5450/3219/2978
f 5441/7415/5547 5446/7420/5549 5445/3174/2943
f 5448/3178/2945 5447/3171/2941 5445/3173/2943
f 5455/3182/2948 5451/3181/2946 5449/3175/2944 5452/3275/3026
f 5451/3181/2946 5454/3180/2947 5457/7421/5550 5456/7422/2974
f 5459/7423/5551 5454/3180/2947 5455/3182/2948 5458/3274/3025
f 5457/7421/5550 5459/7423/5551 5462/3209/2970 5461/3212/2973
f 5459/7423/5551 5457/7421/5550 5454/3180/2947
f 2673/7424/1358 5463/7425/5552 5459/7423/5551 2671/7426/4378
f 5463/7425/5552 5462/3209/2970 5459/7423/5551
f 5463/7425/5552 2673/7424/1358 2674/7427/1357 5488/3210/2971
f 2381/3191/1365 5467/7428/2955 5169/7187/2779 2380/7186/4253
f 5465/3187/2953 5464/7429/2949 5163/7185/2772
f 5163/7185/2772 4333/3185/2951 5465/3187/2953
f 5231/3193/2958 4335/2396/2231 5165/3194/2959
f 5166/2987/2776 5228/3050/2828 5165/3194/2959
f 5225/3047/2825 5227/3048/2826 5166/2987/2776
f 2681/7430/4379 5468/7431/5553 5218/7432/5442 2895/7433/1369
f 5221/3041/2821 5467/7428/2955 2381/3191/1365
f 5468/7434/5553 2681/7435/4379 2382/7436/4380 5469/7437/5554
f 5469/7438/5554 5212/3036/2817 5215/3038/2819 5468/7439/5553
f 5170/7191/2956 5469/7437/5554 2382/7436/4380 2383/7188/4251
f 5170/3190/2956 5212/3036/2817 5469/7438/5554
f 5205/7232/5440 5207/3030/2811 5171/7440/5425 5172/7441/3059
f 5170/3190/2956 5171/7440/5425 5207/3030/2811
f 5205/7232/5440 5206/3031/2812 5207/3030/2811
f 5468/7439/5553 5215/3038/2819 5213/7235/5443 5218/7234/5442
f 2427/7442/1211 2895/7433/1369 5218/7432/5442 5219/7443/5441
f 5467/3189/2955 5221/3043/2821 5222/3045/2823 5466/3188/2954
f 5238/3053/2831 5470/7444/5555 5465/3187/2953 5234/3186/2952
f 5232/3065/2841 5234/3186/2952 5164/3195/2960
f 5464/3183/2949 5470/7445/5555 5240/7446/2834 2448/7447/2833
f 5238/7448/2831 5240/7449/2834 5470/7450/5555
f 5464/7451/2949 2448/3055/2833 2447/5176/4268 2675/5369/2950
f 2684/1530/1429 2887/3059/2837 5241/3060/2838 5471/7452/5556
f 5472/7453/5557 5242/7240/5446 5243/7239/5445 5473/3204/2968
f 5241/7241/2838 5242/7240/5446 5471/7454/5556
f 5472/7453/5557 5471/7454/5556 5242/7240/5446
f 5473/7455/2968 5243/7456/5445 5244/7246/5447 5245/3200/2965
f 5252/3197/2962 5253/3070/2846 5476/7457/5558 2941/1676/1561
f 5484/3201/2966 5473/7455/2968 5245/3200/2965
f 5233/3067/2843 5246/3066/2842 5245/3200/2965
f 5481/3198/2963 5246/3066/2842 5247/7248/5448
f 5232/3065/2841 5248/3068/2844 5247/7248/5448
f 5479/7458/5559 5247/7248/5448 5248/3068/2844
f 5475/7459/5560 5248/3068/2844 5474/3196/2961
f 5251/3071/2847 2942/1675/1560 5474/3196/2961
f 5250/3051/2829 5251/3071/2847 5474/3196/2961
f 2942/1675/1560 2947/1678/1563 5474/3196/2961
f 5255/3075/2851 5256/3074/2850 2946/5552/4457 5476/7457/5558
f 5254/3072/2848 5255/3075/2851 5476/7457/5558
f 5253/3070/2846 5254/3072/2848 5476/7457/5558
f 5258/7249/5449 2946/5552/4457 5256/3074/2850 5214/3078/2854
f 2946/5552/4457 2941/1676/1561 5476/7457/5558
f 5482/3199/2964 5481/3198/2963 5480/3218/2977 5483/3216/2975
f 2947/1678/1563 2948/5553/4458 5475/7459/5560
f 5475/7459/5560 5474/3196/2961 2947/1678/1563
f 2948/5553/4458 5478/3220/2979 5477/7460/5561
f 5477/7460/5561 5475/7459/5560 2948/5553/4458
f 5477/7460/5561 5480/3218/2977 5479/7458/5559
f 5479/7458/5559 5475/7459/5560 5477/7460/5561
f 5480/3218/2977 5481/3198/2963 5479/7458/5559
f 5488/3210/2971 5487/3205/2969 5485/3203/2967 5486/3211/2972
f 5486/3211/2972 5485/3203/2967 5484/3202/2966
f 5472/7461/5557 5487/3206/2969 2701/1528/1427
f 5487/3205/2969 5488/3210/2971 2702/3208/1382
f 2674/7427/1357 2702/3208/1382 5488/3210/2971
f 5478/3220/2979 5490/7462/5562 5489/7463/5563 5450/3219/2978
f 5482/3213/2964 5462/3209/2970 5486/3211/2972
f 5486/3211/2972 5484/3202/2966 5482/3213/2964
f 5483/3216/2975 5461/3215/2973 5482/3199/2964
f 5480/3218/2977 5456/3214/2974 5483/3216/2975
f 5478/3220/2979 5453/3217/2976 5480/3218/2977
f 5480/3218/2977 5477/7460/5561 5478/3220/2979
f 5490/7462/5562 5492/7464/5564 5491/7465/5565 5489/7463/5563
f 5478/3220/2979 2948/5553/4458 5490/7462/5562
f 5492/7464/5564 5490/7462/5562 2948/5553/4458 2943/5549/4454
f 5492/7464/5564 5494/7466/5566 5493/7467/5567 5491/7465/5565
f 5494/7466/5566 5492/7464/5564 2943/5549/4454 2944/5551/4456
f 5493/7467/5567 5494/7466/5566 5264/7256/5456 5495/7468/5568
f 5494/7466/5566 2944/5551/4456 5262/7254/5454 5264/7256/5456
f 5495/7468/5568 5497/7469/5569 5496/7470/5570 5493/7467/5567
f 5497/7469/5569 5495/7468/5568 5267/7258/5458 5498/3223/2982
f 5267/7258/5458 5495/7468/5568 5264/7256/5456 5265/7255/5455
f 5498/3223/2982 5500/3222/2981 5499/7471/5571 5497/7469/5569
f 5498/3223/2982 5267/7258/5458 5268/3225/2984 5501/3221/2980
f 5505/3230/2989 5278/3308/3057 5279/3084/2860 5280/7262/5462
f 5269/3224/2983 5502/3227/2986 5501/3221/2980
f 5271/3229/2988 5503/3226/2985 5269/3224/2983
f 5273/3228/2987 5504/3231/2990 5503/3226/2985
f 5278/3308/3057 5505/3230/2989 5273/3228/2987
f 5280/7262/5462 5506/7472/5572 5505/3230/2989
f 5506/7473/5572 5508/3233/2992 5507/7474/5573 5505/7475/2989
f 5508/3233/2992 5506/7473/5572 5282/7476/5463 5509/3234/2993
f 5506/7472/5572 5280/7262/5462 5281/3086/2862 5282/7263/5463
f 5510/3232/2991 5509/3234/2993 5284/7477/5465 5511/7478/5574
f 5509/7479/2993 5282/7263/5463 5283/3088/2864 5284/7265/5465
f 5511/7478/5574 5513/3244/3001 5512/3246/3002 5510/3232/2991
f 5513/3244/3001 5511/7478/5574 5287/7270/5468 5514/7480/5575
f 5511/7481/5574 5284/7265/5465 5285/7264/5464 5287/7482/5468
f 5514/7480/5575 5516/7483/2997 5515/3245/2999 5513/3244/3001
f 5516/7483/2997 5514/7480/5575 5290/7274/5471 5517/7484/5576
f 5514/7480/5575 5287/7270/5468 5288/7269/5467 5290/7274/5471
f 5518/7485/2998 5517/7486/5576 5292/7277/5472 5519/7487/5577
f 5518/7485/2998 5516/7488/2997 5517/7486/5576
f 5517/7484/5576 5290/7274/5471 5291/7273/5470 5292/7489/5472
f 5519/7487/5577 5521/3235/2994 5520/7490/5578 5518/7485/2998
f 5521/3235/2994 5519/7487/5577 2497/5412/4406 2739/3236/2995
f 5519/7487/5577 5292/7277/5472 2888/5215/4297 2497/5412/4406
f 2741/3237/2996 2840/5414/3156 2961/7491/4468 5521/3235/2994
f 5521/7492/2994 2961/5569/4468 2964/5573/4471 5520/7493/5578
f 5518/3239/2998 5520/7493/5578 5546/3260/3012 5544/3259/3000
f 2964/5573/4471 5549/3265/3017 5520/7493/5578
f 5510/3232/2991 5522/3250/3003 5523/7494/5579 5524/7495/5580
f 5544/3241/3000 5522/7496/3003 5515/3242/2999
f 5544/3259/3000 5523/7497/5579 5522/3247/3003
f 5524/7495/5580 5507/7474/5573 5508/3233/2992 5510/3232/2991
f 5504/3231/2990 5524/7498/5580 5526/7499/5581 5525/7500/5582
f 5524/7495/5580 5504/7501/2990 5507/7474/5573
f 5526/7499/5581 5529/7502/5583 5528/3254/3007 5527/7503/5584
f 5505/7475/2989 5507/7474/5573 5504/7501/2990
f 5525/7500/5582 5503/3226/2985 5504/3231/2990
f 5529/7504/5583 5526/7505/5581 5524/7506/5580 5523/7497/5579
f 5525/7500/5582 5526/7499/5581 5527/7503/5584 5530/7507/5585
f 5530/7507/5585 5527/7503/5584 5532/3253/3006 5531/3252/3005
f 5530/7507/5585 5502/3227/2986 5503/3226/2985 5525/7500/5582
f 5502/3227/2986 5530/7507/5585 5531/3252/3005 5501/3221/2980
f 5532/3253/3006 5535/3256/3009 5534/7508/5586 5533/3251/3004
f 5535/3256/3009 5532/3253/3006 5527/7503/5584 5528/3254/3007
f 5533/3251/3004 5500/3222/2981 5501/3221/2980 5531/3252/3005
f 5500/3222/2981 5533/3251/3004 5536/7509/5587 5499/7471/5571
f 5536/7510/5587 5428/7402/5535 5429/7401/5534 5433/7408/5540
f 5428/7402/5535 5536/7510/5587 5533/7511/3004 5534/7512/5586
f 5537/7513/5588 5433/7408/5540 5434/7407/5539 5438/7412/5544
f 5433/7408/5540 5537/7513/5588 5536/7510/5587
f 5537/7513/5588 5538/7514/5589 5499/7515/5571 5536/7510/5587
f 5538/7514/5589 5537/7513/5588 5438/7412/5544 5539/7516/5590
f 5539/7517/5590 5438/7518/5544 5439/7418/5543 5443/7417/5548
f 5539/7517/5590 5540/7519/5591 5496/7470/5570 5538/7520/5589
f 5540/7519/5591 5539/7517/5590 5443/7417/5548 5541/7521/5592
f 5447/3171/2941 5541/7521/5592 5443/7417/5548 5444/3172/2942
f 5540/7519/5591 5541/7521/5592 5489/7463/5563 5491/7465/5565
f 5541/7521/5592 5447/3171/2941 5450/3219/2978 5489/7463/5563
f 5540/7519/5591 5491/7465/5565 5493/7467/5567 5496/7470/5570
f 5538/7520/5589 5496/7470/5570 5497/7469/5569 5499/7471/5571
f 5535/3256/3009 5542/3255/3008 5425/7522/5537 5534/7508/5586
f 5528/3254/3007 5415/3166/2936 5419/3165/2935 5542/3255/3008
f 5543/7523/3010 5529/7504/5583 5523/7497/5579 5544/3259/3000
f 5529/7502/5583 5543/3257/3010 5528/3254/3007
f 5547/3262/3014 5546/3260/3012 5520/7493/5578 5549/3265/3017
f 5550/3266/3018 5549/3265/3017 2964/5573/4471 5551/3267/3019
f 5552/3268/3020 5551/3267/3019 2962/5572/4470 2963/7524/4469
f 5552/3268/3020 2988/5605/4485 2989/5608/4488 5550/3266/3018
f 2964/5573/4471 2962/5572/4470 5551/3267/3019
f 2988/5603/4485 5552/7525/3020 2963/5570/4469 2987/5604/4486
f 5550/3266/3018 2989/5608/4488 5395/7383/5525 5548/3264/3016
f 5548/3264/3016 5395/7383/5525 5396/7384/5526 5402/3263/3015
f 5545/3258/3011 5410/7392/5529 5411/7391/5528 5414/7526/3021
f 5398/3157/2928 5406/3261/3013 5402/3263/3015
f 5407/7389/2931 5410/7392/5529 5406/3261/3013
f 5547/3262/3014 5402/3263/3015 5406/3261/3013
f 5410/7392/5529 5545/3258/3011 5406/3261/3013
f 5542/3255/3008 5419/3165/2935 5420/7396/5532 5425/7522/5537
f 5546/3260/3012 5406/3261/3013 5545/3258/3011
f 5414/7526/3021 5543/7523/3010 5545/3258/3011
f 5544/3259/3000 5545/3258/3011 5543/7523/3010
f 5534/7512/5586 5425/7405/5537 5421/7397/5533 5428/7402/5535
f 2701/1528/1427 2684/1530/1429 5471/7452/5556 5472/7461/5557
f 5450/3219/2978 5451/3177/2946 5453/3217/2976
f 5453/3217/2976 5451/3177/2946 5456/3214/2974
f 5456/3214/2974 5457/7527/5550 5461/3215/2973
f 5462/3209/2970 5463/7425/5552 5488/3210/2971
f 5460/3272/3023 2896/7528/4423 2671/7426/4378 5459/7423/5551
f 5472/7453/5557 5473/3204/2968 5487/3205/2969
f 5246/3066/2842 5481/3198/2963 5245/3200/2965
f 5247/7248/5448 5479/7458/5559 5481/3198/2963
f 5248/3068/2844 5475/7459/5560 5479/7458/5559
f 5464/7429/2949 5465/3187/2953 5470/7444/5555
f 5460/3272/3023 2374/3271/3022 2896/7528/4423
f 5458/3274/3025 5160/2981/2770 5161/2982/2771 5162/3273/3024
f 5460/3272/3023 5459/7423/5551 5458/3274/3025
f 5158/2979/2768 5449/3175/2944 5446/7420/5549 5157/7184/5424
f 5157/7184/5424 4323/2977/2766 5158/2979/2768
f 5157/7184/5424 5446/7420/5549 5155/7183/5423 5156/2975/2764
f 5553/7529/5593 5152/7180/5422 5153/7179/5421 5155/7183/5423
f 5553/7529/5593 5155/7183/5423 5446/7420/5549
f 5449/3175/2944 5445/3174/2943 5446/7420/5549
f 5152/7180/5422 5553/7529/5593 5442/7414/5546 5554/7530/5594
f 5553/7529/5593 5446/7420/5549 5441/7415/5547 5442/7414/5546
f 5150/7181/2760 5554/7530/5594 5437/3279/3029 5432/3278/3027
f 5150/7181/2760 5152/7180/5422 5554/7530/5594
f 5554/7530/5594 5442/7414/5546 5436/7410/5542 5437/3279/3029
f 5149/2972/2761 5427/3168/2938 5146/2970/2759 5148/2969/2758
f 5427/3168/2938 5149/2972/2761 5432/3276/3027
f 5424/7531/5536 5145/7176/5419 5427/3168/2938 5423/3170/2940
f 5145/7176/5419 5146/2970/2759 5427/3168/2938
f 5432/3276/3027 5426/3169/2939 5427/3168/2938
f 5145/7532/5419 5424/7403/5536 5142/3281/2754 5144/7533/2753
f 5141/7534/3030 5418/7395/5531 5139/7167/5418 5140/7166/5417
f 5422/3282/3031 5142/3281/2754 5424/7403/5536
f 5424/7403/5536 5421/7397/5533 5422/3282/3031
f 5418/7395/5531 5141/7534/3030 5422/7535/3031
f 5422/7535/3031 5417/7394/5530 5418/7395/5531
f 5418/7395/5531 5413/3163/2933 5555/7536/5595 5139/7167/5418
f 5139/7167/5418 5555/7536/5595 5136/2962/2751 5138/2963/2752
f 5409/3284/3033 5555/7536/5595 5413/3163/2933 5408/3162/2932
f 5409/3284/3033 5136/2962/2751 5555/7536/5595
f 5409/3284/3033 5405/7386/5527 5556/7537/5596 5137/3283/3032
f 5137/3283/3032 5556/7537/5596 5134/2958/2747 5135/2961/2750
f 5409/3284/3033 5404/3159/2930 5405/7386/5527
f 5401/3285/3034 5556/7537/5596 5405/7386/5527 5400/7385/2929
f 5401/3285/3034 5134/2958/2747 5556/7537/5596
f 5397/3287/3036 5394/7382/5524 5392/3288/3037 5129/2950/2740
f 5399/3286/3035 5132/2956/2746 5401/3285/3034
f 5401/3285/3034 5398/7388/2928 5399/3286/3035
f 5397/3287/3036 5130/2953/2743 5399/7387/3035
f 5399/7387/3035 5396/7384/5526 5397/3287/3036
f 5557/7538/5597 5389/7380/5522 5127/7164/5416 5128/2951/2741
f 5557/7538/5597 5128/2951/2741 5392/3288/3037
f 5394/7382/5524 5391/7377/5519 5392/3288/3037
f 5389/7380/5522 5557/7538/5597 5392/3288/3037 5388/7379/5521
f 5384/3154/2926 5127/7164/5416 5389/7380/5522 5386/7373/5517
f 5127/7164/5416 4264/2949/2739 5128/2951/2741
f 5127/7164/5416 5384/3154/2926 5125/3290/3039 5126/2948/2738
f 5125/3290/3039 5558/3289/3038 5124/7163/5415 4254/2365/2201
f 5558/7539/3038 2584/1561/1458 2326/1560/1457 5124/7162/5415
f 2584/1561/1458 5558/7539/3038 5382/3151/2924 2583/1410/1320
f 5378/3293/3042 2897/3292/3041 2781/5464/4429 5377/7370/5514
f 5559/3291/3040 2788/5465/4430 2897/3292/3041
f 5373/3294/3043 5559/3291/3040 5378/3293/3042 5372/7368/5512
f 5373/3294/3043 5562/7540/5598 5561/3297/3046 5560/3295/3044
f 5562/7540/5598 5373/3294/3043 3061/5669/4539 3059/5668/4538
f 5562/7540/5598 5120/3311/3060 5121/3298/3047 5561/3297/3046
f 5368/7365/5509 3061/5669/4539 5373/3294/3043
f 5120/3311/3060 5562/7540/5598 3059/5668/4538 3057/3147/2920
f 5561/3297/3046 2789/5467/4432 2788/5465/4430 5560/3295/3044
f 2789/5467/4432 5561/3297/3046 5122/3296/3045 2323/5122/4235
f 5393/7541/5523 2994/5612/4490 2995/5613/4492 5309/7310/3050
f 2788/5465/4430 5559/3291/3040 5560/3295/3044
f 2989/5608/4488 2990/5607/4487 5395/7383/5525
f 5387/7542/5518 5312/7543/3049 5313/7317/5484 5314/7320/5485
f 2894/5298/4347 5385/7372/5516 5314/7320/5485 2891/5248/4314
f 5324/3305/3054 5325/3111/2886 5334/3119/2894 5564/7544/5599
f 5318/3104/2879 5319/3107/2882 5563/3304/3053
f 5324/3305/3054 5379/3148/2921 5563/3304/3053
f 5319/3107/2882 5320/3106/2881 5563/3304/3053
f 5564/7544/5599 5374/7369/5513 5324/3305/3054
f 5374/7369/5513 5564/7544/5599 5369/7363/5507 5370/7366/5510
f 5334/3119/2894 5369/7363/5507 5564/7544/5599
f 5325/3111/2886 5327/3110/2885 5329/3307/3056
f 5379/3148/2921 5324/3305/3054 5374/7369/5513 5375/3149/2922
f 5260/7252/5452 5262/7254/5454 2944/5551/4456 2945/5550/4455
f 5334/3119/2894 5335/3118/2893 5369/7363/5507
f 5260/7252/5452 2945/5550/4455 2946/5552/4457 5258/7249/5449
f 2871/4683/3952 1150/4227/3661 3981/6368/4946 3982/2642/2447
f 5172/3310/3059 2885/7189/4250 2386/3309/3058
f 4559/2617/2427 3952/2186/2032 3955/2188/2034 3956/6751/2037
f 4560/3004/2790 4561/2619/2429 2938/1672/1559
f 4548/6743/2419 3938/2172/2018 3936/2171/2019 3941/2175/2021
f 4559/2617/2427 4558/3314/3063 3952/2186/2032
f 4557/2615/2425 4556/2180/2026 3951/2184/2030
f 4556/2180/2026 3949/2185/2031 3951/2184/2030
f 3941/2175/2021 3940/2174/2020 3944/2178/2024
f 1747/5473/3934 4546/6738/5150 3903/2147/2001 1065/4165/3633
f 1505/6583/670 4326/6586/5093 2901/5545/4453 49/5544/3139
f 4306/6568/5081 4303/6565/5078 2976/5589/4481 2977/6613/4482
f 4295/2429/2257 2981/6626/2255 2974/5587/4480 4298/2384/2219
f 5566/7545/5600 4181/2310/2149 4180/2308/2147 5567/2307/2146
f 4713/2325/2164 3768/2064/1926 3771/2327/1930
f 5566/7545/5600 4184/2313/2152 4181/2310/2149
f 5568/7546/5601 4177/2305/2144 5570/7547/3068 5569/7548/5602
f 5568/7546/5601 5567/2307/2146 4178/3317/3066
f 4178/3317/3066 4177/2305/2144 5568/7546/5601
f 4172/2304/2143 5570/7547/3068 4177/2305/2144 4174/2302/2142
f 4173/3318/3067 5571/7549/5603 5570/3319/3068
f 5572/3365/3111 4170/3321/3069 5573/3323/3071 5616/3366/3112
f 4170/3321/3069 5572/3365/3111 4173/7550/3067
f 5580/7551/5604 5579/7552/5605 4151/2294/2134 5581/7553/5606
f 4173/7550/3067 4169/2301/2141 4170/3321/3069
f 4164/3326/3074 5574/3324/3072 4166/3322/3070
f 4166/3322/3070 4165/2298/2138 4164/3326/3074
f 4162/6491/5031 5576/3327/3075 4164/3326/3074
f 4161/6492/5032 4162/6491/5031 4164/3326/3074
f 4159/6490/5030 4160/6489/5029 4162/6491/5031
f 5577/3363/3110 4162/6491/5031 4160/6489/5029
f 4157/2788/2585 4155/3328/3076 4160/6489/5029
f 5578/3357/3104 4160/6489/5029 4155/3328/3076
f 4155/3328/3076 5579/7552/5605 5578/3357/3104
f 5580/7551/5604 5578/3357/3104 5579/7552/5605
f 5579/7552/5605 4155/3328/3076 4150/2295/2135 4151/2294/2134
f 5581/7554/5606 5583/7555/5607 5582/7556/5608 5580/7557/5604
f 5583/7555/5607 5581/7554/5606 4148/3330/3078 4144/3329/3077
f 5581/7553/5606 4151/2294/2134 4147/2296/2136 4148/6486/3078
f 5583/7555/5607 4144/3329/3077 5585/7558/5609 5584/3353/3100
f 5585/7558/5609 5586/3333/3081 5588/3332/3080 5587/3354/3101
f 5586/3333/3081 5585/7558/5609 4144/3329/3077
f 4139/3334/3082 5586/3333/3081 4144/3329/3077 4141/2290/2130
f 5589/3331/3079 4134/3335/3083 5591/7559/5610 5590/3372/3117
f 4132/7560/5025 5591/7559/5610 4134/3335/3083 4131/7561/5023
f 5591/7559/5610 4132/7560/5025 5593/7562/5611 5592/3348/3095
f 4132/7560/5025 4128/7563/3087 5594/7564/3085 5593/7562/5611
f 4121/3341/3089 5595/3336/3084 4124/3338/3086 4120/6470/5018
f 4132/7560/5025 4127/7565/2125 4128/7563/3087
f 5595/3336/3084 5596/7566/5612 5594/3337/3085
f 3077/7567/3119 5597/3340/3088 4121/3341/3089 4116/6472/5014
f 5597/3340/3088 5598/7568/5613 5595/3336/3084
f 5598/7568/5613 5597/3340/3088 5600/7569/5614 5599/7570/5615
f 5597/7571/3088 3077/3374/3119 3074/5678/4548 5600/7572/5614
f 5599/7573/5615 5600/7574/5614 5602/7575/5616 5601/7576/5617
f 5600/7572/5614 3074/5678/4548 3075/5677/4547 5602/7577/5616
f 5601/7578/5617 5602/7577/5616 5603/3344/3091 3722/7579/4848
f 5603/3344/3091 5602/7577/5616 3075/5677/4547 3710/3342/3090
f 5603/3344/3091 3711/3343/1887 3719/7580/4845 3722/7579/4848
f 3726/2023/1889 5601/7576/5617 3722/7581/4848 3723/2024/1890
f 5601/7576/5617 3726/2023/1889 3729/6163/4850 5599/7573/5615
f 5599/7573/5615 3729/6163/4850 5604/7582/3093 5598/7583/5613
f 3732/6166/3094 5604/7582/3093 3729/6163/4850 3730/2027/1893
f 3735/3350/3097 5592/3348/3095 3732/3347/3094 3733/6168/4852
f 5605/3345/3092 5596/7584/5612 5604/3346/3093
f 5592/3348/3095 5593/7562/5611 5605/3345/3092
f 5606/3349/3096 3739/3352/3099 5587/3354/3101 5588/3332/3080
f 3735/3350/3097 5590/3372/3117 5592/3348/3095
f 5606/3349/3096 5589/3331/3079 3735/3350/3097
f 3737/2031/1897 3290/2030/1896 3739/3352/3099
f 5607/3355/3102 3738/2032/1898 3294/2033/1899 5608/3356/3103
f 3738/2032/1898 5584/3353/3100 3739/3352/3099
f 5608/3356/3103 5609/7585/5618 5582/7556/5608 5607/3355/3102
f 5609/7585/5618 5608/3356/3103 3740/2034/1900 3742/6169/4853
f 3742/6169/4853 5610/7586/3105 5580/7587/5604 5609/7585/5618
f 5610/7586/3105 3742/6169/4853 3741/2037/1903 3744/3360/3107
f 5611/7588/3106 5610/7586/3105 3744/3360/3107 5612/3362/3109
f 5612/3362/3109 3747/3361/3108 5613/7589/5619 5577/7590/3110
f 5577/3363/3110 5613/7591/5619 5575/3325/3073 5576/3327/3075
f 5613/7591/5619 3747/7592/3108 5614/7593/5620 5575/3325/3073
f 3749/7594/4854 5614/7595/5620 3747/3361/3108 3745/2038/1904
f 5614/7593/5620 3749/7596/4854 5615/7597/5621 5575/3325/3073
f 3750/7598/4855 5615/7597/5621 3749/7596/4854 3748/7599/1909
f 5575/3325/3073 5615/7597/5621 5616/3366/3112 5574/3324/3072
f 3751/2044/1910 5615/7597/5621 3750/7598/4855 3309/2045/1908
f 5615/7597/5621 3751/2044/1910 3752/3367/3113 5616/3366/3112
f 5572/3365/3111 3753/2046/1911 5617/3368/3114 5571/7600/5603
f 3753/2046/1911 5572/3365/3111 3752/3367/3113
f 3752/3367/3113 3751/2044/1910 3753/2046/1911
f 5617/7601/3114 3754/7602/1913 5618/7603/3115 5569/7604/5602
f 5618/7605/3115 5619/7606/3116 5568/7546/5601 5569/7548/5602
f 5567/2307/2146 5619/7606/3116 3756/6173/1915 3757/2053/1917
f 3755/2051/1912 3756/2050/1915 5619/3370/3116
f 5566/7545/5600 3758/2052/1916 5565/3316/3065 4184/2313/2152
f 5566/7545/5600 5567/2307/2146 3757/2053/1917
f 3758/2052/1916 5566/7545/5600 3757/2053/1917
f 5571/7549/5603 5617/7601/3114 5569/7604/5602 5570/3319/3068
f 3758/2052/1916 3759/2055/1919 5565/3316/3065
f 5567/2307/2146 5568/7546/5601 5619/7606/3116
f 5611/3359/3106 5577/3363/3110 4160/6489/5029 5578/3357/3104
f 5571/7600/5603 4173/7550/3067 5572/3365/3111
f 5576/3327/3075 4162/6491/5031 5577/3363/3110
f 5607/3355/3102 5582/7556/5608 5583/7555/5607 5584/3353/3100
f 5578/3357/3104 5580/7551/5604 5610/3358/3105
f 5580/7551/5604 5582/7607/5608 5609/7608/5618
f 5596/7584/5612 5605/3345/3092 5593/7562/5611 5594/7564/3085
f 5584/3353/3100 5585/7558/5609 5587/3354/3101
f 5590/3372/3117 5591/7559/5610 5592/3348/3095
f 5598/7609/5613 5604/3346/3093 5596/7584/5612 5595/7610/3084
f 2836/3379/3124 2835/5517/4448 3905/2151/2003 3906/3381/3126
f 5621/3383/3128 5620/7611/3125 3908/6314/4924 3909/7612/4925
f 3912/3384/3129 5621/3383/3128 3909/7612/4925 3910/7613/2004
f 3906/6308/3126 3908/6314/4924 5620/7611/3125
f 5621/3383/3128 3914/3382/3127 1080/6324/460 2838/7614/4449
f 5620/3380/3125 5621/7615/3128 2838/5519/4449 2837/3378/3123
f 2856/4196/3647 2898/5525/4450 3918/7616/4930 3933/6346/4936
f 2898/5525/4450 1082/4178/3637 3916/2157/2006 3918/7616/4930
f 3932/2167/2016 3933/7617/4936 3919/7618/4929 3930/2165/2014
f 3933/7617/4936 3918/6331/4930 3917/6329/2007 3919/7618/4929
f 3921/2161/2010 3930/6342/2014 3919/6327/4929 3920/6326/4928
f 3756/6173/1915 3321/7619/1914 3322/1814/1696 3326/1813/1695
f 3768/2064/1926 3348/2065/1927 3769/2067/1928
f 3332/1837/1717 3333/1836/1716 3759/2055/1919
f 3330/1818/1700 3327/1817/1699 3332/1837/1717
f 3753/2046/1911 3312/1808/1690 3313/1809/1691 3314/1811/1693
f 3731/6164/4851 3279/5826/4653 3280/5825/4652 3283/5828/3130
f 3308/5836/4660 3310/1806/1688 3309/2045/1908
f 3306/5834/4659 3307/2041/1907 3748/2043/1909
f 3305/1804/1686 3306/5834/4659 3748/2043/1909
f 3298/2036/1902 3300/1800/1682 3741/2037/1903
f 3288/1792/1674 3294/2033/1899 3291/1793/1675
f 3287/2029/1895 3284/5829/4654 3290/2030/1896
f 3728/2026/1892 3274/5820/4649 3275/5819/4648 3279/5826/4653
f 3725/6161/4849 3270/5817/4647 3267/5810/4640 3274/7620/4649
f 3721/6157/4847 3266/5813/4643 3263/5807/4637 3270/5817/4647
f 3718/6154/4844 3262/5809/4639 3259/5805/4635 3266/5813/4643
f 3716/6152/4842 3250/5795/4627 3256/5802/4632 3262/5809/4639
f 3246/5787/4622 3713/6150/4840 3245/5788/4623 3244/5784/4620
f 3710/3342/3090 3075/5677/4547 3076/5676/4546 3707/6145/4837
f 3245/5788/4623 3709/6148/4839 3242/5781/4617 3243/5780/4616
f 3242/5781/4617 3706/6142/4836 3241/5783/4619 3240/1788/1670
f 3703/6140/4834 3704/6139/4833 3076/5676/4546 2925/5675/4545
f 3241/5783/4619 3702/6144/4832 3239/5782/4618 3238/1787/1669
f 3239/5782/4618 3698/7621/4828 3236/5779/4615 3237/5778/4614
f 3236/6133/4615 3694/6128/4824 3233/5776/4613 3234/5775/4612
f 3233/5776/4613 3690/6124/4820 3231/5773/4611 3230/1782/1665
f 3231/5773/4611 3686/6120/4816 3228/5772/4610 3229/5771/4609
f 3228/5772/4610 3683/6117/4813 3225/5770/4608 3226/5769/4607
f 3679/6112/4809 3222/5767/4605 3223/5766/4604 3225/5770/4608
f 3676/6108/4807 3219/5763/4602 3220/5762/4601 3222/7622/4605
f 3672/2016/1882 3215/1778/1661 3106/1779/1662 3216/5758/4599
f 3217/5757/4598 3219/5763/4602 3216/5758/4599
f 3210/2006/1872 3658/6099/4802 3207/1769/1652 3208/1768/1651
f 3212/2007/1873 3211/1771/1654 3213/1774/1657
f 3210/2006/1872 3209/1772/1655 3212/2007/1873
f 3478/7623/4727 3018/7624/4506 3016/5625/4502 3012/5624/4501
f 2983/1683/1568 3521/3395/3135 3522/3393/1797
f 3018/7625/4506 3478/5966/4727 3474/5965/4725 3017/7626/4503
f 3477/5972/4728 3478/7623/4727 3012/5624/4501 2914/5621/4498
f 3468/1898/1772 3469/1962/1831 3023/1964/1833 3024/5634/4510
f 3407/2101/1959 3397/1871/1746 3398/1873/1748 3405/5909/4691
f 3401/5906/4689 3402/5905/4688 3053/5662/4532 3051/5661/4530
f 3396/5899/4683 2845/5898/3374 2899/7627/1553 2932/7628/3137
f 3348/2065/1927 3344/2066/1712 3345/7629/1714 3347/5859/1718
f 2919/7630/1585 3342/7631/1710 3337/7632/1704 3045/7633/1586
f 2919/7630/1585 3046/7634/1711 3342/7631/1710
f 2983/1683/1568 2984/1682/1567 2970/6287/1994 2968/3394/3134
f 2886/7635/4254 2937/7636/1556 2900/7637/1558 2/7638/3941
